,Dia0,Dia1,Dia2,Dia3,Dia4,Dia5,Dia6,Dia7,Dia8,Dia9,Dia10,Dia11,Dia12,Dia13,Dia14,Dia15,Dia16,Dia17,Dia18,Dia19,Dia20,Dia21,Dia22,Dia23,Dia24,Dia25,Dia26,Dia27,Dia28,Dia29,Dia30,Dia31,Dia32,Dia33,Dia34,Dia35,Dia36,Dia37,Dia38,Dia39,Dia40,Dia41,Dia42,Dia43,Dia44,Dia45,Dia46,Dia47,Dia48,Dia49,Dia50,Dia51,Dia52,Dia53,Dia54,Dia55,Dia56,Dia57,Dia58,Dia59,Dia60,Dia61,Dia62,Dia63,Dia64,Dia65,Dia66,Dia67,Dia68,Dia69,Dia70,Dia71,Dia72,Dia73,Dia74,Dia75,Dia76,Dia77,Dia78,Dia79,Dia80,Dia81,Dia82,Dia83,Dia84,Dia85,Dia86,Dia87,Dia88,Dia89,Dia90,Dia91,Dia92,Dia93,Dia94,Dia95
0,0,0,0,0,0,0,0,0,0,0,0,0,0,0,0,0,0,0,0,0,0,0,0,0,0,0,0,0,0,0,0,0,0,0,0,0,0,0,0,0,0,0,0,0,0,0,0,0,0,0,0,0,0,0,0,0,0,0,0,0,0,0,0,0,0,0,0,0,0,0,0,0,0,0,0,0,0,0,0,0,0,0,0,0,0,0,0,0,0,0,0,0,0,0,0,0
1,0,0,0,0,0,0,0,0,0,0,0,0,0,0,0,0,0,0,0,0,0,0,0,0,0,0,0,0,0,0,0,0,0,0,0,0,0,0,0,0,0,0,0,0,0,0,0,0,0,0,0,0,0,0,0,0,0,0,0,0,0,0,0,0,0,0,0,0,0,0,0,0,0,0,0,0,0,0,0,0,0,0,0,0,0,0,0,0,0,0,0,0,0,0,0,0
2,0,0,0,0,0,0,0,0,0,0,0,0,0,0,0,0,0,0,0,0,0,0,0,0,0,0,0,0,0,0,0,0,0,0,0,0,0,0,0,0,0,0,0,0,0,0,0,0,0,0,0,0,0,0,0,0,0,0,0,0,0,0,0,0,0,0,0,0,0,0,0,0,0,0,0,0,0,0,0,0,0,0,0,0,0,0,0,0,0,0,0,0,0,0,0,0
3,0,0,0,0,0,0,0,0,0,0,0,0,0,0,0,0,0,0,0,0,0,0,0,0,0,0,0,0,0,0,0,0,0,0,0,0,0,0,0,0,0,0,0,0,0,0,0,0,0,0,0,0,0,0,0,0,0,0,0,0,0,0,0,0,0,0,0,0,0,0,0,0,0,0,0,0,0,0,0,0,0,0,0,0,0,0,0,0,0,0,0,0,0,0,0,0
4,0,0,0,0,0,0,0,0,0,0,0,0,0,0,0,0,0,0,0,0,0,0,0,0,0,0,0,0,0,0,0,0,0,0,0,0,0,0,0,0,0,0,0,0,0,0,0,0,0,0,0,0,0,0,0,0,0,0,0,0,0,0,0,0,0,0,0,0,0,0,0,0,0,0,0,0,1,0,0,0,0,0,0,0,0,0,0,0,0,0,0,0,0,0,0,0
5,0,0,0,0,0,0,0,0,0,0,0,0,0,0,0,0,0,0,0,0,0,0,0,0,0,0,0,0,0,0,0,0,0,0,0,0,0,0,0,0,0,0,0,0,0,0,0,0,0,0,0,0,0,0,0,0,0,0,0,0,0,0,0,0,0,0,0,0,0,0,0,0,0,0,0,0,1,0,0,0,0,0,0,0,0,0,0,0,0,0,0,0,0,0,0,0
6,0,0,0,0,0,0,0,0,0,0,0,0,0,0,0,0,0,0,0,0,0,0,0,0,0,0,0,0,0,0,0,0,1,0,0,0,0,0,0,0,0,0,0,0,0,0,0,0,0,0,0,0,0,0,0,0,0,0,0,0,0,0,0,0,0,0,0,0,0,0,0,0,0,0,0,0,1,0,0,0,0,0,0,0,0,0,0,0,0,0,0,0,0,0,0,0
7,0,0,0,0,0,0,0,0,0,0,0,0,0,0,0,0,0,0,0,0,0,0,0,0,0,0,0,0,0,0,0,0,1,0,0,0,0,0,0,0,0,0,0,0,0,0,0,0,0,0,0,0,0,0,0,0,0,0,0,0,0,0,0,0,0,0,0,0,0,0,0,0,0,0,0,0,1,0,0,0,0,0,0,0,0,0,0,0,0,0,0,0,0,0,0,0
8,0,0,0,0,0,0,0,0,0,0,0,0,0,0,0,0,0,0,0,0,0,0,0,0,0,0,0,0,0,0,0,0,1,0,0,0,0,0,0,0,0,0,0,0,0,0,0,0,0,0,0,0,0,0,0,0,0,0,0,0,0,0,0,0,0,0,0,0,0,0,0,0,0,0,0,0,1,0,0,0,0,0,0,0,0,0,0,0,0,0,0,0,0,0,0,0
9,0,0,0,0,0,0,0,0,0,0,0,0,0,0,0,0,0,0,0,0,0,0,0,0,0,0,0,0,0,0,0,0,1,0,0,0,0,0,0,0,0,0,0,0,0,0,0,0,0,0,0,0,0,0,0,0,0,0,0,0,0,0,0,0,0,0,0,0,0,0,0,0,0,0,0,0,1,0,0,0,0,0,0,0,0,0,0,0,0,0,0,0,0,0,0,0
10,0,0,0,0,0,0,0,0,0,0,0,0,0,0,0,0,0,0,0,0,0,0,0,0,0,0,0,0,0,0,0,0,1,0,0,0,0,0,0,0,0,0,0,0,0,0,0,0,0,0,0,0,0,0,0,0,0,0,0,0,0,0,0,0,0,0,0,0,0,0,0,0,0,0,0,0,1,0,0,0,0,0,0,0,0,0,0,0,0,0,0,0,0,0,0,0
11,0,0,0,0,0,0,0,0,0,0,0,0,0,0,0,0,0,0,0,0,0,0,0,0,0,0,0,0,0,0,0,0,1,0,0,0,0,0,0,0,0,0,0,0,0,0,0,0,0,0,0,0,0,0,0,0,0,0,0,0,0,0,0,0,0,0,0,0,0,0,0,0,0,0,0,0,1,0,0,0,0,0,0,0,0,0,0,0,0,0,0,0,0,0,0,0
12,0,0,0,0,0,0,0,0,0,0,0,0,0,0,0,0,0,0,0,0,0,0,0,0,0,0,0,0,0,0,0,0,1,0,0,0,0,0,0,0,0,0,0,0,0,0,0,0,0,0,0,0,0,0,0,0,0,0,0,0,0,0,0,0,0,0,0,0,0,0,0,0,0,0,0,0,1,0,0,0,0,0,0,0,0,0,0,0,0,0,0,0,0,0,0,0
13,0,0,0,0,0,0,0,0,0,0,0,0,0,0,0,0,0,0,0,0,0,0,0,0,0,0,0,0,0,0,0,0,1,0,0,0,0,0,0,0,0,0,0,0,0,0,0,0,0,0,0,0,0,0,0,0,0,0,0,0,0,0,0,0,0,0,0,0,0,0,0,0,0,0,0,0,1,0,0,0,0,0,0,0,0,0,0,0,0,0,0,0,0,0,0,0
14,0,0,0,0,0,0,0,0,0,0,0,0,0,0,0,0,0,0,0,0,0,0,0,0,0,0,0,0,0,0,0,0,1,0,0,0,0,0,0,0,0,0,0,0,0,0,0,0,0,0,0,0,0,0,0,0,0,0,0,0,0,0,0,0,0,0,0,0,0,0,0,0,0,0,0,0,1,0,0,0,0,0,0,0,0,0,0,0,0,0,0,0,0,0,0,0
15,0,0,0,0,0,0,0,0,0,0,0,0,0,0,0,0,0,0,0,0,0,0,0,0,0,0,0,0,0,0,1,0,1,0,0,0,0,0,0,0,0,0,0,0,0,0,0,0,0,0,0,0,0,0,0,0,0,0,0,0,0,0,0,0,0,0,0,0,0,0,0,0,0,0,0,0,1,0,0,0,0,0,0,0,0,0,0,0,0,0,0,0,0,0,0,0
16,0,0,0,0,0,0,0,0,0,0,0,0,0,0,0,0,0,0,0,0,0,0,0,0,0,0,0,0,0,0,1,0,1,0,0,0,0,0,0,0,0,0,0,0,0,0,0,0,0,0,0,0,0,0,0,0,0,0,0,0,0,0,0,0,0,0,0,0,0,0,0,0,0,0,0,0,1,0,0,0,0,0,0,0,0,0,0,0,0,0,0,0,0,0,0,0
17,0,0,0,0,0,0,0,0,0,0,0,0,0,0,0,0,0,0,0,0,0,0,0,0,0,0,0,0,0,0,1,0,1,0,0,0,0,0,0,0,0,0,0,0,0,0,0,0,0,0,0,0,0,0,0,0,0,0,0,0,0,0,0,0,0,0,0,0,0,0,0,0,0,0,0,0,1,0,0,0,0,0,0,0,0,0,0,0,0,0,0,0,0,0,0,0
18,0,0,0,0,0,0,0,0,0,0,0,0,0,0,0,0,0,0,0,0,0,0,0,0,0,0,0,0,0,0,1,0,1,0,0,0,0,0,0,0,0,0,0,0,0,0,0,0,0,0,0,0,0,0,0,0,0,0,0,0,0,0,0,0,0,0,0,0,0,0,0,0,0,0,0,0,1,0,0,0,0,0,0,0,0,0,0,0,0,0,0,0,0,0,0,0
19,0,0,0,0,0,0,1,0,0,0,0,0,0,0,0,0,0,0,0,0,0,0,0,0,0,0,0,0,0,0,1,0,1,0,0,0,0,0,0,0,0,0,0,0,0,0,0,0,0,0,1,0,0,0,0,0,0,0,0,0,0,0,0,0,0,0,0,0,0,0,0,0,0,0,0,0,1,0,0,0,0,0,0,0,0,0,0,0,0,0,0,0,0,0,0,0
20,0,0,0,0,0,0,1,0,0,0,0,0,0,0,0,0,0,0,0,0,0,0,0,0,0,0,0,0,0,0,1,0,1,0,0,0,0,0,0,0,0,0,0,0,0,0,0,0,0,0,1,0,0,0,0,0,0,0,0,0,0,0,0,0,0,0,0,0,0,0,0,0,0,0,0,0,1,0,0,0,0,0,0,0,0,0,0,0,0,0,0,0,0,0,0,0
21,0,0,0,0,0,0,1,0,0,0,0,0,0,0,0,0,0,0,0,0,0,0,0,0,0,0,0,0,0,0,1,0,1,0,0,0,0,0,0,0,0,0,0,0,0,0,0,0,0,0,1,0,0,0,0,0,0,0,0,0,0,0,0,0,0,0,0,0,0,0,0,0,0,0,0,0,1,0,0,0,0,0,0,0,0,0,0,0,0,0,0,0,0,0,0,0
22,0,0,0,0,0,0,1,0,0,0,0,0,0,0,0,0,0,0,0,0,0,0,0,0,0,0,0,0,0,0,1,0,1,0,0,0,0,0,0,0,0,0,0,0,0,0,0,0,0,0,1,0,0,0,0,0,0,0,0,0,0,0,0,0,0,0,0,0,0,0,0,0,0,0,0,0,1,0,0,0,0,0,0,0,0,0,0,1,0,0,0,0,0,0,0,0
23,0,0,0,0,0,0,1,0,0,0,0,0,0,0,0,0,0,0,0,0,0,0,0,0,0,0,0,0,0,0,1,0,1,0,0,0,0,0,0,0,0,0,0,0,0,0,0,0,0,0,1,0,0,0,0,0,0,0,0,0,0,0,0,0,0,0,0,0,0,0,0,0,0,0,0,0,1,0,0,0,0,0,0,0,0,0,0,1,0,0,0,0,0,0,0,0
24,0,0,0,0,0,0,1,0,0,0,0,0,0,0,0,0,0,0,0,0,0,0,0,0,0,0,0,0,0,0,1,0,1,0,0,0,0,0,0,0,0,0,0,0,0,0,0,0,0,0,1,0,0,0,0,0,0,0,0,0,0,0,0,0,0,0,0,0,0,0,0,0,0,0,0,0,1,0,0,0,0,0,0,0,0,0,0,1,0,0,0,0,0,0,0,0
25,0,0,0,0,0,0,1,0,0,0,0,0,0,0,0,0,0,0,0,0,0,0,0,0,0,0,0,0,0,0,1,0,1,0,0,0,0,0,0,0,0,0,0,0,0,0,0,0,0,0,1,0,0,0,0,0,0,0,0,0,0,0,0,0,0,0,0,0,0,0,0,0,0,0,0,0,1,0,0,0,0,0,0,0,0,0,0,1,0,0,0,0,0,0,0,0
26,0,0,0,0,0,0,1,0,0,0,0,0,0,0,0,0,0,0,0,0,0,0,0,0,0,0,0,0,0,0,1,0,1,0,0,0,0,0,0,0,0,0,0,0,0,0,0,0,0,0,1,0,0,0,0,0,0,0,0,0,0,0,0,0,0,0,0,0,0,0,0,0,0,0,0,0,1,0,0,0,0,0,0,0,0,0,0,1,0,0,0,0,0,0,0,0
27,0,0,0,0,0,0,1,0,0,0,0,0,0,0,0,0,0,0,0,0,0,0,0,0,0,0,0,0,0,0,1,0,1,0,0,0,0,0,0,0,0,0,0,0,0,0,0,0,0,0,1,0,0,0,0,0,0,0,0,0,0,0,0,0,0,0,0,0,0,0,0,0,0,0,0,0,1,0,0,0,0,0,0,0,0,0,0,1,0,1,0,0,0,0,0,0
28,0,0,0,0,0,0,1,0,0,0,0,0,0,0,0,0,0,0,0,0,0,0,0,0,0,0,0,0,0,0,1,0,1,0,0,0,0,0,0,0,0,0,0,0,0,0,0,0,0,0,1,0,0,0,0,0,0,0,0,0,0,0,0,0,0,0,0,0,0,0,0,0,0,0,0,0,1,0,0,0,0,0,0,0,0,0,0,1,0,1,0,0,0,0,0,0
29,0,0,0,0,0,0,1,0,0,0,0,0,0,0,0,0,0,0,0,0,0,0,0,0,0,0,0,0,0,0,1,0,1,0,0,0,0,0,0,0,0,0,0,0,0,0,0,0,0,0,1,0,0,0,0,0,0,0,0,0,0,0,0,0,0,0,1,0,0,0,0,0,0,0,0,0,1,0,0,0,0,0,0,0,0,0,0,1,0,1,0,0,0,0,0,0
30,0,0,0,0,0,0,1,0,0,0,0,0,0,0,0,0,0,0,0,0,0,0,0,0,0,0,0,0,0,0,1,0,1,0,0,0,0,0,0,0,0,0,0,0,0,0,0,0,0,0,1,0,0,0,0,0,0,0,0,0,0,0,0,0,0,0,1,0,0,0,0,0,0,0,0,0,1,0,0,0,0,0,0,0,0,0,0,1,0,1,0,0,0,0,0,0
31,0,0,0,0,0,0,1,0,0,0,0,0,0,0,0,0,0,0,0,0,0,0,0,0,0,0,0,0,0,0,1,0,1,0,0,0,0,0,0,0,0,0,0,0,0,0,0,0,0,0,1,0,0,0,0,0,0,0,0,0,0,0,0,0,0,0,1,0,0,0,0,0,0,0,0,0,1,0,0,0,0,0,0,0,0,0,0,1,0,1,0,0,0,0,0,0
32,0,0,0,0,0,0,1,0,0,0,0,0,0,0,0,0,0,0,0,0,0,0,0,0,0,0,0,0,0,0,1,0,1,0,0,0,0,0,0,0,0,0,0,0,0,0,0,0,0,0,1,0,0,0,0,0,0,0,0,0,0,0,0,0,0,0,1,0,0,0,0,0,0,0,0,0,1,0,0,0,0,0,0,0,0,0,0,1,0,1,0,0,0,0,0,0
33,0,0,0,0,0,0,1,0,0,0,0,0,0,0,0,0,0,0,0,0,0,0,0,0,0,0,0,0,0,0,1,0,1,0,0,0,0,0,0,0,0,0,0,0,0,0,0,0,0,0,1,0,0,0,0,0,0,0,0,0,0,0,0,0,0,0,1,0,0,0,0,0,0,0,0,0,1,0,0,0,0,0,0,0,0,0,0,1,0,1,0,0,0,0,0,0
34,0,0,0,0,0,0,1,0,0,0,0,0,0,0,0,0,0,0,0,0,0,0,0,0,0,0,0,0,0,0,1,0,1,0,0,0,0,0,0,0,0,0,0,0,0,0,0,0,0,0,1,0,0,0,0,0,0,0,0,0,0,0,0,0,0,0,1,0,0,0,0,0,0,0,0,0,1,0,0,0,0,0,0,0,0,0,0,1,0,1,0,0,0,0,0,0
35,0,0,0,0,0,0,1,0,0,0,0,0,0,0,0,0,0,0,0,0,0,0,0,0,0,0,0,0,0,0,1,0,1,0,0,0,0,0,0,0,0,0,0,0,0,0,0,1,0,0,1,0,0,0,0,0,0,0,0,0,0,0,0,0,0,0,1,0,0,0,0,0,0,0,0,0,1,0,0,0,0,0,0,0,0,0,0,1,0,1,0,0,0,0,0,0
36,0,0,0,0,0,0,1,0,0,0,0,0,0,0,0,0,0,0,0,0,0,0,0,0,0,0,0,0,0,0,1,0,1,0,0,0,0,0,0,0,0,0,0,0,0,0,0,1,0,0,1,0,0,0,0,0,0,0,0,0,0,0,0,0,0,0,1,0,0,0,0,0,0,0,0,0,1,0,0,0,0,0,0,0,0,0,0,1,0,1,0,0,0,0,0,0
37,0,0,0,0,0,0,1,0,0,0,0,0,0,0,0,0,0,0,0,0,0,0,0,0,0,0,0,0,0,0,1,0,1,0,0,0,0,0,0,0,0,0,0,0,0,0,0,1,0,0,1,0,0,0,0,0,0,0,0,0,0,0,0,0,0,0,1,0,0,0,0,0,0,0,0,0,1,0,0,0,0,0,0,0,0,0,0,1,0,1,0,0,0,0,0,0
38,0,0,0,0,0,0,1,0,0,0,0,0,0,1,0,0,0,0,0,0,0,0,0,0,0,0,0,0,0,0,1,0,1,0,0,0,0,0,0,0,0,0,0,0,0,0,0,1,0,0,1,0,0,0,0,0,0,0,0,0,0,0,0,0,0,0,1,0,0,0,0,0,0,0,0,0,1,0,0,0,0,0,0,0,0,0,0,1,0,1,0,0,0,0,0,0
39,0,0,0,0,0,0,1,0,0,0,0,0,0,1,0,0,0,0,0,0,0,0,0,0,0,0,0,0,0,0,1,0,1,0,0,0,0,0,0,0,0,0,0,0,0,0,0,1,0,0,1,0,0,0,0,0,0,0,0,0,0,0,0,0,0,0,1,0,0,0,0,0,0,0,0,0,1,0,0,0,0,0,0,0,0,0,0,1,0,1,0,0,0,0,0,0
40,0,0,0,0,0,0,1,0,0,0,0,0,0,1,0,0,0,0,0,0,0,0,0,0,0,0,0,0,0,0,1,0,1,0,0,0,0,0,0,0,0,0,0,0,0,0,0,1,0,0,1,0,0,0,0,0,0,0,0,0,0,0,0,0,0,0,1,0,0,0,0,0,0,0,0,0,1,0,0,0,0,0,0,0,0,0,0,1,0,1,0,0,0,0,0,0
41,0,0,0,0,0,0,1,0,0,0,0,0,0,1,0,0,0,0,0,0,0,0,0,0,0,0,0,0,0,0,1,0,1,0,0,0,0,0,0,0,0,0,0,0,0,0,0,1,0,0,1,0,0,0,0,0,0,0,0,0,0,0,0,0,0,0,1,0,0,0,0,0,0,0,0,0,1,0,0,0,0,0,0,0,0,0,0,1,0,1,0,0,0,0,0,0
42,0,0,0,0,0,0,1,0,0,0,0,0,0,1,0,0,0,0,0,0,0,0,0,0,0,0,0,0,0,0,1,0,1,0,0,0,0,0,0,0,0,0,0,0,0,0,0,1,0,0,1,0,0,0,0,0,0,0,0,0,0,0,0,0,0,0,1,0,0,0,0,0,0,0,0,0,1,0,0,0,0,0,0,0,0,0,0,1,0,1,0,0,0,0,0,0
43,0,0,0,0,0,0,1,0,0,0,0,0,0,1,0,0,0,0,0,0,0,0,0,0,0,0,0,0,0,0,1,0,1,0,0,0,0,0,0,0,0,0,0,0,0,0,0,1,1,0,1,0,0,0,0,0,0,0,0,0,0,0,0,0,0,0,1,0,0,0,0,0,0,0,0,0,1,0,0,0,0,0,0,0,0,0,0,1,0,1,0,0,0,0,0,0
44,0,0,0,0,0,0,1,0,0,0,0,0,0,1,0,0,0,0,0,0,0,0,0,0,0,0,0,0,0,0,1,0,1,0,0,0,0,0,0,0,0,0,0,0,0,0,0,1,1,0,1,0,0,0,0,0,0,0,0,0,0,0,0,0,0,0,1,0,0,0,0,0,0,0,0,0,1,0,0,0,0,0,0,0,0,0,0,1,0,1,0,0,0,0,0,0
45,0,0,0,0,0,0,1,0,0,0,0,0,0,1,0,0,0,0,0,0,0,0,0,0,0,0,0,0,0,0,1,0,1,0,0,0,0,0,0,0,0,0,0,0,0,0,0,1,1,0,1,0,0,0,0,0,0,0,0,0,0,0,0,0,0,0,1,0,0,0,0,0,0,0,0,0,1,0,0,0,0,0,0,0,0,0,0,1,0,1,0,0,0,0,0,0
46,0,0,0,0,0,0,1,0,0,0,0,0,0,1,0,0,0,0,0,0,0,0,0,0,0,0,0,0,0,0,1,0,1,0,0,0,0,0,0,0,0,0,0,0,0,0,0,1,1,0,1,0,0,0,0,0,0,0,0,0,0,0,0,0,0,0,1,0,0,0,0,0,0,0,0,0,1,0,0,0,0,0,0,0,0,0,0,1,0,1,0,0,0,0,0,0
47,0,0,0,0,0,0,1,0,0,0,0,0,0,1,0,0,0,0,0,0,0,0,0,0,0,0,0,0,0,0,1,0,1,0,0,0,0,0,0,0,0,0,0,0,0,0,0,1,1,0,1,0,0,0,0,0,0,0,0,0,0,0,0,0,0,0,1,0,0,0,0,0,0,0,0,0,1,0,0,0,0,0,0,0,0,0,0,1,0,1,0,0,0,0,0,0
48,0,0,0,0,0,0,1,0,0,0,0,0,0,1,0,0,0,0,0,0,0,0,0,0,0,0,0,0,0,0,1,0,1,0,0,0,0,0,0,0,0,0,0,0,0,0,0,1,1,0,1,0,0,0,0,0,0,0,0,0,0,0,0,0,0,0,1,0,0,0,0,0,0,0,0,0,1,0,0,0,0,0,0,0,0,0,0,1,0,1,0,0,0,0,0,0
49,0,0,0,0,0,0,1,0,0,0,0,0,0,1,0,0,0,0,0,0,0,0,0,0,0,0,0,0,0,0,1,0,1,0,0,0,0,0,0,0,0,0,0,0,0,0,0,1,1,0,1,0,0,0,0,0,0,0,0,0,0,0,0,0,0,0,1,0,0,0,0,0,0,0,0,0,1,0,0,0,0,0,0,0,0,0,0,1,0,1,0,0,0,0,0,0
50,0,0,0,0,0,0,2,0,0,0,0,0,0,1,0,0,0,0,0,0,0,0,0,0,0,0,0,0,0,0,1,0,1,0,0,0,0,0,0,0,0,0,0,0,0,0,0,1,1,0,1,0,0,0,0,0,0,0,0,0,0,0,0,0,0,0,1,0,0,0,0,0,0,0,0,0,1,0,0,0,0,0,0,0,0,0,0,1,0,1,0,0,0,0,0,0
51,0,0,0,0,0,0,2,0,0,0,0,0,0,1,0,0,0,0,0,0,0,0,0,0,0,0,0,0,0,0,1,0,1,1,0,0,0,0,0,0,0,0,0,0,0,0,0,1,1,0,1,0,0,0,0,0,0,0,0,0,0,0,0,0,0,0,1,0,0,0,0,0,0,0,0,0,1,0,0,0,0,0,0,0,0,0,0,1,0,1,0,0,0,0,0,0
52,0,0,0,0,0,0,2,0,0,0,0,0,0,1,0,0,0,0,0,0,0,0,0,0,0,0,0,0,0,0,1,0,1,1,0,0,0,0,0,0,0,0,0,0,0,0,0,1,1,0,1,0,0,0,0,0,0,0,0,0,0,0,0,0,0,0,1,0,0,0,0,0,0,0,0,0,1,0,0,0,0,0,0,0,0,0,0,1,0,1,0,0,0,0,0,0
53,0,0,0,0,0,0,2,0,0,0,0,0,0,1,0,0,0,0,0,0,0,0,0,0,0,0,0,0,0,0,1,0,1,1,0,0,0,0,0,0,0,0,0,0,0,0,0,1,1,0,1,0,0,0,0,0,0,0,0,0,0,0,0,0,0,0,1,0,0,0,0,0,0,0,0,0,1,0,0,0,0,0,0,0,0,0,0,1,0,1,0,0,0,0,0,0
54,0,0,0,0,0,0,2,0,0,0,0,0,0,1,0,0,0,0,0,0,0,0,0,0,0,0,0,0,0,0,1,0,1,1,0,0,0,0,0,0,0,0,0,0,0,0,0,1,1,0,1,0,0,0,0,0,0,0,0,0,0,0,0,0,0,0,1,0,0,0,0,0,0,0,0,0,1,0,0,0,0,0,0,0,0,0,0,1,0,1,0,0,0,0,0,0
55,0,0,0,0,0,0,2,0,0,0,0,0,0,1,0,0,0,0,0,0,0,0,0,0,0,0,0,0,0,0,1,0,1,1,0,0,0,0,0,0,0,0,0,0,0,0,0,1,1,0,1,0,0,0,0,0,0,0,0,0,0,0,0,0,0,0,1,0,0,0,0,0,0,0,0,0,1,0,0,0,0,0,0,0,0,0,0,1,0,1,0,0,0,0,0,0
56,0,0,0,0,0,0,2,0,0,0,0,0,0,1,0,0,0,0,0,0,0,0,0,0,0,0,0,0,0,0,1,0,1,1,0,0,0,0,0,0,0,0,0,0,0,0,0,1,1,0,1,0,0,0,0,0,0,0,0,0,0,0,1,0,0,0,1,0,0,0,0,0,0,0,0,0,1,0,0,0,0,0,0,0,0,0,0,1,0,1,0,0,0,0,0,0
57,0,0,0,0,0,0,2,0,0,0,0,0,0,1,0,0,0,0,0,0,0,0,0,0,0,0,0,0,0,0,1,0,1,1,0,0,0,0,0,0,0,0,0,0,0,0,0,1,1,0,1,0,0,0,0,0,0,0,0,0,0,0,1,0,0,0,1,0,0,0,0,0,0,0,0,0,1,0,0,0,0,0,0,0,0,0,0,1,0,1,0,0,0,0,0,0
58,0,0,0,0,0,0,2,0,0,0,0,0,0,1,0,0,0,0,0,0,0,0,0,0,0,0,0,0,0,0,1,0,1,1,0,0,0,0,0,0,0,0,0,0,0,0,0,1,1,0,1,0,0,0,0,0,0,0,0,0,0,0,1,0,0,0,1,0,0,0,0,0,0,0,0,0,1,0,0,0,0,0,0,0,0,0,0,1,0,1,0,0,0,0,0,0
59,0,0,0,0,0,0,2,0,0,0,0,0,0,1,0,0,0,0,0,0,0,0,0,0,0,0,0,0,0,0,1,0,1,1,0,0,0,0,0,0,0,0,0,0,0,0,0,1,1,0,1,0,0,0,0,0,0,0,0,0,0,0,1,0,0,0,1,0,0,0,0,0,0,0,0,0,1,0,0,0,0,0,0,0,0,0,0,1,0,1,0,0,0,0,0,0
60,0,0,0,0,0,0,2,0,0,0,0,0,0,1,0,0,0,0,0,0,0,0,0,0,0,0,0,0,0,0,1,0,1,1,0,0,0,0,0,0,0,0,0,0,0,0,0,1,1,0,1,0,0,0,0,0,0,0,0,0,0,0,1,0,0,0,1,0,0,0,0,0,0,0,0,0,1,0,0,0,0,0,0,0,0,0,0,1,0,1,0,0,0,0,0,0
61,0,0,0,0,0,0,2,0,0,0,0,0,0,1,0,0,0,0,0,0,0,0,0,0,0,0,0,0,0,0,1,0,1,1,0,0,0,0,0,0,0,0,0,0,0,0,0,1,1,0,1,0,0,0,0,0,0,0,0,0,0,0,1,0,0,0,1,0,0,0,0,0,0,0,0,0,1,0,0,0,0,0,0,0,0,0,0,1,0,1,0,0,0,0,0,0
62,0,0,0,1,0,0,2,0,0,0,0,0,0,1,0,0,0,0,0,0,0,0,0,0,0,0,0,0,0,0,1,0,1,1,0,0,0,0,0,0,0,0,0,1,0,0,0,1,1,0,1,0,0,0,0,0,0,0,0,0,0,0,1,0,0,0,1,0,0,0,0,0,0,0,0,0,1,0,0,0,0,0,0,0,0,0,0,1,0,1,0,0,0,0,0,0
63,0,0,0,1,0,0,2,0,0,0,0,0,0,1,0,0,0,0,0,0,0,0,0,0,0,0,0,0,0,0,1,0,1,1,0,0,0,0,0,0,0,0,0,1,0,0,0,1,1,0,1,0,0,0,0,0,0,0,0,0,0,0,1,0,0,0,1,0,0,0,0,0,0,0,0,0,1,0,0,0,0,0,0,0,0,0,0,1,0,1,0,0,0,0,0,0
64,0,0,0,1,0,0,2,0,0,0,0,0,0,1,0,0,0,0,0,0,0,0,0,0,0,0,0,0,0,0,1,0,1,1,0,0,0,0,0,0,0,0,0,1,0,0,0,1,1,0,1,0,0,0,0,0,0,0,0,0,0,0,1,0,0,0,1,0,0,0,0,0,0,0,0,0,1,0,0,0,0,0,0,0,0,0,0,1,0,1,0,0,0,0,0,0
65,0,0,0,1,0,0,2,0,0,0,0,0,0,1,0,0,0,0,0,0,0,0,0,0,0,0,0,0,0,0,1,0,1,1,0,0,0,0,0,0,0,0,0,1,0,0,0,1,1,0,1,0,0,0,0,0,1,0,0,0,0,0,1,0,0,0,1,0,0,0,0,0,0,0,0,0,1,0,0,0,0,0,0,0,0,0,0,1,0,1,0,0,0,0,0,0
66,0,0,0,1,0,0,2,0,0,0,0,0,0,1,0,0,0,0,0,0,0,0,0,0,0,0,0,0,0,0,1,0,1,1,0,0,0,0,0,0,0,0,0,1,0,0,0,1,1,0,1,0,0,0,0,0,1,0,0,0,0,0,1,0,0,1,1,0,0,0,0,0,0,0,0,0,1,0,0,0,0,0,0,0,0,0,0,1,0,1,0,0,0,0,0,0
67,0,0,0,1,0,0,2,0,0,0,0,0,0,1,0,0,0,0,0,0,0,0,0,0,0,0,0,0,0,0,1,0,1,1,0,0,0,0,0,0,0,0,0,1,0,0,0,1,1,0,1,0,0,0,0,0,1,0,0,0,0,0,1,0,0,1,1,0,0,0,0,0,0,0,0,0,1,0,0,0,0,0,0,0,0,0,0,1,0,1,0,0,0,0,0,0
68,0,0,0,1,0,0,2,0,0,0,0,0,0,1,0,0,0,0,0,0,0,0,0,0,0,0,0,0,0,0,1,0,1,1,0,0,0,0,0,0,0,0,0,1,0,0,0,1,1,0,1,0,0,0,0,0,1,0,0,0,0,0,2,0,0,1,1,0,0,0,0,0,0,0,0,0,1,0,0,0,0,0,0,0,0,0,0,1,0,1,0,0,0,0,0,0
69,0,0,0,1,0,0,2,0,0,0,0,0,0,1,0,0,0,0,0,0,0,0,0,0,0,0,0,0,0,0,1,0,1,1,0,0,0,0,0,0,0,0,0,1,0,0,0,1,1,0,1,0,0,0,0,0,1,0,0,0,0,0,3,0,0,1,1,0,0,0,0,0,0,0,0,0,1,0,0,0,1,0,0,0,0,0,0,1,0,1,0,0,0,0,0,0
70,0,0,0,1,0,0,2,0,0,0,0,0,0,1,0,0,0,0,0,0,0,0,0,0,0,0,0,0,0,0,1,0,1,1,0,0,0,0,0,0,0,0,0,1,0,0,0,1,1,0,1,0,0,0,0,0,1,0,0,0,0,0,3,0,0,1,1,0,0,0,0,0,0,0,0,0,1,0,0,0,1,0,0,0,0,0,0,1,0,1,0,0,0,0,0,0
71,0,0,0,1,0,0,2,0,1,0,0,0,0,1,0,0,0,0,0,0,0,0,0,0,0,0,0,0,0,0,1,0,1,1,0,0,0,0,0,0,0,0,0,1,0,0,0,1,1,0,1,0,0,0,0,0,1,0,0,0,0,0,3,0,0,1,1,0,0,0,0,0,0,0,0,0,1,0,0,0,1,0,0,0,0,0,0,1,0,1,0,0,0,0,0,0
72,0,0,0,1,0,0,2,0,1,0,0,0,0,1,0,0,0,0,0,0,0,0,0,0,0,0,0,0,0,0,1,0,1,1,0,0,0,0,0,0,0,0,0,1,0,0,0,1,1,0,1,0,0,0,0,0,1,0,0,0,0,0,3,0,0,1,1,0,0,0,0,0,0,0,0,0,1,0,0,0,1,0,0,0,0,0,0,1,0,1,0,0,0,0,0,0
73,0,0,0,1,0,0,2,0,1,0,0,0,0,1,0,0,0,0,0,0,0,0,0,0,0,0,0,0,0,0,1,0,1,1,0,0,0,0,0,0,0,0,0,1,0,0,0,1,1,0,1,0,0,0,0,0,1,0,0,0,0,0,3,0,0,1,1,0,0,0,0,0,0,0,0,0,1,1,0,0,1,0,0,0,0,0,0,1,0,1,0,0,0,0,0,0
74,0,0,0,1,0,1,2,0,1,0,0,0,0,1,0,0,0,0,0,0,0,0,0,0,0,0,0,0,0,0,1,0,1,1,0,0,0,0,0,0,0,0,0,1,0,0,0,1,1,0,1,0,0,0,0,0,1,0,0,0,0,0,3,0,0,1,1,0,0,0,0,0,0,0,0,0,1,1,0,0,1,0,0,0,0,0,0,1,0,1,0,0,0,0,0,0
75,0,0,0,1,0,1,2,0,1,0,0,0,0,1,0,0,0,0,0,0,0,0,0,0,0,0,0,0,0,0,1,0,1,1,0,0,0,0,0,0,0,0,0,1,0,0,0,1,1,0,1,0,0,0,0,0,1,0,0,0,0,0,3,0,0,1,1,0,0,0,0,0,0,0,0,0,1,1,0,0,1,0,0,0,0,0,0,1,0,1,0,0,0,0,0,0
76,0,0,0,1,0,1,2,0,1,0,0,0,0,1,0,1,0,0,0,0,0,0,0,0,0,0,0,0,0,0,1,0,1,1,0,0,0,0,0,0,0,0,0,1,0,0,0,1,1,0,1,0,0,0,0,0,1,0,0,0,0,0,3,0,0,1,1,0,0,0,0,0,0,0,0,0,1,1,0,0,1,0,0,0,0,0,0,1,0,1,0,0,0,0,0,0
77,0,0,0,1,0,1,2,0,1,0,0,0,0,1,0,1,0,0,0,0,0,0,0,0,0,0,0,0,0,0,1,0,1,1,0,0,0,0,0,0,0,0,0,1,0,0,0,1,1,0,1,0,0,0,0,0,1,0,0,0,0,0,3,0,0,1,1,0,0,0,0,0,0,0,0,0,1,1,0,0,1,0,0,0,0,0,0,1,0,1,0,0,0,0,0,0
78,0,0,0,1,0,1,2,0,1,0,0,0,0,1,0,1,0,0,0,0,0,0,0,0,0,0,0,0,0,0,1,0,1,1,0,0,0,0,0,0,0,0,0,1,0,0,0,1,1,0,1,0,0,0,0,0,1,0,0,0,0,0,3,0,0,1,1,0,0,0,0,0,0,0,0,0,1,1,0,0,1,0,0,0,0,0,0,1,0,1,0,0,0,0,0,0
79,0,0,0,1,0,1,2,0,1,0,0,0,0,1,0,1,0,0,0,0,0,0,0,0,0,0,0,0,0,0,1,0,1,1,0,0,0,0,0,0,0,0,0,1,0,0,0,1,1,0,1,0,0,0,0,0,1,0,0,0,0,0,3,0,0,1,1,0,0,0,0,0,0,0,0,0,1,1,0,0,1,0,0,0,0,0,0,1,0,1,0,0,0,0,0,0
80,0,0,0,1,0,1,2,0,1,0,0,0,0,1,0,1,0,0,0,0,0,0,0,0,0,0,0,0,0,0,1,0,1,1,0,0,0,0,0,0,0,0,0,1,0,0,0,1,1,0,1,0,0,0,0,0,1,0,0,0,0,0,3,0,0,1,1,0,0,0,0,0,0,0,0,0,1,1,0,0,1,0,0,0,0,0,0,1,0,1,0,0,0,0,0,0
81,0,0,0,1,0,1,2,0,1,0,0,0,0,1,0,1,0,0,0,0,0,0,0,0,0,0,0,0,0,0,1,0,1,1,0,0,0,0,0,0,0,0,0,1,0,0,0,1,1,0,1,0,0,0,0,0,1,0,0,0,0,0,3,0,0,1,1,0,0,0,0,0,0,0,0,0,1,1,0,0,1,0,0,0,0,0,0,1,0,1,0,0,0,0,0,0
82,0,0,0,1,0,1,2,0,1,0,1,0,0,1,0,1,0,0,0,0,0,0,0,0,0,0,0,0,0,0,1,0,1,1,0,0,0,0,0,0,0,0,0,1,0,0,0,1,1,0,1,0,0,0,0,0,1,0,0,0,0,0,3,0,0,1,1,0,0,0,0,0,0,0,0,0,1,1,0,0,1,0,0,0,0,0,0,1,0,1,0,0,0,0,0,0
83,0,0,0,1,0,1,2,0,1,0,1,0,0,1,0,1,0,0,1,0,0,0,0,0,0,0,0,0,0,0,1,0,1,1,0,0,0,0,0,0,0,0,1,1,0,0,0,1,1,0,1,0,0,0,0,0,1,0,0,0,0,0,3,0,0,1,1,0,0,0,0,0,0,0,0,0,1,1,0,0,1,0,0,0,0,0,0,1,0,1,0,0,0,0,0,0
84,0,0,0,1,0,1,2,0,1,0,1,0,0,1,0,1,0,0,1,0,0,0,0,0,0,0,0,0,0,0,1,0,1,1,0,0,0,0,0,0,0,0,1,1,0,0,0,1,1,0,1,0,0,0,0,0,1,0,0,0,0,0,3,0,0,1,1,0,0,0,0,0,0,0,0,0,1,1,0,0,1,0,0,0,0,0,0,1,0,1,0,0,0,0,0,0
85,0,0,0,1,0,1,2,0,1,0,1,0,0,1,0,1,0,0,1,0,0,0,0,0,0,0,0,0,0,0,1,0,1,1,0,0,0,0,0,0,0,0,1,1,0,0,0,1,1,0,1,0,0,0,0,0,1,0,0,0,0,0,3,0,0,1,1,0,0,0,0,0,0,0,0,0,1,1,0,0,1,0,0,0,0,0,0,1,0,1,0,0,0,0,0,0
86,0,0,0,1,0,1,2,0,1,0,1,0,0,1,0,1,0,0,1,0,0,0,0,0,0,0,0,0,0,0,1,0,1,1,0,0,0,0,0,0,0,0,1,1,0,0,0,1,1,0,1,0,0,0,0,0,1,0,0,0,0,0,3,0,0,1,1,0,0,0,0,0,0,0,0,0,1,1,0,0,1,0,0,0,0,0,0,1,0,1,0,0,0,0,0,0
87,0,0,0,1,0,1,2,0,1,0,1,0,0,1,0,1,0,0,1,0,0,0,0,0,0,0,0,0,0,0,1,0,1,1,0,0,0,0,0,0,0,0,1,1,0,0,0,1,1,0,1,0,0,0,0,0,1,0,0,0,0,0,3,0,0,1,1,0,0,0,0,0,0,0,0,0,1,1,0,0,1,0,0,0,0,0,0,1,0,1,0,0,0,0,0,0
88,0,0,0,1,0,1,2,0,1,0,1,0,0,1,0,1,0,0,1,0,0,0,0,0,0,0,0,0,0,0,1,0,1,1,0,0,0,0,0,0,0,0,1,1,0,0,0,1,1,0,1,0,0,0,0,0,1,0,0,0,0,0,3,0,0,1,1,0,0,0,0,0,0,0,0,0,1,1,0,0,1,0,0,0,0,0,0,1,0,1,0,0,0,0,0,0
89,0,0,0,1,0,1,2,0,1,0,1,0,0,1,0,1,0,0,1,0,0,0,0,0,0,0,0,0,0,0,1,0,1,1,0,0,0,0,0,0,0,0,1,1,0,0,0,1,1,0,0,0,0,0,0,0,1,0,0,0,0,0,3,0,0,1,1,0,0,0,0,0,0,0,0,0,1,1,0,0,1,0,0,0,0,0,0,1,0,1,0,0,0,0,0,0
90,0,0,0,1,0,1,2,0,1,0,1,0,0,1,0,1,0,0,1,0,0,0,0,0,0,0,0,0,0,0,1,0,1,1,0,0,0,0,0,0,0,0,1,1,0,0,0,1,1,0,0,0,0,0,0,0,1,0,0,0,0,0,3,0,0,1,1,0,0,0,0,0,0,0,0,0,1,1,0,0,1,0,0,0,0,0,0,1,0,1,0,0,0,0,0,0
91,0,0,0,1,0,1,2,0,1,0,1,0,0,1,0,1,0,0,1,0,0,0,1,0,0,0,0,0,0,0,1,0,1,1,0,0,0,0,0,0,0,0,1,1,0,1,0,1,1,0,0,0,0,0,0,0,1,0,0,0,0,0,3,0,0,1,1,0,0,0,0,0,0,0,0,0,2,1,0,0,1,0,0,0,0,0,0,1,0,1,0,0,0,0,0,0
92,0,0,0,1,0,1,2,0,1,0,1,0,0,1,0,1,0,0,1,0,0,0,1,0,0,0,0,0,0,0,1,0,1,1,0,0,0,0,0,0,0,1,1,1,0,1,0,1,1,0,0,0,0,0,0,0,1,0,0,0,0,0,3,0,0,1,1,0,0,0,0,0,0,0,0,0,2,1,0,0,1,0,0,0,0,0,0,1,0,1,0,0,0,0,0,0
93,0,0,0,1,0,1,2,0,1,0,1,0,0,1,0,1,0,0,1,0,0,0,1,0,0,0,0,0,0,0,1,0,1,1,0,0,0,0,0,0,0,1,1,1,0,1,0,1,1,0,0,0,0,0,0,0,1,0,0,1,0,0,3,0,0,1,1,0,0,0,0,0,0,0,0,0,2,1,0,0,1,0,0,0,0,0,0,1,0,1,0,0,0,0,0,0
94,0,0,0,1,0,1,2,0,1,0,1,0,0,1,0,1,0,0,1,0,0,0,1,0,0,0,0,0,0,0,1,0,1,1,1,0,0,0,0,0,0,1,1,1,0,1,0,1,1,0,0,0,0,0,0,0,1,0,0,1,0,0,3,0,0,1,1,0,0,0,0,0,0,0,0,0,2,1,0,0,1,0,0,0,0,0,0,1,0,1,0,0,0,0,0,0
95,0,0,0,1,0,1,2,1,1,0,1,0,0,1,0,1,0,0,1,0,0,0,1,0,0,0,0,0,0,0,1,0,1,1,1,0,0,0,0,0,0,1,1,1,0,1,0,1,1,0,0,0,0,0,0,0,1,0,0,1,0,0,3,0,0,1,1,0,0,0,0,0,0,0,0,0,2,1,0,0,1,0,0,0,0,0,0,1,0,1,0,0,0,0,0,0
96,0,0,0,1,0,1,2,1,1,0,1,0,0,1,0,1,0,0,1,0,0,0,1,0,0,0,0,0,0,0,1,0,1,1,1,0,0,0,0,0,0,1,1,1,0,1,0,1,1,0,0,0,0,0,0,0,1,0,0,1,0,0,3,0,0,1,1,0,0,0,0,0,0,0,0,0,2,1,0,0,1,0,0,0,0,0,0,1,0,1,0,0,0,0,0,0
97,0,0,0,1,1,1,2,1,2,0,1,0,0,1,0,1,0,0,1,0,0,0,1,0,0,0,0,0,0,0,1,0,1,1,1,0,0,0,0,0,0,1,1,1,0,1,0,1,1,0,0,0,0,0,0,0,1,0,0,1,0,0,3,0,0,1,1,0,0,0,0,0,0,0,0,0,2,1,0,0,1,0,0,0,0,0,0,1,0,1,0,0,0,0,0,0
98,0,0,0,1,1,1,2,1,2,0,1,0,0,1,0,1,0,0,1,0,0,0,1,0,0,0,0,0,0,0,1,0,1,1,1,0,0,0,0,0,0,1,1,1,0,1,0,1,1,0,0,0,0,0,0,0,1,0,0,1,0,0,3,0,0,1,1,0,0,0,0,0,0,0,0,0,2,1,0,0,1,0,0,0,0,0,0,1,0,1,0,0,0,0,0,0
99,0,0,0,1,1,2,3,1,2,0,1,0,0,1,0,1,0,0,1,0,0,0,1,0,0,0,0,0,0,0,1,0,1,1,1,0,0,0,0,0,0,1,1,1,0,1,0,1,1,0,0,0,0,0,0,0,1,0,0,1,0,0,3,0,0,1,1,0,0,0,0,0,0,0,0,0,2,1,0,0,1,0,0,0,0,0,0,1,0,1,0,0,0,0,0,0
100,0,0,0,1,1,2,3,1,2,0,1,0,0,1,0,1,0,0,1,0,0,0,1,0,0,0,0,0,0,0,1,0,1,1,1,0,0,0,0,0,0,1,1,1,0,1,0,1,1,0,0,0,0,0,0,0,1,0,0,1,0,0,3,0,0,1,1,0,0,0,0,0,0,0,0,0,2,1,0,0,1,0,0,0,0,0,0,1,0,1,0,0,0,0,0,0
101,0,0,0,1,1,2,3,1,2,0,1,0,0,1,0,1,0,0,1,0,0,0,1,0,0,0,0,0,0,0,1,0,1,1,1,0,0,0,1,0,0,1,1,1,0,1,0,2,1,0,0,0,0,0,0,0,1,0,0,1,0,0,3,0,0,1,1,0,0,0,0,0,0,0,0,0,2,1,0,0,1,0,0,0,0,0,0,1,0,1,0,0,0,0,0,0
102,0,0,0,1,1,2,3,1,2,0,1,0,0,1,0,1,0,0,1,0,0,0,1,0,0,0,0,0,0,0,1,0,2,1,1,0,0,0,1,0,0,1,1,1,0,1,0,2,1,0,0,0,0,0,0,0,1,0,0,1,0,0,3,0,0,1,1,0,0,0,0,0,0,0,0,0,2,1,0,0,1,0,0,0,0,0,0,1,0,1,0,0,0,0,0,0
103,0,0,0,1,1,2,3,1,2,0,1,0,0,1,0,1,0,0,1,0,0,0,1,0,0,0,0,0,0,0,1,0,2,1,1,0,0,0,1,0,0,1,1,1,0,1,0,2,1,0,0,0,0,0,0,0,1,0,0,1,0,0,3,0,0,1,1,0,0,0,0,0,0,0,0,0,2,1,0,0,1,0,0,0,0,0,0,1,0,1,0,0,0,0,0,0
104,0,0,0,1,1,2,3,1,2,0,1,0,0,1,0,1,0,0,1,0,0,0,1,0,0,0,0,0,0,0,1,0,2,1,1,0,0,0,1,0,0,1,1,1,0,1,0,2,1,0,0,0,0,0,0,0,1,0,0,1,0,0,3,0,0,1,1,0,0,0,0,0,0,0,0,0,2,1,0,0,1,1,0,0,0,0,0,1,0,1,0,0,0,0,0,0
105,0,0,0,1,1,2,3,1,2,0,1,0,0,1,0,1,0,0,1,0,0,0,1,0,0,0,0,0,0,0,1,0,2,1,1,0,0,0,1,0,0,1,1,1,0,1,0,2,1,0,0,0,0,0,0,0,1,0,0,1,1,0,3,0,0,1,1,0,0,0,0,0,0,0,0,0,2,1,0,0,1,1,0,0,0,0,0,1,0,1,0,0,0,0,0,0
106,0,0,0,1,1,2,3,1,2,0,1,0,0,1,0,1,0,0,1,0,0,0,1,0,0,0,0,0,0,0,1,0,2,1,1,1,0,0,1,0,0,1,1,1,0,2,0,2,1,0,0,0,0,0,0,0,1,0,0,1,1,0,3,0,0,1,1,0,0,0,0,0,0,0,1,0,2,1,0,0,1,1,0,0,0,0,0,1,0,1,0,0,0,0,0,0
107,0,0,0,1,1,2,3,1,2,0,1,0,0,1,0,1,0,0,1,0,0,0,1,0,0,0,0,0,0,0,1,0,2,1,1,1,0,0,1,0,0,1,1,1,0,2,0,2,1,0,0,0,0,0,0,0,1,0,0,1,1,0,3,0,0,1,1,0,0,0,0,0,0,0,1,0,2,1,0,0,1,1,0,0,0,0,0,1,0,1,0,0,0,0,0,0
108,0,0,0,1,1,2,3,1,2,0,1,0,0,1,0,1,0,0,1,0,0,0,1,0,0,0,0,0,0,0,1,0,2,1,1,1,0,0,1,0,0,1,1,1,0,2,0,2,1,0,0,0,0,0,0,0,1,0,0,1,1,0,3,0,0,1,1,0,0,0,0,0,0,0,1,0,2,1,0,0,1,1,0,0,0,0,0,1,0,1,0,0,0,0,0,0
109,0,1,0,1,1,2,3,1,2,0,1,0,0,1,0,1,0,0,1,0,0,0,1,0,0,0,0,0,0,0,1,0,2,1,1,1,0,0,1,1,0,1,1,1,0,2,0,2,1,0,0,0,0,0,0,0,1,0,0,1,1,0,3,0,0,1,1,0,0,0,0,0,0,0,1,0,2,1,0,0,1,1,0,0,0,0,0,1,0,1,0,0,0,0,0,1
110,0,1,0,1,1,2,3,1,2,0,1,0,0,1,0,1,0,0,1,0,0,0,1,0,0,0,0,0,0,0,1,0,2,1,1,1,0,0,1,1,0,1,1,1,0,2,0,2,1,0,0,0,0,0,0,0,1,0,0,1,1,0,3,0,0,1,1,0,0,0,0,0,0,0,1,0,2,1,0,0,1,1,0,0,0,0,0,1,0,1,0,0,0,0,0,1
111,0,1,0,1,1,2,3,1,2,0,1,0,0,1,0,1,0,0,1,0,0,0,1,0,0,0,0,0,0,0,1,0,2,1,1,1,0,0,1,1,0,1,1,1,0,2,0,2,1,0,0,0,0,0,0,0,1,0,0,1,1,0,3,0,0,1,1,0,0,0,0,0,0,0,1,0,2,1,0,0,1,1,0,0,0,0,0,1,0,1,0,0,0,0,0,1
112,0,1,0,1,1,2,3,1,2,0,1,0,0,1,0,1,0,0,1,0,0,0,1,0,0,0,0,0,0,0,1,0,2,1,1,1,0,0,1,1,0,1,1,1,0,2,0,2,1,0,0,0,0,0,0,0,1,0,0,1,1,0,3,0,0,1,1,0,0,0,0,0,0,0,1,0,2,1,0,0,1,1,0,0,0,0,0,1,0,1,0,0,0,0,0,1
113,0,1,0,1,1,2,3,1,2,0,1,0,0,1,0,1,0,0,1,0,0,0,1,0,0,0,0,0,0,0,1,0,2,1,2,1,0,0,1,1,0,1,1,1,0,2,0,2,1,0,0,0,0,0,0,0,1,0,0,1,1,0,3,0,0,1,1,0,0,0,0,0,0,0,1,0,2,1,0,0,1,1,0,0,0,0,0,1,0,1,0,0,0,0,0,1
114,0,1,0,1,1,2,3,1,2,0,1,0,0,1,0,1,0,0,1,0,0,0,1,0,0,0,0,0,1,0,1,0,2,1,2,1,0,0,1,1,0,1,1,1,0,2,0,2,1,0,0,0,0,0,0,0,1,0,0,1,1,0,3,0,0,1,1,0,0,0,0,0,0,0,1,0,2,1,0,0,1,1,0,0,0,0,0,1,0,1,0,0,0,0,0,1
115,0,1,0,1,1,2,3,1,2,0,1,0,0,1,0,1,0,0,1,0,0,0,1,0,0,0,0,0,1,0,1,0,2,1,2,1,0,0,1,1,0,1,1,1,0,2,0,2,1,0,0,0,0,0,0,0,1,0,0,1,1,0,3,0,0,1,1,0,0,0,0,1,0,0,1,0,2,1,0,0,1,1,0,0,0,0,0,1,0,1,0,0,0,0,0,1
116,0,1,0,1,1,2,3,1,2,0,1,0,0,1,0,1,0,0,1,0,0,0,1,0,0,0,0,0,1,0,1,0,2,2,2,1,0,0,1,1,0,1,1,1,0,2,0,2,1,0,0,0,0,0,0,0,1,0,0,1,2,0,3,0,0,1,1,0,0,0,0,1,0,0,1,0,2,1,0,0,1,1,0,0,0,0,0,1,0,1,0,0,0,0,0,1
117,1,1,0,1,1,2,3,1,2,0,1,0,0,1,0,1,0,0,1,0,0,0,1,0,0,0,0,0,1,0,1,0,2,2,2,1,0,0,1,1,0,1,1,1,0,2,0,2,1,0,0,0,0,0,0,0,1,0,0,1,2,0,3,0,0,1,1,0,0,0,1,1,0,1,1,0,2,1,0,0,1,1,0,0,0,0,0,1,0,1,0,0,0,0,0,1
118,1,1,0,1,1,2,3,1,2,0,1,0,0,1,0,1,0,0,1,0,0,0,1,0,0,0,0,0,1,0,1,0,2,2,2,1,0,0,1,1,0,1,1,1,0,2,0,2,1,0,0,0,0,0,0,0,1,0,0,1,2,0,3,0,0,1,1,0,0,0,1,1,0,1,1,0,2,1,0,0,1,1,0,0,0,0,0,1,0,1,0,0,0,0,0,1
119,1,1,0,1,1,2,3,1,2,0,1,0,0,1,0,1,0,0,1,0,0,0,1,0,0,0,0,0,1,0,1,0,2,2,2,1,0,0,1,1,0,1,1,1,0,2,0,2,1,0,0,0,0,0,0,0,1,0,0,1,2,0,3,0,0,1,1,0,0,0,1,1,0,1,1,0,2,1,0,0,1,1,0,0,0,0,0,1,0,1,0,0,0,0,0,1
120,1,1,0,1,1,2,3,1,2,0,1,0,0,1,0,1,0,0,1,0,0,0,1,0,0,0,0,0,1,0,1,0,2,2,2,1,0,0,1,1,0,1,1,1,0,2,0,2,1,0,0,0,0,0,0,0,1,0,0,1,2,0,3,0,0,1,1,0,0,0,1,1,0,1,1,0,2,1,0,0,1,1,0,0,0,0,0,1,0,1,0,0,0,0,0,1
121,1,1,1,1,1,2,3,1,2,0,1,0,0,1,0,1,0,0,1,0,0,0,1,0,0,0,1,0,1,0,1,0,2,2,2,1,0,0,1,1,0,1,1,1,0,2,0,2,1,0,0,0,0,0,0,0,1,0,0,1,2,0,3,0,0,1,1,0,0,0,1,1,0,1,1,0,2,1,0,0,1,1,0,0,0,0,0,2,0,1,0,0,0,0,0,1
122,1,1,1,1,1,2,3,1,2,0,1,0,0,1,0,1,0,0,1,0,0,0,1,0,0,0,1,0,1,0,1,0,2,2,2,1,0,0,1,1,0,1,1,1,0,2,0,2,1,0,0,0,0,0,0,0,1,0,0,1,2,0,3,0,0,1,1,0,0,0,1,1,0,1,1,0,2,1,0,0,1,1,0,1,0,0,0,2,0,1,0,0,0,0,0,1
123,1,1,1,1,1,2,3,1,2,0,1,0,0,1,0,1,0,0,1,0,0,0,1,0,0,0,1,0,1,0,1,0,2,2,2,1,0,0,1,1,0,1,1,1,0,2,0,2,1,0,0,0,0,0,0,0,1,0,0,1,2,0,3,0,0,1,1,0,0,0,1,1,0,1,1,0,2,1,0,0,1,1,0,1,0,0,0,2,0,1,0,0,0,0,0,1
124,1,1,1,1,1,2,3,1,2,0,1,0,0,1,0,1,0,0,1,0,0,0,1,0,0,0,1,0,1,0,1,0,2,2,2,1,0,0,1,1,0,1,1,1,0,2,0,1,1,0,0,1,0,0,0,0,1,0,0,1,2,0,3,0,0,1,1,0,0,0,1,1,0,1,1,0,2,1,0,0,1,1,0,1,0,0,0,2,0,1,0,0,0,0,0,1
125,1,1,1,1,1,2,3,1,2,1,1,0,0,1,0,1,0,0,1,0,0,0,2,0,0,0,1,1,1,0,1,0,2,2,2,1,0,0,1,1,0,1,1,1,0,2,0,1,1,0,0,1,0,0,0,0,1,1,0,1,2,0,3,0,0,1,1,0,0,0,1,1,0,1,1,0,2,1,0,0,1,1,0,1,0,0,0,2,0,1,0,0,0,0,0,1
126,1,1,1,1,1,2,3,1,2,1,1,0,0,1,0,1,0,0,1,0,0,0,2,0,0,0,1,1,1,0,1,0,2,2,2,1,0,0,1,1,0,1,1,1,0,2,0,1,1,0,0,1,0,0,0,0,1,1,0,1,2,0,3,0,0,1,1,1,0,0,1,1,0,1,1,0,2,1,0,0,1,1,0,1,0,0,0,2,0,1,0,0,0,0,0,1
127,1,1,1,1,1,2,3,1,2,1,1,0,0,1,0,1,0,0,1,0,0,0,2,0,0,0,1,2,1,0,1,0,2,2,2,1,0,0,1,1,0,1,1,0,0,2,0,1,1,0,0,1,0,0,0,0,1,1,0,1,2,0,3,0,0,1,1,1,0,0,1,1,0,1,1,0,2,1,0,0,1,1,0,1,0,0,0,2,0,1,0,0,0,0,0,1
128,1,1,1,1,1,2,3,1,2,1,0,0,0,1,0,1,0,0,1,0,0,0,2,0,0,0,1,2,1,0,1,0,2,2,2,1,0,0,1,1,0,1,1,0,0,2,0,1,1,0,0,1,0,0,0,0,1,1,0,1,2,0,3,0,0,1,1,1,0,0,1,1,0,1,1,0,2,1,0,0,1,1,0,1,0,0,0,2,0,1,0,0,0,0,0,1
129,1,1,1,1,1,2,3,1,2,1,0,0,0,1,0,1,0,0,1,0,0,0,2,0,0,0,1,2,1,0,1,0,2,2,2,1,0,0,1,1,0,1,1,0,0,2,0,1,1,0,0,1,0,0,0,0,1,1,0,1,2,0,3,0,0,1,1,1,0,0,1,1,0,1,1,0,2,1,0,0,1,1,0,1,0,0,0,2,0,1,0,0,0,0,0,1
130,1,1,1,1,1,2,3,2,2,1,0,0,0,1,0,1,0,0,1,0,0,0,2,0,0,0,1,2,1,0,1,0,2,2,2,1,0,0,1,1,0,1,1,0,0,2,0,1,1,0,0,1,0,0,0,0,1,1,0,1,2,0,3,0,1,1,1,1,0,0,1,1,0,1,1,0,2,1,0,0,1,1,0,1,0,0,1,2,0,1,0,0,0,0,0,1
131,1,1,1,1,1,2,3,2,2,1,0,0,0,1,0,1,0,0,1,0,0,0,2,0,0,0,1,2,1,0,1,0,2,2,2,1,0,0,1,1,0,1,1,0,0,2,0,1,1,0,0,1,0,0,0,0,1,1,0,1,2,0,3,0,1,1,1,1,0,0,1,1,0,1,1,0,2,1,0,0,1,1,0,1,0,0,1,2,0,1,0,0,0,0,0,1
132,1,1,1,1,1,2,3,2,2,1,1,0,0,1,0,1,0,0,1,0,0,0,2,0,0,0,1,2,1,0,1,0,2,2,2,1,0,0,1,1,0,1,1,0,0,2,0,1,1,0,0,1,0,0,0,0,1,1,0,1,2,1,3,0,1,1,1,1,0,0,1,1,0,1,1,0,2,1,0,0,1,1,0,1,0,0,1,2,0,1,0,0,0,0,0,1
133,1,1,1,1,1,2,3,2,2,1,1,0,0,1,0,1,0,0,1,0,0,0,2,0,0,0,1,2,1,0,1,0,2,2,2,1,0,0,1,1,0,1,1,0,0,2,0,1,1,0,0,2,0,0,0,0,1,1,0,1,2,1,3,0,1,1,1,1,0,0,1,1,0,1,1,0,2,1,1,0,1,1,0,1,0,0,1,2,0,1,0,0,0,0,0,1
134,1,1,1,1,1,2,3,2,2,1,1,0,0,1,0,1,0,0,1,0,0,0,2,0,0,0,1,2,1,0,1,0,2,2,2,1,0,0,1,1,0,1,1,0,0,2,0,1,1,0,0,2,0,0,0,0,1,1,0,1,2,1,3,0,1,1,1,1,0,0,1,1,0,1,1,0,2,1,1,0,1,1,0,1,0,0,1,2,1,1,0,0,0,0,0,1
135,1,1,1,1,1,2,3,2,2,1,1,0,0,1,0,1,0,0,1,0,0,0,2,0,0,0,1,2,1,0,1,0,2,2,2,1,0,0,1,1,0,1,1,0,0,2,0,1,1,0,0,2,0,0,0,0,1,1,0,1,2,1,3,0,1,1,1,1,0,0,1,1,0,1,1,0,2,1,1,0,1,1,0,1,0,0,1,2,1,1,0,0,0,0,0,1
136,1,1,1,1,1,2,3,2,2,1,1,0,0,1,0,1,0,0,1,0,0,0,2,0,0,0,1,2,1,0,1,0,2,2,2,1,0,0,1,1,0,1,1,0,0,2,0,1,1,0,0,2,0,0,0,0,1,1,0,1,2,1,3,0,1,1,1,1,0,0,1,1,0,1,1,0,2,2,1,0,1,1,0,1,0,0,1,2,1,1,0,0,0,0,0,1
137,1,1,1,1,1,2,3,2,2,1,1,0,0,1,0,1,0,0,1,0,0,0,2,0,0,0,1,2,1,0,1,0,2,2,2,1,0,0,1,1,0,1,1,0,0,2,0,1,1,0,0,2,0,0,0,0,1,1,0,1,2,1,3,0,1,1,1,1,0,0,1,1,0,1,1,0,2,2,1,0,1,1,0,1,0,0,1,2,1,1,0,0,0,0,1,1
138,1,1,1,1,1,2,3,2,2,1,1,0,0,1,0,1,0,0,1,0,0,0,2,0,0,0,1,2,1,0,1,0,2,2,2,1,0,0,1,1,0,1,1,0,0,2,0,1,1,0,0,2,0,0,0,0,1,1,0,1,2,1,3,0,1,1,1,1,0,0,1,1,0,1,1,0,2,2,1,0,1,1,0,1,0,0,1,2,1,1,0,0,0,0,1,1
139,1,1,1,1,1,2,3,2,2,1,1,0,0,1,0,1,0,0,1,0,0,0,2,0,0,0,1,2,1,0,1,0,2,2,2,1,0,0,1,1,0,1,1,0,0,2,0,1,1,0,0,2,0,0,0,0,1,1,0,1,2,1,3,0,1,1,1,1,0,0,1,1,0,1,1,0,2,2,1,0,1,1,0,1,0,0,1,1,1,1,0,0,0,0,1,1
140,1,1,1,1,1,2,3,2,2,1,1,0,0,1,0,1,0,0,1,0,0,0,2,0,0,0,1,2,1,0,1,0,2,2,2,1,0,0,1,1,0,1,1,0,0,2,0,1,1,0,0,2,0,0,0,0,1,1,0,1,2,1,3,0,1,1,1,1,1,0,1,1,0,1,1,0,2,2,1,0,1,1,1,1,0,0,1,1,1,1,0,0,0,0,1,1
141,1,1,1,1,1,2,3,2,2,1,1,0,0,1,0,1,0,1,1,0,0,0,2,0,0,0,1,2,1,0,1,0,2,2,2,1,0,0,1,1,0,1,1,0,0,2,0,1,1,0,0,2,0,0,0,0,1,1,0,1,2,1,3,0,1,1,1,1,1,0,1,1,0,1,1,0,2,2,1,0,1,1,1,1,0,0,1,1,1,1,0,0,0,0,1,1
142,1,1,1,1,2,2,3,2,2,1,1,0,0,1,0,1,0,1,1,0,0,0,2,0,0,0,1,2,1,0,1,0,2,2,2,1,0,0,1,1,0,1,1,0,0,3,0,1,1,0,0,2,0,0,0,0,1,2,0,1,2,1,3,0,1,1,1,1,1,0,1,1,0,1,1,0,2,2,1,0,1,1,1,1,0,0,1,1,1,1,0,0,0,0,1,1
143,1,1,1,1,2,2,3,2,2,2,1,0,0,1,0,1,0,1,1,0,0,0,2,0,0,0,1,2,1,0,1,0,2,2,2,1,0,0,1,1,0,1,1,0,0,3,0,1,1,0,0,2,0,0,0,0,1,3,0,1,2,1,3,0,1,1,1,1,1,0,1,1,0,1,1,0,2,2,1,0,1,1,1,1,0,0,1,1,1,1,0,0,0,0,1,1
144,1,1,1,1,3,2,3,2,2,2,1,0,0,1,0,1,0,1,1,0,0,0,2,0,0,0,1,2,1,0,1,0,2,2,2,1,0,0,1,1,0,1,1,0,0,3,0,1,1,0,0,2,0,0,0,0,1,3,0,1,2,1,3,1,1,1,1,1,1,0,1,1,0,1,1,0,2,2,1,0,1,1,1,1,0,0,1,1,1,1,0,0,0,0,1,1
145,1,1,1,1,3,2,3,2,2,2,1,0,0,1,0,1,0,1,1,0,0,0,2,0,0,0,1,2,1,0,1,0,2,2,2,1,0,0,1,1,0,1,1,0,0,3,0,1,1,0,0,2,0,0,0,0,1,3,0,1,2,1,3,1,1,1,1,1,1,0,1,1,0,1,1,0,3,2,1,0,1,1,1,1,0,0,1,1,1,1,0,0,0,0,1,1
146,1,1,1,1,3,2,3,2,2,2,1,0,0,1,0,1,0,1,1,0,0,0,2,0,0,0,1,2,1,0,1,0,2,2,2,1,0,0,1,1,0,1,1,0,0,3,0,1,1,0,0,2,0,0,0,0,1,3,0,1,2,1,3,1,1,1,1,1,1,0,1,1,0,1,1,0,3,2,1,0,1,1,1,1,0,0,1,1,1,1,0,0,0,0,1,1
147,1,1,1,1,3,2,3,2,2,2,1,0,0,1,0,1,0,1,1,0,0,0,2,0,1,0,1,2,1,0,1,0,2,2,2,1,0,0,1,1,0,1,1,0,0,3,0,1,1,1,0,2,0,0,0,0,1,3,0,1,2,1,3,1,1,1,1,1,1,0,1,1,0,1,1,0,3,2,1,0,1,1,1,1,0,0,1,1,1,2,0,0,0,0,1,1
148,1,1,1,1,3,2,3,2,2,2,1,0,0,1,0,1,0,1,1,0,0,0,2,0,1,0,1,2,1,1,1,0,2,2,2,1,0,0,1,1,0,1,1,0,0,3,0,1,1,1,0,2,0,0,0,0,1,3,0,1,2,1,3,1,1,1,1,1,1,0,1,1,0,1,1,0,3,2,1,0,1,1,1,1,0,0,1,1,1,2,0,0,0,0,1,1
149,1,1,1,1,3,2,3,2,2,2,1,0,0,1,0,1,0,1,1,0,0,0,2,0,1,0,1,2,1,1,1,0,2,2,2,1,0,0,1,1,0,1,1,0,0,3,0,1,1,1,0,2,0,0,0,0,1,3,0,1,2,1,3,1,1,1,1,1,2,0,1,1,0,1,1,0,3,1,1,0,1,1,1,1,0,0,1,1,1,2,0,0,0,0,1,1
150,1,1,2,1,3,2,3,2,2,2,1,0,0,1,0,1,0,1,1,0,0,0,2,0,1,1,1,2,1,1,1,0,2,2,2,1,0,0,1,1,0,1,1,0,0,3,0,1,1,1,0,2,0,0,0,0,1,3,0,1,2,1,3,1,1,1,1,1,2,0,1,1,0,1,1,0,3,1,1,0,1,1,1,1,0,0,1,1,1,2,0,0,0,0,1,1
151,1,1,2,1,3,2,3,2,2,2,1,0,0,1,0,1,0,1,1,0,0,0,2,0,1,1,1,2,1,1,1,0,2,2,2,1,0,0,1,1,1,1,1,0,0,3,0,1,1,1,0,2,0,0,0,0,1,3,0,1,2,1,3,1,1,1,1,1,2,0,1,1,0,1,1,0,3,1,1,0,1,1,1,1,0,0,1,1,1,2,0,0,0,0,1,1
152,1,1,2,1,3,2,3,2,2,2,1,0,0,1,0,1,0,1,1,0,0,1,2,0,1,1,1,2,1,1,1,0,2,2,2,1,0,0,1,1,1,1,1,0,0,3,0,1,1,1,0,2,0,0,0,0,1,3,0,1,2,1,3,1,1,1,1,1,2,0,1,1,0,1,1,0,3,1,1,0,1,1,1,1,0,0,1,1,1,2,0,0,0,0,1,1
153,1,1,2,1,3,2,3,2,2,2,1,0,0,1,0,1,0,1,1,0,0,1,2,0,1,1,1,2,1,1,1,0,2,2,2,1,0,0,1,1,1,1,1,0,0,3,0,1,1,1,0,2,0,0,0,0,1,3,0,1,2,1,3,1,1,1,1,1,2,0,1,1,0,1,1,0,3,1,1,0,1,1,1,1,0,0,1,1,1,2,0,0,0,0,1,1
154,1,1,2,1,3,2,3,2,2,2,1,0,0,1,0,1,0,1,1,0,0,1,2,0,1,1,1,2,1,1,1,0,2,2,2,1,0,0,1,1,1,1,1,0,0,3,0,1,1,1,0,2,0,1,0,0,1,3,0,1,2,1,3,1,1,1,1,1,2,0,1,1,0,1,1,0,3,1,1,0,1,1,1,1,0,0,1,1,1,2,0,0,0,0,1,1
155,1,1,2,1,3,2,3,2,2,2,1,0,0,1,0,1,0,1,1,0,0,1,2,0,1,1,1,2,1,1,1,0,2,2,2,1,0,0,1,1,1,1,1,0,0,3,0,1,1,1,0,2,0,1,0,0,1,3,0,1,2,1,3,1,1,1,1,1,2,0,1,1,0,1,1,0,3,1,1,0,1,1,1,1,0,0,1,1,1,2,0,0,0,0,1,1
156,1,1,2,1,3,2,3,2,2,2,1,0,0,1,0,1,0,1,1,0,0,1,2,0,1,1,1,2,1,1,1,0,2,2,2,1,0,0,1,1,1,1,1,0,0,3,0,1,1,1,0,2,0,1,0,0,1,3,1,1,2,1,3,1,1,1,1,1,2,0,1,1,0,1,1,0,3,1,1,0,1,1,1,1,0,0,1,1,1,2,0,0,0,0,1,1
157,1,1,2,1,3,2,3,2,2,2,1,0,0,1,0,1,0,1,1,0,0,1,2,0,1,1,1,2,1,1,1,0,3,2,2,1,0,0,1,1,1,1,1,0,0,3,1,1,1,1,0,2,0,1,0,0,1,3,1,1,2,1,3,1,1,1,1,1,2,0,1,1,0,1,1,0,3,1,1,0,1,1,1,1,0,0,1,1,1,2,0,0,0,0,1,1
158,1,1,2,1,3,2,3,2,2,2,1,0,0,1,0,1,0,1,1,0,0,1,2,0,1,1,1,2,1,1,1,0,3,2,2,1,0,0,1,1,1,1,1,0,0,3,1,1,1,1,0,2,0,1,0,0,1,3,1,1,2,1,3,1,1,1,1,1,2,0,1,1,0,2,2,0,3,1,1,0,1,1,1,1,0,0,1,1,1,2,0,0,0,0,1,1
159,1,1,2,1,3,2,3,2,2,2,1,0,0,1,0,1,0,1,1,0,0,1,2,0,1,1,1,2,1,1,1,0,3,2,2,1,0,0,1,1,1,1,1,0,0,3,1,1,1,1,0,2,0,1,0,0,1,3,1,1,2,1,3,1,1,1,1,1,2,0,1,1,0,2,2,0,3,1,1,0,1,1,1,1,0,0,1,1,1,2,0,0,0,0,1,1
160,1,1,2,1,3,2,3,2,2,2,1,0,0,1,1,1,0,1,1,0,0,1,2,0,1,1,1,2,1,1,1,0,3,2,2,1,0,0,1,1,1,1,1,0,0,3,1,1,1,1,0,2,0,1,0,0,1,3,1,1,2,1,3,1,1,1,1,1,2,0,1,1,0,2,2,0,3,1,1,0,1,1,1,1,0,0,1,1,1,2,0,0,0,0,1,1
161,1,1,2,1,3,2,3,2,2,3,1,0,0,1,1,1,0,1,1,0,0,1,2,0,1,1,1,2,1,1,1,0,3,2,2,1,0,0,1,1,1,1,1,0,0,3,1,1,1,1,1,2,0,1,0,0,1,3,1,1,2,1,3,1,1,1,1,1,2,1,1,1,0,2,2,0,3,1,1,0,0,1,1,1,0,0,1,1,1,2,0,0,0,0,1,1
162,1,1,2,1,3,2,3,2,2,3,1,0,0,1,1,1,0,1,1,0,0,1,2,0,1,1,1,2,1,1,1,0,3,2,2,1,0,0,1,1,1,1,1,0,0,3,1,1,1,1,1,2,0,1,0,0,1,3,1,1,2,1,3,1,1,1,1,1,2,1,1,1,0,2,2,0,3,1,1,0,0,1,1,1,0,0,1,1,1,2,0,0,0,0,1,1
163,1,1,2,1,3,2,3,2,2,3,1,0,0,1,1,1,0,1,1,0,0,1,2,0,1,1,1,2,1,1,1,0,3,2,2,1,0,0,1,1,1,1,1,0,0,3,1,1,1,1,1,2,0,1,0,0,1,3,1,1,2,1,3,1,2,1,1,1,2,1,1,1,0,2,2,0,3,1,1,0,0,1,1,1,0,0,1,1,1,2,0,0,0,0,1,1
164,1,1,2,1,3,2,3,2,2,3,1,0,0,1,1,1,0,1,1,0,0,1,2,0,1,1,1,2,1,1,1,0,3,2,2,1,0,0,1,1,1,1,1,0,0,3,1,1,1,1,1,2,0,1,0,0,1,3,1,1,2,1,3,1,2,1,1,1,2,1,1,1,0,2,2,0,3,1,1,0,0,1,1,1,0,0,1,1,1,2,0,0,0,0,1,1
165,2,1,2,1,3,2,3,2,2,3,1,0,0,1,1,1,0,1,1,0,0,1,2,0,1,1,1,2,1,1,1,0,3,2,2,1,0,0,1,1,1,1,1,1,0,3,1,1,1,1,1,2,0,1,0,0,1,3,1,1,2,1,3,1,2,1,1,1,2,1,1,1,0,1,2,0,3,1,1,0,0,1,1,0,0,0,1,1,1,2,0,0,0,0,1,1
166,2,1,3,1,3,2,3,2,2,3,1,0,0,1,1,1,0,1,1,0,0,1,2,0,1,1,1,2,1,1,1,0,3,2,2,1,0,0,1,1,1,1,1,1,0,3,1,1,1,1,1,2,0,1,0,0,1,3,1,1,2,1,3,1,2,1,1,1,2,1,1,1,0,1,2,0,3,1,1,0,0,1,1,0,0,0,1,1,1,2,0,0,0,0,1,1
167,2,1,3,1,3,2,3,2,2,3,1,0,0,1,1,1,0,1,1,0,0,1,2,0,1,1,1,2,1,1,1,0,3,2,2,1,0,0,1,1,1,1,1,1,0,2,1,1,1,1,1,2,0,1,0,0,1,3,1,1,2,1,3,1,2,1,1,1,2,1,1,2,0,1,2,0,3,1,1,0,0,1,1,0,0,0,1,1,1,2,0,0,0,0,1,2
168,2,1,3,1,3,2,3,2,2,3,1,0,0,1,1,1,0,1,1,0,0,1,2,0,1,1,1,2,1,1,1,0,3,2,2,1,0,0,1,1,1,1,1,1,0,2,1,1,1,1,1,2,0,1,0,0,1,3,1,1,2,1,3,1,2,1,1,2,2,1,1,2,0,1,2,0,3,1,1,0,0,1,1,0,0,0,1,1,1,2,0,0,0,0,1,2
169,2,1,3,1,3,2,3,2,2,3,1,0,0,1,1,1,0,1,1,0,0,1,2,0,1,1,1,2,1,1,1,0,3,2,2,1,0,0,1,1,1,1,1,1,0,2,1,1,1,1,1,2,0,1,0,0,1,3,1,1,2,1,3,1,2,1,1,2,2,1,1,2,0,1,2,0,3,1,1,0,0,1,1,0,0,0,1,1,1,2,0,0,0,0,1,2
170,2,1,3,1,3,2,3,2,2,3,1,0,0,1,2,2,0,1,1,0,0,1,2,0,1,1,1,2,1,1,1,0,3,2,2,1,1,0,1,1,1,1,1,1,0,2,1,1,1,1,1,2,0,1,0,0,1,3,1,1,2,1,3,1,2,1,1,2,2,1,1,2,0,1,2,0,3,1,1,0,0,1,1,0,0,0,1,1,1,2,0,0,0,0,1,2
171,2,1,3,1,3,2,3,2,2,3,1,0,0,1,2,2,0,1,1,0,0,1,2,0,1,1,1,2,2,1,1,0,3,2,2,1,1,0,1,1,1,1,1,1,0,2,1,1,1,1,1,2,0,1,0,0,1,3,1,1,2,1,3,1,2,1,1,2,2,1,1,2,0,1,2,0,3,1,1,0,0,1,1,0,0,0,2,1,1,3,0,0,0,0,1,2
172,2,1,3,1,3,2,3,2,2,3,1,0,0,1,2,2,0,1,1,0,0,1,2,0,1,1,1,2,2,1,1,0,3,2,2,1,1,0,1,1,1,1,1,2,0,2,1,1,1,1,1,2,0,1,0,0,1,3,1,1,2,1,3,1,2,1,1,2,2,1,1,2,0,1,2,0,3,1,1,0,0,1,1,0,0,0,2,1,1,3,0,0,0,0,1,2
173,2,1,3,1,3,2,3,2,2,3,1,0,0,1,2,2,0,1,1,0,0,1,2,0,1,1,1,2,2,1,1,0,3,2,2,1,1,0,1,1,1,1,1,2,0,2,1,1,1,1,1,2,0,1,0,0,1,3,1,1,2,1,3,1,2,1,1,2,2,1,1,2,0,1,2,0,3,1,1,0,0,1,1,0,0,0,2,1,1,3,0,0,0,0,1,2
174,2,1,3,1,3,2,3,2,2,3,1,0,0,1,2,2,0,1,1,0,0,1,2,0,1,1,1,2,2,1,1,0,3,2,2,1,1,0,1,1,1,1,1,2,0,2,1,1,1,1,1,2,0,1,0,0,0,3,1,1,2,1,3,1,2,1,1,2,2,1,1,3,0,1,2,0,3,1,1,0,0,1,1,0,0,1,2,1,1,3,0,0,0,0,1,2
175,2,1,3,1,3,2,3,2,2,3,1,0,0,1,2,2,1,1,1,0,0,1,2,0,1,1,1,2,2,1,1,0,3,2,2,1,1,0,1,1,1,1,1,2,0,2,1,1,1,1,1,2,0,1,0,0,0,3,1,1,2,1,3,1,2,1,1,2,3,1,1,3,0,1,2,0,3,1,1,0,0,1,1,0,0,1,2,1,2,4,0,0,0,0,1,2
176,2,1,3,1,3,2,3,2,2,3,1,0,0,1,2,2,1,1,1,0,0,1,2,0,1,1,1,2,2,1,1,0,3,2,2,1,1,0,1,1,1,1,1,2,0,2,1,1,1,1,1,2,0,1,0,1,0,3,1,1,2,1,3,1,2,1,1,2,3,1,1,3,0,1,2,0,3,1,2,0,1,1,1,0,0,1,2,1,2,4,0,0,0,0,1,2
177,2,1,3,1,3,2,3,2,2,3,1,0,0,2,2,2,1,1,1,0,0,1,2,0,1,1,1,2,2,1,1,0,3,2,2,1,1,0,1,1,1,1,1,2,0,2,1,1,1,1,1,2,0,1,0,1,0,3,1,1,2,1,3,1,2,1,1,2,3,1,1,3,0,1,2,0,3,1,2,0,1,1,1,0,0,1,2,1,2,4,0,0,0,0,1,2
178,2,1,3,1,3,2,3,2,2,3,1,0,0,2,2,2,1,1,1,0,0,1,2,0,1,1,1,2,2,1,1,0,3,2,2,1,1,0,1,1,1,1,1,2,0,2,1,1,1,1,1,2,0,1,0,1,0,3,1,1,2,1,3,1,2,1,1,2,3,1,1,3,0,1,2,0,3,1,2,0,1,1,1,0,0,1,2,1,2,4,0,0,0,0,1,2
179,2,2,3,1,3,2,3,2,2,3,1,0,0,2,2,2,1,1,1,0,0,1,2,0,1,1,1,2,2,1,1,0,3,2,2,1,1,0,1,1,1,1,1,2,0,2,1,1,1,1,1,2,0,1,0,1,0,3,1,1,2,1,3,1,2,2,1,2,3,1,1,3,0,2,2,0,3,1,2,0,1,1,1,0,0,1,2,1,2,4,0,0,0,0,1,2
180,2,2,3,1,3,2,3,2,2,3,1,0,0,2,2,2,1,1,1,0,0,1,2,0,1,1,1,2,3,1,1,0,3,2,2,1,1,0,2,1,1,1,1,2,0,2,1,1,1,1,1,2,0,1,0,1,0,3,1,1,2,1,4,1,2,2,1,2,2,1,1,3,0,2,3,0,3,2,2,0,1,1,1,0,0,1,2,1,2,4,0,0,0,0,1,2
181,2,2,3,1,3,2,3,2,2,3,1,0,0,2,2,2,1,1,1,0,0,1,2,0,1,1,2,2,3,1,1,0,3,2,2,1,1,0,2,1,1,1,1,2,0,2,1,1,1,1,1,2,0,1,0,1,0,3,1,1,2,1,4,1,2,2,1,2,2,1,1,3,0,2,3,0,3,2,2,0,1,1,1,0,0,1,2,1,2,4,0,0,0,0,1,2
182,2,2,3,1,3,2,3,2,2,3,1,0,0,2,2,2,1,1,1,0,0,1,2,0,1,1,2,2,3,1,1,0,3,2,2,1,1,0,2,1,1,1,1,2,0,2,1,1,1,1,1,2,0,1,0,1,0,3,1,1,2,1,4,1,2,2,1,2,2,1,1,3,0,2,3,0,3,2,3,0,1,1,1,0,0,1,2,1,2,4,0,0,0,0,1,2
183,3,2,3,1,3,2,3,2,2,3,1,0,0,2,2,2,1,1,1,0,1,1,2,0,1,1,2,2,3,1,1,0,3,2,2,1,1,0,2,1,1,1,1,2,0,2,1,1,1,1,1,2,0,1,0,1,0,3,1,1,2,1,4,1,2,2,2,2,2,1,1,3,0,2,3,0,3,2,3,0,1,1,1,0,0,1,2,1,2,4,0,0,0,0,1,2
184,3,2,3,1,3,2,3,2,2,3,1,0,0,2,2,2,1,1,1,0,1,1,2,0,1,1,2,2,3,1,1,0,3,2,2,1,1,0,2,1,1,1,1,2,0,2,1,1,1,1,1,2,0,1,0,1,0,3,1,1,2,1,4,1,2,2,2,2,2,1,1,3,0,2,3,0,3,2,3,0,1,1,1,0,0,1,3,1,2,4,0,0,0,0,1,2
185,3,2,3,1,3,2,3,2,2,3,1,0,0,2,2,2,1,1,1,0,1,1,2,0,1,1,2,2,3,1,1,0,3,2,2,1,1,0,2,1,1,1,1,2,0,2,1,1,1,1,1,2,0,1,0,1,0,3,1,1,2,1,4,1,2,2,2,2,2,1,1,3,0,2,3,0,3,2,3,0,1,1,1,0,0,1,3,1,2,4,0,0,0,0,1,2
186,3,2,3,1,3,2,3,3,2,4,1,0,0,2,2,2,1,1,1,0,1,1,2,0,1,1,2,2,4,1,1,0,3,2,2,1,1,0,2,1,1,1,1,2,0,2,1,1,1,1,1,2,0,1,0,1,0,3,1,1,2,1,5,1,2,2,2,2,2,1,1,3,0,2,3,0,3,2,3,0,1,1,2,0,0,1,3,1,2,4,0,0,0,0,1,2
187,3,2,3,1,3,2,3,3,2,4,1,0,0,2,2,2,1,1,1,0,1,1,2,0,1,1,2,2,3,1,1,0,3,2,2,1,1,0,2,1,1,1,1,2,0,2,1,1,1,1,1,2,0,1,0,1,0,3,1,1,2,1,5,1,2,2,2,2,2,1,1,3,0,2,3,0,3,2,3,0,1,1,2,0,0,1,4,1,2,4,0,0,0,0,1,2
188,3,2,3,1,3,2,3,3,2,4,1,0,0,2,2,2,1,1,1,0,1,1,2,0,1,1,2,2,3,1,1,0,3,2,2,1,1,0,2,1,1,1,1,2,0,2,1,1,1,1,1,2,0,1,0,2,0,3,1,1,2,1,5,1,2,2,2,2,2,1,1,3,0,2,3,0,3,2,3,0,1,1,2,0,0,1,4,1,2,4,0,0,0,0,1,2
189,3,2,3,1,3,2,3,3,2,4,1,0,0,2,2,2,1,1,1,0,1,1,2,1,1,1,2,2,3,1,1,0,3,2,2,1,1,0,2,1,1,1,1,2,0,2,1,1,1,1,1,2,0,1,0,2,0,3,1,1,2,1,5,1,2,2,2,2,2,1,1,3,0,2,3,0,3,2,3,0,1,1,2,0,0,1,4,1,2,4,0,0,0,0,1,2
190,3,2,3,1,3,2,3,3,2,4,1,0,0,2,2,2,1,1,1,0,1,1,2,1,1,1,2,2,3,1,1,0,3,2,2,1,1,0,2,1,1,1,1,2,0,2,1,1,1,1,1,2,0,1,0,2,1,3,1,1,2,1,5,1,2,2,2,2,2,1,1,3,0,2,3,0,3,2,3,0,1,1,2,0,0,1,4,1,2,4,1,0,0,0,1,2
191,3,2,3,1,3,2,3,3,2,4,1,0,0,2,2,2,1,1,1,0,1,1,2,1,2,1,2,2,3,1,1,0,3,2,2,1,1,0,2,1,1,1,1,2,0,2,1,1,1,1,1,2,0,1,0,2,1,3,1,1,2,1,5,1,4,2,2,2,2,1,1,3,0,2,3,0,3,2,3,0,1,1,2,0,0,1,4,1,2,4,1,0,0,0,1,2
192,3,2,3,1,3,2,3,3,2,4,1,0,0,2,2,2,1,1,1,0,1,1,2,1,2,1,2,2,3,1,1,0,3,2,2,1,1,0,2,1,1,1,1,2,0,2,1,1,2,1,1,2,0,1,0,2,1,3,1,1,2,1,5,2,4,2,2,2,2,1,1,3,0,2,3,0,3,2,3,0,1,1,2,0,0,1,4,1,2,4,1,0,0,0,1,2
193,3,2,3,1,3,2,3,3,2,4,1,0,0,2,2,2,1,1,1,0,1,1,2,1,2,2,2,2,3,1,2,0,3,2,2,1,1,0,2,1,1,1,1,2,0,2,1,1,2,1,1,2,0,2,0,2,1,4,1,1,3,1,5,2,4,2,2,2,2,1,1,3,0,2,3,0,3,2,3,0,1,1,2,0,0,1,4,1,2,4,1,0,0,0,1,2
194,3,2,3,1,3,2,3,3,2,4,1,0,0,2,2,2,1,1,1,0,1,1,2,1,2,2,2,2,3,1,2,0,3,2,2,1,2,0,2,1,1,1,1,2,0,2,1,1,2,1,1,2,0,2,0,2,1,4,1,1,3,1,5,2,4,2,2,2,2,1,1,3,0,2,3,0,3,2,3,0,1,1,2,0,0,1,4,1,2,4,1,0,0,0,1,2
195,3,2,3,1,3,2,3,3,2,4,1,0,0,2,2,2,1,1,1,0,1,1,2,1,2,2,2,2,3,1,2,0,3,2,2,1,2,0,2,1,1,1,1,2,0,2,1,1,2,1,1,2,0,2,0,2,1,4,1,1,3,1,5,2,4,2,2,2,2,1,1,3,0,2,3,0,3,2,3,0,1,1,2,0,0,1,4,1,2,4,1,0,0,0,1,2
196,3,2,3,1,3,2,3,3,2,4,1,0,0,2,2,2,1,1,1,0,1,1,2,1,2,2,2,2,3,1,2,0,3,2,2,1,2,0,2,1,1,1,1,2,0,2,1,1,2,1,1,2,0,2,0,2,1,4,1,1,3,1,5,2,4,2,2,2,2,1,1,3,0,2,3,0,3,2,3,0,1,1,2,0,0,1,4,1,3,4,1,0,0,0,1,2
197,3,2,3,1,3,3,3,3,2,4,1,0,0,2,2,2,1,1,1,0,1,1,2,1,2,2,2,2,3,1,2,0,3,2,2,1,2,0,2,1,1,1,1,2,0,2,1,1,2,1,1,2,0,2,0,2,1,4,1,1,3,1,5,2,4,2,2,2,2,1,1,3,1,3,3,0,3,2,4,0,1,1,2,0,0,1,4,1,3,4,1,0,0,0,1,2
198,3,2,3,1,3,3,3,3,2,4,1,0,0,2,2,2,1,1,1,0,1,1,2,1,2,2,2,2,3,1,1,0,3,2,2,1,2,0,2,1,1,1,1,2,0,3,1,1,2,1,1,2,0,2,0,2,1,4,1,1,3,1,5,2,4,2,2,2,2,1,1,3,1,3,3,0,3,2,4,0,1,1,2,0,0,1,4,2,3,4,1,0,0,0,1,2
199,3,2,3,1,3,2,3,3,2,4,1,0,0,2,2,2,1,1,1,0,1,1,2,1,2,2,2,2,3,1,1,0,3,2,2,1,2,0,2,1,1,1,1,2,0,3,1,1,2,1,1,2,0,2,0,2,1,4,1,1,3,1,5,2,4,2,2,2,2,1,1,3,1,3,3,0,3,2,4,0,1,1,2,0,0,1,4,2,3,4,1,0,0,0,1,2
200,3,2,3,1,3,2,3,4,2,4,1,1,0,2,2,2,1,1,1,0,1,1,2,1,2,2,2,2,3,1,1,0,3,2,2,1,2,0,2,1,1,1,1,2,0,3,1,1,2,1,1,2,0,2,0,2,1,4,1,1,3,1,5,2,4,2,2,2,2,1,1,3,1,3,3,0,3,2,4,0,1,1,2,0,0,1,4,2,3,4,1,0,0,0,1,2
201,3,2,4,1,3,2,3,4,2,4,1,1,0,2,2,2,1,1,1,0,1,1,2,1,2,2,2,3,3,1,1,0,3,2,2,1,2,0,2,1,1,1,1,2,0,3,1,1,2,1,1,2,0,2,0,2,1,4,1,1,3,1,5,2,4,2,2,2,2,1,1,3,1,3,3,0,3,2,4,0,1,1,2,0,0,1,4,2,3,4,1,0,0,0,1,2
202,3,2,4,1,3,2,3,4,2,4,1,2,0,2,2,2,1,1,2,0,1,1,2,1,2,2,2,3,3,1,1,0,3,2,2,1,2,0,2,1,1,1,1,2,0,3,1,1,2,1,1,2,0,2,0,2,1,4,1,1,3,1,5,2,4,2,2,2,2,1,1,3,1,3,3,0,3,2,4,0,1,1,2,0,0,1,4,2,3,4,1,0,0,0,1,2
203,3,2,4,1,3,2,3,4,2,4,1,2,0,2,2,2,1,1,2,0,1,1,2,1,2,2,2,3,3,1,1,0,3,2,2,1,2,0,2,1,1,1,1,2,0,3,1,1,3,1,1,2,0,2,0,2,1,4,1,1,3,1,5,2,4,2,2,2,2,1,1,3,1,3,3,0,3,2,4,0,1,1,2,0,0,1,4,3,3,4,1,0,0,0,1,2
204,3,2,4,1,3,2,3,4,2,4,1,2,0,2,2,2,1,1,2,0,1,1,2,1,2,2,2,3,3,1,1,0,3,2,2,1,2,0,2,1,1,2,1,2,0,3,1,1,3,1,1,2,0,2,0,2,1,5,1,1,3,1,5,2,4,2,2,2,2,1,1,3,1,3,3,0,3,2,4,0,1,2,2,0,0,1,4,3,3,4,1,0,0,0,1,2
205,3,2,4,1,3,2,3,4,2,4,1,2,0,2,2,2,1,1,2,0,1,1,2,1,2,2,2,3,3,1,1,0,3,2,2,1,2,0,2,1,1,2,1,2,0,3,1,1,3,1,1,2,0,2,0,2,1,5,1,1,3,1,5,2,4,2,2,2,2,1,1,3,1,3,3,0,3,2,4,0,1,2,2,0,0,1,4,3,3,4,1,0,0,0,1,2
206,3,2,4,1,3,2,3,4,2,4,1,2,1,2,2,2,1,1,2,0,1,1,2,2,2,2,2,3,3,1,1,0,3,2,2,1,2,0,2,1,1,2,1,2,0,3,1,1,3,1,1,2,0,2,0,2,1,5,1,1,3,1,5,2,4,2,2,2,2,1,1,3,1,3,3,0,3,2,4,0,1,2,2,0,0,1,4,3,3,4,1,0,0,1,1,2
207,3,2,4,1,3,2,3,4,2,4,1,2,1,2,2,2,1,1,2,0,1,1,2,2,2,2,2,4,3,1,1,0,3,2,2,1,2,0,2,1,1,2,1,2,0,3,1,1,3,1,1,2,0,2,0,2,1,5,1,1,3,1,5,4,4,2,3,2,2,1,1,3,1,3,3,0,3,2,4,0,1,2,2,0,0,1,4,3,3,4,1,0,0,1,1,2
208,3,2,4,1,3,2,3,4,2,4,1,2,1,2,2,2,1,1,2,0,1,1,2,1,2,2,2,4,3,1,1,0,3,2,2,1,2,0,2,1,1,2,1,2,0,3,1,1,3,1,1,2,0,2,0,2,1,5,1,1,3,1,5,4,4,2,3,2,2,1,1,3,1,3,3,0,3,2,4,0,1,2,2,0,0,1,5,3,3,4,1,0,0,1,1,2
209,3,2,4,1,3,2,3,4,2,4,1,2,1,2,2,2,1,1,2,0,1,1,2,1,2,2,2,4,3,1,1,0,3,2,2,1,2,0,2,1,1,2,1,2,0,3,1,1,3,1,1,2,0,2,0,2,1,5,1,1,3,1,4,4,4,2,3,2,2,1,1,3,1,3,3,0,3,2,4,0,1,2,3,0,0,1,5,3,3,4,2,0,0,1,1,2
210,3,2,4,1,3,2,3,4,2,4,1,2,1,2,2,2,1,1,2,0,1,1,2,1,2,2,2,4,3,1,2,0,3,2,2,1,2,0,2,1,1,2,1,2,0,3,1,1,3,1,1,2,0,2,0,2,1,5,1,1,3,1,4,4,4,2,3,2,2,0,1,3,1,3,3,0,3,2,4,0,1,2,3,0,0,1,5,3,3,4,2,0,0,1,1,2
211,3,2,4,1,3,2,4,4,2,4,1,2,1,2,2,2,1,1,2,0,1,1,2,1,2,2,2,4,3,1,2,0,3,2,3,1,2,0,2,1,1,2,1,2,0,3,1,1,3,1,1,2,0,2,0,2,1,5,1,1,3,1,4,4,4,2,3,2,2,0,1,3,1,3,3,0,3,2,4,0,1,2,3,0,0,1,5,3,3,4,2,0,0,1,1,2
212,3,2,5,1,3,2,4,4,2,4,1,2,1,2,2,2,1,1,2,0,1,1,2,1,2,2,3,4,3,1,2,0,3,2,3,1,2,0,2,1,1,2,1,2,0,4,1,1,3,1,1,2,0,2,0,2,1,5,1,1,3,1,4,4,4,2,3,2,2,0,1,3,1,3,3,0,3,2,4,0,1,2,3,0,0,1,5,3,3,4,2,0,0,1,1,2
213,3,2,5,1,3,2,4,4,2,4,1,2,1,2,2,2,1,1,2,0,1,1,2,1,2,2,3,4,3,1,2,0,3,2,3,1,2,0,2,2,1,2,1,2,1,4,1,1,3,1,1,2,0,2,0,2,1,5,1,1,3,1,4,4,4,2,3,2,2,0,1,3,1,3,3,0,3,2,4,0,1,2,3,0,0,1,5,3,2,4,2,0,0,1,1,2
214,2,2,5,1,3,2,4,4,2,4,1,2,1,2,2,2,1,1,2,0,1,1,2,1,2,2,3,4,3,1,2,0,3,2,3,1,2,0,2,2,1,2,1,2,1,4,1,1,3,1,1,2,0,2,0,2,1,5,1,1,3,1,4,4,4,2,4,2,2,0,1,3,1,3,3,0,3,2,4,0,1,2,3,0,0,1,5,3,2,4,2,0,0,1,1,2
215,2,2,5,1,3,2,4,4,2,4,1,2,1,2,2,2,1,1,2,0,1,1,1,1,2,2,3,4,3,1,2,0,3,2,3,1,2,0,2,2,1,2,1,2,1,4,1,1,3,1,1,2,0,2,0,2,1,5,1,1,2,1,4,4,4,2,5,2,2,0,1,3,1,3,3,0,3,2,4,0,1,2,3,0,0,1,5,4,2,4,2,0,0,1,1,2
216,2,2,5,1,3,2,4,4,2,4,1,2,1,2,2,2,1,1,2,0,1,1,1,1,2,2,3,4,3,1,2,0,3,2,3,1,2,0,2,2,1,2,1,2,1,4,1,1,3,1,1,2,0,2,0,2,1,5,1,1,2,1,4,4,5,2,5,2,2,0,1,3,1,3,3,0,3,2,4,0,1,2,3,0,0,1,5,4,2,4,2,0,0,1,1,2
217,2,2,5,1,3,2,4,4,2,4,1,2,1,2,2,2,1,1,2,0,1,1,1,1,2,2,3,4,3,1,2,0,3,2,3,1,2,0,2,2,1,2,1,2,1,4,1,1,3,1,1,2,0,2,0,2,1,5,1,1,2,1,4,4,5,2,5,2,2,0,1,3,1,3,3,0,3,2,4,0,1,2,3,0,0,1,5,4,2,4,2,0,0,1,2,2
218,2,2,5,1,3,2,4,4,2,4,1,2,1,2,2,2,1,1,2,0,1,1,1,1,2,2,3,5,3,1,2,0,3,2,4,1,2,0,2,2,1,2,1,2,1,4,1,1,3,1,1,2,0,2,0,2,1,5,1,1,2,1,4,4,5,2,5,2,2,0,1,3,1,3,3,0,3,2,4,0,1,2,3,0,0,1,5,4,2,4,2,0,0,1,3,2
219,2,2,5,1,3,2,4,4,2,4,1,3,1,2,2,2,1,1,2,0,1,1,0,1,2,2,3,5,3,1,2,0,3,2,4,1,3,0,2,2,1,3,1,2,1,4,1,1,3,1,1,2,0,2,0,2,1,5,1,1,2,1,4,4,5,2,5,2,2,0,1,3,1,3,3,0,3,2,4,0,1,2,3,0,0,1,5,4,2,4,2,0,0,1,3,2
220,2,2,5,1,3,2,4,4,2,4,1,3,1,2,2,2,1,1,2,0,1,1,0,1,2,2,3,5,3,1,2,0,3,2,3,1,3,0,2,2,1,4,2,2,1,4,1,1,3,1,1,2,0,2,0,2,1,5,1,1,2,1,4,4,5,2,6,3,3,0,1,3,1,3,3,0,3,2,4,0,1,2,3,0,0,1,5,4,2,4,2,0,0,1,3,2
221,2,2,5,1,3,2,4,4,2,4,1,3,1,2,2,2,2,1,2,0,1,1,0,1,2,2,3,5,3,1,2,0,3,3,3,1,3,0,2,2,1,4,2,2,1,4,1,1,3,1,1,2,0,2,0,2,1,5,1,1,2,1,4,4,5,2,6,3,3,0,1,3,1,3,3,0,3,2,4,0,1,2,3,0,0,1,5,4,2,4,2,0,0,1,3,2
222,2,2,5,1,3,2,4,4,2,4,1,3,1,2,2,2,2,1,2,0,1,1,0,1,2,2,3,5,3,1,2,0,3,3,3,1,3,0,2,3,1,4,2,2,1,4,1,1,3,1,1,2,0,2,0,2,1,5,1,1,2,1,4,4,5,2,6,3,3,0,1,3,1,3,3,0,3,2,4,0,1,2,3,0,0,1,5,4,2,4,2,0,0,1,3,2
223,2,2,6,1,3,2,4,4,2,4,1,3,1,2,2,2,2,1,2,0,1,1,0,1,2,2,4,5,3,1,2,0,3,3,3,1,3,0,2,3,1,4,2,2,1,4,2,1,3,1,1,2,0,2,0,2,1,5,1,1,2,1,4,4,5,2,6,3,3,0,1,3,1,3,2,0,3,2,4,0,1,2,3,0,0,1,5,4,2,4,2,0,0,1,3,2
224,2,2,6,1,3,2,4,4,2,4,1,3,1,2,2,2,2,1,2,0,1,1,0,1,2,2,4,5,3,1,2,0,3,3,3,1,3,0,2,3,1,4,2,2,1,4,2,1,3,1,1,2,0,2,0,2,1,5,1,1,2,1,5,4,5,2,6,3,3,0,1,3,1,3,2,0,3,2,4,0,1,2,3,0,0,1,5,4,2,4,2,0,0,1,3,2
225,2,2,6,1,3,2,4,4,2,4,1,3,1,2,2,2,2,1,2,0,1,1,0,1,2,2,4,5,3,1,1,0,3,3,3,1,3,0,2,3,1,4,2,2,1,4,2,1,3,1,1,2,0,2,0,2,2,5,1,1,2,1,5,4,5,2,6,3,3,0,1,3,1,3,2,0,3,2,4,0,2,2,3,0,0,1,5,5,2,4,2,0,0,1,3,2
226,2,2,7,1,3,2,4,4,2,4,1,3,1,2,2,2,2,1,2,1,1,1,0,1,2,2,4,5,4,1,1,0,3,3,3,1,4,0,2,3,1,4,2,2,1,4,2,1,3,1,1,2,0,2,0,2,2,5,1,1,2,1,5,4,5,2,6,3,3,0,1,3,1,4,2,0,3,2,4,0,2,2,3,0,0,1,5,6,2,4,2,0,0,1,3,2
227,2,2,7,1,3,2,4,4,3,4,1,3,1,2,2,2,2,1,2,1,1,1,0,1,2,2,4,6,4,1,1,0,3,3,3,1,4,0,2,3,1,4,2,2,1,4,2,1,3,1,1,2,0,2,0,2,2,5,1,1,2,1,5,4,5,2,6,3,3,0,1,3,1,4,2,0,3,3,3,0,2,2,3,0,0,1,5,6,2,4,2,0,0,1,3,2
228,2,2,7,1,3,2,4,4,3,4,1,3,1,2,2,2,2,1,2,1,1,1,0,1,2,2,4,6,4,1,1,0,3,3,3,1,4,0,2,3,1,4,2,3,1,4,2,1,3,1,1,2,0,2,0,2,2,5,1,1,2,1,5,4,5,2,6,3,3,0,1,3,1,4,2,0,3,3,3,0,2,2,3,0,0,1,5,6,2,4,2,0,1,1,3,2
229,2,2,7,1,3,2,4,4,3,4,1,4,1,2,2,2,2,1,3,1,1,1,0,1,2,2,4,6,4,1,1,0,3,3,3,1,4,0,2,3,1,4,2,3,1,4,2,1,3,1,1,2,0,2,0,2,2,5,1,1,2,1,5,4,5,2,6,3,3,0,1,3,1,4,2,0,3,3,3,0,2,2,3,0,0,1,4,6,2,4,2,0,1,1,3,2
230,2,2,7,1,3,3,4,4,3,4,1,4,1,2,2,2,2,1,3,1,1,1,0,1,2,2,4,6,4,1,1,1,3,3,3,1,4,0,2,3,1,4,3,3,1,4,2,1,3,1,1,2,0,2,2,2,2,5,1,1,2,1,5,4,5,2,6,3,3,0,1,3,1,4,2,0,3,3,3,0,2,2,3,0,0,1,4,6,2,4,2,0,1,1,3,2
231,2,2,7,1,3,4,4,4,3,4,1,4,2,2,2,2,2,1,3,1,1,1,1,1,2,2,4,6,4,1,1,1,3,3,3,1,4,0,2,3,1,4,3,3,1,4,2,1,3,1,1,2,0,2,3,2,2,5,1,1,2,1,5,4,5,2,6,4,3,0,1,3,1,4,2,0,3,3,3,0,3,2,3,0,0,1,4,6,2,4,2,0,1,1,3,2
232,2,2,7,1,3,4,4,4,3,5,1,4,2,2,2,2,3,1,3,2,1,1,1,1,2,2,4,6,4,1,1,1,3,3,3,1,4,1,2,3,1,4,3,3,1,4,2,1,3,1,1,2,0,2,3,2,2,5,1,1,2,1,5,4,6,2,6,4,3,0,1,3,1,4,2,0,3,3,3,0,3,2,3,0,0,1,4,6,2,4,2,0,1,1,3,2
233,2,2,7,1,3,4,4,4,3,5,1,4,2,2,2,2,3,1,3,2,1,1,1,1,2,2,4,6,4,1,1,1,3,3,3,1,4,1,2,3,1,4,3,3,1,4,2,1,3,1,1,2,0,2,3,2,2,5,1,1,2,1,5,4,6,2,6,4,3,0,1,3,1,4,2,0,3,3,3,0,3,2,3,0,0,1,4,6,2,4,2,0,1,1,3,2
234,2,2,7,1,3,4,4,4,3,5,1,4,2,2,2,2,3,1,3,2,1,1,1,1,2,2,5,6,4,1,1,1,3,3,3,1,4,1,2,3,1,4,4,3,1,4,2,1,3,1,1,2,0,2,3,2,2,5,2,1,2,1,5,4,6,2,6,4,3,0,1,3,1,5,2,0,3,3,4,0,3,2,3,0,0,1,4,6,2,4,2,0,1,1,3,2
235,2,2,7,1,3,4,3,4,3,5,1,4,2,2,2,2,3,1,3,2,1,1,1,1,2,2,5,6,4,1,1,1,3,3,3,1,4,1,2,3,1,4,4,3,1,4,2,1,3,1,1,2,0,2,3,2,2,5,2,1,2,1,5,4,6,2,6,4,3,0,1,3,1,5,2,0,3,3,4,0,3,2,4,0,0,1,3,6,2,4,2,0,1,1,3,2
236,2,2,7,1,3,4,3,4,3,5,1,4,2,2,2,2,3,1,3,2,1,1,1,1,2,2,5,6,4,1,1,1,3,3,3,1,4,1,2,4,1,4,4,3,1,4,3,1,3,1,1,2,0,2,3,2,2,5,2,1,2,1,5,4,6,2,6,4,3,0,1,3,1,5,2,0,3,3,4,0,3,2,4,0,0,1,3,6,2,4,2,0,1,1,3,2
237,2,2,7,1,3,4,3,4,3,5,1,4,2,2,2,2,3,1,3,2,1,1,1,1,2,2,5,7,4,1,1,2,3,3,3,1,4,1,2,4,1,4,4,4,1,4,3,1,3,1,1,2,0,2,3,2,2,5,2,1,2,1,5,4,6,2,6,4,3,0,1,3,1,5,2,0,3,3,4,0,3,2,4,0,0,1,3,6,2,4,2,0,1,1,3,2
238,2,2,8,1,3,4,3,4,3,5,1,4,2,2,2,2,3,1,3,2,1,1,1,1,2,2,5,7,4,1,1,2,3,3,3,1,4,2,2,4,1,4,4,4,1,4,4,1,3,1,1,2,0,2,3,2,2,5,2,1,2,1,5,4,6,2,7,5,3,0,1,3,1,5,2,0,3,3,4,0,3,2,4,0,0,1,3,6,2,4,2,0,1,1,3,2
239,2,2,8,2,3,4,3,4,3,5,1,4,2,2,2,2,3,1,3,2,1,1,1,1,2,2,5,7,4,1,1,2,3,3,3,1,4,2,2,4,1,4,4,4,1,4,4,1,3,1,1,2,0,2,3,2,2,5,2,1,2,1,5,4,6,2,7,5,3,0,1,3,1,5,2,0,3,3,4,0,3,2,4,0,0,1,3,6,2,4,2,0,1,1,3,2
240,2,2,8,2,3,4,3,4,3,5,1,4,3,2,2,2,3,1,3,2,1,1,1,1,2,2,5,7,4,1,1,2,3,3,4,1,4,2,2,4,1,4,4,4,1,4,4,1,3,1,1,2,0,2,3,2,2,5,2,1,2,1,5,4,6,2,7,5,3,0,1,3,1,5,2,0,3,3,4,0,3,2,4,0,0,1,3,6,2,4,2,0,0,1,3,2
241,2,2,8,2,3,4,3,4,3,5,1,4,3,2,2,2,3,1,3,2,1,1,1,1,3,2,5,7,4,1,1,2,3,3,4,1,5,2,2,4,1,4,4,4,1,4,4,1,3,1,1,2,0,2,3,2,2,5,2,1,2,1,5,4,6,2,7,5,3,0,1,3,1,5,2,0,3,3,4,0,3,2,4,0,0,1,3,6,2,4,2,0,0,1,3,2
242,2,2,7,2,3,4,3,4,3,5,1,4,3,2,2,2,3,1,3,2,1,1,1,1,3,2,5,7,4,1,1,2,3,3,4,1,5,2,2,4,2,4,4,4,1,4,4,1,3,1,1,2,0,2,3,2,2,6,3,1,3,1,5,4,6,2,8,5,3,0,1,3,1,5,2,0,3,3,4,0,3,2,4,0,0,1,3,6,2,5,2,0,0,1,3,2
243,2,2,7,2,3,4,3,4,3,5,1,4,3,2,2,2,3,1,3,2,1,1,1,1,3,2,5,7,4,1,1,2,3,3,4,1,5,2,2,4,2,4,4,4,1,4,4,1,3,1,1,2,0,2,3,2,2,8,4,0,3,1,5,4,6,3,9,5,3,0,1,3,1,5,2,0,3,3,4,0,3,2,4,0,0,1,3,7,2,5,2,0,0,1,3,2
244,2,2,7,2,3,4,3,3,3,5,1,4,3,2,2,2,3,1,3,2,1,1,1,1,3,2,5,7,4,1,1,2,4,3,4,1,5,2,2,4,2,4,4,4,1,4,4,1,3,1,1,2,0,2,3,2,2,8,4,0,3,1,5,4,6,3,9,5,3,0,1,3,1,5,2,0,3,3,4,0,3,2,4,0,0,2,3,7,2,5,2,0,0,1,3,2
245,2,2,7,2,3,4,3,3,3,5,1,4,3,2,2,2,3,1,3,2,1,1,1,1,3,2,5,7,4,1,1,2,4,3,4,1,5,2,2,4,2,4,4,4,1,4,4,1,3,1,1,2,0,2,3,2,2,8,4,0,4,1,5,4,6,3,9,5,3,0,1,3,1,5,2,0,3,3,4,0,3,2,4,0,0,2,3,7,2,4,2,0,0,1,3,2
246,2,2,7,2,3,4,3,3,3,5,1,4,3,2,1,2,3,1,3,3,1,1,1,1,3,2,5,7,4,1,1,2,4,3,4,1,5,2,2,4,3,5,4,5,1,4,4,1,3,1,1,2,0,2,3,2,2,8,4,0,4,1,5,4,7,3,9,5,3,0,1,3,1,5,2,0,3,3,4,0,3,2,4,0,0,2,3,7,2,4,2,0,0,1,3,2
247,2,2,7,2,3,4,3,3,3,5,1,4,3,2,1,2,3,1,3,3,1,1,1,1,4,2,5,7,4,2,1,2,4,3,4,1,5,2,2,4,3,5,4,5,1,4,4,1,3,1,1,2,0,2,3,2,2,8,4,0,4,1,5,4,7,3,9,5,3,0,1,3,1,5,2,0,3,3,5,0,3,2,4,0,0,2,3,7,2,5,2,0,0,1,3,2
248,2,2,7,2,3,4,3,3,3,5,1,4,3,2,1,2,3,1,3,3,1,1,1,1,4,2,6,7,4,2,1,2,4,3,4,1,5,2,2,4,3,5,4,5,1,4,4,1,3,1,1,2,0,2,3,2,2,8,4,0,4,1,5,4,7,3,9,5,3,0,1,3,1,5,2,0,3,3,5,0,3,2,4,0,0,2,3,7,2,5,2,0,0,1,3,2
249,2,2,7,2,3,4,3,3,3,5,1,4,4,2,1,2,3,1,3,3,1,1,1,1,4,2,6,7,4,2,1,2,4,3,4,1,5,2,2,4,3,5,4,5,1,4,4,1,3,1,1,2,0,2,3,2,2,8,4,0,4,1,5,4,7,3,10,5,3,0,1,3,1,5,2,0,3,3,5,0,3,2,4,0,0,3,3,7,2,5,2,0,0,1,3,2
250,2,2,8,2,3,4,3,3,3,5,1,4,4,2,1,2,3,2,3,3,1,1,1,2,4,2,6,7,4,2,1,2,4,3,4,1,5,2,2,4,3,5,3,5,1,4,4,1,3,1,1,2,0,2,4,2,2,8,4,0,4,1,5,4,7,3,10,5,3,0,2,2,1,5,2,0,3,3,5,0,3,2,4,0,0,3,3,7,2,5,2,0,0,1,3,2
251,2,2,8,2,3,4,3,3,3,5,1,4,5,2,1,2,3,2,3,3,1,1,1,2,4,2,6,7,4,2,1,3,4,3,4,1,5,2,2,4,3,5,3,5,1,4,4,1,3,1,1,2,0,2,4,2,2,8,4,0,4,1,5,4,7,3,10,5,3,0,2,3,1,5,2,1,3,3,5,0,3,2,4,0,0,3,3,7,2,5,2,0,0,1,3,2
252,2,2,8,2,3,4,3,3,3,5,1,4,5,2,1,2,3,2,3,4,1,1,1,2,4,2,6,7,4,2,1,3,4,3,4,1,5,2,2,4,3,5,3,5,1,4,4,1,3,1,1,2,0,2,4,2,2,8,4,0,4,1,5,4,7,3,11,5,3,0,2,3,1,5,2,1,3,3,5,0,3,2,4,0,0,3,3,7,3,5,2,0,0,1,3,2
253,2,2,8,2,3,4,3,3,3,5,1,4,5,2,1,2,4,2,3,4,1,1,1,2,4,2,6,7,4,3,1,3,5,3,4,1,5,2,2,4,3,5,3,5,1,4,4,1,3,1,1,2,0,2,4,2,2,8,5,0,4,1,5,4,7,3,11,5,3,0,2,3,1,5,2,1,3,3,5,0,3,2,4,0,0,3,3,7,4,5,2,0,0,1,3,2
254,2,2,8,2,3,3,3,3,3,5,1,4,5,2,2,2,4,2,3,5,1,1,1,2,4,2,6,8,4,3,1,3,5,3,4,1,5,2,2,4,3,5,3,5,1,4,4,1,3,1,1,2,0,2,4,2,3,8,5,0,4,1,5,4,7,3,11,5,3,0,2,3,1,5,2,1,3,3,5,0,3,2,4,0,0,3,3,7,4,5,2,0,0,1,3,2
255,2,2,8,2,3,3,3,3,3,5,1,4,5,2,2,2,4,2,3,6,1,1,1,2,4,2,6,9,4,3,1,3,5,3,4,1,5,2,2,4,3,5,3,5,1,4,4,1,3,1,1,2,0,2,4,2,3,8,5,0,4,1,5,5,7,3,11,5,3,0,2,3,1,5,2,1,3,3,6,1,3,2,4,0,0,3,3,7,4,5,2,0,0,1,3,2
256,2,2,8,2,3,3,3,3,3,6,1,4,5,2,2,2,5,2,3,6,1,1,1,2,4,2,6,9,4,3,1,3,5,3,4,1,5,2,2,4,3,5,3,5,1,4,4,1,3,1,1,2,0,2,4,2,3,8,5,0,4,1,5,5,7,3,11,5,3,0,2,3,1,5,2,1,3,4,6,1,3,3,4,0,0,3,3,7,4,5,2,0,0,1,3,2
257,2,2,8,2,3,3,3,3,3,6,1,4,5,2,2,3,5,2,3,6,1,1,1,3,5,2,6,9,4,3,1,3,6,3,4,1,5,3,2,4,3,5,3,5,1,4,4,1,3,1,1,2,0,2,4,2,3,8,5,0,4,1,5,5,7,3,10,5,3,0,2,3,1,5,2,1,3,4,6,1,3,3,4,0,0,3,3,7,5,5,2,0,0,1,3,2
258,2,2,8,2,3,3,3,4,3,6,1,4,5,2,2,3,5,2,3,6,1,1,1,3,5,2,7,10,4,3,1,4,6,3,4,1,5,3,2,4,3,5,3,6,1,4,4,1,3,2,1,2,0,2,4,2,3,9,5,0,4,1,5,5,7,3,10,5,3,0,2,3,1,5,2,1,3,4,6,1,3,3,4,0,0,3,3,7,6,5,2,0,0,1,3,2
259,2,2,8,2,4,3,3,4,3,6,1,4,5,2,2,3,5,2,3,6,1,1,1,3,5,2,7,10,4,3,1,4,6,3,4,1,5,3,2,4,3,5,3,6,1,4,4,1,3,2,1,2,0,2,4,2,3,9,5,0,4,1,5,5,7,3,10,5,3,0,2,4,1,5,2,1,3,4,6,1,3,3,4,0,0,3,3,7,6,5,2,0,0,1,3,2
260,2,2,8,2,4,3,3,4,2,6,1,4,5,2,2,3,5,2,3,7,1,1,1,3,5,2,7,10,4,3,1,4,6,3,4,1,5,3,2,4,3,5,3,6,1,4,4,1,3,2,1,3,0,2,4,2,3,9,5,0,4,1,6,5,7,3,10,5,4,0,2,4,1,5,2,1,3,4,6,1,3,3,4,0,0,3,3,7,6,5,3,0,0,2,3,3
261,2,2,8,2,4,3,3,4,2,6,1,4,6,2,2,3,5,2,3,7,1,1,1,3,5,2,7,10,4,3,1,4,6,3,4,1,5,3,2,4,3,5,4,6,1,5,4,1,3,2,1,3,0,2,4,2,3,9,5,0,4,1,6,5,7,3,10,5,4,0,2,4,1,5,2,1,3,4,6,1,3,4,4,1,0,3,3,7,6,5,4,0,0,2,3,3
262,2,2,8,2,4,3,3,4,2,6,1,4,8,2,2,3,5,2,3,7,1,1,1,3,5,2,7,11,4,3,1,4,6,3,4,1,5,3,2,4,3,5,5,6,1,5,4,1,3,2,1,3,0,2,4,2,3,9,5,0,4,1,6,5,7,3,10,5,4,0,2,4,1,5,2,1,3,4,6,1,3,4,4,1,0,3,3,7,6,5,4,0,0,2,3,3
263,2,2,8,2,4,3,4,4,2,6,1,5,8,2,2,3,6,2,3,7,1,1,1,3,5,2,7,11,4,3,1,4,6,3,4,1,5,3,2,4,3,5,5,6,1,5,4,1,3,2,1,3,0,2,4,3,3,9,5,0,4,1,6,5,7,3,10,5,4,0,2,4,2,5,2,0,3,4,6,1,3,4,4,1,0,4,3,7,6,5,4,0,0,2,3,3
264,2,2,8,1,4,3,4,4,2,6,1,5,9,2,2,3,6,2,3,7,1,1,1,3,5,2,7,11,4,3,1,3,6,3,4,1,5,3,2,4,3,5,5,6,1,5,4,1,3,2,1,3,0,2,4,3,3,9,5,0,4,1,6,5,7,3,11,5,4,0,2,4,2,5,2,0,3,4,6,1,3,4,4,1,0,4,3,7,6,5,4,0,0,2,3,3
265,2,2,8,1,4,3,4,4,2,6,2,5,9,2,2,3,6,2,4,7,1,1,1,3,5,2,7,11,4,3,1,3,6,3,4,1,5,3,2,4,3,5,5,6,1,5,4,1,3,2,1,3,0,2,4,3,3,9,5,0,4,1,6,5,7,3,11,5,4,0,2,4,2,5,2,0,3,4,6,1,4,4,4,1,0,4,3,7,6,5,5,0,0,2,3,3
266,2,2,8,1,4,3,4,4,2,6,2,5,9,3,2,3,6,2,4,7,1,1,1,3,5,2,7,11,4,3,1,3,6,3,4,1,5,3,2,4,3,5,6,6,1,5,4,1,3,2,1,3,0,2,4,3,3,10,5,0,4,1,6,5,7,3,11,5,5,0,2,5,2,5,2,0,3,4,6,1,4,4,4,1,0,4,3,7,6,6,5,0,0,2,3,3
267,2,2,7,1,4,4,4,4,2,6,2,5,9,3,2,3,6,2,4,7,1,1,1,3,5,2,7,11,4,3,1,3,6,3,4,1,5,3,2,5,3,5,6,6,1,5,4,1,3,2,1,3,0,2,4,3,3,10,5,0,4,1,6,5,7,3,11,5,5,0,2,5,2,5,3,0,3,5,6,2,4,4,4,1,0,4,3,7,6,6,5,0,0,2,3,3
268,2,2,7,1,4,4,4,4,2,6,2,5,9,4,2,3,6,2,4,7,1,1,1,3,5,2,7,11,4,3,1,3,6,3,4,1,5,3,2,5,3,5,6,6,1,5,4,1,3,2,1,3,0,2,4,4,3,10,5,0,4,1,6,5,7,3,10,5,5,0,2,6,2,5,3,0,3,5,7,2,4,4,4,1,0,4,3,7,6,6,5,0,0,2,3,4
269,2,2,7,1,4,6,4,4,2,6,2,5,9,4,2,3,6,2,4,7,1,2,1,3,5,3,7,11,4,3,1,3,6,3,4,1,5,3,2,5,3,5,6,6,1,5,4,1,3,2,1,4,0,2,4,4,3,10,5,0,4,1,6,5,7,3,11,5,4,0,2,6,2,5,3,0,3,5,7,2,4,4,4,1,0,4,3,7,6,6,5,0,0,2,3,4
270,2,2,8,1,4,6,4,4,2,6,2,5,9,4,2,3,6,2,4,7,1,2,1,3,5,3,7,11,4,3,1,2,6,3,4,1,5,3,2,5,3,5,6,6,1,5,3,1,3,2,1,4,0,2,4,4,3,11,5,0,4,1,6,5,8,3,11,5,4,0,2,6,2,5,3,0,3,5,7,2,5,4,4,1,0,4,3,7,6,6,5,0,0,2,3,4
271,3,2,9,1,4,6,4,4,2,6,2,5,9,4,2,3,6,2,4,7,1,2,1,3,5,3,8,11,4,3,1,2,6,3,4,1,5,3,2,5,3,5,6,6,1,5,3,1,3,2,1,4,0,2,4,4,3,11,5,0,4,1,6,5,8,3,11,5,5,0,2,6,2,5,3,0,3,5,7,2,5,4,4,1,0,4,3,7,6,6,5,0,0,2,3,4
272,3,2,9,1,4,6,4,3,2,6,2,5,9,4,2,3,6,2,4,7,1,2,1,3,5,3,8,11,4,3,1,2,6,3,4,1,5,3,2,5,3,5,6,6,1,5,3,1,3,2,1,4,0,1,4,4,3,11,5,0,4,1,6,5,8,3,11,5,5,0,2,6,2,5,3,0,3,5,7,2,5,4,4,1,0,4,3,8,6,6,5,1,0,2,3,4
273,3,2,9,1,4,6,4,3,2,6,2,5,10,4,2,3,6,2,4,7,1,2,1,3,5,3,8,11,4,3,1,3,6,3,4,1,5,3,2,5,3,5,6,6,1,5,3,1,3,2,2,4,0,1,4,4,3,11,5,0,4,1,6,5,8,3,11,6,5,0,2,6,3,5,3,0,3,5,7,2,5,4,4,1,0,4,3,9,7,6,5,1,0,1,3,4
274,3,2,9,1,4,6,4,3,2,7,2,5,10,4,2,3,6,2,4,7,1,2,1,3,5,3,8,11,4,3,1,3,6,3,4,1,5,3,2,5,3,5,6,6,1,5,3,1,3,1,2,4,0,1,4,4,3,11,6,0,4,1,6,5,8,3,11,6,5,0,2,7,3,5,3,0,3,5,7,2,5,5,4,1,0,4,3,9,7,6,5,2,0,1,4,4
275,3,2,9,1,4,6,4,3,2,7,2,5,10,4,2,3,6,2,4,7,1,2,1,3,5,3,9,11,4,4,1,3,7,3,4,1,5,3,2,5,3,5,6,6,0,5,3,1,3,1,2,4,0,1,4,4,3,11,6,0,4,1,7,5,8,3,11,6,5,0,2,7,3,5,3,0,3,5,7,2,5,5,4,1,0,4,3,10,7,6,5,2,0,1,4,4
276,3,2,9,1,4,6,4,3,2,7,2,5,10,4,2,3,6,3,4,7,1,2,1,3,5,3,9,11,4,4,1,3,7,3,4,1,5,3,2,5,3,5,6,6,0,5,3,1,3,1,2,4,0,1,4,4,3,11,7,0,4,1,7,5,8,3,11,6,5,0,2,8,3,5,3,0,3,5,7,2,5,5,5,1,0,4,3,10,7,6,5,2,0,1,4,4
277,4,2,9,1,4,6,4,3,2,7,2,5,10,4,2,3,6,3,4,7,1,3,1,3,5,3,9,11,4,4,1,3,7,3,4,1,5,3,2,5,3,5,6,6,0,6,3,1,3,1,2,4,0,1,4,4,3,11,7,0,4,1,8,5,8,3,11,6,5,0,2,8,3,5,3,0,3,5,7,2,5,5,5,1,0,4,3,10,7,7,5,2,0,1,4,4
278,4,2,9,1,4,6,4,3,2,7,2,5,10,4,2,3,6,3,4,7,1,3,1,3,5,3,9,12,4,4,1,3,7,3,4,1,6,3,2,5,4,5,7,6,0,6,3,1,3,1,2,4,0,2,4,4,3,11,7,0,4,1,8,5,8,3,12,6,5,0,2,8,3,5,3,0,3,5,7,2,5,5,5,1,0,4,3,10,7,8,5,2,0,1,4,4
279,4,2,9,1,4,6,4,3,2,7,3,5,10,4,2,3,6,3,4,7,1,3,1,3,5,3,9,12,5,4,1,3,7,3,4,1,6,3,2,5,4,5,7,6,0,6,3,1,4,1,2,4,0,2,4,4,3,11,7,0,4,1,8,5,8,3,12,6,5,0,3,8,3,5,3,0,3,6,7,2,5,5,5,1,0,4,3,11,7,8,5,2,0,1,4,4
280,4,2,10,1,4,6,4,3,2,7,3,5,10,4,2,3,6,3,4,7,1,3,1,3,5,3,9,12,5,4,1,3,7,3,4,1,6,3,2,5,4,5,7,6,0,6,3,1,4,1,2,5,0,3,4,4,3,13,7,0,4,1,8,5,7,3,12,6,5,0,3,8,3,5,3,0,3,6,7,2,5,5,5,1,0,4,3,11,7,8,5,2,0,1,4,4
281,4,2,10,1,3,6,4,3,2,7,3,5,10,4,2,3,6,3,4,7,1,3,1,4,5,3,9,12,5,4,1,3,7,3,4,1,6,3,2,5,4,5,7,6,0,6,3,1,4,1,2,5,0,3,4,4,4,13,7,0,4,1,8,5,7,3,12,6,5,0,3,8,3,5,3,0,3,6,7,2,5,6,5,1,0,4,3,11,7,8,5,2,0,1,4,4
282,4,2,10,1,3,6,4,3,2,7,4,5,10,4,2,3,6,3,4,7,1,3,1,4,5,3,9,12,5,4,1,3,7,3,4,1,6,3,2,5,4,5,7,6,0,6,3,1,4,1,2,5,0,3,5,4,5,13,7,0,4,1,8,5,7,3,12,6,5,0,3,8,3,5,3,0,3,6,7,2,5,6,5,1,0,4,3,11,7,8,5,2,0,1,4,4
283,4,2,10,1,4,6,4,3,2,7,4,5,10,4,2,3,6,3,4,7,1,3,1,4,6,3,9,12,5,4,1,4,7,4,4,1,7,3,2,5,4,5,7,6,0,6,3,1,4,1,2,5,0,3,5,4,5,13,7,0,4,1,8,5,7,3,13,6,5,0,3,8,3,5,3,0,3,6,7,2,5,6,5,1,0,4,3,11,7,8,5,2,0,1,4,4
284,4,2,11,1,4,6,4,3,2,7,4,6,10,4,2,3,6,3,4,7,1,3,1,6,6,3,9,12,5,4,1,4,7,4,4,2,7,3,3,5,4,5,7,6,1,6,3,2,4,1,2,5,0,3,5,4,5,13,7,0,4,1,8,5,7,3,14,6,5,0,3,8,3,5,3,0,3,6,7,2,5,6,5,1,0,4,3,11,7,8,5,2,0,1,4,5
285,4,2,11,1,4,6,4,3,2,7,4,6,11,4,2,3,6,3,5,8,1,3,1,6,6,3,9,12,6,4,1,4,8,4,4,2,7,3,3,5,4,5,7,6,1,6,3,2,4,1,2,5,0,3,5,4,5,13,7,0,5,1,8,5,7,3,14,6,5,0,3,9,3,5,3,0,3,6,7,2,5,6,5,1,0,4,4,11,7,8,5,2,0,1,4,5
286,4,2,11,1,4,6,4,3,2,7,4,6,11,4,2,2,6,3,5,8,1,3,1,6,8,3,9,11,6,4,1,4,8,4,4,2,7,3,3,5,4,5,7,6,2,6,3,2,4,1,2,5,0,3,5,4,5,13,7,0,5,1,8,5,7,3,14,6,5,0,3,9,3,5,3,0,3,6,7,2,5,6,5,1,0,4,4,11,7,8,5,2,0,1,4,5
287,4,2,11,1,4,6,4,3,2,7,4,6,12,4,2,2,6,3,6,8,1,3,1,6,8,3,9,11,6,5,1,4,10,4,4,2,7,3,3,5,4,5,7,6,2,6,3,2,4,1,2,5,0,3,5,4,5,14,7,0,5,2,8,5,7,3,14,6,5,0,3,9,3,5,3,0,3,6,7,2,5,6,5,1,0,4,4,11,7,8,5,2,0,1,4,5
288,4,2,11,1,4,6,4,3,2,7,4,6,12,5,2,2,6,3,6,8,1,3,1,6,8,3,9,11,6,5,2,4,10,4,4,2,7,3,3,5,4,5,7,6,2,6,3,2,4,1,2,5,0,3,5,4,5,14,7,0,5,2,8,5,7,3,14,6,5,0,3,9,3,5,3,0,3,6,7,2,5,6,5,1,0,4,4,11,6,8,5,2,0,1,4,5
289,4,2,12,1,4,6,4,3,2,7,4,6,12,5,2,2,6,3,6,8,1,3,1,7,8,3,9,11,6,5,2,4,10,4,4,2,7,3,3,5,4,5,7,6,2,6,3,2,4,2,2,5,0,3,5,5,5,14,7,0,5,2,8,5,7,3,14,6,5,0,3,9,3,5,3,1,3,6,7,2,5,6,5,1,0,4,4,11,6,8,5,2,0,1,4,5
290,4,2,12,1,4,6,4,3,2,7,4,6,12,5,2,2,6,3,6,8,1,3,1,7,8,3,9,11,6,5,2,4,10,4,4,2,7,3,3,5,4,5,7,6,2,6,3,2,4,2,2,5,0,3,5,5,7,14,7,0,5,2,8,5,7,3,14,6,5,0,3,9,3,5,3,1,3,6,7,2,5,6,5,1,0,4,4,12,6,8,5,2,0,1,4,5
291,5,2,12,1,4,6,4,3,2,7,4,6,12,5,2,2,6,3,7,8,1,4,1,7,8,4,9,11,7,5,2,4,10,5,4,2,7,3,3,6,4,5,7,6,2,6,3,2,4,2,2,5,0,3,5,5,8,14,7,0,5,2,8,5,7,3,14,6,5,0,3,9,3,5,3,1,3,6,7,2,5,6,5,1,0,4,4,12,6,8,5,3,0,1,4,5
292,5,2,12,1,4,6,4,3,2,7,4,6,12,7,2,2,6,3,7,9,1,5,1,7,8,4,9,11,7,5,2,4,10,5,4,2,7,3,3,6,4,5,7,6,2,6,3,2,4,2,2,5,0,3,5,5,8,14,7,0,5,2,8,5,7,3,14,6,5,0,3,9,3,5,3,1,3,6,8,2,5,6,6,1,0,4,4,12,6,8,5,3,0,1,3,5
293,5,2,12,2,4,6,4,3,2,7,4,6,13,7,2,2,6,3,7,9,2,5,1,8,8,4,9,11,7,5,2,4,10,5,4,2,7,3,3,7,4,5,7,6,2,6,3,2,4,2,2,5,0,3,6,5,8,14,7,0,5,2,8,5,7,3,14,6,5,0,3,9,3,6,3,1,3,6,8,2,5,6,6,1,0,4,4,12,6,8,5,3,0,1,3,5
294,5,2,12,2,4,7,5,3,2,7,4,6,13,7,2,2,6,3,8,9,2,5,1,8,8,4,9,11,8,5,2,4,10,5,4,2,7,3,3,7,4,5,7,6,2,6,3,2,4,2,2,6,0,4,6,5,9,15,8,0,5,2,8,5,7,3,13,6,5,0,3,9,3,6,3,1,3,7,10,2,5,7,6,1,0,4,4,12,7,8,5,3,0,1,3,5
295,5,2,12,2,4,7,5,3,2,7,4,6,13,7,2,2,7,3,8,9,2,5,1,8,8,4,9,12,8,6,2,4,10,5,4,2,7,3,3,7,4,5,7,6,2,6,3,2,4,2,2,6,0,5,6,5,9,15,8,0,5,2,8,5,7,3,13,7,5,0,3,10,3,6,3,1,3,7,11,2,5,7,6,1,0,4,4,12,7,8,5,3,0,1,3,5
296,4,2,12,2,4,7,5,3,2,7,5,6,13,7,2,2,7,3,8,9,2,5,1,9,8,5,9,12,8,6,2,4,10,4,4,2,7,3,4,8,4,5,7,6,2,6,3,2,4,2,3,6,0,5,6,5,9,16,8,0,5,2,8,5,7,3,13,7,5,0,4,10,3,6,3,1,3,7,11,2,5,7,6,2,0,4,4,12,7,8,5,3,0,1,3,5
297,4,2,12,2,4,7,5,3,2,7,5,7,13,7,3,2,7,3,8,9,2,5,1,9,8,5,9,12,8,7,2,4,10,4,4,2,7,3,4,8,4,5,7,5,2,5,3,2,4,2,3,6,0,5,6,5,9,16,8,0,5,2,8,5,7,3,13,7,5,0,4,10,3,6,3,1,3,7,11,2,5,7,6,2,0,4,4,12,7,8,5,3,0,1,3,5
298,4,2,14,2,4,7,5,3,2,7,5,7,13,7,3,2,7,3,8,10,2,5,1,9,8,5,9,12,8,7,2,4,10,4,5,3,7,3,4,8,4,5,8,5,3,5,3,2,4,2,3,6,0,5,6,5,9,16,8,0,5,2,8,5,7,3,13,7,5,0,4,10,3,6,4,1,3,7,11,2,5,8,5,2,0,4,4,12,7,8,5,3,0,1,3,5
299,4,2,15,2,4,7,5,3,2,7,5,7,13,7,3,2,6,3,8,10,2,5,1,11,8,5,9,12,8,8,2,4,10,5,5,3,7,3,4,8,4,5,8,5,3,5,3,2,4,2,3,6,0,6,6,5,9,17,8,0,5,2,8,5,7,3,13,7,5,0,4,10,3,6,4,2,3,7,11,2,5,8,5,2,0,4,4,12,7,8,5,3,0,1,3,5
300,4,2,15,2,4,7,5,3,2,7,5,7,13,7,3,2,7,3,8,10,2,5,1,11,8,5,9,12,8,8,2,4,10,5,5,3,7,3,4,8,4,5,8,5,4,5,3,2,4,2,3,6,0,6,6,5,9,17,8,0,5,2,8,5,7,3,13,7,5,0,4,10,3,6,4,3,3,7,11,2,6,8,5,2,1,4,4,12,7,8,5,3,0,1,3,5
301,4,2,15,2,4,7,5,3,2,7,5,7,13,7,3,2,7,3,8,10,2,5,1,11,8,5,9,12,8,8,2,5,10,5,5,3,7,3,4,8,4,5,8,5,4,5,3,3,4,2,3,6,0,7,6,5,9,17,10,0,5,2,8,6,7,3,13,7,5,0,4,10,3,6,4,3,3,7,11,2,6,8,5,2,1,5,4,12,8,8,5,3,0,1,3,5
302,4,2,16,2,4,7,5,3,2,7,6,7,13,7,3,2,7,3,8,10,2,5,1,11,8,5,9,12,8,8,2,5,10,5,5,3,7,3,4,8,4,5,8,5,4,5,3,4,4,2,3,6,0,6,5,5,9,19,10,1,5,2,8,6,7,3,13,7,5,0,4,10,3,6,4,3,3,7,11,2,6,8,5,2,1,5,4,12,8,8,5,3,0,1,3,5
303,4,2,16,2,4,7,5,3,2,7,6,7,13,7,3,2,7,3,8,11,2,5,1,11,8,5,9,12,8,8,2,5,10,5,5,3,7,3,4,9,4,5,8,5,4,5,3,4,4,2,3,6,0,6,5,6,9,19,11,1,5,2,8,6,7,3,13,7,5,0,4,10,3,6,4,3,3,7,12,2,6,8,5,2,1,5,4,12,8,8,5,3,0,1,3,5
304,4,2,16,2,4,7,5,3,2,7,6,7,13,7,3,2,7,3,9,11,2,5,1,11,8,5,9,12,8,8,2,5,10,5,5,3,7,3,4,9,4,5,8,5,4,5,3,4,4,2,3,7,0,6,5,6,9,19,11,1,5,2,8,6,7,3,13,7,5,0,4,10,3,6,4,3,3,8,12,2,6,8,5,3,1,5,4,12,8,8,5,3,1,1,3,5
305,4,2,16,2,5,7,5,3,2,7,6,7,13,7,3,2,7,3,9,11,3,7,1,13,9,5,9,11,8,8,2,5,10,5,5,3,7,3,5,9,4,5,8,5,4,5,3,4,4,2,3,7,0,6,5,7,9,20,11,1,5,2,8,7,7,3,14,7,5,0,4,10,4,6,4,3,3,8,12,2,6,8,5,3,1,5,4,12,8,8,5,3,1,1,3,5
306,4,2,16,2,5,7,5,3,2,7,6,7,13,7,3,2,6,3,9,11,3,7,1,13,9,5,9,11,8,8,2,5,10,5,5,3,7,3,5,9,4,5,8,5,3,5,3,4,4,2,3,7,0,6,5,7,9,20,11,1,5,2,8,7,7,3,14,7,5,0,4,10,4,6,4,3,3,8,12,2,6,9,6,3,1,5,4,12,8,8,5,3,1,1,3,5
307,4,2,16,2,5,7,5,3,2,7,6,7,14,7,3,2,6,3,9,11,3,7,1,13,9,5,10,12,8,8,2,6,10,5,5,3,7,3,5,9,4,5,8,5,3,5,4,4,4,2,3,7,0,8,6,7,9,20,11,1,5,2,8,7,7,3,14,7,5,0,4,10,4,6,4,3,3,8,13,2,6,9,6,3,1,5,4,12,9,9,5,3,1,1,3,5
308,4,2,16,2,5,7,5,3,2,7,6,7,14,7,3,2,6,3,9,11,3,7,1,13,10,5,10,12,8,8,2,6,10,5,5,3,7,3,6,9,4,5,8,5,3,5,4,4,4,2,3,7,0,8,6,7,9,20,11,1,5,2,8,7,7,3,15,7,5,0,4,10,4,6,4,3,3,8,14,2,6,9,7,3,1,5,4,12,9,9,5,5,1,1,3,5
309,4,2,16,2,5,7,5,3,2,7,6,7,14,7,3,2,6,3,9,11,4,7,1,13,10,7,10,12,8,7,2,6,10,5,5,3,7,3,6,9,4,5,8,5,4,5,4,4,4,2,3,7,0,8,6,7,9,20,11,1,5,2,8,7,7,4,15,7,5,0,3,10,4,6,4,4,3,8,14,2,6,9,7,3,1,5,4,12,9,9,5,5,1,1,3,5
310,4,2,16,2,5,7,5,3,2,7,6,7,14,7,3,2,6,3,9,11,4,7,1,13,10,7,10,13,8,7,2,6,10,5,5,3,7,3,6,10,4,5,8,5,4,5,4,5,4,2,3,8,0,8,6,7,10,20,11,1,5,2,8,8,7,4,15,7,5,0,3,10,4,6,4,4,3,8,14,2,6,9,7,4,1,5,4,12,9,9,5,5,1,1,3,5
311,4,2,17,2,5,8,5,3,2,7,8,7,14,7,3,2,6,3,10,11,4,6,1,13,10,7,10,13,8,7,2,6,10,5,5,3,7,3,6,11,4,5,8,5,4,5,4,6,4,2,3,8,0,8,6,7,10,21,12,1,5,2,8,8,8,4,15,7,5,0,3,9,4,6,4,4,3,8,14,2,6,9,7,4,1,5,4,12,9,9,5,6,1,1,3,5
312,4,2,17,2,6,8,5,3,2,7,8,7,14,7,3,2,6,3,10,11,4,7,1,13,10,7,10,13,8,7,2,6,10,5,5,3,7,3,6,12,4,5,8,5,4,5,4,6,4,2,3,8,0,8,6,7,10,21,12,1,5,2,9,8,8,4,14,7,6,1,3,9,4,6,4,4,3,8,14,2,6,9,8,4,1,5,4,13,9,9,6,6,1,1,3,5
313,4,2,17,2,6,8,5,3,2,7,8,7,14,7,3,2,6,4,10,11,4,7,1,13,10,8,10,13,8,7,2,6,10,5,5,3,7,4,6,12,4,5,8,6,4,5,4,6,4,2,3,8,0,8,6,7,10,21,12,1,5,2,9,8,8,4,14,8,6,2,3,10,4,6,4,4,3,8,14,2,6,9,8,4,1,5,4,13,9,9,6,6,1,1,3,5
314,4,2,17,2,6,8,5,3,2,7,8,7,14,7,3,2,6,4,11,11,4,7,1,13,10,8,10,13,8,7,2,6,10,5,5,3,7,4,6,12,4,5,8,6,4,5,4,6,4,2,3,8,0,8,6,7,10,21,12,1,6,2,9,8,9,4,15,8,6,2,3,10,4,6,4,4,3,8,14,2,6,9,8,4,1,6,4,13,9,9,6,6,1,1,3,5
315,4,2,17,2,6,8,5,3,2,7,8,7,14,8,3,2,6,4,11,11,4,7,1,13,10,8,10,13,8,7,2,6,10,6,5,3,7,4,6,12,4,5,8,6,4,5,4,6,4,2,3,8,0,8,6,7,10,21,12,1,6,2,10,8,9,4,15,8,6,2,3,10,4,6,4,4,3,8,14,2,6,9,8,4,1,6,5,13,9,9,6,6,1,1,3,5
316,4,2,17,2,6,8,5,3,2,7,8,7,14,8,3,2,7,5,11,11,4,7,1,13,10,8,10,13,8,7,2,6,10,6,5,3,7,4,7,12,4,5,8,6,4,5,4,7,4,2,3,8,0,8,6,7,10,21,12,1,6,2,10,8,9,4,15,9,6,2,3,10,4,6,4,4,3,8,14,2,5,9,8,4,1,6,5,13,9,9,6,6,1,1,3,6
317,4,2,17,2,6,8,5,3,2,7,8,7,15,8,3,2,7,5,11,12,4,8,1,13,10,8,10,12,8,7,2,6,10,6,5,3,7,4,7,12,4,5,7,6,4,5,4,7,4,2,4,8,0,8,6,7,10,22,12,2,6,2,10,8,9,5,15,9,6,2,3,10,5,6,4,4,3,8,15,2,5,9,8,4,1,6,5,13,9,9,6,6,1,1,3,6
318,4,2,17,2,6,8,5,3,3,7,8,7,15,8,3,3,8,5,11,12,4,8,1,14,10,8,10,12,9,7,2,6,10,7,5,3,7,4,7,12,4,5,7,6,4,5,4,7,4,2,5,8,0,8,6,7,10,23,12,2,6,2,11,8,9,5,15,10,6,2,3,10,5,6,4,4,3,8,15,2,5,9,8,4,2,6,5,13,9,9,6,6,1,1,3,6
319,5,2,17,2,6,8,5,3,3,7,8,7,15,9,3,4,8,5,11,12,4,9,1,14,10,9,12,12,9,7,2,6,10,7,5,3,7,4,7,12,4,5,7,6,4,6,4,8,4,2,5,8,0,9,6,7,10,23,12,2,6,2,11,8,9,6,15,10,6,2,3,10,5,6,4,4,3,8,16,2,5,9,8,5,2,6,5,13,9,9,6,6,1,1,4,6
320,5,2,17,3,6,8,5,3,3,7,8,7,15,9,3,4,8,5,11,12,5,9,1,14,11,9,12,12,9,7,2,6,10,7,5,4,7,4,7,12,5,5,7,6,5,6,4,8,4,2,5,8,0,9,6,7,10,23,12,2,6,2,11,8,9,6,15,10,6,2,3,10,5,6,4,4,3,8,16,2,5,9,8,5,2,6,6,13,9,10,6,6,1,1,4,6
321,5,2,17,3,6,8,5,3,3,7,8,7,15,9,3,4,8,5,13,13,5,9,1,14,11,9,12,12,9,7,2,6,10,7,5,4,7,4,7,12,5,5,8,6,6,6,4,8,5,2,5,8,0,9,6,7,10,24,12,2,6,2,11,8,9,6,15,10,6,2,3,10,5,6,4,5,3,9,16,2,5,9,8,5,2,6,6,13,9,10,6,6,1,1,4,6
322,5,2,17,3,6,8,5,3,2,7,8,7,15,10,3,4,9,5,13,13,5,9,1,14,11,9,12,12,9,7,2,7,10,7,5,4,8,4,7,12,5,5,8,6,6,6,4,8,5,2,5,8,0,10,6,7,10,24,12,2,6,2,11,8,9,6,15,10,6,2,3,10,5,6,4,5,3,9,16,2,5,9,8,5,2,6,6,14,10,10,6,6,1,1,4,6
323,5,2,17,3,6,8,5,3,2,7,8,7,15,10,3,4,9,5,13,13,5,9,1,13,11,9,12,12,9,7,2,7,10,7,5,4,9,4,7,12,5,5,8,6,6,7,4,8,5,2,5,8,0,10,6,7,10,24,12,2,6,3,11,8,9,6,15,10,6,2,3,10,5,7,4,5,3,9,17,2,5,9,8,5,2,7,6,14,11,10,6,6,1,1,5,6
324,5,2,17,3,6,8,5,3,2,7,8,7,15,10,3,4,9,5,14,13,6,9,1,13,11,9,12,12,9,7,2,8,11,7,5,4,9,4,7,12,5,5,8,6,6,7,4,8,5,2,5,8,0,10,6,7,10,25,12,2,6,3,12,8,9,6,15,11,6,2,4,10,5,7,4,5,3,9,17,2,5,9,8,5,2,7,6,14,11,10,6,6,2,1,5,7
325,5,2,17,3,6,8,5,3,2,7,8,7,15,10,4,4,9,5,16,13,6,9,1,13,11,9,12,13,9,7,2,8,12,7,5,4,9,4,7,14,5,5,8,6,6,7,4,8,5,2,5,9,0,10,6,8,10,28,12,2,6,3,12,8,9,6,15,11,7,2,4,10,5,7,4,5,3,9,17,2,5,9,8,5,2,7,6,14,10,10,6,6,2,1,5,7
326,5,2,17,3,6,8,5,3,2,7,9,7,15,10,4,4,9,5,16,13,6,9,1,13,11,8,12,13,9,7,2,8,12,7,5,4,10,4,7,14,5,5,8,6,6,7,4,8,5,2,5,9,0,10,6,8,10,28,12,2,6,3,12,8,9,6,16,11,7,2,4,10,5,7,4,5,3,9,17,2,5,9,8,5,2,7,6,14,10,10,6,6,2,2,6,7
327,5,2,17,3,6,8,5,3,2,7,9,7,15,10,4,4,9,5,16,13,6,9,1,13,10,8,12,13,9,7,3,8,12,7,7,4,10,4,7,14,5,5,8,6,6,7,4,8,6,2,5,9,0,10,6,8,10,28,12,2,6,3,12,8,10,6,16,12,7,2,4,10,5,7,4,5,3,9,17,2,5,9,8,6,2,7,6,14,11,10,6,6,2,2,6,7
328,5,2,17,3,6,8,5,3,3,7,8,7,16,10,4,4,9,5,17,13,6,9,1,13,10,8,12,13,9,7,3,9,12,7,7,4,10,4,7,15,5,5,8,6,6,7,4,8,6,2,5,9,0,10,6,8,11,28,12,3,6,3,12,8,10,6,16,12,7,2,4,10,5,7,4,5,3,9,17,2,4,9,8,7,2,7,6,14,11,10,6,6,2,2,6,7
329,5,2,17,3,6,9,5,3,3,7,8,7,17,10,4,4,9,6,17,13,6,9,2,13,10,8,12,13,9,7,3,9,12,8,7,4,10,4,7,15,5,5,8,6,6,7,5,9,6,2,5,9,0,10,6,8,12,28,12,3,6,3,12,8,10,6,16,12,7,2,4,10,5,7,4,5,3,9,17,2,4,10,8,7,2,7,6,14,11,10,6,6,2,2,6,7
330,5,2,17,3,6,9,5,3,3,7,8,7,19,10,4,4,9,6,17,13,6,9,2,13,10,8,11,13,9,7,3,9,13,8,7,4,11,4,7,15,5,5,8,6,6,7,5,9,6,2,5,9,0,10,6,8,12,28,12,3,7,3,12,8,10,6,17,12,7,2,4,10,5,7,4,5,3,9,17,2,4,10,8,8,2,7,6,14,11,10,6,6,2,2,6,7
331,5,2,17,3,6,9,6,3,3,7,8,7,19,10,4,4,9,6,17,14,6,9,2,13,11,8,11,14,9,7,3,9,13,8,7,4,13,4,6,15,5,5,8,6,6,8,5,9,6,2,5,9,0,11,7,8,13,28,12,3,7,3,12,8,10,6,17,12,7,2,4,10,5,7,4,5,3,9,17,2,4,10,8,8,2,7,6,14,11,10,6,6,2,2,6,7
332,5,3,17,3,6,9,6,3,3,7,8,7,19,10,4,5,9,6,17,14,6,9,2,14,11,8,11,14,9,7,3,9,13,8,7,4,13,4,6,15,5,5,9,6,6,8,6,9,6,2,6,9,0,11,7,8,13,28,11,3,7,3,12,8,10,6,17,12,7,2,4,10,5,7,4,5,3,9,17,2,5,10,8,8,2,7,6,15,11,10,6,6,2,3,6,7
333,5,3,17,3,6,9,6,4,3,7,8,7,19,10,4,5,9,6,17,14,6,9,2,14,11,8,11,14,9,6,3,9,13,8,7,4,13,4,6,15,5,5,9,6,6,8,5,9,6,2,7,9,0,11,7,8,13,29,11,3,7,3,12,8,10,7,17,12,7,2,4,10,5,7,5,5,3,9,17,2,5,10,8,8,2,7,6,15,11,10,6,6,2,3,6,7
334,5,3,17,3,6,9,6,4,3,7,9,7,19,10,4,5,9,6,17,14,7,9,2,14,12,9,11,14,10,6,3,9,13,8,7,4,13,4,6,15,5,5,9,6,6,8,5,10,6,2,7,9,0,12,7,8,13,30,11,3,7,3,12,8,10,7,17,12,7,2,4,10,5,8,5,5,3,9,17,2,5,10,8,8,2,8,6,15,11,10,6,6,2,3,6,7
335,5,3,17,3,6,9,6,4,3,8,10,7,19,9,4,5,9,6,17,14,7,9,2,14,12,9,11,15,10,6,3,9,13,8,7,4,13,4,6,15,5,4,9,6,7,8,5,10,6,2,7,9,0,12,7,8,13,31,11,3,7,3,12,8,10,7,17,12,8,2,4,10,5,8,5,5,3,9,17,2,5,10,8,8,2,8,6,15,11,10,5,6,2,3,6,7
336,5,3,17,3,6,9,6,4,3,7,10,7,19,9,4,5,9,6,17,14,7,9,2,14,12,9,11,15,10,6,3,9,14,8,8,4,13,4,6,15,5,4,10,6,7,9,5,10,6,2,7,9,0,12,7,8,13,31,11,4,6,3,12,8,10,7,17,12,9,2,4,10,5,8,5,5,3,9,17,2,5,10,8,8,2,8,6,15,11,10,5,6,2,4,6,7
337,5,3,17,3,6,9,6,4,4,7,11,6,19,9,4,5,9,6,17,14,7,9,2,14,12,9,12,15,10,6,3,9,14,8,7,4,13,4,6,15,5,4,10,6,7,8,5,10,6,2,7,9,0,12,7,9,13,31,11,4,6,3,12,8,10,7,17,11,9,2,4,10,5,8,5,5,3,10,19,2,5,10,8,8,2,8,6,15,11,10,5,6,2,4,6,7
338,5,3,19,3,6,9,6,4,5,7,11,6,19,9,4,5,9,7,17,15,7,9,2,14,12,9,12,15,10,6,3,10,14,8,7,4,13,4,6,15,6,4,10,6,7,8,5,10,6,2,8,9,0,12,7,11,13,31,11,4,6,3,12,8,10,7,17,11,8,2,4,10,5,8,5,5,3,10,19,2,5,11,8,8,2,8,6,16,11,11,5,6,2,4,6,7
339,6,3,19,3,6,9,6,4,5,7,12,6,19,9,5,6,9,7,17,15,7,9,3,14,12,9,12,15,10,6,3,10,14,8,7,4,13,4,7,16,6,4,10,6,7,8,5,10,6,2,8,9,0,12,7,11,13,32,11,4,6,3,13,8,10,7,17,11,8,3,4,10,5,9,5,5,3,10,19,2,5,11,10,8,2,8,6,16,11,11,5,6,2,4,6,7
340,6,4,20,3,6,9,6,4,6,7,12,6,19,9,5,7,9,7,17,15,7,10,3,14,12,9,12,15,9,6,3,10,15,8,7,4,13,5,7,16,6,4,10,6,7,8,6,10,6,3,8,9,0,12,8,11,13,32,11,4,6,3,13,8,10,7,17,11,9,3,4,10,5,9,5,5,3,10,19,2,5,11,10,8,2,8,6,16,12,11,5,6,2,4,6,7
341,6,4,20,3,6,9,6,5,6,7,13,6,19,9,6,7,9,7,17,15,7,10,3,16,12,9,12,16,9,6,3,10,15,8,7,4,13,5,7,16,6,3,10,6,7,8,6,10,6,3,8,9,0,12,8,11,12,32,11,4,6,3,13,8,10,7,17,13,9,3,4,10,5,9,5,5,3,10,19,2,5,11,11,8,2,8,6,16,12,11,5,6,2,4,6,7
342,6,4,20,3,6,9,6,5,6,7,13,6,19,9,6,7,9,7,18,15,7,10,3,17,12,9,12,16,9,6,3,10,16,8,8,4,13,5,7,16,6,3,10,6,7,8,6,10,6,3,9,10,0,12,8,11,12,32,11,4,6,3,13,8,11,7,17,14,9,3,4,10,5,9,5,6,3,10,19,2,5,11,11,8,2,8,6,17,12,11,5,6,2,4,6,7
343,6,4,20,3,6,9,6,5,6,7,13,6,19,9,7,7,9,7,18,15,7,11,3,18,12,9,12,16,9,6,3,10,16,8,8,4,13,5,8,15,6,3,10,6,7,8,6,10,6,3,9,10,0,12,8,11,12,32,12,5,6,3,13,9,11,7,17,14,9,3,4,10,5,9,5,4,3,10,19,2,5,11,12,9,2,9,6,17,12,12,5,6,2,4,6,7
344,6,4,20,3,6,9,6,6,6,7,13,5,19,9,7,7,9,8,18,15,7,11,3,18,12,9,12,16,9,6,3,10,16,8,8,4,13,5,9,15,6,3,10,5,7,8,6,10,6,3,9,10,0,12,8,12,12,31,12,5,6,3,13,9,11,7,17,14,9,3,4,10,5,9,6,4,3,10,19,2,5,11,12,9,2,9,6,17,11,12,5,6,2,4,7,7
345,6,4,19,3,6,9,6,6,6,7,13,5,20,9,7,7,9,8,18,15,7,11,3,18,12,9,12,16,9,6,3,10,16,9,8,4,13,5,9,16,7,3,10,5,7,8,6,10,6,3,9,11,0,12,8,12,12,32,13,5,5,3,13,9,11,7,17,14,9,3,4,11,5,10,6,4,3,10,18,2,4,11,12,9,2,9,6,18,11,12,5,6,2,4,7,7
346,6,4,19,3,6,9,5,6,6,7,13,5,21,9,7,7,9,8,18,15,7,11,3,18,13,9,12,18,9,6,3,10,16,9,8,4,14,5,9,16,7,3,11,6,7,8,6,10,6,3,9,11,0,12,8,12,13,33,13,5,5,3,13,9,11,7,17,14,9,3,4,11,5,11,6,4,3,10,19,2,4,11,12,9,2,9,6,18,11,12,5,7,2,4,7,7
347,6,4,19,3,6,9,5,6,6,8,13,5,21,9,7,7,9,8,18,15,7,11,3,18,13,9,12,19,9,7,3,10,17,9,8,4,14,5,9,16,7,3,11,6,7,8,6,10,6,3,9,11,0,13,8,12,13,33,14,5,5,3,13,9,11,7,17,15,9,3,4,11,5,11,6,4,3,10,19,2,4,12,12,9,2,9,6,19,11,12,6,7,2,4,7,7
348,6,4,19,3,6,9,5,6,6,8,13,5,21,9,7,7,9,8,18,15,8,11,3,18,13,9,11,19,9,7,3,11,17,9,8,4,14,5,9,16,7,3,11,6,7,8,6,10,6,3,9,11,0,13,8,12,13,33,14,6,5,3,13,9,11,7,17,15,9,3,4,11,5,11,6,4,3,10,18,2,4,12,12,9,2,9,6,21,12,12,6,7,2,4,7,7
349,6,4,19,3,6,10,5,6,6,9,13,5,23,9,7,8,9,8,18,15,8,11,4,19,13,9,11,19,9,7,3,11,17,9,8,4,14,5,9,16,7,3,11,6,7,8,6,10,6,3,9,11,0,13,8,12,13,33,15,6,5,3,13,9,11,7,18,15,9,3,4,11,5,11,6,4,3,9,19,2,4,12,12,10,3,9,6,21,12,12,5,7,2,4,7,7
350,6,4,19,3,6,10,5,6,6,9,13,5,24,9,8,8,9,8,18,15,9,11,4,21,13,9,11,19,9,7,3,11,17,9,8,4,14,5,9,16,7,3,11,6,7,8,7,10,6,2,9,11,0,13,8,12,13,33,15,6,5,3,13,9,11,7,18,15,9,4,5,11,5,11,6,4,3,9,19,2,4,13,12,10,3,10,6,21,12,12,5,7,2,4,7,7
351,7,4,18,3,6,10,5,6,6,9,14,5,24,9,8,8,9,8,19,15,9,11,4,21,13,9,11,19,9,8,3,12,17,9,8,4,15,5,9,16,7,3,11,6,6,9,7,10,6,2,9,11,0,13,8,12,13,33,15,6,5,3,13,9,11,7,18,15,9,4,5,11,5,11,6,4,3,9,19,2,4,14,12,10,3,10,6,21,12,12,5,7,2,4,7,7
352,7,4,18,3,6,10,5,7,6,10,14,5,26,9,9,8,9,8,19,15,10,11,4,21,13,9,11,19,9,8,3,12,17,9,8,4,15,5,9,16,7,3,11,6,6,9,7,10,6,2,9,11,0,13,8,12,14,34,15,6,5,3,13,9,11,7,16,15,9,4,5,11,5,11,6,4,3,9,19,2,4,14,12,10,3,10,6,21,12,12,5,7,2,4,7,7
353,7,4,18,3,6,10,6,7,6,10,14,5,26,9,8,8,11,8,19,16,10,11,5,21,13,9,11,18,9,8,3,12,17,9,8,4,15,6,9,16,7,3,12,6,6,9,7,11,6,2,9,12,0,13,8,12,14,34,15,6,5,3,12,9,11,7,16,15,9,4,6,11,5,11,6,5,3,9,19,2,4,14,12,10,3,10,6,21,12,12,5,7,2,4,7,7
354,7,4,19,3,6,10,6,8,6,10,14,5,27,9,8,8,11,8,19,16,10,11,5,21,13,9,11,18,9,8,3,12,17,9,8,4,15,6,9,16,7,3,12,6,6,9,7,11,6,2,9,12,0,12,8,12,14,34,15,6,5,3,12,9,11,7,18,17,9,4,6,12,5,11,7,5,3,10,19,2,4,15,12,11,3,10,6,21,12,12,5,7,2,4,7,7
355,7,4,20,3,6,10,6,8,6,10,14,6,27,9,9,8,11,8,19,17,10,10,6,22,13,9,11,18,9,8,3,12,17,9,8,4,15,6,8,17,8,3,13,6,6,9,7,11,6,2,9,12,0,12,8,12,14,34,15,6,5,3,12,9,10,7,18,17,9,4,6,11,5,12,7,5,3,10,19,2,4,15,12,11,3,10,6,21,12,12,5,7,2,4,8,7
356,7,4,20,3,6,10,6,8,6,10,14,6,27,9,10,8,11,8,19,19,10,10,6,22,13,9,11,18,9,8,3,12,17,9,8,4,16,6,8,17,8,3,13,6,6,9,7,11,6,2,10,12,0,12,8,12,14,34,16,6,5,3,12,9,11,7,18,17,9,4,6,11,5,12,7,5,3,10,18,2,4,15,12,11,3,10,6,21,12,12,5,6,2,4,8,7
357,7,4,20,3,6,10,6,7,6,10,14,8,27,9,10,8,11,8,19,18,10,10,5,23,13,9,11,19,9,8,3,12,17,9,8,4,16,6,8,17,8,3,13,6,6,9,7,11,6,2,10,12,0,13,8,12,14,33,16,6,6,3,12,9,11,7,18,17,8,4,6,11,5,12,7,5,3,10,18,2,4,16,12,11,3,10,6,21,12,13,5,6,2,4,8,7
358,7,4,20,3,7,11,6,7,6,10,14,9,27,9,10,8,12,8,19,18,10,11,5,23,13,9,11,19,9,7,3,12,17,9,9,4,16,6,8,17,9,3,14,6,7,9,7,12,6,2,10,12,0,13,9,12,14,34,16,6,6,4,13,9,11,7,18,17,8,4,6,11,5,12,7,5,3,10,18,2,4,16,12,11,3,10,6,21,13,13,5,6,2,4,8,8
359,7,4,21,3,8,11,6,7,6,10,14,9,27,9,11,8,12,8,19,18,10,11,5,23,13,9,11,20,9,7,3,13,18,9,9,4,16,6,8,17,9,3,14,6,7,9,8,12,6,2,11,12,0,13,9,12,14,34,18,6,6,4,13,9,12,7,18,18,8,4,6,11,6,12,7,5,3,10,18,2,4,16,12,11,3,10,6,21,13,13,5,6,2,4,9,8
360,7,4,21,3,8,11,6,7,6,10,14,9,27,9,11,8,12,8,22,19,10,11,5,23,14,9,11,19,9,8,3,13,18,9,9,4,15,6,8,17,9,3,14,6,7,9,8,12,6,2,12,12,0,13,8,12,14,35,18,6,7,4,13,9,12,8,19,18,8,4,6,11,6,12,7,5,3,10,18,2,4,16,13,11,3,10,6,20,14,15,5,6,2,4,9,8
361,7,4,21,3,8,11,6,7,7,9,14,9,27,10,12,8,13,8,22,19,10,11,5,23,14,9,11,19,10,8,3,13,18,9,9,4,16,6,9,17,10,3,14,6,7,9,8,13,5,2,12,13,0,14,8,12,14,36,19,6,7,4,13,9,13,8,19,18,8,4,6,12,6,12,7,5,3,10,18,2,4,16,14,11,3,10,6,19,14,15,5,6,2,4,9,8
362,7,4,21,3,8,11,6,7,7,9,14,9,27,10,12,8,13,8,23,19,10,11,5,24,14,9,11,19,10,8,3,13,18,9,9,4,16,6,9,17,10,3,14,7,7,9,8,13,5,2,13,13,0,14,8,12,14,36,19,6,7,4,13,9,14,8,20,18,8,4,6,12,6,12,7,6,3,10,19,2,4,16,15,12,3,10,6,20,14,16,5,6,2,4,9,8
363,7,4,22,3,8,12,6,7,7,9,15,9,28,10,12,8,13,9,23,19,10,11,5,24,14,9,11,19,11,9,3,13,18,9,9,4,16,6,9,17,10,3,14,7,7,9,8,13,5,2,14,13,0,14,8,12,14,37,19,6,7,4,13,9,15,8,20,19,8,4,6,12,6,12,7,6,3,10,20,2,4,15,15,12,3,10,6,20,15,16,5,6,2,4,9,8
364,7,4,22,4,8,12,6,7,7,9,15,9,31,10,12,8,13,9,23,19,10,12,5,24,14,9,11,19,11,9,3,13,19,9,9,4,16,6,9,17,11,3,14,7,8,8,8,13,5,2,14,13,0,14,8,12,14,36,19,6,7,4,13,10,15,8,20,19,8,4,6,12,6,12,7,6,3,10,21,2,4,15,15,13,3,10,6,20,15,17,5,6,2,4,9,8
365,7,4,22,4,8,12,6,7,7,9,15,9,31,10,12,8,13,9,23,21,10,12,5,24,14,9,11,19,11,9,3,13,19,9,9,4,16,6,9,17,11,3,14,8,8,8,9,13,5,2,14,12,0,14,8,12,14,37,19,6,7,4,13,9,15,8,20,20,8,4,6,12,6,13,7,6,3,11,21,2,4,15,15,13,3,10,6,21,16,17,5,6,2,4,9,8
366,7,4,22,4,8,12,6,7,7,9,15,9,32,10,12,8,13,10,23,21,10,12,5,24,14,9,12,19,11,9,3,13,19,9,9,4,16,8,9,18,11,3,14,8,8,8,9,13,5,2,14,12,0,14,8,12,14,37,18,6,7,4,13,9,15,8,20,20,8,4,6,12,7,13,7,6,3,12,21,2,4,15,15,13,3,10,7,21,16,17,5,6,2,4,9,8
367,7,4,22,4,8,12,6,7,7,10,15,9,32,10,12,8,13,10,23,21,10,12,6,24,14,9,12,17,11,9,3,14,19,9,9,4,16,8,9,18,11,3,14,8,8,9,9,13,5,2,14,12,0,14,8,12,14,38,18,6,7,4,13,9,16,8,20,20,8,4,6,12,7,13,7,6,3,12,21,2,4,16,15,13,3,10,7,21,16,17,5,6,2,4,9,8
368,7,5,22,4,8,12,6,7,8,10,16,9,32,10,12,8,13,11,23,21,10,12,6,24,14,9,12,17,11,9,3,14,19,9,9,4,16,8,10,18,10,3,15,8,8,10,9,13,6,2,14,13,0,14,8,12,16,39,18,6,7,4,13,9,16,9,20,20,8,4,6,12,7,13,7,6,3,12,21,2,4,16,15,13,3,10,6,21,16,17,5,6,2,4,9,9
369,7,5,22,4,8,13,6,7,8,10,16,10,33,10,12,8,13,12,23,21,10,12,6,24,15,9,12,17,11,9,3,14,19,9,9,4,16,8,10,18,10,3,15,8,8,10,9,13,6,2,14,14,0,14,7,12,16,39,18,7,7,4,13,9,16,9,20,20,8,4,6,13,7,13,7,6,3,11,21,3,4,16,15,13,3,11,6,21,16,17,5,6,2,4,9,9
370,7,5,23,4,8,13,6,7,8,10,18,11,33,10,12,8,13,12,23,22,10,12,6,24,15,9,12,17,11,9,3,13,18,10,9,4,16,8,10,18,10,3,15,8,8,10,9,13,6,2,14,14,0,14,7,12,16,39,19,7,7,4,13,9,16,9,20,20,8,4,7,13,7,13,7,5,3,11,21,3,4,16,16,15,3,11,6,22,16,18,5,6,2,4,9,9
371,7,5,23,4,9,13,6,7,8,10,18,11,34,10,12,8,13,12,23,22,9,12,6,24,15,9,13,17,11,9,3,12,19,10,9,4,16,8,10,18,10,3,15,8,8,11,9,13,6,2,14,14,0,14,7,12,16,39,19,7,7,4,13,9,16,9,21,22,8,4,7,13,7,13,7,5,3,11,21,3,4,16,16,15,3,12,6,22,16,18,5,6,2,4,10,9
372,7,5,22,4,10,13,6,7,8,10,18,11,34,10,12,8,13,12,23,22,11,12,6,24,15,9,13,17,11,9,3,11,19,10,9,4,16,8,11,19,10,3,15,8,8,11,9,13,7,2,14,14,0,14,8,13,16,39,20,7,7,4,13,9,16,9,22,22,8,4,7,13,7,13,7,5,3,11,21,3,4,16,16,15,3,12,7,22,15,18,5,6,2,4,10,10
373,7,5,22,3,10,14,6,7,8,10,18,11,35,10,12,9,13,12,23,23,11,12,7,26,15,9,13,17,11,9,3,11,19,11,9,4,17,8,11,19,10,3,16,8,8,11,9,13,7,2,14,14,0,14,8,13,17,39,21,7,7,4,13,9,17,9,22,22,8,4,7,13,8,13,7,5,3,11,23,3,4,16,16,15,3,15,7,22,15,18,5,6,2,4,10,10
374,7,5,22,3,11,15,6,7,8,10,18,11,35,10,12,9,14,13,24,23,11,12,7,26,15,9,13,17,11,9,3,11,19,11,9,4,17,8,12,19,10,3,17,9,9,11,9,14,7,2,14,14,0,14,8,13,17,39,22,7,7,4,13,9,18,9,22,23,9,4,7,12,8,13,7,5,5,11,23,3,4,18,16,15,3,16,7,22,15,18,5,6,2,4,10,10
375,8,5,22,3,11,15,6,7,9,11,18,11,35,10,13,10,15,13,24,23,11,12,7,26,15,9,13,17,11,9,3,11,19,12,9,4,17,8,12,19,10,3,17,9,9,11,10,14,7,2,14,14,0,14,8,13,16,39,22,8,7,4,13,9,18,9,23,23,9,4,7,12,9,12,7,5,6,11,22,3,4,18,16,15,3,17,7,22,15,18,5,6,2,4,10,10
376,8,5,22,3,11,16,6,7,9,11,19,12,35,10,13,10,15,13,24,24,11,12,7,26,16,9,13,18,11,9,3,11,19,12,9,4,17,9,12,19,10,3,18,10,9,11,10,14,7,2,14,14,0,14,8,13,16,39,22,8,7,4,13,9,18,9,23,23,9,4,7,12,9,13,7,5,6,11,22,3,4,18,16,15,3,17,7,23,15,18,5,6,2,4,10,12
377,8,5,23,3,11,17,6,7,9,11,19,13,35,10,13,10,15,14,24,24,11,14,8,26,16,9,14,18,11,9,3,11,19,11,9,4,17,9,12,19,10,3,18,10,9,11,10,14,7,2,14,14,0,14,8,13,16,39,21,8,7,4,13,9,18,9,24,24,10,4,7,12,9,13,7,5,6,11,22,3,4,18,16,15,3,17,7,23,15,18,5,6,2,4,10,12
378,8,5,24,3,11,17,8,7,9,11,20,13,35,10,13,10,15,14,24,23,11,15,8,26,16,10,14,18,11,9,3,11,19,11,9,5,17,9,13,19,10,3,18,10,9,11,10,15,7,2,14,14,0,14,8,13,16,40,22,8,7,4,13,9,18,9,24,24,10,4,7,13,9,13,7,5,6,11,22,3,4,19,16,15,3,18,7,23,15,18,5,6,2,4,10,12
379,8,5,24,3,11,17,8,7,9,13,23,13,35,10,13,10,15,14,25,23,11,16,8,26,16,10,15,18,11,10,3,11,19,11,9,5,17,9,13,20,10,3,18,11,9,11,11,15,7,2,14,14,0,14,8,14,16,39,22,8,7,4,13,9,19,9,24,24,10,4,7,13,9,13,8,5,6,11,22,3,4,19,17,15,3,18,7,23,16,18,5,6,2,4,11,12
380,8,5,25,3,11,17,8,7,9,14,23,13,36,10,13,10,15,14,26,22,11,16,8,29,16,10,16,18,11,10,2,11,19,11,9,6,17,9,13,20,11,3,18,11,9,11,11,15,7,2,14,14,0,15,8,14,17,40,23,8,7,4,13,9,19,9,24,26,10,4,7,13,9,13,8,5,6,11,22,3,5,19,17,15,3,18,7,23,17,18,5,6,2,4,11,12
381,8,5,25,3,11,17,8,7,9,15,23,15,36,10,13,10,16,14,27,22,12,16,8,28,16,10,15,18,11,10,2,11,19,11,9,6,17,9,13,21,11,3,18,11,9,11,12,15,7,2,14,14,0,16,8,14,17,40,23,8,7,4,13,9,19,9,25,26,10,4,7,13,9,13,8,5,6,11,22,3,5,20,17,15,3,19,7,23,17,18,5,6,2,5,11,12
382,8,5,25,3,12,19,8,7,11,15,24,15,37,10,13,10,16,15,26,22,12,16,8,29,17,10,16,18,11,10,2,11,19,11,8,5,17,9,13,22,11,3,19,11,9,11,12,15,7,2,14,14,1,16,9,14,17,40,23,8,7,4,13,9,19,8,26,27,10,4,7,13,9,13,8,5,6,12,22,3,5,20,17,15,3,19,8,23,18,19,5,6,2,5,11,12
383,8,5,25,3,12,18,8,7,11,15,25,15,37,10,14,9,16,15,26,22,13,16,8,29,18,10,17,19,11,10,2,11,19,11,8,5,17,8,13,21,11,3,19,11,9,11,12,16,7,2,15,15,1,16,9,14,18,40,23,8,7,4,13,9,20,8,27,27,11,4,7,13,10,14,8,5,6,12,22,3,7,20,17,15,3,19,8,23,18,19,5,6,2,5,11,12
384,8,5,25,3,12,18,8,7,11,16,25,15,37,10,15,9,16,15,26,22,13,16,8,30,18,10,17,19,11,11,2,11,19,11,8,5,17,8,14,21,11,3,19,11,9,11,12,16,7,2,15,15,1,16,9,15,18,40,23,8,7,4,14,9,20,8,27,28,11,4,7,13,10,15,9,5,6,12,22,3,7,20,17,15,3,20,8,23,18,19,5,6,2,5,11,12
385,8,6,26,3,12,19,8,7,11,16,26,15,37,10,15,10,16,15,26,22,13,16,8,30,18,10,15,19,11,11,2,11,19,11,8,5,17,8,15,21,11,3,19,12,9,11,12,16,7,2,15,15,1,16,9,15,18,40,23,8,7,4,14,9,20,8,29,29,11,4,7,13,10,15,9,5,6,12,22,3,7,21,17,15,3,21,8,23,18,19,5,6,2,5,11,11
386,8,6,27,3,12,19,8,7,11,16,27,15,38,10,15,10,16,15,26,22,13,16,9,30,18,10,15,19,11,12,2,11,19,11,8,5,17,8,15,21,11,3,19,12,9,11,12,16,7,2,15,15,1,16,9,16,19,40,23,8,7,4,14,9,22,9,29,29,11,3,7,13,10,15,9,5,6,12,22,3,7,21,17,15,3,21,8,23,19,19,5,6,2,5,12,11
387,8,6,27,4,12,21,8,7,11,16,27,15,38,10,16,10,18,15,26,22,13,16,9,30,18,10,15,19,11,12,2,12,19,11,8,5,18,8,15,21,11,3,19,12,9,13,13,16,7,2,15,15,1,15,10,16,19,40,24,8,7,4,14,9,22,9,30,29,11,3,7,13,10,15,9,5,7,12,22,3,7,22,18,15,3,22,8,23,19,19,5,6,2,5,12,10
388,8,6,27,4,12,23,8,7,11,16,27,15,38,11,16,10,19,15,26,22,13,16,9,30,18,10,16,19,11,13,2,13,19,11,9,5,18,8,15,21,11,3,19,12,9,12,13,16,7,2,16,15,1,15,11,17,19,41,24,8,7,4,14,9,22,9,30,31,11,3,7,13,10,15,9,6,7,12,22,3,7,22,19,15,3,22,8,23,19,19,5,6,2,5,12,10
389,8,6,27,4,12,23,8,8,12,17,28,15,39,11,17,10,19,15,26,23,13,17,9,30,18,10,16,19,11,13,3,13,19,11,9,5,19,8,15,21,11,2,19,12,9,12,13,16,7,2,16,15,1,15,12,17,19,41,24,8,7,5,14,9,22,9,30,31,11,3,7,13,10,16,9,6,7,12,22,3,7,22,19,15,3,22,8,24,20,19,5,6,2,5,12,10
390,7,6,27,4,12,23,8,8,12,17,29,15,39,11,16,10,20,15,28,23,13,17,9,30,18,10,16,19,11,14,3,13,19,12,9,5,19,8,15,21,12,2,19,12,9,13,13,16,7,2,17,15,1,15,12,18,19,41,24,8,7,5,13,9,22,9,30,31,11,3,7,14,10,16,9,6,7,12,23,3,7,22,19,16,3,22,8,25,21,19,5,6,2,5,12,10
391,8,6,27,4,12,23,8,9,13,17,29,15,39,11,16,11,20,15,27,25,13,17,9,31,18,10,16,19,11,14,3,13,19,12,9,5,19,8,15,21,12,2,19,12,9,13,13,15,7,2,18,15,1,15,12,18,20,41,24,8,7,5,13,9,22,10,31,32,11,3,8,14,10,16,9,6,7,13,24,3,7,22,19,16,3,23,8,25,21,18,5,6,2,5,12,10
392,8,6,27,4,12,23,8,9,12,17,30,15,39,11,17,10,20,16,28,24,13,17,10,31,18,10,18,19,11,15,3,13,19,12,9,5,20,8,15,20,12,2,19,12,9,13,13,15,7,2,18,15,1,15,12,18,20,41,24,8,7,5,13,9,22,10,31,32,11,3,8,14,10,16,10,6,7,13,25,3,7,22,20,16,3,23,8,24,21,19,4,6,2,5,12,10
393,8,6,27,4,12,23,8,9,12,17,31,16,38,11,17,10,19,17,29,24,13,17,10,31,19,10,18,18,11,15,3,13,19,11,10,5,20,9,15,20,12,2,19,13,10,13,13,15,7,3,18,15,1,15,13,18,20,43,27,8,7,5,13,9,22,10,31,32,11,3,8,14,10,16,10,6,7,14,25,3,9,22,20,16,3,24,8,24,21,19,4,6,2,5,12,10
394,10,6,27,4,12,23,8,10,12,17,31,16,37,11,18,10,19,17,29,24,13,17,10,32,19,10,18,18,11,14,3,13,19,11,10,6,20,9,15,20,12,2,19,16,10,14,13,15,7,3,18,16,1,16,13,18,20,43,28,8,7,5,14,9,23,10,31,33,11,3,8,15,10,17,11,6,7,14,25,3,9,22,20,17,3,24,8,25,21,19,4,6,2,5,12,9
395,10,6,28,4,12,23,9,10,12,17,31,15,38,11,18,10,18,17,30,24,13,17,10,34,20,10,18,18,12,14,3,14,19,11,10,6,22,9,16,20,12,2,19,16,12,14,13,15,7,3,19,16,1,16,14,19,20,44,29,8,7,5,15,9,23,10,31,33,11,3,8,15,9,17,11,6,8,14,24,3,9,22,20,17,3,24,8,25,21,19,4,6,2,6,13,9
396,10,6,29,4,12,24,9,10,12,18,31,15,38,11,19,10,18,17,30,24,13,17,10,33,21,10,18,19,12,14,3,14,19,11,11,6,23,9,18,20,12,2,19,16,12,14,13,15,7,3,20,16,1,17,14,20,21,44,29,8,7,5,15,9,23,10,33,33,11,3,8,15,9,17,11,6,8,14,24,3,10,22,20,17,3,24,8,25,21,19,4,6,2,6,13,9
397,10,6,29,4,12,24,9,10,12,18,31,16,39,11,19,10,18,17,30,24,13,17,10,33,22,10,18,19,12,14,3,14,20,11,11,6,24,10,18,21,12,2,19,16,12,14,13,15,7,3,20,16,1,17,14,20,21,44,29,8,7,5,15,9,23,10,33,33,11,3,8,15,9,17,12,6,8,14,24,3,10,22,20,18,3,24,8,25,21,19,4,6,2,7,13,9
398,12,6,29,5,12,25,9,10,12,19,31,16,39,11,19,9,19,17,30,24,13,17,10,33,22,10,19,19,12,14,3,14,19,10,11,6,24,10,19,22,12,2,20,16,11,14,13,15,7,3,20,16,1,18,14,20,21,45,29,8,7,5,15,9,23,10,34,33,11,3,8,15,9,17,12,6,8,15,24,3,10,22,20,18,3,24,8,25,20,19,4,7,2,7,14,9
399,13,6,30,5,12,26,9,10,12,19,31,16,39,11,19,9,20,17,30,25,13,17,10,33,22,10,19,19,12,14,3,15,19,10,11,6,24,10,19,23,12,2,20,16,11,14,13,15,7,3,20,16,1,18,15,20,21,45,29,8,7,5,15,9,23,10,35,34,11,3,9,14,9,17,12,6,8,15,24,3,10,22,20,18,3,24,9,25,20,19,4,7,2,7,14,9
400,13,6,31,7,13,26,9,10,13,19,31,16,41,11,20,9,20,17,30,25,13,17,10,34,22,10,19,18,12,14,2,15,19,10,11,6,24,10,19,26,12,2,19,16,11,14,13,15,7,3,20,16,1,19,15,20,21,45,29,8,7,5,15,9,24,10,38,34,11,3,9,14,9,17,12,6,8,16,26,3,10,22,20,19,3,24,9,25,21,20,4,7,2,8,15,10
401,13,6,31,7,14,26,9,10,14,19,31,16,41,11,20,9,20,17,31,25,13,18,10,35,22,11,19,18,12,15,2,15,19,10,11,6,25,11,19,26,12,2,20,16,11,14,13,15,7,3,20,16,1,19,15,20,21,45,29,8,8,5,15,10,25,10,38,34,13,3,9,14,10,17,13,6,8,16,26,3,10,23,20,19,3,24,9,26,21,20,4,7,2,8,15,10
402,13,6,31,7,14,27,9,10,16,19,32,16,41,11,20,9,20,17,31,25,13,18,10,35,22,10,19,20,13,16,2,15,19,11,11,6,25,11,19,26,13,2,20,16,11,14,13,15,7,3,20,16,1,19,16,20,21,45,30,8,8,5,14,10,25,11,39,34,13,4,9,14,10,17,13,6,7,16,26,3,10,23,20,19,3,24,9,26,21,21,4,7,2,8,16,10
403,13,6,32,7,15,27,9,10,17,20,32,16,41,11,20,9,20,17,31,25,13,18,10,35,22,10,19,20,13,16,2,15,20,11,11,6,26,11,19,26,14,2,20,16,11,14,13,15,7,3,20,16,2,19,17,20,21,45,30,8,8,5,14,10,25,11,39,34,14,4,11,13,11,18,13,6,7,16,26,3,10,24,21,20,3,25,9,26,22,22,4,7,2,9,16,10
404,13,6,32,7,15,27,9,9,18,20,33,16,41,11,20,9,20,17,31,25,14,19,10,35,22,10,19,20,13,16,3,15,20,11,11,6,26,11,19,26,15,2,21,16,11,14,13,15,7,3,20,16,2,19,18,20,21,44,31,8,8,5,14,10,25,11,39,34,14,4,11,13,12,18,13,6,7,16,26,4,10,24,22,20,3,25,9,26,21,23,4,7,2,9,16,10
405,13,6,32,7,15,28,8,9,19,21,33,16,41,11,19,9,21,17,32,26,14,19,10,38,22,10,20,20,13,16,3,16,21,11,10,6,26,12,19,26,15,2,21,17,11,15,14,15,7,3,20,16,2,19,18,20,22,44,32,8,8,5,14,10,25,11,38,34,14,4,11,14,12,18,13,6,7,16,26,5,10,24,22,20,3,24,9,27,21,23,4,8,2,9,16,10
406,13,6,32,8,16,28,8,9,19,21,33,16,41,11,19,9,21,17,32,26,14,19,10,38,22,10,20,21,13,17,3,16,21,11,10,6,26,12,19,27,16,2,22,17,11,15,14,15,7,3,20,16,2,20,20,20,22,45,35,8,8,5,14,10,25,12,38,34,14,4,12,14,12,18,14,6,7,16,26,5,10,25,23,20,3,24,9,28,23,23,4,8,2,9,16,10
407,13,7,31,8,16,28,8,9,19,22,33,16,41,11,19,9,23,17,33,31,14,21,10,38,22,10,21,21,13,17,3,16,20,11,10,6,26,12,19,28,16,2,22,17,11,15,14,15,7,3,20,16,2,21,20,20,24,46,35,9,8,5,14,10,25,12,39,34,15,4,12,14,12,18,14,7,7,16,26,6,10,25,23,20,3,24,10,28,23,23,4,8,2,9,16,10
408,13,7,31,8,16,28,8,9,19,23,33,16,42,11,19,11,23,17,33,32,15,22,10,38,22,10,22,21,13,17,4,16,20,11,10,6,26,12,19,28,17,2,22,17,11,15,14,15,7,4,20,16,2,21,20,20,24,48,35,9,8,5,15,11,26,12,40,34,15,4,12,14,13,18,14,8,7,16,26,6,10,25,24,20,4,25,10,29,23,23,5,8,2,10,16,11
409,13,7,31,8,16,28,8,9,18,24,33,17,42,11,19,11,23,17,33,32,15,22,10,39,22,10,22,21,14,17,4,17,22,11,10,6,26,12,20,28,17,2,23,17,12,15,14,15,7,4,20,16,2,21,20,20,25,48,35,9,8,5,16,11,26,12,40,34,16,4,12,14,13,18,14,8,7,16,26,6,10,25,24,21,4,25,10,29,23,23,5,8,3,10,16,11
410,14,7,31,8,16,30,8,9,18,24,33,17,42,11,20,11,23,17,33,32,15,22,11,39,22,10,22,21,14,17,4,17,22,10,10,6,26,12,20,27,17,2,23,17,12,15,14,15,7,4,20,16,2,21,20,21,27,48,35,9,8,5,16,11,26,13,40,35,16,4,12,15,13,18,15,8,7,16,26,6,11,25,24,20,4,25,10,30,23,23,6,8,3,10,16,11
411,14,7,32,8,17,30,8,9,19,26,33,17,43,12,20,11,23,17,33,32,15,22,12,39,23,10,22,21,14,18,4,18,22,10,10,7,26,12,20,27,18,2,23,17,12,15,15,15,7,4,20,16,2,21,21,21,27,48,37,9,7,5,16,11,26,14,41,35,16,4,12,15,13,18,15,8,7,16,26,6,11,26,24,20,4,25,10,30,23,23,7,8,3,10,16,11
412,14,7,32,8,17,30,8,9,19,26,33,17,44,12,20,11,23,17,33,33,15,23,12,40,24,10,22,21,13,18,4,19,22,10,10,7,26,13,20,27,20,2,23,17,12,15,15,15,7,4,21,16,3,21,21,21,27,48,37,9,7,6,16,11,26,14,41,35,17,4,12,15,13,19,16,8,8,16,26,6,11,28,24,20,4,25,10,30,23,24,7,8,3,10,16,11
413,14,7,32,8,17,30,8,9,19,26,35,17,44,12,20,11,23,17,33,33,15,23,12,40,24,10,22,22,13,18,4,20,25,11,10,7,26,13,20,27,20,2,23,17,13,15,15,15,7,4,22,16,3,21,21,21,27,48,37,9,8,6,16,11,25,14,42,36,16,4,12,16,13,19,16,8,8,16,26,6,11,28,25,20,5,26,10,31,24,24,7,9,3,10,16,11
414,15,7,32,8,17,30,8,9,19,26,35,17,45,12,20,11,23,17,33,33,15,24,13,40,25,10,22,22,13,18,5,20,26,11,9,7,26,13,20,27,20,2,23,17,13,15,15,16,7,4,24,16,3,23,21,21,27,48,37,9,8,6,16,11,25,14,42,35,16,4,12,16,13,18,16,9,8,16,27,6,11,29,26,20,5,26,10,31,24,25,7,9,3,10,16,12
415,15,7,32,9,17,31,8,9,19,26,36,17,49,12,20,11,24,17,33,34,15,25,13,40,27,10,22,24,13,19,5,20,26,11,9,7,28,13,21,27,20,2,23,17,13,16,15,16,8,4,25,16,4,23,21,21,27,49,38,9,8,6,16,11,25,14,43,36,16,5,12,18,13,18,16,9,8,16,27,6,11,30,28,21,5,26,10,31,24,25,7,9,4,11,16,11
416,15,7,33,10,18,32,8,9,19,27,36,17,52,12,20,11,24,19,33,35,16,25,13,40,27,10,22,24,13,19,5,22,27,11,9,8,28,13,21,27,20,2,23,17,13,16,15,16,8,4,25,16,4,23,21,21,27,49,38,9,9,6,16,11,25,14,43,37,17,5,12,19,13,19,16,9,8,16,28,6,11,30,28,21,5,26,10,32,24,27,8,9,4,11,16,12
417,15,7,34,11,18,33,8,9,18,27,36,17,52,12,20,11,24,19,34,36,16,25,13,40,28,10,23,24,13,19,5,22,27,11,9,8,28,14,21,27,20,2,23,17,13,16,15,16,8,4,26,17,4,23,21,21,27,49,39,9,9,6,16,11,25,14,43,37,17,5,12,19,14,19,16,9,8,16,28,6,12,30,28,22,5,26,10,32,23,27,8,9,4,11,16,13
418,15,7,34,12,18,32,8,9,19,28,38,17,52,12,20,12,24,20,35,36,16,25,14,41,28,10,24,24,13,20,5,22,25,11,9,8,29,14,21,27,20,2,23,17,13,16,15,16,8,4,26,18,4,23,21,21,29,49,39,9,9,6,16,11,25,14,45,37,17,5,12,19,14,19,16,9,8,18,29,6,12,30,29,22,5,27,10,33,23,27,8,9,4,11,16,13
419,15,7,34,12,20,32,8,9,19,28,40,17,52,12,20,12,23,20,36,36,16,24,15,41,28,10,24,24,12,20,5,22,26,11,9,9,29,14,21,27,21,2,23,17,13,16,15,16,8,4,27,18,4,23,21,21,30,49,40,9,10,6,16,11,27,14,45,37,17,5,12,21,14,19,16,9,8,18,30,6,12,31,31,23,5,28,10,33,23,28,9,9,4,11,16,13
420,15,7,34,12,20,33,9,11,19,28,40,17,53,12,20,12,23,19,36,36,17,24,15,44,29,10,24,26,12,20,5,22,27,11,9,9,29,14,21,27,20,2,23,17,14,16,15,16,8,3,27,19,4,23,22,21,30,50,40,8,10,6,15,11,27,14,45,36,17,6,12,23,14,19,17,9,8,19,30,6,12,33,31,22,5,28,10,33,23,28,9,9,4,11,16,13
421,15,7,35,12,21,35,9,11,19,28,40,17,53,12,20,12,23,19,36,36,19,25,15,44,29,10,23,27,12,20,5,22,27,11,9,9,30,14,21,26,21,2,23,17,13,16,15,16,8,3,27,19,4,23,21,21,30,51,40,8,10,6,16,11,27,14,45,35,18,7,12,23,14,19,18,9,8,19,30,6,12,33,31,22,5,27,10,33,23,28,9,9,4,11,16,13
422,15,7,35,13,22,35,9,11,19,29,43,17,55,12,20,12,23,19,36,35,18,25,15,44,29,10,22,27,12,20,5,22,27,11,9,9,29,14,21,26,21,2,23,17,12,16,15,18,8,3,28,19,4,24,21,21,30,51,40,9,10,6,17,11,29,14,46,36,19,8,12,24,14,19,18,9,8,19,31,6,12,33,32,23,5,28,10,33,23,27,9,9,4,11,16,13
423,15,8,35,14,22,35,9,11,19,29,43,17,55,12,20,13,23,20,35,35,18,26,15,44,30,10,22,27,12,20,5,21,27,11,9,9,30,14,21,27,22,2,23,17,12,16,15,18,8,3,28,19,4,25,21,21,31,51,40,9,11,7,17,11,29,14,47,36,19,8,12,23,14,19,18,9,8,21,31,6,12,34,32,23,5,28,10,32,24,27,9,9,4,11,16,13
424,15,8,35,15,22,36,9,11,20,29,43,17,58,13,19,13,24,20,36,35,18,26,15,44,30,10,22,28,12,19,6,21,28,11,9,9,30,14,21,27,22,3,23,17,12,16,15,18,8,3,29,19,4,25,21,21,31,52,40,9,11,7,17,11,30,14,47,37,19,8,13,23,14,20,19,9,8,22,31,6,12,35,32,23,5,28,10,33,24,28,10,9,4,11,17,13
425,15,8,36,15,22,36,9,11,20,29,43,17,58,13,20,13,24,20,37,35,19,26,16,44,30,10,22,28,11,19,6,21,28,11,9,9,30,14,21,27,22,3,23,18,12,17,15,18,8,4,29,19,4,25,21,22,31,53,41,9,11,7,18,11,30,15,47,37,20,8,14,23,14,20,19,9,8,22,31,6,12,35,32,24,5,28,10,33,24,28,10,9,4,11,17,13
426,15,8,37,16,23,36,9,11,20,29,44,17,58,13,20,13,24,20,37,35,19,26,16,46,30,10,22,30,11,19,6,21,29,11,9,9,30,14,21,27,21,3,23,18,12,17,15,18,8,4,29,19,4,27,21,22,31,54,42,9,11,7,18,11,30,15,47,37,20,8,14,24,14,20,19,9,9,22,31,6,12,35,33,24,5,29,10,34,26,28,10,9,4,11,16,13
427,15,8,37,17,24,36,8,11,21,29,44,17,58,14,20,14,26,20,38,36,19,27,16,46,30,10,22,30,11,21,6,21,29,11,9,9,31,14,21,28,20,3,24,18,12,17,15,18,8,4,29,19,4,27,21,22,31,56,42,9,11,7,19,11,31,15,48,39,20,8,14,24,14,20,19,9,9,22,31,6,13,35,33,24,5,29,10,35,26,28,10,9,4,11,16,14
428,15,10,38,18,24,37,8,11,21,30,44,19,58,15,20,14,26,20,39,36,19,28,16,46,31,10,22,31,11,21,6,22,30,11,10,9,31,14,21,28,20,3,24,19,12,17,15,18,8,4,29,18,4,28,22,22,31,55,42,9,11,7,18,10,34,15,48,40,20,8,14,24,14,20,19,11,9,22,31,6,13,35,33,24,5,29,11,36,27,29,11,9,5,11,15,14
429,15,10,39,19,24,36,8,12,22,30,44,19,58,15,20,14,26,20,39,37,19,28,16,47,31,10,23,31,11,21,6,22,33,11,10,9,32,15,21,28,20,3,24,19,12,17,15,18,8,4,29,18,4,29,22,22,32,55,42,9,12,7,19,11,34,15,48,41,20,8,14,24,15,20,19,11,9,23,30,6,14,35,33,24,5,28,11,36,27,29,11,9,5,11,15,15
430,16,11,39,20,24,36,8,12,23,30,43,19,59,15,20,14,27,19,40,37,20,28,16,48,31,10,23,31,12,21,6,23,33,11,10,9,33,15,23,28,21,3,24,19,12,18,15,18,8,4,29,18,4,29,22,23,33,55,41,9,13,7,20,11,34,15,49,42,20,8,14,24,16,20,19,11,10,23,30,6,15,36,33,24,6,28,11,36,27,29,11,9,6,12,15,16
431,16,11,39,19,24,37,8,13,24,31,43,19,59,15,20,14,28,19,40,38,19,28,16,49,31,10,23,31,12,21,6,23,34,11,11,9,34,15,23,29,20,3,25,19,12,18,15,18,8,4,29,18,4,29,22,23,33,56,41,9,13,7,20,11,34,15,49,42,20,8,14,25,16,20,19,11,10,23,31,6,15,36,33,24,6,28,11,37,27,30,11,9,6,12,15,16
432,17,11,38,19,24,38,8,13,24,32,43,19,59,15,20,14,28,19,40,39,19,29,16,49,31,10,23,31,12,22,6,23,35,11,11,9,34,15,22,31,19,2,25,19,13,19,15,18,8,5,30,18,4,29,23,24,33,57,42,9,13,6,20,11,36,16,48,43,20,8,14,26,17,20,19,11,10,23,33,6,15,37,33,23,6,29,11,38,27,30,11,9,6,12,14,16
433,17,11,38,19,25,38,8,13,24,32,43,19,59,15,20,14,28,20,40,39,19,29,17,50,32,11,23,31,12,22,6,24,36,11,11,9,33,15,22,32,19,2,26,19,13,19,15,18,8,5,30,18,4,29,24,24,34,57,42,10,13,6,21,11,38,16,49,45,20,8,14,27,17,20,20,11,10,23,33,6,16,37,33,23,6,29,12,38,27,30,11,9,6,12,15,16
434,18,11,39,21,25,38,8,13,24,33,43,21,60,15,20,14,28,21,40,40,19,29,17,50,33,11,24,31,12,22,6,24,36,11,11,10,32,15,22,33,19,2,26,19,14,18,15,18,8,5,30,18,4,29,25,25,34,58,42,10,13,6,21,11,38,18,49,45,20,8,14,27,17,20,20,11,10,23,33,6,16,37,33,23,6,29,12,38,28,30,11,10,6,12,15,16
435,18,11,39,21,25,38,8,13,24,33,43,21,59,15,21,15,29,22,39,40,19,29,18,50,33,11,24,32,12,22,6,25,37,12,11,10,32,15,23,33,19,2,27,19,14,18,15,18,8,5,30,18,4,29,26,26,35,58,43,9,13,6,21,12,39,18,50,45,20,8,15,27,17,21,21,11,10,24,33,6,16,37,34,24,6,30,12,38,29,30,11,10,7,13,15,16
436,18,11,39,22,27,38,8,14,24,33,43,21,60,15,21,15,29,23,39,40,19,30,19,51,33,10,24,33,12,22,6,26,37,12,11,10,33,15,23,33,19,2,28,19,14,17,15,18,8,5,30,19,4,29,27,26,36,58,46,10,13,6,21,13,39,18,50,45,20,8,15,28,19,21,22,11,10,24,34,6,16,38,35,24,6,31,11,38,29,30,12,10,8,13,15,17
437,18,12,41,22,27,39,8,14,24,33,44,21,61,16,22,15,28,24,39,40,19,31,19,52,35,10,25,34,12,22,6,26,37,12,11,11,34,15,23,34,19,2,29,19,14,17,15,19,8,5,30,19,4,29,27,26,37,59,46,10,13,8,22,13,39,18,51,47,20,8,15,29,19,21,22,11,10,24,35,6,16,38,36,24,6,31,11,39,29,30,12,11,8,13,15,17
438,19,12,41,22,28,39,8,13,24,33,44,22,61,16,22,16,31,24,41,42,20,32,19,53,36,10,26,34,12,22,6,26,37,12,11,11,34,15,23,34,19,2,29,19,14,17,15,19,8,5,30,19,4,29,27,26,37,60,47,10,13,8,23,13,39,18,51,48,20,8,15,29,19,21,22,11,11,24,36,6,16,39,36,25,6,32,11,39,29,30,11,11,8,13,15,17
439,20,12,42,22,27,39,8,13,24,33,45,21,63,16,22,17,31,24,42,42,20,32,19,53,38,10,26,34,12,22,6,26,39,12,11,11,34,15,24,34,19,2,29,20,14,18,16,20,8,5,30,19,4,29,29,26,37,60,47,10,13,9,23,13,39,18,54,48,20,8,15,29,19,21,23,12,11,24,36,6,16,40,36,26,6,32,12,39,29,31,11,12,8,13,16,17
440,20,13,42,22,28,39,9,13,24,33,45,21,63,16,24,17,32,25,43,42,21,32,19,56,39,10,27,34,12,22,6,26,40,12,11,12,34,15,24,34,20,2,29,20,14,19,15,20,8,5,30,19,4,29,29,26,37,61,48,10,13,9,23,13,40,18,55,49,20,8,15,29,19,20,23,12,11,24,37,6,16,41,36,26,6,32,12,40,29,32,12,12,8,13,16,18
441,20,13,41,22,27,40,9,13,24,35,45,21,64,18,25,17,32,26,44,42,21,32,19,57,39,9,27,34,12,24,6,27,40,12,11,13,34,16,25,35,20,2,29,22,15,19,15,20,8,5,30,20,4,29,29,26,39,61,48,10,13,9,23,14,40,18,55,49,21,8,15,30,19,20,23,12,11,24,37,6,16,43,37,27,6,34,12,41,29,32,13,12,8,13,16,19
442,20,13,41,22,28,41,9,14,24,37,47,21,64,18,25,17,33,26,44,44,21,32,19,58,39,9,27,37,12,25,7,28,42,12,11,13,34,16,24,35,20,2,30,23,16,20,15,20,8,5,30,20,5,30,29,26,39,61,48,10,13,9,23,14,40,18,56,50,21,8,15,30,19,20,23,12,11,24,37,6,16,43,37,28,6,34,12,41,29,33,13,12,8,13,16,21
443,20,13,42,24,28,41,9,14,24,37,47,21,64,18,26,17,33,26,46,45,21,32,19,58,40,10,27,37,13,25,7,28,42,12,11,13,34,16,26,35,21,2,30,23,16,20,17,20,8,5,30,21,6,30,29,27,39,61,50,10,13,9,23,14,40,18,56,50,21,8,15,30,20,20,24,12,11,24,37,6,16,43,38,28,6,34,12,41,30,33,14,12,8,13,16,21
444,21,13,42,24,28,42,9,14,24,39,47,21,64,18,27,17,33,26,46,45,22,32,19,59,42,11,27,39,13,25,7,28,43,12,11,14,35,16,26,35,21,2,31,23,16,20,17,20,8,5,31,21,6,30,28,27,40,63,51,10,13,9,23,14,41,18,56,50,21,8,16,32,20,20,24,13,13,24,37,6,16,45,38,29,6,35,12,41,30,33,14,12,8,12,16,21
445,22,13,42,25,28,43,9,14,24,39,48,21,66,18,29,18,33,26,46,47,22,33,19,60,42,11,26,40,13,25,7,28,43,12,11,14,36,17,26,35,21,2,31,24,16,21,17,20,8,5,33,21,6,31,29,26,41,64,53,10,13,9,23,14,44,19,56,50,21,9,16,33,21,20,24,14,13,24,37,6,16,45,41,29,6,35,13,41,30,35,14,12,9,13,16,22
446,22,14,42,27,28,43,10,14,24,40,48,21,66,18,29,19,33,27,46,49,22,34,19,60,42,11,27,40,12,25,7,28,43,12,11,14,36,17,28,35,22,2,31,25,17,21,17,20,9,5,33,21,6,31,28,26,42,65,55,11,13,10,23,14,45,19,58,50,21,9,17,33,21,20,24,14,13,24,37,6,16,45,42,31,6,35,13,41,30,35,14,12,9,13,16,23
447,22,14,42,27,28,43,10,14,24,40,48,22,66,18,29,20,33,27,46,51,22,34,19,60,43,11,27,42,11,25,7,28,43,12,11,14,37,17,28,35,22,2,31,25,18,21,17,20,9,6,33,21,7,32,29,28,45,65,54,11,13,10,24,14,46,20,60,50,21,9,17,35,21,20,24,13,13,24,38,7,16,45,42,31,7,36,13,41,31,35,15,12,10,13,16,23
448,23,14,42,28,28,43,10,14,24,40,48,23,68,18,30,20,33,27,47,52,22,35,19,60,43,10,27,43,11,26,7,29,43,12,11,15,38,17,30,35,22,2,31,25,18,22,17,21,10,6,33,21,7,32,29,29,46,65,55,10,13,10,24,14,47,20,60,51,22,9,17,35,21,20,25,13,13,24,38,7,16,45,42,31,7,37,13,41,31,34,15,11,10,13,16,25
449,23,14,42,28,28,43,10,14,23,40,48,24,70,18,30,20,33,28,47,53,22,35,19,61,43,11,28,44,12,27,7,30,43,12,12,15,40,17,30,37,22,2,31,25,18,21,17,22,10,7,32,22,7,33,29,29,48,65,55,11,13,10,24,14,49,20,60,51,22,9,17,36,22,20,26,13,13,24,38,7,16,45,42,31,7,38,13,41,32,34,16,11,10,13,16,25
450,23,15,44,28,28,43,10,14,25,40,50,24,71,19,31,22,33,29,47,54,21,35,20,60,43,11,29,45,12,27,7,30,45,12,12,16,42,17,29,38,22,2,31,25,18,20,17,22,10,7,32,23,7,34,29,28,47,65,56,11,14,10,24,14,49,20,60,53,22,9,17,36,22,20,26,13,13,24,39,7,16,45,42,31,7,39,13,41,33,35,16,11,10,13,16,25
451,23,15,44,29,28,44,10,14,27,40,50,24,71,20,32,22,33,30,48,56,21,35,21,60,42,13,29,47,12,27,7,30,45,11,12,16,43,18,29,39,23,2,32,26,18,20,18,22,11,7,32,23,8,35,29,28,48,65,56,11,14,10,24,14,49,19,60,53,22,10,17,36,22,21,26,13,13,24,39,7,16,45,42,33,8,39,14,41,34,35,16,12,10,13,16,25
452,23,15,44,29,28,44,10,15,27,40,52,24,71,20,32,22,34,30,48,57,21,34,21,60,42,13,30,46,12,27,7,31,45,11,12,17,43,18,29,38,25,2,32,26,19,20,18,22,11,7,33,23,8,35,30,28,48,66,57,11,15,10,24,14,49,19,60,53,22,11,18,37,22,21,26,13,14,24,38,7,16,46,42,33,9,41,14,41,34,36,16,12,10,13,16,25
453,25,15,44,29,28,45,10,16,27,41,53,24,72,20,33,22,34,30,49,57,21,34,23,61,43,13,30,46,12,27,7,33,45,11,12,17,43,18,29,38,25,2,32,26,19,20,19,22,11,7,34,23,8,36,33,28,50,66,57,11,15,10,24,15,49,19,60,53,22,11,18,37,22,23,26,13,14,24,39,7,16,46,43,33,9,41,14,42,34,37,16,12,10,13,17,26
454,25,15,44,29,29,46,11,17,28,43,54,24,72,20,34,23,34,31,48,59,21,34,23,61,42,13,32,47,13,27,7,34,45,11,12,18,44,18,29,39,26,2,32,26,18,20,20,22,11,7,34,22,8,36,32,28,52,69,55,11,16,10,23,15,49,19,60,53,22,11,19,36,22,23,26,13,14,24,40,7,16,46,43,33,9,42,15,42,34,38,16,12,10,13,18,26
455,25,16,44,30,29,48,11,17,28,43,54,24,72,20,34,23,35,31,48,60,21,35,24,62,42,12,33,47,13,27,7,34,45,11,12,18,44,18,29,39,27,2,34,27,18,21,20,23,11,7,35,22,8,36,34,29,53,69,55,11,17,10,24,15,50,19,61,54,22,11,19,36,22,23,26,13,14,24,42,7,16,46,43,35,9,42,15,42,36,38,16,12,10,13,18,27
456,25,16,44,30,29,50,11,16,31,44,55,25,73,20,36,23,35,32,49,61,22,35,24,62,41,12,34,49,13,27,7,35,44,11,12,18,45,18,30,39,29,2,34,27,19,22,20,24,11,7,35,22,8,37,35,29,54,69,56,12,18,10,24,14,51,19,63,54,22,12,19,36,22,25,26,13,14,24,42,7,17,46,43,35,9,43,15,42,38,38,17,12,10,13,18,27
457,26,16,46,32,30,50,11,16,31,43,55,25,73,21,36,23,34,32,49,61,22,35,24,63,41,13,35,50,13,27,7,35,44,11,13,20,46,18,31,39,29,2,34,27,20,22,20,26,11,7,35,22,8,37,35,31,56,69,55,12,17,10,24,14,54,20,66,54,22,13,20,36,22,25,26,13,14,24,43,7,17,46,42,35,10,44,15,42,40,39,18,12,11,13,18,26
458,28,16,46,32,31,52,11,17,32,45,55,25,73,21,36,23,35,32,50,61,23,36,26,63,41,13,36,50,13,27,7,36,44,12,13,20,47,18,31,38,29,2,34,27,20,22,20,27,11,7,35,22,8,37,36,31,56,70,54,13,17,10,24,14,55,22,65,54,22,13,20,36,22,25,26,13,14,24,43,7,19,46,43,36,10,45,15,44,41,39,18,12,11,14,18,26
459,31,17,46,32,31,52,12,17,32,45,55,25,74,21,37,24,35,32,50,62,23,37,26,64,41,13,36,50,13,28,7,36,44,12,13,20,48,18,31,38,29,2,34,27,20,22,20,27,11,8,35,23,8,38,39,31,57,73,54,14,17,10,25,14,56,22,65,54,22,13,20,36,22,25,26,13,14,24,43,7,19,47,43,36,11,46,16,44,41,39,18,12,11,14,18,27
460,31,17,46,32,31,54,12,18,32,46,57,26,74,21,38,24,35,32,50,62,23,37,26,64,41,13,38,50,14,29,7,37,44,12,13,20,49,18,31,38,30,2,34,27,21,23,20,28,11,9,34,23,8,39,39,31,57,73,54,15,18,12,25,14,56,22,65,53,23,13,20,37,22,25,26,13,14,25,43,7,19,47,43,36,11,47,16,45,41,39,18,12,11,14,18,27
461,31,17,46,32,31,54,12,18,32,46,58,26,74,22,41,27,35,33,51,62,22,38,26,65,42,13,38,50,15,29,7,37,44,13,13,20,49,18,31,38,30,2,34,27,22,23,22,28,11,9,34,23,9,40,38,32,57,74,54,15,18,12,25,15,56,22,67,54,24,13,20,37,23,26,25,13,14,26,43,7,19,48,43,36,11,48,16,45,43,40,19,12,11,14,19,27
462,31,17,45,32,31,54,12,18,33,47,59,27,75,23,43,29,35,34,52,62,24,38,26,64,42,13,38,51,16,29,7,39,44,14,13,19,49,18,32,38,30,2,35,27,22,22,24,28,11,10,35,23,9,39,38,32,58,74,56,15,19,12,25,15,56,24,68,53,24,13,20,37,25,27,26,13,15,26,45,6,20,49,42,36,11,49,16,47,44,40,21,12,11,15,19,26
463,31,19,46,33,30,55,12,19,35,48,59,27,76,23,43,30,36,34,52,62,24,38,26,65,44,13,38,51,16,29,7,39,43,13,13,19,49,18,32,39,31,2,35,28,22,23,24,28,11,10,34,24,9,39,40,32,60,74,56,15,19,12,25,15,57,25,70,53,24,13,20,38,25,27,27,13,15,26,45,6,20,50,42,35,11,49,16,47,45,40,21,12,11,15,20,26
464,31,20,46,33,29,55,12,19,36,48,59,27,76,26,44,29,37,35,52,65,24,38,26,65,46,13,38,52,16,30,8,40,45,14,13,19,50,18,32,39,31,2,35,29,23,23,24,28,11,10,35,24,9,39,40,32,61,74,56,15,19,12,25,15,58,25,70,53,26,14,20,37,25,27,27,13,15,25,45,6,20,51,42,36,11,49,16,47,45,40,21,12,11,15,20,26
465,31,20,49,33,29,56,12,20,36,48,59,27,75,26,44,29,37,36,53,66,24,38,27,66,46,13,38,55,16,30,8,39,45,15,13,19,50,18,32,40,31,2,35,29,26,22,24,28,11,10,34,24,9,39,40,32,61,74,58,15,19,12,27,15,59,25,70,52,27,15,20,37,25,27,27,13,15,27,46,6,20,52,42,36,13,49,16,47,45,40,21,12,11,15,21,25
466,30,21,50,33,29,56,12,20,37,48,59,28,75,26,44,29,37,37,55,66,24,38,27,66,47,13,38,57,16,31,8,39,47,16,13,19,51,18,32,41,32,2,35,29,27,22,25,29,11,10,34,24,9,40,40,32,61,75,58,15,19,12,27,15,62,26,72,53,27,16,20,39,25,27,28,13,15,27,45,6,21,52,43,36,13,49,16,49,45,40,22,12,11,15,21,25
467,30,22,49,33,29,56,13,20,39,49,60,28,76,26,45,30,38,37,56,68,24,39,27,66,47,14,39,58,17,31,8,40,48,16,13,19,52,18,32,42,33,2,36,29,27,22,25,30,11,10,35,24,9,40,40,32,61,78,61,16,20,12,27,15,61,26,72,53,27,16,20,38,25,27,28,13,15,28,45,6,21,52,45,38,13,51,16,50,45,40,22,12,11,15,21,25
468,30,23,49,33,30,57,12,20,40,49,59,28,76,25,46,30,40,37,57,68,24,39,27,67,50,14,41,59,17,32,8,40,49,16,13,22,53,18,33,43,34,2,38,30,27,22,26,30,12,10,35,24,9,41,41,32,63,78,63,17,20,12,27,15,62,25,75,53,27,16,21,38,25,27,28,13,16,28,44,6,21,53,45,38,13,50,16,49,46,40,22,12,11,16,21,26
469,30,23,49,33,31,57,12,20,40,50,59,28,78,25,47,30,41,37,59,69,24,39,27,68,50,14,41,60,17,33,8,41,50,17,13,22,54,18,33,44,35,2,38,30,27,23,26,31,12,10,35,24,9,41,41,33,63,78,65,17,20,12,27,15,63,25,75,53,28,16,22,39,25,27,28,13,16,29,44,6,22,54,47,40,13,50,17,49,48,41,23,13,11,15,22,26
470,30,23,50,33,32,60,13,20,40,50,59,28,82,25,48,30,42,38,62,70,24,39,27,68,50,15,42,60,17,34,9,42,50,18,13,22,54,18,33,44,35,2,40,30,27,24,26,32,12,10,35,24,10,41,42,34,66,81,64,17,20,12,27,16,63,25,77,53,28,17,22,40,26,27,28,13,16,29,44,6,22,55,46,40,13,50,17,49,47,42,24,13,11,16,21,26
471,30,23,49,33,33,60,13,20,40,50,63,28,83,25,48,30,42,39,63,72,24,39,28,68,50,15,43,61,17,34,9,42,52,19,13,22,54,19,33,44,35,2,40,30,27,24,26,33,12,11,35,22,10,41,42,37,66,82,65,17,20,13,27,16,63,25,78,53,28,17,22,39,26,27,28,14,16,29,44,6,23,57,48,40,13,50,17,49,47,42,25,13,12,16,21,26
472,30,23,52,33,32,60,13,21,40,50,63,28,84,25,48,31,44,39,63,72,24,40,28,68,51,15,43,62,17,35,9,42,53,20,13,22,55,19,33,45,36,2,41,30,27,25,25,33,12,11,35,22,10,42,43,37,66,83,66,17,20,13,27,16,63,25,79,54,28,17,22,40,25,27,28,14,17,31,45,6,23,56,48,41,13,50,17,49,49,43,25,13,12,16,21,26
473,30,23,53,33,33,61,13,22,41,50,64,28,87,25,49,31,44,40,65,74,24,40,28,68,53,15,43,64,17,35,9,42,53,20,13,22,55,19,34,45,37,2,41,30,27,25,25,34,12,11,35,22,10,43,43,37,67,84,68,17,19,13,29,17,64,25,81,55,29,17,22,40,26,29,28,14,18,32,46,6,21,57,48,42,13,52,17,49,49,43,25,14,12,16,21,26
474,30,23,53,34,33,61,13,23,41,50,64,28,87,26,50,31,44,40,67,76,24,40,29,69,53,15,43,64,16,35,9,43,53,20,13,22,55,19,34,46,37,2,42,30,27,26,25,34,12,11,35,22,9,43,43,37,69,84,68,17,19,13,30,17,63,25,82,56,30,17,22,40,26,29,29,14,18,32,46,6,21,58,48,44,13,52,17,50,50,45,25,14,12,16,21,27
475,32,23,53,34,33,61,13,23,41,50,65,28,87,26,52,32,43,40,67,76,24,40,28,69,53,15,43,66,16,35,10,44,53,20,14,23,55,19,34,46,37,2,43,30,28,26,25,34,12,11,35,23,9,42,44,37,70,85,69,18,19,13,30,17,64,25,83,56,31,17,23,40,27,29,28,15,18,33,46,6,21,59,48,44,13,52,17,51,51,45,25,14,12,16,21,29
476,32,23,55,36,33,62,13,23,42,50,65,28,89,27,51,32,42,41,67,76,24,40,28,70,53,15,43,66,16,35,10,46,53,21,15,23,55,19,34,46,37,2,44,32,29,26,25,34,12,12,35,23,9,42,44,37,73,85,70,19,19,13,30,18,65,26,84,58,31,19,25,41,27,29,28,15,18,34,47,6,22,60,48,45,13,53,17,54,52,45,26,15,13,16,21,30
477,32,23,55,36,33,62,13,23,42,51,66,28,91,27,51,32,42,41,69,76,25,42,29,71,55,15,44,66,17,35,10,45,54,21,16,23,57,19,34,48,38,2,44,32,31,26,25,34,12,12,35,23,9,44,44,37,75,87,71,19,19,14,30,18,65,26,84,57,30,19,25,42,27,29,29,15,18,34,47,6,23,60,48,46,13,53,17,54,53,46,26,15,14,16,21,30
478,33,23,55,36,33,63,13,23,45,55,67,29,93,27,51,32,43,42,69,77,25,44,29,72,55,18,46,66,17,36,10,45,54,21,16,23,58,20,34,49,38,2,44,33,32,27,25,34,12,12,36,23,9,44,45,37,75,90,73,20,21,14,31,18,66,26,85,57,30,19,25,42,27,31,29,15,18,34,49,6,23,61,48,48,13,53,17,53,53,46,26,15,14,16,21,30
479,33,23,55,37,34,66,13,23,45,55,68,30,92,27,51,33,43,42,69,78,25,45,29,72,56,18,47,67,17,37,10,45,56,21,17,23,57,20,35,49,38,2,44,34,32,28,26,34,12,12,37,24,10,44,44,37,75,89,73,20,21,14,31,17,66,26,85,57,31,20,25,41,28,31,32,15,18,34,49,7,23,61,48,52,13,53,17,57,55,46,27,15,15,17,21,30
480,32,24,55,37,34,67,13,23,44,56,68,30,94,27,52,35,43,42,69,77,27,46,30,73,56,18,47,67,17,37,10,45,54,21,16,23,57,21,35,49,41,2,44,34,32,28,26,34,12,12,36,24,11,44,45,37,75,92,73,20,21,14,31,17,66,25,87,58,31,20,25,40,28,31,32,16,18,34,49,7,23,61,48,52,14,53,17,57,56,45,27,15,16,17,21,31
481,32,24,55,37,37,68,13,23,44,56,68,30,94,28,52,35,43,42,70,79,27,46,31,73,56,20,48,68,19,38,10,46,54,21,16,23,57,21,35,49,41,2,45,35,32,28,28,34,12,12,36,24,11,44,45,37,79,94,75,21,21,14,31,17,67,25,88,58,31,20,25,42,28,32,32,17,19,35,50,7,24,61,48,55,14,54,17,57,59,45,27,15,16,18,21,31
482,32,24,57,37,37,68,13,25,45,56,71,30,94,28,53,35,44,43,74,80,27,49,32,74,56,20,48,67,19,38,10,46,56,21,16,22,57,21,35,49,42,2,45,35,33,28,28,34,12,13,36,24,11,44,45,37,81,96,77,21,21,14,31,17,66,25,89,59,32,20,25,42,28,32,32,17,19,35,50,7,24,61,49,55,14,54,17,58,60,46,27,15,16,18,21,31
483,32,24,57,37,37,70,13,26,45,57,71,30,97,29,53,36,44,42,74,80,27,49,33,76,57,21,48,68,19,38,10,46,56,21,16,22,59,21,35,51,42,2,45,35,33,28,29,36,12,13,36,23,11,46,45,39,81,98,80,24,21,14,32,17,67,25,89,60,32,20,25,43,28,32,33,18,19,35,50,7,25,61,51,55,14,54,17,57,62,45,27,15,16,18,21,32
484,33,24,57,37,39,71,13,26,46,58,71,30,98,31,53,37,45,42,74,79,27,50,33,77,60,21,48,68,19,38,10,47,57,21,16,21,59,21,35,52,43,2,45,36,33,28,29,37,12,13,36,23,11,47,46,38,83,97,82,24,21,14,33,17,68,26,88,61,32,20,25,44,28,35,33,18,19,35,50,8,25,62,52,55,13,55,17,58,62,45,27,15,17,18,22,32
485,33,24,58,39,40,72,14,26,48,60,72,31,99,31,53,37,47,44,73,79,27,50,32,77,60,21,48,68,19,38,10,47,58,21,16,22,59,21,35,53,43,2,45,38,33,28,29,37,12,14,36,23,11,47,50,38,85,101,83,24,22,15,33,17,68,26,90,63,32,20,25,44,28,34,33,20,19,35,50,8,25,62,53,56,14,55,18,61,62,47,27,15,16,18,22,34
486,34,24,58,39,40,74,14,26,49,63,73,32,99,32,53,38,46,44,73,80,28,49,34,77,62,22,48,68,20,38,10,47,59,21,16,22,59,20,35,53,45,2,45,39,33,30,30,36,12,14,37,23,11,47,52,39,86,101,84,25,22,15,34,17,69,26,92,65,32,20,25,44,28,34,33,21,19,35,50,8,25,62,54,57,14,55,18,61,62,48,27,16,16,18,22,34
487,35,24,58,39,40,75,14,26,49,63,72,34,103,32,54,38,46,44,74,82,28,50,34,79,62,23,49,71,20,38,10,47,59,23,17,22,59,20,35,55,46,2,44,39,33,30,31,37,11,14,37,23,11,47,52,39,87,104,85,25,22,15,33,17,69,26,92,65,32,20,26,45,29,35,33,22,20,36,51,8,25,63,54,56,14,56,18,61,62,49,28,17,16,18,22,33
488,35,24,59,40,40,76,14,26,49,65,74,34,104,33,55,39,48,44,74,83,28,51,35,81,62,23,50,71,20,39,10,48,59,23,17,23,60,21,34,56,46,2,46,40,34,31,31,36,11,14,38,23,11,47,53,39,88,104,84,26,22,15,33,17,69,26,94,65,32,20,26,46,29,37,33,22,20,37,52,8,25,64,54,57,15,55,18,62,62,49,28,17,16,18,24,33
489,35,24,59,40,39,76,13,27,50,66,75,37,108,33,55,39,48,44,76,85,29,51,35,81,62,23,51,71,21,39,11,48,59,23,17,23,63,22,34,56,46,2,46,40,34,32,31,36,11,14,38,23,12,47,53,40,91,106,86,25,22,15,33,17,69,28,97,67,33,21,26,46,29,37,33,22,20,38,52,8,25,66,54,57,15,55,18,62,63,49,29,18,16,18,24,33
490,36,23,59,40,39,78,13,27,51,66,75,36,111,33,55,39,50,44,77,87,29,53,36,81,62,23,52,73,21,39,11,48,60,23,17,23,64,25,36,56,48,2,46,40,38,32,31,36,11,14,38,23,12,48,55,41,92,109,85,25,22,15,33,17,70,29,99,68,33,21,24,47,29,37,33,22,20,38,53,8,26,67,54,57,15,56,17,62,63,49,29,19,16,19,24,33
491,37,23,61,41,39,79,13,27,51,65,75,36,110,33,57,41,52,44,76,87,30,54,37,84,63,23,54,76,22,40,11,48,60,23,17,23,64,27,36,56,48,2,46,40,38,32,31,36,11,14,38,22,12,49,56,41,92,109,85,25,22,17,34,17,70,29,102,69,34,21,23,47,29,40,33,22,21,38,53,8,26,68,54,58,15,56,17,63,63,50,29,18,16,21,24,33
492,38,24,61,41,39,80,13,27,52,66,75,36,110,33,58,43,54,45,77,87,31,56,37,85,65,23,54,81,21,40,12,49,62,24,17,23,64,27,35,55,49,2,48,40,38,32,31,36,12,15,38,22,12,49,56,42,94,110,88,26,22,17,34,17,70,29,103,69,35,21,23,47,30,40,32,22,21,38,52,8,26,68,55,59,15,55,17,64,64,51,29,18,16,22,24,33
493,39,24,62,42,39,81,13,28,52,67,77,36,113,33,59,43,54,48,77,88,31,56,38,86,66,23,55,81,22,42,12,50,63,23,17,24,65,27,36,56,49,2,49,40,39,35,32,36,12,15,38,22,12,50,59,42,96,110,89,26,22,17,34,17,71,30,106,69,37,21,27,47,30,41,32,22,21,38,52,8,26,70,55,59,15,55,17,65,63,52,29,18,16,23,24,33
494,42,24,62,43,39,84,13,28,55,69,78,36,114,33,59,42,54,49,78,89,31,58,38,86,67,23,57,81,22,42,12,51,64,23,17,24,64,27,36,57,51,2,48,40,40,36,32,36,12,15,38,23,12,51,59,42,100,111,89,26,22,17,35,17,72,30,106,69,37,21,28,47,30,41,32,22,22,39,54,7,26,70,56,59,15,56,16,66,63,53,30,18,16,24,24,33
495,42,24,63,43,41,84,14,28,55,69,79,37,115,34,59,42,55,49,79,88,31,58,38,87,68,23,57,83,22,42,12,52,64,24,17,25,64,27,36,60,51,2,49,40,41,37,33,36,12,15,37,23,13,52,61,43,102,113,89,26,23,17,35,17,72,31,107,68,38,21,28,47,32,41,32,22,22,40,54,7,26,71,56,59,15,56,16,66,63,53,30,18,16,25,25,34
496,42,25,63,43,42,85,14,28,55,69,79,37,116,34,59,44,56,49,81,90,31,58,38,87,68,23,58,82,22,42,12,53,64,25,17,25,67,27,37,60,51,2,51,40,42,37,34,36,12,15,37,23,13,52,61,42,104,115,91,26,23,17,36,17,73,31,108,68,38,21,29,49,33,41,33,22,22,41,55,7,26,71,57,59,16,57,16,66,63,53,31,18,16,25,26,34
497,42,25,64,43,42,87,14,28,55,69,79,37,116,34,60,45,57,50,81,92,31,58,39,88,71,23,58,84,22,42,12,55,64,27,17,26,69,27,37,60,52,2,53,40,42,37,35,37,13,16,37,23,13,54,62,42,106,116,92,26,24,18,37,17,73,31,108,70,38,20,29,50,34,41,33,22,22,41,55,7,26,71,57,60,17,57,16,68,63,55,31,18,16,25,27,34
498,42,25,66,44,43,87,14,28,55,69,80,37,118,34,61,46,57,50,84,92,31,60,39,90,74,24,59,85,23,42,12,56,64,27,17,27,68,28,38,61,52,3,53,40,43,37,35,37,13,16,37,24,13,54,63,43,107,116,91,27,24,18,37,17,73,30,109,71,39,20,30,51,34,41,34,22,22,40,56,7,27,71,58,61,18,57,16,69,63,55,31,17,16,25,27,35
499,43,25,67,44,44,90,14,28,56,71,83,37,119,35,62,47,57,50,85,92,31,61,39,90,75,24,60,87,24,43,13,57,66,29,18,27,70,28,38,62,53,3,53,40,43,37,36,37,13,16,37,24,14,55,64,43,108,118,92,27,24,18,38,17,74,30,111,71,40,20,31,51,35,41,34,22,22,41,56,7,27,71,58,61,18,57,16,70,62,57,31,17,16,25,27,35
500,44,25,68,43,44,92,14,28,56,71,85,38,123,35,62,47,58,50,87,96,31,62,40,91,75,24,62,86,24,43,13,59,67,30,18,27,71,28,38,61,53,3,53,42,44,39,36,38,13,16,39,24,14,55,64,44,109,118,91,28,24,20,38,17,76,30,113,72,40,20,31,51,36,42,34,22,23,41,58,7,27,72,58,64,17,61,16,71,63,57,31,17,16,25,27,35
501,44,26,68,44,46,92,14,28,57,72,85,38,123,35,63,49,59,50,87,97,31,63,39,91,76,24,62,89,25,44,14,60,67,30,18,28,71,28,38,61,53,3,53,42,45,40,36,38,13,16,40,24,14,55,63,44,112,121,92,29,25,20,39,17,77,30,115,72,40,20,32,52,36,43,34,22,23,41,60,7,28,72,58,64,18,64,16,70,65,57,31,17,16,26,27,35
502,44,27,68,46,46,93,14,28,59,72,85,38,123,36,64,50,59,52,86,97,31,63,38,92,76,25,62,90,25,44,14,61,67,30,18,28,72,29,39,61,53,3,53,42,45,41,36,37,13,17,39,24,15,55,63,44,116,121,92,29,25,20,40,16,78,30,116,75,40,21,32,53,36,44,34,22,23,42,60,7,29,74,59,63,18,64,16,71,66,58,33,17,16,26,27,35
503,45,27,68,47,48,92,14,28,61,73,86,39,127,36,64,50,60,53,87,98,32,63,38,92,77,25,64,92,25,44,14,62,67,31,18,28,72,31,39,61,52,3,55,43,46,42,37,37,13,17,39,24,15,55,63,45,117,120,93,30,25,20,41,16,79,30,117,76,42,21,32,53,35,45,34,21,24,44,60,7,29,74,60,64,18,64,16,72,67,59,33,17,16,26,27,36
504,45,27,70,47,48,92,14,28,61,72,88,39,129,36,64,52,60,55,87,99,32,63,39,94,76,25,64,95,25,45,15,63,68,32,18,29,73,31,39,61,52,3,56,44,46,43,37,37,13,17,40,25,15,55,63,45,119,121,95,30,25,20,42,16,79,29,118,76,43,20,33,55,36,46,35,21,24,44,63,7,29,77,60,65,18,66,16,72,70,59,34,17,16,27,27,36
505,45,28,71,48,49,94,14,28,62,74,90,40,130,36,65,52,62,57,88,101,32,65,41,95,75,25,64,95,25,48,16,63,69,32,18,31,73,31,39,62,52,3,56,44,48,43,37,36,13,17,42,25,15,55,64,48,120,121,95,33,25,20,43,16,81,29,118,78,43,20,34,55,37,46,35,22,25,47,63,8,28,77,60,66,18,66,16,72,71,59,34,17,16,28,28,36
506,45,28,72,48,49,93,14,29,62,74,91,39,135,36,65,52,62,57,89,102,32,64,41,97,75,25,65,96,25,49,16,63,69,32,18,31,74,31,40,62,53,3,57,44,48,44,38,38,13,17,42,26,14,56,65,49,120,122,94,34,25,20,43,16,82,29,118,78,44,20,34,57,37,47,36,22,25,48,63,8,28,77,60,69,18,67,16,73,73,60,35,19,16,28,28,36
507,45,28,72,48,52,95,15,29,63,74,92,41,136,36,66,53,64,58,90,105,33,65,43,98,75,25,66,95,27,49,16,64,69,32,18,31,74,31,41,64,53,3,56,44,48,46,40,38,12,17,43,27,14,55,65,50,122,122,95,34,25,20,43,16,85,29,122,78,45,21,34,57,38,47,36,22,25,48,62,8,28,79,61,70,18,67,16,75,74,62,35,20,16,28,28,36
508,45,28,72,47,51,95,15,29,64,76,94,43,136,36,66,54,64,58,91,107,33,66,43,98,75,27,67,95,27,50,16,64,69,32,18,32,77,30,41,65,54,3,58,44,48,46,41,38,12,17,43,27,15,54,65,50,124,123,96,34,25,22,43,17,84,30,122,78,45,22,34,58,38,47,36,22,25,48,63,9,28,79,61,71,18,69,16,78,74,62,35,21,17,28,28,36
509,46,28,72,48,51,94,15,29,64,76,96,43,136,35,66,55,65,58,91,107,33,67,43,100,75,27,67,96,27,50,16,67,70,32,19,34,77,30,41,66,55,3,58,44,48,45,41,40,12,18,43,27,15,56,66,51,127,124,98,35,25,22,43,18,86,29,122,78,45,22,35,59,38,47,36,22,25,48,64,9,28,80,62,71,18,69,16,78,74,62,35,21,17,28,28,35
510,46,28,73,49,54,95,15,29,65,76,98,43,138,36,67,56,67,58,91,108,33,69,43,101,77,28,71,98,27,50,17,69,70,33,19,34,80,30,41,66,55,4,59,44,48,46,40,40,12,18,45,27,15,59,67,51,128,125,101,36,25,22,43,19,86,29,125,78,46,22,35,64,38,47,37,22,25,48,65,8,28,80,64,72,18,69,16,79,74,63,36,23,17,28,28,37
511,46,28,74,49,53,96,16,29,65,76,99,44,141,35,68,56,67,60,91,109,34,69,43,102,78,28,71,98,27,50,19,70,72,33,19,34,81,30,42,68,56,4,59,45,48,49,40,41,12,18,45,28,15,60,68,52,128,127,102,36,26,22,43,19,90,29,125,81,48,22,36,64,38,47,37,22,25,48,65,9,28,80,64,72,18,69,16,79,74,66,36,24,17,28,28,37
512,46,27,75,49,55,97,16,30,65,78,99,44,142,35,68,56,68,60,93,110,34,70,43,101,78,29,72,98,27,51,19,72,74,33,19,35,82,30,42,68,57,4,60,47,49,49,40,41,12,18,45,29,15,62,69,52,129,126,102,36,27,24,45,19,90,30,126,82,49,22,37,66,39,47,37,22,26,48,67,10,29,80,64,72,19,69,17,80,73,64,36,23,18,28,28,39
513,45,27,75,49,57,98,16,31,65,78,102,44,145,36,68,59,69,60,95,111,34,71,44,102,80,29,73,98,27,52,19,73,74,33,19,36,83,30,42,68,58,4,61,49,50,50,41,41,13,18,45,30,15,63,69,53,128,128,105,36,27,24,45,19,91,30,129,82,50,22,37,67,41,47,37,22,26,48,68,10,29,80,65,74,19,69,17,80,75,65,39,23,18,28,29,42
514,45,27,76,50,57,97,16,32,66,77,102,45,145,36,68,59,70,63,96,111,34,71,44,104,80,29,75,99,29,56,19,73,74,33,19,36,84,30,42,69,58,4,61,48,51,52,42,41,13,18,45,31,15,63,69,55,130,129,105,36,27,24,45,19,92,31,132,83,51,22,36,69,41,46,37,23,26,48,68,10,29,80,65,74,19,70,17,80,76,66,39,24,18,28,29,43
515,46,28,78,50,59,97,17,32,66,77,105,45,148,36,69,60,72,63,96,113,34,71,46,104,80,29,76,100,29,56,19,73,75,34,20,36,86,30,42,70,58,4,62,50,51,54,42,42,13,19,45,31,16,64,68,56,132,131,106,38,27,24,46,19,93,32,132,83,51,23,36,69,43,46,36,25,25,48,69,10,29,80,65,77,19,68,17,82,74,67,39,25,17,28,29,43
516,46,30,79,50,61,97,17,31,67,77,106,46,150,37,69,61,74,63,95,115,34,73,46,106,80,29,76,101,29,56,19,74,76,34,20,38,87,30,43,69,57,4,62,51,51,56,43,43,13,19,45,31,16,66,69,56,132,135,107,37,27,25,46,19,95,32,133,83,50,25,37,70,43,46,36,26,25,48,70,10,30,82,65,77,20,68,18,84,73,68,39,25,18,28,30,43
517,46,30,79,51,61,97,17,31,67,78,105,46,150,37,68,63,75,63,96,116,35,73,45,108,81,30,77,101,30,56,19,75,76,35,19,39,86,32,45,69,58,4,62,51,51,56,44,43,13,19,45,31,16,66,69,56,132,138,107,38,27,26,46,20,95,32,135,84,50,26,39,73,44,48,39,27,26,48,72,10,30,84,65,77,20,67,18,84,73,68,39,25,18,28,30,44
518,46,31,79,51,62,98,17,31,67,78,105,46,150,37,69,65,78,62,97,117,35,72,46,107,81,30,80,102,30,58,19,76,76,35,20,40,86,32,45,71,60,4,62,51,51,56,44,43,13,19,47,31,16,68,70,57,132,139,107,40,28,26,47,21,96,32,136,85,50,26,41,74,44,49,39,27,25,48,75,10,31,87,65,78,20,67,19,84,73,67,40,26,18,28,30,45
519,47,31,80,51,63,99,18,32,68,79,106,46,150,38,69,68,79,63,99,120,38,73,47,108,82,30,82,104,31,58,19,78,78,35,20,40,87,32,43,72,60,4,63,51,50,55,46,43,13,19,47,31,16,70,71,57,134,143,108,42,28,26,47,22,95,32,138,85,50,26,41,75,45,50,38,27,26,48,75,11,33,87,65,79,20,69,20,84,74,66,41,27,19,28,30,45
520,47,31,83,52,65,100,18,32,68,80,108,46,154,38,73,70,79,63,103,123,38,75,48,111,83,31,83,105,31,59,19,78,79,35,20,40,87,33,43,72,60,4,63,52,50,56,46,43,13,20,49,31,16,71,71,59,135,144,107,43,28,26,47,23,95,32,139,85,51,26,42,75,46,50,38,27,27,48,77,11,34,88,65,80,20,69,20,85,75,66,41,27,19,28,30,46
521,47,32,83,52,67,103,18,32,70,80,108,46,156,38,73,70,81,63,103,123,38,81,48,112,84,32,83,104,32,60,19,80,78,35,20,42,86,33,45,74,62,4,64,53,49,57,47,43,13,20,50,31,16,75,73,59,134,144,108,43,29,26,48,23,96,31,139,86,54,26,43,77,47,51,38,27,29,49,78,11,34,90,66,80,21,71,20,86,75,68,41,27,19,31,30,47
522,47,32,83,52,67,103,18,31,71,82,110,46,157,40,73,71,81,65,107,126,39,83,49,112,84,33,83,107,33,60,20,81,78,35,20,42,88,34,45,73,63,4,64,53,49,58,47,44,13,20,50,32,16,76,73,60,140,145,110,43,30,26,49,26,98,32,141,86,54,28,43,77,48,53,38,27,30,50,79,11,35,91,67,81,20,72,20,86,77,69,41,27,19,32,31,47
523,49,33,84,52,68,104,19,31,72,82,112,46,157,40,74,74,82,65,108,127,40,83,49,113,88,33,84,111,34,60,20,84,78,35,21,42,89,35,46,75,65,4,64,53,49,59,48,46,13,21,51,32,16,78,74,64,142,148,110,43,30,26,49,26,101,32,143,87,54,28,44,77,49,53,39,27,30,50,79,11,35,91,67,82,20,73,20,87,78,70,40,28,19,33,32,47
524,50,34,85,53,67,106,19,31,72,85,115,47,160,40,74,75,83,66,108,127,40,83,49,114,89,34,85,113,35,61,22,85,80,36,22,42,90,35,46,75,65,4,65,53,50,59,49,47,13,21,51,32,16,77,76,64,142,149,111,45,30,26,51,28,101,32,146,87,56,29,46,78,49,55,41,28,30,50,82,11,35,92,67,84,20,73,21,88,79,71,40,28,19,33,32,47
525,51,35,85,55,67,108,19,31,73,87,116,47,160,40,74,76,83,66,109,127,41,84,51,115,89,35,85,113,37,61,22,88,82,37,22,42,92,35,47,76,66,4,65,53,52,59,49,47,13,22,53,32,16,78,77,65,143,151,113,46,30,27,52,28,102,32,146,88,56,30,46,78,50,55,41,29,30,50,84,13,35,93,68,84,21,75,22,89,79,72,41,28,19,34,33,48
526,52,35,86,55,66,110,19,31,71,88,118,48,163,41,74,77,84,67,109,127,41,85,52,116,90,35,86,115,37,61,22,90,83,37,23,42,92,36,48,76,66,4,65,54,51,61,49,47,13,23,53,35,16,77,77,67,146,155,114,47,31,27,52,28,101,32,148,88,56,33,46,80,51,56,42,30,30,50,85,14,35,93,69,87,21,75,22,90,80,73,41,29,18,35,33,49
527,52,35,87,55,67,110,19,31,73,90,120,50,164,42,76,82,84,67,110,127,42,86,53,117,92,35,87,119,38,62,22,92,84,38,24,41,93,37,49,77,66,4,66,55,52,63,51,48,13,23,54,35,16,79,76,69,149,157,116,47,33,28,52,29,102,33,149,89,56,35,46,80,51,57,42,30,30,50,85,14,35,94,69,88,21,77,22,91,81,74,40,29,18,35,32,49
528,52,36,87,55,68,111,19,31,73,90,121,50,167,41,76,82,85,67,111,127,43,89,53,118,96,35,89,121,38,62,23,93,84,38,24,43,93,38,51,78,68,4,66,56,52,63,53,49,14,23,55,36,16,79,78,69,152,159,116,49,33,28,52,29,103,33,150,90,56,36,46,80,52,57,43,30,30,50,86,14,36,94,70,91,21,79,22,92,83,74,41,30,18,35,32,50
529,52,36,90,55,68,111,19,31,74,93,125,50,171,41,76,83,86,68,111,129,43,90,56,119,96,36,92,121,39,62,24,94,87,38,24,44,93,38,51,79,68,4,67,56,53,64,54,49,14,23,57,36,16,81,81,70,153,161,118,49,34,28,52,29,105,33,151,91,56,37,46,82,52,57,43,32,32,50,87,14,36,97,71,91,22,79,22,92,83,76,41,30,19,36,32,50
530,52,37,91,57,68,112,20,32,76,95,124,51,170,42,78,84,88,69,113,131,44,91,57,119,97,36,93,122,39,62,24,94,87,38,24,44,93,40,51,81,67,4,67,58,53,67,56,49,14,24,60,36,17,80,84,70,154,162,119,49,33,28,52,29,104,34,153,90,56,37,46,83,53,56,44,33,33,50,90,14,36,97,70,94,23,80,23,93,84,78,42,31,19,36,32,51
531,53,37,93,59,68,116,20,33,77,95,124,50,172,42,80,84,89,69,115,131,46,93,57,121,98,35,94,123,39,63,24,94,87,38,24,44,93,40,53,82,71,4,69,58,53,68,57,49,14,24,60,36,17,79,87,70,156,162,119,49,34,28,52,29,105,35,155,90,57,38,46,82,53,56,46,33,33,50,91,15,36,100,72,96,23,80,22,92,86,78,43,31,18,36,34,52
532,53,37,93,60,68,116,21,33,77,96,125,50,172,42,82,85,90,71,117,131,45,92,57,123,99,35,96,125,40,63,24,95,91,40,24,44,92,40,55,83,72,4,69,59,53,68,58,49,15,24,61,37,17,78,88,71,157,164,119,49,34,28,54,29,107,36,155,91,58,38,47,82,53,59,47,34,33,50,92,15,37,102,74,97,23,81,22,92,86,79,43,32,18,36,35,52
533,53,37,94,61,68,116,22,33,79,97,126,50,177,44,82,85,90,71,118,136,45,92,57,124,100,37,96,125,42,63,24,96,93,40,24,44,93,40,55,86,72,4,70,59,53,68,59,49,14,24,63,37,17,79,88,71,158,165,120,50,35,30,55,29,107,36,156,92,58,38,47,83,54,59,47,35,33,51,95,16,37,102,73,98,23,81,23,92,89,80,44,33,18,36,35,53
534,54,38,95,62,70,118,22,33,79,98,127,51,177,46,82,85,89,72,117,137,45,93,57,126,102,38,98,128,43,63,24,97,93,41,24,44,95,41,55,87,73,4,72,61,53,68,58,51,14,24,64,37,17,80,88,72,159,164,121,51,34,31,55,30,108,37,156,92,58,38,47,85,54,59,48,37,33,53,96,18,36,102,73,98,23,85,23,94,89,80,45,34,19,36,34,53
535,56,38,96,63,70,119,22,33,80,99,128,53,179,46,83,87,88,73,117,139,47,94,57,128,103,38,98,129,43,65,25,98,94,41,24,44,95,41,55,89,74,4,72,63,54,71,59,51,15,24,65,38,17,80,89,74,161,168,122,52,34,32,55,31,110,37,159,93,59,38,47,85,54,59,49,37,33,53,97,19,35,101,73,99,24,86,23,96,90,82,45,34,19,36,35,55
536,57,38,98,63,70,119,22,34,82,99,130,53,181,46,85,89,89,73,120,138,47,95,57,129,107,38,98,130,43,63,25,98,96,43,24,44,98,41,55,91,74,4,72,62,55,71,60,50,15,25,65,38,17,81,91,74,163,171,122,52,34,32,55,31,110,38,160,93,60,38,48,85,55,60,50,37,33,53,98,19,36,102,73,101,24,89,24,97,91,82,46,35,19,36,34,54
537,57,39,99,64,70,119,22,35,83,101,131,54,182,48,85,90,89,74,124,139,47,96,58,130,108,38,99,130,44,64,25,99,100,43,24,44,98,41,55,91,74,4,72,62,55,73,62,52,15,26,65,38,17,81,91,74,166,172,123,53,34,33,55,31,111,40,162,94,60,38,49,87,57,62,54,37,34,53,98,19,35,103,75,101,24,89,25,96,90,82,46,36,19,36,34,55
538,57,40,100,63,72,121,22,36,82,102,132,54,185,48,86,90,90,75,126,141,47,96,58,132,108,38,99,131,44,65,28,100,103,46,24,44,97,41,55,93,76,4,72,63,56,73,62,54,15,26,68,40,18,83,91,75,168,175,125,54,34,33,56,31,109,41,164,96,60,39,50,86,57,61,54,37,37,53,101,19,36,105,76,102,24,89,25,96,90,83,47,36,19,36,35,55
539,57,41,101,65,75,120,22,36,84,103,131,56,185,50,89,92,90,75,128,142,49,98,57,132,110,38,100,133,44,66,28,102,102,47,24,44,99,42,55,97,77,4,73,66,56,73,64,54,15,26,69,41,19,86,93,75,170,175,126,54,33,32,57,32,111,41,166,96,61,41,50,85,58,61,54,37,39,53,104,20,38,105,76,103,24,90,25,97,91,83,47,36,19,37,35,56
540,57,41,102,65,76,121,23,35,85,105,133,56,187,53,89,93,90,76,129,145,51,99,59,134,111,40,102,134,44,70,30,103,105,48,23,45,102,42,55,100,79,4,73,66,57,74,64,56,16,26,69,41,19,86,93,76,171,177,127,54,33,32,57,34,112,42,165,99,62,41,50,86,58,62,54,37,39,53,104,20,39,105,77,103,24,91,26,97,92,84,47,36,19,37,35,56
541,57,41,102,66,77,123,24,36,85,107,133,57,189,53,89,94,91,77,129,145,51,103,62,134,112,40,104,138,44,71,30,104,105,49,23,45,102,42,55,101,81,4,72,66,58,74,64,57,17,26,71,41,19,86,96,76,175,181,128,54,33,34,58,35,113,42,165,100,64,42,50,86,58,61,55,38,39,53,105,20,38,106,76,104,24,91,26,98,93,87,48,36,19,37,35,55
542,58,41,102,67,78,125,24,37,86,110,134,57,190,53,90,94,92,77,131,147,53,107,62,135,115,40,105,138,44,71,31,104,106,50,23,45,105,42,56,104,82,4,72,69,59,74,64,58,17,26,71,43,19,88,98,79,175,183,129,54,33,34,58,35,112,43,166,101,64,42,49,87,58,61,55,37,39,54,105,21,39,105,77,105,25,90,27,100,95,88,48,36,19,37,36,55
543,59,41,102,67,81,126,24,37,86,112,134,58,190,54,91,96,94,77,132,147,54,109,62,136,117,41,107,140,45,72,31,105,107,51,23,47,105,42,56,104,83,4,71,69,60,74,67,58,17,26,71,42,19,91,98,79,175,184,130,54,34,34,59,35,111,43,169,102,65,43,50,88,58,61,56,37,39,54,110,21,41,107,80,108,27,89,26,101,95,88,49,36,19,37,35,59
544,59,42,104,69,82,130,25,37,86,112,137,60,190,55,91,98,95,80,133,151,54,110,62,137,118,41,108,141,45,75,31,105,107,51,23,47,105,42,58,104,83,4,73,68,59,75,68,58,17,25,71,43,21,94,99,81,177,186,130,55,34,34,59,36,114,43,169,101,65,44,52,89,58,61,55,38,39,55,115,21,41,107,83,108,27,89,26,103,95,90,50,36,19,38,36,59
545,59,43,108,69,84,130,25,37,87,112,139,59,193,55,91,97,96,80,134,153,54,111,65,137,121,41,108,145,44,75,31,110,108,51,22,47,108,44,59,106,84,4,73,69,60,78,69,59,17,24,71,43,21,94,102,81,180,189,132,56,34,35,59,37,117,43,172,104,66,44,52,90,58,62,55,38,39,56,116,22,43,105,83,108,29,91,26,105,97,89,50,36,19,40,36,59
546,60,44,110,69,84,132,25,38,88,113,141,60,195,56,92,101,97,81,135,154,55,111,65,137,124,41,110,148,45,75,31,111,108,53,22,47,109,46,58,109,87,4,73,71,60,78,69,59,17,24,71,43,21,95,103,81,181,191,133,58,34,36,60,37,119,42,175,108,66,44,53,90,59,62,57,38,39,57,115,23,44,106,83,108,30,94,27,107,100,89,50,36,19,40,36,59
547,63,44,111,71,84,133,25,38,90,114,143,60,196,56,93,101,98,81,137,157,55,113,68,136,125,41,110,150,45,76,31,111,108,55,22,47,110,48,58,109,88,4,73,71,61,80,69,61,17,24,74,44,21,96,103,82,181,192,133,59,34,36,60,38,121,42,175,111,69,44,54,91,61,62,57,38,40,57,115,23,44,107,83,109,30,97,27,107,103,90,50,36,19,40,37,60
548,64,45,112,71,86,135,25,39,91,114,146,60,196,56,95,102,100,82,138,160,56,115,69,137,129,41,109,151,46,78,31,110,109,56,21,48,115,48,60,108,90,4,74,76,62,81,68,62,17,24,76,45,20,99,105,84,183,194,133,59,34,36,62,39,122,42,176,112,69,44,56,92,61,62,57,39,40,57,115,24,44,109,82,110,30,98,29,107,105,91,49,36,19,40,37,61
549,64,44,112,71,89,136,25,39,91,114,149,60,196,57,97,102,99,83,138,164,58,117,71,139,131,42,114,152,47,79,31,112,111,56,21,48,116,48,61,110,91,4,77,77,63,81,69,63,18,25,76,46,20,100,105,85,187,197,136,60,34,37,62,39,124,42,179,114,72,45,58,92,63,62,57,39,40,57,116,24,44,111,83,112,30,99,31,107,107,92,49,35,19,41,38,65
550,64,44,114,73,89,141,26,40,91,116,151,60,198,57,96,103,100,86,138,165,59,120,72,141,132,43,115,154,47,81,31,114,111,56,21,48,119,48,62,110,94,4,76,78,66,81,70,63,18,26,78,49,22,100,107,87,188,197,137,59,34,37,62,40,124,45,180,116,74,45,60,94,63,63,57,39,40,57,116,24,44,113,83,113,30,101,32,107,109,93,49,35,19,41,38,66
551,69,45,114,72,92,142,26,41,92,117,152,60,200,58,97,103,102,88,139,169,60,121,76,142,134,43,117,156,50,81,31,116,112,59,21,49,119,48,62,113,96,4,75,78,68,82,70,62,18,26,78,51,23,103,108,88,190,200,139,60,34,37,63,39,125,45,181,116,75,45,61,97,63,64,59,38,40,60,118,24,46,114,83,114,30,103,33,111,110,95,51,36,19,41,38,67
552,70,45,117,75,92,142,26,41,94,119,152,60,205,60,99,104,101,88,140,169,61,123,76,143,135,44,118,159,50,82,31,119,116,59,22,49,119,48,63,114,96,4,75,79,68,83,71,62,18,26,80,51,24,108,108,90,192,202,145,60,35,38,63,40,126,46,181,118,76,45,61,102,63,64,59,39,41,60,118,24,46,117,85,116,31,104,34,114,109,97,53,36,19,41,38,69
553,70,47,118,75,92,143,26,42,94,121,151,62,209,60,100,105,103,88,140,168,61,123,75,143,138,44,120,162,51,83,32,121,119,60,22,51,121,48,63,116,98,4,75,77,69,85,71,62,18,26,81,51,24,110,108,91,196,204,149,62,36,38,63,40,126,46,183,119,76,45,62,102,64,65,60,41,41,60,119,25,47,116,84,117,31,104,34,114,113,95,53,37,19,41,40,69
554,70,47,119,75,92,143,26,43,95,121,153,62,213,61,101,107,104,88,141,168,63,125,75,147,141,44,121,164,51,83,32,121,121,61,22,52,122,51,64,117,99,4,75,77,70,86,71,62,18,26,81,54,24,110,112,92,200,206,149,64,37,38,63,40,126,46,183,119,77,46,62,102,64,65,60,41,41,61,121,25,48,118,85,119,31,105,35,114,111,95,55,38,19,43,41,69
555,70,48,119,75,93,142,26,44,97,121,154,64,214,62,102,110,105,89,141,168,63,125,74,149,143,44,121,167,51,84,32,122,122,63,22,52,125,51,63,118,100,4,74,77,71,86,72,63,18,26,80,56,24,111,112,92,203,208,150,66,37,38,64,41,128,46,187,120,78,50,62,103,65,67,61,43,41,61,119,25,48,120,87,120,31,108,35,116,112,96,56,38,19,43,41,69
556,71,49,120,77,94,141,26,43,98,121,156,65,213,63,103,111,107,89,144,170,65,126,73,151,144,44,121,169,51,85,32,123,123,63,22,54,126,54,63,121,100,4,74,79,71,87,72,63,19,26,81,56,24,113,113,93,203,208,149,67,39,38,64,42,127,46,186,120,79,50,62,104,65,68,61,43,41,61,120,25,48,121,88,120,32,108,36,117,113,96,57,38,19,43,42,70
557,71,48,121,79,94,143,26,44,100,122,159,68,216,62,104,112,110,90,144,173,66,128,77,151,147,46,124,170,52,86,32,125,124,63,22,54,128,56,65,121,100,4,76,79,70,89,73,64,19,26,81,56,24,115,113,95,205,209,153,68,39,39,64,42,128,49,185,122,80,49,62,106,65,68,63,43,40,61,122,25,48,123,88,120,33,110,36,117,117,97,57,38,19,44,43,72
558,71,48,123,82,93,144,27,45,102,123,159,68,217,62,104,112,111,91,144,175,67,127,79,152,150,46,125,173,52,86,32,125,125,63,22,56,129,56,66,122,102,4,76,80,71,89,73,64,20,26,81,56,24,116,113,96,205,211,159,69,39,39,65,42,130,49,187,123,82,49,64,107,65,69,63,46,40,62,124,25,49,125,87,123,34,112,37,119,117,97,57,37,19,46,44,72
559,72,47,123,82,93,145,27,45,104,125,161,70,220,62,105,111,112,91,143,175,69,128,82,156,152,46,127,173,52,87,32,125,126,63,24,57,129,59,66,122,103,4,78,78,70,91,75,63,22,26,83,56,24,119,114,97,206,214,162,69,40,39,66,42,130,50,188,125,85,50,67,110,65,70,63,47,40,62,124,25,49,125,88,123,34,111,36,119,118,98,59,38,19,46,43,74
560,74,48,123,82,95,149,28,44,103,129,162,71,226,62,106,111,114,92,145,178,69,129,85,160,155,45,130,173,54,89,34,126,126,63,24,57,129,59,66,123,104,5,79,78,70,91,75,63,22,27,84,56,24,121,115,97,208,218,164,70,41,39,66,42,129,50,190,126,85,50,67,112,65,70,65,48,40,63,125,25,50,125,87,123,34,112,36,120,121,99,59,38,19,46,45,75
561,75,48,125,85,97,149,28,45,103,129,165,73,228,63,108,111,118,94,146,177,69,129,87,161,154,45,130,176,55,88,34,126,128,64,23,57,129,59,66,125,104,5,80,79,71,90,75,63,22,28,87,56,24,124,115,98,207,218,167,70,41,39,69,42,132,51,190,127,85,52,66,112,66,72,66,48,41,64,126,26,50,127,88,126,34,113,38,121,121,100,60,38,19,46,45,76
562,76,49,126,86,98,151,29,44,105,131,165,73,232,63,109,111,119,95,148,182,72,131,88,164,154,47,132,177,56,90,34,130,131,65,23,59,130,59,67,127,104,5,80,80,72,94,75,64,22,28,88,57,24,125,116,100,210,223,169,70,41,40,69,42,132,51,191,130,86,51,66,113,67,75,68,47,42,64,127,26,50,129,88,125,35,114,38,123,123,102,63,38,19,46,45,78
563,75,50,129,87,100,152,29,44,106,132,167,73,231,63,110,114,119,96,147,184,73,133,88,168,155,47,132,178,57,89,36,128,133,66,23,59,131,61,68,131,104,5,82,83,77,94,75,65,22,31,87,57,23,127,115,100,213,226,173,73,42,40,71,43,135,52,193,135,87,51,67,115,68,74,68,48,43,64,129,26,49,130,89,126,36,115,38,125,123,103,64,38,20,47,45,78
564,75,51,129,88,102,151,29,44,107,133,170,73,230,64,112,116,120,96,151,188,75,134,88,169,158,48,132,180,56,90,37,131,134,67,23,60,132,62,69,133,106,5,84,83,78,97,76,65,22,31,88,57,24,127,116,100,215,227,174,75,41,39,71,45,136,52,194,137,89,51,68,116,69,73,69,49,43,64,132,26,49,134,91,128,36,118,39,124,126,104,64,38,20,47,46,78
565,75,51,131,89,103,153,30,44,109,134,174,75,233,64,115,117,122,99,152,192,75,134,87,168,161,49,136,181,59,91,38,131,133,69,23,62,133,63,69,135,106,5,86,85,79,99,76,65,22,31,88,59,24,127,117,102,216,228,175,79,43,39,72,47,138,52,196,138,92,52,68,118,69,74,69,49,43,65,132,26,49,137,94,130,36,119,40,126,128,105,62,38,20,48,46,81
566,76,51,133,91,104,155,31,45,110,135,175,75,236,65,117,123,122,98,153,194,75,134,88,168,162,50,138,182,59,93,38,131,135,69,23,63,133,63,70,135,105,5,86,86,80,102,79,65,22,32,90,60,25,129,118,105,220,228,176,79,43,39,72,47,139,52,200,141,93,52,68,118,70,77,71,49,43,65,137,27,50,138,94,131,36,119,40,127,129,105,63,38,20,49,46,82
567,77,51,132,95,107,157,33,45,113,135,175,79,239,67,119,126,124,101,154,196,77,136,89,173,162,52,138,183,61,93,38,133,136,70,22,63,136,63,71,135,111,5,87,88,83,103,79,65,23,33,90,61,25,132,120,105,223,230,178,79,44,39,73,47,142,53,197,141,93,52,68,120,71,79,73,49,43,67,142,27,50,138,94,133,35,119,39,128,130,108,63,40,20,49,47,82
568,78,51,134,96,108,157,34,47,114,136,175,80,241,68,119,129,125,103,158,200,77,137,91,173,164,52,139,186,60,94,39,134,140,70,22,64,139,63,72,137,113,5,87,89,84,104,81,65,23,34,91,61,26,132,123,109,225,234,182,80,44,40,74,47,144,53,197,141,94,52,68,122,71,81,73,50,44,68,143,27,49,138,96,134,35,121,39,131,132,109,64,41,20,49,47,83
569,81,51,135,96,109,157,34,47,115,136,176,80,243,70,121,131,125,104,160,203,76,140,91,173,167,52,140,188,61,94,41,136,143,71,22,65,140,63,72,139,116,5,87,91,84,105,81,65,23,34,91,63,24,136,124,109,227,234,188,79,45,40,74,48,147,53,200,143,95,54,68,124,72,81,73,50,44,68,143,27,49,139,98,135,35,120,39,131,131,111,66,41,20,50,47,84
570,84,51,135,100,110,161,35,49,116,138,180,83,247,71,122,130,125,105,163,208,76,141,90,173,168,53,139,190,65,94,41,138,146,72,22,66,140,65,75,143,118,5,87,91,86,106,81,66,23,34,92,64,23,138,126,114,226,238,188,79,45,41,73,49,151,53,200,143,98,55,67,125,72,83,75,50,45,70,147,27,50,141,99,140,35,122,39,135,133,110,67,41,20,49,47,85
571,85,53,136,101,111,165,37,49,118,143,181,82,249,72,122,131,128,107,163,211,77,144,93,174,171,54,139,194,67,95,43,142,146,72,22,64,140,65,76,145,119,5,87,91,85,107,81,67,23,34,91,66,23,140,125,116,228,245,191,80,45,41,73,50,151,55,203,143,101,55,69,125,73,83,76,51,45,71,147,27,50,143,101,141,36,122,40,137,135,112,67,41,19,49,47,88
572,88,56,139,102,114,167,37,49,121,145,183,83,251,74,121,133,130,107,164,213,78,145,95,173,173,54,142,195,67,95,43,141,147,73,22,65,142,65,77,147,119,5,87,92,85,108,81,67,23,35,91,68,23,141,126,117,229,253,194,82,45,41,74,50,153,57,202,145,105,56,69,124,74,84,76,51,44,71,148,28,50,148,103,142,36,125,40,137,136,113,67,41,19,48,47,88
573,88,56,142,105,116,170,36,49,122,147,183,83,254,76,121,134,132,106,165,218,80,149,93,177,176,54,143,198,68,96,43,142,147,73,22,65,143,66,79,148,119,5,88,94,88,110,83,69,23,37,92,70,23,145,126,118,229,256,195,85,45,41,76,50,153,57,202,147,106,56,69,124,75,87,75,52,44,73,149,28,51,148,105,142,36,126,40,138,138,116,68,41,19,48,48,90
574,89,57,144,108,116,172,37,51,122,149,185,83,254,77,122,134,134,105,168,218,81,150,94,178,176,56,145,199,67,98,43,142,150,77,23,66,147,67,81,149,121,5,90,93,89,113,84,70,24,37,95,70,23,148,126,120,230,258,201,88,45,42,77,49,155,58,204,149,107,58,69,124,75,91,76,52,44,75,151,29,53,150,106,148,36,127,40,138,139,116,68,42,19,48,50,90
575,88,58,146,110,118,173,37,51,124,150,186,83,258,76,121,136,135,105,169,218,83,153,93,180,178,57,146,202,68,100,44,146,151,77,23,67,148,71,83,149,122,5,90,95,90,117,84,71,24,37,96,71,23,149,128,122,232,259,203,89,45,43,78,49,156,58,208,149,107,59,69,126,76,92,78,53,45,75,151,29,53,151,107,147,36,128,41,138,143,115,68,42,19,48,50,91
576,88,58,147,112,120,173,38,52,124,151,188,84,260,77,122,136,137,107,170,220,83,155,93,182,179,57,149,202,69,101,45,147,152,78,23,68,150,72,85,153,123,5,90,100,92,117,86,75,25,38,96,72,23,151,130,122,232,263,203,88,45,43,79,49,157,58,209,151,110,60,70,133,75,92,78,53,45,76,151,29,53,152,107,146,35,131,41,139,145,114,68,43,19,48,51,91
577,89,60,148,113,123,177,39,52,124,152,189,84,264,76,126,135,139,108,174,222,84,156,96,183,180,59,153,206,68,101,46,147,152,78,24,68,150,73,87,155,126,5,91,101,92,117,86,74,26,38,98,74,24,153,133,127,233,263,206,89,46,42,83,50,159,60,211,152,111,60,70,136,76,92,79,53,44,77,151,33,54,152,107,147,35,132,41,139,146,115,70,43,20,49,53,92
578,90,60,152,115,125,179,39,52,126,151,192,84,266,76,128,137,140,112,176,223,83,156,98,181,183,59,157,206,68,102,46,148,153,78,25,68,154,74,88,155,128,5,93,104,94,118,87,73,26,38,99,75,25,157,133,128,234,264,209,89,48,42,83,50,159,61,211,151,111,61,70,139,77,94,79,54,44,79,152,33,56,152,107,148,35,133,42,139,148,116,70,45,20,51,53,93
579,90,61,154,116,128,181,40,54,127,153,194,86,267,77,129,139,145,112,178,225,83,156,98,183,183,60,157,209,69,104,46,149,154,78,25,70,154,75,89,155,129,5,94,105,95,120,88,75,28,39,99,76,25,160,133,129,236,267,212,91,49,42,83,50,161,61,213,151,114,62,71,139,78,94,78,54,45,82,154,34,56,154,108,149,35,133,42,141,151,117,71,45,20,51,52,94
580,91,61,154,116,129,183,40,54,130,153,197,86,268,78,132,139,146,111,179,230,85,157,99,184,183,58,157,209,70,105,46,149,156,78,25,71,157,77,89,155,128,5,97,106,95,121,88,76,28,40,100,77,25,160,134,131,236,270,212,93,49,42,84,51,161,62,215,155,114,63,71,140,77,96,78,54,47,82,157,35,56,154,107,152,36,133,42,143,155,119,72,48,20,51,52,95
581,92,61,154,117,130,184,41,55,133,153,202,86,271,81,133,138,148,112,183,233,85,158,99,185,184,61,160,211,72,108,46,151,157,80,25,72,159,77,90,157,128,5,98,106,96,123,88,76,28,40,102,77,25,161,135,131,236,273,212,95,49,42,85,52,164,62,217,156,114,63,74,142,79,95,78,54,47,82,159,36,56,157,108,153,37,136,42,144,155,120,73,47,20,52,52,97
582,92,61,154,118,129,186,43,57,135,155,204,86,273,81,133,139,155,113,184,236,87,162,99,187,185,63,161,214,73,108,46,152,159,82,25,74,159,77,92,159,130,5,99,109,97,125,89,77,29,40,102,78,26,161,136,133,236,277,212,96,51,42,85,53,167,64,220,159,116,63,74,143,80,95,77,55,47,83,161,36,61,158,109,152,38,138,43,145,153,121,73,47,21,52,52,97
583,93,62,154,119,130,189,43,58,135,158,207,85,276,82,135,140,157,113,186,237,87,165,102,187,188,64,162,214,73,108,47,152,161,84,26,75,162,78,92,159,133,5,100,111,99,125,89,77,29,40,105,78,27,163,137,134,238,281,217,97,50,41,85,53,168,65,221,163,115,64,73,143,83,96,78,58,48,84,161,36,60,158,109,153,39,138,45,150,156,123,74,47,21,52,55,98
584,93,64,156,118,131,189,43,58,137,161,210,85,278,83,137,140,159,117,191,240,87,167,103,190,190,64,165,217,74,108,47,152,164,88,26,75,165,80,92,161,135,7,101,112,102,125,92,77,29,40,105,78,27,163,138,135,242,285,220,98,52,41,90,53,169,65,224,165,116,64,73,147,82,97,79,58,47,84,161,38,59,161,112,154,39,138,45,152,156,123,77,47,21,52,55,97
585,93,64,156,118,132,190,42,58,140,164,216,86,280,83,139,143,162,117,192,242,87,169,103,191,191,66,165,217,77,110,47,154,166,88,27,75,167,82,94,162,137,7,99,112,102,127,92,78,29,40,105,78,27,163,138,138,243,285,221,100,52,42,92,53,169,66,226,167,116,64,74,147,82,97,81,58,47,84,164,38,59,161,111,157,40,138,45,154,158,124,78,47,21,53,56,98
586,92,66,161,122,131,192,42,58,142,166,219,87,280,83,141,143,163,117,194,243,87,170,104,192,191,68,169,218,79,111,46,154,166,88,28,76,168,83,94,164,142,7,99,113,104,126,93,78,29,40,105,78,27,165,140,143,245,290,221,100,52,43,94,52,174,66,227,167,117,66,74,150,82,98,83,58,47,85,166,38,59,164,111,160,40,140,46,155,160,125,80,48,22,53,58,99
587,93,66,162,124,133,194,42,59,143,168,224,88,281,85,142,146,166,121,197,244,89,171,106,195,194,69,169,218,80,112,47,153,167,88,27,77,168,82,94,167,143,7,102,115,107,124,92,78,30,40,110,80,29,165,143,144,246,291,223,102,52,43,97,52,176,67,227,168,119,67,78,150,82,98,83,58,48,85,166,38,60,161,111,160,41,143,47,154,164,127,84,48,22,53,59,101
588,94,66,164,124,135,196,42,59,142,169,233,90,284,87,143,148,170,124,201,248,90,171,106,196,198,72,171,218,82,113,47,156,170,88,28,77,173,83,95,169,144,7,103,116,109,124,92,77,30,41,111,80,29,165,144,144,247,297,225,104,52,43,97,53,180,68,230,171,118,70,78,150,82,98,83,56,49,86,168,38,62,164,112,162,42,144,49,155,169,127,86,49,22,53,59,101
589,94,66,165,128,134,199,43,60,142,172,234,92,286,88,144,152,173,125,204,251,93,172,106,199,199,73,173,222,84,113,48,156,172,88,28,78,174,83,98,172,147,7,106,118,109,126,94,77,30,40,111,83,29,164,146,145,250,298,230,104,52,45,97,56,183,68,232,174,119,71,79,152,84,98,88,56,50,86,171,38,63,164,113,166,42,145,49,157,175,128,86,50,22,53,60,100
590,94,69,166,130,134,201,44,60,143,173,238,92,289,91,144,154,175,125,206,254,96,171,109,200,202,74,175,227,86,116,49,157,174,90,29,78,175,84,102,176,150,7,108,120,109,126,94,79,30,40,113,85,29,163,152,148,251,301,233,103,52,46,98,56,184,70,234,175,120,71,79,155,84,98,90,58,50,87,176,39,63,167,117,169,42,146,49,159,179,129,87,50,22,55,60,102
591,95,69,169,135,136,201,45,60,144,178,240,93,291,91,144,156,178,125,208,254,95,174,112,203,202,75,175,228,86,117,49,158,177,91,29,80,175,83,104,177,152,7,108,124,109,128,94,80,30,39,116,86,29,165,155,150,255,302,236,105,53,46,98,57,188,71,235,177,120,72,80,156,84,99,92,58,50,88,177,39,66,169,117,170,43,147,49,160,181,129,87,51,22,56,62,105
592,100,70,173,136,138,202,45,60,145,179,240,93,296,92,145,157,181,126,210,257,93,178,114,205,206,78,178,225,87,118,51,158,181,93,30,81,175,82,106,178,156,7,108,125,108,130,94,80,30,39,118,87,29,164,157,153,256,304,238,107,53,47,99,59,190,74,236,181,125,72,80,158,85,101,92,58,50,89,180,42,66,173,119,172,43,149,49,160,182,130,88,51,22,56,61,105
593,101,71,175,135,139,203,45,60,147,181,241,96,298,93,146,158,181,129,214,258,95,180,114,207,205,79,181,227,88,121,51,161,182,92,30,81,176,84,108,180,156,7,110,127,108,131,97,81,31,38,118,88,29,169,160,155,258,304,240,106,54,46,99,58,193,74,237,180,127,71,82,161,85,101,94,62,50,90,185,42,66,177,119,174,44,150,49,163,184,131,91,52,22,56,62,106
594,102,72,177,137,140,205,45,60,147,183,242,97,298,93,149,158,182,129,215,260,96,183,115,209,204,79,185,227,89,122,51,163,183,92,30,83,178,85,111,183,157,8,111,128,108,131,98,82,31,40,119,90,29,171,163,156,260,311,242,105,55,45,99,58,196,74,238,180,127,72,83,164,87,103,101,62,51,90,186,43,67,181,121,175,43,151,50,165,186,131,93,52,22,57,63,106
595,102,73,182,139,140,208,46,60,147,184,243,98,299,92,150,159,183,132,217,261,97,185,117,214,209,80,186,228,90,126,51,164,186,92,31,84,180,87,114,183,158,8,114,128,108,133,99,82,32,40,124,90,29,173,166,158,261,314,244,106,56,45,101,61,198,77,240,183,128,73,83,166,87,105,102,62,51,89,186,44,68,182,121,175,43,152,49,167,186,132,94,52,22,57,63,106
596,103,73,186,142,143,208,47,61,150,186,245,99,300,94,151,159,184,132,218,262,97,187,118,216,212,82,187,233,91,127,52,167,188,93,33,84,187,87,119,185,160,8,115,130,112,136,99,83,33,40,127,91,31,174,167,160,263,318,245,106,57,46,101,62,201,77,242,182,131,74,86,166,88,106,104,65,50,89,186,44,69,182,123,177,43,153,50,169,188,133,94,53,23,59,65,108
597,104,72,187,142,147,209,47,61,153,190,245,101,302,95,153,160,185,133,219,264,97,187,122,220,215,83,186,236,93,127,54,168,190,93,33,87,191,88,118,185,161,8,118,130,113,136,99,83,34,40,127,93,32,177,172,162,267,320,248,108,59,47,104,62,203,82,242,183,133,74,86,167,89,110,106,68,49,89,187,44,69,183,125,178,45,154,51,171,191,134,97,55,23,61,65,109
598,105,72,191,143,149,211,48,63,155,196,247,103,306,95,154,160,187,134,222,268,99,188,123,227,216,83,188,239,94,131,54,168,190,92,33,89,194,89,118,184,163,8,117,131,113,136,101,85,35,40,128,96,33,181,172,162,269,322,250,109,59,47,105,62,204,81,247,185,136,74,86,169,90,112,110,68,50,88,188,44,71,184,128,180,45,158,51,172,194,134,101,58,23,61,67,110
599,109,74,195,145,151,212,48,64,157,196,249,105,309,96,158,162,188,135,224,272,103,189,124,229,216,83,192,245,95,133,55,168,193,93,34,90,195,90,120,183,163,8,118,133,115,136,101,86,36,40,129,96,34,184,172,162,269,326,252,109,59,47,107,63,205,81,248,186,138,77,88,168,90,114,111,69,51,88,189,46,72,184,129,181,48,160,52,173,194,132,102,59,23,62,67,113
600,107,78,197,146,152,213,54,65,158,196,252,106,310,98,158,167,189,137,228,275,103,190,124,233,216,83,192,246,97,134,56,171,194,93,34,92,199,92,121,184,166,8,121,135,115,138,102,88,36,41,131,97,35,187,173,164,270,330,256,111,59,48,109,64,207,83,251,188,142,80,86,171,88,115,112,69,50,90,188,47,72,185,130,183,50,159,54,174,194,132,103,60,23,62,67,113
601,107,78,196,149,152,216,55,64,159,197,251,108,312,98,159,167,192,138,235,276,102,191,123,236,219,85,193,252,97,134,56,174,196,94,34,96,202,93,123,185,169,8,124,136,115,141,102,91,37,41,132,96,35,188,174,164,273,339,259,112,62,48,109,64,204,82,253,191,144,82,87,173,89,115,114,72,50,90,191,48,72,190,134,183,51,159,54,175,197,134,107,61,26,63,67,113
602,109,79,199,149,152,221,57,65,162,201,252,108,314,99,162,171,197,137,234,282,101,190,126,240,221,87,193,255,97,134,56,174,197,94,34,96,206,96,125,185,172,8,124,139,116,142,103,91,38,41,136,98,35,190,175,162,273,343,263,113,62,48,110,65,206,84,256,190,147,83,87,174,91,115,114,73,53,91,190,48,72,190,135,186,51,161,54,178,200,135,106,61,27,63,67,114
603,109,79,202,149,155,223,58,65,163,205,252,109,317,99,164,171,201,138,238,286,101,196,127,239,224,89,196,258,97,136,57,174,199,95,35,96,206,97,126,186,173,8,124,138,118,143,106,92,38,41,137,98,37,191,177,164,275,347,265,115,62,49,109,66,210,84,258,193,149,86,86,176,92,119,117,74,54,91,193,48,73,192,138,189,50,165,54,180,202,135,107,62,28,65,66,116
604,110,80,201,150,158,224,61,68,167,207,255,110,322,99,165,171,204,140,237,286,103,196,127,241,227,91,198,259,96,137,57,175,200,98,35,98,209,97,128,187,174,8,124,139,119,145,106,94,38,42,139,97,37,191,177,166,278,351,267,117,62,51,111,68,212,86,261,195,150,85,88,178,95,120,120,75,55,91,195,48,75,195,142,191,49,167,54,182,207,135,108,62,29,66,66,117
605,110,80,201,151,161,226,62,68,169,207,257,112,322,100,165,173,205,141,240,288,103,197,129,242,230,93,199,263,100,137,58,177,203,98,36,99,210,98,129,189,179,8,126,139,120,147,104,94,41,42,139,98,38,191,180,168,283,358,267,120,65,52,112,69,213,86,261,196,153,86,91,180,96,122,121,76,56,90,196,50,76,196,142,191,50,168,54,187,210,135,108,64,29,67,66,117
606,111,82,202,152,161,229,62,70,170,208,258,113,324,100,169,173,207,141,244,292,103,198,130,245,234,93,200,266,100,139,59,178,203,101,36,101,213,98,131,191,184,8,130,143,124,149,106,95,42,42,141,98,38,191,182,168,286,360,269,120,66,53,114,68,217,86,259,196,154,89,91,181,97,123,122,77,56,91,197,50,75,195,141,193,50,171,56,188,214,136,108,64,30,67,67,120
607,113,82,206,154,165,231,64,70,171,211,260,117,325,102,172,173,209,142,248,302,103,202,130,245,235,93,202,269,101,139,61,182,207,103,36,105,214,98,134,195,189,8,132,144,124,150,107,95,42,42,144,98,38,196,183,170,290,367,271,122,67,54,113,69,218,87,261,198,153,89,92,186,99,123,123,78,56,92,200,53,79,197,144,195,51,177,58,190,216,142,109,64,31,69,68,124
608,112,83,208,156,167,233,65,71,172,212,262,118,327,103,174,174,210,144,248,303,107,206,130,245,234,96,204,275,104,141,61,181,211,105,36,106,217,98,136,196,190,9,135,146,126,153,109,97,43,43,146,99,39,196,184,173,290,369,274,123,68,54,114,69,219,88,263,199,156,89,93,189,100,124,125,78,57,94,202,56,80,196,147,198,53,181,60,193,218,142,110,64,30,69,68,127
609,114,84,209,156,169,236,65,70,172,215,263,118,331,104,176,179,210,147,251,310,107,210,131,247,236,97,206,276,104,142,62,180,214,106,38,106,218,98,137,197,194,9,135,149,127,153,112,98,43,43,147,99,40,196,185,174,290,373,275,126,68,55,114,72,219,89,265,198,157,89,94,192,101,122,126,79,58,96,203,56,81,198,148,200,54,183,61,196,221,144,109,64,33,69,68,129
610,114,85,210,155,170,235,68,68,173,219,267,120,334,106,178,178,212,149,253,312,108,212,132,250,241,98,209,279,104,144,62,181,215,106,39,106,223,99,138,199,197,9,139,151,128,153,112,99,43,43,149,101,42,197,185,176,296,376,281,128,68,55,114,72,220,90,268,201,158,90,93,195,102,122,129,79,58,96,207,57,82,201,149,202,54,187,62,198,226,143,110,64,33,71,70,131
611,118,87,212,160,170,236,69,69,170,222,272,121,339,106,179,180,212,150,254,315,108,215,132,253,245,97,208,280,106,149,62,182,217,108,39,106,227,100,139,203,199,9,138,154,130,152,113,99,43,45,150,104,43,199,189,179,299,384,281,132,67,56,115,73,222,91,269,201,161,91,96,196,102,122,133,79,59,96,210,58,82,204,149,206,54,191,64,199,231,144,111,64,35,71,72,133
612,120,88,213,163,170,239,70,69,174,223,276,120,340,109,185,180,213,151,257,318,109,218,132,255,248,100,210,281,107,149,63,185,220,108,39,107,229,100,142,203,200,9,141,156,130,154,115,100,43,45,154,105,43,201,191,179,300,387,284,134,68,56,117,75,223,93,271,202,161,92,97,197,101,123,135,81,61,96,215,59,82,206,149,210,54,194,65,202,235,144,111,63,35,72,74,133
613,122,89,213,166,170,244,73,70,176,223,279,120,339,111,188,180,215,153,259,321,109,219,133,258,247,101,209,282,108,150,65,186,222,108,40,108,232,101,143,206,199,10,143,159,130,157,116,103,43,45,153,105,43,202,194,180,304,390,287,135,67,57,118,74,226,93,274,205,163,93,97,199,102,124,134,82,61,96,219,62,82,207,150,211,54,197,66,204,238,145,112,64,36,72,76,133
614,124,91,215,168,173,245,73,71,176,227,280,124,342,111,189,183,217,154,260,324,112,221,135,258,252,103,211,288,112,152,66,188,224,108,40,108,235,102,144,206,202,10,144,161,133,158,117,103,44,45,155,106,43,206,195,181,308,394,289,135,69,57,118,76,226,92,276,208,164,94,96,203,102,124,137,82,63,96,218,62,84,208,155,211,55,199,67,205,239,147,114,64,37,74,76,135
615,126,89,219,170,175,248,73,74,176,230,282,124,348,114,194,185,221,155,260,323,115,223,136,262,259,105,215,289,113,154,67,189,226,110,42,108,233,103,145,208,203,10,147,164,133,160,118,105,44,46,154,107,45,208,198,184,309,399,291,138,70,58,121,78,226,92,277,210,163,95,96,203,103,125,141,82,63,97,222,62,86,211,157,213,55,201,68,209,242,148,115,65,37,77,79,138
616,127,89,222,172,175,254,75,76,180,229,285,125,351,114,196,190,224,156,263,325,116,221,137,264,261,109,216,294,115,155,69,187,226,112,44,108,235,103,147,210,203,10,148,166,134,161,118,105,44,46,156,108,45,208,201,181,316,404,299,142,70,59,125,77,228,94,282,211,165,95,97,204,105,126,142,83,63,98,222,63,88,217,158,215,57,204,69,210,242,150,116,65,37,77,80,139
617,130,89,227,174,174,253,76,77,182,230,286,126,351,115,197,192,225,157,263,328,117,221,140,264,263,109,219,294,117,153,69,186,229,113,44,110,234,103,151,212,204,10,148,169,134,161,119,107,45,46,155,108,45,210,202,183,319,407,300,143,71,60,126,79,236,97,287,215,167,96,98,207,105,126,146,84,63,99,227,65,89,219,158,221,57,208,69,212,243,151,118,65,37,78,80,138
618,130,89,231,175,174,258,76,78,183,232,289,128,356,115,197,192,230,157,265,331,119,224,139,265,262,109,221,296,117,153,70,187,231,114,44,110,233,104,155,215,204,10,152,168,136,166,118,109,47,47,156,106,47,211,203,185,322,407,304,146,70,59,126,78,237,102,286,217,169,98,99,208,105,127,150,84,65,98,229,65,90,222,159,225,57,208,69,214,244,153,119,65,38,78,83,142
619,131,91,232,173,179,261,79,79,184,234,293,127,359,116,196,197,229,160,263,337,119,226,143,267,265,111,224,302,121,153,71,189,234,115,45,110,234,105,157,219,205,10,158,169,139,168,119,110,48,49,158,106,47,212,209,186,324,410,307,146,70,59,127,79,238,105,286,219,168,98,100,207,106,128,155,85,65,99,236,65,90,222,159,226,56,210,69,212,249,153,121,65,38,79,82,144
620,133,92,233,176,180,261,82,79,186,237,297,130,363,115,199,197,231,160,265,341,122,229,147,263,265,113,230,308,121,155,70,192,235,117,45,112,236,107,159,220,207,11,162,173,142,170,118,113,48,49,159,108,48,214,210,185,327,413,311,147,70,59,126,80,243,106,289,219,170,102,102,207,105,129,156,84,66,100,239,66,91,224,162,228,56,210,69,218,252,154,125,64,38,80,84,146
621,134,92,235,177,180,265,84,81,190,239,298,131,368,115,203,197,233,160,267,347,123,238,147,264,270,114,230,311,122,156,70,195,237,117,45,114,240,108,162,220,209,11,164,175,143,171,119,113,49,50,160,108,48,215,213,185,333,417,312,149,70,61,127,81,244,108,292,222,173,102,103,209,105,131,159,86,66,103,239,67,92,225,161,229,56,216,70,220,256,156,125,64,41,81,85,151
622,134,92,236,177,181,268,85,82,192,238,301,132,373,116,206,200,237,165,269,351,125,240,149,265,274,116,233,312,126,157,70,197,242,118,46,115,244,110,162,222,211,11,163,177,144,171,119,114,49,51,163,110,48,217,216,187,335,422,314,150,72,62,127,83,245,110,299,224,175,104,105,209,107,133,159,87,66,103,239,66,92,228,162,230,57,219,70,226,262,158,127,64,42,82,87,152
623,135,91,239,179,184,270,85,81,192,241,304,133,375,117,208,202,238,166,271,352,125,240,150,266,279,118,239,316,131,158,71,199,244,119,46,116,245,113,163,224,213,11,166,180,146,171,121,114,49,51,166,110,52,219,218,188,338,424,321,152,72,63,128,84,249,109,302,228,175,106,104,210,111,134,161,87,66,103,241,66,93,230,165,233,58,219,72,231,266,155,128,63,42,85,89,154
624,137,91,241,179,184,274,85,81,196,246,306,133,385,118,211,206,243,168,272,353,127,243,154,270,281,118,244,319,134,162,71,202,250,122,46,118,248,115,163,224,216,11,169,182,146,171,124,116,50,53,168,111,53,224,221,191,341,427,324,154,72,63,128,85,255,110,306,229,177,109,103,212,114,137,161,87,67,104,242,67,94,231,165,241,58,219,73,234,269,157,127,63,43,87,89,157
625,139,92,243,181,186,280,87,81,200,248,311,136,389,119,212,206,243,169,275,357,127,246,156,275,281,119,245,320,134,165,72,205,250,122,47,122,254,115,164,227,219,12,171,184,146,174,125,117,50,55,170,111,53,227,224,192,344,425,326,151,73,66,129,85,258,111,311,231,181,111,105,220,113,137,161,88,69,105,244,68,96,233,169,243,58,220,72,238,273,158,129,64,43,87,90,159
626,139,93,243,190,188,284,88,81,201,252,313,137,392,120,216,208,245,172,282,358,129,247,157,275,283,119,247,324,134,164,75,207,251,122,47,125,256,118,166,229,222,12,172,189,148,179,128,118,50,58,171,110,56,231,225,193,344,430,328,154,73,68,132,85,262,111,312,235,182,111,107,221,113,136,163,92,70,106,250,69,96,235,172,245,58,220,73,241,274,156,131,66,43,88,91,162
627,140,97,245,192,187,285,91,80,207,252,319,138,391,123,220,211,247,171,284,360,131,247,158,278,287,123,248,327,135,164,75,209,255,126,47,126,261,119,169,230,223,12,174,190,148,180,129,117,50,59,172,111,56,234,227,195,348,433,327,156,73,70,134,87,264,114,312,235,184,113,108,224,113,139,166,90,71,108,255,72,96,238,173,247,59,223,74,240,276,159,136,67,42,91,90,164
628,140,97,248,193,191,287,91,81,210,256,320,140,396,127,228,212,247,173,288,372,131,249,158,279,292,123,254,328,138,166,75,212,261,129,48,127,262,120,169,231,228,13,175,193,151,181,131,118,49,59,173,113,57,233,229,194,352,437,332,156,73,70,135,87,267,115,316,239,186,112,108,225,115,143,166,92,71,108,260,73,96,236,172,248,61,225,74,242,280,160,139,68,43,92,93,163
629,143,98,250,194,194,286,92,81,210,258,324,140,399,129,233,217,254,172,293,374,133,251,162,284,294,123,255,329,140,167,76,215,265,129,49,129,267,121,170,235,231,14,174,193,151,184,133,120,50,60,174,113,58,233,231,195,355,438,339,158,73,70,135,87,268,118,318,242,190,113,110,224,117,143,168,94,72,108,261,73,97,236,174,249,61,222,75,243,280,163,141,70,45,92,95,165
630,146,100,252,195,194,287,92,82,212,260,326,141,406,128,234,219,256,172,294,380,134,254,165,287,295,129,258,330,140,169,76,216,266,130,49,130,269,121,173,237,232,14,173,199,150,186,131,122,51,62,178,116,58,234,229,198,360,441,341,159,74,71,135,89,271,120,322,246,193,112,111,225,118,142,167,92,74,111,262,73,99,237,176,253,63,225,74,249,283,162,143,72,46,92,95,166
631,148,102,253,195,195,290,92,83,216,262,330,145,409,130,236,222,260,172,295,383,134,256,165,287,295,131,259,334,143,171,78,222,269,131,49,131,272,122,176,239,232,14,176,202,151,190,132,123,50,64,182,116,58,235,234,197,361,447,345,163,75,71,137,89,276,120,327,248,192,113,111,229,120,142,172,94,74,114,267,73,99,240,177,259,64,226,74,251,286,164,143,73,46,92,96,169
632,149,102,252,199,193,295,93,83,221,264,332,147,411,131,236,223,264,176,298,384,134,256,167,291,297,131,259,342,144,172,82,226,270,135,48,132,274,122,179,240,235,15,178,203,152,192,132,122,50,64,181,115,59,237,237,197,369,451,348,165,75,71,139,90,276,123,328,249,193,114,113,231,119,144,173,96,74,114,266,74,99,241,178,260,66,228,75,254,289,166,144,74,46,92,98,172
633,150,106,253,201,198,294,95,83,222,268,335,147,413,134,238,226,267,177,300,390,135,261,168,292,299,131,260,346,146,174,82,226,272,135,48,133,277,122,181,242,236,15,181,205,153,193,135,124,51,66,184,116,60,242,241,198,369,451,352,167,76,72,139,92,279,123,332,250,193,114,114,232,121,145,174,97,74,115,267,77,99,244,179,260,66,231,75,256,291,167,145,74,47,95,98,174
634,150,107,257,204,201,298,95,85,228,274,335,150,418,135,239,230,270,180,304,398,135,264,171,297,302,133,261,348,147,177,83,230,279,137,50,135,277,122,182,244,237,15,182,207,154,194,136,126,51,68,186,119,60,243,241,201,371,454,359,169,77,75,141,92,277,123,332,256,194,117,114,236,123,145,175,100,73,116,273,77,101,243,178,265,66,235,77,259,291,168,147,74,47,97,97,175
635,151,107,262,207,201,303,96,87,230,278,336,151,422,138,237,231,272,181,307,400,136,269,172,300,308,134,263,352,147,178,83,233,280,139,54,135,279,122,183,246,240,15,182,209,157,195,136,127,51,67,188,121,61,246,243,201,374,454,366,169,77,75,142,94,279,124,334,259,197,119,115,240,125,145,177,100,75,118,275,76,101,245,181,268,66,236,78,262,297,171,146,76,47,100,97,175
636,152,109,267,208,204,308,98,90,230,278,338,154,426,139,237,233,275,185,310,405,138,269,172,301,309,135,267,358,150,179,85,235,283,143,54,137,284,125,184,247,238,15,184,212,158,197,137,129,51,67,190,122,61,251,244,202,374,460,372,170,77,75,142,95,282,125,336,261,197,122,118,245,126,145,176,101,76,120,276,77,102,246,183,272,67,240,80,264,300,173,149,78,49,100,97,177
637,153,113,269,212,207,309,98,91,232,282,343,155,429,138,238,236,275,187,313,406,139,278,176,301,311,138,274,361,150,181,86,236,288,147,56,139,285,127,188,248,243,15,185,214,158,198,136,129,51,67,190,122,62,253,247,201,379,463,375,173,78,75,146,95,283,125,340,266,198,123,123,248,126,147,176,101,76,123,282,77,101,249,183,276,67,242,81,270,305,175,151,78,49,100,100,178
638,153,113,271,213,211,310,100,94,237,287,349,155,435,138,243,237,276,188,316,411,140,285,179,304,311,140,281,362,150,183,89,238,292,149,56,139,288,127,189,249,245,15,189,215,160,200,135,130,50,68,194,126,61,258,248,204,387,467,379,175,79,76,147,97,286,126,347,268,200,126,126,249,126,148,176,104,77,123,285,79,101,253,183,280,67,243,84,273,313,176,153,80,49,99,100,177
639,153,115,273,215,213,313,103,96,236,290,356,155,438,139,243,238,279,190,318,413,141,287,181,308,313,141,283,364,152,184,91,239,292,150,58,140,287,128,192,250,245,15,192,217,161,201,135,134,50,70,196,127,62,260,252,206,389,471,378,176,80,77,147,97,291,127,346,272,205,126,128,254,129,151,176,105,76,124,287,80,101,257,186,281,71,247,84,277,319,177,154,81,50,99,101,178
640,154,117,275,217,215,316,103,97,235,291,355,157,441,143,244,241,282,192,321,416,143,291,182,310,314,142,288,366,151,185,93,244,295,153,58,141,289,129,193,251,245,15,194,220,161,202,135,133,51,71,197,127,62,263,256,207,397,482,379,180,81,79,150,98,295,128,349,273,206,127,129,256,131,154,177,107,77,124,289,80,101,258,187,281,73,250,84,280,320,180,157,81,49,100,103,181
641,155,117,276,221,218,320,103,101,239,295,360,160,445,144,245,245,282,193,321,419,147,295,187,315,316,145,296,372,157,185,93,243,299,152,58,141,291,135,196,257,245,15,196,224,165,204,138,133,52,72,202,128,63,264,260,209,399,490,381,179,81,79,152,101,300,128,350,275,205,128,131,258,133,156,180,110,79,124,291,80,102,261,188,285,73,253,85,281,325,180,158,82,49,102,105,183
642,156,119,278,222,219,322,104,101,243,298,369,162,450,145,247,246,286,193,328,421,148,298,187,320,318,145,298,376,160,187,93,248,303,154,58,140,294,135,198,262,245,15,198,229,167,210,139,133,52,72,204,127,63,264,262,209,400,494,383,180,81,79,152,100,302,127,354,276,208,129,134,261,135,157,181,111,79,124,292,80,102,260,189,286,74,250,88,283,326,183,161,83,50,103,107,184
643,158,121,277,227,218,326,107,103,245,302,374,161,456,147,249,247,291,195,332,420,149,301,188,327,321,148,299,378,161,189,94,250,309,155,59,141,296,135,200,263,252,15,200,230,169,211,142,137,52,74,208,130,62,268,261,213,406,502,385,180,84,80,155,100,305,127,355,279,209,131,134,263,136,157,184,112,80,126,293,82,104,261,191,287,75,256,89,286,331,186,164,84,51,104,107,186
644,159,121,282,228,219,328,107,106,248,304,377,162,458,150,251,251,295,198,336,421,152,303,191,331,322,151,303,381,162,192,94,251,315,157,62,141,298,135,201,264,255,15,204,231,169,213,143,139,52,74,208,133,62,275,263,215,407,507,386,183,86,80,156,100,311,132,357,284,213,131,134,267,138,159,185,112,83,128,296,82,104,263,194,290,77,257,89,287,337,189,163,86,51,104,108,187
645,159,122,283,228,220,329,108,108,248,304,379,163,465,151,252,253,298,198,338,429,154,306,193,335,328,150,306,383,168,195,94,254,317,158,61,142,301,136,204,265,258,15,207,233,173,213,143,142,52,75,209,132,62,277,266,218,414,509,389,185,87,81,154,100,315,134,356,287,216,134,134,270,138,159,187,110,83,129,298,83,104,266,197,291,77,260,89,291,340,191,163,88,53,104,109,186
646,160,121,290,230,226,329,109,108,250,305,383,162,470,154,255,253,302,203,341,428,155,307,196,338,333,153,309,387,169,197,94,256,320,159,65,143,306,135,206,270,259,15,208,235,174,218,145,144,52,77,214,134,63,280,269,218,418,515,394,186,86,81,155,99,321,134,357,289,218,138,135,273,138,162,193,112,85,129,304,83,104,268,197,292,79,263,90,293,343,193,163,88,54,107,110,191
647,161,122,294,234,226,332,110,110,253,307,389,165,475,154,258,255,303,207,345,433,163,308,199,342,335,152,312,390,170,198,95,262,325,160,66,146,309,135,208,274,258,15,208,239,174,221,145,143,52,79,213,136,63,286,274,220,421,516,396,187,87,82,157,100,322,138,360,291,222,141,139,279,140,164,195,113,85,132,304,83,104,273,199,295,80,268,90,295,346,196,164,88,54,111,113,196
648,161,123,294,237,224,337,112,112,254,311,393,166,479,155,259,258,303,205,348,437,165,312,200,345,338,154,315,395,172,200,95,263,328,159,67,147,312,134,210,276,259,15,212,241,178,225,150,144,54,79,215,138,63,291,273,222,427,517,399,190,87,82,159,104,325,139,364,298,222,141,139,280,142,168,195,114,85,134,309,84,108,277,202,299,81,270,90,298,346,198,164,89,58,112,113,197
649,164,123,296,240,224,340,115,118,254,313,395,165,482,155,261,258,303,207,351,440,166,316,203,350,337,154,319,396,172,200,95,264,330,160,68,148,313,136,211,281,261,15,213,242,178,224,151,145,54,80,217,140,63,294,277,223,425,518,404,193,88,82,160,104,325,139,371,301,223,141,140,282,144,170,198,116,85,136,317,85,110,279,204,301,82,275,91,302,350,201,164,91,59,114,115,197
650,168,124,302,241,224,347,118,117,255,314,398,170,488,157,262,260,305,208,354,445,169,320,208,354,344,155,325,404,175,200,95,265,336,161,69,149,318,139,216,285,263,15,214,244,182,226,153,149,54,80,219,141,63,295,278,226,431,524,409,193,88,81,161,106,327,139,376,304,226,144,142,287,143,173,201,117,87,136,321,85,110,280,206,300,83,274,93,303,352,204,164,92,59,116,119,202
651,170,126,308,243,226,355,119,117,257,318,404,172,493,160,263,262,305,209,358,449,170,322,208,357,348,155,327,407,178,202,99,268,337,161,69,152,321,141,219,286,267,16,217,247,182,228,154,154,56,82,219,142,65,292,279,232,436,529,412,196,89,83,161,107,331,139,376,304,229,147,142,289,143,174,207,117,89,138,326,86,113,282,209,306,84,275,93,305,360,204,167,93,59,119,121,202
652,170,126,311,243,228,360,118,120,261,324,403,173,496,160,268,264,312,210,362,456,170,325,213,357,351,156,332,410,181,206,100,276,341,163,69,154,327,143,219,286,268,18,218,250,188,232,156,155,58,85,220,141,65,294,282,231,434,530,417,198,90,83,163,110,334,141,380,305,232,148,142,291,145,180,209,119,90,139,327,90,113,283,214,312,85,283,94,309,363,206,170,93,59,118,122,204
653,172,128,311,242,230,360,119,120,264,329,409,176,499,160,269,266,317,213,362,460,172,330,215,358,352,160,336,413,185,206,101,283,344,163,70,154,333,145,220,289,271,18,221,252,191,236,156,157,59,87,219,142,67,296,286,233,436,529,420,202,92,83,162,110,341,142,384,307,233,150,144,291,146,180,210,119,91,140,332,91,114,287,219,316,87,280,97,311,370,206,174,97,59,120,126,204
654,175,129,313,246,233,362,119,122,267,329,412,177,502,161,269,265,321,214,365,464,171,332,217,360,353,166,339,418,190,209,102,285,349,164,70,155,335,146,223,292,272,20,222,253,192,237,158,158,60,87,219,142,68,300,289,234,448,534,424,205,94,84,164,110,343,143,387,313,237,150,146,295,148,180,212,120,93,141,335,93,114,288,220,318,86,283,101,314,371,207,177,97,59,121,127,205
655,174,131,317,248,236,362,121,125,269,332,415,179,506,163,271,268,327,217,368,467,171,336,217,360,356,166,343,421,191,213,103,285,355,165,69,156,336,146,226,293,273,20,225,255,192,243,160,160,60,88,222,143,70,303,293,238,449,539,425,207,96,87,168,112,347,146,392,314,237,154,146,300,149,182,213,122,93,141,339,93,115,290,224,321,88,288,101,313,372,207,179,100,59,122,127,208
656,177,133,316,252,240,362,122,127,269,335,417,181,509,163,273,272,331,220,377,470,172,337,220,360,360,167,344,426,192,211,104,285,361,164,70,156,339,147,229,296,276,21,228,262,192,246,160,161,60,90,224,146,71,307,296,243,451,544,432,209,95,89,171,111,351,147,396,317,241,155,148,301,150,180,212,123,94,141,342,96,118,291,225,321,89,291,103,314,370,209,183,102,61,123,128,210
657,181,135,318,254,243,367,122,129,274,337,420,181,511,161,274,274,334,223,381,474,175,342,226,362,361,169,346,428,194,212,105,291,366,165,71,157,344,148,231,296,282,21,230,264,194,245,162,161,61,91,228,146,73,311,296,244,452,546,432,214,97,93,172,113,350,149,398,320,243,154,150,303,150,186,212,126,95,142,341,96,119,296,230,327,90,294,105,316,376,210,187,104,61,127,130,215
658,182,137,323,258,247,371,122,130,274,340,422,183,515,164,279,274,339,225,384,475,175,343,227,367,362,170,350,429,197,216,107,300,370,165,71,159,349,150,235,298,283,21,233,266,196,250,164,164,61,91,230,148,75,316,298,250,452,547,439,215,99,94,171,113,352,152,404,323,248,156,151,303,152,188,215,127,97,142,342,96,120,297,232,329,90,296,106,317,379,215,187,105,61,126,132,219
659,183,139,325,260,250,374,123,130,277,344,426,182,520,165,284,277,340,230,386,481,176,345,231,370,362,173,353,433,197,218,108,301,375,165,73,160,349,152,236,301,285,21,232,271,197,251,167,163,61,92,232,148,75,320,301,251,458,551,445,216,99,94,173,116,354,154,408,324,254,158,157,304,154,188,219,130,98,143,346,98,122,299,232,331,93,297,106,321,384,216,191,105,62,128,132,224
660,183,141,327,261,255,374,125,132,276,350,431,185,524,165,285,282,346,232,388,493,179,347,231,374,368,176,353,437,199,222,109,303,378,167,74,164,351,153,237,307,287,21,233,276,200,253,168,165,61,93,234,150,75,321,305,254,466,551,448,219,102,94,175,117,359,157,408,330,258,159,159,304,155,190,221,133,98,144,352,99,122,302,233,332,93,299,106,322,386,218,193,105,62,128,132,226
661,184,143,329,266,258,377,127,134,277,357,431,186,527,166,289,285,349,234,391,495,181,353,232,379,372,181,353,439,204,225,112,307,382,167,74,166,356,154,241,310,289,21,234,276,203,259,171,166,61,94,235,151,75,326,306,253,473,559,451,223,102,94,176,117,363,159,411,331,266,158,161,307,156,191,221,136,98,145,360,102,123,304,235,331,93,307,106,323,389,220,195,105,62,129,135,226
662,186,145,337,268,260,380,127,135,277,362,434,186,528,167,291,290,354,234,393,500,181,358,234,387,378,183,352,440,208,229,113,312,384,168,75,168,357,156,244,313,291,22,234,277,205,259,172,170,61,95,240,152,76,328,310,256,477,560,454,227,105,95,175,120,365,163,413,336,269,158,163,312,158,195,223,137,98,147,364,102,126,307,236,337,95,311,107,323,393,223,198,105,64,130,136,228
663,188,144,344,272,263,383,128,138,278,368,437,187,532,170,293,295,358,230,395,505,181,362,237,386,380,184,356,446,210,236,113,316,390,169,75,171,356,158,247,317,294,22,238,280,207,264,172,173,61,94,241,154,76,327,312,257,478,563,458,230,107,99,175,121,370,165,413,343,269,160,163,314,158,196,228,137,99,148,364,105,128,309,238,341,96,314,109,326,395,226,200,106,65,132,136,229
664,191,146,348,272,264,388,128,140,279,377,438,189,537,172,294,295,360,230,402,507,183,362,237,391,382,185,355,448,212,238,116,321,391,170,77,174,359,159,250,320,298,22,240,281,211,268,175,176,61,97,246,158,77,328,315,259,484,565,459,230,107,100,177,122,373,165,416,345,271,161,163,318,158,198,229,139,101,150,373,105,129,311,243,344,97,315,110,331,395,227,204,106,67,135,136,232
665,195,147,349,272,267,393,130,144,279,383,441,192,538,174,301,295,362,232,405,513,183,367,238,391,384,185,361,450,213,240,117,327,399,171,78,175,360,159,250,323,300,22,244,284,211,269,176,181,61,98,249,160,77,329,316,261,488,571,464,231,109,101,178,123,374,165,420,348,276,160,166,319,159,201,232,140,101,151,378,105,130,315,246,347,100,317,112,333,399,229,207,107,65,139,137,235
666,196,148,349,272,271,395,130,147,281,388,444,192,542,177,305,299,365,233,405,517,183,373,240,395,389,188,368,449,215,242,117,332,401,176,78,175,363,160,253,326,303,22,248,285,212,269,177,183,62,99,249,162,77,330,317,264,499,577,466,233,110,106,180,126,377,165,424,348,282,162,169,322,162,205,234,144,101,154,379,106,131,319,249,349,100,322,111,338,405,232,211,108,65,139,140,238
667,198,148,349,274,273,399,130,148,289,389,450,194,540,176,310,302,366,237,408,522,183,374,241,398,390,192,371,451,216,242,118,335,405,178,78,183,363,160,255,330,304,22,252,287,214,271,179,186,61,102,248,162,77,337,322,266,505,581,472,240,113,106,184,127,383,168,428,352,287,164,170,322,163,208,235,146,101,156,381,107,131,320,251,354,101,325,112,340,407,232,215,109,65,140,142,240
668,198,150,350,282,275,399,131,151,287,393,452,199,546,178,317,310,367,242,409,527,186,377,243,399,393,195,376,459,216,242,122,335,408,180,79,183,363,161,256,334,306,23,257,288,215,276,180,187,61,102,248,164,77,341,323,272,506,582,473,243,113,109,187,128,383,168,432,355,289,164,174,324,168,211,240,149,101,155,386,108,132,322,254,356,103,328,114,343,411,233,220,110,66,141,142,241
669,201,150,351,284,280,402,132,154,291,402,454,200,552,180,322,313,369,244,410,529,190,381,246,402,396,197,381,463,221,244,124,338,411,180,79,183,364,163,260,336,307,25,262,288,217,279,183,189,62,103,252,164,78,350,321,276,511,585,473,247,116,109,188,131,386,173,437,359,288,164,177,327,168,216,240,149,103,155,388,108,133,328,256,356,105,331,116,347,413,234,223,111,67,145,146,243
670,203,152,356,287,289,405,135,157,293,403,454,204,555,181,328,315,374,248,411,532,190,383,247,405,399,203,384,471,223,249,126,343,413,187,78,184,369,164,262,340,313,25,264,289,218,282,184,192,63,106,254,163,79,352,327,281,515,588,480,250,119,110,188,132,391,175,440,361,288,167,180,329,169,217,243,148,105,156,394,109,136,332,262,359,106,332,116,349,418,236,224,114,68,146,147,247
671,205,156,356,292,293,407,140,157,295,406,460,206,557,184,331,318,379,252,412,535,193,389,249,408,405,203,388,475,226,251,127,347,414,187,80,189,373,164,265,343,315,25,263,291,220,290,184,193,64,107,259,168,79,354,330,284,519,594,486,253,119,112,187,133,397,176,444,366,294,170,181,329,170,217,243,147,105,158,398,109,137,335,267,364,107,335,117,354,418,238,227,114,69,148,148,248
672,207,157,361,294,297,409,142,159,300,407,462,207,566,189,338,319,384,257,416,542,195,390,249,411,409,205,389,481,228,254,129,353,416,188,80,189,378,163,271,345,318,25,264,295,222,291,182,196,64,108,261,168,81,359,336,288,521,599,490,256,120,111,189,133,402,176,447,371,295,173,182,333,174,224,244,148,106,160,399,110,137,342,270,368,108,338,117,358,418,243,231,116,70,152,153,250
673,208,158,363,294,300,418,142,162,306,412,463,207,571,191,339,323,382,258,417,543,198,391,250,413,414,206,392,484,233,256,129,358,419,190,81,190,380,162,273,350,320,25,264,297,222,294,185,202,65,109,262,170,80,364,337,287,525,601,495,259,124,113,191,134,409,177,449,378,296,172,182,335,176,227,246,148,107,162,407,108,137,347,275,373,108,342,120,361,421,247,232,119,72,153,156,253
674,208,157,371,300,305,422,145,167,309,412,465,207,578,195,345,326,384,260,422,547,198,395,255,413,415,209,391,483,233,263,129,360,419,194,81,194,384,165,274,352,325,24,266,300,225,296,187,204,66,110,266,172,81,365,341,287,533,610,503,266,127,114,196,136,414,179,452,383,296,172,184,337,177,234,248,150,109,164,407,107,138,349,279,376,108,344,120,361,425,249,233,121,73,153,156,256
675,208,161,374,304,308,425,147,167,310,419,472,206,582,199,350,328,386,265,424,555,203,398,257,421,421,210,391,487,237,266,132,363,425,196,84,200,388,169,276,354,327,24,269,300,228,302,189,206,67,112,271,174,81,367,346,292,540,613,508,272,128,114,198,137,419,180,453,385,299,173,185,344,178,236,248,153,110,164,410,108,138,353,284,384,109,350,121,364,424,253,238,121,75,154,160,256
676,209,162,378,306,311,431,146,165,311,426,470,206,586,198,352,332,387,268,430,559,207,399,259,425,430,213,395,484,238,272,134,367,430,199,86,201,391,171,277,357,328,25,272,303,236,305,190,208,67,113,271,176,83,368,348,298,547,617,511,275,128,115,199,137,423,184,457,388,301,173,187,349,180,237,251,153,112,165,410,108,139,357,287,392,112,355,121,366,430,256,241,120,78,156,161,257
677,211,163,385,308,312,434,148,167,315,430,474,208,586,198,354,337,390,270,432,568,207,401,259,429,436,214,397,491,241,277,137,370,434,204,86,201,395,173,279,355,329,25,276,305,240,306,191,206,68,116,270,175,83,372,351,299,547,620,516,278,130,118,201,138,425,184,459,393,305,175,185,352,181,237,251,154,114,166,412,109,141,360,289,393,114,357,125,371,435,258,241,120,80,157,162,259
678,213,163,392,308,314,437,148,170,318,431,483,210,588,200,355,338,401,274,438,572,207,410,265,429,440,217,402,495,246,279,138,373,441,212,87,205,399,177,286,357,332,26,282,307,241,308,192,209,68,117,270,177,83,375,352,303,548,621,519,280,133,121,202,139,430,188,464,395,309,176,187,355,184,240,258,156,114,167,416,109,140,363,289,397,115,360,125,372,437,260,241,122,80,159,164,258
679,215,166,395,310,317,438,150,174,320,432,490,211,594,202,356,345,402,275,443,575,209,415,264,434,443,217,407,499,246,281,141,376,444,216,86,205,402,179,286,359,334,26,285,312,243,310,195,213,68,117,273,181,83,381,355,303,551,626,521,287,134,122,207,141,434,189,465,400,312,177,187,363,185,241,261,158,116,169,418,109,142,366,290,401,118,360,124,376,442,261,243,124,81,161,165,260
680,223,167,398,310,324,438,151,177,320,436,495,216,595,203,358,351,405,275,446,581,211,418,265,437,444,220,410,505,248,281,145,379,449,217,89,208,406,184,291,365,337,26,289,318,246,316,197,216,70,117,277,183,84,386,358,304,553,630,522,289,135,122,209,141,441,194,470,404,314,177,188,364,187,243,262,158,119,171,419,111,142,370,293,403,120,362,125,381,451,265,245,127,80,163,165,261
681,224,167,404,311,327,441,152,180,323,437,495,219,602,206,366,356,409,275,450,586,214,421,268,439,450,220,411,507,251,282,144,379,455,216,89,213,413,188,292,370,342,27,293,317,249,319,198,217,70,119,280,185,85,388,360,307,555,637,529,293,136,122,210,141,445,192,474,408,318,184,190,369,191,245,262,159,123,171,424,114,145,373,293,411,123,364,129,386,457,269,250,128,80,164,167,263
682,226,166,404,315,328,442,152,182,322,438,495,223,604,209,367,358,409,275,453,587,216,424,272,446,453,222,421,508,251,284,144,385,462,217,90,214,416,191,295,373,344,27,297,319,250,320,201,219,70,120,281,186,84,394,362,315,560,645,533,293,138,123,214,144,453,194,475,409,319,185,191,374,192,249,266,160,123,175,427,117,144,374,295,415,124,367,132,389,460,272,250,128,80,166,169,266
683,228,169,405,319,333,447,153,182,324,443,499,224,609,212,375,362,413,279,453,585,217,425,272,447,458,225,425,511,252,286,147,392,467,217,91,215,418,191,298,375,347,28,301,322,253,326,200,220,71,122,283,189,87,399,368,319,561,652,535,296,139,126,216,148,460,195,480,415,328,187,191,377,194,251,268,162,123,177,430,117,145,374,300,419,127,368,132,392,466,273,251,129,80,170,169,267
684,230,170,408,321,335,450,153,188,326,449,504,224,611,215,381,364,418,278,454,585,219,428,276,450,462,226,426,524,258,290,148,398,468,222,91,217,423,193,302,379,353,28,306,324,257,329,199,220,71,124,289,191,88,404,371,327,563,654,536,300,140,126,217,148,467,198,485,419,328,190,193,383,194,256,270,163,123,181,434,118,145,377,300,422,126,374,135,396,468,273,253,128,80,171,173,269
685,234,173,414,324,337,457,155,188,328,454,508,224,613,218,382,367,419,279,458,591,220,431,280,454,466,228,429,526,262,291,149,401,469,225,91,221,427,195,303,382,354,28,308,327,259,331,202,224,72,126,290,193,91,408,373,329,568,656,540,300,140,126,222,149,472,201,487,425,334,194,196,387,194,258,271,167,123,185,437,119,146,381,303,425,126,380,135,398,469,276,254,130,84,172,174,275
686,236,174,420,328,339,462,155,190,330,454,515,228,618,222,386,374,425,282,462,595,221,434,285,457,469,230,435,525,265,297,148,406,478,225,92,223,429,195,305,386,355,29,309,329,258,333,204,227,73,126,295,194,93,407,375,326,572,662,543,302,144,126,224,150,481,203,493,429,335,195,201,388,197,259,272,172,125,186,438,119,148,386,307,429,127,381,136,403,469,276,256,129,84,171,177,275
687,237,177,422,333,346,467,156,193,334,456,522,227,618,223,389,377,426,284,469,595,225,438,286,460,473,230,437,532,263,300,150,415,481,227,92,226,436,195,307,389,359,30,317,330,259,334,203,230,73,127,297,194,95,409,377,325,577,668,548,305,145,127,224,152,487,203,497,436,335,198,201,388,200,261,279,173,125,187,436,120,150,392,310,434,127,381,138,408,470,278,260,131,86,174,177,275
688,237,179,423,338,349,476,157,195,337,462,526,227,620,224,392,382,428,286,471,600,226,444,290,467,478,230,443,534,266,304,150,417,485,229,96,228,441,196,307,387,366,30,321,334,263,339,205,230,74,127,297,195,99,411,385,328,586,673,553,306,146,127,225,157,490,204,496,437,339,199,204,393,200,260,280,174,126,188,437,121,150,394,312,436,128,386,138,411,474,280,263,132,87,175,179,277
689,240,179,427,336,350,478,161,197,343,466,527,230,626,224,394,384,432,286,474,600,230,443,293,474,482,231,446,539,269,304,153,422,491,232,96,227,442,198,312,387,370,30,323,338,264,342,206,229,74,128,300,197,100,415,387,334,591,675,556,310,148,128,227,159,491,204,500,442,343,201,206,397,201,261,285,175,128,188,438,121,152,400,313,438,128,390,138,413,475,285,269,133,88,178,180,279
690,245,180,432,336,351,482,162,199,349,469,529,232,627,226,396,387,434,289,483,603,234,444,298,480,488,231,450,540,273,304,155,423,495,234,100,233,445,203,313,389,373,30,325,341,269,344,209,233,76,128,305,198,102,417,387,333,594,680,559,311,149,131,228,162,495,206,504,446,344,205,210,399,202,265,289,174,130,188,442,124,153,405,314,443,128,393,141,418,477,284,271,134,88,179,182,283
691,246,180,440,338,354,488,161,201,351,469,534,233,632,229,398,389,438,295,487,607,235,445,302,486,493,235,452,548,273,309,156,429,500,237,103,234,449,205,314,392,375,30,330,343,270,347,213,235,78,129,304,199,103,424,391,336,595,686,560,314,150,134,229,163,498,207,509,451,344,209,213,400,203,266,290,174,130,188,446,124,155,409,317,444,128,395,141,419,481,285,273,136,86,180,187,286
692,248,181,441,346,357,494,161,205,359,470,536,235,639,231,403,392,441,298,489,617,238,450,309,494,495,236,456,551,277,312,156,431,502,239,105,238,453,208,318,394,375,30,332,345,271,352,215,239,80,128,309,201,103,432,392,338,599,694,566,318,150,135,233,165,503,207,511,456,349,209,215,405,205,269,293,175,130,189,449,124,156,412,320,446,129,397,142,423,483,284,276,137,87,182,189,291
693,248,182,445,351,362,500,163,210,366,474,540,238,640,230,408,391,444,304,492,623,241,453,313,496,499,239,456,555,280,315,159,434,506,241,106,240,458,210,320,398,376,30,334,346,273,355,218,241,78,130,311,203,102,437,396,341,603,698,566,321,150,136,234,165,509,208,518,455,352,211,218,409,205,275,296,176,130,189,453,124,157,418,324,449,132,400,143,427,486,287,279,137,88,183,189,295
694,251,184,443,354,362,501,167,210,370,474,540,241,646,231,413,392,451,310,495,630,245,458,317,497,507,243,465,558,280,320,161,437,511,244,107,240,460,212,323,399,379,31,336,350,276,358,220,243,77,132,315,207,106,441,402,343,606,704,570,323,151,137,236,166,513,211,519,461,355,214,219,411,207,277,297,179,131,197,455,126,158,419,330,449,134,401,145,430,493,288,279,138,88,186,189,296
695,251,188,447,358,366,504,169,213,375,474,544,241,650,231,414,397,451,315,502,631,248,458,318,496,509,246,466,565,283,326,163,442,514,246,109,239,459,214,324,402,382,31,339,354,280,358,222,245,77,134,317,207,107,444,404,345,608,707,573,326,151,138,236,168,518,211,519,465,356,218,223,419,208,276,301,180,131,198,462,126,160,422,334,454,135,407,146,441,496,292,279,139,87,189,192,299
696,252,189,449,360,366,510,171,218,380,477,548,243,655,235,421,401,453,318,508,632,250,462,319,500,513,247,469,572,284,328,163,444,516,247,108,239,463,213,326,408,384,31,340,359,282,359,225,246,77,134,318,207,105,445,407,346,610,712,577,327,155,141,237,168,522,211,526,466,359,219,224,419,209,278,303,182,132,199,462,129,162,426,341,458,136,410,147,441,501,295,281,140,88,189,192,298
697,254,194,451,365,373,511,172,219,383,483,551,247,662,238,427,403,453,322,515,638,255,465,323,499,515,250,474,577,285,331,163,445,518,249,108,243,465,214,330,414,386,31,342,361,284,362,227,247,77,134,324,210,105,445,409,352,614,715,583,329,158,141,239,170,524,211,531,470,363,221,227,427,211,278,307,184,137,200,463,129,164,426,346,465,136,409,148,442,504,305,286,140,89,189,193,302
698,257,197,457,369,374,516,172,221,390,482,554,249,663,242,430,404,460,326,515,641,254,473,323,503,516,253,481,583,287,334,163,445,524,252,110,244,471,217,333,418,389,31,349,366,288,366,229,249,77,135,328,210,103,449,414,353,624,718,587,330,160,141,242,171,524,212,535,472,365,222,228,431,214,278,309,188,137,209,471,132,168,430,348,467,136,417,148,445,506,305,291,143,91,190,193,307
699,258,197,460,375,379,522,172,224,393,489,556,251,666,245,432,404,465,326,521,645,256,478,327,505,525,255,486,585,287,338,164,451,530,254,110,246,475,220,343,421,394,31,350,370,287,371,228,250,79,138,329,213,104,450,416,358,625,724,589,332,163,142,245,174,525,214,537,473,366,225,230,435,214,282,309,188,139,209,474,131,171,432,353,472,136,424,150,445,510,308,293,143,91,191,195,309
700,262,202,462,376,382,528,173,228,401,496,558,256,672,252,439,407,467,327,525,650,258,479,331,505,528,259,493,587,289,339,164,457,529,252,111,248,478,224,346,425,397,31,354,375,292,373,231,251,80,140,333,216,105,454,423,358,629,731,594,333,164,142,248,177,529,216,543,475,370,224,230,437,217,286,311,189,140,209,479,131,171,437,353,470,137,434,151,448,513,311,295,143,92,194,198,314
701,265,204,472,379,382,530,178,229,404,499,561,256,675,251,445,411,473,327,532,653,260,482,332,511,532,260,496,589,289,339,166,457,536,254,110,249,481,227,348,426,400,31,358,377,295,376,232,253,81,140,336,221,106,461,428,363,633,738,596,337,165,143,251,177,535,218,549,477,376,224,233,439,219,289,312,191,140,211,480,131,174,439,358,472,136,441,152,450,512,314,297,144,93,196,199,317
702,267,207,479,379,382,531,179,234,413,502,564,258,682,252,448,418,477,328,538,662,261,491,336,517,536,266,498,590,293,339,167,459,541,254,110,254,486,227,351,428,401,32,362,381,305,381,233,254,80,143,339,225,106,460,431,369,641,744,605,339,166,143,254,178,537,220,554,480,380,224,236,442,219,292,315,192,141,215,485,131,174,439,360,475,137,444,152,452,511,315,301,144,94,199,199,320
703,271,212,485,383,390,541,181,235,414,507,566,260,683,256,450,418,486,332,540,664,258,492,338,523,542,269,502,590,295,343,168,460,547,256,115,255,490,230,355,429,403,32,366,384,309,383,233,253,80,144,344,226,107,462,435,372,649,748,606,339,168,144,256,180,538,220,558,484,388,223,241,442,221,294,320,194,142,214,484,135,176,442,363,479,138,450,152,457,515,321,301,144,94,200,202,320
704,274,213,487,388,393,540,182,236,417,515,567,259,685,259,455,423,489,336,547,666,258,497,342,526,547,269,504,596,301,349,169,465,555,259,116,259,493,232,357,434,407,33,368,386,313,387,234,255,80,145,346,226,108,463,437,373,655,752,608,343,168,146,257,181,542,222,563,484,392,224,241,447,222,296,322,199,143,215,487,136,179,444,363,484,138,452,153,459,519,324,304,143,95,202,203,321
705,278,213,490,391,395,539,186,239,426,523,571,265,690,262,459,424,496,338,552,670,260,499,345,530,551,272,508,595,305,352,173,474,556,260,116,263,496,233,359,439,410,34,377,390,315,396,237,255,83,145,352,228,108,465,445,375,659,756,612,346,169,147,262,182,543,225,566,493,394,225,239,452,226,298,325,202,146,216,492,138,184,447,365,487,141,458,154,459,528,328,309,145,95,204,206,322
706,278,216,499,401,397,539,186,238,435,534,576,265,690,263,465,429,498,341,557,677,260,504,350,535,552,273,513,595,306,354,177,478,557,259,119,266,506,239,361,441,417,33,380,390,319,396,240,256,83,147,353,228,111,471,449,377,662,760,613,348,171,147,264,184,548,226,569,496,396,224,239,457,227,297,329,207,148,220,496,140,187,447,369,488,142,457,156,460,535,332,311,146,95,208,207,322
707,282,220,502,409,401,543,186,240,435,536,580,266,695,264,466,431,502,344,566,690,261,511,349,539,561,277,517,601,308,358,177,482,564,261,120,268,509,240,366,439,420,33,383,390,320,402,240,257,85,146,357,229,112,474,453,381,662,765,619,351,173,147,265,184,549,231,573,495,399,224,242,463,228,298,331,209,147,221,501,140,187,448,369,490,145,459,157,462,540,335,314,146,95,211,209,322
708,285,222,506,410,407,547,188,242,441,542,585,270,700,264,471,434,505,348,570,691,264,514,353,542,566,279,521,601,312,360,182,489,571,260,118,272,510,244,369,442,422,32,392,392,321,401,242,258,85,148,361,235,113,474,455,385,666,769,624,352,176,148,268,189,554,231,579,496,401,224,244,475,230,301,336,212,149,220,509,145,190,455,371,494,147,460,158,467,544,337,318,148,95,214,212,327
709,285,222,506,412,408,555,191,243,445,548,586,273,703,264,473,437,505,350,575,697,265,521,355,547,568,280,522,607,315,361,184,496,572,261,124,274,510,245,371,445,426,32,396,395,325,403,247,262,85,149,365,234,115,477,456,393,672,774,628,353,179,148,270,191,560,235,584,496,407,224,244,478,232,303,339,215,152,224,513,145,193,458,377,497,150,468,159,469,546,340,322,149,96,215,212,331
710,286,228,508,416,412,560,191,250,450,549,589,275,704,268,475,439,509,349,580,698,266,527,357,553,572,282,527,611,317,367,187,498,580,262,124,273,510,250,375,449,428,32,398,399,329,407,250,264,87,152,369,237,119,482,457,397,673,776,634,355,178,149,273,193,562,237,586,497,411,226,245,478,237,305,342,217,154,225,519,147,193,466,380,506,152,472,162,471,550,340,325,152,96,218,216,334
711,290,229,509,418,419,562,191,254,454,554,594,278,710,266,485,441,513,352,582,701,266,533,356,560,578,284,528,617,317,371,190,501,584,265,125,273,513,254,380,450,429,31,398,401,330,406,252,266,89,154,375,241,120,486,458,400,677,778,637,356,180,153,274,197,569,239,590,498,411,231,245,482,238,306,349,219,154,224,524,148,193,468,381,512,154,475,164,476,552,343,328,155,97,223,218,338
712,290,231,514,421,424,565,194,259,460,555,591,280,711,269,487,441,518,353,587,707,269,539,357,562,582,285,533,623,317,375,195,505,587,266,126,275,518,254,383,453,431,31,404,407,332,411,255,272,89,154,378,242,122,491,461,405,677,779,643,359,179,154,275,198,571,239,594,499,414,233,251,486,242,310,353,222,155,225,532,151,193,474,387,512,157,481,164,477,554,344,328,156,99,227,216,339
713,292,232,517,419,428,568,198,260,461,560,594,283,717,272,489,443,522,350,592,711,272,543,360,563,589,287,542,628,319,375,195,508,594,266,127,276,523,252,383,454,434,32,410,409,338,413,256,276,88,154,378,247,122,496,464,405,679,783,648,363,179,154,276,199,576,246,595,499,415,236,254,491,243,311,357,222,158,228,538,151,195,476,391,514,158,485,165,477,559,349,332,157,101,228,218,341
714,293,234,520,423,437,573,199,261,463,559,600,286,721,275,498,446,529,350,599,716,275,548,366,567,591,287,546,631,324,380,198,513,596,266,127,278,526,254,385,455,436,32,410,412,339,417,256,276,88,155,382,248,122,502,468,408,686,793,652,366,178,154,279,203,579,249,602,504,419,240,258,493,244,313,364,223,159,230,540,154,199,481,393,520,158,490,165,478,560,357,335,158,101,232,223,344
715,300,239,519,429,445,576,199,267,467,561,606,292,726,275,501,446,530,355,599,718,277,549,370,573,597,292,549,638,332,382,200,518,600,269,129,282,531,255,387,457,439,32,417,414,342,417,256,277,91,156,383,251,122,507,473,412,692,793,660,369,179,154,281,205,582,251,609,503,424,242,266,498,247,314,366,228,162,233,543,161,203,488,395,521,159,493,165,480,566,364,337,160,102,236,224,345
716,301,241,529,434,446,582,202,271,471,565,611,294,728,277,505,451,532,359,600,717,279,553,373,576,600,296,552,644,334,385,204,521,602,270,130,285,539,257,393,461,441,32,420,418,343,422,258,279,91,159,385,251,124,511,477,415,698,799,664,375,185,155,283,211,584,254,609,506,428,245,268,505,249,318,368,231,163,233,549,163,205,492,404,523,157,498,166,483,568,367,341,165,101,239,225,348
717,301,241,533,440,446,590,205,270,475,567,612,295,734,280,505,456,534,359,605,718,283,564,378,579,602,294,559,644,338,384,205,524,603,273,131,285,546,259,397,466,443,32,423,421,345,427,257,286,91,159,389,252,125,515,482,417,700,803,666,379,185,156,284,213,588,257,619,517,436,249,270,503,252,319,374,234,162,236,554,164,206,496,409,527,156,500,169,487,568,368,344,165,103,242,227,349
718,303,244,540,443,454,597,208,271,482,570,615,301,738,285,506,458,537,362,608,720,288,570,381,582,613,294,561,644,341,388,207,527,610,276,133,287,551,261,398,466,445,33,427,423,347,429,260,288,91,162,390,252,125,517,484,425,703,803,671,384,190,157,290,217,594,258,625,521,439,248,270,508,255,325,377,238,164,237,556,164,205,501,409,529,156,503,168,492,572,373,347,166,102,243,231,354
719,303,242,545,446,460,601,212,273,484,575,617,306,737,287,514,459,541,365,611,726,290,575,386,589,618,298,559,648,343,395,209,529,616,279,134,289,557,264,401,468,446,33,428,425,349,433,264,290,93,162,393,254,127,520,486,428,708,809,675,390,193,157,298,220,595,259,629,522,446,253,272,510,259,330,380,241,163,241,559,164,212,502,412,529,158,509,169,494,576,376,350,168,102,242,234,356
720,309,243,550,447,463,606,214,274,484,578,624,306,745,289,520,464,546,367,609,731,291,580,389,590,622,296,564,653,347,394,213,533,621,283,135,291,561,266,400,471,449,33,430,428,353,438,267,294,94,164,398,259,128,524,489,435,707,806,681,392,194,159,300,222,600,262,638,523,451,253,275,515,258,335,384,245,163,243,566,164,213,507,411,536,160,511,173,497,582,378,352,169,103,245,238,359
721,309,244,556,448,463,611,214,280,489,581,627,309,750,290,525,466,550,370,609,735,295,583,391,590,628,301,565,653,350,400,213,536,624,284,137,292,568,267,402,475,452,33,435,430,359,441,270,298,95,163,401,263,128,523,494,437,708,811,684,395,195,160,303,225,603,261,641,523,455,258,275,520,263,336,385,249,164,245,575,164,214,508,412,542,160,512,176,501,585,382,356,170,103,246,239,359
722,314,244,558,453,468,618,213,285,491,590,629,313,752,292,532,469,549,371,615,737,296,590,395,592,632,302,569,658,355,401,217,545,629,286,138,293,570,272,409,481,454,33,436,430,360,442,275,299,97,164,406,264,130,525,496,441,711,814,686,402,194,162,307,225,607,264,645,526,457,260,277,521,265,338,388,249,165,251,583,165,215,512,412,548,159,513,177,504,589,383,362,172,103,247,241,362
723,313,245,563,456,470,622,215,290,500,592,632,315,756,293,535,474,555,374,617,746,299,595,397,599,637,302,577,663,361,402,219,548,634,287,138,293,570,274,412,482,457,31,438,427,360,445,275,302,97,165,408,265,129,528,499,446,716,818,689,404,195,162,311,228,609,267,652,527,459,262,278,520,267,340,389,253,168,254,586,167,216,515,415,550,161,512,177,511,592,383,361,174,103,253,241,364
724,318,250,568,462,474,625,218,293,502,594,638,320,759,297,537,480,562,373,620,747,298,600,400,600,641,305,577,664,362,404,221,550,640,291,139,295,574,276,416,483,459,31,441,431,362,446,278,303,97,166,411,269,130,533,499,454,716,827,695,405,195,162,311,232,615,267,655,531,469,264,282,523,273,343,398,256,169,255,590,171,218,524,421,552,161,515,178,513,595,390,361,174,103,253,244,366
725,320,255,568,471,476,634,219,296,507,598,640,320,764,298,545,481,568,377,627,746,299,605,402,608,645,307,581,665,364,405,221,551,644,294,141,300,574,279,421,485,463,31,445,435,365,451,282,307,97,168,415,271,130,538,505,455,716,833,701,408,199,163,314,233,616,268,662,531,470,266,283,522,276,345,398,259,169,256,596,171,222,527,422,551,163,521,180,515,602,392,364,176,103,254,246,369
726,321,258,570,477,481,634,220,298,517,603,645,320,768,301,551,486,572,380,633,750,305,610,406,615,649,309,585,665,369,408,223,558,651,298,143,300,575,279,424,489,466,31,449,439,364,453,285,307,97,167,418,272,130,540,508,458,724,837,706,411,198,166,315,236,620,270,666,533,478,267,285,526,277,346,404,261,169,255,596,174,223,531,427,551,166,524,180,520,605,401,368,179,103,257,247,371
727,323,259,570,483,488,637,222,299,518,605,649,323,766,303,556,493,575,381,638,756,307,614,409,614,656,311,590,667,369,411,225,561,654,301,144,299,579,280,425,497,470,31,453,445,368,455,286,311,98,169,424,276,130,539,510,457,729,841,707,416,201,172,318,238,625,271,667,536,480,269,284,533,279,349,406,260,172,257,601,176,227,532,433,555,168,528,182,525,609,406,370,179,106,262,249,370
728,322,262,576,492,493,641,225,303,528,610,654,326,770,303,558,497,576,388,642,760,307,620,411,619,663,314,592,670,371,417,229,566,659,304,144,299,583,280,430,504,473,31,456,451,372,455,286,311,101,173,429,278,133,543,518,459,734,842,711,418,201,173,317,238,626,271,670,537,484,272,289,534,282,351,410,264,171,257,608,178,229,536,439,560,168,532,184,530,613,413,372,179,107,264,253,373
729,322,268,577,491,496,648,226,306,532,614,662,330,773,310,561,507,578,392,650,768,309,623,414,622,666,318,600,676,382,419,234,566,665,305,144,303,588,285,434,508,477,32,457,451,378,460,286,314,102,173,433,277,134,549,520,462,736,844,713,422,201,174,316,241,629,270,673,540,492,273,293,540,283,351,412,265,171,257,612,180,231,537,439,570,168,534,184,535,615,418,375,181,109,268,253,374
730,323,270,579,495,499,650,227,308,537,617,673,335,783,314,562,513,582,396,655,770,311,628,416,624,670,319,604,680,389,426,235,570,675,305,145,306,591,286,439,513,482,32,462,452,381,464,286,316,104,175,433,278,135,546,522,465,736,850,715,424,203,175,316,247,634,274,683,547,494,274,296,544,284,355,416,269,171,258,617,181,233,542,443,579,173,537,184,541,625,422,379,183,111,270,254,377
731,323,273,579,497,500,655,231,312,541,619,674,334,789,316,567,516,587,400,662,775,315,629,419,629,678,320,608,681,390,428,237,576,682,307,147,312,596,286,442,517,488,32,470,453,385,464,289,320,105,176,435,278,136,549,525,469,738,854,719,428,205,175,316,249,640,278,688,551,499,275,299,547,288,358,419,270,173,260,624,183,240,548,446,581,174,540,186,549,629,428,380,184,111,272,257,379
732,325,275,582,502,505,659,232,314,544,620,677,335,794,317,569,521,591,402,663,778,316,633,422,632,683,321,612,689,393,429,239,578,688,306,147,314,600,290,445,524,491,32,475,456,388,469,292,330,105,178,437,282,137,553,534,476,743,854,721,431,206,177,316,254,640,281,690,561,504,281,301,556,291,362,424,272,176,261,634,184,242,549,449,583,175,546,187,553,634,431,382,186,112,273,259,383
733,328,275,586,505,512,661,234,317,544,622,680,337,795,317,573,521,592,405,665,785,316,644,424,637,687,325,618,700,400,436,240,580,691,307,148,317,606,292,447,528,496,32,479,460,391,472,292,337,109,180,439,283,137,552,541,476,744,859,724,433,209,178,319,254,642,283,695,562,505,283,301,560,290,366,427,275,175,263,638,184,244,555,458,583,178,549,188,553,638,441,387,189,113,273,258,388
734,337,276,587,509,513,662,234,321,545,627,683,342,800,318,579,524,594,411,670,788,321,648,428,639,687,327,623,706,402,445,244,581,693,308,149,316,608,295,452,533,500,34,486,465,392,476,295,338,111,183,440,284,137,555,543,477,747,859,728,435,212,180,322,258,647,284,696,567,507,288,305,561,290,366,432,276,177,265,638,185,247,560,461,588,180,556,189,556,639,441,395,189,115,275,259,391
735,340,277,590,510,517,669,237,325,547,632,689,343,798,320,583,528,598,415,672,794,321,649,433,646,691,333,624,709,404,448,244,583,693,310,152,318,611,296,455,537,501,34,490,468,393,484,297,340,112,183,445,285,139,558,543,484,752,860,731,440,214,182,327,259,656,283,701,572,509,290,310,563,293,367,436,280,178,266,642,185,247,558,464,592,185,555,191,562,642,443,396,190,115,279,260,394
736,346,278,592,512,521,672,241,326,556,636,690,348,802,322,583,528,608,415,676,796,325,653,436,646,694,333,626,713,405,448,245,583,695,312,154,322,614,299,458,537,502,35,495,468,396,486,302,341,114,190,450,289,140,562,545,487,753,866,732,440,215,183,329,263,656,285,699,580,512,288,310,566,293,370,438,282,180,269,648,185,250,566,472,594,189,564,190,568,647,449,397,193,116,282,260,396
737,349,279,592,518,523,681,243,325,558,640,695,350,807,326,590,534,612,419,681,801,326,657,440,653,697,336,631,717,412,452,246,595,699,316,154,324,619,303,465,541,505,35,498,469,401,487,304,346,115,190,452,291,141,560,549,488,756,865,736,445,216,184,330,263,661,288,703,586,516,288,312,570,298,371,440,285,182,271,649,186,251,573,472,598,193,568,190,571,649,453,400,194,117,283,262,399
738,354,278,596,522,526,684,243,328,561,643,698,355,813,328,590,538,615,419,688,803,330,661,445,656,702,336,634,719,418,454,249,603,705,323,156,326,623,308,466,544,511,35,501,474,401,490,308,351,116,193,452,292,142,562,551,490,759,865,738,445,218,184,334,265,666,290,704,590,519,289,317,577,299,372,444,287,183,270,653,188,254,575,473,601,192,569,195,574,651,458,404,201,117,284,264,400
739,355,281,599,525,528,691,244,330,567,645,699,356,818,330,590,542,618,422,693,806,331,665,451,662,706,339,644,725,423,453,253,606,709,326,156,330,628,308,469,544,518,37,502,477,402,493,311,352,117,195,455,296,143,567,553,490,758,866,742,451,220,186,342,267,668,291,709,588,522,290,319,581,301,374,448,296,183,269,658,189,252,578,475,603,193,573,196,576,653,462,404,206,118,286,264,401
740,358,287,608,528,536,694,244,333,569,651,705,355,822,335,596,543,622,424,693,807,335,667,451,664,712,340,646,729,429,457,253,611,713,330,157,335,626,308,472,547,519,38,504,486,407,495,316,354,117,196,458,300,144,567,557,493,764,866,747,455,222,185,342,270,669,294,718,592,527,292,320,591,303,376,450,300,188,269,656,190,255,581,479,605,196,580,197,586,659,467,407,208,119,290,264,403
741,359,291,610,533,536,695,246,337,577,652,707,357,824,335,597,544,625,428,691,812,335,675,453,669,717,346,652,736,436,464,257,612,718,331,157,338,633,309,472,547,521,37,503,493,410,500,316,355,119,197,459,303,147,576,562,495,769,867,745,459,223,185,344,272,676,296,725,597,535,293,323,596,308,380,452,300,189,271,661,192,258,582,484,608,199,581,199,591,658,467,409,210,121,292,268,411
742,362,292,614,536,540,700,245,338,581,656,716,360,829,337,601,546,625,431,691,812,339,678,454,677,718,348,655,741,436,467,264,612,720,333,158,344,634,310,475,549,524,37,508,499,414,504,318,355,120,201,463,304,148,581,566,498,775,872,751,463,225,185,345,275,677,296,729,597,535,294,328,597,309,384,452,303,191,270,661,193,262,585,486,612,204,580,202,593,659,470,413,214,121,295,268,419
743,364,295,618,539,543,707,246,344,591,659,716,366,837,340,602,550,627,435,695,827,345,678,453,683,720,350,661,752,439,468,267,615,727,336,158,346,636,312,476,550,528,37,510,503,415,508,320,358,121,204,466,304,149,586,571,502,779,877,756,468,227,188,345,279,681,301,737,601,535,296,327,600,312,389,450,302,193,271,667,193,263,588,491,617,205,584,202,598,666,473,419,218,121,299,270,420
744,364,296,620,542,545,713,250,346,595,663,720,369,839,343,602,551,631,438,700,837,349,682,454,686,721,360,663,758,443,471,267,614,730,338,160,345,642,314,477,552,530,38,510,509,418,511,326,358,122,204,468,304,150,587,575,504,790,881,759,468,226,192,348,279,683,301,742,603,540,298,327,602,315,391,450,307,198,270,672,197,264,591,492,624,207,586,205,598,670,474,420,220,120,299,271,424
745,365,297,623,546,548,719,251,348,595,665,727,369,838,343,607,553,633,445,701,843,351,685,460,690,724,363,667,766,443,472,268,617,732,341,163,348,643,314,485,554,537,38,510,511,423,517,326,363,123,207,471,304,152,590,582,510,794,888,760,469,230,193,353,282,690,302,750,604,543,301,328,609,315,394,450,310,202,271,671,197,270,592,496,626,207,590,209,601,672,476,425,222,120,296,275,428
746,366,298,630,549,549,723,253,349,596,670,734,372,843,345,614,556,635,452,703,847,353,687,464,691,730,365,672,766,446,475,270,622,735,342,163,349,651,317,489,557,541,38,517,515,429,519,326,371,124,209,478,305,153,594,581,512,801,888,761,473,233,195,353,283,695,304,755,607,546,301,331,609,319,396,454,312,203,274,671,201,271,595,504,629,208,595,209,605,673,481,427,223,119,300,275,433
747,369,302,631,555,555,726,255,352,597,670,738,374,846,345,619,557,642,454,706,851,355,691,465,700,731,366,674,769,447,477,272,621,740,343,165,350,654,319,490,562,542,39,522,519,435,521,326,377,126,212,480,305,153,594,584,512,805,894,761,476,233,195,356,284,702,309,755,609,550,305,333,614,320,403,460,315,208,278,675,203,271,600,511,635,210,606,211,610,676,486,432,226,121,305,277,437
748,372,306,634,558,558,729,260,356,608,673,738,377,851,345,624,556,645,457,709,855,356,695,467,701,734,368,676,773,450,481,276,624,742,345,167,351,658,319,489,562,551,40,527,522,439,528,332,379,125,215,481,306,154,595,585,513,811,898,762,481,233,197,360,289,706,310,761,612,557,307,333,621,325,407,459,318,210,282,674,205,273,604,513,637,210,609,209,613,676,489,436,230,120,306,277,443
749,375,305,637,562,561,737,261,360,611,679,742,381,857,343,630,562,649,459,713,857,360,696,470,704,739,369,676,777,453,485,276,631,746,346,167,354,663,321,492,567,554,40,531,525,442,528,332,382,127,220,486,309,157,602,587,516,816,903,764,482,238,199,362,291,710,313,767,615,562,311,336,626,326,409,460,319,213,283,678,209,274,616,518,641,211,611,210,615,682,489,437,233,120,308,276,447
750,374,304,642,564,562,740,264,361,614,681,744,384,861,347,632,563,649,461,716,866,363,702,478,707,743,374,679,782,456,486,278,637,750,349,166,357,668,325,493,570,557,40,533,527,442,537,334,387,128,222,486,308,160,606,594,516,819,905,764,489,241,202,363,292,712,318,769,619,563,310,341,629,326,409,466,321,212,283,687,210,277,621,520,645,214,612,210,618,685,492,440,235,121,312,278,452
751,376,306,648,567,566,743,266,362,618,682,745,387,866,350,636,567,658,461,718,865,367,700,481,713,748,377,678,785,462,490,282,645,753,351,167,362,671,327,498,574,559,41,537,529,452,539,335,385,131,224,490,308,160,611,595,518,828,907,772,492,243,205,365,292,719,322,777,621,566,315,344,630,328,416,466,323,214,284,693,211,278,624,524,647,217,615,211,619,684,495,441,239,124,318,278,453
752,379,310,652,569,567,745,268,367,617,684,747,392,870,350,641,577,660,465,721,871,371,703,487,717,752,381,685,792,466,495,283,648,760,353,170,362,672,329,498,580,562,41,536,540,454,542,333,391,131,226,494,308,159,613,599,520,834,910,778,491,247,205,365,295,719,322,779,627,569,317,345,637,332,420,471,325,215,283,695,213,277,629,532,652,225,616,211,623,688,494,446,244,125,322,282,456
753,380,311,653,568,569,750,270,368,618,686,752,394,879,353,649,584,663,469,725,868,374,707,494,722,758,383,691,799,473,496,286,653,764,357,173,362,682,332,498,588,565,42,540,543,458,550,335,396,132,226,497,312,160,618,606,528,835,917,782,494,249,208,367,298,726,326,784,631,572,316,349,637,334,425,469,329,217,289,697,216,278,633,533,653,230,616,216,631,694,496,447,245,128,328,285,459
754,381,313,656,570,571,757,273,370,622,689,756,396,886,354,651,585,666,471,730,869,377,713,499,727,761,386,693,799,474,500,289,656,769,359,178,363,684,334,501,597,567,43,539,547,460,551,337,400,132,226,498,313,161,626,609,532,842,922,785,494,252,210,370,303,731,327,791,634,577,318,354,644,336,424,473,331,218,290,702,217,278,635,535,660,233,620,217,636,697,498,450,245,129,329,289,464
755,383,313,659,573,576,764,275,371,623,689,765,400,895,356,655,588,670,474,732,872,379,715,501,729,761,389,699,805,478,502,290,654,772,363,179,369,687,335,506,601,573,43,545,548,465,558,339,401,132,228,504,316,162,630,616,536,848,928,788,501,254,210,373,308,732,334,797,637,583,321,353,646,336,428,475,333,218,290,708,217,285,641,538,668,232,628,221,642,699,505,456,246,129,329,289,464
756,387,316,663,575,580,768,277,373,627,690,773,405,904,353,660,591,673,478,735,880,378,719,505,732,764,391,698,808,482,506,288,659,773,363,182,372,688,338,507,602,575,43,549,555,468,559,340,407,133,229,506,321,165,633,622,541,849,932,792,505,255,212,373,307,739,336,800,642,587,326,354,648,339,433,479,334,222,295,710,219,286,645,538,674,235,635,219,643,702,506,459,248,130,332,291,467
757,388,320,669,579,584,772,279,374,633,695,781,410,908,357,666,595,677,488,740,883,380,721,507,733,771,390,701,808,486,512,292,659,773,365,182,374,688,339,509,609,579,45,552,557,468,564,343,409,133,231,508,325,165,640,627,550,852,939,796,506,256,213,375,307,744,338,808,646,590,328,355,650,342,439,484,339,224,296,716,220,288,651,536,680,241,639,220,647,710,507,460,249,130,338,294,467
758,392,321,678,585,588,779,283,378,641,700,783,412,909,360,668,594,681,491,744,888,384,723,511,739,773,393,704,811,492,521,295,660,781,366,181,377,687,340,512,612,581,45,557,563,473,565,343,410,135,230,512,327,164,645,636,554,853,940,802,509,258,215,376,309,753,343,812,650,593,332,356,653,343,442,489,344,227,300,722,223,290,650,538,688,243,644,223,648,716,509,459,249,131,339,294,473
759,397,323,681,587,589,785,284,379,641,703,784,415,911,361,675,600,685,492,745,891,384,723,514,746,775,394,710,814,494,522,297,657,786,367,186,381,693,342,515,618,586,45,561,570,477,569,346,413,134,230,516,328,165,651,640,551,858,943,811,515,259,217,379,311,757,345,817,649,598,333,356,654,344,443,491,343,228,300,725,220,291,656,539,693,245,651,226,647,719,511,460,250,133,340,297,476
760,395,326,684,591,596,794,290,381,645,708,791,421,913,362,683,609,687,495,749,900,388,722,520,753,780,393,715,815,497,525,300,658,788,370,188,384,697,345,520,624,592,45,563,571,484,571,348,417,137,232,518,337,166,654,643,556,858,947,817,513,261,219,383,311,763,347,824,651,600,336,358,656,348,448,493,344,231,306,728,222,292,660,544,694,245,656,229,650,722,517,464,252,135,342,297,477
761,399,326,691,591,598,800,293,384,649,715,794,426,909,366,685,612,691,497,752,903,388,722,523,759,781,395,715,821,501,528,305,663,792,373,189,383,696,347,528,626,594,44,565,572,483,572,350,423,137,232,522,340,170,655,646,562,863,956,822,519,261,223,385,310,765,352,824,653,602,341,359,658,350,455,499,346,230,310,730,223,295,664,550,696,249,661,232,658,727,525,467,254,136,348,299,483
762,402,327,691,592,598,804,295,389,653,721,795,427,911,370,687,612,691,504,752,909,389,725,523,761,781,397,718,824,508,531,310,669,797,376,190,386,699,350,536,630,595,46,573,578,483,574,355,425,138,232,527,341,172,659,648,564,870,959,824,519,262,226,392,312,765,356,824,656,609,342,363,660,355,460,500,350,233,311,733,223,300,664,550,701,250,667,233,662,730,530,468,255,137,351,300,488
763,406,327,695,591,602,811,305,393,658,729,804,428,913,373,695,614,700,509,756,912,393,728,525,766,784,404,722,829,511,532,313,673,799,379,194,390,701,356,539,634,604,45,575,580,485,577,360,430,139,234,532,342,174,662,648,566,872,961,829,525,262,227,395,313,772,359,825,662,610,345,366,666,358,461,500,352,232,316,737,225,303,668,551,705,255,671,233,662,731,534,466,257,138,354,304,495
764,407,331,701,590,602,812,307,394,663,734,808,430,921,382,697,615,703,511,760,914,397,730,527,770,787,409,721,839,515,536,315,675,800,378,196,389,706,357,542,638,609,45,575,583,484,578,360,433,139,237,539,345,175,664,651,570,873,971,833,528,264,229,398,316,776,360,828,668,611,346,371,672,361,462,501,357,236,316,740,227,308,675,558,710,255,675,234,665,734,537,468,260,138,355,305,498
765,408,336,707,591,603,815,308,398,669,738,810,430,923,380,699,621,710,513,767,918,404,734,533,781,790,412,723,843,521,538,318,678,803,385,197,392,710,361,544,643,611,45,578,587,490,580,362,434,138,240,541,348,177,667,654,570,874,974,835,533,267,232,403,317,781,360,833,671,614,349,373,676,367,464,503,360,239,317,744,227,311,675,562,716,254,676,238,664,737,538,471,263,141,363,306,503
766,409,337,715,590,602,825,309,400,674,739,815,434,927,381,700,626,714,512,774,922,406,740,533,784,793,413,727,847,522,540,318,681,809,388,202,393,714,358,548,646,614,45,581,591,492,587,366,438,139,241,543,349,177,668,653,577,881,978,836,535,269,235,403,318,782,362,843,672,615,352,377,675,373,467,504,364,241,317,745,229,316,683,567,722,256,678,239,667,747,541,473,269,143,367,307,503
767,409,339,717,595,602,828,311,404,678,743,822,440,932,383,701,630,717,516,776,927,411,752,535,786,797,420,731,845,521,545,320,684,817,390,202,396,721,363,554,648,622,46,578,592,495,593,368,438,139,243,544,354,179,665,657,578,882,983,837,535,272,237,406,321,783,366,849,674,617,358,379,674,371,472,509,363,243,322,745,233,320,685,571,728,257,685,241,674,755,545,476,270,146,369,306,509
768,411,342,718,595,608,828,311,411,682,745,825,443,932,385,704,632,721,518,774,931,417,755,538,790,798,423,731,848,523,545,320,686,819,395,203,400,726,364,557,656,624,47,581,598,498,595,369,440,141,244,546,357,181,668,662,582,888,989,842,539,273,238,411,323,789,369,854,675,620,361,382,676,375,473,510,366,244,325,748,235,322,686,575,730,258,688,242,680,759,547,478,276,146,371,304,512
769,412,345,722,600,612,831,312,413,687,749,830,448,938,386,710,638,727,519,779,933,424,760,544,794,800,426,732,850,526,549,322,686,822,396,204,406,727,365,559,658,628,46,585,597,499,598,372,442,142,247,544,362,181,670,663,585,891,991,852,545,276,242,412,326,791,371,859,683,622,366,389,679,379,475,510,369,243,324,754,237,324,687,575,730,259,690,243,684,766,550,482,281,148,373,306,514
770,412,347,723,601,617,833,316,417,687,751,837,450,942,386,710,642,733,522,779,938,426,766,546,803,801,428,736,852,527,556,323,693,822,399,205,408,731,366,562,663,628,47,589,600,501,601,372,444,145,247,550,365,184,672,666,591,898,994,850,546,278,241,415,325,794,373,856,688,624,368,394,682,385,480,511,373,245,328,758,241,326,691,577,734,260,690,247,690,771,553,482,284,149,373,310,518
771,412,347,733,601,620,838,319,421,689,754,843,450,948,388,715,647,737,528,784,942,430,768,547,806,805,429,738,858,528,555,327,695,829,406,209,412,735,369,562,668,628,48,589,605,508,604,376,444,143,248,553,370,186,674,667,596,900,990,851,549,277,244,415,329,797,375,856,689,626,368,395,690,389,480,515,374,244,329,760,243,329,695,580,738,262,691,248,693,777,555,486,287,149,377,312,523
772,417,348,738,605,625,844,321,424,688,754,845,450,949,388,717,646,744,531,789,944,430,775,546,810,807,434,743,860,533,555,328,700,833,411,207,416,738,372,565,671,633,48,597,607,512,605,378,447,144,253,557,372,187,679,671,596,910,992,856,553,278,248,419,332,798,376,867,695,629,367,401,697,388,482,518,376,246,330,760,243,331,704,581,739,263,698,250,694,784,562,490,292,149,380,315,524
773,420,350,739,606,629,849,321,428,693,756,847,456,952,391,719,649,746,536,790,947,436,772,546,813,809,435,747,861,536,562,330,703,838,411,207,416,749,376,574,673,639,47,599,611,517,607,381,449,145,255,562,376,189,682,674,596,913,992,857,554,280,250,419,335,797,376,872,698,633,368,401,703,393,484,521,381,249,333,767,245,331,708,583,741,265,704,251,697,783,565,491,293,153,382,317,525
774,428,351,745,608,630,850,321,431,693,757,852,460,953,393,722,650,752,537,796,950,441,774,547,814,814,437,753,866,542,562,336,710,841,413,208,417,754,379,577,677,639,48,604,611,521,614,380,454,148,257,564,379,191,684,673,597,915,992,862,559,280,251,420,340,803,378,875,700,634,370,407,711,395,492,523,383,251,335,774,247,331,708,587,743,269,711,252,700,782,567,493,295,156,384,319,528
775,429,355,751,612,634,857,323,434,696,763,855,464,958,394,723,652,754,539,800,952,446,776,549,816,819,442,760,868,546,567,341,717,844,413,209,420,757,381,579,682,642,49,608,609,527,615,386,457,152,259,570,381,191,689,676,601,913,990,862,565,282,253,419,343,804,380,882,704,639,372,406,719,397,496,525,385,253,338,779,250,331,713,588,745,270,714,255,706,789,569,495,297,156,384,323,532
776,431,357,757,615,637,866,327,436,699,766,854,467,962,397,726,655,757,541,805,951,451,780,555,821,821,446,764,868,548,571,342,721,850,417,209,427,766,382,581,685,642,51,612,613,528,619,389,457,153,260,571,383,189,693,681,601,920,994,865,570,284,253,423,342,807,383,882,709,640,375,406,719,401,496,529,389,256,341,781,254,336,713,595,746,271,719,255,707,797,578,494,300,156,389,327,536
777,433,362,761,617,639,871,329,439,706,772,856,474,969,404,728,660,761,541,808,950,448,786,558,824,825,447,770,868,554,576,343,723,852,417,209,436,771,385,591,688,647,52,615,615,535,625,391,459,153,261,571,385,192,695,689,606,924,994,867,575,287,254,425,349,813,384,884,710,645,378,407,719,402,502,533,393,260,345,783,254,340,720,598,749,273,722,257,708,800,583,498,301,156,391,332,538
778,433,364,765,617,642,873,330,440,712,777,858,478,975,405,729,663,763,544,807,949,449,792,563,827,823,450,775,871,559,582,347,728,855,422,212,437,771,388,594,690,648,54,621,616,537,629,391,461,155,262,574,387,191,702,694,606,927,995,870,578,288,255,429,353,816,386,889,712,650,380,415,721,406,507,535,397,263,349,785,254,341,719,599,749,274,723,259,717,803,586,506,303,157,396,337,540
779,433,364,772,620,641,879,333,443,713,784,864,479,974,407,735,665,765,543,807,955,453,799,561,831,826,454,778,876,563,585,352,728,859,430,215,444,773,388,595,694,651,54,625,619,540,638,391,467,157,263,577,388,193,704,696,610,924,1003,873,585,289,258,433,355,821,392,892,714,657,382,418,724,408,512,539,399,265,349,786,256,350,721,604,752,274,732,264,722,801,587,510,304,156,396,340,542
780,435,367,774,626,646,883,332,446,716,791,869,487,976,414,738,669,774,545,806,956,459,799,562,837,831,458,784,881,569,590,355,735,861,436,214,448,775,392,600,697,652,53,630,622,544,645,395,469,158,265,581,392,194,711,698,611,926,1005,877,590,295,261,435,356,824,396,897,717,659,390,423,728,411,518,543,406,265,353,793,258,351,724,605,749,277,734,265,722,806,592,515,304,159,400,341,541
781,437,366,777,629,650,893,333,447,718,797,872,488,977,416,741,671,776,548,809,957,463,806,569,841,835,463,789,888,573,594,357,741,863,440,218,456,775,394,605,701,657,56,633,622,547,650,395,471,157,267,587,393,196,713,701,614,934,1012,880,592,298,262,436,358,826,395,898,722,661,393,426,729,411,520,545,407,269,361,793,258,352,726,612,754,277,740,266,727,812,594,517,307,160,400,343,545
782,441,365,776,636,660,897,336,450,721,796,872,493,978,424,744,673,781,554,815,959,466,808,573,847,836,468,792,890,579,597,358,748,862,443,221,455,780,397,608,709,658,56,637,629,548,655,395,472,160,272,590,396,197,719,704,618,933,1016,886,595,299,265,438,359,829,399,902,728,667,393,427,733,415,523,550,412,272,361,799,259,356,733,615,758,278,743,269,731,815,598,521,308,161,401,343,548
783,444,369,779,637,665,898,338,457,723,798,870,492,984,427,747,677,786,555,818,960,471,812,573,851,839,473,796,892,585,597,359,752,862,447,221,456,781,398,609,713,660,56,638,637,552,658,398,472,159,273,594,401,199,725,707,618,936,1022,892,595,302,266,442,361,835,400,911,731,665,395,428,732,419,526,555,414,277,365,801,260,358,734,620,765,280,745,269,737,818,603,526,311,161,405,344,554
784,450,370,782,641,671,903,337,462,723,800,872,495,989,429,746,678,789,558,820,967,476,819,578,852,843,473,799,892,593,604,361,752,869,446,224,460,785,399,614,714,661,59,643,640,557,657,400,476,163,279,598,402,202,728,709,630,940,1024,893,597,305,266,443,364,838,399,914,732,670,395,429,738,428,527,555,414,282,367,805,259,360,741,625,769,281,752,269,736,816,608,532,312,164,408,343,557
785,455,374,786,647,672,913,345,467,726,803,874,504,985,433,751,684,792,560,820,970,478,826,585,856,846,475,800,897,596,608,362,759,864,447,227,464,791,401,615,714,661,60,647,645,568,659,402,480,165,281,606,405,204,737,714,632,946,1023,898,601,310,267,445,366,842,400,919,729,671,394,433,739,433,532,557,415,283,370,809,259,361,739,628,768,281,757,267,741,818,610,536,312,166,413,344,561
786,457,375,791,648,675,919,347,469,730,808,881,504,987,436,753,691,801,563,820,973,481,832,582,861,849,474,804,902,598,614,366,765,867,450,228,467,800,403,617,714,664,61,655,648,573,662,404,486,167,285,608,407,206,745,721,639,949,1026,898,607,312,266,449,369,844,403,924,740,674,397,435,743,436,535,556,414,287,372,815,261,365,744,629,770,285,769,269,744,821,613,540,316,169,416,347,564
787,460,379,792,650,680,918,353,472,734,813,885,509,986,439,757,698,804,568,827,976,486,835,584,862,856,477,808,910,597,618,368,765,869,453,231,467,806,406,617,714,668,61,657,653,576,670,404,486,169,289,614,413,208,748,723,640,948,1033,902,605,316,268,447,372,849,405,927,743,677,399,438,748,443,538,558,415,288,374,821,261,368,746,632,779,285,773,271,745,826,614,543,315,169,418,347,567
788,466,381,795,653,680,924,357,476,737,816,890,512,995,442,761,702,805,570,833,978,484,836,590,865,857,481,806,916,599,622,369,766,876,457,231,472,813,409,618,723,672,61,663,657,579,673,403,487,170,291,618,418,210,750,731,645,954,1039,904,606,317,271,450,376,849,408,930,744,677,404,440,751,447,540,563,420,288,376,823,262,368,749,636,783,282,777,278,748,826,616,546,320,169,420,348,568
789,469,381,800,652,681,928,356,479,741,817,895,518,998,444,761,707,804,570,838,981,485,840,595,870,863,483,807,921,599,622,371,772,886,459,234,475,818,408,625,725,673,63,666,660,582,680,406,491,171,292,625,420,213,753,733,647,958,1045,909,608,318,271,457,381,851,411,931,751,677,406,442,753,451,543,564,427,290,380,828,267,369,751,637,786,282,778,282,748,831,620,552,323,171,424,352,575
790,470,385,807,651,684,934,359,484,741,820,899,522,998,447,770,711,810,574,839,986,486,842,598,871,862,486,809,920,603,631,373,775,887,463,234,482,822,411,630,732,675,64,670,661,582,687,408,494,173,295,627,424,215,758,736,656,963,1051,909,609,319,275,456,381,854,417,929,755,684,407,448,755,453,543,566,430,293,383,835,268,375,759,640,790,285,780,285,750,840,625,557,326,171,425,354,575
791,474,386,811,656,685,935,359,485,743,823,902,528,998,446,771,715,813,575,842,989,488,843,602,876,868,490,813,923,607,637,374,775,891,466,238,482,826,413,634,738,675,65,674,669,583,689,412,497,172,294,628,421,218,761,737,663,961,1053,911,617,322,277,459,384,858,420,936,756,690,410,451,755,455,544,569,433,292,390,837,269,379,763,646,794,290,784,286,753,845,628,563,327,174,430,356,577
792,480,390,813,664,685,939,359,490,749,826,910,529,998,451,774,717,817,575,845,995,490,844,604,880,873,491,817,921,609,642,380,784,892,466,243,486,830,414,637,744,679,64,673,673,582,692,412,503,173,298,635,425,220,763,743,665,963,1058,912,625,323,278,460,384,859,421,937,757,693,411,455,761,455,551,572,440,296,392,837,274,383,773,651,798,294,784,287,756,850,633,570,329,175,432,359,579
793,484,392,817,664,689,944,360,493,753,831,916,534,1001,454,779,724,822,579,848,996,494,850,606,885,878,489,823,926,609,647,383,789,892,469,242,488,837,419,636,751,683,64,675,675,585,695,416,504,174,301,637,424,220,773,747,669,962,1061,920,627,324,279,463,385,861,424,941,757,697,415,460,760,457,552,576,441,298,399,841,274,388,779,649,799,293,787,288,759,854,637,576,330,175,432,362,582
794,486,393,819,666,696,951,366,495,759,838,917,533,1001,459,780,729,826,583,848,998,494,850,605,896,880,491,823,935,611,648,386,790,895,473,244,491,841,422,647,752,685,64,676,681,588,698,421,503,174,307,645,422,220,775,747,673,964,1063,922,635,327,280,466,389,865,428,943,756,702,416,461,764,460,551,583,444,304,402,846,275,389,784,649,799,293,791,289,759,860,640,578,331,174,437,364,582
795,489,397,824,673,702,951,370,493,764,840,923,534,1008,460,783,732,831,585,849,995,497,852,610,898,880,497,822,935,613,652,389,791,896,478,246,495,845,420,648,753,694,65,682,685,590,704,422,507,174,309,643,422,220,777,747,673,969,1069,926,636,324,281,472,390,870,428,944,756,701,417,464,769,463,556,586,445,304,407,854,276,390,787,656,805,295,789,292,764,861,640,582,332,175,441,367,586
796,492,398,825,675,707,954,372,496,767,838,929,532,1008,460,787,737,831,590,853,996,501,853,611,899,882,495,828,941,617,653,390,796,903,481,247,500,848,424,652,755,695,65,685,688,595,706,425,509,174,310,645,421,222,785,754,676,975,1071,928,642,327,284,474,392,877,432,947,758,708,417,470,769,468,559,591,448,309,412,851,274,393,791,661,808,296,790,295,767,860,642,585,339,178,444,370,586
797,493,402,827,678,712,952,376,499,768,838,932,533,1007,463,794,736,838,594,857,1000,502,855,617,906,883,498,836,948,620,658,390,797,906,487,250,502,853,428,655,756,698,66,683,698,595,708,426,509,177,313,648,426,222,788,759,678,978,1071,930,640,327,287,475,391,881,434,948,758,713,418,472,771,470,563,594,453,308,416,854,274,397,797,664,815,297,792,297,769,865,642,585,341,179,447,369,588
798,496,404,827,680,713,953,375,505,769,839,935,539,1012,464,797,737,839,595,861,1002,503,860,621,906,885,503,841,950,628,663,391,801,908,489,252,505,857,433,660,755,704,67,685,704,599,711,431,511,177,316,650,428,225,794,762,679,984,1074,934,642,329,291,476,395,879,437,947,758,715,422,477,777,476,568,601,455,308,418,859,277,402,800,670,819,303,791,297,776,863,641,586,338,179,450,370,592
799,503,406,832,684,712,963,378,511,772,840,939,543,1010,470,795,738,845,599,861,1007,507,865,622,910,896,507,843,952,631,667,397,806,911,493,253,511,859,434,665,762,707,67,686,706,604,714,435,513,177,318,651,430,229,796,769,677,991,1077,939,642,328,295,475,393,880,438,948,765,719,421,478,781,478,568,605,456,312,421,865,284,404,805,672,823,310,792,298,778,869,646,586,340,181,455,369,593
800,508,409,835,686,713,962,383,512,773,840,944,545,1013,475,801,743,853,599,864,1009,510,870,625,911,901,509,845,959,628,670,400,806,911,494,255,516,862,440,666,759,710,67,691,711,605,716,436,516,179,318,652,431,229,798,770,682,995,1082,945,644,327,295,478,396,883,441,949,767,720,422,482,784,480,569,607,461,312,426,867,284,403,811,674,825,311,796,300,782,872,653,588,341,182,460,368,597
801,511,416,839,689,716,966,385,514,779,843,946,547,1016,479,805,746,854,604,869,1014,513,871,623,919,905,507,845,960,630,675,401,809,918,494,256,520,867,444,666,759,718,67,692,715,608,721,437,519,184,320,659,433,229,797,771,684,996,1079,946,648,328,296,483,400,882,445,952,769,721,425,481,788,487,572,610,465,316,428,873,284,403,814,678,826,311,806,302,781,875,652,589,344,184,463,373,598
802,514,417,848,691,719,972,386,520,784,847,951,550,1021,481,809,749,858,606,868,1019,515,876,626,923,906,509,853,964,635,676,401,807,922,500,257,524,877,445,668,762,725,69,694,715,611,725,442,521,188,320,664,436,232,806,780,685,997,1081,948,654,332,296,487,399,884,450,956,772,723,429,484,789,490,572,615,469,319,430,873,286,406,816,682,828,312,807,303,785,880,655,593,346,183,467,372,604
803,521,416,853,692,724,973,388,522,790,853,962,555,1024,484,811,754,864,607,867,1019,517,881,630,929,910,513,854,965,638,681,403,805,922,503,256,526,884,447,673,766,728,70,700,718,610,728,441,527,190,321,668,437,231,815,782,688,995,1081,953,661,334,296,492,402,886,456,963,774,721,434,486,789,490,575,617,471,323,434,877,289,408,822,686,831,315,808,307,792,879,660,596,350,184,467,375,611
804,523,417,858,694,724,974,390,525,791,858,968,562,1024,489,816,757,868,609,864,1022,519,882,633,934,912,517,859,969,638,687,409,810,921,505,261,530,886,450,678,774,733,72,706,719,613,730,445,533,188,325,672,438,231,815,787,692,999,1084,955,664,336,298,493,407,889,461,963,778,725,439,485,795,493,577,619,472,326,436,880,290,414,826,689,840,316,812,311,794,882,665,599,352,185,468,378,612
805,528,418,863,694,725,975,387,531,793,859,969,564,1026,491,819,759,871,614,872,1023,522,892,633,936,912,519,863,971,641,691,410,814,922,508,266,534,895,453,681,780,737,73,706,719,621,734,447,533,191,326,679,444,233,817,788,691,1003,1087,961,664,336,299,494,411,893,464,965,783,723,446,484,797,503,580,623,476,326,440,885,291,416,828,693,838,319,816,312,800,883,668,601,358,188,471,380,617
806,529,421,867,698,731,981,386,541,793,862,970,567,1030,494,818,765,873,613,877,1030,524,897,637,945,912,523,869,969,645,695,413,819,920,507,272,536,892,454,683,785,743,75,705,721,620,739,448,535,192,326,685,448,234,817,791,694,1008,1089,963,666,340,298,498,414,896,466,968,787,720,450,485,801,504,584,625,474,328,443,886,294,418,836,699,843,319,817,314,799,889,672,609,362,190,475,384,618
807,531,424,866,702,733,983,388,545,797,868,972,573,1031,493,824,772,876,618,876,1031,526,903,639,946,915,525,874,973,650,700,414,823,924,509,276,540,893,459,688,790,745,75,707,724,625,741,452,537,193,329,689,452,235,822,795,698,1015,1088,966,671,342,298,500,419,898,468,971,793,725,457,491,806,508,588,628,476,330,446,888,296,421,840,705,850,317,821,316,802,892,678,611,363,194,473,388,623
808,534,424,870,708,736,984,393,548,801,872,979,574,1032,498,827,773,875,622,880,1031,530,905,640,951,919,527,879,980,656,705,417,831,927,511,279,543,897,459,696,794,748,76,709,732,623,747,454,539,195,330,694,455,240,827,798,697,1020,1092,967,676,347,298,507,424,900,472,972,794,730,458,491,810,508,591,634,479,333,448,888,300,425,844,710,852,318,820,318,802,896,679,614,367,193,479,390,629
809,535,427,873,711,739,984,392,550,803,879,981,576,1032,500,827,774,882,626,884,1037,532,908,647,955,920,529,885,984,658,712,423,835,933,516,280,547,898,463,699,795,751,78,715,734,626,752,458,540,195,331,696,458,242,826,803,697,1022,1095,965,680,348,307,510,424,901,472,977,799,731,459,491,819,509,592,637,481,333,446,890,301,431,844,711,860,320,823,320,808,899,682,622,368,192,479,393,634
810,538,432,875,722,745,982,395,553,803,882,982,578,1037,507,837,776,885,632,889,1043,534,914,650,957,925,530,884,987,659,717,424,837,935,520,281,549,902,465,705,792,756,78,720,735,624,753,458,542,197,335,698,459,245,829,807,698,1026,1096,967,684,348,308,512,426,905,477,981,802,732,465,496,822,509,591,646,487,336,450,894,302,434,853,716,865,320,824,322,810,898,686,625,370,194,479,396,636
811,540,434,876,728,749,985,394,552,807,881,986,580,1039,512,840,781,893,633,893,1044,537,918,653,959,928,534,881,994,664,720,425,842,935,523,282,554,904,465,709,791,761,77,723,738,627,752,458,544,198,336,704,459,247,832,809,700,1026,1095,969,687,347,311,517,431,908,477,985,815,732,468,499,824,511,590,653,489,340,453,895,302,436,857,719,867,327,828,324,818,901,691,631,372,196,480,398,643
812,545,438,879,733,749,993,397,554,812,885,992,579,1047,514,840,785,901,637,898,1050,538,922,654,960,933,540,884,994,667,724,429,842,939,527,283,555,905,470,711,795,766,77,720,744,627,759,462,550,198,335,710,462,246,834,807,700,1030,1096,971,695,351,313,522,437,911,478,985,815,736,471,500,829,514,590,653,490,342,458,901,302,439,865,722,868,328,829,328,821,904,692,637,370,197,483,399,647
813,548,438,885,739,754,994,399,562,815,885,995,585,1050,518,845,786,905,638,902,1049,539,927,656,965,936,542,883,997,671,726,434,848,945,528,284,562,907,473,716,797,772,79,730,747,629,761,465,551,198,338,712,463,249,834,812,706,1029,1099,972,700,353,315,521,439,910,480,985,819,737,473,504,827,515,593,655,493,345,460,902,302,440,869,724,874,328,832,328,823,904,696,637,373,195,486,402,652
814,549,439,891,743,753,999,402,567,818,886,1002,593,1053,524,846,785,909,640,906,1051,542,929,659,969,939,542,886,1000,674,733,436,852,948,534,283,566,918,476,719,799,778,79,731,751,633,761,467,558,201,342,718,468,249,838,813,711,1033,1106,974,703,355,316,525,444,912,481,988,824,740,479,504,828,522,597,655,495,347,462,901,303,441,875,726,877,330,835,330,825,904,704,641,378,197,496,403,660
815,553,441,896,745,759,1001,406,569,818,887,1005,599,1056,523,848,784,911,642,905,1052,547,931,662,975,941,544,893,1002,674,737,437,853,954,534,284,564,922,475,720,803,785,79,735,753,633,763,471,568,203,343,717,472,251,839,818,715,1036,1109,974,710,357,316,531,449,914,484,985,832,741,480,508,833,525,601,659,494,346,468,903,303,443,883,729,882,328,843,332,829,910,710,645,383,198,500,402,660
816,559,444,902,746,761,1005,410,572,819,889,1009,601,1061,526,850,788,914,644,909,1053,551,931,665,979,944,546,896,1002,679,740,441,854,957,535,285,567,927,480,728,808,788,81,738,754,633,767,472,571,203,343,721,477,251,839,821,719,1042,1112,977,715,358,317,528,447,918,485,990,832,749,481,513,834,527,605,662,497,349,468,905,303,446,886,735,890,333,845,335,831,916,716,650,388,200,503,403,659
817,563,447,905,751,765,1008,407,573,824,891,1008,602,1059,530,854,793,917,655,911,1058,557,935,669,982,948,548,899,1008,682,742,443,865,956,540,285,568,932,484,733,812,791,84,739,749,639,768,474,570,205,345,723,477,253,844,825,725,1041,1117,978,720,361,319,534,449,920,489,988,836,750,483,513,840,531,611,663,499,350,473,910,305,447,888,741,894,335,848,335,835,918,716,655,391,201,505,405,663
818,570,446,909,749,770,1013,407,580,826,893,1017,603,1062,531,859,794,917,660,913,1056,562,941,674,991,950,551,906,1012,682,747,444,867,959,549,286,573,933,488,734,813,795,84,742,747,646,776,477,574,205,347,730,481,257,846,832,728,1046,1116,979,716,367,318,539,452,924,493,990,840,752,491,516,843,538,613,673,501,352,483,916,306,454,892,746,897,338,850,336,838,922,719,661,390,204,511,408,664
819,573,447,911,753,778,1018,412,586,831,896,1018,612,1063,536,860,797,919,660,912,1055,565,941,670,997,955,553,907,1012,684,751,444,869,959,552,287,576,932,492,739,816,801,86,743,753,651,774,481,577,207,348,731,486,259,852,833,730,1046,1120,983,721,369,326,546,457,932,493,994,843,755,492,520,848,543,618,676,503,353,490,919,307,459,898,747,902,339,852,340,841,924,719,663,393,205,512,412,667
820,573,448,910,757,784,1017,418,585,832,894,1017,615,1065,536,867,798,926,666,911,1059,568,944,671,999,962,557,910,1014,693,752,444,873,961,555,289,582,933,495,744,820,802,87,742,755,655,775,481,580,208,348,734,491,262,860,835,736,1046,1125,985,729,369,330,551,458,936,499,1000,845,755,494,522,848,546,622,682,505,351,492,922,308,459,898,752,910,340,858,341,844,925,720,671,395,207,512,419,675
821,577,448,913,760,792,1019,421,585,838,898,1017,618,1075,538,872,797,929,670,916,1059,573,945,672,1004,968,562,908,1018,698,757,450,879,966,557,289,585,935,498,752,822,807,86,745,762,658,780,485,582,211,351,740,495,264,866,839,739,1049,1133,986,732,374,332,555,461,943,505,1000,848,760,494,528,857,553,624,687,511,353,495,928,309,461,899,753,910,343,857,344,846,930,724,675,396,210,517,416,683
822,583,454,915,765,792,1020,425,589,842,901,1022,618,1078,545,877,797,930,680,917,1062,576,949,676,1005,973,563,915,1018,705,756,454,882,967,559,289,586,936,501,760,825,806,86,742,764,663,786,488,586,213,355,746,497,267,869,843,747,1049,1136,992,735,380,336,557,462,947,512,1002,852,762,493,531,864,557,630,686,515,356,501,929,310,464,901,757,915,346,859,345,851,933,729,678,402,213,520,419,688
823,587,457,917,768,792,1020,434,594,844,909,1027,620,1082,548,881,799,932,680,923,1067,575,949,678,1006,977,568,918,1019,708,756,461,888,974,558,289,591,938,505,762,829,808,87,745,770,666,790,490,589,216,360,748,501,269,873,846,746,1052,1133,994,740,384,337,563,465,949,515,1006,857,766,495,536,869,556,630,691,515,358,501,934,313,466,902,758,916,347,861,345,852,936,731,684,402,216,521,421,688
824,590,457,918,769,798,1020,439,595,853,912,1030,625,1083,549,885,804,932,683,930,1068,582,953,678,1009,984,570,921,1021,712,756,463,891,973,564,292,591,933,507,761,835,807,90,752,775,667,791,493,589,218,365,746,504,272,875,849,749,1057,1137,996,740,384,340,566,470,955,516,1005,861,770,500,540,870,560,634,699,518,358,506,938,318,470,911,765,913,348,864,346,853,937,732,685,404,220,525,424,689
825,591,458,919,771,806,1024,445,597,853,911,1036,624,1081,553,889,806,935,686,935,1075,582,954,680,1011,985,572,925,1028,713,759,465,892,972,564,298,594,942,508,767,832,811,90,762,778,671,792,494,589,218,368,753,507,271,878,854,752,1060,1134,995,736,385,341,573,473,960,523,1010,862,773,500,547,875,565,634,706,517,360,507,939,320,472,921,767,914,352,870,345,854,939,733,682,406,220,527,428,692
826,591,459,923,774,806,1028,451,603,856,915,1038,631,1081,557,887,808,940,690,940,1082,583,959,679,1010,989,577,927,1031,716,762,464,895,973,569,302,597,948,510,765,830,816,91,766,779,671,794,496,593,219,372,759,507,273,885,856,752,1060,1131,993,740,389,344,576,475,959,523,1012,862,774,506,554,877,566,639,710,523,365,514,942,322,474,925,767,915,353,874,347,855,944,737,687,407,222,531,432,696
827,592,458,927,777,810,1032,452,606,863,917,1041,634,1083,559,890,806,942,693,943,1085,585,962,683,1013,993,579,931,1029,716,765,466,899,979,575,303,606,951,513,767,833,815,92,765,776,673,797,500,595,220,372,760,507,274,888,860,758,1061,1133,999,742,392,347,577,476,959,528,1016,869,780,510,557,878,568,642,711,532,369,516,945,321,474,927,772,919,357,874,350,855,947,743,692,409,223,535,433,698
828,591,461,931,779,812,1035,453,611,867,921,1047,642,1084,563,892,810,944,698,945,1091,584,965,685,1011,995,583,935,1030,718,767,471,900,981,577,306,610,955,514,771,838,815,97,768,779,673,795,508,599,217,373,764,508,276,891,861,759,1061,1136,997,745,400,350,578,479,960,529,1014,875,780,512,562,877,569,646,713,530,373,522,950,321,474,931,774,919,359,878,350,861,950,744,693,408,224,534,436,699
829,592,463,931,779,817,1037,459,615,868,919,1049,643,1082,567,898,811,943,703,951,1091,587,965,687,1015,998,582,938,1033,720,771,473,902,985,577,307,613,957,517,771,845,822,98,770,782,681,800,508,601,217,375,764,511,278,892,867,764,1067,1130,999,747,406,350,582,481,961,527,1019,880,782,518,565,883,569,645,714,533,375,529,947,324,478,930,777,917,364,880,353,866,954,755,695,412,227,537,438,700
830,592,467,932,784,821,1044,462,619,870,920,1049,642,1083,568,903,811,949,705,953,1095,588,972,694,1021,998,587,941,1034,726,775,476,902,986,580,309,615,958,516,774,849,823,98,775,784,686,803,510,599,220,378,765,512,280,892,873,770,1072,1133,1002,751,409,354,584,484,960,529,1024,886,786,525,566,888,576,644,716,533,379,532,950,327,481,934,780,923,369,885,352,874,958,752,698,413,231,546,439,704
831,599,470,934,794,825,1046,464,622,877,921,1047,644,1084,570,906,815,952,710,955,1098,591,973,696,1023,1006,591,942,1034,729,781,481,902,986,579,310,619,960,516,774,850,824,99,781,786,689,805,512,598,221,377,764,511,280,895,879,773,1074,1130,1004,756,412,355,585,483,959,532,1025,888,789,529,569,891,581,650,718,541,380,534,957,329,485,935,786,923,369,885,356,876,959,757,704,412,232,547,441,708
832,599,472,935,800,826,1050,467,628,877,921,1051,643,1089,574,908,814,958,711,953,1099,592,976,699,1028,1009,593,942,1038,728,787,484,905,986,580,311,619,958,515,779,848,824,99,783,789,690,804,514,601,221,379,764,512,285,898,886,781,1077,1134,1005,757,414,356,586,484,964,532,1027,889,788,531,570,893,584,652,720,545,390,534,964,330,491,937,786,922,374,885,360,882,959,761,708,420,232,550,446,713
833,600,474,939,804,829,1053,470,629,881,924,1055,646,1089,575,912,815,961,712,957,1103,591,983,702,1032,1006,596,945,1038,728,786,484,908,994,582,314,626,965,516,786,852,827,98,784,790,693,812,518,603,224,380,764,512,283,901,887,783,1079,1135,1008,759,415,356,587,485,967,536,1032,890,792,531,570,893,588,653,726,550,392,537,968,332,490,946,788,923,375,888,362,884,964,769,712,422,231,554,450,717
834,602,478,941,810,837,1054,470,634,884,927,1058,649,1096,575,913,814,964,714,961,1111,599,986,702,1034,1011,599,950,1037,727,789,483,912,997,585,316,627,971,522,790,856,830,100,784,794,698,817,521,607,225,380,768,517,285,905,895,785,1081,1133,1005,761,414,353,588,485,968,538,1036,894,792,531,573,898,588,657,732,550,394,537,971,332,490,951,792,922,377,894,365,883,967,771,717,424,232,558,453,717
835,611,480,942,816,838,1059,475,637,885,931,1060,652,1098,582,916,817,964,718,968,1114,601,988,704,1039,1013,602,953,1046,732,793,482,912,1001,587,317,633,977,522,794,858,831,101,792,797,698,816,522,611,227,383,771,519,287,904,901,784,1084,1134,1008,762,417,357,591,486,966,541,1035,897,792,531,577,897,593,658,731,553,395,538,975,335,492,954,793,925,379,897,367,885,972,775,721,423,235,560,453,718
836,614,485,938,818,841,1059,480,636,883,936,1063,657,1101,583,916,815,967,721,972,1112,607,996,708,1041,1016,607,956,1047,737,796,483,917,1007,587,320,637,980,521,797,862,837,102,796,801,701,818,523,613,229,385,775,520,289,904,908,787,1084,1136,1010,768,419,362,593,490,969,545,1036,899,795,533,583,900,597,665,733,555,399,542,980,338,498,957,802,927,382,903,365,890,973,777,720,430,237,566,455,724
837,618,487,940,821,844,1061,483,637,885,935,1069,661,1105,584,917,817,970,720,972,1114,612,998,714,1046,1016,609,955,1053,740,797,488,917,1011,589,319,644,981,523,803,862,841,104,797,806,707,819,524,611,230,385,780,523,289,910,912,788,1086,1139,1010,772,428,363,599,497,973,549,1038,898,801,538,587,906,600,669,737,558,401,545,983,340,500,961,805,937,382,903,368,889,978,777,724,431,239,574,459,726
838,621,488,943,827,848,1064,487,637,884,936,1074,667,1106,584,922,818,974,725,974,1120,619,996,720,1053,1018,612,959,1057,744,798,490,921,1013,595,321,647,980,529,805,863,844,105,801,808,708,827,526,614,231,388,785,526,291,913,916,790,1090,1139,1012,772,428,369,604,499,979,552,1043,900,808,541,586,910,600,671,741,560,403,549,987,341,502,963,809,938,384,906,369,893,980,778,727,435,243,579,464,733
839,624,490,945,828,852,1069,487,642,886,942,1075,667,1113,591,926,822,974,724,976,1128,621,998,725,1061,1018,613,959,1062,748,802,494,923,1019,600,322,647,982,531,803,870,846,106,802,810,711,831,529,614,231,386,790,530,295,917,922,792,1085,1137,1012,778,429,373,607,502,983,554,1041,903,811,543,592,911,603,675,746,565,407,554,985,342,504,963,810,940,385,907,374,901,982,783,727,435,246,583,471,734
840,623,493,942,831,853,1072,489,645,892,946,1077,668,1121,591,925,821,976,730,980,1130,626,1001,726,1063,1019,614,961,1065,748,803,496,931,1016,605,323,647,982,532,804,870,848,108,810,814,717,834,528,615,232,392,793,532,296,919,922,798,1094,1140,1017,784,430,374,609,505,985,554,1047,908,808,546,593,911,603,680,751,567,411,558,984,343,507,971,813,944,390,904,380,908,980,790,729,435,246,586,473,741
841,626,497,939,831,858,1079,497,646,897,950,1079,670,1126,593,929,825,977,736,990,1137,628,998,727,1066,1019,617,966,1069,755,811,498,937,1012,605,323,647,980,531,804,873,855,109,808,815,718,838,531,620,233,398,795,531,300,925,929,797,1099,1143,1014,788,431,375,616,508,985,557,1051,912,812,551,594,914,606,679,750,569,411,559,988,346,507,976,816,947,394,912,382,910,982,791,734,437,248,587,474,748
842,630,496,941,833,862,1085,498,648,899,952,1084,670,1127,599,932,831,983,738,993,1143,632,1004,729,1069,1019,619,969,1069,760,812,505,938,1017,609,322,646,981,535,807,874,860,112,806,817,722,837,532,624,234,401,796,533,302,930,933,801,1098,1142,1017,789,432,376,615,510,987,563,1054,915,815,554,596,918,610,682,753,572,411,564,995,347,515,978,817,949,400,913,383,912,986,794,736,444,251,588,481,750
843,632,497,942,837,868,1090,499,655,905,951,1083,676,1133,598,939,833,985,743,995,1142,639,1010,736,1072,1021,617,968,1073,763,812,508,939,1017,613,325,650,986,536,811,876,858,114,807,821,726,841,529,624,235,402,793,536,305,934,934,802,1099,1142,1020,795,433,379,616,514,986,564,1056,919,822,552,601,925,610,690,755,574,414,567,1002,347,516,976,821,950,400,916,386,915,988,796,742,445,253,590,484,752
844,633,498,943,840,870,1091,502,659,903,957,1085,680,1133,601,944,837,988,749,999,1143,642,1015,735,1072,1025,618,969,1077,769,816,509,941,1023,616,325,654,988,541,816,883,863,115,810,825,731,844,532,631,239,402,796,539,307,941,935,812,1099,1142,1022,796,435,380,617,517,992,567,1059,919,826,557,605,930,611,693,756,579,417,569,1004,348,519,977,822,954,402,920,389,919,992,796,746,448,254,589,488,755
845,634,497,944,841,876,1089,503,662,906,956,1090,681,1137,602,950,844,996,748,999,1145,646,1020,738,1072,1030,624,970,1084,769,818,509,949,1025,620,327,657,989,544,821,888,864,116,811,827,734,847,534,634,241,403,799,542,311,940,935,815,1102,1143,1027,798,439,380,623,522,995,574,1061,924,833,559,606,928,613,697,755,578,420,569,1002,350,516,980,826,956,404,924,394,926,990,800,748,450,255,592,495,758
846,636,497,944,842,880,1093,507,666,909,956,1100,684,1140,603,952,849,1001,749,1000,1146,650,1028,743,1075,1030,624,976,1086,772,822,511,958,1027,620,328,655,996,547,822,890,867,116,812,829,737,849,541,637,242,406,800,542,314,949,939,814,1107,1144,1034,802,438,383,628,528,999,575,1063,925,837,565,608,927,613,698,754,579,423,567,1005,356,518,983,828,958,407,927,398,926,990,804,750,453,259,595,494,760
847,638,497,947,850,884,1095,514,671,910,957,1106,684,1142,605,953,849,1003,751,1005,1148,650,1035,746,1076,1036,625,978,1090,774,828,514,964,1034,627,332,654,997,543,824,895,869,115,814,832,742,847,540,642,246,409,804,544,314,949,942,815,1107,1142,1038,805,443,384,629,529,1005,575,1065,926,841,566,613,929,616,699,759,580,426,568,1011,357,521,988,831,960,408,928,398,927,993,811,749,455,263,594,497,762
848,640,501,948,851,888,1099,517,673,913,959,1114,686,1146,613,955,852,1005,757,1002,1154,654,1043,749,1082,1037,628,981,1094,773,832,515,969,1034,627,335,659,1002,546,825,893,871,117,816,838,747,851,544,645,248,414,808,550,316,952,945,820,1110,1145,1042,805,445,387,627,534,1009,575,1067,934,844,571,622,936,621,704,763,582,430,571,1014,358,522,987,832,967,409,928,399,926,997,811,749,457,265,596,498,768
849,646,505,951,853,891,1101,520,678,915,957,1115,689,1152,614,955,855,1011,757,1004,1152,656,1050,750,1084,1041,626,983,1096,773,837,517,975,1035,629,336,662,1003,553,826,895,874,118,823,840,749,856,550,645,252,418,812,554,318,954,944,825,1108,1144,1051,806,447,388,635,535,1009,575,1075,938,844,574,627,939,619,706,768,583,432,572,1016,361,527,991,831,972,410,932,402,928,999,813,750,461,267,597,502,768
850,652,508,955,856,894,1101,527,682,919,961,1120,690,1156,617,958,857,1018,762,1006,1155,657,1051,754,1083,1044,625,984,1102,782,840,519,983,1043,632,336,667,1003,556,828,901,877,119,824,840,751,856,554,650,253,420,813,558,321,954,945,830,1112,1145,1054,812,449,392,635,541,1016,582,1079,939,848,577,628,940,621,708,772,585,434,577,1019,365,528,997,832,976,413,932,407,934,1001,816,757,464,269,598,504,771
851,653,510,959,859,896,1102,528,685,925,964,1120,691,1156,618,959,862,1020,767,1005,1155,658,1052,758,1083,1042,625,987,1107,783,841,526,986,1051,634,338,666,1005,561,833,899,876,120,827,840,755,862,559,654,257,424,814,564,328,962,946,833,1112,1146,1052,811,453,401,640,539,1020,590,1084,941,850,573,629,935,625,712,773,586,433,581,1021,367,529,996,834,976,414,933,408,935,1005,815,758,466,271,598,508,775
852,657,510,963,863,900,1104,531,688,927,966,1127,690,1158,616,964,863,1025,769,1012,1157,663,1054,759,1086,1051,633,987,1109,784,850,532,993,1056,637,338,671,1011,563,835,898,881,121,831,843,757,864,561,658,261,427,817,572,328,965,954,834,1116,1148,1052,811,455,406,645,540,1022,595,1085,945,857,574,632,934,628,715,777,587,436,585,1026,366,534,997,840,977,413,936,408,936,1012,819,762,465,272,600,509,777
853,661,511,965,863,904,1102,530,690,933,969,1128,694,1160,618,966,868,1031,770,1013,1158,667,1056,761,1089,1049,631,987,1110,787,851,535,994,1058,643,338,672,1012,569,837,903,884,122,831,848,763,869,563,660,266,429,820,576,329,963,959,836,1118,1158,1051,815,457,407,648,541,1022,598,1086,942,863,578,636,936,629,716,775,591,445,587,1024,366,536,1000,846,980,418,939,411,940,1015,818,767,466,274,601,509,781
854,664,513,969,862,908,1110,532,692,939,971,1130,700,1162,619,970,871,1034,770,1013,1155,673,1059,765,1087,1054,634,994,1113,786,850,542,997,1055,645,342,674,1012,569,843,906,886,122,835,851,766,872,565,661,268,434,828,578,331,963,962,840,1122,1159,1051,819,464,413,653,546,1024,603,1092,943,867,580,640,934,632,720,777,597,448,587,1025,368,539,1008,849,983,424,939,413,941,1018,821,773,467,273,606,509,785
855,663,515,972,863,910,1114,534,696,939,978,1128,707,1160,623,972,872,1036,774,1014,1161,675,1059,766,1089,1055,637,1001,1119,784,854,545,1003,1057,647,347,675,1014,572,847,910,891,122,832,853,769,871,567,668,269,433,828,582,332,964,963,842,1127,1161,1058,822,467,415,658,547,1023,608,1091,939,868,578,640,936,634,724,781,599,453,585,1025,370,543,1009,853,989,423,942,418,942,1022,823,780,467,274,614,514,789
856,660,518,970,869,915,1120,535,697,941,980,1130,706,1164,625,971,877,1040,776,1015,1163,675,1059,769,1087,1057,638,1009,1123,785,855,547,1010,1058,653,348,679,1013,573,846,917,894,122,836,854,769,873,572,673,271,430,833,585,334,965,963,848,1129,1159,1060,824,474,417,659,550,1028,613,1091,941,872,584,640,939,638,727,782,600,455,585,1026,372,549,1011,853,991,425,947,423,942,1022,821,785,471,272,615,516,790
857,660,518,974,870,915,1125,537,702,938,984,1135,708,1166,625,971,881,1043,780,1015,1165,680,1059,772,1092,1059,642,1011,1127,785,855,550,1012,1060,655,352,686,1016,574,843,921,894,123,836,855,769,880,579,675,270,430,840,584,334,967,965,854,1134,1158,1062,826,476,418,659,551,1034,615,1097,945,873,585,644,941,639,731,783,605,456,587,1026,372,551,1019,855,996,430,950,425,948,1024,828,788,469,277,620,520,794
858,665,518,974,871,918,1122,540,701,944,985,1135,714,1164,629,973,881,1046,786,1014,1165,685,1061,772,1094,1060,647,1009,1132,787,860,556,1015,1063,654,352,690,1019,577,847,920,894,127,836,858,773,881,582,680,271,431,846,591,337,970,969,855,1137,1159,1064,829,478,418,659,554,1039,623,1099,949,875,588,646,944,640,734,782,606,458,593,1027,370,551,1022,858,1003,433,955,432,947,1027,837,791,468,280,625,522,797
859,669,516,974,873,917,1129,541,698,947,986,1135,715,1165,635,976,884,1045,784,1016,1169,685,1063,773,1096,1064,648,1016,1130,791,866,559,1022,1063,655,353,691,1021,581,851,923,896,129,841,855,775,879,582,682,274,433,853,596,339,972,967,858,1139,1159,1066,833,481,421,663,552,1044,623,1100,956,881,591,648,947,643,739,784,609,462,598,1030,369,552,1023,860,1004,437,959,433,947,1031,837,793,472,281,627,529,798
860,672,523,976,876,914,1131,544,704,951,984,1135,716,1165,636,976,888,1043,790,1019,1174,690,1064,775,1100,1067,650,1017,1131,789,869,565,1030,1066,656,353,694,1017,585,854,924,897,129,841,859,776,882,584,681,275,438,857,592,340,972,964,866,1143,1159,1071,835,482,424,665,560,1046,629,1104,960,878,592,652,943,643,744,787,609,463,600,1032,373,557,1026,865,1006,437,961,434,950,1038,839,793,473,284,633,536,802
861,675,520,981,879,916,1131,546,706,956,986,1142,720,1168,638,974,891,1046,788,1021,1176,687,1066,776,1102,1070,653,1019,1135,799,870,566,1035,1065,659,355,698,1019,586,857,926,904,132,841,861,780,882,582,685,276,440,853,596,339,977,962,871,1149,1160,1073,834,486,425,663,562,1052,629,1106,963,880,595,651,945,645,749,795,610,466,605,1034,374,556,1025,866,1017,440,967,438,950,1041,842,795,475,288,633,538,809
862,684,520,984,888,917,1129,542,705,965,984,1141,726,1169,640,976,892,1049,792,1022,1179,694,1069,777,1102,1073,653,1023,1130,803,869,571,1037,1066,660,357,700,1020,587,861,932,901,134,844,871,783,885,581,689,276,441,856,600,340,979,963,875,1148,1160,1075,840,491,426,672,566,1050,635,1107,967,885,597,649,948,650,748,797,616,466,608,1035,377,559,1028,868,1019,443,971,438,953,1045,843,794,476,288,636,541,814
863,688,518,985,891,920,1134,543,708,969,985,1144,730,1170,642,979,888,1049,796,1027,1178,692,1075,778,1103,1075,657,1027,1135,801,869,572,1038,1068,658,362,701,1022,591,859,933,901,139,849,875,786,892,582,689,280,440,858,600,342,983,970,879,1154,1162,1074,844,490,428,676,566,1050,639,1108,967,885,600,652,955,650,752,800,620,468,609,1034,380,562,1032,873,1022,443,975,438,957,1054,845,801,476,289,641,546,813
864,692,520,986,894,927,1136,544,708,969,987,1144,737,1170,642,985,897,1055,799,1024,1181,692,1080,778,1102,1075,660,1030,1135,805,873,573,1038,1068,659,360,705,1023,593,860,936,901,143,850,876,787,893,582,694,284,443,857,599,347,986,973,884,1154,1157,1077,849,493,433,676,567,1052,646,1114,969,885,599,656,953,651,753,808,624,475,611,1035,381,564,1032,873,1025,447,982,438,961,1060,846,803,479,288,643,546,818
865,695,524,994,894,931,1134,546,714,970,989,1140,736,1170,649,984,901,1059,800,1027,1187,697,1088,780,1112,1082,665,1034,1137,805,878,574,1039,1070,664,361,707,1027,595,862,935,907,144,854,878,788,895,584,696,283,445,859,603,347,992,975,886,1158,1159,1082,850,499,433,676,569,1052,644,1118,971,886,598,658,958,654,753,810,627,479,613,1036,386,571,1036,870,1026,450,982,441,965,1064,847,808,485,289,645,551,829
866,698,529,994,894,932,1136,548,713,974,989,1144,738,1167,657,987,903,1060,802,1028,1189,701,1088,786,1113,1083,667,1038,1138,807,880,577,1043,1072,667,363,709,1026,598,862,933,909,145,855,880,792,897,588,698,283,446,862,608,349,995,978,887,1162,1166,1081,855,501,438,677,571,1053,648,1123,973,889,601,661,958,656,758,811,631,482,614,1034,388,575,1036,872,1035,450,988,443,970,1067,847,809,488,294,649,550,834
867,701,534,1000,893,932,1133,548,717,974,991,1142,742,1164,660,989,906,1058,807,1032,1193,700,1086,790,1116,1082,669,1035,1139,811,882,576,1046,1067,671,365,714,1027,601,860,944,911,146,861,885,793,902,592,701,284,447,867,613,351,998,984,889,1169,1170,1085,855,506,440,677,576,1058,651,1131,976,889,604,663,965,654,761,816,635,484,619,1036,389,577,1038,873,1037,454,985,444,972,1068,849,817,491,298,651,551,836
868,703,534,1004,893,935,1135,551,718,977,991,1144,745,1170,665,992,904,1062,809,1030,1192,705,1090,791,1117,1081,668,1033,1143,812,889,580,1048,1073,671,366,716,1032,605,860,943,915,149,862,884,794,905,595,700,285,448,868,616,353,995,988,889,1165,1168,1088,857,508,443,674,576,1057,655,1134,976,891,604,665,967,657,764,821,636,488,621,1038,392,579,1043,875,1038,456,984,446,976,1066,852,814,496,298,651,557,837
869,699,538,1003,895,931,1134,555,721,980,992,1143,752,1171,667,992,906,1066,813,1033,1194,711,1095,794,1120,1081,671,1039,1142,815,891,585,1047,1076,676,365,720,1036,607,857,950,916,152,863,884,800,905,598,701,286,450,873,620,356,998,990,892,1166,1168,1096,862,514,446,677,576,1062,655,1133,974,892,608,669,966,661,763,824,636,491,625,1040,393,585,1049,880,1040,454,987,448,983,1067,860,822,499,299,657,560,841
870,700,541,1007,898,933,1137,556,722,987,991,1144,754,1173,671,992,909,1069,814,1038,1198,711,1099,796,1120,1084,675,1042,1146,816,894,587,1053,1078,682,368,722,1037,609,860,950,921,154,865,889,801,907,599,706,289,456,878,622,360,1005,991,889,1167,1167,1097,862,516,448,687,578,1063,657,1135,973,898,614,670,972,664,767,828,638,493,625,1042,394,586,1051,877,1040,459,991,456,986,1072,861,824,500,298,661,562,842
871,705,545,1011,899,938,1138,556,721,989,988,1142,756,1175,672,999,911,1070,820,1040,1199,713,1100,801,1119,1086,680,1041,1143,818,898,589,1054,1076,683,370,724,1039,611,862,951,923,155,865,887,802,911,600,710,292,457,879,622,363,1006,993,893,1169,1167,1096,866,516,448,693,580,1065,661,1140,976,900,616,673,974,669,766,832,638,493,627,1044,395,589,1057,879,1044,463,990,464,988,1072,863,827,503,302,660,565,841
872,706,546,1014,899,940,1132,555,724,992,990,1146,758,1183,674,1001,912,1070,824,1041,1199,715,1104,803,1125,1087,684,1044,1145,824,903,594,1060,1079,682,375,721,1040,613,866,953,927,157,866,891,803,917,605,710,292,460,879,624,364,1007,991,893,1175,1167,1093,869,518,448,695,580,1076,662,1143,975,901,617,681,972,671,767,835,643,492,630,1043,395,590,1061,876,1048,464,994,465,989,1074,860,827,504,305,668,566,845
873,705,547,1015,899,942,1132,558,726,990,996,1144,756,1182,675,1006,914,1071,825,1044,1201,718,1104,807,1124,1089,688,1045,1139,830,903,596,1065,1078,684,377,719,1041,617,866,955,930,158,864,894,808,921,606,715,296,467,877,624,365,1013,991,894,1175,1168,1095,875,521,449,694,584,1076,665,1146,980,902,623,686,975,675,771,835,643,497,633,1043,395,590,1063,878,1050,470,998,466,990,1078,862,827,507,307,672,567,845
874,706,550,1019,904,945,1130,558,729,993,997,1145,758,1183,673,1007,916,1072,830,1047,1204,718,1103,811,1125,1097,691,1043,1141,833,908,598,1069,1076,683,381,718,1042,621,874,957,936,160,865,894,813,925,609,717,298,466,880,620,364,1014,993,895,1180,1170,1094,876,525,453,696,588,1078,666,1146,983,906,626,691,979,678,773,838,643,499,634,1045,396,599,1063,879,1051,474,1003,466,990,1079,858,830,510,307,675,569,845
875,706,554,1022,904,946,1131,562,731,999,998,1148,758,1186,676,1008,921,1074,831,1051,1204,716,1100,816,1124,1100,694,1048,1144,839,911,599,1066,1077,682,381,718,1047,627,876,957,939,161,867,894,817,926,610,716,298,469,885,623,363,1017,993,903,1180,1172,1093,876,529,458,698,592,1079,670,1149,984,913,627,695,981,680,774,840,643,502,635,1047,400,606,1068,882,1048,478,1002,468,995,1083,855,832,508,312,679,570,847
876,704,556,1021,910,949,1134,565,736,1001,1002,1155,759,1191,678,1010,926,1074,835,1048,1204,717,1103,815,1119,1105,699,1047,1148,840,915,602,1068,1077,684,384,719,1048,631,879,959,941,161,870,896,820,926,614,720,301,473,891,625,364,1017,991,912,1179,1173,1098,880,531,459,699,598,1083,670,1149,989,912,629,698,984,679,773,845,645,503,643,1048,401,611,1072,882,1048,478,1002,470,996,1084,858,831,511,313,686,576,848
877,705,556,1020,909,951,1134,569,739,1005,1003,1155,767,1201,677,1011,924,1083,835,1054,1203,718,1101,816,1119,1106,701,1048,1149,842,913,604,1068,1085,687,384,717,1048,633,879,959,940,164,872,897,822,932,614,721,306,475,896,625,363,1019,992,914,1181,1174,1100,883,534,459,702,600,1085,670,1154,991,918,628,704,990,679,775,847,649,507,645,1049,402,612,1071,882,1050,478,1002,474,999,1086,857,834,514,314,691,577,851
878,706,559,1017,909,958,1134,571,742,1005,1006,1156,771,1199,680,1013,926,1085,835,1056,1203,724,1105,816,1116,1111,707,1051,1150,847,913,608,1076,1086,688,385,720,1051,637,881,961,940,166,873,900,822,935,621,724,305,477,898,629,365,1020,992,912,1183,1174,1102,886,536,462,703,603,1087,676,1159,989,922,629,707,993,684,779,854,651,507,644,1051,407,612,1076,887,1053,481,1004,475,999,1088,860,839,517,317,689,579,851
879,708,561,1014,908,962,1138,577,744,1005,1008,1158,775,1200,685,1014,926,1087,834,1059,1211,725,1108,817,1115,1114,708,1052,1148,848,915,613,1075,1089,690,387,727,1050,639,882,968,944,167,874,904,822,936,625,730,308,476,900,630,366,1021,993,916,1182,1177,1111,890,537,461,711,602,1095,680,1159,991,920,630,708,995,685,779,859,653,514,648,1053,409,613,1082,891,1051,481,1003,477,1004,1089,863,843,519,320,689,584,852
880,708,562,1015,910,971,1139,583,746,1009,1012,1162,778,1196,684,1015,927,1089,838,1058,1208,729,1107,819,1113,1117,712,1055,1148,846,916,614,1075,1089,692,390,730,1052,642,883,971,947,167,882,907,827,940,632,734,313,480,898,638,365,1030,992,917,1185,1175,1109,891,541,463,714,607,1099,681,1158,989,920,632,712,1001,686,780,865,656,517,649,1058,413,616,1084,895,1051,484,1007,477,1008,1088,864,848,521,322,691,585,852
881,710,567,1015,914,977,1142,584,749,1007,1017,1160,781,1202,687,1016,928,1089,837,1059,1210,730,1108,823,1116,1120,716,1060,1145,848,913,616,1081,1091,698,390,731,1052,645,881,976,948,167,885,908,831,940,633,734,315,482,900,639,367,1034,995,916,1186,1179,1114,896,544,464,714,609,1099,685,1156,992,926,636,713,1009,690,781,868,655,519,652,1059,417,621,1086,894,1055,486,1011,477,1013,1089,867,851,522,322,692,584,854
882,713,569,1021,912,983,1141,584,753,1005,1017,1157,783,1206,690,1016,931,1091,842,1063,1214,733,1103,824,1125,1120,716,1062,1142,851,914,619,1087,1094,701,392,734,1058,646,887,981,951,168,884,910,838,941,635,735,316,483,901,645,368,1038,994,920,1184,1176,1119,899,547,465,715,609,1104,690,1160,993,924,636,716,1008,691,778,871,660,523,654,1062,419,622,1088,893,1060,490,1015,477,1010,1088,869,851,523,322,694,584,858
883,715,571,1019,914,983,1136,582,759,1006,1019,1162,790,1205,695,1016,934,1094,845,1069,1216,733,1107,823,1126,1116,722,1067,1143,856,918,620,1087,1093,702,393,736,1057,646,893,987,955,168,884,915,843,942,637,738,317,484,900,649,371,1039,1000,922,1186,1173,1116,898,551,465,722,609,1101,695,1160,997,925,640,720,1014,691,782,874,657,526,660,1068,420,628,1088,894,1057,494,1013,485,1012,1096,871,853,522,324,700,589,857
884,718,573,1026,914,987,1137,587,763,1007,1022,1163,791,1206,693,1018,936,1097,847,1071,1218,733,1109,827,1132,1118,721,1066,1142,855,917,622,1095,1091,704,401,741,1062,649,895,988,954,168,889,914,846,945,636,742,318,490,906,651,372,1041,998,922,1191,1175,1118,895,555,467,725,612,1106,694,1161,997,927,644,720,1015,691,785,878,661,527,663,1074,420,630,1091,896,1058,494,1011,486,1010,1095,877,850,524,324,701,591,860
885,721,574,1028,913,994,1139,590,762,1010,1018,1163,791,1211,699,1016,934,1096,847,1072,1221,733,1115,829,1141,1121,723,1070,1140,857,918,623,1098,1089,706,400,745,1062,649,896,990,958,168,891,915,849,944,640,747,317,491,906,651,373,1042,997,928,1194,1178,1122,897,556,470,728,611,1111,697,1163,998,932,647,725,1019,696,787,880,663,528,663,1080,420,631,1093,899,1056,496,1013,488,1011,1094,879,852,525,326,701,595,867
886,722,578,1029,914,996,1142,594,766,1012,1021,1163,791,1212,700,1022,933,1097,849,1073,1222,733,1115,829,1144,1122,728,1070,1146,867,920,624,1097,1093,709,403,746,1060,648,900,992,960,167,895,924,851,948,641,753,321,494,908,653,372,1047,997,933,1200,1181,1123,896,559,469,728,611,1109,696,1165,1001,938,647,730,1022,694,788,887,664,534,665,1086,420,632,1094,900,1058,501,1016,490,1016,1097,878,855,524,331,703,597,869
887,722,579,1033,915,995,1142,598,770,1014,1023,1168,792,1212,700,1021,936,1096,855,1074,1223,736,1111,828,1144,1123,726,1072,1144,872,925,622,1098,1099,710,403,748,1061,647,903,987,960,167,895,923,852,950,642,753,322,499,911,656,373,1049,999,936,1201,1179,1126,895,560,471,733,612,1112,698,1165,1003,938,653,734,1025,694,792,886,662,535,666,1085,421,635,1094,907,1056,503,1020,489,1019,1095,884,857,525,332,702,599,867
888,721,583,1038,917,995,1141,602,772,1019,1025,1165,797,1210,701,1023,940,1099,854,1068,1223,737,1113,832,1149,1123,728,1074,1149,874,930,624,1103,1099,713,404,750,1062,648,908,989,958,167,896,928,852,952,645,751,323,500,916,658,374,1047,1004,937,1204,1176,1123,893,565,472,736,615,1117,698,1167,1005,943,658,736,1029,690,794,889,664,534,669,1086,423,636,1098,908,1058,505,1021,491,1021,1094,884,858,523,334,706,600,870
889,724,587,1045,916,995,1143,603,773,1020,1030,1169,801,1212,705,1027,942,1101,855,1067,1221,740,1114,835,1152,1121,729,1077,1147,874,933,625,1103,1101,715,406,754,1057,654,913,993,961,168,899,930,854,957,646,757,325,500,916,663,375,1049,1004,941,1204,1176,1122,896,572,472,738,618,1122,701,1166,1005,944,659,740,1029,694,801,892,666,533,673,1089,427,640,1096,910,1056,505,1019,493,1025,1103,881,860,523,341,706,602,872
890,729,589,1044,918,996,1144,605,773,1021,1034,1172,801,1208,704,1030,939,1101,855,1067,1221,744,1112,835,1156,1117,734,1081,1151,881,932,623,1101,1106,716,408,759,1062,654,913,1000,959,173,906,932,855,960,650,757,327,503,917,665,379,1053,1003,943,1207,1179,1123,900,574,478,741,619,1125,702,1171,1006,944,660,741,1034,698,804,893,669,535,677,1089,430,638,1094,913,1055,506,1019,494,1024,1101,884,859,527,342,708,606,873
891,731,592,1046,918,998,1148,606,776,1021,1033,1173,798,1208,703,1034,942,1102,857,1064,1223,749,1114,834,1152,1116,737,1085,1150,881,934,625,1098,1104,717,411,758,1064,663,911,1001,962,174,910,933,859,958,654,763,328,504,917,668,380,1052,1005,945,1205,1177,1124,899,578,481,741,616,1128,706,1173,1008,948,664,742,1036,702,806,895,670,538,682,1090,432,639,1095,912,1056,515,1019,497,1029,1102,886,859,532,346,709,608,876
892,730,593,1051,921,1000,1148,609,782,1023,1034,1176,800,1210,704,1038,945,1107,858,1063,1229,755,1114,842,1153,1115,742,1087,1148,881,936,624,1097,1106,718,413,761,1069,664,913,1004,965,176,913,934,860,959,660,760,329,506,919,670,381,1053,1009,950,1204,1180,1127,902,577,484,742,615,1130,711,1172,1012,948,665,742,1041,704,808,898,672,541,685,1085,432,642,1098,916,1061,517,1022,501,1032,1105,888,858,534,345,712,611,880
893,736,594,1052,922,1005,1146,612,787,1025,1036,1178,797,1208,709,1039,947,1108,859,1067,1231,760,1117,839,1154,1117,743,1087,1147,883,938,629,1100,1112,715,412,764,1071,666,912,1006,969,175,915,932,865,959,665,762,327,506,923,672,382,1055,1009,954,1203,1180,1130,902,578,484,744,619,1134,714,1173,1014,945,669,745,1043,707,806,905,675,547,685,1092,433,643,1101,920,1064,517,1023,507,1034,1100,889,858,536,347,714,614,882
894,734,596,1051,919,1002,1146,617,791,1027,1034,1181,801,1214,707,1049,954,1117,862,1070,1232,764,1117,844,1154,1119,745,1088,1148,884,938,630,1099,1112,719,413,769,1073,665,909,1009,975,175,910,934,867,964,666,764,328,509,925,676,383,1056,1011,951,1200,1180,1132,906,577,489,740,620,1139,717,1176,1015,949,670,748,1050,704,810,906,676,552,686,1092,436,648,1097,920,1062,519,1023,512,1036,1098,891,862,539,349,717,617,885
895,740,601,1055,920,1002,1148,615,793,1024,1033,1184,800,1209,707,1050,959,1119,866,1075,1233,772,1117,844,1154,1117,750,1087,1153,887,936,628,1104,1116,725,415,771,1076,666,918,1007,973,175,915,937,868,968,667,766,330,509,926,679,384,1056,1016,952,1200,1181,1134,906,577,491,743,628,1139,722,1174,1014,945,671,749,1056,707,815,910,674,553,687,1092,437,650,1095,921,1064,522,1025,515,1041,1101,895,867,540,350,716,621,885
896,741,604,1054,920,1004,1149,615,797,1027,1035,1188,806,1208,710,1048,962,1120,868,1076,1231,774,1117,844,1154,1116,752,1085,1155,888,939,634,1106,1121,727,416,772,1078,671,919,1007,972,177,921,942,869,970,671,771,332,510,928,679,388,1060,1019,953,1201,1184,1132,909,580,497,747,629,1139,723,1177,1016,948,678,752,1061,711,821,911,678,554,688,1097,435,649,1096,924,1064,525,1029,517,1043,1100,898,869,542,351,718,621,885
897,743,607,1054,923,1006,1152,616,800,1030,1039,1189,807,1208,707,1045,969,1120,873,1075,1231,772,1121,846,1151,1116,755,1082,1154,894,939,636,1106,1124,734,416,777,1080,675,920,1012,974,181,921,945,871,972,679,774,336,512,929,681,389,1059,1018,955,1202,1186,1132,909,579,495,748,631,1143,726,1176,1022,948,680,753,1064,713,821,913,685,557,688,1100,438,646,1097,929,1073,527,1037,519,1047,1104,902,869,545,354,724,623,886
898,744,606,1055,927,1008,1152,621,799,1027,1041,1190,810,1214,710,1046,972,1116,876,1078,1234,775,1123,844,1151,1120,756,1086,1156,894,937,635,1108,1122,732,420,777,1085,678,919,1015,975,183,927,945,870,972,682,776,336,519,927,681,392,1064,1019,956,1202,1189,1128,915,584,500,747,634,1143,731,1179,1021,947,685,753,1066,710,825,916,683,559,688,1098,438,645,1099,932,1072,527,1038,521,1046,1108,901,873,551,354,727,625,888
899,745,606,1052,931,1005,1154,625,801,1028,1044,1190,808,1216,708,1050,974,1118,876,1080,1236,774,1126,845,1156,1122,757,1083,1160,897,941,640,1106,1129,736,427,781,1084,683,917,1017,977,182,934,949,872,972,685,775,338,523,930,686,397,1066,1016,957,1200,1189,1128,916,583,503,750,631,1143,731,1182,1024,948,685,751,1065,709,828,916,690,564,687,1100,441,646,1102,935,1076,531,1042,527,1045,1110,901,874,551,355,728,628,888
900,744,606,1054,935,1008,1154,626,801,1029,1048,1188,808,1219,709,1054,975,1115,875,1080,1231,773,1124,848,1156,1130,758,1084,1161,895,941,644,1107,1132,736,431,786,1084,685,919,1019,977,183,939,950,878,975,688,779,339,527,932,686,399,1065,1022,960,1197,1189,1129,916,582,506,751,633,1145,731,1184,1033,948,689,750,1069,715,830,915,696,562,689,1104,445,647,1104,934,1079,532,1043,529,1045,1112,902,876,551,359,733,630,887
901,746,612,1057,936,1014,1157,628,800,1030,1048,1193,813,1217,716,1056,974,1113,876,1083,1229,770,1120,850,1161,1135,765,1087,1161,895,943,643,1107,1127,738,433,789,1085,690,921,1022,977,183,945,956,877,978,688,782,345,529,933,693,401,1070,1025,965,1199,1190,1130,915,586,510,753,637,1149,734,1188,1035,953,698,751,1073,712,827,915,699,565,692,1107,450,648,1110,937,1077,534,1043,530,1045,1112,902,876,552,361,733,636,893
902,748,612,1061,942,1020,1160,630,800,1030,1051,1193,813,1216,717,1058,980,1110,874,1081,1222,773,1120,852,1163,1136,766,1089,1162,894,946,643,1106,1126,743,432,790,1086,693,922,1027,979,184,945,960,877,983,688,783,348,533,935,694,402,1073,1028,967,1201,1196,1129,917,589,513,757,643,1151,734,1183,1039,951,701,752,1074,718,826,922,703,564,692,1107,453,651,1112,945,1076,536,1041,534,1043,1112,905,879,554,361,738,642,897
903,752,616,1064,947,1019,1160,635,800,1029,1047,1198,815,1216,719,1056,979,1116,879,1079,1222,776,1120,848,1164,1135,767,1093,1164,894,948,649,1102,1128,741,434,791,1091,693,926,1023,980,185,946,962,878,987,690,788,350,534,938,695,400,1077,1029,968,1199,1197,1127,915,591,517,757,645,1153,737,1180,1039,955,704,752,1076,720,827,922,707,568,693,1108,459,657,1113,953,1077,535,1043,538,1047,1111,910,879,554,364,744,647,895
904,758,616,1069,951,1020,1161,639,799,1035,1046,1199,818,1215,723,1054,983,1122,880,1080,1222,774,1121,850,1161,1136,767,1092,1164,897,952,647,1104,1124,746,437,795,1088,696,932,1018,981,185,950,967,882,987,692,791,349,537,943,698,406,1077,1027,968,1199,1192,1126,919,594,519,759,651,1149,739,1178,1045,961,707,754,1077,723,831,924,707,571,697,1105,461,658,1109,956,1083,533,1044,544,1049,1112,910,883,558,368,744,650,899
905,761,616,1074,953,1024,1163,642,800,1035,1049,1197,821,1218,722,1056,985,1126,881,1082,1217,776,1124,855,1162,1138,770,1091,1160,902,950,653,1105,1126,745,439,796,1087,695,936,1021,983,184,952,967,883,987,696,792,349,539,946,704,407,1075,1031,970,1201,1192,1130,919,596,520,761,654,1154,742,1180,1046,962,715,758,1080,724,830,926,711,577,700,1106,464,663,1109,956,1084,534,1044,549,1049,1116,909,881,559,368,748,652,901
906,770,620,1075,952,1025,1162,647,803,1034,1051,1197,823,1217,728,1061,989,1123,885,1081,1216,777,1127,855,1165,1136,771,1091,1163,902,958,656,1104,1128,750,442,802,1083,694,939,1020,985,186,953,969,887,989,700,791,351,538,948,705,407,1073,1037,973,1202,1188,1126,920,599,520,763,659,1153,747,1181,1041,968,721,759,1086,728,832,928,714,579,700,1105,465,663,1106,961,1086,538,1048,555,1050,1122,913,884,559,368,754,655,903
907,773,622,1082,954,1027,1161,651,809,1033,1052,1198,826,1215,734,1063,990,1122,886,1084,1215,780,1131,857,1165,1135,774,1093,1168,902,959,662,1103,1128,755,441,805,1087,696,940,1020,991,187,955,967,891,991,702,795,355,540,949,708,409,1073,1040,970,1202,1189,1122,919,601,519,766,663,1152,747,1179,1042,967,724,762,1091,736,834,930,719,580,703,1108,468,665,1106,963,1088,538,1052,557,1045,1126,914,890,564,370,759,655,905
908,776,626,1084,957,1025,1160,652,813,1030,1052,1201,821,1215,735,1063,992,1125,884,1086,1220,783,1127,861,1166,1136,774,1093,1173,901,962,664,1105,1125,759,443,803,1088,698,945,1016,993,187,959,965,892,991,706,795,356,543,954,713,416,1075,1043,974,1202,1187,1119,920,605,522,767,666,1153,747,1177,1046,971,724,764,1088,741,833,930,722,578,705,1108,471,666,1107,965,1086,543,1054,560,1049,1128,919,889,567,370,761,657,910
909,781,626,1090,957,1018,1161,653,812,1033,1055,1202,826,1216,739,1063,989,1132,883,1087,1219,786,1128,862,1164,1134,772,1093,1172,905,961,668,1098,1119,763,444,803,1087,700,947,1019,990,188,958,968,894,993,708,797,360,546,958,713,417,1077,1046,973,1202,1184,1120,921,608,521,767,670,1159,746,1177,1047,973,723,767,1095,745,835,931,722,580,707,1112,475,672,1107,970,1084,541,1054,559,1049,1131,920,895,567,371,768,657,911
910,781,629,1089,965,1017,1159,654,814,1035,1051,1202,829,1215,739,1069,990,1132,884,1085,1221,790,1130,862,1161,1137,773,1095,1174,906,963,668,1097,1123,765,446,807,1085,706,950,1020,990,190,959,966,898,994,712,796,361,548,955,712,417,1077,1048,973,1200,1186,1120,925,611,523,767,669,1158,743,1177,1047,970,725,772,1100,748,840,930,725,579,713,1119,473,675,1104,966,1085,544,1056,558,1049,1133,928,896,564,375,769,662,914
911,783,629,1088,966,1019,1161,655,813,1041,1053,1203,828,1213,743,1071,990,1133,884,1083,1219,789,1132,861,1157,1134,774,1101,1172,906,962,669,1100,1120,765,445,811,1084,706,950,1023,994,191,960,966,899,998,714,798,363,554,953,712,418,1075,1050,974,1201,1186,1118,931,612,526,770,669,1159,745,1183,1048,974,724,777,1103,752,842,934,723,582,718,1122,476,677,1110,967,1085,546,1056,559,1053,1133,928,898,565,376,772,664,913
912,784,632,1092,969,1016,1164,657,809,1046,1059,1200,835,1214,742,1072,991,1134,885,1080,1221,792,1128,863,1154,1135,774,1100,1169,911,968,669,1098,1123,763,444,812,1086,710,952,1021,995,192,962,970,900,999,715,802,362,553,960,716,418,1072,1055,977,1204,1186,1118,935,613,530,770,672,1158,747,1185,1052,973,730,782,1108,758,842,933,724,585,720,1120,479,677,1113,970,1089,547,1056,559,1051,1132,933,898,569,379,771,664,916
913,786,634,1093,974,1018,1168,658,816,1047,1059,1206,839,1213,743,1070,991,1136,891,1085,1217,795,1126,864,1156,1141,777,1102,1168,916,969,668,1101,1122,769,448,816,1084,714,949,1021,996,193,961,971,903,999,718,803,364,555,962,717,422,1073,1051,982,1204,1184,1119,938,614,532,780,674,1158,749,1187,1052,973,737,784,1108,760,845,933,724,589,719,1120,478,680,1114,972,1088,552,1056,562,1052,1131,938,903,572,379,779,662,921
914,785,637,1095,979,1020,1165,664,820,1047,1060,1202,845,1213,747,1074,987,1141,894,1088,1217,800,1127,866,1157,1138,779,1102,1168,918,975,673,1105,1117,771,451,820,1083,721,952,1020,1000,195,965,970,906,999,722,807,367,555,966,718,428,1071,1052,983,1202,1183,1121,938,613,537,783,681,1159,750,1186,1056,975,739,788,1113,762,846,931,727,591,722,1123,477,679,1114,977,1090,557,1056,567,1058,1126,939,907,574,386,780,667,921
915,787,639,1094,981,1018,1161,669,822,1046,1066,1197,849,1212,748,1078,984,1141,894,1090,1218,801,1123,865,1158,1139,781,1105,1168,923,976,676,1103,1116,770,457,821,1084,723,952,1024,1001,196,966,971,909,1001,728,808,369,557,967,722,428,1070,1052,982,1202,1183,1120,941,618,539,786,683,1158,751,1183,1060,981,738,790,1112,762,849,933,728,595,725,1121,478,681,1114,980,1094,557,1058,568,1065,1125,940,908,573,388,785,669,921
916,792,639,1091,982,1018,1159,673,823,1043,1067,1202,848,1211,754,1081,984,1141,893,1088,1215,804,1125,864,1159,1139,786,1106,1167,924,976,679,1103,1113,774,457,826,1087,721,954,1020,1007,198,967,969,910,1002,730,807,372,556,965,723,430,1071,1050,981,1201,1182,1120,941,621,541,785,686,1160,750,1184,1059,982,745,793,1109,761,848,937,731,595,728,1123,477,686,1116,982,1095,558,1059,570,1070,1126,941,908,575,390,785,673,930
917,797,642,1095,980,1021,1160,678,823,1040,1067,1205,850,1212,758,1081,982,1141,892,1091,1216,806,1126,866,1160,1141,787,1111,1170,928,978,675,1104,1113,774,461,827,1088,724,954,1022,1008,199,969,967,911,1004,732,807,374,559,965,723,429,1074,1048,985,1199,1177,1124,945,626,542,784,688,1156,754,1186,1057,982,745,795,1112,764,852,940,737,601,729,1124,477,685,1117,980,1094,559,1059,574,1075,1126,945,909,579,393,787,677,935
918,797,644,1097,985,1019,1162,679,825,1041,1068,1205,849,1215,762,1080,991,1138,891,1092,1215,805,1127,868,1162,1141,790,1114,1169,926,985,676,1104,1115,777,463,830,1088,725,960,1022,1007,200,967,966,911,1000,736,812,376,562,961,720,430,1077,1052,988,1197,1175,1126,946,627,542,786,689,1157,757,1187,1059,983,745,800,1115,769,853,937,738,601,733,1124,478,684,1117,980,1099,557,1061,574,1073,1123,950,909,583,394,788,673,934
919,799,645,1098,989,1023,1162,677,828,1043,1065,1206,851,1216,764,1082,996,1136,887,1090,1215,807,1127,868,1162,1142,792,1107,1168,929,983,679,1107,1115,779,466,832,1089,723,965,1030,1007,202,969,967,911,1004,740,813,379,562,965,723,429,1080,1053,986,1196,1176,1130,953,630,541,787,692,1160,761,1188,1060,983,747,802,1115,769,851,941,742,602,735,1125,484,683,1116,984,1102,559,1064,575,1075,1123,952,909,581,393,792,673,934
920,798,648,1099,992,1021,1163,679,827,1042,1065,1213,852,1216,768,1082,1002,1136,887,1093,1212,811,1125,869,1160,1140,795,1108,1167,929,984,681,1105,1115,783,469,835,1092,724,966,1034,1007,202,970,968,916,1012,739,816,379,564,964,726,429,1081,1058,984,1198,1175,1133,957,631,545,788,691,1162,766,1186,1059,986,751,805,1118,771,852,940,746,601,740,1126,484,686,1114,985,1100,559,1063,576,1074,1123,954,915,583,395,795,676,936
921,802,650,1103,997,1020,1158,682,827,1040,1066,1215,854,1219,769,1086,1005,1137,892,1094,1214,814,1126,874,1160,1139,799,1113,1168,934,988,682,1114,1116,787,472,836,1095,728,965,1034,1007,202,971,965,918,1017,739,815,384,571,966,734,432,1079,1060,976,1198,1179,1132,956,633,545,791,691,1164,770,1182,1062,985,754,806,1120,774,857,940,756,606,743,1127,485,687,1111,980,1101,563,1064,579,1071,1122,954,915,585,402,797,675,939
922,806,654,1100,1001,1022,1154,683,832,1045,1068,1215,856,1217,768,1089,1006,1137,894,1095,1213,817,1129,878,1162,1141,801,1113,1170,936,985,685,1116,1114,787,470,838,1097,728,966,1030,1008,202,973,966,923,1018,738,821,386,570,969,739,433,1078,1059,977,1200,1180,1133,954,636,546,789,694,1158,776,1183,1063,990,757,806,1119,777,861,937,758,608,743,1125,486,690,1110,978,1105,564,1068,581,1074,1121,955,913,591,402,798,680,942
923,810,657,1103,1004,1022,1154,684,839,1044,1066,1213,859,1219,772,1093,1005,1136,896,1095,1215,821,1127,880,1163,1140,802,1115,1170,943,986,688,1114,1115,789,469,840,1095,732,968,1032,1008,201,970,967,920,1020,738,822,392,574,972,739,437,1080,1057,975,1200,1182,1136,954,639,552,792,696,1161,774,1182,1063,992,754,812,1120,779,862,939,758,612,744,1124,489,692,1112,980,1107,566,1073,582,1073,1120,956,919,592,403,799,681,942
924,814,655,1106,1001,1019,1154,686,840,1045,1064,1219,864,1218,773,1093,1008,1136,898,1093,1216,825,1128,879,1170,1144,807,1111,1168,947,985,690,1118,1116,788,469,842,1097,736,973,1030,1015,202,967,970,922,1018,742,820,394,573,974,747,438,1085,1056,980,1199,1176,1139,956,640,555,794,700,1163,773,1181,1061,995,757,812,1117,777,862,944,761,614,746,1126,489,694,1111,976,1109,569,1070,583,1077,1120,959,923,594,405,800,683,943
925,820,657,1107,1005,1026,1151,686,844,1043,1064,1221,865,1220,776,1094,1009,1138,904,1090,1218,830,1127,879,1168,1143,811,1109,1163,947,986,691,1117,1122,787,474,842,1099,739,975,1037,1015,201,969,969,921,1022,741,821,400,579,975,748,439,1085,1060,978,1199,1175,1143,957,642,556,798,700,1158,781,1184,1063,996,761,814,1121,779,863,946,764,615,753,1127,492,692,1117,976,1111,570,1073,585,1080,1120,961,926,596,410,802,688,943
926,821,660,1107,1000,1027,1151,691,843,1040,1063,1222,869,1219,778,1096,1015,1144,907,1088,1215,834,1128,879,1170,1146,810,1107,1162,948,985,694,1114,1124,789,475,843,1104,743,978,1037,1014,204,968,972,922,1020,742,823,400,578,974,749,440,1086,1060,977,1201,1173,1144,959,647,562,797,700,1160,784,1185,1064,999,764,814,1120,779,864,951,770,619,754,1130,492,696,1113,977,1106,570,1070,585,1082,1118,961,933,601,413,806,688,942
927,823,662,1110,1003,1030,1157,695,851,1043,1062,1228,871,1216,780,1095,1019,1140,911,1089,1210,835,1130,883,1172,1148,807,1109,1164,948,986,698,1115,1127,794,479,845,1103,749,980,1037,1011,206,972,969,923,1017,745,824,401,582,975,753,440,1085,1061,976,1201,1171,1140,964,649,563,795,707,1157,787,1186,1063,1001,764,812,1120,779,870,952,772,621,754,1130,492,695,1112,979,1107,571,1073,588,1087,1117,958,936,598,414,809,689,944
928,823,661,1108,1009,1028,1156,695,853,1043,1062,1232,871,1219,781,1093,1019,1144,910,1090,1210,839,1131,887,1173,1145,811,1111,1166,951,985,699,1114,1130,795,480,851,1106,750,980,1039,1017,206,974,966,926,1022,747,823,405,585,974,754,442,1086,1061,982,1198,1170,1142,965,646,564,797,709,1152,788,1188,1060,1000,765,809,1120,784,870,958,773,625,756,1133,495,697,1113,977,1110,573,1074,591,1086,1119,961,937,599,417,812,687,947
929,826,665,1108,1006,1031,1152,695,853,1043,1065,1233,873,1213,786,1093,1020,1148,911,1092,1212,839,1127,888,1175,1145,811,1112,1160,951,988,705,1115,1132,797,481,852,1111,752,982,1041,1023,209,977,965,930,1030,752,825,408,588,971,756,445,1081,1059,981,1196,1169,1139,968,646,565,795,714,1149,791,1187,1063,1005,765,814,1125,786,873,959,775,624,756,1136,495,699,1117,979,1108,571,1078,591,1084,1120,963,938,601,420,816,682,950
930,827,665,1108,1004,1035,1155,695,859,1047,1066,1228,877,1211,789,1094,1018,1145,913,1098,1205,843,1128,891,1175,1148,809,1114,1160,954,986,708,1113,1129,799,487,853,1113,752,982,1043,1027,210,976,966,931,1028,753,828,410,593,971,760,445,1079,1060,984,1197,1168,1140,969,648,564,800,713,1145,794,1190,1065,1010,766,815,1124,788,874,960,776,628,759,1132,493,699,1118,981,1108,577,1081,593,1083,1123,964,940,605,421,815,685,955
931,828,669,1104,1009,1034,1155,692,858,1047,1067,1227,876,1211,794,1090,1016,1145,911,1101,1206,843,1130,893,1174,1149,810,1115,1160,957,986,710,1111,1130,798,490,856,1115,753,989,1046,1029,213,978,966,931,1030,755,832,411,595,974,761,451,1077,1061,981,1201,1166,1141,975,644,569,801,714,1146,798,1191,1067,1007,767,817,1123,787,876,960,777,628,760,1131,497,698,1118,984,1110,579,1082,595,1076,1126,966,942,609,423,818,687,956
932,830,671,1104,1010,1033,1156,693,863,1048,1064,1226,878,1213,797,1091,1012,1141,915,1104,1205,845,1131,894,1175,1149,812,1113,1159,959,985,714,1113,1127,800,491,856,1116,758,987,1040,1030,214,979,967,931,1031,757,830,413,599,976,762,453,1076,1061,979,1204,1161,1139,975,647,570,804,718,1145,798,1191,1066,1007,768,820,1120,789,877,964,774,632,763,1130,497,702,1121,989,1107,578,1086,595,1077,1126,966,946,610,425,823,687,960
933,827,673,1108,1014,1036,1159,697,865,1051,1063,1223,878,1210,801,1094,1017,1143,913,1107,1203,849,1135,899,1181,1151,812,1113,1162,958,985,717,1116,1128,801,492,857,1119,760,985,1041,1034,215,986,970,934,1029,758,835,413,600,978,764,453,1075,1063,986,1205,1161,1137,977,653,571,802,720,1151,802,1192,1068,1011,768,822,1121,793,879,967,775,636,767,1132,502,703,1122,989,1109,580,1093,595,1083,1126,964,949,614,425,826,686,961
934,830,677,1107,1012,1042,1155,700,867,1049,1059,1222,885,1209,803,1095,1020,1144,912,1113,1202,850,1134,901,1179,1149,814,1112,1160,959,991,720,1118,1130,804,493,854,1123,761,986,1037,1038,216,989,971,936,1031,758,838,417,601,980,769,458,1075,1066,990,1203,1159,1134,982,656,575,804,724,1149,801,1194,1070,1011,770,827,1126,800,882,969,780,637,770,1135,499,708,1124,991,1103,584,1092,594,1085,1127,967,950,615,426,828,687,963
935,831,683,1106,1017,1040,1152,702,869,1049,1062,1227,883,1205,805,1095,1023,1148,920,1113,1204,848,1137,901,1179,1147,813,1114,1160,966,991,722,1117,1134,802,494,853,1125,767,993,1039,1039,219,988,972,936,1032,763,837,419,601,983,771,456,1074,1065,989,1201,1158,1136,989,657,574,809,723,1148,803,1194,1069,1015,773,832,1127,803,883,970,781,642,773,1136,500,714,1129,996,1100,583,1090,595,1084,1126,970,952,617,427,824,689,964
936,829,685,1112,1018,1037,1149,703,872,1052,1060,1232,881,1203,808,1095,1025,1148,919,1115,1205,851,1135,899,1181,1146,815,1113,1163,967,992,724,1119,1139,803,494,857,1123,767,992,1040,1039,220,989,974,936,1035,765,834,422,605,985,773,457,1077,1066,990,1202,1157,1135,994,659,574,810,719,1147,810,1193,1068,1017,773,834,1129,802,885,971,781,647,775,1136,505,716,1131,996,1101,584,1095,596,1085,1127,972,957,619,431,829,688,964
937,830,689,1115,1018,1041,1149,706,873,1055,1057,1232,887,1198,807,1096,1026,1148,922,1119,1206,853,1136,896,1181,1144,818,1114,1165,966,992,724,1116,1139,805,498,861,1122,768,992,1043,1045,220,991,974,936,1036,768,836,425,607,987,777,457,1076,1067,989,1201,1157,1127,995,661,578,813,719,1143,811,1194,1070,1017,778,835,1131,802,884,974,783,650,774,1135,508,716,1130,995,1104,585,1096,599,1086,1131,972,964,623,432,832,687,967
938,830,692,1119,1017,1038,1148,711,869,1056,1056,1231,888,1198,808,1098,1026,1148,921,1119,1203,854,1134,894,1182,1144,818,1115,1168,964,991,723,1116,1134,806,504,861,1123,771,994,1045,1047,221,991,978,935,1039,773,836,427,613,984,777,460,1077,1069,989,1203,1155,1133,995,664,582,814,723,1148,811,1197,1068,1019,780,837,1131,804,884,973,786,652,779,1137,511,717,1130,995,1100,585,1096,598,1086,1134,973,964,626,436,834,686,963
939,826,691,1121,1018,1037,1149,713,872,1060,1060,1232,892,1202,808,1103,1030,1147,924,1124,1205,853,1135,896,1189,1145,820,1115,1171,969,993,725,1115,1136,806,506,859,1124,770,993,1047,1048,223,993,975,939,1040,775,842,428,614,983,778,460,1079,1071,992,1205,1161,1129,993,669,580,815,724,1152,810,1199,1073,1020,783,837,1133,805,884,977,785,654,780,1136,511,720,1130,999,1104,587,1095,603,1089,1134,969,968,628,439,836,687,960
940,830,692,1121,1018,1037,1148,718,872,1062,1056,1234,892,1198,810,1106,1028,1146,925,1124,1201,851,1139,896,1188,1150,826,1115,1172,974,997,727,1118,1134,806,507,859,1126,771,996,1045,1048,224,994,976,945,1040,779,844,431,615,990,779,460,1078,1071,988,1204,1163,1126,997,673,583,816,726,1154,811,1203,1077,1019,788,837,1136,803,887,980,787,656,783,1139,514,723,1128,1001,1105,589,1100,602,1091,1135,968,970,633,440,837,688,960
941,832,694,1122,1017,1035,1153,719,876,1063,1048,1233,893,1195,811,1108,1030,1148,926,1120,1203,854,1141,894,1188,1150,829,1118,1175,978,998,727,1115,1132,807,509,861,1131,774,998,1045,1044,224,990,979,947,1038,778,845,432,619,995,781,463,1081,1070,990,1203,1162,1126,996,676,590,820,726,1153,815,1203,1077,1018,791,836,1136,804,889,985,788,659,785,1138,515,729,1128,1003,1110,589,1103,602,1088,1135,971,972,635,447,842,688,960
942,831,698,1125,1018,1038,1152,719,877,1063,1045,1231,896,1193,814,1107,1027,1150,926,1122,1203,856,1139,890,1190,1150,833,1121,1175,978,997,727,1112,1134,809,511,863,1133,773,998,1045,1056,226,989,977,949,1040,784,839,432,622,996,780,464,1080,1068,992,1203,1164,1125,996,676,593,822,731,1154,816,1205,1078,1017,790,840,1139,809,888,981,793,662,786,1138,515,728,1125,1004,1109,592,1107,607,1090,1138,972,976,637,450,842,689,957
943,831,698,1128,1019,1037,1151,720,879,1064,1049,1235,898,1192,813,1107,1027,1156,926,1119,1203,852,1139,896,1191,1151,832,1123,1171,981,1001,732,1116,1133,810,510,863,1131,770,1001,1046,1060,229,992,980,948,1042,786,843,440,632,995,780,465,1080,1073,994,1202,1163,1126,1000,682,592,825,736,1154,815,1202,1080,1018,794,838,1134,811,890,983,794,666,791,1140,516,728,1126,1002,1114,593,1103,608,1088,1139,972,974,639,455,841,691,957
944,834,697,1131,1018,1038,1149,724,879,1064,1047,1235,899,1199,813,1110,1029,1154,926,1119,1202,852,1139,895,1191,1151,837,1123,1170,985,999,731,1115,1132,813,512,865,1136,769,1002,1043,1059,231,992,979,950,1040,785,842,443,631,996,781,465,1078,1076,995,1201,1157,1126,999,681,594,831,735,1155,815,1201,1079,1023,793,835,1133,818,892,981,800,671,790,1143,518,732,1129,1005,1115,595,1104,609,1084,1137,975,974,639,455,846,692,958
945,832,697,1132,1018,1044,1147,725,878,1063,1042,1232,900,1201,814,1111,1030,1149,927,1118,1202,852,1139,896,1189,1150,840,1119,1173,989,1000,731,1117,1138,814,514,865,1133,767,1003,1042,1058,232,992,981,949,1042,787,839,445,634,998,784,464,1078,1079,1000,1200,1154,1124,1002,682,594,831,738,1151,817,1200,1081,1023,795,836,1134,820,893,978,800,674,794,1144,522,736,1126,1004,1116,598,1106,610,1085,1137,976,976,640,455,846,696,960
946,838,699,1135,1017,1047,1146,725,881,1064,1042,1234,904,1199,815,1109,1031,1153,929,1120,1203,853,1134,900,1189,1153,840,1122,1177,990,1003,730,1116,1142,812,517,867,1129,770,998,1040,1057,234,994,983,951,1043,786,836,446,636,999,785,468,1077,1077,1005,1198,1152,1121,1005,687,595,834,737,1150,818,1200,1076,1029,791,836,1135,820,895,976,804,677,794,1137,526,736,1125,1006,1115,597,1109,614,1076,1139,976,980,643,456,850,698,959
947,843,702,1140,1021,1049,1146,725,878,1065,1037,1235,905,1194,818,1108,1030,1157,928,1115,1203,857,1138,900,1195,1153,837,1128,1177,991,1005,734,1117,1142,812,520,866,1130,773,1001,1040,1057,234,995,983,953,1044,787,834,444,637,1001,784,475,1081,1072,1007,1198,1153,1120,1005,686,597,837,738,1152,822,1195,1074,1031,793,835,1137,822,897,978,805,682,801,1138,527,735,1125,1003,1117,598,1109,612,1079,1136,982,979,644,460,858,699,959
948,845,706,1139,1023,1051,1144,727,880,1067,1038,1237,908,1191,817,1105,1030,1150,930,1112,1205,856,1137,899,1198,1153,837,1136,1178,993,1007,736,1116,1140,815,524,865,1131,774,1001,1038,1059,235,998,981,955,1045,792,835,447,638,1001,784,475,1080,1077,1007,1197,1155,1122,1007,688,601,839,746,1151,823,1196,1076,1034,788,835,1137,821,897,978,809,684,806,1136,531,737,1123,1006,1114,601,1108,619,1078,1135,981,979,641,462,858,702,957
949,849,712,1144,1025,1053,1146,730,882,1068,1035,1234,909,1189,818,1104,1030,1153,931,1114,1200,852,1137,898,1197,1154,833,1137,1181,995,1006,740,1118,1136,815,524,865,1132,777,1000,1039,1058,235,1002,981,956,1047,795,837,451,639,1003,784,476,1079,1073,1012,1194,1150,1121,1011,696,605,836,751,1150,825,1192,1076,1032,793,838,1133,827,896,982,813,684,807,1135,537,746,1117,1008,1113,602,1107,618,1082,1131,984,978,645,465,858,706,960
950,851,714,1143,1025,1049,1146,734,887,1069,1035,1235,910,1185,822,1105,1030,1150,931,1112,1201,854,1140,902,1196,1152,833,1138,1180,998,1007,742,1117,1138,816,522,863,1129,779,997,1038,1064,232,1004,980,958,1045,795,842,453,640,1000,786,474,1078,1075,1011,1196,1150,1121,1010,697,609,837,756,1151,830,1194,1076,1039,792,841,1135,833,899,981,812,683,811,1134,538,749,1120,1008,1112,606,1107,617,1078,1133,984,975,646,465,863,708,961
951,855,712,1146,1024,1051,1139,743,885,1069,1036,1240,908,1182,823,1108,1029,1148,931,1111,1200,855,1142,900,1196,1152,840,1137,1180,1000,1006,744,1114,1137,819,522,863,1133,779,993,1039,1065,235,1002,981,963,1047,795,843,456,640,1002,786,475,1077,1078,1013,1191,1150,1127,1014,698,613,836,756,1147,835,1193,1077,1041,793,843,1136,836,902,983,814,684,809,1129,539,753,1118,1008,1112,610,1108,617,1079,1134,985,977,646,464,866,707,967
952,854,716,1144,1028,1050,1141,745,887,1072,1033,1238,911,1182,830,1109,1034,1148,933,1109,1196,853,1147,898,1197,1151,842,1140,1181,998,1007,746,1116,1138,820,524,864,1133,778,995,1036,1065,235,1008,982,963,1045,797,844,461,640,1007,785,475,1073,1078,1013,1183,1150,1128,1014,702,613,836,757,1149,837,1193,1077,1040,796,841,1138,838,902,987,813,689,811,1127,537,757,1114,1002,1112,609,1106,619,1078,1134,983,981,647,467,866,705,967
953,855,718,1145,1023,1050,1138,745,885,1072,1036,1238,913,1186,832,1110,1032,1149,933,1107,1193,861,1151,906,1197,1150,843,1136,1180,1004,1007,746,1120,1137,823,528,863,1133,781,997,1035,1068,234,1007,980,962,1048,801,845,464,643,1007,783,476,1074,1079,1015,1184,1154,1127,1015,704,620,841,759,1152,839,1192,1077,1042,797,845,1137,842,903,988,813,691,812,1125,541,759,1114,1004,1113,617,1111,622,1079,1137,986,981,649,469,870,707,969
954,856,717,1145,1022,1051,1137,745,887,1070,1042,1237,915,1187,835,1107,1032,1151,938,1104,1189,866,1152,908,1197,1149,841,1136,1178,1002,1010,748,1125,1135,825,530,862,1132,781,999,1038,1071,237,1007,978,964,1053,801,852,466,646,1009,783,478,1071,1076,1019,1185,1150,1127,1015,705,623,840,760,1151,843,1196,1074,1043,800,845,1135,845,902,986,814,690,813,1120,545,760,1113,1010,1110,620,1113,626,1078,1134,988,981,648,471,872,708,970
955,856,725,1147,1023,1048,1136,748,889,1074,1040,1234,918,1186,837,1107,1033,1148,939,1104,1184,866,1155,912,1201,1147,837,1136,1175,1005,1011,749,1121,1135,825,536,862,1134,783,1003,1043,1066,240,1009,976,965,1054,801,855,468,649,1011,788,480,1071,1074,1021,1184,1147,1128,1018,708,624,841,764,1151,845,1198,1077,1041,800,845,1133,848,902,987,810,694,815,1124,550,763,1111,1008,1109,623,1111,626,1081,1132,987,986,652,476,878,712,972
956,855,726,1146,1026,1044,1137,749,893,1073,1038,1228,918,1184,839,1106,1034,1147,942,1105,1182,868,1152,916,1199,1141,841,1135,1174,1006,1008,749,1121,1137,827,538,867,1131,783,1000,1046,1066,242,1012,977,966,1054,803,860,470,653,1013,787,483,1075,1074,1016,1188,1148,1126,1022,713,626,837,767,1147,847,1193,1077,1046,800,842,1134,852,906,989,812,697,818,1123,549,766,1115,1011,1113,627,1110,630,1080,1126,991,986,652,475,876,717,978
957,855,726,1147,1024,1046,1138,751,895,1073,1035,1228,921,1183,835,1105,1032,1144,941,1102,1181,868,1147,921,1201,1142,848,1136,1168,1007,1010,748,1122,1137,827,539,866,1130,787,1002,1045,1070,243,1016,976,964,1055,803,862,473,655,1018,787,482,1080,1069,1016,1184,1148,1126,1021,714,629,842,771,1151,844,1192,1080,1046,800,843,1132,855,910,987,811,702,825,1121,553,770,1112,1010,1119,626,1113,631,1078,1126,991,987,656,477,877,723,979
958,859,726,1147,1029,1044,1136,753,898,1077,1030,1225,918,1183,835,1100,1025,1143,941,1103,1180,869,1151,925,1201,1142,851,1135,1161,1006,1014,746,1125,1135,828,539,869,1129,787,1007,1041,1069,242,1016,976,965,1056,808,865,477,656,1016,786,481,1080,1065,1018,1183,1149,1125,1020,715,631,847,776,1149,846,1188,1084,1046,802,843,1134,856,914,992,815,699,826,1124,557,771,1113,1015,1117,626,1115,629,1078,1125,993,986,658,476,876,724,975
959,860,728,1146,1031,1046,1134,754,893,1080,1029,1222,917,1180,836,1099,1030,1143,940,1101,1177,872,1150,926,1200,1139,853,1133,1161,1008,1016,747,1126,1130,830,542,872,1128,786,1003,1043,1068,242,1017,976,964,1053,806,870,478,655,1016,788,483,1081,1065,1020,1182,1149,1127,1019,718,634,851,784,1146,849,1187,1083,1049,801,842,1134,853,914,989,818,696,830,1122,561,771,1115,1017,1116,629,1114,629,1077,1123,994,987,658,478,879,726,976
960,864,728,1144,1027,1046,1137,760,894,1080,1032,1221,921,1182,836,1099,1026,1143,942,1098,1177,874,1152,928,1197,1140,859,1133,1155,1008,1012,744,1129,1137,834,544,871,1126,787,1003,1041,1069,243,1016,976,962,1054,809,872,480,656,1014,785,486,1082,1067,1021,1185,1148,1128,1023,718,638,854,783,1145,849,1184,1082,1049,800,840,1136,858,912,989,822,695,830,1121,562,771,1113,1024,1117,629,1115,633,1079,1120,993,989,660,481,883,731,976
961,861,732,1142,1030,1046,1134,760,892,1083,1033,1218,923,1181,832,1100,1024,1143,944,1098,1178,878,1153,928,1195,1143,861,1133,1157,1009,1015,742,1130,1134,834,546,872,1127,786,1000,1044,1073,246,1016,975,963,1057,810,872,482,659,1016,786,489,1082,1070,1022,1185,1150,1123,1024,719,639,858,785,1143,848,1185,1086,1054,803,840,1137,858,915,989,825,697,835,1122,563,775,1113,1028,1119,627,1115,637,1080,1119,991,987,661,485,885,731,971
962,865,734,1144,1031,1045,1135,765,898,1079,1034,1213,922,1179,829,1099,1026,1144,943,1094,1177,883,1153,930,1196,1140,861,1132,1159,1008,1017,744,1128,1133,839,550,870,1125,783,1003,1045,1072,247,1019,974,960,1058,811,871,482,659,1017,789,491,1087,1071,1024,1183,1153,1122,1027,716,645,858,789,1142,848,1187,1085,1053,803,840,1133,856,913,987,829,702,836,1123,565,776,1112,1026,1120,628,1113,636,1078,1122,996,985,666,490,887,734,969
963,869,734,1143,1029,1045,1128,766,899,1079,1032,1213,920,1181,830,1102,1025,1145,940,1090,1176,882,1160,935,1196,1145,865,1133,1158,1004,1018,743,1129,1134,841,551,873,1128,786,1003,1046,1070,249,1022,973,959,1060,815,869,485,657,1019,791,493,1090,1074,1016,1183,1150,1126,1029,718,648,857,793,1144,849,1182,1085,1057,804,844,1131,862,913,988,832,706,836,1123,568,774,1110,1022,1118,629,1113,639,1076,1126,1003,982,668,492,886,732,973
964,869,734,1147,1032,1047,1126,764,900,1081,1033,1211,917,1178,834,1103,1023,1147,945,1090,1175,885,1158,936,1193,1142,865,1136,1160,1003,1017,748,1132,1133,844,551,875,1127,789,1001,1044,1072,251,1022,976,962,1062,814,869,488,658,1019,792,495,1084,1073,1019,1179,1151,1126,1033,718,650,856,798,1143,851,1186,1086,1055,809,847,1128,868,915,991,837,706,837,1121,570,778,1109,1022,1118,634,1117,640,1078,1131,1007,980,668,493,888,734,972
965,874,735,1146,1036,1046,1127,765,901,1078,1035,1211,916,1178,837,1102,1024,1147,948,1088,1175,884,1158,938,1192,1139,868,1140,1160,1005,1018,752,1132,1132,847,549,873,1129,792,1001,1044,1077,252,1023,972,963,1064,817,868,491,657,1022,795,496,1082,1070,1019,1182,1148,1126,1037,718,652,856,797,1143,853,1188,1083,1054,814,849,1134,870,915,988,840,706,844,1121,570,777,1110,1023,1120,640,1117,642,1076,1130,1008,981,673,494,892,736,970
966,875,741,1144,1036,1044,1126,765,906,1081,1036,1206,920,1175,839,1105,1023,1147,948,1087,1176,890,1157,937,1190,1134,871,1137,1161,1005,1018,750,1136,1134,847,548,872,1128,794,1002,1046,1074,253,1024,969,963,1058,819,867,490,658,1022,798,496,1083,1070,1018,1183,1153,1127,1037,719,654,857,798,1143,854,1183,1081,1051,814,846,1136,870,918,993,843,708,847,1124,572,776,1112,1022,1116,641,1115,645,1074,1131,1007,982,676,497,895,742,970
967,877,744,1138,1039,1044,1125,768,905,1077,1036,1205,920,1178,840,1104,1022,1147,947,1088,1179,893,1156,941,1187,1130,869,1136,1157,1002,1018,753,1135,1130,849,547,878,1130,793,1003,1046,1078,253,1022,971,963,1057,822,869,493,659,1023,797,496,1084,1070,1021,1179,1149,1126,1039,719,655,856,802,1140,857,1186,1086,1048,814,845,1137,871,914,994,842,706,850,1124,577,781,1113,1022,1119,641,1113,650,1073,1126,1009,983,682,496,892,742,973
968,879,747,1135,1039,1045,1123,769,902,1076,1036,1205,922,1178,841,1100,1025,1148,948,1088,1178,896,1156,945,1189,1130,874,1133,1153,1002,1019,756,1140,1128,853,550,878,1133,798,999,1051,1076,253,1022,969,970,1054,823,872,495,663,1025,802,495,1081,1070,1021,1174,1147,1124,1041,721,657,855,805,1141,860,1184,1085,1046,817,841,1141,876,915,995,845,706,849,1124,576,780,1111,1020,1122,641,1109,649,1070,1128,1010,982,681,498,897,741,971
969,881,745,1134,1041,1045,1127,774,905,1077,1037,1200,922,1176,842,1098,1026,1145,946,1087,1174,894,1151,945,1189,1126,873,1135,1151,1002,1023,762,1140,1127,854,552,877,1131,802,1003,1050,1077,255,1022,972,969,1057,825,875,502,664,1028,800,498,1081,1073,1022,1173,1143,1120,1041,723,661,854,808,1145,861,1179,1087,1045,816,841,1142,875,913,999,848,704,851,1128,575,780,1112,1021,1126,642,1109,648,1075,1123,1006,982,682,497,897,744,972
970,878,746,1130,1045,1043,1124,776,907,1074,1041,1195,922,1177,843,1095,1026,1145,946,1088,1170,898,1153,946,1189,1125,874,1134,1155,1002,1024,767,1140,1129,856,553,880,1127,801,1003,1053,1078,258,1020,972,971,1059,829,877,502,666,1029,802,501,1078,1071,1026,1171,1146,1119,1043,727,664,855,811,1146,861,1177,1088,1044,816,842,1146,877,913,992,850,705,850,1128,576,787,1113,1026,1126,644,1111,651,1080,1122,1008,978,686,497,897,746,972
971,879,747,1132,1046,1044,1122,774,906,1073,1043,1191,921,1180,848,1095,1026,1143,947,1086,1169,900,1156,948,1190,1129,875,1133,1152,999,1025,769,1139,1129,855,552,882,1129,803,1007,1050,1078,261,1018,971,973,1063,825,876,505,665,1031,802,504,1075,1072,1026,1169,1143,1117,1045,727,666,855,812,1145,869,1175,1086,1044,817,846,1142,879,919,994,847,709,848,1123,578,788,1109,1025,1124,645,1112,651,1078,1127,1009,978,689,499,901,747,973
972,883,747,1132,1046,1044,1122,777,903,1073,1045,1192,925,1176,852,1095,1023,1143,954,1083,1170,899,1156,950,1189,1127,882,1133,1154,996,1026,767,1140,1125,856,554,884,1128,805,1007,1053,1075,266,1021,973,979,1063,827,877,506,665,1035,802,505,1074,1074,1028,1170,1142,1116,1048,728,671,857,812,1144,869,1172,1088,1042,822,847,1141,879,919,993,849,713,853,1127,582,793,1108,1025,1124,646,1113,653,1081,1131,1012,977,691,499,904,745,977
973,883,749,1135,1048,1047,1122,777,899,1073,1040,1194,928,1170,851,1099,1023,1137,958,1084,1171,901,1154,949,1186,1131,888,1132,1151,999,1024,770,1145,1123,860,555,883,1125,808,1005,1055,1067,269,1020,976,978,1067,825,882,509,667,1034,803,505,1075,1074,1025,1170,1144,1116,1049,733,673,858,813,1144,869,1175,1089,1045,821,850,1135,881,923,997,845,712,853,1125,584,794,1108,1027,1121,647,1114,658,1079,1131,1014,975,690,502,909,750,977
974,884,753,1135,1047,1047,1122,782,901,1067,1037,1193,925,1169,855,1097,1020,1136,956,1084,1170,906,1153,949,1183,1128,891,1132,1146,1001,1019,771,1143,1123,858,560,883,1123,807,1004,1053,1068,271,1019,977,983,1072,828,886,510,667,1034,805,505,1071,1074,1021,1168,1143,1119,1047,740,671,857,814,1144,873,1172,1087,1044,825,854,1136,878,925,995,847,714,858,1125,583,794,1112,1029,1118,648,1112,658,1079,1133,1014,973,692,504,913,750,980
975,886,753,1127,1047,1047,1120,782,904,1068,1040,1193,931,1166,856,1095,1019,1131,955,1087,1171,908,1152,949,1187,1129,892,1131,1143,995,1018,774,1141,1119,861,564,888,1122,807,1003,1054,1068,272,1017,974,982,1071,830,889,508,667,1039,802,504,1068,1075,1023,1170,1142,1116,1050,745,670,856,819,1147,870,1168,1085,1044,828,855,1135,878,924,993,849,716,858,1129,582,797,1113,1030,1116,652,1108,661,1076,1134,1013,974,695,506,918,748,980
976,892,755,1130,1046,1047,1113,784,908,1070,1039,1189,934,1162,856,1093,1019,1126,952,1085,1170,908,1149,950,1184,1130,893,1130,1140,996,1021,776,1140,1119,861,568,885,1116,807,1007,1055,1066,272,1019,973,983,1073,828,892,505,665,1041,805,507,1066,1080,1022,1168,1138,1119,1050,745,673,858,817,1144,872,1166,1083,1043,826,855,1133,877,926,996,851,721,858,1126,582,794,1116,1031,1117,659,1108,661,1076,1136,1014,977,696,509,921,746,978
977,891,756,1131,1045,1048,1113,782,908,1074,1037,1185,935,1163,859,1090,1019,1122,952,1084,1169,911,1144,953,1182,1130,891,1129,1140,992,1018,778,1141,1115,859,572,887,1118,807,1003,1056,1066,275,1023,971,984,1070,830,893,506,665,1039,806,508,1065,1082,1022,1165,1138,1119,1048,749,675,862,816,1144,870,1162,1079,1045,828,857,1135,880,929,998,852,724,861,1126,583,793,1114,1031,1121,661,1107,661,1074,1134,1015,979,696,509,922,746,981
978,893,757,1129,1045,1047,1114,782,909,1077,1036,1181,936,1163,861,1091,1022,1121,953,1082,1166,906,1142,955,1178,1127,893,1127,1140,986,1015,776,1141,1113,860,574,886,1117,811,1002,1056,1063,275,1026,972,988,1074,834,894,510,669,1038,808,514,1067,1079,1024,1165,1136,1119,1045,750,676,860,819,1142,865,1163,1079,1046,830,858,1136,880,931,999,852,728,864,1124,586,794,1116,1032,1119,665,1104,665,1075,1133,1014,983,698,511,927,747,978
979,897,759,1130,1041,1048,1117,787,911,1077,1035,1180,938,1162,861,1087,1022,1122,953,1079,1164,908,1145,952,1177,1124,897,1125,1141,987,1012,775,1142,1111,857,573,884,1116,819,1001,1060,1058,275,1030,974,989,1072,825,894,512,670,1039,808,516,1065,1074,1025,1166,1136,1121,1045,749,679,863,817,1136,868,1162,1079,1043,830,861,1134,879,933,997,851,732,863,1124,588,797,1118,1034,1115,671,1104,664,1073,1136,1010,987,699,515,927,747,975
980,900,760,1128,1038,1049,1114,785,912,1072,1032,1174,944,1158,859,1087,1020,1122,950,1079,1164,910,1147,954,1176,1120,904,1127,1139,988,1014,781,1143,1108,858,576,885,1117,821,1001,1061,1057,275,1033,974,992,1070,828,897,517,670,1037,812,516,1068,1074,1027,1164,1135,1123,1047,750,679,866,815,1134,875,1162,1079,1041,830,861,1134,882,940,1003,853,734,865,1124,587,796,1117,1034,1119,669,1105,662,1071,1134,1007,987,697,519,931,752,976
981,900,761,1133,1039,1050,1116,784,913,1072,1036,1176,948,1154,856,1088,1022,1121,952,1080,1165,912,1150,953,1177,1120,908,1127,1136,989,1013,784,1141,1108,858,584,891,1119,820,998,1059,1058,276,1035,976,990,1070,826,899,519,669,1032,816,518,1071,1073,1028,1166,1131,1121,1044,751,683,868,814,1133,875,1164,1077,1041,832,863,1131,879,943,1006,854,740,866,1125,593,801,1119,1032,1120,670,1103,660,1071,1134,1006,985,698,523,931,758,974
982,901,762,1134,1035,1051,1115,785,913,1068,1039,1173,941,1155,859,1088,1024,1117,955,1080,1162,911,1149,954,1174,1119,906,1126,1133,988,1017,783,1142,1109,856,581,888,1121,820,999,1059,1055,278,1034,979,992,1068,830,894,519,667,1031,818,522,1067,1075,1028,1166,1130,1125,1043,754,685,865,812,1126,872,1166,1082,1042,837,869,1135,876,939,1008,853,743,867,1126,601,797,1118,1029,1121,674,1104,661,1068,1138,1007,984,703,524,936,759,973
983,901,761,1136,1034,1052,1114,788,915,1068,1040,1173,941,1153,860,1085,1025,1114,951,1080,1153,912,1151,957,1172,1117,905,1125,1130,985,1019,787,1137,1103,853,579,893,1119,820,1000,1059,1052,279,1038,979,991,1067,830,898,520,665,1026,818,525,1066,1076,1031,1165,1124,1126,1047,753,687,868,813,1126,871,1165,1080,1042,838,869,1132,875,940,1008,854,742,869,1124,602,800,1115,1031,1119,672,1103,665,1071,1137,1006,978,706,526,936,761,973
984,899,766,1141,1035,1052,1109,788,915,1064,1042,1173,942,1150,859,1084,1024,1115,944,1078,1152,915,1151,956,1170,1115,905,1124,1130,993,1019,791,1136,1103,853,584,894,1116,819,999,1060,1048,281,1038,977,984,1068,830,897,520,666,1025,818,530,1074,1076,1033,1166,1118,1125,1047,753,692,868,815,1125,874,1161,1080,1045,841,871,1129,873,941,1006,855,746,870,1122,604,794,1110,1031,1119,671,1101,669,1070,1135,1004,980,706,527,934,765,976
985,903,763,1142,1033,1051,1112,788,915,1061,1041,1172,946,1147,862,1083,1023,1116,941,1075,1148,913,1151,955,1171,1115,909,1126,1124,993,1020,791,1135,1102,854,581,900,1114,820,997,1058,1048,281,1037,974,985,1065,832,903,526,671,1028,818,532,1069,1076,1034,1167,1115,1126,1050,755,690,869,817,1128,871,1159,1081,1043,841,873,1131,872,940,1006,856,748,873,1122,606,795,1112,1032,1119,675,1102,668,1069,1134,1003,981,711,533,935,765,982
986,906,761,1143,1033,1051,1110,793,915,1063,1041,1170,947,1141,856,1086,1020,1117,943,1072,1149,910,1152,956,1168,1114,913,1125,1118,991,1024,798,1135,1098,858,585,899,1114,822,1000,1060,1050,280,1039,971,983,1063,832,905,530,672,1030,824,537,1071,1075,1032,1170,1113,1127,1049,754,691,869,819,1125,870,1159,1088,1043,840,874,1131,873,943,1002,855,749,870,1126,606,802,1111,1034,1119,678,1100,669,1067,1134,1004,976,712,536,932,763,983
987,908,764,1142,1029,1047,1108,792,916,1062,1038,1169,946,1146,859,1086,1022,1118,941,1070,1147,914,1150,958,1167,1112,915,1123,1117,986,1024,798,1136,1098,856,589,898,1111,823,997,1058,1055,281,1040,968,984,1065,832,905,531,675,1033,825,537,1070,1076,1034,1169,1110,1122,1047,754,691,870,819,1124,868,1153,1087,1046,837,875,1130,875,941,1006,856,754,868,1125,610,805,1112,1034,1116,680,1098,669,1068,1134,1007,976,711,538,933,765,984
988,908,764,1136,1029,1048,1113,792,913,1064,1042,1167,943,1145,862,1085,1020,1112,940,1069,1147,914,1153,958,1165,1114,917,1124,1114,988,1027,799,1140,1094,859,591,894,1107,824,997,1061,1052,283,1042,966,987,1061,830,903,530,677,1030,827,540,1067,1075,1035,1169,1108,1120,1047,753,690,869,821,1125,867,1152,1086,1045,842,869,1123,874,940,1012,855,753,870,1120,609,803,1106,1034,1117,682,1100,670,1068,1128,1004,978,710,541,930,765,983
989,911,763,1136,1025,1049,1115,798,914,1063,1039,1164,942,1138,867,1080,1021,1112,940,1064,1145,916,1151,955,1166,1113,920,1123,1112,990,1028,803,1142,1089,863,593,893,1110,824,1001,1060,1050,286,1044,964,989,1059,828,905,527,678,1032,827,547,1065,1074,1035,1167,1110,1120,1047,757,691,862,818,1128,866,1151,1083,1045,845,870,1126,872,941,1013,855,753,870,1119,611,806,1101,1030,1120,681,1099,673,1068,1127,1004,976,713,545,928,765,984
990,912,764,1135,1028,1045,1115,807,910,1062,1040,1162,942,1135,869,1084,1018,1113,937,1061,1144,915,1153,956,1166,1112,918,1122,1113,990,1028,804,1138,1091,862,594,897,1113,826,1004,1055,1049,285,1050,964,988,1059,831,906,528,679,1031,827,548,1063,1069,1036,1161,1107,1118,1049,760,695,865,818,1129,867,1152,1081,1042,850,870,1124,874,939,1016,856,759,873,1119,615,808,1102,1028,1121,680,1098,675,1069,1127,1005,976,717,546,929,762,981
991,912,769,1134,1028,1039,1115,807,910,1059,1041,1161,946,1136,870,1083,1018,1113,934,1056,1139,919,1155,957,1164,1108,920,1119,1114,986,1031,805,1136,1093,863,599,899,1114,828,1003,1056,1048,284,1050,966,990,1061,832,907,535,681,1030,831,549,1061,1070,1035,1158,1106,1121,1044,761,696,863,818,1128,869,1152,1083,1043,852,873,1122,872,940,1017,859,759,876,1115,615,809,1101,1028,1121,681,1099,675,1069,1126,1004,977,717,549,930,767,985
992,912,770,1128,1021,1036,1113,807,910,1062,1040,1162,948,1135,870,1081,1017,1115,936,1052,1138,924,1153,957,1161,1101,919,1120,1115,985,1031,802,1134,1095,864,599,900,1112,826,1000,1055,1048,286,1050,968,991,1059,836,910,540,679,1030,833,552,1063,1067,1039,1156,1102,1121,1041,764,700,865,821,1130,870,1150,1078,1041,851,876,1118,871,943,1014,862,759,879,1116,617,813,1097,1027,1123,682,1099,677,1071,1127,1003,981,717,550,930,767,989
993,915,770,1127,1019,1037,1110,810,908,1059,1042,1163,949,1137,870,1076,1017,1112,932,1048,1139,925,1153,959,1160,1099,918,1119,1115,984,1034,805,1133,1094,866,601,900,1112,823,1003,1058,1050,290,1048,964,993,1066,836,911,546,680,1026,835,552,1063,1067,1038,1154,1100,1122,1036,767,702,867,818,1128,871,1150,1074,1041,849,878,1118,875,944,1014,862,763,880,1114,622,815,1097,1028,1124,682,1097,680,1069,1124,1001,984,718,555,927,766,989
994,920,771,1129,1020,1038,1108,812,908,1058,1040,1162,954,1136,870,1074,1014,1112,933,1045,1138,923,1152,958,1157,1098,921,1119,1115,983,1034,806,1132,1092,864,606,899,1112,822,999,1054,1049,291,1047,963,993,1067,838,910,546,678,1026,834,558,1063,1070,1038,1151,1098,1124,1033,770,701,868,817,1129,868,1148,1073,1041,851,877,1120,879,945,1015,867,763,880,1113,624,818,1093,1027,1124,683,1100,680,1071,1121,1001,983,721,558,930,770,986
995,921,777,1127,1022,1034,1103,815,903,1056,1034,1158,958,1135,873,1073,1015,1116,928,1041,1135,921,1151,959,1153,1096,922,1120,1114,984,1036,806,1131,1085,868,604,908,1111,825,1003,1055,1051,293,1044,962,991,1070,838,906,548,682,1026,836,561,1064,1069,1039,1150,1092,1119,1036,770,705,870,815,1130,868,1144,1071,1038,850,876,1118,879,947,1016,867,765,879,1107,630,821,1095,1026,1124,688,1098,681,1072,1115,998,980,720,560,930,770,988
996,921,778,1131,1022,1034,1099,819,908,1055,1034,1156,958,1133,878,1072,1016,1114,928,1037,1136,920,1147,961,1155,1095,920,1122,1108,983,1036,807,1127,1088,869,607,911,1109,830,1007,1053,1051,294,1040,960,991,1070,841,910,549,684,1027,833,559,1064,1072,1041,1152,1091,1121,1033,774,707,876,815,1128,869,1138,1074,1037,847,878,1113,883,952,1013,868,763,881,1106,636,821,1093,1023,1127,687,1099,683,1073,1117,996,981,724,559,927,770,988
997,920,779,1133,1026,1034,1097,819,911,1051,1035,1157,964,1130,879,1071,1014,1114,925,1038,1137,918,1147,958,1158,1093,925,1122,1108,980,1038,807,1125,1088,870,606,909,1109,832,1004,1053,1055,295,1041,959,990,1072,841,911,550,685,1032,831,560,1060,1075,1038,1150,1088,1121,1033,776,710,878,814,1131,872,1133,1073,1037,848,875,1111,887,949,1011,874,762,879,1104,637,819,1091,1019,1127,686,1097,685,1072,1114,992,983,722,557,930,772,984
998,917,779,1132,1025,1031,1096,818,910,1048,1035,1155,963,1131,879,1071,1014,1116,926,1036,1136,917,1146,957,1156,1094,925,1118,1103,977,1044,808,1125,1088,872,607,909,1113,830,1006,1050,1057,295,1039,957,991,1072,844,912,554,684,1031,831,560,1056,1078,1040,1149,1086,1115,1035,778,713,883,816,1128,876,1132,1074,1035,850,878,1114,893,948,1012,877,765,880,1105,638,822,1089,1019,1128,686,1091,685,1070,1111,992,983,723,558,930,776,982
999,921,779,1132,1028,1032,1091,818,913,1047,1036,1153,963,1134,876,1071,1015,1117,930,1032,1135,917,1146,958,1154,1092,923,1118,1104,977,1047,805,1129,1088,874,608,908,1114,832,1008,1046,1056,297,1032,958,987,1076,841,911,557,686,1030,833,560,1049,1078,1037,1146,1084,1111,1034,781,714,885,816,1125,876,1132,1070,1036,849,882,1113,891,948,1009,880,767,884,1110,640,823,1090,1021,1127,689,1089,686,1074,1110,992,977,724,559,931,782,984
1000,924,778,1132,1028,1031,1083,817,915,1049,1032,1151,963,1131,879,1071,1014,1117,925,1027,1128,915,1148,960,1152,1091,921,1114,1105,979,1046,804,1128,1088,875,612,907,1111,836,1009,1046,1054,297,1029,959,985,1072,839,908,559,691,1031,835,562,1050,1077,1036,1144,1086,1110,1034,787,714,887,814,1119,877,1133,1068,1034,851,885,1112,892,949,1009,881,770,881,1108,638,829,1085,1020,1121,690,1091,686,1074,1109,992,980,726,563,929,777,984
1001,925,778,1131,1027,1032,1079,818,921,1049,1035,1149,966,1129,882,1068,1014,1120,925,1026,1129,913,1147,960,1146,1089,921,1103,1105,978,1041,805,1127,1081,880,615,907,1109,840,1007,1046,1052,298,1028,959,983,1072,840,908,563,694,1031,833,564,1047,1074,1036,1139,1082,1108,1035,788,715,882,814,1115,880,1136,1064,1034,855,882,1110,898,950,1010,883,770,881,1104,640,831,1084,1024,1119,693,1089,691,1070,1106,991,983,726,563,932,776,984
1002,926,778,1133,1030,1030,1078,818,919,1048,1034,1146,969,1127,883,1070,1017,1119,923,1027,1129,916,1149,961,1148,1091,925,1102,1103,977,1043,808,1124,1078,882,618,912,1109,839,1005,1044,1049,299,1027,958,987,1073,838,905,564,696,1029,834,568,1045,1068,1038,1135,1078,1108,1037,794,715,884,811,1115,881,1135,1064,1036,854,880,1108,899,949,1012,882,775,883,1100,637,834,1081,1025,1120,696,1090,692,1067,1101,992,985,727,564,930,778,987
1003,926,778,1129,1033,1035,1078,820,918,1048,1038,1144,973,1124,882,1071,1020,1120,927,1025,1129,913,1156,966,1147,1088,925,1101,1099,976,1041,811,1121,1076,883,619,908,1106,836,1003,1043,1051,301,1028,960,991,1075,839,904,562,695,1029,835,572,1043,1067,1035,1135,1077,1108,1035,798,718,885,812,1117,885,1140,1067,1036,857,880,1101,900,953,1009,881,778,881,1098,643,838,1081,1023,1114,698,1091,699,1064,1099,990,985,726,566,930,780,988
1004,924,781,1130,1030,1031,1076,822,917,1045,1035,1140,974,1125,882,1074,1018,1123,926,1024,1126,909,1159,965,1147,1089,928,1101,1095,974,1036,811,1122,1076,883,624,908,1110,837,1007,1042,1053,303,1025,960,990,1077,839,902,567,699,1029,833,574,1047,1066,1037,1131,1076,1101,1035,801,722,887,812,1107,885,1138,1065,1035,856,880,1102,905,950,1010,882,780,880,1102,642,839,1079,1021,1116,699,1091,697,1061,1098,986,981,727,566,932,782,989
1005,922,782,1130,1030,1027,1074,823,921,1044,1039,1136,973,1122,881,1068,1018,1120,923,1022,1125,911,1153,963,1146,1091,928,1098,1094,975,1036,810,1120,1075,885,629,911,1104,836,1009,1041,1053,304,1021,956,997,1077,844,906,571,698,1030,834,576,1049,1060,1037,1131,1070,1101,1036,801,725,886,812,1104,883,1138,1065,1034,857,879,1100,905,952,1008,882,782,883,1101,646,844,1077,1024,1116,699,1089,699,1057,1103,985,983,726,571,935,786,989
1006,924,782,1131,1026,1024,1076,821,925,1042,1038,1131,974,1119,881,1066,1016,1122,925,1020,1120,911,1151,965,1141,1090,931,1098,1090,975,1034,811,1119,1073,884,632,916,1100,837,1006,1044,1053,311,1020,956,988,1077,843,909,573,698,1030,841,577,1045,1059,1038,1130,1066,1102,1036,804,726,889,809,1103,883,1133,1066,1035,859,881,1099,906,953,1007,881,783,877,1098,648,846,1079,1021,1115,701,1085,701,1054,1103,983,983,728,571,936,790,989
1007,925,782,1133,1026,1021,1071,823,924,1043,1039,1132,977,1115,876,1064,1012,1121,924,1019,1122,908,1152,968,1137,1090,934,1095,1087,973,1034,810,1119,1068,880,633,916,1101,838,1007,1041,1053,314,1020,956,985,1076,842,911,573,700,1028,839,577,1044,1056,1036,1127,1066,1101,1034,802,728,888,811,1101,883,1131,1068,1037,859,883,1094,907,953,1005,885,784,881,1097,648,847,1080,1022,1116,703,1086,698,1055,1102,982,983,729,568,939,792,987
1008,926,783,1134,1023,1017,1070,827,922,1039,1034,1129,978,1118,877,1062,1011,1123,931,1016,1120,908,1151,969,1135,1088,937,1095,1087,967,1035,811,1123,1071,884,637,917,1098,839,1008,1042,1052,316,1019,956,985,1073,842,911,573,705,1029,838,577,1043,1051,1039,1124,1065,1100,1031,800,728,890,816,1098,882,1131,1066,1038,860,882,1092,906,954,1008,886,787,884,1093,652,851,1080,1021,1113,704,1086,700,1052,1099,978,985,731,567,938,794,987
1009,924,783,1132,1023,1017,1069,832,925,1040,1031,1126,979,1113,880,1059,1012,1122,929,1012,1118,909,1151,967,1131,1084,935,1093,1085,967,1035,812,1122,1071,884,639,917,1098,840,1009,1040,1053,320,1016,954,983,1069,845,909,576,703,1028,841,579,1043,1048,1037,1125,1060,1100,1035,808,726,891,815,1097,885,1130,1068,1038,861,885,1090,909,956,1008,886,790,888,1095,653,850,1075,1017,1111,708,1082,701,1051,1098,978,981,730,570,938,792,988
1010,923,786,1131,1020,1017,1072,835,923,1037,1029,1127,980,1110,880,1059,1013,1126,928,1008,1119,916,1149,965,1130,1084,930,1090,1085,967,1033,814,1120,1074,887,640,919,1095,840,1009,1040,1050,321,1019,950,983,1069,846,913,579,706,1026,844,582,1044,1047,1036,1123,1060,1094,1036,812,728,889,816,1093,889,1129,1070,1035,861,884,1088,909,960,1007,888,788,893,1095,656,852,1076,1016,1109,707,1082,704,1054,1099,976,982,731,572,941,795,986
1011,926,789,1129,1020,1014,1071,835,921,1035,1027,1125,981,1109,882,1057,1014,1126,928,1008,1123,916,1148,966,1123,1083,932,1089,1083,964,1031,813,1122,1074,886,642,920,1094,840,1006,1041,1048,323,1019,955,986,1069,844,912,582,703,1024,843,587,1040,1044,1037,1123,1054,1092,1032,811,724,894,815,1096,895,1129,1067,1035,860,882,1086,912,954,1011,888,788,891,1091,661,852,1073,1019,1111,709,1082,703,1052,1098,978,979,731,575,941,797,987
1012,925,790,1128,1021,1013,1071,838,924,1035,1025,1122,980,1107,884,1056,1014,1126,927,1003,1121,913,1147,967,1124,1082,929,1086,1082,962,1029,815,1119,1068,887,648,920,1096,840,1001,1044,1047,324,1016,950,984,1073,846,915,590,705,1021,845,586,1033,1043,1037,1120,1047,1093,1027,814,725,893,815,1096,896,1127,1068,1035,858,884,1085,915,953,1011,887,786,889,1091,661,856,1071,1020,1115,710,1080,703,1048,1100,976,976,733,574,938,799,983
1013,925,788,1128,1021,1015,1071,842,922,1035,1024,1120,980,1105,883,1059,1014,1121,933,1004,1115,910,1138,967,1124,1078,927,1085,1084,962,1026,818,1119,1068,888,649,922,1097,841,1003,1040,1041,326,1014,948,980,1070,844,917,591,706,1022,851,588,1036,1047,1033,1114,1045,1093,1024,818,728,895,813,1096,898,1125,1064,1034,861,882,1084,912,951,1011,889,788,892,1088,662,860,1068,1020,1113,710,1079,704,1048,1095,976,976,733,574,937,798,985
1014,931,788,1129,1021,1015,1072,842,924,1039,1025,1119,976,1103,884,1060,1010,1120,933,1003,1115,907,1137,966,1122,1072,927,1084,1083,964,1026,818,1119,1067,886,651,928,1096,839,1003,1038,1041,327,1015,945,982,1071,842,923,596,706,1024,852,589,1035,1046,1035,1111,1045,1091,1023,816,730,894,814,1097,896,1127,1056,1031,862,884,1087,914,949,1012,891,788,892,1084,666,862,1067,1020,1112,710,1073,703,1048,1093,974,973,730,574,944,801,982
1015,933,788,1125,1017,1013,1070,839,920,1035,1023,1115,976,1099,883,1056,1013,1119,934,1002,1115,911,1139,971,1118,1073,931,1084,1080,960,1029,823,1120,1067,883,652,929,1096,842,1001,1037,1039,328,1014,947,981,1071,842,920,597,708,1026,855,591,1035,1048,1033,1111,1041,1092,1023,817,729,892,815,1092,895,1130,1059,1034,861,877,1091,915,948,1015,889,790,890,1081,669,863,1064,1018,1111,710,1072,703,1046,1090,974,975,731,575,943,800,984
1016,931,787,1124,1014,1010,1068,838,921,1035,1019,1115,980,1096,883,1055,1008,1121,933,1000,1114,913,1137,970,1120,1072,932,1079,1078,964,1032,823,1118,1070,888,652,932,1096,846,1005,1037,1040,329,1012,947,984,1073,841,918,600,708,1024,851,590,1035,1045,1033,1106,1043,1093,1019,815,731,894,819,1086,896,1127,1059,1034,862,874,1091,915,947,1017,889,789,890,1081,669,862,1063,1020,1111,716,1074,704,1044,1088,973,971,735,575,942,801,983
1017,933,787,1122,1018,1008,1067,841,919,1031,1017,1116,978,1092,879,1055,1011,1123,932,994,1112,911,1132,972,1122,1071,929,1079,1080,963,1027,822,1118,1065,890,655,933,1098,842,1005,1034,1040,332,1014,950,981,1072,841,918,601,714,1026,852,592,1033,1046,1027,1106,1041,1089,1017,816,731,895,820,1081,894,1124,1056,1031,862,873,1090,914,947,1019,889,787,891,1082,668,865,1063,1020,1109,719,1073,706,1043,1087,974,970,741,574,943,802,983
1018,933,788,1117,1016,1008,1066,841,919,1031,1018,1114,979,1093,880,1055,1010,1124,937,993,1107,910,1129,971,1121,1071,932,1078,1079,959,1023,823,1117,1066,887,657,933,1100,840,1000,1035,1040,336,1014,955,980,1067,842,915,604,719,1024,853,592,1034,1046,1031,1103,1040,1090,1014,817,734,894,817,1081,894,1122,1054,1033,863,873,1090,915,945,1017,890,786,887,1082,667,864,1062,1021,1111,720,1069,706,1042,1086,975,975,740,580,941,805,984
1019,932,790,1115,1014,1009,1067,841,916,1032,1014,1113,981,1092,877,1053,1011,1125,938,991,1106,909,1131,972,1119,1070,936,1076,1075,953,1023,824,1117,1061,888,661,934,1100,839,1000,1037,1038,338,1015,953,980,1067,844,918,608,720,1020,852,593,1035,1046,1032,1103,1033,1089,1016,816,730,898,816,1081,892,1120,1047,1034,864,873,1091,915,948,1017,893,787,889,1083,667,864,1058,1027,1106,721,1069,708,1039,1086,977,970,748,584,942,805,984
1020,929,793,1115,1015,1012,1064,841,918,1031,1013,1111,982,1091,877,1050,1011,1126,940,990,1104,913,1133,973,1117,1070,936,1075,1075,954,1023,829,1121,1058,888,662,936,1099,838,999,1035,1039,342,1015,952,982,1067,848,921,608,719,1022,850,593,1030,1051,1033,1104,1032,1087,1016,816,732,899,810,1080,890,1119,1048,1035,868,873,1089,913,945,1019,894,786,886,1082,669,868,1059,1026,1106,722,1067,707,1042,1087,979,970,750,585,942,807,983
1021,927,795,1113,1016,1010,1062,837,916,1032,1014,1106,982,1091,877,1050,1012,1125,943,988,1104,914,1132,971,1113,1067,934,1075,1081,952,1020,831,1122,1052,888,663,936,1095,835,1001,1035,1037,340,1016,953,982,1062,845,922,609,724,1023,849,593,1030,1054,1034,1097,1030,1086,1014,818,731,901,807,1080,890,1118,1046,1035,868,874,1090,912,945,1022,898,787,884,1080,668,871,1057,1026,1103,721,1070,706,1036,1083,975,972,752,587,943,810,984
1022,926,798,1116,1017,1011,1061,842,921,1038,1012,1105,983,1089,880,1046,1013,1125,944,982,1102,914,1128,971,1112,1065,937,1073,1082,951,1015,832,1120,1051,890,663,935,1094,835,1000,1035,1037,339,1015,949,981,1057,848,920,610,728,1025,849,594,1028,1047,1035,1098,1027,1084,1011,815,731,900,811,1077,891,1115,1044,1032,867,873,1093,909,947,1021,903,786,889,1077,667,874,1057,1025,1101,725,1068,704,1036,1079,977,971,751,595,944,810,986
1023,927,798,1116,1018,1013,1059,841,923,1040,1009,1106,983,1094,881,1046,1012,1122,946,977,1096,915,1129,972,1116,1065,935,1067,1079,951,1013,833,1117,1050,888,664,933,1093,833,998,1035,1035,342,1011,948,983,1056,851,922,611,730,1022,851,601,1029,1044,1033,1095,1023,1080,1011,820,734,902,811,1077,891,1115,1042,1031,869,875,1094,912,948,1022,905,789,891,1075,669,873,1054,1025,1103,728,1069,701,1034,1077,970,966,754,600,947,814,987
1024,928,797,1115,1017,1009,1058,844,921,1039,1006,1104,984,1094,885,1049,1009,1119,949,976,1094,915,1126,973,1114,1063,935,1068,1073,952,1011,837,1117,1051,889,663,932,1092,839,997,1034,1035,346,1009,946,983,1054,850,925,612,733,1024,854,600,1024,1044,1029,1091,1025,1077,1013,819,735,899,813,1075,894,1112,1040,1035,873,876,1094,912,950,1023,902,792,886,1073,671,877,1053,1030,1104,727,1068,704,1035,1071,970,968,754,598,947,821,984
1025,930,795,1112,1017,1008,1055,844,925,1041,1004,1103,989,1091,890,1047,1013,1119,951,974,1088,914,1127,972,1109,1060,936,1068,1073,950,1011,838,1115,1047,888,665,932,1090,840,996,1033,1035,347,1009,947,982,1052,852,923,616,734,1024,855,603,1021,1043,1025,1089,1026,1074,1018,819,737,902,812,1075,893,1106,1040,1035,875,876,1093,913,948,1023,900,788,883,1071,672,882,1049,1030,1104,727,1069,704,1036,1067,970,966,757,597,947,823,983
1026,926,800,1111,1015,1004,1055,841,924,1044,1002,1100,990,1090,891,1044,1011,1120,948,976,1085,914,1122,969,1107,1054,934,1069,1070,947,1009,839,1113,1045,891,666,931,1086,840,994,1026,1032,349,1005,946,982,1054,853,923,618,736,1024,851,606,1021,1048,1022,1084,1022,1072,1018,823,738,904,812,1078,894,1100,1038,1035,877,875,1089,912,944,1021,898,787,882,1067,670,882,1050,1031,1105,728,1066,703,1036,1068,970,963,761,599,951,820,981
1027,927,799,1110,1011,999,1056,842,919,1045,1001,1098,992,1087,894,1045,1011,1117,951,971,1084,913,1120,967,1104,1054,934,1064,1068,948,1009,845,1114,1046,889,671,932,1085,840,994,1027,1031,351,1003,946,983,1051,853,924,621,738,1024,854,612,1018,1043,1023,1081,1021,1069,1017,823,737,899,809,1078,895,1095,1040,1032,873,876,1087,914,944,1019,900,788,882,1064,668,883,1053,1028,1109,731,1065,701,1033,1066,968,963,762,602,952,821,976
1028,929,800,1109,1009,999,1055,842,918,1044,997,1097,986,1084,896,1040,1007,1115,953,970,1082,913,1120,968,1102,1055,938,1063,1065,946,1006,844,1113,1045,892,671,930,1085,838,991,1025,1031,350,1003,945,978,1047,859,923,626,737,1021,851,611,1015,1043,1021,1085,1014,1065,1018,825,738,898,812,1082,894,1094,1040,1031,876,874,1088,915,946,1016,900,792,882,1063,670,883,1052,1031,1112,741,1064,707,1035,1067,969,963,764,604,953,822,976
1029,929,799,1112,1008,998,1051,840,918,1038,993,1097,986,1080,893,1042,1004,1115,956,967,1080,915,1119,964,1101,1055,942,1060,1065,948,1006,842,1110,1042,894,671,930,1084,836,993,1030,1033,353,1007,944,978,1040,859,924,627,740,1018,847,613,1016,1043,1025,1081,1011,1063,1017,821,739,904,814,1078,893,1091,1038,1031,877,871,1087,912,944,1016,899,790,880,1062,671,884,1051,1026,1107,743,1063,711,1034,1066,973,964,767,606,951,825,976
1030,928,800,1110,1007,996,1051,834,917,1036,993,1095,984,1080,889,1041,1002,1117,954,964,1080,917,1119,965,1102,1053,939,1060,1065,947,1010,840,1103,1043,892,668,934,1083,838,995,1031,1026,355,1007,945,976,1034,856,925,627,739,1017,846,612,1013,1043,1027,1078,1009,1059,1018,817,739,905,813,1078,892,1089,1036,1030,874,870,1082,907,943,1017,895,794,878,1061,672,881,1046,1029,1108,746,1062,711,1031,1065,979,963,768,610,948,823,976
1031,926,803,1109,1008,995,1048,835,920,1035,987,1092,988,1078,889,1043,1004,1114,953,964,1077,918,1118,965,1100,1048,937,1059,1066,949,1009,835,1101,1039,895,668,934,1079,840,993,1030,1024,356,1004,941,976,1031,858,927,628,742,1016,845,616,1005,1038,1026,1076,1008,1058,1018,819,736,906,811,1081,891,1086,1033,1033,871,871,1085,909,940,1017,902,793,874,1059,672,879,1044,1030,1104,750,1060,710,1030,1063,978,960,769,614,950,825,976
1032,926,807,1107,1005,994,1048,834,922,1038,987,1091,991,1077,889,1040,999,1117,950,963,1078,917,1112,965,1100,1049,934,1053,1060,949,1009,840,1104,1037,896,668,933,1076,837,997,1030,1019,357,1001,940,976,1027,855,930,630,739,1018,844,618,1008,1034,1028,1071,1008,1057,1017,815,738,904,809,1080,890,1083,1034,1031,871,870,1083,910,943,1018,899,790,877,1056,675,879,1044,1029,1104,751,1057,710,1030,1058,977,965,770,615,949,824,975
1033,928,805,1106,1002,992,1046,839,919,1035,980,1088,990,1075,889,1039,997,1115,949,957,1071,915,1107,964,1096,1048,934,1051,1057,951,1008,840,1099,1033,895,674,932,1075,843,994,1030,1018,363,1003,940,978,1025,854,932,634,742,1018,844,620,1006,1033,1027,1068,1007,1054,1018,812,740,906,810,1078,892,1083,1029,1028,870,869,1080,908,943,1017,902,793,878,1052,675,879,1040,1031,1100,752,1052,709,1033,1058,973,960,773,618,946,826,974
1034,924,808,1104,1001,988,1044,841,917,1033,975,1088,987,1067,892,1035,993,1115,947,956,1071,916,1106,965,1095,1046,930,1049,1053,949,1004,838,1095,1032,893,675,932,1077,840,986,1033,1016,366,999,941,973,1022,854,933,634,742,1019,845,618,1002,1036,1027,1067,1001,1052,1017,810,742,908,808,1076,892,1079,1029,1028,866,866,1081,912,945,1019,904,793,876,1050,679,878,1036,1032,1096,751,1051,711,1030,1057,971,962,778,620,944,829,971
1035,924,805,1099,1000,987,1045,840,917,1035,972,1088,990,1064,900,1032,990,1109,946,955,1073,914,1103,965,1095,1044,926,1050,1052,947,1004,838,1093,1033,894,676,932,1076,842,983,1034,1017,369,998,942,974,1021,852,931,636,742,1015,843,618,1003,1035,1023,1062,998,1049,1018,817,742,906,810,1075,892,1079,1029,1025,862,865,1081,914,947,1020,905,799,872,1049,677,878,1035,1032,1096,754,1048,710,1033,1054,976,964,781,621,943,827,971
1036,926,805,1097,1000,989,1042,841,918,1034,970,1083,992,1063,901,1035,990,1102,944,953,1077,914,1095,966,1094,1045,928,1047,1053,949,1001,838,1090,1033,895,676,931,1071,843,982,1032,1021,372,999,942,975,1020,852,929,639,740,1013,841,617,1002,1035,1020,1060,993,1049,1020,821,745,907,813,1071,887,1080,1029,1025,858,863,1082,916,946,1019,905,802,870,1053,676,877,1034,1032,1095,756,1045,707,1029,1049,973,966,780,625,941,831,972
1037,926,807,1095,994,989,1036,843,925,1033,967,1082,991,1060,904,1036,985,1099,944,951,1076,913,1094,964,1094,1049,929,1045,1053,950,1001,838,1086,1030,888,675,933,1067,844,982,1029,1023,375,1001,942,973,1020,856,930,641,740,1012,839,619,998,1032,1019,1056,990,1050,1019,823,748,906,815,1068,888,1079,1029,1024,859,865,1083,914,945,1016,904,801,866,1050,675,881,1034,1035,1096,761,1048,706,1027,1045,973,962,782,627,942,833,973
1038,923,811,1091,994,988,1033,844,922,1030,968,1082,991,1062,906,1035,982,1096,944,950,1073,911,1097,963,1092,1048,927,1041,1049,951,1001,839,1090,1029,889,672,934,1067,846,984,1029,1019,378,999,940,975,1019,854,932,645,741,1011,838,622,994,1032,1017,1053,987,1048,1018,826,750,902,814,1066,891,1076,1032,1026,862,867,1083,914,938,1017,905,805,865,1052,676,885,1028,1036,1100,762,1046,709,1030,1043,975,964,785,629,943,834,971
1039,924,806,1088,991,987,1031,843,922,1027,964,1080,988,1061,904,1032,980,1094,941,949,1069,910,1094,966,1089,1043,927,1040,1044,952,999,836,1090,1027,886,673,934,1066,849,982,1028,1022,378,1000,936,977,1013,855,928,650,741,1009,837,627,987,1032,1017,1052,984,1048,1015,823,750,902,816,1064,891,1076,1030,1025,864,865,1085,912,936,1018,910,807,867,1049,676,890,1024,1034,1096,763,1047,714,1029,1039,972,962,786,631,944,834,971
1040,926,805,1087,987,984,1031,842,922,1027,961,1078,989,1059,904,1030,981,1091,935,951,1067,913,1091,968,1086,1035,926,1038,1040,949,999,838,1088,1028,889,676,936,1065,851,978,1026,1024,380,1002,934,975,1012,854,932,649,740,1006,835,630,984,1031,1011,1050,980,1046,1012,820,755,903,816,1064,894,1075,1028,1022,864,863,1083,914,938,1015,910,808,866,1048,677,890,1022,1035,1091,762,1045,711,1028,1037,971,965,786,635,942,837,975
1041,928,803,1085,984,984,1031,846,926,1022,954,1074,986,1056,905,1029,978,1088,938,950,1067,913,1092,968,1082,1033,923,1030,1035,951,999,838,1087,1025,891,678,936,1063,850,976,1025,1020,384,1004,932,976,1009,856,929,652,741,1007,831,630,983,1029,1010,1046,979,1045,1014,816,757,901,814,1064,896,1072,1026,1020,863,862,1080,914,937,1013,912,809,865,1049,680,889,1019,1037,1086,761,1043,711,1026,1037,974,965,784,640,945,836,974
1042,930,804,1082,984,978,1030,846,925,1023,955,1073,987,1053,903,1028,980,1084,935,949,1067,914,1090,969,1079,1034,927,1027,1032,948,1000,844,1085,1020,892,675,934,1060,851,975,1026,1020,386,1003,928,976,1008,852,931,649,744,1007,834,637,981,1028,1013,1043,977,1041,1013,822,756,896,816,1062,898,1073,1028,1018,861,863,1081,917,935,1008,915,803,863,1048,677,890,1018,1036,1083,761,1040,715,1023,1036,977,961,782,645,944,838,978
1043,929,805,1080,984,975,1026,846,924,1019,952,1069,988,1047,905,1025,978,1082,932,949,1067,914,1091,966,1077,1031,921,1020,1032,949,998,848,1084,1018,891,673,934,1058,849,971,1025,1019,388,1007,927,976,1005,851,934,651,743,1006,836,637,980,1027,1010,1040,973,1040,1012,824,757,898,816,1061,898,1068,1024,1015,862,861,1082,914,935,1004,914,803,862,1045,678,887,1017,1033,1082,761,1039,715,1027,1037,973,959,784,648,945,840,977
1044,932,807,1080,985,971,1022,846,921,1017,952,1067,988,1045,910,1027,977,1081,929,950,1061,921,1090,966,1075,1029,920,1019,1030,950,997,852,1082,1018,895,672,934,1059,847,970,1022,1017,388,1006,925,976,1004,848,934,652,744,1003,839,639,975,1023,1009,1034,972,1035,1009,827,763,901,817,1057,900,1066,1024,1014,864,858,1080,916,934,1005,917,805,859,1044,680,887,1016,1036,1074,763,1035,716,1026,1035,976,960,784,650,944,839,978
1045,930,811,1078,986,972,1020,847,921,1011,949,1065,989,1047,913,1024,979,1081,926,950,1057,917,1089,966,1073,1026,924,1019,1022,946,998,854,1080,1011,894,670,931,1063,846,972,1022,1015,389,1004,923,975,1002,849,935,653,747,1001,843,638,977,1022,1012,1030,971,1036,1007,828,761,905,815,1058,899,1066,1024,1014,861,862,1080,914,934,1004,920,806,859,1042,687,891,1016,1033,1072,762,1032,716,1027,1034,977,960,780,651,943,840,976
1046,928,809,1075,983,974,1021,847,922,1011,949,1064,987,1048,914,1024,978,1078,926,946,1053,918,1089,968,1072,1025,925,1015,1016,945,991,854,1077,1007,895,675,929,1065,848,968,1020,1012,392,1005,924,972,999,848,935,653,751,1001,844,639,980,1017,1010,1025,970,1034,1011,832,766,906,815,1051,901,1066,1025,1010,863,861,1078,916,934,1002,918,804,858,1039,691,890,1010,1034,1070,762,1028,720,1022,1030,972,958,785,650,945,839,977
1047,929,809,1073,978,971,1019,850,923,1010,945,1063,982,1046,916,1015,978,1077,929,946,1049,916,1086,972,1068,1026,924,1012,1012,944,990,855,1077,1003,898,678,931,1067,846,968,1020,1008,395,1005,921,972,998,848,936,657,750,1000,839,636,980,1016,1009,1023,966,1034,1012,829,772,903,815,1050,903,1064,1024,1007,866,859,1075,915,935,1000,917,804,858,1039,693,888,1010,1033,1072,760,1023,722,1017,1031,970,955,781,649,946,837,977
1048,927,810,1073,975,970,1014,850,925,1008,942,1060,977,1044,912,1009,977,1075,930,947,1047,915,1084,969,1068,1027,927,1011,1011,941,985,859,1076,1001,898,678,932,1066,846,965,1018,1008,400,1007,920,972,999,849,934,661,751,999,839,636,980,1017,1009,1022,965,1034,1011,830,769,901,811,1046,900,1061,1026,1007,868,860,1074,914,934,1001,913,806,858,1034,697,891,1009,1033,1069,762,1023,719,1018,1026,970,957,782,652,950,838,975
1049,925,817,1071,976,966,1012,850,926,1005,936,1057,975,1043,911,1006,977,1069,926,942,1042,913,1080,966,1067,1027,927,1008,1012,941,986,859,1073,1002,893,676,932,1060,846,964,1018,1005,401,1007,921,969,998,852,937,662,754,1000,841,633,979,1016,1006,1020,962,1033,1011,829,769,905,813,1044,899,1060,1023,1005,867,862,1072,917,933,1002,917,807,857,1035,698,885,1009,1034,1072,764,1020,721,1016,1027,969,957,782,649,950,838,979
1050,926,816,1071,975,963,1014,846,924,1003,935,1055,977,1040,910,1004,975,1065,926,944,1039,910,1081,964,1066,1024,925,1007,1010,941,984,866,1072,1002,893,678,931,1058,843,959,1015,1000,403,1004,923,970,997,849,939,666,754,1002,838,633,977,1013,1007,1017,958,1024,1009,830,767,905,817,1041,903,1054,1019,1003,868,864,1073,913,934,998,916,808,860,1032,700,881,1009,1035,1071,765,1017,720,1013,1026,967,955,781,652,951,840,977
1051,926,820,1075,977,964,1014,848,925,1000,932,1053,975,1037,908,1003,975,1059,925,938,1039,908,1079,963,1065,1023,925,1008,1011,941,984,862,1071,1002,894,678,932,1054,844,958,1014,999,407,1002,919,967,997,848,938,666,751,998,835,635,977,1008,1005,1014,956,1020,1008,835,763,909,815,1039,899,1050,1018,1000,868,865,1073,915,934,996,918,809,861,1031,700,882,1008,1033,1071,767,1017,719,1013,1026,965,953,783,652,955,844,976
1052,927,822,1077,977,962,1011,846,925,1000,930,1050,972,1033,911,1002,975,1057,925,936,1037,908,1076,958,1062,1024,925,1011,1012,941,983,861,1070,1001,894,683,930,1050,844,954,1016,1002,411,1003,919,970,996,850,935,668,751,996,833,637,975,1006,1004,1010,953,1018,1010,836,769,906,821,1038,900,1049,1015,1000,867,863,1070,919,933,997,913,809,862,1030,700,882,1009,1030,1069,766,1022,720,1006,1025,961,954,786,658,959,844,977
1053,929,825,1076,975,964,1005,843,921,996,929,1047,974,1031,911,1001,976,1052,925,934,1035,908,1076,956,1059,1020,925,1012,1008,938,983,860,1069,999,896,684,927,1048,845,955,1013,1001,414,999,917,969,996,848,937,670,751,994,836,640,974,1001,1004,1006,949,1014,1009,836,773,905,820,1038,902,1049,1010,1000,868,859,1068,920,933,999,916,809,863,1030,703,881,1009,1029,1069,768,1020,724,1005,1023,962,953,787,657,955,845,979
1054,929,829,1074,972,962,1005,843,923,994,924,1045,975,1031,909,998,973,1051,926,932,1031,906,1071,959,1059,1017,929,1012,1008,939,981,861,1063,993,896,686,928,1048,841,953,1013,999,417,994,915,970,994,848,938,673,760,991,837,646,973,1000,1003,1007,948,1011,1008,837,771,905,818,1036,904,1045,1007,998,870,860,1066,921,932,1001,918,810,858,1030,704,880,1006,1028,1069,773,1014,726,1006,1020,957,951,787,658,952,845,979
1055,928,828,1075,966,961,1002,844,924,995,921,1045,977,1031,911,993,971,1053,925,932,1030,903,1072,958,1056,1009,929,1007,1007,935,980,859,1056,991,898,687,931,1047,844,955,1012,998,418,997,915,968,993,851,939,675,761,990,837,648,974,996,1003,1002,948,1006,1007,838,776,902,821,1037,903,1039,1003,999,868,867,1059,924,931,995,922,812,856,1028,709,881,1006,1028,1068,775,1012,727,1006,1020,959,952,787,659,953,846,980
1056,928,828,1075,965,961,999,840,923,994,918,1044,980,1032,912,990,971,1050,923,931,1025,901,1071,961,1052,1008,928,1005,1008,934,981,858,1054,989,896,687,931,1049,844,958,1009,999,418,996,917,965,989,851,934,672,760,990,838,649,975,996,1002,1003,945,1005,1006,840,776,904,824,1034,908,1033,1001,998,869,867,1054,922,931,990,927,811,856,1026,711,883,1003,1026,1069,773,1011,727,1004,1019,960,951,789,658,954,848,984
1057,929,828,1076,966,961,999,839,921,991,914,1039,983,1031,910,986,970,1049,924,934,1020,901,1070,961,1050,1006,929,1003,1007,933,979,855,1048,989,898,689,932,1045,845,958,1006,999,420,994,913,967,987,847,936,673,759,990,836,651,971,995,1005,1004,942,1002,1005,838,782,903,820,1034,907,1030,1004,995,868,868,1052,922,932,987,928,812,854,1026,712,883,1000,1021,1063,773,1007,727,1002,1016,962,950,790,660,956,849,985
1058,925,827,1075,965,959,994,841,920,989,914,1039,986,1029,910,985,969,1050,918,930,1014,902,1068,956,1049,1004,930,1000,1004,931,975,857,1045,985,899,690,934,1044,843,960,999,996,424,990,910,968,987,848,936,676,759,988,841,651,970,992,1002,1003,938,999,1004,839,781,903,822,1034,906,1031,1002,993,868,872,1049,921,936,988,930,811,854,1024,711,881,997,1019,1061,767,1002,730,1002,1015,961,948,791,660,960,850,982
1059,929,825,1072,965,955,992,844,920,991,913,1040,985,1021,909,983,969,1046,919,926,1008,902,1070,958,1048,1003,927,1001,1004,930,976,855,1041,982,900,688,927,1041,843,962,996,996,426,988,910,968,984,848,934,678,759,986,844,652,965,988,1001,1003,938,995,999,840,780,901,826,1033,906,1028,998,990,868,874,1042,922,937,983,931,811,854,1021,714,881,997,1018,1061,769,999,729,998,1014,968,945,793,659,964,849,981
1060,932,825,1070,963,956,983,844,921,993,911,1036,988,1016,906,980,970,1042,917,923,1002,903,1073,958,1043,1001,931,1000,1002,930,976,857,1041,981,898,690,926,1040,845,960,993,995,427,987,912,967,982,848,932,685,764,985,844,650,964,989,999,999,936,995,1000,838,781,898,826,1029,905,1025,995,989,868,876,1041,920,936,984,932,809,854,1017,716,882,995,1018,1058,771,993,734,996,1010,966,945,794,660,958,848,974
1061,934,824,1062,962,952,983,842,919,991,909,1035,986,1013,905,978,965,1042,916,921,1001,898,1073,958,1041,999,932,998,1001,931,974,859,1035,977,901,695,925,1041,845,959,988,994,426,983,913,966,982,849,933,686,762,984,846,654,963,985,998,996,935,992,992,838,783,896,826,1026,905,1023,994,990,869,877,1037,920,936,982,926,807,855,1014,716,881,994,1018,1055,774,989,733,995,1010,963,941,797,661,957,850,974
1062,933,824,1063,961,950,985,841,919,992,905,1034,984,1013,901,974,965,1042,915,920,996,894,1068,959,1038,998,930,995,1002,926,971,859,1033,970,900,697,924,1042,847,959,985,989,427,981,913,966,978,849,932,688,763,983,843,655,961,986,997,994,930,989,991,837,785,892,823,1026,909,1020,995,989,869,877,1035,916,938,976,928,809,853,1013,718,882,992,1015,1053,774,991,731,993,1009,963,936,797,662,958,847,971
1063,931,826,1061,963,948,983,844,912,992,902,1036,984,1010,902,969,967,1036,912,916,996,893,1066,957,1037,997,931,995,1001,927,968,857,1028,965,900,698,922,1035,849,959,984,987,429,981,915,962,980,848,931,689,762,980,842,655,958,987,998,993,929,986,990,839,789,894,826,1023,905,1019,993,987,867,879,1032,914,939,974,931,810,854,1012,717,877,993,1014,1051,774,990,731,993,1005,961,938,800,667,950,848,970
1064,930,825,1061,963,947,982,845,912,991,900,1031,979,1007,906,967,962,1038,912,913,993,895,1066,957,1032,998,930,994,1001,927,967,856,1029,960,900,702,918,1037,849,958,986,983,431,980,917,961,975,848,933,691,765,980,847,654,956,983,998,992,922,984,991,842,788,888,822,1021,901,1015,989,987,869,879,1025,911,943,972,931,805,855,1010,717,881,993,1013,1048,777,990,736,996,1004,963,934,799,672,948,849,972
1065,932,824,1059,964,947,978,847,908,988,900,1026,978,1003,912,967,960,1036,913,908,993,893,1065,956,1033,996,927,989,996,927,968,855,1030,961,901,704,918,1034,850,957,984,977,435,979,920,963,974,850,933,695,763,980,851,654,953,983,996,990,918,980,990,841,789,888,819,1020,899,1011,989,985,866,877,1025,910,941,971,935,802,852,1010,713,880,990,1015,1048,779,990,738,995,1000,963,929,798,674,950,852,971
1066,931,822,1058,960,947,973,845,905,988,899,1024,979,1001,912,962,961,1032,912,903,990,893,1064,956,1030,995,926,989,994,924,964,858,1026,960,898,704,916,1033,849,957,980,975,438,978,920,966,974,851,931,701,761,977,851,654,949,981,995,988,914,974,987,839,791,883,820,1018,900,1010,988,986,866,874,1024,908,943,971,937,799,854,1005,710,877,988,1015,1044,783,989,741,994,999,963,927,798,676,951,850,970
1067,931,818,1055,957,946,972,847,901,984,900,1023,980,1001,908,958,962,1032,911,898,987,892,1061,953,1029,992,929,988,991,923,962,857,1022,958,896,707,915,1028,845,954,978,973,439,977,919,962,970,850,925,701,763,979,850,658,948,982,991,985,914,969,988,837,795,882,818,1021,898,1007,986,986,863,873,1022,910,942,971,938,798,853,1002,711,878,987,1013,1042,783,989,740,992,995,959,923,798,681,949,850,967
1068,931,814,1053,950,946,969,851,901,977,899,1026,979,1000,908,955,964,1030,914,896,983,891,1060,953,1026,988,929,985,990,921,965,860,1020,956,895,706,915,1020,846,954,977,965,442,971,917,957,967,848,929,705,762,976,848,658,947,980,985,979,909,961,986,840,800,883,818,1017,902,1004,983,984,864,872,1021,909,941,968,940,800,852,1000,713,876,982,1011,1042,786,989,743,989,994,957,925,796,681,948,850,968
1069,927,816,1053,947,945,968,852,900,976,896,1025,980,998,908,955,963,1029,912,893,979,888,1057,951,1026,985,932,983,988,921,963,865,1020,952,898,710,912,1020,845,955,974,965,444,967,916,954,966,850,930,707,762,976,851,659,945,977,984,977,906,960,983,839,798,880,820,1018,904,999,985,984,865,871,1019,909,941,965,940,803,851,1003,713,873,977,1013,1042,785,985,741,989,995,954,918,798,679,950,852,967
1070,926,819,1050,947,942,966,852,902,971,895,1024,975,996,909,949,960,1027,912,891,976,889,1055,950,1024,985,934,983,987,918,958,865,1017,948,893,713,909,1018,846,956,978,961,444,963,914,955,964,851,928,710,763,978,852,656,943,978,986,974,903,957,979,838,802,876,816,1015,909,997,986,981,866,870,1018,909,943,961,935,800,851,1003,712,871,974,1010,1041,785,987,744,984,993,954,921,798,681,947,856,964
1071,927,818,1048,948,941,964,850,899,969,893,1020,975,993,907,947,955,1026,909,890,976,886,1054,953,1022,984,932,981,984,917,961,866,1010,944,892,711,908,1016,844,953,969,961,443,962,911,955,959,848,927,713,763,977,851,656,944,980,984,973,903,952,981,842,801,875,813,1010,911,997,983,981,868,871,1012,908,943,960,932,801,850,1003,713,872,970,1010,1040,788,987,749,984,990,954,921,800,685,943,856,960
1072,931,819,1046,946,938,961,850,897,967,894,1014,976,992,906,947,956,1024,907,889,975,885,1053,953,1018,979,932,978,985,915,959,866,1006,943,895,710,904,1013,845,951,970,964,443,961,907,953,957,849,929,718,763,973,849,657,945,978,984,969,901,952,981,842,805,875,816,1000,908,995,982,981,868,870,1008,910,945,957,929,803,850,1002,715,874,966,1006,1039,788,985,747,980,988,954,921,799,687,943,857,958
1073,929,821,1044,941,932,960,852,900,966,894,1015,973,988,906,942,959,1020,904,888,971,885,1051,954,1016,975,933,974,980,914,960,866,1005,942,897,714,905,1013,845,952,971,964,443,957,910,951,956,847,931,722,764,971,850,663,946,975,983,964,897,948,982,843,806,877,817,1002,904,988,981,980,867,871,1006,907,945,954,932,806,852,998,714,877,961,1005,1037,786,981,746,980,986,951,920,799,688,941,856,956
1074,924,820,1038,940,928,959,853,902,961,894,1013,971,986,905,941,958,1016,904,886,968,885,1046,950,1015,976,929,974,975,911,961,867,1004,936,899,717,903,1011,845,950,971,961,445,956,911,947,957,845,934,730,768,972,850,664,944,970,982,964,890,950,981,841,813,879,816,997,904,988,979,980,869,870,1003,905,945,951,933,809,852,993,716,875,960,1005,1035,785,979,748,977,985,948,919,797,686,937,859,956
1075,923,824,1033,938,920,954,851,900,958,894,1009,971,978,908,938,955,1011,904,888,962,888,1041,946,1012,973,929,971,973,911,961,866,1002,928,898,718,907,1007,845,953,969,960,446,956,910,949,957,846,936,731,768,971,849,665,944,969,981,961,887,948,982,838,813,878,814,986,906,984,981,981,868,868,1001,904,944,951,934,811,851,991,718,873,956,1004,1032,786,978,750,977,981,944,916,794,689,937,859,955
1076,923,827,1030,931,922,954,854,902,954,892,1005,972,972,908,937,951,1011,902,887,961,885,1037,943,1011,971,930,968,969,911,961,863,995,928,899,722,903,1005,848,952,970,960,448,956,911,947,956,845,937,730,769,972,847,668,941,967,978,960,885,946,982,837,812,880,813,980,906,987,979,979,866,863,1003,901,940,947,935,811,848,990,720,874,955,1004,1029,787,978,749,976,977,944,913,794,687,936,858,952
1077,917,828,1026,930,924,955,849,903,951,887,1003,969,971,904,936,951,1008,899,885,958,880,1037,942,1009,967,932,967,966,911,960,862,991,928,897,723,906,1005,852,950,969,955,451,952,911,944,956,844,934,732,772,974,847,668,941,964,975,954,886,946,982,839,810,880,812,976,906,987,981,978,866,859,1001,897,939,945,936,814,849,983,719,873,955,1005,1029,785,972,750,975,975,944,915,793,689,938,858,952
1078,919,829,1021,932,922,952,847,908,948,891,997,967,969,905,935,953,1008,897,885,953,880,1033,944,1003,966,934,963,963,910,956,866,986,925,895,726,902,1001,853,949,969,952,453,950,912,944,954,845,936,733,775,972,846,669,944,967,977,954,884,944,982,832,809,883,810,974,908,985,974,977,867,859,1001,899,940,943,939,814,850,981,717,873,956,1005,1032,787,966,751,975,973,940,916,792,695,937,861,950
1079,918,832,1019,930,918,948,847,907,945,891,995,965,969,906,935,951,1010,897,885,948,876,1030,940,995,968,933,958,959,910,953,868,985,924,895,727,900,998,852,948,966,951,455,944,910,945,956,845,936,735,777,970,844,667,941,968,977,952,885,944,977,828,808,881,813,972,906,983,969,975,869,860,997,899,941,945,937,815,844,980,722,874,954,1006,1033,786,964,751,974,968,938,915,792,697,938,859,949
1080,915,834,1018,928,918,945,851,907,941,888,992,963,967,902,934,948,1009,897,885,948,876,1028,936,992,966,932,956,958,907,953,871,981,920,895,726,897,998,853,947,964,947,457,944,907,947,955,848,936,737,773,971,845,669,939,969,974,947,883,940,975,832,807,877,815,971,906,982,968,971,872,858,994,896,939,946,937,814,845,980,723,879,955,1006,1030,789,962,749,974,964,938,919,792,699,940,861,947
1081,913,837,1015,926,915,940,848,910,940,887,991,962,963,899,936,948,1005,893,883,945,873,1025,933,993,965,932,953,955,907,950,873,978,917,892,729,896,993,851,943,966,946,461,940,904,945,953,847,936,734,770,970,848,669,939,967,976,943,879,939,974,829,811,877,818,970,902,981,964,971,871,860,991,898,934,945,942,809,848,979,727,879,949,1005,1025,795,955,753,974,960,937,922,792,701,936,863,948
1082,910,837,1016,921,916,938,852,907,939,883,986,959,964,901,935,948,1004,890,883,942,870,1024,932,986,964,930,954,952,908,950,869,977,914,893,728,894,988,855,940,965,943,464,938,902,946,950,843,936,735,771,967,848,669,937,967,973,942,872,934,969,829,810,876,814,972,900,977,962,971,871,859,990,896,933,941,939,810,845,975,731,880,946,1003,1018,796,960,757,974,958,933,921,794,700,935,866,944
1083,906,837,1013,921,916,936,851,907,936,878,982,959,958,900,933,945,1000,887,884,938,871,1016,933,986,963,929,950,955,909,947,871,976,912,889,730,892,988,854,941,965,941,464,935,896,943,948,841,939,734,773,964,846,671,933,967,972,938,866,931,964,828,811,877,820,965,899,977,966,972,870,859,989,897,934,940,939,808,843,978,730,879,942,1004,1014,798,957,756,971,955,931,920,798,704,933,861,942
1084,904,840,1009,921,918,931,855,908,935,876,977,960,952,896,929,943,997,889,882,935,874,1016,934,984,956,926,946,950,910,945,872,977,910,894,732,892,986,852,938,965,941,464,932,893,939,945,844,942,735,772,961,843,671,932,965,973,938,862,929,964,826,814,878,824,965,899,973,964,972,870,858,986,899,932,939,943,805,844,973,731,877,941,1004,1015,801,953,755,969,954,929,920,797,702,933,862,938
1085,908,840,1005,920,915,929,856,907,929,873,977,965,952,895,929,940,994,889,876,932,871,1012,934,982,952,926,944,947,907,945,871,972,909,894,734,893,982,848,938,962,940,465,928,891,938,935,846,938,736,772,962,840,675,933,964,975,936,857,929,963,826,814,879,824,963,898,970,958,969,870,855,983,897,928,937,945,805,845,970,733,876,938,1000,1014,800,944,757,970,948,924,920,793,702,932,860,935
1086,910,840,1002,924,914,924,859,910,927,867,973,964,947,899,928,934,992,887,876,928,873,1008,932,978,949,923,941,944,907,944,870,968,908,899,735,891,978,845,938,957,938,464,921,888,933,928,844,939,738,769,959,840,675,935,963,975,935,855,928,961,831,813,875,824,959,896,968,961,967,865,855,979,895,924,937,941,807,845,967,733,873,935,992,1013,801,943,760,967,942,923,919,794,699,929,860,935
1087,903,841,1001,925,911,920,857,908,923,867,972,962,945,899,929,931,989,885,873,924,873,1005,933,977,945,924,938,942,904,943,870,965,908,898,734,892,978,846,938,952,939,467,920,884,931,927,842,940,737,770,955,843,672,932,963,975,933,856,929,961,831,811,875,824,958,892,964,962,966,865,853,979,897,921,936,938,808,845,965,733,873,933,989,1010,807,941,764,965,938,919,919,795,701,926,858,936
1088,903,842,1000,925,913,916,857,905,921,862,968,960,943,898,926,926,986,884,869,922,872,1002,937,976,944,924,938,940,899,939,870,963,908,898,734,889,979,844,935,951,938,468,920,884,932,926,840,940,737,771,956,841,674,929,960,972,933,856,928,961,833,809,877,823,952,891,965,960,960,864,854,976,893,918,935,935,809,845,959,732,872,926,987,1007,805,939,764,966,934,917,920,793,701,926,862,933
1089,902,845,998,925,914,914,861,903,919,858,965,958,940,896,926,926,981,881,864,920,865,1002,938,974,939,924,935,938,898,940,869,962,901,897,735,890,976,845,932,947,936,470,923,881,929,925,844,940,735,775,958,843,679,921,959,972,933,851,927,955,832,809,876,825,948,887,963,955,957,864,851,971,894,916,930,940,811,840,957,733,874,926,982,1004,806,933,765,962,932,917,920,792,698,925,863,934
1090,899,845,996,920,915,914,861,906,920,854,964,957,937,895,927,927,979,880,859,916,861,999,937,966,938,927,930,935,899,939,871,959,901,898,739,888,973,845,933,944,934,471,924,883,927,920,843,939,738,776,955,841,681,919,960,971,933,848,927,956,833,812,878,818,946,886,958,952,958,864,850,968,893,915,928,942,812,842,954,735,870,925,980,1001,805,930,767,962,930,915,919,793,698,920,862,931
1091,893,842,994,919,911,912,856,906,914,850,964,957,933,897,926,929,977,879,860,911,858,999,931,964,938,925,927,932,899,938,872,957,902,896,736,889,972,847,929,941,932,474,922,884,920,919,844,940,736,777,955,843,681,918,962,970,933,848,927,956,834,809,877,821,944,885,953,953,960,863,847,965,891,915,928,937,814,842,955,735,869,921,978,999,805,927,766,960,928,911,914,791,699,917,864,927
1092,889,842,989,919,909,907,854,905,914,847,958,958,927,894,927,931,975,883,854,907,860,998,927,962,939,923,926,926,897,939,873,953,902,896,740,887,969,844,924,938,930,472,918,884,918,918,845,939,739,779,954,843,679,917,961,970,931,840,926,952,837,808,873,822,943,885,950,953,959,862,846,963,888,914,925,936,815,844,953,731,873,920,976,994,805,919,767,960,927,908,915,792,699,914,863,929
1093,887,845,988,918,906,907,857,901,911,841,954,956,926,895,924,927,967,881,852,902,858,996,928,959,934,924,922,923,892,938,874,953,901,897,740,886,963,843,921,939,928,472,916,888,917,918,845,939,745,778,953,842,677,915,956,963,928,837,923,948,837,812,871,818,942,882,947,950,956,860,843,957,887,916,921,932,814,842,952,732,874,917,979,992,808,917,766,960,927,907,912,797,699,919,860,924
1094,888,847,985,915,904,904,857,898,909,843,949,957,918,891,921,925,968,883,850,898,857,991,930,955,930,922,921,921,889,937,875,945,902,895,740,886,963,840,919,940,926,474,916,886,918,917,844,939,746,776,951,839,678,911,955,962,927,834,920,948,835,812,870,816,940,883,941,948,955,857,843,950,888,916,920,927,813,844,948,732,872,913,978,991,807,913,764,958,924,906,912,798,702,922,862,924
1095,888,847,982,914,903,905,855,896,903,842,946,956,918,895,918,925,968,881,847,895,854,988,928,949,926,920,919,919,887,933,881,942,900,892,739,882,962,837,919,937,924,473,916,881,920,915,846,937,746,779,949,838,681,912,955,958,922,834,920,947,836,815,866,817,937,882,939,951,954,860,843,947,889,915,920,929,813,842,947,733,869,912,979,987,808,909,759,960,923,904,911,799,705,921,860,921
1096,891,843,979,914,900,898,853,900,900,841,942,955,918,891,918,924,965,880,848,892,854,979,927,947,924,919,917,916,887,930,879,938,898,887,740,880,962,839,917,934,925,473,915,882,921,912,842,935,750,781,946,838,678,912,952,954,923,834,920,940,839,814,865,819,934,882,937,949,948,858,845,947,887,908,920,930,811,841,946,733,869,910,976,985,809,906,761,960,923,905,911,801,704,919,859,918
1097,889,842,977,914,898,898,851,898,898,838,941,959,914,890,914,923,961,879,845,886,855,977,927,947,922,916,914,912,885,927,874,932,899,887,740,880,960,842,915,930,923,476,913,883,916,906,844,935,751,784,941,841,681,912,945,951,920,832,915,935,836,814,863,821,932,883,932,949,944,855,847,943,887,907,918,931,810,840,944,731,871,907,977,982,810,904,766,958,920,903,911,799,707,917,857,912
1098,888,842,975,911,896,899,852,897,895,839,939,960,912,889,911,922,959,878,845,882,854,971,924,946,923,917,913,909,880,924,874,930,897,887,735,879,956,844,914,929,918,479,912,883,915,905,846,935,753,782,938,836,683,911,942,948,920,830,909,929,837,817,862,826,931,884,929,946,943,854,848,943,886,908,919,932,810,839,942,731,870,907,972,982,809,901,770,956,917,903,909,799,708,912,854,912
1099,889,839,975,910,896,896,854,895,895,838,933,958,908,887,907,921,954,878,844,878,854,968,922,944,921,915,910,904,880,921,874,928,895,887,734,881,955,847,914,927,914,482,912,883,911,904,847,935,755,783,935,837,682,909,938,944,915,825,906,926,839,819,857,826,925,887,929,942,941,853,846,938,887,908,918,932,811,842,942,733,874,905,968,982,809,898,769,951,917,903,910,797,710,910,851,909
1100,884,841,974,906,894,892,860,895,892,837,928,957,908,884,906,920,952,876,846,877,855,967,923,941,919,912,907,899,879,924,877,924,893,885,737,881,952,847,913,926,911,484,911,882,910,899,846,933,752,785,933,836,684,909,937,945,913,826,901,923,837,814,856,828,922,884,924,940,936,854,848,938,885,909,918,929,808,842,941,732,875,902,965,984,806,894,768,948,915,902,911,798,708,910,849,911
1101,887,840,972,903,892,889,858,897,890,837,924,957,907,881,904,918,947,874,842,877,856,964,923,939,917,912,905,896,879,925,877,923,890,885,735,879,950,847,912,922,914,490,908,880,911,896,848,935,751,788,931,835,685,906,935,944,912,821,898,919,837,813,856,826,922,883,921,940,938,855,846,937,885,906,916,930,804,840,942,732,872,900,962,981,811,895,770,944,915,901,908,796,710,910,847,908
1102,886,838,969,899,885,887,860,896,891,836,919,955,905,882,900,916,943,872,843,874,857,961,923,936,915,912,898,894,876,924,873,919,889,882,735,876,948,844,910,915,911,495,907,876,911,895,846,935,751,789,933,834,688,909,930,939,911,818,895,918,836,816,853,825,919,882,917,939,932,854,843,935,882,905,921,932,805,839,936,732,875,897,965,978,811,892,768,942,914,904,907,795,708,910,847,904
1103,886,841,964,898,884,885,858,897,889,830,915,954,900,881,899,915,942,873,844,870,857,957,921,935,915,911,893,892,871,924,872,918,886,880,738,876,945,841,908,910,912,496,901,876,907,892,841,933,754,791,933,837,691,909,928,937,910,814,893,918,832,815,851,829,918,881,915,931,930,854,839,932,881,901,917,932,804,837,934,732,873,892,963,977,809,888,768,940,912,906,905,791,707,909,846,899
1104,888,835,962,898,881,883,855,894,889,826,908,953,896,886,899,913,935,871,843,866,854,956,920,933,911,908,890,891,868,923,872,915,884,877,741,875,943,839,908,909,913,495,900,875,900,891,840,934,754,790,932,837,691,907,928,938,907,810,891,917,831,816,856,830,917,885,915,930,927,853,839,931,880,903,913,932,806,838,932,733,870,890,960,974,810,886,768,936,909,906,903,788,708,908,848,899
1105,884,838,955,898,877,881,857,893,891,825,907,947,894,882,896,910,929,871,842,865,855,954,918,928,912,907,888,888,867,924,872,914,883,877,740,875,945,837,905,908,912,496,898,870,899,889,838,930,755,791,931,837,691,907,926,935,908,806,889,913,831,815,858,830,914,890,912,927,925,849,837,931,876,904,909,930,807,836,929,729,874,886,961,975,809,885,768,934,903,902,902,787,709,902,843,897
1106,883,834,953,897,875,876,855,892,887,824,907,945,888,881,891,910,929,870,840,866,853,943,917,926,910,908,886,884,864,923,873,911,880,880,740,871,942,839,902,906,907,500,896,866,897,885,835,929,750,789,927,837,694,906,925,933,904,803,888,911,833,814,857,828,909,889,907,927,922,850,838,929,877,902,910,929,806,833,926,729,875,884,959,973,808,883,769,934,902,899,904,786,709,904,843,893
1107,880,836,953,891,875,877,849,889,881,825,902,945,883,881,889,907,928,871,839,866,852,941,916,925,908,909,885,879,862,921,874,903,875,880,742,869,941,840,902,902,902,499,895,866,894,879,837,930,749,787,925,832,693,906,922,929,900,799,886,908,834,816,856,828,905,888,905,925,920,847,842,926,876,902,910,930,805,832,925,732,872,881,960,972,810,880,769,934,900,897,905,786,705,908,841,891
1108,881,835,949,888,870,875,848,891,879,821,901,946,879,881,889,904,926,869,836,862,847,939,918,923,907,909,884,876,859,917,873,900,874,879,746,865,937,841,898,899,899,500,892,865,891,876,839,931,752,784,922,829,694,905,917,926,896,796,884,903,832,815,852,830,898,888,905,916,919,845,838,920,874,899,906,930,804,826,924,735,870,876,957,969,810,875,767,929,899,893,904,785,705,905,841,885
1109,882,833,946,887,867,868,848,889,879,821,899,943,875,877,888,902,918,868,834,859,846,934,914,921,902,909,882,875,859,916,871,897,872,877,746,862,933,839,898,893,898,504,891,863,890,877,840,928,754,786,918,830,696,901,913,921,893,794,881,899,830,812,851,833,896,888,900,909,916,844,836,918,872,898,906,929,802,829,924,734,868,874,954,967,809,873,771,927,895,892,901,787,706,906,841,885
1110,883,832,943,887,864,864,849,891,874,818,894,942,875,872,886,903,914,865,834,856,844,931,913,915,897,906,878,874,857,914,871,896,868,877,748,863,930,834,899,894,895,506,889,861,890,876,840,928,752,785,916,830,696,895,906,916,889,793,882,897,829,809,850,834,891,889,896,905,915,841,837,919,875,892,907,926,800,830,919,736,868,871,947,965,810,873,772,925,893,891,901,786,703,905,843,882
1111,880,836,937,883,865,866,850,891,878,819,894,944,872,871,884,905,910,862,832,854,843,929,914,909,889,908,878,871,856,908,871,897,861,875,748,859,925,831,900,892,896,507,883,859,889,875,842,926,749,789,915,826,701,895,907,914,885,794,880,890,830,808,853,834,893,893,893,905,913,840,835,917,872,897,903,926,800,828,916,737,869,868,946,964,813,870,773,924,893,891,900,781,706,902,842,873
1112,882,838,933,877,864,866,852,888,879,816,890,944,870,873,882,906,909,858,831,855,844,925,913,907,883,909,874,868,855,905,870,894,860,873,747,859,924,831,898,893,894,510,884,860,887,873,840,927,752,789,911,823,702,892,907,912,882,792,878,892,826,809,852,832,890,893,890,903,912,839,829,917,872,894,903,925,797,828,915,738,868,866,950,963,816,869,771,922,892,891,899,779,708,899,842,871
1113,878,840,932,872,864,867,849,886,877,812,889,944,870,875,877,908,905,861,829,851,843,922,910,906,882,908,866,868,853,907,870,898,858,871,748,856,921,828,893,892,890,511,881,853,887,873,842,923,756,788,914,824,703,893,904,907,874,788,876,892,827,807,849,831,888,891,888,902,912,838,828,918,874,887,902,925,795,829,914,738,864,862,950,957,814,868,770,920,890,890,897,779,709,900,839,869
1114,876,839,931,871,864,867,851,889,873,811,884,943,869,874,877,910,907,854,829,846,842,919,910,901,878,906,862,864,852,902,870,896,855,868,750,858,913,828,892,892,888,514,879,852,887,870,843,924,758,785,913,825,708,893,903,904,872,784,871,894,826,808,849,827,887,891,885,899,912,838,829,917,870,886,901,921,795,826,914,738,864,860,950,956,817,868,769,920,885,888,895,779,711,898,838,867
1115,875,837,930,870,862,868,849,888,871,809,881,937,867,874,871,908,905,855,828,841,841,910,908,900,875,903,859,861,850,902,867,896,854,869,752,858,912,831,895,892,888,511,880,849,887,867,844,924,759,784,910,826,708,892,901,903,869,783,868,895,830,805,850,824,888,888,884,899,910,837,827,912,870,884,900,922,792,825,910,738,866,859,947,952,818,861,772,915,885,886,894,776,713,898,832,864
1116,876,839,929,867,856,864,849,886,863,807,877,936,867,874,869,909,900,852,824,839,842,912,906,902,870,900,856,859,848,901,866,892,854,869,754,858,916,832,891,889,884,509,879,843,887,863,845,920,758,785,908,828,708,892,900,899,862,782,864,890,835,802,851,827,887,889,882,897,909,838,827,911,872,883,895,921,791,823,910,736,863,857,939,946,812,862,768,914,883,883,892,775,716,901,832,862
1117,876,836,926,858,850,862,847,884,862,806,876,936,866,872,864,904,897,852,818,837,846,909,902,894,867,899,852,859,844,901,867,890,851,868,754,854,917,829,892,886,879,509,877,844,884,865,840,922,756,789,905,830,711,893,900,899,861,778,861,892,838,801,850,825,885,890,882,897,909,835,825,910,871,882,891,920,788,819,908,737,863,856,934,944,811,858,768,906,882,883,892,773,713,896,832,859
1118,875,836,924,857,847,860,847,886,862,804,875,934,864,873,864,900,895,847,817,833,845,909,902,890,866,898,852,855,843,894,867,887,849,867,754,851,917,829,891,884,881,512,875,843,880,867,839,918,756,794,902,828,716,888,898,897,858,778,857,891,837,804,852,825,880,885,875,891,908,833,821,906,868,885,889,917,787,817,906,734,863,855,931,941,811,854,768,900,880,885,889,775,715,894,829,856
1119,875,839,920,857,845,856,847,885,860,800,869,935,861,874,859,900,896,848,815,833,842,904,900,882,865,897,850,853,844,892,864,882,843,868,753,849,912,828,888,884,881,511,874,843,879,863,836,917,757,796,906,826,718,885,896,898,853,774,854,890,838,802,851,824,878,884,873,890,908,836,822,902,870,883,889,914,789,818,901,734,865,854,926,939,807,850,769,898,881,885,887,774,715,891,829,855
1120,875,839,919,852,839,853,848,881,861,798,864,936,854,875,856,900,892,846,811,830,841,902,901,880,862,895,848,846,843,887,863,880,838,870,753,848,909,827,887,880,875,511,869,843,878,861,836,916,756,794,904,825,719,882,898,897,850,772,850,889,835,800,848,824,876,881,869,885,906,838,822,895,868,879,886,908,787,820,898,736,865,853,924,939,808,850,772,896,880,884,883,776,711,891,829,851
1121,872,839,918,847,837,849,842,882,858,794,861,937,848,872,856,900,889,846,808,828,844,899,901,877,857,893,844,847,844,885,866,874,834,874,756,845,908,826,886,880,873,511,867,842,874,861,834,913,757,793,898,825,716,882,891,897,847,770,844,886,833,801,847,824,876,877,867,884,905,839,822,892,863,877,886,906,787,820,894,735,859,851,921,933,808,850,773,891,879,887,882,779,713,889,829,847
1122,871,840,915,847,837,847,843,882,854,790,856,931,846,870,849,902,885,846,809,826,840,896,904,874,854,893,840,845,840,885,871,870,832,876,755,844,907,823,881,877,871,512,864,841,871,860,834,913,757,790,896,827,715,881,887,900,844,769,839,887,834,800,842,820,873,874,864,880,900,840,821,888,863,876,881,901,784,822,892,730,858,849,919,931,810,849,776,887,871,884,881,782,711,888,832,843
1123,870,837,914,845,837,841,844,880,851,786,854,929,844,866,845,899,885,841,805,824,834,892,904,869,850,892,837,839,837,882,871,870,829,876,759,841,903,823,880,871,868,512,863,839,871,856,835,913,756,791,893,821,716,879,888,897,840,769,839,883,835,802,843,819,872,873,860,879,895,837,821,884,862,873,880,895,788,821,888,735,858,848,917,930,811,846,781,886,865,884,879,782,714,885,830,840
1124,867,835,914,843,830,834,844,880,848,782,847,927,841,865,839,896,884,842,805,823,834,889,901,865,846,887,836,838,836,878,867,869,823,877,764,839,900,822,879,868,867,516,859,836,867,856,836,912,758,790,889,818,713,878,887,895,839,766,837,881,831,803,845,815,871,872,856,879,892,838,820,883,860,871,875,893,790,822,884,734,856,849,914,930,811,842,781,885,862,881,879,783,717,883,833,840
1125,868,835,913,843,829,830,842,879,848,778,848,927,838,866,838,894,883,841,805,820,832,885,897,864,843,884,831,836,834,875,867,868,820,878,764,836,900,822,878,866,867,517,855,832,866,855,835,913,759,791,886,818,717,875,888,892,834,763,836,879,831,803,843,810,866,869,855,878,888,832,817,879,859,868,875,895,790,819,882,732,858,847,912,929,807,841,780,882,858,878,881,785,722,882,831,842
1126,866,831,910,840,826,830,841,876,846,780,845,919,834,864,838,889,885,840,803,815,831,887,898,861,842,883,829,835,832,878,868,866,820,875,764,836,899,823,879,865,863,518,853,827,864,851,830,909,765,789,884,821,723,871,888,890,827,760,831,876,835,806,839,809,865,865,854,876,890,831,819,877,855,866,872,892,793,816,880,727,856,847,910,924,804,839,779,883,858,876,883,780,720,880,830,841
1127,864,830,906,838,827,828,841,876,847,778,842,919,828,865,834,890,883,841,804,811,832,885,894,857,837,883,822,834,831,879,862,865,816,874,765,837,897,821,878,863,861,524,852,826,865,850,826,908,764,789,884,819,720,867,883,890,827,756,825,873,835,805,838,805,863,866,850,873,891,829,819,874,853,868,872,891,795,815,879,724,855,839,912,922,804,839,782,877,856,874,885,781,720,880,830,838
1128,857,831,905,835,826,824,841,873,846,775,838,919,827,866,835,891,881,839,801,806,833,885,891,857,834,882,819,834,828,876,862,862,811,873,764,833,894,821,875,861,859,526,851,826,863,847,828,907,769,785,877,818,723,868,881,889,822,752,822,870,834,806,834,805,858,867,843,874,890,830,819,873,851,866,871,891,792,813,876,724,853,837,910,921,809,835,780,873,853,873,882,782,720,878,827,837
1129,855,828,902,835,819,821,842,872,844,774,838,915,824,862,835,890,882,840,794,801,831,880,884,852,832,879,816,832,827,878,862,856,812,869,764,830,888,819,872,857,857,526,852,823,861,844,826,905,770,784,878,815,725,867,881,889,821,750,819,866,837,809,833,805,858,865,841,877,883,828,820,871,848,862,870,890,791,813,871,725,852,834,903,918,805,835,781,872,850,868,882,781,720,876,825,836
1130,853,830,900,833,819,820,843,869,843,773,833,914,819,862,834,890,877,839,796,801,828,876,883,848,829,875,817,831,826,876,857,855,813,866,765,827,886,819,868,856,854,530,851,823,858,845,827,903,772,786,876,814,723,863,877,889,814,747,820,866,834,811,831,801,856,863,839,871,879,829,819,870,847,860,866,890,791,812,868,724,850,831,901,913,805,833,777,869,846,861,882,780,721,875,824,835
1131,850,830,900,827,817,815,842,864,839,769,833,911,816,859,830,887,875,833,794,802,828,876,878,844,827,876,816,827,826,872,858,855,809,864,762,826,883,821,866,855,850,535,849,822,857,843,827,900,772,790,873,811,725,863,876,888,812,743,814,864,835,811,829,802,853,861,838,867,873,830,818,870,844,858,868,893,789,811,865,722,848,828,900,910,802,831,774,866,844,857,881,780,719,877,821,830
1132,848,832,898,823,816,814,840,865,837,769,831,908,815,863,828,887,870,831,793,802,828,873,875,842,826,874,815,824,824,873,862,847,805,862,763,824,881,819,866,854,847,538,847,817,853,841,825,897,772,790,871,810,725,861,873,885,810,742,812,864,836,807,825,800,851,857,836,869,873,827,812,867,843,858,864,892,786,811,864,726,849,825,899,907,801,830,772,861,841,852,880,783,718,876,822,829
1133,845,825,895,823,815,813,839,862,834,767,830,906,813,860,828,887,864,830,789,798,828,872,879,840,824,873,810,825,822,874,859,844,803,862,764,820,880,818,864,850,842,537,843,816,855,838,824,899,778,790,868,807,723,859,872,886,805,743,812,862,838,811,826,797,850,854,834,866,874,827,813,865,840,859,863,891,785,808,862,728,853,823,898,905,801,826,770,862,837,850,877,783,718,879,821,827
1134,845,824,893,819,813,809,838,857,833,763,828,901,808,861,830,886,859,830,786,798,830,868,880,838,819,872,811,827,823,875,859,843,799,859,762,821,875,817,862,845,838,538,839,813,855,834,824,898,776,788,862,805,722,858,869,888,802,742,809,861,838,814,821,796,849,854,831,864,873,824,813,864,839,859,859,889,784,804,861,727,854,821,895,903,802,821,772,861,834,847,877,784,721,878,817,825
1135,844,823,891,815,813,808,836,858,832,762,823,898,805,860,830,880,853,828,779,795,823,865,879,837,818,875,807,826,820,872,855,844,796,861,762,819,872,814,860,842,837,539,838,811,853,834,821,895,779,786,857,808,722,858,865,886,801,737,806,863,838,812,818,792,845,852,828,859,873,822,811,861,840,858,858,888,785,801,862,727,852,819,894,900,803,818,771,858,831,845,874,785,719,876,816,822
1136,842,821,883,812,811,802,832,859,829,762,819,894,801,859,825,878,850,828,780,793,822,865,877,837,817,869,805,821,818,866,857,841,794,859,763,816,870,816,862,838,837,541,839,809,851,833,821,894,779,787,857,811,723,856,858,884,796,733,803,863,838,814,816,790,845,851,825,859,869,823,806,858,840,859,853,882,784,797,862,727,852,817,892,897,801,813,774,857,829,844,868,784,723,876,813,819
1137,842,821,878,810,809,799,830,854,826,762,817,895,794,859,822,875,850,826,778,787,822,859,879,835,815,869,799,816,816,862,856,839,791,856,764,815,867,816,862,838,832,544,836,808,849,830,819,898,781,788,852,812,726,855,855,884,793,734,801,863,842,812,815,791,845,848,823,857,866,821,804,852,836,858,853,881,786,795,858,729,852,813,894,894,801,812,773,856,827,841,866,784,722,877,811,817
1138,841,818,873,805,809,796,833,853,824,761,811,895,789,857,819,873,844,826,775,783,820,855,875,834,813,865,800,808,816,859,856,836,790,852,766,814,865,812,862,836,827,545,834,808,847,827,818,894,780,786,847,809,725,851,851,881,785,733,800,863,840,814,812,791,841,848,820,855,861,820,802,851,836,857,848,879,787,792,854,730,850,814,893,891,797,808,778,855,827,838,864,783,724,878,810,817
1139,837,819,869,801,810,793,830,851,824,759,810,894,783,857,818,871,842,825,773,782,820,849,872,830,812,865,796,807,813,856,857,831,783,851,766,813,865,812,862,832,824,547,831,809,845,827,819,892,781,789,843,809,725,849,849,876,785,729,794,859,838,815,811,785,842,851,821,851,855,817,801,849,833,857,849,880,785,794,852,731,849,810,891,888,797,809,778,854,820,838,860,783,728,877,808,814
1140,832,819,866,798,810,790,833,851,824,757,808,895,779,854,815,872,835,823,770,780,818,848,872,828,809,864,795,805,809,856,855,829,782,850,766,812,863,812,863,830,820,547,829,805,847,823,817,890,784,791,842,809,731,847,846,873,779,726,788,855,837,812,807,782,836,848,818,846,853,819,803,843,829,856,849,876,783,794,855,731,850,810,891,887,796,807,777,853,817,837,859,785,727,877,805,809
1141,831,818,863,798,809,785,829,849,820,755,805,895,778,852,814,867,832,821,765,778,814,844,869,824,809,863,796,800,806,855,851,824,780,847,770,810,861,806,861,830,818,547,827,803,844,819,818,887,782,790,843,806,732,845,845,872,775,722,787,852,835,813,809,781,831,847,814,840,846,818,802,840,825,856,844,875,784,794,849,730,849,810,889,886,798,802,775,851,811,834,856,785,726,873,803,806
1142,833,819,862,799,807,785,827,846,817,753,806,890,777,850,816,868,832,819,762,773,810,839,867,823,804,864,790,796,805,849,856,821,775,845,771,810,861,803,860,828,814,548,824,803,842,819,817,885,783,790,844,805,732,844,843,865,775,721,785,850,836,813,809,781,828,843,811,837,841,819,803,840,826,858,844,879,784,793,846,731,845,808,890,888,795,800,775,846,808,832,854,782,729,871,799,807
1143,830,816,857,795,808,784,828,844,813,752,802,887,769,850,812,870,831,818,760,771,810,833,865,817,803,864,787,789,801,843,854,820,771,846,771,807,862,802,855,824,813,552,821,799,842,815,817,888,785,789,842,805,731,840,839,861,772,719,776,847,837,814,807,778,825,841,808,837,837,817,802,841,825,856,844,878,784,791,845,731,843,807,889,884,795,795,777,845,804,828,852,781,730,869,800,803
1144,829,813,851,792,807,777,829,843,806,749,798,884,768,850,810,871,827,817,758,767,804,829,863,813,799,863,784,786,799,843,852,819,770,843,770,808,860,801,853,822,808,549,820,798,842,812,815,889,787,786,840,803,731,835,833,860,768,718,771,845,832,814,807,778,821,839,807,835,832,816,800,840,824,857,842,878,785,790,845,729,845,806,885,883,799,795,776,845,801,828,851,782,727,867,797,799
1145,829,811,851,789,805,771,829,843,804,748,795,882,767,849,810,867,828,813,755,763,805,828,862,807,798,865,779,785,797,844,852,816,770,842,769,809,856,801,853,821,807,556,818,799,843,807,815,888,788,784,840,803,728,831,831,858,764,717,768,845,828,814,808,781,820,839,803,834,832,813,799,841,821,855,840,877,781,790,841,728,845,804,880,878,802,792,780,845,799,828,847,782,729,867,793,800
1146,829,807,848,785,804,766,827,843,805,745,794,881,764,848,808,864,823,814,752,759,803,821,865,807,796,863,779,782,792,847,853,814,766,841,767,801,853,803,848,819,804,557,818,797,841,802,814,888,785,782,842,802,729,830,828,856,760,715,767,843,831,814,806,782,818,840,802,831,831,811,795,840,821,852,841,873,778,787,836,724,846,800,879,875,797,789,779,839,795,825,844,779,730,866,792,800
1147,826,806,845,781,801,767,826,842,803,742,793,881,762,847,804,864,817,813,750,755,802,819,865,804,793,862,774,781,793,844,851,813,764,840,767,799,851,804,845,818,806,557,816,795,839,803,808,886,782,781,839,804,728,831,823,853,753,711,765,842,831,815,803,778,813,840,803,827,828,810,794,838,821,851,842,873,779,787,834,726,842,797,875,870,800,786,779,837,793,824,843,779,730,862,789,796
1148,826,805,843,777,798,765,826,840,801,739,790,880,759,846,800,861,817,809,749,750,803,816,864,801,792,859,771,776,792,842,840,811,763,841,766,797,850,804,841,816,803,561,812,789,839,803,807,887,780,779,837,805,729,829,822,852,748,707,762,837,829,815,803,781,809,837,802,825,825,810,790,836,821,852,842,870,780,787,831,723,841,794,875,869,795,785,775,836,789,822,842,778,729,858,793,793
1149,825,801,837,777,800,763,824,838,800,737,786,878,759,845,795,859,813,810,746,750,803,813,861,799,788,854,766,772,793,838,837,805,762,840,765,796,845,803,840,814,799,567,811,785,839,803,807,888,780,780,834,806,733,827,816,851,747,704,760,837,830,815,804,781,808,836,799,823,823,808,790,835,819,851,836,869,778,787,831,722,837,792,874,867,795,781,774,835,787,823,840,777,730,857,793,792
1150,825,802,835,773,799,761,826,837,798,736,782,876,755,845,794,858,810,807,743,745,801,812,856,796,787,852,761,766,794,833,831,804,757,840,766,798,842,803,838,810,799,570,809,784,834,800,803,887,780,777,829,806,732,828,813,851,743,699,759,836,830,818,799,781,808,833,794,823,823,808,789,833,819,849,834,867,778,781,828,724,838,784,870,862,797,778,771,835,783,823,838,775,731,857,791,789
1151,822,801,830,773,800,758,823,841,797,734,782,871,752,842,790,855,809,806,743,740,804,813,855,794,786,849,759,764,793,828,827,802,756,842,763,797,834,805,834,807,798,572,806,782,831,800,800,886,779,776,826,807,733,824,811,850,741,700,757,834,831,819,801,778,802,831,792,823,821,808,783,830,820,847,831,866,779,778,823,725,837,784,866,860,800,777,772,831,782,821,836,779,732,854,790,788
1152,820,802,831,774,798,758,822,843,794,731,778,869,749,840,790,853,801,805,738,738,803,811,855,790,784,850,754,761,789,829,827,795,754,838,761,793,827,805,829,807,796,572,806,779,833,795,802,886,778,777,827,805,730,820,810,850,737,697,755,834,830,819,800,778,798,828,788,821,818,806,781,828,816,843,823,867,777,778,822,724,834,781,866,858,797,777,773,830,777,820,836,779,728,853,789,783
1153,816,800,829,774,799,752,819,845,793,730,772,869,746,837,789,851,799,802,736,736,802,808,855,790,783,850,756,759,787,827,826,791,749,837,760,794,823,807,827,807,796,574,802,776,832,790,798,885,778,775,827,801,732,816,807,845,733,691,751,830,831,814,798,778,797,828,786,819,814,807,780,825,814,838,818,865,779,778,822,723,831,778,861,855,798,773,771,828,775,820,834,779,729,856,787,781
1154,816,798,829,771,795,748,818,844,786,727,768,866,746,835,785,851,797,795,731,731,800,809,852,789,781,848,755,755,785,823,824,787,747,836,765,793,822,806,827,805,794,578,802,773,827,788,797,880,779,771,823,801,732,815,807,848,729,689,745,827,829,814,797,775,796,829,784,817,813,807,775,822,813,836,812,863,778,778,820,723,832,773,854,854,796,772,770,827,770,819,835,779,728,856,786,780
1155,814,801,831,769,794,747,817,841,784,724,767,864,745,835,780,851,792,794,730,727,799,808,848,787,778,844,754,754,781,821,821,785,744,836,762,788,819,810,825,800,789,579,799,768,822,784,797,880,779,770,821,800,730,813,803,846,730,683,742,830,826,814,799,776,793,831,778,814,808,805,773,821,809,835,812,863,778,778,817,725,831,771,850,855,795,770,771,826,769,819,834,782,730,856,782,781
1156,813,798,827,769,791,746,815,840,779,722,765,861,744,834,781,852,784,793,730,722,799,803,848,787,774,844,751,750,780,820,822,784,740,834,758,788,818,810,823,797,786,580,796,770,819,783,797,880,779,771,816,802,731,810,801,844,728,682,740,828,824,811,798,775,791,831,774,809,809,805,771,822,810,834,813,860,776,776,814,727,831,772,846,854,794,768,771,825,766,817,831,783,732,855,782,780
1157,813,797,824,770,786,742,820,841,778,724,762,859,740,831,783,849,778,788,731,720,794,802,844,786,767,841,749,748,778,818,821,786,738,834,761,786,814,808,822,796,784,583,797,768,815,784,796,881,777,771,815,798,733,805,802,842,722,680,739,826,821,812,797,779,790,831,770,806,810,801,765,822,811,836,813,858,774,775,814,729,830,770,842,851,795,768,773,822,765,812,828,783,731,853,781,778
1158,810,798,825,767,784,742,821,840,778,720,759,857,737,830,778,843,773,784,727,717,791,802,841,785,765,838,748,745,775,815,822,783,734,830,760,784,809,808,821,794,784,586,796,772,814,781,796,876,771,774,812,797,734,803,801,841,719,675,736,823,819,812,796,780,785,832,771,802,808,800,766,817,809,831,810,858,773,776,815,731,828,765,843,850,794,768,772,821,763,810,823,781,730,850,779,779
1159,812,799,823,763,782,737,822,836,776,719,757,856,735,832,778,844,772,783,726,711,789,799,841,779,766,838,747,740,771,816,821,779,732,828,762,782,806,810,821,792,782,588,789,767,815,778,797,874,768,773,809,796,734,801,800,841,717,673,730,824,822,812,794,776,779,831,765,800,807,799,765,817,807,830,808,856,771,773,809,728,823,759,840,845,793,765,771,819,759,803,821,782,727,852,776,774
1160,810,796,820,761,780,735,818,835,772,716,756,854,731,827,773,840,769,783,724,710,786,796,841,775,762,836,744,738,770,821,817,775,730,827,761,783,804,807,818,790,780,590,787,764,814,777,795,876,765,772,808,796,738,798,796,840,716,665,724,822,822,811,794,776,775,829,760,799,805,797,764,812,807,830,809,856,769,772,805,726,820,755,837,844,794,763,767,817,757,804,819,780,733,847,773,771
1161,809,795,817,760,779,733,815,830,769,712,754,853,727,825,772,836,768,780,723,709,784,795,840,773,758,835,742,734,769,821,816,772,724,827,766,780,801,805,818,787,777,594,785,759,808,776,793,873,762,770,805,796,740,791,794,838,713,663,722,823,822,811,796,779,772,829,758,798,804,796,764,810,805,831,812,855,769,772,802,724,819,750,837,841,794,763,767,818,753,802,818,780,731,846,772,768
1162,808,792,816,760,778,731,814,829,770,710,751,846,724,824,771,834,765,778,717,705,781,793,839,772,757,832,742,734,765,821,815,774,723,828,765,776,794,806,814,783,776,594,782,759,803,775,790,868,760,770,800,796,735,789,792,836,709,660,718,817,822,809,800,779,768,827,753,792,803,796,761,808,805,830,812,857,769,775,800,726,817,747,834,839,795,761,767,817,748,799,817,784,730,844,772,766
1163,807,792,812,756,777,731,814,831,767,705,747,842,724,820,767,831,761,775,715,700,779,792,839,771,757,832,740,734,765,819,815,773,720,825,765,773,793,806,806,781,776,597,779,759,803,770,791,863,760,765,796,795,737,786,789,834,703,656,716,815,822,811,800,777,763,832,749,791,802,792,760,806,807,826,813,856,767,770,797,726,816,743,830,836,795,759,770,812,742,794,812,786,732,847,770,763
1164,803,793,812,755,776,729,813,829,766,706,747,839,719,817,765,830,757,775,711,693,778,794,834,764,756,834,739,730,763,816,814,769,716,826,763,774,788,803,807,779,772,597,780,754,802,765,793,864,762,767,796,796,737,786,785,830,701,654,712,810,823,814,797,772,762,829,744,787,799,790,757,804,805,824,812,854,769,770,797,726,812,740,827,835,794,757,766,809,742,790,811,787,733,845,767,762
1165,802,792,812,755,775,727,810,829,761,707,747,837,717,816,759,830,756,772,706,691,777,791,832,761,755,831,739,731,760,814,815,767,713,825,764,772,782,797,804,775,768,596,780,751,801,762,789,864,764,766,794,794,736,783,786,828,698,653,710,810,822,815,798,774,762,827,742,784,799,789,757,802,802,822,808,852,768,770,792,724,810,739,824,835,794,756,764,807,741,788,809,789,733,842,770,759
1166,799,792,811,754,773,727,807,827,760,703,745,835,716,814,759,827,756,768,703,684,777,788,828,757,753,831,737,731,758,814,814,768,712,824,765,768,779,797,801,774,768,597,776,752,800,758,789,859,764,767,791,794,739,782,783,826,692,653,703,811,822,813,797,771,760,825,741,782,796,789,757,798,798,820,804,857,764,772,792,724,809,738,822,832,791,754,763,805,741,786,807,788,733,841,769,756
1167,799,794,810,749,773,725,806,828,759,698,740,833,714,810,757,823,755,768,699,683,774,786,828,755,747,829,733,732,755,813,812,764,711,822,764,770,777,797,797,774,763,596,775,750,797,759,790,857,765,770,789,795,739,782,782,826,689,649,701,811,821,814,794,763,756,823,738,780,792,790,754,794,797,821,803,859,761,771,790,723,807,734,822,830,793,748,761,804,740,782,803,788,734,842,766,754
1168,796,794,803,749,770,723,806,829,757,697,736,828,713,808,756,816,755,768,699,681,768,782,826,753,743,828,731,729,751,811,809,760,706,817,761,769,775,794,799,771,758,598,773,749,798,753,790,855,767,771,789,794,743,783,776,822,686,644,700,810,820,815,792,763,753,820,737,778,789,785,754,792,795,821,802,858,761,770,789,726,809,730,822,828,790,748,756,802,737,782,801,788,735,840,766,755
1169,797,796,802,746,768,722,806,829,752,692,736,825,710,810,754,814,755,768,697,678,770,779,822,752,741,827,727,727,749,807,808,752,703,813,759,767,773,794,798,771,757,602,768,743,793,751,788,853,770,770,784,793,745,780,773,820,685,644,701,810,819,815,794,756,751,818,730,775,785,784,748,788,796,820,800,858,762,769,789,723,808,729,820,828,790,749,754,796,735,778,801,790,736,831,766,754
1170,795,795,800,746,765,719,805,830,750,692,731,825,709,808,751,814,755,768,694,677,771,778,814,751,739,824,724,722,746,807,806,747,703,811,759,763,769,790,795,767,753,603,760,740,793,750,787,850,770,767,781,791,749,777,772,815,685,640,698,808,816,815,797,758,749,818,725,775,779,783,747,786,797,819,799,858,760,765,787,723,807,726,819,822,789,747,752,792,734,777,800,790,736,825,768,749
1171,793,796,796,745,762,716,803,832,747,694,727,824,704,810,750,812,754,765,692,676,771,775,811,750,738,821,721,722,742,809,802,744,703,808,761,762,768,789,792,764,750,605,755,739,790,751,786,853,768,767,779,792,751,773,769,816,686,634,696,802,815,815,797,756,748,819,722,772,777,780,746,780,798,817,799,855,759,760,786,722,808,724,816,820,786,750,751,791,732,780,801,791,736,822,768,744
1172,791,794,790,742,758,715,802,833,746,691,726,824,701,810,750,808,754,766,689,673,769,773,805,746,734,819,714,720,742,809,801,741,700,807,761,760,767,790,791,759,748,603,751,737,788,749,789,849,766,768,777,795,751,768,766,813,684,632,695,798,814,812,792,754,745,819,719,771,775,777,745,774,799,817,796,855,758,759,783,725,808,722,815,820,788,747,751,786,729,777,799,789,731,814,771,744
1173,790,794,784,739,757,712,799,832,745,691,722,821,699,810,745,804,753,765,684,673,768,772,803,741,732,816,710,720,743,807,799,741,699,804,760,758,765,785,787,757,743,607,751,735,787,749,786,845,767,768,775,797,748,766,762,809,682,630,696,794,809,811,792,753,741,819,717,767,775,779,744,772,797,816,797,854,759,757,780,724,803,721,814,819,789,745,755,784,727,776,796,790,731,810,769,744
1174,789,794,783,737,755,710,796,831,742,688,720,818,698,808,745,800,749,764,684,670,767,770,803,739,731,815,709,718,738,805,799,739,697,805,759,757,763,787,784,756,741,607,749,735,783,743,785,843,767,767,772,796,744,765,762,808,677,628,695,791,808,809,791,753,739,819,715,764,771,777,741,766,797,813,795,852,758,754,780,721,804,716,811,814,788,744,755,782,727,772,791,788,731,813,771,743
1175,784,790,781,734,751,707,796,827,740,686,716,815,696,810,741,798,744,764,683,665,763,766,799,737,732,817,705,716,737,804,796,735,693,803,760,757,759,786,784,752,739,609,748,731,783,743,785,841,769,767,773,796,745,759,761,805,675,624,691,791,808,809,791,755,735,819,712,761,770,776,741,766,794,811,792,849,754,756,779,720,805,714,807,810,784,739,757,781,727,769,791,785,729,811,770,743
1176,784,788,779,730,750,706,796,823,737,684,715,814,691,810,741,796,742,763,682,664,763,761,793,736,728,818,704,714,738,804,795,736,691,801,759,757,757,782,778,748,732,607,744,728,784,742,781,838,776,769,770,795,746,758,758,801,672,621,689,788,805,807,790,754,735,819,710,760,766,772,737,765,791,802,791,848,757,752,775,720,803,710,808,808,783,733,757,777,724,766,791,786,733,805,769,741
1177,781,786,778,727,752,704,797,822,736,682,711,817,691,810,741,794,742,763,681,660,762,758,790,733,724,817,703,709,736,801,797,734,689,800,758,755,754,783,776,744,731,609,742,723,781,740,781,834,775,765,769,789,747,758,755,797,671,620,690,790,801,809,790,753,735,819,711,760,766,771,735,762,791,798,789,847,761,751,773,721,801,708,805,805,784,729,754,775,719,763,790,783,734,803,771,738
1178,780,786,773,728,748,704,793,818,735,681,707,814,688,809,736,788,737,762,679,658,758,755,787,730,723,816,700,709,734,801,797,733,687,799,758,754,753,782,769,743,731,609,736,722,778,739,776,830,776,763,767,787,747,753,752,791,665,618,689,786,801,811,787,753,733,814,710,757,765,768,734,760,785,798,788,843,760,750,772,720,800,705,804,804,784,727,756,769,716,762,791,782,731,800,767,734
1179,779,782,767,727,741,703,790,817,733,677,708,810,682,807,736,782,730,758,678,656,758,754,785,730,721,815,697,706,734,801,795,733,684,799,758,757,752,783,767,740,730,611,734,717,775,739,775,827,779,762,764,786,748,751,751,785,664,616,687,780,799,811,787,754,730,812,706,754,765,770,735,754,785,795,787,843,761,745,767,723,799,702,804,802,785,724,757,766,716,758,789,780,729,798,768,733
1180,775,784,766,727,740,700,789,813,731,673,706,806,680,803,736,778,729,758,676,653,758,751,781,727,719,811,693,703,733,800,793,732,684,801,758,757,751,781,767,739,727,614,733,713,771,739,774,824,778,764,762,787,750,747,746,784,661,612,683,776,798,810,786,752,729,812,699,752,764,770,740,752,784,793,783,838,761,748,763,724,793,703,802,801,783,724,753,764,714,761,788,779,731,799,767,735
1181,773,785,761,725,739,701,787,810,727,670,705,802,675,804,735,775,729,760,672,649,755,749,778,722,717,809,690,701,731,796,790,731,683,799,759,755,748,781,762,738,726,615,731,712,769,736,774,820,778,761,761,784,749,747,743,781,656,610,681,772,792,810,784,749,728,812,697,745,761,766,742,751,778,794,784,835,762,747,757,721,791,701,799,798,784,717,750,762,714,760,789,779,732,797,767,732
1182,770,783,760,722,738,700,785,808,722,665,698,799,671,803,730,775,728,760,669,646,753,745,777,718,716,809,688,699,730,795,790,728,675,798,759,756,748,778,758,736,723,615,730,709,763,735,771,816,778,763,759,784,746,742,743,778,653,607,681,770,791,807,784,748,727,810,694,740,761,769,741,751,775,791,780,829,759,747,755,720,789,700,797,795,783,713,747,762,713,757,786,774,732,799,768,731
1183,771,779,757,722,733,697,787,809,723,659,698,799,667,799,729,770,724,759,668,645,750,745,778,715,714,806,686,696,727,793,790,726,674,795,758,754,746,777,758,737,719,621,727,707,760,734,765,814,781,762,754,782,749,740,739,776,648,603,681,766,789,808,785,744,722,810,692,737,757,764,739,748,775,786,776,826,754,744,751,719,790,698,793,791,782,709,750,761,712,756,780,771,729,797,765,730
1184,767,780,756,717,729,691,787,811,720,655,695,799,663,797,729,764,720,753,666,641,749,744,775,713,710,801,683,694,727,791,790,723,670,794,758,754,742,771,757,733,716,622,725,705,758,728,763,812,781,761,753,781,748,734,739,776,643,602,677,764,785,805,783,743,721,810,690,732,753,763,736,745,770,785,772,825,754,743,751,719,789,697,792,790,778,706,750,759,711,755,777,769,728,794,767,726
1185,763,782,756,715,728,686,787,807,718,653,695,800,660,796,726,763,714,750,664,636,747,741,774,707,707,797,682,691,727,792,792,724,668,792,757,752,741,770,756,730,715,628,724,705,759,723,764,811,782,759,750,780,748,733,734,774,640,599,671,763,783,804,782,745,719,807,686,728,752,762,733,739,771,783,771,822,755,742,744,719,790,694,793,786,778,707,751,757,708,752,773,766,730,795,767,722
1186,763,786,756,714,726,685,787,804,713,652,695,801,656,795,725,756,714,749,661,633,746,736,774,704,705,795,678,687,726,792,787,723,666,789,756,749,739,771,753,725,716,632,720,703,758,721,762,811,779,758,752,778,747,729,731,768,638,594,668,760,783,804,780,740,712,800,686,725,749,761,732,734,769,780,772,822,754,742,739,717,787,690,791,786,777,704,752,756,705,752,770,767,728,796,761,720
1187,764,786,752,711,722,686,786,803,713,650,692,802,654,793,724,757,712,747,659,630,742,730,772,699,701,792,677,683,725,787,787,719,662,789,761,747,736,772,746,724,711,634,718,702,754,717,756,809,778,761,751,780,747,725,727,766,636,594,666,755,781,805,779,736,707,800,684,723,747,756,732,729,768,779,766,817,750,742,734,713,786,688,789,783,776,699,751,753,702,751,769,765,726,794,762,719
1188,759,783,750,709,718,683,783,799,708,645,689,801,649,793,721,756,711,746,659,624,742,728,770,696,701,791,675,681,723,786,787,718,659,789,757,745,736,769,742,722,709,637,716,700,750,714,757,810,778,758,751,780,748,720,722,763,631,593,664,755,780,803,775,736,703,800,684,720,742,756,732,729,768,773,763,818,750,738,729,710,786,687,785,782,774,699,748,752,698,751,762,762,725,795,760,716
1189,757,782,749,707,719,679,781,799,706,646,686,796,644,792,717,754,709,743,658,620,741,728,768,693,698,790,671,677,719,781,786,718,657,787,756,743,731,767,742,719,704,642,712,698,746,713,755,807,776,755,751,779,746,717,720,759,628,591,663,753,777,805,777,739,699,797,684,719,741,754,728,730,767,770,758,818,752,737,727,714,783,685,782,779,769,696,746,749,698,749,759,758,727,791,757,715
1190,754,782,745,705,717,676,780,798,704,646,681,793,642,790,718,751,705,741,656,619,738,725,768,689,697,788,668,673,718,782,789,717,653,785,757,744,730,766,739,719,699,642,711,694,747,711,754,805,775,756,750,776,747,717,716,759,620,591,656,752,778,803,772,739,697,789,681,719,739,755,729,723,767,772,756,815,749,734,724,713,783,685,780,774,769,695,745,745,697,747,758,755,726,791,757,714
1191,750,783,742,703,717,673,780,798,702,642,678,793,640,786,718,748,704,740,653,615,737,720,763,688,695,785,663,667,717,781,788,715,653,785,760,745,725,766,736,717,694,644,711,693,747,712,755,805,776,751,749,775,748,716,713,763,620,588,655,750,779,802,771,737,693,787,680,720,736,751,727,724,763,770,750,815,751,732,721,713,780,685,779,768,770,693,746,743,693,747,752,757,727,790,754,710
1192,745,785,741,705,713,670,777,799,698,638,673,792,637,780,719,745,703,735,651,609,735,720,763,685,694,784,662,665,718,777,788,715,651,786,763,744,720,764,738,717,691,644,708,693,740,707,754,803,781,751,747,775,745,714,713,758,619,585,655,747,779,800,773,738,690,784,679,718,735,749,728,721,762,770,745,813,750,729,717,714,778,688,776,768,768,691,746,741,693,746,751,756,728,785,750,707
1193,742,784,737,701,713,668,778,794,696,634,673,788,635,776,715,741,698,731,650,609,732,718,760,683,687,786,659,661,717,773,786,709,645,788,760,744,716,766,731,715,690,649,707,689,736,703,752,802,780,753,747,776,745,714,713,756,620,583,650,747,781,798,774,735,690,784,679,715,736,745,727,720,756,767,744,816,750,728,713,716,776,688,771,766,768,690,743,738,690,745,747,759,727,782,748,708
1194,739,785,736,698,707,661,776,793,692,633,672,788,634,773,711,738,696,731,648,604,731,715,758,682,686,782,657,655,715,772,782,709,643,787,759,743,714,761,730,710,687,651,705,690,734,703,750,802,779,753,745,775,741,711,709,754,619,582,647,745,777,797,769,734,688,782,676,711,735,742,725,719,754,766,741,818,748,729,706,718,773,684,773,760,768,686,741,736,688,740,745,759,728,783,745,704
1195,737,783,733,700,705,658,776,791,692,632,666,784,630,766,710,737,694,730,647,603,731,709,754,679,684,778,654,654,713,769,778,705,640,787,754,736,706,758,729,706,685,656,701,690,725,702,750,802,778,752,744,773,738,707,708,751,616,577,644,744,777,800,766,732,684,783,672,707,726,743,724,716,752,765,740,817,750,728,702,721,768,681,769,760,765,686,741,730,684,738,741,758,727,783,742,702
1196,738,782,730,699,700,655,776,788,688,632,662,782,628,763,710,735,693,729,644,600,730,706,754,675,678,778,653,650,713,767,780,700,636,784,752,733,705,758,724,703,684,657,700,685,724,698,745,800,778,751,741,774,739,706,705,749,614,573,643,741,775,798,765,731,684,782,667,707,726,739,724,710,751,764,737,816,750,729,699,720,767,679,768,757,765,683,742,729,680,732,736,756,725,782,742,701
1197,734,785,727,697,697,652,773,788,687,629,656,781,627,762,706,733,691,729,643,597,728,701,749,673,675,776,654,649,714,763,780,698,635,779,749,730,701,759,721,701,679,654,698,677,723,695,744,799,779,746,740,774,739,704,706,743,611,571,642,740,774,801,762,731,680,779,665,706,721,736,722,705,748,763,739,815,751,726,696,718,766,679,765,746,764,681,742,729,679,731,734,758,721,783,736,699
1198,732,782,724,695,693,649,772,784,684,628,654,779,626,757,701,731,686,729,640,596,726,693,746,671,671,773,652,644,713,762,779,696,633,775,748,727,701,760,721,700,676,653,696,672,721,694,742,797,781,749,740,776,742,703,705,741,609,567,641,738,770,800,761,727,678,776,662,705,717,736,721,703,746,761,737,814,751,726,696,716,764,673,764,744,768,679,739,727,676,725,733,757,721,783,737,697
1199,728,782,724,695,691,646,770,785,682,625,653,775,622,757,702,731,679,731,638,594,724,689,743,668,669,774,650,643,710,760,777,693,630,776,748,722,700,758,718,696,673,654,695,670,719,691,742,795,785,750,740,777,743,700,704,736,607,566,638,734,770,799,760,727,673,776,656,702,716,733,718,700,738,758,733,810,752,718,692,713,761,671,762,743,766,680,738,724,674,722,732,756,720,780,736,696
1200,725,782,717,693,687,644,767,784,680,624,650,771,620,755,698,730,673,728,637,590,725,685,739,665,667,771,649,637,707,760,775,689,627,776,749,721,698,757,716,693,673,657,689,667,718,689,739,794,782,747,740,774,741,698,699,734,607,566,637,731,767,799,757,726,670,773,653,701,716,730,719,698,738,757,732,809,750,717,692,712,761,668,760,742,762,676,739,722,673,719,728,755,723,776,736,695
1201,725,779,715,691,685,641,764,777,677,623,647,771,619,754,694,728,669,727,632,588,722,686,738,660,665,770,648,632,707,759,773,690,624,773,748,722,698,756,715,692,670,660,687,665,715,686,736,792,781,746,737,773,739,696,695,731,606,559,637,728,768,798,756,724,667,769,652,698,713,727,717,697,736,754,732,808,749,719,687,715,757,664,760,737,758,676,735,719,670,719,728,756,724,776,737,693
1202,725,779,714,688,683,640,764,773,675,621,647,769,618,754,693,728,665,722,628,584,721,682,732,658,662,769,646,629,701,755,776,688,623,771,746,719,694,754,714,687,667,661,686,665,712,685,734,790,782,745,734,773,739,695,691,729,605,554,632,720,768,795,753,725,666,765,651,693,711,728,716,693,736,751,726,807,748,718,683,715,755,663,759,735,759,674,734,717,667,719,728,755,725,774,734,692
1203,726,778,712,684,678,632,761,775,671,619,646,770,617,749,691,727,662,722,626,583,720,679,728,653,659,767,642,626,699,753,772,686,622,773,746,717,694,755,715,684,667,663,685,661,709,683,732,784,781,747,728,773,739,694,688,727,605,552,630,717,766,795,750,722,662,761,650,694,707,727,712,691,736,750,723,808,748,713,682,717,755,660,755,733,756,669,734,715,665,718,727,755,727,769,733,691
1204,721,772,709,678,678,629,758,775,666,617,644,769,614,749,686,727,660,721,624,579,717,676,726,653,655,765,640,623,695,749,771,682,620,769,742,716,692,748,712,681,665,669,685,656,709,679,733,784,780,746,728,768,743,692,683,725,603,545,629,714,765,797,751,719,660,759,647,691,702,728,709,686,736,748,723,804,743,711,680,717,751,658,753,726,753,665,736,711,661,713,726,757,724,767,734,690
1205,720,771,707,676,678,626,758,773,665,614,644,765,613,746,681,721,656,719,621,578,713,677,724,649,652,765,637,619,697,748,769,681,620,768,744,714,689,749,712,680,665,671,682,654,708,675,731,784,778,745,727,767,744,690,680,721,604,543,627,715,761,798,751,715,657,758,647,687,700,729,706,681,733,746,722,803,741,712,675,717,748,657,751,725,754,664,738,709,661,713,721,759,720,765,735,686
1206,720,769,705,676,677,624,757,771,666,612,642,765,613,748,680,719,654,715,617,576,714,675,723,648,647,764,633,617,695,745,770,677,616,762,747,711,687,744,712,678,663,672,679,652,705,674,730,783,775,745,726,767,744,684,678,718,601,539,626,711,762,797,748,711,652,755,646,686,698,728,700,676,731,747,718,803,739,711,675,717,749,651,746,725,752,657,740,710,660,711,718,759,721,764,735,685
1207,719,769,703,676,674,621,754,773,665,613,639,764,610,747,679,713,653,715,615,577,708,674,720,645,644,764,631,615,692,742,768,674,613,759,747,710,685,742,708,675,661,678,674,649,703,672,728,783,776,745,723,766,743,681,675,714,599,539,623,709,761,796,746,710,650,754,642,685,697,727,700,674,730,747,718,803,739,713,670,717,748,646,744,721,753,656,740,708,660,706,717,761,722,761,735,680
1208,715,769,703,674,673,620,751,766,662,610,634,761,609,745,678,710,647,713,612,574,704,671,715,643,639,762,626,613,689,739,766,672,612,757,747,710,682,741,707,672,658,679,667,647,698,670,727,781,776,741,719,764,746,679,673,713,595,539,621,707,759,795,743,709,650,751,635,686,693,724,698,671,728,744,715,803,736,714,668,716,747,645,744,717,753,654,739,704,659,701,712,760,724,760,734,675
1209,715,767,700,674,672,614,751,766,660,608,630,760,609,745,676,708,648,711,611,570,700,667,713,641,638,761,622,606,684,740,760,670,612,754,750,707,680,739,706,666,655,680,663,646,693,668,726,777,777,741,717,762,744,677,670,712,593,536,617,704,757,796,740,709,643,750,633,683,692,724,698,671,723,743,716,803,731,711,665,713,743,643,746,713,751,653,737,700,654,698,711,760,723,757,736,675
1210,709,768,700,672,670,614,747,766,655,605,625,759,607,745,673,705,647,707,607,566,698,666,710,637,636,761,619,601,682,737,759,669,609,753,751,707,676,734,703,664,654,682,660,642,689,663,722,775,775,739,717,764,746,676,671,707,591,536,615,700,756,797,740,706,640,746,631,680,692,723,697,669,722,738,715,801,728,709,661,715,742,640,743,712,749,649,737,694,649,694,709,757,724,756,733,674
1211,708,766,692,671,669,612,749,764,652,599,622,757,607,740,671,702,646,706,605,566,696,663,708,634,636,759,619,599,680,731,758,666,608,749,745,707,673,734,702,662,650,689,658,641,688,663,722,773,778,739,713,761,744,673,668,704,590,534,613,697,758,796,740,702,637,743,630,679,691,723,699,668,724,736,710,797,730,715,659,719,741,638,741,709,751,646,739,688,646,691,708,755,723,755,733,673
1212,706,764,689,671,663,611,745,760,648,599,622,752,602,738,671,701,644,703,598,562,697,657,700,633,633,754,618,593,677,731,757,664,605,746,743,706,672,735,699,659,648,689,656,640,687,661,722,770,779,738,710,758,745,672,666,702,589,531,609,693,756,795,738,699,638,739,628,678,686,727,697,664,723,734,704,800,728,712,651,718,737,638,739,706,753,644,732,687,645,687,705,754,729,752,730,671
1213,705,761,688,667,661,607,748,756,646,598,620,750,599,738,670,698,643,702,597,560,689,655,694,630,629,754,615,593,674,728,752,662,601,743,741,707,668,733,699,658,645,688,650,633,685,660,718,770,778,732,705,756,743,666,664,701,587,531,604,692,750,793,739,698,637,736,625,675,684,728,697,659,726,732,704,800,727,708,646,715,735,635,735,704,751,639,729,684,643,684,700,754,728,750,728,671
1214,704,760,686,665,661,606,748,757,643,596,616,746,595,740,667,693,641,700,594,558,685,653,692,627,628,754,611,589,673,722,751,657,600,743,743,704,667,731,698,657,638,689,645,631,684,655,716,765,777,729,702,756,743,660,658,700,584,528,602,686,748,795,737,699,636,733,622,671,682,727,695,655,725,729,704,799,725,704,643,715,735,635,730,702,753,639,730,680,642,682,699,752,726,748,724,669
1215,702,755,683,658,660,602,746,756,643,596,615,746,594,738,666,691,638,696,590,553,680,651,689,624,625,755,609,586,671,722,748,656,599,745,744,700,668,731,698,656,638,693,644,628,684,654,717,762,778,729,700,757,742,658,657,698,580,525,602,683,746,795,733,696,635,728,619,670,681,724,695,653,725,728,701,795,722,705,642,712,733,635,727,700,752,639,730,677,639,684,696,751,725,747,720,666
1216,698,751,679,657,657,599,744,756,642,594,612,743,589,737,666,691,636,697,586,550,680,650,687,624,624,752,608,583,667,721,748,655,597,739,743,697,665,732,694,650,638,694,642,626,681,651,714,758,776,729,700,754,740,654,655,695,577,525,595,681,746,794,731,691,634,731,618,667,677,721,696,652,725,725,696,795,723,706,642,711,726,631,725,698,752,638,730,674,637,682,692,753,724,744,719,661
1217,698,750,679,654,657,596,740,754,637,591,611,736,585,737,665,688,632,696,585,550,677,645,683,623,622,745,604,581,666,721,748,653,595,736,743,691,662,733,694,649,638,691,642,629,678,650,709,756,780,729,697,751,739,652,654,696,572,524,594,679,743,792,731,689,631,731,615,665,675,720,697,650,725,721,695,791,724,706,641,710,724,630,724,695,753,637,729,671,634,680,691,755,725,745,720,658
1218,695,747,677,654,657,593,736,753,635,590,608,732,583,733,665,687,632,696,580,547,678,644,681,622,619,740,605,577,661,718,745,650,593,731,742,690,656,729,691,648,638,691,640,628,673,645,710,754,778,724,697,751,740,649,652,694,569,523,593,677,740,793,729,686,628,730,611,665,675,715,696,648,726,716,691,789,722,705,641,713,721,627,723,690,753,637,729,668,632,677,689,754,721,742,719,655
1219,693,748,673,653,656,592,732,746,634,586,606,733,580,731,662,685,630,694,578,545,677,642,678,616,619,738,603,575,660,719,742,644,591,729,742,686,656,728,691,641,636,695,636,625,669,643,711,749,777,722,694,752,736,646,651,691,569,522,593,673,737,793,729,681,627,730,610,665,676,714,694,645,719,713,688,787,721,706,637,711,720,626,720,685,750,635,731,667,631,674,687,754,722,741,718,654
1220,692,749,670,650,652,590,732,743,630,582,606,730,579,727,661,683,627,691,578,543,676,640,674,615,616,734,601,572,656,714,738,642,589,727,743,685,654,729,685,640,634,694,635,626,669,641,708,751,775,720,690,753,735,644,650,687,566,522,590,672,732,791,729,679,625,730,609,663,677,707,693,641,719,707,685,787,721,706,635,709,718,622,717,682,750,631,733,663,627,673,688,753,723,738,715,652
1221,689,748,667,649,646,585,729,740,629,582,604,727,577,727,657,680,623,689,579,537,670,640,669,613,614,730,598,570,653,710,736,642,589,725,742,682,650,729,684,637,629,695,636,625,670,638,709,744,775,718,690,749,737,641,646,683,562,521,588,671,734,794,726,680,625,727,606,658,676,708,690,638,716,704,685,785,721,708,634,712,717,619,715,680,749,632,728,661,625,671,686,749,722,737,714,650
1222,687,748,665,645,644,581,726,738,627,579,600,726,573,722,654,677,621,683,579,534,668,639,668,610,611,729,595,568,649,706,737,642,586,723,741,682,650,727,678,634,625,693,633,624,666,638,706,742,777,716,687,749,738,641,645,681,559,518,586,670,733,790,723,677,623,721,603,653,676,704,686,633,716,702,684,782,723,707,630,712,717,618,713,678,751,629,728,658,623,670,685,747,723,736,711,652
1223,688,745,664,644,642,579,726,738,621,575,599,726,571,721,650,672,618,683,578,530,668,637,666,605,607,728,592,565,645,703,738,640,582,723,738,682,650,725,674,633,624,695,632,624,664,632,703,738,776,715,685,748,738,640,645,678,555,517,583,670,731,790,720,676,621,718,602,650,674,704,684,629,715,701,684,778,721,708,628,713,713,619,710,675,750,628,728,656,620,668,679,745,724,732,709,651
1224,684,741,661,643,638,577,725,736,618,574,597,720,569,721,648,669,617,679,575,530,666,637,661,603,605,724,587,560,642,702,736,636,579,721,737,680,648,726,672,632,622,697,631,619,662,630,705,735,774,710,685,746,735,634,644,677,552,513,582,670,730,790,716,674,621,716,602,649,667,698,684,628,716,699,682,772,717,704,627,714,711,618,701,673,749,627,724,654,616,665,677,743,723,726,709,650
1225,684,740,660,640,630,573,718,735,613,572,594,718,569,721,646,664,616,676,573,526,665,636,660,600,603,723,585,560,638,700,732,632,573,719,738,679,645,723,670,630,618,697,628,616,661,627,700,734,776,710,683,743,735,633,641,678,551,513,580,665,727,790,718,672,619,714,600,646,661,694,682,626,714,694,679,772,711,703,624,715,708,613,697,669,749,627,723,653,612,658,677,744,719,722,706,647
1226,681,735,655,640,626,571,718,730,611,567,594,718,566,716,644,661,613,673,573,522,661,633,660,597,601,721,580,557,635,700,729,628,572,715,739,677,645,722,671,628,617,696,627,611,661,625,697,732,777,710,682,740,734,626,639,673,550,513,576,662,723,788,716,671,618,713,599,643,660,691,682,624,711,690,677,768,711,702,621,714,705,610,696,668,747,626,721,650,608,658,675,743,720,722,705,645
1227,675,733,655,636,621,569,715,729,611,563,592,716,562,716,643,658,610,669,568,518,661,631,658,597,595,718,576,554,633,698,728,624,571,714,736,674,644,719,667,627,614,698,627,609,658,619,694,730,780,710,681,739,733,624,638,674,546,510,572,659,722,784,716,671,615,713,595,643,656,688,681,618,709,684,677,769,705,696,619,716,705,610,693,666,748,622,722,647,607,653,673,742,720,720,704,644
1228,675,732,654,634,620,569,713,730,609,560,590,711,560,711,640,658,608,666,567,514,661,628,659,596,595,719,575,550,631,694,727,622,570,713,736,673,642,717,667,624,615,701,627,606,656,616,691,726,783,711,677,739,733,620,635,671,545,508,572,658,721,784,714,672,611,715,592,643,653,687,677,615,705,678,675,769,707,696,619,717,706,609,689,665,748,617,721,647,604,652,673,739,719,718,704,643
1229,675,730,651,632,617,568,708,732,608,559,588,712,558,708,638,656,608,664,567,514,659,627,658,593,593,718,568,550,631,693,725,619,570,711,736,671,641,713,665,621,608,708,624,602,654,614,687,724,784,709,677,735,734,618,634,669,544,505,569,660,721,781,713,673,605,709,588,642,652,688,677,611,704,678,673,768,707,694,617,717,704,606,685,663,746,614,720,643,598,649,671,738,717,717,701,642
1230,673,730,647,631,616,564,707,733,606,555,588,712,553,707,636,656,606,663,563,511,655,620,654,589,593,719,568,546,628,691,726,618,568,709,738,671,642,712,664,618,608,710,622,599,647,611,687,722,783,707,674,734,735,618,633,668,543,504,566,660,721,781,709,672,602,708,588,640,647,687,678,609,701,673,670,767,708,693,615,717,703,602,679,660,746,609,719,640,594,649,669,738,720,712,700,639
1231,668,728,645,630,612,561,704,733,601,553,587,711,549,705,632,657,604,662,563,506,652,621,650,590,590,718,568,545,626,691,726,609,566,708,735,672,640,711,659,616,605,714,621,599,643,609,685,719,786,704,671,732,736,614,629,669,538,503,563,657,721,780,708,673,601,702,587,638,647,684,679,605,702,670,670,764,710,692,613,719,701,600,676,658,745,607,717,637,588,646,670,737,720,710,699,637
1232,667,726,643,629,611,558,700,733,594,553,583,708,545,704,632,656,600,655,563,501,647,616,648,585,586,716,567,543,625,692,724,606,562,706,734,671,638,707,657,613,599,710,620,594,642,608,683,718,786,704,669,732,738,611,625,666,536,497,564,654,719,781,706,675,598,698,585,634,645,683,676,603,698,665,668,762,708,690,611,720,700,598,672,659,744,605,718,635,586,643,670,735,717,709,699,634
1233,668,725,643,626,605,558,698,733,592,549,583,707,544,704,630,656,600,653,559,501,645,614,648,582,584,716,565,539,624,692,724,604,561,703,733,669,634,706,654,610,596,708,619,592,640,608,683,716,784,705,667,728,738,608,624,664,533,490,563,650,718,782,702,673,595,694,582,632,640,680,677,598,695,664,666,759,706,687,609,719,701,593,667,658,743,603,720,633,585,641,667,728,717,707,699,636
1234,667,724,643,624,604,557,698,731,588,549,579,702,543,701,627,654,596,651,557,501,645,609,646,582,584,716,561,535,622,688,722,603,559,701,731,668,632,704,650,607,595,709,618,593,636,607,682,713,780,703,667,727,735,604,621,661,530,489,561,650,720,784,700,674,595,692,578,629,637,680,677,594,692,662,664,758,706,687,607,718,697,590,665,657,741,600,719,627,584,639,666,728,719,707,698,634
1235,665,724,641,620,602,554,697,732,586,545,576,702,542,698,628,649,594,653,556,497,645,603,644,581,580,712,561,531,621,688,722,603,556,699,727,669,630,698,647,604,590,708,616,591,633,603,679,713,779,703,666,725,734,601,620,660,528,489,557,648,718,782,698,671,593,690,576,623,635,676,673,594,691,659,662,756,704,684,604,716,696,588,663,656,741,597,720,625,583,635,664,725,720,706,695,633
1236,663,725,635,615,598,550,694,729,582,543,573,699,540,696,626,649,593,653,553,495,641,602,641,579,578,709,558,531,619,686,720,602,556,698,724,668,627,696,646,601,588,707,615,588,632,600,678,709,781,701,665,723,733,599,619,658,528,487,555,646,718,783,695,668,587,690,571,619,636,670,671,592,687,658,659,752,705,680,604,715,696,587,661,655,738,598,718,623,582,633,662,723,723,699,695,626
1237,659,726,634,612,597,548,694,727,581,535,572,697,538,694,625,647,589,652,553,495,640,599,640,577,578,707,554,528,616,683,717,601,553,697,725,663,623,691,640,598,585,706,612,585,626,598,680,706,774,695,661,725,733,596,614,655,524,482,552,644,718,785,692,664,586,689,567,614,634,669,669,588,683,658,658,752,705,679,601,714,693,585,652,647,737,594,719,620,579,632,660,719,722,696,693,622
1238,658,725,631,608,591,544,691,725,578,531,569,697,537,690,625,643,589,646,549,494,638,598,640,576,577,708,553,527,615,677,714,601,549,693,725,661,620,691,635,597,582,709,609,585,624,594,678,702,776,696,655,724,733,595,612,654,524,481,552,636,716,784,693,661,584,684,566,612,631,670,669,585,677,654,656,747,703,680,600,710,692,582,650,644,734,592,717,618,576,629,660,720,721,694,691,620
1239,653,725,627,608,588,541,689,724,577,529,568,693,534,689,622,639,588,643,547,493,636,597,634,573,577,708,550,523,611,674,711,601,546,690,722,659,620,691,633,597,579,712,604,582,624,591,673,701,774,696,653,722,731,591,608,653,524,477,549,635,715,781,692,659,583,680,564,610,627,669,666,581,674,651,654,742,702,678,597,709,688,581,645,642,736,589,716,614,574,629,657,720,722,691,688,617
1240,652,722,625,606,587,539,688,723,575,528,566,689,532,689,619,638,588,641,547,492,634,598,634,573,576,704,547,519,611,675,710,601,541,689,721,655,618,690,630,596,575,711,597,580,623,590,669,695,773,697,647,722,727,590,604,648,520,476,547,632,713,781,689,659,581,680,563,608,626,669,663,577,672,649,651,739,698,675,590,709,686,580,646,640,735,585,716,609,574,627,655,719,720,688,687,614
1241,650,719,625,598,585,536,683,722,575,527,564,690,531,692,612,634,585,640,545,491,632,595,634,571,572,701,546,518,608,673,708,599,542,688,719,655,615,689,629,594,570,713,593,576,623,586,666,692,770,697,646,718,726,591,604,647,518,472,547,629,716,776,687,659,579,677,561,604,624,667,662,573,669,649,649,737,700,673,591,706,687,577,646,638,731,581,716,606,572,625,654,717,720,687,687,611
1242,648,719,622,595,582,536,684,719,573,524,564,689,529,693,610,631,583,641,543,491,633,594,632,568,570,700,543,512,606,669,707,596,541,686,720,654,611,689,628,593,570,711,589,576,621,585,662,689,771,691,644,717,723,589,605,646,518,472,545,628,717,771,687,658,576,672,555,597,621,666,661,569,669,652,646,735,701,673,587,705,685,577,646,636,730,578,713,602,570,626,652,716,720,683,685,608
1243,646,717,615,594,582,533,682,716,573,522,559,687,527,692,607,629,581,640,541,490,634,593,629,566,568,698,542,510,603,667,707,595,539,684,720,654,614,688,625,592,569,710,586,577,620,580,661,688,772,689,641,719,722,588,603,643,515,472,542,627,715,772,683,656,574,671,551,594,618,664,660,566,671,652,644,733,696,671,585,703,683,575,642,632,730,578,713,600,567,624,651,708,720,677,684,602
1244,644,715,613,593,581,530,681,715,568,522,557,689,525,693,602,625,579,639,537,485,629,590,628,562,567,696,541,507,602,666,703,594,539,682,720,654,612,687,619,590,567,711,587,577,616,579,660,689,769,687,634,715,723,587,601,642,513,470,536,625,715,769,682,655,567,670,549,594,615,660,660,565,668,651,639,734,692,667,580,704,682,573,637,630,729,572,712,597,565,623,647,702,718,674,682,597
1245,643,713,613,591,579,528,679,712,568,520,555,688,523,690,601,624,577,639,537,483,626,586,629,560,567,696,539,502,600,664,702,591,538,680,720,650,611,685,615,587,562,711,586,576,616,577,660,689,764,687,631,711,725,583,598,638,512,469,532,621,710,769,679,656,565,671,548,593,614,655,658,562,664,649,638,733,689,664,575,704,678,571,630,627,730,569,711,596,564,622,645,699,717,670,679,592
1246,643,713,609,590,578,525,678,707,568,515,551,682,523,688,599,622,573,636,536,478,624,583,627,556,563,692,538,499,598,662,700,590,537,676,723,648,611,682,612,586,559,714,582,577,614,573,660,684,763,687,628,710,723,582,596,636,508,468,531,621,705,769,674,652,565,660,542,591,611,654,658,557,662,648,636,730,689,663,572,702,677,571,629,618,729,567,711,595,565,623,642,696,716,670,676,592
1247,645,713,607,588,577,524,676,706,566,514,551,680,519,688,597,619,573,633,533,475,623,579,623,555,562,689,536,495,598,661,695,585,532,673,724,645,607,681,612,583,557,709,579,575,610,572,658,681,764,683,625,708,721,579,592,636,504,466,530,621,704,768,671,652,563,659,541,590,610,654,659,554,661,647,634,728,686,658,570,704,675,570,623,615,728,567,709,593,560,621,636,693,713,668,672,589
1248,645,708,602,584,574,519,675,703,563,514,551,679,517,686,597,617,570,633,529,472,621,576,619,551,560,689,533,493,597,659,695,580,527,674,719,644,606,679,611,577,558,711,577,572,610,568,659,679,763,681,623,705,719,578,591,631,501,462,530,616,704,768,668,653,558,656,537,587,604,650,657,553,660,645,633,725,687,659,569,701,676,570,622,613,726,564,708,593,559,620,633,691,713,667,671,584
1249,642,705,597,584,570,515,673,700,562,513,549,674,516,684,595,615,567,634,528,471,620,574,619,544,559,688,530,493,598,659,692,578,525,673,712,644,602,679,609,576,554,712,574,569,606,568,658,677,763,681,621,704,717,575,589,625,497,460,528,614,702,769,669,655,553,653,533,585,602,647,657,551,658,640,632,726,690,655,567,699,677,567,618,610,726,560,710,589,555,618,628,690,712,667,669,583
1250,642,706,595,578,570,512,666,699,557,510,549,674,514,683,594,612,566,632,524,467,623,571,617,537,554,686,528,491,597,657,689,575,524,672,711,639,600,677,609,574,554,713,573,567,606,567,654,675,763,681,617,703,715,569,584,625,497,457,527,613,699,767,667,653,553,650,528,584,596,646,658,548,656,639,629,726,687,651,566,703,671,567,612,609,728,557,709,584,552,614,626,686,712,668,667,580
1251,643,705,592,577,569,511,665,700,555,510,546,675,512,681,593,612,561,629,520,466,619,570,615,534,552,679,528,490,596,654,688,572,522,671,709,638,597,674,608,572,552,713,570,565,604,568,653,675,761,680,611,700,712,567,583,625,495,455,526,612,697,765,664,652,551,648,526,584,596,646,657,547,657,638,625,723,686,649,565,704,671,564,610,605,728,555,709,580,549,613,622,684,711,666,664,578
1252,642,706,591,576,569,511,664,699,551,507,543,674,512,682,586,608,558,628,518,463,618,567,615,531,549,678,524,488,596,654,687,571,520,671,708,637,595,670,603,572,549,714,566,566,603,565,651,676,762,680,606,697,712,563,579,623,491,454,525,608,693,766,663,649,548,645,526,581,593,647,656,542,653,636,625,722,683,649,562,704,668,561,607,601,728,555,707,577,546,611,621,684,711,665,662,574
1253,639,704,588,575,567,508,664,695,546,505,540,672,511,679,579,605,557,626,516,459,618,562,613,527,547,675,522,485,598,650,688,564,515,669,708,637,594,668,602,569,548,714,563,562,600,564,650,677,765,680,605,696,714,563,577,620,491,452,521,604,694,761,663,646,548,645,525,579,592,645,655,540,651,633,623,720,678,645,558,700,667,558,605,600,728,553,711,574,544,609,618,681,708,659,662,570
1254,636,700,585,574,565,507,664,694,542,503,536,672,507,677,574,605,556,623,514,456,618,561,611,523,542,673,520,483,598,645,686,562,514,664,709,635,591,668,593,567,545,713,558,558,598,560,648,674,765,677,606,696,714,560,576,615,488,448,518,601,692,759,658,644,545,644,522,577,585,645,652,536,649,627,621,717,677,641,558,699,667,558,602,601,728,551,714,572,540,604,615,681,706,657,662,566
1255,635,698,578,572,565,504,663,692,541,503,530,665,505,674,571,605,554,616,511,454,615,557,611,523,541,669,521,481,598,643,683,561,510,661,708,630,587,667,593,564,542,712,557,556,597,556,645,673,765,676,606,694,712,555,574,612,486,447,517,597,693,755,658,646,541,640,516,576,583,643,649,534,647,626,617,715,677,641,554,696,664,551,597,599,724,547,716,567,540,601,614,682,707,657,659,565
1256,631,697,576,567,561,502,666,687,537,499,528,660,504,671,570,603,553,612,509,452,617,554,610,524,541,666,520,479,595,642,680,557,508,656,709,627,585,667,591,562,539,711,556,548,593,556,644,670,764,674,607,691,711,553,574,608,485,443,515,594,695,754,655,643,538,639,512,575,578,642,648,532,645,624,616,712,676,638,553,695,658,548,592,598,726,545,715,568,539,599,611,682,702,655,655,566
1257,627,696,574,564,559,498,665,686,536,498,525,662,503,668,567,599,550,611,508,448,617,550,611,520,540,663,517,477,590,639,680,554,506,655,706,622,583,666,587,560,539,713,556,547,591,553,642,669,761,675,606,689,709,549,572,608,485,441,514,593,695,754,654,640,534,637,508,572,575,642,644,531,642,620,612,710,675,637,551,697,659,547,589,598,724,541,715,566,537,598,608,681,699,651,656,565
1258,625,695,570,564,556,494,662,685,534,497,522,659,500,666,564,599,550,608,505,443,617,550,609,517,540,661,515,477,588,639,676,552,503,652,707,623,579,665,586,559,539,715,555,546,590,551,640,668,756,675,605,685,710,547,569,605,483,438,513,591,691,747,651,639,530,636,507,570,574,640,641,530,640,617,609,708,673,634,551,696,657,546,588,598,723,538,714,564,535,595,607,677,699,649,654,564
1259,623,693,568,564,552,491,662,683,531,497,519,657,498,664,563,596,549,605,505,441,613,544,607,515,539,659,510,475,586,638,677,549,499,649,702,621,577,665,586,556,538,721,553,545,588,551,640,666,756,675,603,686,709,543,569,602,479,438,511,590,689,745,649,637,527,635,505,565,573,635,637,528,638,618,609,705,672,631,550,695,656,542,584,597,716,537,714,563,527,594,606,676,699,648,651,563
1260,621,691,563,561,548,490,661,682,527,495,518,657,497,662,558,593,548,604,502,438,608,539,602,510,538,657,508,475,584,633,672,547,497,644,698,618,574,666,584,554,534,720,551,545,586,547,640,667,757,674,602,686,709,541,564,601,477,436,510,587,690,742,647,634,525,631,502,560,573,631,636,523,633,613,607,707,670,630,546,693,652,543,583,597,713,536,712,560,527,590,604,673,700,645,650,563
1261,617,687,559,560,547,489,659,679,524,494,517,655,496,660,555,592,545,602,499,437,609,534,596,506,533,656,508,476,581,631,671,545,494,642,697,617,568,664,582,551,531,721,550,543,586,549,640,664,757,672,601,687,708,540,564,600,476,435,509,586,688,738,646,631,525,626,500,555,572,632,634,520,631,611,605,705,663,624,545,688,651,539,580,595,713,531,713,560,527,587,603,672,701,644,649,561
1262,615,686,556,557,546,488,656,676,523,493,515,650,495,660,556,589,544,597,498,435,607,534,594,505,530,654,506,474,580,629,670,544,491,639,697,618,568,661,579,549,528,720,547,540,582,548,637,659,757,669,598,684,707,537,561,599,474,431,504,585,688,735,643,629,522,626,498,553,571,632,634,520,629,610,603,704,660,622,543,685,646,538,578,594,713,528,713,556,526,587,603,672,700,642,648,560
1263,611,686,552,557,543,485,655,672,520,492,512,647,494,659,555,587,540,595,495,432,605,531,593,501,526,654,504,471,573,625,671,545,485,639,695,616,563,661,580,546,524,722,546,538,582,548,635,656,755,666,596,683,707,535,560,596,472,427,503,582,687,734,639,631,517,622,495,551,571,631,632,519,626,604,600,704,656,624,540,683,645,533,576,592,711,523,711,555,526,584,602,670,698,639,647,557
1264,608,683,548,555,539,481,653,671,519,491,513,642,494,660,553,584,539,595,493,429,605,526,590,500,523,653,500,469,571,623,669,545,483,637,694,614,560,659,573,545,520,723,544,536,581,545,633,654,755,664,594,681,708,532,558,596,472,424,503,580,688,733,640,629,513,618,492,549,571,629,631,517,625,600,599,701,651,624,539,684,641,531,571,589,710,520,711,554,523,582,602,672,696,635,646,556
1265,604,680,543,550,536,478,648,669,517,488,512,638,490,659,550,582,536,592,492,426,606,522,588,499,522,648,497,466,569,619,667,542,481,632,688,613,554,657,566,544,518,720,542,531,578,543,633,652,753,661,594,682,706,528,556,594,466,423,502,577,685,729,638,627,512,615,485,547,570,626,631,515,619,599,596,695,650,624,535,681,638,530,568,588,709,519,710,554,522,581,602,671,696,634,641,554
1266,601,678,543,551,536,478,643,667,515,485,509,633,489,653,550,582,534,590,486,426,605,519,586,497,521,646,497,462,569,618,661,541,481,629,688,611,550,657,563,543,517,718,539,529,576,543,632,649,751,658,594,677,703,522,555,591,459,420,502,576,684,729,637,627,508,610,481,543,566,626,629,511,619,599,596,695,650,620,533,680,636,530,567,587,707,516,710,551,518,580,601,669,696,635,638,552
1267,603,677,541,549,535,477,643,667,514,482,506,633,486,654,550,580,533,588,484,426,604,518,586,493,520,643,496,458,568,615,658,541,475,622,687,611,546,655,559,542,514,720,535,528,574,539,632,645,749,654,592,674,702,522,551,590,454,420,499,573,685,726,637,627,505,610,479,542,563,624,631,510,619,596,595,689,648,616,532,676,636,529,567,585,706,514,706,551,513,577,599,670,698,636,634,551
1268,603,677,540,549,533,476,640,662,513,479,503,630,487,650,548,577,533,588,482,425,602,516,585,491,516,642,493,457,567,614,656,539,471,619,683,609,543,653,559,538,513,720,533,525,571,535,630,643,748,652,590,673,701,517,547,586,450,417,497,569,682,726,633,626,502,609,476,539,561,622,628,508,617,592,595,690,648,612,529,675,633,527,565,584,707,512,703,549,513,576,598,669,700,633,631,548
1269,599,677,537,548,529,473,640,662,510,477,502,630,485,649,546,576,530,587,479,422,599,514,582,490,515,639,491,454,566,612,659,537,467,618,680,607,537,652,557,539,511,724,529,522,572,528,626,641,750,653,587,673,701,517,544,586,450,414,495,562,680,726,631,625,500,605,474,538,563,621,626,507,610,589,595,688,647,609,526,673,632,523,561,579,707,509,703,549,509,576,597,668,697,629,629,547
1270,596,673,536,544,528,472,638,659,507,475,499,626,484,651,545,573,525,583,478,418,597,512,581,485,514,638,487,452,562,610,659,532,467,616,677,602,534,649,556,533,508,725,528,516,570,526,623,638,751,652,586,674,699,516,540,584,446,413,493,556,679,728,630,622,494,603,472,536,563,620,626,505,610,587,589,688,647,606,522,672,632,523,556,575,704,505,700,549,507,576,597,669,695,627,628,543
1271,594,673,533,543,526,468,638,654,507,473,496,623,481,650,542,573,520,583,477,418,596,510,578,483,510,636,487,449,560,609,653,531,465,614,676,600,530,646,556,532,505,725,526,513,568,524,621,638,753,648,585,673,698,514,538,582,446,412,493,554,676,727,629,617,494,602,470,536,563,615,625,504,609,585,587,685,642,600,520,671,631,521,558,572,701,503,697,548,505,573,596,667,695,626,626,540
1272,592,672,529,542,524,467,638,649,506,473,495,622,478,649,541,570,517,580,476,417,594,508,572,481,506,636,485,449,556,608,653,526,462,614,677,597,529,644,550,529,503,723,525,511,568,520,620,634,755,650,583,671,696,512,536,581,443,409,489,553,676,725,626,615,491,601,469,535,563,612,623,504,608,582,584,687,639,600,519,673,629,518,555,569,699,503,694,544,503,570,595,665,692,628,623,539
1273,591,670,527,537,524,465,638,642,505,470,491,619,476,645,537,571,516,578,475,413,591,507,569,478,503,632,480,449,554,604,653,523,458,612,676,597,529,642,548,529,501,721,522,511,564,520,617,632,755,650,584,669,695,509,531,579,441,408,485,550,673,723,621,614,490,600,463,536,562,608,620,503,605,580,580,682,636,594,513,670,629,516,552,566,698,504,694,542,499,568,593,664,697,630,622,537
1274,589,669,523,536,522,461,637,644,501,468,490,616,475,646,534,569,515,578,472,410,590,503,567,478,499,627,476,449,549,602,653,524,455,608,676,597,524,644,543,524,501,717,521,506,563,518,616,631,751,649,582,670,693,506,530,576,439,408,482,548,669,723,617,614,489,597,462,531,562,608,618,500,604,577,579,678,638,591,511,670,626,515,552,566,698,502,695,536,495,564,593,662,699,627,620,538
1275,587,667,520,534,518,456,635,641,499,464,482,614,471,644,532,567,515,577,469,409,586,501,563,477,498,626,473,447,547,601,651,522,454,605,676,595,525,643,542,522,500,716,517,506,560,515,611,631,750,648,581,668,690,507,529,575,439,406,481,547,666,722,615,615,487,596,461,530,562,605,617,496,603,576,579,672,633,586,510,669,625,515,551,565,697,501,693,535,494,563,593,658,700,625,619,538
1276,584,665,519,531,516,452,633,642,495,462,479,613,467,641,530,566,514,576,468,408,586,495,560,475,498,625,469,445,546,599,651,521,452,600,673,592,519,640,542,520,498,712,516,506,558,513,610,622,747,646,580,669,687,506,527,574,439,403,478,546,666,723,616,615,486,595,461,528,558,602,615,494,602,576,575,670,632,585,510,669,627,515,548,565,694,501,690,530,490,558,592,653,697,623,619,534
1277,583,665,517,530,513,448,633,640,493,462,475,609,464,641,528,563,512,576,465,408,584,491,558,470,494,622,465,445,545,596,649,521,453,600,668,589,514,638,542,518,495,710,514,506,554,512,609,618,745,644,579,666,686,502,526,570,436,402,477,543,664,718,615,613,483,590,459,528,555,601,614,492,600,573,574,669,631,582,505,669,624,514,548,563,688,498,690,529,490,558,590,651,701,621,617,533
1278,582,661,516,527,510,445,628,638,490,460,470,603,458,639,528,560,511,575,463,407,582,486,555,468,493,622,463,441,542,594,650,521,453,599,667,590,512,638,540,517,490,711,512,503,550,510,607,617,742,645,575,664,684,501,521,570,437,399,476,540,663,717,617,611,481,589,457,528,554,602,609,491,597,571,572,670,631,583,503,668,623,509,545,562,687,497,688,526,485,555,587,652,704,620,618,532
1279,574,658,514,525,504,445,626,635,490,458,468,599,457,635,527,560,505,571,458,405,582,484,555,468,491,620,459,439,538,593,649,521,450,595,669,589,509,638,535,516,489,712,509,502,551,509,605,614,739,644,573,663,684,499,518,566,436,397,470,539,662,715,613,610,480,589,454,525,553,600,605,489,593,569,571,667,628,581,501,668,623,503,545,557,686,494,687,525,481,554,585,652,704,620,614,531
1280,573,655,514,523,500,445,621,635,488,456,468,598,454,632,527,558,502,569,455,405,580,480,554,467,486,620,458,437,536,592,648,520,448,594,667,588,504,638,534,511,487,713,506,502,548,509,603,611,736,643,574,661,682,494,515,566,434,395,469,539,658,715,612,605,476,590,453,521,549,594,604,488,592,568,570,664,628,580,498,666,620,504,544,554,685,490,682,522,479,553,581,650,709,617,612,528
1281,568,652,513,521,494,445,621,628,488,454,467,597,452,631,527,557,500,565,455,402,579,477,554,466,485,618,456,437,534,588,648,517,445,593,667,584,504,637,533,507,485,711,502,501,545,507,598,608,733,639,569,661,678,492,514,563,435,394,467,535,653,713,612,602,473,587,450,519,549,590,600,484,589,563,570,661,625,580,497,667,620,503,540,553,685,488,682,520,477,549,581,648,707,612,608,526
1282,569,651,514,520,492,445,621,627,486,452,463,592,452,628,525,556,500,561,455,398,572,474,552,462,480,615,455,433,532,588,647,515,444,592,665,579,502,635,533,505,484,710,501,500,543,506,595,605,733,638,568,657,677,489,511,561,431,393,466,534,652,712,609,598,471,586,447,519,546,588,598,480,589,563,569,658,623,578,495,669,619,501,535,550,685,487,685,519,474,546,579,642,706,610,606,520
1283,565,649,514,516,491,445,620,626,480,449,460,591,449,627,524,555,497,559,451,396,571,472,551,458,479,612,453,431,528,587,646,515,442,590,667,576,501,630,530,502,480,714,501,498,542,505,594,601,731,638,565,655,678,489,508,557,427,393,462,531,649,712,605,595,467,586,444,517,542,588,596,480,584,561,569,656,622,577,494,668,616,497,533,546,686,487,683,519,473,540,577,641,707,610,606,515
1284,561,645,509,513,489,444,620,625,481,447,459,592,448,626,523,554,495,555,447,390,569,471,546,457,477,610,451,430,525,584,645,513,441,590,667,575,499,627,528,499,477,716,501,498,540,504,593,599,729,636,565,652,679,487,501,557,423,391,460,525,649,711,605,592,462,586,439,514,539,587,595,479,581,560,566,654,618,578,493,668,615,493,532,543,687,486,683,518,472,538,575,641,710,609,609,512
1285,556,641,505,512,488,443,618,622,477,445,455,587,445,625,520,547,494,556,446,386,566,470,545,455,476,604,450,426,521,581,643,511,439,589,664,574,498,622,526,496,473,718,501,492,537,502,591,599,726,634,562,653,678,486,500,553,419,390,460,522,646,709,604,591,462,582,434,511,539,586,593,479,582,557,563,652,615,576,493,666,613,493,530,543,685,485,679,515,469,536,575,637,705,610,606,510
1286,551,635,503,510,483,443,618,618,476,444,453,585,444,625,519,544,494,549,445,384,564,464,540,455,474,604,448,424,518,580,640,509,436,584,665,573,498,622,525,493,466,713,499,488,532,501,591,599,726,633,562,648,676,482,499,553,417,389,456,519,646,707,598,589,462,579,432,507,535,586,588,479,582,554,563,651,614,572,490,665,611,490,529,541,685,485,677,515,470,535,573,637,707,608,603,510
1287,550,633,503,507,483,441,617,617,473,443,451,585,441,625,518,542,493,547,444,382,563,460,535,453,473,602,444,423,517,580,641,507,433,584,664,570,497,621,520,492,465,715,495,486,528,498,587,596,727,632,561,646,674,481,496,553,416,388,455,519,640,706,594,588,460,578,431,506,533,583,586,473,581,550,561,646,611,573,488,662,610,487,527,539,682,484,678,511,466,532,569,635,707,607,602,508
1288,549,634,501,506,482,439,614,616,469,443,449,582,440,622,517,539,489,543,441,381,561,457,535,450,471,600,444,422,515,576,640,506,431,583,661,569,496,619,521,488,463,715,492,486,527,497,582,593,727,634,556,643,670,480,494,553,415,387,450,517,640,708,590,587,457,577,427,505,531,581,580,471,579,549,558,646,612,570,485,662,609,486,529,539,681,484,675,506,465,531,567,635,702,602,600,506
1289,548,632,499,503,480,434,614,614,467,441,447,580,438,615,514,538,487,540,438,378,559,455,532,449,470,595,442,418,515,574,634,506,428,583,661,567,492,616,517,485,459,715,492,486,526,493,579,590,723,633,554,642,672,478,491,551,412,383,448,515,641,706,584,585,455,577,427,501,525,579,581,467,576,548,557,645,612,569,484,662,608,484,528,534,680,478,672,506,465,528,564,629,702,602,598,503
1290,547,628,497,503,477,432,612,614,467,440,444,579,437,614,511,537,484,539,434,378,558,454,529,444,466,594,441,415,513,571,632,507,428,580,661,566,487,614,514,480,458,720,491,484,526,491,578,589,725,629,549,639,671,478,489,549,411,382,447,515,640,701,584,586,454,576,423,497,522,577,579,462,575,543,557,643,610,565,483,659,609,481,525,530,680,476,671,501,464,525,562,625,703,600,598,500
1291,546,626,491,499,474,428,606,614,466,438,441,578,435,610,507,538,483,539,432,378,554,450,527,443,465,591,437,414,511,566,631,504,427,577,660,564,481,613,511,479,452,721,489,482,526,490,576,587,724,628,546,637,668,477,487,547,410,381,445,514,633,697,585,585,452,574,422,495,520,578,577,461,573,542,552,643,607,562,479,659,606,479,523,527,679,472,666,497,462,523,561,626,702,599,595,499
1292,544,621,490,495,473,428,604,611,462,435,441,576,432,609,504,538,483,535,432,378,550,447,525,438,462,589,434,414,512,561,628,503,427,574,659,561,481,611,509,478,450,716,487,480,526,488,575,588,727,626,541,637,667,472,488,542,409,379,443,514,632,695,583,581,450,573,421,494,517,576,575,459,569,539,549,644,605,556,476,658,605,475,521,524,674,471,664,493,460,523,557,622,703,599,595,497
1293,545,618,488,493,474,427,604,611,463,434,439,576,432,606,505,538,478,532,431,375,548,445,526,435,456,584,432,415,512,560,628,502,426,574,658,556,479,611,510,475,448,717,486,477,524,486,575,583,729,624,540,634,667,472,484,541,405,376,442,513,629,694,582,579,448,572,418,489,516,576,572,456,567,537,549,642,606,556,473,656,601,474,521,522,673,469,661,491,458,518,556,620,702,598,596,495
1294,544,615,488,492,469,424,602,607,460,433,434,574,427,605,504,534,477,530,430,372,548,443,524,435,452,584,431,412,508,556,631,499,424,572,659,553,478,607,506,474,445,715,484,475,524,482,574,581,730,624,540,634,666,471,481,540,403,375,439,511,629,695,580,578,446,574,417,486,516,576,568,456,565,533,549,640,604,556,470,654,595,474,521,520,671,468,660,491,458,516,553,614,701,598,593,492
1295,544,615,487,491,468,424,600,605,459,429,432,573,427,605,503,533,475,528,428,372,546,442,520,430,449,583,428,411,507,557,627,497,424,571,658,553,477,605,505,474,443,716,483,469,522,480,573,577,730,623,539,633,665,467,481,535,402,375,440,508,627,694,578,577,444,574,415,485,514,572,566,454,561,529,548,635,603,553,466,655,593,474,521,518,672,463,660,490,452,514,549,612,699,594,591,491
1296,544,613,486,490,467,422,598,603,453,427,427,572,423,601,503,530,474,529,425,372,545,442,520,429,446,581,427,410,504,554,623,493,420,570,656,549,477,604,502,473,442,723,479,468,521,477,570,573,730,620,538,631,665,463,478,533,400,374,438,505,626,692,577,577,443,573,412,484,512,571,564,451,557,529,546,635,597,552,464,654,592,473,520,518,671,460,658,488,452,512,548,609,699,595,589,493
1297,542,609,486,489,465,417,598,602,451,424,426,572,419,599,501,529,472,528,425,371,542,439,517,427,444,577,426,408,504,553,623,492,416,572,657,544,475,602,500,472,441,724,479,461,518,477,569,571,730,618,539,630,665,462,476,530,398,371,436,503,626,690,578,574,444,570,412,481,507,570,563,445,557,527,545,632,596,551,462,654,590,470,518,512,668,460,656,485,449,509,547,608,695,595,586,492
1298,537,607,482,487,463,415,597,601,451,421,422,568,417,598,500,526,470,523,425,367,538,438,516,426,443,574,425,407,502,549,621,489,413,572,655,540,473,599,498,472,439,723,478,459,516,474,568,569,729,616,538,626,662,460,473,524,395,370,435,500,623,686,577,572,443,568,411,479,507,568,564,444,556,524,540,629,594,549,458,655,588,469,516,510,666,458,655,484,447,509,546,602,692,592,585,489
1299,532,601,479,484,462,415,597,598,448,418,421,565,415,597,499,526,468,519,425,366,536,437,515,424,442,572,423,403,501,546,620,488,411,570,655,540,469,597,498,471,439,725,476,455,511,471,569,567,727,614,533,624,660,458,473,522,394,366,433,496,620,684,577,571,442,567,407,479,507,566,557,439,555,521,538,631,593,546,455,652,587,465,515,509,665,457,654,482,445,507,546,600,690,592,582,488
1300,530,598,478,478,459,414,595,596,444,417,418,560,411,596,497,524,465,516,422,366,535,435,513,421,440,567,423,402,497,541,620,487,408,563,651,538,469,595,492,470,439,727,473,450,510,469,568,566,729,612,529,620,660,456,473,521,394,366,432,495,619,680,574,570,438,563,407,477,503,564,556,437,552,517,530,631,593,545,455,648,585,461,507,508,660,455,648,482,442,505,542,598,691,591,582,487
1301,529,596,478,475,458,411,593,594,440,416,418,557,408,597,495,520,463,511,423,366,533,430,508,418,438,568,421,402,495,538,617,487,404,562,648,536,469,594,490,470,437,730,472,449,508,468,568,564,728,607,529,617,661,454,470,516,391,366,432,495,619,677,572,568,436,561,405,476,502,562,556,435,547,516,530,627,591,544,452,647,584,456,507,507,658,452,649,481,441,504,541,597,689,591,579,486
1302,529,594,475,471,456,410,594,591,439,415,416,555,407,595,492,517,461,509,423,365,534,428,506,414,434,565,420,402,495,538,616,485,403,562,647,532,467,593,489,469,434,728,471,444,505,465,568,562,723,605,528,613,658,453,469,514,388,364,425,493,618,676,571,565,432,556,401,477,499,558,554,431,546,516,526,624,590,543,450,647,577,452,507,503,656,448,649,477,440,501,540,595,687,589,575,486
1303,528,593,471,468,454,410,593,589,437,414,415,554,404,592,490,516,461,509,420,360,533,426,507,412,434,562,419,402,493,535,613,484,400,561,645,531,466,589,485,464,434,728,469,444,502,463,567,559,725,605,524,610,658,450,464,512,384,360,425,489,619,676,570,561,430,554,400,474,497,556,551,430,543,512,523,622,589,541,451,645,573,446,507,499,655,446,649,477,438,499,538,592,687,589,575,485
1304,524,592,467,466,452,409,590,588,434,409,410,554,402,591,487,514,458,510,417,360,533,425,504,411,434,561,420,398,494,533,610,477,399,558,642,530,463,588,481,464,433,728,466,444,501,462,560,556,725,604,522,605,656,447,462,510,382,356,426,487,614,673,569,559,425,549,399,474,494,556,548,427,541,510,522,621,588,543,450,646,572,441,506,495,652,444,649,474,436,500,534,591,682,587,570,484
1305,521,591,463,464,453,407,586,587,432,407,410,554,398,585,482,513,455,509,415,357,532,421,501,409,433,563,417,393,490,530,609,475,398,555,641,527,462,587,480,464,430,729,463,445,501,460,561,556,724,603,519,605,657,444,461,504,379,355,423,484,612,672,566,553,423,549,397,473,493,556,548,427,539,507,520,617,585,543,449,646,570,440,503,495,650,441,646,469,431,497,531,589,682,584,568,480
1306,518,586,461,462,450,406,584,581,431,405,409,551,398,583,479,511,455,507,415,354,528,418,500,408,432,560,415,391,489,527,609,473,397,551,641,526,460,589,476,460,427,728,460,442,499,457,561,552,722,601,518,602,656,442,459,502,378,355,422,482,611,672,563,553,421,550,395,471,492,555,545,425,537,504,519,616,584,541,448,644,569,438,504,492,649,439,644,466,429,496,528,588,681,582,565,478
1307,517,580,460,461,450,405,582,579,431,402,406,545,395,581,475,511,449,504,411,353,528,414,497,405,432,557,413,387,489,525,608,472,396,551,640,525,459,589,473,458,424,728,458,442,497,455,558,550,718,598,517,601,656,438,459,501,375,352,415,480,609,670,563,549,418,547,393,469,492,553,543,423,534,503,516,613,584,538,446,642,569,437,501,489,645,439,643,466,425,493,528,585,679,576,563,476
1308,516,578,458,460,447,404,582,575,429,400,405,543,393,579,474,508,445,503,408,350,524,413,498,404,428,556,411,386,485,522,603,469,394,549,639,520,458,586,470,456,421,731,458,441,496,451,554,548,716,595,515,599,656,435,458,500,374,352,411,477,607,671,559,549,417,546,391,468,489,549,542,422,531,500,515,610,583,533,444,639,565,436,497,485,639,438,643,463,425,490,528,581,679,573,557,477
1309,515,577,457,458,446,403,580,572,429,399,402,543,392,580,473,503,444,502,406,346,521,412,496,402,426,555,410,385,484,518,602,469,390,548,638,519,455,586,467,454,421,733,455,439,494,448,551,544,714,594,515,595,655,433,458,499,372,351,411,475,606,672,557,547,414,544,386,466,488,546,540,421,532,494,514,609,582,528,443,640,564,435,495,483,639,435,641,462,421,489,526,580,680,571,557,476
1310,515,574,455,456,441,401,580,569,429,394,398,542,392,579,473,501,439,497,403,343,520,412,496,401,424,553,409,382,482,513,599,465,390,547,637,517,453,583,464,449,420,735,455,436,494,445,549,543,713,593,514,593,655,429,456,497,372,348,408,473,603,672,554,545,414,542,384,464,487,547,540,421,532,490,509,607,582,524,442,638,559,433,494,477,640,435,640,458,416,488,524,578,677,569,556,472
1311,513,571,454,455,440,398,579,564,425,391,396,543,390,576,470,500,437,496,401,342,516,412,494,398,424,552,408,379,480,510,598,462,387,544,633,515,452,583,462,446,420,734,454,436,492,444,548,541,714,593,511,590,653,427,454,498,374,347,405,470,603,667,553,541,412,539,384,462,486,544,539,420,531,490,508,606,581,522,438,636,559,433,491,476,636,434,638,456,414,484,520,572,671,568,554,469
1312,512,570,453,453,439,397,577,563,423,388,395,544,389,574,470,500,437,495,396,340,515,409,490,397,422,552,404,379,478,509,598,459,385,542,633,513,449,582,460,447,420,734,452,434,491,444,545,541,713,592,508,590,651,427,452,497,371,344,405,468,601,669,551,538,411,538,383,460,484,544,537,419,528,487,502,601,580,521,436,636,558,431,489,473,637,427,637,456,413,483,520,571,671,567,551,469
1313,510,566,453,450,439,396,573,563,421,388,393,541,386,571,468,497,436,493,393,338,514,406,488,390,422,551,403,377,477,505,596,457,385,541,633,511,449,582,459,443,420,735,451,433,488,443,540,540,713,593,507,587,647,424,451,495,368,343,405,466,597,667,550,539,410,537,383,459,482,544,536,417,526,487,500,602,581,520,434,632,557,430,489,471,634,426,634,453,411,480,515,567,670,565,549,465
1314,506,563,450,445,435,395,568,560,420,388,391,540,383,567,468,496,435,491,393,337,508,403,489,388,420,549,402,375,474,504,595,455,382,539,632,509,449,578,459,439,416,735,449,432,488,439,538,538,713,589,503,584,647,425,450,492,366,342,401,464,595,666,546,536,406,534,380,458,478,542,532,416,526,485,496,600,580,518,434,631,554,429,487,468,633,425,633,453,409,475,511,564,673,561,549,464
1315,504,560,447,441,432,393,565,560,416,385,391,540,382,565,468,495,432,485,392,334,507,400,487,386,418,547,402,374,472,502,593,450,380,539,631,506,446,578,453,437,418,733,447,431,487,437,535,534,713,589,500,583,645,425,447,490,363,339,400,460,591,662,543,535,405,531,379,456,473,537,531,414,523,483,494,598,582,516,432,630,551,428,486,465,635,422,631,450,409,473,510,563,669,558,546,461
1316,502,557,442,442,431,389,564,558,414,382,387,538,380,565,467,489,432,482,392,332,504,395,486,383,416,547,399,373,469,501,593,443,376,536,630,505,445,577,449,436,415,729,445,429,481,436,530,531,713,586,498,581,644,424,446,490,361,336,399,455,589,661,542,530,401,528,379,453,472,535,528,413,521,483,492,597,580,514,428,633,550,427,485,463,632,422,629,448,408,470,509,563,666,552,544,459
1317,500,551,440,438,428,386,563,554,413,381,385,534,377,560,464,485,430,479,391,328,505,390,484,382,416,547,398,372,468,499,590,441,377,535,628,504,444,575,448,434,413,730,442,429,478,435,530,531,711,584,496,578,642,421,445,491,358,333,397,454,589,657,538,528,400,526,376,450,472,533,527,411,520,481,490,592,578,514,425,632,548,425,480,462,630,418,630,442,407,467,509,563,661,550,543,458
1318,495,551,437,437,427,383,561,551,413,381,384,531,376,556,464,484,427,478,390,328,500,389,479,379,416,543,393,372,468,497,585,437,376,534,627,502,443,573,445,430,412,733,439,427,478,434,528,531,711,584,495,574,641,419,442,488,355,331,397,451,585,656,534,527,399,525,375,449,467,533,525,409,516,480,486,588,575,513,421,631,547,422,479,462,631,417,630,441,404,466,507,563,661,548,540,456
1319,491,552,434,432,426,378,560,545,410,381,383,526,375,556,463,482,427,478,386,326,496,384,473,375,413,540,390,372,466,495,581,433,376,531,627,501,439,572,441,429,411,733,436,426,478,433,526,528,710,586,494,573,640,416,441,487,353,329,395,450,583,654,532,527,396,523,373,445,463,534,523,408,513,480,482,584,574,510,417,629,546,420,478,459,630,415,626,441,403,465,505,560,661,547,541,455
1320,490,549,432,431,424,377,560,544,407,380,382,524,371,554,459,482,423,476,385,326,495,380,469,372,410,539,386,370,464,494,580,430,375,529,625,499,440,570,440,428,409,734,433,424,476,432,525,530,708,582,493,569,637,413,440,487,347,327,393,450,580,652,532,528,393,521,371,440,461,531,522,405,510,480,480,583,573,507,415,628,545,417,475,459,627,411,628,436,402,466,502,559,659,547,540,455
1321,489,547,432,429,423,375,560,542,406,377,379,523,370,554,457,482,422,473,385,326,492,381,464,370,408,532,383,370,464,492,576,428,372,527,621,497,439,564,438,426,407,732,432,422,476,433,523,527,707,582,490,567,637,410,437,484,346,325,392,447,578,648,531,527,392,521,369,440,458,526,520,404,510,477,475,580,570,504,412,626,545,416,470,455,623,407,623,436,401,466,499,557,661,546,540,452
1322,486,546,429,428,422,373,556,541,404,375,378,520,368,553,455,477,421,472,383,323,488,380,462,369,407,531,380,369,460,491,574,427,372,527,620,494,433,563,436,424,406,730,429,422,474,433,521,526,705,579,487,567,637,408,435,483,343,325,391,443,572,647,529,526,390,521,366,438,452,521,520,401,508,475,474,580,570,503,409,623,544,415,468,451,624,404,622,433,400,464,499,556,657,546,539,451
1323,484,545,428,427,419,370,554,537,404,375,376,519,368,550,452,476,418,471,382,321,486,377,459,367,406,530,377,369,459,488,572,425,371,522,619,493,431,561,430,424,402,730,425,418,472,431,519,522,706,577,486,567,633,407,432,479,342,323,387,441,572,646,528,526,389,520,364,438,450,519,518,401,507,471,473,577,570,503,405,620,541,411,468,450,624,400,621,430,395,463,497,555,657,542,538,447
1324,481,544,425,425,419,367,555,531,402,374,375,518,367,550,451,473,415,470,382,319,485,376,458,367,403,528,376,366,457,487,571,424,370,520,619,489,426,559,430,422,402,731,424,417,471,429,515,521,706,575,484,565,633,405,432,479,340,323,383,438,571,642,525,524,387,520,364,437,449,519,513,401,507,469,473,574,568,498,403,621,539,409,468,447,622,397,618,427,391,462,495,555,658,540,535,445
1325,478,540,424,424,416,363,554,528,400,371,373,517,366,550,447,472,412,470,381,318,482,374,457,361,403,526,372,365,457,485,567,424,366,516,620,486,426,558,426,421,401,732,420,414,467,428,513,518,704,574,482,564,633,403,428,477,341,322,382,437,571,638,524,522,382,519,362,434,447,517,511,397,506,468,472,573,568,498,401,622,536,409,467,445,621,395,619,425,388,462,493,556,656,539,532,441
1326,477,536,421,420,412,363,551,529,399,367,372,515,361,548,443,472,408,468,379,318,481,373,454,361,403,523,371,362,453,485,565,424,362,515,619,484,425,555,424,420,398,733,419,411,465,425,512,514,707,574,477,562,631,402,428,474,341,322,379,435,568,637,519,520,379,516,361,432,447,513,509,393,499,468,470,569,569,498,399,621,536,408,465,443,621,393,618,424,386,461,491,550,653,536,529,439
1327,473,532,418,415,407,361,549,527,397,367,370,514,359,548,442,469,405,466,375,317,479,373,452,359,401,520,370,360,451,481,560,421,362,514,618,480,424,551,420,418,396,731,417,409,464,423,512,510,709,573,477,558,630,400,424,471,339,320,379,433,566,633,518,519,376,514,359,430,446,512,508,392,498,466,467,564,570,497,398,620,534,404,464,440,623,390,616,420,382,458,486,550,652,534,529,436
1328,472,530,417,412,406,358,545,528,396,364,368,509,359,545,440,465,403,466,372,317,478,371,451,358,400,519,368,360,448,479,558,419,361,511,615,477,422,552,417,415,394,733,416,403,462,422,512,506,705,572,474,554,628,398,423,470,335,320,376,433,563,632,516,516,374,512,356,427,444,512,506,389,497,466,463,564,571,496,399,619,533,403,462,435,621,387,614,420,382,458,480,547,650,532,529,436
1329,467,530,416,411,399,357,544,525,393,363,366,509,357,539,436,461,401,466,369,316,478,369,450,354,399,519,366,358,444,477,557,415,359,506,613,475,421,548,417,413,392,735,415,401,460,421,512,501,704,571,471,554,627,395,421,469,335,315,371,431,559,630,512,516,374,510,349,427,440,509,506,389,497,462,461,561,569,494,398,619,532,400,458,431,622,383,614,419,382,458,474,546,650,529,528,434
1330,467,530,413,409,398,356,538,524,391,361,363,507,356,534,433,460,397,464,368,313,478,368,448,353,399,519,361,358,440,476,554,414,354,505,613,474,416,545,413,412,391,735,412,397,458,420,511,500,701,569,470,551,624,393,416,469,333,312,366,427,555,632,510,513,373,508,348,426,438,510,505,386,496,457,460,561,570,492,398,615,530,397,455,428,621,381,615,417,381,454,473,548,649,527,524,431
1331,463,529,410,405,394,355,533,523,388,358,363,504,356,532,432,458,397,464,366,310,477,367,446,351,399,519,358,355,438,473,554,413,352,501,611,475,414,545,412,412,390,732,410,397,455,419,510,499,699,565,466,551,622,391,415,468,332,310,363,426,554,633,508,516,371,507,345,425,437,510,504,386,495,457,459,559,565,491,396,615,528,393,452,425,619,381,614,413,380,453,472,548,649,523,523,428
1332,461,526,410,405,392,353,529,522,386,357,361,502,353,530,431,458,397,460,362,306,472,364,444,348,395,518,357,353,438,470,548,411,351,497,607,471,410,543,412,410,386,729,407,397,455,416,509,496,696,564,464,547,619,390,412,464,330,308,359,422,554,631,506,513,368,507,344,422,434,508,502,384,495,455,456,557,565,490,391,613,527,392,451,418,616,381,609,412,378,449,470,546,647,522,522,424
1333,460,525,410,401,388,351,525,518,382,353,360,501,351,527,430,457,394,458,361,303,471,361,443,346,393,518,356,352,434,466,546,410,350,494,602,471,406,544,411,406,381,729,405,395,453,413,504,494,689,562,464,547,618,387,412,461,329,308,359,422,551,628,505,512,368,505,343,417,432,506,500,380,493,453,454,555,563,489,389,610,524,391,451,416,617,378,607,410,377,446,470,545,646,519,518,423
1334,460,526,409,397,385,350,523,514,379,351,359,500,348,524,427,452,392,456,358,302,469,360,440,344,388,515,355,348,434,463,546,409,349,492,604,471,406,542,411,402,379,732,402,391,452,410,502,493,687,561,461,545,620,384,411,456,328,307,359,419,552,625,502,513,364,503,342,415,431,505,498,378,491,449,451,553,560,488,388,610,522,390,446,413,612,377,604,405,376,446,468,544,645,516,518,422
1335,459,525,406,395,382,348,522,514,378,351,358,499,346,519,427,451,390,452,355,298,467,358,439,344,386,513,353,344,433,462,546,405,348,491,601,469,401,540,409,400,378,732,400,387,451,410,501,490,685,559,456,542,616,383,411,455,327,307,356,417,550,623,500,512,362,501,340,412,425,503,499,376,490,448,451,551,560,486,385,608,521,386,443,412,608,375,601,400,374,443,464,542,645,515,516,420
1336,458,524,403,394,379,345,518,515,376,351,357,497,346,518,425,445,388,450,352,294,464,357,439,343,386,511,352,342,432,460,543,400,348,488,600,469,399,537,406,398,377,731,399,386,451,406,497,489,680,557,452,541,613,382,407,455,323,305,353,415,549,623,499,510,359,502,338,409,426,500,497,373,489,445,451,548,559,483,384,608,517,385,439,411,606,373,599,398,373,443,461,538,643,514,516,419
1337,455,522,399,393,375,341,515,510,374,350,354,497,342,517,423,443,382,449,350,293,462,355,438,343,385,510,350,339,432,459,541,398,347,485,597,468,396,535,406,398,376,731,394,384,448,405,494,489,681,554,449,540,609,381,406,455,321,305,352,414,546,622,496,509,358,497,335,408,422,497,494,373,488,445,446,545,557,482,380,608,514,382,435,410,604,371,599,397,371,439,459,536,642,514,514,418
1338,451,520,396,392,374,339,514,505,368,348,352,494,341,515,423,443,379,446,348,291,458,351,436,342,382,509,348,336,432,456,540,394,340,483,594,467,394,534,404,397,375,731,391,382,447,404,489,485,681,552,447,539,608,381,404,452,321,300,349,412,544,622,491,507,358,497,334,407,418,494,493,371,486,444,446,545,557,478,377,604,512,381,432,405,605,368,598,396,370,439,457,535,638,511,515,415
1339,450,520,393,389,373,339,514,503,363,347,352,494,340,514,419,443,378,446,348,291,457,350,431,340,380,508,347,332,431,453,537,392,340,482,595,463,392,532,403,398,372,732,389,380,445,402,487,484,678,550,445,535,606,381,404,452,317,298,348,410,545,619,488,507,354,496,332,407,416,491,490,369,482,441,442,543,556,477,375,604,509,378,429,402,604,368,596,395,367,438,458,533,638,511,513,413
1340,450,519,391,389,371,337,513,502,362,346,351,493,337,509,417,441,375,444,346,290,456,348,429,337,379,507,345,330,429,451,537,391,338,479,591,463,389,527,403,396,371,730,387,377,444,400,486,480,675,546,443,531,604,379,402,447,314,298,347,409,545,619,486,507,353,496,331,404,413,491,489,368,480,437,442,542,555,475,370,601,506,377,426,402,601,367,592,392,366,435,457,531,638,509,511,411
1341,452,518,390,387,371,335,512,504,361,344,350,490,336,508,415,440,371,442,345,290,452,343,429,336,377,508,342,329,425,449,535,387,337,477,591,460,387,525,402,396,371,731,385,375,439,398,485,477,674,543,443,527,603,376,400,445,314,297,346,405,542,618,485,504,350,495,329,401,411,489,487,366,478,436,439,541,554,476,370,600,504,375,425,400,600,366,592,388,363,433,456,529,636,509,512,409
1342,450,517,385,384,369,331,509,500,358,342,349,486,335,506,412,440,371,437,345,287,452,342,426,334,374,508,339,328,421,450,535,386,336,474,588,459,386,526,400,393,370,730,383,372,437,396,480,472,673,541,441,525,600,373,399,443,313,294,344,403,543,618,485,501,348,492,327,398,411,487,485,364,476,433,438,536,552,473,369,598,501,371,418,398,598,365,587,388,361,430,455,529,634,506,509,407
1343,448,514,384,383,368,328,509,501,355,340,346,483,332,503,410,438,369,432,343,286,448,340,423,333,371,506,337,327,420,449,533,385,335,475,587,458,384,525,399,389,370,730,381,368,434,395,480,469,671,540,441,524,599,370,399,442,309,291,342,402,539,615,481,503,346,489,325,394,410,487,482,363,474,431,436,536,550,471,368,598,500,368,418,395,597,364,585,386,360,427,450,528,633,500,507,405
1344,445,513,384,382,368,326,509,500,352,338,345,482,332,503,408,437,369,432,342,285,447,339,421,332,368,503,335,326,418,446,532,383,333,470,586,459,382,525,398,388,368,731,381,367,431,393,476,467,669,538,440,524,601,366,397,442,309,290,340,400,539,617,477,499,345,486,325,395,408,485,481,360,474,429,434,532,552,463,365,596,498,367,415,395,595,362,585,382,358,423,446,527,632,500,509,405
1345,444,514,382,380,366,326,505,499,349,337,343,479,331,501,406,432,369,431,340,283,443,337,419,331,368,503,334,325,417,443,531,380,330,469,582,459,381,523,396,387,368,730,381,364,432,390,477,467,666,536,437,521,600,362,391,442,307,288,340,399,540,615,474,497,342,485,321,395,407,483,479,359,472,429,430,532,550,466,363,594,495,366,413,393,590,362,582,379,357,421,445,525,630,498,508,403
1346,441,512,380,379,365,321,505,498,348,336,340,476,326,498,403,432,364,431,338,281,442,335,419,331,367,503,334,325,417,441,526,379,329,468,583,456,380,523,396,383,365,731,380,363,431,387,477,464,665,534,437,516,599,360,390,441,305,284,339,397,538,613,473,496,342,485,319,394,406,482,475,354,470,427,428,529,549,463,361,594,492,363,408,393,591,360,579,378,354,419,445,523,629,496,505,403
1347,441,511,378,376,364,319,506,497,348,335,339,473,325,493,402,432,361,428,336,280,437,333,415,330,364,502,331,323,415,439,524,374,329,467,578,454,376,522,395,379,364,728,378,363,429,387,475,464,661,534,436,511,599,360,389,437,304,280,337,395,534,610,474,495,341,482,317,392,404,478,471,353,470,427,426,528,546,460,360,591,491,363,406,389,589,358,575,377,350,417,441,521,628,493,503,400
1348,441,508,374,373,358,318,506,495,348,335,338,470,325,493,401,429,359,427,333,278,432,330,415,327,363,499,330,318,413,436,521,373,326,466,576,453,374,519,394,378,363,728,378,362,428,384,474,464,660,532,434,507,596,356,385,438,304,279,335,394,533,609,474,495,338,481,315,389,401,475,472,352,469,426,424,522,543,459,359,588,487,362,405,389,588,357,573,376,348,417,439,518,629,492,502,397
1349,440,507,371,373,357,317,503,492,345,333,333,466,323,490,401,430,355,422,332,277,430,326,416,325,359,496,329,318,411,434,519,371,326,464,576,454,370,517,389,375,361,731,376,360,429,380,472,464,657,532,433,505,595,355,383,436,304,279,333,393,531,607,470,494,337,480,313,387,401,475,471,352,468,426,422,519,542,458,358,590,486,360,404,389,582,353,571,377,346,416,438,517,628,492,502,394
1350,436,506,369,370,354,315,503,488,344,333,332,464,321,488,400,428,351,420,329,275,428,323,414,325,352,495,330,315,410,430,517,370,326,461,576,450,369,517,387,373,360,727,375,360,425,378,469,463,656,530,427,503,592,355,381,432,302,275,330,391,531,607,470,489,335,479,314,384,399,472,470,349,466,425,421,519,541,457,355,587,486,356,401,388,579,351,569,377,343,415,439,515,627,491,500,391
1351,434,502,368,368,354,312,499,486,344,331,330,463,320,488,399,427,351,417,327,275,426,322,416,323,349,491,327,310,409,429,515,369,322,460,572,451,368,516,386,373,357,727,373,359,424,376,464,460,657,532,422,503,589,355,381,432,300,273,327,390,531,604,469,487,330,478,313,383,397,472,467,347,464,424,419,518,539,455,353,585,480,354,396,387,578,349,569,373,342,411,433,513,625,488,497,389
1352,434,502,368,368,352,310,496,485,342,327,330,461,315,486,397,426,351,417,324,274,425,321,412,321,344,488,325,309,404,426,512,365,319,458,570,451,367,512,386,372,353,726,372,358,423,374,462,459,657,529,422,500,587,354,376,432,299,272,325,386,527,601,466,485,328,474,313,381,397,473,466,343,463,423,419,515,537,455,351,584,479,351,395,386,579,348,569,372,341,410,427,510,628,485,497,388
1353,427,501,367,368,350,309,495,484,340,324,330,459,312,486,396,425,351,418,323,270,425,320,409,320,339,484,325,307,402,422,508,365,317,457,567,450,366,510,384,372,352,725,372,356,421,373,461,457,657,528,423,499,584,353,375,429,296,272,324,386,526,599,465,485,328,469,312,378,396,470,465,340,462,420,415,514,537,451,350,582,477,349,395,384,578,347,568,371,339,409,425,510,627,482,494,387
1354,425,500,364,366,347,306,492,483,339,324,330,457,309,483,394,423,350,418,322,268,425,314,408,320,337,484,326,306,401,419,507,364,314,454,565,450,362,508,385,369,351,723,372,354,419,372,460,454,656,526,421,496,582,351,375,429,294,271,323,383,527,594,462,484,325,466,312,377,395,470,463,339,462,419,412,513,538,450,349,583,477,349,394,379,574,344,566,371,338,406,424,510,623,481,492,382
1355,423,499,360,364,346,305,491,482,338,322,327,460,307,483,391,420,348,416,320,264,424,310,406,319,336,478,324,302,397,416,505,363,312,451,565,451,360,508,385,367,350,723,372,351,418,366,458,454,655,525,420,496,579,351,373,426,294,270,320,380,527,587,461,483,324,463,311,375,393,469,462,336,458,419,411,512,537,449,348,583,477,349,392,378,573,342,564,367,337,406,422,507,620,477,490,380
1356,422,496,357,363,344,302,488,481,337,318,322,459,306,482,389,417,346,416,319,262,422,308,405,317,336,474,323,301,396,414,505,363,310,448,565,446,359,507,383,366,347,722,368,351,416,363,453,453,652,523,415,495,579,348,371,426,293,267,320,378,523,586,461,482,323,458,310,375,392,469,462,335,457,415,410,510,536,447,344,583,478,349,393,374,572,338,560,367,337,405,420,503,618,473,487,378
1357,420,494,354,362,341,302,484,476,336,317,318,458,304,480,386,416,345,414,319,262,422,307,405,316,335,473,323,297,394,414,505,361,308,447,561,444,356,507,381,365,345,721,369,348,416,360,453,452,651,520,412,492,574,346,370,423,292,265,317,377,520,586,459,482,324,453,309,373,392,471,459,330,456,413,409,509,536,447,344,581,478,349,392,372,569,338,557,365,335,404,419,502,615,471,487,376
1358,417,495,353,361,340,302,481,474,334,316,317,456,301,481,383,413,343,412,317,260,422,306,404,315,332,468,323,294,391,411,505,356,306,446,562,439,354,506,382,362,344,720,368,343,414,356,451,451,650,518,410,491,576,346,369,422,289,264,316,377,517,584,454,482,321,452,309,371,393,466,459,330,453,411,408,504,537,445,343,581,476,348,390,370,567,338,552,364,332,402,416,502,614,470,482,375
1359,416,491,351,356,339,300,478,472,332,317,315,454,301,480,382,409,342,412,314,259,418,306,404,314,328,467,318,294,388,408,504,355,303,443,563,437,354,505,381,361,343,720,367,342,411,355,450,448,647,517,407,491,575,345,369,419,290,263,313,375,515,582,451,478,318,450,309,369,392,463,459,329,451,408,407,500,534,443,342,583,475,346,388,365,565,336,553,363,331,401,415,498,614,469,480,375
1360,414,489,349,356,339,298,478,470,330,317,315,451,296,476,378,405,340,411,311,259,415,305,402,314,327,465,319,292,388,407,505,354,301,442,562,435,352,502,379,362,342,717,366,342,411,351,444,448,646,516,404,484,574,342,369,418,289,262,312,374,513,580,448,477,317,447,308,367,391,461,458,326,449,407,405,500,533,440,341,581,472,345,387,364,561,336,552,359,332,400,413,498,611,468,479,375
1361,412,489,347,355,338,297,475,469,329,316,314,449,295,474,373,402,338,408,309,259,413,305,401,311,323,464,316,288,388,405,503,352,300,440,561,434,350,502,376,359,342,718,365,342,410,350,441,446,643,514,402,482,572,341,367,416,286,256,311,374,513,578,448,472,314,446,304,367,390,458,457,322,447,406,404,496,533,437,337,581,468,341,384,363,561,334,550,356,331,397,410,497,610,468,476,374
1362,410,485,345,352,338,296,472,467,328,315,314,446,294,473,372,402,334,408,306,257,409,305,398,309,321,463,314,285,388,404,498,351,298,439,559,433,347,502,376,358,341,720,361,340,409,349,438,442,642,514,396,479,571,341,367,414,286,256,309,372,513,577,447,471,312,443,304,365,389,458,455,322,447,404,400,497,531,431,335,580,469,337,383,359,560,332,548,354,331,395,408,492,610,467,475,374
1363,409,484,341,350,338,295,470,466,327,314,314,442,288,473,372,401,334,404,304,253,408,305,394,307,319,459,312,284,386,399,495,350,297,436,555,430,347,500,374,358,340,718,360,339,406,346,438,440,639,515,393,478,568,340,363,408,286,255,308,371,512,575,443,468,311,439,302,364,388,456,453,322,446,402,399,494,529,429,334,577,467,337,382,355,558,330,547,352,327,394,407,490,609,465,470,373
1364,406,480,339,349,336,291,463,465,323,313,314,442,285,471,371,399,331,404,303,251,409,304,393,304,319,458,311,284,386,397,493,346,297,432,553,430,346,496,374,358,339,717,360,337,402,344,437,437,638,514,393,476,568,337,361,405,285,254,306,369,508,571,442,467,305,435,301,363,386,452,449,321,444,402,399,491,526,427,334,577,461,335,381,353,554,329,544,351,325,390,404,490,609,457,467,372
1365,405,478,338,349,335,289,461,465,322,310,312,442,284,471,370,400,330,402,299,250,403,302,392,303,316,456,311,282,384,397,492,347,294,430,549,430,346,494,374,355,339,718,357,334,402,344,432,433,638,510,390,474,567,336,362,404,283,252,306,367,505,570,441,468,302,432,298,361,386,450,447,319,441,401,399,490,525,427,333,574,461,331,380,350,554,329,543,347,322,387,402,486,608,458,465,372
1366,401,476,335,348,332,288,461,464,318,308,307,441,281,467,370,398,329,401,297,250,402,297,391,301,315,454,310,279,383,395,489,346,293,428,547,428,344,489,372,353,337,719,356,333,399,343,431,432,637,512,389,473,564,335,362,404,283,252,305,362,504,569,440,469,299,427,297,357,384,448,447,316,440,398,397,490,525,425,332,571,459,330,378,348,550,327,539,343,317,387,398,486,609,455,460,371
1367,401,473,335,348,328,286,461,463,318,304,307,440,280,463,370,395,327,400,295,249,402,296,390,299,314,450,308,278,383,394,486,346,293,426,545,428,344,486,371,348,337,717,356,329,396,337,428,431,637,511,388,472,564,333,361,402,282,251,303,361,502,566,438,469,298,423,296,356,382,446,446,314,440,396,396,489,524,425,331,568,456,329,376,345,551,327,538,342,316,387,394,484,606,453,455,369
1368,401,468,334,343,324,285,459,462,314,301,303,440,278,461,368,394,321,399,294,248,399,295,388,298,313,447,307,277,382,394,486,343,291,423,543,425,342,486,370,347,336,716,353,325,394,334,428,430,637,510,387,472,562,331,360,400,279,251,301,359,500,568,437,468,297,420,296,355,378,443,445,313,438,395,396,485,519,422,330,561,455,328,375,342,549,327,539,339,314,387,393,484,606,453,453,367
1369,400,468,332,341,322,285,458,461,313,298,302,436,276,458,367,392,318,397,294,248,397,292,390,294,312,447,306,276,381,391,482,341,291,423,542,423,341,484,369,347,332,717,350,323,394,333,427,430,633,507,383,472,560,331,359,398,277,251,298,356,497,567,434,465,297,418,295,352,376,443,444,310,437,395,395,480,517,424,328,559,451,327,373,340,547,324,540,336,311,385,391,484,605,452,453,366
1370,398,466,330,340,322,285,455,458,310,297,299,434,274,456,365,391,317,392,290,247,396,292,391,294,310,447,303,274,379,389,480,339,291,422,542,422,339,483,366,344,330,717,350,321,392,330,425,430,633,504,385,468,556,331,357,393,277,250,297,354,495,564,431,466,296,417,294,352,375,439,442,309,433,393,393,480,517,423,327,558,449,326,371,337,545,320,539,334,307,382,387,485,606,450,450,364
1371,396,463,327,339,317,284,454,455,308,297,298,433,272,457,363,388,314,391,286,246,396,291,390,293,309,445,302,273,378,386,479,336,291,423,540,422,337,479,365,342,328,715,347,319,391,329,424,430,634,503,384,466,555,327,357,393,272,249,295,353,491,562,430,464,295,413,293,352,371,439,442,309,435,388,393,477,515,423,328,558,448,322,369,335,542,320,538,334,306,381,383,483,606,449,448,363
1372,396,458,326,337,315,282,453,454,308,297,297,431,268,458,363,387,312,389,285,246,396,288,389,292,308,443,298,272,375,385,474,336,289,421,538,420,337,475,364,341,323,715,345,317,389,327,424,430,633,501,383,464,552,325,355,392,270,248,295,352,492,557,429,464,294,412,288,346,369,436,442,307,432,387,392,476,514,422,328,552,446,318,367,334,541,318,540,332,306,378,381,480,607,447,449,361
1373,396,457,322,335,312,281,451,452,307,297,293,429,267,456,359,384,312,389,283,243,393,285,386,290,307,442,297,271,373,385,468,335,288,421,536,418,338,474,364,338,323,712,344,316,388,327,423,427,632,500,382,463,548,324,355,390,270,246,294,350,493,556,427,463,292,410,288,346,368,434,439,306,430,386,389,476,514,421,326,548,442,316,366,333,540,316,540,331,305,375,382,479,606,449,448,361
1374,396,455,320,334,311,278,449,450,305,297,290,425,267,455,358,382,312,388,280,240,389,285,386,285,303,441,297,271,369,385,466,335,288,420,532,415,338,473,362,336,318,712,343,313,388,326,420,427,631,498,379,462,542,320,353,389,269,245,292,347,492,552,426,463,288,410,287,341,366,431,437,305,430,385,388,474,512,419,324,550,441,313,364,332,538,316,537,330,304,375,380,477,605,445,444,359
1375,395,452,319,332,311,277,447,449,304,296,288,422,266,453,353,381,309,386,280,240,387,285,385,285,303,439,295,270,368,382,462,335,287,420,527,414,337,470,362,335,317,714,341,312,385,324,419,429,628,497,379,461,545,317,352,387,268,243,292,347,491,548,423,464,285,409,284,339,362,430,434,305,429,383,385,474,510,418,323,548,440,313,364,330,538,316,536,328,303,374,380,476,603,445,443,358
1376,393,452,317,329,311,275,446,449,301,296,287,420,266,451,352,379,309,385,280,239,387,283,384,284,301,436,294,269,363,380,459,334,285,418,524,414,334,467,362,332,315,710,340,312,385,323,419,427,628,493,378,460,542,315,349,386,266,243,287,346,490,547,422,465,285,407,284,334,358,427,433,303,426,381,385,470,508,415,322,545,440,313,363,330,536,314,533,325,303,374,378,476,601,444,443,356
1377,393,451,317,326,309,273,444,448,300,295,287,418,266,450,349,379,305,385,279,239,386,280,382,284,295,433,293,267,363,380,458,333,285,417,525,409,332,465,360,331,314,707,336,312,384,323,417,427,625,490,377,458,541,314,346,385,265,241,287,346,488,544,417,464,283,405,283,331,354,424,432,300,423,380,385,468,504,415,319,542,439,312,362,329,537,314,531,325,302,372,377,474,599,441,441,354
1378,392,451,315,325,304,273,444,448,298,294,287,416,266,449,347,378,303,383,277,238,382,277,378,281,295,432,290,265,362,378,458,331,284,417,522,406,332,463,358,330,312,706,335,312,382,323,415,426,626,488,375,458,541,314,344,384,263,241,285,343,489,542,416,461,283,403,282,330,353,420,430,299,423,376,384,466,503,414,315,540,437,309,362,328,535,314,529,324,301,371,375,472,594,439,437,354
1379,388,448,315,324,304,272,444,449,296,293,287,416,265,447,345,378,300,382,276,232,380,276,376,279,293,432,289,265,360,378,457,327,284,416,522,404,330,461,358,329,310,704,334,310,383,321,413,425,625,486,374,457,539,314,344,383,260,238,284,342,486,540,415,457,283,400,281,329,351,420,430,298,423,375,383,465,504,414,315,538,435,308,360,321,535,315,527,322,301,369,371,469,591,438,436,352
1380,385,447,312,317,304,270,443,446,296,293,287,414,261,443,344,374,298,381,275,232,379,275,372,278,288,430,288,263,359,376,454,325,284,415,521,401,329,459,358,329,309,703,334,308,382,318,412,424,624,484,372,454,539,314,344,382,257,237,284,340,484,540,413,455,282,396,280,328,350,418,428,296,419,372,381,461,502,412,312,537,433,305,357,320,533,315,521,322,301,367,370,467,592,437,434,352
1381,383,446,310,316,302,270,439,445,294,290,287,415,258,441,341,373,296,380,275,230,375,274,371,275,288,430,286,262,355,372,452,325,284,409,522,400,325,458,354,329,307,704,334,308,381,319,412,422,623,482,369,453,537,311,341,379,255,236,284,339,484,535,413,456,282,393,280,325,349,415,427,295,417,372,381,460,498,410,312,537,430,303,357,319,532,312,521,321,301,364,366,467,588,437,430,353
1382,380,445,309,318,299,267,435,445,293,290,283,414,256,439,338,373,293,377,272,227,375,272,370,274,287,430,282,261,355,368,451,324,282,408,521,397,323,458,353,325,303,705,333,307,380,317,412,420,619,483,369,454,532,310,341,376,254,236,283,337,481,533,412,454,279,391,278,324,347,412,425,293,418,372,380,460,498,409,308,534,428,301,356,317,528,310,517,319,298,363,365,468,585,436,430,353
1383,375,440,309,315,299,265,434,444,292,288,279,412,254,437,338,372,292,377,270,226,374,270,367,271,287,428,282,259,353,368,451,322,281,407,523,396,319,457,352,324,303,705,330,306,378,314,409,416,618,479,368,452,532,308,341,375,250,234,280,334,479,533,411,455,277,389,278,321,345,413,422,291,417,371,380,461,497,408,306,531,427,298,354,317,526,308,517,318,297,359,365,469,583,432,428,351
1384,373,440,309,314,299,265,434,441,287,287,278,410,254,436,337,372,292,374,268,224,372,270,366,269,285,427,281,256,351,366,450,319,278,406,523,396,318,457,352,323,302,706,329,306,377,312,406,414,615,477,367,450,529,307,339,374,250,231,280,333,479,535,408,455,273,388,275,319,345,409,421,289,416,368,374,458,493,409,304,527,427,297,353,315,524,304,516,317,296,356,365,470,578,432,423,350
1385,369,437,307,311,296,263,432,440,284,284,277,407,254,434,333,372,292,374,265,221,370,268,364,267,284,426,277,253,351,365,450,317,277,407,520,396,316,454,351,320,301,705,329,306,376,307,405,413,613,477,365,447,526,306,338,372,248,228,280,329,478,533,406,454,273,385,274,317,343,406,418,286,415,367,374,455,494,407,301,525,426,296,351,313,523,303,512,315,296,352,363,468,579,432,421,349
1386,369,436,306,307,295,259,429,440,284,282,275,406,252,435,331,371,292,371,264,219,371,268,361,266,283,425,277,252,350,365,448,314,275,406,517,396,314,454,349,317,300,706,327,305,372,305,401,412,608,475,365,447,529,304,337,370,248,225,280,328,478,533,404,453,272,383,273,316,343,405,418,285,411,367,370,454,493,407,299,523,424,296,349,309,523,301,511,312,296,350,360,467,578,432,419,348
1387,367,435,306,307,292,257,428,440,283,277,274,401,250,435,328,370,292,369,262,218,371,266,359,265,280,421,275,251,350,363,447,313,275,406,515,394,314,451,346,316,300,707,327,302,368,305,399,412,609,475,362,443,526,301,337,369,245,222,279,327,478,533,403,451,269,383,271,313,341,403,413,285,411,367,369,453,489,404,299,519,423,296,348,304,521,298,512,310,296,350,359,466,578,432,418,347
1388,365,435,304,305,290,255,426,440,281,276,273,400,248,435,328,370,292,368,258,217,371,265,356,264,277,419,273,249,350,361,447,310,276,404,514,394,310,451,343,316,300,705,325,301,368,304,396,410,606,473,361,443,525,299,335,368,245,221,280,322,477,529,401,447,268,383,271,311,338,403,410,283,410,363,366,450,487,403,296,518,423,295,347,300,522,298,511,308,296,349,359,464,579,428,416,345
1389,364,432,303,304,289,254,425,438,281,275,272,400,245,435,328,370,291,367,256,217,370,263,354,261,273,418,271,247,351,358,446,310,275,405,511,393,308,450,341,312,299,702,324,297,365,302,394,409,603,471,360,443,524,296,333,365,244,220,278,317,476,526,399,448,267,380,270,308,334,401,409,280,408,360,365,446,487,402,295,519,422,294,347,300,520,295,508,307,294,347,357,466,578,428,414,342
1390,362,430,302,303,288,252,424,437,281,273,270,400,245,433,325,368,291,367,256,215,369,262,353,261,271,415,269,246,350,357,443,307,274,402,512,391,305,449,340,312,296,700,323,295,365,301,393,408,603,469,360,442,524,296,331,364,244,220,278,317,476,525,397,444,265,380,269,308,333,401,407,280,406,360,365,446,487,400,295,517,421,293,344,296,519,295,506,305,291,346,355,465,576,428,410,341
1391,360,429,299,303,286,252,421,433,279,271,269,399,243,434,319,365,289,366,252,213,368,259,351,259,270,411,266,246,349,358,442,305,273,400,511,386,305,445,338,309,296,702,321,293,365,299,393,408,601,467,358,442,523,294,329,362,243,217,277,316,475,523,397,441,261,378,269,307,331,398,404,279,402,359,363,443,485,400,294,516,420,291,343,296,518,294,503,302,290,344,354,462,574,427,409,339
1392,358,427,297,300,285,251,420,431,277,270,269,397,244,433,319,363,288,365,252,209,366,257,351,258,268,403,265,246,349,357,442,302,273,396,511,384,303,444,337,306,292,702,320,291,362,298,392,407,602,465,358,441,521,292,326,360,242,216,274,314,473,521,395,439,261,376,268,306,330,397,403,278,400,359,358,443,485,398,294,514,417,288,342,294,515,294,502,302,289,344,353,461,569,426,405,338
1393,358,426,295,300,284,249,418,428,273,268,268,395,243,431,317,362,288,362,250,209,366,256,352,257,267,399,263,246,347,357,443,302,272,393,508,383,302,443,336,303,292,700,320,289,362,296,392,405,600,466,356,440,521,291,323,358,240,215,274,313,473,519,393,436,261,376,268,304,330,397,401,275,396,358,356,439,484,397,294,513,416,286,342,290,514,294,499,300,289,344,352,458,570,425,405,337
1394,356,423,292,296,283,248,417,427,271,267,268,394,242,426,317,361,287,361,248,209,364,251,350,256,263,398,262,245,344,353,442,300,270,393,505,384,303,442,336,302,291,700,319,288,361,294,389,402,600,464,354,440,520,288,322,355,237,215,274,313,472,516,390,435,261,376,266,301,329,397,398,275,392,355,354,437,483,395,292,512,416,286,340,289,512,293,501,296,287,343,350,455,570,424,404,336
1395,353,421,290,296,282,246,415,426,269,265,265,392,242,426,316,359,284,358,247,205,362,251,350,256,262,396,262,242,344,351,440,298,270,393,507,381,299,442,335,300,288,703,315,287,360,291,387,401,600,458,353,439,518,286,320,355,234,213,273,310,468,514,387,433,259,375,265,301,327,398,396,272,392,353,353,437,484,393,291,509,417,286,339,289,508,291,498,294,287,341,349,454,570,422,402,335
1396,351,418,289,293,278,245,414,424,267,264,265,388,239,423,312,357,283,358,245,205,361,251,351,253,262,395,260,242,342,346,439,295,269,392,504,376,298,441,332,299,286,705,313,286,359,291,387,398,597,458,351,439,515,284,317,353,234,211,273,309,467,512,387,431,259,372,264,301,324,397,395,271,392,351,353,435,482,390,288,509,415,285,336,289,508,290,496,290,285,337,350,454,571,419,401,334
1397,350,414,287,292,275,245,414,424,267,262,265,385,236,422,310,356,282,359,242,204,358,251,351,253,261,395,261,242,340,346,438,294,268,389,502,373,296,440,331,297,285,708,310,285,357,291,387,397,594,456,349,437,514,281,316,353,234,211,273,307,465,511,385,429,258,371,264,301,322,395,393,270,392,350,352,436,478,389,286,507,416,281,335,287,507,290,494,289,286,337,346,450,571,417,399,333
1398,349,410,286,289,275,243,414,420,265,261,264,380,234,422,310,355,280,359,241,203,356,248,351,253,259,393,261,242,337,345,437,294,268,387,503,370,293,439,328,297,280,708,307,285,354,290,385,396,592,455,346,433,512,280,316,350,232,209,271,305,465,509,382,425,257,368,265,300,321,393,391,268,391,348,352,435,479,389,284,503,413,280,330,287,508,288,492,285,285,336,346,451,565,415,398,331
1399,347,410,285,291,275,243,413,416,265,260,262,379,231,421,307,354,278,358,240,203,356,245,348,252,258,393,260,241,336,345,434,291,267,384,500,369,292,438,327,296,280,705,306,283,351,289,385,395,593,453,346,431,510,279,315,349,231,209,270,304,465,508,380,421,256,367,264,300,321,391,391,267,391,346,350,435,478,388,284,502,410,279,328,284,506,284,490,284,284,336,343,450,564,415,399,331
1400,346,407,283,289,274,240,411,412,265,258,261,378,231,419,307,353,277,353,240,200,355,242,345,248,257,391,259,238,334,345,435,290,263,384,497,367,291,436,325,294,276,703,305,281,350,288,384,395,591,456,344,429,510,275,312,347,230,208,267,302,464,504,379,420,256,367,264,300,320,387,390,265,390,344,345,435,476,387,284,501,407,278,328,283,504,282,490,281,283,333,340,451,560,410,399,329
1401,345,403,282,287,273,240,410,411,262,258,257,373,229,417,302,350,275,353,240,199,354,241,343,248,255,390,259,237,334,343,434,289,262,382,495,365,287,436,323,292,273,702,305,281,347,287,381,394,590,454,343,425,510,273,309,344,228,204,266,301,462,504,377,421,254,363,264,299,318,386,383,264,385,342,345,433,477,385,284,498,407,274,327,281,502,280,487,280,283,332,340,451,559,408,396,329
1402,345,401,280,283,271,238,407,410,262,258,253,371,229,415,300,347,274,351,239,197,353,238,341,247,254,387,256,234,332,340,431,288,260,381,493,364,287,433,320,291,271,702,303,280,345,284,381,392,588,453,342,424,511,269,309,342,227,201,265,298,460,502,374,421,252,360,262,297,316,383,378,263,383,342,343,431,476,381,282,497,406,274,325,279,500,277,485,278,281,331,339,447,557,407,392,323
1403,340,400,278,282,270,237,406,408,259,258,253,370,228,412,300,344,271,350,239,196,352,237,339,246,253,385,255,233,331,340,428,286,259,378,491,363,286,432,319,289,271,701,299,277,343,284,378,392,586,450,337,421,510,267,307,340,225,199,263,297,459,499,372,421,250,355,261,295,316,382,374,263,381,338,343,429,471,378,279,496,403,274,322,277,498,275,485,276,278,331,339,446,555,407,392,321
1404,339,398,277,281,269,235,402,408,256,258,249,370,227,410,297,344,270,346,239,194,352,237,338,246,251,383,254,231,328,338,425,285,258,373,491,358,285,431,316,287,269,699,296,276,341,280,375,390,586,447,334,419,507,266,307,335,225,198,263,295,457,499,371,417,248,355,259,294,314,381,372,263,380,337,339,427,468,377,278,495,401,272,320,275,497,273,483,272,274,330,339,446,552,404,391,320
1405,337,395,274,279,268,235,400,405,255,257,249,368,224,406,295,343,268,345,238,194,350,236,336,246,250,380,254,231,327,337,423,283,258,373,490,357,285,428,315,284,266,697,295,275,338,277,373,385,584,445,331,416,505,264,306,334,225,195,261,296,454,497,371,416,246,354,258,290,310,379,369,261,378,336,337,421,468,378,274,493,400,270,319,274,496,273,479,271,274,328,336,447,553,401,387,319
1406,334,394,271,278,265,234,397,405,255,256,248,367,222,405,292,341,268,345,236,193,348,234,333,244,248,377,253,230,327,334,419,281,257,372,488,357,283,427,314,282,264,698,295,275,335,274,372,384,583,444,328,413,504,263,301,333,224,193,258,295,454,496,369,414,245,352,257,290,307,379,366,261,377,333,335,420,467,377,272,492,399,269,318,274,497,273,478,270,272,328,335,445,551,400,386,319
1407,333,389,269,276,261,234,395,404,254,255,248,365,221,404,292,339,268,344,237,192,347,233,330,244,246,377,252,229,326,332,416,280,256,372,487,353,281,425,310,278,262,697,295,276,333,274,370,382,581,443,326,412,504,261,300,332,220,192,255,292,453,496,367,413,244,352,256,289,305,377,364,261,376,330,335,416,463,375,269,491,396,267,315,273,495,273,474,269,270,327,334,442,550,398,385,317
1408,330,388,268,277,258,231,393,401,253,255,248,365,221,404,291,339,267,344,235,191,346,232,329,243,245,376,249,229,324,332,414,280,254,370,486,350,281,424,309,276,261,698,293,274,331,274,366,382,580,441,324,411,500,258,298,331,221,191,255,290,452,495,365,411,243,351,256,289,305,376,363,261,376,328,334,415,461,374,269,490,394,264,314,272,493,271,474,267,268,327,333,442,551,397,379,315
1409,330,388,265,276,255,229,391,400,253,255,247,363,221,402,291,337,265,340,235,189,344,230,326,243,243,374,247,227,323,332,411,280,251,366,484,348,279,423,309,271,258,698,290,273,330,272,364,381,580,440,322,409,496,255,297,329,219,190,255,290,451,492,364,410,240,347,254,288,301,373,363,260,373,325,334,414,458,374,267,489,392,261,313,272,492,270,474,267,265,328,331,441,551,396,379,313
1410,328,386,265,274,253,229,390,398,251,251,245,360,221,402,291,337,265,336,232,187,343,229,322,240,240,373,246,226,321,330,409,279,249,364,482,348,278,422,309,271,257,697,289,273,328,271,361,380,581,440,320,407,495,255,297,322,218,190,255,288,448,492,363,408,240,346,253,286,299,372,363,257,373,324,333,411,458,373,263,488,391,260,313,270,490,270,475,265,260,326,331,439,551,396,377,313
1411,326,386,264,274,252,227,388,397,249,250,243,358,221,399,288,334,264,335,229,185,340,228,322,240,238,372,244,225,319,330,409,276,249,363,483,346,276,418,308,268,254,697,289,271,327,271,360,377,578,439,317,406,492,254,295,320,217,188,252,288,449,490,360,409,238,343,252,285,298,370,361,256,372,323,330,408,456,371,260,487,386,257,312,269,492,269,473,264,260,323,326,437,548,393,374,311
1412,325,383,262,272,252,227,387,395,248,250,240,358,219,398,285,334,264,333,229,184,340,227,321,239,237,372,239,225,319,327,408,274,249,363,481,344,276,418,308,265,253,697,289,267,324,270,359,376,577,433,315,403,491,253,295,318,217,185,252,288,447,489,358,410,236,339,250,284,295,369,360,255,371,323,328,407,455,369,261,485,384,255,311,268,490,269,469,263,257,321,326,436,547,391,372,310
1413,324,382,259,270,251,227,385,394,247,249,239,355,218,398,281,332,264,328,228,182,338,224,322,238,237,370,239,225,318,325,406,274,247,362,481,344,272,413,308,263,251,694,287,262,322,269,358,375,577,433,315,398,490,251,293,316,217,182,252,288,444,485,355,411,234,338,249,280,294,365,355,254,371,322,325,407,453,367,261,481,383,254,310,266,491,267,467,261,256,320,324,434,547,390,370,307
1414,320,382,256,269,248,226,383,394,245,249,238,352,217,396,281,331,262,326,228,181,335,223,322,238,237,369,239,223,317,325,404,273,245,361,477,343,269,413,307,261,250,694,284,262,322,266,356,374,574,432,313,395,487,251,292,314,216,180,249,287,445,481,353,409,234,337,248,278,293,363,354,252,368,321,324,405,453,366,259,479,382,254,308,265,488,265,465,260,255,320,323,433,545,387,369,306
1415,319,380,255,268,247,223,383,392,245,248,236,349,214,394,281,329,261,326,227,180,331,223,320,238,237,367,238,222,315,324,403,272,244,359,474,340,265,410,307,261,249,694,280,260,318,266,355,370,572,430,312,396,486,250,290,313,213,179,247,286,444,478,349,407,233,336,247,276,293,361,354,251,367,321,320,403,453,365,255,479,381,253,306,264,488,264,467,259,254,319,323,428,541,387,366,303
1416,318,380,256,266,245,222,380,390,243,247,234,348,212,393,279,328,260,324,227,179,331,221,320,238,237,367,238,222,314,321,401,270,243,357,475,337,264,410,307,258,249,695,279,261,315,262,353,366,570,425,312,394,485,249,288,310,212,178,245,285,443,477,348,403,232,334,245,276,293,361,352,248,366,320,318,402,451,364,253,477,380,252,303,263,487,263,466,258,253,315,321,425,540,385,366,302
1417,316,380,256,266,245,219,375,389,243,244,233,347,212,391,279,329,259,324,225,176,331,220,316,235,235,363,238,222,311,320,401,269,240,356,472,335,261,407,306,257,247,693,276,262,313,260,349,365,566,424,312,391,484,249,288,309,210,177,245,281,443,477,348,401,230,333,243,275,290,361,350,247,364,318,316,400,447,361,253,476,378,253,301,260,488,260,465,256,253,312,320,423,537,381,364,302
1418,313,378,254,266,244,218,375,388,242,244,230,346,211,390,277,326,258,323,223,174,330,218,312,233,235,364,238,221,308,320,400,268,239,355,471,332,259,407,305,256,246,692,274,262,311,260,347,365,566,422,310,389,482,248,284,307,209,176,245,280,442,477,347,400,230,333,241,273,288,359,347,247,362,318,314,398,448,360,251,472,377,250,299,260,488,258,464,255,251,309,320,421,535,378,363,302
1419,312,377,253,265,242,217,374,388,242,243,228,345,211,389,275,325,257,321,219,174,329,217,313,233,234,361,237,220,307,320,397,267,235,354,470,330,258,406,304,253,245,692,273,262,311,259,346,362,563,419,308,386,479,245,283,306,208,174,243,278,444,473,345,400,229,331,240,269,287,358,346,245,360,318,314,398,447,357,250,473,375,249,299,259,486,255,463,253,247,306,318,420,533,374,363,302
1420,310,377,253,264,241,216,372,385,240,241,225,342,211,388,275,324,255,321,217,173,327,214,310,231,231,361,235,219,307,320,395,267,233,354,468,328,256,405,304,253,243,690,272,261,311,258,345,362,561,416,306,385,476,243,280,306,205,174,243,276,442,469,342,400,228,329,234,267,285,358,346,244,358,316,312,396,445,356,249,473,375,249,298,258,482,254,462,251,246,306,313,417,531,373,362,301
1421,308,376,251,261,238,213,371,383,238,241,225,339,210,388,273,323,255,319,217,173,325,213,307,228,230,361,235,218,307,320,396,267,233,353,466,326,256,402,301,253,243,690,271,261,309,257,344,360,562,416,305,381,475,242,276,302,205,173,241,274,440,470,341,400,225,328,234,264,284,355,346,244,357,316,310,395,444,356,249,470,375,248,295,255,481,254,460,250,244,304,311,415,527,371,361,299
1422,308,376,249,259,236,213,368,381,236,239,224,336,209,385,270,322,252,317,217,171,324,214,307,228,228,357,235,214,306,319,394,266,233,351,465,324,255,401,298,252,242,687,269,259,309,253,341,357,562,413,300,381,476,241,274,301,201,171,238,274,435,467,340,400,225,328,231,264,282,355,346,241,357,314,309,394,443,356,247,471,375,247,291,252,480,254,457,249,243,300,310,415,529,370,362,297
1423,305,375,246,257,234,212,366,380,235,236,220,335,207,383,270,322,251,314,216,170,323,211,307,227,226,356,235,213,305,316,395,266,231,352,465,323,251,400,297,251,242,687,268,258,309,252,340,356,560,413,296,380,473,240,273,301,200,170,237,270,433,465,338,399,222,328,230,262,281,354,345,240,356,311,305,391,440,353,244,469,370,246,288,251,478,252,455,247,241,300,308,415,528,369,358,293
1424,305,373,244,255,231,211,363,378,234,236,218,333,206,382,270,320,251,312,216,168,322,210,305,227,225,356,235,214,303,313,395,265,229,351,464,322,249,398,294,250,238,685,265,258,307,251,339,355,559,412,296,378,470,237,272,300,199,170,235,268,431,464,339,399,218,326,226,259,281,350,345,238,354,311,304,390,439,350,243,466,366,244,288,251,475,253,454,246,240,299,308,413,528,367,357,289
1425,305,371,244,254,230,208,360,376,234,235,218,329,203,380,268,319,250,312,214,166,320,208,304,227,225,356,233,213,302,313,394,265,228,348,464,321,248,394,293,247,236,687,263,258,305,249,339,353,559,411,296,378,470,236,271,298,199,168,233,265,428,463,338,397,218,325,223,258,281,349,345,238,355,307,304,391,439,349,243,464,363,244,286,250,475,251,450,243,237,298,307,412,527,363,354,288
1426,304,367,242,253,229,206,357,376,232,234,217,329,202,376,267,318,248,311,214,166,318,207,301,226,224,355,232,211,300,312,391,262,221,347,460,320,247,393,292,245,235,686,260,255,303,247,339,350,554,408,293,379,468,236,270,297,198,167,233,264,427,461,336,395,215,323,221,254,280,346,344,236,352,305,302,386,440,346,242,462,359,241,284,247,474,251,450,241,235,296,305,410,523,359,352,288
1427,304,364,240,253,227,204,356,376,231,232,214,327,200,374,266,313,248,308,213,166,315,205,301,222,222,354,230,208,299,311,390,261,220,345,459,319,245,392,289,244,234,685,259,255,301,247,338,349,554,408,293,379,466,235,270,295,198,166,233,263,426,460,333,395,212,323,221,252,279,344,343,236,350,302,301,383,439,344,237,461,358,241,280,246,471,250,448,241,235,294,302,408,522,359,351,285
1428,300,363,236,253,224,203,353,376,231,230,212,327,198,372,262,311,246,306,211,165,314,204,300,222,221,353,229,208,297,309,388,260,220,346,457,317,243,388,288,244,233,685,258,253,299,246,337,347,553,408,291,375,467,234,268,292,197,164,232,262,426,459,331,394,212,319,219,249,277,342,338,235,349,301,300,379,436,340,237,462,357,240,280,245,469,250,447,237,235,293,300,408,519,358,351,284
1429,299,363,234,252,223,202,354,375,231,229,212,326,197,372,261,309,245,306,208,165,312,202,299,221,219,351,228,207,293,308,388,261,218,345,454,318,243,388,286,242,232,684,256,251,299,246,335,347,550,408,289,374,464,233,267,289,196,163,231,259,424,459,328,393,211,317,218,248,276,340,336,234,347,299,299,379,432,338,237,462,356,238,279,245,468,249,446,234,235,290,300,403,517,358,351,282
1430,298,362,232,250,222,202,353,375,229,227,211,325,195,372,261,307,245,303,206,164,310,201,298,221,218,350,227,205,289,307,388,259,216,345,453,316,243,388,285,241,231,682,253,250,298,244,334,345,548,407,288,371,462,230,266,287,194,163,231,259,418,456,327,390,211,317,218,246,275,340,335,232,345,298,295,378,427,337,236,460,356,236,277,244,464,249,444,235,235,290,298,402,517,358,350,282
1431,297,361,230,249,222,202,345,375,228,226,209,321,194,371,261,306,245,302,204,162,311,199,298,218,218,349,225,204,288,303,388,257,216,343,452,316,242,387,284,239,230,682,249,248,296,241,330,343,545,407,287,370,462,227,265,286,194,161,230,257,418,453,325,391,211,316,217,244,273,340,333,229,344,295,295,378,427,335,235,458,353,235,275,243,464,247,442,232,234,290,297,399,515,358,345,280
1432,294,360,230,248,221,202,344,375,226,224,208,319,193,370,259,304,245,302,203,161,310,198,297,213,216,348,224,202,288,303,387,255,215,343,453,316,241,386,283,237,230,684,247,247,295,240,328,342,544,407,285,370,460,227,264,286,193,159,228,257,418,453,324,392,211,312,217,244,273,339,330,227,342,294,291,374,428,335,234,457,351,235,275,243,462,245,441,230,233,290,295,397,513,358,342,279
1433,292,359,229,245,221,201,342,374,223,224,208,319,190,367,258,301,244,299,203,159,310,197,297,213,216,347,222,201,287,300,388,254,214,340,451,313,240,385,281,234,227,677,247,246,295,237,328,339,543,406,285,364,457,224,263,285,193,159,227,255,417,451,323,391,209,311,215,244,268,338,328,225,341,291,290,370,427,336,232,456,350,234,274,241,459,244,441,230,231,290,293,395,509,354,342,278
1434,290,355,229,244,219,200,342,372,220,224,207,318,190,365,255,298,242,299,202,158,310,191,297,210,216,346,220,199,287,300,387,255,214,338,450,312,236,385,280,234,225,673,245,245,292,237,328,339,542,404,282,360,456,224,261,284,193,159,227,255,416,447,322,391,209,311,215,243,266,337,326,224,340,291,289,370,426,331,230,454,349,233,271,238,456,243,441,228,230,289,291,398,506,354,340,277
1435,288,355,229,243,219,199,341,370,218,220,207,317,189,362,254,298,240,299,201,158,308,189,295,209,215,344,219,197,287,298,385,255,214,336,449,312,234,383,277,230,223,674,243,245,292,234,327,336,540,402,280,360,453,224,258,282,193,158,226,253,416,446,319,388,208,309,214,241,264,335,323,224,340,290,288,370,423,328,228,452,347,231,270,237,453,243,436,227,230,289,288,396,503,353,338,278
1436,285,354,227,241,216,197,340,368,218,217,206,313,186,362,254,296,240,299,199,157,308,188,295,208,212,342,219,197,285,294,384,253,213,335,449,311,234,381,277,230,222,673,242,244,291,232,327,337,539,403,280,357,451,221,255,281,191,155,224,252,416,443,319,388,207,308,212,238,264,335,322,221,338,288,286,369,421,327,228,451,347,229,269,235,451,243,434,225,228,286,286,392,501,349,335,278
1437,281,354,225,241,216,195,339,366,214,213,204,313,185,359,254,293,238,298,197,156,306,185,295,207,211,340,217,193,283,291,381,253,213,331,449,311,234,380,277,229,222,673,241,242,291,230,325,336,538,401,280,355,452,218,252,279,191,154,222,249,413,442,319,387,205,306,212,236,262,336,319,220,338,288,280,367,415,327,228,450,346,227,266,233,451,242,432,225,226,286,286,391,500,346,332,278
1438,280,353,222,240,215,194,338,367,212,212,204,313,184,358,252,290,236,297,196,156,304,184,291,205,210,338,216,193,282,287,383,252,213,330,448,310,235,382,276,229,222,671,241,240,289,230,325,336,534,399,277,353,451,215,250,279,191,153,222,249,411,444,319,387,202,303,208,234,261,334,320,218,333,288,280,366,415,327,226,451,346,225,262,232,449,240,430,226,226,284,280,385,499,345,330,276
1439,279,352,222,238,213,194,339,367,210,212,202,312,184,356,251,289,235,293,196,156,299,184,291,205,208,335,216,192,280,287,381,252,212,330,448,307,233,381,274,226,219,668,238,240,289,230,323,334,534,395,276,350,451,214,248,278,190,153,219,246,409,443,319,386,202,303,207,234,261,333,319,217,331,286,279,364,415,324,224,451,344,220,259,230,445,240,428,224,227,282,279,385,497,342,327,274
1440,279,351,221,238,211,193,338,366,207,211,201,310,184,354,247,289,232,294,196,155,297,184,289,205,207,333,216,189,279,283,379,251,211,327,446,304,232,379,272,226,218,665,235,239,289,230,320,333,530,393,275,350,446,213,246,277,187,153,218,244,407,438,319,383,199,302,204,233,260,333,320,217,328,284,280,362,415,323,222,449,342,219,258,228,443,239,428,223,226,279,277,383,493,339,324,273
1441,278,350,220,237,211,192,336,365,206,210,201,308,184,351,246,286,231,292,192,153,295,184,287,203,204,330,215,186,278,283,379,250,211,326,447,302,231,377,271,223,217,663,235,239,287,230,320,333,527,390,274,348,445,212,244,275,187,151,216,242,405,434,318,382,199,299,202,232,257,330,317,216,325,284,279,361,414,321,222,447,341,218,258,228,441,238,429,223,224,277,276,383,491,335,324,271
1442,278,350,220,236,206,191,336,362,205,209,201,308,183,352,246,284,228,292,192,153,294,182,286,201,203,328,215,184,278,282,375,247,209,321,445,300,229,378,270,223,215,662,235,239,287,228,319,330,523,389,274,346,443,212,243,275,187,149,214,240,402,432,315,381,199,296,201,231,257,329,316,214,324,285,277,358,414,320,221,446,341,216,255,226,439,236,428,219,224,276,275,382,484,334,324,271
1443,277,350,220,237,202,191,336,362,204,208,199,308,182,349,245,283,227,291,192,153,292,181,283,199,203,326,215,183,274,282,373,247,209,320,444,299,228,377,270,222,213,661,233,239,284,228,317,329,521,388,272,343,443,210,238,274,184,148,213,241,402,431,313,380,199,295,199,230,256,327,315,213,322,282,275,355,412,317,220,441,338,215,254,224,437,234,426,218,224,274,275,378,485,332,322,269
1444,275,349,220,235,202,190,334,360,204,208,198,306,181,349,243,283,225,291,191,153,288,181,283,196,202,323,214,181,273,279,370,245,208,318,442,299,227,374,268,222,213,659,231,238,282,227,314,329,521,387,272,338,441,209,238,273,184,148,212,239,400,430,310,375,199,294,198,226,255,322,315,212,321,280,275,353,409,317,218,439,336,215,253,224,437,233,423,218,223,273,273,375,483,331,322,268
1445,275,347,219,234,200,190,333,360,202,205,197,306,177,350,242,280,225,290,189,152,286,180,283,195,202,321,213,181,270,279,367,244,206,317,443,298,227,372,265,221,211,659,228,237,279,225,312,327,521,387,271,337,438,207,236,272,184,146,210,238,399,428,310,373,198,292,196,226,256,319,313,211,321,278,274,351,408,317,218,437,336,214,252,223,434,233,423,216,222,272,272,376,480,330,321,266
1446,273,347,216,229,200,190,333,358,201,202,196,305,175,349,241,280,224,288,189,150,286,179,280,195,201,320,212,181,269,278,367,241,204,316,441,297,224,370,265,217,211,659,223,237,278,224,310,325,519,388,270,334,435,207,236,271,184,146,208,237,398,424,308,373,198,291,194,225,254,316,311,211,321,277,273,350,406,317,218,436,333,214,251,222,432,233,423,214,220,271,270,374,478,329,316,265
1447,270,345,214,226,198,188,334,355,200,201,194,305,174,344,240,280,223,286,188,150,285,178,280,195,201,320,212,180,268,276,366,240,204,316,437,297,224,368,264,217,210,655,223,236,278,224,309,323,516,384,270,333,433,207,236,270,182,144,206,235,397,420,305,371,197,288,194,224,253,316,309,209,320,275,270,350,406,314,217,432,332,212,249,222,430,230,423,213,217,267,269,373,475,329,313,265
1448,268,344,214,224,197,186,333,353,200,198,194,304,173,344,238,278,221,285,186,150,285,177,278,195,200,320,209,178,268,275,363,240,203,315,435,293,223,366,264,215,209,651,223,235,275,223,306,321,516,384,267,331,430,205,232,269,182,143,204,233,397,419,303,369,195,286,192,223,250,317,309,207,318,272,269,348,405,313,217,432,328,212,248,219,429,229,421,212,216,265,268,372,471,329,311,264
1449,266,343,213,224,197,185,331,351,200,196,191,302,172,343,236,277,219,285,186,149,283,176,277,195,200,317,205,178,267,271,362,240,199,313,432,289,223,366,264,215,207,653,223,235,275,223,300,319,514,384,265,327,427,205,231,268,180,143,204,232,397,418,302,368,195,285,190,222,249,316,306,205,318,273,266,346,405,313,215,432,325,211,246,219,432,228,421,207,216,264,266,369,469,328,311,264
1450,264,341,212,222,194,185,329,350,200,195,189,301,172,342,235,275,219,285,186,148,283,176,276,194,197,313,204,175,265,270,362,237,198,311,432,288,219,364,264,213,206,652,222,234,274,220,298,318,512,383,265,326,426,204,230,265,180,142,203,231,397,417,302,366,194,283,188,221,248,312,306,202,318,273,266,346,405,312,215,431,322,210,244,216,429,227,417,208,215,263,264,367,469,327,309,262
1451,263,338,206,221,194,184,327,349,200,194,187,300,172,340,234,275,215,284,186,148,282,176,275,193,195,312,203,174,264,268,362,235,196,311,429,289,216,363,263,213,206,648,220,234,273,220,295,318,510,382,262,323,424,204,227,265,177,142,201,229,395,415,301,367,194,283,188,219,246,311,304,202,318,270,263,344,404,312,215,430,319,209,244,216,429,226,416,207,215,262,264,367,467,326,308,261
1452,261,338,206,221,192,183,325,347,199,192,187,299,171,336,233,275,215,284,184,147,281,176,274,192,195,311,201,172,263,267,360,234,196,310,428,286,214,362,262,211,206,647,219,233,271,217,293,316,509,381,262,323,423,200,224,260,177,138,201,228,392,414,301,363,193,282,187,218,244,312,301,201,318,268,261,344,401,312,213,428,318,206,243,214,430,224,412,205,214,262,263,366,468,326,308,257
1453,259,338,203,220,190,182,322,346,199,190,187,299,169,335,229,274,212,282,183,146,280,175,271,192,194,307,200,170,264,266,359,232,196,309,427,283,213,359,261,207,206,648,218,233,269,215,291,313,508,380,261,322,422,198,223,258,176,137,201,227,390,413,299,360,193,281,187,217,242,310,299,200,316,266,260,341,398,312,212,427,318,204,243,213,430,220,411,203,214,261,262,366,467,325,306,256
1454,258,336,201,220,190,181,319,345,199,188,187,296,169,333,225,274,211,282,182,146,278,175,268,189,195,307,200,169,264,265,358,228,195,307,427,281,212,358,260,206,205,642,218,231,268,215,291,313,506,377,260,320,422,198,222,256,173,137,201,227,389,411,295,358,192,280,187,217,241,309,299,200,312,266,258,341,397,311,212,425,318,203,241,211,428,216,409,201,210,260,262,363,466,322,305,255
1455,256,334,200,220,190,179,317,343,196,187,187,294,169,331,224,273,211,282,179,146,277,175,268,189,195,303,199,168,262,264,354,227,194,306,425,278,210,356,258,204,203,640,218,232,265,215,290,311,503,377,259,315,419,197,220,256,173,137,201,225,386,411,292,356,188,280,185,217,239,308,299,200,311,266,255,340,397,309,211,425,315,199,235,210,427,216,409,200,207,258,261,362,464,320,305,255
1456,253,331,199,218,189,179,315,341,193,185,187,294,167,329,223,272,207,280,176,146,276,175,266,187,194,302,199,167,262,264,353,227,194,304,425,275,210,355,258,204,203,638,216,232,264,214,286,310,501,375,256,312,418,196,220,256,172,137,199,225,384,408,290,354,188,278,184,217,239,302,299,200,311,263,254,338,393,308,209,423,315,200,235,210,422,215,407,199,207,256,261,362,459,318,304,255
1457,254,325,199,218,188,179,314,338,193,183,187,293,166,328,222,271,206,280,176,144,276,175,266,185,192,300,199,167,260,264,352,226,190,305,424,275,210,354,257,204,202,637,216,232,261,212,286,307,501,372,256,310,416,196,218,254,172,137,198,223,382,406,290,352,188,276,184,217,238,300,296,199,310,262,250,337,392,305,207,422,313,197,234,209,421,214,407,199,207,254,260,360,458,313,303,254
1458,253,324,196,216,188,179,313,334,189,181,187,293,166,328,219,270,205,278,175,144,273,174,264,183,192,301,199,166,259,262,352,225,189,303,420,275,210,354,256,200,199,634,215,229,257,210,286,306,499,369,253,306,414,195,216,252,170,136,198,222,381,407,286,352,187,272,183,217,237,298,294,198,308,261,250,337,391,303,206,423,311,197,234,209,420,212,405,198,206,252,258,358,456,311,302,252
1459,253,324,195,214,188,178,312,331,189,180,186,293,166,328,218,267,203,275,173,141,273,173,260,183,189,300,199,166,255,261,351,225,189,302,419,274,208,352,254,200,199,634,214,225,256,209,281,306,498,369,251,306,411,194,214,251,170,136,198,222,379,406,283,351,185,270,182,216,235,297,294,197,308,260,250,338,388,304,204,423,311,194,232,207,421,209,402,197,205,251,255,357,454,308,299,252
1460,252,324,192,214,186,177,311,330,188,180,186,292,165,327,217,265,202,275,172,141,273,171,260,183,187,300,198,163,252,260,350,221,188,302,416,273,207,351,254,198,199,634,213,224,255,207,281,305,497,366,251,306,409,194,215,250,170,135,198,222,377,406,282,350,185,268,180,214,233,295,295,196,306,260,250,337,387,302,204,424,311,194,230,207,419,207,400,194,204,251,255,356,453,303,298,253
1461,252,321,192,214,186,176,308,328,187,178,185,292,163,324,215,265,200,273,171,141,271,171,258,183,187,300,196,161,252,259,350,220,188,302,412,273,206,348,253,198,198,634,212,224,254,206,277,303,497,364,251,302,407,191,213,250,170,135,198,220,375,405,282,350,185,266,178,212,232,291,293,195,305,258,249,336,385,300,201,423,310,193,229,207,418,207,400,191,202,251,255,354,454,301,296,252
1462,249,319,191,215,184,176,307,325,188,177,184,292,162,321,214,262,200,270,170,141,270,171,257,183,187,297,196,161,249,258,348,220,188,300,412,272,205,346,252,197,196,631,211,223,253,206,276,301,494,359,251,301,403,189,210,248,170,134,198,219,373,405,279,349,184,265,175,212,228,290,290,195,304,257,248,334,383,301,199,420,309,192,228,206,415,207,398,189,202,250,254,353,454,299,296,252
1463,248,321,188,214,184,176,304,324,188,176,183,291,162,321,213,262,198,267,170,139,268,171,256,182,184,297,196,159,249,257,347,219,185,301,412,271,203,345,252,196,196,632,210,222,251,206,275,299,492,359,249,301,402,187,209,248,169,134,196,220,370,404,277,346,182,265,175,212,228,289,290,195,302,257,248,334,383,301,198,421,306,192,227,205,415,206,397,189,200,248,253,351,448,295,296,251
1464,246,321,186,211,184,174,303,323,187,176,183,289,161,319,210,258,198,264,168,138,267,172,254,182,184,291,195,159,249,255,346,218,184,299,410,270,200,344,248,195,196,632,210,221,246,206,272,298,489,355,249,300,400,185,205,247,167,132,195,221,370,403,275,342,181,264,175,211,228,290,288,194,301,256,248,333,380,301,197,417,304,192,227,204,414,204,396,188,200,247,253,352,447,293,294,251
1465,245,319,185,211,183,173,300,322,187,176,182,289,161,318,209,258,198,264,165,137,267,171,253,181,184,287,194,157,247,254,345,217,181,299,411,268,197,342,247,194,195,632,209,220,243,206,271,297,489,354,249,297,401,184,202,246,165,131,193,221,368,402,272,341,180,263,174,210,227,289,287,194,299,254,246,331,378,298,196,414,303,191,227,203,412,204,396,187,198,246,251,350,444,288,293,250
1466,244,317,185,210,183,170,301,320,186,176,178,286,159,318,209,253,197,260,164,136,267,169,252,180,183,287,194,155,244,252,345,217,181,299,406,266,195,341,247,192,195,631,209,217,242,206,270,297,489,353,247,296,400,178,199,245,165,131,193,221,363,400,270,341,179,263,171,210,226,287,285,194,299,254,246,331,378,297,196,412,299,191,223,203,410,199,394,187,198,245,248,349,442,285,292,250
1467,243,316,184,208,182,168,300,317,184,176,177,285,157,316,208,252,197,259,164,136,266,168,251,179,183,287,192,154,243,251,343,217,180,298,405,264,195,339,246,191,194,631,209,217,240,206,269,296,488,350,246,297,399,178,199,245,163,130,193,221,360,399,269,341,179,261,171,208,224,286,284,193,297,253,246,329,377,297,194,412,297,190,221,203,409,198,392,187,197,245,248,350,439,285,291,247
1468,243,315,183,207,181,166,298,316,180,175,176,285,157,316,208,250,196,257,163,134,263,168,249,178,182,285,192,154,239,250,341,216,177,298,407,259,194,338,246,191,193,625,209,214,239,204,267,293,488,347,246,294,397,177,198,243,163,130,191,219,360,398,268,342,176,259,171,208,222,284,284,192,293,251,246,327,374,296,193,412,294,189,220,202,407,196,391,186,196,244,246,345,437,284,290,246
1469,242,313,182,207,181,164,297,315,179,174,175,283,156,314,208,249,195,255,161,134,263,166,249,178,181,284,189,154,236,248,341,215,175,296,406,256,193,337,243,190,193,623,207,213,239,201,267,292,487,345,245,293,397,177,197,243,163,127,191,219,355,398,266,337,174,255,170,207,221,284,283,190,290,250,244,326,374,294,192,410,294,189,220,201,406,196,389,186,195,243,246,343,435,281,288,243
1470,240,311,181,206,181,163,295,313,179,174,174,282,154,314,207,249,191,254,159,133,261,165,245,177,181,284,188,152,234,245,340,213,174,292,404,255,190,336,240,190,189,621,206,210,237,200,267,292,485,340,245,293,395,176,197,241,163,126,191,215,354,397,265,334,172,255,170,206,221,283,282,190,289,248,243,325,372,294,192,410,293,187,219,201,405,195,387,186,194,241,243,341,432,281,288,243
1471,238,309,180,204,180,162,295,310,177,173,173,281,152,314,206,250,190,252,159,129,259,163,244,176,179,283,188,151,230,241,337,211,172,288,403,254,190,333,240,190,188,621,202,209,235,198,264,290,481,341,244,292,396,174,197,239,163,126,189,215,354,396,264,331,169,252,168,204,220,282,279,188,285,247,242,324,372,292,191,410,291,186,217,200,405,194,385,184,192,240,241,337,427,279,287,243
1472,235,309,180,204,179,162,294,309,177,172,170,278,151,313,205,249,186,250,158,128,259,162,242,175,178,279,188,150,229,241,337,211,171,286,402,254,190,331,236,189,185,621,200,208,234,197,263,290,479,339,243,291,397,174,197,236,163,125,185,215,354,393,264,330,168,252,168,202,219,280,279,186,284,246,241,322,369,291,190,407,291,186,217,198,405,193,385,184,190,237,241,338,427,278,283,243
1473,234,309,180,203,178,160,288,308,177,170,170,278,151,312,203,246,185,250,158,127,257,160,242,172,176,278,186,150,228,239,336,207,170,282,401,253,189,331,235,188,183,620,197,207,232,197,263,286,477,338,241,290,396,172,196,235,163,125,184,213,353,392,263,329,168,250,166,201,219,277,276,183,284,246,239,321,368,288,190,405,291,185,215,198,404,192,382,184,189,237,240,337,425,276,281,239
1474,234,307,177,203,177,158,286,305,176,169,169,275,151,312,203,245,184,247,155,127,257,160,241,170,176,275,185,150,228,238,335,207,170,281,399,250,188,329,233,188,181,619,194,207,232,195,263,285,476,337,239,289,395,171,195,232,162,125,182,212,351,392,261,328,168,248,165,199,218,278,276,182,282,245,238,321,368,288,187,406,291,185,215,196,403,192,379,184,189,235,240,337,424,274,281,238
1475,233,306,175,202,177,158,286,305,175,169,169,274,150,311,202,242,182,247,154,126,255,160,241,169,175,275,185,149,228,236,334,206,170,279,397,247,188,327,231,186,181,616,193,205,230,194,263,282,475,335,239,288,394,171,192,231,162,124,182,212,350,390,259,328,168,246,164,198,215,276,277,181,282,245,235,319,366,286,187,403,290,185,213,194,402,191,379,182,188,234,238,335,421,272,280,234
1476,233,306,172,200,175,157,285,302,174,168,168,273,149,308,200,242,180,247,154,126,252,158,238,169,174,275,185,148,227,235,333,206,169,278,397,245,187,326,230,185,180,617,193,204,229,193,262,281,474,333,239,289,391,171,192,230,162,122,179,211,349,387,257,328,168,246,164,197,213,274,276,181,279,244,233,319,361,283,185,399,287,184,212,192,401,190,377,182,186,231,235,334,420,272,277,234
1477,232,304,171,198,174,157,282,302,174,166,167,272,148,306,199,240,179,245,153,125,248,158,237,167,172,275,185,148,226,234,332,205,169,276,396,245,187,326,230,185,179,615,192,201,228,193,259,280,473,333,238,289,390,171,191,229,161,122,179,209,347,385,256,327,168,245,158,197,212,272,276,181,278,242,232,316,359,281,182,399,286,184,211,192,400,190,373,180,186,229,231,331,419,271,276,233
1478,232,303,170,198,173,156,276,300,172,166,167,269,145,305,198,239,178,243,152,123,246,155,235,165,171,274,185,147,225,234,330,203,167,275,396,244,187,324,227,184,178,614,192,200,227,192,259,279,472,332,238,287,386,169,190,229,160,121,179,208,345,383,254,327,167,241,156,194,212,271,274,181,276,239,232,313,358,281,182,397,284,183,210,190,399,190,370,180,185,228,230,330,418,269,273,233
1479,232,303,169,198,170,154,271,299,172,166,167,267,144,303,198,238,178,243,148,121,245,153,234,164,171,273,185,147,223,232,328,203,166,275,394,242,187,322,224,183,177,614,192,198,226,191,256,278,470,331,238,286,385,169,190,227,160,120,177,208,342,379,254,326,166,241,154,194,209,270,273,180,274,237,232,313,357,281,181,398,280,182,210,189,397,189,368,179,184,225,229,330,418,268,272,232
1480,232,303,168,197,169,154,270,297,171,165,167,267,143,303,197,237,176,243,147,120,244,152,233,164,169,272,185,145,222,232,327,203,165,273,391,240,187,320,223,180,173,612,191,194,226,190,256,277,469,328,237,285,383,169,189,226,159,118,176,208,340,378,250,325,164,240,152,193,207,268,272,178,273,236,230,312,354,280,181,396,279,181,209,188,395,187,367,175,183,223,229,328,418,266,270,231
1481,230,305,167,197,169,154,271,293,170,164,163,265,143,303,196,235,173,241,146,120,243,152,233,162,169,270,185,144,222,231,326,202,163,272,391,238,187,319,222,178,172,613,191,192,226,188,254,276,466,327,235,283,382,169,189,224,159,118,173,205,339,378,247,323,163,239,152,191,207,264,272,177,270,236,230,308,353,280,180,394,278,180,209,188,393,187,365,173,181,221,228,326,415,265,268,230
1482,227,302,164,197,169,154,269,292,170,162,163,263,143,299,194,234,172,241,146,119,242,150,232,162,167,265,183,144,222,231,324,201,162,271,387,237,187,316,221,178,171,608,190,190,225,186,253,275,465,326,234,282,379,170,188,224,159,118,172,205,337,376,247,322,161,237,152,189,205,262,271,177,268,234,228,308,352,279,179,394,278,178,209,186,392,186,364,173,179,220,227,324,415,264,268,230
1483,225,302,161,195,166,153,266,290,169,161,158,262,142,298,192,232,169,240,145,119,241,150,229,162,167,265,183,144,222,229,323,199,160,268,386,236,186,314,221,178,170,604,188,190,224,186,253,272,461,325,232,282,377,168,188,223,158,118,170,204,335,376,246,322,160,236,152,188,204,262,270,176,268,233,228,307,348,276,177,393,276,177,208,186,392,185,361,172,179,217,227,322,415,262,267,229
1484,223,302,159,194,165,151,264,289,167,161,157,261,142,297,192,232,169,240,145,119,240,149,224,157,166,265,183,144,221,227,320,198,160,266,386,236,185,314,221,177,169,605,186,186,222,184,253,267,461,322,231,282,374,168,187,222,157,118,169,203,331,373,245,320,159,234,152,187,203,261,270,174,269,231,228,308,346,274,176,392,274,175,207,186,392,182,357,169,176,215,226,322,413,259,266,229
1485,223,301,159,193,163,151,261,287,166,160,157,261,142,295,192,230,169,238,145,118,240,148,221,156,165,265,183,143,221,227,320,198,158,263,384,233,184,313,218,175,169,600,184,186,220,183,252,264,459,321,230,281,372,168,186,221,152,118,168,200,330,373,245,320,159,233,151,186,202,262,268,174,266,229,228,307,344,273,174,390,274,175,207,185,392,179,358,165,176,213,223,322,412,257,262,228
1486,222,299,159,193,163,150,260,284,163,160,156,259,141,294,191,228,167,237,144,117,239,147,220,156,163,264,182,142,220,227,318,195,157,262,382,232,184,312,217,173,169,601,183,186,218,181,246,263,457,320,230,281,368,167,186,218,152,118,168,199,329,372,245,316,159,233,150,186,201,261,266,173,262,229,225,304,344,271,170,389,271,175,207,183,388,178,357,164,176,210,220,321,412,256,259,229
1487,222,298,158,192,163,149,258,282,160,158,155,258,139,290,190,227,167,236,144,116,239,146,219,156,163,263,181,142,215,225,316,193,156,260,382,230,184,311,217,172,169,600,181,185,218,179,244,262,457,319,228,282,367,166,184,216,152,118,166,198,328,372,244,314,158,233,150,186,200,257,266,172,262,228,224,303,341,271,170,388,269,175,207,182,386,177,356,162,172,209,218,319,412,254,257,228
1488,220,298,157,189,163,149,257,281,159,154,154,256,138,289,190,225,167,234,144,116,236,145,218,155,162,261,178,142,212,224,315,192,155,259,381,229,183,309,216,171,166,599,181,185,216,177,242,260,455,316,227,282,366,164,184,215,150,118,161,197,327,369,240,310,158,230,148,186,197,257,265,171,261,228,224,301,341,269,168,384,269,173,205,181,383,177,356,161,172,207,215,319,410,253,256,226
1489,220,298,156,189,162,149,256,280,156,152,154,255,137,286,189,223,167,233,143,116,233,145,217,153,160,259,175,141,211,224,313,191,155,257,381,229,183,308,215,171,166,601,180,185,215,176,241,259,453,315,225,282,365,161,183,213,146,118,160,196,323,365,240,308,158,229,148,184,196,257,264,170,260,227,223,299,340,270,168,384,267,173,204,181,382,176,352,159,171,206,214,318,410,251,254,227
1490,218,296,156,187,161,149,254,280,156,151,154,255,137,281,187,221,167,231,142,115,232,145,215,152,160,257,175,137,211,223,312,191,154,254,379,228,183,307,213,167,166,600,180,184,213,174,241,259,455,313,223,281,364,159,181,212,144,118,158,196,323,365,240,306,157,229,148,181,196,255,262,170,258,226,222,298,339,270,168,383,266,172,203,180,381,176,351,159,169,205,212,316,410,250,252,227
1491,216,296,155,187,158,149,253,279,155,150,154,254,137,281,185,218,166,231,142,114,231,143,212,152,160,254,173,135,207,223,310,189,153,253,377,228,182,306,212,165,166,598,179,180,213,173,241,257,452,310,223,282,363,157,180,210,144,118,158,196,322,364,239,306,156,227,147,179,195,255,262,168,257,225,221,298,336,270,167,381,265,172,202,178,381,175,350,159,169,204,212,316,409,248,251,228
1492,215,294,154,187,158,146,253,278,154,149,153,254,137,281,184,218,164,230,141,113,230,142,212,151,158,252,171,135,206,223,307,187,152,253,377,226,180,304,211,165,166,599,179,178,213,173,240,257,449,309,221,282,362,157,180,210,143,118,158,196,322,364,240,301,153,225,145,177,194,254,259,168,257,225,217,294,335,267,166,380,264,172,202,178,381,175,350,158,169,202,210,315,410,248,251,226
1493,214,291,152,184,155,146,253,276,153,147,152,252,137,278,184,217,164,230,139,112,229,141,211,151,157,252,169,133,203,222,307,186,151,250,375,225,177,302,211,164,166,599,179,177,212,171,238,256,449,307,220,282,362,155,178,208,142,117,155,196,319,364,240,300,153,225,144,176,193,252,258,167,254,225,216,288,333,266,164,379,261,171,201,178,379,175,349,158,167,202,209,313,409,247,248,224
1494,211,290,151,184,153,143,252,275,153,147,148,249,136,275,182,217,164,229,139,111,227,141,209,145,155,251,168,132,202,220,306,183,151,250,373,225,176,300,208,164,165,599,177,176,211,170,236,256,449,305,219,279,361,154,177,207,142,117,154,196,318,362,238,300,153,224,144,174,191,251,257,167,253,223,216,285,331,265,165,376,260,169,199,177,375,174,347,157,165,200,208,311,405,247,248,223
1495,207,289,150,183,153,143,250,276,153,145,147,247,136,274,181,217,164,228,138,109,227,141,209,144,155,250,168,132,195,219,306,181,151,249,372,223,174,300,208,162,163,598,177,173,210,169,236,253,447,302,218,278,360,153,175,205,142,117,153,196,315,361,237,298,153,223,144,174,191,250,256,165,253,223,215,285,331,263,164,375,260,167,199,176,374,173,345,156,160,200,208,310,403,247,248,221
1496,206,285,150,182,153,143,249,276,153,142,146,247,134,273,178,217,163,228,138,108,227,141,209,144,153,250,168,132,193,218,305,180,149,246,372,222,174,297,207,162,163,599,177,173,210,168,236,253,447,301,217,278,360,151,175,203,142,117,153,196,313,360,238,297,153,223,143,174,191,249,255,163,251,223,214,283,328,262,164,371,258,166,197,176,373,168,344,155,159,199,208,309,402,245,249,219
1497,204,284,149,181,153,143,247,275,153,142,146,246,133,271,176,216,162,227,137,107,226,141,208,144,152,250,168,130,193,217,302,178,148,245,371,222,174,297,204,162,163,598,177,173,210,166,236,251,444,300,216,276,360,151,174,203,142,116,150,195,313,359,236,297,153,223,143,173,191,250,253,161,249,223,214,280,327,262,163,371,258,165,196,175,372,167,344,155,158,198,206,307,401,244,249,217
1498,203,283,148,181,153,141,247,272,153,142,144,243,133,267,175,215,162,226,136,107,225,140,208,143,152,249,166,130,193,216,300,177,147,243,368,222,174,296,203,161,162,595,177,173,207,163,236,250,445,300,213,274,358,151,173,199,139,114,147,194,310,357,234,296,153,223,141,172,190,250,252,161,249,222,213,279,325,261,163,369,257,165,193,175,370,165,342,152,156,198,206,306,398,245,248,216
1499,201,281,146,178,151,141,244,271,152,141,143,242,133,267,173,213,162,223,136,106,225,140,206,143,152,246,165,130,194,215,297,177,146,240,363,220,173,295,203,161,161,595,176,173,206,162,236,248,444,298,212,273,357,151,172,196,138,113,145,194,309,356,234,295,152,223,139,172,189,251,250,161,248,222,213,279,324,259,161,369,257,165,192,175,368,164,342,152,155,197,205,306,398,245,248,214
1500,201,280,145,178,150,141,244,268,152,141,142,236,132,266,172,212,159,221,134,105,225,139,205,142,150,244,165,129,194,215,296,177,144,240,363,220,173,294,201,161,159,595,176,173,206,161,235,248,444,296,212,272,356,151,172,195,137,113,145,193,307,355,231,294,151,221,139,170,187,250,248,161,248,221,212,278,324,257,159,366,255,165,192,173,366,164,341,152,154,197,202,306,397,244,247,213
1501,201,275,145,175,148,139,242,268,151,141,140,235,129,265,171,212,158,219,134,105,225,139,205,140,150,242,164,128,194,215,296,177,144,240,363,219,173,294,200,161,158,594,176,172,206,161,235,248,443,294,211,271,356,149,172,194,135,113,143,192,306,354,230,293,151,218,138,169,187,250,247,161,248,221,211,277,324,257,157,363,255,164,192,170,365,162,342,152,153,194,201,304,396,243,247,212
1502,201,273,144,174,148,136,241,264,151,141,138,232,129,264,169,209,157,219,133,105,224,138,204,139,149,241,164,127,194,214,295,177,141,239,361,217,172,293,200,160,157,590,175,170,205,160,232,246,440,293,211,268,355,148,172,192,135,113,143,188,305,350,228,292,149,217,137,169,184,249,245,161,246,219,211,277,323,254,155,362,255,162,190,169,363,161,341,152,151,194,199,302,395,241,246,212
1503,199,273,143,174,148,136,240,264,151,140,135,231,128,263,168,209,155,216,132,105,221,138,204,139,148,241,164,126,194,214,294,176,141,238,361,217,171,292,199,160,157,591,175,167,204,160,230,244,439,293,211,268,352,146,172,192,134,113,142,186,305,348,228,291,149,217,136,167,183,248,242,160,245,217,210,276,323,254,155,360,253,161,188,168,362,160,340,151,150,192,197,301,395,241,243,212
1504,199,270,141,174,147,132,238,261,151,139,135,231,128,263,167,207,154,215,131,105,220,135,202,139,147,241,163,125,191,214,293,175,140,239,360,216,171,290,199,159,156,594,174,166,205,160,229,241,438,292,209,267,352,143,171,189,132,113,140,186,304,344,228,289,148,217,133,168,182,247,242,160,245,216,209,275,322,254,154,361,253,161,186,167,360,159,340,151,149,192,195,301,394,240,242,211
1505,197,269,140,174,147,130,237,260,148,139,134,230,128,263,166,206,154,211,130,103,218,134,202,138,145,240,163,125,190,214,292,175,140,236,359,215,169,289,197,158,155,592,171,166,204,159,226,240,439,291,208,265,350,143,171,188,131,113,140,184,304,344,226,283,148,217,132,167,181,247,239,160,243,214,209,274,322,254,154,360,250,160,186,166,360,158,339,151,147,192,195,301,391,238,241,211
1506,196,267,140,174,147,129,236,260,147,139,133,230,126,258,165,206,153,211,130,101,216,132,199,137,145,236,163,124,189,210,288,175,140,235,358,214,168,287,195,155,153,590,171,166,202,159,226,240,434,287,208,264,349,140,171,186,131,112,140,183,303,343,226,281,148,216,132,166,179,245,240,158,243,211,206,272,322,254,154,358,250,158,185,165,357,157,339,151,146,191,193,297,390,237,240,210
1507,194,267,139,172,146,128,236,259,147,138,132,228,125,257,164,205,152,211,130,101,214,132,199,135,144,236,161,123,189,208,286,174,140,235,356,212,168,284,193,154,152,590,171,165,199,158,225,238,432,284,208,263,348,137,171,185,130,112,138,182,302,342,226,279,147,214,131,166,177,243,238,156,243,210,206,271,320,253,147,356,250,158,185,163,354,157,335,151,143,187,192,295,385,236,238,207
1508,193,267,137,172,145,128,234,257,147,138,131,226,125,257,164,202,151,211,130,100,211,129,198,132,144,233,160,122,187,207,284,172,139,234,355,212,168,282,193,153,151,590,170,164,197,158,224,238,428,282,207,260,345,136,170,184,130,110,138,181,301,341,225,278,147,212,130,165,177,241,238,155,243,210,202,271,317,252,145,355,250,158,183,163,353,155,334,150,141,186,191,295,381,236,237,207
1509,190,267,137,171,143,128,232,257,147,138,130,226,124,257,164,202,151,209,128,100,209,128,197,131,142,233,159,121,187,206,283,169,138,233,354,212,168,280,192,152,151,586,169,164,195,158,222,237,427,280,206,259,344,136,169,183,129,110,138,179,296,339,224,278,145,211,130,164,177,240,237,154,243,208,202,268,314,252,144,350,249,157,183,163,353,154,332,148,140,184,190,294,381,234,235,206
1510,189,266,136,170,143,128,229,256,144,138,129,225,124,255,162,200,148,208,128,99,208,128,196,130,142,233,159,121,186,204,281,168,138,230,353,212,166,280,189,152,150,586,168,164,194,157,221,236,426,281,205,259,342,133,168,180,129,108,137,178,294,339,223,278,145,211,129,164,175,239,237,152,242,206,202,269,311,252,144,348,246,156,181,161,352,153,330,147,140,182,188,292,380,234,234,206
1511,187,264,133,170,143,127,226,254,142,137,125,223,123,251,160,199,145,207,128,99,206,128,196,129,140,233,159,120,186,203,278,167,137,230,349,210,165,278,188,152,147,583,167,164,192,157,219,236,426,279,205,258,341,131,167,177,128,108,136,177,292,337,219,276,145,207,127,162,174,237,237,152,240,205,199,267,311,250,144,347,244,156,181,159,347,151,330,147,139,181,187,291,379,232,232,205
1512,187,262,132,169,143,126,225,254,142,134,125,223,122,249,159,198,143,206,127,97,205,128,194,129,140,232,159,117,185,197,279,166,136,228,349,207,164,277,185,151,146,582,166,163,190,157,219,236,425,278,204,258,340,130,167,175,128,108,136,176,289,335,217,276,144,206,127,161,174,233,236,152,237,204,198,265,309,248,143,346,244,156,181,159,345,151,327,147,138,181,187,291,377,232,231,205
1513,186,259,132,169,143,125,224,253,141,133,125,223,121,248,158,197,141,203,126,97,205,128,194,128,139,230,157,117,185,195,279,165,134,227,348,204,162,277,184,151,143,580,165,161,190,156,219,236,426,278,204,257,338,128,165,175,128,108,135,175,286,333,218,270,144,205,127,159,173,232,235,149,236,201,197,264,307,247,143,344,241,156,180,159,343,149,326,146,137,180,187,290,377,230,229,203
1514,186,259,132,169,142,125,223,252,139,133,125,221,120,247,156,197,141,202,125,97,203,128,193,127,137,230,156,117,183,195,277,165,134,223,348,202,162,277,182,151,142,581,164,160,188,154,218,236,426,278,204,254,336,128,164,174,127,108,135,174,284,330,218,268,144,202,125,158,170,228,234,149,236,200,197,264,306,247,142,342,239,155,180,158,343,148,326,144,137,180,186,290,377,231,229,200
1515,185,255,130,169,141,124,222,251,136,131,125,221,119,245,156,197,138,200,125,96,200,128,191,126,137,230,156,117,182,194,277,164,133,222,347,202,161,275,180,151,141,579,164,160,184,152,217,234,425,279,204,254,337,128,162,174,125,108,134,173,284,328,217,268,143,201,124,157,167,227,232,146,232,199,197,262,306,246,141,342,239,153,178,157,342,147,325,141,136,179,184,289,377,231,228,198
1516,185,253,130,169,140,124,219,251,134,130,124,219,119,245,155,196,138,199,125,96,198,128,191,125,137,227,156,117,181,193,276,164,132,222,346,201,160,274,179,150,140,579,163,159,184,149,216,228,423,277,204,252,337,128,162,173,122,108,132,172,282,326,216,267,143,201,123,155,167,226,231,146,231,198,196,262,304,246,141,339,237,151,178,156,341,147,325,140,136,175,184,288,374,231,226,196
1517,185,248,130,168,139,124,219,251,134,127,124,219,117,244,155,191,135,198,124,95,199,127,190,125,136,226,156,117,179,193,275,164,132,220,345,201,159,270,177,149,140,578,163,159,183,149,214,228,422,275,203,253,332,127,162,172,121,108,132,172,278,324,216,265,143,199,123,154,167,225,229,145,231,196,194,261,303,245,141,339,235,149,178,156,339,147,325,139,135,173,184,286,374,230,226,196
1518,182,248,130,166,139,124,218,250,133,126,123,218,116,244,155,190,135,197,123,92,199,125,186,124,136,226,156,117,179,193,274,163,132,218,343,199,158,268,175,148,140,578,161,159,182,148,212,227,423,273,203,253,332,127,158,171,121,107,132,172,276,324,216,263,143,198,123,154,164,223,228,144,232,195,193,260,301,242,139,338,233,145,177,155,336,145,323,139,135,172,184,285,369,229,225,194
1519,181,248,130,164,139,124,217,250,133,126,123,215,114,242,154,187,135,195,121,90,197,125,185,124,136,225,155,117,178,193,272,162,131,216,342,197,157,265,173,147,139,579,161,158,180,147,211,227,423,272,203,252,330,126,158,170,119,107,130,171,274,323,215,263,143,196,122,154,162,223,226,144,231,195,190,259,301,241,138,335,231,145,177,155,336,144,322,139,134,171,184,284,368,229,223,193
1520,181,248,128,162,140,122,217,249,132,125,120,214,113,242,153,185,135,195,121,90,197,123,185,121,136,225,154,117,178,192,271,161,130,215,343,197,156,264,173,147,139,575,160,155,179,147,211,225,420,269,204,252,328,126,157,169,118,106,130,169,274,321,213,262,143,193,122,153,162,222,225,142,228,192,190,258,298,241,137,332,230,143,176,153,334,143,320,138,134,171,183,282,366,226,222,192
1521,181,248,128,162,139,122,216,249,131,125,120,213,113,239,152,184,135,193,121,90,197,122,185,120,135,224,153,117,177,192,270,160,130,215,342,196,156,264,172,147,139,573,160,153,176,147,210,223,418,267,204,252,327,126,153,168,117,105,130,169,272,321,212,258,143,190,121,153,161,222,223,140,229,191,190,257,297,240,136,332,230,142,176,152,333,142,320,138,133,169,183,280,366,225,221,191
1522,180,248,128,161,138,121,216,249,130,123,118,210,113,239,151,183,133,193,120,90,197,120,184,119,135,221,153,115,176,192,269,159,128,214,342,195,156,263,172,145,137,569,160,153,173,146,208,222,415,266,203,250,325,125,150,167,116,105,130,169,270,320,210,259,142,190,121,152,160,220,223,138,228,191,188,255,291,240,134,330,228,141,174,152,333,140,319,138,132,167,182,276,364,225,219,191
1523,180,246,127,160,137,121,216,249,130,123,116,209,110,236,149,183,132,189,120,89,196,120,183,117,134,217,153,114,174,192,267,158,127,214,342,194,153,263,172,145,135,567,160,151,171,145,208,217,414,266,201,249,323,124,149,165,115,105,129,169,267,318,210,259,140,189,121,152,159,219,221,135,226,191,188,252,288,238,134,328,227,141,174,151,332,139,319,137,129,167,178,275,364,222,217,190
1524,178,246,127,159,136,121,216,248,130,123,116,207,109,234,147,183,132,187,120,89,196,119,182,115,132,216,153,114,174,192,267,157,124,214,341,194,153,262,172,145,134,565,159,151,170,143,207,215,411,264,201,247,322,124,149,164,114,104,129,168,266,317,209,259,140,188,119,152,159,218,220,133,224,190,187,251,286,238,133,328,227,139,174,151,332,139,318,137,128,167,177,275,363,220,217,188
1525,176,246,127,158,135,120,215,248,129,123,116,206,107,231,146,182,130,187,120,89,194,117,181,115,132,216,151,113,174,190,267,156,123,214,343,193,153,262,171,144,133,566,159,151,170,143,205,214,411,262,199,246,320,122,148,163,114,104,128,168,264,315,208,258,139,188,119,151,158,217,220,133,222,190,187,250,284,238,133,326,224,138,173,149,329,136,317,135,128,165,177,274,363,218,217,187
1526,176,243,126,158,134,120,215,247,126,120,115,205,107,230,145,182,128,184,119,89,194,116,179,115,132,214,151,112,174,186,263,156,121,213,340,192,152,262,170,143,133,566,158,149,168,142,204,212,409,262,199,246,319,121,147,163,113,104,126,167,262,312,208,258,139,186,119,151,156,216,219,133,217,189,185,248,283,236,133,326,224,137,173,148,327,136,316,135,127,165,177,274,364,217,215,185
1527,175,243,125,158,134,119,215,247,125,120,114,205,107,230,144,179,128,184,119,88,194,116,178,115,132,211,151,110,174,183,263,154,120,210,338,190,152,259,170,143,133,566,157,149,168,141,201,212,408,259,197,245,318,121,147,163,113,103,125,167,261,309,208,258,138,184,118,149,153,212,218,133,215,188,185,248,282,235,133,324,224,137,173,148,325,136,315,133,127,165,177,273,362,217,212,183
1528,176,242,125,158,133,118,214,245,125,119,112,203,107,229,143,176,128,183,118,88,194,115,177,115,130,210,150,108,174,183,262,152,119,209,337,190,152,259,167,141,133,566,156,149,166,141,201,211,405,259,197,245,316,119,147,162,113,103,124,165,260,308,205,258,138,184,118,149,152,212,215,132,213,187,185,246,281,235,133,322,224,137,171,147,325,134,314,131,127,163,176,273,361,215,209,182
1529,174,239,125,156,132,117,212,243,125,119,112,202,106,228,141,175,128,182,117,87,194,115,177,115,129,209,150,108,173,181,262,152,119,207,337,190,150,257,166,141,133,567,156,149,165,141,198,209,404,259,197,244,317,119,147,162,113,102,122,163,258,307,205,258,138,181,117,149,151,211,215,132,211,186,185,244,279,234,133,322,223,135,170,146,323,132,312,131,127,160,176,272,357,214,207,182
1530,173,237,123,153,132,116,211,243,124,118,110,200,105,227,140,175,127,182,115,87,190,115,177,113,128,208,149,108,173,181,261,152,118,205,335,188,149,256,165,142,133,567,155,147,162,141,198,207,404,259,195,243,316,118,147,162,112,102,121,162,255,305,204,258,137,181,113,147,151,210,215,130,210,186,184,243,275,230,131,322,222,135,169,146,321,132,311,130,127,160,174,271,355,214,204,183
1531,173,235,123,153,132,116,211,242,124,118,109,198,105,225,138,175,127,181,114,86,190,115,175,110,128,207,148,108,173,179,261,149,117,205,333,186,149,255,163,142,131,564,155,146,161,139,196,205,401,259,195,244,315,117,147,162,111,102,120,162,255,301,204,257,137,180,113,146,150,209,213,130,208,184,183,240,275,228,131,320,219,132,169,146,319,131,307,129,126,159,174,270,352,214,204,180
1532,173,234,122,152,132,115,211,241,124,117,109,198,105,224,137,175,127,182,112,85,189,115,175,110,127,206,148,106,174,179,260,147,117,205,332,185,148,254,163,142,130,562,154,146,160,139,195,205,399,256,195,242,311,117,146,161,111,99,119,161,254,299,202,256,136,181,113,145,148,207,212,129,208,183,182,237,273,225,128,319,217,132,166,143,317,130,306,126,125,159,172,269,351,213,203,179
1533,173,233,122,151,132,114,210,240,124,116,109,197,104,223,135,174,127,181,112,84,186,114,173,108,126,204,147,106,171,179,258,147,118,203,332,185,148,254,163,139,130,561,154,145,160,139,195,203,400,256,195,240,309,117,146,161,109,97,119,160,252,299,200,256,135,181,112,145,146,207,210,128,207,180,181,233,271,224,125,316,215,132,164,142,316,129,305,125,123,157,172,267,350,213,199,177
1534,170,233,121,151,132,113,209,239,123,116,108,197,104,222,132,174,126,180,112,83,184,113,171,108,122,204,145,106,169,179,256,145,117,203,331,184,147,250,162,139,130,561,154,145,159,139,194,200,399,255,195,236,308,116,146,160,109,97,118,159,252,299,200,255,135,180,111,144,144,204,209,128,203,178,181,233,269,222,123,313,212,131,163,142,312,129,304,125,123,157,170,265,348,212,198,177
1535,170,230,119,150,132,112,208,238,121,116,107,194,104,222,132,173,124,179,111,83,184,114,171,108,121,203,145,105,167,176,254,144,117,202,329,184,147,249,160,139,130,555,153,144,159,139,193,199,400,254,192,235,305,116,146,159,105,97,117,158,250,297,200,251,135,179,111,144,144,203,209,128,202,177,181,232,268,219,123,311,212,131,163,140,311,129,302,124,123,157,171,265,344,210,198,177
1536,169,228,119,150,131,111,207,238,121,115,107,194,104,221,131,171,123,178,111,82,183,114,170,107,119,201,145,104,165,175,252,143,117,202,329,184,146,248,160,139,129,556,152,144,159,139,190,200,400,253,191,234,305,115,145,159,102,96,116,158,249,299,199,251,135,177,111,144,144,203,208,126,202,177,179,232,267,218,123,309,212,131,161,140,310,129,300,124,122,156,169,264,341,208,198,177
1537,168,227,118,150,129,110,206,235,121,115,107,192,103,218,131,171,122,178,109,80,181,111,169,107,118,201,142,103,162,173,250,143,115,200,329,184,145,246,157,138,128,554,151,143,158,139,190,198,400,254,191,234,302,115,143,158,101,95,114,155,249,298,199,248,133,174,110,144,143,202,208,124,199,176,178,232,264,215,121,307,212,130,160,140,308,129,300,123,122,155,169,264,338,208,196,176
1538,166,226,117,149,127,110,206,234,121,113,106,192,103,218,131,170,121,177,107,78,181,111,169,107,118,201,138,103,161,173,249,142,113,198,329,183,142,245,157,136,127,554,151,142,157,138,187,197,400,253,191,235,302,115,144,157,100,95,113,151,246,295,197,246,133,174,110,141,141,201,208,124,199,175,178,230,262,214,120,305,211,128,159,139,307,127,300,123,122,154,169,262,334,205,196,176
1539,165,224,116,149,127,108,206,234,120,113,106,188,100,218,130,169,120,176,107,78,180,110,169,107,118,198,138,103,161,172,246,140,113,196,328,183,141,243,157,136,126,554,149,140,156,137,185,196,398,252,191,233,301,115,143,156,100,94,109,150,243,294,196,246,133,173,110,139,140,201,206,124,199,174,177,229,261,213,120,304,210,128,159,138,305,125,300,123,122,154,169,262,331,204,196,175
1540,164,221,116,150,127,108,205,233,120,113,105,186,98,217,128,169,120,176,107,78,180,109,168,105,117,198,138,102,160,171,245,138,112,195,327,182,140,242,156,135,125,554,148,140,156,137,184,196,396,251,191,231,300,113,142,156,98,94,108,150,241,294,194,245,132,172,109,138,139,200,206,124,199,173,177,228,261,213,120,302,210,127,159,138,304,123,300,121,120,154,169,259,329,204,195,175
1541,163,221,115,149,127,105,204,231,120,112,105,185,97,217,128,168,120,176,106,77,179,109,168,103,116,197,138,101,159,170,245,138,112,195,325,180,138,241,156,133,122,554,148,138,154,136,183,194,394,250,189,229,298,113,141,154,98,93,108,149,241,293,193,242,130,170,109,138,139,198,206,123,196,173,177,227,261,212,120,299,210,126,159,136,304,122,300,121,119,154,168,258,328,204,193,172
1542,162,220,115,149,127,105,202,231,120,111,104,183,97,214,128,167,120,176,105,76,178,106,167,99,116,197,136,101,159,169,242,137,112,194,322,180,138,241,156,133,122,553,148,138,153,136,182,194,392,249,187,227,298,112,139,154,98,93,107,149,240,293,192,241,130,169,107,138,138,198,206,123,196,172,173,225,259,209,120,297,210,124,157,135,300,121,300,120,119,152,167,258,328,203,192,172
1543,162,220,115,148,127,105,201,231,118,111,101,181,97,213,128,167,120,173,104,75,178,105,167,99,116,197,136,100,159,168,242,136,111,193,321,179,138,239,156,133,121,552,148,138,151,135,181,194,389,248,187,227,297,112,137,153,97,92,107,149,237,290,191,241,130,167,107,138,137,197,206,123,196,171,173,222,258,208,120,296,209,122,156,134,299,121,299,119,118,151,165,256,325,203,191,171
1544,162,219,113,147,127,105,199,229,118,110,101,181,97,213,127,166,120,173,102,75,178,103,165,98,116,197,135,99,159,166,242,135,111,192,320,179,137,234,155,132,118,549,146,136,151,135,181,194,387,247,187,226,295,112,137,153,97,91,107,148,236,288,190,238,129,165,107,138,137,197,206,121,192,171,172,221,257,206,119,293,209,121,155,133,296,121,299,118,118,150,161,255,324,204,188,170
1545,160,216,112,146,127,105,199,228,118,109,100,180,97,212,127,166,119,171,99,74,176,103,164,98,115,195,135,99,159,166,239,135,111,191,319,178,135,234,155,132,117,546,146,135,147,135,180,193,385,247,185,223,294,112,136,152,97,91,105,147,235,287,189,236,128,163,106,138,135,197,206,120,191,170,172,219,255,205,118,293,209,120,155,131,295,120,297,118,117,147,161,255,323,203,186,168
1546,160,213,112,146,126,105,198,227,117,108,99,180,97,210,127,165,119,169,98,73,176,103,162,98,114,195,135,97,157,164,237,133,110,189,319,177,135,233,153,132,115,544,145,134,147,135,178,193,385,246,181,221,291,112,136,149,96,91,105,147,234,286,188,234,127,163,106,137,135,195,203,118,190,170,170,218,253,202,117,292,208,120,152,128,294,118,296,117,117,145,160,255,322,203,186,167
1547,160,212,112,144,125,105,198,226,116,108,98,180,97,209,126,163,118,168,98,73,175,103,161,97,114,192,135,97,157,164,236,133,108,189,317,177,133,232,152,132,115,544,145,133,147,133,178,191,384,245,180,220,292,108,136,149,92,91,104,146,232,286,188,232,126,162,106,137,135,193,202,118,189,169,169,217,250,201,117,291,208,119,151,126,294,117,294,115,115,145,158,253,321,203,185,167
1548,160,210,112,144,125,104,198,226,115,107,97,180,97,209,125,163,116,168,98,71,174,103,159,95,111,190,135,97,156,164,236,133,107,189,314,177,133,231,151,132,115,539,144,133,147,132,176,190,382,245,180,218,292,108,136,149,92,91,104,146,232,285,188,231,125,161,105,134,135,192,201,118,187,168,169,217,248,200,116,290,208,119,151,124,293,117,292,115,115,145,158,252,321,203,185,166
1549,160,210,111,144,125,104,197,225,114,107,97,179,97,207,125,163,116,167,98,70,172,101,158,95,111,189,135,96,156,164,236,133,107,188,313,176,132,230,151,131,115,538,143,133,147,132,176,188,381,244,180,214,290,108,136,148,92,91,104,144,230,284,188,230,124,161,105,134,135,192,200,118,185,168,168,217,247,198,115,289,207,117,150,124,293,114,290,114,115,144,158,251,319,199,183,165
1550,158,210,111,143,125,102,196,223,113,107,97,179,96,205,124,162,116,167,98,68,171,101,158,94,109,187,132,95,155,161,235,133,106,186,312,174,132,229,151,130,114,536,141,133,147,131,176,188,381,242,179,213,291,108,135,148,91,90,103,143,229,282,187,229,123,161,105,132,134,191,200,117,185,168,167,215,247,197,114,289,206,115,150,123,292,113,289,113,115,144,157,251,318,199,183,165
1551,157,208,110,143,124,101,196,222,113,107,97,179,95,203,124,159,116,165,97,68,171,100,157,94,109,187,131,92,155,158,235,132,106,186,311,173,131,229,150,130,114,533,140,132,147,130,176,188,379,240,178,213,290,107,132,148,90,90,103,143,228,280,186,228,121,161,105,132,133,191,197,116,185,168,167,214,246,196,113,289,205,114,149,121,288,113,287,112,115,144,156,249,316,197,181,164
1552,156,207,110,143,124,101,196,221,112,106,97,178,95,202,124,158,115,162,97,68,168,99,157,94,109,186,131,92,154,158,234,130,106,186,311,172,131,228,150,129,111,530,140,131,143,130,172,188,379,238,178,212,286,107,131,148,87,90,102,142,224,278,185,228,121,161,105,132,133,191,195,115,184,167,167,213,242,194,112,290,205,114,148,120,284,112,287,112,116,144,155,248,315,198,180,162
1553,156,207,109,143,124,101,195,218,110,106,96,175,94,202,122,158,115,161,97,65,165,99,154,92,106,184,131,89,153,155,233,128,105,186,311,172,130,226,150,127,110,526,140,130,143,130,172,187,378,239,178,212,285,107,130,147,86,88,102,142,221,277,185,226,120,160,105,129,133,190,195,113,183,166,165,212,240,194,110,290,204,114,148,119,283,111,285,110,115,144,155,247,315,197,179,159
1554,156,207,108,142,124,100,194,217,109,103,94,175,94,201,122,158,114,160,96,65,164,97,153,92,105,182,130,88,152,153,232,125,104,186,304,172,128,226,150,127,110,524,140,128,140,130,171,187,374,238,178,210,284,107,128,147,84,87,101,141,218,277,183,226,119,158,105,129,132,189,193,113,183,165,165,211,239,194,110,289,202,113,147,116,281,110,285,110,115,142,155,245,315,196,177,159
1555,156,205,107,141,123,99,193,217,109,103,93,172,91,200,121,157,111,160,96,64,164,96,151,92,105,181,128,88,151,152,233,124,103,186,305,172,128,226,148,127,110,520,140,128,140,129,170,187,372,237,176,210,284,105,128,145,83,86,101,140,216,275,183,226,119,158,105,128,130,187,191,113,180,163,165,211,239,192,110,285,201,112,147,116,283,110,282,110,115,142,154,243,315,195,176,157
1556,156,204,107,141,122,99,191,215,109,101,92,172,91,200,119,157,110,160,96,63,162,93,150,91,104,181,128,87,150,151,232,123,102,185,303,170,128,225,147,127,110,519,140,128,139,129,169,187,372,235,176,210,282,105,127,144,83,83,101,140,216,275,183,224,118,156,105,127,128,187,190,112,180,161,164,211,236,192,109,283,200,112,146,114,281,110,279,110,114,142,153,242,314,195,175,156
1557,156,203,107,139,122,97,190,212,108,100,92,169,91,197,119,157,110,160,96,62,160,93,150,91,103,180,125,87,150,151,231,123,102,185,302,170,127,225,147,127,108,517,140,128,139,127,169,186,368,234,176,209,279,104,127,144,82,82,101,138,216,274,182,223,117,156,105,127,127,185,189,112,178,159,162,210,237,191,109,283,199,112,146,110,281,109,279,110,114,137,151,242,312,194,175,155
1558,156,202,105,138,121,96,189,207,107,100,92,169,88,197,119,156,107,160,95,62,160,93,150,90,103,179,125,86,149,151,227,122,101,185,301,168,125,225,145,124,108,515,140,128,139,127,169,182,368,234,175,209,277,104,127,144,82,82,101,138,216,273,182,224,116,155,103,126,127,184,188,110,177,158,161,210,235,190,106,279,198,112,145,110,279,107,279,109,112,137,151,240,312,192,175,155
1559,155,202,105,137,120,96,186,205,105,99,88,168,87,197,116,155,107,159,95,62,159,93,149,90,102,178,125,86,149,151,225,120,101,184,300,167,125,222,143,124,108,511,139,128,137,127,167,182,367,233,172,208,277,103,126,144,81,82,101,138,214,272,181,222,116,155,101,125,127,184,187,110,175,158,161,210,235,190,106,278,197,112,145,109,277,106,279,109,110,136,149,240,312,192,173,155
1560,155,201,105,137,120,97,186,204,105,99,88,167,86,197,114,154,106,159,94,62,159,92,147,89,101,177,123,85,147,151,224,117,101,183,294,164,125,221,140,123,107,509,136,127,137,127,166,182,367,232,172,205,277,103,124,143,81,81,101,138,212,271,181,222,116,154,99,123,125,183,186,108,175,157,160,209,236,189,105,277,197,112,145,109,278,106,278,108,109,135,148,239,311,190,173,154
1561,154,200,104,136,118,97,185,202,103,98,87,167,85,197,114,151,106,159,94,61,158,91,147,88,100,175,121,84,145,150,223,117,101,181,294,163,123,220,140,122,107,507,136,127,136,127,165,182,367,232,171,205,277,102,123,142,81,81,100,137,212,268,178,220,115,153,98,123,125,183,186,108,174,156,158,207,234,189,105,276,196,111,145,108,276,105,277,108,108,135,148,238,310,189,173,154
1562,154,200,103,136,118,97,184,200,101,97,87,167,84,196,114,150,104,159,94,61,157,90,147,88,101,174,118,83,144,150,223,117,101,181,294,163,123,217,140,121,107,508,135,127,136,127,164,182,366,231,170,204,277,102,122,142,81,81,99,137,210,267,176,219,115,153,97,122,125,183,185,107,174,156,158,206,234,186,105,276,195,109,145,108,274,105,273,107,107,135,145,236,307,187,173,152
1563,154,198,102,135,118,96,183,198,101,97,85,166,83,195,113,150,102,158,93,61,155,90,146,88,100,172,116,80,144,149,222,117,101,179,291,163,122,216,140,120,107,509,134,127,136,126,163,181,364,229,170,204,277,102,122,143,80,79,99,137,209,265,175,219,114,152,97,120,125,182,183,106,174,154,156,206,235,185,103,275,194,108,145,108,272,105,272,105,107,134,145,233,305,187,172,152
1564,154,197,102,134,117,95,183,195,101,97,84,166,82,194,113,149,101,157,93,61,155,89,144,88,100,172,116,78,142,149,220,117,100,179,290,162,122,216,140,120,107,509,133,127,136,126,163,181,364,228,169,203,276,101,122,142,78,79,98,135,208,265,173,218,114,151,96,120,124,182,182,106,174,153,155,205,235,183,103,275,194,108,145,108,270,104,270,105,106,133,144,233,305,186,172,152
1565,152,196,102,134,116,95,183,195,101,96,83,165,82,192,113,148,99,157,93,59,154,88,143,87,98,168,116,78,142,149,218,117,100,178,289,162,122,214,138,120,105,506,132,126,136,125,163,180,363,227,169,203,276,100,121,142,78,79,98,135,207,265,172,217,114,150,95,119,124,181,180,106,173,152,155,203,236,179,102,274,193,108,144,106,268,103,269,104,106,131,144,230,304,186,171,150
1566,152,193,102,134,115,94,181,192,101,96,83,165,82,191,112,146,98,157,93,58,154,88,142,86,97,168,116,77,142,149,218,117,100,177,286,161,120,214,135,120,103,506,132,125,135,125,162,180,362,227,169,201,273,98,119,140,78,78,98,135,207,263,171,214,113,149,95,117,123,181,177,106,170,149,155,203,234,178,102,273,193,106,142,104,267,102,268,104,106,129,142,230,304,184,171,149
1567,151,191,101,131,115,94,181,192,101,95,82,164,81,190,112,145,97,156,92,57,154,87,141,86,96,168,115,77,142,148,218,117,99,175,286,161,120,212,134,118,103,506,130,124,135,124,162,179,358,226,169,198,271,97,118,140,78,77,97,135,207,262,171,213,110,148,94,114,122,181,176,106,169,148,153,200,232,178,101,270,191,106,142,102,266,102,267,104,106,129,141,228,303,182,170,147
1568,149,191,100,130,114,94,180,191,100,95,82,163,81,186,112,144,97,156,92,54,153,86,140,86,96,166,115,76,140,147,218,117,99,176,284,160,119,212,133,118,103,503,129,124,135,122,161,175,356,225,168,197,269,97,117,139,78,77,97,131,207,259,171,212,108,146,93,113,122,178,175,105,169,148,152,200,231,178,100,269,191,106,142,100,265,101,265,104,106,129,140,228,301,182,170,145
1569,149,189,98,129,112,94,179,191,100,94,82,163,81,186,111,142,96,156,91,54,150,86,138,85,95,164,115,76,140,145,218,116,99,175,282,158,119,213,131,118,101,501,129,123,133,121,161,173,351,223,168,196,268,97,117,139,77,76,96,130,206,259,170,212,108,146,93,111,119,178,175,105,168,148,151,199,230,178,100,264,188,106,140,100,261,100,265,103,106,128,138,225,299,181,170,146
1570,149,188,98,126,112,94,177,189,100,94,81,163,80,184,111,142,96,154,91,54,149,86,138,85,95,164,114,76,140,145,215,116,99,175,282,158,117,212,131,116,101,501,129,123,132,121,160,173,349,223,168,195,268,96,117,138,74,76,96,129,205,257,170,209,108,145,93,110,118,177,175,105,168,148,151,194,230,176,100,260,186,105,140,97,261,100,265,103,106,127,138,225,296,179,170,145
1571,147,187,98,125,111,94,174,189,99,93,81,163,80,184,111,140,94,154,90,54,149,86,138,85,93,164,114,75,140,145,214,116,99,174,281,157,116,211,129,115,100,500,127,123,131,120,160,173,346,223,166,193,268,95,116,138,74,74,96,127,205,256,168,209,108,145,93,109,118,176,175,104,168,145,150,192,228,174,99,260,185,104,140,96,260,99,265,103,105,127,137,225,293,179,168,143
1572,146,186,98,124,109,94,172,189,98,93,81,163,80,184,111,139,94,153,88,54,149,85,135,84,93,162,114,75,139,144,212,115,98,173,281,156,115,210,128,114,99,496,127,123,130,120,159,171,347,222,165,191,267,95,114,138,73,74,94,127,203,253,168,207,108,145,90,109,118,176,175,104,166,143,150,188,228,174,99,260,185,104,139,96,260,98,265,103,105,127,136,223,292,179,166,142
1573,141,185,96,123,108,94,170,187,98,93,80,163,80,182,111,139,93,153,86,54,149,85,135,84,93,162,113,75,139,144,211,114,97,172,279,155,113,208,126,114,99,494,126,123,130,120,159,171,348,222,165,190,266,95,114,137,73,73,94,126,202,251,163,206,107,145,90,108,116,176,174,104,166,142,150,185,228,173,99,259,185,103,138,96,259,97,265,103,104,127,136,223,292,178,163,142
1574,140,185,95,123,104,94,170,187,98,92,79,163,80,181,111,139,93,152,85,53,148,85,135,84,92,160,113,74,139,143,210,113,97,171,278,155,110,208,126,113,99,491,126,123,129,118,158,170,347,223,165,190,265,94,111,137,73,73,94,126,201,250,162,204,106,145,89,108,116,173,173,103,166,142,148,184,224,173,98,258,185,103,138,96,259,95,263,102,104,126,135,223,291,174,162,141
1575,140,185,94,122,101,93,170,185,98,90,78,162,79,177,111,137,93,150,84,53,146,84,132,84,91,160,112,73,138,143,209,112,97,172,278,153,109,207,126,113,99,490,126,123,129,118,157,170,346,223,162,190,264,92,111,137,72,71,94,126,198,249,162,203,106,144,89,108,116,171,173,103,165,142,148,184,221,172,98,256,185,102,137,96,258,95,262,102,103,125,134,223,289,172,160,140
1576,139,184,94,120,101,93,170,184,97,90,77,162,79,177,110,138,92,149,84,53,145,82,132,84,91,160,112,72,138,142,207,111,97,172,276,153,108,206,125,113,99,489,124,120,129,117,157,170,345,223,162,190,262,92,109,137,71,71,94,125,196,247,162,203,105,143,89,108,115,170,172,103,165,142,145,182,219,172,98,255,185,102,136,96,255,94,261,102,103,124,133,220,289,172,158,140
1577,139,184,93,120,99,92,170,182,97,90,77,161,79,177,110,138,92,149,83,53,143,81,132,84,91,160,111,72,137,141,206,111,96,170,273,151,107,206,125,113,98,488,123,118,128,117,157,170,344,220,161,188,262,92,107,133,70,70,94,125,196,247,161,201,105,142,88,108,115,168,170,102,164,142,145,182,219,171,96,253,183,102,135,93,255,93,257,102,103,123,133,220,287,172,158,140
1578,139,183,93,119,99,91,169,181,97,88,77,160,79,175,108,138,92,149,83,53,143,80,132,84,91,159,110,72,136,140,206,111,96,170,273,150,107,205,123,113,98,489,123,117,126,117,157,170,345,219,161,185,261,90,106,132,68,70,94,124,194,243,159,200,104,142,87,107,114,168,169,102,163,141,144,181,217,169,96,251,180,101,131,93,251,93,255,100,103,123,131,220,287,173,155,140
1579,136,181,93,116,98,90,169,180,97,88,77,160,79,174,107,138,92,149,83,53,143,79,130,83,91,156,108,71,136,140,206,110,95,169,271,149,107,204,122,113,98,487,123,116,124,116,157,170,344,217,160,185,262,90,106,132,68,70,94,122,193,242,157,200,104,141,87,106,112,167,168,102,161,141,142,180,215,170,96,251,180,101,131,93,249,92,255,99,102,123,131,219,285,172,153,138
1580,134,179,93,116,98,90,169,180,96,88,77,160,78,173,107,136,92,149,83,53,143,79,130,83,91,155,107,70,136,139,205,110,93,168,269,149,107,203,119,113,98,484,123,116,124,115,156,167,342,217,160,184,262,89,106,133,68,69,94,122,192,242,157,200,103,140,87,105,112,167,166,102,160,138,139,180,213,170,96,251,178,101,130,92,247,92,254,98,101,122,131,219,285,171,152,138
1581,133,179,92,114,98,89,169,179,95,88,76,160,78,172,107,136,92,148,83,53,142,79,127,83,90,155,106,70,134,139,206,109,93,168,269,147,107,202,119,111,98,482,122,114,123,114,156,167,339,215,160,184,262,88,105,132,68,69,92,120,190,242,155,199,103,138,85,104,111,166,166,102,159,137,138,180,212,170,96,251,176,100,130,92,245,92,254,98,99,120,130,219,282,169,152,138
1582,132,179,92,114,95,89,169,179,95,88,76,158,77,171,107,136,91,145,83,52,141,78,126,83,90,154,106,70,133,139,205,108,93,167,269,147,107,202,119,111,98,479,121,114,122,113,157,166,340,214,159,183,263,87,105,132,68,69,92,119,188,241,155,199,102,137,83,104,111,165,165,101,157,136,136,180,211,167,95,252,174,99,128,92,244,92,254,97,98,120,129,218,282,168,152,136
1583,131,180,92,112,94,89,169,176,95,88,75,158,77,171,106,136,91,145,83,52,141,77,125,83,90,154,105,70,133,139,203,108,93,166,269,147,107,200,119,108,97,478,121,113,121,111,156,166,339,212,158,180,264,87,105,131,67,69,92,116,188,240,154,199,101,136,83,104,111,162,165,101,156,134,136,179,211,164,95,253,173,96,128,91,243,92,253,94,97,120,128,217,279,165,152,135
1584,131,180,92,110,94,89,167,175,94,87,74,156,76,171,105,134,91,145,82,52,140,77,125,83,88,152,104,70,133,139,201,105,92,164,269,147,107,200,119,108,97,476,121,111,121,111,156,166,339,211,155,180,263,86,104,130,67,69,92,114,188,239,154,199,101,134,83,103,108,161,164,100,155,133,136,179,210,163,94,253,172,96,128,90,243,90,252,94,96,120,128,217,278,165,151,134
1585,129,178,92,110,94,89,165,172,91,87,74,155,76,171,104,132,90,145,82,52,140,77,124,82,88,151,104,70,133,138,201,105,92,163,269,145,107,197,118,107,96,475,119,109,121,111,156,166,338,210,154,180,261,85,103,130,67,68,92,113,186,237,153,198,100,134,82,103,108,161,162,100,154,133,135,178,210,163,94,250,170,96,128,89,243,90,252,93,94,120,128,216,277,164,149,133
1586,129,177,92,110,93,89,164,171,91,86,73,155,76,170,102,131,89,144,80,52,140,77,124,81,88,148,104,69,133,138,201,105,91,159,268,145,107,197,118,107,95,475,119,109,121,111,156,166,337,210,154,180,258,85,103,126,67,68,91,111,186,236,151,198,99,134,82,103,107,160,161,97,153,133,133,176,210,161,94,247,170,95,128,89,241,89,250,93,94,120,128,213,275,164,149,133
1587,128,177,92,110,93,89,163,166,90,86,72,155,76,169,101,131,89,144,79,52,139,76,123,80,88,147,104,69,131,138,200,105,90,159,267,144,107,196,116,106,92,475,117,109,120,109,156,164,332,209,152,179,257,85,101,124,67,67,90,111,186,234,150,197,98,133,82,103,107,160,161,97,152,133,132,175,210,160,92,245,167,95,127,88,240,88,249,91,93,118,128,211,272,161,150,132
1588,128,176,92,109,91,89,163,165,90,85,72,154,76,168,101,130,89,143,79,52,139,76,123,80,88,146,103,69,131,137,199,105,90,156,266,144,105,194,116,106,91,475,115,108,118,109,156,164,329,209,150,179,256,85,101,124,67,67,88,111,183,233,149,195,98,133,80,103,107,159,161,97,152,132,129,173,209,159,91,244,166,95,127,88,240,87,249,90,92,117,125,211,273,161,148,132
1589,127,175,92,107,91,88,163,164,89,85,72,153,76,168,100,130,89,142,79,51,139,75,122,79,88,146,103,68,130,136,199,102,90,155,265,143,105,194,116,105,89,473,115,108,117,109,156,163,328,206,150,179,255,85,100,124,65,66,87,111,180,233,147,195,97,133,80,103,105,157,161,96,152,130,128,171,205,158,91,243,166,94,126,88,239,87,248,89,92,116,125,209,273,160,148,132
1590,126,175,91,106,90,87,162,162,89,85,71,151,76,168,100,129,89,140,78,51,139,73,122,79,88,146,103,68,129,135,199,101,89,155,262,143,103,194,114,104,89,472,114,107,116,107,155,162,326,205,150,178,253,85,100,123,65,65,86,111,180,232,146,195,97,132,79,102,105,157,161,94,151,128,128,169,204,154,91,240,166,94,125,87,239,86,247,89,91,114,123,208,273,158,148,131
1591,126,175,91,106,90,87,162,160,87,85,70,150,76,167,99,129,88,139,77,51,138,73,121,79,86,144,103,68,128,134,197,101,89,154,260,142,102,192,114,103,87,470,114,107,116,107,155,162,325,204,148,177,252,84,100,122,65,65,86,108,179,230,145,192,97,132,79,101,105,157,160,94,151,126,128,168,204,154,91,239,166,93,124,87,238,84,245,89,91,114,121,208,273,157,147,130
1592,126,173,90,105,90,87,162,157,86,85,70,150,76,166,98,127,88,139,77,51,137,73,121,78,86,143,101,68,128,133,197,101,89,154,260,142,101,191,114,102,87,469,114,107,114,107,153,161,323,203,147,174,251,83,99,120,65,65,85,107,178,227,144,192,97,131,79,101,105,157,160,93,151,125,128,167,204,154,90,239,166,92,124,87,235,83,243,89,91,114,120,208,272,157,146,130
1593,126,172,90,104,88,86,160,156,86,83,70,148,76,166,98,127,87,138,77,51,137,73,120,77,85,143,100,68,127,130,195,100,89,154,260,142,101,189,114,102,87,470,114,107,112,106,153,160,321,202,147,173,250,83,99,120,64,65,85,107,176,225,143,190,97,131,79,100,104,156,159,93,150,123,128,166,204,154,89,236,166,92,123,87,235,83,243,89,91,113,120,207,270,157,144,130
1594,127,169,89,104,88,84,157,155,84,83,69,145,76,166,98,126,87,138,77,51,137,73,120,76,85,142,100,68,127,129,194,100,88,154,260,141,100,189,113,102,86,467,113,106,112,106,153,159,319,200,147,172,250,83,98,120,64,65,85,106,176,223,143,189,96,131,78,99,103,153,157,93,150,122,128,166,204,152,87,236,165,91,121,86,234,83,243,89,90,113,120,207,269,154,142,130
1595,127,168,88,103,88,82,157,153,83,83,69,143,76,164,96,126,87,136,76,51,135,72,119,76,85,141,100,68,125,128,192,100,87,153,257,139,99,189,112,101,86,465,113,106,111,105,151,159,318,199,146,173,248,83,97,119,64,65,84,106,175,221,143,189,96,130,78,98,103,153,156,93,148,122,126,165,203,151,87,236,165,89,121,86,234,83,243,89,89,113,120,205,267,152,142,130
1596,127,167,88,102,88,81,156,153,83,81,68,142,73,162,96,126,86,135,76,50,133,72,119,75,85,141,98,67,124,126,192,99,86,152,255,139,98,189,112,98,85,461,113,106,109,105,150,160,316,199,146,173,245,82,97,118,64,65,82,106,174,219,142,188,95,129,78,98,103,153,156,93,146,121,126,164,203,151,86,236,163,89,119,86,230,83,242,89,89,112,120,202,267,151,142,130
1597,127,167,88,101,86,81,155,152,82,81,66,142,72,160,95,125,86,135,76,49,131,71,118,75,85,140,97,67,124,124,191,98,86,150,253,138,98,188,112,98,85,461,111,104,108,105,147,159,315,198,146,173,244,82,96,117,64,65,81,106,172,218,141,187,93,128,77,97,101,151,156,93,145,120,125,164,202,150,86,236,162,88,117,85,228,82,242,86,88,111,118,202,268,151,141,128
1598,126,166,87,101,85,81,155,151,82,81,66,140,72,155,95,124,86,135,76,49,131,70,117,75,85,139,95,67,123,124,191,98,86,148,252,138,97,188,111,98,85,461,110,102,105,105,146,158,311,198,144,172,242,82,96,117,63,65,81,106,171,215,141,186,93,128,77,97,101,149,156,93,143,118,125,162,198,149,84,236,161,86,116,81,228,82,240,85,88,111,118,200,268,151,140,127
1599,124,166,87,101,83,80,153,151,82,79,66,140,72,155,95,123,85,134,75,48,130,70,117,73,84,139,94,67,123,124,191,97,84,147,251,138,97,188,111,97,84,460,110,101,104,105,146,158,311,197,141,172,241,81,95,117,63,64,80,104,169,214,141,186,91,127,77,97,101,148,156,93,142,118,124,160,198,146,83,234,161,86,116,81,226,82,239,85,88,111,116,199,268,150,137,127
1600,124,166,87,101,82,80,153,150,80,79,66,139,72,154,95,123,84,133,75,48,130,69,117,73,82,139,94,67,122,123,191,97,84,146,250,137,97,188,110,95,84,460,110,100,102,105,144,158,310,197,141,171,241,81,95,116,63,64,77,104,168,213,141,186,91,126,77,97,101,148,153,92,140,117,124,159,198,146,83,234,159,85,116,79,225,82,238,85,87,111,115,199,267,147,137,127
1601,124,166,87,101,81,80,153,150,79,79,66,138,72,154,95,121,84,132,75,47,129,69,115,73,80,138,93,67,122,123,190,97,83,146,247,135,96,187,109,95,84,457,110,100,101,104,144,158,308,197,141,169,241,81,95,116,63,64,76,104,167,208,141,186,91,126,77,97,100,147,153,89,140,117,124,159,197,146,81,232,158,85,115,78,225,82,238,84,86,110,112,198,264,147,136,127
1602,124,165,87,101,80,80,151,150,79,78,65,137,71,154,95,121,84,132,75,47,129,69,115,72,78,135,91,66,121,123,190,97,82,145,247,135,95,184,105,94,84,453,110,98,101,100,142,158,307,197,140,168,240,81,94,116,62,64,76,104,166,208,140,185,91,125,77,97,98,145,152,88,138,116,123,158,197,144,81,231,157,85,115,75,225,82,238,83,86,109,112,196,264,147,136,126
1603,124,165,86,101,80,77,150,150,79,77,65,137,71,154,94,121,82,132,74,47,126,69,115,72,77,134,91,65,121,123,189,96,82,143,247,135,95,182,105,94,84,451,110,98,101,98,142,157,305,195,138,168,240,81,93,116,62,63,74,104,165,207,140,183,91,125,77,97,98,143,149,87,137,116,123,157,196,141,81,230,156,85,115,75,225,82,238,83,85,109,110,195,263,146,135,125
1604,124,163,86,101,78,77,150,150,79,76,65,137,70,152,94,120,82,132,72,47,125,69,115,72,77,133,91,65,121,122,189,96,82,142,247,135,95,182,105,94,83,448,109,96,100,97,142,157,304,195,137,167,239,80,91,115,62,62,74,104,165,207,139,181,91,124,75,96,97,143,149,87,136,116,121,156,193,138,79,230,156,84,115,75,224,82,237,83,85,107,110,192,262,145,135,125
1605,124,162,86,101,78,76,149,149,79,76,64,136,70,151,93,120,82,130,72,46,124,69,114,71,77,131,91,65,121,120,189,96,82,141,245,134,93,182,104,94,83,447,109,94,100,97,142,157,304,193,136,166,238,80,90,114,62,61,74,102,165,206,139,180,90,123,75,96,96,142,149,86,136,116,121,156,191,138,79,229,156,84,115,75,222,81,237,82,85,106,109,190,262,144,135,124
1606,123,161,86,101,78,75,149,149,78,76,63,135,70,149,93,119,81,130,71,46,124,69,114,71,76,130,90,65,121,119,189,96,82,140,244,134,92,182,104,94,83,446,109,93,98,95,141,157,301,192,135,165,239,80,88,114,62,60,74,101,164,206,138,180,90,123,75,95,96,141,149,85,136,115,119,156,190,135,77,229,156,84,113,75,222,81,237,81,85,105,108,190,262,143,134,122
1607,123,160,83,101,78,75,147,149,77,75,62,133,70,148,93,119,81,128,71,46,124,69,114,70,75,130,89,65,119,119,188,95,82,140,243,134,92,180,102,94,83,446,109,93,98,93,139,154,301,192,135,163,237,79,86,114,62,60,74,101,163,206,136,180,89,121,75,95,95,138,147,85,134,114,119,154,190,134,77,229,156,83,112,75,223,81,236,81,84,103,107,187,259,143,133,121
1608,120,160,83,100,77,75,147,149,77,75,62,133,70,147,93,117,81,128,71,46,124,69,114,69,74,130,88,65,119,119,188,95,82,138,242,134,92,179,102,93,83,443,109,92,97,92,139,152,300,191,135,162,237,78,86,113,61,59,74,100,159,203,134,179,89,120,74,94,94,136,146,85,134,113,118,154,190,132,75,229,155,83,112,74,221,81,235,81,84,102,106,186,257,140,133,120
1609,120,160,83,99,76,75,145,149,77,75,61,133,69,146,93,115,80,128,71,46,124,68,114,69,74,130,88,64,119,117,188,94,82,138,239,134,90,178,102,92,82,439,108,92,97,92,139,151,299,191,135,160,234,78,86,112,61,58,73,100,159,203,134,177,89,120,74,94,91,136,145,84,134,113,116,153,188,132,75,228,153,83,111,74,220,80,235,79,83,101,107,186,257,139,129,119
1610,120,160,82,99,76,75,143,149,76,75,61,133,69,145,91,113,80,128,71,46,123,68,114,69,74,130,88,63,119,116,187,94,80,137,239,134,89,177,101,92,81,440,108,92,96,92,139,151,297,190,134,158,232,78,85,112,60,58,73,99,158,202,134,177,88,120,74,94,91,136,145,84,134,111,115,151,185,132,74,228,152,83,109,73,219,80,234,78,83,100,107,186,256,138,129,119
1611,119,159,82,98,74,75,143,148,76,75,61,133,69,145,91,110,80,127,71,46,120,67,114,69,73,130,88,63,118,116,186,92,80,136,238,134,89,176,99,92,81,439,107,91,95,90,137,151,295,188,133,158,233,78,85,111,59,56,73,98,158,201,133,176,87,117,72,94,91,136,144,84,134,111,114,150,184,132,74,226,151,83,109,72,219,80,233,76,83,100,106,185,256,137,128,119
1612,119,158,82,98,74,75,140,148,76,74,61,131,69,144,90,107,79,124,70,46,120,67,114,69,73,127,88,63,115,116,186,91,80,132,239,133,87,176,99,92,81,437,106,91,95,90,137,151,294,188,132,155,230,77,84,111,56,54,71,97,158,201,134,175,86,117,72,94,90,135,144,83,133,111,113,149,182,129,72,226,150,83,108,72,219,79,231,75,83,100,105,185,255,135,127,118
1613,118,158,81,98,74,75,140,147,76,74,60,131,69,142,89,107,79,124,70,46,120,66,114,69,72,126,87,60,115,116,185,90,80,130,238,133,87,176,99,92,81,436,106,90,95,90,137,150,293,188,132,154,228,77,84,109,56,53,70,97,158,201,133,174,85,117,71,94,90,135,142,83,133,109,113,147,178,127,72,225,148,82,106,72,218,77,231,74,82,100,104,186,254,134,127,117
1614,118,158,79,96,74,75,139,147,75,74,58,131,67,141,89,107,79,124,70,45,118,66,114,69,72,123,86,58,114,115,184,89,79,130,237,132,87,174,98,92,80,435,104,90,94,88,137,150,294,188,132,151,226,77,84,107,55,53,70,97,155,201,133,172,85,116,71,94,90,134,140,81,133,109,112,147,176,127,72,224,148,81,105,72,216,77,231,73,82,99,102,185,253,132,126,116
1615,117,158,79,94,74,74,139,147,75,74,57,130,67,141,89,105,79,124,70,44,118,66,113,68,72,122,83,58,114,114,183,89,79,130,234,132,87,172,98,91,80,430,104,90,93,88,135,150,293,187,131,148,224,75,84,106,55,53,69,95,155,197,133,172,85,115,71,93,88,134,139,81,133,108,112,145,174,128,72,224,147,81,103,72,214,77,229,72,81,99,101,182,253,131,126,114
1616,116,158,79,93,73,74,138,147,75,74,57,130,67,139,88,105,79,124,70,42,118,64,112,68,72,120,81,58,113,114,180,89,79,129,232,132,87,171,98,91,78,428,104,89,91,88,135,150,293,184,131,148,222,75,84,106,55,53,69,95,153,196,132,171,85,115,71,92,86,133,139,80,132,108,112,144,174,128,71,223,147,80,100,71,213,77,226,72,81,98,100,180,252,131,126,114
1617,115,155,78,91,70,74,136,147,74,74,57,129,67,139,87,104,78,123,70,42,118,64,110,68,71,120,80,57,109,113,179,88,79,128,232,130,87,169,97,90,77,428,104,89,91,86,133,150,292,181,131,148,223,75,83,105,55,53,68,94,153,196,131,169,85,114,71,91,85,132,139,79,132,108,112,143,174,128,69,221,145,80,100,71,212,77,225,72,80,98,100,180,252,129,126,114
1618,114,154,76,89,69,74,136,147,73,74,57,126,67,139,87,104,78,123,70,42,118,64,109,67,69,118,80,57,109,113,179,87,78,128,229,131,86,169,97,90,77,424,104,87,91,86,132,150,291,180,131,147,222,75,82,105,53,52,67,93,151,195,131,169,83,114,71,91,85,130,138,77,130,108,111,143,174,128,69,221,143,80,100,71,211,76,223,72,80,98,100,177,252,127,125,114
1619,114,154,76,88,68,74,134,147,71,74,55,125,67,139,86,103,78,123,70,42,118,64,108,67,69,117,80,56,108,112,176,87,78,128,229,130,86,168,97,90,77,422,103,86,90,86,132,149,290,180,131,148,221,75,81,104,53,52,67,93,149,194,131,169,81,113,71,91,84,128,136,77,130,107,110,141,174,126,68,221,142,79,99,70,209,75,221,71,80,97,98,175,251,127,125,114
1620,114,153,76,86,68,73,132,146,71,74,55,126,65,137,86,103,78,122,70,42,117,63,108,67,68,117,79,56,108,110,175,87,78,128,229,130,85,168,97,89,77,420,103,86,90,85,132,147,290,177,129,148,221,75,81,103,53,52,67,92,149,194,130,169,81,112,70,91,83,128,134,76,130,104,109,141,173,126,68,221,139,78,99,70,209,74,220,71,79,97,97,171,250,127,125,114
1621,113,152,76,86,68,71,130,145,70,74,55,125,65,135,85,102,77,122,69,42,117,63,109,67,68,116,79,55,108,110,174,86,78,126,226,129,84,167,97,89,77,420,101,86,89,84,129,145,289,176,129,147,221,75,79,101,52,51,66,91,148,193,130,168,79,110,70,89,80,128,134,74,130,104,109,140,171,125,68,220,139,78,99,70,206,73,219,71,79,96,97,171,249,126,125,114
1622,113,151,76,85,68,71,130,143,70,74,55,123,65,135,85,101,76,122,69,42,117,62,109,66,68,116,79,55,108,110,173,86,78,125,226,128,84,164,97,88,77,418,101,85,89,84,129,145,289,174,128,147,220,75,79,100,52,50,66,91,147,192,130,168,78,108,70,88,80,128,134,73,129,104,107,139,171,123,68,218,136,78,99,69,205,72,217,71,79,94,98,171,246,126,125,113
1623,111,151,76,85,67,71,130,143,69,74,55,122,65,134,85,101,76,121,69,42,117,61,108,64,68,116,79,55,107,110,173,85,78,125,223,128,84,164,93,88,76,417,101,84,88,82,128,144,288,173,127,147,219,74,79,100,52,49,66,91,147,192,130,168,78,107,69,88,80,127,133,74,129,103,106,138,171,123,67,217,135,77,99,69,205,72,216,70,79,94,97,169,245,126,123,113
1624,111,151,76,85,67,71,130,143,68,74,55,120,64,134,85,100,76,120,69,42,117,61,108,63,67,117,79,55,106,109,172,84,77,125,221,127,83,162,93,88,76,418,101,82,86,82,127,144,283,172,127,147,219,73,79,100,51,48,66,90,147,190,130,167,77,106,69,87,80,127,133,74,128,103,106,138,171,123,67,217,136,77,99,69,205,72,216,70,79,94,96,169,245,124,121,113
1625,110,151,76,85,67,70,129,142,67,74,54,120,64,133,85,98,76,120,68,42,117,61,107,63,67,117,79,55,106,107,171,83,72,123,221,127,82,162,93,88,76,417,101,82,86,82,126,143,282,172,127,147,218,73,79,100,51,48,65,89,146,190,130,167,76,106,69,87,80,126,132,74,127,101,105,138,171,122,67,217,134,77,99,69,203,72,216,70,79,94,96,168,242,123,120,113
1626,110,150,76,85,66,69,129,141,67,74,54,118,63,133,85,98,75,120,68,42,113,61,106,62,67,117,79,55,103,106,171,82,72,122,219,126,82,162,92,87,76,418,100,82,86,82,125,142,281,171,126,147,216,72,78,99,51,47,65,89,146,190,129,167,76,106,68,87,80,126,132,74,127,101,104,138,171,121,66,218,133,77,99,69,203,72,215,70,79,93,95,166,242,120,119,111
1627,108,149,75,85,66,69,128,140,67,74,54,116,62,131,84,98,75,121,68,42,112,61,106,62,67,115,79,55,103,104,170,82,72,120,217,125,82,161,90,87,75,414,100,82,86,82,123,140,278,170,126,146,215,72,77,98,50,47,65,88,146,189,128,165,75,106,68,86,80,125,129,73,125,101,103,138,171,119,66,217,131,76,99,68,201,70,213,70,77,92,95,165,240,120,118,110
1628,107,149,75,84,66,69,127,140,66,74,54,116,61,130,84,97,74,121,68,42,111,61,105,62,67,115,79,55,103,103,169,80,71,120,216,123,79,159,90,85,74,410,100,82,86,82,122,137,276,169,125,146,215,72,76,98,50,47,64,88,145,188,128,165,75,105,67,86,80,123,128,73,125,101,103,138,170,119,66,215,131,76,99,68,200,68,212,70,77,92,95,164,239,119,118,110
1629,107,149,75,84,66,68,126,140,66,74,54,115,61,130,84,97,74,119,68,42,109,61,104,61,66,114,77,54,103,101,165,80,71,119,213,122,77,156,90,84,74,408,99,82,86,81,122,135,275,169,125,146,215,71,76,97,50,47,64,88,145,188,128,165,75,105,67,85,80,123,126,72,124,99,103,137,170,119,65,215,131,76,99,68,199,68,209,70,77,91,95,163,237,116,118,110
1630,107,149,74,84,63,68,126,140,66,73,54,114,59,130,84,95,74,117,67,42,108,60,104,60,66,114,76,51,103,100,165,80,71,119,212,120,77,156,89,84,74,403,99,81,86,81,121,133,274,167,125,146,213,71,76,97,50,47,64,87,144,185,128,165,75,105,66,85,80,123,126,72,124,99,101,135,168,120,65,213,128,76,98,68,198,67,209,69,76,90,95,164,231,117,117,110
1631,107,149,74,84,61,67,126,138,66,73,54,113,59,128,84,95,74,115,67,42,108,60,102,60,66,112,75,51,102,99,165,79,70,118,212,119,77,156,89,83,73,401,97,81,86,81,120,133,271,166,125,145,213,71,75,97,50,47,64,87,144,182,127,164,74,105,66,85,80,122,126,72,123,98,101,137,166,118,65,210,128,76,98,68,198,66,208,69,75,88,94,163,230,115,117,109
1632,106,147,73,84,60,67,124,138,66,74,53,113,59,126,84,95,74,115,67,42,108,59,102,60,66,112,75,51,102,99,165,78,69,118,210,119,77,156,89,81,72,399,97,80,86,81,120,130,270,165,124,145,212,71,75,95,50,45,62,87,143,182,126,164,74,105,66,84,80,122,125,71,122,98,101,135,166,118,65,209,128,76,97,66,196,66,207,69,75,86,93,162,228,114,116,108
1633,106,147,73,84,59,66,124,138,65,74,53,110,59,126,84,93,74,115,66,42,107,58,100,60,65,111,74,51,101,98,164,77,69,115,209,119,75,155,89,81,71,398,95,79,85,80,119,129,267,165,123,145,210,71,74,95,49,43,62,86,142,181,126,162,73,105,66,84,80,122,125,71,122,98,100,133,166,117,65,209,126,73,97,66,194,66,207,69,75,86,90,161,227,112,114,108
1634,106,147,73,84,58,65,124,135,65,74,52,110,59,126,84,92,74,114,66,41,107,58,100,60,65,109,74,51,100,97,163,77,69,115,208,119,75,152,89,80,69,398,95,79,85,80,118,129,266,164,122,145,209,70,74,95,49,43,62,83,140,180,126,161,73,105,66,84,78,121,122,71,122,98,100,132,162,116,62,207,126,73,97,66,192,66,207,69,72,86,90,161,225,112,114,108
1635,106,147,71,84,58,65,123,134,64,73,52,109,59,125,83,92,74,113,66,41,106,58,100,59,64,108,74,51,100,96,162,76,69,113,207,118,75,151,89,80,69,398,94,79,84,80,117,128,266,164,121,145,209,70,74,94,48,43,61,83,140,179,124,158,73,105,65,82,78,121,122,71,122,98,99,132,160,113,61,206,125,73,97,66,192,65,207,67,70,84,89,161,223,111,113,107
1636,106,147,71,82,58,65,123,131,64,73,52,109,59,124,83,91,73,113,64,40,106,58,98,59,64,108,74,51,100,95,161,76,69,112,204,117,74,151,89,80,69,393,94,79,84,79,115,127,265,162,120,144,207,70,72,93,48,43,61,82,139,179,124,158,73,105,65,82,77,120,121,71,121,98,99,128,157,111,61,204,124,73,97,66,192,65,205,67,70,84,89,159,221,111,111,106
1637,106,146,71,80,58,65,123,130,64,73,52,107,59,124,83,90,72,112,62,40,104,58,98,58,64,108,74,49,100,95,161,76,69,112,204,116,74,150,89,78,67,391,94,79,82,79,115,127,265,162,120,144,205,70,71,91,47,43,61,82,138,178,123,155,73,105,65,82,76,118,120,70,120,98,99,127,155,110,61,202,123,73,94,66,190,65,204,67,70,82,89,157,221,111,110,106
1638,106,145,69,80,58,65,122,128,64,72,51,106,58,123,83,89,72,111,61,40,104,58,97,58,64,107,74,48,100,94,161,75,69,112,204,115,74,148,88,78,67,392,93,79,82,79,114,125,265,160,120,143,201,70,70,89,47,43,59,82,138,176,122,154,73,104,65,82,75,118,120,67,119,98,98,126,155,110,60,199,122,71,92,66,190,65,203,67,70,82,89,155,220,109,109,104
1639,106,144,68,79,58,65,120,127,64,72,51,104,57,122,83,89,72,111,61,40,104,58,95,58,63,106,72,47,98,94,161,74,69,111,203,115,74,146,88,78,66,388,92,79,82,79,112,124,266,160,119,143,200,70,70,88,47,42,59,82,138,176,122,153,73,102,65,82,75,118,120,67,118,97,98,126,154,108,60,199,122,70,92,66,189,65,202,66,68,82,89,155,219,107,108,102
1640,106,143,68,79,58,65,118,124,64,72,51,103,56,122,82,88,72,110,61,39,102,58,95,57,62,105,71,45,97,93,160,74,68,110,199,114,73,145,87,78,65,388,92,79,82,79,112,124,267,159,119,141,199,70,69,87,47,41,59,82,137,175,121,153,73,102,64,81,75,116,120,67,116,96,98,125,153,107,60,197,122,70,91,66,189,65,200,66,68,81,89,153,217,107,108,100
1641,106,142,68,79,58,63,117,123,64,72,51,102,56,121,82,86,70,109,60,38,102,57,94,57,62,102,70,45,97,92,159,72,68,110,199,113,72,143,86,78,65,388,92,78,81,79,112,123,267,159,117,141,199,70,68,87,47,41,59,81,137,175,121,153,73,102,64,80,74,116,120,67,116,94,98,125,153,106,59,196,121,70,91,66,188,65,199,66,68,81,89,151,217,107,107,100
1642,106,142,68,78,57,62,116,122,64,72,51,102,56,121,82,86,66,109,60,37,101,56,94,57,62,100,69,45,97,92,157,72,68,110,199,113,70,142,86,77,65,390,92,77,80,78,112,123,268,158,117,140,199,69,68,86,47,40,59,81,133,174,121,152,72,102,64,79,74,115,120,65,114,93,98,125,152,106,58,195,120,69,91,66,186,65,195,66,68,81,89,150,217,106,107,100
1643,106,142,68,77,56,62,113,122,64,71,51,101,56,120,81,86,66,109,58,37,101,56,94,57,61,100,69,45,97,90,154,71,68,110,198,111,69,140,86,76,64,388,91,77,80,77,112,123,266,158,117,139,200,69,68,86,47,40,59,80,133,172,121,152,72,100,64,79,74,115,119,65,114,93,98,125,151,106,58,194,118,69,91,66,186,64,194,66,68,80,88,150,215,106,105,100
1644,106,142,68,76,56,62,113,122,63,69,48,100,56,119,81,84,66,109,57,37,99,56,93,57,59,100,69,45,96,90,153,71,67,110,198,111,68,139,86,76,61,388,90,77,78,77,112,122,265,157,117,139,197,68,68,85,47,40,58,80,132,169,120,152,71,99,64,79,74,115,117,65,114,92,97,124,150,105,58,194,118,69,90,66,185,63,192,66,68,80,88,147,213,104,105,100
1645,106,141,67,75,56,62,113,122,62,69,47,100,54,118,80,84,65,109,57,37,97,56,92,56,58,99,69,45,95,89,152,71,65,109,196,110,66,138,86,76,60,388,90,76,77,77,109,120,265,156,114,136,196,67,68,85,47,40,58,78,131,167,119,152,71,97,64,77,73,115,117,65,113,90,95,121,150,104,58,194,116,69,89,66,183,63,191,66,68,79,88,145,213,103,105,99
1646,105,141,66,74,56,61,112,121,60,69,47,98,54,117,79,84,65,108,57,36,97,55,91,56,57,98,69,45,95,89,152,71,65,109,196,110,66,138,85,75,60,386,89,75,76,75,109,119,263,155,114,134,194,66,67,85,47,40,57,78,129,164,119,151,71,97,64,77,73,114,117,65,113,90,94,120,148,104,58,194,115,69,87,66,182,63,189,64,68,79,86,144,213,103,105,98
1647,103,141,66,74,56,61,112,120,60,68,47,98,54,117,79,83,65,108,57,35,97,55,90,56,57,98,69,45,95,89,148,70,65,109,193,109,66,138,85,75,60,386,89,75,76,75,108,119,263,153,112,134,193,66,67,83,47,40,56,77,128,163,116,150,70,94,64,77,73,113,116,64,113,89,94,119,148,104,58,194,115,69,86,66,182,63,188,63,68,79,86,143,211,102,105,97
1648,102,140,66,74,56,60,111,119,60,68,47,98,54,117,79,83,64,107,57,35,96,55,89,56,57,96,68,45,95,89,148,70,65,108,192,109,66,137,85,75,60,383,88,75,74,75,107,118,263,153,111,134,193,66,67,83,47,39,56,77,126,160,115,150,69,93,63,75,72,113,116,64,113,88,94,118,148,104,58,193,114,69,84,66,181,61,187,61,67,78,86,143,207,102,104,96
1649,102,137,66,74,56,59,109,119,59,67,47,98,54,117,79,83,63,106,56,35,95,55,88,56,56,95,68,44,95,89,148,70,64,108,191,108,66,134,84,74,59,383,85,74,74,75,105,117,261,151,111,133,193,66,66,81,45,39,56,76,124,160,115,150,67,93,62,75,71,112,116,63,113,88,93,118,147,104,58,193,113,69,84,66,180,61,185,61,67,76,86,143,207,102,104,94
1650,101,136,66,73,56,59,107,119,59,67,47,97,53,117,79,83,63,105,55,34,94,54,88,56,56,95,68,43,94,88,146,70,63,107,191,108,66,134,84,73,59,383,85,74,73,75,105,117,260,149,110,133,193,66,65,80,45,39,56,76,124,159,115,149,67,93,62,74,71,112,116,61,113,88,93,118,147,105,58,193,113,69,84,64,177,61,184,60,66,76,86,144,207,102,103,94
1651,100,136,66,72,56,58,107,119,59,66,47,97,52,116,79,83,62,104,54,33,93,54,86,56,56,94,68,43,94,88,145,68,62,107,189,107,66,132,84,71,59,380,85,73,73,74,104,117,260,148,110,133,192,66,64,80,45,38,55,76,122,159,115,148,66,92,61,73,71,111,116,61,112,87,93,118,147,105,56,191,113,68,84,64,175,61,182,60,66,75,85,143,206,101,102,93
1652,99,134,66,72,56,58,107,118,59,65,47,97,50,115,76,83,60,103,54,33,92,54,86,56,56,93,68,43,93,88,145,68,61,105,189,107,66,132,84,71,59,380,85,73,73,74,104,117,261,146,110,133,191,66,64,79,45,37,55,74,119,158,113,148,66,92,60,73,71,111,115,61,112,87,92,116,146,105,56,189,113,67,83,64,172,61,182,60,64,75,85,142,206,100,102,92
1653,99,133,66,71,56,58,106,117,59,65,46,95,50,114,75,81,60,103,54,33,90,53,85,55,55,93,66,43,93,88,144,68,61,105,188,107,65,130,83,71,59,382,85,73,73,74,104,117,259,146,109,133,191,66,64,79,44,37,55,74,119,156,113,148,66,92,60,73,71,110,113,60,112,87,90,116,144,105,56,189,112,67,82,64,172,61,182,60,63,75,84,141,203,100,101,92
1654,99,133,65,71,55,58,105,117,58,65,46,95,50,114,75,80,60,103,54,33,89,53,85,55,55,92,65,43,93,88,144,68,61,105,187,107,65,130,83,69,59,381,85,73,73,74,103,117,258,144,109,133,190,66,64,79,42,37,55,74,117,156,112,147,66,92,60,73,71,109,112,60,111,87,89,116,144,103,56,188,112,66,81,64,172,61,180,58,63,75,83,140,203,99,100,89
1655,98,133,65,71,54,57,102,116,57,64,45,94,48,113,75,79,60,103,54,33,87,51,85,54,55,91,64,42,91,87,143,68,61,105,185,104,64,128,83,68,59,379,84,73,73,73,103,115,256,143,108,133,189,66,63,78,42,37,53,72,116,154,112,147,66,90,60,73,71,108,112,60,111,87,88,116,144,103,56,188,112,65,81,64,172,60,180,58,63,75,81,138,202,99,100,89
1656,97,133,64,71,54,57,102,116,57,63,45,94,48,112,75,79,60,103,54,33,87,50,85,53,55,88,64,42,91,87,143,68,60,105,182,103,63,128,81,68,59,376,83,73,73,73,103,115,255,143,108,132,189,65,62,77,42,37,53,72,115,154,111,146,66,90,60,72,69,107,112,60,111,87,88,116,143,103,55,187,112,65,81,64,170,59,180,58,63,75,81,137,200,99,99,89
1657,97,132,63,71,54,57,102,116,57,63,45,95,48,112,75,78,59,103,53,33,85,50,83,53,55,89,63,42,91,87,143,68,59,105,182,102,63,127,81,68,59,376,83,73,73,72,103,115,254,143,108,131,189,65,61,76,42,37,51,72,114,154,109,146,66,89,59,71,69,107,112,60,110,86,88,116,143,103,55,186,112,64,81,63,168,59,180,57,63,74,81,136,198,99,99,89
1658,95,132,63,71,53,57,101,115,57,62,45,95,48,110,75,77,58,103,53,33,84,50,81,53,55,89,63,42,91,86,138,68,59,105,182,102,63,124,80,68,59,375,82,73,73,71,102,114,252,143,108,131,188,64,61,76,42,37,51,72,113,153,107,146,66,88,59,71,69,107,110,60,110,86,88,115,140,102,55,184,111,63,80,63,167,59,180,57,62,73,81,135,197,98,99,88
1659,95,130,63,70,53,57,101,114,57,62,45,94,46,110,75,77,58,102,52,33,83,50,80,53,55,89,62,42,91,85,138,68,59,104,181,102,62,124,80,68,59,374,80,72,73,71,102,113,252,142,107,131,187,62,61,75,42,35,51,70,113,153,107,145,65,88,58,69,68,107,110,60,107,85,87,115,140,101,55,184,111,63,80,63,167,59,179,57,61,72,80,135,195,97,99,86
1660,95,128,63,70,53,57,101,112,56,62,45,94,46,110,75,76,58,102,52,33,83,50,80,53,55,88,62,41,91,83,138,66,58,104,181,102,62,124,80,68,59,374,80,72,72,70,102,112,252,142,107,130,186,62,61,74,41,35,50,70,113,153,107,145,65,87,55,69,68,106,110,60,107,84,87,114,139,100,55,183,111,63,80,62,167,59,179,57,61,71,80,134,193,97,99,86
1661,94,128,63,70,52,57,100,110,56,62,45,94,46,110,75,75,57,102,52,33,83,50,79,53,55,88,62,41,90,82,136,65,58,105,182,102,62,123,79,68,59,374,80,71,72,70,101,112,249,141,107,130,184,61,61,73,41,35,50,70,113,153,107,145,65,86,55,69,68,104,110,60,106,84,87,113,138,100,54,183,110,63,80,61,165,59,177,57,61,71,79,133,193,94,99,86
1662,93,126,62,70,52,55,100,110,55,62,45,92,46,109,75,74,57,102,52,33,83,50,79,52,53,88,62,41,90,82,136,65,58,105,180,102,61,121,78,67,59,370,80,69,72,70,99,110,247,140,107,129,183,60,61,73,40,35,50,70,113,153,106,145,63,86,55,69,68,103,109,60,105,83,85,112,137,100,53,181,110,62,79,61,164,59,176,57,61,71,78,133,192,94,98,86
1663,93,126,62,70,52,54,98,110,55,62,45,91,46,108,74,74,57,102,52,33,83,50,78,52,53,88,62,41,89,81,134,64,57,105,180,102,60,116,77,67,59,370,80,68,72,69,98,110,245,139,106,128,181,60,61,73,40,35,50,70,113,150,106,143,63,86,55,69,68,103,109,60,105,82,85,112,137,99,53,180,109,61,78,59,161,59,176,57,60,71,77,132,190,92,98,84
1664,93,125,62,71,52,54,98,108,55,62,44,91,46,108,74,74,57,101,51,33,83,50,78,52,52,86,60,41,89,81,130,64,57,104,180,101,60,116,76,67,58,368,80,66,72,66,97,109,244,139,105,124,181,60,60,73,40,35,50,70,113,150,106,142,63,86,54,69,68,103,108,60,105,80,85,112,137,99,51,179,108,61,76,57,160,59,176,57,59,71,77,131,187,92,98,84
1665,93,122,62,71,52,54,97,108,55,61,43,90,46,108,74,73,57,100,51,33,82,50,78,52,51,85,60,41,89,81,130,62,56,104,178,101,59,116,76,65,58,368,79,66,72,66,96,109,242,139,105,123,180,60,60,73,40,35,50,70,113,149,106,141,62,86,53,67,68,101,107,58,104,79,85,111,137,99,51,178,108,61,75,57,159,59,175,57,59,71,78,130,187,92,98,84
1666,93,120,62,71,51,53,97,107,55,60,42,90,46,107,74,73,56,100,50,33,82,49,77,52,51,84,60,39,89,80,129,62,56,104,177,101,58,114,75,65,58,368,79,66,72,66,94,108,238,138,105,123,180,60,60,73,40,34,50,69,113,148,105,140,62,86,51,67,68,101,107,58,104,79,85,110,137,99,51,177,108,61,74,56,159,58,174,55,59,71,78,129,186,92,98,84
1667,93,120,61,71,51,53,97,106,55,60,42,90,46,106,74,73,56,99,50,33,82,49,77,52,51,84,60,39,88,79,128,60,53,101,177,101,58,112,73,64,58,367,78,66,72,66,94,108,237,134,105,123,180,60,59,73,39,34,50,68,113,147,105,139,62,86,51,67,67,100,107,56,104,78,84,110,137,99,51,176,108,60,74,56,160,58,173,55,58,71,77,128,186,90,98,84
1668,93,118,60,71,51,53,97,105,55,60,42,90,46,105,74,73,56,99,50,33,82,48,77,51,51,83,60,39,88,79,128,60,53,101,175,101,58,112,72,63,58,364,78,66,72,65,94,108,235,134,104,122,180,60,57,72,37,34,50,67,113,147,104,138,62,85,51,66,67,100,107,56,104,78,84,108,136,98,52,177,108,60,73,56,159,58,169,55,58,71,77,127,186,90,97,84
1669,91,118,60,71,51,53,97,104,55,59,42,89,46,103,74,72,55,99,50,33,81,47,76,51,51,80,60,39,88,79,127,60,53,101,174,100,58,112,72,63,58,364,78,65,72,64,93,108,234,133,104,121,179,59,56,71,37,34,50,67,113,146,104,138,62,85,51,66,67,100,106,56,104,78,84,107,136,97,52,176,108,60,71,55,158,56,166,54,57,70,77,126,185,90,95,84
1670,90,117,60,70,50,53,97,104,54,59,42,89,45,103,74,71,54,98,49,33,80,47,75,50,51,79,59,38,88,79,127,59,52,100,174,100,58,111,72,63,58,363,77,65,71,62,92,107,230,132,103,119,178,59,55,71,37,34,50,67,113,146,104,137,61,84,50,66,66,98,105,56,105,78,84,106,135,97,51,174,108,60,70,54,156,56,165,54,57,69,76,126,184,90,95,83
1671,90,117,58,70,50,53,96,104,54,59,42,89,45,103,74,71,54,96,49,33,80,46,74,50,51,79,59,38,87,79,126,59,52,100,172,100,58,110,69,61,58,362,76,65,71,62,91,107,227,131,103,117,177,59,55,71,37,33,48,67,113,145,104,135,61,83,50,66,65,97,103,56,105,77,83,106,135,97,50,170,108,59,69,54,155,56,164,53,57,68,76,126,184,90,95,83
1672,89,116,58,69,50,52,96,103,53,59,42,88,45,103,73,71,54,96,48,33,79,46,74,50,51,78,59,38,86,78,126,59,52,99,170,100,57,110,69,61,58,361,76,65,70,61,91,107,227,130,103,116,177,59,55,71,37,33,48,67,113,143,102,131,61,83,50,66,65,96,103,56,105,77,83,106,135,97,50,169,108,59,69,54,155,56,163,53,57,67,76,125,182,90,93,82
1673,89,115,58,69,50,52,96,102,51,59,42,88,44,103,73,71,53,95,48,33,78,45,74,50,51,77,59,38,86,76,125,58,52,98,169,100,57,108,68,61,58,360,76,65,69,60,91,107,226,130,103,115,175,58,55,71,36,33,48,67,113,138,101,131,61,83,50,66,65,96,103,55,104,75,82,104,132,97,50,167,108,59,67,54,155,56,163,53,57,67,74,125,182,90,92,81
1674,89,114,57,68,50,52,96,101,51,59,42,88,44,101,73,71,53,93,47,33,77,45,74,49,51,76,59,38,86,76,125,58,52,96,168,100,57,108,68,61,58,359,75,65,69,60,90,106,226,130,102,114,174,58,55,71,35,33,48,66,112,138,100,131,61,83,50,66,65,95,102,55,103,75,78,104,131,97,49,165,106,59,66,53,154,54,163,53,56,67,74,124,183,89,92,81
1675,88,114,57,67,50,51,96,99,51,59,42,87,44,101,71,70,52,93,45,33,77,45,74,49,51,76,59,38,85,76,123,58,52,96,167,99,57,107,67,61,57,359,75,65,69,60,89,105,223,130,102,114,171,58,55,71,35,33,48,66,111,138,99,131,61,83,49,66,65,95,100,55,103,74,78,103,130,97,49,164,106,58,66,53,151,54,163,53,55,67,73,123,182,88,92,81
1676,88,115,57,67,50,51,96,98,51,59,42,87,44,99,71,70,51,93,44,33,76,43,74,48,50,76,58,38,84,75,122,58,49,96,167,98,57,107,67,60,57,358,75,64,69,59,88,105,222,129,101,112,170,58,53,71,35,32,48,66,110,136,98,131,59,82,49,66,64,95,99,55,102,74,77,103,130,97,49,164,106,58,66,53,151,53,162,53,55,67,73,122,181,87,90,81
1677,87,113,57,67,50,50,96,97,51,58,42,87,43,99,70,69,51,93,44,33,76,43,73,48,50,76,58,38,82,74,122,58,49,95,167,98,57,107,66,60,55,358,75,64,69,59,87,105,222,127,100,112,169,58,52,70,35,32,48,66,107,135,98,131,58,82,49,65,63,94,99,55,101,73,76,103,130,96,48,164,106,57,66,53,151,52,162,53,55,67,73,122,181,87,90,81
1678,86,113,56,65,50,50,95,97,50,58,41,87,43,98,70,68,51,92,44,33,76,43,73,48,50,76,58,37,81,74,121,58,49,95,166,98,57,107,65,60,54,357,75,64,69,59,87,104,221,127,99,111,167,58,52,69,35,32,47,65,105,132,98,129,57,81,49,64,63,94,99,55,101,73,76,103,129,94,48,164,106,57,66,53,151,52,162,53,55,66,71,121,181,87,90,81
1679,84,112,55,65,50,50,94,97,50,57,40,86,43,97,69,67,51,90,43,33,76,43,73,48,50,76,57,37,81,73,120,58,47,94,164,97,57,107,64,60,54,353,74,63,69,58,85,104,220,125,99,110,164,58,52,68,34,32,47,65,105,131,97,128,57,81,48,63,63,94,99,54,99,72,76,103,129,94,48,164,106,56,66,53,151,51,158,53,53,65,71,120,179,87,89,81
1680,83,112,55,65,50,50,92,96,49,56,39,86,43,96,69,67,51,89,43,33,75,43,71,48,50,76,57,37,80,72,119,58,47,94,164,97,56,106,64,60,53,353,74,62,69,58,84,104,218,125,97,109,162,57,52,66,34,32,46,65,105,130,95,128,55,81,47,63,63,94,97,54,98,72,76,100,127,93,47,161,105,56,66,53,151,51,157,53,52,65,71,120,177,86,89,81
1681,83,111,54,65,49,50,92,95,49,56,39,86,43,96,68,67,51,88,43,33,74,43,71,47,50,76,55,37,80,72,118,58,47,94,163,97,56,106,64,59,51,352,71,62,69,58,83,104,217,124,97,108,161,57,51,65,34,31,45,65,105,126,95,128,55,81,47,63,63,93,97,54,98,72,76,100,127,93,47,160,104,56,66,52,151,50,156,52,52,65,71,120,176,86,89,81
1682,82,110,54,64,49,50,92,94,49,55,38,86,43,96,68,66,50,88,43,33,74,43,71,47,50,76,55,36,80,72,118,58,46,93,163,95,56,106,64,59,50,351,69,62,67,58,84,104,215,123,97,108,160,57,51,64,34,30,45,65,104,125,94,128,54,81,47,63,63,93,96,54,97,72,75,98,126,92,47,159,104,56,66,52,151,50,155,52,52,64,71,120,176,84,89,81
1683,82,108,54,64,49,50,92,94,49,55,37,86,43,95,68,66,50,88,43,33,74,43,69,47,49,75,55,35,80,72,116,57,46,91,163,95,56,105,63,59,50,349,69,62,67,58,83,104,214,122,97,107,160,55,51,64,34,29,45,65,104,125,94,127,53,81,47,63,63,91,95,54,97,72,75,98,126,92,46,158,103,56,65,52,151,50,154,51,52,63,71,120,175,84,89,80
1684,82,106,54,63,48,50,92,94,49,55,36,85,43,95,67,66,50,88,43,32,73,43,68,47,49,75,54,34,80,72,116,57,46,91,163,94,55,104,62,59,49,347,69,62,66,58,83,104,213,122,97,107,159,55,51,63,34,29,44,65,104,125,94,126,53,81,47,63,62,89,93,54,96,71,74,96,124,92,46,156,103,56,65,52,150,50,154,50,52,62,71,120,173,84,89,80
1685,82,106,52,63,45,50,92,93,49,55,36,84,43,95,67,66,50,88,43,32,73,43,68,47,48,75,54,34,80,72,116,57,46,89,161,93,54,104,62,58,49,345,68,62,65,58,83,103,213,120,96,107,156,55,50,62,34,29,44,65,104,125,94,125,53,81,47,63,61,88,93,54,96,71,74,96,124,92,46,156,102,55,65,52,150,50,153,50,52,61,71,120,170,83,89,80
1686,81,103,51,63,45,50,91,93,49,55,36,84,43,95,67,66,50,87,43,32,73,43,68,47,47,75,53,34,79,72,116,55,44,89,160,93,54,103,61,58,49,341,68,62,65,58,83,103,212,120,95,104,156,55,50,62,34,29,44,65,103,124,94,125,53,80,47,63,60,88,93,54,96,71,74,95,124,92,46,156,100,55,64,52,149,50,153,50,52,61,71,120,170,83,88,80
1687,81,102,51,63,45,50,89,93,49,55,36,84,43,95,67,65,50,85,43,32,72,43,68,47,47,75,53,34,79,72,114,53,44,89,160,93,54,103,59,58,49,339,68,60,65,57,83,102,210,118,95,104,156,55,49,62,34,29,42,65,102,123,93,125,53,80,47,62,60,88,93,53,95,71,74,95,124,91,44,155,99,55,64,50,147,50,152,49,51,60,71,120,168,83,89,80
1688,81,100,50,62,45,50,88,93,49,54,36,84,43,94,67,65,50,85,43,32,72,43,67,47,46,74,53,34,78,72,114,53,44,88,160,93,53,101,58,58,49,338,68,60,64,57,81,102,210,118,93,103,156,55,49,62,34,28,42,65,102,123,91,125,53,80,47,62,60,88,92,52,94,69,73,94,124,90,42,154,99,55,64,49,146,49,151,49,51,60,71,119,168,81,89,79
1689,80,99,50,62,45,50,86,92,49,54,36,84,43,94,66,64,50,84,43,32,71,43,67,45,46,74,53,34,78,70,113,52,44,88,160,93,52,98,58,58,49,337,68,59,64,57,81,101,210,118,92,103,155,55,49,62,34,28,41,65,102,122,88,124,53,80,47,61,60,86,91,52,94,69,73,94,124,90,42,152,98,55,64,48,145,49,149,48,51,60,71,119,168,81,89,79
1690,80,99,50,61,45,50,85,92,49,54,36,82,43,93,66,63,50,84,43,31,71,43,65,45,46,74,53,34,78,70,112,51,44,88,159,93,52,98,58,58,47,335,68,59,63,57,81,100,207,118,91,102,155,54,49,61,34,28,40,65,101,121,88,123,53,80,44,61,59,85,91,52,93,69,73,94,123,88,42,150,98,54,64,47,145,49,148,48,51,60,71,119,169,80,88,77
1691,80,98,50,60,45,50,84,91,49,54,36,82,43,90,65,63,49,83,43,31,71,43,65,45,46,74,53,34,78,70,112,51,44,88,159,92,52,97,58,58,47,333,68,59,63,57,80,99,206,117,90,102,155,54,49,61,34,28,40,65,100,120,87,123,53,80,43,61,58,85,90,52,91,69,73,93,122,88,42,151,98,54,64,44,144,49,147,48,51,60,71,119,169,79,88,77
1692,80,98,50,59,44,50,83,91,47,53,36,81,42,90,65,62,48,83,42,31,71,43,64,45,46,74,53,33,78,70,109,50,43,88,160,92,51,96,56,58,47,332,68,59,63,57,80,98,206,117,89,102,154,53,49,61,34,28,40,65,97,119,87,123,52,80,42,61,58,84,90,52,91,69,73,92,122,88,42,151,98,54,64,44,144,49,146,47,51,59,71,119,169,79,87,76
1693,80,98,48,58,44,50,83,91,46,53,36,81,42,90,65,62,48,83,41,31,69,43,63,45,46,73,53,33,78,69,107,50,42,87,159,91,50,95,56,58,47,331,68,58,63,56,79,98,204,117,87,100,152,53,49,59,34,27,40,64,97,119,86,122,52,78,41,60,58,84,90,52,90,68,73,92,122,88,42,149,98,53,64,44,144,49,146,47,51,59,69,119,169,79,87,76
1694,80,98,48,58,44,50,82,90,46,53,36,80,42,90,65,61,48,83,41,31,68,43,62,45,46,73,53,33,76,69,106,50,42,87,160,91,50,94,56,57,47,329,65,57,63,55,79,98,203,116,87,100,151,53,49,59,34,27,39,63,97,120,85,121,51,78,40,60,58,83,90,51,89,67,71,90,121,87,42,149,97,53,64,44,144,49,146,46,51,59,69,120,167,79,87,76
1695,80,97,48,58,44,50,82,90,46,53,36,80,42,87,65,60,48,83,41,30,68,43,62,45,46,73,53,33,76,69,105,50,42,86,160,90,50,93,56,54,47,326,65,57,63,54,78,95,200,116,86,100,151,53,49,58,34,27,39,62,94,120,84,120,51,76,40,60,57,83,90,51,87,65,71,90,121,87,40,149,97,53,64,44,143,49,146,46,51,59,67,119,165,78,86,75
1696,79,96,48,58,44,50,79,88,45,52,36,79,42,87,65,59,48,83,41,30,68,42,62,45,46,73,52,33,76,69,104,50,42,85,160,90,49,93,56,54,46,325,65,57,63,53,78,95,197,116,86,99,151,53,48,58,34,27,39,62,93,119,84,120,49,76,39,60,57,83,89,51,85,65,69,88,120,87,40,149,97,52,63,44,143,49,145,45,50,59,67,119,164,77,86,75
1697,78,96,47,58,44,50,78,86,45,52,35,79,42,85,65,59,48,82,41,30,68,41,61,45,46,72,52,33,76,67,104,49,42,85,160,90,49,90,55,54,46,325,65,57,63,53,77,95,196,114,86,98,147,52,48,58,34,27,39,62,93,117,83,120,48,76,39,60,57,83,89,51,85,65,68,88,119,87,39,148,97,50,62,43,141,49,145,45,50,58,66,118,164,77,86,75
1698,77,96,47,58,44,50,78,86,45,52,35,78,42,85,63,58,48,81,40,30,68,41,61,45,46,72,52,33,75,67,103,48,42,85,158,90,49,90,54,54,46,324,64,57,63,53,77,95,196,114,86,99,147,51,48,57,34,27,39,62,92,117,82,119,48,76,39,59,57,82,89,51,85,65,68,86,115,87,38,148,96,49,61,42,140,47,143,45,50,58,65,118,164,77,86,75
1699,77,96,47,58,43,48,78,85,43,51,35,78,42,84,63,57,48,81,40,30,67,40,61,45,46,71,50,33,75,67,102,47,41,84,158,90,49,89,53,53,46,324,64,56,63,53,77,92,195,113,86,99,146,50,48,57,34,27,39,62,90,116,82,119,47,75,39,59,56,82,88,51,84,63,66,85,115,87,38,148,96,48,61,41,139,47,142,45,49,58,65,117,164,77,86,74
1700,77,95,46,58,43,48,78,85,43,51,35,76,42,84,62,56,48,81,40,30,66,40,61,45,46,70,50,33,74,66,102,47,41,82,158,90,48,88,53,53,45,321,64,56,62,53,77,92,192,113,86,98,145,50,48,57,34,26,39,61,89,116,82,118,47,75,39,59,55,81,88,51,84,63,64,85,114,87,38,148,93,48,61,41,139,47,140,45,49,58,65,117,164,76,85,74
1701,77,95,46,58,43,46,77,85,42,51,35,76,41,84,62,55,48,81,40,30,66,40,61,45,46,69,50,32,74,63,102,47,40,80,157,89,48,87,51,53,44,321,63,56,61,52,75,92,191,113,86,98,144,48,48,57,34,26,39,60,89,116,81,118,47,74,39,59,54,79,85,51,84,62,63,83,114,87,37,148,92,48,61,41,139,47,139,44,48,58,64,116,163,76,84,74
1702,77,95,46,58,43,46,76,84,42,51,35,76,41,84,58,55,48,81,40,30,66,40,60,45,46,68,50,32,73,62,99,47,39,80,156,89,48,87,51,52,44,321,61,54,61,52,74,92,191,113,85,98,143,48,46,56,34,26,38,60,89,116,80,116,47,74,39,57,53,78,84,50,83,62,63,83,113,87,36,146,92,48,61,41,138,46,139,44,48,58,64,116,163,75,84,73
1703,77,95,46,58,42,46,76,82,42,51,35,76,40,84,58,55,48,81,39,30,66,40,60,45,46,67,50,32,73,61,99,47,39,80,156,87,48,86,50,51,44,320,60,54,61,52,74,92,191,112,85,98,142,48,46,56,34,26,38,60,89,116,80,116,47,74,38,57,52,77,83,50,82,61,63,82,112,86,36,146,92,48,61,41,138,46,138,44,48,58,64,115,163,74,84,73
1704,77,94,44,58,42,46,76,82,42,51,34,76,39,84,58,54,48,80,38,30,66,40,60,45,46,67,50,32,73,61,99,47,39,80,155,87,47,86,50,50,44,320,59,54,60,52,73,92,190,112,85,97,142,47,46,56,33,26,37,60,89,116,78,115,47,72,38,57,52,76,83,49,80,60,63,81,111,86,36,145,92,47,59,41,138,46,138,44,48,58,63,115,164,74,83,72
1705,77,94,44,58,42,46,76,81,42,51,34,76,38,84,57,54,48,79,38,30,66,40,60,45,46,66,50,32,73,61,99,47,39,80,155,87,46,86,50,49,44,319,59,54,59,52,74,91,190,112,83,96,142,46,46,56,33,26,36,59,88,115,77,115,46,72,38,57,51,76,82,48,80,60,62,80,110,86,36,145,91,47,59,40,138,46,138,44,48,57,63,113,164,71,83,71
1706,77,93,44,57,42,46,76,80,42,51,34,76,38,83,57,53,48,78,37,30,66,39,60,44,45,66,50,30,73,61,97,46,39,80,154,87,45,84,48,49,44,318,58,54,59,52,73,91,189,112,80,96,141,46,46,54,33,26,36,57,88,115,77,114,46,72,37,56,50,76,81,48,80,59,62,80,108,85,36,144,90,47,59,40,137,45,138,44,48,56,62,113,164,71,83,71
1707,76,93,44,57,41,45,76,80,42,51,34,76,38,83,56,53,47,77,36,30,66,39,59,43,45,66,50,30,70,60,96,46,39,79,153,86,45,83,48,49,44,317,58,53,58,51,73,90,189,112,79,93,141,46,46,54,33,26,36,56,87,115,77,113,46,72,37,56,50,76,80,48,79,57,62,80,108,85,35,143,90,47,59,40,135,44,136,44,48,56,62,112,163,71,80,70
1708,76,93,44,57,41,45,75,80,42,51,33,76,38,83,55,52,47,77,36,30,65,39,59,43,45,65,50,30,70,60,96,46,39,78,152,86,44,82,48,49,43,313,57,53,57,50,72,90,189,111,79,91,141,46,46,54,33,25,35,56,87,115,75,112,46,72,37,55,50,76,80,48,78,57,62,80,108,85,35,143,89,46,59,39,133,44,135,44,48,56,62,112,163,71,80,69
1709,77,93,44,57,40,45,75,80,42,50,32,76,37,83,55,52,47,77,36,30,65,39,58,42,44,64,48,30,70,60,96,45,39,77,151,86,43,79,47,49,42,312,55,53,57,50,72,90,187,111,77,91,141,45,46,52,31,25,34,56,87,115,75,109,46,72,37,54,49,76,80,48,78,56,62,80,108,85,34,143,88,46,57,39,132,44,135,44,48,56,62,112,162,70,80,69
1710,76,92,44,56,40,45,74,80,42,50,32,76,36,83,53,51,47,77,36,30,65,39,58,41,44,63,48,30,70,58,95,45,37,77,151,86,43,79,46,49,42,309,55,53,56,50,72,90,186,111,77,91,140,45,46,52,31,25,34,56,87,114,73,109,46,71,37,53,49,75,79,47,78,55,62,79,106,85,34,143,87,46,57,39,132,42,134,44,48,56,61,110,160,69,80,69
1711,75,92,44,55,40,45,74,80,42,50,32,76,34,82,53,51,47,76,36,29,65,39,58,40,44,63,48,29,70,57,94,45,37,77,151,86,43,78,46,49,42,309,55,53,55,50,72,90,187,108,77,90,140,44,46,52,31,24,33,55,86,112,72,109,46,70,37,53,49,76,77,46,76,55,61,79,104,84,34,142,87,46,56,39,131,42,134,44,48,55,59,110,160,67,80,69
1712,74,92,44,54,40,45,73,80,42,50,32,76,34,81,52,50,47,76,36,29,65,39,58,40,43,63,47,29,70,57,94,44,36,77,151,86,43,77,46,49,42,306,54,52,54,49,72,90,185,108,77,89,139,44,46,51,31,23,33,52,85,111,72,109,46,69,37,53,48,76,76,46,74,55,61,77,104,84,34,141,85,46,56,38,130,42,134,44,48,55,59,109,160,67,80,68
1713,74,91,43,54,40,45,73,80,42,49,32,76,33,80,52,49,47,75,36,29,65,39,58,40,43,63,46,28,70,57,94,44,36,76,149,86,43,77,46,49,42,305,53,51,54,49,72,90,183,107,77,89,139,44,46,49,31,23,33,52,84,111,70,109,46,69,37,53,47,76,75,46,74,53,61,77,104,84,34,139,83,46,56,38,129,42,132,44,48,55,59,110,160,67,80,67
1714,73,91,43,54,40,45,73,80,42,49,32,76,33,80,52,49,47,75,35,28,64,39,58,39,43,63,46,28,70,57,94,44,35,76,147,86,41,77,45,49,42,305,53,51,54,48,72,88,183,107,77,89,139,44,46,49,31,23,33,52,83,110,70,108,45,69,37,53,45,75,74,45,74,53,61,77,104,84,33,139,82,46,56,38,128,42,131,44,48,55,59,110,160,66,80,67
1715,72,90,42,54,40,45,73,80,42,48,32,75,33,80,52,49,47,75,35,28,63,39,58,39,43,62,45,28,70,57,94,44,35,76,147,86,41,77,45,49,42,305,53,50,54,48,72,88,181,105,76,89,138,44,46,49,30,23,33,52,82,110,70,107,45,67,37,53,45,74,73,45,74,53,59,75,103,84,33,138,82,46,56,37,127,41,131,44,47,55,58,110,161,66,80,67
1716,72,90,42,54,39,44,72,80,42,48,32,75,32,80,52,49,47,75,35,28,63,39,58,39,43,62,44,28,69,57,94,44,35,75,147,86,41,75,45,48,42,304,53,50,54,48,72,88,179,105,75,89,137,44,46,49,30,23,33,52,81,110,70,107,45,65,37,52,45,73,72,45,74,53,58,74,102,83,33,138,82,46,55,37,127,40,128,44,47,55,58,109,159,64,81,66
1717,72,91,42,53,38,44,71,79,42,47,32,74,32,80,52,49,46,74,35,26,63,39,58,39,43,61,44,27,69,56,89,44,34,75,146,84,41,75,45,47,42,303,52,50,53,48,72,88,178,105,75,89,137,44,46,49,30,23,33,52,81,110,70,106,45,62,37,52,44,73,70,45,74,52,58,74,99,82,33,137,80,46,55,37,127,40,128,44,47,55,58,109,159,63,81,65
1718,70,91,42,53,38,44,71,79,42,47,31,73,32,80,52,50,46,73,35,26,61,39,58,39,43,61,44,27,69,56,88,44,34,74,145,83,40,75,44,46,42,302,51,50,51,48,71,88,178,104,75,89,137,44,44,49,30,23,33,52,81,110,70,104,45,61,37,52,43,73,70,44,74,52,58,74,97,82,33,136,79,46,55,37,127,40,128,44,46,54,58,106,159,63,81,64
1719,70,91,42,53,38,44,71,79,42,47,31,73,31,80,52,49,46,72,35,26,61,39,58,38,43,61,42,26,69,56,88,43,34,72,144,83,40,75,43,45,42,301,51,49,51,48,70,86,178,104,74,89,137,43,44,47,30,22,31,52,81,109,70,103,45,61,37,52,43,73,70,44,74,52,58,74,96,82,33,136,79,46,55,37,127,40,128,44,46,54,58,106,159,63,81,64
1720,70,91,42,53,38,44,71,79,41,47,29,73,31,80,51,49,46,71,35,26,61,39,58,38,43,60,42,26,69,56,88,43,34,72,143,83,40,75,42,44,42,299,49,49,51,48,70,86,176,104,74,88,137,43,43,46,30,22,31,52,80,109,69,103,45,61,36,52,43,72,69,44,74,51,58,74,96,82,33,135,79,45,55,37,126,40,127,44,45,54,58,106,158,63,81,64
1721,69,91,41,52,37,44,71,75,41,47,29,73,31,79,51,49,45,69,35,25,61,37,58,37,43,60,42,26,69,56,88,43,34,71,144,82,40,74,42,44,41,298,49,48,50,48,70,86,176,104,74,88,137,43,42,46,28,22,31,52,79,109,69,103,45,61,36,52,43,71,69,44,74,49,58,74,96,81,32,135,79,45,55,37,124,40,126,44,44,54,58,106,156,63,81,64
1722,69,91,41,52,37,43,69,74,41,47,29,73,31,78,51,49,45,69,35,25,61,37,58,37,43,59,42,26,69,56,88,41,34,71,141,81,40,74,42,43,40,297,49,49,50,48,70,86,173,104,73,88,136,43,42,46,28,22,31,52,79,109,67,102,44,61,36,51,43,71,69,44,73,49,58,74,95,81,32,134,79,45,55,37,123,40,126,44,43,54,58,106,156,63,81,62
1723,69,90,41,52,36,43,68,74,41,47,29,72,30,78,51,49,45,69,35,25,61,37,58,37,43,59,42,26,69,56,88,41,34,70,141,79,40,74,41,42,40,296,49,48,50,48,70,86,173,103,73,88,134,43,42,46,28,22,31,52,79,109,67,101,43,60,36,50,43,71,68,44,73,49,58,74,95,81,32,133,79,44,54,37,120,40,126,43,42,54,57,104,155,63,79,61
1724,68,90,41,51,36,43,67,74,41,47,29,72,29,78,50,49,45,69,35,25,61,36,58,37,43,59,41,26,69,56,86,41,34,70,140,79,40,73,40,42,40,294,49,47,50,48,70,86,171,102,73,85,133,43,42,46,28,22,31,52,79,109,67,101,43,60,36,50,43,70,68,42,73,49,58,74,94,79,31,132,80,43,54,37,120,39,124,43,42,53,57,104,155,63,78,60
1725,67,90,41,51,36,43,65,73,41,47,29,72,29,78,50,49,45,68,35,25,61,36,58,36,43,57,41,26,67,56,86,41,34,70,140,77,39,73,40,41,39,294,49,47,50,48,69,84,169,102,73,82,131,43,42,46,28,22,31,52,79,109,67,100,42,60,36,50,43,70,68,41,73,49,58,73,94,79,31,132,80,43,54,37,120,38,124,43,41,52,57,104,150,63,78,60
1726,67,89,41,51,36,43,65,73,41,47,29,70,29,78,49,49,45,68,35,24,60,36,58,36,43,57,41,25,65,56,86,41,34,70,139,77,39,73,40,41,38,291,49,47,50,47,69,84,166,102,72,82,130,43,41,46,28,22,31,51,79,108,65,100,42,59,36,49,43,70,68,41,72,49,58,73,93,79,31,132,80,43,53,37,119,37,123,42,41,52,57,104,150,63,78,60
1727,67,89,41,51,36,43,65,73,41,47,29,70,29,77,49,48,43,67,34,24,60,36,58,36,43,57,41,25,65,56,85,40,34,70,139,76,39,73,40,41,38,290,49,47,50,47,67,84,166,101,72,82,130,43,41,46,28,21,31,51,78,108,65,100,42,58,36,49,43,70,68,41,71,48,57,72,93,79,31,131,80,42,53,37,119,37,121,42,41,52,57,104,150,63,77,60
1728,67,88,40,51,36,43,64,71,41,46,29,70,29,77,49,47,43,67,34,24,60,36,58,36,43,57,41,25,64,56,84,40,33,69,139,76,39,72,40,41,38,288,49,47,50,47,67,83,166,101,72,82,128,43,41,46,28,21,30,51,77,107,65,99,42,58,36,48,42,70,68,41,70,48,57,72,92,79,31,132,80,41,52,37,118,38,121,42,41,52,57,104,149,62,76,59
1729,67,88,40,50,36,43,62,70,41,44,29,68,29,76,49,47,43,67,33,24,60,36,58,36,43,57,41,25,63,56,84,40,33,69,137,76,38,72,40,39,38,286,49,46,50,47,66,83,166,101,72,82,128,42,40,46,28,21,29,51,76,107,65,99,41,56,36,47,41,69,68,41,69,48,57,71,92,79,30,132,77,40,52,37,117,38,120,42,41,52,57,102,149,62,75,58
1730,67,88,40,50,36,41,62,70,41,43,29,67,29,76,49,46,43,66,33,24,60,36,58,36,43,57,41,25,63,56,84,39,33,69,137,76,38,72,40,39,35,286,49,46,49,46,66,82,165,99,72,82,127,41,40,46,28,21,29,50,75,107,65,99,40,54,36,47,40,69,68,41,67,48,57,71,92,79,30,131,75,39,52,37,116,38,120,42,41,51,57,101,150,62,75,58
1731,66,87,40,50,35,40,62,69,41,43,29,67,29,75,49,45,43,65,33,23,58,36,57,36,43,57,40,25,62,56,83,38,33,68,137,75,38,72,40,39,35,285,48,46,49,46,66,81,165,97,71,82,127,41,40,46,28,21,28,50,75,107,64,99,40,54,36,47,39,69,67,41,67,48,56,70,90,79,29,131,75,38,52,36,116,38,119,42,39,51,57,101,149,61,75,58
1732,66,86,40,50,35,40,62,69,40,43,29,67,29,74,49,45,43,64,33,23,58,36,57,36,43,57,40,25,62,55,83,38,33,68,137,75,38,71,40,39,35,284,47,46,49,46,65,81,164,96,69,82,125,41,39,46,28,21,28,50,75,107,63,98,40,54,36,47,39,69,67,41,66,48,56,70,89,78,29,130,73,37,51,36,115,38,118,42,39,50,57,101,149,61,74,58
1733,65,86,40,50,35,40,62,69,40,43,29,67,29,74,49,44,42,64,33,23,57,36,53,36,43,57,40,25,62,55,83,38,33,68,136,75,37,70,40,38,35,284,47,46,48,46,65,81,163,96,68,81,124,40,38,46,28,20,26,50,74,106,63,96,40,52,35,47,39,69,67,41,66,48,56,70,89,78,29,130,72,37,51,36,114,38,117,42,39,50,57,99,149,60,73,58
1734,64,86,40,49,35,39,62,68,40,43,29,67,29,74,48,44,41,62,32,23,57,36,53,35,42,57,40,24,61,54,83,38,33,67,136,74,37,71,39,38,34,284,46,46,48,46,65,81,163,94,67,81,123,40,38,46,28,20,26,50,73,106,63,96,40,51,35,47,39,69,67,41,66,48,56,70,87,78,29,130,72,37,51,36,114,38,117,42,39,50,57,97,147,58,73,58
1735,64,86,40,48,34,39,61,67,40,43,29,67,29,73,48,43,41,62,32,23,57,36,53,35,42,57,40,24,60,54,83,38,33,67,136,74,37,71,39,38,34,283,46,46,47,46,65,81,163,93,67,81,123,40,37,46,28,20,26,50,73,103,63,96,40,51,35,47,39,69,67,41,66,48,56,70,87,77,29,128,72,37,51,36,112,38,115,42,39,50,56,97,146,58,73,58
1736,64,85,40,47,33,39,60,67,40,43,29,66,29,73,48,43,41,62,32,23,56,36,52,35,42,57,39,24,60,53,82,37,32,67,136,74,37,70,39,38,34,283,46,46,47,46,65,80,161,93,67,80,123,40,37,44,28,20,26,49,73,103,63,96,40,49,35,45,39,68,67,41,66,48,56,70,87,76,29,128,72,37,49,36,113,38,115,41,39,49,56,97,145,58,73,58
1737,64,84,40,46,33,39,60,67,40,43,29,66,29,73,47,43,41,62,32,23,56,35,51,35,42,57,39,24,60,53,82,37,32,67,133,73,37,69,39,38,34,283,46,45,47,46,63,80,160,91,67,79,123,40,37,44,27,20,26,48,72,103,64,96,40,48,35,45,38,68,67,40,65,48,56,69,87,76,29,128,72,37,49,36,112,38,115,41,39,49,55,97,145,58,73,58
1738,64,83,40,46,33,39,59,67,40,43,29,66,29,72,47,43,41,61,32,23,55,35,51,34,42,56,39,24,60,51,82,37,32,67,133,73,37,69,39,38,34,283,46,45,47,46,62,80,160,91,67,79,123,40,37,44,26,20,26,48,72,102,64,96,39,47,35,45,38,68,65,39,65,47,56,68,87,76,29,128,71,36,48,36,112,37,115,41,39,49,55,97,145,58,73,58
1739,64,83,40,46,33,39,59,66,40,43,29,66,29,70,46,42,41,61,32,23,55,35,51,34,42,56,39,23,59,50,82,37,32,67,133,73,37,67,39,38,34,282,46,45,47,45,62,80,158,89,67,79,124,40,37,44,26,20,26,48,72,99,64,95,39,47,35,45,38,68,64,38,64,46,56,66,87,76,29,128,70,36,48,36,110,37,114,41,39,48,54,97,145,58,73,56
1740,64,81,40,46,33,39,59,65,40,43,29,66,29,70,46,42,41,60,32,22,54,35,51,34,42,56,39,23,59,49,82,37,32,67,132,73,36,67,39,38,34,281,45,45,47,45,62,80,157,88,67,77,122,39,37,44,25,19,26,48,71,99,63,94,39,47,35,45,38,67,63,38,64,46,56,66,87,76,28,127,69,36,48,36,110,37,113,41,37,47,54,97,144,58,72,56
1741,63,80,40,45,33,39,58,64,40,42,27,65,29,69,46,42,41,60,32,22,53,35,51,33,42,54,39,23,59,49,82,37,32,66,132,73,36,66,39,38,34,278,45,45,46,44,61,80,155,88,67,76,122,39,37,43,24,19,26,47,71,99,63,93,37,47,35,44,38,67,62,37,64,46,56,66,87,76,28,127,68,36,48,36,109,36,113,41,37,47,54,97,144,57,71,56
1742,63,78,40,45,33,39,58,64,40,41,27,64,29,69,46,42,41,60,32,22,53,35,51,33,42,54,38,22,59,49,82,37,31,64,132,73,36,66,39,38,34,276,44,45,46,42,61,80,153,88,66,75,122,38,36,43,24,19,25,47,70,99,63,93,37,47,34,44,38,67,62,36,64,45,56,65,86,76,28,126,68,36,48,36,109,36,111,41,37,47,54,96,142,57,71,55
1743,63,76,39,45,33,39,58,64,39,40,27,63,29,68,46,41,41,60,32,21,53,35,51,33,42,52,38,22,57,49,82,37,31,64,131,73,36,65,39,36,34,276,43,44,46,41,61,80,152,88,65,75,121,37,36,43,23,19,25,47,70,98,62,93,37,47,34,44,38,66,62,36,63,45,55,65,86,76,28,125,67,36,47,36,109,36,111,41,37,46,54,95,142,57,71,55
1744,63,76,39,45,32,39,57,63,39,40,27,63,29,67,46,41,41,60,31,21,53,35,50,32,42,52,38,22,56,48,81,37,31,64,130,73,35,65,39,35,34,275,43,44,45,41,61,79,150,84,65,74,121,36,36,43,23,19,25,47,70,98,62,91,37,47,34,44,38,66,62,36,63,45,53,64,86,75,28,125,67,36,47,36,109,35,109,41,37,45,53,94,142,57,71,54
1745,63,75,39,45,32,39,57,63,39,40,27,63,29,66,45,41,41,60,31,21,53,34,50,32,42,52,38,22,56,47,81,37,31,64,129,73,35,65,38,35,34,274,42,44,45,41,61,79,149,84,65,74,121,36,36,43,23,19,25,46,69,96,62,91,37,47,34,44,38,66,62,36,63,45,52,63,83,75,27,125,66,36,47,36,109,35,109,41,37,45,53,93,142,57,70,54
1746,63,73,39,45,32,38,56,63,39,40,27,62,28,66,45,41,41,58,31,21,53,34,49,31,40,52,38,21,55,47,81,37,31,64,129,72,34,65,38,35,34,272,42,44,45,41,61,79,149,84,65,73,120,36,36,43,23,19,25,46,67,95,62,90,37,47,34,43,37,65,62,36,63,44,52,63,82,75,25,124,64,34,47,36,108,35,106,40,36,45,53,93,142,57,70,54
1747,62,71,38,45,32,38,56,62,39,39,27,62,28,66,45,41,40,58,31,20,53,33,49,31,40,52,37,21,55,46,81,37,31,63,128,72,34,65,38,35,33,270,42,44,45,41,60,78,148,84,65,72,119,36,36,42,23,19,25,46,66,95,62,90,37,47,34,43,37,63,60,35,63,43,52,62,82,73,25,123,63,34,46,36,106,35,106,39,36,45,52,93,139,57,70,54
1748,62,70,36,44,30,38,56,61,38,39,26,60,28,64,45,41,40,57,31,20,53,33,49,31,39,52,37,21,55,46,81,37,30,63,128,72,34,65,37,35,33,267,42,43,44,41,60,78,147,84,65,72,117,36,36,42,23,19,25,44,66,94,61,90,36,47,34,43,37,63,60,35,63,42,52,61,82,73,25,123,63,33,46,36,105,35,104,39,36,45,52,89,138,57,70,54
1749,62,69,36,44,30,38,56,60,37,38,26,60,28,64,45,41,40,57,31,19,53,33,49,31,39,52,37,21,55,46,81,36,30,63,128,72,33,65,37,35,33,266,42,43,44,40,60,76,147,82,64,72,116,36,36,42,23,19,25,44,66,92,61,90,35,47,33,42,37,63,59,35,63,42,51,61,82,72,25,123,61,33,46,36,104,35,104,39,36,45,51,88,138,54,69,53
1750,62,69,36,44,30,37,56,60,37,37,26,59,28,64,45,41,40,57,31,18,53,33,49,31,39,52,36,21,55,46,81,36,29,63,127,71,32,64,37,34,33,264,42,42,44,39,59,76,146,82,64,72,115,36,36,42,23,19,25,44,65,92,61,89,34,45,33,42,37,63,58,35,63,41,51,61,81,71,25,122,61,33,46,36,103,35,104,39,36,45,51,87,137,54,69,53
1751,62,69,36,44,29,37,56,60,37,37,26,59,28,63,44,41,40,57,31,18,53,33,49,31,39,51,34,21,55,46,80,35,28,62,127,70,32,63,37,34,33,264,42,42,43,39,58,76,145,82,64,72,114,36,35,41,23,19,25,44,64,92,59,89,34,45,33,42,35,62,58,35,63,41,51,61,81,71,25,121,61,33,46,36,103,34,102,39,36,45,50,87,136,54,69,51
1752,62,69,35,43,29,37,55,60,37,37,26,58,28,61,44,41,40,57,31,18,52,32,49,31,39,51,34,21,55,45,80,35,28,62,127,68,32,62,36,34,33,263,42,42,43,39,57,76,145,81,64,72,114,36,35,40,23,19,25,44,64,91,59,89,34,45,33,42,35,62,57,34,63,41,50,61,80,71,25,119,60,33,46,35,103,34,100,39,36,45,50,87,136,54,69,50
1753,62,68,35,43,28,37,53,59,37,37,26,58,26,61,44,41,40,56,31,18,52,32,47,31,39,50,34,21,55,44,80,34,28,62,127,68,32,62,36,34,32,263,42,42,42,39,57,75,145,80,63,72,114,36,35,40,23,18,24,44,63,91,59,88,34,45,32,42,35,62,56,34,63,41,50,60,80,71,25,119,60,33,46,35,103,34,100,38,36,44,50,86,135,54,69,48
1754,62,67,35,43,25,37,53,58,37,37,26,58,24,60,43,41,40,55,31,18,52,32,47,30,38,50,34,21,55,44,80,34,28,60,127,68,31,62,36,34,32,262,42,42,42,39,57,75,145,80,62,70,114,36,35,40,23,18,24,44,63,90,59,87,33,45,32,41,35,61,55,33,63,41,50,60,80,71,25,119,60,33,46,35,102,34,100,38,36,44,50,82,134,54,68,48
1755,62,67,35,43,24,37,53,58,37,37,26,58,24,60,43,40,39,55,30,18,52,32,46,30,38,48,32,21,54,44,80,34,27,60,127,68,31,62,36,34,31,261,42,42,42,39,56,75,143,80,61,69,113,36,35,40,22,18,24,43,63,88,59,86,33,45,31,41,35,61,55,32,62,41,50,59,80,70,25,119,59,33,46,35,101,34,98,38,36,44,50,82,134,54,68,47
1756,62,66,35,43,24,37,53,58,37,37,26,58,24,60,43,40,39,55,30,18,51,32,45,30,38,48,32,21,54,43,80,33,26,60,127,68,31,62,36,32,30,258,42,42,42,39,56,75,143,79,60,69,113,36,34,40,22,18,24,43,63,88,59,86,33,45,31,41,35,61,53,32,61,40,50,59,80,69,25,119,59,33,45,35,101,34,98,38,36,43,50,82,132,53,68,46
1757,62,66,35,42,24,37,52,57,37,37,26,58,24,60,43,40,39,53,30,18,50,32,45,29,38,48,32,21,54,43,80,33,26,60,127,68,31,62,35,32,30,257,42,40,42,39,56,75,141,79,60,68,113,36,34,40,21,17,24,42,63,88,59,86,33,44,31,41,35,61,53,32,61,40,49,58,79,67,25,118,59,32,45,35,101,34,98,38,36,43,49,82,132,53,68,45
1758,61,66,35,41,24,36,52,57,37,37,26,58,24,60,43,39,39,53,30,18,50,31,44,29,37,48,32,21,53,43,80,33,26,59,127,67,29,61,35,32,30,256,40,40,42,39,56,75,140,79,58,69,113,36,33,40,21,16,24,42,63,87,59,86,33,44,31,41,35,61,52,31,61,40,48,58,79,67,24,118,58,32,45,35,101,34,98,38,35,43,49,81,132,53,68,45
1759,60,65,35,41,23,36,52,56,37,37,26,57,24,60,43,39,39,53,29,18,50,31,44,29,37,48,32,21,51,42,80,33,26,59,125,64,29,61,35,32,30,251,40,39,42,39,56,75,141,76,57,69,112,36,33,40,20,16,24,42,63,86,59,86,33,44,31,41,34,61,52,31,60,40,48,57,79,67,24,118,58,31,44,35,101,34,98,37,35,43,49,80,130,53,67,45
1760,57,65,35,41,23,36,51,56,37,37,26,57,23,60,43,39,39,53,29,17,49,31,44,29,36,48,32,21,51,42,80,33,25,59,125,62,28,61,35,32,30,248,40,39,42,39,55,75,140,75,57,69,111,36,33,40,20,15,24,42,62,85,58,86,32,44,31,41,34,60,52,31,60,40,48,57,79,66,24,116,57,31,43,34,100,34,98,37,35,43,49,80,128,53,67,44
1761,57,65,35,41,23,36,51,56,36,37,25,57,23,59,43,38,38,53,29,17,49,30,44,29,36,48,32,21,51,42,80,33,25,58,123,62,28,61,35,32,30,248,39,37,42,39,55,74,138,74,55,69,111,36,33,39,20,15,24,42,61,85,58,86,32,44,31,41,34,60,52,31,60,40,48,57,78,65,24,116,57,31,43,34,100,34,98,37,35,43,49,80,128,53,67,43
1762,57,64,35,41,23,35,50,56,36,36,25,57,23,58,42,38,36,52,29,17,47,30,43,28,36,48,32,21,50,42,79,33,24,58,123,61,28,61,35,32,30,246,38,36,40,39,54,74,138,74,55,69,110,36,33,39,20,14,24,42,61,84,58,86,32,44,31,41,34,59,52,31,60,40,47,57,78,65,22,115,57,31,41,33,100,34,97,37,35,43,49,80,128,52,67,43
1763,56,64,35,40,22,35,50,56,36,35,25,57,23,58,42,38,36,52,29,17,47,30,43,28,36,47,32,21,50,40,78,33,24,58,123,61,28,61,35,31,29,246,38,36,40,38,53,73,137,74,55,68,107,36,33,38,19,13,23,41,61,84,57,86,32,44,31,41,34,59,52,31,60,40,46,56,76,64,22,112,57,31,41,33,100,34,97,37,34,43,49,80,127,52,67,43
1764,55,64,35,39,21,35,50,55,35,34,25,57,23,58,41,38,36,52,29,17,46,30,43,28,36,47,32,21,49,40,78,33,24,58,123,61,28,61,33,31,29,244,38,35,40,38,53,73,137,74,55,68,107,36,33,38,19,13,22,41,61,83,57,85,31,43,30,40,34,59,52,31,59,39,46,56,76,64,21,112,57,30,41,33,100,34,97,37,34,42,49,79,125,52,67,43
1765,55,64,35,39,21,34,50,55,35,34,25,56,23,58,41,38,34,52,28,17,46,30,43,28,36,46,32,21,47,40,78,33,24,57,122,61,28,61,33,31,29,242,38,34,39,38,53,73,135,74,55,67,106,35,33,38,19,13,22,40,61,81,57,85,31,43,29,39,33,58,52,31,58,39,44,56,76,64,21,112,57,30,41,33,98,33,97,36,34,42,48,78,124,52,67,42
1766,54,63,35,39,21,33,49,55,35,33,25,56,22,58,41,38,34,51,27,17,46,30,43,28,36,46,32,21,47,40,77,33,24,57,121,60,27,61,33,31,29,241,38,33,39,38,53,72,134,73,54,67,105,35,33,38,19,13,21,40,61,81,57,84,31,43,29,39,33,58,51,31,57,39,44,56,75,64,21,113,57,30,41,33,98,33,95,35,34,42,48,78,123,52,67,42
1767,52,62,35,39,21,33,49,55,35,33,24,56,22,57,41,38,33,51,27,17,46,30,43,28,36,46,32,21,47,39,76,31,24,56,119,58,26,61,33,31,29,241,38,30,39,38,53,72,133,73,53,67,105,35,32,38,19,13,21,39,61,81,57,83,31,43,29,39,33,58,51,31,57,39,44,56,75,62,21,113,57,29,40,33,98,33,95,35,34,41,48,78,122,52,67,41
1768,51,62,35,39,20,32,48,55,35,32,24,56,22,57,41,38,33,51,27,17,45,30,43,28,36,46,31,21,47,39,76,31,24,56,118,57,26,61,32,31,29,241,38,30,39,38,53,71,133,73,53,66,103,34,32,38,19,13,21,38,61,81,55,83,31,43,29,39,33,57,51,30,57,39,44,56,75,62,21,113,57,29,39,33,96,33,94,34,34,41,46,78,122,52,67,41
1769,51,62,34,39,20,32,48,54,35,32,24,56,22,57,41,38,33,51,27,17,44,30,42,28,36,44,31,21,46,39,75,30,24,55,115,57,26,61,32,29,29,240,37,29,39,38,52,70,133,73,52,66,102,34,32,38,19,12,21,38,61,80,55,83,31,43,28,37,33,57,50,29,57,39,44,55,75,62,21,111,57,29,38,33,95,33,92,33,34,41,46,78,119,52,66,41
1770,51,61,34,39,20,32,48,54,35,32,24,56,22,56,41,37,31,50,27,17,43,30,42,28,35,44,30,21,46,38,75,30,24,55,115,55,26,61,32,29,29,239,37,28,39,38,52,70,133,72,52,66,101,33,32,38,19,12,21,38,61,80,55,82,31,43,28,37,33,56,50,29,57,39,44,55,75,62,21,110,56,28,38,33,92,33,92,33,34,41,45,78,119,52,66,41
1771,50,61,34,38,20,32,47,52,35,32,24,56,22,56,40,37,31,50,26,17,43,30,41,28,35,43,30,21,46,38,75,29,24,55,115,55,26,60,32,29,29,238,37,28,39,38,52,70,133,71,52,66,101,33,32,38,19,12,21,38,60,80,55,80,30,43,27,37,32,55,50,29,56,39,44,55,75,62,21,110,55,28,37,32,91,32,92,33,34,41,45,78,119,52,66,41
1772,49,60,34,38,20,31,45,51,35,31,24,55,22,56,39,37,31,50,26,16,42,29,41,28,35,43,30,21,46,38,74,29,23,55,115,55,24,60,31,28,28,236,37,28,38,38,52,70,132,71,52,65,100,31,31,37,19,12,21,38,60,78,54,80,30,42,27,37,31,55,49,28,55,38,44,55,74,62,21,110,55,28,37,32,90,32,91,33,34,41,45,78,119,52,66,41
1773,48,60,34,38,19,30,45,51,35,31,24,55,22,55,38,37,31,50,25,16,42,29,41,28,35,42,30,21,46,38,74,29,23,55,115,55,24,60,31,28,28,237,37,28,38,38,51,70,131,71,52,64,100,31,30,37,19,12,21,37,60,77,53,79,30,42,27,36,31,55,48,27,55,37,44,55,74,62,21,107,55,28,37,31,89,32,90,33,34,41,44,78,118,52,66,41
1774,47,60,34,38,19,30,44,51,35,29,24,55,22,55,38,37,30,50,25,15,41,29,41,27,35,41,30,21,45,38,72,28,23,55,115,55,24,59,30,27,28,237,37,28,38,37,50,70,131,70,52,63,100,30,30,37,19,12,21,37,58,77,53,77,30,42,27,36,31,55,48,27,54,37,44,55,73,62,21,106,55,27,37,31,88,32,90,33,34,41,42,78,118,51,66,41
1775,47,60,33,38,19,30,44,51,35,29,24,54,21,55,38,37,28,50,25,15,41,29,40,27,35,41,30,21,44,38,71,27,23,55,115,55,24,59,30,27,28,235,37,28,38,36,50,70,131,70,52,63,100,30,30,37,19,12,21,37,58,76,53,77,30,42,27,35,31,55,48,27,54,37,43,54,71,62,21,105,54,26,37,31,87,32,90,33,34,40,42,75,118,51,66,41
1776,47,60,33,38,19,30,44,51,35,29,24,53,21,55,38,37,27,50,25,15,41,29,40,27,35,41,30,21,44,38,68,27,23,54,115,55,24,59,30,27,27,234,37,28,38,36,50,67,131,68,52,63,99,30,29,37,19,12,20,37,58,76,53,76,30,41,27,35,31,54,48,27,54,37,43,53,71,62,21,105,53,26,37,31,87,32,90,32,34,40,42,75,118,50,66,41
1777,47,59,33,37,19,30,43,50,35,29,23,53,20,55,38,37,27,49,25,15,41,29,40,27,35,41,30,21,41,37,68,27,23,54,116,53,24,58,30,27,27,231,37,28,38,35,49,67,129,68,51,63,97,29,29,37,19,12,20,37,58,74,52,75,30,40,27,35,31,53,48,27,54,37,43,52,71,62,21,105,53,25,37,31,85,32,89,32,34,39,41,75,117,50,65,40
1778,47,59,33,37,18,30,42,49,35,29,23,53,20,55,36,37,27,49,25,15,41,29,40,27,34,41,30,21,40,36,68,27,23,54,116,52,24,56,30,26,27,230,37,28,38,35,49,67,129,68,51,63,97,28,29,37,19,12,20,37,58,73,51,75,30,40,27,34,31,53,48,27,54,37,43,52,71,61,21,105,53,25,37,31,84,31,88,32,34,39,41,73,117,50,65,40
1779,47,59,33,36,18,30,42,49,34,29,22,53,20,55,36,37,27,49,25,15,41,29,40,27,34,41,29,21,40,34,68,27,23,54,116,52,24,56,30,26,27,230,37,28,38,33,49,65,128,67,51,62,97,28,29,37,19,12,19,35,57,70,50,74,30,39,27,34,31,53,48,27,54,37,43,51,71,60,21,105,53,25,37,31,84,30,88,32,34,39,41,73,117,49,65,39
1780,47,59,33,36,18,30,42,49,33,29,22,53,20,55,36,37,27,48,25,15,41,29,40,27,34,41,28,21,40,34,68,27,23,54,116,52,24,55,29,26,27,227,37,27,38,33,49,65,128,67,51,61,94,28,29,37,18,11,19,35,56,69,50,74,30,39,27,34,31,53,48,27,53,37,43,51,70,60,21,104,52,25,36,31,82,30,88,32,34,39,41,73,117,48,65,37
1781,46,59,33,36,17,30,41,49,32,29,22,53,20,55,36,37,27,48,25,15,41,29,40,27,34,41,28,21,40,34,68,27,23,53,115,52,24,54,29,26,27,227,36,26,38,33,49,65,127,66,50,61,93,28,29,37,18,11,19,35,55,69,50,73,30,39,27,34,31,53,48,27,53,37,43,50,70,60,21,104,51,25,36,31,81,30,88,31,33,39,41,73,117,48,64,37
1782,44,59,33,36,17,30,40,49,32,29,21,53,20,55,36,37,26,48,24,15,40,28,40,27,34,41,28,21,40,34,68,27,23,53,115,52,24,53,29,26,27,224,36,25,37,33,49,63,127,66,50,61,93,28,29,36,18,11,18,34,55,68,49,71,30,39,26,34,30,52,48,27,52,37,43,49,69,60,21,103,51,25,36,31,81,30,88,31,33,39,41,73,117,48,64,37
1783,44,58,33,35,17,30,40,48,32,29,21,52,19,55,36,37,26,47,24,15,40,28,40,26,34,39,28,21,40,34,68,27,23,53,113,52,24,53,29,25,26,223,36,25,37,33,49,63,126,66,50,60,91,28,29,35,18,11,17,34,55,68,49,70,30,39,26,34,30,52,48,27,52,37,43,48,69,60,21,102,50,25,36,31,81,30,88,30,32,39,41,73,115,48,63,37
1784,44,56,31,35,17,30,40,47,32,29,21,52,19,52,35,37,25,47,24,15,39,28,40,26,34,39,28,21,39,34,66,26,23,51,113,52,24,53,29,25,26,223,36,25,37,33,47,62,125,65,48,59,91,28,29,35,18,11,17,34,55,68,49,70,30,39,26,33,29,52,48,27,52,37,42,48,68,60,21,101,50,25,36,31,81,30,87,29,32,38,40,73,115,48,63,36
1785,44,56,31,35,17,30,40,46,31,29,21,51,19,51,35,37,25,46,24,14,39,28,40,25,33,39,28,21,39,34,66,26,22,51,113,52,24,53,29,25,26,223,36,24,36,33,47,62,125,65,48,59,91,28,29,35,18,11,17,34,55,68,49,69,30,38,26,33,29,51,46,27,52,37,41,48,68,60,21,101,49,25,36,31,78,30,86,29,32,37,40,73,114,48,63,36
1786,43,55,31,35,17,30,40,45,31,29,20,50,19,51,35,37,25,45,24,14,39,27,40,25,33,39,28,21,39,34,66,26,22,50,112,52,24,53,29,25,25,223,36,24,36,33,46,61,124,64,47,59,90,28,29,35,18,10,17,34,54,67,49,69,30,38,26,33,28,51,46,27,52,36,41,48,68,60,21,100,49,25,36,28,77,30,85,29,32,37,40,72,114,47,63,36
1787,43,55,31,34,17,30,40,45,31,29,20,50,19,50,35,36,25,45,23,14,39,27,40,25,33,37,28,21,39,34,66,26,22,47,111,52,24,53,29,25,25,220,35,24,36,33,46,59,122,64,47,58,90,28,29,35,18,10,17,33,53,67,49,69,30,38,26,32,28,51,45,27,52,36,41,48,68,60,20,100,49,25,36,28,76,30,84,29,32,37,40,72,114,47,63,36
1788,43,55,31,34,17,30,40,45,31,29,19,50,19,50,35,36,25,45,23,14,38,27,39,25,33,37,28,21,39,34,66,26,22,47,109,52,24,53,29,25,24,219,35,24,36,33,46,57,122,64,46,58,90,27,28,35,18,10,17,33,52,68,49,69,30,37,26,31,28,49,44,26,52,36,40,48,68,58,19,100,49,25,36,28,76,30,83,29,32,36,40,71,114,47,63,36
1789,43,55,31,33,16,30,40,45,30,29,19,50,19,50,35,36,25,45,23,12,37,27,38,25,33,36,28,20,39,34,66,26,22,47,107,52,23,53,29,25,24,219,35,24,36,33,46,56,122,64,46,58,90,27,28,35,18,10,17,33,49,68,48,69,30,37,26,31,26,49,42,26,52,36,40,48,68,58,19,100,49,25,36,28,76,29,83,29,32,35,40,71,114,47,63,36
1790,43,55,31,32,16,30,39,45,30,29,19,50,18,50,34,35,25,45,23,12,37,27,38,25,33,36,28,20,39,33,65,26,22,47,107,51,23,53,28,25,24,217,35,24,36,33,46,56,121,63,46,58,89,27,27,35,18,10,17,32,49,66,47,69,30,37,25,31,25,49,42,26,51,36,40,48,68,58,19,100,49,25,36,28,76,29,82,29,31,35,40,71,114,46,63,36
1791,43,55,30,32,16,30,39,45,29,29,19,50,17,50,34,35,25,45,22,12,37,26,38,25,33,36,28,20,39,33,64,26,22,45,106,51,22,53,28,25,24,217,34,24,36,33,46,55,119,61,46,58,89,27,26,35,18,10,17,32,49,66,46,69,30,37,25,31,25,49,42,26,51,35,40,48,67,58,19,100,49,25,36,28,76,28,81,29,31,35,40,71,113,45,63,35
1792,43,55,29,32,16,30,39,45,27,29,19,50,17,50,34,35,24,45,22,12,37,25,38,25,32,36,27,20,39,33,63,26,22,45,106,51,22,52,28,25,24,216,34,24,36,33,46,55,119,61,46,58,88,26,25,35,18,10,17,32,49,66,46,68,29,36,24,31,25,49,42,26,51,35,40,48,67,57,19,100,48,25,36,28,76,28,81,29,31,35,40,71,112,45,63,34
1793,43,55,29,32,16,30,39,43,27,29,19,50,17,50,33,35,24,44,22,12,37,25,38,25,31,36,27,20,39,32,63,26,22,44,106,51,21,52,28,25,24,217,33,24,35,33,46,55,119,61,46,58,86,26,25,35,18,10,17,32,49,66,45,67,29,35,24,31,25,49,41,26,51,35,40,48,67,57,19,99,48,25,35,28,76,27,81,29,31,35,40,71,112,43,63,34
1794,42,54,29,32,16,30,39,43,27,28,19,49,17,50,32,35,23,44,22,12,37,25,38,25,31,36,27,20,39,32,63,26,22,44,104,51,20,51,27,25,24,215,33,24,35,33,45,55,117,60,45,56,84,26,25,35,18,10,17,30,49,64,45,67,29,35,24,30,25,49,41,25,51,34,40,48,65,56,19,99,48,23,35,28,76,27,81,29,31,35,40,70,112,43,63,34
1795,42,53,29,32,16,29,39,42,26,28,19,49,17,50,31,35,23,44,22,11,37,25,38,24,31,36,27,19,38,32,63,26,22,44,102,51,20,51,27,24,24,214,33,24,35,31,45,55,116,60,45,55,81,26,25,34,18,10,17,30,48,64,45,67,29,35,24,30,25,48,41,25,50,33,40,48,65,56,19,99,48,23,35,28,74,27,81,29,31,35,40,68,112,42,62,33
1796,41,53,29,32,16,29,39,42,26,28,19,49,17,48,31,35,23,43,22,11,36,25,38,24,31,35,27,19,37,31,63,26,22,44,101,51,19,51,27,24,24,214,33,24,35,29,44,54,115,59,44,55,80,26,25,33,17,10,17,30,48,64,44,66,29,35,24,30,24,48,41,24,50,33,40,48,65,55,19,97,47,23,34,28,73,25,81,29,30,35,40,68,112,42,61,33
1797,41,51,29,32,16,29,38,42,26,28,17,49,17,48,31,35,23,42,22,11,36,25,37,24,30,35,27,19,37,31,62,26,22,44,101,50,19,50,27,24,24,212,33,24,35,29,44,54,115,59,44,54,80,26,25,33,17,10,16,30,48,63,44,66,29,35,24,30,24,48,41,24,49,33,40,48,65,55,19,97,47,22,34,27,73,25,81,29,30,35,40,67,111,42,60,33
1798,41,51,29,32,16,29,38,42,26,28,17,49,17,48,31,35,22,42,22,11,36,24,37,24,30,35,26,19,37,31,62,25,21,44,99,50,19,49,27,24,24,212,33,24,35,29,43,54,114,59,44,54,80,26,25,33,17,10,16,30,48,62,44,66,29,35,24,29,24,47,41,24,47,33,40,48,65,53,19,97,47,22,34,27,73,25,81,29,30,35,40,67,110,42,60,33
1799,40,51,29,32,16,29,38,42,26,28,17,48,17,48,31,34,22,42,21,11,35,24,37,23,30,34,26,19,37,30,62,25,21,44,99,49,19,49,27,24,24,213,33,24,34,29,42,54,114,59,44,54,80,25,25,33,15,10,16,30,48,61,44,65,29,35,24,29,24,46,41,24,47,32,40,48,63,53,19,97,47,22,34,27,72,25,81,29,30,35,40,66,109,42,60,33
1800,40,50,29,32,16,29,38,42,26,28,17,48,16,48,29,34,22,42,21,11,35,24,36,23,29,34,26,19,37,30,62,25,21,44,97,48,19,49,26,24,24,212,33,24,34,29,42,52,114,59,43,54,79,25,25,33,15,10,16,30,48,61,44,65,29,35,24,29,23,46,41,23,47,32,40,48,62,52,19,95,47,22,34,27,72,25,80,28,30,34,39,66,109,42,60,33
1801,40,50,29,32,16,29,38,42,26,28,17,48,16,48,29,34,22,42,21,11,34,24,36,23,29,33,26,19,37,30,60,24,21,43,96,48,18,49,26,23,24,210,33,24,34,29,42,50,112,59,43,54,79,25,25,33,15,10,16,30,48,61,44,65,29,35,24,29,23,45,40,22,47,31,40,48,62,52,19,92,47,22,34,27,70,25,80,28,30,34,39,65,108,42,60,33
1802,40,50,29,32,16,29,37,42,26,28,17,48,16,47,29,34,22,42,21,10,34,24,36,22,29,33,26,19,36,30,60,24,21,42,95,48,18,48,26,23,23,209,31,24,34,29,42,50,110,57,42,54,79,24,25,33,14,9,16,30,48,61,44,65,28,35,24,29,23,45,39,22,47,31,40,48,62,52,19,91,46,22,34,27,70,24,80,27,30,34,39,65,107,41,60,33
1803,40,49,29,32,15,29,37,41,26,28,16,48,16,47,28,33,22,41,20,10,34,24,36,21,29,33,26,18,36,30,60,24,21,42,95,48,18,48,26,22,23,208,30,24,34,29,41,50,110,57,42,54,78,24,25,33,14,9,15,30,48,61,44,65,28,35,24,29,23,45,39,22,47,31,40,48,62,52,19,90,46,22,34,27,68,24,79,27,30,34,39,65,106,41,60,33
1804,39,49,29,32,15,28,37,41,26,28,15,48,16,46,28,33,22,41,19,10,34,24,36,21,29,33,26,18,36,30,59,23,21,41,95,48,18,48,26,22,23,206,30,24,34,29,40,50,110,56,42,54,77,24,25,33,14,9,14,30,48,61,44,65,28,34,24,29,23,44,39,22,47,31,40,48,60,52,19,90,46,22,34,26,68,24,78,27,30,34,38,65,105,41,60,33
1805,39,49,28,32,15,27,36,40,26,28,15,48,16,46,28,33,22,40,19,10,34,23,36,21,29,33,26,18,36,30,59,23,21,40,95,47,18,48,25,22,23,205,30,24,33,29,40,50,108,56,42,54,77,24,25,33,12,9,14,29,48,59,43,65,28,34,24,29,23,44,39,22,47,30,40,48,60,52,19,90,45,22,34,26,68,24,78,26,30,34,38,65,105,41,59,33
1806,39,49,28,32,15,27,36,40,26,28,15,47,16,46,26,33,22,39,19,10,34,23,36,21,29,33,26,18,36,30,57,23,20,40,94,47,18,48,25,22,23,205,29,24,33,29,40,49,105,56,42,53,77,23,24,33,12,9,14,29,47,59,43,64,28,34,24,29,23,44,38,20,46,30,40,48,59,52,18,90,45,22,34,26,68,24,77,26,29,34,38,64,105,41,59,33
1807,39,49,28,32,15,27,36,40,26,27,13,46,16,45,26,33,22,39,19,10,34,23,36,21,29,31,26,17,36,30,57,22,20,40,94,47,18,48,24,22,23,204,29,24,32,29,40,49,104,56,42,53,77,23,24,33,12,8,14,29,47,59,43,63,28,34,23,29,23,44,38,20,46,30,40,48,58,51,18,89,45,22,34,26,68,24,77,26,29,34,37,64,104,41,59,33
1808,39,49,28,32,15,27,36,40,26,27,13,46,16,44,26,32,22,38,19,9,34,22,36,21,28,31,26,17,36,30,57,22,20,40,94,47,18,48,24,22,23,202,29,24,32,29,40,49,103,56,42,53,76,23,23,33,12,8,14,29,46,59,43,63,28,34,23,29,23,43,38,19,45,30,40,48,58,50,18,89,45,22,34,26,68,23,77,26,29,33,37,64,104,41,58,33
1809,39,49,28,32,15,27,36,39,26,27,13,46,16,44,26,32,21,38,18,9,32,22,36,21,27,29,26,17,36,30,57,21,20,39,94,47,18,48,24,22,23,201,29,24,32,28,40,49,103,54,42,53,76,23,23,33,12,8,14,29,46,58,43,62,28,34,23,29,23,43,37,19,45,29,39,48,58,50,17,89,46,20,34,26,68,23,77,26,29,33,37,64,104,39,58,33
1810,39,49,28,32,15,27,36,38,26,27,13,46,16,43,26,32,20,37,17,9,32,22,35,21,27,29,26,17,36,30,57,21,19,39,94,47,18,48,24,21,22,200,28,24,32,27,40,48,102,54,42,53,75,23,23,33,12,8,14,29,44,58,43,62,27,34,23,28,23,43,37,19,45,29,39,48,58,47,17,89,46,20,34,25,68,22,75,26,29,33,37,64,104,40,58,33
1811,39,48,28,32,15,26,35,37,26,27,13,46,15,43,26,32,20,37,17,9,31,22,35,21,27,29,25,17,36,30,57,21,19,38,92,47,18,48,24,21,22,200,28,24,32,27,40,48,102,54,42,53,74,23,23,32,12,8,14,29,44,57,43,62,26,34,23,28,23,43,37,19,44,29,39,48,58,45,17,89,46,20,33,25,68,22,75,26,28,33,37,64,104,40,57,33
1812,39,48,28,31,15,26,35,37,26,27,13,46,15,43,25,31,20,37,17,9,31,22,35,21,27,29,25,16,36,29,57,21,19,38,91,47,18,47,23,21,22,199,28,24,32,27,38,48,102,54,42,52,74,22,23,32,12,8,14,28,44,57,43,61,26,33,23,28,23,43,37,19,44,29,38,48,56,45,17,89,46,20,33,25,68,22,75,26,28,33,36,64,104,40,57,33
1813,39,48,28,31,15,26,35,37,26,26,13,45,15,43,24,31,19,36,17,9,31,22,35,21,27,28,25,16,36,29,56,21,19,38,91,47,18,48,23,21,22,198,28,24,32,27,38,47,102,53,41,52,74,22,23,31,11,8,14,28,44,55,43,61,26,33,23,28,23,43,37,19,43,29,38,48,56,45,17,89,46,20,33,24,68,22,74,26,28,32,36,62,103,39,57,32
1814,38,48,28,31,15,26,35,37,26,26,13,45,15,41,23,31,18,36,17,9,31,22,35,21,27,27,25,16,36,28,56,21,19,38,91,47,18,47,23,21,22,198,28,24,32,27,38,46,102,53,41,52,74,22,22,31,11,8,14,27,43,53,42,61,25,32,23,27,23,43,37,19,43,29,38,48,56,45,17,86,45,20,33,24,68,22,73,26,28,32,36,62,102,39,57,32
1815,37,48,28,31,15,26,35,37,26,26,13,43,15,41,22,30,18,35,17,9,31,22,35,21,26,27,25,16,35,28,56,21,19,38,91,46,18,47,23,21,22,197,28,23,32,27,38,46,102,53,41,51,74,22,21,31,11,8,13,27,43,53,42,61,25,32,23,27,23,43,36,19,42,28,38,47,56,45,17,85,45,20,33,24,68,22,72,25,27,31,36,60,101,39,57,32
1816,37,48,28,30,15,26,35,37,26,25,13,43,15,40,22,30,18,35,17,9,31,22,35,21,26,27,24,16,35,28,56,21,19,38,91,45,18,47,23,21,21,197,27,23,32,27,38,46,102,53,41,50,74,22,21,31,11,8,13,26,43,53,42,61,25,32,23,27,23,43,35,19,42,28,38,46,55,45,17,85,43,20,32,24,66,22,70,23,25,30,36,59,100,39,57,32
1817,37,47,28,30,15,26,35,37,26,25,13,41,15,39,22,30,18,35,17,9,31,22,35,21,26,27,24,15,35,28,56,21,18,38,91,45,17,47,23,20,21,196,27,23,32,27,38,46,102,52,41,50,74,22,21,30,11,8,13,26,43,53,42,60,25,32,23,27,23,43,35,19,41,27,38,46,54,44,17,85,43,20,32,24,66,22,70,23,24,30,36,59,100,39,57,32
1818,37,47,28,30,15,26,35,36,25,25,13,41,14,39,22,29,18,35,17,9,31,22,35,20,26,27,24,15,35,28,56,21,18,38,91,45,17,47,23,20,21,195,27,23,32,26,38,46,101,52,40,50,73,21,21,30,11,8,13,25,43,53,42,60,25,32,23,27,23,43,34,19,41,27,38,46,54,44,17,83,43,20,32,24,66,22,69,23,24,30,36,59,98,39,57,32
1819,36,47,28,30,15,26,34,35,25,25,13,40,14,38,22,29,18,35,17,9,31,22,35,20,26,27,24,15,35,28,56,20,18,38,91,45,17,47,22,20,21,195,27,23,31,26,38,46,101,52,40,50,73,21,21,30,11,8,13,25,42,53,41,60,25,32,23,27,23,43,33,19,41,27,38,46,54,44,17,82,42,20,32,24,64,22,69,23,24,30,36,59,97,38,57,32
1820,36,47,28,30,15,26,33,35,25,24,13,39,14,37,22,29,18,35,17,9,31,22,35,20,26,27,24,15,35,28,56,20,18,38,91,45,17,46,22,20,21,195,27,23,30,26,38,46,101,52,40,50,72,21,21,30,11,7,13,25,42,53,40,60,25,32,23,27,23,43,32,19,41,27,38,45,54,44,17,82,42,20,32,24,63,22,68,23,24,30,36,58,95,37,57,31
1821,36,47,28,29,15,26,33,35,25,24,13,39,14,37,22,29,17,35,17,9,31,22,35,20,26,26,24,15,34,27,56,20,18,36,90,45,17,46,22,20,20,194,26,23,30,26,38,46,101,52,39,50,72,21,21,30,11,7,13,25,42,50,40,60,25,32,23,26,23,43,32,19,41,26,38,45,54,43,17,82,42,20,32,24,63,22,68,21,24,30,36,58,93,37,57,31
1822,35,47,27,29,15,26,33,34,25,24,13,39,14,37,22,29,17,35,17,9,30,22,35,20,26,26,24,15,34,27,56,20,18,36,90,43,17,45,21,20,20,194,26,23,30,25,38,46,99,52,39,50,72,21,20,30,10,7,13,25,42,50,40,59,25,32,23,26,23,42,32,19,41,26,37,45,53,43,17,82,42,20,32,24,63,22,67,21,24,30,36,57,93,37,57,31
1823,35,47,26,29,14,26,33,34,25,24,13,39,13,37,22,29,17,35,17,9,29,22,35,20,26,26,24,15,34,26,56,20,17,36,90,43,17,45,20,20,20,193,26,23,30,25,38,46,97,52,38,50,72,19,20,30,9,7,13,24,42,50,40,59,25,32,23,26,23,42,31,19,41,26,37,44,52,43,17,82,42,20,31,24,63,21,66,21,24,30,36,56,93,36,57,31
1824,34,47,26,29,14,26,33,34,25,24,12,39,13,37,22,29,17,35,17,9,29,22,35,20,26,26,24,14,34,26,56,20,17,36,90,43,17,45,20,20,20,193,26,22,30,25,36,46,95,52,38,48,72,19,20,30,9,7,13,24,41,50,39,58,25,32,23,26,23,42,31,19,41,26,37,44,52,43,17,82,41,20,31,24,62,21,66,21,24,30,36,56,93,36,57,30
1825,34,47,26,29,13,26,33,34,25,24,12,39,13,37,22,29,17,35,17,9,29,22,34,20,26,26,24,14,34,26,52,19,17,36,89,43,17,45,20,20,20,193,26,22,30,25,35,44,95,51,38,48,71,19,20,30,9,7,13,23,40,50,39,58,25,32,23,25,23,42,31,19,41,26,37,44,52,43,16,82,41,20,30,24,62,21,65,21,24,29,36,56,93,36,57,30
1826,34,46,26,29,13,26,33,33,24,24,12,39,13,36,22,29,17,35,17,9,29,22,34,20,25,26,24,14,34,26,52,19,17,36,88,43,16,44,20,20,20,193,26,22,29,25,35,44,94,51,38,47,71,19,20,30,9,7,13,22,40,49,38,58,25,31,23,25,22,41,31,19,41,26,36,44,52,43,16,82,41,20,30,24,62,20,63,21,24,28,36,54,90,35,57,30
1827,34,45,26,29,13,25,32,33,24,24,12,38,13,36,22,29,17,35,17,9,29,22,33,20,25,26,23,14,33,26,52,19,17,36,88,43,16,44,19,19,20,192,26,22,29,25,35,43,92,51,38,47,71,19,20,30,9,7,13,22,40,49,37,58,25,31,23,25,22,41,31,19,41,26,36,44,51,43,16,82,41,19,30,24,62,20,63,21,24,28,36,53,90,34,55,30
1828,33,44,26,29,13,24,32,33,24,22,12,38,13,36,22,29,17,35,17,9,29,22,33,20,25,26,23,14,33,26,51,19,17,36,88,43,16,44,19,19,20,191,26,21,29,25,35,43,90,51,38,47,70,19,20,30,9,6,13,22,40,49,37,58,25,31,23,24,22,40,29,19,41,26,36,44,51,43,16,82,40,19,30,23,62,20,63,21,24,28,36,53,89,34,54,30
1829,33,43,25,29,12,24,32,33,24,21,12,38,13,35,22,29,16,33,17,9,29,22,33,20,25,26,23,13,33,26,51,19,17,35,86,43,16,43,19,19,20,189,26,21,28,25,35,43,88,50,38,47,70,19,20,30,9,6,13,22,40,49,37,58,24,31,23,24,22,40,29,19,41,24,36,44,51,42,16,81,40,19,29,23,62,20,62,21,23,28,36,53,89,34,54,30
1830,32,43,24,29,12,23,31,33,24,21,12,38,13,35,22,28,16,33,17,8,29,20,32,20,25,26,23,13,33,26,50,19,17,35,86,43,16,43,18,18,20,188,25,21,28,24,35,43,86,50,38,45,70,19,20,30,9,6,13,22,40,49,36,58,24,31,23,24,22,40,29,19,41,23,36,44,51,42,16,81,39,19,28,23,62,19,61,21,22,28,36,52,89,34,54,30
1831,30,42,24,29,12,23,31,33,24,21,12,38,13,35,22,28,16,33,17,8,28,20,32,20,24,26,23,13,33,26,49,19,17,35,86,43,16,43,18,18,20,188,25,19,28,24,35,43,86,50,38,45,70,19,20,29,9,6,13,22,39,49,36,57,24,31,23,24,22,40,29,19,41,23,36,44,51,42,16,81,39,19,28,23,61,19,60,21,22,28,36,52,87,33,54,29
1832,30,42,24,29,12,23,31,33,24,21,12,37,13,34,22,27,16,33,17,8,28,20,32,20,24,26,23,12,33,26,49,19,17,35,85,43,16,43,18,18,20,186,24,19,28,24,35,43,86,50,38,45,70,19,20,29,9,6,12,22,39,48,36,55,24,31,22,24,22,39,29,19,41,22,36,44,51,41,16,81,39,19,27,23,61,19,60,20,22,28,36,52,86,33,53,29
1833,30,42,24,29,12,23,31,33,24,21,12,36,13,34,21,26,16,33,17,8,28,20,32,20,24,26,23,12,33,26,47,19,17,35,85,43,16,43,18,18,20,184,24,19,28,24,35,43,86,50,38,45,70,19,20,28,9,6,12,22,38,47,36,55,24,30,22,24,22,39,29,19,41,22,36,43,51,41,16,81,39,19,27,23,62,19,60,20,22,28,36,52,86,33,53,28
1834,30,42,23,28,12,22,31,33,23,21,12,36,13,34,21,26,16,33,17,8,28,20,32,20,24,26,23,12,33,26,47,19,17,35,84,42,16,43,18,18,20,184,24,18,27,24,35,43,84,50,38,45,69,19,19,28,9,6,12,22,38,47,36,54,24,29,22,23,22,37,29,18,40,22,36,43,49,41,16,81,39,19,27,23,62,19,59,20,22,28,36,52,86,33,53,28
1835,30,41,23,28,12,22,31,33,23,21,12,35,13,34,21,26,16,32,17,8,28,20,31,20,24,26,23,12,33,26,47,19,17,34,84,42,16,42,18,18,20,183,24,18,27,23,34,43,84,48,38,45,68,18,19,28,8,6,12,21,38,46,36,54,24,29,22,23,21,37,29,18,40,22,36,43,48,41,16,81,37,19,27,22,62,19,59,19,21,28,36,51,86,33,52,27
1836,30,41,23,28,12,22,31,33,21,21,12,35,13,34,21,26,16,32,17,8,28,20,31,20,24,26,23,12,31,26,47,19,17,34,84,41,16,41,18,18,20,183,23,18,27,23,34,43,82,48,38,45,67,18,18,27,8,6,12,21,38,46,34,53,24,29,22,21,20,36,29,17,40,22,36,43,47,40,16,81,37,19,27,22,61,19,59,19,21,28,36,51,86,33,52,26
1837,30,41,21,28,12,20,31,33,21,21,12,35,13,34,21,26,16,32,17,8,28,20,31,20,24,26,23,12,31,26,47,19,16,34,84,39,16,41,18,18,20,183,23,18,27,22,34,43,81,48,38,45,65,18,18,27,8,6,12,20,38,46,33,53,24,29,22,21,20,36,29,17,39,22,36,43,46,40,16,80,37,19,27,22,61,19,58,19,21,28,36,51,85,32,50,26
1838,30,40,20,28,12,20,31,32,19,21,12,35,12,34,21,25,16,32,17,8,28,20,31,20,23,26,23,12,31,26,47,19,16,34,84,38,16,42,18,18,20,182,23,18,27,22,34,43,81,47,38,44,65,18,18,27,8,6,12,19,38,46,33,51,24,29,22,21,20,36,29,17,39,22,36,43,46,40,16,80,37,19,27,22,61,19,57,19,21,27,36,51,84,31,49,26
1839,30,39,20,28,12,20,31,32,19,21,12,34,12,34,21,25,16,31,17,8,28,20,31,20,23,26,22,12,31,26,47,19,15,34,84,38,16,42,17,18,20,180,23,18,27,21,34,43,81,47,38,44,65,18,18,27,8,6,12,19,37,46,33,50,24,29,22,21,20,35,29,17,39,22,36,41,46,39,16,80,37,18,27,22,61,19,57,18,21,27,36,51,84,31,49,26
1840,30,39,19,28,12,20,30,32,19,21,12,34,12,34,21,25,16,31,17,8,28,20,31,20,23,26,22,12,30,26,47,17,15,34,84,38,15,42,17,18,19,179,23,18,26,20,32,42,81,47,38,43,65,18,18,27,8,6,12,19,37,44,33,49,24,29,22,21,20,35,29,17,39,21,35,41,46,39,16,79,37,18,27,22,61,19,57,18,21,27,36,50,84,31,49,26
1841,30,39,19,28,12,20,29,32,19,21,12,34,12,34,21,25,16,30,17,8,28,20,31,19,23,26,22,12,30,25,47,17,15,33,84,36,15,42,17,17,19,178,23,18,25,20,31,42,81,46,37,43,65,18,18,26,7,6,12,19,37,44,32,49,24,28,22,21,19,35,29,17,39,20,35,40,46,39,16,79,37,17,27,22,61,18,57,18,21,27,36,49,83,31,49,26
1842,28,39,19,28,12,19,29,32,19,21,12,33,12,34,21,25,15,30,17,8,28,20,30,19,23,26,22,12,30,25,47,17,15,33,84,35,15,42,17,17,18,177,23,18,25,20,31,42,80,46,37,43,65,18,18,26,7,6,12,19,38,44,32,49,24,28,21,21,18,35,29,17,38,20,34,40,46,38,16,77,37,16,27,22,61,18,57,18,20,27,36,49,83,31,49,26
1843,28,39,19,28,12,19,29,32,19,21,12,33,12,33,21,25,15,30,17,8,28,20,30,19,23,26,22,11,30,25,47,17,15,33,84,35,14,42,17,17,18,174,23,18,24,20,30,42,77,46,37,43,65,18,18,26,7,6,12,19,38,42,32,49,24,28,21,21,18,35,29,17,38,20,34,39,45,38,16,77,37,16,27,22,61,18,56,18,20,27,36,49,83,31,49,26
1844,28,39,18,28,12,19,29,32,19,21,12,33,12,33,21,25,15,29,17,8,28,20,29,19,23,26,22,11,30,25,46,17,15,33,84,35,13,42,17,17,18,173,23,18,24,20,29,42,76,45,37,43,65,18,17,26,7,6,12,19,38,42,31,49,24,27,20,21,18,35,29,17,38,19,34,38,43,38,16,77,37,16,27,22,59,18,56,18,20,27,36,49,83,31,49,26
1845,28,39,18,28,12,19,29,32,19,21,12,32,12,33,20,25,15,29,17,8,28,20,28,19,23,26,22,11,30,24,46,17,15,33,84,34,13,42,17,17,18,173,23,18,24,20,29,42,76,44,36,43,65,18,17,26,7,6,12,19,37,42,31,49,24,27,20,21,18,35,29,17,38,19,34,37,43,38,15,75,37,16,27,22,59,18,56,18,20,27,36,48,82,29,49,26
1846,28,39,17,28,12,19,29,32,19,20,12,32,12,33,20,25,15,28,17,8,28,20,28,19,23,26,22,11,30,24,45,17,15,32,84,34,13,42,17,17,18,172,23,18,24,20,29,42,75,43,36,42,64,18,17,26,7,6,12,18,37,42,30,49,24,27,19,21,18,35,28,17,38,19,34,36,42,38,15,74,37,16,27,22,58,18,55,18,20,27,36,48,82,29,49,26
1847,27,39,17,28,12,19,29,32,19,20,12,30,12,33,20,25,14,28,17,8,28,20,28,19,23,26,22,11,30,24,45,17,15,32,84,34,13,42,17,17,18,171,23,18,24,20,29,41,75,43,36,41,64,18,17,26,7,6,12,18,37,42,30,49,24,27,19,21,18,35,28,17,38,19,34,36,42,38,15,74,36,15,27,22,58,18,55,18,20,26,34,48,80,29,49,26
1848,27,39,17,27,12,19,29,32,19,20,12,30,12,33,20,25,14,28,17,8,28,20,28,19,23,26,22,11,30,24,45,17,15,32,84,34,13,42,17,17,18,171,22,18,23,20,29,41,75,43,36,41,63,18,17,26,7,6,12,18,36,41,30,49,24,26,19,21,18,35,28,16,38,19,34,36,41,38,15,74,36,15,27,22,58,18,55,17,20,25,34,47,80,28,49,26
1849,27,39,17,27,12,19,28,31,19,20,12,30,12,33,20,24,14,28,16,8,28,20,28,19,23,26,22,11,29,24,45,17,15,32,84,34,13,42,15,16,18,170,22,18,22,20,28,41,75,42,36,41,62,18,17,26,7,6,12,18,36,41,30,47,24,25,18,21,18,35,28,16,38,18,33,36,41,38,15,73,36,15,26,22,58,18,55,17,20,25,34,47,80,27,49,26
1850,27,39,16,27,12,19,28,31,19,20,12,30,12,33,19,24,14,28,16,8,28,20,28,18,23,26,22,11,29,23,44,17,15,32,83,34,13,42,15,16,18,170,21,18,21,19,28,41,75,42,36,41,62,18,17,25,7,6,12,17,36,41,30,47,24,25,18,20,18,35,28,16,36,18,33,35,41,38,15,73,36,15,26,22,58,17,55,17,20,24,34,47,80,26,49,26
1851,27,39,16,27,11,19,28,31,19,20,12,30,12,33,19,24,14,28,15,8,28,20,27,18,23,26,22,11,29,23,44,17,15,32,83,34,13,42,15,15,18,169,21,18,21,19,28,41,73,42,36,41,62,18,17,25,7,6,12,17,35,41,30,47,24,25,18,19,18,34,28,16,36,18,33,35,40,38,15,72,36,15,26,22,58,17,55,17,20,24,34,47,80,26,49,25
1852,27,39,16,27,11,19,28,31,19,20,12,30,12,33,18,24,14,28,15,8,28,20,27,18,23,26,22,10,29,23,43,17,15,31,84,34,13,42,15,15,18,166,21,18,21,19,28,41,73,42,36,41,62,18,17,25,7,6,12,16,35,41,30,46,24,24,18,19,18,34,28,16,35,18,33,35,40,38,15,72,36,15,26,22,58,17,55,17,20,24,34,47,79,25,49,25
1853,27,38,16,27,10,19,28,31,19,20,12,30,12,33,18,24,14,28,15,8,28,20,27,18,22,26,21,10,29,23,43,16,15,30,84,33,13,41,15,15,18,166,20,18,21,17,28,40,72,42,36,41,62,18,17,25,7,6,12,16,33,41,29,46,24,24,18,19,18,32,28,16,35,16,33,35,40,37,15,72,36,15,26,22,57,17,54,16,20,24,34,47,79,25,49,25
1854,26,38,15,27,10,19,28,31,19,20,12,30,12,33,18,24,14,28,15,8,28,20,27,18,22,26,20,10,29,23,43,16,15,28,84,32,13,41,15,15,18,166,20,18,21,17,28,40,71,42,36,41,61,16,17,25,7,6,12,16,33,41,29,45,24,24,18,18,18,32,28,16,34,16,32,34,40,37,15,72,36,15,25,22,58,17,54,16,20,24,34,47,79,25,49,24
1855,26,38,15,27,10,19,28,31,18,20,12,29,12,32,17,24,14,27,15,8,28,20,27,18,22,26,20,10,29,22,43,16,15,27,84,31,13,41,15,15,18,165,19,18,21,17,28,40,71,41,36,41,61,16,17,25,7,6,12,16,33,42,29,45,24,24,18,17,18,32,27,16,34,16,31,34,39,37,15,72,36,15,25,22,58,17,54,16,20,24,34,47,79,25,49,24
1856,26,38,15,26,10,19,28,31,18,20,12,29,11,32,17,24,14,27,15,8,27,20,26,18,22,26,20,10,29,22,43,16,14,27,83,31,13,40,15,15,18,165,19,18,21,17,28,40,69,40,36,41,61,16,17,25,7,6,12,16,33,42,28,45,24,24,18,17,18,32,26,16,34,16,31,34,39,37,15,72,36,15,25,22,56,17,53,16,20,24,33,47,79,25,49,24
1857,26,37,15,26,10,19,28,31,18,20,12,29,9,32,17,24,14,27,15,8,27,20,25,18,22,26,20,9,29,22,43,16,14,27,83,31,13,39,15,15,18,164,19,18,21,17,28,39,69,40,36,41,60,16,17,25,7,6,12,16,33,42,28,45,24,24,18,17,18,32,26,16,34,16,31,34,39,37,15,72,36,15,24,22,56,17,53,16,20,24,33,47,79,24,49,24
1858,26,37,15,26,10,19,28,31,18,20,12,29,9,32,17,24,14,27,15,8,27,20,25,18,22,26,20,9,29,22,43,16,14,27,83,30,13,39,15,15,18,162,19,18,20,16,28,39,69,40,36,40,60,16,17,24,7,6,12,16,33,42,28,45,24,23,17,17,18,31,26,16,34,16,30,34,39,37,14,70,36,15,24,21,55,17,53,16,20,24,33,47,79,24,49,24
1859,26,37,15,25,10,19,28,31,18,20,12,29,9,32,16,24,14,27,15,8,27,20,25,18,20,26,20,9,29,22,43,16,14,27,83,29,13,40,15,15,18,162,19,18,20,16,28,39,69,40,36,39,60,16,17,24,7,6,12,16,32,42,28,45,24,22,17,17,17,30,26,16,34,16,30,34,39,36,13,70,34,15,24,20,54,16,53,16,20,23,33,47,79,24,49,23
1860,26,37,15,25,10,19,28,31,18,20,11,29,9,32,16,24,14,26,15,8,27,19,25,18,20,26,20,9,28,22,43,16,14,27,83,29,13,40,15,15,18,162,19,18,20,16,28,38,69,40,36,39,60,16,17,24,7,6,12,16,32,41,28,45,24,22,16,17,17,30,26,16,34,16,30,34,39,35,13,70,34,15,24,20,54,16,53,16,20,23,33,47,78,24,49,23
1861,26,36,15,25,10,19,28,31,17,20,11,29,9,31,16,24,14,26,15,7,27,19,25,18,20,26,20,9,28,22,43,16,14,27,83,29,13,40,15,15,17,161,19,18,20,16,27,38,69,39,36,39,59,16,17,23,7,6,12,15,32,41,27,44,24,22,16,17,17,30,26,16,33,16,30,33,39,35,13,69,34,15,24,20,54,16,53,16,20,22,33,47,78,24,49,22
1862,25,35,15,25,10,19,28,30,17,20,11,29,9,30,16,24,14,26,15,7,27,18,25,18,20,26,20,9,28,22,43,16,14,27,82,29,13,39,15,15,17,161,19,18,20,16,26,38,68,39,36,39,59,16,15,23,7,6,12,15,32,41,27,44,23,22,16,17,16,30,26,16,33,16,30,33,39,35,13,69,34,15,24,20,54,16,52,16,20,22,33,46,78,24,48,22
1863,25,35,15,24,10,19,28,30,17,19,11,29,8,30,16,22,14,26,15,7,27,18,25,17,20,26,20,9,28,22,43,16,14,27,82,29,13,39,15,15,17,160,19,18,18,16,26,38,68,39,36,39,59,16,15,23,7,6,12,15,31,41,27,44,23,22,16,17,15,30,26,16,33,16,30,33,39,35,13,69,34,15,24,20,54,16,52,16,20,22,33,44,77,24,48,22
1864,24,34,15,24,10,19,28,30,17,19,11,29,8,30,16,21,14,26,15,7,27,18,24,17,20,26,20,9,28,22,42,16,14,26,81,28,13,39,15,15,17,160,19,18,18,16,25,38,68,39,36,38,59,16,15,23,7,6,12,15,31,41,27,44,23,22,16,17,15,30,23,16,33,16,30,33,39,35,13,69,34,15,24,20,54,16,52,16,20,22,33,44,77,24,48,22
1865,24,34,15,24,10,19,27,30,17,19,11,29,8,30,16,21,14,26,15,7,27,18,24,17,20,25,20,9,28,22,42,16,14,26,81,27,13,38,15,15,17,160,18,18,17,16,25,38,67,39,36,38,58,16,15,23,7,6,12,15,31,40,27,44,23,22,16,17,15,30,23,16,33,16,30,33,39,35,13,68,34,15,24,20,54,16,52,15,20,22,32,44,77,24,47,22
1866,24,34,15,24,10,19,27,30,17,18,11,29,8,29,16,20,13,26,15,7,26,18,24,17,20,24,20,9,28,22,42,16,14,26,81,27,13,38,15,15,17,159,18,18,17,16,25,38,67,39,36,37,57,16,14,23,7,6,12,15,31,39,27,44,23,22,16,17,15,30,23,16,32,16,30,32,38,35,13,68,34,15,24,19,53,16,52,15,19,22,32,43,76,24,47,22
1867,24,34,15,24,10,18,27,30,17,18,11,29,8,27,15,20,13,26,15,7,26,18,24,17,20,24,20,9,28,21,42,16,14,26,79,27,13,38,14,15,17,157,18,18,17,16,25,38,66,39,36,37,57,16,14,23,7,5,11,15,31,38,27,44,23,21,16,17,15,30,23,16,31,16,30,32,38,35,13,68,34,15,24,18,53,16,51,15,19,22,32,43,76,24,47,22
1868,24,34,15,23,10,18,27,30,17,18,11,29,8,27,14,20,13,26,15,7,26,18,24,17,20,23,20,9,28,21,41,16,14,26,78,26,13,38,14,15,17,156,18,17,17,16,25,38,66,39,36,37,57,16,14,23,7,5,11,15,31,38,27,44,23,21,16,17,15,30,22,16,31,16,30,32,38,35,13,68,34,15,24,18,53,16,51,15,19,22,32,42,76,22,47,22
1869,24,34,15,22,10,18,27,30,17,17,11,29,8,27,14,20,13,26,15,6,26,18,24,17,19,23,20,9,28,21,41,16,14,26,78,26,13,38,14,15,17,156,18,16,17,16,25,37,66,39,36,37,57,16,14,23,7,5,11,14,31,38,26,44,22,21,16,17,15,30,22,16,31,16,29,32,37,35,13,68,34,15,24,18,52,16,51,15,19,22,32,42,75,22,47,22
1870,24,33,14,22,10,18,27,30,17,17,11,28,8,27,14,20,13,26,15,6,26,18,23,17,19,23,19,9,28,21,41,16,14,26,77,26,13,38,14,15,17,155,17,16,17,16,25,36,65,39,36,36,56,16,14,23,7,5,11,14,31,37,26,44,22,21,16,17,14,30,22,16,31,16,29,32,36,34,13,68,33,15,24,18,51,15,51,15,19,22,32,41,74,22,47,22
1871,24,33,13,22,10,18,27,29,17,17,11,28,8,27,14,20,13,25,15,6,26,18,23,17,19,23,19,9,28,21,41,16,14,25,77,26,13,38,14,15,17,155,16,15,17,16,25,36,65,39,36,36,56,16,14,23,7,5,11,14,31,37,26,43,22,20,16,17,14,30,21,16,29,16,29,31,36,34,13,66,33,15,24,18,50,15,51,15,19,21,32,39,73,22,47,22
1872,24,33,13,22,10,18,26,29,17,17,11,28,8,27,13,20,13,25,15,6,26,18,23,16,19,23,18,9,27,20,41,16,14,25,77,26,13,38,14,15,17,153,16,15,16,16,25,35,64,39,36,36,56,15,14,23,7,5,11,14,31,37,26,43,21,20,16,17,14,30,21,15,29,16,28,31,36,34,13,66,33,15,24,18,49,15,51,15,19,21,32,39,73,22,47,22
1873,24,33,13,22,10,18,26,29,17,17,11,28,8,27,11,20,13,25,15,6,26,18,23,15,19,23,18,9,26,20,40,16,14,25,76,25,13,38,14,15,17,152,16,15,16,16,25,35,64,39,36,36,56,15,14,23,7,5,11,14,31,37,25,43,20,19,16,17,14,28,21,15,27,16,28,31,36,33,13,64,32,15,24,18,49,15,50,15,19,21,32,39,73,22,47,22
1874,24,32,13,22,10,18,26,29,17,17,11,28,8,27,10,20,13,25,14,5,26,17,23,15,19,23,18,9,26,20,40,16,14,25,75,25,13,38,14,15,16,151,16,15,15,16,25,35,64,39,36,36,56,15,14,23,7,5,11,14,31,37,25,42,20,19,16,17,13,28,21,15,27,16,28,31,36,33,13,64,31,15,24,18,49,15,50,15,19,21,32,38,73,22,47,22
1875,24,31,13,22,10,17,26,29,17,17,11,27,8,26,10,20,13,24,13,4,26,17,21,15,19,23,18,9,26,20,40,16,14,25,75,25,13,38,14,15,16,151,16,15,15,16,25,35,63,38,36,36,56,15,14,22,7,4,11,14,31,37,24,42,20,19,15,17,13,28,21,15,27,16,28,31,34,33,13,64,31,15,24,18,49,15,50,15,19,21,32,38,73,22,46,22
1876,24,31,13,22,10,17,26,28,17,17,11,26,8,26,10,20,13,24,13,4,26,17,21,15,19,23,18,9,25,20,40,16,14,24,75,25,13,37,14,15,16,151,16,15,15,16,25,35,62,38,36,36,56,15,14,22,7,4,11,14,31,36,24,42,19,19,15,17,13,28,21,15,26,16,27,31,34,33,13,63,31,15,24,17,48,15,49,15,19,21,31,38,73,22,46,22
1877,24,31,13,22,10,17,26,28,17,17,10,26,8,25,9,20,13,24,13,4,26,17,21,15,18,23,18,9,25,20,40,14,14,23,75,25,12,37,14,15,16,150,15,15,15,16,25,35,61,38,36,36,56,15,14,22,7,4,11,14,31,35,24,41,19,19,14,17,13,28,21,15,26,16,26,31,34,33,13,62,31,15,24,17,48,15,49,14,18,21,31,38,73,22,46,21
1878,24,31,12,22,10,17,26,28,17,17,10,26,8,24,9,20,13,24,13,4,26,17,21,15,18,23,18,9,24,19,39,14,14,23,75,25,12,38,14,15,15,149,15,15,15,16,26,35,60,38,36,35,56,14,14,22,7,4,11,14,31,34,24,41,19,19,14,16,13,28,20,15,26,16,26,31,34,33,13,62,31,15,24,17,48,15,49,14,18,21,31,38,71,22,46,21
1879,24,31,12,22,10,17,26,28,16,17,10,26,8,24,9,20,13,24,13,4,26,16,20,15,18,23,18,9,24,19,39,14,14,22,75,24,12,38,14,15,15,149,15,15,15,16,25,35,60,38,36,34,56,14,14,21,7,4,11,14,31,34,23,41,19,18,14,16,13,28,20,15,25,16,26,31,34,32,13,62,31,15,22,17,48,15,49,14,18,21,31,37,69,22,46,21
1880,24,31,12,22,10,17,26,28,16,17,10,26,8,24,9,20,13,24,13,4,26,16,20,15,18,22,18,9,24,19,38,14,14,22,75,24,12,36,14,14,15,148,15,15,15,16,24,35,60,38,36,34,56,14,14,21,7,4,11,14,31,34,23,41,19,18,14,16,13,28,20,15,25,16,26,31,34,32,12,59,30,14,22,17,46,15,49,14,18,21,31,37,69,22,46,21
1881,24,31,12,22,10,17,26,28,16,16,10,26,8,24,9,20,13,24,13,4,25,15,19,15,18,22,18,9,24,19,38,14,14,22,75,24,12,35,14,14,15,147,15,15,15,16,24,35,60,38,36,34,56,13,14,21,7,4,11,14,31,34,23,41,19,18,14,16,13,27,20,15,25,15,26,30,34,31,12,59,29,14,22,17,45,15,49,14,18,21,31,37,68,22,46,21
1882,23,31,11,22,10,17,25,27,16,16,10,26,8,24,9,20,13,23,13,4,25,15,19,14,18,21,18,9,24,19,38,14,14,22,75,24,12,35,14,14,15,146,15,15,15,16,23,34,59,38,36,34,56,13,14,21,7,4,10,14,31,34,23,41,19,18,14,16,13,27,20,15,25,15,26,29,34,31,12,59,29,14,22,17,45,15,49,14,18,21,31,37,68,22,46,21
1883,23,31,11,22,10,17,25,27,16,16,9,26,8,24,9,20,13,23,13,4,24,15,19,14,18,20,17,9,24,19,38,14,14,22,75,24,12,35,14,14,15,144,15,15,15,16,23,34,58,37,35,34,56,13,14,20,7,3,10,14,31,34,23,41,19,18,14,16,13,27,20,15,25,15,26,29,34,31,12,58,29,14,22,16,45,15,49,14,16,21,31,37,68,21,46,21
1884,23,31,11,22,10,17,25,27,15,16,9,26,8,24,9,20,13,23,13,4,24,15,19,14,17,20,17,9,24,19,36,14,14,21,75,23,12,35,14,14,15,144,14,14,15,15,23,34,57,37,34,34,57,13,14,20,7,3,10,14,31,32,23,40,19,18,13,16,13,27,20,15,25,15,26,29,33,31,12,57,29,14,22,16,45,15,46,14,16,21,31,36,67,21,45,20
1885,23,31,11,22,10,17,25,27,15,16,9,26,8,24,9,20,13,23,12,4,24,15,19,14,17,20,17,9,24,19,36,14,14,21,75,23,12,35,14,14,15,144,14,14,15,14,23,34,57,37,34,34,57,13,14,20,7,3,10,14,30,31,23,39,19,17,13,16,13,27,20,15,24,15,25,29,33,31,12,56,29,14,22,16,44,15,46,14,16,21,31,36,67,21,45,20
1886,23,31,11,20,10,17,25,27,15,15,9,26,8,24,9,20,12,23,12,4,24,15,19,14,17,20,17,9,23,19,36,14,14,21,75,23,12,35,14,14,15,144,13,13,15,14,23,34,57,37,32,33,57,13,14,20,7,3,10,14,30,30,23,39,19,17,13,16,13,27,20,15,24,15,25,28,33,31,12,55,29,14,21,16,44,15,46,14,16,21,31,36,67,21,44,20
1887,23,31,10,19,10,17,25,27,15,14,9,26,8,24,9,20,11,23,12,4,24,15,19,14,17,20,17,9,23,19,36,14,14,21,75,22,12,34,14,14,15,144,13,13,15,14,23,34,57,37,32,33,57,13,14,20,7,3,10,14,30,30,23,39,19,16,13,15,13,27,20,14,24,15,25,27,33,30,12,55,29,14,21,16,44,15,46,14,16,20,31,36,66,21,44,20
1888,23,31,10,19,10,17,24,27,15,14,9,26,8,24,9,20,10,23,12,4,24,14,19,14,17,20,15,9,22,19,36,14,14,21,75,22,12,34,14,14,15,144,13,13,15,14,23,34,56,37,32,33,57,13,14,20,7,3,10,13,30,30,22,39,19,16,13,15,13,27,20,14,24,14,25,27,33,29,12,55,29,14,20,16,44,14,45,14,16,20,30,36,65,21,44,20
1889,23,31,10,19,10,17,24,27,14,14,9,26,8,24,9,20,10,22,12,4,24,14,19,14,17,20,15,9,22,19,36,14,13,20,74,22,12,34,14,13,15,144,13,13,15,14,22,34,56,37,32,33,57,13,14,19,7,3,10,13,30,30,22,39,19,16,13,15,13,27,19,14,23,14,25,27,33,29,12,55,29,13,20,16,43,14,42,14,15,19,30,35,65,21,43,20
1890,23,31,10,19,10,16,24,27,14,13,9,26,8,24,9,20,10,22,12,4,23,14,19,14,17,19,14,9,22,19,36,14,13,20,74,22,12,34,14,13,15,143,13,13,15,14,22,34,56,37,32,33,56,13,14,18,7,3,10,13,30,30,22,39,19,15,13,15,13,27,18,14,23,14,25,27,33,28,12,55,29,13,20,16,43,14,42,14,15,19,29,35,65,21,43,20
1891,23,31,10,19,10,16,23,27,14,13,9,26,8,23,9,20,10,22,12,3,22,14,19,14,17,19,13,9,22,19,36,14,13,20,72,22,12,34,14,13,15,141,13,13,15,14,22,32,55,37,32,33,56,13,14,18,7,3,10,13,30,30,22,39,18,15,13,15,13,27,18,14,23,14,25,27,33,28,12,55,29,13,20,16,41,14,42,14,15,19,29,34,65,21,43,20
1892,23,31,10,19,10,16,23,27,14,13,9,26,8,23,9,20,10,22,12,3,22,14,19,14,17,19,13,9,22,19,36,14,13,20,71,22,12,34,14,13,14,138,13,13,15,13,22,32,55,37,32,33,55,13,14,18,7,3,10,13,30,30,22,39,18,14,13,15,13,27,18,14,23,14,25,27,32,27,12,55,29,13,20,16,40,14,41,13,15,19,29,34,64,21,43,20
1893,23,31,10,19,10,16,23,26,13,13,9,26,8,23,9,20,10,21,12,3,22,14,19,14,17,19,12,9,22,19,36,14,13,20,71,22,12,34,14,13,14,136,13,13,14,13,22,32,55,37,32,33,55,12,14,18,7,3,10,12,30,30,22,39,18,14,13,15,13,27,18,14,23,14,25,27,31,27,12,55,29,12,20,16,40,14,41,13,15,19,29,34,63,21,42,20
1894,21,31,10,18,10,16,23,25,13,12,9,26,8,23,9,20,10,21,12,3,22,14,19,14,17,18,11,9,22,19,36,14,13,20,71,22,12,34,14,13,14,135,13,13,14,13,22,32,55,37,32,33,55,12,14,17,7,3,10,12,30,30,22,39,18,14,13,15,13,27,18,14,23,14,25,27,31,27,12,55,29,12,19,16,40,14,41,13,15,19,29,34,63,21,42,20
1895,21,31,10,17,9,16,23,25,13,12,9,25,8,23,9,20,10,19,12,3,22,14,19,14,17,18,11,9,22,19,36,14,13,20,71,22,12,34,14,13,14,134,13,13,14,13,22,32,56,36,31,33,54,11,14,16,7,3,10,12,29,30,22,39,18,14,13,14,13,26,18,14,23,14,25,27,31,27,12,55,29,12,19,16,40,13,41,13,15,19,29,34,63,21,42,20
1896,21,30,10,17,9,16,23,25,13,12,9,25,8,23,9,20,10,19,12,3,22,14,19,14,17,18,11,9,22,19,36,14,13,20,70,22,12,34,13,12,14,133,13,13,14,13,22,32,55,36,31,33,53,11,14,16,7,3,10,11,29,30,22,39,18,14,13,14,13,26,18,14,23,14,25,26,31,27,12,54,28,12,19,16,39,13,40,13,15,19,29,34,62,21,42,20
1897,21,30,10,17,9,16,23,25,13,12,9,25,8,23,9,20,10,19,12,3,22,14,19,14,17,18,11,9,22,18,36,14,13,20,70,22,12,34,13,12,14,133,13,12,12,13,21,32,54,36,31,33,52,11,14,16,7,3,9,11,29,30,22,39,18,14,13,14,13,26,18,14,23,14,25,26,31,27,12,54,28,12,19,16,39,13,40,13,15,18,29,34,62,20,41,20
1898,21,30,10,17,9,16,23,25,13,12,9,25,8,23,9,20,10,19,12,3,22,14,19,14,17,17,11,9,22,18,36,14,13,20,69,22,12,34,13,12,14,134,13,12,11,13,21,32,54,36,30,33,52,11,14,15,7,3,9,11,29,30,22,39,17,14,13,14,13,26,18,14,23,14,25,26,31,27,12,54,28,11,19,16,39,13,40,13,15,18,29,34,60,20,41,20
1899,21,30,10,17,9,15,23,23,13,11,9,25,8,23,9,20,10,19,12,3,22,14,19,14,17,17,10,9,22,18,36,14,13,20,69,22,12,34,13,12,14,133,13,12,11,13,21,32,54,36,30,33,52,10,13,15,7,3,9,11,29,29,22,39,17,14,13,14,13,26,18,14,23,14,24,26,31,27,12,53,28,11,18,16,39,13,39,13,15,18,29,34,60,20,41,20
1900,21,30,10,17,9,15,23,23,13,11,9,24,8,23,9,20,10,19,12,3,22,14,19,14,17,17,10,9,22,18,36,14,13,20,69,22,12,34,13,12,14,133,13,12,10,13,21,32,54,36,30,33,52,10,13,15,7,3,9,11,28,29,21,39,17,14,13,14,13,26,18,14,23,14,24,26,30,27,12,53,28,11,18,16,39,13,39,13,15,18,29,33,59,20,41,20
1901,20,30,10,17,9,15,23,22,13,11,8,24,7,23,9,20,10,19,12,3,22,14,19,14,17,17,10,9,22,17,36,14,13,20,68,21,12,33,13,11,14,130,12,12,10,13,21,31,54,36,30,33,52,10,13,15,7,3,9,11,28,28,21,39,17,13,13,14,13,25,18,14,23,14,23,26,30,27,12,53,28,11,18,16,39,13,39,13,15,17,29,33,59,20,41,20
1902,20,30,10,17,9,15,23,22,13,11,8,24,7,23,9,20,10,19,12,3,22,14,19,14,17,16,9,9,22,17,36,14,13,19,68,21,12,33,13,11,14,128,12,12,10,13,20,31,54,36,30,32,51,10,13,14,7,3,9,11,28,28,20,38,17,13,13,14,13,25,18,14,23,14,23,26,30,27,12,52,28,11,18,16,39,13,39,13,14,17,29,33,58,20,41,20
1903,20,30,10,17,9,15,23,22,12,11,8,24,7,23,8,20,10,19,12,3,22,13,19,13,17,16,9,9,22,16,35,14,13,19,68,21,12,33,13,10,14,127,12,12,10,13,21,31,54,36,30,31,51,10,13,14,7,3,9,11,28,28,20,38,17,13,13,14,12,25,18,14,23,14,23,26,30,27,12,52,28,11,18,15,39,13,39,13,14,16,29,33,57,20,40,20
1904,20,30,10,17,8,15,23,22,12,11,8,24,7,23,8,20,10,19,11,3,22,13,19,13,17,16,9,9,21,16,34,14,13,19,67,21,11,33,13,10,14,125,12,12,10,13,21,31,54,36,30,31,50,10,13,14,7,3,9,10,28,27,20,38,17,13,13,14,12,25,18,14,23,14,23,26,30,27,12,52,27,11,18,14,38,13,38,13,14,16,28,33,56,20,39,20
1905,20,30,10,17,8,14,23,22,12,11,8,24,7,23,8,20,10,19,11,3,22,13,19,12,17,16,9,8,21,15,34,14,12,19,67,21,11,33,13,10,14,125,12,12,10,13,20,29,54,36,29,31,50,10,13,14,7,3,9,10,28,27,20,38,17,13,13,14,12,24,18,14,23,14,23,25,30,27,12,52,27,11,18,14,37,13,38,13,14,16,28,33,56,20,36,20
1906,20,30,9,17,8,14,23,22,12,11,8,24,7,23,8,20,10,19,11,3,21,13,19,12,17,16,9,8,21,15,33,14,12,19,67,21,11,32,13,10,14,122,12,12,10,13,19,29,54,36,29,31,50,10,13,14,7,3,9,10,28,27,20,38,16,13,13,14,12,24,18,14,23,14,22,25,30,27,12,52,27,11,18,14,37,13,37,13,13,16,28,33,55,20,35,20
1907,20,30,9,17,8,14,22,22,12,11,8,24,7,23,8,20,10,19,11,3,21,13,18,12,17,16,9,8,21,15,33,14,12,18,66,21,11,31,13,10,14,122,12,12,10,13,19,29,54,36,29,31,50,10,13,14,7,3,9,10,28,27,20,38,16,13,13,13,12,24,18,13,23,14,22,25,30,27,12,52,27,11,18,13,37,13,37,12,13,14,28,33,55,20,34,20
1908,19,30,9,17,8,13,22,22,12,11,6,24,7,23,8,20,10,19,10,3,21,13,17,12,15,15,9,8,21,15,33,14,12,18,66,21,11,30,13,10,14,119,12,12,10,13,19,29,54,35,26,30,49,10,13,14,7,3,9,10,28,27,20,38,16,13,13,13,12,23,18,13,22,14,22,25,30,26,12,51,27,11,18,13,37,13,37,12,13,14,28,33,55,19,34,20
1909,19,29,9,17,8,13,22,22,12,11,6,24,7,23,8,20,10,19,10,3,21,13,17,12,15,15,9,8,21,15,33,14,12,18,66,21,11,30,12,10,13,118,12,12,9,13,19,29,54,35,26,30,47,10,13,14,7,3,9,10,28,27,20,37,16,13,13,13,12,23,18,13,22,14,22,25,30,26,11,51,27,11,18,13,37,13,37,12,13,13,28,33,55,19,34,20
1910,19,29,9,17,8,13,22,22,12,11,6,24,7,23,7,20,10,19,10,3,21,13,17,12,15,15,9,8,20,15,33,14,12,18,64,21,11,30,12,10,13,118,11,12,9,13,19,29,54,35,26,30,47,9,12,14,7,3,9,10,27,28,20,37,15,13,12,13,12,23,18,13,22,14,21,25,29,26,11,50,27,11,18,12,37,13,36,12,13,13,28,33,55,19,34,19
1911,19,29,9,17,8,13,22,21,12,11,6,24,7,23,7,20,10,19,10,3,21,13,17,12,15,15,9,8,20,14,33,14,12,18,64,21,11,30,12,9,12,117,11,12,9,13,19,29,54,35,26,30,47,9,11,14,7,3,9,9,27,28,20,37,15,13,12,13,12,23,18,13,22,14,21,25,29,26,11,50,25,11,18,11,37,13,36,12,13,13,28,32,54,19,34,19
1912,19,29,9,17,8,13,22,21,12,11,6,24,7,23,7,20,9,18,10,3,21,12,17,12,15,15,9,8,20,14,33,14,12,18,61,21,11,30,12,9,12,117,11,12,9,13,19,29,54,35,26,30,47,9,11,14,7,3,9,9,27,27,20,37,15,13,12,13,12,21,18,13,22,14,21,25,29,26,11,50,25,11,18,11,36,13,36,12,13,13,28,32,53,19,34,19
1913,19,29,9,17,8,13,22,21,12,11,6,24,7,23,7,20,9,18,10,3,20,12,17,12,15,15,8,8,20,14,33,14,11,18,61,21,11,30,12,9,12,116,11,12,9,13,19,29,54,35,25,30,47,9,11,14,7,3,9,9,27,27,20,37,15,13,12,13,12,21,18,13,22,14,21,25,29,26,11,49,24,11,18,11,36,13,36,12,13,13,27,32,53,19,33,18
1914,19,29,9,17,6,13,22,21,12,11,6,24,7,23,7,20,9,18,10,3,20,12,17,12,15,15,8,8,20,14,33,14,11,17,61,21,11,28,11,9,12,116,11,12,9,13,20,29,53,35,25,30,46,8,11,14,5,3,9,9,27,27,19,37,15,13,12,13,12,21,18,13,22,14,21,25,29,26,11,49,24,11,17,11,36,13,36,12,13,13,27,32,53,19,33,17
1915,19,29,9,17,6,13,22,21,12,11,6,24,7,23,7,20,9,18,10,3,20,12,17,11,14,15,8,8,20,14,33,14,11,17,61,21,11,28,11,9,12,115,11,12,9,13,20,29,53,33,25,30,46,8,10,14,5,3,9,9,27,27,19,37,15,13,12,13,12,21,18,13,22,14,20,25,29,25,11,48,24,11,17,11,36,13,36,12,13,13,27,31,52,19,33,17
1916,18,29,9,17,6,13,21,21,12,11,6,24,7,23,6,20,9,18,10,3,20,12,17,11,14,15,8,8,20,14,33,14,10,17,61,21,11,28,11,9,12,115,11,12,9,13,20,29,52,33,25,30,46,8,10,13,5,3,9,9,27,27,19,37,15,13,11,13,12,21,18,13,22,14,20,25,27,25,11,48,24,10,17,11,36,13,36,12,13,13,27,31,50,19,31,17
1917,18,29,9,17,6,13,21,21,12,11,6,24,7,22,6,20,9,18,10,3,20,12,17,11,13,15,8,8,20,14,32,13,10,17,61,21,11,28,11,9,12,114,11,12,9,12,20,26,52,33,25,30,46,8,10,13,5,3,9,9,27,27,19,37,14,13,11,13,12,21,18,13,22,14,20,25,27,25,11,48,24,9,17,11,36,13,36,12,13,13,27,31,50,19,31,17
1918,17,28,9,17,6,13,21,21,12,11,6,24,7,22,6,20,9,18,9,3,20,12,17,11,13,14,8,8,20,14,32,13,10,17,61,21,11,28,11,9,12,115,11,12,9,12,20,26,51,33,24,29,46,8,10,13,5,3,9,9,27,27,18,37,14,13,11,13,12,21,18,13,22,14,20,24,27,25,11,47,24,9,17,11,36,13,36,12,13,13,27,31,48,19,31,17
1919,17,28,9,17,6,13,21,21,12,11,6,23,7,22,6,20,9,18,9,3,20,12,17,11,13,14,8,8,19,14,32,13,10,17,61,21,10,28,11,9,12,115,11,12,9,12,20,26,51,33,24,28,46,8,10,13,5,3,9,9,27,26,18,37,14,13,10,13,12,21,18,13,22,14,20,24,27,25,11,47,23,9,17,11,36,13,35,11,13,13,27,31,48,19,31,16
1920,17,28,9,17,6,13,21,21,12,11,6,23,7,22,6,20,9,18,9,3,20,12,17,11,13,14,8,8,19,14,32,13,10,17,60,21,10,28,11,9,12,114,11,12,9,12,20,25,51,33,24,28,46,8,10,13,5,3,9,9,27,24,18,37,14,13,10,13,12,21,18,13,22,14,19,24,27,24,11,47,22,9,17,11,36,13,35,11,13,13,27,31,48,19,31,16
1921,17,28,9,17,6,13,21,21,12,11,6,23,7,22,6,20,9,18,9,3,20,12,17,11,13,14,8,8,19,14,32,13,10,17,60,20,9,27,11,9,12,114,11,11,9,12,20,25,51,33,24,28,46,8,10,13,5,3,9,9,27,24,17,37,14,13,10,13,12,21,18,12,22,13,19,23,27,24,11,47,22,9,17,11,36,13,35,11,13,13,27,31,48,19,31,16
1922,17,28,9,17,6,13,21,20,12,11,6,23,7,22,6,20,9,18,9,3,20,12,17,11,13,13,8,8,18,14,31,13,10,17,60,20,9,27,11,9,12,113,11,11,9,12,19,25,51,33,24,28,46,8,10,13,5,3,9,9,27,24,17,36,14,13,10,13,12,21,18,12,22,13,19,23,27,24,11,47,21,9,17,11,36,13,34,11,13,13,27,31,48,19,31,16
1923,17,28,9,17,6,13,21,20,12,11,6,23,7,22,6,20,9,17,9,3,20,12,17,11,13,13,8,8,18,14,31,13,9,17,60,18,9,28,11,9,12,113,11,11,9,12,19,25,50,33,24,28,46,8,10,13,5,3,9,9,27,24,17,36,14,13,10,13,12,19,18,12,22,13,18,23,27,24,11,46,21,9,17,11,36,13,34,11,13,13,27,31,48,19,31,16
1924,17,27,9,17,6,13,21,20,12,10,6,23,7,22,6,20,9,17,9,3,20,12,17,11,13,13,8,8,18,14,31,12,9,17,59,17,9,28,11,9,12,113,11,11,9,12,19,25,50,33,24,28,46,8,10,13,5,3,9,9,26,24,17,36,14,13,10,13,12,19,18,12,22,13,18,23,26,24,11,46,21,9,17,11,36,13,33,11,13,13,27,31,48,19,31,16
1925,16,27,9,17,6,13,20,20,12,10,6,23,7,22,6,20,9,17,9,3,20,12,17,11,13,13,8,8,18,13,31,12,9,17,59,17,8,28,11,9,12,113,11,11,9,12,18,25,50,33,24,28,46,8,10,13,5,3,9,9,25,24,17,35,14,13,10,13,12,19,18,11,21,13,18,23,26,24,11,46,21,9,17,11,34,13,32,11,13,12,27,31,48,19,30,16
1926,16,27,9,17,6,12,20,20,10,10,6,23,7,22,6,20,8,17,9,3,18,12,17,11,12,13,8,8,18,13,31,12,9,17,58,17,8,28,11,9,12,113,11,11,9,12,18,25,50,33,24,28,46,8,10,13,5,3,9,9,25,24,17,35,14,13,10,13,12,19,18,11,21,13,18,23,26,24,11,46,21,9,16,10,33,13,32,11,13,12,27,31,47,19,30,16
1927,16,27,9,17,5,12,20,20,10,10,6,23,7,22,6,20,8,17,9,3,17,12,17,11,12,13,8,8,18,13,30,12,9,17,58,17,8,27,11,9,12,113,10,11,9,12,18,25,50,33,24,28,46,8,10,12,5,3,9,9,25,24,17,35,14,13,10,13,12,19,18,11,20,13,18,23,26,24,11,46,21,9,16,10,32,13,32,11,13,12,27,30,47,19,29,16
1928,16,27,9,17,5,12,20,20,10,10,6,23,7,22,6,19,8,17,9,3,17,12,17,11,12,13,8,8,18,12,30,12,9,17,56,17,8,27,11,9,12,113,10,11,9,12,18,25,50,33,24,28,46,8,9,12,5,3,9,9,25,24,17,35,13,13,9,12,12,19,18,11,20,13,18,23,26,24,11,46,21,9,16,10,32,13,32,11,13,12,27,30,47,19,29,15
1929,16,27,9,17,5,12,20,20,10,9,6,22,7,21,6,19,8,17,9,3,17,12,17,11,12,13,8,8,18,12,30,12,9,16,54,17,8,27,11,9,12,113,10,11,9,12,18,24,50,33,24,28,46,8,9,12,5,3,9,9,25,24,17,35,13,13,9,12,12,19,18,11,20,12,18,23,26,24,11,46,21,9,16,10,31,13,32,11,13,12,27,30,47,19,29,15
1930,16,27,9,17,5,12,20,20,10,9,6,22,7,21,6,19,8,17,9,3,16,12,17,10,12,13,8,8,18,12,29,12,9,16,54,17,8,27,10,9,11,113,9,11,9,12,18,24,49,33,24,28,46,8,9,12,5,3,9,9,25,24,17,35,12,13,9,12,12,19,18,11,19,11,17,23,26,24,11,46,21,9,15,10,31,13,31,11,13,12,27,30,47,19,29,15
1931,16,27,9,18,5,12,20,20,10,9,6,22,7,21,6,19,8,17,9,3,16,12,17,10,12,13,8,8,18,12,28,12,9,16,54,17,8,27,10,9,11,113,9,10,9,12,18,24,48,33,24,27,45,8,9,12,5,3,9,9,24,24,17,35,12,13,8,12,11,19,18,11,19,11,16,23,26,24,11,46,21,9,15,10,31,13,31,11,13,12,27,30,46,19,29,15
1932,16,27,9,18,5,12,19,20,10,9,6,22,7,21,6,18,7,17,9,3,16,12,17,10,11,13,8,8,18,12,28,12,9,16,54,17,8,27,9,9,10,112,9,10,9,12,18,24,48,33,24,27,45,8,9,12,5,3,9,9,24,24,17,35,12,13,8,12,11,19,18,11,19,11,16,23,26,23,11,46,21,9,15,10,31,13,30,10,13,12,27,30,46,19,29,15
1933,16,26,9,18,5,12,19,20,10,9,6,22,7,21,6,18,7,17,9,3,16,12,17,10,11,12,8,8,18,12,27,12,9,16,54,17,8,27,9,9,10,112,9,10,9,12,18,24,48,32,24,27,45,8,9,12,5,3,9,9,24,24,17,35,12,13,8,12,11,18,18,11,19,11,16,23,25,23,11,45,21,9,15,10,31,13,29,10,13,12,27,30,46,19,28,15
1934,16,26,9,18,5,12,19,20,9,9,6,21,7,20,6,18,7,17,9,3,16,12,17,10,11,12,7,8,18,12,27,12,9,16,54,17,8,27,9,9,10,112,9,10,9,12,18,24,47,32,24,27,44,8,9,12,5,3,9,9,24,24,17,35,12,12,8,12,11,18,18,11,19,11,15,23,25,23,11,44,21,9,15,10,31,13,29,10,13,12,27,30,45,19,28,15
1935,16,26,9,18,5,12,19,20,9,9,6,21,5,20,6,18,7,17,8,3,16,12,17,10,11,12,7,8,18,12,26,12,9,16,54,17,8,27,8,9,9,111,9,10,9,12,18,24,46,31,24,26,44,8,9,12,5,3,9,9,23,24,17,35,12,12,8,12,11,18,18,11,19,11,15,23,25,23,10,44,21,9,15,10,31,13,29,10,13,11,27,30,45,19,28,15
1936,16,26,9,18,5,12,19,20,9,9,6,21,5,20,6,18,7,17,8,3,16,12,17,10,11,11,7,7,17,12,25,11,9,16,54,17,8,27,8,9,9,111,9,10,9,12,18,23,46,30,24,26,44,8,9,12,5,3,9,9,23,24,17,35,12,11,8,11,11,18,18,11,19,11,15,23,24,22,10,44,21,9,15,10,31,13,29,10,13,11,26,30,44,19,28,15
1937,16,26,8,18,5,12,19,20,9,9,6,20,5,19,6,18,7,17,8,3,16,12,17,10,11,11,7,7,17,12,25,11,9,16,54,17,8,26,8,9,9,111,9,10,9,12,18,23,46,30,24,26,44,8,9,12,5,3,9,9,23,23,17,35,12,11,8,11,11,18,18,11,19,11,15,23,24,21,10,43,21,9,15,10,31,13,29,10,13,11,26,30,44,19,28,15
1938,16,25,8,18,5,12,19,20,9,9,6,20,5,19,6,18,7,17,8,3,16,12,17,10,11,11,7,7,17,12,24,11,9,16,54,17,8,26,8,9,9,111,9,10,9,12,18,23,46,30,24,26,44,8,9,12,5,3,9,8,22,23,17,35,12,10,8,11,11,17,18,11,19,11,15,23,24,21,10,43,21,9,15,10,31,13,29,10,13,11,26,30,44,19,27,15
1939,16,25,8,18,4,12,19,19,9,9,6,19,5,19,6,18,7,16,8,3,16,12,17,10,11,11,7,7,17,12,24,11,9,16,53,17,8,25,8,9,9,110,9,10,9,12,18,23,46,30,24,26,43,8,9,12,5,3,9,8,22,23,17,35,12,10,8,11,11,17,18,11,19,11,15,23,23,21,10,43,21,9,14,10,31,13,29,10,12,11,26,30,44,19,27,15
1940,16,25,8,18,4,12,19,19,9,9,6,19,5,19,6,18,7,16,8,3,16,12,17,10,11,11,7,7,17,12,24,11,9,15,52,17,8,25,8,9,9,110,8,10,9,12,18,22,45,30,23,26,43,8,9,12,5,3,9,8,22,23,17,35,12,10,8,11,11,16,18,11,19,11,15,23,23,20,9,43,21,9,14,10,30,13,29,10,12,11,26,30,44,19,27,15
1941,16,25,8,17,4,12,19,19,9,9,6,19,5,19,6,18,7,16,8,3,16,12,17,10,11,11,7,7,17,12,24,11,9,15,52,17,8,25,8,8,9,109,8,10,9,11,18,22,46,30,23,26,43,8,9,12,5,3,9,8,21,23,16,35,12,10,8,11,11,16,18,11,18,11,15,23,23,20,9,43,21,9,14,10,30,13,28,10,11,11,26,30,44,19,27,15
1942,16,25,8,17,4,12,18,17,9,9,6,19,5,19,6,18,7,16,8,3,16,12,17,10,10,11,7,7,16,12,23,11,9,14,51,17,8,25,8,8,9,109,8,10,9,11,18,21,46,30,23,26,42,8,9,12,5,3,9,8,21,23,16,35,12,10,8,11,11,16,18,11,18,11,15,23,23,19,9,43,21,9,14,10,30,13,27,10,11,11,25,30,44,18,27,15
1943,16,24,8,17,4,11,18,16,9,9,6,19,5,19,6,18,7,16,8,3,16,12,17,10,10,11,7,7,16,12,23,11,9,14,51,17,8,25,8,8,9,109,8,10,9,11,18,20,46,30,22,26,41,8,9,12,5,3,9,8,21,23,16,35,12,10,8,11,11,16,18,11,18,11,15,23,22,19,9,43,21,9,14,10,29,13,27,10,11,11,25,29,44,18,27,15
1944,16,24,8,16,4,11,18,16,9,9,6,19,5,19,6,18,7,15,8,3,16,11,17,10,10,11,7,7,16,12,23,11,9,14,51,17,8,25,8,8,9,110,8,10,9,11,18,20,46,30,22,26,40,8,9,12,5,3,9,8,21,23,16,34,12,10,8,11,11,16,17,11,18,11,15,23,22,19,9,43,21,9,14,10,29,13,27,10,11,11,25,28,44,18,27,15
1945,16,24,8,16,4,11,18,16,9,9,6,19,5,19,6,18,7,15,8,3,16,11,17,9,10,11,7,7,16,12,22,11,9,14,51,17,7,25,8,8,9,108,8,10,9,11,18,20,46,30,22,26,40,8,9,12,5,3,9,8,21,23,16,34,12,10,8,10,11,16,17,11,18,11,15,23,21,19,9,43,21,9,14,10,29,13,27,10,11,11,24,28,43,17,27,15
1946,16,24,8,16,4,11,18,16,9,9,6,18,5,19,6,18,7,15,8,3,16,11,17,9,10,11,7,7,15,12,22,10,8,14,51,17,7,25,8,8,9,107,8,9,9,11,18,20,46,30,21,26,41,8,9,12,5,3,9,8,21,23,16,33,12,10,8,10,11,15,17,11,17,11,14,23,21,19,9,43,21,9,14,10,29,13,27,10,11,11,24,28,42,17,27,15
1947,16,24,8,16,4,11,18,16,8,9,6,18,5,19,6,18,7,14,8,3,16,11,17,9,10,11,7,7,15,12,22,10,8,14,51,17,7,24,8,8,9,107,8,9,9,11,18,20,46,30,21,26,41,8,9,11,5,3,9,8,21,23,16,32,12,10,8,9,11,15,17,11,17,11,14,23,21,19,9,41,21,9,14,10,29,13,27,10,10,11,24,28,42,17,27,15
1948,16,24,7,16,4,11,18,16,8,9,6,18,5,19,6,18,7,14,7,3,16,11,17,9,10,11,7,7,15,12,22,10,8,14,51,17,7,24,8,8,9,107,8,9,9,11,18,20,45,29,21,26,41,8,9,11,5,3,9,8,21,22,16,31,12,10,8,9,11,15,17,11,17,11,14,23,21,19,9,41,21,9,14,10,29,13,25,10,10,11,24,27,41,17,26,15
1949,16,24,7,16,4,11,18,16,8,9,6,18,5,19,6,18,7,14,7,3,16,11,17,8,10,11,7,7,15,12,22,10,8,14,51,17,7,24,8,8,9,106,8,9,9,11,18,20,45,29,21,25,40,8,9,11,5,3,9,8,21,22,16,31,12,10,8,9,11,15,17,11,17,11,14,23,21,19,9,40,21,9,14,10,28,13,25,10,10,11,24,26,41,17,26,15
1950,16,24,7,15,4,11,18,16,8,9,6,18,5,19,6,18,7,14,7,3,16,11,17,8,10,11,7,7,15,12,22,10,8,14,51,17,7,24,8,8,9,106,8,9,9,11,18,20,45,29,21,25,40,8,9,11,5,3,9,8,21,22,16,31,12,10,8,9,11,15,17,11,17,11,14,23,21,19,9,39,21,9,13,10,28,13,25,10,9,11,24,26,41,17,26,15
1951,16,24,7,15,4,11,18,16,8,9,6,18,5,19,6,18,7,14,7,3,16,11,17,7,10,11,7,7,15,12,22,10,8,14,51,17,7,24,8,7,9,106,8,9,9,11,18,20,45,29,21,25,40,8,9,11,5,3,9,8,20,22,16,30,12,10,8,9,11,15,17,11,17,11,14,22,21,19,9,38,21,9,13,10,28,13,25,10,9,11,24,25,41,17,26,15
1952,16,24,7,15,4,11,18,16,8,9,6,18,4,19,6,18,7,14,7,3,16,11,17,7,10,11,7,7,15,12,22,10,8,14,51,17,7,24,8,7,9,106,8,9,9,10,18,20,44,29,21,25,40,8,9,11,4,3,9,8,20,22,15,30,12,10,8,9,11,15,16,11,17,11,14,22,21,19,9,38,21,9,12,10,27,12,25,10,9,11,24,25,41,17,26,15
1953,16,24,7,15,4,11,18,16,8,9,6,18,4,19,6,18,7,14,7,3,16,11,17,7,10,9,7,7,15,12,21,9,8,13,51,17,7,24,8,7,9,105,8,9,9,9,18,19,44,29,21,25,39,8,9,9,4,3,9,8,20,20,15,29,12,10,8,8,11,15,16,11,16,11,14,22,21,19,9,38,20,9,12,10,27,12,25,10,9,11,24,25,41,17,26,15
1954,16,24,7,15,4,11,18,15,8,9,6,18,4,18,6,18,7,14,7,3,16,11,16,7,10,9,7,7,15,12,20,9,8,13,51,17,7,24,8,7,9,104,8,9,9,9,18,19,44,29,21,25,39,8,9,9,4,3,9,8,20,20,15,29,12,10,8,8,11,15,16,11,16,11,14,22,21,19,9,38,19,9,12,10,27,12,26,9,9,11,24,25,41,17,26,14
1955,16,24,7,14,4,11,18,15,8,9,6,18,4,18,6,18,7,14,7,3,15,11,16,7,10,9,7,7,15,12,20,9,8,13,50,17,7,24,8,7,9,103,8,9,9,9,18,19,44,29,21,25,37,8,9,9,4,3,9,8,19,20,15,29,12,10,8,8,11,15,16,11,16,11,14,22,21,19,9,38,19,9,12,10,27,12,26,9,9,11,24,25,41,17,26,14
1956,16,24,7,14,4,11,18,15,8,9,6,18,4,18,6,17,7,14,7,3,15,11,16,7,10,9,7,7,14,11,20,9,8,13,49,17,7,24,8,7,9,102,8,9,9,9,18,19,44,29,21,25,37,8,9,9,4,3,9,8,19,20,15,29,12,10,8,8,11,15,16,11,15,11,13,22,21,19,9,37,19,9,12,10,26,12,26,9,9,10,24,25,41,17,26,14
1957,16,24,7,14,3,11,18,15,8,9,6,18,4,18,6,17,7,14,7,3,15,11,16,7,10,9,6,7,14,11,20,9,8,13,48,17,7,24,8,7,9,102,8,8,9,9,18,18,43,29,21,25,37,8,8,9,4,3,9,8,19,20,15,29,12,10,8,8,11,15,15,11,15,11,13,22,20,19,9,36,19,9,12,10,26,12,26,9,9,10,24,25,41,17,26,14
1958,16,23,7,14,3,10,17,15,8,9,6,18,4,18,6,17,7,14,7,3,15,11,16,7,10,9,6,7,14,11,20,9,8,13,48,16,7,24,8,7,9,102,8,8,9,9,18,18,44,29,20,25,37,8,8,9,4,3,9,8,19,20,15,29,11,10,8,8,11,15,14,10,15,9,13,21,20,19,9,36,19,9,11,10,24,12,26,9,9,10,24,25,41,17,26,13
1959,15,23,7,14,3,10,17,15,7,9,6,18,4,18,6,17,7,14,7,3,15,11,16,7,10,9,6,7,14,11,20,9,8,13,48,16,6,24,8,7,9,102,8,8,9,9,18,18,44,29,20,24,37,8,8,9,4,3,9,8,19,20,14,29,11,10,8,8,11,15,13,10,15,9,13,21,20,19,9,36,19,9,11,10,24,12,25,9,9,10,24,24,40,17,26,13
1960,15,23,7,14,3,10,17,15,7,8,6,18,4,18,6,17,7,14,7,3,14,11,16,7,10,9,6,7,14,11,20,9,8,13,48,15,6,24,8,7,9,100,7,8,9,9,18,17,44,29,20,24,37,8,7,8,4,3,9,8,19,19,14,28,10,9,8,8,11,15,13,10,15,9,13,21,20,19,9,36,19,9,11,10,24,11,25,9,9,10,24,23,40,17,26,13
1961,15,23,7,14,3,10,16,15,6,8,6,17,4,18,6,17,7,14,7,3,14,10,16,7,10,9,6,7,14,11,20,9,8,13,47,15,6,24,8,7,9,99,7,8,9,9,18,17,44,29,20,24,37,8,7,8,4,3,9,8,18,19,14,27,10,9,8,8,11,15,13,10,15,9,13,21,19,19,9,36,19,9,11,10,24,11,25,9,9,10,24,23,40,17,26,13
1962,15,23,7,14,3,10,16,15,6,8,6,17,4,18,6,16,7,14,7,3,13,10,16,7,10,9,6,7,14,11,20,9,8,13,47,15,6,24,8,7,9,99,7,8,9,9,18,17,44,29,20,24,37,8,7,8,4,3,9,8,18,18,14,27,10,9,7,8,11,15,13,10,15,9,13,21,19,19,9,36,19,9,11,10,24,11,25,9,9,10,23,23,40,17,26,13
1963,15,23,7,14,3,10,16,15,6,8,6,17,4,18,5,16,7,14,7,3,13,10,15,7,10,9,6,7,14,11,20,9,8,13,47,15,6,24,7,7,9,99,7,8,9,9,18,17,43,29,20,24,37,7,7,8,3,3,9,8,18,18,14,27,10,9,7,8,11,15,13,10,15,9,12,21,19,18,9,36,19,9,11,10,24,11,24,9,9,10,22,23,39,17,26,13
1964,15,23,7,14,3,10,16,15,6,8,6,16,4,18,5,16,7,13,7,3,13,10,15,7,10,9,6,7,14,11,20,9,8,13,47,15,6,24,7,7,9,98,7,8,9,9,18,17,43,28,20,24,37,7,6,7,3,3,9,8,18,18,14,26,9,9,7,8,11,15,13,10,15,9,11,21,19,18,9,33,19,9,11,10,24,11,24,9,9,10,22,24,39,17,26,13
1965,15,23,7,14,3,9,16,15,6,8,6,16,4,18,5,16,6,13,7,3,13,10,14,7,10,9,6,7,14,11,20,9,8,13,47,15,5,23,7,7,8,97,7,8,9,9,18,17,43,28,20,24,37,7,6,7,3,3,9,8,17,18,14,26,9,9,7,8,11,15,12,10,15,9,10,21,19,18,9,33,19,9,11,10,24,11,24,9,9,10,22,24,39,17,26,13
1966,15,23,7,14,3,9,15,15,6,8,6,16,4,18,5,16,6,13,7,3,13,10,12,7,10,9,6,7,14,11,20,9,8,13,47,15,5,23,7,7,8,96,7,8,9,9,18,17,42,28,20,24,37,7,6,7,3,3,9,8,17,18,14,26,9,9,7,8,11,15,12,10,15,9,10,20,19,18,9,32,19,9,10,10,24,11,24,9,9,10,22,24,39,17,26,13
1967,15,22,7,14,3,9,15,15,6,8,6,16,4,18,5,16,6,13,6,3,13,10,12,7,10,9,6,7,14,11,20,9,8,13,47,15,5,23,7,7,8,95,7,8,9,9,18,17,43,28,20,23,37,7,6,7,3,3,9,8,17,18,14,26,9,9,7,8,11,15,12,10,15,9,10,20,19,18,9,32,19,9,10,10,24,10,24,9,9,10,22,24,39,17,26,12
1968,15,22,7,14,3,9,15,15,6,8,6,16,4,18,5,16,6,12,6,3,13,10,12,7,10,9,6,7,14,11,20,9,8,13,47,15,5,23,7,7,8,95,7,8,8,9,18,17,43,27,20,23,37,7,6,7,3,3,9,8,17,18,14,25,9,9,7,8,11,15,12,10,15,9,10,18,19,18,8,33,19,9,10,10,24,10,24,8,9,10,22,24,38,17,25,12
1969,13,22,7,14,3,9,15,15,6,8,6,16,4,17,5,16,6,12,6,3,13,10,12,7,9,9,6,7,14,11,20,8,8,13,47,15,5,23,7,7,8,94,7,8,8,9,18,17,43,27,20,23,37,7,6,7,3,3,9,8,17,18,14,24,9,9,7,8,11,15,11,10,15,9,10,18,19,18,8,33,19,9,10,10,24,10,23,8,8,10,22,24,38,17,25,12
1970,13,22,7,14,3,9,15,15,6,8,6,16,4,17,5,15,6,12,6,3,13,10,12,7,9,9,6,7,14,11,20,8,7,13,46,15,5,23,7,7,8,94,7,8,8,9,18,17,43,27,20,23,37,7,6,7,3,3,9,8,17,18,14,24,9,9,7,8,11,15,11,10,15,9,10,18,19,18,8,33,18,9,10,10,24,10,23,8,8,10,22,24,38,17,25,12
1971,13,22,7,14,3,9,15,14,6,8,6,16,4,16,5,15,6,12,6,3,13,10,12,7,9,9,6,7,14,11,20,8,7,13,46,15,5,23,7,7,8,94,7,8,8,9,18,17,43,27,20,23,37,7,6,7,3,3,9,8,17,18,14,24,9,9,7,8,11,15,11,10,15,9,10,18,19,18,8,33,18,9,9,10,24,10,23,8,8,10,22,24,37,17,25,12
1972,13,21,7,14,3,9,15,14,6,8,6,16,4,16,5,15,5,12,6,3,13,10,12,7,9,9,6,7,14,11,19,8,7,12,45,15,5,23,7,7,8,93,7,8,8,9,18,17,42,27,20,23,37,7,6,7,3,3,9,8,17,18,14,24,9,9,7,8,11,14,11,10,15,9,10,18,19,18,8,33,18,9,9,10,24,10,23,7,8,10,22,24,37,17,25,12
1973,13,21,7,14,3,9,15,14,6,8,6,15,4,15,5,15,5,12,6,3,13,10,12,7,9,9,6,7,14,10,19,8,7,12,45,15,5,23,7,7,8,92,7,8,8,9,18,17,42,27,19,23,37,7,6,7,3,3,9,8,17,18,14,24,9,9,7,8,11,14,11,10,15,9,10,18,19,18,8,33,18,9,9,10,24,10,23,7,8,10,22,24,35,17,25,12
1974,12,21,7,14,3,9,15,14,6,8,6,15,4,15,5,15,5,12,6,3,13,10,12,7,9,9,6,7,14,10,19,8,7,12,44,15,5,23,7,7,8,91,7,8,8,9,18,17,41,27,19,23,36,7,6,7,3,3,8,8,17,18,14,24,9,9,6,8,11,14,11,10,15,9,10,18,19,18,8,33,18,9,8,10,24,10,23,7,8,10,22,24,35,17,25,12
1975,11,21,7,14,3,8,15,14,6,8,6,15,4,15,5,15,5,12,6,3,13,10,12,7,9,9,6,7,14,10,19,8,6,12,44,15,5,22,7,7,8,91,7,8,8,9,18,16,41,27,19,23,36,7,6,7,3,3,8,8,17,18,14,24,9,9,6,8,11,14,11,10,15,8,10,17,19,17,8,30,18,8,8,10,24,10,23,7,8,10,22,24,35,17,24,12
1976,11,21,7,14,3,8,15,14,6,8,6,15,3,14,5,13,5,12,6,3,13,10,12,7,9,9,6,7,14,10,19,8,6,12,44,15,5,22,7,7,8,91,7,8,8,9,18,16,41,27,19,23,36,7,6,7,3,3,8,8,17,18,14,24,9,9,6,8,11,14,11,10,15,8,10,17,19,16,8,30,18,8,8,10,24,10,23,7,8,10,22,24,35,17,24,12
1977,11,21,7,14,3,8,14,14,6,8,6,15,3,14,5,13,5,12,6,3,13,10,12,7,9,9,6,7,14,10,19,8,5,12,44,15,5,22,7,7,8,90,7,8,8,9,17,16,41,26,19,22,36,7,6,7,3,3,8,8,17,18,14,24,9,9,6,8,11,14,11,10,15,8,10,17,19,16,8,28,18,8,8,10,24,10,23,6,8,10,22,24,35,17,23,12
1978,11,21,7,14,3,8,14,14,6,8,5,15,3,14,4,12,5,12,6,3,13,9,12,7,9,9,6,7,14,9,19,8,5,12,43,15,5,22,7,7,8,89,7,8,8,9,17,16,41,25,19,22,36,7,6,7,3,3,8,8,17,19,14,23,9,9,6,8,11,14,11,10,15,7,10,16,19,16,8,28,18,8,8,9,24,10,23,6,8,10,22,24,35,17,23,12
1979,11,21,7,13,3,8,13,14,6,8,5,15,3,14,4,12,5,12,6,3,13,9,11,7,9,9,6,7,14,9,19,8,5,12,43,15,5,22,7,7,8,88,7,8,8,8,17,16,40,25,19,21,34,7,6,7,3,3,8,8,17,19,14,23,9,9,6,8,11,14,11,10,15,7,10,15,19,16,8,28,18,7,8,9,24,10,23,6,8,10,22,24,35,17,23,12
1980,11,21,7,13,3,8,13,14,6,8,5,15,3,14,4,12,5,12,6,3,13,9,9,7,9,9,6,7,14,9,18,8,5,12,43,15,5,22,7,7,8,88,7,8,8,8,17,16,40,25,19,21,34,7,6,7,3,3,8,8,17,19,14,23,9,8,6,8,10,14,11,10,15,6,10,15,19,16,8,28,18,7,8,9,24,10,23,6,8,10,22,24,35,17,23,12
1981,11,21,7,13,3,8,13,14,6,7,5,15,3,14,4,12,5,12,6,3,13,9,9,7,9,8,6,7,14,9,18,7,5,12,43,15,5,22,6,7,8,87,7,8,8,8,17,16,38,25,19,20,34,7,6,7,3,3,8,8,17,19,14,23,9,8,6,8,10,14,11,10,15,6,10,15,19,16,7,28,18,7,8,9,24,10,23,6,8,10,22,24,35,17,23,12
1982,11,21,6,13,3,8,13,13,6,7,5,15,3,14,4,12,5,12,6,3,13,9,9,7,9,8,6,7,14,9,18,7,5,12,43,15,5,22,6,7,8,87,7,8,8,8,17,16,38,24,19,20,34,7,6,7,3,3,8,8,17,19,14,23,9,8,6,8,10,14,11,10,15,6,10,15,18,16,7,27,17,7,8,9,24,10,23,6,8,10,22,24,35,17,23,12
1983,11,21,6,13,3,8,11,13,6,7,5,14,3,14,4,12,5,12,6,3,13,9,9,7,9,8,6,7,14,9,18,7,5,12,43,14,5,22,6,7,8,87,7,8,8,8,17,16,38,24,19,20,33,7,6,7,3,3,8,8,17,19,14,23,9,8,6,8,10,14,11,10,15,6,10,15,18,16,7,27,17,7,7,9,24,10,23,6,8,10,22,24,35,17,23,12
1984,10,21,6,13,3,8,11,13,6,7,5,14,2,14,4,12,4,11,6,3,13,9,8,7,8,8,6,7,14,9,18,6,5,12,43,14,5,22,6,7,8,86,7,8,8,6,17,16,38,24,19,20,33,7,6,7,3,3,8,8,17,19,14,23,9,8,6,8,9,14,11,10,15,6,10,15,18,16,7,27,17,7,7,9,24,10,23,6,8,10,22,24,35,16,23,12
1985,10,21,6,13,3,8,11,13,6,7,5,14,2,14,4,12,4,11,6,3,13,9,8,7,8,8,6,7,14,9,17,6,5,12,43,14,5,22,6,7,8,86,7,8,8,6,18,16,38,23,19,20,32,7,6,7,3,3,8,8,16,19,14,23,9,8,6,8,9,14,11,10,15,6,10,15,18,16,7,27,17,7,7,9,25,10,22,6,8,10,21,22,35,16,23,12
1986,10,21,6,13,3,7,11,13,6,7,5,14,2,14,4,12,4,11,6,3,13,9,8,7,8,8,6,7,14,9,17,6,5,12,43,14,5,22,6,7,8,86,7,8,8,6,18,16,38,23,19,20,32,7,6,7,3,3,8,8,16,19,14,23,9,8,6,8,9,14,11,10,14,6,10,15,18,16,7,27,17,7,7,9,24,10,22,6,8,10,21,22,35,16,23,12
1987,10,21,6,13,3,7,11,13,6,7,5,14,2,13,4,12,4,11,6,3,13,9,8,7,8,7,6,7,14,9,17,6,5,12,43,14,5,22,6,7,8,86,7,8,8,6,18,16,38,23,19,20,32,7,6,7,3,3,8,8,16,19,14,22,9,8,6,8,9,14,11,10,14,6,10,15,17,16,7,27,17,6,7,9,24,10,22,6,8,10,21,22,35,16,23,12
1988,10,21,6,13,3,7,11,13,6,7,5,14,2,13,4,12,4,11,6,3,13,9,7,7,8,7,6,7,14,9,17,6,5,12,43,14,5,20,6,7,8,85,7,8,7,6,18,15,37,23,19,20,30,7,6,7,3,3,8,8,16,19,14,22,9,8,6,8,9,13,11,10,14,6,10,15,17,16,7,27,17,6,7,9,24,10,21,6,8,10,21,22,35,17,23,12
1989,10,21,6,13,3,7,11,13,6,7,5,13,2,13,4,12,4,10,6,3,13,9,7,7,8,7,6,7,14,9,17,6,5,12,43,14,5,20,6,7,8,85,7,8,7,6,18,15,37,23,19,20,30,7,6,7,3,3,8,8,16,19,14,22,9,8,5,8,9,13,11,10,14,6,10,14,17,16,7,27,17,6,7,9,24,10,21,6,7,10,20,22,35,17,23,12
1990,10,21,6,13,3,7,11,13,6,7,5,13,2,13,4,12,4,10,6,3,13,9,7,7,8,7,6,7,14,9,17,6,5,12,43,14,5,20,6,7,8,84,7,8,7,6,18,14,37,23,18,20,30,7,6,7,3,3,8,8,16,19,14,22,9,8,5,8,9,13,11,10,14,6,10,14,17,16,7,27,17,6,7,9,24,10,20,6,7,10,20,22,35,16,23,12
1991,10,21,6,13,3,7,11,13,6,7,5,13,2,13,4,12,4,10,6,3,13,9,7,7,8,7,6,7,14,9,17,6,5,12,43,14,5,20,6,7,8,83,7,8,7,6,17,14,37,23,18,20,30,7,6,7,3,3,8,8,16,19,14,21,9,8,5,8,9,13,11,10,14,6,10,14,17,16,7,27,17,6,7,9,24,10,20,6,7,10,20,22,35,16,22,11
1992,10,20,6,13,3,7,11,13,6,7,5,13,2,13,4,12,4,10,6,3,13,9,7,7,8,7,6,7,14,9,17,6,5,12,41,14,5,20,6,7,8,84,7,7,7,6,17,14,36,22,18,19,30,7,6,7,3,3,8,8,16,19,14,21,9,8,5,8,9,13,11,10,14,6,10,14,17,16,7,27,17,6,7,9,24,10,19,6,7,10,20,22,35,16,22,11
1993,10,20,6,13,3,7,11,13,6,7,5,13,2,13,4,12,4,10,6,3,13,9,7,7,8,7,6,7,13,9,17,6,5,12,40,14,5,20,6,7,8,84,7,7,7,6,17,14,35,22,18,19,30,7,6,7,3,3,7,8,16,19,14,21,9,8,5,8,9,13,11,9,13,6,10,14,17,16,6,23,17,6,7,9,23,10,19,6,7,10,20,22,35,16,22,11
1994,10,20,6,13,3,7,11,13,6,7,5,13,2,13,4,12,4,10,6,3,13,9,7,7,8,7,6,7,13,9,17,6,5,12,40,14,5,20,6,7,8,84,7,7,7,6,17,14,35,22,18,17,30,7,6,7,3,3,7,8,16,19,14,21,9,8,5,7,9,13,11,9,13,6,10,14,17,16,6,23,17,6,7,8,23,10,18,6,7,10,20,22,35,16,22,11
1995,10,20,6,13,3,7,11,12,6,7,5,13,2,13,4,12,4,10,6,3,13,9,7,7,8,7,6,7,13,9,17,6,5,12,40,13,5,19,6,7,8,83,7,7,7,6,16,14,35,21,18,17,30,7,6,7,3,3,7,8,15,19,14,21,9,8,5,7,9,13,11,9,13,5,10,14,17,16,6,23,17,6,7,8,23,10,18,6,7,10,20,22,35,16,22,11
1996,10,20,6,13,3,7,11,11,6,7,5,13,2,13,4,12,4,10,6,3,13,9,6,7,8,7,5,7,13,9,17,6,5,12,40,13,5,19,6,7,8,83,7,7,7,6,16,14,35,21,17,17,30,7,6,7,3,3,7,8,13,19,14,21,9,8,5,7,9,13,11,9,13,5,10,14,17,16,6,23,17,6,7,8,23,10,18,6,7,10,20,22,34,16,22,11
1997,10,20,6,13,3,7,11,11,6,6,5,13,2,13,4,12,4,10,6,3,13,9,6,7,8,7,5,7,13,9,17,6,5,11,40,13,5,19,6,6,8,83,6,7,7,6,16,14,35,20,17,17,30,7,6,7,3,3,7,8,13,18,14,21,9,8,4,7,9,13,11,9,13,5,10,14,17,16,6,23,17,6,7,8,23,10,17,6,7,10,20,21,33,16,22,11
1998,10,19,6,13,3,7,11,11,6,5,5,13,2,13,4,12,3,10,5,3,13,9,6,7,8,7,5,7,13,9,17,6,5,11,39,13,5,19,6,6,8,82,6,7,7,6,16,14,35,20,17,17,29,7,6,7,3,3,6,8,12,18,14,20,9,8,4,7,9,13,11,9,13,5,10,14,17,16,6,23,17,6,7,8,23,10,17,6,7,10,20,21,33,16,22,11
1999,10,19,6,13,3,7,10,11,6,5,5,13,2,13,4,11,3,10,5,3,13,9,6,7,8,7,4,7,13,8,17,6,5,11,39,13,5,19,6,6,8,82,6,7,7,6,16,14,35,20,17,16,28,7,6,7,3,3,6,8,12,17,14,20,9,8,4,7,9,13,11,9,12,5,10,14,17,16,6,23,17,6,7,8,23,9,17,6,7,10,20,21,32,16,22,11
2000,10,19,6,13,3,7,10,11,4,5,5,12,1,13,4,11,3,10,5,3,12,9,6,7,8,7,4,7,13,8,17,6,5,11,39,13,5,19,6,6,8,80,6,7,7,6,16,14,35,20,17,16,28,7,6,7,3,3,6,8,12,17,14,20,9,8,4,7,9,13,11,9,12,5,10,14,17,15,5,23,17,6,6,8,23,9,17,6,7,10,20,21,31,16,22,11
2001,10,19,6,13,3,7,10,11,4,5,5,12,1,12,4,11,3,10,5,3,12,9,6,7,8,7,4,7,13,8,17,6,5,11,39,13,5,19,6,6,8,80,6,7,6,6,16,14,35,20,17,16,28,7,6,7,3,3,5,8,12,17,14,19,9,8,4,7,9,13,11,9,12,5,10,14,17,15,5,23,17,6,5,8,23,9,17,6,7,10,19,21,31,16,22,11
2002,10,19,6,13,3,7,9,11,4,5,5,12,1,12,4,10,3,10,5,3,12,9,6,7,8,7,4,7,13,8,17,6,5,11,39,13,5,19,6,6,8,79,6,7,6,6,16,14,35,20,17,16,28,7,6,7,3,3,5,8,12,17,13,18,9,8,4,7,9,13,11,9,12,5,10,14,17,15,5,23,16,6,5,8,23,9,17,6,6,10,19,21,31,16,22,11
2003,10,19,6,13,3,7,9,11,4,5,5,12,1,12,4,10,3,10,5,3,12,9,6,7,8,7,4,7,13,8,17,6,5,11,39,12,5,19,6,6,8,79,6,7,6,6,16,13,35,19,17,16,28,7,6,7,3,3,5,8,12,17,13,18,9,8,4,7,9,13,11,9,11,5,10,14,17,15,5,22,16,5,5,8,23,9,17,6,6,10,18,21,31,16,21,11
2004,9,19,6,13,3,7,8,10,4,5,5,11,1,12,4,9,3,10,4,3,12,9,6,6,8,7,4,7,12,8,17,6,5,11,39,12,5,19,6,6,8,79,6,7,6,6,15,13,35,19,17,16,28,7,6,6,3,3,5,8,12,17,13,18,9,8,3,7,9,13,10,9,11,5,10,14,17,15,5,22,16,5,5,8,23,9,17,6,6,10,18,21,31,16,21,11
2005,8,19,6,13,2,7,8,10,4,5,5,11,1,12,4,9,3,10,4,3,11,9,6,5,7,7,4,7,12,8,17,6,5,11,39,12,5,19,6,5,8,78,6,7,6,6,14,13,35,18,17,16,28,7,6,6,3,3,5,8,12,17,13,17,9,8,2,7,9,13,10,9,11,5,10,13,17,15,5,22,16,5,4,8,23,8,17,6,5,10,18,21,31,16,21,11
2006,8,19,6,13,2,7,8,10,4,5,5,11,1,12,4,9,3,10,4,3,11,9,6,5,6,7,4,7,12,8,17,6,5,10,38,11,5,18,6,5,8,78,6,7,6,6,14,13,35,18,17,16,27,7,6,6,3,3,5,8,11,17,13,17,9,8,2,7,9,13,10,9,11,4,10,13,17,15,5,22,16,5,4,8,23,8,17,6,5,10,18,21,31,16,21,11
2007,8,19,6,13,2,7,7,10,4,5,5,11,1,12,4,9,3,10,4,3,11,9,6,5,6,7,4,7,12,8,17,6,5,10,38,11,5,18,6,5,8,77,6,7,6,6,14,13,35,18,17,16,27,7,6,6,3,3,5,8,11,16,13,17,9,8,2,7,8,13,10,9,11,4,10,13,17,15,5,22,16,5,4,8,23,8,16,6,5,10,17,21,31,15,21,11
2008,8,19,6,13,2,7,7,10,4,5,5,11,1,12,4,9,3,10,4,2,11,9,6,5,6,7,4,7,12,8,17,6,5,10,38,11,5,18,6,5,8,77,6,7,6,6,14,13,35,18,17,16,27,7,6,6,3,3,5,8,11,16,13,17,9,8,2,7,8,13,10,9,11,4,10,13,17,15,5,22,16,5,4,8,23,8,16,6,5,10,17,21,31,15,21,11
2009,8,19,6,13,2,7,7,10,4,5,5,11,1,12,4,9,3,10,4,2,11,9,6,5,6,7,4,7,12,8,17,6,5,10,38,11,5,18,6,5,8,77,6,7,6,6,14,13,35,18,17,16,27,7,6,6,3,3,5,8,11,16,13,17,9,8,2,7,8,13,10,9,11,4,10,13,17,15,5,21,16,5,4,8,23,8,16,6,5,10,17,21,31,15,21,11
2010,8,19,6,13,2,7,7,10,4,4,5,11,1,12,4,9,3,10,4,2,11,9,6,5,6,7,4,7,12,8,17,6,5,10,38,11,5,18,6,5,8,77,6,7,6,6,14,13,35,18,17,15,27,7,6,6,3,3,5,8,11,16,13,17,9,8,2,7,8,13,10,9,11,4,10,13,17,15,5,21,16,5,4,8,23,8,16,6,5,10,17,21,30,15,21,11
2011,7,19,6,13,2,7,7,10,4,3,5,11,1,12,4,9,3,10,4,2,11,9,5,5,6,7,4,7,12,8,17,6,5,10,38,11,5,18,6,5,8,77,6,7,6,6,14,13,35,18,17,15,27,7,6,6,3,3,5,8,11,16,13,17,9,8,2,7,8,13,10,9,11,4,10,13,17,15,5,21,16,5,4,8,23,8,16,6,5,10,17,22,30,15,21,11
2012,7,18,6,13,2,7,7,10,4,3,5,11,1,12,4,9,3,9,4,2,11,9,5,5,6,7,4,7,12,8,17,6,5,10,38,11,5,18,6,5,8,78,6,7,6,6,14,13,35,18,17,15,27,7,6,6,3,3,5,8,11,16,13,17,9,8,2,7,8,13,10,9,11,4,10,13,17,15,5,21,16,5,4,8,23,8,16,6,5,10,17,22,30,15,21,11
2013,7,18,6,13,2,7,7,10,4,2,5,11,1,12,4,9,3,9,4,2,11,9,5,5,6,7,4,7,12,8,17,6,5,10,37,11,5,18,6,5,8,77,6,7,6,6,14,13,33,17,17,15,25,6,6,6,3,3,5,8,11,16,13,17,9,8,2,7,8,13,10,9,11,4,10,13,17,15,4,21,16,5,4,8,22,8,16,6,5,10,17,22,30,15,21,11
2014,7,18,6,13,2,7,7,10,4,2,5,11,1,12,4,9,3,9,4,2,11,8,5,5,6,7,4,7,12,8,16,6,5,9,36,11,5,18,6,5,8,77,5,7,6,6,14,13,33,17,17,15,25,6,6,6,3,3,5,8,11,16,13,17,9,8,2,7,8,13,10,9,11,4,10,13,17,15,4,21,16,5,4,8,22,8,16,6,5,10,17,22,30,15,20,11
2015,7,18,6,13,2,7,7,10,4,2,5,11,1,12,4,9,3,9,4,2,11,8,5,5,6,7,4,7,12,8,15,6,5,9,36,11,5,19,6,5,8,76,5,6,6,6,14,13,33,17,17,15,25,6,6,6,3,3,5,8,11,16,12,16,9,8,2,7,8,13,9,9,10,4,10,12,17,15,4,21,16,5,4,8,22,8,16,6,4,10,17,22,30,15,19,11
2016,7,17,6,12,2,7,7,10,4,2,5,10,1,12,4,8,3,9,4,2,11,8,5,5,6,7,4,7,12,8,15,6,5,9,36,11,5,19,6,5,8,75,5,6,6,6,13,13,33,17,17,15,25,6,6,6,3,3,5,8,11,16,12,16,8,8,2,7,8,13,9,9,10,3,10,12,17,15,4,21,16,5,4,8,22,8,16,6,3,10,17,21,30,15,19,11
2017,7,17,6,12,2,7,7,10,4,2,5,10,1,12,4,8,3,9,4,2,11,8,5,5,6,7,4,7,12,8,15,6,5,9,35,11,5,18,6,5,8,74,5,6,6,6,13,13,32,17,16,15,25,6,6,6,2,3,5,8,11,16,11,16,8,8,2,7,8,13,9,9,10,3,10,12,17,15,4,21,16,4,3,8,21,8,16,6,3,10,16,20,30,15,19,11
2018,7,17,6,12,2,7,7,10,4,2,5,10,1,12,4,8,3,9,4,2,11,8,5,5,6,7,4,7,11,8,15,6,5,9,35,11,5,18,6,4,8,73,5,6,6,6,13,13,32,17,16,15,25,6,6,6,2,3,5,7,11,16,11,16,8,8,2,7,7,13,9,9,10,3,10,12,17,15,4,21,16,4,3,8,21,8,16,6,3,10,16,20,30,15,18,11
2019,7,17,6,11,2,7,7,10,4,2,5,10,1,12,4,8,3,9,4,2,11,8,5,5,6,7,4,7,11,8,15,6,5,8,34,11,5,17,6,4,8,72,5,6,6,6,13,12,32,17,16,15,25,6,6,5,2,3,5,6,11,15,11,16,8,8,2,7,7,13,9,9,10,3,10,12,17,15,4,21,16,4,3,8,21,8,16,6,3,10,16,20,30,15,18,11
2020,7,17,6,11,2,7,7,10,4,2,5,10,1,12,4,8,3,9,4,1,11,8,5,5,6,7,4,7,11,8,15,6,5,8,34,10,5,17,6,4,8,72,5,6,6,6,13,12,31,17,16,15,25,5,6,5,2,3,5,6,11,15,11,16,8,8,2,7,7,13,9,9,10,3,10,12,17,14,4,21,16,4,3,8,21,8,16,6,3,10,16,20,30,15,18,11
2021,7,15,6,11,2,7,7,10,4,2,5,10,1,12,4,8,3,9,4,1,10,8,5,5,6,6,4,7,11,8,15,6,5,8,34,9,5,17,6,4,8,72,5,6,6,6,13,12,31,17,16,15,25,5,6,5,2,3,5,6,11,14,11,16,8,8,2,7,7,13,9,9,10,3,10,12,17,14,4,21,16,4,3,7,21,8,16,6,3,10,16,20,29,15,17,11
2022,7,15,6,11,2,7,7,10,4,2,5,10,1,12,4,8,3,9,4,1,9,8,5,5,6,6,4,7,11,8,15,6,5,8,34,9,5,17,6,4,8,70,5,6,6,6,13,12,31,17,16,15,25,5,6,5,2,2,5,6,11,14,11,16,8,8,2,7,7,13,9,9,10,3,10,12,17,14,4,22,16,4,3,7,21,8,15,6,3,10,16,20,29,15,16,10
2023,7,15,6,11,2,7,7,10,3,2,5,10,1,12,4,8,3,9,4,1,9,8,5,5,6,6,4,7,11,8,15,6,5,8,34,9,5,17,6,4,8,70,5,6,6,6,13,12,31,16,16,15,25,5,6,5,2,2,5,6,11,14,11,16,7,8,2,7,7,13,9,9,9,3,10,12,17,14,4,22,16,4,3,7,21,8,15,6,3,10,16,20,29,15,15,10
2024,7,15,6,11,2,7,7,10,3,2,5,10,1,12,4,8,3,9,4,1,9,7,5,5,6,6,4,7,11,8,15,6,5,8,33,9,5,17,6,4,8,69,5,6,6,6,13,12,31,16,16,15,25,5,6,5,2,2,5,6,11,14,11,16,7,8,2,7,7,13,9,9,8,3,10,12,17,14,4,22,15,4,3,7,21,7,15,6,3,10,16,20,29,14,15,10
2025,7,15,6,11,2,7,7,10,3,2,5,10,1,12,4,8,3,9,4,1,9,7,5,5,6,5,4,7,10,8,15,6,5,8,33,9,5,17,6,4,8,68,5,6,6,6,13,12,31,15,16,15,25,5,6,5,2,2,5,6,11,14,11,16,7,8,2,7,7,13,9,9,8,3,10,12,17,14,4,22,15,4,3,7,21,7,15,5,3,10,16,20,29,14,15,10
2026,7,15,6,11,2,7,7,10,3,2,5,10,1,12,4,7,3,9,4,1,9,7,5,5,6,5,4,7,10,8,15,6,5,8,32,9,5,17,6,4,8,68,5,6,6,6,13,12,31,15,16,15,25,5,6,5,2,2,5,6,11,14,11,16,7,8,2,7,7,13,9,9,8,3,10,12,17,14,3,22,15,4,3,7,21,7,15,5,3,10,16,20,29,14,15,10
2027,7,15,6,11,2,7,7,10,2,2,5,10,1,12,4,7,3,9,4,1,9,7,5,5,6,4,4,7,10,8,15,6,5,8,30,9,5,17,6,4,8,66,5,6,6,6,13,12,31,15,15,15,25,5,6,5,2,2,5,6,11,13,11,16,7,8,2,7,7,13,9,9,8,3,10,12,17,14,3,22,15,4,3,7,21,7,15,5,3,10,16,20,28,14,15,10
2028,7,15,6,11,2,7,7,10,2,2,5,10,1,12,4,7,3,9,4,1,9,7,5,5,6,4,4,7,10,8,14,6,5,8,30,8,5,17,6,4,8,66,5,6,6,6,13,12,31,15,15,14,24,5,6,5,2,2,5,6,11,13,11,16,6,8,2,7,7,13,9,9,8,3,10,12,17,14,3,21,14,4,3,7,21,7,15,5,3,10,16,20,28,14,15,10
2029,6,14,6,11,2,7,7,10,2,2,5,10,1,12,4,7,3,9,4,1,8,7,5,5,6,4,3,7,10,8,13,6,5,8,30,8,5,17,6,4,8,66,5,6,6,6,13,12,30,15,15,14,23,5,6,4,2,2,5,6,11,13,11,16,6,8,2,7,7,13,9,9,8,3,10,12,17,14,3,21,14,4,3,7,21,7,15,5,3,10,16,20,28,14,15,10
2030,6,14,6,11,2,7,7,10,2,2,5,10,1,12,4,7,3,9,4,1,8,6,5,5,6,3,3,7,10,8,12,6,5,8,30,8,5,17,6,4,8,66,5,6,6,6,13,12,30,14,15,13,23,5,6,4,2,2,5,6,11,13,11,16,6,8,2,7,7,13,9,8,8,3,10,12,17,14,3,21,13,4,3,7,21,7,15,5,3,10,16,20,28,13,15,10
2031,6,14,6,11,2,7,7,10,2,2,5,10,1,12,4,7,3,9,4,1,8,6,5,5,6,3,3,7,10,8,12,6,4,8,30,8,5,17,6,4,8,65,5,6,6,5,13,12,30,14,14,13,23,5,5,4,2,2,5,6,11,13,11,16,6,8,2,7,7,13,9,8,8,3,10,12,17,14,3,21,13,4,3,7,21,7,15,5,3,10,16,21,28,13,15,10
2032,6,14,6,11,2,7,7,10,2,2,5,10,1,12,4,7,3,9,4,1,8,6,5,5,6,3,3,7,10,8,12,6,4,8,30,8,5,17,6,4,8,64,5,6,6,5,13,12,30,14,14,13,23,5,5,4,2,2,5,6,11,14,11,16,6,8,2,7,7,13,9,8,8,3,10,12,17,14,3,21,13,4,3,7,21,7,15,5,3,10,16,21,27,13,14,10
2033,6,14,6,11,2,7,7,10,2,2,4,10,1,11,4,7,3,9,4,1,8,6,5,5,6,3,3,7,10,8,12,6,4,8,30,8,5,17,6,4,8,64,5,6,6,5,13,12,30,14,14,13,23,5,5,4,2,2,5,6,11,14,11,16,6,8,2,7,7,13,9,8,8,3,10,12,17,13,3,21,13,4,3,7,21,6,15,5,3,10,16,21,27,13,14,10
2034,6,14,6,11,2,7,7,10,2,2,4,9,1,10,4,6,3,9,4,1,8,6,5,5,6,3,3,7,10,8,12,6,4,8,30,8,5,17,6,4,8,64,5,6,6,5,13,12,30,13,14,13,22,5,5,4,2,2,5,6,11,14,11,16,6,8,2,7,7,13,9,8,8,3,10,12,17,13,3,21,13,4,3,7,21,6,13,5,3,10,16,21,27,13,14,8
2035,6,14,6,11,2,7,7,10,2,2,4,9,1,10,4,6,3,9,4,1,8,6,5,5,6,3,3,7,10,8,12,6,4,8,30,7,5,17,6,4,8,64,5,6,6,5,13,12,30,13,14,13,22,5,5,4,2,2,5,6,11,14,11,16,6,8,2,7,7,13,9,8,8,3,10,12,17,13,3,21,13,4,3,7,21,6,13,4,3,10,16,21,27,13,14,8
2036,6,14,6,11,2,7,6,10,2,2,4,9,1,10,4,6,3,9,4,1,8,6,5,5,6,3,3,7,10,8,12,5,4,8,29,7,5,17,6,4,8,64,5,6,6,5,13,12,30,13,14,13,22,5,5,4,2,2,5,5,11,14,11,15,6,8,2,7,7,13,9,8,8,3,10,12,17,13,3,21,13,4,3,7,21,6,13,4,3,10,16,20,27,13,14,8
2037,5,12,6,11,2,7,6,10,2,2,4,9,1,10,4,6,3,9,4,1,8,6,5,5,6,3,3,6,9,8,12,5,4,8,29,7,5,17,6,4,8,65,5,6,6,5,13,12,30,13,14,13,22,5,5,4,2,2,5,5,11,14,11,15,6,8,2,7,7,13,9,8,8,3,10,12,17,13,3,21,13,4,3,7,21,6,13,4,3,10,16,20,27,13,14,8
2038,5,12,6,11,2,7,6,10,2,2,4,9,1,10,4,6,3,9,4,1,8,6,5,5,6,3,3,5,9,8,12,5,4,8,28,7,5,17,6,4,8,65,5,6,6,4,13,11,30,13,13,13,21,5,4,4,2,2,4,5,10,14,11,15,6,8,2,7,7,13,9,8,8,3,10,12,17,13,3,21,13,4,3,6,21,6,13,4,3,10,16,20,27,13,14,8
2039,5,12,6,11,2,7,6,10,2,2,4,9,1,10,4,6,3,9,4,1,8,6,5,5,6,3,3,5,9,8,12,5,4,8,28,7,5,17,6,4,8,65,5,6,6,4,13,11,29,12,12,12,21,5,4,3,2,2,4,5,10,13,11,15,6,8,2,7,7,13,9,8,8,3,10,12,17,13,3,21,13,4,3,6,20,6,13,4,3,10,16,20,27,13,14,6
2040,5,12,6,11,2,7,6,10,2,2,4,9,1,10,4,6,3,9,4,1,7,6,5,5,5,3,3,5,9,8,12,5,4,8,27,7,5,18,6,4,8,64,5,6,6,4,13,11,29,12,12,12,21,5,4,3,2,2,4,5,10,13,11,15,6,8,2,6,7,13,9,7,7,3,10,12,17,13,3,21,13,4,3,5,20,6,13,4,3,10,16,20,27,13,14,6
2041,5,12,6,11,2,7,6,10,2,2,4,9,1,10,4,6,3,9,4,1,7,6,5,5,5,3,3,5,9,8,12,5,4,8,27,7,5,18,6,4,8,64,5,6,6,4,13,10,29,12,12,12,21,5,4,3,2,2,4,5,10,13,11,15,6,8,2,6,7,13,9,7,7,3,10,12,16,13,3,21,13,4,3,5,20,6,13,4,3,10,15,20,27,13,14,6
2042,5,12,6,11,2,7,6,10,2,2,4,9,1,10,4,6,3,9,4,1,7,6,5,5,5,3,3,5,9,8,12,5,4,8,27,7,5,18,6,4,8,64,5,6,6,4,13,10,29,11,12,12,21,5,4,3,2,2,4,5,10,13,9,15,6,8,2,6,7,13,9,7,6,3,10,12,16,13,3,21,13,4,3,5,20,6,13,4,3,10,15,20,27,13,14,6
2043,5,11,6,11,2,7,6,10,2,2,4,9,1,10,4,6,3,9,4,1,7,5,5,5,5,3,3,5,9,8,12,5,4,8,26,7,5,18,6,4,8,64,5,6,6,4,13,10,29,11,12,12,21,5,4,3,2,2,4,5,10,13,9,15,6,8,2,6,7,12,9,7,6,3,10,12,16,13,3,21,13,4,3,5,20,6,13,4,3,10,15,20,27,13,14,6
2044,5,11,6,11,1,7,6,10,2,2,4,9,1,10,4,6,3,9,4,1,7,5,5,5,5,3,3,5,9,8,11,5,4,8,26,7,5,18,6,4,8,63,5,6,6,4,12,10,28,11,12,12,20,5,4,3,2,2,4,5,10,13,9,15,6,8,2,6,7,12,9,7,6,3,10,12,16,13,3,21,13,4,3,4,20,6,13,4,3,9,15,20,27,13,14,6
2045,4,11,6,11,1,7,6,10,2,2,4,9,1,10,3,6,3,9,4,1,7,5,5,5,4,3,3,5,9,8,11,5,4,8,26,7,5,18,6,4,8,63,5,6,6,4,11,10,29,11,12,12,20,5,4,3,2,2,4,5,10,13,9,15,6,8,2,6,7,12,9,7,6,3,10,12,16,13,3,21,13,4,3,4,20,6,13,4,3,9,15,20,27,13,14,6
2046,4,11,6,11,1,7,6,10,2,2,4,9,1,10,3,6,3,9,4,1,7,5,5,5,4,3,3,5,9,8,11,5,4,8,26,7,4,18,6,3,8,63,5,6,6,4,11,10,29,11,12,12,20,5,4,3,2,2,4,5,10,13,9,15,6,8,2,6,7,12,9,7,6,3,9,12,16,13,3,21,13,4,3,4,20,6,12,4,3,9,14,20,26,13,14,5
2047,4,11,6,11,1,7,6,10,2,2,4,9,1,10,2,6,3,9,4,1,7,5,5,5,4,3,3,5,9,8,11,5,4,8,26,7,4,17,6,3,8,63,5,6,6,4,11,10,28,11,12,12,20,5,4,3,2,2,4,5,10,13,9,15,6,8,2,6,7,12,9,7,6,3,9,12,15,13,3,21,13,4,3,4,20,5,12,4,3,9,14,20,26,13,14,5
2048,4,11,6,11,1,7,6,10,2,2,4,9,1,10,2,6,3,9,4,1,7,5,5,5,4,3,3,5,9,8,11,5,4,8,26,7,4,17,6,3,7,63,5,6,6,4,11,10,28,10,12,12,20,5,4,3,2,2,4,5,10,13,9,15,6,8,2,6,7,12,9,7,6,3,9,12,15,13,3,21,13,4,3,4,20,5,12,4,3,9,14,20,26,12,14,5
2049,4,11,6,11,1,7,6,10,2,2,4,9,1,10,2,6,3,9,4,1,7,5,5,4,4,3,3,5,9,7,11,5,4,8,26,7,4,17,6,3,7,63,5,6,6,4,11,10,28,10,12,12,20,5,4,3,2,2,4,5,10,13,9,15,6,8,2,6,7,12,9,7,6,3,9,12,15,13,3,21,13,4,3,4,20,5,12,4,3,9,14,20,25,11,14,5
2050,4,11,6,11,1,7,6,10,2,2,4,9,1,10,2,6,3,9,4,1,7,5,5,4,4,3,3,5,9,7,11,5,4,8,26,7,4,17,6,3,6,63,5,6,6,4,11,10,28,10,12,12,20,5,4,3,2,2,4,5,10,13,9,15,6,8,2,6,7,12,9,7,6,3,9,12,15,12,3,20,13,4,3,4,20,5,12,4,3,9,14,20,25,11,14,5
2051,4,11,6,10,1,7,6,10,2,2,4,9,1,10,2,6,3,9,4,1,7,5,5,4,4,3,3,5,9,7,11,5,4,7,26,7,4,17,6,3,6,64,5,6,6,4,11,10,28,10,12,12,20,5,4,3,2,2,4,5,10,12,9,15,6,8,2,6,7,12,9,7,6,3,9,11,15,12,3,20,13,4,3,4,20,5,12,4,3,9,14,20,25,11,14,4
2052,4,11,6,10,1,7,6,10,2,2,4,9,1,10,2,6,3,9,4,1,7,5,5,4,4,3,3,5,9,7,11,5,4,7,26,7,4,17,6,3,6,64,5,6,6,4,11,10,26,10,12,12,20,5,4,3,2,2,4,5,10,12,9,15,6,8,2,6,7,11,9,7,6,3,9,11,15,12,3,20,13,4,3,4,20,5,12,4,3,9,14,20,25,11,14,4
2053,4,11,6,10,1,7,6,10,2,2,4,9,1,10,2,6,3,9,4,1,7,5,5,4,4,3,3,5,9,6,11,5,4,7,26,7,4,17,6,3,6,64,4,6,6,4,11,10,26,10,12,12,20,5,4,3,2,2,4,4,10,12,9,15,6,8,2,6,7,11,9,7,6,3,9,11,15,12,3,20,13,4,3,3,19,5,12,3,3,9,14,21,25,11,14,4
2054,4,10,6,10,1,7,6,10,2,2,4,9,1,10,2,6,3,9,4,1,7,5,5,4,4,3,3,5,9,6,11,5,4,7,26,7,4,16,6,3,6,64,4,6,6,4,11,10,26,10,11,12,20,5,4,3,2,2,4,4,10,11,9,15,6,8,2,6,7,11,9,7,6,3,9,11,15,12,3,20,13,4,3,3,19,5,12,3,3,9,14,21,25,10,14,4
2055,4,10,6,10,1,7,5,10,2,2,4,9,1,10,2,6,3,9,3,1,7,5,5,4,4,3,3,5,9,6,11,5,4,7,26,7,4,15,6,3,6,64,4,6,6,4,11,10,26,10,11,12,20,5,4,3,2,2,4,4,10,11,9,15,6,8,2,6,7,11,9,7,6,3,9,11,15,12,3,20,13,4,3,3,19,5,12,3,3,9,14,21,25,9,14,4
2056,4,10,6,10,1,7,5,10,2,2,4,9,1,10,2,6,3,9,3,1,7,5,5,4,4,3,3,5,8,6,11,4,4,7,26,7,4,15,6,3,6,63,4,6,6,4,11,10,26,10,11,12,20,5,4,3,2,2,4,4,10,11,9,15,6,8,2,6,6,11,9,7,6,3,9,11,15,12,3,19,13,4,3,3,19,5,12,3,3,9,14,21,25,9,14,4
2057,4,10,6,10,1,7,5,10,2,2,4,9,1,10,2,6,3,9,3,1,6,5,5,4,3,3,3,5,8,6,11,4,4,7,26,7,3,15,6,3,6,63,4,6,6,4,11,10,25,10,11,12,20,4,4,3,2,2,4,4,10,11,9,15,6,8,1,6,6,11,9,7,6,3,8,11,15,12,3,19,13,4,3,3,19,5,12,3,3,9,14,22,25,9,14,4
2058,4,10,6,10,1,7,5,10,2,2,4,8,1,10,2,6,3,9,3,1,6,5,5,4,3,3,3,5,8,5,11,4,3,7,26,6,3,15,6,3,6,62,4,6,6,4,11,10,25,10,11,12,20,4,4,3,2,2,4,4,10,11,8,14,6,8,1,6,6,11,9,7,6,3,8,11,15,12,3,19,13,4,3,3,19,5,12,3,3,9,14,22,25,9,13,4
2059,4,10,6,10,1,7,5,10,2,2,4,8,1,10,2,6,3,9,3,1,6,5,5,4,3,3,3,5,8,5,11,4,3,7,26,6,3,15,6,3,6,62,4,6,6,4,11,10,25,10,11,12,20,4,4,3,2,2,4,4,10,11,8,14,6,8,1,6,6,11,9,7,6,3,8,11,15,12,3,18,13,4,3,3,19,5,12,3,3,9,14,22,25,9,13,4
2060,4,10,6,10,1,7,5,10,2,2,4,8,1,10,2,6,3,9,3,1,6,5,5,4,3,3,3,5,8,5,11,4,3,7,26,6,3,15,6,3,6,62,4,6,6,4,11,10,25,10,11,12,20,4,4,3,2,2,4,4,10,11,8,14,6,8,1,6,6,11,9,7,6,3,8,11,15,12,3,18,13,4,3,3,19,5,12,3,3,9,14,22,24,9,13,4
2061,4,10,6,10,1,7,5,10,2,2,4,8,1,10,2,6,3,9,3,1,6,5,5,4,3,3,3,5,8,5,11,4,3,7,26,6,3,15,6,3,6,62,4,6,6,4,11,10,25,10,11,12,20,4,4,3,2,2,4,4,10,11,8,14,6,8,1,6,6,11,9,7,6,3,8,11,15,12,3,18,13,4,3,3,19,5,12,3,3,9,14,22,24,9,13,4
2062,4,10,6,10,1,7,5,10,2,1,4,8,1,10,2,6,3,9,2,1,6,5,5,4,3,3,3,5,8,5,10,4,3,7,25,6,3,15,6,3,6,60,4,6,6,4,11,10,25,10,11,12,20,4,4,3,2,2,4,3,10,11,8,14,6,8,1,6,5,11,9,7,6,3,8,11,15,12,3,18,13,4,3,3,19,5,12,3,3,9,14,22,24,9,12,4
2063,4,10,6,10,1,7,5,10,2,1,4,8,1,10,2,6,3,9,2,1,6,5,5,4,3,3,3,5,8,5,10,4,3,7,25,6,3,15,6,3,6,61,4,6,6,4,11,10,25,10,11,12,20,4,4,3,2,2,4,3,10,12,8,14,6,8,1,5,5,11,8,7,6,2,8,11,15,12,3,18,13,4,3,3,19,5,12,3,3,9,14,22,24,9,12,4
2064,4,10,6,10,1,7,5,10,2,1,3,8,1,10,2,6,3,9,2,1,6,5,5,4,3,3,3,5,8,5,10,3,3,7,24,6,3,15,6,3,6,61,4,5,5,4,11,10,24,10,11,12,20,4,4,3,2,2,4,3,10,12,8,14,6,8,1,5,5,11,8,7,6,2,8,11,15,12,3,18,13,4,3,3,19,5,12,3,3,9,14,22,24,9,12,4
2065,4,10,6,10,1,7,5,10,2,1,3,8,0,10,2,6,3,9,2,1,5,5,5,4,3,3,3,5,8,5,10,3,3,7,24,6,3,15,6,3,6,60,4,5,5,4,11,10,24,10,11,12,20,4,4,3,2,2,4,3,10,12,8,14,6,8,1,5,5,11,8,7,6,2,8,11,15,12,3,17,13,4,3,3,19,5,12,3,3,9,14,23,24,9,12,4
2066,4,10,6,10,1,7,5,10,2,1,3,8,0,10,2,6,3,9,2,1,5,5,5,4,3,3,3,5,8,5,10,3,3,7,24,6,3,14,6,2,6,59,4,5,5,4,11,10,24,10,11,12,20,4,4,3,2,2,4,3,10,12,8,14,6,8,1,5,5,11,8,7,6,2,8,11,15,12,3,17,13,4,3,3,19,5,12,3,3,9,14,23,24,9,12,4
2067,4,10,6,10,1,7,5,10,2,1,3,8,0,10,2,6,3,9,2,1,5,5,5,4,3,3,3,5,8,5,9,3,3,7,24,6,3,14,6,2,6,58,3,5,5,4,11,10,23,9,11,12,20,4,4,3,2,2,4,2,10,12,8,14,6,8,1,5,5,11,8,7,6,2,8,11,15,12,3,17,13,4,3,3,19,5,12,3,3,9,14,23,24,9,12,4
2068,4,10,6,10,1,7,5,10,2,1,3,8,0,10,2,6,3,9,2,1,5,5,5,4,3,3,3,5,8,5,9,3,3,7,24,6,3,14,6,2,6,58,3,5,5,4,11,9,23,9,11,12,20,4,4,3,2,2,4,2,10,13,8,14,6,8,1,5,5,11,8,7,6,2,8,11,15,12,3,18,13,4,3,3,19,5,12,3,3,9,14,23,24,9,11,4
2069,4,10,6,10,1,7,5,10,2,1,3,8,0,10,2,6,3,9,2,1,5,5,5,4,3,3,3,5,8,5,8,3,3,7,24,6,3,14,6,2,6,59,3,5,5,4,11,9,23,9,11,12,20,4,4,3,2,2,4,2,10,12,7,14,6,8,1,5,5,11,8,7,6,2,8,11,14,12,3,18,13,4,3,3,19,5,12,3,3,9,14,22,24,9,11,4
2070,4,10,6,10,1,7,5,10,2,1,3,7,0,10,2,6,3,9,2,1,5,5,5,4,3,3,3,5,8,5,8,3,3,7,24,6,3,14,6,2,6,59,3,5,5,4,10,9,23,9,11,12,20,4,4,3,2,2,4,2,9,12,6,14,6,8,1,5,5,11,8,7,6,2,8,11,14,12,3,18,13,4,3,3,19,5,11,3,3,9,14,21,24,9,11,4
2071,4,10,6,10,1,7,5,10,2,1,3,7,0,10,2,6,3,9,2,1,5,5,5,4,3,3,3,5,8,5,8,2,3,7,24,6,3,14,5,2,6,59,3,5,5,4,10,9,23,9,11,12,19,4,4,3,2,2,4,2,9,12,6,14,6,8,1,5,5,11,8,7,6,2,8,11,13,11,3,18,13,4,3,3,19,5,11,3,3,9,14,20,23,9,11,4
2072,4,10,6,10,1,7,5,10,2,1,3,7,0,10,2,6,3,9,2,1,5,5,5,4,3,3,3,5,8,5,8,2,3,7,24,6,3,14,5,2,6,59,3,5,5,4,10,9,22,9,11,12,19,4,4,3,2,2,4,2,9,12,6,14,6,8,1,5,4,10,7,7,6,2,8,11,13,11,3,18,13,4,3,3,19,4,11,3,3,9,13,20,23,9,10,4
2073,4,10,6,10,1,7,5,10,2,1,3,7,0,10,2,6,3,9,2,1,5,5,5,4,3,3,3,5,8,5,8,2,3,7,23,6,3,14,5,2,6,59,3,5,5,4,10,9,22,9,10,12,19,4,4,3,2,2,4,2,9,12,6,14,6,8,1,5,4,10,6,7,6,2,8,11,13,11,3,18,13,4,3,3,19,4,11,3,3,9,13,20,23,9,10,4
2074,4,10,6,10,1,7,5,10,2,1,3,7,0,10,2,6,3,9,2,1,5,5,5,4,3,3,3,5,8,5,7,2,3,7,23,6,3,14,5,2,6,60,3,5,5,4,10,9,22,9,10,12,19,4,4,3,2,2,3,2,9,13,6,13,6,8,1,5,4,10,6,7,6,2,8,11,13,11,3,18,13,3,3,3,19,4,11,3,3,9,13,20,23,9,10,4
2075,4,10,6,10,1,6,5,10,2,1,3,7,0,10,2,5,3,9,2,1,5,5,5,4,3,3,3,5,8,5,7,2,3,7,23,6,3,14,5,2,6,61,3,5,5,4,10,9,22,9,10,11,19,4,4,3,2,2,3,2,9,13,6,13,6,8,1,5,4,9,6,7,6,2,8,11,13,11,3,17,13,3,3,2,19,4,11,3,3,9,13,20,23,9,10,3
2076,4,10,6,10,1,4,5,10,2,1,3,7,0,10,2,5,3,9,2,1,5,5,4,4,3,3,3,5,8,5,7,2,3,7,23,6,3,14,5,2,6,61,3,5,5,4,10,9,22,9,10,11,19,4,4,3,2,2,3,2,9,13,6,13,6,8,1,5,4,8,6,7,6,2,8,11,13,11,3,17,13,3,3,1,19,4,11,3,3,8,13,20,23,9,10,3
2077,4,9,6,10,1,4,5,10,2,1,3,7,0,10,2,5,3,9,2,1,5,5,4,4,3,3,3,5,8,5,7,2,3,7,23,6,3,14,5,2,6,60,3,5,5,4,10,9,22,9,10,11,19,4,4,3,2,2,3,2,9,13,6,13,6,8,1,5,4,8,5,7,6,2,8,11,13,11,3,17,13,3,3,1,19,4,11,3,3,8,13,20,23,9,10,3
2078,4,9,6,10,1,4,5,10,2,1,3,7,0,10,2,5,3,9,2,1,5,5,4,4,3,3,3,5,8,5,7,2,3,7,23,6,3,14,5,2,6,59,3,5,5,4,10,9,20,9,10,11,19,4,4,3,2,2,3,2,9,13,6,13,6,8,1,5,4,8,5,7,6,2,8,11,13,11,3,17,13,3,3,1,19,4,11,3,3,8,13,20,23,9,10,3
2079,4,9,6,10,1,4,5,10,2,1,3,7,0,10,2,5,3,9,2,1,5,5,4,4,3,2,3,5,8,5,7,2,3,7,22,6,3,13,5,2,6,59,3,5,5,4,10,9,19,8,10,11,19,4,4,3,2,2,3,2,9,13,6,12,6,8,1,5,4,8,5,7,6,2,8,11,13,11,3,16,13,3,3,1,19,4,11,3,3,8,13,20,23,9,10,3
2080,4,9,6,9,1,4,5,10,2,1,3,7,0,10,2,5,3,9,2,1,5,5,4,4,3,2,3,5,8,5,7,2,3,6,21,6,3,13,5,2,6,59,3,5,5,4,10,8,19,7,10,11,19,4,4,3,2,2,3,2,9,13,6,12,6,8,1,5,4,8,5,7,6,2,8,11,13,11,3,16,13,3,3,1,19,4,11,3,3,8,13,20,23,9,10,3
2081,4,9,6,9,1,4,5,10,2,1,3,7,0,10,2,5,3,9,2,1,5,5,4,4,3,2,3,5,8,5,7,2,3,5,21,6,3,13,5,2,6,57,3,5,5,4,10,8,19,7,9,11,19,4,4,3,2,2,3,2,8,12,6,12,6,8,1,5,4,8,5,6,6,2,8,11,13,11,3,16,13,3,3,1,19,4,11,3,3,8,13,20,23,9,10,3
2082,4,9,6,9,1,4,5,10,2,1,3,7,0,10,2,5,3,9,1,1,5,5,4,4,3,2,3,5,8,5,7,2,3,5,21,6,2,13,5,2,6,57,3,5,5,4,10,8,19,6,9,11,19,4,4,3,2,2,3,2,8,12,6,12,6,8,1,5,4,8,5,6,6,2,8,11,13,11,3,16,11,3,3,1,19,4,11,3,3,8,13,20,23,9,12,3
2083,4,9,6,9,1,4,5,9,2,1,3,7,0,10,2,5,3,9,1,1,5,5,4,4,3,2,3,5,8,5,6,2,3,5,21,6,2,13,5,2,6,57,3,5,5,4,9,8,19,6,9,11,19,4,4,3,2,2,3,2,8,12,6,12,6,8,1,5,4,8,5,6,6,2,8,10,13,11,3,16,11,3,3,1,19,4,11,3,3,8,13,20,23,9,12,3
2084,4,9,6,9,1,3,5,9,2,1,3,7,0,10,2,5,3,9,1,1,5,5,4,3,3,2,3,5,8,5,6,2,3,5,21,6,2,13,5,2,6,57,3,5,5,4,8,8,19,6,9,11,19,4,4,3,2,2,3,2,8,12,6,12,6,8,1,5,4,8,5,6,6,2,8,10,13,11,3,16,11,3,3,1,19,4,11,3,3,8,13,20,23,9,12,3
2085,4,9,6,9,1,3,5,9,2,1,3,7,0,10,2,5,3,9,1,1,5,5,4,3,3,2,3,5,8,5,6,2,3,5,21,6,2,13,5,1,6,57,3,5,5,4,8,7,19,6,9,11,19,4,4,3,2,2,3,2,8,12,6,12,6,8,1,5,4,8,5,6,6,2,8,10,13,11,3,16,11,3,3,1,19,4,11,3,3,8,13,20,23,9,12,3
2086,4,9,6,9,1,3,5,9,2,1,3,7,0,10,2,5,3,9,1,1,5,5,4,3,3,2,3,5,8,5,6,2,3,5,21,6,2,13,5,1,6,57,3,5,5,4,8,7,19,6,9,11,17,4,4,3,2,2,3,2,8,12,6,12,6,8,1,5,4,8,5,6,6,2,8,10,13,11,3,16,11,3,3,1,19,4,11,3,3,8,13,20,22,9,13,3
2087,4,9,6,9,1,3,4,9,2,1,3,7,0,10,2,5,2,9,1,1,5,5,4,3,3,2,3,5,8,5,6,2,3,5,21,6,2,13,4,1,6,56,3,5,5,4,8,7,19,6,9,11,17,4,4,3,2,2,3,2,8,12,6,12,6,8,1,5,4,8,5,6,6,2,8,10,13,11,3,16,11,3,3,1,19,4,11,3,3,8,13,20,22,9,13,3
2088,4,8,6,9,1,3,4,9,2,1,3,7,0,10,1,5,2,9,1,1,5,5,4,3,3,2,3,4,8,5,6,2,3,5,21,6,2,13,4,1,6,56,3,5,5,4,8,7,19,6,9,11,17,4,4,3,2,2,3,2,8,12,6,12,6,8,1,5,4,8,5,6,6,2,8,10,13,11,3,15,10,3,3,1,19,4,11,3,3,8,13,20,22,9,13,3
2089,4,8,6,9,1,3,4,9,2,1,3,7,0,10,1,5,2,9,1,1,5,5,4,3,3,2,3,4,8,5,6,2,3,5,21,6,2,13,4,1,6,55,3,5,5,4,8,7,19,6,8,11,17,4,4,3,2,2,3,2,8,12,6,12,6,8,1,5,4,8,5,6,6,2,8,10,13,11,3,15,10,3,3,1,18,4,11,3,3,8,13,20,22,9,13,3
2090,4,8,6,9,1,3,4,9,2,1,3,7,0,10,1,5,2,9,1,1,5,5,4,3,3,2,3,4,8,5,6,2,3,5,21,6,2,13,4,1,6,55,3,5,5,4,8,7,19,6,8,11,17,4,4,3,2,1,3,2,8,12,6,12,6,8,1,5,4,8,5,6,6,2,8,10,13,11,3,15,10,3,3,1,18,4,11,3,3,8,13,20,22,9,13,3
2091,4,8,6,9,1,3,4,9,2,1,3,7,0,10,1,5,2,9,1,1,5,5,4,3,3,2,3,4,8,5,6,2,3,5,21,6,2,13,4,1,6,54,3,5,5,4,8,7,19,6,8,11,17,4,4,3,2,1,3,2,8,12,6,11,6,7,1,5,4,8,5,6,6,2,8,10,13,11,3,15,10,3,3,1,18,4,11,3,3,8,13,20,22,9,13,3
2092,4,8,6,9,1,3,4,9,2,1,3,7,0,10,1,5,2,8,1,1,5,3,4,3,3,2,3,4,8,5,6,2,3,5,21,6,2,13,4,1,6,52,3,5,4,4,8,7,19,6,8,11,17,4,4,3,2,1,3,1,8,12,6,11,6,7,1,5,4,8,5,6,6,2,8,10,13,11,3,15,10,3,3,1,18,4,11,3,2,8,13,19,22,9,13,2
2093,4,8,6,9,1,3,4,9,2,1,3,7,0,10,1,5,2,8,1,1,5,3,4,2,3,2,3,4,8,5,6,2,3,5,21,6,2,13,4,1,6,52,3,5,4,4,8,7,19,6,8,11,17,4,4,3,2,1,3,1,8,12,6,11,6,7,1,5,4,8,5,6,6,2,8,10,13,11,3,15,10,3,3,1,18,4,11,3,2,8,13,19,22,9,13,2
2094,4,8,6,9,1,3,4,9,2,1,3,7,0,10,1,5,2,8,1,1,5,3,4,2,3,2,3,4,8,5,6,2,3,5,21,6,2,13,4,1,6,52,3,5,4,4,8,7,19,6,8,11,17,4,4,3,2,1,3,1,8,12,6,11,6,7,1,5,4,8,5,6,6,2,8,10,13,11,3,15,10,3,3,1,18,4,11,3,2,8,13,19,22,9,13,2
2095,4,8,6,9,1,3,4,9,2,1,3,7,0,10,1,5,2,8,1,1,4,3,4,2,3,2,3,4,8,5,6,2,3,5,21,6,2,13,4,1,6,51,3,5,4,4,8,7,19,6,8,11,16,4,4,3,2,1,3,1,8,12,6,11,6,7,1,5,4,8,5,6,6,2,8,10,13,11,3,14,10,3,3,1,18,4,11,3,2,8,13,19,22,9,13,2
2096,4,8,6,9,1,3,4,9,2,1,3,7,0,10,1,5,2,7,1,1,4,3,4,2,3,2,3,4,8,5,5,2,3,5,21,6,2,13,4,1,6,50,3,5,4,4,8,7,19,6,8,11,16,4,3,3,2,1,3,1,8,12,6,11,5,6,1,5,4,8,5,6,6,2,8,10,13,11,3,13,10,2,3,1,19,4,11,3,2,8,12,19,22,9,13,2
2097,4,8,6,9,1,3,4,9,2,1,3,7,0,10,1,5,2,7,1,1,4,3,4,2,3,2,3,4,8,5,5,2,3,5,21,6,2,13,4,1,6,50,3,5,4,4,8,7,19,6,8,11,16,4,3,3,2,1,3,1,8,12,6,11,5,6,1,5,4,8,5,6,6,2,8,10,13,11,3,13,10,2,3,1,19,4,12,3,2,8,12,19,22,9,13,2
2098,4,8,6,9,1,3,4,9,2,1,3,7,0,10,1,5,2,7,1,1,4,3,4,2,3,2,3,4,8,5,5,2,3,5,21,6,2,13,4,1,5,50,3,5,4,4,8,7,19,6,8,11,16,4,3,3,2,1,3,1,8,12,6,11,5,6,1,5,4,8,5,6,6,2,8,10,12,11,3,13,10,2,3,1,19,4,12,3,2,8,12,19,22,9,13,1
2099,4,8,6,9,1,3,4,9,2,1,3,7,0,8,1,5,2,7,1,1,4,3,4,2,3,2,3,4,8,5,5,2,3,5,20,6,2,13,4,0,5,49,3,5,4,4,8,7,19,6,8,10,16,4,3,3,2,1,3,1,8,12,6,11,5,6,1,5,4,8,5,6,6,2,8,10,12,11,3,13,10,2,3,1,19,4,12,3,2,8,12,19,22,9,13,1
2100,4,8,6,9,1,3,4,9,2,1,3,7,0,8,1,5,2,7,1,1,4,3,4,2,3,2,3,4,8,5,5,2,3,5,20,6,2,13,4,0,5,48,3,5,4,4,8,7,19,6,8,9,16,4,3,3,2,1,3,1,8,12,6,11,5,6,1,5,4,8,5,6,6,2,8,9,12,11,3,13,10,2,3,1,19,4,12,3,2,8,11,19,22,9,13,1
2101,4,8,6,9,1,3,4,9,2,1,3,7,0,8,1,5,2,7,1,1,4,3,4,2,3,2,3,4,8,5,5,2,3,5,20,6,2,13,4,0,5,47,3,5,4,4,8,7,19,6,8,9,16,4,3,2,2,1,3,1,8,12,5,10,5,6,1,5,4,8,5,6,6,2,8,8,12,11,3,13,10,2,3,1,19,4,12,3,2,8,11,19,21,9,13,1
2102,4,8,6,9,1,3,4,9,2,1,3,7,0,8,1,5,2,7,1,1,4,3,4,2,3,2,3,4,7,5,5,2,3,4,20,6,2,13,4,0,5,47,3,5,4,3,8,6,19,6,8,9,15,4,3,2,2,1,3,1,8,12,5,10,5,6,0,5,4,8,5,6,6,2,8,8,11,11,3,13,10,2,3,1,19,4,11,3,2,8,11,19,21,9,13,1
2103,4,8,6,9,1,3,4,9,2,1,3,7,0,8,1,4,2,7,1,1,4,3,4,2,3,2,3,4,7,5,5,2,3,4,20,6,2,13,4,0,5,47,3,5,4,3,8,6,19,6,8,9,15,4,3,2,2,1,3,1,8,12,5,8,4,6,0,5,4,8,5,6,6,2,8,8,11,11,3,13,9,2,3,1,19,4,11,3,2,8,10,19,21,9,13,1
2104,4,8,6,9,1,3,4,9,2,1,3,7,0,8,1,4,2,7,1,1,4,3,4,2,3,2,3,4,6,5,5,2,3,4,20,6,2,13,4,0,5,47,3,4,4,3,8,6,19,6,8,9,15,4,3,2,2,1,3,1,8,12,5,7,4,6,0,5,4,8,5,6,6,2,8,8,11,11,3,13,9,2,3,1,19,4,11,3,2,8,10,19,21,9,13,1
2105,4,8,6,9,1,3,4,9,2,1,3,7,0,8,1,4,2,7,1,1,4,3,4,2,3,2,3,4,6,5,5,2,3,4,20,6,2,13,4,0,5,45,3,4,4,3,8,6,19,6,8,9,15,4,3,2,2,1,3,1,8,13,5,7,4,6,0,5,4,8,5,6,5,2,7,8,11,11,3,13,9,2,3,1,19,4,10,3,2,8,10,19,20,9,13,1
2106,4,8,6,9,1,3,4,9,2,1,3,6,0,8,1,3,2,7,1,1,4,3,4,2,3,2,3,4,6,5,5,2,2,4,20,6,2,13,4,0,5,44,3,4,4,3,8,6,19,6,8,9,15,4,3,2,2,1,3,1,8,13,5,7,4,6,0,5,4,8,5,6,5,2,7,8,11,11,3,12,9,2,3,1,19,4,10,3,2,8,10,19,20,9,13,1
2107,4,8,6,9,1,3,4,9,2,1,3,6,0,8,1,3,2,7,1,1,4,3,4,2,3,2,3,4,6,5,5,2,2,4,20,6,2,12,4,0,5,44,3,4,4,3,9,6,18,6,8,9,15,4,3,2,2,1,3,1,8,13,5,7,4,6,0,5,4,8,5,6,5,2,7,8,11,11,3,12,9,2,3,1,19,4,10,3,2,8,10,19,19,9,13,1
2108,4,8,6,9,1,3,4,9,1,1,3,6,0,8,1,3,1,7,1,1,4,3,4,2,3,2,3,4,6,4,5,2,2,4,20,6,2,11,4,0,5,44,3,4,4,3,9,6,18,6,8,9,14,4,3,2,2,1,3,1,8,13,5,7,4,6,0,5,4,8,5,6,5,2,7,7,11,11,3,12,9,2,3,1,19,4,10,3,2,8,10,19,19,9,13,1
2109,4,8,6,9,1,3,4,9,1,1,3,6,0,8,1,3,1,7,1,1,4,3,4,2,3,2,3,4,5,4,5,2,2,4,20,6,1,11,4,0,5,44,3,4,4,3,9,6,18,6,8,9,14,4,3,2,2,1,3,1,8,13,5,7,4,6,0,5,4,8,5,6,5,2,7,7,11,11,2,12,9,2,3,1,19,4,10,3,2,8,10,19,18,9,13,1
2110,4,8,6,9,1,3,4,9,1,1,3,6,0,8,1,3,1,7,1,1,4,3,4,2,3,2,3,4,5,4,5,2,2,4,20,6,1,11,4,0,5,44,3,3,4,3,9,6,18,6,8,9,14,4,3,2,2,1,2,1,8,13,5,7,4,6,0,5,4,8,5,6,5,2,7,7,11,11,2,12,9,2,3,1,19,4,10,3,2,8,10,19,18,9,13,1
2111,4,8,6,9,1,3,4,9,1,1,2,6,0,8,1,3,1,6,1,1,4,3,4,2,2,2,3,4,5,4,5,2,2,4,20,6,1,11,4,0,5,44,3,3,4,3,9,6,18,6,8,9,15,4,3,2,2,1,2,1,8,13,5,7,4,6,0,5,4,8,5,6,5,2,7,7,11,11,2,12,9,2,2,1,19,4,9,3,2,8,10,18,18,9,12,1
2112,4,8,6,9,1,3,4,9,1,1,2,6,0,8,1,3,1,6,1,1,4,3,4,2,2,2,3,4,5,4,5,2,2,4,20,6,1,10,4,0,5,44,3,3,4,3,9,5,18,6,8,9,15,4,3,2,2,1,2,1,8,13,5,7,4,6,0,5,4,8,5,6,5,1,7,7,11,11,2,12,9,2,2,1,19,4,9,3,2,8,10,18,17,9,12,1
2113,4,8,6,9,1,3,4,9,1,1,2,5,0,8,1,3,1,6,1,1,4,3,4,2,2,2,3,4,5,4,5,2,2,4,20,6,1,10,4,0,5,44,3,3,4,3,9,5,18,6,8,9,15,4,3,2,2,1,2,1,8,13,5,7,4,6,0,5,4,8,5,6,5,1,7,7,11,11,2,12,9,2,2,1,19,4,9,3,2,8,10,18,17,9,12,1
2114,4,8,6,9,1,3,4,9,1,1,2,5,0,8,1,3,1,6,1,1,4,3,4,2,2,2,3,4,5,4,5,2,2,4,20,6,1,10,4,0,5,43,3,3,4,3,9,4,18,6,8,8,15,4,3,2,2,1,2,1,8,13,5,7,4,6,0,5,4,8,4,6,5,1,7,7,11,11,2,12,9,2,2,1,19,4,9,3,2,8,10,18,17,8,12,1
2115,4,8,6,9,1,3,4,9,1,1,2,5,0,8,1,3,1,6,1,1,4,3,4,2,2,2,3,4,5,4,5,2,2,4,19,6,1,10,4,0,5,43,2,3,4,3,9,4,18,6,8,8,15,4,3,2,2,1,2,1,8,13,5,7,4,6,0,5,4,7,4,6,5,1,7,7,11,10,2,12,9,2,2,1,18,4,9,3,2,8,10,18,16,8,12,1
2116,4,8,6,9,1,3,4,9,1,1,2,5,0,8,1,3,1,6,1,1,4,3,4,2,2,2,3,4,5,4,5,1,2,4,19,6,1,10,4,0,5,43,2,3,4,3,9,4,18,6,8,8,15,4,3,2,2,1,2,1,8,13,5,7,4,6,0,5,4,7,4,6,5,1,7,7,11,8,2,12,9,2,2,1,17,4,9,3,2,8,10,18,16,8,12,1
2117,4,8,6,9,1,3,4,9,1,1,2,5,0,8,1,3,1,6,1,1,4,3,4,2,2,2,3,4,5,4,5,1,2,4,19,6,1,10,4,0,5,43,2,3,4,3,9,4,17,6,8,8,15,4,3,2,2,1,2,1,8,13,5,7,4,6,0,5,4,7,4,6,5,1,7,7,11,8,2,12,9,2,2,1,16,4,9,3,2,8,10,18,16,8,12,1
2118,4,8,6,9,1,3,4,9,1,1,2,5,0,8,1,3,1,6,1,1,4,3,4,2,2,2,3,4,5,4,5,1,2,4,19,6,1,10,4,0,5,42,2,3,4,3,9,4,17,5,8,8,14,4,3,2,2,1,2,0,8,13,5,7,4,6,0,5,4,7,4,6,5,1,7,7,11,8,2,12,9,2,2,1,16,4,9,3,2,8,10,18,16,8,12,1
2119,4,8,6,9,1,3,4,9,1,1,2,5,0,8,1,3,1,6,1,1,4,3,4,2,2,2,3,4,5,4,5,1,2,4,18,6,1,10,4,0,5,42,2,3,4,3,9,4,17,5,8,8,14,4,3,2,2,1,2,0,8,13,5,7,4,6,0,5,4,7,4,6,5,1,7,7,11,8,2,13,9,2,2,1,16,4,10,3,2,8,10,18,16,8,12,1
2120,4,8,6,9,1,3,4,9,1,1,2,5,0,8,1,3,1,6,1,1,4,3,4,2,2,2,3,4,5,4,5,1,2,4,18,6,1,10,4,0,5,42,2,3,4,3,9,4,17,5,8,8,14,4,3,2,2,1,2,0,8,13,5,7,4,6,0,5,4,7,4,6,5,1,6,7,10,8,2,13,9,2,2,1,15,4,10,3,2,7,10,18,15,8,12,1
2121,4,8,6,9,1,3,4,9,1,1,2,5,0,8,1,3,1,6,1,1,4,3,4,2,2,2,3,4,5,4,3,1,2,4,18,6,1,11,4,0,5,42,2,3,4,3,9,4,17,5,8,8,14,4,3,2,2,1,2,0,8,13,5,7,4,6,0,5,4,7,4,6,5,1,6,7,10,8,2,13,8,2,2,1,15,4,10,3,2,7,9,18,15,8,12,1
2122,4,8,6,9,1,3,4,9,1,1,2,5,0,8,1,3,1,6,1,1,4,3,4,2,2,2,3,4,5,4,3,1,2,4,18,6,1,11,4,0,5,42,2,3,4,3,9,4,17,5,8,8,14,4,3,2,2,1,2,0,8,13,5,7,4,6,0,5,4,7,4,6,4,1,6,7,10,8,2,13,8,2,2,1,15,4,10,3,2,7,9,18,15,8,11,1
2123,4,8,6,8,1,3,4,9,1,1,2,5,0,8,1,3,1,6,1,1,4,3,4,2,2,2,3,4,5,4,3,1,2,4,18,6,1,11,4,0,5,42,2,3,4,3,9,4,17,4,8,8,14,4,3,2,2,1,2,0,7,13,5,7,4,6,0,5,4,7,4,6,4,1,6,7,10,8,2,13,8,2,2,1,15,4,10,3,2,7,9,18,15,8,11,1
2124,4,8,6,8,1,3,4,9,1,1,1,5,0,8,1,3,1,6,1,1,4,3,4,2,2,2,3,4,5,4,3,1,2,4,18,6,1,11,4,0,5,42,2,3,4,3,9,4,18,4,8,8,14,4,3,2,2,1,2,0,7,13,5,7,4,6,0,4,4,7,4,6,4,1,5,7,10,8,2,13,8,2,2,1,15,4,8,3,2,7,9,18,15,8,11,1
2125,4,8,6,8,1,3,2,9,1,1,1,5,0,8,1,3,1,6,1,1,4,3,4,2,2,2,3,4,5,4,3,1,2,4,18,6,1,11,4,0,5,41,2,3,4,3,9,4,18,4,8,8,14,4,3,2,2,1,2,0,7,13,5,7,4,6,0,4,4,7,4,6,4,1,5,7,10,8,2,13,8,2,2,1,15,4,8,3,2,7,9,17,15,7,11,1
2126,4,8,6,8,1,3,2,9,1,1,1,5,0,8,1,3,1,6,1,1,4,3,4,2,2,2,3,4,5,4,3,1,2,4,18,6,1,11,4,0,5,41,1,3,4,3,8,4,18,3,8,8,14,4,3,2,2,1,2,0,7,13,5,7,4,6,0,4,4,6,4,6,4,1,5,7,10,8,2,13,8,2,2,1,15,4,8,3,2,7,9,17,15,7,11,1
2127,4,8,6,8,1,3,2,9,1,1,1,5,0,8,1,3,1,6,1,1,4,3,4,2,2,2,3,4,5,4,3,1,2,4,18,6,1,11,4,0,5,41,1,3,4,3,8,4,18,3,8,8,13,4,3,1,2,1,2,0,7,13,5,7,4,6,0,3,4,6,4,6,4,1,5,7,9,8,2,13,8,2,2,1,15,4,8,3,2,7,9,18,15,7,11,1
2128,4,8,6,8,1,3,2,9,1,1,1,5,0,8,1,3,1,6,1,1,4,3,4,2,2,2,3,4,5,4,2,1,2,4,18,6,1,11,4,0,5,41,1,3,4,3,8,4,18,3,8,8,13,4,3,1,2,1,2,0,7,13,5,7,4,6,0,3,4,6,4,6,3,1,5,7,9,8,2,13,8,2,2,1,13,4,8,3,2,7,9,18,15,7,10,1
2129,4,8,6,8,1,3,2,9,1,1,1,5,0,8,1,3,1,6,1,1,4,3,4,2,2,2,3,4,5,4,2,1,2,4,18,6,1,11,4,0,5,41,1,3,4,3,8,4,18,3,8,8,13,4,2,0,2,1,2,0,7,13,5,7,4,6,0,3,4,6,4,6,3,1,5,7,9,8,2,12,8,2,2,1,13,4,8,3,2,7,9,18,15,7,10,1
2130,4,7,6,7,1,3,2,9,1,1,1,5,0,8,1,3,1,6,1,1,4,3,4,2,2,2,3,4,5,4,2,1,2,4,17,6,1,11,4,0,5,41,1,3,4,3,8,4,18,3,7,8,13,4,2,0,2,1,2,0,7,13,5,7,4,6,0,3,4,6,4,6,3,1,5,7,9,8,2,12,8,2,2,1,14,4,8,3,2,7,9,18,15,7,10,1
2131,4,7,6,7,1,3,2,9,1,1,1,5,0,8,1,3,1,6,1,1,4,3,4,2,2,2,3,4,5,4,2,1,2,4,17,6,1,11,4,0,5,41,1,3,4,3,8,4,18,2,7,8,13,3,2,0,2,1,2,0,7,13,5,7,4,6,0,3,4,6,4,6,3,1,5,7,9,8,2,12,8,2,2,1,14,4,8,3,2,7,9,18,15,7,10,1
2132,4,7,6,7,1,3,2,9,1,1,1,5,0,8,1,3,1,6,1,1,4,3,4,2,2,2,3,4,5,4,2,1,2,4,17,6,1,11,4,0,5,41,1,3,4,3,8,4,19,2,7,8,13,3,2,0,2,1,2,0,7,13,5,7,4,6,0,3,4,6,4,6,3,1,5,7,9,8,2,12,8,2,2,1,13,4,8,3,2,7,9,18,15,7,10,1
2133,4,7,6,7,1,3,2,8,1,1,1,5,0,8,1,3,1,6,1,1,4,3,4,2,2,2,3,4,5,4,2,1,2,4,17,6,1,11,4,0,5,40,1,3,4,3,8,4,19,2,7,8,13,3,2,0,2,1,2,0,7,13,5,7,4,6,0,3,4,6,4,6,3,1,5,7,9,8,2,12,8,2,2,1,13,4,8,2,2,7,9,18,15,7,10,1
2134,4,7,6,7,1,3,2,8,1,1,1,5,0,8,1,3,1,6,1,1,4,3,4,2,2,2,3,4,5,4,2,1,2,4,17,6,1,11,4,0,5,40,1,3,4,3,8,4,19,2,7,8,13,3,2,0,2,1,2,0,7,12,5,7,4,6,0,3,4,6,4,6,3,1,5,7,9,8,2,12,8,2,2,1,13,4,8,2,2,7,9,18,15,7,10,1
2135,4,7,6,7,1,3,2,8,1,1,1,5,0,8,1,3,1,6,1,1,4,3,4,2,2,2,3,4,5,4,2,1,2,4,16,6,1,11,4,0,5,39,1,3,4,3,8,4,19,2,7,8,13,3,2,0,2,1,2,0,7,12,5,7,4,6,0,2,4,6,4,6,3,1,5,7,9,7,2,12,8,2,2,1,12,4,9,2,2,7,8,19,15,7,10,1
2136,4,7,6,7,1,3,2,8,1,1,1,5,0,8,1,3,1,6,1,1,4,3,4,2,2,2,3,4,5,4,2,1,2,4,16,6,1,11,4,0,5,39,1,3,4,3,8,4,19,2,7,8,13,3,1,0,2,1,2,0,7,12,5,7,4,6,0,2,4,6,4,6,3,1,5,7,9,7,2,12,8,2,2,1,12,4,9,2,2,7,7,19,15,7,10,1
2137,4,6,6,7,1,3,2,8,1,1,1,4,0,8,1,3,1,6,1,1,4,3,4,2,2,2,3,4,5,4,2,1,2,4,16,5,1,11,4,0,5,39,1,3,4,3,8,4,19,2,7,8,13,3,1,0,2,1,2,0,7,12,5,7,4,6,0,2,4,6,4,6,3,1,5,7,9,6,2,12,8,2,2,1,12,4,10,2,2,7,7,18,14,7,10,1
2138,3,6,6,7,1,3,2,8,1,1,1,4,0,8,1,3,1,6,1,1,4,3,4,2,2,2,3,4,5,4,2,1,2,4,16,5,1,11,4,0,5,39,1,3,4,3,8,4,19,2,7,8,13,3,1,0,2,1,2,0,7,12,5,7,4,6,0,2,4,6,4,6,3,1,5,7,9,6,2,12,8,2,2,1,12,4,9,2,2,6,7,18,14,7,10,1
2139,3,6,6,7,1,3,2,8,1,1,1,4,0,8,1,3,1,6,1,1,4,3,4,2,2,2,3,4,5,4,2,1,2,4,16,5,1,11,4,0,5,39,1,3,4,3,8,4,19,2,7,8,13,3,1,0,2,1,2,0,7,12,4,7,4,6,0,2,4,6,4,6,3,1,5,7,9,6,2,12,8,2,2,1,12,4,9,2,2,6,7,18,14,7,10,1
2140,3,6,6,7,1,3,2,8,1,1,1,4,0,8,1,3,1,6,1,1,4,3,4,2,2,2,3,4,5,4,2,1,2,4,16,5,1,11,4,0,5,39,1,3,4,3,8,4,19,2,7,8,13,3,1,0,2,1,2,0,7,12,4,7,4,6,0,2,4,6,4,6,3,1,5,7,9,6,2,11,8,2,2,1,11,4,9,2,2,6,7,18,14,7,10,1
2141,3,6,6,7,1,3,2,8,1,1,1,4,0,8,1,3,1,6,1,1,4,3,4,2,2,2,3,4,5,4,2,1,2,4,16,5,1,11,4,0,5,37,1,3,4,3,8,4,19,2,7,8,13,3,1,0,2,1,2,0,7,12,4,7,4,6,0,2,4,6,4,6,3,1,5,7,9,6,2,11,8,2,2,1,11,4,9,2,2,6,7,18,14,7,10,1
2142,3,6,6,7,1,3,2,8,1,1,1,4,0,8,1,3,1,6,1,1,4,3,4,2,2,2,3,4,4,4,2,1,2,4,16,5,1,11,4,0,5,37,1,3,4,3,8,4,19,2,7,8,13,3,1,0,2,1,2,0,7,12,4,7,4,6,0,2,4,6,4,6,3,1,5,7,9,6,2,11,8,2,2,1,11,3,9,2,2,6,7,18,14,7,10,1
2143,3,6,6,7,1,3,2,8,1,1,1,3,0,8,1,3,1,5,1,1,4,3,4,2,2,2,3,4,4,4,2,1,2,4,16,5,1,11,4,0,5,37,1,3,4,3,8,4,19,2,7,8,13,3,1,0,2,1,2,0,7,12,4,7,4,6,0,2,4,6,4,6,3,1,5,6,9,6,2,11,8,2,2,1,11,3,9,2,2,6,7,18,14,7,10,1
2144,3,6,6,7,1,3,2,8,1,1,1,3,0,8,1,3,1,5,1,1,4,3,4,2,2,2,3,4,4,4,2,1,2,4,16,5,1,11,4,0,5,37,1,3,4,3,8,4,19,2,7,8,13,3,1,0,2,1,2,0,7,12,4,7,4,6,0,2,4,5,4,6,3,1,5,6,9,6,2,11,8,2,2,1,11,3,9,2,2,6,7,18,14,7,10,1
2145,3,6,6,7,1,3,2,8,1,1,1,3,0,8,1,3,1,5,1,1,4,3,4,2,2,2,3,4,4,4,2,1,2,4,16,5,1,11,4,0,5,37,1,3,4,3,8,4,19,2,7,8,13,3,1,0,2,1,2,0,7,12,4,7,4,5,0,2,4,5,4,6,3,1,4,6,9,5,2,11,8,2,2,1,11,3,9,2,2,6,7,18,14,7,10,1
2146,3,6,6,7,1,3,2,8,1,1,1,3,0,8,1,3,1,5,1,1,4,3,4,2,2,2,3,4,4,4,2,1,2,4,16,5,1,11,4,0,5,37,1,3,4,2,8,4,19,2,7,8,12,3,1,0,2,1,2,0,7,12,4,7,4,5,0,2,4,5,4,6,3,1,4,5,9,4,2,11,8,2,2,1,11,3,9,2,2,6,7,18,13,7,10,1
2147,3,6,6,7,1,3,2,8,1,1,1,3,0,8,1,3,1,5,1,1,4,3,4,2,2,2,3,4,4,4,2,1,2,4,16,5,1,11,4,0,4,38,1,3,4,2,8,4,20,2,7,8,12,3,1,0,2,1,2,0,6,12,4,7,4,5,0,2,4,5,3,6,3,1,4,5,9,4,2,11,8,2,2,1,11,2,9,2,2,6,7,18,13,7,10,1
2148,3,6,6,7,1,3,2,8,1,1,1,3,0,8,1,3,1,5,1,1,4,3,4,2,2,2,3,4,4,4,2,1,2,4,16,5,1,11,4,0,4,37,1,3,4,2,8,4,19,2,7,8,12,3,1,0,2,1,2,0,6,12,4,7,4,5,0,2,4,5,3,6,3,1,4,5,9,4,2,11,8,2,2,1,11,2,9,2,2,6,7,18,13,7,9,1
2149,3,6,6,7,1,3,2,7,1,1,1,3,0,8,1,3,1,5,1,1,4,3,4,2,2,2,3,4,4,4,2,1,2,4,16,5,1,11,4,0,4,36,1,3,4,2,8,4,19,2,7,8,12,3,1,0,2,1,2,0,6,12,4,7,4,5,0,2,4,5,3,6,3,1,4,5,9,4,2,11,8,2,2,1,11,1,9,2,2,6,7,18,13,7,9,1
2150,3,6,5,6,1,3,2,7,1,1,1,3,0,8,1,3,1,5,1,1,4,3,4,2,2,2,3,3,4,4,2,1,1,4,16,5,1,11,4,0,4,35,1,3,4,2,8,4,19,1,7,8,12,3,1,0,2,1,2,0,6,12,4,7,4,5,0,2,4,5,3,6,3,1,4,5,9,4,2,11,8,2,2,1,11,1,9,2,2,6,7,18,13,7,9,1
2151,3,6,5,6,1,3,2,7,1,1,1,3,0,8,1,3,1,5,1,1,4,3,4,2,2,2,3,3,4,4,2,1,1,4,16,5,1,11,4,0,4,35,1,3,4,2,8,4,19,1,7,8,12,3,1,0,2,1,1,0,6,12,3,7,4,5,0,2,4,5,3,5,3,1,4,5,9,4,2,11,8,2,2,1,11,1,9,2,2,6,7,18,13,7,9,1
2152,3,6,5,6,1,2,2,7,1,1,1,3,0,8,1,3,1,5,1,1,4,3,4,2,2,2,3,3,4,4,2,1,1,4,16,5,1,11,4,0,4,35,1,3,4,2,8,4,19,1,7,8,12,3,1,0,2,1,1,0,6,12,3,7,4,5,0,1,4,5,3,5,3,1,4,5,8,4,2,11,8,2,2,1,11,1,9,2,2,6,7,18,13,7,9,1
2153,3,6,5,6,1,2,2,7,1,1,1,3,0,8,1,3,1,5,1,1,4,3,4,2,2,2,3,3,4,4,2,1,1,4,15,5,1,11,4,0,4,35,1,3,4,2,8,4,19,1,7,8,12,3,1,0,2,1,1,0,6,12,3,7,4,5,0,1,4,5,3,4,3,1,4,5,8,4,2,11,8,2,2,1,11,1,9,1,2,6,7,18,13,7,9,1
2154,3,6,5,6,1,2,2,7,1,1,1,3,0,8,1,3,1,4,1,1,4,3,4,2,2,2,3,3,4,4,2,1,1,4,15,5,1,11,4,0,3,35,1,3,4,2,8,4,19,1,7,8,12,3,1,0,2,1,1,0,6,12,3,7,4,5,0,1,4,5,3,4,3,1,4,5,8,4,2,11,8,2,2,1,11,1,9,1,2,6,7,18,13,7,9,1
2155,3,6,5,6,1,2,2,7,1,1,1,3,0,8,1,3,1,4,1,1,4,3,4,2,2,2,3,3,4,4,2,1,1,4,15,5,1,11,4,0,3,35,1,3,4,2,7,4,19,1,7,8,12,3,1,0,2,1,1,0,6,12,3,7,4,5,0,1,4,5,3,4,3,1,4,5,8,4,2,11,8,2,2,1,11,1,9,1,2,6,7,18,13,7,9,1
2156,3,6,5,6,1,2,2,7,1,1,1,3,0,8,1,3,1,4,1,1,4,3,4,2,2,2,3,3,4,4,2,1,1,4,15,5,1,11,4,0,3,35,1,3,4,2,7,4,19,1,6,8,12,3,1,0,2,1,1,0,6,12,3,7,4,5,0,1,4,5,3,4,3,1,3,5,8,4,2,11,8,2,2,1,11,1,9,1,2,6,7,18,13,7,9,1
2157,3,6,5,6,1,2,2,7,1,1,1,3,0,8,1,3,1,4,1,1,4,3,4,2,2,2,3,3,4,4,2,1,1,4,15,5,1,11,4,0,3,34,1,3,4,2,7,4,19,1,6,8,12,3,1,0,2,1,1,0,6,12,3,7,4,5,0,1,4,5,3,4,3,1,3,5,8,4,2,11,8,2,2,1,11,1,9,1,2,5,7,18,13,7,9,1
2158,3,6,5,6,1,2,2,7,1,1,1,3,0,8,1,3,1,4,1,1,4,3,4,2,2,2,3,3,4,3,2,1,1,4,15,5,1,11,4,0,3,34,1,3,4,2,7,4,20,1,6,8,12,3,1,0,2,1,1,0,6,12,3,6,4,5,0,1,4,5,3,4,3,1,3,5,8,4,2,11,8,2,2,1,11,1,9,1,2,5,7,19,13,7,9,1
2159,3,6,5,6,1,2,2,7,1,1,1,3,0,8,1,3,1,4,1,1,4,3,4,2,2,2,3,3,4,3,2,1,1,4,15,5,1,11,4,0,3,34,1,3,4,2,7,4,20,1,6,8,12,3,1,0,2,1,1,0,6,12,3,6,4,5,0,1,4,5,3,4,3,1,3,5,8,4,2,11,8,2,2,1,11,1,9,1,2,5,7,19,13,7,9,1
2160,3,6,5,6,1,2,2,7,1,1,1,3,0,8,1,3,1,4,1,1,4,3,4,2,2,2,3,3,4,3,2,1,1,4,15,5,1,11,4,0,3,34,1,3,4,2,7,4,20,1,6,8,12,3,1,0,2,1,1,0,6,12,3,6,4,5,0,1,4,5,3,4,3,1,3,5,8,4,2,11,8,2,2,1,12,1,9,1,2,5,7,18,13,7,9,1
2161,3,6,5,6,1,2,2,7,1,1,1,2,0,8,1,3,1,4,1,1,4,3,4,2,2,2,3,3,4,3,2,1,1,4,15,5,1,11,4,0,3,34,1,3,4,2,7,4,20,1,6,8,12,3,1,0,2,1,0,0,6,12,3,6,4,5,0,1,4,5,3,4,3,1,3,5,8,4,2,11,8,2,2,1,12,1,9,1,2,4,7,18,13,7,9,1
2162,3,6,5,6,1,2,2,7,1,1,1,2,0,8,1,3,1,4,1,1,4,3,4,2,2,2,3,3,3,3,2,1,1,4,14,5,1,11,4,0,3,34,1,3,4,2,7,4,20,1,6,8,11,3,1,0,2,1,0,0,6,12,3,6,4,5,0,1,4,5,3,4,3,1,3,5,8,4,2,11,8,2,2,1,12,1,9,1,2,4,7,18,13,7,9,1
2163,3,6,5,5,1,2,2,7,1,1,1,2,0,8,1,3,1,4,1,1,4,3,4,2,2,2,3,3,3,3,2,1,1,4,14,5,1,11,4,0,3,34,1,3,4,2,7,4,19,1,6,7,11,3,1,0,2,1,0,0,6,12,3,6,4,5,0,1,4,5,3,4,3,1,3,5,8,4,1,11,8,2,2,1,12,1,9,1,2,4,7,18,13,7,9,1
2164,3,6,5,5,1,1,2,7,1,1,1,2,0,8,1,3,1,4,1,1,4,3,4,2,2,2,3,3,3,3,2,1,1,4,14,5,1,11,4,0,3,34,1,3,4,2,7,4,19,1,6,7,10,3,1,0,2,1,0,0,6,12,3,6,4,5,0,1,4,5,3,4,3,1,3,5,8,4,1,11,8,2,2,1,12,1,9,1,2,4,7,18,13,7,9,1
2165,3,6,5,5,1,1,2,7,1,1,1,2,0,8,1,2,1,4,1,1,3,3,4,2,2,2,3,3,2,3,2,1,1,4,14,5,1,11,4,0,3,33,1,3,4,2,7,4,18,1,6,7,10,3,1,0,2,1,0,0,6,12,3,6,4,5,0,1,4,5,3,4,3,1,3,5,8,4,1,11,8,2,2,1,12,1,9,1,2,4,7,18,13,7,9,1
2166,3,6,5,5,1,1,2,7,1,1,1,2,0,8,1,2,1,4,1,1,3,3,4,2,2,2,3,3,2,3,2,1,1,4,14,5,1,11,4,0,3,32,1,3,4,2,7,4,18,1,6,7,10,3,1,0,2,1,0,0,6,12,3,6,4,5,0,1,4,5,3,4,3,1,3,5,8,4,1,11,8,2,2,1,12,1,9,1,2,4,6,18,13,7,9,1
2167,3,6,5,5,1,0,2,7,1,1,0,2,0,8,1,2,1,4,1,1,3,3,4,2,2,2,3,3,2,3,2,1,1,4,14,5,1,11,4,0,3,32,1,3,4,2,7,4,18,1,6,7,10,3,1,0,2,1,0,0,6,12,3,6,4,5,0,1,4,5,3,4,3,1,3,5,8,4,1,11,8,2,2,1,12,1,9,1,2,4,5,18,13,6,9,1
2168,3,6,5,5,1,0,2,7,1,1,0,2,0,8,1,2,1,4,1,1,3,3,4,2,2,2,3,3,2,3,2,1,1,4,14,5,1,11,4,0,3,32,1,3,4,2,7,4,18,1,6,7,10,3,1,0,2,1,0,0,6,11,3,6,4,5,0,1,4,5,3,4,3,1,3,5,8,3,1,11,7,2,2,1,12,1,9,1,2,4,5,18,13,6,9,1
2169,3,6,5,5,1,0,2,7,1,1,0,2,0,8,1,2,1,4,1,1,3,3,4,2,2,2,3,3,2,3,2,1,1,4,14,5,1,11,4,0,3,32,1,3,4,2,7,4,18,1,6,7,10,3,1,0,2,1,0,0,6,11,3,6,4,5,0,1,4,5,3,4,3,1,3,5,8,3,1,12,7,2,2,1,12,1,9,1,2,4,5,18,13,6,9,0
2170,3,6,5,5,1,0,2,7,1,1,0,2,0,7,1,1,1,4,1,1,3,3,4,2,2,2,3,2,2,3,2,1,1,3,13,5,1,11,4,0,3,32,1,3,4,2,7,4,18,1,6,7,10,3,1,0,2,1,0,0,6,11,3,6,4,5,0,1,4,5,3,4,3,1,3,5,8,3,1,11,7,2,2,1,12,1,9,1,2,4,5,17,13,6,9,0
2171,3,6,5,5,1,0,2,7,1,1,0,2,0,7,1,1,1,4,1,1,3,3,4,2,2,2,3,2,2,3,2,1,1,3,13,5,1,11,4,0,3,32,1,3,4,2,7,4,18,1,6,7,10,3,1,0,2,1,0,0,6,11,2,6,4,5,0,1,4,5,3,4,3,1,3,4,8,2,1,11,7,2,2,1,12,1,9,1,2,4,5,17,13,6,9,0
2172,3,6,5,5,1,0,2,7,1,1,0,2,0,7,1,1,1,4,1,1,3,3,4,2,2,2,3,2,2,3,2,1,1,3,13,5,1,11,4,0,3,32,1,3,4,2,7,4,18,1,6,7,10,3,1,0,2,1,0,0,6,11,2,6,4,5,0,1,4,5,3,4,3,1,3,4,8,2,1,11,7,2,2,1,13,1,9,1,2,4,5,17,13,6,9,0
2173,3,6,5,5,1,0,2,7,1,1,0,2,0,7,1,1,1,4,1,1,3,3,4,2,2,2,3,2,2,3,2,1,1,3,13,5,1,11,4,0,3,32,1,3,4,2,7,4,18,1,6,7,10,3,1,0,2,1,0,0,6,11,2,6,4,5,0,1,4,5,3,4,3,1,3,4,8,2,1,11,7,2,2,1,13,1,9,1,2,4,4,17,12,6,9,0
2174,3,6,5,5,1,0,2,7,1,1,0,2,0,7,1,1,1,4,1,1,3,3,4,2,2,2,3,2,2,3,2,1,1,3,13,5,1,10,4,0,3,32,1,3,4,2,7,4,18,1,6,7,10,3,1,0,2,1,0,0,6,11,2,6,4,5,0,1,4,5,3,4,3,1,3,4,8,2,1,11,7,2,2,1,13,1,9,1,2,4,4,17,12,6,9,0
2175,3,6,5,5,1,0,1,7,1,1,0,2,0,7,1,1,1,4,1,1,3,3,4,2,2,2,2,2,2,3,2,1,1,3,13,5,1,10,4,0,3,32,1,3,4,2,7,4,18,1,6,7,8,3,1,0,2,1,0,0,6,11,2,6,4,5,0,1,4,5,3,4,3,1,3,4,8,2,1,11,7,2,2,1,13,1,9,1,2,3,4,17,11,6,9,0
2176,3,6,5,5,1,0,1,7,1,1,0,2,0,7,1,1,1,4,1,1,3,3,4,2,2,2,2,2,2,3,2,1,1,3,13,5,1,10,4,0,3,32,1,3,4,2,7,4,18,1,6,7,8,2,1,0,2,1,0,0,6,11,2,6,4,5,0,1,4,5,3,4,3,1,3,4,8,2,1,11,7,2,2,1,13,1,9,1,2,3,4,16,11,6,9,0
2177,3,6,5,5,1,0,1,7,1,1,0,2,0,7,1,1,1,4,1,1,3,3,4,2,2,2,2,2,2,3,2,1,1,3,13,5,1,10,4,0,3,32,1,3,4,1,7,4,18,1,6,7,8,2,1,0,2,1,0,0,6,11,2,6,4,5,0,1,4,5,3,4,3,1,3,4,8,2,1,11,7,2,2,1,13,1,9,1,2,3,4,16,11,5,9,0
2178,3,6,5,5,1,0,1,7,1,1,0,2,0,7,1,1,1,4,1,1,3,3,4,2,2,2,2,2,2,3,2,1,1,3,13,5,1,10,4,0,3,32,1,3,4,1,7,4,18,1,6,7,8,2,1,0,2,1,0,0,6,11,2,6,4,5,0,1,4,5,3,4,3,1,3,4,8,2,1,11,7,2,2,1,13,1,9,1,2,3,4,16,11,5,9,0
2179,3,6,5,5,1,0,1,7,1,1,0,2,0,7,1,1,1,4,1,1,3,3,4,2,2,2,2,2,2,3,2,1,1,3,13,5,1,10,4,0,3,32,1,2,4,1,7,4,19,1,6,7,8,2,1,0,2,1,0,0,6,11,2,6,4,5,0,1,4,5,3,4,3,1,3,4,8,2,1,11,7,2,2,1,13,1,9,1,2,3,4,16,11,5,9,0
2180,3,6,5,5,1,0,1,7,1,1,0,2,0,7,1,1,1,4,1,1,3,3,4,2,2,2,2,2,2,3,2,1,1,3,13,5,1,10,4,0,3,32,1,2,4,1,7,4,19,1,6,7,8,2,1,0,2,1,0,0,6,11,2,6,4,5,0,1,4,5,3,4,3,1,3,4,8,2,1,11,7,2,2,1,13,1,9,1,2,3,4,16,11,5,9,0
2181,3,6,5,5,1,0,1,7,1,1,0,2,0,7,1,1,1,4,1,1,3,3,4,2,2,2,2,2,2,3,2,1,1,3,12,5,1,10,4,0,3,33,1,2,4,1,7,4,19,1,6,7,8,2,1,0,2,1,0,0,6,11,2,6,4,5,0,1,4,5,3,4,3,1,3,4,8,2,1,11,7,2,2,1,13,1,9,1,2,3,4,15,11,5,9,0
2182,3,6,5,5,1,0,1,7,1,1,0,2,0,7,1,1,1,4,1,1,3,3,4,2,2,2,2,2,2,3,2,1,1,3,12,5,1,10,4,0,3,33,1,2,4,1,7,4,20,1,6,7,8,2,1,0,2,1,0,0,6,11,2,6,4,5,0,1,4,5,3,4,3,1,3,4,8,2,1,11,7,2,2,1,13,1,9,1,2,3,4,16,11,5,9,0
2183,3,6,5,5,1,0,1,7,1,1,0,1,0,7,1,1,1,4,1,1,3,3,4,2,2,2,2,2,2,3,2,1,1,3,12,5,1,10,4,0,3,33,1,2,4,0,7,4,20,1,6,7,8,2,1,0,2,1,0,0,6,11,2,6,4,5,0,1,4,5,3,4,3,1,3,4,8,2,1,11,7,2,2,1,13,1,9,1,2,3,4,16,11,5,9,0
2184,3,6,5,5,1,0,1,7,1,1,0,1,0,7,1,1,1,4,1,1,3,3,4,2,2,2,2,2,2,3,2,1,1,3,12,5,1,10,4,0,3,32,1,2,4,0,7,4,20,1,6,7,8,2,1,0,1,1,0,0,6,11,2,6,4,5,0,1,4,5,3,4,3,1,3,4,8,2,1,11,7,2,2,1,13,1,9,1,2,3,4,16,11,5,9,0
2185,3,6,5,5,1,0,1,7,1,1,0,1,0,7,1,1,1,4,1,1,3,3,4,2,2,2,2,2,2,3,2,1,1,3,12,5,1,10,4,0,3,32,1,2,4,0,7,4,19,1,6,7,7,2,1,0,1,1,0,0,6,10,2,6,4,5,0,1,4,5,3,4,3,1,3,4,8,2,1,11,7,2,2,1,14,1,9,1,2,3,4,15,11,5,9,0
2186,3,6,5,5,1,0,1,7,1,1,0,1,0,7,1,1,1,4,1,1,3,3,4,2,2,1,2,2,2,3,2,1,1,3,12,5,1,10,4,0,3,32,1,2,4,0,7,4,19,1,6,7,7,2,1,0,1,1,0,0,6,10,2,6,4,5,0,1,4,4,3,4,2,1,3,3,8,2,1,11,7,2,2,1,14,1,9,1,2,3,4,15,11,5,9,0
2187,3,6,4,5,1,0,1,7,1,1,0,1,0,7,1,1,1,4,1,1,3,3,4,2,2,1,2,2,2,3,2,1,1,3,12,5,1,10,4,0,3,32,1,2,4,0,7,4,18,1,6,7,7,2,1,0,1,1,0,0,6,10,2,6,4,5,0,1,4,4,3,4,2,1,3,3,8,2,1,11,7,2,2,1,14,1,9,1,2,3,4,17,11,5,9,0
2188,3,6,4,5,1,0,1,7,1,1,0,1,0,6,1,1,1,4,1,1,3,3,4,2,2,1,2,2,2,3,2,1,1,3,12,4,1,10,4,0,3,31,1,2,4,0,7,4,18,1,6,7,7,2,1,0,1,1,0,0,6,10,2,5,4,5,0,1,4,4,3,4,2,1,3,3,8,2,1,11,7,2,2,1,14,1,9,1,2,2,4,17,11,5,8,0
2189,3,6,4,4,1,0,1,7,1,1,0,1,0,6,1,1,1,4,1,1,3,3,4,2,2,1,2,2,2,3,2,1,1,3,12,4,1,10,4,0,3,30,1,2,4,0,7,4,18,1,6,7,7,2,1,0,1,1,0,0,6,10,2,5,3,5,0,1,4,4,2,4,2,1,3,3,8,2,1,11,7,2,2,1,14,1,9,1,2,2,4,17,11,5,8,0
2190,3,6,4,4,1,0,1,7,1,1,0,1,0,6,1,1,1,4,1,1,3,3,4,2,2,1,2,2,2,3,2,1,1,3,12,4,1,10,4,0,3,30,1,2,4,0,7,4,18,1,6,7,7,2,1,0,1,1,0,0,6,10,2,5,3,5,0,1,4,4,2,4,2,1,3,3,8,2,1,11,7,2,2,1,14,1,9,1,2,2,4,17,11,5,8,0
2191,3,6,4,4,1,0,1,7,1,1,0,1,0,6,1,1,1,4,1,1,3,3,4,2,2,1,2,2,2,3,2,1,1,3,12,4,1,9,4,0,3,30,1,2,4,0,7,4,18,1,6,7,7,2,1,0,1,1,0,0,6,10,2,5,3,5,0,1,4,4,2,4,2,1,3,3,8,2,1,11,7,2,2,1,14,1,9,1,2,2,4,17,11,5,8,0
2192,3,6,4,4,1,0,1,7,1,1,0,1,0,6,1,1,1,4,1,1,3,3,4,2,2,1,2,2,2,3,2,1,1,2,12,4,1,9,4,0,3,30,1,2,4,0,7,4,18,1,6,7,7,2,1,0,1,1,0,0,6,10,2,5,3,5,0,1,4,4,2,4,2,1,3,3,8,2,1,11,6,2,2,1,14,1,9,1,2,2,4,17,11,5,8,0
2193,3,6,4,4,1,0,1,7,1,1,0,1,0,6,1,1,1,4,1,1,3,3,4,2,2,1,2,2,2,3,2,1,1,2,12,4,1,9,4,0,3,30,1,2,4,0,7,4,18,1,6,7,7,2,1,0,1,1,0,0,6,10,2,5,3,5,0,1,4,4,2,4,2,1,3,3,8,2,1,11,6,2,2,1,14,1,9,1,2,2,4,17,11,5,8,0
2194,2,5,4,4,1,0,1,7,1,1,0,1,0,6,1,1,1,4,1,1,3,3,4,2,2,1,2,2,2,3,2,1,1,2,12,4,1,9,4,0,3,30,1,2,4,0,7,4,18,1,6,7,7,2,1,0,1,1,0,0,6,10,2,5,3,5,0,1,4,4,2,4,2,1,3,3,8,2,1,11,6,2,2,1,14,1,9,1,2,2,4,17,11,5,8,0
2195,2,5,4,4,1,0,1,7,1,1,0,1,0,6,1,1,1,4,1,1,3,3,4,2,2,1,2,2,2,3,2,1,1,2,12,4,1,9,4,0,3,29,1,2,4,0,7,4,18,1,6,6,7,2,1,0,1,1,0,0,6,10,2,5,3,5,0,1,4,4,2,4,2,1,3,3,8,2,1,11,6,2,2,1,14,1,9,1,2,2,4,17,10,5,8,0
2196,2,5,4,4,1,0,1,7,1,1,0,1,0,5,1,1,1,4,1,1,3,3,4,2,2,1,2,2,2,3,2,1,1,2,12,4,1,9,4,0,3,29,1,2,4,0,7,4,18,1,6,6,7,2,1,0,1,1,0,0,6,10,2,5,3,4,0,1,4,4,2,4,2,1,3,3,8,2,1,11,6,2,2,1,14,1,9,1,2,2,4,17,10,5,8,0
2197,2,5,4,4,1,0,1,7,1,1,0,1,0,5,1,1,1,4,1,1,3,3,4,2,2,1,2,2,2,3,2,1,1,2,12,4,1,9,4,0,3,28,1,2,4,0,7,4,18,1,6,6,7,2,1,0,1,1,0,0,6,10,1,5,3,4,0,1,4,4,2,4,2,1,3,3,8,2,1,11,6,2,2,1,14,1,9,1,2,2,4,17,10,5,8,0
2198,2,5,4,4,1,0,1,7,1,1,0,1,0,5,1,1,1,4,1,1,3,3,4,2,2,1,2,2,2,3,2,1,1,2,12,4,1,9,4,0,3,28,1,2,4,0,7,4,18,1,5,5,7,2,1,0,1,1,0,0,6,10,1,5,3,4,0,1,4,4,2,4,2,1,3,3,8,2,1,10,6,2,2,1,14,1,10,1,2,2,4,17,10,5,8,0
2199,2,5,4,4,1,0,1,6,1,1,0,1,0,5,1,1,1,4,1,1,3,3,4,2,2,1,2,2,2,3,2,1,1,2,12,4,0,9,4,0,3,28,1,2,4,0,7,4,19,1,5,5,7,2,1,0,1,1,0,0,6,10,1,5,3,4,0,1,4,4,2,4,2,1,3,3,8,2,1,10,6,2,2,1,14,1,10,1,2,2,4,17,10,5,8,0
2200,2,5,4,4,1,0,1,6,1,1,0,1,0,5,1,1,1,3,1,1,3,2,4,2,2,1,2,2,2,3,2,1,1,2,12,4,0,8,4,0,2,28,1,2,4,0,7,4,19,1,5,5,7,2,1,0,1,1,0,0,6,10,1,5,3,3,0,1,4,4,2,4,2,1,3,3,8,2,1,9,6,2,2,1,13,1,10,1,2,2,4,17,10,5,8,0
2201,2,5,4,4,1,0,1,6,1,1,0,1,0,5,1,1,1,3,1,1,3,2,4,2,2,1,2,2,2,3,2,1,1,2,12,4,0,8,4,0,2,28,1,2,4,0,7,4,19,1,5,5,7,2,1,0,1,1,0,0,5,10,1,5,3,3,0,1,4,4,2,4,2,1,3,3,8,2,1,9,6,2,2,1,13,1,10,1,2,2,4,17,10,5,8,0
2202,2,5,4,4,1,0,1,6,1,1,0,1,0,5,1,1,1,3,1,1,3,2,4,2,2,1,2,2,2,3,2,1,1,2,12,4,0,8,4,0,2,29,1,2,4,0,7,4,19,1,5,5,7,1,1,0,1,1,0,0,5,10,1,5,3,3,0,1,4,4,2,4,2,1,3,3,8,2,1,9,6,2,2,1,13,1,10,1,2,2,4,17,10,5,7,0
2203,2,5,4,4,1,0,1,6,1,1,0,1,0,5,1,1,1,2,1,1,3,2,4,2,2,1,1,2,2,3,2,1,1,2,12,4,0,8,4,0,2,29,1,2,4,0,7,3,19,1,5,5,7,1,1,0,1,1,0,0,5,10,1,5,3,3,0,1,4,4,2,4,2,1,3,3,8,2,1,9,6,2,2,1,13,1,10,1,2,2,4,17,9,4,7,0
2204,2,5,4,4,1,0,1,6,1,1,0,1,0,5,1,1,1,2,1,1,3,2,4,2,2,1,1,2,2,3,2,1,1,2,12,4,0,7,4,0,2,31,1,2,4,0,7,3,19,1,5,5,7,0,1,0,1,1,0,0,5,10,1,5,3,3,0,1,4,4,2,4,2,1,3,3,8,2,1,9,6,2,2,1,13,1,10,1,2,2,4,17,9,4,7,0
2205,2,5,4,4,1,0,1,6,1,1,0,1,0,4,1,1,1,2,1,1,3,2,4,2,2,1,1,2,2,3,2,1,1,2,12,4,0,7,4,0,2,31,0,2,4,0,7,3,18,1,5,5,7,0,1,0,1,1,0,0,5,10,1,5,3,3,0,1,4,3,2,4,2,1,3,3,8,2,1,9,6,2,2,1,13,1,10,1,2,2,4,17,9,4,7,0
2206,2,5,4,4,1,0,1,6,1,1,0,1,0,4,1,1,1,2,1,0,3,2,4,2,2,1,1,2,2,3,2,1,1,2,12,4,0,7,4,0,2,29,0,2,4,0,7,3,18,1,5,5,7,0,1,0,1,1,0,0,5,10,1,5,3,3,0,1,4,3,2,4,2,1,3,3,8,2,1,9,6,2,2,1,13,1,10,1,2,2,4,17,8,4,7,0
2207,2,5,4,4,1,0,1,6,1,1,0,1,0,4,1,1,1,2,1,0,3,2,4,2,2,1,1,2,2,3,2,1,1,2,12,4,0,7,4,0,2,29,0,2,4,0,7,3,18,1,5,5,7,0,1,0,1,1,0,0,5,10,1,5,3,3,0,1,4,3,2,4,2,1,3,2,8,2,1,9,6,2,2,1,13,1,10,1,2,2,4,17,8,4,7,0
2208,2,5,4,4,1,0,1,6,1,1,0,1,0,4,1,1,1,2,1,0,3,2,4,2,2,1,1,2,2,3,1,1,1,2,12,4,0,7,4,0,2,30,0,2,4,0,7,3,18,1,5,5,7,0,1,0,1,1,0,0,5,10,1,5,3,3,0,1,4,3,2,4,2,1,3,2,8,2,1,9,6,2,2,1,13,1,10,1,2,2,4,17,8,4,7,0
2209,2,5,4,4,1,0,1,6,1,1,0,1,0,4,1,1,1,2,1,0,3,2,4,2,2,1,1,2,2,3,1,1,1,2,12,4,0,7,4,0,2,29,0,2,4,0,7,3,18,1,5,5,7,0,1,0,1,1,0,0,5,10,1,5,3,3,0,1,4,3,2,4,2,1,3,2,8,2,1,9,6,2,2,1,13,1,10,1,2,2,3,17,8,4,7,0
2210,2,4,4,4,1,0,0,6,1,1,0,1,0,4,1,1,1,2,1,0,3,2,4,2,2,1,1,2,2,3,1,1,1,2,12,4,0,7,4,0,2,28,0,2,4,0,7,3,18,1,5,5,7,0,1,0,1,1,0,0,5,10,1,5,3,3,0,1,4,3,2,4,2,1,3,2,8,2,1,9,6,2,2,1,13,1,10,1,2,2,3,17,8,4,7,0
2211,2,4,4,4,1,0,0,5,1,1,0,1,0,4,1,1,1,1,1,0,3,2,4,2,2,1,1,2,2,3,1,0,1,2,12,4,0,7,4,0,2,28,0,2,4,0,7,3,18,1,5,5,7,0,1,0,1,1,0,0,5,10,1,5,3,3,0,1,4,3,2,4,2,1,3,2,8,2,1,9,6,2,2,1,13,1,10,1,2,2,3,17,8,4,7,0
2212,2,4,4,4,1,0,0,5,1,1,0,1,0,4,1,1,1,1,1,0,3,2,4,2,2,1,1,2,2,3,1,0,1,2,12,4,0,7,4,0,2,27,0,2,4,0,7,3,18,1,5,5,7,0,1,0,1,1,0,0,5,10,1,5,3,3,0,1,4,3,2,4,2,1,3,2,8,2,1,9,6,2,2,1,13,1,10,1,2,2,3,17,8,4,7,0
2213,2,4,4,4,1,0,0,5,1,1,0,1,0,4,1,1,1,1,1,0,3,2,4,2,2,1,1,2,2,3,1,0,1,2,12,4,0,7,4,0,2,27,0,2,4,0,7,3,18,1,5,5,7,0,1,0,1,1,0,0,5,10,1,5,2,3,0,1,4,3,2,4,2,1,3,2,8,2,1,9,5,2,2,1,13,1,10,1,1,2,3,17,8,4,7,0
2214,2,4,4,4,1,0,0,5,1,1,0,1,0,3,1,1,1,1,1,0,3,2,4,2,2,1,1,2,2,3,1,0,1,2,12,4,0,7,4,0,2,27,0,2,4,0,7,3,18,1,5,5,7,0,1,0,1,1,0,0,5,10,1,5,2,3,0,1,4,3,2,4,2,1,3,2,8,2,1,9,5,2,2,1,13,1,10,1,1,2,3,17,8,3,7,0
2215,2,4,4,3,1,0,0,5,1,1,0,1,0,3,1,1,1,1,1,0,3,2,4,2,2,1,1,2,2,3,1,0,1,2,12,4,0,7,4,0,2,27,0,2,4,0,7,3,18,1,5,5,7,0,1,0,1,1,0,0,5,10,1,5,2,3,0,1,4,3,2,4,2,1,3,2,7,2,1,9,5,2,2,1,13,1,10,1,1,2,3,17,8,3,7,0
2216,2,4,4,3,1,0,0,5,1,1,0,1,0,3,1,1,1,1,1,0,3,2,4,2,2,1,1,2,2,3,1,0,1,2,12,4,0,7,4,0,2,28,0,2,4,0,6,3,18,1,5,5,7,0,1,0,1,1,0,0,5,10,1,5,2,3,0,1,4,3,2,4,2,1,3,2,7,1,1,9,5,2,2,1,13,0,10,1,1,2,2,18,7,3,7,0
2217,2,4,4,3,1,0,0,5,1,1,0,1,0,3,1,1,1,1,1,0,3,2,4,2,2,1,1,2,2,3,1,0,1,2,12,4,0,7,4,0,2,28,0,2,4,0,6,3,18,1,5,5,6,0,1,0,1,1,0,0,5,10,1,5,2,3,0,1,4,3,2,3,2,1,3,2,7,1,1,9,5,2,2,1,13,0,10,1,1,2,2,18,7,3,7,0
2218,2,4,4,3,0,0,0,5,1,1,0,1,0,3,1,1,1,1,1,0,3,2,4,2,2,1,1,2,2,3,1,0,1,2,12,4,0,7,4,0,2,28,0,2,4,0,6,3,18,1,5,5,6,0,1,0,1,1,0,0,5,10,1,5,2,3,0,1,4,3,2,3,2,1,3,2,7,1,1,8,5,2,2,1,13,0,9,1,1,2,2,17,7,3,7,0
2219,2,4,4,3,0,0,0,5,1,1,0,1,0,3,1,1,1,1,1,0,3,2,4,2,2,1,1,2,2,3,1,0,1,2,12,4,0,7,4,0,2,27,0,2,4,0,6,3,18,1,5,5,6,0,1,0,1,1,0,0,5,10,1,5,2,3,0,1,3,3,2,3,2,1,3,2,7,1,1,8,5,2,2,1,13,0,9,1,1,2,2,17,7,3,7,0
2220,2,4,4,3,0,0,0,5,1,1,0,1,0,3,1,1,1,1,1,0,3,2,4,2,2,1,1,2,2,3,1,0,1,2,11,4,0,7,4,0,2,27,0,2,4,0,6,3,18,1,5,5,6,0,1,0,1,1,0,0,5,10,1,5,1,3,0,1,3,3,2,3,2,1,3,2,7,1,1,8,5,2,2,1,13,0,9,1,1,2,2,17,7,3,7,0
2221,2,4,4,3,0,0,0,5,1,1,0,1,0,3,1,1,1,1,1,0,3,2,4,2,2,1,1,2,2,3,1,0,1,2,10,4,0,7,4,0,2,27,0,2,4,0,6,3,19,1,5,5,6,0,1,0,1,1,0,0,5,10,1,5,1,3,0,1,3,3,2,3,2,1,3,2,6,1,1,8,5,2,2,1,13,0,9,1,1,2,2,17,7,3,7,0
2222,2,4,4,3,0,0,0,5,1,1,0,1,0,3,1,1,1,1,1,0,3,2,4,2,2,1,1,2,2,3,1,0,1,2,9,4,0,7,4,0,2,27,0,2,4,0,6,3,19,1,5,5,6,0,1,0,1,1,0,0,5,10,1,5,1,3,0,1,3,3,2,3,2,1,3,2,6,1,1,8,4,2,2,1,13,0,9,1,1,2,2,17,7,3,7,0
2223,2,4,4,3,0,0,0,5,1,1,0,1,0,3,1,1,1,1,1,0,3,2,4,2,2,1,1,2,2,3,1,0,1,2,9,4,0,6,4,0,2,28,0,2,4,0,6,3,19,1,5,5,6,0,1,0,1,1,0,0,5,10,1,5,1,3,0,1,3,3,2,3,2,1,3,2,6,1,1,8,3,2,2,1,14,0,9,1,1,2,2,17,7,3,6,0
2224,2,4,4,3,0,0,0,5,1,1,0,1,0,3,1,1,1,1,1,0,3,2,4,2,2,1,1,2,2,3,1,0,1,2,9,4,0,6,4,0,2,28,0,2,4,0,6,3,19,1,5,5,6,0,1,0,1,1,0,0,5,10,1,5,1,3,0,1,3,3,2,3,2,1,3,2,6,1,1,8,3,2,1,1,14,0,9,1,1,2,2,17,7,3,7,0
2225,2,4,4,2,0,0,0,5,1,1,0,1,0,2,1,1,1,1,1,0,3,2,4,2,2,1,1,2,2,3,1,0,1,2,9,4,0,6,4,0,2,28,0,2,4,0,6,3,19,1,5,5,6,0,1,0,1,1,0,0,5,10,1,5,1,3,0,1,3,3,2,3,2,1,3,2,6,1,1,8,3,2,1,1,14,0,9,1,1,2,2,17,7,3,7,0
2226,2,4,4,2,0,0,0,5,1,1,0,1,0,2,1,1,1,1,1,0,3,2,4,2,2,1,1,2,2,3,1,0,1,2,8,4,0,6,4,0,2,28,0,2,4,0,6,3,19,1,5,5,6,0,1,0,1,1,0,0,5,10,1,5,1,3,0,1,3,3,2,3,2,1,3,2,6,1,1,8,3,2,1,1,14,0,9,1,1,2,2,17,7,3,7,0
2227,2,4,4,2,0,0,0,5,1,1,0,1,0,2,1,1,1,1,1,0,3,2,4,2,2,1,1,2,2,3,1,0,1,2,8,4,0,6,4,0,2,28,0,2,4,0,6,3,19,1,5,5,6,0,1,0,1,1,0,0,5,10,1,5,1,3,0,1,3,3,2,3,2,1,3,2,6,1,1,7,3,2,1,1,14,0,9,1,1,2,2,17,7,3,7,0
2228,1,4,4,2,0,0,0,5,1,1,0,1,0,2,1,1,1,1,1,0,3,2,4,2,2,1,1,2,2,3,1,0,1,2,8,4,0,6,4,0,2,28,0,2,4,0,6,3,19,1,5,5,6,0,1,0,1,1,0,0,5,9,1,5,1,3,0,1,3,3,2,3,2,1,3,2,6,1,1,6,3,2,1,1,14,0,9,1,1,2,2,17,7,3,7,0
2229,1,4,4,2,0,0,0,5,1,1,0,1,0,2,1,1,1,1,1,0,3,2,4,2,2,1,1,2,2,3,1,0,1,2,8,4,0,6,4,0,2,28,0,2,4,0,5,3,19,0,5,5,6,0,1,0,1,1,0,0,5,9,1,5,1,3,0,1,3,3,2,3,2,1,3,2,6,1,1,6,3,2,1,1,14,0,9,1,1,2,2,17,7,3,7,0
2230,1,4,4,2,0,0,0,5,1,1,0,1,0,2,1,1,1,1,1,0,3,2,4,2,2,1,1,2,2,3,1,0,1,2,8,4,0,6,4,0,2,28,0,2,4,0,4,3,19,0,5,5,6,0,1,0,1,1,0,0,4,9,1,5,1,3,0,1,3,3,2,3,2,1,3,2,6,1,1,6,3,2,1,1,14,0,9,1,1,2,2,17,7,3,7,0
2231,1,4,4,2,0,0,0,5,1,1,0,1,0,2,1,1,1,1,1,0,3,2,4,2,2,1,1,2,2,3,1,0,1,2,8,4,0,6,4,0,2,29,0,2,4,0,4,3,19,0,5,5,6,0,1,0,1,1,0,0,4,9,1,5,1,3,0,1,3,3,2,3,2,1,3,2,6,1,1,6,3,2,1,1,14,0,9,1,1,1,2,16,7,3,7,0
2232,1,3,4,2,0,0,0,5,1,1,0,1,0,2,1,1,1,1,1,0,3,2,4,2,2,1,1,2,2,3,1,0,1,2,8,4,0,6,4,0,2,29,0,2,4,0,4,3,19,0,5,5,6,0,1,0,1,1,0,0,4,9,1,5,1,3,0,1,3,3,2,3,2,1,3,2,6,1,1,6,3,2,1,1,14,0,9,1,1,1,2,16,7,2,7,0
2233,1,3,4,2,0,0,0,5,1,1,0,1,0,2,1,1,1,1,1,0,3,1,4,2,2,1,1,1,2,3,1,0,1,2,8,4,0,6,4,0,2,29,0,2,4,0,4,3,19,0,5,5,6,0,1,0,1,1,0,0,4,9,1,5,1,3,0,1,3,3,2,3,2,1,3,2,6,1,1,6,3,2,1,1,14,0,9,1,1,1,2,16,7,2,7,0
2234,1,3,4,2,0,0,0,5,1,1,0,1,0,2,1,1,1,1,1,0,3,1,4,2,2,1,1,1,2,3,1,0,1,2,8,4,0,7,4,0,2,29,0,2,4,0,4,3,19,0,5,5,6,0,1,0,1,1,0,0,4,9,1,5,1,3,0,1,3,3,2,3,2,1,3,2,6,1,1,6,3,2,1,1,13,0,9,1,1,1,2,16,6,2,7,0
2235,1,3,4,2,0,0,0,5,1,1,0,1,0,2,1,0,1,1,1,0,3,1,4,2,2,1,1,1,2,3,1,0,1,2,8,4,0,7,4,0,2,30,0,2,4,0,4,3,18,0,5,5,6,0,1,0,1,1,0,0,4,9,1,5,1,3,0,1,3,3,2,3,2,1,3,2,6,1,1,6,3,2,1,1,13,0,9,1,1,1,2,16,6,2,7,0
2236,1,3,4,2,0,0,0,5,1,1,0,1,0,2,1,0,1,1,1,0,3,0,4,2,2,1,1,1,2,3,1,0,1,2,7,4,0,7,4,0,2,30,0,2,4,0,4,3,18,0,5,5,6,0,1,0,1,1,0,0,4,9,1,5,1,3,0,1,3,3,2,3,2,1,2,2,6,1,1,6,3,2,1,1,13,0,9,1,1,1,2,16,6,2,7,0
2237,1,3,4,2,0,0,0,5,1,1,0,1,0,2,1,0,1,1,1,0,3,0,4,2,2,1,1,1,2,3,1,0,1,2,7,4,0,7,4,0,2,30,0,2,4,0,4,3,18,0,5,5,6,0,1,0,1,1,0,0,4,9,1,5,1,2,0,1,3,3,2,3,2,1,2,2,6,1,1,6,3,2,1,1,13,0,9,1,1,1,2,16,6,2,7,0
2238,1,3,4,2,0,0,0,5,1,1,0,1,0,2,1,0,1,1,1,0,3,0,4,1,2,1,1,1,2,3,1,0,1,2,7,4,0,7,4,0,2,30,0,2,4,0,4,3,18,0,5,5,6,0,1,0,1,1,0,0,4,8,1,5,1,2,0,1,3,3,2,3,2,1,2,2,6,1,1,6,3,2,1,1,13,0,9,1,1,1,2,16,6,2,7,0
2239,1,3,4,2,0,0,0,5,1,1,0,1,0,2,1,0,1,1,1,0,3,0,4,1,2,1,1,1,2,2,1,0,1,2,7,4,0,6,4,0,2,30,0,2,4,0,4,3,18,0,5,5,6,0,1,0,1,1,0,0,4,8,1,5,1,2,0,1,3,3,2,2,2,1,2,2,5,1,1,6,3,2,1,1,13,0,9,1,1,1,2,16,6,2,7,0
2240,1,3,4,2,0,0,0,5,1,1,0,1,0,2,1,0,1,1,1,0,3,0,4,1,2,1,1,1,2,2,1,0,1,2,7,3,0,6,4,0,2,29,0,2,4,0,4,3,18,0,5,5,6,0,1,0,1,1,0,0,4,8,1,5,1,2,0,1,3,3,2,2,2,1,2,2,5,1,1,6,3,2,1,1,12,0,9,1,1,1,2,16,6,2,7,0
2241,1,3,4,2,0,0,0,5,1,1,0,1,0,2,1,0,1,0,1,0,3,0,4,1,2,1,1,1,2,2,1,0,1,2,7,3,0,6,4,0,2,29,0,2,4,0,4,3,18,0,5,5,6,0,1,0,1,1,0,0,4,8,1,5,1,2,0,1,3,3,2,2,2,1,2,2,5,1,1,6,3,2,1,1,11,0,9,1,1,1,2,16,6,2,7,0
2242,1,3,4,2,0,0,0,5,1,1,0,1,0,2,1,0,1,0,1,0,3,0,3,1,2,1,1,1,2,2,1,0,1,2,7,3,0,6,4,0,2,30,0,2,4,0,4,3,18,0,5,5,6,0,1,0,1,1,0,0,4,8,1,4,1,2,0,1,3,3,2,2,2,1,2,2,5,1,1,6,3,2,1,1,11,0,9,1,1,1,2,16,6,2,7,0
2243,1,3,4,2,0,0,0,5,1,1,0,1,0,2,1,0,1,0,1,0,3,0,3,1,2,1,1,1,2,2,1,0,1,2,7,3,0,6,4,0,2,30,0,2,4,0,4,3,18,0,5,5,6,0,1,0,1,1,0,0,4,8,1,4,1,2,0,1,3,3,2,2,2,1,2,2,5,1,1,6,3,2,1,1,11,0,9,1,1,1,2,16,6,2,7,0
2244,1,3,4,2,0,0,0,5,1,1,0,1,0,2,1,0,1,0,1,0,3,0,3,1,2,1,1,1,2,2,1,0,1,2,7,3,0,6,4,0,2,30,0,2,4,0,4,3,18,0,5,5,6,0,1,0,1,1,0,0,4,8,1,4,1,2,0,1,3,3,2,2,2,1,2,2,5,1,1,6,3,2,1,1,11,0,9,1,1,1,2,16,6,2,7,0
2245,1,3,4,2,0,0,0,5,1,1,0,1,0,2,1,0,1,0,1,0,3,0,3,1,2,1,1,1,2,2,1,0,1,2,7,3,0,6,4,0,2,30,0,2,4,0,4,3,18,0,4,5,6,0,1,0,1,1,0,0,4,8,1,4,1,2,0,1,3,3,2,2,2,1,2,2,5,1,1,6,3,2,1,1,11,0,9,1,1,1,2,16,6,2,7,0
2246,1,3,4,2,0,0,0,5,1,1,0,1,0,2,1,0,1,0,1,0,3,0,3,1,2,1,1,1,2,2,1,0,1,2,7,3,0,6,4,0,2,30,0,2,4,0,4,2,19,0,4,5,6,0,1,0,1,1,0,0,4,8,1,4,1,2,0,1,3,3,2,2,2,1,2,2,5,1,1,6,3,2,1,1,11,0,9,1,1,1,2,16,6,2,7,0
2247,1,3,4,2,0,0,0,5,0,1,0,1,0,2,1,0,1,0,1,0,3,0,3,1,2,1,1,1,2,2,1,0,1,2,7,3,0,6,4,0,2,30,0,2,4,0,4,2,19,0,3,5,6,0,1,0,1,1,0,0,4,8,1,4,1,2,0,1,3,3,2,2,2,1,2,2,5,1,1,6,3,2,1,1,11,0,8,1,1,1,2,15,6,2,7,0
2248,1,3,4,2,0,0,0,5,0,1,0,1,0,2,1,0,1,0,1,0,3,0,3,1,2,1,1,1,2,2,1,0,1,2,7,3,0,6,4,0,2,30,0,2,4,0,4,2,19,0,3,5,6,0,1,0,1,1,0,0,4,8,1,4,1,2,0,1,3,3,2,2,2,1,2,2,5,1,1,6,3,2,1,1,11,0,8,1,0,1,2,15,6,2,7,0
2249,1,3,4,2,0,0,0,5,0,1,0,1,0,2,1,0,1,0,1,0,3,0,3,1,2,1,1,1,2,2,1,0,1,2,7,3,0,6,4,0,2,30,0,2,4,0,4,2,19,0,3,5,6,0,1,0,1,1,0,0,4,8,1,4,1,2,0,1,3,3,2,2,2,1,2,2,5,1,1,6,3,2,1,1,11,0,8,1,0,1,2,15,6,2,7,0
2250,1,3,4,2,0,0,0,5,0,1,0,1,0,2,1,0,1,0,1,0,3,0,3,1,2,1,1,1,2,2,1,0,1,2,7,2,0,6,4,0,2,30,0,2,4,0,4,2,19,0,3,5,6,0,1,0,1,1,0,0,4,8,1,4,1,2,0,1,3,3,2,2,2,1,2,2,5,1,1,6,3,2,1,1,11,0,8,1,0,1,2,15,6,2,7,0
2251,1,3,4,2,0,0,0,5,0,1,0,0,0,2,1,0,1,0,1,0,3,0,3,1,2,1,1,1,2,2,1,0,1,2,7,2,0,6,3,0,2,30,0,2,4,0,4,2,19,0,3,5,6,0,1,0,1,1,0,0,4,8,1,4,1,2,0,1,3,3,2,2,2,1,2,2,5,1,1,6,2,2,1,1,11,0,8,1,0,1,2,15,6,2,7,0
2252,1,3,4,2,0,0,0,5,0,1,0,0,0,2,1,0,1,0,1,0,3,0,3,1,2,1,1,1,2,2,1,0,1,2,7,2,0,6,3,0,2,30,0,2,4,0,4,2,19,0,3,5,6,0,1,0,1,1,0,0,4,8,1,3,1,2,0,1,3,3,2,2,2,1,2,2,5,1,1,6,2,2,1,1,11,0,8,1,0,1,2,15,6,2,7,0
2253,1,3,4,2,0,0,0,5,0,1,0,0,0,2,1,0,1,0,1,0,3,0,3,1,2,1,1,1,2,2,1,0,1,2,7,2,0,6,3,0,2,31,0,2,4,0,4,2,19,0,3,5,6,0,1,0,1,1,0,0,4,8,1,3,1,2,0,1,3,2,2,2,2,1,2,2,5,1,1,6,2,2,1,1,11,0,8,1,0,1,2,15,6,2,7,0
2254,1,3,4,2,0,0,0,5,0,1,0,0,0,2,1,0,1,0,1,0,3,0,3,1,2,1,1,1,2,2,1,0,1,2,7,2,0,6,3,0,2,32,0,2,4,0,4,2,19,0,3,5,6,0,1,0,1,1,0,0,4,8,1,3,1,2,0,1,3,2,2,2,2,1,2,2,5,1,1,6,2,2,1,1,10,0,8,1,0,1,2,15,6,2,7,0
2255,1,3,4,2,0,0,0,5,0,1,0,0,0,2,1,0,1,0,1,0,3,0,3,1,2,1,1,1,2,2,1,0,1,2,7,2,0,6,3,0,2,32,0,2,4,0,4,2,19,0,3,5,6,0,1,0,1,1,0,0,4,8,1,3,1,2,0,1,3,2,2,2,2,1,2,2,5,1,1,6,2,2,1,1,10,0,8,1,0,1,2,15,6,2,7,0
2256,1,3,4,2,0,0,0,5,0,1,0,0,0,2,1,0,1,0,1,0,3,0,3,1,2,1,1,1,2,2,1,0,1,1,7,1,0,6,3,0,2,32,0,2,4,0,4,2,18,0,3,5,6,0,1,0,1,1,0,0,4,8,1,3,1,2,0,1,3,2,2,2,2,1,2,2,5,1,1,6,2,2,1,1,10,0,8,1,0,1,2,15,6,2,7,0
2257,1,3,4,2,0,0,0,5,0,1,0,0,0,2,1,0,1,0,1,0,3,0,3,1,2,1,1,1,2,2,1,0,1,1,7,1,0,6,3,0,2,33,0,2,4,0,4,2,18,0,3,5,6,0,1,0,1,1,0,0,4,8,1,3,1,2,0,1,3,2,2,2,2,1,2,2,5,1,1,6,2,2,1,1,10,0,8,1,0,1,2,15,6,2,7,0
2258,1,3,4,2,0,0,0,5,0,0,0,0,0,2,1,0,1,0,1,0,3,0,3,1,2,1,1,1,2,2,1,0,1,1,7,1,0,6,3,0,2,34,0,2,4,0,4,2,18,0,3,5,6,0,1,0,1,1,0,0,4,8,1,3,1,2,0,1,3,2,1,2,2,1,2,2,5,1,1,6,2,2,1,1,10,0,8,1,0,1,2,15,6,2,7,0
2259,1,3,4,2,0,0,0,5,0,0,0,0,0,2,1,0,1,0,1,0,3,0,3,1,2,1,1,1,2,2,1,0,1,1,7,1,0,6,3,0,2,34,0,2,4,0,4,2,18,0,3,5,6,0,1,0,1,1,0,0,4,8,1,3,1,2,0,1,3,2,1,2,2,1,2,2,5,1,1,6,2,2,1,1,10,0,8,1,0,1,2,15,6,2,7,0
2260,1,3,4,2,0,0,0,5,0,0,0,0,0,2,1,0,1,0,1,0,3,0,3,1,2,1,1,1,2,2,1,0,1,1,7,1,0,6,3,0,2,34,0,2,4,0,4,2,18,0,3,5,6,0,1,0,1,1,0,0,4,8,1,3,1,2,0,1,3,2,1,2,2,1,2,2,5,1,1,6,2,2,1,1,10,0,8,1,0,1,2,15,6,2,7,0
2261,1,3,4,2,0,0,0,5,0,0,0,0,0,2,1,0,1,0,1,0,3,0,3,1,2,1,1,1,2,2,1,0,1,1,7,1,0,6,3,0,2,34,0,2,4,0,4,2,18,0,3,5,6,0,1,0,1,1,0,0,4,8,1,2,1,2,0,1,3,2,1,2,2,1,2,2,5,1,1,6,1,2,1,1,10,0,8,1,0,1,2,15,6,2,7,0
2262,1,3,4,2,0,0,0,5,0,0,0,0,0,2,1,0,1,0,1,0,3,0,3,1,2,1,1,1,2,2,1,0,1,1,7,1,0,6,3,0,2,34,0,2,4,0,4,2,18,0,3,5,6,0,1,0,1,1,0,0,4,8,1,2,1,2,0,1,3,2,1,2,2,1,2,2,5,1,1,6,1,2,1,1,10,0,8,1,0,0,2,15,6,2,7,0
2263,1,3,4,2,0,0,0,5,0,0,0,0,0,2,1,0,1,0,1,0,3,0,3,1,2,1,1,1,2,2,1,0,1,1,7,1,0,6,3,0,2,34,0,2,4,0,4,2,18,0,3,5,6,0,1,0,1,1,0,0,4,8,1,2,1,2,0,1,3,2,1,2,2,1,2,2,5,1,1,6,1,2,1,1,9,0,8,1,0,0,2,15,6,2,7,0
2264,1,3,4,2,0,0,0,5,0,0,0,0,0,2,1,0,1,0,1,0,3,0,3,1,2,1,1,1,2,2,1,0,1,1,7,1,0,6,3,0,2,34,0,2,4,0,4,2,18,0,3,5,6,0,1,0,1,1,0,0,4,7,1,2,1,2,0,1,3,2,1,2,2,1,2,2,5,1,1,6,1,2,1,1,9,0,8,1,0,0,1,15,5,2,7,0
2265,1,3,4,2,0,0,0,5,0,0,0,0,0,2,1,0,1,0,1,0,3,0,3,1,2,1,1,1,2,2,1,0,1,1,7,1,0,6,3,0,2,34,0,2,4,0,4,2,18,0,3,5,6,0,1,0,1,1,0,0,4,7,1,2,1,2,0,1,3,2,1,2,2,1,2,2,5,1,1,6,1,2,1,1,9,0,8,1,0,0,1,15,5,2,7,0
2266,1,3,4,2,0,0,0,5,0,0,0,0,0,2,1,0,1,0,1,0,3,0,3,1,2,1,1,1,2,2,1,0,1,1,7,1,0,6,3,0,2,34,0,2,4,0,4,2,18,0,3,5,6,0,1,0,1,1,0,0,4,7,1,2,1,2,0,1,3,2,1,2,2,1,2,2,5,1,1,6,1,2,1,1,9,0,8,1,0,0,1,15,5,2,7,0
2267,1,3,4,2,0,0,0,5,0,0,0,0,0,2,1,0,1,0,1,0,3,0,3,1,2,1,1,1,2,2,1,0,1,1,7,1,0,6,3,0,2,34,0,2,4,0,4,2,18,0,3,5,6,0,1,0,1,1,0,0,4,7,1,2,1,2,0,1,3,2,1,2,2,1,2,2,5,1,1,6,1,2,1,1,9,0,8,1,0,0,1,15,5,2,7,0
2268,1,3,4,2,0,0,0,5,0,0,0,0,0,2,1,0,1,0,1,0,3,0,3,1,2,1,1,1,2,2,1,0,1,1,7,1,0,6,3,0,2,35,0,2,4,0,4,2,18,0,3,5,6,0,1,0,1,1,0,0,4,7,1,2,1,2,0,1,3,2,1,2,2,1,2,2,5,1,1,6,1,2,1,1,9,0,8,1,0,0,1,14,5,2,7,0
2269,1,3,4,2,0,0,0,5,0,0,0,0,0,2,1,0,1,0,1,0,3,0,3,1,2,1,1,1,2,2,1,0,1,1,7,1,0,6,3,0,2,35,0,2,4,0,4,2,18,0,3,5,5,0,1,0,0,1,0,0,4,7,1,2,1,2,0,1,3,2,1,2,2,1,2,2,5,1,1,6,1,2,1,1,9,0,8,1,0,0,1,14,5,2,7,0
2270,1,3,4,2,0,0,0,5,0,0,0,0,0,2,1,0,1,0,1,0,3,0,3,1,2,1,1,1,2,2,1,0,1,1,7,1,0,6,3,0,2,35,0,2,4,0,4,2,18,0,3,5,5,0,1,0,0,1,0,0,4,8,1,2,1,2,0,1,3,2,1,2,2,1,2,2,5,1,1,6,1,2,1,1,9,0,7,1,0,0,1,13,5,2,7,0
2271,1,3,4,2,0,0,0,5,0,0,0,0,0,2,1,0,1,0,1,0,3,0,3,1,2,1,1,1,2,2,1,0,1,1,7,1,0,6,3,0,2,35,0,2,4,0,4,2,18,0,3,5,5,0,1,0,0,1,0,0,4,8,1,2,1,2,0,1,3,2,1,2,2,1,2,2,5,1,1,6,1,2,1,1,9,0,7,1,0,0,1,13,5,2,7,0
2272,1,3,4,2,0,0,0,5,0,0,0,0,0,2,1,0,1,0,1,0,3,0,3,1,2,1,1,1,2,1,1,0,1,1,7,1,0,6,3,0,2,35,0,2,4,0,4,2,18,0,3,5,5,0,1,0,0,1,0,0,4,8,1,2,1,2,0,1,3,2,1,2,2,1,2,2,5,1,1,5,1,2,1,1,9,0,7,1,0,0,1,13,5,2,6,0
2273,1,3,4,2,0,0,0,5,0,0,0,0,0,2,1,0,1,0,1,0,3,0,3,1,2,1,1,1,2,1,1,0,1,0,7,1,0,6,3,0,2,35,0,2,4,0,4,2,18,0,3,5,5,0,1,0,0,1,0,0,4,8,1,2,1,2,0,1,3,2,1,2,2,1,2,2,5,1,1,5,1,2,1,1,9,0,8,1,0,0,1,13,5,2,6,0
2274,1,3,4,2,0,0,0,5,0,0,0,0,0,2,1,0,1,0,1,0,3,0,3,1,2,1,1,1,2,1,1,0,1,0,7,1,0,6,3,0,2,35,0,2,4,0,4,2,18,0,3,5,5,0,1,0,0,1,0,0,4,8,1,2,1,2,0,1,3,2,1,2,2,1,2,2,5,1,1,5,1,2,1,1,9,0,8,1,0,0,1,13,5,2,6,0
2275,1,3,4,2,0,0,0,5,0,0,0,0,0,2,1,0,1,0,1,0,3,0,3,1,2,1,1,1,2,1,1,0,1,0,7,1,0,6,3,0,2,35,0,2,4,0,4,2,18,0,3,4,5,0,1,0,0,1,0,0,4,8,1,2,1,2,0,1,3,2,1,2,2,1,2,2,5,1,1,5,1,2,1,1,9,0,8,1,0,0,1,13,5,2,6,0
2276,0,3,4,2,0,0,0,5,0,0,0,0,0,2,1,0,1,0,1,0,3,0,3,1,2,1,1,1,2,1,1,0,1,0,7,1,0,6,3,0,2,35,0,2,4,0,4,2,18,0,2,4,5,0,1,0,0,1,0,0,4,8,1,2,1,2,0,1,3,2,1,2,2,1,2,2,5,1,1,5,1,2,1,1,9,0,8,1,0,0,1,13,5,2,6,0
2277,0,3,4,2,0,0,0,5,0,0,0,0,0,2,1,0,1,0,1,0,3,0,3,1,2,1,1,1,2,1,1,0,1,0,7,1,0,6,3,0,2,35,0,2,4,0,4,2,18,0,2,4,5,0,1,0,0,1,0,0,4,8,1,2,1,2,0,1,3,2,1,2,2,1,2,2,5,1,1,5,1,2,1,1,9,0,8,1,0,0,1,13,5,2,6,0
2278,0,3,4,2,0,0,0,5,0,0,0,0,0,2,1,0,1,0,1,0,3,0,3,1,2,1,1,1,2,1,1,0,1,0,7,1,0,6,3,0,2,35,0,2,4,0,4,2,18,0,2,4,5,0,1,0,0,1,0,0,4,8,1,2,1,2,0,1,3,2,1,2,2,1,2,2,5,1,1,5,1,2,1,1,9,0,8,1,0,0,1,13,5,2,6,0
2279,0,3,4,2,0,0,0,5,0,0,0,0,0,2,1,0,1,0,1,0,3,0,3,1,2,1,1,1,2,1,1,0,1,0,7,1,0,6,3,0,2,35,0,2,4,0,3,2,18,0,2,4,5,0,1,0,0,1,0,0,4,8,1,2,1,2,0,1,3,2,1,2,2,1,2,2,5,1,1,5,1,2,1,1,9,0,8,1,0,0,1,13,5,2,6,0
2280,0,3,4,2,0,0,0,5,0,0,0,0,0,2,1,0,1,0,1,0,2,0,3,1,2,1,1,1,2,1,1,0,1,0,7,1,0,6,3,0,2,35,0,2,4,0,3,2,18,0,2,4,5,0,1,0,0,1,0,0,4,8,1,2,1,2,0,1,3,2,1,2,2,1,2,2,5,1,1,5,1,2,1,1,9,0,9,1,0,0,1,13,5,2,6,0
2281,0,3,4,2,0,0,0,5,0,0,0,0,0,2,1,0,1,0,1,0,1,0,3,1,2,1,1,1,2,1,1,0,1,0,7,1,0,6,3,0,2,35,0,2,4,0,3,2,16,0,2,4,5,0,1,0,0,1,0,0,4,8,1,2,1,2,0,1,3,2,1,2,2,1,2,2,5,1,1,5,1,2,1,1,9,0,9,1,0,0,1,13,5,2,6,0
2282,0,3,3,2,0,0,0,5,0,0,0,0,0,2,1,0,1,0,1,0,1,0,3,1,2,1,1,1,2,1,1,0,1,0,7,1,0,6,3,0,2,35,0,2,4,0,3,2,16,0,2,4,5,0,1,0,0,1,0,0,4,8,1,2,1,2,0,1,3,2,1,2,2,1,2,2,5,1,1,5,1,2,1,1,9,0,9,1,0,0,1,13,5,2,6,0
2283,0,3,3,2,0,0,0,5,0,0,0,0,0,2,1,0,1,0,1,0,1,0,3,1,2,1,1,1,2,1,1,0,1,0,7,1,0,6,3,0,2,36,0,2,4,0,3,2,16,0,2,4,5,0,1,0,0,1,0,0,4,7,1,2,1,2,0,1,3,2,1,2,2,0,2,2,5,1,1,5,1,2,1,1,8,0,9,1,0,0,1,13,5,2,6,0
2284,0,3,3,2,0,0,0,5,0,0,0,0,0,2,1,0,1,0,1,0,1,0,3,1,2,1,1,1,2,1,1,0,1,0,7,1,0,6,3,0,2,36,0,2,4,0,3,2,16,0,2,4,5,0,1,0,0,1,0,0,4,7,1,2,1,2,0,1,3,2,1,2,2,0,2,2,5,1,1,5,1,2,1,1,8,0,9,1,0,0,1,13,5,2,6,0
2285,0,3,3,2,0,0,0,5,0,0,0,0,0,2,1,0,1,0,1,0,1,0,3,1,2,1,1,1,2,1,1,0,1,0,7,1,0,6,3,0,2,36,0,2,4,0,3,1,16,0,2,4,5,0,1,0,0,1,0,0,4,7,1,2,1,2,0,1,3,2,1,2,2,0,2,2,5,1,1,5,1,2,1,1,8,0,9,1,0,0,1,13,5,2,6,0
2286,0,3,3,2,0,0,0,5,0,0,0,0,0,2,1,0,1,0,1,0,0,0,3,1,2,1,1,1,2,1,1,0,1,0,7,1,0,6,3,0,2,36,0,2,4,0,3,1,16,0,2,4,5,0,1,0,0,1,0,0,4,7,1,2,1,2,0,1,3,2,1,2,2,0,2,2,5,1,1,5,1,2,1,1,7,0,9,1,0,0,1,13,5,2,6,0
2287,0,3,3,2,0,0,0,5,0,0,0,0,0,2,0,0,1,0,1,0,0,0,3,1,2,1,1,1,2,1,1,0,1,0,7,1,0,6,3,0,2,37,0,2,4,0,3,1,16,0,2,4,5,0,1,0,0,1,0,0,4,7,1,2,1,2,0,1,3,2,1,2,2,0,2,2,5,1,1,5,1,2,1,1,7,0,9,1,0,0,1,13,5,2,6,0
2288,0,3,3,2,0,0,0,5,0,0,0,0,0,2,0,0,1,0,1,0,0,0,3,1,2,1,1,1,2,1,1,0,0,0,7,1,0,6,3,0,2,37,0,2,4,0,3,1,16,0,2,3,5,0,1,0,0,1,0,0,4,7,1,2,1,2,0,1,3,2,1,2,2,0,2,2,5,1,1,5,1,2,1,1,7,0,9,1,0,0,1,13,5,2,6,0
2289,0,3,3,2,0,0,0,5,0,0,0,0,0,2,0,0,1,0,1,0,0,0,3,1,2,1,1,1,2,1,1,0,0,0,7,1,0,6,3,0,2,37,0,2,4,0,3,1,16,0,2,3,5,0,1,0,0,1,0,0,4,7,1,2,1,2,0,1,3,2,1,2,2,0,2,2,5,1,1,5,1,2,1,1,7,0,9,1,0,0,1,13,5,2,6,0
2290,0,3,2,2,0,0,0,5,0,0,0,0,0,2,0,0,1,0,1,0,0,0,3,1,2,1,1,1,2,1,1,0,0,0,7,1,0,6,3,0,2,38,0,2,4,0,3,1,16,0,2,3,5,0,1,0,0,1,0,0,4,7,1,2,1,2,0,1,3,2,1,2,2,0,2,2,5,1,1,5,1,2,1,1,7,0,9,1,0,0,1,13,5,2,6,0
2291,0,3,2,2,0,0,0,5,0,0,0,0,0,2,0,0,1,0,1,0,0,0,3,1,2,1,1,1,2,1,1,0,0,0,7,1,0,6,3,0,2,37,0,2,4,0,3,1,16,0,2,3,5,0,1,0,0,1,0,0,4,7,1,2,1,2,0,1,3,2,1,2,1,0,2,2,5,0,1,5,1,2,1,1,8,0,9,1,0,0,1,13,5,2,6,0
2292,0,3,2,2,0,0,0,5,0,0,0,0,0,2,0,0,1,0,1,0,0,0,3,1,2,1,1,1,1,1,1,0,0,0,7,1,0,6,3,0,2,36,0,2,4,0,3,1,16,0,2,3,5,0,1,0,0,1,0,0,4,7,1,2,1,2,0,1,3,2,1,2,1,0,2,2,5,0,1,5,1,2,1,1,8,0,9,1,0,0,1,13,5,2,6,0
2293,0,3,2,2,0,0,0,5,0,0,0,0,0,2,0,0,1,0,1,0,0,0,3,1,2,1,1,1,1,1,1,0,0,0,7,1,0,6,2,0,2,36,0,1,4,0,3,1,17,0,2,3,5,0,1,0,0,1,0,0,4,7,1,2,1,2,0,1,3,2,1,2,1,0,2,2,5,0,1,5,1,2,1,1,8,0,9,1,0,0,1,13,4,2,6,0
2294,0,3,2,2,0,0,0,5,0,0,0,0,0,2,0,0,1,0,1,0,0,0,3,1,2,1,1,1,1,1,1,0,0,0,7,1,0,6,2,0,2,36,0,1,4,0,3,1,17,0,2,3,5,0,1,0,0,1,0,0,4,7,1,2,1,2,0,1,3,2,0,2,1,0,2,2,5,0,1,5,1,2,1,1,8,0,9,1,0,0,1,13,4,2,6,0
2295,0,3,2,2,0,0,0,5,0,0,0,0,0,2,0,0,1,0,1,0,0,0,3,0,2,1,1,1,1,1,1,0,0,0,7,1,0,6,2,0,2,36,0,1,4,0,3,1,17,0,1,3,5,0,1,0,0,1,0,0,4,7,1,2,1,2,0,1,3,2,0,2,1,0,2,2,5,0,1,5,1,2,1,1,8,0,9,1,0,0,1,14,4,2,6,0
2296,0,3,2,2,0,0,0,4,0,0,0,0,0,2,0,0,1,0,1,0,0,0,3,0,2,1,1,1,1,1,1,0,0,0,7,1,0,6,2,0,2,36,0,1,4,0,3,1,17,0,1,3,5,0,1,0,0,1,0,0,4,7,1,2,1,2,0,1,3,2,0,2,1,0,2,2,5,0,1,5,1,2,1,1,9,0,9,1,0,0,1,14,4,2,6,0
2297,0,3,2,2,0,0,0,4,0,0,0,0,0,2,0,0,1,0,1,0,0,0,3,0,2,1,1,1,1,1,1,0,0,0,7,1,0,5,2,0,2,35,0,1,4,0,3,1,17,0,1,3,5,0,1,0,0,1,0,0,4,7,1,2,1,2,0,1,3,2,0,2,1,0,2,2,5,0,1,5,1,2,1,1,9,0,9,1,0,0,1,14,4,2,6,0
2298,0,3,2,2,0,0,0,4,0,0,0,0,0,2,0,0,1,0,1,0,0,0,3,0,2,1,1,1,1,1,1,0,0,0,7,1,0,5,2,0,2,35,0,1,4,0,3,1,17,0,1,3,5,0,1,0,0,1,0,0,4,7,1,2,1,2,0,1,3,2,0,2,1,0,2,2,5,0,1,5,1,2,1,1,9,0,9,1,0,0,1,14,4,2,6,0
2299,0,3,2,2,0,0,0,4,0,0,0,0,0,2,0,0,1,0,1,0,0,0,3,0,2,1,1,1,1,1,1,0,0,0,7,1,0,5,2,0,2,36,0,1,4,0,3,1,17,0,1,3,5,0,1,0,0,1,0,0,4,7,1,2,1,2,0,1,3,2,0,2,1,0,2,2,5,0,1,5,1,2,1,1,9,0,9,1,0,0,1,13,4,2,6,0
2300,0,3,2,2,0,0,0,4,0,0,0,0,0,2,0,0,1,0,1,0,0,0,3,0,2,1,1,1,1,1,1,0,0,0,7,1,0,5,2,0,2,37,0,1,4,0,3,1,17,0,1,3,5,0,1,0,0,1,0,0,4,7,1,2,1,2,0,1,3,2,0,2,1,0,1,2,5,0,1,5,1,2,1,1,9,0,9,1,0,0,1,13,4,2,6,0
2301,0,3,2,2,0,0,0,4,0,0,0,0,0,2,0,0,1,0,1,0,0,0,3,0,2,1,1,1,1,1,1,0,0,0,7,1,0,5,2,0,2,37,0,1,4,0,3,1,17,0,1,3,5,0,1,0,0,1,0,0,4,7,1,2,1,2,0,1,3,2,0,2,1,0,1,2,5,0,1,5,1,2,1,1,9,0,9,1,0,0,1,13,4,2,8,0
2302,0,3,2,2,0,0,0,4,0,0,0,0,0,2,0,0,1,0,1,0,0,0,3,0,2,1,1,1,1,1,1,0,0,0,7,0,0,5,2,0,2,37,0,1,4,0,3,1,17,0,1,3,5,0,1,0,0,1,0,0,4,7,1,2,1,2,0,1,3,2,0,2,1,0,1,2,5,0,1,5,1,2,0,1,9,0,9,1,0,0,1,13,3,2,8,0
2303,0,3,2,2,0,0,0,4,0,0,0,0,0,2,0,0,1,0,1,0,0,0,3,0,2,1,1,1,1,1,1,0,0,0,7,0,0,5,2,0,2,37,0,1,3,0,3,1,17,0,1,3,5,0,1,0,0,1,0,0,4,7,1,2,1,2,0,1,3,2,0,2,1,0,1,2,5,0,1,5,1,2,0,1,9,0,9,1,0,0,1,13,3,2,8,0
2304,0,3,2,2,0,0,0,4,0,0,0,0,0,2,0,0,1,0,1,0,0,0,3,0,2,1,1,1,1,1,1,0,0,0,6,0,0,5,2,0,2,37,0,1,3,0,3,1,17,0,1,2,5,0,1,0,0,1,0,0,4,7,1,2,1,2,0,1,3,2,0,2,1,0,1,2,5,0,1,4,1,2,0,1,9,0,9,1,0,0,1,13,3,2,8,0
2305,0,3,2,2,0,0,0,4,0,0,0,0,0,2,0,0,1,0,1,0,0,0,3,0,2,1,1,1,1,1,1,0,0,0,5,0,0,5,2,0,2,37,0,1,3,0,3,1,17,0,1,2,5,0,1,0,0,1,0,0,4,7,1,2,1,1,0,1,3,2,0,2,1,0,1,2,4,0,1,4,1,2,0,1,9,0,9,1,0,0,1,12,3,2,8,0
2306,0,3,2,2,0,0,0,4,0,0,0,0,0,2,0,0,1,0,1,0,0,0,3,0,2,1,1,1,1,1,1,0,0,0,5,0,0,5,2,0,2,36,0,1,3,0,3,1,17,0,1,2,5,0,1,0,0,1,0,0,4,7,1,2,1,1,0,1,3,2,0,2,1,0,1,2,4,0,1,4,1,2,0,1,9,0,9,1,0,0,1,12,3,2,8,0
2307,0,3,2,2,0,0,0,4,0,0,0,0,0,2,0,0,1,0,1,0,0,0,3,0,2,1,1,1,1,1,1,0,0,0,5,0,0,5,1,0,2,36,0,1,3,0,3,1,16,0,1,2,5,0,1,0,0,1,0,0,4,7,1,2,1,0,0,1,3,2,0,2,1,0,1,2,4,0,1,4,1,2,0,1,9,0,9,1,0,0,1,12,2,2,8,0
2308,0,3,2,2,0,0,0,4,0,0,0,0,0,2,0,0,1,0,1,0,0,0,3,0,2,1,1,0,1,1,1,0,0,0,5,0,0,5,1,0,2,35,0,1,3,0,3,1,16,0,1,2,5,0,1,0,0,1,0,0,4,7,1,2,1,0,0,1,3,2,0,2,1,0,1,2,4,0,1,4,1,2,0,1,9,0,9,1,0,0,1,12,2,2,8,0
2309,0,3,2,2,0,0,0,4,0,0,0,0,0,2,0,0,1,0,1,0,0,0,3,0,2,1,1,0,1,1,1,0,0,0,5,0,0,5,1,0,2,35,0,1,3,0,3,1,16,0,1,2,5,0,1,0,0,1,0,0,4,7,1,2,1,0,0,1,3,2,0,2,1,0,1,2,4,0,1,4,1,2,0,1,9,0,9,1,0,0,1,12,2,2,8,0
2310,0,3,2,2,0,0,0,4,0,0,0,0,0,2,0,0,1,0,1,0,0,0,3,0,2,1,1,0,1,1,1,0,0,0,5,0,0,5,1,0,2,35,0,1,3,0,3,1,16,0,1,2,5,0,1,0,0,1,0,0,4,7,1,2,1,0,0,1,3,2,0,2,1,0,1,2,4,0,1,4,1,2,0,1,9,0,9,1,0,0,1,12,2,2,8,0
2311,0,3,2,2,0,0,0,4,0,0,0,0,0,2,0,0,1,0,1,0,0,0,3,0,2,1,1,0,1,1,1,0,0,0,5,0,0,5,1,0,2,35,0,1,3,0,3,1,16,0,1,2,5,0,1,0,0,1,0,0,4,7,1,2,1,0,0,1,3,2,0,2,1,0,1,2,4,0,1,4,1,2,0,1,9,0,9,1,0,0,1,12,2,2,8,0
2312,0,3,2,2,0,0,0,4,0,0,0,0,0,2,0,0,1,0,1,0,0,0,3,0,2,1,1,0,1,1,1,0,0,0,5,0,0,5,1,0,2,35,0,1,3,0,3,1,16,0,1,2,5,0,1,0,0,1,0,0,4,7,1,2,1,0,0,1,3,2,0,2,1,0,1,2,4,0,1,4,1,2,0,1,9,0,9,1,0,0,1,12,2,2,8,0
2313,0,3,2,2,0,0,0,4,0,0,0,0,0,2,0,0,1,0,1,0,0,0,3,0,2,1,1,0,1,1,1,0,0,0,5,0,0,5,1,0,2,35,0,1,3,0,3,1,16,0,1,2,5,0,1,0,0,1,0,0,4,7,1,2,1,0,0,1,3,2,0,2,1,0,1,2,4,0,1,4,1,2,0,1,10,0,9,1,0,0,1,12,2,2,8,0
2314,0,3,2,2,0,0,0,4,0,0,0,0,0,2,0,0,1,0,1,0,0,0,3,0,2,1,1,0,1,1,1,0,0,0,5,0,0,5,1,0,2,35,0,1,3,0,3,1,16,0,1,2,5,0,1,0,0,1,0,0,4,7,1,2,0,0,0,1,3,2,0,2,1,0,1,2,4,0,1,4,1,2,0,1,10,0,9,1,0,0,1,12,2,2,8,0
2315,0,3,2,2,0,0,0,4,0,0,0,0,0,2,0,0,1,0,1,0,0,0,3,0,2,1,1,0,1,1,1,0,0,0,5,0,0,5,1,0,2,35,0,1,3,0,3,1,16,0,1,2,5,0,1,0,0,1,0,0,4,7,1,2,0,0,0,1,3,2,0,2,1,0,1,2,4,0,1,4,1,2,0,1,10,0,9,1,0,0,1,12,2,2,8,0
2316,0,3,2,2,0,0,0,4,0,0,0,0,0,2,0,0,1,0,1,0,0,0,3,0,2,1,1,0,1,1,1,0,0,0,5,0,0,5,1,0,2,36,0,1,3,0,3,1,16,0,1,2,5,0,1,0,0,1,0,0,4,7,1,2,0,0,0,1,3,2,0,2,1,0,1,2,4,0,1,4,1,2,0,1,10,0,9,1,0,0,1,12,2,2,8,0
2317,0,3,2,2,0,0,0,4,0,0,0,0,0,2,0,0,1,0,1,0,0,0,3,0,2,1,1,0,1,1,1,0,0,0,5,0,0,5,1,0,2,36,0,1,3,0,3,1,16,0,1,2,5,0,1,0,0,1,0,0,4,7,1,2,0,0,0,1,3,2,0,2,1,0,1,2,4,0,1,4,1,2,0,1,10,0,9,1,0,0,1,12,2,2,8,0
2318,0,3,2,2,0,0,0,4,0,0,0,0,0,2,0,0,1,0,1,0,0,0,2,0,2,1,1,0,1,1,1,0,0,0,5,0,0,5,1,0,2,37,0,1,3,0,3,1,15,0,1,2,5,0,1,0,0,1,0,0,4,7,1,2,0,0,0,1,3,2,0,2,1,0,1,2,4,0,1,4,1,2,0,1,10,0,9,1,0,0,1,12,2,2,8,0
2319,0,3,2,2,0,0,0,4,0,0,0,0,0,2,0,0,1,0,1,0,0,0,2,0,2,1,1,0,1,1,1,0,0,0,5,0,0,5,1,0,2,37,0,1,3,0,3,1,15,0,1,2,5,0,1,0,0,1,0,0,4,7,1,2,0,0,0,1,3,2,0,2,1,0,1,2,4,0,1,4,1,2,0,1,10,0,9,1,0,0,1,12,2,2,8,0
2320,0,3,2,2,0,0,0,4,0,0,0,0,0,2,0,0,1,0,1,0,0,0,2,0,2,1,1,0,1,1,1,0,0,0,5,0,0,5,1,0,2,37,0,1,3,0,3,0,15,0,1,2,5,0,1,0,0,1,0,0,4,7,1,2,0,0,0,1,3,2,0,2,1,0,1,2,4,0,1,4,1,2,0,1,10,0,9,1,0,0,1,12,2,2,8,0
2321,0,3,2,2,0,0,0,4,0,0,0,0,0,2,0,0,1,0,1,0,0,0,1,0,2,1,1,0,1,1,1,0,0,0,5,0,0,6,1,0,2,37,0,1,3,0,3,0,15,0,1,2,5,0,1,0,0,1,0,0,4,7,1,2,0,0,0,1,3,2,0,2,1,0,1,2,4,0,1,4,1,2,0,1,10,0,9,1,0,0,1,12,2,2,8,0
2322,0,3,2,2,0,0,0,4,0,0,0,0,0,2,0,0,1,0,1,0,0,0,1,0,2,1,1,0,1,1,1,0,0,0,5,0,0,6,1,0,2,37,0,1,3,0,3,0,15,0,1,2,5,0,1,0,0,1,0,0,4,7,1,2,0,0,0,1,3,2,0,1,1,0,1,2,4,0,1,4,1,2,0,1,10,0,9,1,0,0,1,12,2,2,8,0
2323,0,3,2,2,0,0,0,4,0,0,0,0,0,2,0,0,1,0,1,0,0,0,1,0,2,1,1,0,1,1,1,0,0,0,5,0,0,6,1,0,2,37,0,1,3,0,3,0,15,0,1,2,5,0,1,0,0,1,0,0,4,7,1,2,0,0,0,1,3,2,0,1,1,0,1,2,4,0,1,4,1,2,0,1,11,0,9,1,0,0,1,12,2,2,8,0
2324,0,3,2,2,0,0,0,4,0,0,0,0,0,2,0,0,1,0,1,0,0,0,1,0,2,1,1,0,1,1,1,0,0,0,5,0,0,6,1,0,2,37,0,1,3,0,3,0,15,0,1,2,5,0,1,0,0,1,0,0,4,7,1,2,0,0,0,1,3,2,0,1,1,0,1,2,4,0,1,4,1,2,0,1,11,0,9,1,0,0,1,12,2,2,8,0
2325,0,3,2,2,0,0,0,3,0,0,0,0,0,2,0,0,1,0,1,0,0,0,1,0,2,1,1,0,1,1,1,0,0,0,5,0,0,6,1,0,2,37,0,1,3,0,3,0,15,0,1,2,5,0,1,0,0,1,0,0,4,7,1,2,0,0,0,1,3,2,0,1,1,0,1,2,4,0,1,4,1,2,0,1,11,0,9,1,0,0,1,12,2,2,8,0
2326,0,3,2,2,0,0,0,3,0,0,0,0,0,2,0,0,1,0,0,0,0,0,1,0,2,1,1,0,1,1,1,0,0,0,5,0,0,6,1,0,2,38,0,1,2,0,3,0,15,0,1,2,5,0,1,0,0,1,0,0,4,7,1,2,0,0,0,1,3,2,0,1,1,0,1,2,4,0,1,4,1,2,0,1,11,0,9,1,0,0,1,12,2,2,8,0
2327,0,3,2,2,0,0,0,3,0,0,0,0,0,2,0,0,1,0,0,0,0,0,1,0,2,1,1,0,0,1,1,0,0,0,5,0,0,6,1,0,2,38,0,1,2,0,3,0,15,0,1,2,5,0,1,0,0,1,0,0,4,7,1,2,0,0,0,1,3,2,0,1,1,0,1,2,3,0,1,4,1,2,0,1,11,0,9,1,0,0,1,12,2,2,8,0
2328,0,3,1,2,0,0,0,3,0,0,0,0,0,2,0,0,1,0,0,0,0,0,1,0,2,1,1,0,0,1,1,0,0,0,5,0,0,6,1,0,2,38,0,1,2,0,3,0,15,0,1,2,5,0,1,0,0,1,0,0,3,7,1,2,0,0,0,1,3,2,0,1,1,0,1,2,3,0,1,4,1,2,0,1,11,0,9,1,0,0,1,11,2,2,8,0
2329,0,3,1,2,0,0,0,3,0,0,0,0,0,2,0,0,1,0,0,0,0,0,1,0,2,1,1,0,0,1,1,0,0,0,5,0,0,6,1,0,2,38,0,1,2,0,3,0,15,0,1,2,5,0,1,0,0,1,0,0,3,7,1,2,0,0,0,1,3,2,0,1,1,0,1,2,3,0,1,4,1,2,0,1,11,0,9,1,0,0,1,11,2,2,8,0
2330,0,3,1,2,0,0,0,3,0,0,0,0,0,2,0,0,1,0,0,0,0,0,1,0,2,1,1,0,0,1,1,0,0,0,5,0,0,6,1,0,2,38,0,1,2,0,3,0,15,0,1,2,5,0,1,0,0,1,0,0,3,7,1,2,0,0,0,1,3,2,0,1,1,0,1,2,3,0,1,4,1,2,0,1,11,0,9,1,0,0,1,11,2,2,8,0
2331,0,3,1,2,0,0,0,3,0,0,0,0,0,2,0,0,1,0,0,0,0,0,1,0,2,1,1,0,0,1,1,0,0,0,5,0,0,6,1,0,2,38,0,1,2,0,3,0,16,0,1,2,5,0,1,0,0,1,0,0,3,7,1,2,0,0,0,1,3,2,0,0,1,0,1,2,3,0,1,4,1,2,0,1,11,0,9,1,0,0,1,11,2,2,8,0
2332,0,3,1,2,0,0,0,3,0,0,0,0,0,2,0,0,1,0,0,0,0,0,1,0,2,1,1,0,0,1,1,0,0,0,5,0,0,5,1,0,2,38,0,1,2,0,3,0,16,0,1,2,5,0,1,0,0,1,0,0,3,7,1,2,0,0,0,1,3,2,0,0,1,0,1,2,3,0,1,4,1,2,0,1,11,0,9,1,0,0,1,11,2,2,8,0
2333,0,3,1,2,0,0,0,3,0,0,0,0,0,2,0,0,1,0,0,0,0,0,1,0,2,1,1,0,0,1,1,0,0,0,4,0,0,5,1,0,2,38,0,1,2,0,3,0,15,0,1,2,5,0,1,0,0,1,0,0,3,7,1,2,0,0,0,1,3,2,0,0,1,0,1,1,3,0,1,4,1,2,0,1,11,0,9,1,0,0,1,11,2,2,8,0
2334,0,3,1,2,0,0,0,3,0,0,0,0,0,2,0,0,1,0,0,0,0,0,1,0,2,1,1,0,0,1,1,0,0,0,4,0,0,5,1,0,2,37,0,1,2,0,3,0,15,0,1,2,5,0,1,0,0,1,0,0,3,7,1,2,0,0,0,1,3,2,0,0,1,0,1,1,3,0,1,4,1,2,0,1,12,0,9,1,0,0,1,11,2,2,8,0
2335,0,3,1,2,0,0,0,3,0,0,0,0,0,2,0,0,1,0,0,0,0,0,1,0,2,1,1,0,0,1,1,0,0,0,4,0,0,5,1,0,2,37,0,1,2,0,3,0,15,0,1,2,5,0,1,0,0,1,0,0,3,7,1,2,0,0,0,1,3,2,0,0,1,0,1,1,3,0,1,4,1,2,0,1,12,0,9,1,0,0,1,11,2,2,8,0
2336,0,3,1,2,0,0,0,3,0,0,0,0,0,2,0,0,1,0,0,0,0,0,1,0,2,1,1,0,0,1,1,0,0,0,4,0,0,5,1,0,2,37,0,1,2,0,3,0,15,0,1,2,5,0,1,0,0,1,0,0,3,7,1,2,0,0,0,1,3,2,0,0,1,0,1,1,3,0,1,4,1,2,0,1,12,0,9,1,0,0,1,12,2,2,8,0
2337,0,3,1,2,0,0,0,3,0,0,0,0,0,2,0,0,1,0,0,0,0,0,1,0,2,1,1,0,0,1,1,0,0,0,4,0,0,5,1,0,2,37,0,1,2,0,3,0,15,0,1,2,5,0,1,0,0,1,0,0,3,7,1,2,0,0,0,1,3,2,0,0,1,0,1,1,3,0,1,4,1,2,0,1,12,0,9,1,0,0,1,12,2,2,8,0
2338,0,3,1,2,0,0,0,3,0,0,0,0,0,2,0,0,1,0,0,0,0,0,1,0,2,1,1,0,0,1,1,0,0,0,4,0,0,5,1,0,2,38,0,1,2,0,3,0,15,0,1,2,5,0,1,0,0,1,0,0,3,7,1,2,0,0,0,1,3,2,0,0,1,0,1,1,3,0,1,4,1,2,0,1,12,0,9,0,0,0,1,12,2,2,8,0
2339,0,3,1,2,0,0,0,3,0,0,0,0,0,2,0,0,1,0,0,0,0,0,1,0,2,1,1,0,0,1,1,0,0,0,4,0,0,5,1,0,2,38,0,1,2,0,3,0,15,0,1,2,5,0,1,0,0,1,0,0,3,7,1,2,0,0,0,1,3,2,0,0,1,0,1,1,3,0,1,4,1,2,0,1,12,0,9,0,0,0,1,12,2,2,8,0
2340,0,2,1,2,0,0,0,3,0,0,0,0,0,2,0,0,1,0,0,0,0,0,1,0,2,1,1,0,0,1,1,0,0,0,4,0,0,5,1,0,2,38,0,1,2,0,3,0,14,0,1,2,5,0,1,0,0,1,0,0,3,7,1,2,0,0,0,1,3,2,0,0,1,0,1,1,3,0,1,4,1,2,0,1,12,0,9,0,0,0,1,12,2,2,8,0
2341,0,2,1,2,0,0,0,3,0,0,0,0,0,2,0,0,1,0,0,0,0,0,1,0,2,1,1,0,0,1,1,0,0,0,4,0,0,5,1,0,1,38,0,1,1,0,3,0,14,0,1,2,5,0,1,0,0,1,0,0,3,7,1,2,0,0,0,1,3,2,0,0,1,0,1,1,3,0,1,4,1,2,0,1,12,0,9,0,0,0,1,12,1,2,8,0
2342,0,2,1,2,0,0,0,3,0,0,0,0,0,2,0,0,1,0,0,0,0,0,1,0,2,1,1,0,0,1,1,0,0,0,4,0,0,5,1,0,1,38,0,1,1,0,3,0,14,0,1,2,5,0,1,0,0,1,0,0,3,7,1,2,0,0,0,1,3,2,0,0,1,0,1,1,3,0,1,4,1,2,0,1,12,0,9,0,0,0,1,12,1,2,8,0
2343,0,2,1,2,0,0,0,3,0,0,0,0,0,2,0,0,0,0,0,0,0,0,1,0,2,1,1,0,0,1,1,0,0,0,4,0,0,5,1,0,1,39,0,1,1,0,3,0,14,0,1,2,5,0,1,0,0,1,0,0,3,7,1,2,0,0,0,1,3,2,0,0,1,0,1,1,3,0,1,4,1,1,0,1,12,0,9,0,0,0,1,12,1,2,8,0
2344,0,2,1,2,0,0,0,3,0,0,0,0,0,2,0,0,0,0,0,0,0,0,1,0,2,1,1,0,0,1,0,0,0,0,4,0,0,5,1,0,1,39,0,1,1,0,3,0,14,0,1,2,5,0,1,0,0,1,0,0,3,7,1,2,0,0,0,1,3,2,0,0,1,0,1,1,3,0,1,4,1,1,0,1,12,0,9,0,0,0,1,11,1,2,8,0
2345,0,2,1,2,0,0,0,3,0,0,0,0,0,2,0,0,0,0,0,0,0,0,1,0,2,1,1,0,0,1,0,0,0,0,4,0,0,5,1,0,1,39,0,1,1,0,3,0,14,0,1,2,5,0,1,0,0,0,0,0,3,7,1,2,0,0,0,1,3,2,0,0,1,0,1,1,3,0,1,4,1,1,0,1,12,0,9,0,0,0,1,11,1,2,8,0
2346,0,2,1,2,0,0,0,3,0,0,0,0,0,2,0,0,0,0,0,0,0,0,1,0,2,1,1,0,0,1,0,0,0,0,4,0,0,5,1,0,1,37,0,1,1,0,3,0,14,0,1,2,5,0,1,0,0,0,0,0,3,7,1,2,0,0,0,1,3,1,0,0,1,0,1,1,3,0,1,4,1,1,0,1,12,0,9,0,0,0,1,11,1,2,7,0
2347,0,2,1,2,0,0,0,3,0,0,0,0,0,2,0,0,0,0,0,0,0,0,1,0,2,1,1,0,0,0,0,0,0,0,4,0,0,5,1,0,1,37,0,1,1,0,3,0,14,0,1,2,5,0,1,0,0,0,0,0,3,7,1,2,0,0,0,1,3,1,0,0,1,0,1,1,3,0,1,4,1,1,0,1,12,0,9,0,0,0,1,11,1,2,7,0
2348,0,2,1,2,0,0,0,3,0,0,0,0,0,2,0,0,0,0,0,0,0,0,1,0,2,1,1,0,0,0,0,0,0,0,4,0,0,5,1,0,1,37,0,1,1,0,3,0,14,0,1,2,5,0,1,0,0,0,0,0,3,7,1,2,0,0,0,1,3,1,0,0,1,0,1,1,3,0,1,4,1,1,0,1,12,0,9,0,0,0,1,11,1,2,7,0
2349,0,2,1,2,0,0,0,3,0,0,0,0,0,2,0,0,0,0,0,0,0,0,1,0,2,1,1,0,0,0,0,0,0,0,4,0,0,5,1,0,1,37,0,1,1,0,3,0,14,0,1,2,5,0,1,0,0,0,0,0,3,6,1,2,0,0,0,1,3,1,0,0,1,0,1,1,2,0,1,4,1,1,0,1,13,0,9,0,0,0,1,11,1,2,7,0
2350,0,2,1,2,0,0,0,3,0,0,0,0,0,2,0,0,0,0,0,0,0,0,1,0,2,1,1,0,0,0,0,0,0,0,4,0,0,5,1,0,1,35,0,1,1,0,3,0,14,0,1,2,5,0,1,0,0,0,0,0,3,6,1,2,0,0,0,1,3,1,0,0,1,0,1,1,1,0,1,4,1,1,0,1,13,0,9,0,0,0,1,11,1,2,7,0
2351,0,2,1,1,0,0,0,3,0,0,0,0,0,2,0,0,0,0,0,0,0,0,1,0,2,1,1,0,0,0,0,0,0,0,4,0,0,5,1,0,1,35,0,1,1,0,3,0,14,0,1,2,5,0,1,0,0,0,0,0,3,6,1,2,0,0,0,1,3,1,0,0,1,0,1,1,1,0,1,4,1,1,0,1,13,0,9,0,0,0,1,11,1,2,7,0
2352,0,2,1,1,0,0,0,3,0,0,0,0,0,2,0,0,0,0,0,0,0,0,1,0,2,1,1,0,0,0,0,0,0,0,4,0,0,5,1,0,1,35,0,1,1,0,3,0,14,0,1,2,5,0,1,0,0,0,0,0,3,7,1,2,0,0,0,1,3,1,0,0,1,0,1,1,1,0,1,4,1,1,0,1,13,0,9,0,0,0,1,11,1,2,7,0
2353,0,2,1,1,0,0,0,3,0,0,0,0,0,2,0,0,0,0,0,0,0,0,1,0,2,1,1,0,0,0,0,0,0,0,4,0,0,5,1,0,1,34,0,1,1,0,3,0,14,0,1,1,5,0,1,0,0,0,0,0,3,7,1,2,0,0,0,1,3,1,0,0,1,0,1,1,1,0,1,4,1,1,0,1,13,0,9,0,0,0,1,11,1,2,7,0
2354,0,2,1,1,0,0,0,3,0,0,0,0,0,2,0,0,0,0,0,0,0,0,1,0,2,1,1,0,0,0,0,0,0,0,4,0,0,5,1,0,1,34,0,1,1,0,3,0,15,0,1,1,5,0,1,0,0,0,0,0,3,7,1,2,0,0,0,1,3,1,0,0,1,0,1,1,1,0,1,4,1,1,0,1,12,0,9,0,0,0,1,11,1,2,7,0
2355,0,2,1,1,0,0,0,3,0,0,0,0,0,2,0,0,0,0,0,0,0,0,1,0,2,1,1,0,0,0,0,0,0,0,4,0,0,5,1,0,1,34,0,1,1,0,3,0,15,0,1,1,5,0,1,0,0,0,0,0,3,7,1,2,0,0,0,1,3,1,0,0,1,0,1,1,1,0,1,4,1,1,0,1,12,0,9,0,0,0,1,11,1,2,7,0
2356,0,2,1,1,0,0,0,3,0,0,0,0,0,2,0,0,0,0,0,0,0,0,1,0,2,1,1,0,0,0,0,0,0,0,4,0,0,5,1,0,1,34,0,1,1,0,3,0,15,0,1,1,5,0,1,0,0,0,0,0,3,7,1,2,0,0,0,1,3,1,0,0,1,0,1,1,1,0,1,3,1,1,0,1,12,0,9,0,0,0,1,11,1,2,7,0
2357,0,2,1,1,0,0,0,3,0,0,0,0,0,2,0,0,0,0,0,0,0,0,1,0,2,1,1,0,0,0,0,0,0,0,4,0,0,5,1,0,1,34,0,1,1,0,3,0,15,0,1,1,5,0,1,0,0,0,0,0,3,7,1,2,0,0,0,1,3,1,0,0,1,0,1,1,1,0,1,3,1,1,0,1,12,0,9,0,0,0,1,12,1,2,7,0
2358,0,2,1,1,0,0,0,3,0,0,0,0,0,2,0,0,0,0,0,0,0,0,1,0,1,1,1,0,0,0,0,0,0,0,4,0,0,5,1,0,1,34,0,1,1,0,3,0,15,0,1,1,5,0,1,0,0,0,0,0,3,7,1,2,0,0,0,1,3,1,0,0,1,0,1,1,1,0,1,3,1,1,0,1,12,0,9,0,0,0,1,12,1,2,7,0
2359,0,2,1,1,0,0,0,3,0,0,0,0,0,2,0,0,0,0,0,0,0,0,1,0,1,1,1,0,0,0,0,0,0,0,4,0,0,5,1,0,1,34,0,1,1,0,3,0,15,0,1,1,5,0,1,0,0,0,0,0,3,7,1,2,0,0,0,1,3,1,0,0,1,0,1,1,1,0,1,3,1,1,0,1,12,0,9,0,0,0,1,12,1,2,7,0
2360,0,2,1,1,0,0,0,3,0,0,0,0,0,2,0,0,0,0,0,0,0,0,1,0,1,1,1,0,0,0,0,0,0,0,4,0,0,5,1,0,1,34,0,1,1,0,3,0,15,0,0,1,5,0,1,0,0,0,0,0,3,7,1,2,0,0,0,1,3,1,0,0,1,0,1,1,1,0,1,3,1,1,0,1,12,0,9,0,0,0,1,12,1,2,7,0
2361,0,2,1,1,0,0,0,3,0,0,0,0,0,2,0,0,0,0,0,0,0,0,1,0,1,1,1,0,0,0,0,0,0,0,4,0,0,5,1,0,1,34,0,1,1,0,3,0,15,0,0,1,5,0,1,0,0,0,0,0,3,7,1,2,0,0,0,1,2,1,0,0,1,0,1,1,1,0,1,3,1,1,0,1,12,0,9,0,0,0,1,12,1,2,7,0
2362,0,2,1,1,0,0,0,3,0,0,0,0,0,2,0,0,0,0,0,0,0,0,1,0,1,1,1,0,0,0,0,0,0,0,4,0,0,5,1,0,1,34,0,1,1,0,3,0,15,0,0,1,4,0,1,0,0,0,0,0,3,7,1,2,0,0,0,1,2,1,0,0,1,0,1,1,1,0,1,3,1,1,0,1,12,0,9,0,0,0,1,12,1,2,7,0
2363,0,2,1,1,0,0,0,3,0,0,0,0,0,2,0,0,0,0,0,0,0,0,1,0,1,1,1,0,0,0,0,0,0,0,4,0,0,5,1,0,1,34,0,1,1,0,3,0,15,0,0,1,4,0,1,0,0,0,0,0,3,7,1,2,0,0,0,1,2,1,0,0,1,0,1,1,1,0,1,3,1,1,0,1,12,0,9,0,0,0,1,12,1,2,7,0
2364,0,2,1,1,0,0,0,3,0,0,0,0,0,2,0,0,0,0,0,0,0,0,1,0,1,1,1,0,0,0,0,0,0,0,4,0,0,5,1,0,1,35,0,1,1,0,3,0,15,0,0,1,4,0,1,0,0,0,0,0,3,7,1,2,0,0,0,1,2,1,0,0,1,0,1,1,1,0,1,3,1,1,0,1,12,0,9,0,0,0,1,12,1,2,8,0
2365,0,2,1,1,0,0,0,3,0,0,0,0,0,2,0,0,0,0,0,0,0,0,1,0,1,1,1,0,0,0,0,0,0,0,4,0,0,5,1,0,1,35,0,1,1,0,3,0,15,0,0,1,4,0,1,0,0,0,0,0,3,7,1,2,0,0,0,1,2,1,0,0,1,0,1,1,1,0,1,4,1,1,0,1,12,0,9,0,0,0,1,13,1,2,8,0
2366,0,2,1,1,0,0,0,3,0,0,0,0,0,2,0,0,0,0,0,0,0,0,1,0,1,1,1,0,0,0,0,0,0,0,4,0,0,5,1,0,1,35,0,1,1,0,3,0,16,0,0,1,4,0,1,0,0,0,0,0,3,7,1,2,0,0,0,1,2,1,0,0,1,0,1,1,1,0,1,4,1,1,0,1,12,0,10,0,0,0,1,13,1,2,8,0
2367,0,2,1,1,0,0,0,3,0,0,0,0,0,2,0,0,0,0,0,0,0,0,1,0,1,1,1,0,0,0,0,0,0,0,4,0,0,5,1,0,1,36,0,1,1,0,3,0,16,0,0,1,4,0,1,0,0,0,0,0,3,7,1,2,0,0,0,1,2,1,0,0,1,0,1,1,1,0,1,4,1,1,0,1,12,0,10,0,0,0,1,13,1,2,8,0
2368,0,2,1,1,0,0,0,3,0,0,0,0,0,2,0,0,0,0,0,0,0,0,1,0,1,1,1,0,0,0,0,0,0,0,4,0,0,5,1,0,1,36,0,1,1,0,3,0,17,0,0,1,4,0,1,0,0,0,0,0,3,7,1,2,0,0,0,1,2,1,0,0,1,0,1,1,1,0,1,4,1,1,0,1,12,0,10,0,0,0,1,12,1,2,8,0
2369,0,2,1,1,0,0,0,3,0,0,0,0,0,2,0,0,0,0,0,0,0,0,1,0,1,1,1,0,0,0,0,0,0,0,4,0,0,5,1,0,1,35,0,1,1,0,3,0,17,0,0,1,4,0,1,0,0,0,0,0,3,7,1,2,0,0,0,1,2,1,0,0,1,0,1,1,1,0,1,4,1,1,0,1,12,0,10,0,0,0,1,12,1,2,8,0
2370,0,2,1,1,0,0,0,3,0,0,0,0,0,2,0,0,0,0,0,0,0,0,1,0,1,1,1,0,0,0,0,0,0,0,4,0,0,5,1,0,1,36,0,1,1,0,3,0,17,0,0,1,4,0,1,0,0,0,0,0,3,7,1,2,0,0,0,0,2,1,0,0,1,0,1,1,1,0,1,4,1,1,0,1,12,0,10,0,0,0,1,12,1,2,8,0
2371,0,2,1,1,0,0,0,3,0,0,0,0,0,2,0,0,0,0,0,0,0,0,1,0,1,1,1,0,0,0,0,0,0,0,4,0,0,5,1,0,1,36,0,1,1,0,3,0,17,0,0,1,4,0,1,0,0,0,0,0,3,7,1,2,0,0,0,0,2,1,0,0,1,0,1,1,1,0,1,4,1,1,0,1,12,0,10,0,0,0,1,12,1,2,8,0
2372,0,1,1,1,0,0,0,3,0,0,0,0,0,2,0,0,0,0,0,0,0,0,1,0,1,1,1,0,0,0,0,0,0,0,4,0,0,5,1,0,0,37,0,1,1,0,3,0,17,0,0,1,4,0,1,0,0,0,0,0,3,7,1,2,0,0,0,0,2,1,0,0,1,0,1,1,1,0,1,4,1,1,0,1,12,0,10,0,0,0,1,12,1,2,8,0
2373,0,1,1,1,0,0,0,3,0,0,0,0,0,2,0,0,0,0,0,0,0,0,1,0,1,1,0,0,0,0,0,0,0,0,4,0,0,5,1,0,0,37,0,1,1,0,3,0,17,0,0,1,4,0,1,0,0,0,0,0,3,7,1,2,0,0,0,0,2,1,0,0,1,0,1,1,1,0,1,4,1,1,0,1,12,0,10,0,0,0,1,12,1,2,8,0
2374,0,1,1,1,0,0,0,3,0,0,0,0,0,2,0,0,0,0,0,0,0,0,1,0,1,1,0,0,0,0,0,0,0,0,4,0,0,5,1,0,0,37,0,1,1,0,3,0,17,0,0,1,4,0,1,0,0,0,0,0,3,7,1,2,0,0,0,0,2,1,0,0,1,0,1,1,1,0,1,4,1,1,0,1,12,0,10,0,0,0,1,12,1,2,9,0
2375,0,1,1,1,0,0,0,3,0,0,0,0,0,2,0,0,0,0,0,0,0,0,1,0,1,1,0,0,0,0,0,0,0,0,4,0,0,5,1,0,0,38,0,1,1,0,3,0,17,0,0,1,4,0,1,0,0,0,0,0,3,7,1,2,0,0,0,0,2,1,0,0,1,0,1,1,1,0,1,4,1,1,0,1,12,0,10,0,0,0,1,12,1,2,9,0
2376,0,1,1,1,0,0,0,3,0,0,0,0,0,2,0,0,0,0,0,0,0,0,1,0,1,1,0,0,0,0,0,0,0,0,4,0,0,6,1,0,0,38,0,1,1,0,3,0,17,0,0,1,4,0,1,0,0,0,0,0,3,7,1,2,0,0,0,0,2,1,0,0,1,0,1,1,1,0,1,4,1,1,0,1,12,0,10,0,0,0,1,12,1,2,9,0
2377,0,1,1,1,0,0,0,3,0,0,0,0,0,2,0,0,0,0,0,0,0,0,1,0,1,1,0,0,0,0,0,0,0,0,4,0,0,6,1,0,0,38,0,1,1,0,3,0,17,0,0,1,4,0,1,0,0,0,0,0,3,7,1,1,0,0,0,0,2,1,0,0,1,0,1,1,1,0,1,4,1,1,0,1,12,0,10,0,0,0,1,12,1,2,9,0
2378,0,1,1,1,0,0,0,3,0,0,0,0,0,2,0,0,0,0,0,0,0,0,1,0,1,1,0,0,0,0,0,0,0,0,4,0,0,5,1,0,0,38,0,1,1,0,3,0,17,0,0,1,4,0,1,0,0,0,0,0,3,7,1,1,0,0,0,0,2,1,0,0,1,0,1,1,1,0,1,4,1,1,0,1,12,0,10,0,0,0,1,12,1,2,9,0
2379,0,1,1,1,0,0,0,3,0,0,0,0,0,2,0,0,0,0,0,0,0,0,1,0,1,1,0,0,0,0,0,0,0,0,4,0,0,5,1,0,0,38,0,1,1,0,3,0,17,0,0,1,4,0,1,0,0,0,0,0,3,7,1,1,0,0,0,0,1,1,0,0,1,0,1,1,1,0,1,4,1,1,0,1,12,0,10,0,0,0,1,12,1,2,9,0
2380,0,1,1,1,0,0,0,3,0,0,0,0,0,2,0,0,0,0,0,0,0,0,1,0,1,1,0,0,0,0,0,0,0,0,4,0,0,5,1,0,0,38,0,1,1,0,3,0,17,0,0,1,4,0,1,0,0,0,0,0,3,7,1,1,0,0,0,0,1,1,0,0,1,0,1,1,1,0,1,4,1,1,0,1,12,0,10,0,0,0,1,12,1,2,9,0
2381,0,1,1,1,0,0,0,3,0,0,0,0,0,2,0,0,0,0,0,0,0,0,1,0,1,1,0,0,0,0,0,0,0,0,4,0,0,5,1,0,0,38,0,1,1,0,3,0,17,0,0,1,4,0,1,0,0,0,0,0,3,7,1,1,0,0,0,0,1,1,0,0,1,0,1,1,1,0,1,3,1,1,0,1,12,0,10,0,0,0,1,12,1,2,9,0
2382,0,1,1,1,0,0,0,3,0,0,0,0,0,2,0,0,0,0,0,0,0,0,1,0,1,1,0,0,0,0,0,0,0,0,4,0,0,5,1,0,0,37,0,1,1,0,3,0,17,0,0,1,4,0,1,0,0,0,0,0,3,7,1,1,0,0,0,0,1,1,0,0,1,0,1,1,1,0,1,3,1,1,0,1,12,0,10,0,0,0,1,12,1,2,9,0
2383,0,1,1,1,0,0,0,3,0,0,0,0,0,2,0,0,0,0,0,0,0,0,1,0,1,1,0,0,0,0,0,0,0,0,3,0,0,5,1,0,0,36,0,1,1,0,3,0,17,0,0,1,4,0,1,0,0,0,0,0,3,7,1,1,0,0,0,0,1,1,0,0,1,0,1,1,1,0,1,3,1,1,0,1,12,0,10,0,0,0,1,12,1,2,9,0
2384,0,1,1,1,0,0,0,3,0,0,0,0,0,2,0,0,0,0,0,0,0,0,1,0,1,1,0,0,0,0,0,0,0,0,3,0,0,5,1,0,0,36,0,1,1,0,3,0,16,0,0,1,4,0,1,0,0,0,0,0,3,7,1,1,0,0,0,0,1,1,0,0,1,0,1,1,1,0,1,3,1,1,0,1,11,0,10,0,0,0,1,12,1,2,9,0
2385,0,1,1,1,0,0,0,3,0,0,0,0,0,2,0,0,0,0,0,0,0,0,1,0,1,1,0,0,0,0,0,0,0,0,3,0,0,5,1,0,0,37,0,1,1,0,3,0,16,0,0,1,4,0,1,0,0,0,0,0,3,7,1,1,0,0,0,0,1,1,0,0,1,0,1,1,1,0,1,3,1,1,0,1,11,0,10,0,0,0,1,12,1,2,9,0
2386,0,1,1,1,0,0,0,3,0,0,0,0,0,2,0,0,0,0,0,0,0,0,1,0,1,1,0,0,0,0,0,0,0,0,3,0,0,5,1,0,0,37,0,1,1,0,2,0,16,0,0,1,4,0,1,0,0,0,0,0,3,7,1,1,0,0,0,0,1,1,0,0,1,0,1,1,1,0,1,3,1,1,0,1,11,0,10,0,0,0,1,12,1,2,9,0
2387,0,1,1,1,0,0,0,3,0,0,0,0,0,2,0,0,0,0,0,0,0,0,1,0,1,1,0,0,0,0,0,0,0,0,3,0,0,5,1,0,0,37,0,1,1,0,2,0,16,0,0,1,4,0,1,0,0,0,0,0,3,7,1,1,0,0,0,0,1,1,0,0,1,0,1,1,1,0,1,3,1,1,0,1,11,0,10,0,0,0,1,12,1,2,9,0
2388,0,1,1,1,0,0,0,3,0,0,0,0,0,2,0,0,0,0,0,0,0,0,1,0,1,1,0,0,0,0,0,0,0,0,3,0,0,5,1,0,0,37,0,1,1,0,2,0,16,0,0,1,4,0,1,0,0,0,0,0,3,7,1,1,0,0,0,0,1,1,0,0,1,0,1,1,1,0,1,3,1,1,0,1,11,0,10,0,0,0,1,12,1,2,9,0
2389,0,1,1,1,0,0,0,3,0,0,0,0,0,2,0,0,0,0,0,0,0,0,1,0,1,1,0,0,0,0,0,0,0,0,3,0,0,5,1,0,0,38,0,1,1,0,2,0,16,0,0,1,4,0,1,0,0,0,0,0,3,7,1,1,0,0,0,0,1,1,0,0,1,0,1,1,1,0,1,3,1,1,0,1,11,0,10,0,0,0,1,12,1,2,10,0
2390,0,1,1,1,0,0,0,3,0,0,0,0,0,2,0,0,0,0,0,0,0,0,1,0,1,1,0,0,0,0,0,0,0,0,3,0,0,5,1,0,0,38,0,1,1,0,2,0,16,0,0,1,3,0,1,0,0,0,0,0,3,7,1,1,0,0,0,0,1,1,0,0,1,0,1,1,1,0,1,3,1,1,0,1,11,0,10,0,0,0,1,12,1,2,10,0
2391,0,1,1,1,0,0,0,3,0,0,0,0,0,2,0,0,0,0,0,0,0,0,1,0,1,1,0,0,0,0,0,0,0,0,3,0,0,5,1,0,0,38,0,1,1,0,2,0,16,0,0,1,3,0,1,0,0,0,0,0,3,7,1,1,0,0,0,0,1,1,0,0,1,0,1,1,1,0,1,3,1,1,0,1,11,0,10,0,0,0,1,12,1,2,10,0
2392,0,1,1,1,0,0,0,3,0,0,0,0,0,2,0,0,0,0,0,0,0,0,1,0,1,1,0,0,0,0,0,0,0,0,3,0,0,5,1,0,0,39,0,1,1,0,2,0,16,0,0,1,3,0,1,0,0,0,0,0,3,7,1,1,0,0,0,0,1,1,0,0,1,0,1,1,1,0,1,3,1,1,0,1,11,0,10,0,0,0,1,13,1,2,10,0
2393,0,1,1,1,0,0,0,3,0,0,0,0,0,2,0,0,0,0,0,0,0,0,1,0,1,1,0,0,0,0,0,0,0,0,3,0,0,5,1,0,0,39,0,1,1,0,2,0,16,0,0,1,3,0,1,0,0,0,0,0,2,7,1,1,0,0,0,0,1,1,0,0,1,0,1,1,1,0,1,3,1,1,0,1,11,0,10,0,0,0,1,13,1,2,10,0
2394,0,1,1,1,0,0,0,3,0,0,0,0,0,2,0,0,0,0,0,0,0,0,1,0,1,1,0,0,0,0,0,0,0,0,3,0,0,5,1,0,0,39,0,1,1,0,2,0,16,0,0,1,3,0,1,0,0,0,0,0,2,7,1,1,0,0,0,0,1,1,0,0,1,0,1,1,1,0,1,3,1,1,0,1,11,0,10,0,0,0,1,13,1,2,10,0
2395,0,1,1,1,0,0,0,3,0,0,0,0,0,2,0,0,0,0,0,0,0,0,1,0,1,1,0,0,0,0,0,0,0,0,3,0,0,5,1,0,0,39,0,1,1,0,2,0,16,0,0,1,3,0,1,0,0,0,0,0,2,6,1,1,0,0,0,0,1,1,0,0,1,0,1,1,1,0,1,3,1,1,0,1,11,0,10,0,0,0,1,13,1,2,10,0
2396,0,1,1,1,0,0,0,3,0,0,0,0,0,2,0,0,0,0,0,0,0,0,1,0,1,1,0,0,0,0,0,0,0,0,3,0,0,5,0,0,0,39,0,1,1,0,2,0,16,0,0,1,3,0,0,0,0,0,0,0,2,6,1,1,0,0,0,0,1,1,0,0,1,0,1,1,1,0,1,3,1,1,0,1,11,0,10,0,0,0,1,13,1,2,10,0
2397,0,1,1,1,0,0,0,3,0,0,0,0,0,2,0,0,0,0,0,0,0,0,1,0,1,1,0,0,0,0,0,0,0,0,3,0,0,5,0,0,0,39,0,1,1,0,2,0,15,0,0,1,3,0,0,0,0,0,0,0,2,6,1,1,0,0,0,0,1,1,0,0,1,0,1,1,1,0,1,3,1,1,0,1,11,0,10,0,0,0,1,14,1,2,10,0
2398,0,1,1,1,0,0,0,3,0,0,0,0,0,2,0,0,0,0,0,0,0,0,1,0,1,1,0,0,0,0,0,0,0,0,3,0,0,5,0,0,0,39,0,1,1,0,2,0,15,0,0,1,3,0,0,0,0,0,0,0,2,6,1,1,0,0,0,0,1,1,0,0,1,0,1,1,1,0,1,3,1,1,0,1,11,0,10,0,0,0,1,14,1,2,10,0
2399,0,1,0,1,0,0,0,3,0,0,0,0,0,2,0,0,0,0,0,0,0,0,1,0,1,1,0,0,0,0,0,0,0,0,3,0,0,5,0,0,0,39,0,1,1,0,2,0,15,0,0,1,3,0,0,0,0,0,0,0,2,6,1,1,0,0,0,0,1,1,0,0,1,0,1,1,1,0,1,3,0,1,0,1,11,0,10,0,0,0,1,14,1,2,10,0
2400,0,1,0,1,0,0,0,3,0,0,0,0,0,2,0,0,0,0,0,0,0,0,1,0,1,1,0,0,0,0,0,0,0,0,3,0,0,5,0,0,0,39,0,1,1,0,1,0,15,0,0,1,3,0,0,0,0,0,0,0,2,6,1,1,0,0,0,0,1,1,0,0,1,0,1,1,1,0,1,3,0,1,0,1,11,0,10,0,0,0,1,14,1,2,11,0
2401,0,1,0,1,0,0,0,3,0,0,0,0,0,2,0,0,0,0,0,0,0,0,1,0,1,1,0,0,0,0,0,0,0,0,3,0,0,5,0,0,0,39,0,1,1,0,1,0,15,0,0,1,3,0,0,0,0,0,0,0,2,7,1,1,0,0,0,0,1,1,0,0,1,0,1,1,1,0,1,3,0,1,0,1,11,0,10,0,0,0,1,14,1,2,11,0
2402,0,1,0,1,0,0,0,3,0,0,0,0,0,2,0,0,0,0,0,0,0,0,1,0,1,1,0,0,0,0,0,0,0,0,3,0,0,5,0,0,0,39,0,1,1,0,1,0,15,0,0,1,3,0,0,0,0,0,0,0,2,7,1,1,0,0,0,0,1,1,0,0,1,0,1,1,1,0,1,3,0,1,0,1,11,0,10,0,0,0,1,14,1,2,11,0
2403,0,1,0,1,0,0,0,3,0,0,0,0,0,2,0,0,0,0,0,0,0,0,1,0,1,1,0,0,0,0,0,0,0,0,3,0,0,5,0,0,0,39,0,1,1,0,1,0,15,0,0,1,3,0,0,0,0,0,0,0,2,7,1,1,0,0,0,0,1,1,0,0,1,0,1,1,1,0,1,3,0,1,0,1,11,0,10,0,0,0,1,14,1,2,11,0
2404,0,0,0,1,0,0,0,3,0,0,0,0,0,2,0,0,0,0,0,0,0,0,1,0,1,1,0,0,0,0,0,0,0,0,3,0,0,5,0,0,0,39,0,1,1,0,1,0,15,0,0,1,3,0,0,0,0,0,0,0,2,7,1,1,0,0,0,0,1,1,0,0,1,0,1,1,1,0,1,3,0,1,0,1,11,0,11,0,0,0,1,14,1,2,11,0
2405,0,0,0,1,0,0,0,3,0,0,0,0,0,2,0,0,0,0,0,0,0,0,1,0,1,1,0,0,0,0,0,0,0,0,3,0,0,5,0,0,0,39,0,1,1,0,1,0,15,0,0,1,3,0,0,0,0,0,0,0,2,7,1,1,0,0,0,0,1,1,0,0,1,0,1,1,1,0,1,3,0,1,0,1,11,0,11,0,0,0,1,14,1,2,11,0
2406,0,0,0,1,0,0,0,3,0,0,0,0,0,2,0,0,0,0,0,0,0,0,1,0,1,1,0,0,0,0,0,0,0,0,3,0,0,5,0,0,0,39,0,1,1,0,1,0,15,0,0,1,3,0,0,0,0,0,0,0,2,7,1,1,0,0,0,0,1,1,0,0,1,0,1,1,1,0,1,3,0,1,0,1,11,0,10,0,0,0,1,14,1,2,11,0
2407,0,0,0,1,0,0,0,3,0,0,0,0,0,2,0,0,0,0,0,0,0,0,1,0,1,1,0,0,0,0,0,0,0,0,3,0,0,6,0,0,0,38,0,1,1,0,1,0,15,0,0,1,3,0,0,0,0,0,0,0,2,7,1,1,0,0,0,0,1,1,0,0,1,0,1,1,1,0,1,3,0,1,0,1,11,0,10,0,0,0,1,14,1,2,11,0
2408,0,0,0,1,0,0,0,3,0,0,0,0,0,2,0,0,0,0,0,0,0,0,1,0,1,1,0,0,0,0,0,0,0,0,3,0,0,6,0,0,0,38,0,1,1,0,1,0,15,0,0,1,3,0,0,0,0,0,0,0,2,7,1,1,0,0,0,0,1,1,0,0,1,0,1,1,1,0,1,3,0,1,0,1,11,0,10,0,0,0,1,14,1,2,11,0
2409,0,0,0,1,0,0,0,3,0,0,0,0,0,2,0,0,0,0,0,0,0,0,1,0,1,1,0,0,0,0,0,0,0,0,3,0,0,6,0,0,0,38,0,1,1,0,1,0,15,0,0,1,3,0,0,0,0,0,0,0,2,7,1,1,0,0,0,0,1,1,0,0,1,0,1,1,1,0,1,3,0,1,0,1,11,0,10,0,0,0,1,14,1,2,11,0
2410,0,0,0,1,0,0,0,3,0,0,0,0,0,2,0,0,0,0,0,0,0,0,1,0,1,1,0,0,0,0,0,0,0,0,3,0,0,6,0,0,0,38,0,1,1,0,1,0,15,0,0,1,3,0,0,0,0,0,0,0,2,7,1,1,0,0,0,0,1,1,0,0,1,0,1,1,1,0,1,2,0,1,0,1,11,0,9,0,0,0,1,14,1,2,11,0
2411,0,0,0,1,0,0,0,3,0,0,0,0,0,2,0,0,0,0,0,0,0,0,1,0,1,1,0,0,0,0,0,0,0,0,3,0,0,6,0,0,0,38,0,1,1,0,1,0,15,0,0,1,3,0,0,0,0,0,0,0,2,7,1,1,0,0,0,0,1,1,0,0,1,0,1,1,1,0,1,2,0,1,0,1,11,0,9,0,0,0,1,14,1,2,11,0
2412,0,0,0,1,0,0,0,3,0,0,0,0,0,2,0,0,0,0,0,0,0,0,1,0,1,1,0,0,0,0,0,0,0,0,3,0,0,6,0,0,0,38,0,1,1,0,1,0,15,0,0,1,3,0,0,0,0,0,0,0,2,7,1,1,0,0,0,0,1,1,0,0,1,0,1,1,1,0,1,2,0,1,0,1,11,0,9,0,0,0,1,14,1,2,11,0
2413,0,0,0,1,0,0,0,3,0,0,0,0,0,2,0,0,0,0,0,0,0,0,1,0,1,1,0,0,0,0,0,0,0,0,3,0,0,6,0,0,0,39,0,1,1,0,1,0,15,0,0,1,3,0,0,0,0,0,0,0,2,7,1,1,0,0,0,0,1,1,0,0,1,0,1,1,1,0,1,2,0,1,0,1,11,0,9,0,0,0,1,14,1,2,11,0
2414,0,0,0,1,0,0,0,3,0,0,0,0,0,2,0,0,0,0,0,0,0,0,1,0,1,1,0,0,0,0,0,0,0,0,3,0,0,6,0,0,0,39,0,1,1,0,1,0,15,0,0,1,3,0,0,0,0,0,0,0,2,7,1,1,0,0,0,0,1,1,0,0,1,0,1,1,1,0,1,2,0,1,0,1,11,0,9,0,0,0,1,14,1,2,11,0
2415,0,0,0,1,0,0,0,3,0,0,0,0,0,2,0,0,0,0,0,0,0,0,1,0,1,1,0,0,0,0,0,0,0,0,3,0,0,6,0,0,0,39,0,1,1,0,1,0,15,0,0,1,3,0,0,0,0,0,0,0,2,7,1,1,0,0,0,0,1,1,0,0,1,0,1,1,1,0,1,2,0,1,0,1,11,0,9,0,0,0,1,14,1,2,11,0
2416,0,0,0,1,0,0,0,3,0,0,0,0,0,2,0,0,0,0,0,0,0,0,1,0,1,1,0,0,0,0,0,0,0,0,2,0,0,6,0,0,0,39,0,1,1,0,1,0,15,0,0,1,3,0,0,0,0,0,0,0,2,7,1,1,0,0,0,0,1,1,0,0,1,0,1,1,1,0,1,2,0,1,0,1,11,0,9,0,0,0,1,12,1,2,11,0
2417,0,0,0,1,0,0,0,3,0,0,0,0,0,2,0,0,0,0,0,0,0,0,1,0,1,1,0,0,0,0,0,0,0,0,2,0,0,6,0,0,0,39,0,1,1,0,1,0,15,0,0,1,3,0,0,0,0,0,0,0,2,7,1,1,0,0,0,0,1,1,0,0,1,0,1,1,1,0,1,2,0,1,0,1,11,0,9,0,0,0,1,12,1,2,11,0
2418,0,0,0,1,0,0,0,3,0,0,0,0,0,2,0,0,0,0,0,0,0,0,1,0,1,1,0,0,0,0,0,0,0,0,2,0,0,6,0,0,0,39,0,1,1,0,1,0,15,0,0,1,3,0,0,0,0,0,0,0,2,7,1,1,0,0,0,0,1,1,0,0,1,0,1,1,1,0,1,2,0,1,0,0,11,0,9,0,0,0,1,12,1,2,11,0
2419,0,0,0,1,0,0,0,3,0,0,0,0,0,2,0,0,0,0,0,0,0,0,1,0,1,1,0,0,0,0,0,0,0,0,2,0,0,6,0,0,0,39,0,1,1,0,1,0,15,0,0,1,3,0,0,0,0,0,0,0,2,7,1,1,0,0,0,0,1,1,0,0,1,0,1,1,1,0,1,2,0,1,0,0,11,0,9,0,0,0,1,13,1,2,11,0
2420,0,0,0,1,0,0,0,3,0,0,0,0,0,2,0,0,0,0,0,0,0,0,1,0,1,1,0,0,0,0,0,0,0,0,2,0,0,6,0,0,0,40,0,1,1,0,1,0,15,0,0,1,3,0,0,0,0,0,0,0,2,7,1,1,0,0,0,0,1,1,0,0,1,0,1,1,1,0,1,2,0,1,0,0,10,0,9,0,0,0,1,13,1,2,11,0
2421,0,0,0,1,0,0,0,3,0,0,0,0,0,2,0,0,0,0,0,0,0,0,1,0,1,1,0,0,0,0,0,0,0,0,2,0,0,6,0,0,0,40,0,1,1,0,1,0,15,0,0,1,3,0,0,0,0,0,0,0,2,7,1,1,0,0,0,0,1,1,0,0,1,0,1,1,1,0,1,2,0,1,0,0,10,0,9,0,0,0,1,13,1,2,11,0
2422,0,0,0,1,0,0,0,3,0,0,0,0,0,2,0,0,0,0,0,0,0,0,1,0,1,1,0,0,0,0,0,0,0,0,2,0,0,6,0,0,0,41,0,1,1,0,1,0,15,0,0,1,3,0,0,0,0,0,0,0,2,7,1,1,0,0,0,0,1,1,0,0,1,0,1,1,1,0,1,2,0,1,0,0,11,0,9,0,0,0,1,13,1,2,11,0
2423,0,0,0,1,0,0,0,3,0,0,0,0,0,2,0,0,0,0,0,0,0,0,1,0,1,1,0,0,0,0,0,0,0,0,2,0,0,6,0,0,0,41,0,1,1,0,1,0,15,0,0,1,3,0,0,0,0,0,0,0,2,7,1,1,0,0,0,0,1,1,0,0,1,0,1,1,1,0,1,2,0,1,0,0,11,0,9,0,0,0,1,13,1,2,11,0
2424,0,0,0,1,0,0,0,3,0,0,0,0,0,2,0,0,0,0,0,0,0,0,1,0,0,1,0,0,0,0,0,0,0,0,2,0,0,6,0,0,0,41,0,1,1,0,1,0,15,0,0,1,3,0,0,0,0,0,0,0,2,7,1,1,0,0,0,0,1,1,0,0,1,0,1,1,1,0,1,2,0,1,0,0,11,0,9,0,0,0,1,13,1,2,11,0
2425,0,0,0,1,0,0,0,3,0,0,0,0,0,2,0,0,0,0,0,0,0,0,1,0,0,1,0,0,0,0,0,0,0,0,2,0,0,6,0,0,0,41,0,1,1,0,1,0,15,0,0,1,3,0,0,0,0,0,0,0,2,7,1,1,0,0,0,0,1,1,0,0,1,0,1,1,1,0,1,2,0,1,0,0,11,0,9,0,0,0,1,14,1,2,11,0
2426,0,0,0,1,0,0,0,3,0,0,0,0,0,2,0,0,0,0,0,0,0,0,1,0,0,1,0,0,0,0,0,0,0,0,2,0,0,6,0,0,0,41,0,1,1,0,1,0,15,0,0,1,3,0,0,0,0,0,0,0,2,7,1,1,0,0,0,0,1,1,0,0,1,0,1,1,1,0,1,2,0,1,0,0,11,0,9,0,0,0,1,14,1,2,11,0
2427,0,0,0,1,0,0,0,3,0,0,0,0,0,2,0,0,0,0,0,0,0,0,1,0,0,1,0,0,0,0,0,0,0,0,2,0,0,6,0,0,0,41,0,1,1,0,1,0,15,0,0,1,3,0,0,0,0,0,0,0,2,7,1,1,0,0,0,0,1,1,0,0,1,0,1,1,1,0,1,2,0,1,0,0,11,0,9,0,0,0,1,14,1,2,11,0
2428,0,0,0,1,0,0,0,3,0,0,0,0,0,2,0,0,0,0,0,0,0,0,1,0,0,1,0,0,0,0,0,0,0,0,2,0,0,6,0,0,0,41,0,1,1,0,1,0,15,0,0,1,3,0,0,0,0,0,0,0,2,7,1,1,0,0,0,0,1,1,0,0,1,0,1,1,1,0,1,2,0,1,0,0,11,0,9,0,0,0,1,14,1,2,11,0
2429,0,0,0,1,0,0,0,3,0,0,0,0,0,2,0,0,0,0,0,0,0,0,1,0,0,1,0,0,0,0,0,0,0,0,2,0,0,6,0,0,0,41,0,1,1,0,1,0,15,0,0,1,3,0,0,0,0,0,0,0,2,7,1,1,0,0,0,0,1,1,0,0,1,0,1,1,1,0,1,2,0,1,0,0,11,0,9,0,0,0,1,14,1,2,11,0
2430,0,0,0,1,0,0,0,3,0,0,0,0,0,2,0,0,0,0,0,0,0,0,1,0,0,1,0,0,0,0,0,0,0,0,2,0,0,6,0,0,0,42,0,1,1,0,1,0,15,0,0,1,3,0,0,0,0,0,0,0,2,7,1,1,0,0,0,0,1,1,0,0,1,0,1,1,1,0,1,2,0,1,0,0,12,0,9,0,0,0,1,14,1,2,11,0
2431,0,0,0,1,0,0,0,3,0,0,0,0,0,2,0,0,0,0,0,0,0,0,1,0,0,1,0,0,0,0,0,0,0,0,2,0,0,6,0,0,0,43,0,1,1,0,1,0,15,0,0,1,3,0,0,0,0,0,0,0,2,7,1,1,0,0,0,0,1,1,0,0,1,0,1,1,1,0,1,2,0,1,0,0,12,0,9,0,0,0,1,14,1,2,11,0
2432,0,0,0,1,0,0,0,3,0,0,0,0,0,2,0,0,0,0,0,0,0,0,1,0,0,1,0,0,0,0,0,0,0,0,2,0,0,6,0,0,0,44,0,1,1,0,1,0,15,0,0,1,3,0,0,0,0,0,0,0,2,7,1,1,0,0,0,0,1,1,0,0,1,0,1,1,1,0,1,2,0,1,0,0,12,0,9,0,0,0,1,14,1,2,11,0
2433,0,0,0,1,0,0,0,3,0,0,0,0,0,2,0,0,0,0,0,0,0,0,1,0,0,1,0,0,0,0,0,0,0,0,2,0,0,5,0,0,0,43,0,1,1,0,1,0,15,0,0,1,3,0,0,0,0,0,0,0,2,7,1,1,0,0,0,0,1,1,0,0,1,0,1,1,1,0,1,2,0,1,0,0,12,0,9,0,0,0,1,14,1,2,11,0
2434,0,0,0,1,0,0,0,3,0,0,0,0,0,2,0,0,0,0,0,0,0,0,1,0,0,1,0,0,0,0,0,0,0,0,2,0,0,5,0,0,0,43,0,1,1,0,1,0,15,0,0,1,3,0,0,0,0,0,0,0,2,7,1,1,0,0,0,0,1,1,0,0,1,0,1,1,1,0,1,2,0,1,0,0,12,0,9,0,0,0,1,14,1,2,11,0
2435,0,0,0,1,0,0,0,3,0,0,0,0,0,2,0,0,0,0,0,0,0,0,1,0,0,1,0,0,0,0,0,0,0,0,2,0,0,5,0,0,0,43,0,1,1,0,1,0,15,0,0,1,3,0,0,0,0,0,0,0,2,7,1,1,0,0,0,0,1,1,0,0,1,0,1,1,1,0,1,2,0,1,0,0,12,0,9,0,0,0,1,14,1,2,11,0
2436,0,0,0,1,0,0,0,3,0,0,0,0,0,2,0,0,0,0,0,0,0,0,1,0,0,1,0,0,0,0,0,0,0,0,2,0,0,5,0,0,0,43,0,1,1,0,1,0,15,0,0,1,3,0,0,0,0,0,0,0,2,7,1,1,0,0,0,0,1,1,0,0,1,0,1,1,1,0,1,2,0,1,0,0,12,0,8,0,0,0,1,14,1,2,11,0
2437,0,0,0,1,0,0,0,3,0,0,0,0,0,2,0,0,0,0,0,0,0,0,1,0,0,1,0,0,0,0,0,0,0,0,2,0,0,5,0,0,0,43,0,1,1,0,1,0,15,0,0,1,3,0,0,0,0,0,0,0,2,7,1,1,0,0,0,0,1,1,0,0,1,0,1,1,1,0,1,2,0,1,0,0,12,0,8,0,0,0,1,14,1,2,11,0
2438,0,0,0,1,0,0,0,3,0,0,0,0,0,2,0,0,0,0,0,0,0,0,1,0,0,1,0,0,0,0,0,0,0,0,2,0,0,5,0,0,0,43,0,1,1,0,1,0,15,0,0,1,3,0,0,0,0,0,0,0,2,7,1,1,0,0,0,0,1,1,0,0,1,0,1,1,1,0,1,2,0,1,0,0,12,0,8,0,0,0,1,14,1,2,11,0
2439,0,0,0,1,0,0,0,3,0,0,0,0,0,2,0,0,0,0,0,0,0,0,1,0,0,1,0,0,0,0,0,0,0,0,2,0,0,5,0,0,0,44,0,1,1,0,1,0,16,0,0,1,3,0,0,0,0,0,0,0,2,8,1,1,0,0,0,0,1,1,0,0,1,0,1,1,1,0,1,2,0,1,0,0,12,0,8,0,0,0,1,14,1,2,11,0
2440,0,0,0,1,0,0,0,3,0,0,0,0,0,2,0,0,0,0,0,0,0,0,1,0,0,1,0,0,0,0,0,0,0,0,2,0,0,5,0,0,0,44,0,1,1,0,1,0,16,0,0,1,3,0,0,0,0,0,0,0,2,9,1,1,0,0,0,0,1,1,0,0,1,0,1,1,1,0,1,2,0,1,0,0,13,0,8,0,0,0,1,14,1,2,11,0
2441,0,0,0,1,0,0,0,3,0,0,0,0,0,2,0,0,0,0,0,0,0,0,1,0,0,1,0,0,0,0,0,0,0,0,2,0,0,5,0,0,0,44,0,1,1,0,1,0,16,0,0,1,3,0,0,0,0,0,0,0,2,9,1,1,0,0,0,0,1,1,0,0,1,0,1,1,1,0,1,2,0,1,0,0,13,0,8,0,0,0,1,15,1,2,11,0
2442,0,0,0,1,0,0,0,3,0,0,0,0,0,2,0,0,0,0,0,0,0,0,1,0,0,1,0,0,0,0,0,0,0,0,2,0,0,5,0,0,0,44,0,1,1,0,1,0,16,0,0,1,3,0,0,0,0,0,0,0,2,9,1,1,0,0,0,0,1,1,0,0,1,0,1,1,1,0,1,3,0,1,0,0,12,0,8,0,0,0,1,15,1,1,11,0
2443,0,0,0,1,0,0,0,3,0,0,0,0,0,2,0,0,0,0,0,0,0,0,1,0,0,1,0,0,0,0,0,0,0,0,2,0,0,5,0,0,0,44,0,1,1,0,1,0,16,0,0,1,3,0,0,0,0,0,0,0,2,9,1,1,0,0,0,0,1,1,0,0,1,0,1,1,1,0,1,3,0,1,0,0,12,0,8,0,0,0,1,16,1,1,11,0
2444,0,0,0,1,0,0,0,3,0,0,0,0,0,2,0,0,0,0,0,0,0,0,1,0,0,1,0,0,0,0,0,0,0,0,2,0,0,5,0,0,0,44,0,1,1,0,1,0,16,0,0,1,3,0,0,0,0,0,0,0,2,9,1,1,0,0,0,0,1,1,0,0,1,0,1,1,1,0,1,3,0,1,0,0,12,0,8,0,0,0,1,16,1,1,11,0
2445,0,0,0,1,0,0,0,3,0,0,0,0,0,2,0,0,0,0,0,0,0,0,1,0,0,1,0,0,0,0,0,0,0,0,2,0,0,5,0,0,0,44,0,1,1,0,1,0,16,0,0,1,3,0,0,0,0,0,0,0,2,9,1,1,0,0,0,0,1,1,0,0,1,0,1,1,1,0,1,3,0,1,0,0,12,0,8,0,0,0,1,16,1,1,11,0
2446,0,0,0,1,0,0,0,3,0,0,0,0,0,2,0,0,0,0,0,0,0,0,1,0,0,1,0,0,0,0,0,0,0,0,2,0,0,5,0,0,0,44,0,1,1,0,1,0,16,0,0,1,3,0,0,0,0,0,0,0,2,9,1,1,0,0,0,0,1,1,0,0,1,0,1,1,1,0,1,3,0,1,0,0,12,0,8,0,0,0,0,16,1,1,11,0
2447,0,0,0,1,0,0,0,3,0,0,0,0,0,2,0,0,0,0,0,0,0,0,1,0,0,1,0,0,0,0,0,0,0,0,2,0,0,5,0,0,0,44,0,1,1,0,1,0,17,0,0,1,3,0,0,0,0,0,0,0,2,9,1,1,0,0,0,0,1,1,0,0,1,0,1,1,1,0,1,3,0,1,0,0,12,0,8,0,0,0,0,16,1,1,11,0
2448,0,0,0,1,0,0,0,3,0,0,0,0,0,2,0,0,0,0,0,0,0,0,1,0,0,1,0,0,0,0,0,0,0,0,2,0,0,5,0,0,0,44,0,1,1,0,1,0,17,0,0,1,3,0,0,0,0,0,0,0,2,8,1,1,0,0,0,0,1,1,0,0,1,0,1,1,1,0,1,3,0,1,0,0,12,0,8,0,0,0,0,16,1,1,11,0
2449,0,0,0,1,0,0,0,3,0,0,0,0,0,2,0,0,0,0,0,0,0,0,1,0,0,1,0,0,0,0,0,0,0,0,2,0,0,5,0,0,0,44,0,1,1,0,1,0,16,0,0,1,3,0,0,0,0,0,0,0,2,8,1,1,0,0,0,0,1,1,0,0,1,0,1,1,1,0,0,3,0,1,0,0,12,0,8,0,0,0,0,16,1,1,11,0
2450,0,0,0,1,0,0,0,3,0,0,0,0,0,2,0,0,0,0,0,0,0,0,1,0,0,1,0,0,0,0,0,0,0,0,2,0,0,5,0,0,0,44,0,1,1,0,1,0,16,0,0,1,3,0,0,0,0,0,0,0,2,8,1,1,0,0,0,0,1,1,0,0,1,0,1,1,1,0,0,3,0,1,0,0,12,0,8,0,0,0,0,17,1,1,11,0
2451,0,0,0,1,0,0,0,3,0,0,0,0,0,2,0,0,0,0,0,0,0,0,1,0,0,1,0,0,0,0,0,0,0,0,2,0,0,5,0,0,0,44,0,1,1,0,0,0,16,0,0,0,3,0,0,0,0,0,0,0,2,8,1,1,0,0,0,0,1,1,0,0,1,0,1,1,1,0,0,3,0,1,0,0,12,0,8,0,0,0,0,17,1,1,11,0
2452,0,0,0,1,0,0,0,3,0,0,0,0,0,2,0,0,0,0,0,0,0,0,1,0,0,1,0,0,0,0,0,0,0,0,2,0,0,5,0,0,0,44,0,1,1,0,0,0,16,0,0,0,3,0,0,0,0,0,0,0,2,8,1,1,0,0,0,0,1,1,0,0,1,0,1,1,1,0,0,3,0,1,0,0,12,0,8,0,0,0,0,17,1,1,11,0
2453,0,0,0,1,0,0,0,3,0,0,0,0,0,2,0,0,0,0,0,0,0,0,1,0,0,1,0,0,0,0,0,0,0,0,2,0,0,5,0,0,0,44,0,1,1,0,0,0,16,0,0,0,3,0,0,0,0,0,0,0,2,8,1,1,0,0,0,0,1,1,0,0,1,0,1,1,1,0,0,3,0,1,0,0,12,0,8,0,0,0,0,17,1,1,11,0
2454,0,0,0,1,0,0,0,3,0,0,0,0,0,2,0,0,0,0,0,0,0,0,1,0,0,1,0,0,0,0,0,0,0,0,2,0,0,5,0,0,0,45,0,1,1,0,0,0,16,0,0,0,3,0,0,0,0,0,0,0,2,8,1,1,0,0,0,0,1,1,0,0,1,0,1,1,1,0,0,3,0,1,0,0,12,0,7,0,0,0,0,17,1,1,11,0
2455,0,0,0,1,0,0,0,3,0,0,0,0,0,2,0,0,0,0,0,0,0,0,1,0,0,1,0,0,0,0,0,0,0,0,2,0,0,5,0,0,0,45,0,1,1,0,0,0,16,0,0,0,3,0,0,0,0,0,0,0,2,8,1,1,0,0,0,0,1,0,0,0,1,0,1,1,1,0,0,3,0,1,0,0,12,0,7,0,0,0,0,17,1,1,11,0
2456,0,0,0,1,0,0,0,3,0,0,0,0,0,2,0,0,0,0,0,0,0,0,1,0,0,1,0,0,0,0,0,0,0,0,2,0,0,5,0,0,0,46,0,1,1,0,0,0,16,0,0,0,3,0,0,0,0,0,0,0,2,8,1,1,0,0,0,0,1,0,0,0,1,0,1,1,1,0,0,3,0,1,0,0,12,0,7,0,0,0,0,17,1,1,10,0
2457,0,0,0,1,0,0,0,2,0,0,0,0,0,1,0,0,0,0,0,0,0,0,1,0,0,1,0,0,0,0,0,0,0,0,2,0,0,5,0,0,0,46,0,1,1,0,0,0,16,0,0,0,3,0,0,0,0,0,0,0,2,8,1,1,0,0,0,0,1,0,0,0,1,0,1,1,1,0,0,3,0,1,0,0,12,0,7,0,0,0,0,17,1,1,11,0
2458,0,0,0,1,0,0,0,2,0,0,0,0,0,1,0,0,0,0,0,0,0,0,1,0,0,1,0,0,0,0,0,0,0,0,2,0,0,5,0,0,0,45,0,1,1,0,0,0,16,0,0,0,3,0,0,0,0,0,0,0,2,8,1,1,0,0,0,0,1,0,0,0,1,0,1,1,1,0,0,3,0,1,0,0,12,0,7,0,0,0,0,18,1,1,11,0
2459,0,0,0,1,0,0,0,2,0,0,0,0,0,1,0,0,0,0,0,0,0,0,1,0,0,1,0,0,0,0,0,0,0,0,2,0,0,5,0,0,0,45,0,1,1,0,0,0,16,0,0,0,3,0,0,0,0,0,0,0,2,7,1,1,0,0,0,0,1,0,0,0,1,0,1,1,1,0,0,3,0,1,0,0,12,0,7,0,0,0,0,18,1,1,11,0
2460,0,0,0,1,0,0,0,2,0,0,0,0,0,1,0,0,0,0,0,0,0,0,1,0,0,1,0,0,0,0,0,0,0,0,2,0,0,5,0,0,0,45,0,1,1,0,0,0,16,0,0,0,3,0,0,0,0,0,0,0,2,7,1,1,0,0,0,0,1,0,0,0,1,0,1,1,1,0,0,3,0,1,0,0,12,0,7,0,0,0,0,18,1,1,11,0
2461,0,0,0,1,0,0,0,2,0,0,0,0,0,1,0,0,0,0,0,0,0,0,1,0,0,1,0,0,0,0,0,0,0,0,2,0,0,5,0,0,0,45,0,1,1,0,0,0,16,0,0,0,2,0,0,0,0,0,0,0,2,7,1,1,0,0,0,0,1,0,0,0,1,0,1,1,1,0,0,3,0,1,0,0,12,0,7,0,0,0,0,18,1,1,11,0
2462,0,0,0,1,0,0,0,1,0,0,0,0,0,1,0,0,0,0,0,0,0,0,1,0,0,1,0,0,0,0,0,0,0,0,2,0,0,5,0,0,0,45,0,1,1,0,0,0,16,0,0,0,2,0,0,0,0,0,0,0,2,7,1,1,0,0,0,0,1,0,0,0,1,0,0,1,1,0,0,3,0,1,0,0,12,0,7,0,0,0,0,18,1,1,11,0
2463,0,0,0,1,0,0,0,1,0,0,0,0,0,1,0,0,0,0,0,0,0,0,1,0,0,1,0,0,0,0,0,0,0,0,2,0,0,5,0,0,0,45,0,1,1,0,0,0,16,0,0,0,2,0,0,0,0,0,0,0,2,7,1,1,0,0,0,0,1,0,0,0,1,0,0,1,1,0,0,3,0,1,0,0,12,0,7,0,0,0,0,18,1,1,11,0
2464,0,0,0,1,0,0,0,1,0,0,0,0,0,1,0,0,0,0,0,0,0,0,0,0,0,1,0,0,0,0,0,0,0,0,2,0,0,5,0,0,0,45,0,1,1,0,0,0,16,0,0,0,2,0,0,0,0,0,0,0,2,7,1,1,0,0,0,0,1,0,0,0,1,0,0,1,1,0,0,3,0,1,0,0,12,0,7,0,0,0,0,18,1,1,11,0
2465,0,0,0,1,0,0,0,1,0,0,0,0,0,1,0,0,0,0,0,0,0,0,0,0,0,1,0,0,0,0,0,0,0,0,2,0,0,5,0,0,0,44,0,1,1,0,0,0,16,0,0,0,2,0,0,0,0,0,0,0,2,7,1,1,0,0,0,0,1,0,0,0,1,0,0,1,1,0,0,3,0,1,0,0,12,0,7,0,0,0,0,18,1,1,11,0
2466,0,0,0,1,0,0,0,1,0,0,0,0,0,1,0,0,0,0,0,0,0,0,0,0,0,1,0,0,0,0,0,0,0,0,2,0,0,5,0,0,0,43,0,1,1,0,0,0,16,0,0,0,2,0,0,0,0,0,0,0,2,7,1,1,0,0,0,0,1,0,0,0,1,0,0,1,1,0,0,3,0,1,0,0,12,0,7,0,0,0,0,17,1,1,11,0
2467,0,0,0,1,0,0,0,1,0,0,0,0,0,1,0,0,0,0,0,0,0,0,0,0,0,1,0,0,0,0,0,0,0,0,2,0,0,5,0,0,0,43,0,1,1,0,0,0,16,0,0,0,2,0,0,0,0,0,0,0,2,7,1,1,0,0,0,0,1,0,0,0,1,0,0,1,1,0,0,3,0,1,0,0,11,0,7,0,0,0,0,17,1,1,11,0
2468,0,0,0,1,0,0,0,1,0,0,0,0,0,1,0,0,0,0,0,0,0,0,0,0,0,1,0,0,0,0,0,0,0,0,2,0,0,5,0,0,0,43,0,1,1,0,0,0,16,0,0,0,2,0,0,0,0,0,0,0,2,7,1,1,0,0,0,0,1,0,0,0,1,0,0,1,1,0,0,3,0,1,0,0,11,0,7,0,0,0,0,17,1,1,11,0
2469,0,0,0,1,0,0,0,1,0,0,0,0,0,1,0,0,0,0,0,0,0,0,0,0,0,1,0,0,0,0,0,0,0,0,2,0,0,6,0,0,0,42,0,1,1,0,0,0,16,0,0,0,2,0,0,0,0,0,0,0,2,7,1,1,0,0,0,0,1,0,0,0,1,0,0,1,1,0,0,3,0,1,0,0,11,0,7,0,0,0,0,16,1,1,11,0
2470,0,0,0,1,0,0,0,1,0,0,0,0,0,1,0,0,0,0,0,0,0,0,0,0,0,1,0,0,0,0,0,0,0,0,2,0,0,6,0,0,0,43,0,1,1,0,0,0,16,0,0,0,2,0,0,0,0,0,0,0,2,7,1,1,0,0,0,0,1,0,0,0,1,0,0,1,1,0,0,3,0,1,0,0,11,0,7,0,0,0,0,16,1,1,11,0
2471,0,0,0,1,0,0,0,1,0,0,0,0,0,1,0,0,0,0,0,0,0,0,0,0,0,1,0,0,0,0,0,0,0,0,2,0,0,6,0,0,0,43,0,1,1,0,0,0,17,0,0,0,2,0,0,0,0,0,0,0,2,7,1,1,0,0,0,0,1,0,0,0,1,0,0,1,1,0,0,3,0,1,0,0,11,0,8,0,0,0,0,16,1,1,11,0
2472,0,0,0,1,0,0,0,1,0,0,0,0,0,1,0,0,0,0,0,0,0,0,0,0,0,1,0,0,0,0,0,0,0,0,2,0,0,6,0,0,0,43,0,1,1,0,0,0,18,0,0,0,2,0,0,0,0,0,0,0,2,7,1,1,0,0,0,0,1,0,0,0,1,0,0,1,1,0,0,3,0,1,0,0,11,0,8,0,0,0,0,16,1,1,10,0
2473,0,0,0,1,0,0,0,1,0,0,0,0,0,1,0,0,0,0,0,0,0,0,0,0,0,1,0,0,0,0,0,0,0,0,2,0,0,6,0,0,0,43,0,1,1,0,0,0,18,0,0,0,2,0,0,0,0,0,0,0,2,7,1,1,0,0,0,0,1,0,0,0,1,0,0,1,1,0,0,3,0,1,0,0,11,0,8,0,0,0,0,16,1,1,10,0
2474,0,0,0,1,0,0,0,1,0,0,0,0,0,1,0,0,0,0,0,0,0,0,0,0,0,1,0,0,0,0,0,0,0,0,2,0,0,6,0,0,0,44,0,1,1,0,0,0,18,0,0,0,2,0,0,0,0,0,0,0,2,7,1,1,0,0,0,0,1,0,0,0,1,0,0,1,1,0,0,3,0,1,0,0,10,0,8,0,0,0,0,16,1,1,10,0
2475,0,0,0,1,0,0,0,1,0,0,0,0,0,1,0,0,0,0,0,0,0,0,0,0,0,1,0,0,0,0,0,0,0,0,2,0,0,6,0,0,0,44,0,1,1,0,0,0,18,0,0,0,2,0,0,0,0,0,0,0,2,7,1,1,0,0,0,0,1,0,0,0,1,0,0,1,1,0,0,3,0,1,0,0,10,0,8,0,0,0,0,16,1,1,10,0
2476,0,0,0,1,0,0,0,1,0,0,0,0,0,1,0,0,0,0,0,0,0,0,0,0,0,1,0,0,0,0,0,0,0,0,1,0,0,6,0,0,0,44,0,1,1,0,0,0,18,0,0,0,2,0,0,0,0,0,0,0,2,7,1,1,0,0,0,0,1,0,0,0,1,0,0,1,1,0,0,3,0,1,0,0,10,0,8,0,0,0,0,16,1,1,10,0
2477,0,0,0,1,0,0,0,1,0,0,0,0,0,1,0,0,0,0,0,0,0,0,0,0,0,1,0,0,0,0,0,0,0,0,1,0,0,6,0,0,0,44,0,1,1,0,0,0,18,0,0,0,2,0,0,0,0,0,0,0,2,7,1,1,0,0,0,0,1,0,0,0,1,0,0,1,1,0,0,3,0,1,0,0,10,0,8,0,0,0,0,16,1,1,10,0
2478,0,0,0,1,0,0,0,1,0,0,0,0,0,1,0,0,0,0,0,0,0,0,0,0,0,1,0,0,0,0,0,0,0,0,1,0,0,6,0,0,0,44,0,1,1,0,0,0,18,0,0,0,2,0,0,0,0,0,0,0,2,7,1,1,0,0,0,0,1,0,0,0,1,0,0,1,1,0,0,4,0,1,0,0,10,0,8,0,0,0,0,16,1,1,10,0
2479,0,0,0,1,0,0,0,1,0,0,0,0,0,1,0,0,0,0,0,0,0,0,0,0,0,1,0,0,0,0,0,0,0,0,1,0,0,6,0,0,0,44,0,1,0,0,0,0,18,0,0,0,2,0,0,0,0,0,0,0,2,7,1,1,0,0,0,0,1,0,0,0,1,0,0,1,1,0,0,4,0,1,0,0,10,0,8,0,0,0,0,17,1,1,10,0
2480,0,0,0,1,0,0,0,1,0,0,0,0,0,1,0,0,0,0,0,0,0,0,0,0,0,1,0,0,0,0,0,0,0,0,1,0,0,6,0,0,0,44,0,1,0,0,0,0,18,0,0,0,2,0,0,0,0,0,0,0,2,7,1,1,0,0,0,0,1,0,0,0,1,0,0,1,1,0,0,4,0,1,0,0,10,0,8,0,0,0,0,17,1,1,10,0
2481,0,0,0,1,0,0,0,1,0,0,0,0,0,1,0,0,0,0,0,0,0,0,0,0,0,1,0,0,0,0,0,0,0,0,1,0,0,6,0,0,0,44,0,1,0,0,0,0,18,0,0,0,2,0,0,0,0,0,0,0,2,7,1,1,0,0,0,0,1,0,0,0,1,0,0,1,1,0,0,4,0,1,0,0,10,0,8,0,0,0,0,17,1,1,10,0
2482,0,0,0,1,0,0,0,1,0,0,0,0,0,1,0,0,0,0,0,0,0,0,0,0,0,1,0,0,0,0,0,0,0,0,1,0,0,6,0,0,0,44,0,1,0,0,0,0,19,0,0,0,2,0,0,0,0,0,0,0,2,7,1,1,0,0,0,0,1,0,0,0,1,0,0,1,1,0,0,4,0,1,0,0,10,0,8,0,0,0,0,17,1,1,10,0
2483,0,0,0,1,0,0,0,1,0,0,0,0,0,1,0,0,0,0,0,0,0,0,0,0,0,1,0,0,0,0,0,0,0,0,1,0,0,6,0,0,0,43,0,1,0,0,0,0,19,0,0,0,2,0,0,0,0,0,0,0,2,8,1,1,0,0,0,0,1,0,0,0,1,0,0,1,1,0,0,4,0,1,0,0,10,0,7,0,0,0,0,17,1,1,10,0
2484,0,0,0,1,0,0,0,1,0,0,0,0,0,1,0,0,0,0,0,0,0,0,0,0,0,1,0,0,0,0,0,0,0,0,1,0,0,6,0,0,0,43,0,1,0,0,0,0,19,0,0,0,2,0,0,0,0,0,0,0,2,8,1,1,0,0,0,0,1,0,0,0,1,0,0,1,1,0,0,4,0,1,0,0,9,0,7,0,0,0,0,17,1,1,10,0
2485,0,0,0,1,0,0,0,1,0,0,0,0,0,1,0,0,0,0,0,0,0,0,0,0,0,1,0,0,0,0,0,0,0,0,1,0,0,6,0,0,0,43,0,1,0,0,0,0,20,0,0,0,2,0,0,0,0,0,0,0,2,8,1,1,0,0,0,0,1,0,0,0,1,0,0,1,1,0,0,4,0,1,0,0,9,0,7,0,0,0,0,16,1,1,10,0
2486,0,0,0,1,0,0,0,1,0,0,0,0,0,1,0,0,0,0,0,0,0,0,0,0,0,1,0,0,0,0,0,0,0,0,1,0,0,6,0,0,0,43,0,1,0,0,0,0,20,0,0,0,2,0,0,0,0,0,0,0,2,8,1,1,0,0,0,0,1,0,0,0,1,0,0,1,1,0,0,4,0,1,0,0,9,0,7,0,0,0,0,16,1,1,10,0
2487,0,0,0,1,0,0,0,1,0,0,0,0,0,1,0,0,0,0,0,0,0,0,0,0,0,1,0,0,0,0,0,0,0,0,1,0,0,6,0,0,0,43,0,1,0,0,0,0,20,0,0,0,2,0,0,0,0,0,0,0,2,8,1,1,0,0,0,0,1,0,0,0,1,0,0,1,1,0,0,4,0,1,0,0,9,0,7,0,0,0,0,16,1,1,10,0
2488,0,0,0,1,0,0,0,1,0,0,0,0,0,0,0,0,0,0,0,0,0,0,0,0,0,1,0,0,0,0,0,0,0,0,1,0,0,6,0,0,0,44,0,1,0,0,0,0,20,0,0,0,2,0,0,0,0,0,0,0,2,8,1,1,0,0,0,0,1,0,0,0,1,0,0,1,1,0,0,4,0,1,0,0,9,0,7,0,0,0,0,16,1,1,10,0
2489,0,0,0,1,0,0,0,1,0,0,0,0,0,0,0,0,0,0,0,0,0,0,0,0,0,1,0,0,0,0,0,0,0,0,1,0,0,6,0,0,0,44,0,1,0,0,0,0,19,0,0,0,2,0,0,0,0,0,0,0,2,8,1,1,0,0,0,0,1,0,0,0,0,0,0,1,1,0,0,4,0,1,0,0,9,0,7,0,0,0,0,16,1,1,10,0
2490,0,0,0,1,0,0,0,1,0,0,0,0,0,0,0,0,0,0,0,0,0,0,0,0,0,1,0,0,0,0,0,0,0,0,1,0,0,6,0,0,0,44,0,1,0,0,0,0,19,0,0,0,2,0,0,0,0,0,0,0,2,8,1,1,0,0,0,0,1,0,0,0,0,0,0,1,0,0,0,4,0,1,0,0,9,0,7,0,0,0,0,17,1,1,10,0
2491,0,0,0,1,0,0,0,1,0,0,0,0,0,0,0,0,0,0,0,0,0,0,0,0,0,1,0,0,0,0,0,0,0,0,1,0,0,6,0,0,0,43,0,1,0,0,0,0,19,0,0,0,2,0,0,0,0,0,0,0,2,8,1,1,0,0,0,0,1,0,0,0,0,0,0,1,0,0,0,4,0,1,0,0,9,0,7,0,0,0,0,17,1,1,10,0
2492,0,0,0,1,0,0,0,1,0,0,0,0,0,0,0,0,0,0,0,0,0,0,0,0,0,1,0,0,0,0,0,0,0,0,1,0,0,6,0,0,0,43,0,1,0,0,0,0,19,0,0,0,2,0,0,0,0,0,0,0,2,8,1,1,0,0,0,0,1,0,0,0,0,0,0,1,0,0,0,4,0,1,0,0,9,0,7,0,0,0,0,17,1,1,10,0
2493,0,0,0,1,0,0,0,0,0,0,0,0,0,0,0,0,0,0,0,0,0,0,0,0,0,1,0,0,0,0,0,0,0,0,1,0,0,6,0,0,0,43,0,1,0,0,0,0,19,0,0,0,2,0,0,0,0,0,0,0,1,9,1,1,0,0,0,0,1,0,0,0,0,0,0,1,0,0,0,4,0,1,0,0,9,0,7,0,0,0,0,17,1,1,10,0
2494,0,0,0,1,0,0,0,0,0,0,0,0,0,0,0,0,0,0,0,0,0,0,0,0,0,1,0,0,0,0,0,0,0,0,1,0,0,6,0,0,0,43,0,1,0,0,0,0,19,0,0,0,2,0,0,0,0,0,0,0,1,9,1,1,0,0,0,0,1,0,0,0,0,0,0,1,0,0,0,4,0,1,0,0,8,0,7,0,0,0,0,17,1,1,10,0
2495,0,0,0,1,0,0,0,0,0,0,0,0,0,0,0,0,0,0,0,0,0,0,0,0,0,1,0,0,0,0,0,0,0,0,1,0,0,6,0,0,0,44,0,1,0,0,0,0,19,0,0,0,2,0,0,0,0,0,0,0,1,9,1,1,0,0,0,0,1,0,0,0,0,0,0,1,0,0,0,4,0,1,0,0,9,0,7,0,0,0,0,17,1,1,10,0
2496,0,0,0,1,0,0,0,0,0,0,0,0,0,0,0,0,0,0,0,0,0,0,0,0,0,1,0,0,0,0,0,0,0,0,1,0,0,6,0,0,0,44,0,1,0,0,0,0,18,0,0,0,2,0,0,0,0,0,0,0,1,9,1,1,0,0,0,0,1,0,0,0,0,0,0,1,0,0,0,4,0,1,0,0,9,0,7,0,0,0,0,17,0,1,10,0
2497,0,0,0,1,0,0,0,0,0,0,0,0,0,0,0,0,0,0,0,0,0,0,0,0,0,1,0,0,0,0,0,0,0,0,1,0,0,6,0,0,0,44,0,1,0,0,0,0,18,0,0,0,2,0,0,0,0,0,0,0,1,9,1,1,0,0,0,0,1,0,0,0,0,0,0,1,0,0,0,4,0,1,0,0,9,0,7,0,0,0,0,17,0,1,10,0
2498,0,0,0,1,0,0,0,0,0,0,0,0,0,0,0,0,0,0,0,0,0,0,0,0,0,1,0,0,0,0,0,0,0,0,1,0,0,5,0,0,0,45,0,1,0,0,0,0,18,0,0,0,2,0,0,0,0,0,0,0,1,9,1,1,0,0,0,0,1,0,0,0,0,0,0,1,0,0,0,4,0,1,0,0,9,0,7,0,0,0,0,16,0,1,10,0
2499,0,0,0,1,0,0,0,0,0,0,0,0,0,0,0,0,0,0,0,0,0,0,0,0,0,1,0,0,0,0,0,0,0,0,1,0,0,5,0,0,0,45,0,1,0,0,0,0,18,0,0,0,2,0,0,0,0,0,0,0,1,9,1,1,0,0,0,0,1,0,0,0,0,0,0,1,0,0,0,4,0,1,0,0,9,0,8,0,0,0,0,16,0,1,10,0
2500,0,0,0,1,0,0,0,0,0,0,0,0,0,0,0,0,0,0,0,0,0,0,0,0,0,1,0,0,0,0,0,0,0,0,1,0,0,5,0,0,0,46,0,1,0,0,0,0,19,0,0,0,2,0,0,0,0,0,0,0,1,9,1,1,0,0,0,0,1,0,0,0,0,0,0,1,0,0,0,4,0,1,0,0,9,0,8,0,0,0,0,16,0,1,10,0
2501,0,0,0,1,0,0,0,0,0,0,0,0,0,0,0,0,0,0,0,0,0,0,0,0,0,1,0,0,0,0,0,0,0,0,1,0,0,5,0,0,0,46,0,1,0,0,0,0,18,0,0,0,2,0,0,0,0,0,0,0,1,9,1,1,0,0,0,0,1,0,0,0,0,0,0,1,0,0,0,4,0,1,0,0,9,0,8,0,0,0,0,16,0,1,9,0
2502,0,0,0,1,0,0,0,0,0,0,0,0,0,0,0,0,0,0,0,0,0,0,0,0,0,1,0,0,0,0,0,0,0,0,1,0,0,5,0,0,0,47,0,1,0,0,0,0,18,0,0,0,2,0,0,0,0,0,0,0,1,9,1,1,0,0,0,0,1,0,0,0,0,0,0,1,0,0,0,4,0,1,0,0,9,0,8,0,0,0,0,16,0,1,9,0
2503,0,0,0,1,0,0,0,0,0,0,0,0,0,0,0,0,0,0,0,0,0,0,0,0,0,1,0,0,0,0,0,0,0,0,1,0,0,5,0,0,0,47,0,1,0,0,0,0,18,0,0,0,2,0,0,0,0,0,0,0,1,9,1,1,0,0,0,0,1,0,0,0,0,0,0,1,0,0,0,4,0,1,0,0,9,0,8,0,0,0,0,16,0,1,9,0
2504,0,0,0,1,0,0,0,0,0,0,0,0,0,0,0,0,0,0,0,0,0,0,0,0,0,1,0,0,0,0,0,0,0,0,1,0,0,5,0,0,0,48,0,1,0,0,0,0,18,0,0,0,2,0,0,0,0,0,0,0,1,9,1,1,0,0,0,0,1,0,0,0,0,0,0,1,0,0,0,4,0,1,0,0,9,0,8,0,0,0,0,16,0,1,9,0
2505,0,0,0,1,0,0,0,0,0,0,0,0,0,0,0,0,0,0,0,0,0,0,0,0,0,1,0,0,0,0,0,0,0,0,1,0,0,5,0,0,0,48,0,1,0,0,0,0,18,0,0,0,2,0,0,0,0,0,0,0,1,9,1,1,0,0,0,0,1,0,0,0,0,0,0,1,0,0,0,4,0,1,0,0,9,0,8,0,0,0,0,17,0,1,9,0
2506,0,0,0,1,0,0,0,0,0,0,0,0,0,0,0,0,0,0,0,0,0,0,0,0,0,1,0,0,0,0,0,0,0,0,1,0,0,5,0,0,0,48,0,1,0,0,0,0,18,0,0,0,2,0,0,0,0,0,0,0,1,9,1,1,0,0,0,0,1,0,0,0,0,0,0,1,0,0,0,4,0,1,0,0,9,0,8,0,0,0,0,17,0,1,10,0
2507,0,0,0,1,0,0,0,0,0,0,0,0,0,0,0,0,0,0,0,0,0,0,0,0,0,1,0,0,0,0,0,0,0,0,1,0,0,5,0,0,0,49,0,1,0,0,0,0,18,0,0,0,2,0,0,0,0,0,0,0,1,9,1,1,0,0,0,0,1,0,0,0,0,0,0,1,0,0,0,4,0,1,0,0,9,0,8,0,0,0,0,17,0,1,10,0
2508,0,0,0,1,0,0,0,0,0,0,0,0,0,0,0,0,0,0,0,0,0,0,0,0,0,1,0,0,0,0,0,0,0,0,1,0,0,5,0,0,0,49,0,1,0,0,0,0,18,0,0,0,2,0,0,0,0,0,0,0,1,9,0,1,0,0,0,0,1,0,0,0,0,0,0,1,0,0,0,4,0,1,0,0,9,0,8,0,0,0,0,17,0,1,9,0
2509,0,0,0,1,0,0,0,0,0,0,0,0,0,0,0,0,0,0,0,0,0,0,0,0,0,1,0,0,0,0,0,0,0,0,1,0,0,5,0,0,0,48,0,1,0,0,0,0,18,0,0,0,2,0,0,0,0,0,0,0,1,9,0,1,0,0,0,0,1,0,0,0,0,0,0,1,0,0,0,4,0,1,0,0,9,0,8,0,0,0,0,17,0,1,9,0
2510,0,0,0,1,0,0,0,0,0,0,0,0,0,0,0,0,0,0,0,0,0,0,0,0,0,1,0,0,0,0,0,0,0,0,1,0,0,5,0,0,0,49,0,1,0,0,0,0,18,0,0,0,2,0,0,0,0,0,0,0,1,9,0,1,0,0,0,0,1,0,0,0,0,0,0,1,0,0,0,4,0,1,0,0,9,0,8,0,0,0,0,17,0,1,9,0
2511,0,0,0,1,0,0,0,0,0,0,0,0,0,0,0,0,0,0,0,0,0,0,0,0,0,1,0,0,0,0,0,0,0,0,1,0,0,5,0,0,0,49,0,1,0,0,0,0,18,0,0,0,1,0,0,0,0,0,0,0,1,9,0,1,0,0,0,0,1,0,0,0,0,0,0,1,0,0,0,4,0,1,0,0,9,0,8,0,0,0,0,17,0,1,9,0
2512,0,0,0,1,0,0,0,0,0,0,0,0,0,0,0,0,0,0,0,0,0,0,0,0,0,1,0,0,0,0,0,0,0,0,1,0,0,5,0,0,0,49,0,1,0,0,0,0,18,0,0,0,1,0,0,0,0,0,0,0,1,10,0,1,0,0,0,0,1,0,0,0,0,0,0,1,0,0,0,4,0,1,0,0,9,0,8,0,0,0,0,17,0,1,9,0
2513,0,0,0,1,0,0,0,0,0,0,0,0,0,0,0,0,0,0,0,0,0,0,0,0,0,1,0,0,0,0,0,0,0,0,1,0,0,5,0,0,0,49,0,1,0,0,0,0,18,0,0,0,1,0,0,0,0,0,0,0,1,10,0,1,0,0,0,0,1,0,0,0,0,0,0,1,0,0,0,4,0,1,0,0,9,0,8,0,0,0,0,17,0,1,9,0
2514,0,0,0,1,0,0,0,0,0,0,0,0,0,0,0,0,0,0,0,0,0,0,0,0,0,1,0,0,0,0,0,0,0,0,1,0,0,5,0,0,0,49,0,1,0,0,0,0,17,0,0,0,1,0,0,0,0,0,0,0,1,10,0,1,0,0,0,0,1,0,0,0,0,0,0,1,0,0,0,4,0,1,0,0,9,0,8,0,0,0,0,17,0,1,9,0
2515,0,0,0,1,0,0,0,0,0,0,0,0,0,0,0,0,0,0,0,0,0,0,0,0,0,1,0,0,0,0,0,0,0,0,1,0,0,5,0,0,0,49,0,1,0,0,0,0,17,0,0,0,1,0,0,0,0,0,0,0,1,10,0,1,0,0,0,0,1,0,0,0,0,0,0,1,0,0,0,4,0,1,0,0,9,0,8,0,0,0,0,17,0,1,9,0
2516,0,0,0,1,0,0,0,0,0,0,0,0,0,0,0,0,0,0,0,0,0,0,0,0,0,1,0,0,0,0,0,0,0,0,1,0,0,5,0,0,0,49,0,1,0,0,0,0,17,0,0,0,1,0,0,0,0,0,0,0,1,10,0,1,0,0,0,0,1,0,0,0,0,0,0,1,0,0,0,4,0,1,0,0,9,0,8,0,0,0,0,17,0,1,9,0
2517,0,0,0,1,0,0,0,0,0,0,0,0,0,0,0,0,0,0,0,0,0,0,0,0,0,1,0,0,0,0,0,0,0,0,1,0,0,5,0,0,0,50,0,1,0,0,0,0,17,0,0,0,1,0,0,0,0,0,0,0,1,10,0,1,0,0,0,0,1,0,0,0,0,0,0,1,0,0,0,4,0,1,0,0,9,0,8,0,0,0,0,17,0,1,9,0
2518,0,0,0,1,0,0,0,0,0,0,0,0,0,0,0,0,0,0,0,0,0,0,0,0,0,1,0,0,0,0,0,0,0,0,1,0,0,5,0,0,0,50,0,1,0,0,0,0,18,0,0,0,1,0,0,0,0,0,0,0,1,10,0,1,0,0,0,0,1,0,0,0,0,0,0,1,0,0,0,4,0,1,0,0,9,0,8,0,0,0,0,17,0,1,9,0
2519,0,0,0,1,0,0,0,0,0,0,0,0,0,0,0,0,0,0,0,0,0,0,0,0,0,1,0,0,0,0,0,0,0,0,1,0,0,5,0,0,0,50,0,1,0,0,0,0,18,0,0,0,1,0,0,0,0,0,0,0,1,10,0,1,0,0,0,0,1,0,0,0,0,0,0,1,0,0,0,5,0,1,0,0,9,0,8,0,0,0,0,17,0,1,9,0
2520,0,0,0,1,0,0,0,0,0,0,0,0,0,0,0,0,0,0,0,0,0,0,0,0,0,1,0,0,0,0,0,0,0,0,1,0,0,5,0,0,0,49,0,1,0,0,0,0,19,0,0,0,1,0,0,0,0,0,0,0,1,9,0,1,0,0,0,0,1,0,0,0,0,0,0,1,0,0,0,5,0,1,0,0,9,0,8,0,0,0,0,17,0,1,9,0
2521,0,0,0,1,0,0,0,0,0,0,0,0,0,0,0,0,0,0,0,0,0,0,0,0,0,1,0,0,0,0,0,0,0,0,1,0,0,4,0,0,0,50,0,1,0,0,0,0,20,0,0,0,1,0,0,0,0,0,0,0,1,10,0,1,0,0,0,0,1,0,0,0,0,0,0,1,0,0,0,5,0,1,0,0,9,0,8,0,0,0,0,17,0,1,9,0
2522,0,0,0,1,0,0,0,0,0,0,0,0,0,0,0,0,0,0,0,0,0,0,0,0,0,1,0,0,0,0,0,0,0,0,1,0,0,4,0,0,0,50,0,1,0,0,0,0,20,0,0,0,1,0,0,0,0,0,0,0,1,10,0,1,0,0,0,0,1,0,0,0,0,0,0,1,0,0,0,5,0,1,0,0,9,0,7,0,0,0,0,17,0,1,9,0
2523,0,0,0,1,0,0,0,0,0,0,0,0,0,0,0,0,0,0,0,0,0,0,0,0,0,1,0,0,0,0,0,0,0,0,1,0,0,4,0,0,0,50,0,1,0,0,0,0,20,0,0,0,1,0,0,0,0,0,0,0,1,10,0,1,0,0,0,0,1,0,0,0,0,0,0,1,0,0,0,5,0,1,0,0,9,0,7,0,0,0,0,17,0,1,9,0
2524,0,0,0,1,0,0,0,0,0,0,0,0,0,0,0,0,0,0,0,0,0,0,0,0,0,1,0,0,0,0,0,0,0,0,1,0,0,4,0,0,0,50,0,1,0,0,0,0,20,0,0,0,1,0,0,0,0,0,0,0,1,10,0,1,0,0,0,0,1,0,0,0,0,0,0,1,0,0,0,5,0,1,0,0,9,0,7,0,0,0,0,17,0,1,9,0
2525,0,0,0,1,0,0,0,0,0,0,0,0,0,0,0,0,0,0,0,0,0,0,0,0,0,1,0,0,0,0,0,0,0,0,1,0,0,3,0,0,0,50,0,1,0,0,0,0,20,0,0,0,1,0,0,0,0,0,0,0,1,10,0,1,0,0,0,0,1,0,0,0,0,0,0,1,0,0,0,5,0,1,0,0,9,0,7,0,0,0,0,17,0,0,9,0
2526,0,0,0,1,0,0,0,0,0,0,0,0,0,0,0,0,0,0,0,0,0,0,0,0,0,1,0,0,0,0,0,0,0,0,1,0,0,3,0,0,0,49,0,1,0,0,0,0,20,0,0,0,1,0,0,0,0,0,0,0,1,10,0,1,0,0,0,0,1,0,0,0,0,0,0,1,0,0,0,5,0,1,0,0,9,0,7,0,0,0,0,17,0,0,10,0
2527,0,0,0,1,0,0,0,0,0,0,0,0,0,0,0,0,0,0,0,0,0,0,0,0,0,1,0,0,0,0,0,0,0,0,1,0,0,3,0,0,0,50,0,1,0,0,0,0,20,0,0,0,1,0,0,0,0,0,0,0,1,10,0,1,0,0,0,0,1,0,0,0,0,0,0,1,0,0,0,5,0,1,0,0,9,0,7,0,0,0,0,16,0,0,10,0
2528,0,0,0,1,0,0,0,0,0,0,0,0,0,0,0,0,0,0,0,0,0,0,0,0,0,1,0,0,0,0,0,0,0,0,1,0,0,3,0,0,0,50,0,1,0,0,0,0,20,0,0,0,1,0,0,0,0,0,0,0,1,10,0,1,0,0,0,0,1,0,0,0,0,0,0,1,0,0,0,5,0,1,0,0,9,0,7,0,0,0,0,16,0,0,10,0
2529,0,0,0,1,0,0,0,0,0,0,0,0,0,0,0,0,0,0,0,0,0,0,0,0,0,1,0,0,0,0,0,0,0,0,1,0,0,3,0,0,0,50,0,1,0,0,0,0,20,0,0,0,1,0,0,0,0,0,0,0,1,10,0,1,0,0,0,0,1,0,0,0,0,0,0,1,0,0,0,5,0,1,0,0,9,0,7,0,0,0,0,16,0,0,10,0
2530,0,0,0,1,0,0,0,0,0,0,0,0,0,0,0,0,0,0,0,0,0,0,0,0,0,1,0,0,0,0,0,0,0,0,1,0,0,3,0,0,0,51,0,1,0,0,0,0,21,0,0,0,1,0,0,0,0,0,0,0,1,10,0,1,0,0,0,0,1,0,0,0,0,0,0,1,0,0,0,5,0,1,0,0,9,0,7,0,0,0,0,16,0,0,10,0
2531,0,0,0,1,0,0,0,0,0,0,0,0,0,0,0,0,0,0,0,0,0,0,0,0,0,1,0,0,0,0,0,0,0,0,1,0,0,3,0,0,0,51,0,1,0,0,0,0,21,0,0,0,1,0,0,0,0,0,0,0,1,10,0,1,0,0,0,0,1,0,0,0,0,0,0,1,0,0,0,5,0,1,0,0,9,0,7,0,0,0,0,16,0,0,10,0
2532,0,0,0,1,0,0,0,0,0,0,0,0,0,0,0,0,0,0,0,0,0,0,0,0,0,1,0,0,0,0,0,0,0,0,1,0,0,3,0,0,0,51,0,1,0,0,0,0,20,0,0,0,1,0,0,0,0,0,0,0,1,10,0,1,0,0,0,0,1,0,0,0,0,0,0,1,0,0,0,5,0,1,0,0,9,0,7,0,0,0,0,16,0,0,10,0
2533,0,0,0,1,0,0,0,0,0,0,0,0,0,0,0,0,0,0,0,0,0,0,0,0,0,1,0,0,0,0,0,0,0,0,1,0,0,3,0,0,0,51,0,1,0,0,0,0,20,0,0,0,1,0,0,0,0,0,0,0,1,10,0,1,0,0,0,0,1,0,0,0,0,0,0,1,0,0,0,5,0,1,0,0,9,0,7,0,0,0,0,16,0,0,10,0
2534,0,0,0,1,0,0,0,0,0,0,0,0,0,0,0,0,0,0,0,0,0,0,0,0,0,1,0,0,0,0,0,0,0,0,1,0,0,3,0,0,0,51,0,1,0,0,0,0,20,0,0,0,1,0,0,0,0,0,0,0,1,10,0,1,0,0,0,0,1,0,0,0,0,0,0,1,0,0,0,5,0,1,0,0,9,0,7,0,0,0,0,15,0,0,10,0
2535,0,0,0,1,0,0,0,0,0,0,0,0,0,0,0,0,0,0,0,0,0,0,0,0,0,1,0,0,0,0,0,0,0,0,1,0,0,3,0,0,0,51,0,1,0,0,0,0,20,0,0,0,1,0,0,0,0,0,0,0,1,12,0,1,0,0,0,0,1,0,0,0,0,0,0,1,0,0,0,5,0,1,0,0,9,0,7,0,0,0,0,15,0,0,10,0
2536,0,0,0,1,0,0,0,0,0,0,0,0,0,0,0,0,0,0,0,0,0,0,0,0,0,1,0,0,0,0,0,0,0,0,1,0,0,2,0,0,0,51,0,1,0,0,0,0,20,0,0,0,1,0,0,0,0,0,0,0,1,13,0,1,0,0,0,0,1,0,0,0,0,0,0,1,0,0,0,5,0,1,0,0,9,0,7,0,0,0,0,15,0,0,10,0
2537,0,0,0,1,0,0,0,0,0,0,0,0,0,0,0,0,0,0,0,0,0,0,0,0,0,1,0,0,0,0,0,0,0,0,1,0,0,2,0,0,0,51,0,1,0,0,0,0,20,0,0,0,1,0,0,0,0,0,0,0,1,13,0,1,0,0,0,0,1,0,0,0,0,0,0,1,0,0,0,5,0,1,0,0,9,0,7,0,0,0,0,15,0,0,10,0
2538,0,0,0,1,0,0,0,0,0,0,0,0,0,0,0,0,0,0,0,0,0,0,0,0,0,1,0,0,0,0,0,0,0,0,1,0,0,2,0,0,0,50,0,1,0,0,0,0,20,0,0,0,1,0,0,0,0,0,0,0,1,13,0,1,0,0,0,0,1,0,0,0,0,0,0,1,0,0,0,5,0,1,0,0,9,0,7,0,0,0,0,15,0,0,10,0
2539,0,0,0,1,0,0,0,0,0,0,0,0,0,0,0,0,0,0,0,0,0,0,0,0,0,1,0,0,0,0,0,0,0,0,1,0,0,2,0,0,0,50,0,1,0,0,0,0,20,0,0,0,1,0,0,0,0,0,0,0,1,13,0,1,0,0,0,0,1,0,0,0,0,0,0,1,0,0,0,4,0,1,0,0,9,0,7,0,0,0,0,14,0,0,10,0
2540,0,0,0,1,0,0,0,0,0,0,0,0,0,0,0,0,0,0,0,0,0,0,0,0,0,1,0,0,0,0,0,0,0,0,1,0,0,2,0,0,0,50,0,1,0,0,0,0,20,0,0,0,1,0,0,0,0,0,0,0,1,13,0,1,0,0,0,0,1,0,0,0,0,0,0,1,0,0,0,4,0,1,0,0,9,0,7,0,0,0,0,14,0,0,10,0
2541,0,0,0,1,0,0,0,0,0,0,0,0,0,0,0,0,0,0,0,0,0,0,0,0,0,1,0,0,0,0,0,0,0,0,1,0,0,2,0,0,0,50,0,1,0,0,0,0,20,0,0,0,1,0,0,0,0,0,0,0,1,13,0,1,0,0,0,0,1,0,0,0,0,0,0,1,0,0,0,4,0,1,0,0,9,0,7,0,0,0,0,14,0,0,10,0
2542,0,0,0,1,0,0,0,0,0,0,0,0,0,0,0,0,0,0,0,0,0,0,0,0,0,1,0,0,0,0,0,0,0,0,1,0,0,2,0,0,0,50,0,1,0,0,0,0,20,0,0,0,1,0,0,0,0,0,0,0,1,13,0,1,0,0,0,0,1,0,0,0,0,0,0,1,0,0,0,4,0,1,0,0,9,0,7,0,0,0,0,14,0,0,10,0
2543,0,0,0,1,0,0,0,0,0,0,0,0,0,0,0,0,0,0,0,0,0,0,0,0,0,1,0,0,0,0,0,0,0,0,1,0,0,2,0,0,0,50,0,1,0,0,0,0,20,0,0,0,1,0,0,0,0,0,0,0,1,12,0,1,0,0,0,0,1,0,0,0,0,0,0,1,0,0,0,4,0,1,0,0,9,0,7,0,0,0,0,14,0,0,10,0
2544,0,0,0,1,0,0,0,0,0,0,0,0,0,0,0,0,0,0,0,0,0,0,0,0,0,1,0,0,0,0,0,0,0,0,1,0,0,2,0,0,0,51,0,1,0,0,0,0,20,0,0,0,1,0,0,0,0,0,0,0,1,12,0,1,0,0,0,0,1,0,0,0,0,0,0,1,0,0,0,4,0,1,0,0,9,0,7,0,0,0,0,14,0,0,10,0
2545,0,0,0,1,0,0,0,0,0,0,0,0,0,0,0,0,0,0,0,0,0,0,0,0,0,1,0,0,0,0,0,0,0,0,1,0,0,2,0,0,0,51,0,1,0,0,0,0,20,0,0,0,1,0,0,0,0,0,0,0,1,12,0,1,0,0,0,0,1,0,0,0,0,0,0,1,0,0,0,4,0,1,0,0,9,0,8,0,0,0,0,14,0,0,11,0
2546,0,0,0,1,0,0,0,0,0,0,0,0,0,0,0,0,0,0,0,0,0,0,0,0,0,1,0,0,0,0,0,0,0,0,1,0,0,2,0,0,0,51,0,1,0,0,0,0,20,0,0,0,1,0,0,0,0,0,0,0,1,12,0,1,0,0,0,0,1,0,0,0,0,0,0,1,0,0,0,4,0,1,0,0,9,0,8,0,0,0,0,14,0,0,11,0
2547,0,0,0,1,0,0,0,0,0,0,0,0,0,0,0,0,0,0,0,0,0,0,0,0,0,1,0,0,0,0,0,0,0,0,1,0,0,2,0,0,0,51,0,1,0,0,0,0,20,0,0,0,1,0,0,0,0,0,0,0,1,12,0,1,0,0,0,0,1,0,0,0,0,0,0,1,0,0,0,4,0,1,0,0,9,0,8,0,0,0,0,14,0,0,11,0
2548,0,0,0,1,0,0,0,0,0,0,0,0,0,0,0,0,0,0,0,0,0,0,0,0,0,1,0,0,0,0,0,0,0,0,1,0,0,2,0,0,0,51,0,1,0,0,0,0,20,0,0,0,1,0,0,0,0,0,0,0,1,12,0,1,0,0,0,0,1,0,0,0,0,0,0,1,0,0,0,4,0,1,0,0,9,0,8,0,0,0,0,14,0,0,11,0
2549,0,0,0,1,0,0,0,0,0,0,0,0,0,0,0,0,0,0,0,0,0,0,0,0,0,1,0,0,0,0,0,0,0,0,1,0,0,2,0,0,0,51,0,1,0,0,0,0,20,0,0,0,1,0,0,0,0,0,0,0,1,12,0,1,0,0,0,0,1,0,0,0,0,0,0,1,0,0,0,3,0,1,0,0,9,0,8,0,0,0,0,14,0,0,11,0
2550,0,0,0,1,0,0,0,0,0,0,0,0,0,0,0,0,0,0,0,0,0,0,0,0,0,1,0,0,0,0,0,0,0,0,1,0,0,2,0,0,0,50,0,1,0,0,0,0,20,0,0,0,1,0,0,0,0,0,0,0,1,12,0,1,0,0,0,0,1,0,0,0,0,0,0,1,0,0,0,3,0,1,0,0,9,0,8,0,0,0,0,14,0,0,11,0
2551,0,0,0,1,0,0,0,0,0,0,0,0,0,0,0,0,0,0,0,0,0,0,0,0,0,1,0,0,0,0,0,0,0,0,1,0,0,2,0,0,0,50,0,1,0,0,0,0,20,0,0,0,1,0,0,0,0,0,0,0,1,12,0,1,0,0,0,0,1,0,0,0,0,0,0,1,0,0,0,3,0,1,0,0,9,0,8,0,0,0,0,14,0,0,11,0
2552,0,0,0,1,0,0,0,0,0,0,0,0,0,0,0,0,0,0,0,0,0,0,0,0,0,1,0,0,0,0,0,0,0,0,1,0,0,2,0,0,0,51,0,1,0,0,0,0,20,0,0,0,1,0,0,0,0,0,0,0,1,12,0,1,0,0,0,0,1,0,0,0,0,0,0,1,0,0,0,3,0,1,0,0,9,0,8,0,0,0,0,14,0,0,11,0
2553,0,0,0,1,0,0,0,0,0,0,0,0,0,0,0,0,0,0,0,0,0,0,0,0,0,1,0,0,0,0,0,0,0,0,1,0,0,2,0,0,0,50,0,1,0,0,0,0,20,0,0,0,1,0,0,0,0,0,0,0,1,12,0,1,0,0,0,0,1,0,0,0,0,0,0,1,0,0,0,3,0,1,0,0,9,0,8,0,0,0,0,15,0,0,11,0
2554,0,0,0,1,0,0,0,0,0,0,0,0,0,0,0,0,0,0,0,0,0,0,0,0,0,1,0,0,0,0,0,0,0,0,1,0,0,2,0,0,0,49,0,1,0,0,0,0,20,0,0,0,1,0,0,0,0,0,0,0,1,12,0,1,0,0,0,0,1,0,0,0,0,0,0,1,0,0,0,3,0,1,0,0,9,0,8,0,0,0,0,15,0,0,11,0
2555,0,0,0,1,0,0,0,0,0,0,0,0,0,0,0,0,0,0,0,0,0,0,0,0,0,1,0,0,0,0,0,0,0,0,1,0,0,2,0,0,0,49,0,1,0,0,0,0,20,0,0,0,1,0,0,0,0,0,0,0,1,12,0,1,0,0,0,0,1,0,0,0,0,0,0,1,0,0,0,3,0,1,0,0,9,0,8,0,0,0,0,15,0,0,11,0
2556,0,0,0,1,0,0,0,0,0,0,0,0,0,0,0,0,0,0,0,0,0,0,0,0,0,1,0,0,0,0,0,0,0,0,1,0,0,2,0,0,0,48,0,1,0,0,0,0,20,0,0,0,1,0,0,0,0,0,0,0,1,12,0,1,0,0,0,0,1,0,0,0,0,0,0,1,0,0,0,3,0,1,0,0,9,0,8,0,0,0,0,15,0,0,11,0
2557,0,0,0,1,0,0,0,0,0,0,0,0,0,0,0,0,0,0,0,0,0,0,0,0,0,1,0,0,0,0,0,0,0,0,1,0,0,2,0,0,0,48,0,1,0,0,0,0,20,0,0,0,1,0,0,0,0,0,0,0,1,12,0,1,0,0,0,0,1,0,0,0,0,0,0,1,0,0,0,3,0,1,0,0,9,0,8,0,0,0,0,15,0,0,11,0
2558,0,0,0,1,0,0,0,0,0,0,0,0,0,0,0,0,0,0,0,0,0,0,0,0,0,1,0,0,0,0,0,0,0,0,1,0,0,2,0,0,0,48,0,1,0,0,0,0,20,0,0,0,1,0,0,0,0,0,0,0,1,12,0,1,0,0,0,0,1,0,0,0,0,0,0,1,0,0,0,3,0,1,0,0,9,0,8,0,0,0,0,15,0,0,11,0
2559,0,0,0,1,0,0,0,0,0,0,0,0,0,0,0,0,0,0,0,0,0,0,0,0,0,1,0,0,0,0,0,0,0,0,1,0,0,2,0,0,0,48,0,1,0,0,0,0,21,0,0,0,1,0,0,0,0,0,0,0,1,13,0,1,0,0,0,0,1,0,0,0,0,0,0,1,0,0,0,3,0,1,0,0,9,0,8,0,0,0,0,15,0,0,11,0
2560,0,0,0,1,0,0,0,0,0,0,0,0,0,0,0,0,0,0,0,0,0,0,0,0,0,1,0,0,0,0,0,0,0,0,1,0,0,2,0,0,0,47,0,1,0,0,0,0,21,0,0,0,1,0,0,0,0,0,0,0,1,13,0,1,0,0,0,0,1,0,0,0,0,0,0,0,0,0,0,3,0,1,0,0,9,0,8,0,0,0,0,15,0,0,12,0
2561,0,0,0,1,0,0,0,0,0,0,0,0,0,0,0,0,0,0,0,0,0,0,0,0,0,1,0,0,0,0,0,0,0,0,1,0,0,2,0,0,0,47,0,1,0,0,0,0,21,0,0,0,1,0,0,0,0,0,0,0,1,13,0,1,0,0,0,0,1,0,0,0,0,0,0,0,0,0,0,3,0,1,0,0,9,0,8,0,0,0,0,14,0,0,12,0
2562,0,0,0,1,0,0,0,0,0,0,0,0,0,0,0,0,0,0,0,0,0,0,0,0,0,1,0,0,0,0,0,0,0,0,1,0,0,2,0,0,0,47,0,1,0,0,0,0,21,0,0,0,1,0,0,0,0,0,0,0,1,13,0,1,0,0,0,0,1,0,0,0,0,0,0,0,0,0,0,3,0,1,0,0,9,0,8,0,0,0,0,14,0,0,12,0
2563,0,0,0,1,0,0,0,0,0,0,0,0,0,0,0,0,0,0,0,0,0,0,0,0,0,1,0,0,0,0,0,0,0,0,1,0,0,2,0,0,0,47,0,1,0,0,0,0,21,0,0,0,1,0,0,0,0,0,0,0,1,13,0,1,0,0,0,0,1,0,0,0,0,0,0,0,0,0,0,3,0,1,0,0,9,0,8,0,0,0,0,14,0,0,12,0
2564,0,0,0,1,0,0,0,0,0,0,0,0,0,0,0,0,0,0,0,0,0,0,0,0,0,1,0,0,0,0,0,0,0,0,1,0,0,2,0,0,0,47,0,1,0,0,0,0,21,0,0,0,1,0,0,0,0,0,0,0,1,13,0,1,0,0,0,0,1,0,0,0,0,0,0,0,0,0,0,3,0,1,0,0,9,0,8,0,0,0,0,14,0,0,12,0
2565,0,0,0,1,0,0,0,0,0,0,0,0,0,0,0,0,0,0,0,0,0,0,0,0,0,1,0,0,0,0,0,0,0,0,1,0,0,2,0,0,0,47,0,1,0,0,0,0,21,0,0,0,1,0,0,0,0,0,0,0,1,13,0,1,0,0,0,0,1,0,0,0,0,0,0,0,0,0,0,3,0,1,0,0,9,0,8,0,0,0,0,14,0,0,12,0
2566,0,0,0,1,0,0,0,0,0,0,0,0,0,0,0,0,0,0,0,0,0,0,0,0,0,1,0,0,0,0,0,0,0,0,1,0,0,2,0,0,0,47,0,1,0,0,0,0,21,0,0,0,1,0,0,0,0,0,0,0,1,13,0,1,0,0,0,0,1,0,0,0,0,0,0,0,0,0,0,3,0,1,0,0,9,0,8,0,0,0,0,14,0,0,12,0
2567,0,0,0,1,0,0,0,0,0,0,0,0,0,0,0,0,0,0,0,0,0,0,0,0,0,1,0,0,0,0,0,0,0,0,1,0,0,2,0,0,0,47,0,1,0,0,0,0,21,0,0,0,1,0,0,0,0,0,0,0,1,13,0,1,0,0,0,0,1,0,0,0,0,0,0,0,0,0,0,3,0,1,0,0,9,0,8,0,0,0,0,14,0,0,12,0
2568,0,0,0,1,0,0,0,0,0,0,0,0,0,0,0,0,0,0,0,0,0,0,0,0,0,1,0,0,0,0,0,0,0,0,1,0,0,2,0,0,0,47,0,1,0,0,0,0,20,0,0,0,1,0,0,0,0,0,0,0,1,13,0,1,0,0,0,0,1,0,0,0,0,0,0,0,0,0,0,3,0,1,0,0,9,0,9,0,0,0,0,13,0,0,12,0
2569,0,0,0,1,0,0,0,0,0,0,0,0,0,0,0,0,0,0,0,0,0,0,0,0,0,1,0,0,0,0,0,0,0,0,1,0,0,2,0,0,0,46,0,1,0,0,0,0,20,0,0,0,1,0,0,0,0,0,0,0,1,14,0,1,0,0,0,0,1,0,0,0,0,0,0,0,0,0,0,3,0,1,0,0,9,0,9,0,0,0,0,13,0,0,12,0
2570,0,0,0,1,0,0,0,0,0,0,0,0,0,0,0,0,0,0,0,0,0,0,0,0,0,1,0,0,0,0,0,0,0,0,1,0,0,2,0,0,0,47,0,1,0,0,0,0,21,0,0,0,1,0,0,0,0,0,0,0,1,14,0,0,0,0,0,0,1,0,0,0,0,0,0,0,0,0,0,3,0,1,0,0,9,0,9,0,0,0,0,13,0,0,12,0
2571,0,0,0,1,0,0,0,0,0,0,0,0,0,0,0,0,0,0,0,0,0,0,0,0,0,1,0,0,0,0,0,0,0,0,1,0,0,2,0,0,0,47,0,1,0,0,0,0,21,0,0,0,1,0,0,0,0,0,0,0,1,14,0,0,0,0,0,0,1,0,0,0,0,0,0,0,0,0,0,3,0,1,0,0,9,0,9,0,0,0,0,13,0,0,12,0
2572,0,0,0,1,0,0,0,0,0,0,0,0,0,0,0,0,0,0,0,0,0,0,0,0,0,1,0,0,0,0,0,0,0,0,1,0,0,2,0,0,0,47,0,1,0,0,0,0,21,0,0,0,1,0,0,0,0,0,0,0,1,14,0,0,0,0,0,0,1,0,0,0,0,0,0,0,0,0,0,3,0,1,0,0,9,0,9,0,0,0,0,13,0,0,12,0
2573,0,0,0,1,0,0,0,0,0,0,0,0,0,0,0,0,0,0,0,0,0,0,0,0,0,1,0,0,0,0,0,0,0,0,1,0,0,2,0,0,0,48,0,1,0,0,0,0,21,0,0,0,1,0,0,0,0,0,0,0,1,14,0,0,0,0,0,0,1,0,0,0,0,0,0,0,0,0,0,3,0,1,0,0,9,0,9,0,0,0,0,13,0,0,12,0
2574,0,0,0,1,0,0,0,0,0,0,0,0,0,0,0,0,0,0,0,0,0,0,0,0,0,1,0,0,0,0,0,0,0,0,1,0,0,2,0,0,0,48,0,1,0,0,0,0,22,0,0,0,1,0,0,0,0,0,0,0,1,15,0,0,0,0,0,0,1,0,0,0,0,0,0,0,0,0,0,3,0,1,0,0,9,0,9,0,0,0,0,13,0,0,12,0
2575,0,0,0,1,0,0,0,0,0,0,0,0,0,0,0,0,0,0,0,0,0,0,0,0,0,1,0,0,0,0,0,0,0,0,1,0,0,2,0,0,0,48,0,1,0,0,0,0,22,0,0,0,1,0,0,0,0,0,0,0,1,15,0,0,0,0,0,0,1,0,0,0,0,0,0,0,0,0,0,3,0,1,0,0,9,0,9,0,0,0,0,13,0,0,12,0
2576,0,0,0,1,0,0,0,0,0,0,0,0,0,0,0,0,0,0,0,0,0,0,0,0,0,1,0,0,0,0,0,0,0,0,1,0,0,2,0,0,0,48,0,1,0,0,0,0,22,0,0,0,1,0,0,0,0,0,0,0,1,15,0,0,0,0,0,0,1,0,0,0,0,0,0,0,0,0,0,3,0,1,0,0,9,0,9,0,0,0,0,13,0,0,12,0
2577,0,0,0,1,0,0,0,0,0,0,0,0,0,0,0,0,0,0,0,0,0,0,0,0,0,1,0,0,0,0,0,0,0,0,1,0,0,2,0,0,0,50,0,1,0,0,0,0,22,0,0,0,1,0,0,0,0,0,0,0,1,14,0,0,0,0,0,0,1,0,0,0,0,0,0,0,0,0,0,3,0,1,0,0,9,0,9,0,0,0,0,13,0,0,12,0
2578,0,0,0,1,0,0,0,0,0,0,0,0,0,0,0,0,0,0,0,0,0,0,0,0,0,1,0,0,0,0,0,0,0,0,1,0,0,2,0,0,0,50,0,1,0,0,0,0,22,0,0,0,1,0,0,0,0,0,0,0,1,14,0,0,0,0,0,0,1,0,0,0,0,0,0,0,0,0,0,3,0,1,0,0,9,0,8,0,0,0,0,13,0,0,12,0
2579,0,0,0,1,0,0,0,0,0,0,0,0,0,0,0,0,0,0,0,0,0,0,0,0,0,0,0,0,0,0,0,0,0,0,1,0,0,2,0,0,0,50,0,1,0,0,0,0,22,0,0,0,1,0,0,0,0,0,0,0,1,14,0,0,0,0,0,0,1,0,0,0,0,0,0,0,0,0,0,3,0,1,0,0,9,0,8,0,0,0,0,13,0,0,12,0
2580,0,0,0,1,0,0,0,0,0,0,0,0,0,0,0,0,0,0,0,0,0,0,0,0,0,0,0,0,0,0,0,0,0,0,1,0,0,2,0,0,0,50,0,1,0,0,0,0,22,0,0,0,1,0,0,0,0,0,0,0,1,14,0,0,0,0,0,0,1,0,0,0,0,0,0,0,0,0,0,3,0,1,0,0,9,0,8,0,0,0,0,13,0,0,12,0
2581,0,0,0,1,0,0,0,0,0,0,0,0,0,0,0,0,0,0,0,0,0,0,0,0,0,0,0,0,0,0,0,0,0,0,1,0,0,2,0,0,0,50,0,1,0,0,0,0,22,0,0,0,1,0,0,0,0,0,0,0,1,14,0,0,0,0,0,0,1,0,0,0,0,0,0,0,0,0,0,3,0,1,0,0,9,0,8,0,0,0,0,13,0,0,12,0
2582,0,0,0,1,0,0,0,0,0,0,0,0,0,0,0,0,0,0,0,0,0,0,0,0,0,0,0,0,0,0,0,0,0,0,1,0,0,2,0,0,0,50,0,1,0,0,0,0,23,0,0,0,1,0,0,0,0,0,0,0,1,14,0,0,0,0,0,0,1,0,0,0,0,0,0,0,0,0,0,3,0,1,0,0,7,0,8,0,0,0,0,13,0,0,12,0
2583,0,0,0,1,0,0,0,0,0,0,0,0,0,0,0,0,0,0,0,0,0,0,0,0,0,0,0,0,0,0,0,0,0,0,1,0,0,2,0,0,0,51,0,1,0,0,0,0,23,0,0,0,1,0,0,0,0,0,0,0,1,14,0,0,0,0,0,0,1,0,0,0,0,0,0,0,0,0,0,3,0,1,0,0,7,0,8,0,0,0,0,13,0,0,12,0
2584,0,0,0,1,0,0,0,0,0,0,0,0,0,0,0,0,0,0,0,0,0,0,0,0,0,0,0,0,0,0,0,0,0,0,1,0,0,2,0,0,0,51,0,1,0,0,0,0,23,0,0,0,1,0,0,0,0,0,0,0,1,14,0,0,0,0,0,0,1,0,0,0,0,0,0,0,0,0,0,3,0,1,0,0,7,0,8,0,0,0,0,13,0,0,12,0
2585,0,0,0,1,0,0,0,0,0,0,0,0,0,0,0,0,0,0,0,0,0,0,0,0,0,0,0,0,0,0,0,0,0,0,1,0,0,2,0,0,0,51,0,1,0,0,0,0,23,0,0,0,1,0,0,0,0,0,0,0,1,14,0,0,0,0,0,0,1,0,0,0,0,0,0,0,0,0,0,3,0,1,0,0,7,0,8,0,0,0,0,13,0,0,12,0
2586,0,0,0,1,0,0,0,0,0,0,0,0,0,0,0,0,0,0,0,0,0,0,0,0,0,0,0,0,0,0,0,0,0,0,1,0,0,2,0,0,0,51,0,1,0,0,0,0,23,0,0,0,1,0,0,0,0,0,0,0,1,14,0,0,0,0,0,0,1,0,0,0,0,0,0,0,0,0,0,3,0,1,0,0,7,0,8,0,0,0,0,13,0,0,12,0
2587,0,0,0,1,0,0,0,0,0,0,0,0,0,0,0,0,0,0,0,0,0,0,0,0,0,0,0,0,0,0,0,0,0,0,1,0,0,2,0,0,0,51,0,1,0,0,0,0,23,0,0,0,1,0,0,0,0,0,0,0,1,14,0,0,0,0,0,0,1,0,0,0,0,0,0,0,0,0,0,3,0,1,0,0,7,0,8,0,0,0,0,13,0,0,12,0
2588,0,0,0,1,0,0,0,0,0,0,0,0,0,0,0,0,0,0,0,0,0,0,0,0,0,0,0,0,0,0,0,0,0,0,1,0,0,2,0,0,0,51,0,1,0,0,0,0,23,0,0,0,1,0,0,0,0,0,0,0,1,14,0,0,0,0,0,0,1,0,0,0,0,0,0,0,0,0,0,3,0,1,0,0,7,0,8,0,0,0,0,13,0,0,12,0
2589,0,0,0,1,0,0,0,0,0,0,0,0,0,0,0,0,0,0,0,0,0,0,0,0,0,0,0,0,0,0,0,0,0,0,1,0,0,2,0,0,0,52,0,1,0,0,0,0,23,0,0,0,1,0,0,0,0,0,0,0,1,14,0,0,0,0,0,0,1,0,0,0,0,0,0,0,0,0,0,3,0,1,0,0,8,0,8,0,0,0,0,13,0,0,12,0
2590,0,0,0,1,0,0,0,0,0,0,0,0,0,0,0,0,0,0,0,0,0,0,0,0,0,0,0,0,0,0,0,0,0,0,1,0,0,2,0,0,0,52,0,1,0,0,0,0,23,0,0,0,1,0,0,0,0,0,0,0,1,16,0,0,0,0,0,0,1,0,0,0,0,0,0,0,0,0,0,3,0,1,0,0,8,0,8,0,0,0,0,13,0,0,12,0
2591,0,0,0,1,0,0,0,0,0,0,0,0,0,0,0,0,0,0,0,0,0,0,0,0,0,0,0,0,0,0,0,0,0,0,1,0,0,2,0,0,0,52,0,1,0,0,0,0,23,0,0,0,1,0,0,0,0,0,0,0,1,16,0,0,0,0,0,0,1,0,0,0,0,0,0,0,0,0,0,3,0,1,0,0,8,0,8,0,0,0,0,13,0,0,12,0
2592,0,0,0,1,0,0,0,0,0,0,0,0,0,0,0,0,0,0,0,0,0,0,0,0,0,0,0,0,0,0,0,0,0,0,1,0,0,2,0,0,0,52,0,1,0,0,0,0,23,0,0,0,1,0,0,0,0,0,0,0,1,16,0,0,0,0,0,0,1,0,0,0,0,0,0,0,0,0,0,3,0,1,0,0,8,0,8,0,0,0,0,13,0,0,12,0
2593,0,0,0,1,0,0,0,0,0,0,0,0,0,0,0,0,0,0,0,0,0,0,0,0,0,0,0,0,0,0,0,0,0,0,1,0,0,2,0,0,0,52,0,1,0,0,0,0,23,0,0,0,1,0,0,0,0,0,0,0,1,16,0,0,0,0,0,0,1,0,0,0,0,0,0,0,0,0,0,3,0,1,0,0,9,0,8,0,0,0,0,13,0,0,12,0
2594,0,0,0,1,0,0,0,0,0,0,0,0,0,0,0,0,0,0,0,0,0,0,0,0,0,0,0,0,0,0,0,0,0,0,1,0,0,2,0,0,0,51,0,1,0,0,0,0,22,0,0,0,1,0,0,0,0,0,0,0,1,16,0,0,0,0,0,0,1,0,0,0,0,0,0,0,0,0,0,3,0,1,0,0,9,0,8,0,0,0,0,13,0,0,12,0
2595,0,0,0,1,0,0,0,0,0,0,0,0,0,0,0,0,0,0,0,0,0,0,0,0,0,0,0,0,0,0,0,0,0,0,1,0,0,2,0,0,0,51,0,1,0,0,0,0,22,0,0,0,1,0,0,0,0,0,0,0,1,16,0,0,0,0,0,0,1,0,0,0,0,0,0,0,0,0,0,3,0,1,0,0,9,0,8,0,0,0,0,13,0,0,12,0
2596,0,0,0,1,0,0,0,0,0,0,0,0,0,0,0,0,0,0,0,0,0,0,0,0,0,0,0,0,0,0,0,0,0,0,1,0,0,2,0,0,0,50,0,1,0,0,0,0,22,0,0,0,1,0,0,0,0,0,0,0,1,17,0,0,0,0,0,0,1,0,0,0,0,0,0,0,0,0,0,3,0,1,0,0,9,0,8,0,0,0,0,13,0,0,12,0
2597,0,0,0,1,0,0,0,0,0,0,0,0,0,0,0,0,0,0,0,0,0,0,0,0,0,0,0,0,0,0,0,0,0,0,1,0,0,2,0,0,0,50,0,1,0,0,0,0,22,0,0,0,1,0,0,0,0,0,0,0,1,17,0,0,0,0,0,0,1,0,0,0,0,0,0,0,0,0,0,3,0,1,0,0,9,0,8,0,0,0,0,13,0,0,12,0
2598,0,0,0,1,0,0,0,0,0,0,0,0,0,0,0,0,0,0,0,0,0,0,0,0,0,0,0,0,0,0,0,0,0,0,1,0,0,2,0,0,0,50,0,1,0,0,0,0,22,0,0,0,1,0,0,0,0,0,0,0,1,17,0,0,0,0,0,0,1,0,0,0,0,0,0,0,0,0,0,3,0,1,0,0,10,0,8,0,0,0,0,13,0,0,12,0
2599,0,0,0,1,0,0,0,0,0,0,0,0,0,0,0,0,0,0,0,0,0,0,0,0,0,0,0,0,0,0,0,0,0,0,1,0,0,2,0,0,0,50,0,1,0,0,0,0,22,0,0,0,1,0,0,0,0,0,0,0,1,17,0,0,0,0,0,0,1,0,0,0,0,0,0,0,0,0,0,3,0,1,0,0,10,0,8,0,0,0,0,13,0,0,12,0
2600,0,0,0,1,0,0,0,0,0,0,0,0,0,0,0,0,0,0,0,0,0,0,0,0,0,0,0,0,0,0,0,0,0,0,1,0,0,2,0,0,0,52,0,1,0,0,0,0,22,0,0,0,1,0,0,0,0,0,0,0,1,17,0,0,0,0,0,0,1,0,0,0,0,0,0,0,0,0,0,3,0,1,0,0,10,0,8,0,0,0,0,13,0,0,12,0
2601,0,0,0,1,0,0,0,0,0,0,0,0,0,0,0,0,0,0,0,0,0,0,0,0,0,0,0,0,0,0,0,0,0,0,1,0,0,2,0,0,0,53,0,1,0,0,0,0,22,0,0,0,1,0,0,0,0,0,0,0,1,17,0,0,0,0,0,0,1,0,0,0,0,0,0,0,0,0,0,3,0,1,0,0,10,0,8,0,0,0,0,13,0,0,12,0
2602,0,0,0,1,0,0,0,0,0,0,0,0,0,0,0,0,0,0,0,0,0,0,0,0,0,0,0,0,0,0,0,0,0,0,1,0,0,2,0,0,0,53,0,1,0,0,0,0,22,0,0,0,1,0,0,0,0,0,0,0,1,17,0,0,0,0,0,0,1,0,0,0,0,0,0,0,0,0,0,3,0,1,0,0,10,0,8,0,0,0,0,13,0,0,12,0
2603,0,0,0,1,0,0,0,0,0,0,0,0,0,0,0,0,0,0,0,0,0,0,0,0,0,0,0,0,0,0,0,0,0,0,1,0,0,2,0,0,0,53,0,1,0,0,0,0,22,0,0,0,1,0,0,0,0,0,0,0,1,17,0,0,0,0,0,0,1,0,0,0,0,0,0,0,0,0,0,3,0,1,0,0,10,0,8,0,0,0,0,13,0,0,12,0
2604,0,0,0,1,0,0,0,0,0,0,0,0,0,0,0,0,0,0,0,0,0,0,0,0,0,0,0,0,0,0,0,0,0,0,1,0,0,2,0,0,0,53,0,1,0,0,0,0,22,0,0,0,1,0,0,0,0,0,0,0,1,17,0,0,0,0,0,0,1,0,0,0,0,0,0,0,0,0,0,3,0,1,0,0,10,0,8,0,0,0,0,13,0,0,12,0
2605,0,0,0,1,0,0,0,0,0,0,0,0,0,0,0,0,0,0,0,0,0,0,0,0,0,0,0,0,0,0,0,0,0,0,1,0,0,2,0,0,0,53,0,1,0,0,0,0,22,0,0,0,1,0,0,0,0,0,0,0,1,17,0,0,0,0,0,0,1,0,0,0,0,0,0,0,0,0,0,3,0,1,0,0,10,0,8,0,0,0,0,13,0,0,12,0
2606,0,0,0,1,0,0,0,0,0,0,0,0,0,0,0,0,0,0,0,0,0,0,0,0,0,0,0,0,0,0,0,0,0,0,1,0,0,2,0,0,0,53,0,1,0,0,0,0,23,0,0,0,1,0,0,0,0,0,0,0,1,17,0,0,0,0,0,0,0,0,0,0,0,0,0,0,0,0,0,3,0,1,0,0,10,0,8,0,0,0,0,13,0,0,12,0
2607,0,0,0,1,0,0,0,0,0,0,0,0,0,0,0,0,0,0,0,0,0,0,0,0,0,0,0,0,0,0,0,0,0,0,1,0,0,2,0,0,0,53,0,1,0,0,0,0,24,0,0,0,1,0,0,0,0,0,0,0,1,17,0,0,0,0,0,0,0,0,0,0,0,0,0,0,0,0,0,3,0,1,0,0,10,0,8,0,0,0,0,13,0,0,12,0
2608,0,0,0,1,0,0,0,0,0,0,0,0,0,0,0,0,0,0,0,0,0,0,0,0,0,0,0,0,0,0,0,0,0,0,1,0,0,2,0,0,0,52,0,1,0,0,0,0,24,0,0,0,1,0,0,0,0,0,0,0,1,17,0,0,0,0,0,0,0,0,0,0,0,0,0,0,0,0,0,3,0,1,0,0,10,0,8,0,0,0,0,13,0,0,12,0
2609,0,0,0,1,0,0,0,0,0,0,0,0,0,0,0,0,0,0,0,0,0,0,0,0,0,0,0,0,0,0,0,0,0,0,1,0,0,2,0,0,0,52,0,1,0,0,0,0,24,0,0,0,1,0,0,0,0,0,0,0,1,17,0,0,0,0,0,0,0,0,0,0,0,0,0,0,0,0,0,3,0,1,0,0,10,0,8,0,0,0,0,13,0,0,12,0
2610,0,0,0,1,0,0,0,0,0,0,0,0,0,0,0,0,0,0,0,0,0,0,0,0,0,0,0,0,0,0,0,0,0,0,1,0,0,2,0,0,0,52,0,1,0,0,0,0,24,0,0,0,1,0,0,0,0,0,0,0,1,17,0,0,0,0,0,0,0,0,0,0,0,0,0,0,0,0,0,3,0,1,0,0,10,0,8,0,0,0,0,13,0,0,12,0
2611,0,0,0,1,0,0,0,0,0,0,0,0,0,0,0,0,0,0,0,0,0,0,0,0,0,0,0,0,0,0,0,0,0,0,1,0,0,2,0,0,0,52,0,1,0,0,0,0,24,0,0,0,1,0,0,0,0,0,0,0,1,17,0,0,0,0,0,0,0,0,0,0,0,0,0,0,0,0,0,3,0,1,0,0,9,0,8,0,0,0,0,13,0,0,12,0
2612,0,0,0,0,0,0,0,0,0,0,0,0,0,0,0,0,0,0,0,0,0,0,0,0,0,0,0,0,0,0,0,0,0,0,1,0,0,2,0,0,0,52,0,1,0,0,0,0,24,0,0,0,1,0,0,0,0,0,0,0,1,17,0,0,0,0,0,0,0,0,0,0,0,0,0,0,0,0,0,3,0,1,0,0,9,0,8,0,0,0,0,13,0,0,12,0
2613,0,0,0,0,0,0,0,0,0,0,0,0,0,0,0,0,0,0,0,0,0,0,0,0,0,0,0,0,0,0,0,0,0,0,1,0,0,2,0,0,0,52,0,1,0,0,0,0,24,0,0,0,1,0,0,0,0,0,0,0,1,17,0,0,0,0,0,0,0,0,0,0,0,0,0,0,0,0,0,3,0,1,0,0,9,0,8,0,0,0,0,13,0,0,12,0
2614,0,0,0,0,0,0,0,0,0,0,0,0,0,0,0,0,0,0,0,0,0,0,0,0,0,0,0,0,0,0,0,0,0,0,1,0,0,2,0,0,0,52,0,1,0,0,0,0,25,0,0,0,1,0,0,0,0,0,0,0,1,16,0,0,0,0,0,0,0,0,0,0,0,0,0,0,0,0,0,3,0,1,0,0,9,0,8,0,0,0,0,13,0,0,12,0
2615,0,0,0,0,0,0,0,0,0,0,0,0,0,0,0,0,0,0,0,0,0,0,0,0,0,0,0,0,0,0,0,0,0,0,1,0,0,2,0,0,0,51,0,1,0,0,0,0,25,0,0,0,1,0,0,0,0,0,0,0,1,16,0,0,0,0,0,0,0,0,0,0,0,0,0,0,0,0,0,3,0,1,0,0,9,0,8,0,0,0,0,13,0,0,12,0
2616,0,0,0,0,0,0,0,0,0,0,0,0,0,0,0,0,0,0,0,0,0,0,0,0,0,0,0,0,0,0,0,0,0,0,1,0,0,2,0,0,0,50,0,1,0,0,0,0,25,0,0,0,1,0,0,0,0,0,0,0,1,16,0,0,0,0,0,0,0,0,0,0,0,0,0,0,0,0,0,3,0,1,0,0,10,0,8,0,0,0,0,13,0,0,12,0
2617,0,0,0,0,0,0,0,0,0,0,0,0,0,0,0,0,0,0,0,0,0,0,0,0,0,0,0,0,0,0,0,0,0,0,1,0,0,2,0,0,0,50,0,1,0,0,0,0,25,0,0,0,1,0,0,0,0,0,0,0,1,16,0,0,0,0,0,0,0,0,0,0,0,0,0,0,0,0,0,3,0,1,0,0,11,0,8,0,0,0,0,13,0,0,12,0
2618,0,0,0,0,0,0,0,0,0,0,0,0,0,0,0,0,0,0,0,0,0,0,0,0,0,0,0,0,0,0,0,0,0,0,1,0,0,2,0,0,0,49,0,1,0,0,0,0,25,0,0,0,1,0,0,0,0,0,0,0,1,16,0,0,0,0,0,0,0,0,0,0,0,0,0,0,0,0,0,3,0,1,0,0,11,0,8,0,0,0,0,13,0,0,12,0
2619,0,0,0,0,0,0,0,0,0,0,0,0,0,0,0,0,0,0,0,0,0,0,0,0,0,0,0,0,0,0,0,0,0,0,1,0,0,2,0,0,0,49,0,1,0,0,0,0,25,0,0,0,1,0,0,0,0,0,0,0,1,16,0,0,0,0,0,0,0,0,0,0,0,0,0,0,0,0,0,3,0,1,0,0,11,0,8,0,0,0,0,13,0,0,12,0
2620,0,0,0,0,0,0,0,0,0,0,0,0,0,0,0,0,0,0,0,0,0,0,0,0,0,0,0,0,0,0,0,0,0,0,1,0,0,2,0,0,0,49,0,1,0,0,0,0,25,0,0,0,1,0,0,0,0,0,0,0,1,15,0,0,0,0,0,0,0,0,0,0,0,0,0,0,0,0,0,3,0,1,0,0,12,0,8,0,0,0,0,13,0,0,12,0
2621,0,0,0,0,0,0,0,0,0,0,0,0,0,0,0,0,0,0,0,0,0,0,0,0,0,0,0,0,0,0,0,0,0,0,1,0,0,2,0,0,0,49,0,1,0,0,0,0,25,0,0,0,1,0,0,0,0,0,0,0,1,15,0,0,0,0,0,0,0,0,0,0,0,0,0,0,0,0,0,3,0,1,0,0,12,0,8,0,0,0,0,13,0,0,11,0
2622,0,0,0,0,0,0,0,0,0,0,0,0,0,0,0,0,0,0,0,0,0,0,0,0,0,0,0,0,0,0,0,0,0,0,1,0,0,2,0,0,0,49,0,1,0,0,0,0,25,0,0,0,1,0,0,0,0,0,0,0,1,16,0,0,0,0,0,0,0,0,0,0,0,0,0,0,0,0,0,3,0,1,0,0,12,0,8,0,0,0,0,13,0,0,11,0
2623,0,0,0,0,0,0,0,0,0,0,0,0,0,0,0,0,0,0,0,0,0,0,0,0,0,0,0,0,0,0,0,0,0,0,1,0,0,2,0,0,0,49,0,1,0,0,0,0,25,0,0,0,1,0,0,0,0,0,0,0,1,16,0,0,0,0,0,0,0,0,0,0,0,0,0,0,0,0,0,3,0,1,0,0,12,0,9,0,0,0,0,13,0,0,11,0
2624,0,0,0,0,0,0,0,0,0,0,0,0,0,0,0,0,0,0,0,0,0,0,0,0,0,0,0,0,0,0,0,0,0,0,1,0,0,2,0,0,0,48,0,1,0,0,0,0,24,0,0,0,1,0,0,0,0,0,0,0,1,16,0,0,0,0,0,0,0,0,0,0,0,0,0,0,0,0,0,3,0,1,0,0,12,0,9,0,0,0,0,13,0,0,11,0
2625,0,0,0,0,0,0,0,0,0,0,0,0,0,0,0,0,0,0,0,0,0,0,0,0,0,0,0,0,0,0,0,0,0,0,1,0,0,2,0,0,0,49,0,1,0,0,0,0,24,0,0,0,1,0,0,0,0,0,0,0,1,16,0,0,0,0,0,0,0,0,0,0,0,0,0,0,0,0,0,3,0,1,0,0,12,0,9,0,0,0,0,13,0,0,11,0
2626,0,0,0,0,0,0,0,0,0,0,0,0,0,0,0,0,0,0,0,0,0,0,0,0,0,0,0,0,0,0,0,0,0,0,1,0,0,2,0,0,0,48,0,1,0,0,0,0,24,0,0,0,1,0,0,0,0,0,0,0,1,16,0,0,0,0,0,0,0,0,0,0,0,0,0,0,0,0,0,3,0,1,0,0,12,0,9,0,0,0,0,13,0,0,11,0
2627,0,0,0,0,0,0,0,0,0,0,0,0,0,0,0,0,0,0,0,0,0,0,0,0,0,0,0,0,0,0,0,0,0,0,1,0,0,2,0,0,0,48,0,1,0,0,0,0,24,0,0,0,1,0,0,0,0,0,0,0,1,17,0,0,0,0,0,0,0,0,0,0,0,0,0,0,0,0,0,3,0,1,0,0,12,0,9,0,0,0,0,14,0,0,11,0
2628,0,0,0,0,0,0,0,0,0,0,0,0,0,0,0,0,0,0,0,0,0,0,0,0,0,0,0,0,0,0,0,0,0,0,1,0,0,2,0,0,0,48,0,1,0,0,0,0,24,0,0,0,1,0,0,0,0,0,0,0,1,17,0,0,0,0,0,0,0,0,0,0,0,0,0,0,0,0,0,3,0,1,0,0,12,0,9,0,0,0,0,14,0,0,11,0
2629,0,0,0,0,0,0,0,0,0,0,0,0,0,0,0,0,0,0,0,0,0,0,0,0,0,0,0,0,0,0,0,0,0,0,1,0,0,2,0,0,0,48,0,1,0,0,0,0,24,0,0,0,1,0,0,0,0,0,0,0,1,18,0,0,0,0,0,0,0,0,0,0,0,0,0,0,0,0,0,3,0,1,0,0,12,0,9,0,0,0,0,14,0,0,11,0
2630,0,0,0,0,0,0,0,0,0,0,0,0,0,0,0,0,0,0,0,0,0,0,0,0,0,0,0,0,0,0,0,0,0,0,1,0,0,2,0,0,0,48,0,1,0,0,0,0,24,0,0,0,1,0,0,0,0,0,0,0,1,18,0,0,0,0,0,0,0,0,0,0,0,0,0,0,0,0,0,3,0,1,0,0,12,0,9,0,0,0,0,14,0,0,11,0
2631,0,0,0,0,0,0,0,0,0,0,0,0,0,0,0,0,0,0,0,0,0,0,0,0,0,0,0,0,0,0,0,0,0,0,1,0,0,2,0,0,0,50,0,1,0,0,0,0,24,0,0,0,1,0,0,0,0,0,0,0,1,18,0,0,0,0,0,0,0,0,0,0,0,0,0,0,0,0,0,3,0,1,0,0,12,0,9,0,0,0,0,14,0,0,11,0
2632,0,0,0,0,0,0,0,0,0,0,0,0,0,0,0,0,0,0,0,0,0,0,0,0,0,0,0,0,0,0,0,0,0,0,1,0,0,2,0,0,0,50,0,1,0,0,0,0,24,0,0,0,1,0,0,0,0,0,0,0,1,18,0,0,0,0,0,0,0,0,0,0,0,0,0,0,0,0,0,3,0,1,0,0,12,0,9,0,0,0,0,14,0,0,11,0
2633,0,0,0,0,0,0,0,0,0,0,0,0,0,0,0,0,0,0,0,0,0,0,0,0,0,0,0,0,0,0,0,0,0,0,1,0,0,2,0,0,0,49,0,1,0,0,0,0,25,0,0,0,1,0,0,0,0,0,0,0,1,18,0,0,0,0,0,0,0,0,0,0,0,0,0,0,0,0,0,3,0,1,0,0,12,0,9,0,0,0,0,14,0,0,11,0
2634,0,0,0,0,0,0,0,0,0,0,0,0,0,0,0,0,0,0,0,0,0,0,0,0,0,0,0,0,0,0,0,0,0,0,1,0,0,2,0,0,0,49,0,1,0,0,0,0,25,0,0,0,1,0,0,0,0,0,0,0,1,18,0,0,0,0,0,0,0,0,0,0,0,0,0,0,0,0,0,3,0,1,0,0,11,0,9,0,0,0,0,14,0,0,11,0
2635,0,0,0,0,0,0,0,0,0,0,0,0,0,0,0,0,0,0,0,0,0,0,0,0,0,0,0,0,0,0,0,0,0,0,1,0,0,2,0,0,0,48,0,1,0,0,0,0,25,0,0,0,1,0,0,0,0,0,0,0,1,19,0,0,0,0,0,0,0,0,0,0,0,0,0,0,0,0,0,3,0,1,0,0,11,0,9,0,0,0,0,14,0,0,11,0
2636,0,0,0,0,0,0,0,0,0,0,0,0,0,0,0,0,0,0,0,0,0,0,0,0,0,0,0,0,0,0,0,0,0,0,1,0,0,2,0,0,0,48,0,1,0,0,0,0,25,0,0,0,1,0,0,0,0,0,0,0,1,19,0,0,0,0,0,0,0,0,0,0,0,0,0,0,0,0,0,3,0,1,0,0,11,0,9,0,0,0,0,14,0,0,11,0
2637,0,0,0,0,0,0,0,0,0,0,0,0,0,0,0,0,0,0,0,0,0,0,0,0,0,0,0,0,0,0,0,0,0,0,1,0,0,2,0,0,0,48,0,1,0,0,0,0,25,0,0,0,1,0,0,0,0,0,0,0,1,19,0,0,0,0,0,0,0,0,0,0,0,0,0,0,0,0,0,3,0,1,0,0,11,0,9,0,0,0,0,14,0,0,11,0
2638,0,0,0,0,0,0,0,0,0,0,0,0,0,0,0,0,0,0,0,0,0,0,0,0,0,0,0,0,0,0,0,0,0,0,1,0,0,2,0,0,0,48,0,1,0,0,0,0,26,0,0,0,1,0,0,0,0,0,0,0,1,19,0,0,0,0,0,0,0,0,0,0,0,0,0,0,0,0,0,3,0,1,0,0,11,0,9,0,0,0,0,14,0,0,11,0
2639,0,0,0,0,0,0,0,0,0,0,0,0,0,0,0,0,0,0,0,0,0,0,0,0,0,0,0,0,0,0,0,0,0,0,1,0,0,2,0,0,0,48,0,1,0,0,0,0,26,0,0,0,1,0,0,0,0,0,0,0,1,19,0,0,0,0,0,0,0,0,0,0,0,0,0,0,0,0,0,3,0,1,0,0,11,0,9,0,0,0,0,14,0,0,11,0
2640,0,0,0,0,0,0,0,0,0,0,0,0,0,0,0,0,0,0,0,0,0,0,0,0,0,0,0,0,0,0,0,0,0,0,1,0,0,2,0,0,0,48,0,1,0,0,0,0,26,0,0,0,1,0,0,0,0,0,0,0,1,19,0,0,0,0,0,0,0,0,0,0,0,0,0,0,0,0,0,3,0,1,0,0,11,0,9,0,0,0,0,14,0,0,11,0
2641,0,0,0,0,0,0,0,0,0,0,0,0,0,0,0,0,0,0,0,0,0,0,0,0,0,0,0,0,0,0,0,0,0,0,1,0,0,2,0,0,0,47,0,1,0,0,0,0,26,0,0,0,1,0,0,0,0,0,0,0,1,20,0,0,0,0,0,0,0,0,0,0,0,0,0,0,0,0,0,3,0,1,0,0,11,0,9,0,0,0,0,14,0,0,11,0
2642,0,0,0,0,0,0,0,0,0,0,0,0,0,0,0,0,0,0,0,0,0,0,0,0,0,0,0,0,0,0,0,0,0,0,1,0,0,2,0,0,0,46,0,1,0,0,0,0,26,0,0,0,1,0,0,0,0,0,0,0,1,20,0,0,0,0,0,0,0,0,0,0,0,0,0,0,0,0,0,3,0,1,0,0,11,0,9,0,0,0,0,14,0,0,11,0
2643,0,0,0,0,0,0,0,0,0,0,0,0,0,0,0,0,0,0,0,0,0,0,0,0,0,0,0,0,0,0,0,0,0,0,1,0,0,2,0,0,0,46,0,1,0,0,0,0,26,0,0,0,1,0,0,0,0,0,0,0,1,20,0,0,0,0,0,0,0,0,0,0,0,0,0,0,0,0,0,3,0,1,0,0,11,0,9,0,0,0,0,14,0,0,11,0
2644,0,0,0,0,0,0,0,0,0,0,0,0,0,0,0,0,0,0,0,0,0,0,0,0,0,0,0,0,0,0,0,0,0,0,1,0,0,2,0,0,0,46,0,1,0,0,0,0,26,0,0,0,1,0,0,0,0,0,0,0,1,20,0,0,0,0,0,0,0,0,0,0,0,0,0,0,0,0,0,3,0,1,0,0,11,0,9,0,0,0,0,15,0,0,11,0
2645,0,0,0,0,0,0,0,0,0,0,0,0,0,0,0,0,0,0,0,0,0,0,0,0,0,0,0,0,0,0,0,0,0,0,1,0,0,2,0,0,0,47,0,1,0,0,0,0,26,0,0,0,1,0,0,0,0,0,0,0,1,20,0,0,0,0,0,0,0,0,0,0,0,0,0,0,0,0,0,3,0,1,0,0,11,0,9,0,0,0,0,15,0,0,11,0
2646,0,0,0,0,0,0,0,0,0,0,0,0,0,0,0,0,0,0,0,0,0,0,0,0,0,0,0,0,0,0,0,0,0,0,1,0,0,2,0,0,0,48,0,1,0,0,0,0,27,0,0,0,1,0,0,0,0,0,0,0,1,20,0,0,0,0,0,0,0,0,0,0,0,0,0,0,0,0,0,3,0,1,0,0,11,0,9,0,0,0,0,15,0,0,11,0
2647,0,0,0,0,0,0,0,0,0,0,0,0,0,0,0,0,0,0,0,0,0,0,0,0,0,0,0,0,0,0,0,0,0,0,1,0,0,2,0,0,0,48,0,1,0,0,0,0,27,0,0,0,1,0,0,0,0,0,0,0,1,20,0,0,0,0,0,0,0,0,0,0,0,0,0,0,0,0,0,3,0,1,0,0,11,0,9,0,0,0,0,15,0,0,11,0
2648,0,0,0,0,0,0,0,0,0,0,0,0,0,0,0,0,0,0,0,0,0,0,0,0,0,0,0,0,0,0,0,0,0,0,1,0,0,2,0,0,0,48,0,1,0,0,0,0,27,0,0,0,1,0,0,0,0,0,0,0,1,19,0,0,0,0,0,0,0,0,0,0,0,0,0,0,0,0,0,3,0,1,0,0,10,0,9,0,0,0,0,15,0,0,11,0
2649,0,0,0,0,0,0,0,0,0,0,0,0,0,0,0,0,0,0,0,0,0,0,0,0,0,0,0,0,0,0,0,0,0,0,1,0,0,2,0,0,0,49,0,1,0,0,0,0,27,0,0,0,1,0,0,0,0,0,0,0,1,19,0,0,0,0,0,0,0,0,0,0,0,0,0,0,0,0,0,3,0,1,0,0,9,0,9,0,0,0,0,15,0,0,11,0
2650,0,0,0,0,0,0,0,0,0,0,0,0,0,0,0,0,0,0,0,0,0,0,0,0,0,0,0,0,0,0,0,0,0,0,1,0,0,2,0,0,0,48,0,1,0,0,0,0,26,0,0,0,1,0,0,0,0,0,0,0,1,19,0,0,0,0,0,0,0,0,0,0,0,0,0,0,0,0,0,3,0,1,0,0,9,0,9,0,0,0,0,14,0,0,11,0
2651,0,0,0,0,0,0,0,0,0,0,0,0,0,0,0,0,0,0,0,0,0,0,0,0,0,0,0,0,0,0,0,0,0,0,1,0,0,2,0,0,0,49,0,1,0,0,0,0,26,0,0,0,1,0,0,0,0,0,0,0,1,19,0,0,0,0,0,0,0,0,0,0,0,0,0,0,0,0,0,3,0,1,0,0,9,0,9,0,0,0,0,14,0,0,11,0
2652,0,0,0,0,0,0,0,0,0,0,0,0,0,0,0,0,0,0,0,0,0,0,0,0,0,0,0,0,0,0,0,0,0,0,1,0,0,2,0,0,0,49,0,1,0,0,0,0,26,0,0,0,1,0,0,0,0,0,0,0,1,19,0,0,0,0,0,0,0,0,0,0,0,0,0,0,0,0,0,3,0,1,0,0,9,0,9,0,0,0,0,14,0,0,11,0
2653,0,0,0,0,0,0,0,0,0,0,0,0,0,0,0,0,0,0,0,0,0,0,0,0,0,0,0,0,0,0,0,0,0,0,1,0,0,2,0,0,0,49,0,1,0,0,0,0,26,0,0,0,1,0,0,0,0,0,0,0,1,19,0,0,0,0,0,0,0,0,0,0,0,0,0,0,0,0,0,3,0,1,0,0,9,0,9,0,0,0,0,14,0,0,11,0
2654,0,0,0,0,0,0,0,0,0,0,0,0,0,0,0,0,0,0,0,0,0,0,0,0,0,0,0,0,0,0,0,0,0,0,1,0,0,2,0,0,0,49,0,1,0,0,0,0,26,0,0,0,1,0,0,0,0,0,0,0,1,20,0,0,0,0,0,0,0,0,0,0,0,0,0,0,0,0,0,3,0,1,0,0,9,0,9,0,0,0,0,14,0,0,11,0
2655,0,0,0,0,0,0,0,0,0,0,0,0,0,0,0,0,0,0,0,0,0,0,0,0,0,0,0,0,0,0,0,0,0,0,1,0,0,2,0,0,0,49,0,1,0,0,0,0,26,0,0,0,1,0,0,0,0,0,0,0,1,20,0,0,0,0,0,0,0,0,0,0,0,0,0,0,0,0,0,3,0,1,0,0,9,0,9,0,0,0,0,15,0,0,11,0
2656,0,0,0,0,0,0,0,0,0,0,0,0,0,0,0,0,0,0,0,0,0,0,0,0,0,0,0,0,0,0,0,0,0,0,1,0,0,2,0,0,0,49,0,1,0,0,0,0,26,0,0,0,1,0,0,0,0,0,0,0,1,19,0,0,0,0,0,0,0,0,0,0,0,0,0,0,0,0,0,3,0,1,0,0,9,0,9,0,0,0,0,15,0,0,11,0
2657,0,0,0,0,0,0,0,0,0,0,0,0,0,0,0,0,0,0,0,0,0,0,0,0,0,0,0,0,0,0,0,0,0,0,1,0,0,2,0,0,0,49,0,1,0,0,0,0,26,0,0,0,1,0,0,0,0,0,0,0,1,20,0,0,0,0,0,0,0,0,0,0,0,0,0,0,0,0,0,3,0,1,0,0,9,0,9,0,0,0,0,15,0,0,11,0
2658,0,0,0,0,0,0,0,0,0,0,0,0,0,0,0,0,0,0,0,0,0,0,0,0,0,0,0,0,0,0,0,0,0,0,1,0,0,2,0,0,0,50,0,1,0,0,0,0,26,0,0,0,1,0,0,0,0,0,0,0,1,19,0,0,0,0,0,0,0,0,0,0,0,0,0,0,0,0,0,3,0,1,0,0,9,0,9,0,0,0,0,15,0,0,11,0
2659,0,0,0,0,0,0,0,0,0,0,0,0,0,0,0,0,0,0,0,0,0,0,0,0,0,0,0,0,0,0,0,0,0,0,1,0,0,2,0,0,0,51,0,1,0,0,0,0,26,0,0,0,1,0,0,0,0,0,0,0,1,19,0,0,0,0,0,0,0,0,0,0,0,0,0,0,0,0,0,3,0,1,0,0,9,0,9,0,0,0,0,15,0,0,11,0
2660,0,0,0,0,0,0,0,0,0,0,0,0,0,0,0,0,0,0,0,0,0,0,0,0,0,0,0,0,0,0,0,0,0,0,1,0,0,3,0,0,0,51,0,1,0,0,0,0,26,0,0,0,1,0,0,0,0,0,0,0,1,20,0,0,0,0,0,0,0,0,0,0,0,0,0,0,0,0,0,3,0,1,0,0,9,0,9,0,0,0,0,15,0,0,11,0
2661,0,0,0,0,0,0,0,0,0,0,0,0,0,0,0,0,0,0,0,0,0,0,0,0,0,0,0,0,0,0,0,0,0,0,1,0,0,3,0,0,0,51,0,1,0,0,0,0,26,0,0,0,1,0,0,0,0,0,0,0,1,20,0,0,0,0,0,0,0,0,0,0,0,0,0,0,0,0,0,3,0,1,0,0,9,0,9,0,0,0,0,16,0,0,11,0
2662,0,0,0,0,0,0,0,0,0,0,0,0,0,0,0,0,0,0,0,0,0,0,0,0,0,0,0,0,0,0,0,0,0,0,1,0,0,3,0,0,0,50,0,1,0,0,0,0,26,0,0,0,1,0,0,0,0,0,0,0,1,20,0,0,0,0,0,0,0,0,0,0,0,0,0,0,0,0,0,3,0,1,0,0,9,0,9,0,0,0,0,15,0,0,11,0
2663,0,0,0,0,0,0,0,0,0,0,0,0,0,0,0,0,0,0,0,0,0,0,0,0,0,0,0,0,0,0,0,0,0,0,1,0,0,3,0,0,0,50,0,1,0,0,0,0,26,0,0,0,1,0,0,0,0,0,0,0,1,20,0,0,0,0,0,0,0,0,0,0,0,0,0,0,0,0,0,3,0,1,0,0,9,0,9,0,0,0,0,15,0,0,11,0
2664,0,0,0,0,0,0,0,0,0,0,0,0,0,0,0,0,0,0,0,0,0,0,0,0,0,0,0,0,0,0,0,0,0,0,1,0,0,3,0,0,0,50,0,0,0,0,0,0,26,0,0,0,1,0,0,0,0,0,0,0,1,20,0,0,0,0,0,0,0,0,0,0,0,0,0,0,0,0,0,3,0,1,0,0,9,0,9,0,0,0,0,15,0,0,11,0
2665,0,0,0,0,0,0,0,0,0,0,0,0,0,0,0,0,0,0,0,0,0,0,0,0,0,0,0,0,0,0,0,0,0,0,1,0,0,3,0,0,0,49,0,0,0,0,0,0,26,0,0,0,1,0,0,0,0,0,0,0,1,20,0,0,0,0,0,0,0,0,0,0,0,0,0,0,0,0,0,3,0,1,0,0,9,0,9,0,0,0,0,15,0,0,11,0
2666,0,0,0,0,0,0,0,0,0,0,0,0,0,0,0,0,0,0,0,0,0,0,0,0,0,0,0,0,0,0,0,0,0,0,1,0,0,3,0,0,0,49,0,0,0,0,0,0,26,0,0,0,1,0,0,0,0,0,0,0,1,20,0,0,0,0,0,0,0,0,0,0,0,0,0,0,0,0,0,3,0,1,0,0,9,0,9,0,0,0,0,15,0,0,11,0
2667,0,0,0,0,0,0,0,0,0,0,0,0,0,0,0,0,0,0,0,0,0,0,0,0,0,0,0,0,0,0,0,0,0,0,1,0,0,3,0,0,0,49,0,0,0,0,0,0,26,0,0,0,1,0,0,0,0,0,0,0,1,20,0,0,0,0,0,0,0,0,0,0,0,0,0,0,0,0,0,3,0,1,0,0,9,0,9,0,0,0,0,15,0,0,11,0
2668,0,0,0,0,0,0,0,0,0,0,0,0,0,0,0,0,0,0,0,0,0,0,0,0,0,0,0,0,0,0,0,0,0,0,1,0,0,3,0,0,0,49,0,0,0,0,0,0,26,0,0,0,1,0,0,0,0,0,0,0,1,20,0,0,0,0,0,0,0,0,0,0,0,0,0,0,0,0,0,3,0,1,0,0,9,0,9,0,0,0,0,15,0,0,11,0
2669,0,0,0,0,0,0,0,0,0,0,0,0,0,0,0,0,0,0,0,0,0,0,0,0,0,0,0,0,0,0,0,0,0,0,1,0,0,3,0,0,0,49,0,0,0,0,0,0,26,0,0,0,1,0,0,0,0,0,0,0,1,20,0,0,0,0,0,0,0,0,0,0,0,0,0,0,0,0,0,3,0,1,0,0,9,0,9,0,0,0,0,15,0,0,11,0
2670,0,0,0,0,0,0,0,0,0,0,0,0,0,0,0,0,0,0,0,0,0,0,0,0,0,0,0,0,0,0,0,0,0,0,1,0,0,3,0,0,0,51,0,0,0,0,0,0,27,0,0,0,1,0,0,0,0,0,0,0,1,20,0,0,0,0,0,0,0,0,0,0,0,0,0,0,0,0,0,3,0,1,0,0,9,0,9,0,0,0,0,15,0,0,11,0
2671,0,0,0,0,0,0,0,0,0,0,0,0,0,0,0,0,0,0,0,0,0,0,0,0,0,0,0,0,0,0,0,0,0,0,1,0,0,3,0,0,0,52,0,0,0,0,0,0,27,0,0,0,1,0,0,0,0,0,0,0,1,20,0,0,0,0,0,0,0,0,0,0,0,0,0,0,0,0,0,3,0,1,0,0,9,0,9,0,0,0,0,15,0,0,11,0
2672,0,0,0,0,0,0,0,0,0,0,0,0,0,0,0,0,0,0,0,0,0,0,0,0,0,0,0,0,0,0,0,0,0,0,1,0,0,3,0,0,0,51,0,0,0,0,0,0,27,0,0,0,1,0,0,0,0,0,0,0,1,20,0,0,0,0,0,0,0,0,0,0,0,0,0,0,0,0,0,3,0,1,0,0,9,0,9,0,0,0,0,15,0,0,11,0
2673,0,0,0,0,0,0,0,0,0,0,0,0,0,0,0,0,0,0,0,0,0,0,0,0,0,0,0,0,0,0,0,0,0,0,1,0,0,3,0,0,0,51,0,0,0,0,0,0,27,0,0,0,1,0,0,0,0,0,0,0,1,20,0,0,0,0,0,0,0,0,0,0,0,0,0,0,0,0,0,3,0,1,0,0,9,0,9,0,0,0,0,15,0,0,11,0
2674,0,0,0,0,0,0,0,0,0,0,0,0,0,0,0,0,0,0,0,0,0,0,0,0,0,0,0,0,0,0,0,0,0,0,1,0,0,3,0,0,0,51,0,0,0,0,0,0,27,0,0,0,1,0,0,0,0,0,0,0,1,20,0,0,0,0,0,0,0,0,0,0,0,0,0,0,0,0,0,3,0,1,0,0,9,0,10,0,0,0,0,15,0,0,11,0
2675,0,0,0,0,0,0,0,0,0,0,0,0,0,0,0,0,0,0,0,0,0,0,0,0,0,0,0,0,0,0,0,0,0,0,1,0,0,3,0,0,0,51,0,0,0,0,0,0,27,0,0,0,1,0,0,0,0,0,0,0,1,20,0,0,0,0,0,0,0,0,0,0,0,0,0,0,0,0,0,3,0,1,0,0,9,0,10,0,0,0,0,15,0,0,11,0
2676,0,0,0,0,0,0,0,0,0,0,0,0,0,0,0,0,0,0,0,0,0,0,0,0,0,0,0,0,0,0,0,0,0,0,1,0,0,3,0,0,0,51,0,0,0,0,0,0,27,0,0,0,1,0,0,0,0,0,0,0,1,20,0,0,0,0,0,0,0,0,0,0,0,0,0,0,0,0,0,3,0,1,0,0,9,0,10,0,0,0,0,15,0,0,11,0
2677,0,0,0,0,0,0,0,0,0,0,0,0,0,0,0,0,0,0,0,0,0,0,0,0,0,0,0,0,0,0,0,0,0,0,1,0,0,3,0,0,0,51,0,0,0,0,0,0,27,0,0,0,1,0,0,0,0,0,0,0,1,19,0,0,0,0,0,0,0,0,0,0,0,0,0,0,0,0,0,3,0,1,0,0,9,0,10,0,0,0,0,15,0,0,11,0
2678,0,0,0,0,0,0,0,0,0,0,0,0,0,0,0,0,0,0,0,0,0,0,0,0,0,0,0,0,0,0,0,0,0,0,1,0,0,3,0,0,0,50,0,0,0,0,0,0,27,0,0,0,1,0,0,0,0,0,0,0,1,20,0,0,0,0,0,0,0,0,0,0,0,0,0,0,0,0,0,3,0,1,0,0,9,0,10,0,0,0,0,15,0,0,11,0
2679,0,0,0,0,0,0,0,0,0,0,0,0,0,0,0,0,0,0,0,0,0,0,0,0,0,0,0,0,0,0,0,0,0,0,1,0,0,3,0,0,0,51,0,0,0,0,0,0,27,0,0,0,1,0,0,0,0,0,0,0,1,20,0,0,0,0,0,0,0,0,0,0,0,0,0,0,0,0,0,3,0,1,0,0,9,0,10,0,0,0,0,15,0,0,11,0
2680,0,0,0,0,0,0,0,0,0,0,0,0,0,0,0,0,0,0,0,0,0,0,0,0,0,0,0,0,0,0,0,0,0,0,1,0,0,3,0,0,0,51,0,0,0,0,0,0,27,0,0,0,1,0,0,0,0,0,0,0,1,20,0,0,0,0,0,0,0,0,0,0,0,0,0,0,0,0,0,3,0,1,0,0,9,0,10,0,0,0,0,15,0,0,12,0
2681,0,0,0,0,0,0,0,0,0,0,0,0,0,0,0,0,0,0,0,0,0,0,0,0,0,0,0,0,0,0,0,0,0,0,1,0,0,3,0,0,0,51,0,0,0,0,0,0,27,0,0,0,1,0,0,0,0,0,0,0,1,22,0,0,0,0,0,0,0,0,0,0,0,0,0,0,0,0,0,3,0,1,0,0,9,0,10,0,0,0,0,15,0,0,12,0
2682,0,0,0,0,0,0,0,0,0,0,0,0,0,0,0,0,0,0,0,0,0,0,0,0,0,0,0,0,0,0,0,0,0,0,1,0,0,3,0,0,0,51,0,0,0,0,0,0,27,0,0,0,1,0,0,0,0,0,0,0,1,22,0,0,0,0,0,0,0,0,0,0,0,0,0,0,0,0,0,3,0,1,0,0,9,0,10,0,0,0,0,15,0,0,12,0
2683,0,0,0,0,0,0,0,0,0,0,0,0,0,0,0,0,0,0,0,0,0,0,0,0,0,0,0,0,0,0,0,0,0,0,1,0,0,4,0,0,0,51,0,0,0,0,0,0,27,0,0,0,1,0,0,0,0,0,0,0,1,21,0,0,0,0,0,0,0,0,0,0,0,0,0,0,0,0,0,3,0,1,0,0,9,0,10,0,0,0,0,15,0,0,12,0
2684,0,0,0,0,0,0,0,0,0,0,0,0,0,0,0,0,0,0,0,0,0,0,0,0,0,0,0,0,0,0,0,0,0,0,1,0,0,4,0,0,0,51,0,0,0,0,0,0,27,0,0,0,1,0,0,0,0,0,0,0,1,21,0,0,0,0,0,0,0,0,0,0,0,0,0,0,0,0,0,3,0,1,0,0,9,0,10,0,0,0,0,15,0,0,12,0
2685,0,0,0,0,0,0,0,0,0,0,0,0,0,0,0,0,0,0,0,0,0,0,0,0,0,0,0,0,0,0,0,0,0,0,1,0,0,4,0,0,0,51,0,0,0,0,0,0,27,0,0,0,1,0,0,0,0,0,0,0,1,21,0,0,0,0,0,0,0,0,0,0,0,0,0,0,0,0,0,3,0,1,0,0,9,0,10,0,0,0,0,15,0,0,12,0
2686,0,0,0,0,0,0,0,0,0,0,0,0,0,0,0,0,0,0,0,0,0,0,0,0,0,0,0,0,0,0,0,0,0,0,1,0,0,4,0,0,0,51,0,0,0,0,0,0,27,0,0,0,1,0,0,0,0,0,0,0,1,21,0,0,0,0,0,0,0,0,0,0,0,0,0,0,0,0,0,3,0,1,0,0,9,0,10,0,0,0,0,15,0,0,12,0
2687,0,0,0,0,0,0,0,0,0,0,0,0,0,0,0,0,0,0,0,0,0,0,0,0,0,0,0,0,0,0,0,0,0,0,1,0,0,4,0,0,0,52,0,0,0,0,0,0,27,0,0,0,1,0,0,0,0,0,0,0,1,21,0,0,0,0,0,0,0,0,0,0,0,0,0,0,0,0,0,3,0,1,0,0,9,0,10,0,0,0,0,15,0,0,12,0
2688,0,0,0,0,0,0,0,0,0,0,0,0,0,0,0,0,0,0,0,0,0,0,0,0,0,0,0,0,0,0,0,0,0,0,1,0,0,4,0,0,0,53,0,0,0,0,0,0,28,0,0,0,1,0,0,0,0,0,0,0,1,21,0,0,0,0,0,0,0,0,0,0,0,0,0,0,0,0,0,3,0,1,0,0,9,0,10,0,0,0,0,15,0,0,12,0
2689,0,0,0,0,0,0,0,0,0,0,0,0,0,0,0,0,0,0,0,0,0,0,0,0,0,0,0,0,0,0,0,0,0,0,1,0,0,4,0,0,0,52,0,0,0,0,0,0,28,0,0,0,1,0,0,0,0,0,0,0,1,21,0,0,0,0,0,0,0,0,0,0,0,0,0,0,0,0,0,3,0,1,0,0,9,0,10,0,0,0,0,15,0,0,12,0
2690,0,0,0,0,0,0,0,0,0,0,0,0,0,0,0,0,0,0,0,0,0,0,0,0,0,0,0,0,0,0,0,0,0,0,1,0,0,4,0,0,0,53,0,0,0,0,0,0,27,0,0,0,1,0,0,0,0,0,0,0,1,21,0,0,0,0,0,0,0,0,0,0,0,0,0,0,0,0,0,3,0,1,0,0,9,0,10,0,0,0,0,15,0,0,12,0
2691,0,0,0,0,0,0,0,0,0,0,0,0,0,0,0,0,0,0,0,0,0,0,0,0,0,0,0,0,0,0,0,0,0,0,1,0,0,4,0,0,0,54,0,0,0,0,0,0,27,0,0,0,1,0,0,0,0,0,0,0,1,22,0,0,0,0,0,0,0,0,0,0,0,0,0,0,0,0,0,3,0,1,0,0,9,0,10,0,0,0,0,15,0,0,12,0
2692,0,0,0,0,0,0,0,0,0,0,0,0,0,0,0,0,0,0,0,0,0,0,0,0,0,0,0,0,0,0,0,0,0,0,1,0,0,4,0,0,0,54,0,0,0,0,0,0,27,0,0,0,1,0,0,0,0,0,0,0,1,22,0,0,0,0,0,0,0,0,0,0,0,0,0,0,0,0,0,3,0,1,0,0,9,0,10,0,0,0,0,15,0,0,12,0
2693,0,0,0,0,0,0,0,0,0,0,0,0,0,0,0,0,0,0,0,0,0,0,0,0,0,0,0,0,0,0,0,0,0,0,1,0,0,4,0,0,0,54,0,0,0,0,0,0,27,0,0,0,1,0,0,0,0,0,0,0,1,22,0,0,0,0,0,0,0,0,0,0,0,0,0,0,0,0,0,3,0,1,0,0,9,0,9,0,0,0,0,15,0,0,12,0
2694,0,0,0,0,0,0,0,0,0,0,0,0,0,0,0,0,0,0,0,0,0,0,0,0,0,0,0,0,0,0,0,0,0,0,1,0,0,4,0,0,0,54,0,0,0,0,0,0,27,0,0,0,1,0,0,0,0,0,0,0,1,22,0,0,0,0,0,0,0,0,0,0,0,0,0,0,0,0,0,3,0,1,0,0,9,0,9,0,0,0,0,15,0,0,12,0
2695,0,0,0,0,0,0,0,0,0,0,0,0,0,0,0,0,0,0,0,0,0,0,0,0,0,0,0,0,0,0,0,0,0,0,1,0,0,4,0,0,0,54,0,0,0,0,0,0,27,0,0,0,1,0,0,0,0,0,0,0,1,21,0,0,0,0,0,0,0,0,0,0,0,0,0,0,0,0,0,3,0,1,0,0,9,0,9,0,0,0,0,15,0,0,12,0
2696,0,0,0,0,0,0,0,0,0,0,0,0,0,0,0,0,0,0,0,0,0,0,0,0,0,0,0,0,0,0,0,0,0,0,1,0,0,4,0,0,0,54,0,0,0,0,0,0,26,0,0,0,1,0,0,0,0,0,0,0,1,21,0,0,0,0,0,0,0,0,0,0,0,0,0,0,0,0,0,3,0,1,0,0,9,0,9,0,0,0,0,15,0,0,12,0
2697,0,0,0,0,0,0,0,0,0,0,0,0,0,0,0,0,0,0,0,0,0,0,0,0,0,0,0,0,0,0,0,0,0,0,1,0,0,4,0,0,0,54,0,0,0,0,0,0,26,0,0,0,1,0,0,0,0,0,0,0,1,22,0,0,0,0,0,0,0,0,0,0,0,0,0,0,0,0,0,3,0,1,0,0,9,0,9,0,0,0,0,15,0,0,12,0
2698,0,0,0,0,0,0,0,0,0,0,0,0,0,0,0,0,0,0,0,0,0,0,0,0,0,0,0,0,0,0,0,0,0,0,1,0,0,4,0,0,0,55,0,0,0,0,0,0,26,0,0,0,1,0,0,0,0,0,0,0,1,22,0,0,0,0,0,0,0,0,0,0,0,0,0,0,0,0,0,3,0,1,0,0,9,0,9,0,0,0,0,15,0,0,12,0
2699,0,0,0,0,0,0,0,0,0,0,0,0,0,0,0,0,0,0,0,0,0,0,0,0,0,0,0,0,0,0,0,0,0,0,1,0,0,4,0,0,0,54,0,0,0,0,0,0,26,0,0,0,1,0,0,0,0,0,0,0,1,22,0,0,0,0,0,0,0,0,0,0,0,0,0,0,0,0,0,3,0,1,0,0,9,0,9,0,0,0,0,15,0,0,12,0
2700,0,0,0,0,0,0,0,0,0,0,0,0,0,0,0,0,0,0,0,0,0,0,0,0,0,0,0,0,0,0,0,0,0,0,1,0,0,4,0,0,0,54,0,0,0,0,0,0,26,0,0,0,1,0,0,0,0,0,0,0,1,22,0,0,0,0,0,0,0,0,0,0,0,0,0,0,0,0,0,3,0,1,0,0,9,0,9,0,0,0,0,15,0,0,11,0
2701,0,0,0,0,0,0,0,0,0,0,0,0,0,0,0,0,0,0,0,0,0,0,0,0,0,0,0,0,0,0,0,0,0,0,1,0,0,4,0,0,0,54,0,0,0,0,0,0,26,0,0,0,1,0,0,0,0,0,0,0,1,22,0,0,0,0,0,0,0,0,0,0,0,0,0,0,0,0,0,3,0,1,0,0,9,0,9,0,0,0,0,15,0,0,11,0
2702,0,0,0,0,0,0,0,0,0,0,0,0,0,0,0,0,0,0,0,0,0,0,0,0,0,0,0,0,0,0,0,0,0,0,1,0,0,3,0,0,0,55,0,0,0,0,0,0,25,0,0,0,1,0,0,0,0,0,0,0,1,22,0,0,0,0,0,0,0,0,0,0,0,0,0,0,0,0,0,3,0,1,0,0,9,0,9,0,0,0,0,15,0,0,11,0
2703,0,0,0,0,0,0,0,0,0,0,0,0,0,0,0,0,0,0,0,0,0,0,0,0,0,0,0,0,0,0,0,0,0,0,1,0,0,3,0,0,0,54,0,0,0,0,0,0,25,0,0,0,1,0,0,0,0,0,0,0,1,21,0,0,0,0,0,0,0,0,0,0,0,0,0,0,0,0,0,3,0,1,0,0,9,0,9,0,0,0,0,15,0,0,11,0
2704,0,0,0,0,0,0,0,0,0,0,0,0,0,0,0,0,0,0,0,0,0,0,0,0,0,0,0,0,0,0,0,0,0,0,1,0,0,3,0,0,0,54,0,0,0,0,0,0,24,0,0,0,1,0,0,0,0,0,0,0,1,21,0,0,0,0,0,0,0,0,0,0,0,0,0,0,0,0,0,3,0,1,0,0,9,0,9,0,0,0,0,15,0,0,11,0
2705,0,0,0,0,0,0,0,0,0,0,0,0,0,0,0,0,0,0,0,0,0,0,0,0,0,0,0,0,0,0,0,0,0,0,1,0,0,3,0,0,0,52,0,0,0,0,0,0,24,0,0,0,1,0,0,0,0,0,0,0,1,21,0,0,0,0,0,0,0,0,0,0,0,0,0,0,0,0,0,3,0,1,0,0,9,0,9,0,0,0,0,15,0,0,11,0
2706,0,0,0,0,0,0,0,0,0,0,0,0,0,0,0,0,0,0,0,0,0,0,0,0,0,0,0,0,0,0,0,0,0,0,1,0,0,3,0,0,0,52,0,0,0,0,0,0,23,0,0,0,1,0,0,0,0,0,0,0,0,21,0,0,0,0,0,0,0,0,0,0,0,0,0,0,0,0,0,3,0,1,0,0,9,0,9,0,0,0,0,15,0,0,11,0
2707,0,0,0,0,0,0,0,0,0,0,0,0,0,0,0,0,0,0,0,0,0,0,0,0,0,0,0,0,0,0,0,0,0,0,1,0,0,3,0,0,0,52,0,0,0,0,0,0,23,0,0,0,1,0,0,0,0,0,0,0,0,21,0,0,0,0,0,0,0,0,0,0,0,0,0,0,0,0,0,3,0,1,0,0,9,0,9,0,0,0,0,15,0,0,11,0
2708,0,0,0,0,0,0,0,0,0,0,0,0,0,0,0,0,0,0,0,0,0,0,0,0,0,0,0,0,0,0,0,0,0,0,1,0,0,3,0,0,0,52,0,0,0,0,0,0,22,0,0,0,1,0,0,0,0,0,0,0,0,21,0,0,0,0,0,0,0,0,0,0,0,0,0,0,0,0,0,3,0,1,0,0,9,0,9,0,0,0,0,15,0,0,11,0
2709,0,0,0,0,0,0,0,0,0,0,0,0,0,0,0,0,0,0,0,0,0,0,0,0,0,0,0,0,0,0,0,0,0,0,1,0,0,3,0,0,0,52,0,0,0,0,0,0,22,0,0,0,1,0,0,0,0,0,0,0,0,21,0,0,0,0,0,0,0,0,0,0,0,0,0,0,0,0,0,3,0,1,0,0,9,0,9,0,0,0,0,15,0,0,11,0
2710,0,0,0,0,0,0,0,0,0,0,0,0,0,0,0,0,0,0,0,0,0,0,0,0,0,0,0,0,0,0,0,0,0,0,1,0,0,3,0,0,0,53,0,0,0,0,0,0,22,0,0,0,1,0,0,0,0,0,0,0,0,21,0,0,0,0,0,0,0,0,0,0,0,0,0,0,0,0,0,3,0,1,0,0,9,0,9,0,0,0,0,15,0,0,11,0
2711,0,0,0,0,0,0,0,0,0,0,0,0,0,0,0,0,0,0,0,0,0,0,0,0,0,0,0,0,0,0,0,0,0,0,1,0,0,3,0,0,0,53,0,0,0,0,0,0,22,0,0,0,1,0,0,0,0,0,0,0,0,20,0,0,0,0,0,0,0,0,0,0,0,0,0,0,0,0,0,3,0,1,0,0,9,0,9,0,0,0,0,15,0,0,10,0
2712,0,0,0,0,0,0,0,0,0,0,0,0,0,0,0,0,0,0,0,0,0,0,0,0,0,0,0,0,0,0,0,0,0,0,1,0,0,3,0,0,0,53,0,0,0,0,0,0,22,0,0,0,1,0,0,0,0,0,0,0,0,20,0,0,0,0,0,0,0,0,0,0,0,0,0,0,0,0,0,3,0,1,0,0,9,0,9,0,0,0,0,15,0,0,10,0
2713,0,0,0,0,0,0,0,0,0,0,0,0,0,0,0,0,0,0,0,0,0,0,0,0,0,0,0,0,0,0,0,0,0,0,1,0,0,3,0,0,0,53,0,0,0,0,0,0,22,0,0,0,1,0,0,0,0,0,0,0,0,20,0,0,0,0,0,0,0,0,0,0,0,0,0,0,0,0,0,3,0,1,0,0,9,0,9,0,0,0,0,15,0,0,10,0
2714,0,0,0,0,0,0,0,0,0,0,0,0,0,0,0,0,0,0,0,0,0,0,0,0,0,0,0,0,0,0,0,0,0,0,1,0,0,3,0,0,0,53,0,0,0,0,0,0,21,0,0,0,1,0,0,0,0,0,0,0,0,20,0,0,0,0,0,0,0,0,0,0,0,0,0,0,0,0,0,3,0,1,0,0,10,0,9,0,0,0,0,15,0,0,11,0
2715,0,0,0,0,0,0,0,0,0,0,0,0,0,0,0,0,0,0,0,0,0,0,0,0,0,0,0,0,0,0,0,0,0,0,1,0,0,3,0,0,0,53,0,0,0,0,0,0,21,0,0,0,1,0,0,0,0,0,0,0,0,20,0,0,0,0,0,0,0,0,0,0,0,0,0,0,0,0,0,3,0,1,0,0,10,0,9,0,0,0,0,15,0,0,11,0
2716,0,0,0,0,0,0,0,0,0,0,0,0,0,0,0,0,0,0,0,0,0,0,0,0,0,0,0,0,0,0,0,0,0,0,1,0,0,3,0,0,0,53,0,0,0,0,0,0,21,0,0,0,1,0,0,0,0,0,0,0,0,20,0,0,0,0,0,0,0,0,0,0,0,0,0,0,0,0,0,3,0,1,0,0,10,0,9,0,0,0,0,15,0,0,11,0
2717,0,0,0,0,0,0,0,0,0,0,0,0,0,0,0,0,0,0,0,0,0,0,0,0,0,0,0,0,0,0,0,0,0,0,1,0,0,3,0,0,0,54,0,0,0,0,0,0,21,0,0,0,1,0,0,0,0,0,0,0,0,20,0,0,0,0,0,0,0,0,0,0,0,0,0,0,0,0,0,3,0,1,0,0,10,0,9,0,0,0,0,15,0,0,11,0
2718,0,0,0,0,0,0,0,0,0,0,0,0,0,0,0,0,0,0,0,0,0,0,0,0,0,0,0,0,0,0,0,0,0,0,1,0,0,3,0,0,0,55,0,0,0,0,0,0,21,0,0,0,1,0,0,0,0,0,0,0,0,20,0,0,0,0,0,0,0,0,0,0,0,0,0,0,0,0,0,3,0,1,0,0,10,0,9,0,0,0,0,15,0,0,11,0
2719,0,0,0,0,0,0,0,0,0,0,0,0,0,0,0,0,0,0,0,0,0,0,0,0,0,0,0,0,0,0,0,0,0,0,1,0,0,3,0,0,0,55,0,0,0,0,0,0,21,0,0,0,1,0,0,0,0,0,0,0,0,20,0,0,0,0,0,0,0,0,0,0,0,0,0,0,0,0,0,3,0,1,0,0,10,0,9,0,0,0,0,15,0,0,11,0
2720,0,0,0,0,0,0,0,0,0,0,0,0,0,0,0,0,0,0,0,0,0,0,0,0,0,0,0,0,0,0,0,0,0,0,1,0,0,3,0,0,0,55,0,0,0,0,0,0,20,0,0,0,1,0,0,0,0,0,0,0,0,20,0,0,0,0,0,0,0,0,0,0,0,0,0,0,0,0,0,3,0,1,0,0,10,0,9,0,0,0,0,15,0,0,11,0
2721,0,0,0,0,0,0,0,0,0,0,0,0,0,0,0,0,0,0,0,0,0,0,0,0,0,0,0,0,0,0,0,0,0,0,1,0,0,3,0,0,0,55,0,0,0,0,0,0,20,0,0,0,1,0,0,0,0,0,0,0,0,20,0,0,0,0,0,0,0,0,0,0,0,0,0,0,0,0,0,3,0,1,0,0,10,0,9,0,0,0,0,15,0,0,11,0
2722,0,0,0,0,0,0,0,0,0,0,0,0,0,0,0,0,0,0,0,0,0,0,0,0,0,0,0,0,0,0,0,0,0,0,1,0,0,3,0,0,0,56,0,0,0,0,0,0,20,0,0,0,1,0,0,0,0,0,0,0,0,20,0,0,0,0,0,0,0,0,0,0,0,0,0,0,0,0,0,3,0,1,0,0,10,0,8,0,0,0,0,15,0,0,11,0
2723,0,0,0,0,0,0,0,0,0,0,0,0,0,0,0,0,0,0,0,0,0,0,0,0,0,0,0,0,0,0,0,0,0,0,1,0,0,3,0,0,0,56,0,0,0,0,0,0,20,0,0,0,1,0,0,0,0,0,0,0,0,20,0,0,0,0,0,0,0,0,0,0,0,0,0,0,0,0,0,3,0,1,0,0,10,0,8,0,0,0,0,15,0,0,11,0
2724,0,0,0,0,0,0,0,0,0,0,0,0,0,0,0,0,0,0,0,0,0,0,0,0,0,0,0,0,0,0,0,0,0,0,1,0,0,3,0,0,0,57,0,0,0,0,0,0,20,0,0,0,1,0,0,0,0,0,0,0,0,20,0,0,0,0,0,0,0,0,0,0,0,0,0,0,0,0,0,3,0,1,0,0,10,0,8,0,0,0,0,15,0,0,11,0
2725,0,0,0,0,0,0,0,0,0,0,0,0,0,0,0,0,0,0,0,0,0,0,0,0,0,0,0,0,0,0,0,0,0,0,1,0,0,3,0,0,0,58,0,0,0,0,0,0,20,0,0,0,1,0,0,0,0,0,0,0,0,20,0,0,0,0,0,0,0,0,0,0,0,0,0,0,0,0,0,3,0,1,0,0,10,0,8,0,0,0,0,15,0,0,11,0
2726,0,0,0,0,0,0,0,0,0,0,0,0,0,0,0,0,0,0,0,0,0,0,0,0,0,0,0,0,0,0,0,0,0,0,1,0,0,3,0,0,0,58,0,0,0,0,0,0,20,0,0,0,1,0,0,0,0,0,0,0,0,20,0,0,0,0,0,0,0,0,0,0,0,0,0,0,0,0,0,3,0,1,0,0,10,0,8,0,0,0,0,15,0,0,11,0
2727,0,0,0,0,0,0,0,0,0,0,0,0,0,0,0,0,0,0,0,0,0,0,0,0,0,0,0,0,0,0,0,0,0,0,1,0,0,3,0,0,0,59,0,0,0,0,0,0,21,0,0,0,1,0,0,0,0,0,0,0,0,20,0,0,0,0,0,0,0,0,0,0,0,0,0,0,0,0,0,3,0,1,0,0,10,0,8,0,0,0,0,15,0,0,11,0
2728,0,0,0,0,0,0,0,0,0,0,0,0,0,0,0,0,0,0,0,0,0,0,0,0,0,0,0,0,0,0,0,0,0,0,1,0,0,3,0,0,0,60,0,0,0,0,0,0,22,0,0,0,1,0,0,0,0,0,0,0,0,20,0,0,0,0,0,0,0,0,0,0,0,0,0,0,0,0,0,3,0,1,0,0,10,0,8,0,0,0,0,15,0,0,11,0
2729,0,0,0,0,0,0,0,0,0,0,0,0,0,0,0,0,0,0,0,0,0,0,0,0,0,0,0,0,0,0,0,0,0,0,1,0,0,3,0,0,0,60,0,0,0,0,0,0,22,0,0,0,1,0,0,0,0,0,0,0,0,20,0,0,0,0,0,0,0,0,0,0,0,0,0,0,0,0,0,3,0,1,0,0,10,0,8,0,0,0,0,15,0,0,11,0
2730,0,0,0,0,0,0,0,0,0,0,0,0,0,0,0,0,0,0,0,0,0,0,0,0,0,0,0,0,0,0,0,0,0,0,1,0,0,3,0,0,0,60,0,0,0,0,0,0,23,0,0,0,1,0,0,0,0,0,0,0,0,20,0,0,0,0,0,0,0,0,0,0,0,0,0,0,0,0,0,3,0,1,0,0,10,0,8,0,0,0,0,15,0,0,11,0
2731,0,0,0,0,0,0,0,0,0,0,0,0,0,0,0,0,0,0,0,0,0,0,0,0,0,0,0,0,0,0,0,0,0,0,1,0,0,3,0,0,0,60,0,0,0,0,0,0,23,0,0,0,1,0,0,0,0,0,0,0,0,20,0,0,0,0,0,0,0,0,0,0,0,0,0,0,0,0,0,3,0,1,0,0,10,0,8,0,0,0,0,15,0,0,11,0
2732,0,0,0,0,0,0,0,0,0,0,0,0,0,0,0,0,0,0,0,0,0,0,0,0,0,0,0,0,0,0,0,0,0,0,1,0,0,3,0,0,0,60,0,0,0,0,0,0,23,0,0,0,1,0,0,0,0,0,0,0,0,20,0,0,0,0,0,0,0,0,0,0,0,0,0,0,0,0,0,3,0,1,0,0,9,0,8,0,0,0,0,15,0,0,11,0
2733,0,0,0,0,0,0,0,0,0,0,0,0,0,0,0,0,0,0,0,0,0,0,0,0,0,0,0,0,0,0,0,0,0,0,1,0,0,3,0,0,0,61,0,0,0,0,0,0,23,0,0,0,1,0,0,0,0,0,0,0,0,20,0,0,0,0,0,0,0,0,0,0,0,0,0,0,0,0,0,3,0,1,0,0,9,0,8,0,0,0,0,15,0,0,12,0
2734,0,0,0,0,0,0,0,0,0,0,0,0,0,0,0,0,0,0,0,0,0,0,0,0,0,0,0,0,0,0,0,0,0,0,1,0,0,3,0,0,0,61,0,0,0,0,0,0,23,0,0,0,1,0,0,0,0,0,0,0,0,20,0,0,0,0,0,0,0,0,0,0,0,0,0,0,0,0,0,3,0,1,0,0,9,0,8,0,0,0,0,15,0,0,12,0
2735,0,0,0,0,0,0,0,0,0,0,0,0,0,0,0,0,0,0,0,0,0,0,0,0,0,0,0,0,0,0,0,0,0,0,1,0,0,3,0,0,0,61,0,0,0,0,0,0,23,0,0,0,1,0,0,0,0,0,0,0,0,20,0,0,0,0,0,0,0,0,0,0,0,0,0,0,0,0,0,3,0,1,0,0,9,0,8,0,0,0,0,15,0,0,12,0
2736,0,0,0,0,0,0,0,0,0,0,0,0,0,0,0,0,0,0,0,0,0,0,0,0,0,0,0,0,0,0,0,0,0,0,1,0,0,3,0,0,0,62,0,0,0,0,0,0,23,0,0,0,1,0,0,0,0,0,0,0,0,20,0,0,0,0,0,0,0,0,0,0,0,0,0,0,0,0,0,3,0,1,0,0,9,0,8,0,0,0,0,15,0,0,12,0
2737,0,0,0,0,0,0,0,0,0,0,0,0,0,0,0,0,0,0,0,0,0,0,0,0,0,0,0,0,0,0,0,0,0,0,1,0,0,3,0,0,0,62,0,0,0,0,0,0,23,0,0,0,1,0,0,0,0,0,0,0,0,20,0,0,0,0,0,0,0,0,0,0,0,0,0,0,0,0,0,3,0,1,0,0,9,0,8,0,0,0,0,15,0,0,12,0
2738,0,0,0,0,0,0,0,0,0,0,0,0,0,0,0,0,0,0,0,0,0,0,0,0,0,0,0,0,0,0,0,0,0,0,1,0,0,3,0,0,0,62,0,0,0,0,0,0,23,0,0,0,1,0,0,0,0,0,0,0,0,20,0,0,0,0,0,0,0,0,0,0,0,0,0,0,0,0,0,3,0,1,0,0,9,0,8,0,0,0,0,15,0,0,12,0
2739,0,0,0,0,0,0,0,0,0,0,0,0,0,0,0,0,0,0,0,0,0,0,0,0,0,0,0,0,0,0,0,0,0,0,1,0,0,3,0,0,0,61,0,0,0,0,0,0,23,0,0,0,1,0,0,0,0,0,0,0,0,20,0,0,0,0,0,0,0,0,0,0,0,0,0,0,0,0,0,3,0,1,0,0,9,0,8,0,0,0,0,15,0,0,12,0
2740,0,0,0,0,0,0,0,0,0,0,0,0,0,0,0,0,0,0,0,0,0,0,0,0,0,0,0,0,0,0,0,0,0,0,1,0,0,3,0,0,0,61,0,0,0,0,0,0,23,0,0,0,1,0,0,0,0,0,0,0,0,20,0,0,0,0,0,0,0,0,0,0,0,0,0,0,0,0,0,3,0,1,0,0,9,0,8,0,0,0,0,16,0,0,12,0
2741,0,0,0,0,0,0,0,0,0,0,0,0,0,0,0,0,0,0,0,0,0,0,0,0,0,0,0,0,0,0,0,0,0,0,1,0,0,3,0,0,0,61,0,0,0,0,0,0,23,0,0,0,1,0,0,0,0,0,0,0,0,20,0,0,0,0,0,0,0,0,0,0,0,0,0,0,0,0,0,3,0,1,0,0,9,0,8,0,0,0,0,16,0,0,12,0
2742,0,0,0,0,0,0,0,0,0,0,0,0,0,0,0,0,0,0,0,0,0,0,0,0,0,0,0,0,0,0,0,0,0,0,1,0,0,3,0,0,0,61,0,0,0,0,0,0,23,0,0,0,1,0,0,0,0,0,0,0,0,20,0,0,0,0,0,0,0,0,0,0,0,0,0,0,0,0,0,4,0,1,0,0,9,0,8,0,0,0,0,16,0,0,12,0
2743,0,0,0,0,0,0,0,0,0,0,0,0,0,0,0,0,0,0,0,0,0,0,0,0,0,0,0,0,0,0,0,0,0,0,1,0,0,3,0,0,0,61,0,0,0,0,0,0,22,0,0,0,1,0,0,0,0,0,0,0,0,20,0,0,0,0,0,0,0,0,0,0,0,0,0,0,0,0,0,4,0,1,0,0,9,0,8,0,0,0,0,16,0,0,12,0
2744,0,0,0,0,0,0,0,0,0,0,0,0,0,0,0,0,0,0,0,0,0,0,0,0,0,0,0,0,0,0,0,0,0,0,1,0,0,3,0,0,0,62,0,0,0,0,0,0,21,0,0,0,1,0,0,0,0,0,0,0,0,20,0,0,0,0,0,0,0,0,0,0,0,0,0,0,0,0,0,4,0,1,0,0,9,0,8,0,0,0,0,16,0,0,12,0
2745,0,0,0,0,0,0,0,0,0,0,0,0,0,0,0,0,0,0,0,0,0,0,0,0,0,0,0,0,0,0,0,0,0,0,1,0,0,3,0,0,0,62,0,0,0,0,0,0,21,0,0,0,1,0,0,0,0,0,0,0,0,20,0,0,0,0,0,0,0,0,0,0,0,0,0,0,0,0,0,4,0,1,0,0,9,0,8,0,0,0,0,16,0,0,12,0
2746,0,0,0,0,0,0,0,0,0,0,0,0,0,0,0,0,0,0,0,0,0,0,0,0,0,0,0,0,0,0,0,0,0,0,1,0,0,3,0,0,0,64,0,0,0,0,0,0,21,0,0,0,1,0,0,0,0,0,0,0,0,21,0,0,0,0,0,0,0,0,0,0,0,0,0,0,0,0,0,4,0,1,0,0,9,0,8,0,0,0,0,16,0,0,12,0
2747,0,0,0,0,0,0,0,0,0,0,0,0,0,0,0,0,0,0,0,0,0,0,0,0,0,0,0,0,0,0,0,0,0,0,1,0,0,3,0,0,0,63,0,0,0,0,0,0,21,0,0,0,1,0,0,0,0,0,0,0,0,21,0,0,0,0,0,0,0,0,0,0,0,0,0,0,0,0,0,4,0,1,0,0,9,0,8,0,0,0,0,16,0,0,12,0
2748,0,0,0,0,0,0,0,0,0,0,0,0,0,0,0,0,0,0,0,0,0,0,0,0,0,0,0,0,0,0,0,0,0,0,1,0,0,3,0,0,0,63,0,0,0,0,0,0,21,0,0,0,1,0,0,0,0,0,0,0,0,21,0,0,0,0,0,0,0,0,0,0,0,0,0,0,0,0,0,4,0,1,0,0,9,0,8,0,0,0,0,16,0,0,12,0
2749,0,0,0,0,0,0,0,0,0,0,0,0,0,0,0,0,0,0,0,0,0,0,0,0,0,0,0,0,0,0,0,0,0,0,1,0,0,3,0,0,0,64,0,0,0,0,0,0,21,0,0,0,1,0,0,0,0,0,0,0,0,21,0,0,0,0,0,0,0,0,0,0,0,0,0,0,0,0,0,4,0,1,0,0,9,0,8,0,0,0,0,16,0,0,12,0
2750,0,0,0,0,0,0,0,0,0,0,0,0,0,0,0,0,0,0,0,0,0,0,0,0,0,0,0,0,0,0,0,0,0,0,1,0,0,3,0,0,0,65,0,0,0,0,0,0,21,0,0,0,1,0,0,0,0,0,0,0,0,21,0,0,0,0,0,0,0,0,0,0,0,0,0,0,0,0,0,4,0,1,0,0,9,0,8,0,0,0,0,16,0,0,12,0
2751,0,0,0,0,0,0,0,0,0,0,0,0,0,0,0,0,0,0,0,0,0,0,0,0,0,0,0,0,0,0,0,0,0,0,1,0,0,3,0,0,0,65,0,0,0,0,0,0,21,0,0,0,1,0,0,0,0,0,0,0,0,21,0,0,0,0,0,0,0,0,0,0,0,0,0,0,0,0,0,4,0,1,0,0,9,0,8,0,0,0,0,16,0,0,12,0
2752,0,0,0,0,0,0,0,0,0,0,0,0,0,0,0,0,0,0,0,0,0,0,0,0,0,0,0,0,0,0,0,0,0,0,1,0,0,3,0,0,0,67,0,0,0,0,0,0,21,0,0,0,1,0,0,0,0,0,0,0,0,21,0,0,0,0,0,0,0,0,0,0,0,0,0,0,0,0,0,4,0,1,0,0,9,0,8,0,0,0,0,16,0,0,12,0
2753,0,0,0,0,0,0,0,0,0,0,0,0,0,0,0,0,0,0,0,0,0,0,0,0,0,0,0,0,0,0,0,0,0,0,1,0,0,3,0,0,0,67,0,0,0,0,0,0,21,0,0,0,1,0,0,0,0,0,0,0,0,21,0,0,0,0,0,0,0,0,0,0,0,0,0,0,0,0,0,4,0,1,0,0,9,0,8,0,0,0,0,16,0,0,12,0
2754,0,0,0,0,0,0,0,0,0,0,0,0,0,0,0,0,0,0,0,0,0,0,0,0,0,0,0,0,0,0,0,0,0,0,1,0,0,4,0,0,0,67,0,0,0,0,0,0,21,0,0,0,1,0,0,0,0,0,0,0,0,21,0,0,0,0,0,0,0,0,0,0,0,0,0,0,0,0,0,4,0,1,0,0,9,0,8,0,0,0,0,16,0,0,12,0
2755,0,0,0,0,0,0,0,0,0,0,0,0,0,0,0,0,0,0,0,0,0,0,0,0,0,0,0,0,0,0,0,0,0,0,1,0,0,4,0,0,0,66,0,0,0,0,0,0,21,0,0,0,1,0,0,0,0,0,0,0,0,21,0,0,0,0,0,0,0,0,0,0,0,0,0,0,0,0,0,4,0,1,0,0,9,0,8,0,0,0,0,15,0,0,12,0
2756,0,0,0,0,0,0,0,0,0,0,0,0,0,0,0,0,0,0,0,0,0,0,0,0,0,0,0,0,0,0,0,0,0,0,1,0,0,4,0,0,0,66,0,0,0,0,0,0,21,0,0,0,1,0,0,0,0,0,0,0,0,21,0,0,0,0,0,0,0,0,0,0,0,0,0,0,0,0,0,4,0,1,0,0,9,0,8,0,0,0,0,15,0,0,12,0
2757,0,0,0,0,0,0,0,0,0,0,0,0,0,0,0,0,0,0,0,0,0,0,0,0,0,0,0,0,0,0,0,0,0,0,1,0,0,4,0,0,0,67,0,0,0,0,0,0,21,0,0,0,1,0,0,0,0,0,0,0,0,21,0,0,0,0,0,0,0,0,0,0,0,0,0,0,0,0,0,4,0,1,0,0,9,0,8,0,0,0,0,15,0,0,12,0
2758,0,0,0,0,0,0,0,0,0,0,0,0,0,0,0,0,0,0,0,0,0,0,0,0,0,0,0,0,0,0,0,0,0,0,1,0,0,4,0,0,0,66,0,0,0,0,0,0,21,0,0,0,1,0,0,0,0,0,0,0,0,21,0,0,0,0,0,0,0,0,0,0,0,0,0,0,0,0,0,4,0,1,0,0,9,0,8,0,0,0,0,15,0,0,12,0
2759,0,0,0,0,0,0,0,0,0,0,0,0,0,0,0,0,0,0,0,0,0,0,0,0,0,0,0,0,0,0,0,0,0,0,1,0,0,4,0,0,0,64,0,0,0,0,0,0,21,0,0,0,1,0,0,0,0,0,0,0,0,21,0,0,0,0,0,0,0,0,0,0,0,0,0,0,0,0,0,4,0,1,0,0,9,0,8,0,0,0,0,15,0,0,12,0
2760,0,0,0,0,0,0,0,0,0,0,0,0,0,0,0,0,0,0,0,0,0,0,0,0,0,0,0,0,0,0,0,0,0,0,1,0,0,4,0,0,0,65,0,0,0,0,0,0,21,0,0,0,1,0,0,0,0,0,0,0,0,21,0,0,0,0,0,0,0,0,0,0,0,0,0,0,0,0,0,5,0,1,0,0,9,0,7,0,0,0,0,15,0,0,13,0
2761,0,0,0,0,0,0,0,0,0,0,0,0,0,0,0,0,0,0,0,0,0,0,0,0,0,0,0,0,0,0,0,0,0,0,1,0,0,4,0,0,0,65,0,0,0,0,0,0,21,0,0,0,1,0,0,0,0,0,0,0,0,21,0,0,0,0,0,0,0,0,0,0,0,0,0,0,0,0,0,5,0,1,0,0,8,0,7,0,0,0,0,15,0,0,13,0
2762,0,0,0,0,0,0,0,0,0,0,0,0,0,0,0,0,0,0,0,0,0,0,0,0,0,0,0,0,0,0,0,0,0,0,0,0,0,4,0,0,0,65,0,0,0,0,0,0,21,0,0,0,1,0,0,0,0,0,0,0,0,21,0,0,0,0,0,0,0,0,0,0,0,0,0,0,0,0,0,5,0,1,0,0,8,0,7,0,0,0,0,15,0,0,13,0
2763,0,0,0,0,0,0,0,0,0,0,0,0,0,0,0,0,0,0,0,0,0,0,0,0,0,0,0,0,0,0,0,0,0,0,0,0,0,4,0,0,0,65,0,0,0,0,0,0,21,0,0,0,1,0,0,0,0,0,0,0,0,21,0,0,0,0,0,0,0,0,0,0,0,0,0,0,0,0,0,5,0,1,0,0,8,0,7,0,0,0,0,15,0,0,14,0
2764,0,0,0,0,0,0,0,0,0,0,0,0,0,0,0,0,0,0,0,0,0,0,0,0,0,0,0,0,0,0,0,0,0,0,0,0,0,4,0,0,0,65,0,0,0,0,0,0,22,0,0,0,1,0,0,0,0,0,0,0,0,21,0,0,0,0,0,0,0,0,0,0,0,0,0,0,0,0,0,5,0,1,0,0,8,0,7,0,0,0,0,15,0,0,13,0
2765,0,0,0,0,0,0,0,0,0,0,0,0,0,0,0,0,0,0,0,0,0,0,0,0,0,0,0,0,0,0,0,0,0,0,0,0,0,4,0,0,0,66,0,0,0,0,0,0,22,0,0,0,1,0,0,0,0,0,0,0,0,21,0,0,0,0,0,0,0,0,0,0,0,0,0,0,0,0,0,5,0,1,0,0,8,0,7,0,0,0,0,14,0,0,13,0
2766,0,0,0,0,0,0,0,0,0,0,0,0,0,0,0,0,0,0,0,0,0,0,0,0,0,0,0,0,0,0,0,0,0,0,0,0,0,4,0,0,0,66,0,0,0,0,0,0,22,0,0,0,1,0,0,0,0,0,0,0,0,20,0,0,0,0,0,0,0,0,0,0,0,0,0,0,0,0,0,5,0,1,0,0,8,0,7,0,0,0,0,14,0,0,13,0
2767,0,0,0,0,0,0,0,0,0,0,0,0,0,0,0,0,0,0,0,0,0,0,0,0,0,0,0,0,0,0,0,0,0,0,0,0,0,4,0,0,0,68,0,0,0,0,0,0,22,0,0,0,1,0,0,0,0,0,0,0,0,20,0,0,0,0,0,0,0,0,0,0,0,0,0,0,0,0,0,5,0,1,0,0,8,0,7,0,0,0,0,14,0,0,13,0
2768,0,0,0,0,0,0,0,0,0,0,0,0,0,0,0,0,0,0,0,0,0,0,0,0,0,0,0,0,0,0,0,0,0,0,0,0,0,4,0,0,0,69,0,0,0,0,0,0,22,0,0,0,1,0,0,0,0,0,0,0,0,20,0,0,0,0,0,0,0,0,0,0,0,0,0,0,0,0,0,5,0,1,0,0,7,0,7,0,0,0,0,14,0,0,13,0
2769,0,0,0,0,0,0,0,0,0,0,0,0,0,0,0,0,0,0,0,0,0,0,0,0,0,0,0,0,0,0,0,0,0,0,0,0,0,4,0,0,0,70,0,0,0,0,0,0,22,0,0,0,1,0,0,0,0,0,0,0,0,20,0,0,0,0,0,0,0,0,0,0,0,0,0,0,0,0,0,5,0,1,0,0,7,0,7,0,0,0,0,14,0,0,13,0
2770,0,0,0,0,0,0,0,0,0,0,0,0,0,0,0,0,0,0,0,0,0,0,0,0,0,0,0,0,0,0,0,0,0,0,0,0,0,4,0,0,0,70,0,0,0,0,0,0,23,0,0,0,1,0,0,0,0,0,0,0,0,20,0,0,0,0,0,0,0,0,0,0,0,0,0,0,0,0,0,5,0,1,0,0,7,0,7,0,0,0,0,14,0,0,13,0
2771,0,0,0,0,0,0,0,0,0,0,0,0,0,0,0,0,0,0,0,0,0,0,0,0,0,0,0,0,0,0,0,0,0,0,0,0,0,4,0,0,0,70,0,0,0,0,0,0,23,0,0,0,1,0,0,0,0,0,0,0,0,21,0,0,0,0,0,0,0,0,0,0,0,0,0,0,0,0,0,5,0,1,0,0,7,0,7,0,0,0,0,14,0,0,13,0
2772,0,0,0,0,0,0,0,0,0,0,0,0,0,0,0,0,0,0,0,0,0,0,0,0,0,0,0,0,0,0,0,0,0,0,0,0,0,4,0,0,0,70,0,0,0,0,0,0,23,0,0,0,1,0,0,0,0,0,0,0,0,21,0,0,0,0,0,0,0,0,0,0,0,0,0,0,0,0,0,5,0,1,0,0,7,0,7,0,0,0,0,14,0,0,13,0
2773,0,0,0,0,0,0,0,0,0,0,0,0,0,0,0,0,0,0,0,0,0,0,0,0,0,0,0,0,0,0,0,0,0,0,0,0,0,4,0,0,0,70,0,0,0,0,0,0,23,0,0,0,1,0,0,0,0,0,0,0,0,21,0,0,0,0,0,0,0,0,0,0,0,0,0,0,0,0,0,5,0,1,0,0,7,0,7,0,0,0,0,14,0,0,13,0
2774,0,0,0,0,0,0,0,0,0,0,0,0,0,0,0,0,0,0,0,0,0,0,0,0,0,0,0,0,0,0,0,0,0,0,0,0,0,4,0,0,0,70,0,0,0,0,0,0,23,0,0,0,1,0,0,0,0,0,0,0,0,21,0,0,0,0,0,0,0,0,0,0,0,0,0,0,0,0,0,5,0,1,0,0,7,0,7,0,0,0,0,14,0,0,13,0
2775,0,0,0,0,0,0,0,0,0,0,0,0,0,0,0,0,0,0,0,0,0,0,0,0,0,0,0,0,0,0,0,0,0,0,0,0,0,4,0,0,0,70,0,0,0,0,0,0,23,0,0,0,1,0,0,0,0,0,0,0,0,22,0,0,0,0,0,0,0,0,0,0,0,0,0,0,0,0,0,5,0,1,0,0,7,0,7,0,0,0,0,14,0,0,13,0
2776,0,0,0,0,0,0,0,0,0,0,0,0,0,0,0,0,0,0,0,0,0,0,0,0,0,0,0,0,0,0,0,0,0,0,0,0,0,4,0,0,0,70,0,0,0,0,0,0,23,0,0,0,1,0,0,0,0,0,0,0,0,22,0,0,0,0,0,0,0,0,0,0,0,0,0,0,0,0,0,5,0,1,0,0,7,0,6,0,0,0,0,14,0,0,13,0
2777,0,0,0,0,0,0,0,0,0,0,0,0,0,0,0,0,0,0,0,0,0,0,0,0,0,0,0,0,0,0,0,0,0,0,0,0,0,4,0,0,0,70,0,0,0,0,0,0,23,0,0,0,1,0,0,0,0,0,0,0,0,22,0,0,0,0,0,0,0,0,0,0,0,0,0,0,0,0,0,5,0,1,0,0,7,0,6,0,0,0,0,14,0,0,13,0
2778,0,0,0,0,0,0,0,0,0,0,0,0,0,0,0,0,0,0,0,0,0,0,0,0,0,0,0,0,0,0,0,0,0,0,0,0,0,4,0,0,0,70,0,0,0,0,0,0,23,0,0,0,1,0,0,0,0,0,0,0,0,22,0,0,0,0,0,0,0,0,0,0,0,0,0,0,0,0,0,5,0,1,0,0,7,0,6,0,0,0,0,14,0,0,13,0
2779,0,0,0,0,0,0,0,0,0,0,0,0,0,0,0,0,0,0,0,0,0,0,0,0,0,0,0,0,0,0,0,0,0,0,0,0,0,4,0,0,0,70,0,0,0,0,0,0,23,0,0,0,1,0,0,0,0,0,0,0,0,22,0,0,0,0,0,0,0,0,0,0,0,0,0,0,0,0,0,5,0,1,0,0,7,0,6,0,0,0,0,14,0,0,13,0
2780,0,0,0,0,0,0,0,0,0,0,0,0,0,0,0,0,0,0,0,0,0,0,0,0,0,0,0,0,0,0,0,0,0,0,0,0,0,4,0,0,0,69,0,0,0,0,0,0,23,0,0,0,1,0,0,0,0,0,0,0,0,22,0,0,0,0,0,0,0,0,0,0,0,0,0,0,0,0,0,5,0,1,0,0,7,0,6,0,0,0,0,14,0,0,13,0
2781,0,0,0,0,0,0,0,0,0,0,0,0,0,0,0,0,0,0,0,0,0,0,0,0,0,0,0,0,0,0,0,0,0,0,0,0,0,4,0,0,0,69,0,0,0,0,0,0,23,0,0,0,1,0,0,0,0,0,0,0,0,22,0,0,0,0,0,0,0,0,0,0,0,0,0,0,0,0,0,5,0,1,0,0,7,0,6,0,0,0,0,14,0,0,13,0
2782,0,0,0,0,0,0,0,0,0,0,0,0,0,0,0,0,0,0,0,0,0,0,0,0,0,0,0,0,0,0,0,0,0,0,0,0,0,4,0,0,0,72,0,0,0,0,0,0,23,0,0,0,1,0,0,0,0,0,0,0,0,23,0,0,0,0,0,0,0,0,0,0,0,0,0,0,0,0,0,5,0,1,0,0,7,0,6,0,0,0,0,14,0,0,13,0
2783,0,0,0,0,0,0,0,0,0,0,0,0,0,0,0,0,0,0,0,0,0,0,0,0,0,0,0,0,0,0,0,0,0,0,0,0,0,4,0,0,0,72,0,0,0,0,0,0,23,0,0,0,1,0,0,0,0,0,0,0,0,23,0,0,0,0,0,0,0,0,0,0,0,0,0,0,0,0,0,5,0,1,0,0,7,0,6,0,0,0,0,14,0,0,13,0
2784,0,0,0,0,0,0,0,0,0,0,0,0,0,0,0,0,0,0,0,0,0,0,0,0,0,0,0,0,0,0,0,0,0,0,0,0,0,4,0,0,0,72,0,0,0,0,0,0,23,0,0,0,1,0,0,0,0,0,0,0,0,23,0,0,0,0,0,0,0,0,0,0,0,0,0,0,0,0,0,6,0,1,0,0,7,0,6,0,0,0,0,14,0,0,12,0
2785,0,0,0,0,0,0,0,0,0,0,0,0,0,0,0,0,0,0,0,0,0,0,0,0,0,0,0,0,0,0,0,0,0,0,0,0,0,4,0,0,0,74,0,0,0,0,0,0,23,0,0,0,1,0,0,0,0,0,0,0,0,23,0,0,0,0,0,0,0,0,0,0,0,0,0,0,0,0,0,6,0,1,0,0,7,0,6,0,0,0,0,14,0,0,12,0
2786,0,0,0,0,0,0,0,0,0,0,0,0,0,0,0,0,0,0,0,0,0,0,0,0,0,0,0,0,0,0,0,0,0,0,0,0,0,4,0,0,0,74,0,0,0,0,0,0,23,0,0,0,1,0,0,0,0,0,0,0,0,23,0,0,0,0,0,0,0,0,0,0,0,0,0,0,0,0,0,6,0,1,0,0,7,0,6,0,0,0,0,14,0,0,12,0
2787,0,0,0,0,0,0,0,0,0,0,0,0,0,0,0,0,0,0,0,0,0,0,0,0,0,0,0,0,0,0,0,0,0,0,0,0,0,4,0,0,0,76,0,0,0,0,0,0,23,0,0,0,1,0,0,0,0,0,0,0,0,24,0,0,0,0,0,0,0,0,0,0,0,0,0,0,0,0,0,6,0,1,0,0,8,0,6,0,0,0,0,14,0,0,12,0
2788,0,0,0,0,0,0,0,0,0,0,0,0,0,0,0,0,0,0,0,0,0,0,0,0,0,0,0,0,0,0,0,0,0,0,0,0,0,4,0,0,0,76,0,0,0,0,0,0,23,0,0,0,1,0,0,0,0,0,0,0,0,24,0,0,0,0,0,0,0,0,0,0,0,0,0,0,0,0,0,6,0,1,0,0,8,0,6,0,0,0,0,14,0,0,12,0
2789,0,0,0,0,0,0,0,0,0,0,0,0,0,0,0,0,0,0,0,0,0,0,0,0,0,0,0,0,0,0,0,0,0,0,0,0,0,4,0,0,0,75,0,0,0,0,0,0,23,0,0,0,1,0,0,0,0,0,0,0,0,24,0,0,0,0,0,0,0,0,0,0,0,0,0,0,0,0,0,6,0,1,0,0,8,0,6,0,0,0,0,14,0,0,12,0
2790,0,0,0,0,0,0,0,0,0,0,0,0,0,0,0,0,0,0,0,0,0,0,0,0,0,0,0,0,0,0,0,0,0,0,0,0,0,4,0,0,0,75,0,0,0,0,0,0,23,0,0,0,1,0,0,0,0,0,0,0,0,24,0,0,0,0,0,0,0,0,0,0,0,0,0,0,0,0,0,6,0,1,0,0,8,0,6,0,0,0,0,14,0,0,12,0
2791,0,0,0,0,0,0,0,0,0,0,0,0,0,0,0,0,0,0,0,0,0,0,0,0,0,0,0,0,0,0,0,0,0,0,0,0,0,4,0,0,0,74,0,0,0,0,0,0,24,0,0,0,1,0,0,0,0,0,0,0,0,25,0,0,0,0,0,0,0,0,0,0,0,0,0,0,0,0,0,6,0,1,0,0,9,0,6,0,0,0,0,14,0,0,12,0
2792,0,0,0,0,0,0,0,0,0,0,0,0,0,0,0,0,0,0,0,0,0,0,0,0,0,0,0,0,0,0,0,0,0,0,0,0,0,4,0,0,0,73,0,0,0,0,0,0,24,0,0,0,1,0,0,0,0,0,0,0,0,26,0,0,0,0,0,0,0,0,0,0,0,0,0,0,0,0,0,6,0,1,0,0,9,0,6,0,0,0,0,14,0,0,12,0
2793,0,0,0,0,0,0,0,0,0,0,0,0,0,0,0,0,0,0,0,0,0,0,0,0,0,0,0,0,0,0,0,0,0,0,0,0,0,4,0,0,0,72,0,0,0,0,0,0,23,0,0,0,1,0,0,0,0,0,0,0,0,26,0,0,0,0,0,0,0,0,0,0,0,0,0,0,0,0,0,6,0,1,0,0,9,0,6,0,0,0,0,14,0,0,12,0
2794,0,0,0,0,0,0,0,0,0,0,0,0,0,0,0,0,0,0,0,0,0,0,0,0,0,0,0,0,0,0,0,0,0,0,0,0,0,4,0,0,0,72,0,0,0,0,0,0,23,0,0,0,1,0,0,0,0,0,0,0,0,27,0,0,0,0,0,0,0,0,0,0,0,0,0,0,0,0,0,6,0,1,0,0,9,0,6,0,0,0,0,14,0,0,12,0
2795,0,0,0,0,0,0,0,0,0,0,0,0,0,0,0,0,0,0,0,0,0,0,0,0,0,0,0,0,0,0,0,0,0,0,0,0,0,4,0,0,0,73,0,0,0,0,0,0,23,0,0,0,1,0,0,0,0,0,0,0,0,28,0,0,0,0,0,0,0,0,0,0,0,0,0,0,0,0,0,6,0,1,0,0,9,0,6,0,0,0,0,14,0,0,12,0
2796,0,0,0,0,0,0,0,0,0,0,0,0,0,0,0,0,0,0,0,0,0,0,0,0,0,0,0,0,0,0,0,0,0,0,0,0,0,4,0,0,0,73,0,0,0,0,0,0,23,0,0,0,1,0,0,0,0,0,0,0,0,28,0,0,0,0,0,0,0,0,0,0,0,0,0,0,0,0,0,6,0,1,0,0,9,0,6,0,0,0,0,14,0,0,12,0
2797,0,0,0,0,0,0,0,0,0,0,0,0,0,0,0,0,0,0,0,0,0,0,0,0,0,0,0,0,0,0,0,0,0,0,0,0,0,4,0,0,0,74,0,0,0,0,0,0,23,0,0,0,1,0,0,0,0,0,0,0,0,28,0,0,0,0,0,0,0,0,0,0,0,0,0,0,0,0,0,6,0,1,0,0,9,0,6,0,0,0,0,14,0,0,12,0
2798,0,0,0,0,0,0,0,0,0,0,0,0,0,0,0,0,0,0,0,0,0,0,0,0,0,0,0,0,0,0,0,0,0,0,0,0,0,4,0,0,0,73,0,0,0,0,0,0,23,0,0,0,1,0,0,0,0,0,0,0,0,28,0,0,0,0,0,0,0,0,0,0,0,0,0,0,0,0,0,6,0,1,0,0,9,0,6,0,0,0,0,14,0,0,12,0
2799,0,0,0,0,0,0,0,0,0,0,0,0,0,0,0,0,0,0,0,0,0,0,0,0,0,0,0,0,0,0,0,0,0,0,0,0,0,4,0,0,0,73,0,0,0,0,0,0,23,0,0,0,1,0,0,0,0,0,0,0,0,28,0,0,0,0,0,0,0,0,0,0,0,0,0,0,0,0,0,6,0,1,0,0,9,0,5,0,0,0,0,14,0,0,12,0
2800,0,0,0,0,0,0,0,0,0,0,0,0,0,0,0,0,0,0,0,0,0,0,0,0,0,0,0,0,0,0,0,0,0,0,0,0,0,4,0,0,0,74,0,0,0,0,0,0,23,0,0,0,1,0,0,0,0,0,0,0,0,29,0,0,0,0,0,0,0,0,0,0,0,0,0,0,0,0,0,6,0,1,0,0,9,0,5,0,0,0,0,14,0,0,12,0
2801,0,0,0,0,0,0,0,0,0,0,0,0,0,0,0,0,0,0,0,0,0,0,0,0,0,0,0,0,0,0,0,0,0,0,0,0,0,4,0,0,0,74,0,0,0,0,0,0,23,0,0,0,1,0,0,0,0,0,0,0,0,29,0,0,0,0,0,0,0,0,0,0,0,0,0,0,0,0,0,6,0,1,0,0,9,0,5,0,0,0,0,14,0,0,12,0
2802,0,0,0,0,0,0,0,0,0,0,0,0,0,0,0,0,0,0,0,0,0,0,0,0,0,0,0,0,0,0,0,0,0,0,0,0,0,4,0,0,0,74,0,0,0,0,0,0,23,0,0,0,1,0,0,0,0,0,0,0,0,29,0,0,0,0,0,0,0,0,0,0,0,0,0,0,0,0,0,5,0,1,0,0,10,0,5,0,0,0,0,14,0,0,13,0
2803,0,0,0,0,0,0,0,0,0,0,0,0,0,0,0,0,0,0,0,0,0,0,0,0,0,0,0,0,0,0,0,0,0,0,0,0,0,4,0,0,0,74,0,0,0,0,0,0,23,0,0,0,1,0,0,0,0,0,0,0,0,30,0,0,0,0,0,0,0,0,0,0,0,0,0,0,0,0,0,5,0,1,0,0,10,0,5,0,0,0,0,14,0,0,13,0
2804,0,0,0,0,0,0,0,0,0,0,0,0,0,0,0,0,0,0,0,0,0,0,0,0,0,0,0,0,0,0,0,0,0,0,0,0,0,4,0,0,0,74,0,0,0,0,0,0,23,0,0,0,1,0,0,0,0,0,0,0,0,29,0,0,0,0,0,0,0,0,0,0,0,0,0,0,0,0,0,5,0,1,0,0,10,0,5,0,0,0,0,14,0,0,13,0
2805,0,0,0,0,0,0,0,0,0,0,0,0,0,0,0,0,0,0,0,0,0,0,0,0,0,0,0,0,0,0,0,0,0,0,0,0,0,4,0,0,0,74,0,0,0,0,0,0,23,0,0,0,1,0,0,0,0,0,0,0,0,29,0,0,0,0,0,0,0,0,0,0,0,0,0,0,0,0,0,5,0,1,0,0,10,0,5,0,0,0,0,14,0,0,12,0
2806,0,0,0,0,0,0,0,0,0,0,0,0,0,0,0,0,0,0,0,0,0,0,0,0,0,0,0,0,0,0,0,0,0,0,0,0,0,4,0,0,0,74,0,0,0,0,0,0,23,0,0,0,1,0,0,0,0,0,0,0,0,29,0,0,0,0,0,0,0,0,0,0,0,0,0,0,0,0,0,5,0,0,0,0,10,0,5,0,0,0,0,14,0,0,12,0
2807,0,0,0,0,0,0,0,0,0,0,0,0,0,0,0,0,0,0,0,0,0,0,0,0,0,0,0,0,0,0,0,0,0,0,0,0,0,4,0,0,0,75,0,0,0,0,0,0,22,0,0,0,1,0,0,0,0,0,0,0,0,29,0,0,0,0,0,0,0,0,0,0,0,0,0,0,0,0,0,5,0,0,0,0,10,0,5,0,0,0,0,14,0,0,12,0
2808,0,0,0,0,0,0,0,0,0,0,0,0,0,0,0,0,0,0,0,0,0,0,0,0,0,0,0,0,0,0,0,0,0,0,0,0,0,4,0,0,0,74,0,0,0,0,0,0,22,0,0,0,1,0,0,0,0,0,0,0,0,29,0,0,0,0,0,0,0,0,0,0,0,0,0,0,0,0,0,5,0,0,0,0,10,0,5,0,0,0,0,14,0,0,12,0
2809,0,0,0,0,0,0,0,0,0,0,0,0,0,0,0,0,0,0,0,0,0,0,0,0,0,0,0,0,0,0,0,0,0,0,0,0,0,4,0,0,0,74,0,0,0,0,0,0,22,0,0,0,1,0,0,0,0,0,0,0,0,29,0,0,0,0,0,0,0,0,0,0,0,0,0,0,0,0,0,5,0,0,0,0,10,0,5,0,0,0,0,15,0,0,12,0
2810,0,0,0,0,0,0,0,0,0,0,0,0,0,0,0,0,0,0,0,0,0,0,0,0,0,0,0,0,0,0,0,0,0,0,0,0,0,4,0,0,0,74,0,0,0,0,0,0,22,0,0,0,1,0,0,0,0,0,0,0,0,29,0,0,0,0,0,0,0,0,0,0,0,0,0,0,0,0,0,5,0,0,0,0,10,0,5,0,0,0,0,15,0,0,12,0
2811,0,0,0,0,0,0,0,0,0,0,0,0,0,0,0,0,0,0,0,0,0,0,0,0,0,0,0,0,0,0,0,0,0,0,0,0,0,4,0,0,0,74,0,0,0,0,0,0,22,0,0,0,1,0,0,0,0,0,0,0,0,30,0,0,0,0,0,0,0,0,0,0,0,0,0,0,0,0,0,5,0,0,0,0,10,0,5,0,0,0,0,15,0,0,12,0
2812,0,0,0,0,0,0,0,0,0,0,0,0,0,0,0,0,0,0,0,0,0,0,0,0,0,0,0,0,0,0,0,0,0,0,0,0,0,4,0,0,0,74,0,0,0,0,0,0,22,0,0,0,1,0,0,0,0,0,0,0,0,30,0,0,0,0,0,0,0,0,0,0,0,0,0,0,0,0,0,5,0,0,0,0,10,0,5,0,0,0,0,15,0,0,12,0
2813,0,0,0,0,0,0,0,0,0,0,0,0,0,0,0,0,0,0,0,0,0,0,0,0,0,0,0,0,0,0,0,0,0,0,0,0,0,4,0,0,0,75,0,0,0,0,0,0,23,0,0,0,1,0,0,0,0,0,0,0,0,30,0,0,0,0,0,0,0,0,0,0,0,0,0,0,0,0,0,5,0,0,0,0,10,0,5,0,0,0,0,15,0,0,12,0
2814,0,0,0,0,0,0,0,0,0,0,0,0,0,0,0,0,0,0,0,0,0,0,0,0,0,0,0,0,0,0,0,0,0,0,0,0,0,4,0,0,0,74,0,0,0,0,0,0,23,0,0,0,1,0,0,0,0,0,0,0,0,30,0,0,0,0,0,0,0,0,0,0,0,0,0,0,0,0,0,5,0,0,0,0,10,0,5,0,0,0,0,15,0,0,12,0
2815,0,0,0,0,0,0,0,0,0,0,0,0,0,0,0,0,0,0,0,0,0,0,0,0,0,0,0,0,0,0,0,0,0,0,0,0,0,4,0,0,0,75,0,0,0,0,0,0,23,0,0,0,1,0,0,0,0,0,0,0,0,30,0,0,0,0,0,0,0,0,0,0,0,0,0,0,0,0,0,5,0,0,0,0,10,0,5,0,0,0,0,15,0,0,11,0
2816,0,0,0,0,0,0,0,0,0,0,0,0,0,0,0,0,0,0,0,0,0,0,0,0,0,0,0,0,0,0,0,0,0,0,0,0,0,4,0,0,0,75,0,0,0,0,0,0,23,0,0,0,1,0,0,0,0,0,0,0,0,30,0,0,0,0,0,0,0,0,0,0,0,0,0,0,0,0,0,5,0,0,0,0,10,0,5,0,0,0,0,15,0,0,11,0
2817,0,0,0,0,0,0,0,0,0,0,0,0,0,0,0,0,0,0,0,0,0,0,0,0,0,0,0,0,0,0,0,0,0,0,0,0,0,4,0,0,0,75,0,0,0,0,0,0,22,0,0,0,1,0,0,0,0,0,0,0,0,30,0,0,0,0,0,0,0,0,0,0,0,0,0,0,0,0,0,5,0,0,0,0,10,0,5,0,0,0,0,15,0,0,12,0
2818,0,0,0,0,0,0,0,0,0,0,0,0,0,0,0,0,0,0,0,0,0,0,0,0,0,0,0,0,0,0,0,0,0,0,0,0,0,4,0,0,0,76,0,0,0,0,0,0,22,0,0,0,1,0,0,0,0,0,0,0,0,30,0,0,0,0,0,0,0,0,0,0,0,0,0,0,0,0,0,5,0,0,0,0,10,0,5,0,0,0,0,15,0,0,12,0
2819,0,0,0,0,0,0,0,0,0,0,0,0,0,0,0,0,0,0,0,0,0,0,0,0,0,0,0,0,0,0,0,0,0,0,0,0,0,4,0,0,0,75,0,0,0,0,0,0,22,0,0,0,1,0,0,0,0,0,0,0,0,30,0,0,0,0,0,0,0,0,0,0,0,0,0,0,0,0,0,5,0,0,0,0,9,0,5,0,0,0,0,15,0,0,12,0
2820,0,0,0,0,0,0,0,0,0,0,0,0,0,0,0,0,0,0,0,0,0,0,0,0,0,0,0,0,0,0,0,0,0,0,0,0,0,4,0,0,0,75,0,0,0,0,0,0,22,0,0,0,1,0,0,0,0,0,0,0,0,29,0,0,0,0,0,0,0,0,0,0,0,0,0,0,0,0,0,5,0,0,0,0,9,0,5,0,0,0,0,15,0,0,12,0
2821,0,0,0,0,0,0,0,0,0,0,0,0,0,0,0,0,0,0,0,0,0,0,0,0,0,0,0,0,0,0,0,0,0,0,0,0,0,4,0,0,0,75,0,0,0,0,0,0,21,0,0,0,1,0,0,0,0,0,0,0,0,29,0,0,0,0,0,0,0,0,0,0,0,0,0,0,0,0,0,5,0,0,0,0,9,0,5,0,0,0,0,14,0,0,12,0
2822,0,0,0,0,0,0,0,0,0,0,0,0,0,0,0,0,0,0,0,0,0,0,0,0,0,0,0,0,0,0,0,0,0,0,0,0,0,4,0,0,0,75,0,0,0,0,0,0,21,0,0,0,1,0,0,0,0,0,0,0,0,29,0,0,0,0,0,0,0,0,0,0,0,0,0,0,0,0,0,5,0,0,0,0,9,0,5,0,0,0,0,14,0,0,12,0
2823,0,0,0,0,0,0,0,0,0,0,0,0,0,0,0,0,0,0,0,0,0,0,0,0,0,0,0,0,0,0,0,0,0,0,0,0,0,4,0,0,0,75,0,0,0,0,0,0,21,0,0,0,1,0,0,0,0,0,0,0,0,29,0,0,0,0,0,0,0,0,0,0,0,0,0,0,0,0,0,5,0,0,0,0,9,0,5,0,0,0,0,14,0,0,12,0
2824,0,0,0,0,0,0,0,0,0,0,0,0,0,0,0,0,0,0,0,0,0,0,0,0,0,0,0,0,0,0,0,0,0,0,0,0,0,4,0,0,0,74,0,0,0,0,0,0,20,0,0,0,1,0,0,0,0,0,0,0,0,29,0,0,0,0,0,0,0,0,0,0,0,0,0,0,0,0,0,5,0,0,0,0,9,0,5,0,0,0,0,14,0,0,12,0
2825,0,0,0,0,0,0,0,0,0,0,0,0,0,0,0,0,0,0,0,0,0,0,0,0,0,0,0,0,0,0,0,0,0,0,0,0,0,4,0,0,0,72,0,0,0,0,0,0,20,0,0,0,1,0,0,0,0,0,0,0,0,29,0,0,0,0,0,0,0,0,0,0,0,0,0,0,0,0,0,5,0,0,0,0,10,0,5,0,0,0,0,14,0,0,12,0
2826,0,0,0,0,0,0,0,0,0,0,0,0,0,0,0,0,0,0,0,0,0,0,0,0,0,0,0,0,0,0,0,0,0,0,0,0,0,4,0,0,0,72,0,0,0,0,0,0,20,0,0,0,1,0,0,0,0,0,0,0,0,29,0,0,0,0,0,0,0,0,0,0,0,0,0,0,0,0,0,5,0,0,0,0,10,0,5,0,0,0,0,14,0,0,12,0
2827,0,0,0,0,0,0,0,0,0,0,0,0,0,0,0,0,0,0,0,0,0,0,0,0,0,0,0,0,0,0,0,0,0,0,0,0,0,4,0,0,0,71,0,0,0,0,0,0,20,0,0,0,1,0,0,0,0,0,0,0,0,29,0,0,0,0,0,0,0,0,0,0,0,0,0,0,0,0,0,5,0,0,0,0,10,0,5,0,0,0,0,14,0,0,12,0
2828,0,0,0,0,0,0,0,0,0,0,0,0,0,0,0,0,0,0,0,0,0,0,0,0,0,0,0,0,0,0,0,0,0,0,0,0,0,4,0,0,0,70,0,0,0,0,0,0,20,0,0,0,1,0,0,0,0,0,0,0,0,29,0,0,0,0,0,0,0,0,0,0,0,0,0,0,0,0,0,5,0,0,0,0,10,0,5,0,0,0,0,14,0,0,12,0
2829,0,0,0,0,0,0,0,0,0,0,0,0,0,0,0,0,0,0,0,0,0,0,0,0,0,0,0,0,0,0,0,0,0,0,0,0,0,4,0,0,0,71,0,0,0,0,0,0,20,0,0,0,1,0,0,0,0,0,0,0,0,29,0,0,0,0,0,0,0,0,0,0,0,0,0,0,0,0,0,5,0,0,0,0,10,0,5,0,0,0,0,14,0,0,12,0
2830,0,0,0,0,0,0,0,0,0,0,0,0,0,0,0,0,0,0,0,0,0,0,0,0,0,0,0,0,0,0,0,0,0,0,0,0,0,4,0,0,0,72,0,0,0,0,0,0,20,0,0,0,1,0,0,0,0,0,0,0,0,29,0,0,0,0,0,0,0,0,0,0,0,0,0,0,0,0,0,5,0,0,0,0,10,0,5,0,0,0,0,14,0,0,12,0
2831,0,0,0,0,0,0,0,0,0,0,0,0,0,0,0,0,0,0,0,0,0,0,0,0,0,0,0,0,0,0,0,0,0,0,0,0,0,4,0,0,0,72,0,0,0,0,0,0,21,0,0,0,1,0,0,0,0,0,0,0,0,29,0,0,0,0,0,0,0,0,0,0,0,0,0,0,0,0,0,5,0,0,0,0,10,0,5,0,0,0,0,14,0,0,12,0
2832,0,0,0,0,0,0,0,0,0,0,0,0,0,0,0,0,0,0,0,0,0,0,0,0,0,0,0,0,0,0,0,0,0,0,0,0,0,4,0,0,0,73,0,0,0,0,0,0,21,0,0,0,1,0,0,0,0,0,0,0,0,29,0,0,0,0,0,0,0,0,0,0,0,0,0,0,0,0,0,5,0,0,0,0,10,0,5,0,0,0,0,14,0,0,12,0
2833,0,0,0,0,0,0,0,0,0,0,0,0,0,0,0,0,0,0,0,0,0,0,0,0,0,0,0,0,0,0,0,0,0,0,0,0,0,4,0,0,0,73,0,0,0,0,0,0,21,0,0,0,1,0,0,0,0,0,0,0,0,29,0,0,0,0,0,0,0,0,0,0,0,0,0,0,0,0,0,5,0,0,0,0,10,0,5,0,0,0,0,14,0,0,12,0
2834,0,0,0,0,0,0,0,0,0,0,0,0,0,0,0,0,0,0,0,0,0,0,0,0,0,0,0,0,0,0,0,0,0,0,0,0,0,4,0,0,0,74,0,0,0,0,0,0,21,0,0,0,1,0,0,0,0,0,0,0,0,29,0,0,0,0,0,0,0,0,0,0,0,0,0,0,0,0,0,5,0,0,0,0,10,0,5,0,0,0,0,14,0,0,11,0
2835,0,0,0,0,0,0,0,0,0,0,0,0,0,0,0,0,0,0,0,0,0,0,0,0,0,0,0,0,0,0,0,0,0,0,0,0,0,4,0,0,0,74,0,0,0,0,0,0,21,0,0,0,1,0,0,0,0,0,0,0,0,29,0,0,0,0,0,0,0,0,0,0,0,0,0,0,0,0,0,5,0,0,0,0,10,0,5,0,0,0,0,14,0,0,11,0
2836,0,0,0,0,0,0,0,0,0,0,0,0,0,0,0,0,0,0,0,0,0,0,0,0,0,0,0,0,0,0,0,0,0,0,0,0,0,4,0,0,0,74,0,0,0,0,0,0,21,0,0,0,1,0,0,0,0,0,0,0,0,31,0,0,0,0,0,0,0,0,0,0,0,0,0,0,0,0,0,5,0,0,0,0,10,0,5,0,0,0,0,14,0,0,11,0
2837,0,0,0,0,0,0,0,0,0,0,0,0,0,0,0,0,0,0,0,0,0,0,0,0,0,0,0,0,0,0,0,0,0,0,0,0,0,4,0,0,0,76,0,0,0,0,0,0,21,0,0,0,1,0,0,0,0,0,0,0,0,32,0,0,0,0,0,0,0,0,0,0,0,0,0,0,0,0,0,5,0,0,0,0,10,0,5,0,0,0,0,14,0,0,11,0
2838,0,0,0,0,0,0,0,0,0,0,0,0,0,0,0,0,0,0,0,0,0,0,0,0,0,0,0,0,0,0,0,0,0,0,0,0,0,4,0,0,0,76,0,0,0,0,0,0,21,0,0,0,1,0,0,0,0,0,0,0,0,32,0,0,0,0,0,0,0,0,0,0,0,0,0,0,0,0,0,5,0,0,0,0,10,0,5,0,0,0,0,14,0,0,11,0
2839,0,0,0,0,0,0,0,0,0,0,0,0,0,0,0,0,0,0,0,0,0,0,0,0,0,0,0,0,0,0,0,0,0,0,0,0,0,4,0,0,0,76,0,0,0,0,0,0,21,0,0,0,1,0,0,0,0,0,0,0,0,30,0,0,0,0,0,0,0,0,0,0,0,0,0,0,0,0,0,5,0,0,0,0,10,0,5,0,0,0,0,14,0,0,11,0
2840,0,0,0,0,0,0,0,0,0,0,0,0,0,0,0,0,0,0,0,0,0,0,0,0,0,0,0,0,0,0,0,0,0,0,0,0,0,4,0,0,0,75,0,0,0,0,0,0,22,0,0,0,1,0,0,0,0,0,0,0,0,30,0,0,0,0,0,0,0,0,0,0,0,0,0,0,0,0,0,5,0,0,0,0,10,0,5,0,0,0,0,14,0,0,12,0
2841,0,0,0,0,0,0,0,0,0,0,0,0,0,0,0,0,0,0,0,0,0,0,0,0,0,0,0,0,0,0,0,0,0,0,0,0,0,4,0,0,0,75,0,0,0,0,0,0,22,0,0,0,1,0,0,0,0,0,0,0,0,30,0,0,0,0,0,0,0,0,0,0,0,0,0,0,0,0,0,5,0,0,0,0,10,0,4,0,0,0,0,14,0,0,12,0
2842,0,0,0,0,0,0,0,0,0,0,0,0,0,0,0,0,0,0,0,0,0,0,0,0,0,0,0,0,0,0,0,0,0,0,0,0,0,4,0,0,0,75,0,0,0,0,0,0,22,0,0,0,1,0,0,0,0,0,0,0,0,30,0,0,0,0,0,0,0,0,0,0,0,0,0,0,0,0,0,5,0,0,0,0,10,0,4,0,0,0,0,14,0,0,12,0
2843,0,0,0,0,0,0,0,0,0,0,0,0,0,0,0,0,0,0,0,0,0,0,0,0,0,0,0,0,0,0,0,0,0,0,0,0,0,4,0,0,0,75,0,0,0,0,0,0,23,0,0,0,1,0,0,0,0,0,0,0,0,30,0,0,0,0,0,0,0,0,0,0,0,0,0,0,0,0,0,5,0,0,0,0,10,0,4,0,0,0,0,14,0,0,12,0
2844,0,0,0,0,0,0,0,0,0,0,0,0,0,0,0,0,0,0,0,0,0,0,0,0,0,0,0,0,0,0,0,0,0,0,0,0,0,4,0,0,0,75,0,0,0,0,0,0,23,0,0,0,1,0,0,0,0,0,0,0,0,30,0,0,0,0,0,0,0,0,0,0,0,0,0,0,0,0,0,5,0,0,0,0,10,0,4,0,0,0,0,15,0,0,12,0
2845,0,0,0,0,0,0,0,0,0,0,0,0,0,0,0,0,0,0,0,0,0,0,0,0,0,0,0,0,0,0,0,0,0,0,0,0,0,4,0,0,0,75,0,0,0,0,0,0,23,0,0,0,1,0,0,0,0,0,0,0,0,30,0,0,0,0,0,0,0,0,0,0,0,0,0,0,0,0,0,5,0,0,0,0,10,0,5,0,0,0,0,15,0,0,12,0
2846,0,0,0,0,0,0,0,0,0,0,0,0,0,0,0,0,0,0,0,0,0,0,0,0,0,0,0,0,0,0,0,0,0,0,0,0,0,4,0,0,0,75,0,0,0,0,0,0,23,0,0,0,1,0,0,0,0,0,0,0,0,30,0,0,0,0,0,0,0,0,0,0,0,0,0,0,0,0,0,5,0,0,0,0,10,0,5,0,0,0,0,15,0,0,12,0
2847,0,0,0,0,0,0,0,0,0,0,0,0,0,0,0,0,0,0,0,0,0,0,0,0,0,0,0,0,0,0,0,0,0,0,0,0,0,4,0,0,0,75,0,0,0,0,0,0,22,0,0,0,1,0,0,0,0,0,0,0,0,31,0,0,0,0,0,0,0,0,0,0,0,0,0,0,0,0,0,5,0,0,0,0,10,0,5,0,0,0,0,15,0,0,12,0
2848,0,0,0,0,0,0,0,0,0,0,0,0,0,0,0,0,0,0,0,0,0,0,0,0,0,0,0,0,0,0,0,0,0,0,0,0,0,4,0,0,0,75,0,0,0,0,0,0,22,0,0,0,1,0,0,0,0,0,0,0,0,31,0,0,0,0,0,0,0,0,0,0,0,0,0,0,0,0,0,5,0,0,0,0,10,0,5,0,0,0,0,15,0,0,12,0
2849,0,0,0,0,0,0,0,0,0,0,0,0,0,0,0,0,0,0,0,0,0,0,0,0,0,0,0,0,0,0,0,0,0,0,0,0,0,4,0,0,0,75,0,0,0,0,0,0,22,0,0,0,1,0,0,0,0,0,0,0,0,31,0,0,0,0,0,0,0,0,0,0,0,0,0,0,0,0,0,5,0,0,0,0,10,0,5,0,0,0,0,15,0,0,12,0
2850,0,0,0,0,0,0,0,0,0,0,0,0,0,0,0,0,0,0,0,0,0,0,0,0,0,0,0,0,0,0,0,0,0,0,0,0,0,4,0,0,0,75,0,0,0,0,0,0,22,0,0,0,1,0,0,0,0,0,0,0,0,31,0,0,0,0,0,0,0,0,0,0,0,0,0,0,0,0,0,5,0,0,0,0,9,0,5,0,0,0,0,15,0,0,12,0
2851,0,0,0,0,0,0,0,0,0,0,0,0,0,0,0,0,0,0,0,0,0,0,0,0,0,0,0,0,0,0,0,0,0,0,0,0,0,4,0,0,0,75,0,0,0,0,0,0,22,0,0,0,1,0,0,0,0,0,0,0,0,31,0,0,0,0,0,0,0,0,0,0,0,0,0,0,0,0,0,5,0,0,0,0,9,0,5,0,0,0,0,15,0,0,12,0
2852,0,0,0,0,0,0,0,0,0,0,0,0,0,0,0,0,0,0,0,0,0,0,0,0,0,0,0,0,0,0,0,0,0,0,0,0,0,4,0,0,0,75,0,0,0,0,0,0,22,0,0,0,1,0,0,0,0,0,0,0,0,32,0,0,0,0,0,0,0,0,0,0,0,0,0,0,0,0,0,5,0,0,0,0,9,0,5,0,0,0,0,15,0,0,12,0
2853,0,0,0,0,0,0,0,0,0,0,0,0,0,0,0,0,0,0,0,0,0,0,0,0,0,0,0,0,0,0,0,0,0,0,0,0,0,4,0,0,0,75,0,0,0,0,0,0,21,0,0,0,1,0,0,0,0,0,0,0,0,32,0,0,0,0,0,0,0,0,0,0,0,0,0,0,0,0,0,5,0,0,0,0,9,0,5,0,0,0,0,15,0,0,12,0
2854,0,0,0,0,0,0,0,0,0,0,0,0,0,0,0,0,0,0,0,0,0,0,0,0,0,0,0,0,0,0,0,0,0,0,0,0,0,4,0,0,0,75,0,0,0,0,0,0,21,0,0,0,1,0,0,0,0,0,0,0,0,32,0,0,0,0,0,0,0,0,0,0,0,0,0,0,0,0,0,5,0,0,0,0,9,0,5,0,0,0,0,15,0,0,12,0
2855,0,0,0,0,0,0,0,0,0,0,0,0,0,0,0,0,0,0,0,0,0,0,0,0,0,0,0,0,0,0,0,0,0,0,0,0,0,4,0,0,0,75,0,0,0,0,0,0,21,0,0,0,1,0,0,0,0,0,0,0,0,32,0,0,0,0,0,0,0,0,0,0,0,0,0,0,0,0,0,5,0,0,0,0,9,0,4,0,0,0,0,15,0,0,12,0
2856,0,0,0,0,0,0,0,0,0,0,0,0,0,0,0,0,0,0,0,0,0,0,0,0,0,0,0,0,0,0,0,0,0,0,0,0,0,4,0,0,0,75,0,0,0,0,0,0,20,0,0,0,1,0,0,0,0,0,0,0,0,32,0,0,0,0,0,0,0,0,0,0,0,0,0,0,0,0,0,5,0,0,0,0,9,0,4,0,0,0,0,15,0,0,12,0
2857,0,0,0,0,0,0,0,0,0,0,0,0,0,0,0,0,0,0,0,0,0,0,0,0,0,0,0,0,0,0,0,0,0,0,0,0,0,4,0,0,0,74,0,0,0,0,0,0,20,0,0,0,1,0,0,0,0,0,0,0,0,32,0,0,0,0,0,0,0,0,0,0,0,0,0,0,0,0,0,5,0,0,0,0,9,0,4,0,0,0,0,15,0,0,12,0
2858,0,0,0,0,0,0,0,0,0,0,0,0,0,0,0,0,0,0,0,0,0,0,0,0,0,0,0,0,0,0,0,0,0,0,0,0,0,4,0,0,0,74,0,0,0,0,0,0,19,0,0,0,1,0,0,0,0,0,0,0,0,31,0,0,0,0,0,0,0,0,0,0,0,0,0,0,0,0,0,5,0,0,0,0,9,0,4,0,0,0,0,15,0,0,12,0
2859,0,0,0,0,0,0,0,0,0,0,0,0,0,0,0,0,0,0,0,0,0,0,0,0,0,0,0,0,0,0,0,0,0,0,0,0,0,4,0,0,0,73,0,0,0,0,0,0,19,0,0,0,1,0,0,0,0,0,0,0,0,31,0,0,0,0,0,0,0,0,0,0,0,0,0,0,0,0,0,5,0,0,0,0,9,0,4,0,0,0,0,15,0,0,12,0
2860,0,0,0,0,0,0,0,0,0,0,0,0,0,0,0,0,0,0,0,0,0,0,0,0,0,0,0,0,0,0,0,0,0,0,0,0,0,4,0,0,0,73,0,0,0,0,0,0,19,0,0,0,1,0,0,0,0,0,0,0,0,31,0,0,0,0,0,0,0,0,0,0,0,0,0,0,0,0,0,5,0,0,0,0,9,0,4,0,0,0,0,15,0,0,12,0
2861,0,0,0,0,0,0,0,0,0,0,0,0,0,0,0,0,0,0,0,0,0,0,0,0,0,0,0,0,0,0,0,0,0,0,0,0,0,4,0,0,0,73,0,0,0,0,0,0,20,0,0,0,1,0,0,0,0,0,0,0,0,31,0,0,0,0,0,0,0,0,0,0,0,0,0,0,0,0,0,5,0,0,0,0,9,0,4,0,0,0,0,15,0,0,12,0
2862,0,0,0,0,0,0,0,0,0,0,0,0,0,0,0,0,0,0,0,0,0,0,0,0,0,0,0,0,0,0,0,0,0,0,0,0,0,4,0,0,0,73,0,0,0,0,0,0,20,0,0,0,1,0,0,0,0,0,0,0,0,31,0,0,0,0,0,0,0,0,0,0,0,0,0,0,0,0,0,5,0,0,0,0,9,0,4,0,0,0,0,15,0,0,12,0
2863,0,0,0,0,0,0,0,0,0,0,0,0,0,0,0,0,0,0,0,0,0,0,0,0,0,0,0,0,0,0,0,0,0,0,0,0,0,4,0,0,0,74,0,0,0,0,0,0,20,0,0,0,1,0,0,0,0,0,0,0,0,31,0,0,0,0,0,0,0,0,0,0,0,0,0,0,0,0,0,5,0,0,0,0,9,0,4,0,0,0,0,15,0,0,12,0
2864,0,0,0,0,0,0,0,0,0,0,0,0,0,0,0,0,0,0,0,0,0,0,0,0,0,0,0,0,0,0,0,0,0,0,0,0,0,4,0,0,0,74,0,0,0,0,0,0,20,0,0,0,1,0,0,0,0,0,0,0,0,31,0,0,0,0,0,0,0,0,0,0,0,0,0,0,0,0,0,5,0,0,0,0,9,0,4,0,0,0,0,15,0,0,12,0
2865,0,0,0,0,0,0,0,0,0,0,0,0,0,0,0,0,0,0,0,0,0,0,0,0,0,0,0,0,0,0,0,0,0,0,0,0,0,4,0,0,0,76,0,0,0,0,0,0,20,0,0,0,1,0,0,0,0,0,0,0,0,31,0,0,0,0,0,0,0,0,0,0,0,0,0,0,0,0,0,5,0,0,0,0,9,0,4,0,0,0,0,15,0,0,12,0
2866,0,0,0,0,0,0,0,0,0,0,0,0,0,0,0,0,0,0,0,0,0,0,0,0,0,0,0,0,0,0,0,0,0,0,0,0,0,4,0,0,0,76,0,0,0,0,0,0,20,0,0,0,1,0,0,0,0,0,0,0,0,31,0,0,0,0,0,0,0,0,0,0,0,0,0,0,0,0,0,5,0,0,0,0,9,0,4,0,0,0,0,15,0,0,12,0
2867,0,0,0,0,0,0,0,0,0,0,0,0,0,0,0,0,0,0,0,0,0,0,0,0,0,0,0,0,0,0,0,0,0,0,0,0,0,4,0,0,0,76,0,0,0,0,0,0,20,0,0,0,1,0,0,0,0,0,0,0,0,31,0,0,0,0,0,0,0,0,0,0,0,0,0,0,0,0,0,5,0,0,0,0,9,0,4,0,0,0,0,15,0,0,12,0
2868,0,0,0,0,0,0,0,0,0,0,0,0,0,0,0,0,0,0,0,0,0,0,0,0,0,0,0,0,0,0,0,0,0,0,0,0,0,4,0,0,0,76,0,0,0,0,0,0,20,0,0,0,1,0,0,0,0,0,0,0,0,31,0,0,0,0,0,0,0,0,0,0,0,0,0,0,0,0,0,5,0,0,0,0,9,0,4,0,0,0,0,15,0,0,12,0
2869,0,0,0,0,0,0,0,0,0,0,0,0,0,0,0,0,0,0,0,0,0,0,0,0,0,0,0,0,0,0,0,0,0,0,0,0,0,4,0,0,0,76,0,0,0,0,0,0,20,0,0,0,1,0,0,0,0,0,0,0,0,31,0,0,0,0,0,0,0,0,0,0,0,0,0,0,0,0,0,5,0,0,0,0,9,0,4,0,0,0,0,15,0,0,12,0
2870,0,0,0,0,0,0,0,0,0,0,0,0,0,0,0,0,0,0,0,0,0,0,0,0,0,0,0,0,0,0,0,0,0,0,0,0,0,4,0,0,0,75,0,0,0,0,0,0,20,0,0,0,1,0,0,0,0,0,0,0,0,31,0,0,0,0,0,0,0,0,0,0,0,0,0,0,0,0,0,5,0,0,0,0,9,0,4,0,0,0,0,15,0,0,12,0
2871,0,0,0,0,0,0,0,0,0,0,0,0,0,0,0,0,0,0,0,0,0,0,0,0,0,0,0,0,0,0,0,0,0,0,0,0,0,5,0,0,0,75,0,0,0,0,0,0,20,0,0,0,1,0,0,0,0,0,0,0,0,31,0,0,0,0,0,0,0,0,0,0,0,0,0,0,0,0,0,5,0,0,0,0,9,0,4,0,0,0,0,15,0,0,12,0
2872,0,0,0,0,0,0,0,0,0,0,0,0,0,0,0,0,0,0,0,0,0,0,0,0,0,0,0,0,0,0,0,0,0,0,0,0,0,5,0,0,0,76,0,0,0,0,0,0,20,0,0,0,1,0,0,0,0,0,0,0,0,31,0,0,0,0,0,0,0,0,0,0,0,0,0,0,0,0,0,5,0,0,0,0,9,0,4,0,0,0,0,15,0,0,12,0
2873,0,0,0,0,0,0,0,0,0,0,0,0,0,0,0,0,0,0,0,0,0,0,0,0,0,0,0,0,0,0,0,0,0,0,0,0,0,5,0,0,0,77,0,0,0,0,0,0,20,0,0,0,1,0,0,0,0,0,0,0,0,31,0,0,0,0,0,0,0,0,0,0,0,0,0,0,0,0,0,5,0,0,0,0,9,0,4,0,0,0,0,15,0,0,12,0
2874,0,0,0,0,0,0,0,0,0,0,0,0,0,0,0,0,0,0,0,0,0,0,0,0,0,0,0,0,0,0,0,0,0,0,0,0,0,5,0,0,0,77,0,0,0,0,0,0,20,0,0,0,1,0,0,0,0,0,0,0,0,31,0,0,0,0,0,0,0,0,0,0,0,0,0,0,0,0,0,5,0,0,0,0,9,0,4,0,0,0,0,15,0,0,12,0
2875,0,0,0,0,0,0,0,0,0,0,0,0,0,0,0,0,0,0,0,0,0,0,0,0,0,0,0,0,0,0,0,0,0,0,0,0,0,5,0,0,0,78,0,0,0,0,0,0,20,0,0,0,1,0,0,0,0,0,0,0,0,31,0,0,0,0,0,0,0,0,0,0,0,0,0,0,0,0,0,5,0,0,0,0,9,0,4,0,0,0,0,15,0,0,12,0
2876,0,0,0,0,0,0,0,0,0,0,0,0,0,0,0,0,0,0,0,0,0,0,0,0,0,0,0,0,0,0,0,0,0,0,0,0,0,5,0,0,0,78,0,0,0,0,0,0,20,0,0,0,1,0,0,0,0,0,0,0,0,31,0,0,0,0,0,0,0,0,0,0,0,0,0,0,0,0,0,5,0,0,0,0,9,0,4,0,0,0,0,15,0,0,12,0
2877,0,0,0,0,0,0,0,0,0,0,0,0,0,0,0,0,0,0,0,0,0,0,0,0,0,0,0,0,0,0,0,0,0,0,0,0,0,4,0,0,0,79,0,0,0,0,0,0,20,0,0,0,1,0,0,0,0,0,0,0,0,31,0,0,0,0,0,0,0,0,0,0,0,0,0,0,0,0,0,5,0,0,0,0,9,0,4,0,0,0,0,15,0,0,12,0
2878,0,0,0,0,0,0,0,0,0,0,0,0,0,0,0,0,0,0,0,0,0,0,0,0,0,0,0,0,0,0,0,0,0,0,0,0,0,4,0,0,0,80,0,0,0,0,0,0,20,0,0,0,1,0,0,0,0,0,0,0,0,31,0,0,0,0,0,0,0,0,0,0,0,0,0,0,0,0,0,5,0,0,0,0,8,0,4,0,0,0,0,15,0,0,12,0
2879,0,0,0,0,0,0,0,0,0,0,0,0,0,0,0,0,0,0,0,0,0,0,0,0,0,0,0,0,0,0,0,0,0,0,0,0,0,4,0,0,0,80,0,0,0,0,0,0,19,0,0,0,1,0,0,0,0,0,0,0,0,32,0,0,0,0,0,0,0,0,0,0,0,0,0,0,0,0,0,5,0,0,0,0,8,0,4,0,0,0,0,15,0,0,12,0
2880,0,0,0,0,0,0,0,0,0,0,0,0,0,0,0,0,0,0,0,0,0,0,0,0,0,0,0,0,0,0,0,0,0,0,0,0,0,4,0,0,0,80,0,0,0,0,0,0,19,0,0,0,1,0,0,0,0,0,0,0,0,32,0,0,0,0,0,0,0,0,0,0,0,0,0,0,0,0,0,5,0,0,0,0,8,0,4,0,0,0,0,15,0,0,13,0
2881,0,0,0,0,0,0,0,0,0,0,0,0,0,0,0,0,0,0,0,0,0,0,0,0,0,0,0,0,0,0,0,0,0,0,0,0,0,4,0,0,0,80,0,0,0,0,0,0,18,0,0,0,1,0,0,0,0,0,0,0,0,32,0,0,0,0,0,0,0,0,0,0,0,0,0,0,0,0,0,5,0,0,0,0,8,0,4,0,0,0,0,15,0,0,14,0
2882,0,0,0,0,0,0,0,0,0,0,0,0,0,0,0,0,0,0,0,0,0,0,0,0,0,0,0,0,0,0,0,0,0,0,0,0,0,4,0,0,0,81,0,0,0,0,0,0,18,0,0,0,1,0,0,0,0,0,0,0,0,32,0,0,0,0,0,0,0,0,0,0,0,0,0,0,0,0,0,5,0,0,0,0,8,0,4,0,0,0,0,16,0,0,14,0
2883,0,0,0,0,0,0,0,0,0,0,0,0,0,0,0,0,0,0,0,0,0,0,0,0,0,0,0,0,0,0,0,0,0,0,0,0,0,4,0,0,0,81,0,0,0,0,0,0,18,0,0,0,1,0,0,0,0,0,0,0,0,32,0,0,0,0,0,0,0,0,0,0,0,0,0,0,0,0,0,5,0,0,0,0,8,0,4,0,0,0,0,16,0,0,14,0
2884,0,0,0,0,0,0,0,0,0,0,0,0,0,0,0,0,0,0,0,0,0,0,0,0,0,0,0,0,0,0,0,0,0,0,0,0,0,4,0,0,0,82,0,0,0,0,0,0,18,0,0,0,1,0,0,0,0,0,0,0,0,33,0,0,0,0,0,0,0,0,0,0,0,0,0,0,0,0,0,4,0,0,0,0,8,0,4,0,0,0,0,16,0,0,14,0
2885,0,0,0,0,0,0,0,0,0,0,0,0,0,0,0,0,0,0,0,0,0,0,0,0,0,0,0,0,0,0,0,0,0,0,0,0,0,4,0,0,0,83,0,0,0,0,0,0,18,0,0,0,1,0,0,0,0,0,0,0,0,33,0,0,0,0,0,0,0,0,0,0,0,0,0,0,0,0,0,4,0,0,0,0,8,0,4,0,0,0,0,16,0,0,14,0
2886,0,0,0,0,0,0,0,0,0,0,0,0,0,0,0,0,0,0,0,0,0,0,0,0,0,0,0,0,0,0,0,0,0,0,0,0,0,4,0,0,0,83,0,0,0,0,0,0,18,0,0,0,1,0,0,0,0,0,0,0,0,33,0,0,0,0,0,0,0,0,0,0,0,0,0,0,0,0,0,4,0,0,0,0,8,0,4,0,0,0,0,16,0,0,13,0
2887,0,0,0,0,0,0,0,0,0,0,0,0,0,0,0,0,0,0,0,0,0,0,0,0,0,0,0,0,0,0,0,0,0,0,0,0,0,4,0,0,0,83,0,0,0,0,0,0,18,0,0,0,1,0,0,0,0,0,0,0,0,33,0,0,0,0,0,0,0,0,0,0,0,0,0,0,0,0,0,4,0,0,0,0,8,0,4,0,0,0,0,15,0,0,13,0
2888,0,0,0,0,0,0,0,0,0,0,0,0,0,0,0,0,0,0,0,0,0,0,0,0,0,0,0,0,0,0,0,0,0,0,0,0,0,4,0,0,0,85,0,0,0,0,0,0,18,0,0,0,1,0,0,0,0,0,0,0,0,34,0,0,0,0,0,0,0,0,0,0,0,0,0,0,0,0,0,4,0,0,0,0,8,0,4,0,0,0,0,15,0,0,13,0
2889,0,0,0,0,0,0,0,0,0,0,0,0,0,0,0,0,0,0,0,0,0,0,0,0,0,0,0,0,0,0,0,0,0,0,0,0,0,4,0,0,0,85,0,0,0,0,0,0,18,0,0,0,1,0,0,0,0,0,0,0,0,34,0,0,0,0,0,0,0,0,0,0,0,0,0,0,0,0,0,4,0,0,0,0,8,0,4,0,0,0,0,15,0,0,13,0
2890,0,0,0,0,0,0,0,0,0,0,0,0,0,0,0,0,0,0,0,0,0,0,0,0,0,0,0,0,0,0,0,0,0,0,0,0,0,4,0,0,0,85,0,0,0,0,0,0,18,0,0,0,1,0,0,0,0,0,0,0,0,35,0,0,0,0,0,0,0,0,0,0,0,0,0,0,0,0,0,4,0,0,0,0,8,0,4,0,0,0,0,15,0,0,13,0
2891,0,0,0,0,0,0,0,0,0,0,0,0,0,0,0,0,0,0,0,0,0,0,0,0,0,0,0,0,0,0,0,0,0,0,0,0,0,4,0,0,0,85,0,0,0,0,0,0,18,0,0,0,1,0,0,0,0,0,0,0,0,35,0,0,0,0,0,0,0,0,0,0,0,0,0,0,0,0,0,4,0,0,0,0,8,0,4,0,0,0,0,15,0,0,13,0
2892,0,0,0,0,0,0,0,0,0,0,0,0,0,0,0,0,0,0,0,0,0,0,0,0,0,0,0,0,0,0,0,0,0,0,0,0,0,4,0,0,0,85,0,0,0,0,0,0,18,0,0,0,1,0,0,0,0,0,0,0,0,35,0,0,0,0,0,0,0,0,0,0,0,0,0,0,0,0,0,4,0,0,0,0,8,0,4,0,0,0,0,15,0,0,13,0
2893,0,0,0,0,0,0,0,0,0,0,0,0,0,0,0,0,0,0,0,0,0,0,0,0,0,0,0,0,0,0,0,0,0,0,0,0,0,4,0,0,0,86,0,0,0,0,0,0,19,0,0,0,1,0,0,0,0,0,0,0,0,34,0,0,0,0,0,0,0,0,0,0,0,0,0,0,0,0,0,5,0,0,0,0,8,0,4,0,0,0,0,14,0,0,13,0
2894,0,0,0,0,0,0,0,0,0,0,0,0,0,0,0,0,0,0,0,0,0,0,0,0,0,0,0,0,0,0,0,0,0,0,0,0,0,4,0,0,0,86,0,0,0,0,0,0,19,0,0,0,1,0,0,0,0,0,0,0,0,34,0,0,0,0,0,0,0,0,0,0,0,0,0,0,0,0,0,5,0,0,0,0,8,0,4,0,0,0,0,14,0,0,13,0
2895,0,0,0,0,0,0,0,0,0,0,0,0,0,0,0,0,0,0,0,0,0,0,0,0,0,0,0,0,0,0,0,0,0,0,0,0,0,4,0,0,0,85,0,0,0,0,0,0,18,0,0,0,1,0,0,0,0,0,0,0,0,34,0,0,0,0,0,0,0,0,0,0,0,0,0,0,0,0,0,5,0,0,0,0,8,0,4,0,0,0,0,14,0,0,13,0
2896,0,0,0,0,0,0,0,0,0,0,0,0,0,0,0,0,0,0,0,0,0,0,0,0,0,0,0,0,0,0,0,0,0,0,0,0,0,4,0,0,0,85,0,0,0,0,0,0,18,0,0,0,1,0,0,0,0,0,0,0,0,34,0,0,0,0,0,0,0,0,0,0,0,0,0,0,0,0,0,5,0,0,0,0,8,0,4,0,0,0,0,14,0,0,13,0
2897,0,0,0,0,0,0,0,0,0,0,0,0,0,0,0,0,0,0,0,0,0,0,0,0,0,0,0,0,0,0,0,0,0,0,0,0,0,4,0,0,0,85,0,0,0,0,0,0,18,0,0,0,1,0,0,0,0,0,0,0,0,34,0,0,0,0,0,0,0,0,0,0,0,0,0,0,0,0,0,5,0,0,0,0,8,0,4,0,0,0,0,14,0,0,13,0
2898,0,0,0,0,0,0,0,0,0,0,0,0,0,0,0,0,0,0,0,0,0,0,0,0,0,0,0,0,0,0,0,0,0,0,0,0,0,4,0,0,0,85,0,0,0,0,0,0,18,0,0,0,1,0,0,0,0,0,0,0,0,34,0,0,0,0,0,0,0,0,0,0,0,0,0,0,0,0,0,5,0,0,0,0,8,0,4,0,0,0,0,14,0,0,13,0
2899,0,0,0,0,0,0,0,0,0,0,0,0,0,0,0,0,0,0,0,0,0,0,0,0,0,0,0,0,0,0,0,0,0,0,0,0,0,4,0,0,0,85,0,0,0,0,0,0,18,0,0,0,1,0,0,0,0,0,0,0,0,34,0,0,0,0,0,0,0,0,0,0,0,0,0,0,0,0,0,5,0,0,0,0,8,0,4,0,0,0,0,14,0,0,13,0
2900,0,0,0,0,0,0,0,0,0,0,0,0,0,0,0,0,0,0,0,0,0,0,0,0,0,0,0,0,0,0,0,0,0,0,0,0,0,4,0,0,0,85,0,0,0,0,0,0,18,0,0,0,1,0,0,0,0,0,0,0,0,34,0,0,0,0,0,0,0,0,0,0,0,0,0,0,0,0,0,5,0,0,0,0,8,0,4,0,0,0,0,14,0,0,13,0
2901,0,0,0,0,0,0,0,0,0,0,0,0,0,0,0,0,0,0,0,0,0,0,0,0,0,0,0,0,0,0,0,0,0,0,0,0,0,4,0,0,0,85,0,0,0,0,0,0,18,0,0,0,1,0,0,0,0,0,0,0,0,34,0,0,0,0,0,0,0,0,0,0,0,0,0,0,0,0,0,5,0,0,0,0,8,0,4,0,0,0,0,14,0,0,12,0
2902,0,0,0,0,0,0,0,0,0,0,0,0,0,0,0,0,0,0,0,0,0,0,0,0,0,0,0,0,0,0,0,0,0,0,0,0,0,4,0,0,0,86,0,0,0,0,0,0,18,0,0,0,1,0,0,0,0,0,0,0,0,34,0,0,0,0,0,0,0,0,0,0,0,0,0,0,0,0,0,5,0,0,0,0,8,0,4,0,0,0,0,14,0,0,12,0
2903,0,0,0,0,0,0,0,0,0,0,0,0,0,0,0,0,0,0,0,0,0,0,0,0,0,0,0,0,0,0,0,0,0,0,0,0,0,4,0,0,0,86,0,0,0,0,0,0,18,0,0,0,1,0,0,0,0,0,0,0,0,34,0,0,0,0,0,0,0,0,0,0,0,0,0,0,0,0,0,5,0,0,0,0,8,0,4,0,0,0,0,14,0,0,12,0
2904,0,0,0,0,0,0,0,0,0,0,0,0,0,0,0,0,0,0,0,0,0,0,0,0,0,0,0,0,0,0,0,0,0,0,0,0,0,3,0,0,0,86,0,0,0,0,0,0,18,0,0,0,1,0,0,0,0,0,0,0,0,34,0,0,0,0,0,0,0,0,0,0,0,0,0,0,0,0,0,5,0,0,0,0,8,0,4,0,0,0,0,14,0,0,12,0
2905,0,0,0,0,0,0,0,0,0,0,0,0,0,0,0,0,0,0,0,0,0,0,0,0,0,0,0,0,0,0,0,0,0,0,0,0,0,3,0,0,0,86,0,0,0,0,0,0,18,0,0,0,1,0,0,0,0,0,0,0,0,34,0,0,0,0,0,0,0,0,0,0,0,0,0,0,0,0,0,5,0,0,0,0,8,0,4,0,0,0,0,14,0,0,12,0
2906,0,0,0,0,0,0,0,0,0,0,0,0,0,0,0,0,0,0,0,0,0,0,0,0,0,0,0,0,0,0,0,0,0,0,0,0,0,3,0,0,0,86,0,0,0,0,0,0,18,0,0,0,1,0,0,0,0,0,0,0,0,34,0,0,0,0,0,0,0,0,0,0,0,0,0,0,0,0,0,5,0,0,0,0,8,0,4,0,0,0,0,14,0,0,12,0
2907,0,0,0,0,0,0,0,0,0,0,0,0,0,0,0,0,0,0,0,0,0,0,0,0,0,0,0,0,0,0,0,0,0,0,0,0,0,3,0,0,0,85,0,0,0,0,0,0,18,0,0,0,1,0,0,0,0,0,0,0,0,34,0,0,0,0,0,0,0,0,0,0,0,0,0,0,0,0,0,5,0,0,0,0,8,0,4,0,0,0,0,14,0,0,12,0
2908,0,0,0,0,0,0,0,0,0,0,0,0,0,0,0,0,0,0,0,0,0,0,0,0,0,0,0,0,0,0,0,0,0,0,0,0,0,3,0,0,0,85,0,0,0,0,0,0,18,0,0,0,1,0,0,0,0,0,0,0,0,34,0,0,0,0,0,0,0,0,0,0,0,0,0,0,0,0,0,5,0,0,0,0,8,0,4,0,0,0,0,14,0,0,12,0
2909,0,0,0,0,0,0,0,0,0,0,0,0,0,0,0,0,0,0,0,0,0,0,0,0,0,0,0,0,0,0,0,0,0,0,0,0,0,3,0,0,0,85,0,0,0,0,0,0,18,0,0,0,1,0,0,0,0,0,0,0,0,34,0,0,0,0,0,0,0,0,0,0,0,0,0,0,0,0,0,5,0,0,0,0,8,0,4,0,0,0,0,14,0,0,11,0
2910,0,0,0,0,0,0,0,0,0,0,0,0,0,0,0,0,0,0,0,0,0,0,0,0,0,0,0,0,0,0,0,0,0,0,0,0,0,3,0,0,0,85,0,0,0,0,0,0,18,0,0,0,1,0,0,0,0,0,0,0,0,34,0,0,0,0,0,0,0,0,0,0,0,0,0,0,0,0,0,5,0,0,0,0,8,0,4,0,0,0,0,14,0,0,11,0
2911,0,0,0,0,0,0,0,0,0,0,0,0,0,0,0,0,0,0,0,0,0,0,0,0,0,0,0,0,0,0,0,0,0,0,0,0,0,3,0,0,0,85,0,0,0,0,0,0,18,0,0,0,1,0,0,0,0,0,0,0,0,34,0,0,0,0,0,0,0,0,0,0,0,0,0,0,0,0,0,5,0,0,0,0,9,0,4,0,0,0,0,14,0,0,11,0
2912,0,0,0,0,0,0,0,0,0,0,0,0,0,0,0,0,0,0,0,0,0,0,0,0,0,0,0,0,0,0,0,0,0,0,0,0,0,3,0,0,0,85,0,0,0,0,0,0,19,0,0,0,1,0,0,0,0,0,0,0,0,34,0,0,0,0,0,0,0,0,0,0,0,0,0,0,0,0,0,5,0,0,0,0,9,0,4,0,0,0,0,14,0,0,11,0
2913,0,0,0,0,0,0,0,0,0,0,0,0,0,0,0,0,0,0,0,0,0,0,0,0,0,0,0,0,0,0,0,0,0,0,0,0,0,3,0,0,0,86,0,0,0,0,0,0,19,0,0,0,1,0,0,0,0,0,0,0,0,34,0,0,0,0,0,0,0,0,0,0,0,0,0,0,0,0,0,5,0,0,0,0,9,0,4,0,0,0,0,14,0,0,11,0
2914,0,0,0,0,0,0,0,0,0,0,0,0,0,0,0,0,0,0,0,0,0,0,0,0,0,0,0,0,0,0,0,0,0,0,0,0,0,3,0,0,0,86,0,0,0,0,0,0,19,0,0,0,1,0,0,0,0,0,0,0,0,34,0,0,0,0,0,0,0,0,0,0,0,0,0,0,0,0,0,5,0,0,0,0,9,0,4,0,0,0,0,14,0,0,11,0
2915,0,0,0,0,0,0,0,0,0,0,0,0,0,0,0,0,0,0,0,0,0,0,0,0,0,0,0,0,0,0,0,0,0,0,0,0,0,3,0,0,0,87,0,0,0,0,0,0,19,0,0,0,1,0,0,0,0,0,0,0,0,34,0,0,0,0,0,0,0,0,0,0,0,0,0,0,0,0,0,5,0,0,0,0,9,0,4,0,0,0,0,14,0,0,11,0
2916,0,0,0,0,0,0,0,0,0,0,0,0,0,0,0,0,0,0,0,0,0,0,0,0,0,0,0,0,0,0,0,0,0,0,0,0,0,3,0,0,0,87,0,0,0,0,0,0,19,0,0,0,1,0,0,0,0,0,0,0,0,34,0,0,0,0,0,0,0,0,0,0,0,0,0,0,0,0,0,5,0,0,0,0,9,0,4,0,0,0,0,14,0,0,11,0
2917,0,0,0,0,0,0,0,0,0,0,0,0,0,0,0,0,0,0,0,0,0,0,0,0,0,0,0,0,0,0,0,0,0,0,0,0,0,3,0,0,0,86,0,0,0,0,0,0,19,0,0,0,1,0,0,0,0,0,0,0,0,34,0,0,0,0,0,0,0,0,0,0,0,0,0,0,0,0,0,5,0,0,0,0,8,0,4,0,0,0,0,14,0,0,11,0
2918,0,0,0,0,0,0,0,0,0,0,0,0,0,0,0,0,0,0,0,0,0,0,0,0,0,0,0,0,0,0,0,0,0,0,0,0,0,3,0,0,0,87,0,0,0,0,0,0,19,0,0,0,1,0,0,0,0,0,0,0,0,34,0,0,0,0,0,0,0,0,0,0,0,0,0,0,0,0,0,5,0,0,0,0,8,0,4,0,0,0,0,14,0,0,11,0
2919,0,0,0,0,0,0,0,0,0,0,0,0,0,0,0,0,0,0,0,0,0,0,0,0,0,0,0,0,0,0,0,0,0,0,0,0,0,3,0,0,0,87,0,0,0,0,0,0,19,0,0,0,1,0,0,0,0,0,0,0,0,34,0,0,0,0,0,0,0,0,0,0,0,0,0,0,0,0,0,5,0,0,0,0,9,0,4,0,0,0,0,14,0,0,11,0
2920,0,0,0,0,0,0,0,0,0,0,0,0,0,0,0,0,0,0,0,0,0,0,0,0,0,0,0,0,0,0,0,0,0,0,0,0,0,3,0,0,0,88,0,0,0,0,0,0,19,0,0,0,1,0,0,0,0,0,0,0,0,35,0,0,0,0,0,0,0,0,0,0,0,0,0,0,0,0,0,5,0,0,0,0,9,0,4,0,0,0,0,14,0,0,11,0
2921,0,0,0,0,0,0,0,0,0,0,0,0,0,0,0,0,0,0,0,0,0,0,0,0,0,0,0,0,0,0,0,0,0,0,0,0,0,3,0,0,0,89,0,0,0,0,0,0,19,0,0,0,1,0,0,0,0,0,0,0,0,35,0,0,0,0,0,0,0,0,0,0,0,0,0,0,0,0,0,5,0,0,0,0,9,0,4,0,0,0,0,14,0,0,11,0
2922,0,0,0,0,0,0,0,0,0,0,0,0,0,0,0,0,0,0,0,0,0,0,0,0,0,0,0,0,0,0,0,0,0,0,0,0,0,3,0,0,0,90,0,0,0,0,0,0,19,0,0,0,1,0,0,0,0,0,0,0,0,35,0,0,0,0,0,0,0,0,0,0,0,0,0,0,0,0,0,5,0,0,0,0,9,0,4,0,0,0,0,14,0,0,11,0
2923,0,0,0,0,0,0,0,0,0,0,0,0,0,0,0,0,0,0,0,0,0,0,0,0,0,0,0,0,0,0,0,0,0,0,0,0,0,3,0,0,0,89,0,0,0,0,0,0,19,0,0,0,1,0,0,0,0,0,0,0,0,36,0,0,0,0,0,0,0,0,0,0,0,0,0,0,0,0,0,5,0,0,0,0,9,0,4,0,0,0,0,14,0,0,11,0
2924,0,0,0,0,0,0,0,0,0,0,0,0,0,0,0,0,0,0,0,0,0,0,0,0,0,0,0,0,0,0,0,0,0,0,0,0,0,3,0,0,0,90,0,0,0,0,0,0,19,0,0,0,1,0,0,0,0,0,0,0,0,37,0,0,0,0,0,0,0,0,0,0,0,0,0,0,0,0,0,5,0,0,0,0,9,0,4,0,0,0,0,14,0,0,11,0
2925,0,0,0,0,0,0,0,0,0,0,0,0,0,0,0,0,0,0,0,0,0,0,0,0,0,0,0,0,0,0,0,0,0,0,0,0,0,3,0,0,0,90,0,0,0,0,0,0,20,0,0,0,1,0,0,0,0,0,0,0,0,37,0,0,0,0,0,0,0,0,0,0,0,0,0,0,0,0,0,6,0,0,0,0,9,0,4,0,0,0,0,14,0,0,11,0
2926,0,0,0,0,0,0,0,0,0,0,0,0,0,0,0,0,0,0,0,0,0,0,0,0,0,0,0,0,0,0,0,0,0,0,0,0,0,3,0,0,0,91,0,0,0,0,0,0,20,0,0,0,1,0,0,0,0,0,0,0,0,37,0,0,0,0,0,0,0,0,0,0,0,0,0,0,0,0,0,6,0,0,0,0,9,0,4,0,0,0,0,14,0,0,11,0
2927,0,0,0,0,0,0,0,0,0,0,0,0,0,0,0,0,0,0,0,0,0,0,0,0,0,0,0,0,0,0,0,0,0,0,0,0,0,3,0,0,0,95,0,0,0,0,0,0,19,0,0,0,1,0,0,0,0,0,0,0,0,37,0,0,0,0,0,0,0,0,0,0,0,0,0,0,0,0,0,6,0,0,0,0,9,0,4,0,0,0,0,14,0,0,11,0
2928,0,0,0,0,0,0,0,0,0,0,0,0,0,0,0,0,0,0,0,0,0,0,0,0,0,0,0,0,0,0,0,0,0,0,0,0,0,2,0,0,0,96,0,0,0,0,0,0,19,0,0,0,1,0,0,0,0,0,0,0,0,37,0,0,0,0,0,0,0,0,0,0,0,0,0,0,0,0,0,6,0,0,0,0,9,0,4,0,0,0,0,14,0,0,11,0
2929,0,0,0,0,0,0,0,0,0,0,0,0,0,0,0,0,0,0,0,0,0,0,0,0,0,0,0,0,0,0,0,0,0,0,0,0,0,2,0,0,0,96,0,0,0,0,0,0,19,0,0,0,1,0,0,0,0,0,0,0,0,38,0,0,0,0,0,0,0,0,0,0,0,0,0,0,0,0,0,6,0,0,0,0,9,0,4,0,0,0,0,14,0,0,11,0
2930,0,0,0,0,0,0,0,0,0,0,0,0,0,0,0,0,0,0,0,0,0,0,0,0,0,0,0,0,0,0,0,0,0,0,0,0,0,2,0,0,0,96,0,0,0,0,0,0,19,0,0,0,1,0,0,0,0,0,0,0,0,38,0,0,0,0,0,0,0,0,0,0,0,0,0,0,0,0,0,6,0,0,0,0,9,0,4,0,0,0,0,13,0,0,11,0
2931,0,0,0,0,0,0,0,0,0,0,0,0,0,0,0,0,0,0,0,0,0,0,0,0,0,0,0,0,0,0,0,0,0,0,0,0,0,2,0,0,0,96,0,0,0,0,0,0,19,0,0,0,1,0,0,0,0,0,0,0,0,38,0,0,0,0,0,0,0,0,0,0,0,0,0,0,0,0,0,6,0,0,0,0,9,0,4,0,0,0,0,13,0,0,11,0
2932,0,0,0,0,0,0,0,0,0,0,0,0,0,0,0,0,0,0,0,0,0,0,0,0,0,0,0,0,0,0,0,0,0,0,0,0,0,2,0,0,0,96,0,0,0,0,0,0,19,0,0,0,1,0,0,0,0,0,0,0,0,38,0,0,0,0,0,0,0,0,0,0,0,0,0,0,0,0,0,6,0,0,0,0,9,0,4,0,0,0,0,13,0,0,11,0
2933,0,0,0,0,0,0,0,0,0,0,0,0,0,0,0,0,0,0,0,0,0,0,0,0,0,0,0,0,0,0,0,0,0,0,0,0,0,2,0,0,0,95,0,0,0,0,0,0,19,0,0,0,1,0,0,0,0,0,0,0,0,37,0,0,0,0,0,0,0,0,0,0,0,0,0,0,0,0,0,6,0,0,0,0,9,0,4,0,0,0,0,14,0,0,11,0
2934,0,0,0,0,0,0,0,0,0,0,0,0,0,0,0,0,0,0,0,0,0,0,0,0,0,0,0,0,0,0,0,0,0,0,0,0,0,2,0,0,0,94,0,0,0,0,0,0,19,0,0,0,1,0,0,0,0,0,0,0,0,37,0,0,0,0,0,0,0,0,0,0,0,0,0,0,0,0,0,6,0,0,0,0,9,0,4,0,0,0,0,14,0,0,11,0
2935,0,0,0,0,0,0,0,0,0,0,0,0,0,0,0,0,0,0,0,0,0,0,0,0,0,0,0,0,0,0,0,0,0,0,0,0,0,2,0,0,0,94,0,0,0,0,0,0,19,0,0,0,1,0,0,0,0,0,0,0,0,37,0,0,0,0,0,0,0,0,0,0,0,0,0,0,0,0,0,6,0,0,0,0,9,0,4,0,0,0,0,14,0,0,11,0
2936,0,0,0,0,0,0,0,0,0,0,0,0,0,0,0,0,0,0,0,0,0,0,0,0,0,0,0,0,0,0,0,0,0,0,0,0,0,2,0,0,0,94,0,0,0,0,0,0,19,0,0,0,1,0,0,0,0,0,0,0,0,37,0,0,0,0,0,0,0,0,0,0,0,0,0,0,0,0,0,6,0,0,0,0,9,0,4,0,0,0,0,14,0,0,11,0
2937,0,0,0,0,0,0,0,0,0,0,0,0,0,0,0,0,0,0,0,0,0,0,0,0,0,0,0,0,0,0,0,0,0,0,0,0,0,2,0,0,0,95,0,0,0,0,0,0,19,0,0,0,1,0,0,0,0,0,0,0,0,37,0,0,0,0,0,0,0,0,0,0,0,0,0,0,0,0,0,6,0,0,0,0,9,0,4,0,0,0,0,14,0,0,11,0
2938,0,0,0,0,0,0,0,0,0,0,0,0,0,0,0,0,0,0,0,0,0,0,0,0,0,0,0,0,0,0,0,0,0,0,0,0,0,2,0,0,0,95,0,0,0,0,0,0,19,0,0,0,1,0,0,0,0,0,0,0,0,37,0,0,0,0,0,0,0,0,0,0,0,0,0,0,0,0,0,6,0,0,0,0,9,0,4,0,0,0,0,15,0,0,11,0
2939,0,0,0,0,0,0,0,0,0,0,0,0,0,0,0,0,0,0,0,0,0,0,0,0,0,0,0,0,0,0,0,0,0,0,0,0,0,2,0,0,0,96,0,0,0,0,0,0,19,0,0,0,1,0,0,0,0,0,0,0,0,37,0,0,0,0,0,0,0,0,0,0,0,0,0,0,0,0,0,6,0,0,0,0,9,0,4,0,0,0,0,15,0,0,11,0
2940,0,0,0,0,0,0,0,0,0,0,0,0,0,0,0,0,0,0,0,0,0,0,0,0,0,0,0,0,0,0,0,0,0,0,0,0,0,2,0,0,0,96,0,0,0,0,0,0,18,0,0,0,1,0,0,0,0,0,0,0,0,37,0,0,0,0,0,0,0,0,0,0,0,0,0,0,0,0,0,6,0,0,0,0,9,0,4,0,0,0,0,15,0,0,11,0
2941,0,0,0,0,0,0,0,0,0,0,0,0,0,0,0,0,0,0,0,0,0,0,0,0,0,0,0,0,0,0,0,0,0,0,0,0,0,2,0,0,0,96,0,0,0,0,0,0,18,0,0,0,1,0,0,0,0,0,0,0,0,37,0,0,0,0,0,0,0,0,0,0,0,0,0,0,0,0,0,6,0,0,0,0,9,0,4,0,0,0,0,15,0,0,11,0
2942,0,0,0,0,0,0,0,0,0,0,0,0,0,0,0,0,0,0,0,0,0,0,0,0,0,0,0,0,0,0,0,0,0,0,0,0,0,2,0,0,0,98,0,0,0,0,0,0,18,0,0,0,1,0,0,0,0,0,0,0,0,37,0,0,0,0,0,0,0,0,0,0,0,0,0,0,0,0,0,6,0,0,0,0,9,0,4,0,0,0,0,15,0,0,11,0
2943,0,0,0,0,0,0,0,0,0,0,0,0,0,0,0,0,0,0,0,0,0,0,0,0,0,0,0,0,0,0,0,0,0,0,0,0,0,2,0,0,0,98,0,0,0,0,0,0,18,0,0,0,1,0,0,0,0,0,0,0,0,37,0,0,0,0,0,0,0,0,0,0,0,0,0,0,0,0,0,6,0,0,0,0,9,0,4,0,0,0,0,15,0,0,11,0
2944,0,0,0,0,0,0,0,0,0,0,0,0,0,0,0,0,0,0,0,0,0,0,0,0,0,0,0,0,0,0,0,0,0,0,0,0,0,2,0,0,0,98,0,0,0,0,0,0,18,0,0,0,1,0,0,0,0,0,0,0,0,37,0,0,0,0,0,0,0,0,0,0,0,0,0,0,0,0,0,6,0,0,0,0,9,0,4,0,0,0,0,15,0,0,11,0
2945,0,0,0,0,0,0,0,0,0,0,0,0,0,0,0,0,0,0,0,0,0,0,0,0,0,0,0,0,0,0,0,0,0,0,0,0,0,2,0,0,0,99,0,0,0,0,0,0,18,0,0,0,1,0,0,0,0,0,0,0,0,38,0,0,0,0,0,0,0,0,0,0,0,0,0,0,0,0,0,6,0,0,0,0,10,0,4,0,0,0,0,15,0,0,11,0
2946,0,0,0,0,0,0,0,0,0,0,0,0,0,0,0,0,0,0,0,0,0,0,0,0,0,0,0,0,0,0,0,0,0,0,0,0,0,2,0,0,0,100,0,0,0,0,0,0,17,0,0,0,1,0,0,0,0,0,0,0,0,38,0,0,0,0,0,0,0,0,0,0,0,0,0,0,0,0,0,6,0,0,0,0,10,0,4,0,0,0,0,15,0,0,11,0
2947,0,0,0,0,0,0,0,0,0,0,0,0,0,0,0,0,0,0,0,0,0,0,0,0,0,0,0,0,0,0,0,0,0,0,0,0,0,2,0,0,0,102,0,0,0,0,0,0,17,0,0,0,1,0,0,0,0,0,0,0,0,38,0,0,0,0,0,0,0,0,0,0,0,0,0,0,0,0,0,7,0,0,0,0,10,0,4,0,0,0,0,15,0,0,11,0
2948,0,0,0,0,0,0,0,0,0,0,0,0,0,0,0,0,0,0,0,0,0,0,0,0,0,0,0,0,0,0,0,0,0,0,0,0,0,2,0,0,0,102,0,0,0,0,0,0,17,0,0,0,1,0,0,0,0,0,0,0,0,38,0,0,0,0,0,0,0,0,0,0,0,0,0,0,0,0,0,7,0,0,0,0,10,0,4,0,0,0,0,15,0,0,11,0
2949,0,0,0,0,0,0,0,0,0,0,0,0,0,0,0,0,0,0,0,0,0,0,0,0,0,0,0,0,0,0,0,0,0,0,0,0,0,2,0,0,0,102,0,0,0,0,0,0,17,0,0,0,1,0,0,0,0,0,0,0,0,38,0,0,0,0,0,0,0,0,0,0,0,0,0,0,0,0,0,7,0,0,0,0,10,0,4,0,0,0,0,15,0,0,11,0
2950,0,0,0,0,0,0,0,0,0,0,0,0,0,0,0,0,0,0,0,0,0,0,0,0,0,0,0,0,0,0,0,0,0,0,0,0,0,2,0,0,0,101,0,0,0,0,0,0,16,0,0,0,1,0,0,0,0,0,0,0,0,38,0,0,0,0,0,0,0,0,0,0,0,0,0,0,0,0,0,7,0,0,0,0,10,0,4,0,0,0,0,15,0,0,11,0
2951,0,0,0,0,0,0,0,0,0,0,0,0,0,0,0,0,0,0,0,0,0,0,0,0,0,0,0,0,0,0,0,0,0,0,0,0,0,2,0,0,0,101,0,0,0,0,0,0,17,0,0,0,1,0,0,0,0,0,0,0,0,38,0,0,0,0,0,0,0,0,0,0,0,0,0,0,0,0,0,7,0,0,0,0,10,0,4,0,0,0,0,15,0,0,11,0
2952,0,0,0,0,0,0,0,0,0,0,0,0,0,0,0,0,0,0,0,0,0,0,0,0,0,0,0,0,0,0,0,0,0,0,0,0,0,2,0,0,0,101,0,0,0,0,0,0,17,0,0,0,1,0,0,0,0,0,0,0,0,38,0,0,0,0,0,0,0,0,0,0,0,0,0,0,0,0,0,8,0,0,0,0,10,0,4,0,0,0,0,14,0,0,11,0
2953,0,0,0,0,0,0,0,0,0,0,0,0,0,0,0,0,0,0,0,0,0,0,0,0,0,0,0,0,0,0,0,0,0,0,0,0,0,2,0,0,0,101,0,0,0,0,0,0,17,0,0,0,1,0,0,0,0,0,0,0,0,38,0,0,0,0,0,0,0,0,0,0,0,0,0,0,0,0,0,8,0,0,0,0,10,0,4,0,0,0,0,14,0,0,11,0
2954,0,0,0,0,0,0,0,0,0,0,0,0,0,0,0,0,0,0,0,0,0,0,0,0,0,0,0,0,0,0,0,0,0,0,0,0,0,2,0,0,0,101,0,0,0,0,0,0,17,0,0,0,1,0,0,0,0,0,0,0,0,38,0,0,0,0,0,0,0,0,0,0,0,0,0,0,0,0,0,8,0,0,0,0,10,0,4,0,0,0,0,14,0,0,11,0
2955,0,0,0,0,0,0,0,0,0,0,0,0,0,0,0,0,0,0,0,0,0,0,0,0,0,0,0,0,0,0,0,0,0,0,0,0,0,2,0,0,0,102,0,0,0,0,0,0,17,0,0,0,1,0,0,0,0,0,0,0,0,38,0,0,0,0,0,0,0,0,0,0,0,0,0,0,0,0,0,8,0,0,0,0,10,0,4,0,0,0,0,14,0,0,11,0
2956,0,0,0,0,0,0,0,0,0,0,0,0,0,0,0,0,0,0,0,0,0,0,0,0,0,0,0,0,0,0,0,0,0,0,0,0,0,2,0,0,0,103,0,0,0,0,0,0,17,0,0,0,1,0,0,0,0,0,0,0,0,38,0,0,0,0,0,0,0,0,0,0,0,0,0,0,0,0,0,8,0,0,0,0,10,0,4,0,0,0,0,14,0,0,11,0
2957,0,0,0,0,0,0,0,0,0,0,0,0,0,0,0,0,0,0,0,0,0,0,0,0,0,0,0,0,0,0,0,0,0,0,0,0,0,2,0,0,0,103,0,0,0,0,0,0,17,0,0,0,1,0,0,0,0,0,0,0,0,38,0,0,0,0,0,0,0,0,0,0,0,0,0,0,0,0,0,8,0,0,0,0,10,0,4,0,0,0,0,14,0,0,11,0
2958,0,0,0,0,0,0,0,0,0,0,0,0,0,0,0,0,0,0,0,0,0,0,0,0,0,0,0,0,0,0,0,0,0,0,0,0,0,2,0,0,0,103,0,0,0,0,0,0,17,0,0,0,1,0,0,0,0,0,0,0,0,38,0,0,0,0,0,0,0,0,0,0,0,0,0,0,0,0,0,8,0,0,0,0,10,0,4,0,0,0,0,14,0,0,11,0
2959,0,0,0,0,0,0,0,0,0,0,0,0,0,0,0,0,0,0,0,0,0,0,0,0,0,0,0,0,0,0,0,0,0,0,0,0,0,2,0,0,0,105,0,0,0,0,0,0,17,0,0,0,1,0,0,0,0,0,0,0,0,38,0,0,0,0,0,0,0,0,0,0,0,0,0,0,0,0,0,8,0,0,0,0,10,0,4,0,0,0,0,14,0,0,11,0
2960,0,0,0,0,0,0,0,0,0,0,0,0,0,0,0,0,0,0,0,0,0,0,0,0,0,0,0,0,0,0,0,0,0,0,0,0,0,2,0,0,0,105,0,0,0,0,0,0,17,0,0,0,1,0,0,0,0,0,0,0,0,38,0,0,0,0,0,0,0,0,0,0,0,0,0,0,0,0,0,8,0,0,0,0,10,0,4,0,0,0,0,14,0,0,11,0
2961,0,0,0,0,0,0,0,0,0,0,0,0,0,0,0,0,0,0,0,0,0,0,0,0,0,0,0,0,0,0,0,0,0,0,0,0,0,2,0,0,0,105,0,0,0,0,0,0,16,0,0,0,1,0,0,0,0,0,0,0,0,38,0,0,0,0,0,0,0,0,0,0,0,0,0,0,0,0,0,7,0,0,0,0,10,0,4,0,0,0,0,14,0,0,11,0
2962,0,0,0,0,0,0,0,0,0,0,0,0,0,0,0,0,0,0,0,0,0,0,0,0,0,0,0,0,0,0,0,0,0,0,0,0,0,2,0,0,0,105,0,0,0,0,0,0,16,0,0,0,1,0,0,0,0,0,0,0,0,38,0,0,0,0,0,0,0,0,0,0,0,0,0,0,0,0,0,7,0,0,0,0,10,0,4,0,0,0,0,14,0,0,11,0
2963,0,0,0,0,0,0,0,0,0,0,0,0,0,0,0,0,0,0,0,0,0,0,0,0,0,0,0,0,0,0,0,0,0,0,0,0,0,2,0,0,0,107,0,0,0,0,0,0,16,0,0,0,1,0,0,0,0,0,0,0,0,38,0,0,0,0,0,0,0,0,0,0,0,0,0,0,0,0,0,7,0,0,0,0,10,0,4,0,0,0,0,14,0,0,11,0
2964,0,0,0,0,0,0,0,0,0,0,0,0,0,0,0,0,0,0,0,0,0,0,0,0,0,0,0,0,0,0,0,0,0,0,0,0,0,2,0,0,0,106,0,0,0,0,0,0,16,0,0,0,1,0,0,0,0,0,0,0,0,38,0,0,0,0,0,0,0,0,0,0,0,0,0,0,0,0,0,7,0,0,0,0,10,0,4,0,0,0,0,14,0,0,12,0
2965,0,0,0,0,0,0,0,0,0,0,0,0,0,0,0,0,0,0,0,0,0,0,0,0,0,0,0,0,0,0,0,0,0,0,0,0,0,2,0,0,0,106,0,0,0,0,0,0,16,0,0,0,1,0,0,0,0,0,0,0,0,38,0,0,0,0,0,0,0,0,0,0,0,0,0,0,0,0,0,7,0,0,0,0,10,0,4,0,0,0,0,14,0,0,12,0
2966,0,0,0,0,0,0,0,0,0,0,0,0,0,0,0,0,0,0,0,0,0,0,0,0,0,0,0,0,0,0,0,0,0,0,0,0,0,2,0,0,0,106,0,0,0,0,0,0,16,0,0,0,1,0,0,0,0,0,0,0,0,38,0,0,0,0,0,0,0,0,0,0,0,0,0,0,0,0,0,7,0,0,0,0,10,0,4,0,0,0,0,14,0,0,12,0
2967,0,0,0,0,0,0,0,0,0,0,0,0,0,0,0,0,0,0,0,0,0,0,0,0,0,0,0,0,0,0,0,0,0,0,0,0,0,2,0,0,0,107,0,0,0,0,0,0,16,0,0,0,1,0,0,0,0,0,0,0,0,38,0,0,0,0,0,0,0,0,0,0,0,0,0,0,0,0,0,7,0,0,0,0,10,0,4,0,0,0,0,14,0,0,12,0
2968,0,0,0,0,0,0,0,0,0,0,0,0,0,0,0,0,0,0,0,0,0,0,0,0,0,0,0,0,0,0,0,0,0,0,0,0,0,2,0,0,0,106,0,0,0,0,0,0,16,0,0,0,1,0,0,0,0,0,0,0,0,38,0,0,0,0,0,0,0,0,0,0,0,0,0,0,0,0,0,7,0,0,0,0,10,0,4,0,0,0,0,14,0,0,12,0
2969,0,0,0,0,0,0,0,0,0,0,0,0,0,0,0,0,0,0,0,0,0,0,0,0,0,0,0,0,0,0,0,0,0,0,0,0,0,2,0,0,0,106,0,0,0,0,0,0,16,0,0,0,1,0,0,0,0,0,0,0,0,38,0,0,0,0,0,0,0,0,0,0,0,0,0,0,0,0,0,7,0,0,0,0,10,0,4,0,0,0,0,14,0,0,13,0
2970,0,0,0,0,0,0,0,0,0,0,0,0,0,0,0,0,0,0,0,0,0,0,0,0,0,0,0,0,0,0,0,0,0,0,0,0,0,2,0,0,0,107,0,0,0,0,0,0,16,0,0,0,1,0,0,0,0,0,0,0,0,38,0,0,0,0,0,0,0,0,0,0,0,0,0,0,0,0,0,7,0,0,0,0,11,0,4,0,0,0,0,15,0,0,13,0
2971,0,0,0,0,0,0,0,0,0,0,0,0,0,0,0,0,0,0,0,0,0,0,0,0,0,0,0,0,0,0,0,0,0,0,0,0,0,2,0,0,0,107,0,0,0,0,0,0,16,0,0,0,1,0,0,0,0,0,0,0,0,38,0,0,0,0,0,0,0,0,0,0,0,0,0,0,0,0,0,7,0,0,0,0,11,0,4,0,0,0,0,15,0,0,13,0
2972,0,0,0,0,0,0,0,0,0,0,0,0,0,0,0,0,0,0,0,0,0,0,0,0,0,0,0,0,0,0,0,0,0,0,0,0,0,2,0,0,0,107,0,0,0,0,0,0,16,0,0,0,1,0,0,0,0,0,0,0,0,38,0,0,0,0,0,0,0,0,0,0,0,0,0,0,0,0,0,7,0,0,0,0,11,0,4,0,0,0,0,15,0,0,13,0
2973,0,0,0,0,0,0,0,0,0,0,0,0,0,0,0,0,0,0,0,0,0,0,0,0,0,0,0,0,0,0,0,0,0,0,0,0,0,2,0,0,0,107,0,0,0,0,0,0,16,0,0,0,1,0,0,0,0,0,0,0,0,38,0,0,0,0,0,0,0,0,0,0,0,0,0,0,0,0,0,7,0,0,0,0,11,0,4,0,0,0,0,13,0,0,13,0
2974,0,0,0,0,0,0,0,0,0,0,0,0,0,0,0,0,0,0,0,0,0,0,0,0,0,0,0,0,0,0,0,0,0,0,0,0,0,2,0,0,0,108,0,0,0,0,0,0,16,0,0,0,1,0,0,0,0,0,0,0,0,41,0,0,0,0,0,0,0,0,0,0,0,0,0,0,0,0,0,7,0,0,0,0,11,0,4,0,0,0,0,13,0,0,13,0
2975,0,0,0,0,0,0,0,0,0,0,0,0,0,0,0,0,0,0,0,0,0,0,0,0,0,0,0,0,0,0,0,0,0,0,0,0,0,2,0,0,0,106,0,0,0,0,0,0,16,0,0,0,1,0,0,0,0,0,0,0,0,41,0,0,0,0,0,0,0,0,0,0,0,0,0,0,0,0,0,7,0,0,0,0,11,0,4,0,0,0,0,13,0,0,13,0
2976,0,0,0,0,0,0,0,0,0,0,0,0,0,0,0,0,0,0,0,0,0,0,0,0,0,0,0,0,0,0,0,0,0,0,0,0,0,2,0,0,0,106,0,0,0,0,0,0,16,0,0,0,1,0,0,0,0,0,0,0,0,42,0,0,0,0,0,0,0,0,0,0,0,0,0,0,0,0,0,7,0,0,0,0,11,0,4,0,0,0,0,13,0,0,13,0
2977,0,0,0,0,0,0,0,0,0,0,0,0,0,0,0,0,0,0,0,0,0,0,0,0,0,0,0,0,0,0,0,0,0,0,0,0,0,2,0,0,0,106,0,0,0,0,0,0,16,0,0,0,1,0,0,0,0,0,0,0,0,43,0,0,0,0,0,0,0,0,0,0,0,0,0,0,0,0,0,7,0,0,0,0,11,0,4,0,0,0,0,13,0,0,13,0
2978,0,0,0,0,0,0,0,0,0,0,0,0,0,0,0,0,0,0,0,0,0,0,0,0,0,0,0,0,0,0,0,0,0,0,0,0,0,2,0,0,0,107,0,0,0,0,0,0,16,0,0,0,1,0,0,0,0,0,0,0,0,43,0,0,0,0,0,0,0,0,0,0,0,0,0,0,0,0,0,7,0,0,0,0,11,0,4,0,0,0,0,13,0,0,13,0
2979,0,0,0,0,0,0,0,0,0,0,0,0,0,0,0,0,0,0,0,0,0,0,0,0,0,0,0,0,0,0,0,0,0,0,0,0,0,2,0,0,0,106,0,0,0,0,0,0,16,0,0,0,1,0,0,0,0,0,0,0,0,43,0,0,0,0,0,0,0,0,0,0,0,0,0,0,0,0,0,7,0,0,0,0,11,0,4,0,0,0,0,13,0,0,13,0
2980,0,0,0,0,0,0,0,0,0,0,0,0,0,0,0,0,0,0,0,0,0,0,0,0,0,0,0,0,0,0,0,0,0,0,0,0,0,2,0,0,0,105,0,0,0,0,0,0,16,0,0,0,1,0,0,0,0,0,0,0,0,43,0,0,0,0,0,0,0,0,0,0,0,0,0,0,0,0,0,7,0,0,0,0,11,0,4,0,0,0,0,13,0,0,13,0
2981,0,0,0,0,0,0,0,0,0,0,0,0,0,0,0,0,0,0,0,0,0,0,0,0,0,0,0,0,0,0,0,0,0,0,0,0,0,2,0,0,0,105,0,0,0,0,0,0,16,0,0,0,1,0,0,0,0,0,0,0,0,43,0,0,0,0,0,0,0,0,0,0,0,0,0,0,0,0,0,7,0,0,0,0,11,0,4,0,0,0,0,13,0,0,13,0
2982,0,0,0,0,0,0,0,0,0,0,0,0,0,0,0,0,0,0,0,0,0,0,0,0,0,0,0,0,0,0,0,0,0,0,0,0,0,2,0,0,0,105,0,0,0,0,0,0,16,0,0,0,1,0,0,0,0,0,0,0,0,43,0,0,0,0,0,0,0,0,0,0,0,0,0,0,0,0,0,7,0,0,0,0,11,0,4,0,0,0,0,13,0,0,13,0
2983,0,0,0,0,0,0,0,0,0,0,0,0,0,0,0,0,0,0,0,0,0,0,0,0,0,0,0,0,0,0,0,0,0,0,0,0,0,2,0,0,0,106,0,0,0,0,0,0,16,0,0,0,1,0,0,0,0,0,0,0,0,43,0,0,0,0,0,0,0,0,0,0,0,0,0,0,0,0,0,8,0,0,0,0,11,0,4,0,0,0,0,13,0,0,13,0
2984,0,0,0,0,0,0,0,0,0,0,0,0,0,0,0,0,0,0,0,0,0,0,0,0,0,0,0,0,0,0,0,0,0,0,0,0,0,2,0,0,0,106,0,0,0,0,0,0,16,0,0,0,1,0,0,0,0,0,0,0,0,43,0,0,0,0,0,0,0,0,0,0,0,0,0,0,0,0,0,8,0,0,0,0,11,0,4,0,0,0,0,13,0,0,13,0
2985,0,0,0,0,0,0,0,0,0,0,0,0,0,0,0,0,0,0,0,0,0,0,0,0,0,0,0,0,0,0,0,0,0,0,0,0,0,2,0,0,0,105,0,0,0,0,0,0,16,0,0,0,1,0,0,0,0,0,0,0,0,43,0,0,0,0,0,0,0,0,0,0,0,0,0,0,0,0,0,8,0,0,0,0,11,0,4,0,0,0,0,13,0,0,13,0
2986,0,0,0,0,0,0,0,0,0,0,0,0,0,0,0,0,0,0,0,0,0,0,0,0,0,0,0,0,0,0,0,0,0,0,0,0,0,2,0,0,0,106,0,0,0,0,0,0,16,0,0,0,1,0,0,0,0,0,0,0,0,43,0,0,0,0,0,0,0,0,0,0,0,0,0,0,0,0,0,8,0,0,0,0,11,0,4,0,0,0,0,13,0,0,13,0
2987,0,0,0,0,0,0,0,0,0,0,0,0,0,0,0,0,0,0,0,0,0,0,0,0,0,0,0,0,0,0,0,0,0,0,0,0,0,2,0,0,0,106,0,0,0,0,0,0,17,0,0,0,1,0,0,0,0,0,0,0,0,43,0,0,0,0,0,0,0,0,0,0,0,0,0,0,0,0,0,8,0,0,0,0,11,0,4,0,0,0,0,13,0,0,12,0
2988,0,0,0,0,0,0,0,0,0,0,0,0,0,0,0,0,0,0,0,0,0,0,0,0,0,0,0,0,0,0,0,0,0,0,0,0,0,2,0,0,0,106,0,0,0,0,0,0,17,0,0,0,1,0,0,0,0,0,0,0,0,43,0,0,0,0,0,0,0,0,0,0,0,0,0,0,0,0,0,8,0,0,0,0,11,0,4,0,0,0,0,12,0,0,12,0
2989,0,0,0,0,0,0,0,0,0,0,0,0,0,0,0,0,0,0,0,0,0,0,0,0,0,0,0,0,0,0,0,0,0,0,0,0,0,2,0,0,0,106,0,0,0,0,0,0,17,0,0,0,1,0,0,0,0,0,0,0,0,43,0,0,0,0,0,0,0,0,0,0,0,0,0,0,0,0,0,8,0,0,0,0,12,0,4,0,0,0,0,12,0,0,12,0
2990,0,0,0,0,0,0,0,0,0,0,0,0,0,0,0,0,0,0,0,0,0,0,0,0,0,0,0,0,0,0,0,0,0,0,0,0,0,2,0,0,0,105,0,0,0,0,0,0,17,0,0,0,1,0,0,0,0,0,0,0,0,43,0,0,0,0,0,0,0,0,0,0,0,0,0,0,0,0,0,8,0,0,0,0,12,0,4,0,0,0,0,13,0,0,12,0
2991,0,0,0,0,0,0,0,0,0,0,0,0,0,0,0,0,0,0,0,0,0,0,0,0,0,0,0,0,0,0,0,0,0,0,0,0,0,2,0,0,0,106,0,0,0,0,0,0,18,0,0,0,1,0,0,0,0,0,0,0,0,43,0,0,0,0,0,0,0,0,0,0,0,0,0,0,0,0,0,8,0,0,0,0,12,0,4,0,0,0,0,13,0,0,12,0
2992,0,0,0,0,0,0,0,0,0,0,0,0,0,0,0,0,0,0,0,0,0,0,0,0,0,0,0,0,0,0,0,0,0,0,0,0,0,2,0,0,0,106,0,0,0,0,0,0,18,0,0,0,1,0,0,0,0,0,0,0,0,43,0,0,0,0,0,0,0,0,0,0,0,0,0,0,0,0,0,8,0,0,0,0,12,0,4,0,0,0,0,13,0,0,12,0
2993,0,0,0,0,0,0,0,0,0,0,0,0,0,0,0,0,0,0,0,0,0,0,0,0,0,0,0,0,0,0,0,0,0,0,0,0,0,2,0,0,0,107,0,0,0,0,0,0,18,0,0,0,1,0,0,0,0,0,0,0,0,43,0,0,0,0,0,0,0,0,0,0,0,0,0,0,0,0,0,8,0,0,0,0,12,0,4,0,0,0,0,13,0,0,13,0
2994,0,0,0,0,0,0,0,0,0,0,0,0,0,0,0,0,0,0,0,0,0,0,0,0,0,0,0,0,0,0,0,0,0,0,0,0,0,2,0,0,0,108,0,0,0,0,0,0,18,0,0,0,1,0,0,0,0,0,0,0,0,43,0,0,0,0,0,0,0,0,0,0,0,0,0,0,0,0,0,8,0,0,0,0,12,0,4,0,0,0,0,13,0,0,13,0
2995,0,0,0,0,0,0,0,0,0,0,0,0,0,0,0,0,0,0,0,0,0,0,0,0,0,0,0,0,0,0,0,0,0,0,0,0,0,2,0,0,0,108,0,0,0,0,0,0,18,0,0,0,1,0,0,0,0,0,0,0,0,44,0,0,0,0,0,0,0,0,0,0,0,0,0,0,0,0,0,8,0,0,0,0,12,0,4,0,0,0,0,13,0,0,13,0
2996,0,0,0,0,0,0,0,0,0,0,0,0,0,0,0,0,0,0,0,0,0,0,0,0,0,0,0,0,0,0,0,0,0,0,0,0,0,2,0,0,0,107,0,0,0,0,0,0,18,0,0,0,1,0,0,0,0,0,0,0,0,44,0,0,0,0,0,0,0,0,0,0,0,0,0,0,0,0,0,8,0,0,0,0,12,0,4,0,0,0,0,13,0,0,13,0
2997,0,0,0,0,0,0,0,0,0,0,0,0,0,0,0,0,0,0,0,0,0,0,0,0,0,0,0,0,0,0,0,0,0,0,0,0,0,2,0,0,0,107,0,0,0,0,0,0,18,0,0,0,1,0,0,0,0,0,0,0,0,42,0,0,0,0,0,0,0,0,0,0,0,0,0,0,0,0,0,8,0,0,0,0,12,0,4,0,0,0,0,14,0,0,13,0
2998,0,0,0,0,0,0,0,0,0,0,0,0,0,0,0,0,0,0,0,0,0,0,0,0,0,0,0,0,0,0,0,0,0,0,0,0,0,2,0,0,0,107,0,0,0,0,0,0,18,0,0,0,1,0,0,0,0,0,0,0,0,43,0,0,0,0,0,0,0,0,0,0,0,0,0,0,0,0,0,8,0,0,0,0,12,0,4,0,0,0,0,14,0,0,13,0
2999,0,0,0,0,0,0,0,0,0,0,0,0,0,0,0,0,0,0,0,0,0,0,0,0,0,0,0,0,0,0,0,0,0,0,0,0,0,2,0,0,0,107,0,0,0,0,0,0,18,0,0,0,1,0,0,0,0,0,0,0,0,43,0,0,0,0,0,0,0,0,0,0,0,0,0,0,0,0,0,8,0,0,0,0,12,0,4,0,0,0,0,14,0,0,13,0
3000,0,0,0,0,0,0,0,0,0,0,0,0,0,0,0,0,0,0,0,0,0,0,0,0,0,0,0,0,0,0,0,0,0,0,0,0,0,2,0,0,0,107,0,0,0,0,0,0,18,0,0,0,1,0,0,0,0,0,0,0,0,43,0,0,0,0,0,0,0,0,0,0,0,0,0,0,0,0,0,8,0,0,0,0,12,0,4,0,0,0,0,14,0,0,13,0
3001,0,0,0,0,0,0,0,0,0,0,0,0,0,0,0,0,0,0,0,0,0,0,0,0,0,0,0,0,0,0,0,0,0,0,0,0,0,2,0,0,0,106,0,0,0,0,0,0,18,0,0,0,1,0,0,0,0,0,0,0,0,43,0,0,0,0,0,0,0,0,0,0,0,0,0,0,0,0,0,8,0,0,0,0,12,0,4,0,0,0,0,14,0,0,13,0
3002,0,0,0,0,0,0,0,0,0,0,0,0,0,0,0,0,0,0,0,0,0,0,0,0,0,0,0,0,0,0,0,0,0,0,0,0,0,2,0,0,0,105,0,0,0,0,0,0,18,0,0,0,1,0,0,0,0,0,0,0,0,43,0,0,0,0,0,0,0,0,0,0,0,0,0,0,0,0,0,8,0,0,0,0,12,0,4,0,0,0,0,14,0,0,14,0
3003,0,0,0,0,0,0,0,0,0,0,0,0,0,0,0,0,0,0,0,0,0,0,0,0,0,0,0,0,0,0,0,0,0,0,0,0,0,2,0,0,0,104,0,0,0,0,0,0,18,0,0,0,1,0,0,0,0,0,0,0,0,43,0,0,0,0,0,0,0,0,0,0,0,0,0,0,0,0,0,8,0,0,0,0,12,0,4,0,0,0,0,14,0,0,14,0
3004,0,0,0,0,0,0,0,0,0,0,0,0,0,0,0,0,0,0,0,0,0,0,0,0,0,0,0,0,0,0,0,0,0,0,0,0,0,2,0,0,0,104,0,0,0,0,0,0,18,0,0,0,1,0,0,0,0,0,0,0,0,43,0,0,0,0,0,0,0,0,0,0,0,0,0,0,0,0,0,8,0,0,0,0,12,0,4,0,0,0,0,14,0,0,14,0
3005,0,0,0,0,0,0,0,0,0,0,0,0,0,0,0,0,0,0,0,0,0,0,0,0,0,0,0,0,0,0,0,0,0,0,0,0,0,2,0,0,0,103,0,0,0,0,0,0,18,0,0,0,1,0,0,0,0,0,0,0,0,43,0,0,0,0,0,0,0,0,0,0,0,0,0,0,0,0,0,8,0,0,0,0,12,0,4,0,0,0,0,14,0,0,13,0
3006,0,0,0,0,0,0,0,0,0,0,0,0,0,0,0,0,0,0,0,0,0,0,0,0,0,0,0,0,0,0,0,0,0,0,0,0,0,2,0,0,0,105,0,0,0,0,0,0,18,0,0,0,1,0,0,0,0,0,0,0,0,43,0,0,0,0,0,0,0,0,0,0,0,0,0,0,0,0,0,8,0,0,0,0,12,0,4,0,0,0,0,14,0,0,13,0
3007,0,0,0,0,0,0,0,0,0,0,0,0,0,0,0,0,0,0,0,0,0,0,0,0,0,0,0,0,0,0,0,0,0,0,0,0,0,2,0,0,0,105,0,0,0,0,0,0,18,0,0,0,1,0,0,0,0,0,0,0,0,43,0,0,0,0,0,0,0,0,0,0,0,0,0,0,0,0,0,8,0,0,0,0,12,0,4,0,0,0,0,14,0,0,13,0
3008,0,0,0,0,0,0,0,0,0,0,0,0,0,0,0,0,0,0,0,0,0,0,0,0,0,0,0,0,0,0,0,0,0,0,0,0,0,2,0,0,0,106,0,0,0,0,0,0,18,0,0,0,1,0,0,0,0,0,0,0,0,43,0,0,0,0,0,0,0,0,0,0,0,0,0,0,0,0,0,8,0,0,0,0,12,0,4,0,0,0,0,14,0,0,13,0
3009,0,0,0,0,0,0,0,0,0,0,0,0,0,0,0,0,0,0,0,0,0,0,0,0,0,0,0,0,0,0,0,0,0,0,0,0,0,2,0,0,0,106,0,0,0,0,0,0,18,0,0,0,1,0,0,0,0,0,0,0,0,43,0,0,0,0,0,0,0,0,0,0,0,0,0,0,0,0,0,8,0,0,0,0,11,0,4,0,0,0,0,14,0,0,13,0
3010,0,0,0,0,0,0,0,0,0,0,0,0,0,0,0,0,0,0,0,0,0,0,0,0,0,0,0,0,0,0,0,0,0,0,0,0,0,2,0,0,0,106,0,0,0,0,0,0,18,0,0,0,1,0,0,0,0,0,0,0,0,43,0,0,0,0,0,0,0,0,0,0,0,0,0,0,0,0,0,8,0,0,0,0,11,0,4,0,0,0,0,14,0,0,13,0
3011,0,0,0,0,0,0,0,0,0,0,0,0,0,0,0,0,0,0,0,0,0,0,0,0,0,0,0,0,0,0,0,0,0,0,0,0,0,2,0,0,0,106,0,0,0,0,0,0,18,0,0,0,1,0,0,0,0,0,0,0,0,43,0,0,0,0,0,0,0,0,0,0,0,0,0,0,0,0,0,8,0,0,0,0,11,0,4,0,0,0,0,14,0,0,13,0
3012,0,0,0,0,0,0,0,0,0,0,0,0,0,0,0,0,0,0,0,0,0,0,0,0,0,0,0,0,0,0,0,0,0,0,0,0,0,2,0,0,0,107,0,0,0,0,0,0,18,0,0,0,1,0,0,0,0,0,0,0,0,43,0,0,0,0,0,0,0,0,0,0,0,0,0,0,0,0,0,8,0,0,0,0,11,0,4,0,0,0,0,14,0,0,13,0
3013,0,0,0,0,0,0,0,0,0,0,0,0,0,0,0,0,0,0,0,0,0,0,0,0,0,0,0,0,0,0,0,0,0,0,0,0,0,2,0,0,0,108,0,0,0,0,0,0,18,0,0,0,1,0,0,0,0,0,0,0,0,43,0,0,0,0,0,0,0,0,0,0,0,0,0,0,0,0,0,8,0,0,0,0,11,0,4,0,0,0,0,14,0,0,13,0
3014,0,0,0,0,0,0,0,0,0,0,0,0,0,0,0,0,0,0,0,0,0,0,0,0,0,0,0,0,0,0,0,0,0,0,0,0,0,2,0,0,0,108,0,0,0,0,0,0,18,0,0,0,1,0,0,0,0,0,0,0,0,44,0,0,0,0,0,0,0,0,0,0,0,0,0,0,0,0,0,8,0,0,0,0,11,0,4,0,0,0,0,14,0,0,13,0
3015,0,0,0,0,0,0,0,0,0,0,0,0,0,0,0,0,0,0,0,0,0,0,0,0,0,0,0,0,0,0,0,0,0,0,0,0,0,3,0,0,0,108,0,0,0,0,0,0,18,0,0,0,1,0,0,0,0,0,0,0,0,45,0,0,0,0,0,0,0,0,0,0,0,0,0,0,0,0,0,8,0,0,0,0,11,0,4,0,0,0,0,14,0,0,13,0
3016,0,0,0,0,0,0,0,0,0,0,0,0,0,0,0,0,0,0,0,0,0,0,0,0,0,0,0,0,0,0,0,0,0,0,0,0,0,3,0,0,0,108,0,0,0,0,0,0,18,0,0,0,1,0,0,0,0,0,0,0,0,45,0,0,0,0,0,0,0,0,0,0,0,0,0,0,0,0,0,8,0,0,0,0,11,0,4,0,0,0,0,14,0,0,13,0
3017,0,0,0,0,0,0,0,0,0,0,0,0,0,0,0,0,0,0,0,0,0,0,0,0,0,0,0,0,0,0,0,0,0,0,0,0,0,3,0,0,0,109,0,0,0,0,0,0,18,0,0,0,1,0,0,0,0,0,0,0,0,44,0,0,0,0,0,0,0,0,0,0,0,0,0,0,0,0,0,8,0,0,0,0,11,0,4,0,0,0,0,13,0,0,13,0
3018,0,0,0,0,0,0,0,0,0,0,0,0,0,0,0,0,0,0,0,0,0,0,0,0,0,0,0,0,0,0,0,0,0,0,0,0,0,3,0,0,0,109,0,0,0,0,0,0,18,0,0,0,1,0,0,0,0,0,0,0,0,44,0,0,0,0,0,0,0,0,0,0,0,0,0,0,0,0,0,8,0,0,0,0,11,0,4,0,0,0,0,13,0,0,13,0
3019,0,0,0,0,0,0,0,0,0,0,0,0,0,0,0,0,0,0,0,0,0,0,0,0,0,0,0,0,0,0,0,0,0,0,0,0,0,3,0,0,0,109,0,0,0,0,0,0,18,0,0,0,1,0,0,0,0,0,0,0,0,44,0,0,0,0,0,0,0,0,0,0,0,0,0,0,0,0,0,9,0,0,0,0,11,0,4,0,0,0,0,13,0,0,13,0
3020,0,0,0,0,0,0,0,0,0,0,0,0,0,0,0,0,0,0,0,0,0,0,0,0,0,0,0,0,0,0,0,0,0,0,0,0,0,3,0,0,0,109,0,0,0,0,0,0,18,0,0,0,1,0,0,0,0,0,0,0,0,44,0,0,0,0,0,0,0,0,0,0,0,0,0,0,0,0,0,9,0,0,0,0,11,0,4,0,0,0,0,13,0,0,13,0
3021,0,0,0,0,0,0,0,0,0,0,0,0,0,0,0,0,0,0,0,0,0,0,0,0,0,0,0,0,0,0,0,0,0,0,0,0,0,3,0,0,0,107,0,0,0,0,0,0,18,0,0,0,1,0,0,0,0,0,0,0,0,43,0,0,0,0,0,0,0,0,0,0,0,0,0,0,0,0,0,9,0,0,0,0,11,0,4,0,0,0,0,13,0,0,13,0
3022,0,0,0,0,0,0,0,0,0,0,0,0,0,0,0,0,0,0,0,0,0,0,0,0,0,0,0,0,0,0,0,0,0,0,0,0,0,3,0,0,0,107,0,0,0,0,0,0,18,0,0,0,1,0,0,0,0,0,0,0,0,43,0,0,0,0,0,0,0,0,0,0,0,0,0,0,0,0,0,9,0,0,0,0,11,0,4,0,0,0,0,13,0,0,13,0
3023,0,0,0,0,0,0,0,0,0,0,0,0,0,0,0,0,0,0,0,0,0,0,0,0,0,0,0,0,0,0,0,0,0,0,0,0,0,3,0,0,0,105,0,0,0,0,0,0,18,0,0,0,1,0,0,0,0,0,0,0,0,43,0,0,0,0,0,0,0,0,0,0,0,0,0,0,0,0,0,10,0,0,0,0,11,0,4,0,0,0,0,12,0,0,12,0
3024,0,0,0,0,0,0,0,0,0,0,0,0,0,0,0,0,0,0,0,0,0,0,0,0,0,0,0,0,0,0,0,0,0,0,0,0,0,3,0,0,0,105,0,0,0,0,0,0,18,0,0,0,1,0,0,0,0,0,0,0,0,43,0,0,0,0,0,0,0,0,0,0,0,0,0,0,0,0,0,10,0,0,0,0,11,0,4,0,0,0,0,12,0,0,12,0
