,Dia0,Dia1,Dia2,Dia3,Dia4,Dia5,Dia6,Dia7,Dia8,Dia9,Dia10,Dia11,Dia12,Dia13,Dia14,Dia15,Dia16,Dia17,Dia18,Dia19,Dia20,Dia21,Dia22,Dia23,Dia24,Dia25,Dia26,Dia27,Dia28,Dia29,Dia30,Dia31,Dia32,Dia33,Dia34,Dia35,Dia36,Dia37,Dia38,Dia39,Dia40,Dia41,Dia42,Dia43,Dia44,Dia45,Dia46,Dia47,Dia48,Dia49,Dia50,Dia51,Dia52,Dia53,Dia54,Dia55,Dia56,Dia57,Dia58,Dia59,Dia60,Dia61,Dia62,Dia63,Dia64,Dia65,Dia66,Dia67,Dia68,Dia69,Dia70,Dia71,Dia72,Dia73,Dia74,Dia75,Dia76,Dia77,Dia78,Dia79,Dia80,Dia81,Dia82,Dia83,Dia84,Dia85,Dia86,Dia87,Dia88,Dia89,Dia90,Dia91,Dia92,Dia93,Dia94,Dia95
0,0,0,0,0,0,0,0,0,0,0,0,0,0,0,0,0,0,0,0,0,0,0,0,0,0,0,0,0,0,0,0,0,0,0,0,0,0,0,0,0,0,0,0,0,0,0,0,0,0,0,0,0,0,0,0,0,0,0,0,0,0,0,0,0,0,0,0,0,0,0,0,0,0,0,0,0,0,0,0,0,0,0,0,0,0,0,0,0,0,0,0,0,0,0,0,0
1,0,0,0,0,0,0,0,0,0,0,0,0,0,0,0,0,0,0,0,0,0,0,0,0,0,0,0,0,0,0,0,0,0,0,0,0,0,0,0,0,0,0,0,0,0,0,0,0,0,0,0,0,0,0,0,0,0,0,0,0,0,0,0,0,0,0,0,0,0,0,0,0,0,0,0,0,0,0,0,0,0,0,0,0,0,0,0,0,0,0,0,0,0,0,0,0
2,0,0,0,0,0,0,0,0,0,0,0,0,0,0,0,0,0,0,0,0,0,0,0,0,0,0,0,0,0,0,0,0,0,0,0,0,0,0,0,0,0,0,0,0,0,0,0,0,0,0,0,0,0,0,0,0,0,0,0,0,0,0,0,0,0,0,0,0,0,0,0,0,0,0,0,0,0,0,0,0,0,0,0,0,0,0,0,0,0,0,0,0,0,0,0,0
3,0,0,0,0,0,0,0,0,0,0,0,0,0,0,0,0,0,0,0,0,0,0,0,0,0,0,0,0,0,0,0,0,0,0,0,0,0,0,0,0,0,0,0,0,0,0,0,0,0,0,0,0,0,0,0,0,0,0,0,0,0,0,0,0,0,0,0,0,0,0,0,0,0,0,0,0,0,0,0,0,0,0,0,0,0,0,0,0,0,0,0,0,0,0,0,0
4,0,0,0,0,0,0,0,0,0,0,0,0,0,0,0,0,0,0,0,0,0,0,0,0,0,0,0,0,0,0,0,0,0,0,0,0,0,0,0,0,0,0,0,0,0,0,0,0,0,0,0,0,0,0,0,0,0,0,0,0,0,0,0,0,0,0,0,0,0,0,0,0,0,0,0,0,0,0,0,0,0,0,0,0,0,0,1,0,0,0,0,0,0,0,0,0
5,0,0,0,0,0,0,0,0,0,0,0,0,0,0,0,0,0,0,0,0,0,0,0,0,0,0,0,0,0,0,0,0,0,0,0,0,0,0,0,0,0,0,0,0,0,0,0,0,0,0,0,0,0,0,0,0,0,0,0,0,0,0,0,0,0,0,0,0,0,0,0,0,0,0,0,0,0,0,0,0,0,0,0,0,0,0,1,0,0,0,0,0,0,0,0,0
6,0,0,0,0,0,0,0,0,0,0,0,0,0,0,0,0,0,0,0,0,0,0,0,0,0,0,0,0,0,0,0,0,0,0,0,0,0,0,0,0,0,0,1,0,0,0,0,0,0,0,0,0,0,0,0,0,0,0,0,0,0,0,0,0,0,0,0,0,0,0,0,0,0,0,0,0,0,0,0,0,0,0,0,0,0,0,1,0,0,0,0,0,0,0,0,0
7,0,0,0,0,0,0,0,0,0,0,0,0,0,0,0,0,0,0,0,0,0,0,0,0,0,0,0,0,0,0,0,0,0,0,0,0,0,0,0,0,0,0,1,0,0,0,0,0,0,0,0,0,0,0,0,0,0,0,0,0,0,0,0,0,0,0,0,0,0,0,0,0,0,0,0,0,0,0,0,0,0,0,0,0,0,0,1,0,0,0,0,0,0,0,0,0
8,0,0,0,0,0,0,0,0,0,0,0,0,0,0,0,0,0,0,0,0,0,0,0,0,0,0,0,0,0,0,0,0,0,0,0,0,0,0,0,0,0,0,1,0,0,0,0,0,0,0,0,0,0,0,0,0,0,0,0,0,0,0,0,0,0,0,0,0,0,0,0,0,0,0,0,0,0,0,0,0,0,0,0,0,0,0,1,0,0,0,0,0,0,0,0,0
9,0,0,0,0,0,0,0,0,0,0,0,0,0,0,0,0,0,0,0,0,0,0,0,0,0,0,0,0,0,0,0,0,0,0,0,0,0,0,0,0,0,0,1,0,0,0,0,0,0,0,0,0,0,0,0,0,0,0,0,0,0,0,0,0,0,0,0,0,0,0,0,0,0,0,0,0,0,0,0,0,0,0,0,0,0,0,1,0,0,0,0,0,0,0,0,0
10,0,0,0,0,0,0,0,0,0,0,0,0,0,0,0,0,0,0,0,0,0,0,0,0,0,0,0,0,0,0,0,0,0,0,0,0,0,0,0,0,0,0,1,0,0,0,0,0,0,0,0,0,0,0,0,0,0,0,0,0,0,0,0,0,0,0,0,0,0,0,0,0,0,0,0,0,0,0,0,0,0,0,0,0,0,0,1,0,0,0,0,0,0,0,0,0
11,0,0,0,0,0,0,0,0,0,0,0,0,0,0,0,0,0,0,0,0,0,0,0,0,0,0,0,0,0,0,0,0,0,0,0,0,0,0,0,0,0,0,1,0,0,0,0,0,0,0,0,0,0,0,0,0,0,0,0,0,0,0,0,0,0,0,0,0,0,0,0,1,0,0,0,0,0,0,0,0,0,0,0,0,0,0,1,0,0,0,0,0,0,0,0,0
12,0,0,0,0,0,0,0,0,0,0,0,0,0,0,0,0,0,0,0,0,0,0,0,0,0,0,0,0,0,0,0,0,0,0,0,0,0,0,0,0,0,0,1,0,0,0,0,0,0,0,0,0,0,0,0,0,0,0,0,0,0,0,0,0,0,0,0,0,0,0,0,1,0,0,0,0,0,0,0,0,0,0,0,0,0,0,1,0,0,0,0,0,0,0,0,0
13,0,0,0,0,0,0,0,0,0,0,0,0,0,0,0,0,0,0,0,0,0,0,0,0,0,0,0,0,0,0,0,0,0,0,0,0,0,0,0,0,0,0,1,0,0,0,0,0,0,0,0,0,0,0,0,0,0,0,0,0,0,0,0,0,0,0,0,0,0,0,0,1,0,0,0,0,0,0,0,0,0,0,0,0,0,0,1,0,0,0,0,0,0,0,0,0
14,0,0,0,0,0,0,0,0,0,0,0,0,0,0,0,0,0,0,0,0,0,0,0,0,0,0,0,0,0,0,0,0,0,0,0,0,0,0,0,0,0,0,1,0,0,0,0,0,0,0,0,0,0,0,0,0,0,0,0,0,1,0,0,0,0,0,0,0,0,0,0,1,0,0,0,0,0,0,0,0,0,0,0,0,0,0,1,0,0,0,0,0,0,0,0,0
15,0,0,0,0,0,0,0,0,0,0,0,0,0,0,0,0,0,0,0,0,0,0,0,0,0,0,0,0,0,0,0,0,0,0,0,0,0,0,0,0,0,0,1,0,0,0,0,0,0,0,0,0,0,0,0,0,0,0,0,0,1,0,0,0,0,0,1,0,0,0,0,1,0,0,0,0,0,0,0,0,0,0,0,0,0,0,1,0,0,0,0,0,0,0,0,0
16,0,0,0,0,0,0,0,0,0,0,0,0,0,0,0,0,0,0,0,0,0,0,0,0,0,0,0,0,0,0,0,0,0,0,0,0,0,0,0,0,0,0,1,0,0,0,0,0,0,0,0,0,0,0,0,0,0,0,0,0,1,0,0,0,0,0,1,0,0,0,0,1,0,0,0,0,0,0,0,0,0,0,0,0,0,0,1,0,0,0,0,0,0,0,0,0
17,0,0,0,0,0,0,0,0,0,0,0,0,0,0,0,0,0,0,0,0,0,0,0,0,0,0,0,0,0,0,0,0,0,0,0,0,0,0,0,0,0,0,1,0,0,0,0,0,0,0,0,0,0,0,0,0,0,0,0,0,1,0,0,0,0,0,1,0,0,0,0,1,0,0,0,0,0,0,0,0,0,0,0,0,0,0,1,0,0,0,0,0,0,1,0,0
18,1,0,0,0,0,0,0,0,0,0,0,0,0,0,0,0,0,0,0,0,0,0,0,0,0,0,0,0,0,0,0,0,0,0,0,0,0,0,0,0,0,0,1,0,0,0,0,0,0,0,0,0,0,0,0,0,0,0,0,0,1,0,0,0,0,0,1,0,0,0,0,1,0,0,0,0,0,0,0,0,0,0,0,0,0,0,1,0,0,0,0,0,0,1,0,0
19,1,0,0,0,0,0,0,0,0,0,0,0,0,0,0,0,0,0,0,0,0,0,0,0,0,0,0,0,0,0,0,0,0,0,0,0,0,0,0,0,0,0,1,0,0,0,0,0,0,0,0,0,0,0,0,0,0,0,0,0,1,0,0,0,0,0,1,0,0,0,0,1,0,0,0,0,0,0,0,0,0,0,0,0,0,0,1,0,0,0,0,0,0,1,0,0
20,1,0,0,0,0,0,0,0,0,0,0,0,1,0,0,0,0,0,0,0,0,0,0,0,0,0,0,0,0,0,0,0,0,0,0,0,0,0,0,0,0,0,1,0,0,0,0,0,0,0,0,0,0,0,0,0,0,0,0,0,1,0,0,0,0,0,1,0,0,0,0,1,0,0,0,0,0,0,0,0,0,0,0,0,0,0,1,0,0,0,0,0,0,1,0,0
21,1,0,0,0,0,0,0,0,0,0,0,0,1,0,0,0,0,0,0,0,0,0,0,0,0,0,0,0,0,0,0,0,0,0,0,0,0,0,0,0,0,0,1,0,0,0,0,0,0,0,0,0,0,0,0,0,0,0,0,0,1,0,0,0,0,0,1,0,0,0,0,1,0,0,0,0,0,0,0,0,0,0,0,0,0,0,1,0,0,0,0,0,0,1,0,0
22,1,0,0,0,0,0,0,0,0,0,0,0,1,0,0,0,0,0,0,0,0,0,0,0,0,0,0,0,0,0,0,0,0,0,0,0,0,0,0,0,0,0,1,0,0,0,0,0,0,0,0,0,0,0,0,0,0,0,0,0,1,0,0,0,0,0,1,0,0,0,0,1,0,0,0,0,0,0,0,0,0,0,0,0,0,0,1,0,0,0,0,0,0,1,0,0
23,1,0,0,0,0,0,0,0,0,0,0,0,1,0,0,0,0,0,0,0,0,0,0,0,0,0,0,0,0,0,0,0,0,0,0,0,0,0,0,0,0,0,1,0,0,0,0,0,0,0,0,0,0,0,0,0,0,0,0,0,1,0,0,0,0,0,1,0,0,0,0,1,0,0,0,0,0,0,0,0,0,0,0,0,0,0,1,0,0,0,0,0,0,1,0,0
24,1,0,0,0,0,0,0,0,0,0,0,0,1,0,0,0,0,0,0,0,0,0,0,0,0,0,0,0,0,0,0,0,0,0,0,0,0,0,0,0,0,0,1,0,0,0,0,0,0,0,0,0,0,0,0,0,0,0,0,0,1,0,0,0,0,0,1,0,0,0,0,1,0,0,0,0,0,0,0,0,0,0,0,0,0,0,1,0,0,1,0,0,0,1,0,0
25,1,0,0,0,0,0,0,0,0,0,0,0,1,0,0,0,0,0,0,0,0,0,0,0,0,0,0,0,0,0,0,0,0,0,0,0,0,0,0,0,0,0,1,0,0,0,0,0,0,0,0,0,0,0,0,0,0,0,0,0,1,0,0,0,0,0,1,0,0,0,0,1,0,0,0,0,0,0,0,0,1,0,0,0,0,1,1,0,0,1,0,0,0,1,0,0
26,1,0,0,0,0,0,0,0,0,0,0,0,1,0,0,0,0,0,0,0,0,0,0,0,0,0,0,0,0,0,0,0,0,0,0,0,0,0,0,0,0,0,1,0,0,0,0,0,0,0,0,0,0,0,0,0,0,0,0,0,1,0,0,0,0,0,1,0,0,0,1,1,0,0,0,0,0,0,0,0,1,0,0,0,0,1,1,0,0,1,0,0,0,1,0,0
27,1,0,0,0,0,0,0,0,0,0,0,0,1,0,0,0,0,0,0,0,0,0,0,0,0,0,0,0,0,0,0,0,0,0,0,0,0,0,0,0,0,0,1,0,0,0,0,0,0,0,0,0,0,0,0,0,0,0,0,0,1,0,0,0,0,0,1,0,0,0,1,1,0,0,0,0,0,0,0,0,1,0,0,0,0,1,1,0,0,1,0,0,0,1,0,0
28,1,0,0,0,0,0,0,0,0,0,0,0,1,0,0,0,0,0,0,0,0,0,0,0,0,0,0,0,0,0,0,0,0,0,0,0,0,0,0,0,0,0,1,0,0,0,0,0,0,0,0,0,0,0,0,0,0,0,0,0,1,0,0,0,0,0,1,0,0,0,1,1,0,0,0,0,0,0,0,0,1,0,0,0,0,1,1,0,0,1,0,0,0,1,0,0
29,1,0,0,0,0,0,0,0,0,0,0,0,1,0,0,0,0,0,0,0,0,0,0,0,0,0,0,0,0,0,0,0,0,0,0,0,0,0,0,0,0,0,1,0,0,0,0,0,0,0,0,0,0,0,0,0,0,0,0,0,1,0,0,0,0,0,1,0,0,0,1,1,0,0,0,0,0,0,0,0,1,0,0,0,0,1,1,0,0,1,0,0,0,1,0,0
30,1,0,0,0,0,0,0,0,0,0,0,0,1,0,0,0,0,0,0,0,0,0,0,0,0,0,0,0,0,0,0,0,0,0,0,0,0,0,0,0,0,0,1,0,0,0,0,0,0,0,0,0,0,0,0,0,0,0,0,0,1,0,0,0,0,0,1,0,0,0,1,1,0,0,0,0,0,0,0,0,1,0,0,0,0,1,1,0,0,1,0,0,0,1,0,0
31,1,0,0,0,0,0,0,0,0,0,0,0,1,0,0,0,0,0,0,0,0,0,0,0,0,0,0,0,0,0,0,0,0,0,0,0,0,0,0,0,0,0,1,0,0,0,0,0,0,0,0,0,0,0,0,0,0,0,0,0,1,0,0,0,0,0,1,0,0,0,1,1,0,0,0,0,0,0,0,0,1,0,0,0,0,1,1,0,0,1,0,0,0,1,0,0
32,1,0,0,0,0,0,0,0,0,0,0,0,1,0,0,0,0,0,0,0,0,0,0,0,0,0,0,0,0,0,0,0,0,0,0,0,0,0,0,0,0,0,1,0,0,0,0,0,0,0,0,0,0,0,0,0,0,0,0,0,1,0,0,0,0,0,1,0,0,0,1,1,0,0,0,0,0,0,0,0,1,0,0,0,0,1,1,0,0,1,0,0,0,1,0,0
33,1,0,0,0,0,0,0,0,0,0,0,0,1,0,0,0,0,0,0,0,0,0,0,0,0,0,0,0,0,0,0,0,0,0,0,0,0,0,0,0,0,0,1,0,0,0,0,0,0,0,0,0,0,0,0,0,0,0,0,0,1,0,0,0,0,0,1,0,0,0,1,1,0,0,0,0,0,0,0,0,1,0,0,0,0,1,1,0,0,1,0,0,0,1,0,0
34,1,0,0,0,0,0,0,0,0,0,0,0,1,0,0,0,0,0,1,0,0,0,0,0,0,0,0,0,0,0,0,0,0,0,0,0,0,0,0,0,0,0,1,0,0,0,0,0,0,0,0,0,0,0,0,0,0,0,0,0,1,0,0,0,0,0,1,0,0,0,1,1,0,0,0,0,0,0,0,0,1,0,0,0,0,1,1,0,0,1,0,0,0,1,0,0
35,1,0,0,0,0,0,0,0,0,0,0,0,1,0,0,0,0,0,1,0,0,0,0,0,0,0,0,0,0,0,0,0,0,0,0,0,0,0,0,0,0,0,1,0,0,0,0,0,0,0,0,0,0,0,0,0,0,0,0,0,1,0,0,0,0,0,1,0,0,0,1,1,0,0,0,0,0,0,0,0,1,0,0,0,0,1,1,0,0,1,0,0,0,1,0,0
36,1,0,0,0,0,0,0,0,0,0,0,0,1,0,0,0,0,0,1,0,0,0,0,0,0,0,0,0,0,0,0,0,0,0,0,0,0,0,0,0,0,0,1,0,0,0,0,0,0,0,0,0,0,0,0,0,0,0,0,0,1,0,0,0,0,0,1,0,0,0,1,1,0,0,0,0,0,0,0,0,1,0,0,0,0,1,1,0,0,1,0,0,0,1,0,0
37,1,0,0,0,0,0,0,0,0,0,0,0,1,0,0,0,0,0,1,0,0,0,0,0,0,0,0,0,0,0,0,0,0,0,0,0,0,0,0,0,0,0,1,0,0,0,0,0,0,0,0,0,0,0,0,0,0,0,0,0,1,0,0,0,0,0,1,0,0,0,1,1,0,0,0,0,0,0,0,0,1,0,0,0,0,1,1,0,0,1,0,0,0,1,0,0
38,1,0,0,0,0,0,0,0,0,0,0,0,1,0,0,0,0,0,1,0,0,0,0,0,0,0,0,0,0,0,0,0,0,0,0,0,0,0,0,0,0,0,1,0,0,0,0,0,0,0,0,0,0,0,0,0,0,0,0,0,1,0,0,0,0,0,1,0,0,0,1,1,0,0,0,0,0,0,0,0,1,0,0,0,0,1,1,0,0,1,0,0,0,1,0,0
39,1,0,0,0,0,0,0,0,0,0,0,0,1,0,0,0,0,0,1,0,0,0,0,0,0,0,0,0,0,0,0,0,0,0,0,0,0,0,0,0,0,0,1,0,0,0,0,0,0,0,0,0,0,0,0,0,0,0,0,0,1,0,0,0,0,0,1,0,0,0,1,1,0,0,0,0,0,0,0,0,1,0,0,0,0,1,1,0,0,1,0,0,0,1,0,0
40,1,0,0,0,0,0,0,0,0,0,0,0,1,0,0,0,0,0,1,0,0,0,0,0,0,0,0,1,0,0,0,0,0,0,0,0,0,0,0,0,0,0,1,0,0,0,0,0,0,0,0,0,0,0,0,0,0,0,0,0,1,0,0,0,0,0,1,0,0,0,1,1,0,0,0,0,0,0,0,0,1,0,0,0,0,1,1,0,0,1,0,0,0,1,0,0
41,1,0,0,0,0,0,0,0,0,0,0,0,1,0,0,0,0,0,1,0,0,0,0,0,0,0,0,1,0,0,0,0,0,0,0,0,0,0,0,0,0,0,1,0,0,0,0,0,0,0,0,0,0,0,0,0,0,0,0,0,1,0,0,0,0,0,1,0,0,0,1,1,0,0,0,0,0,0,0,0,1,0,0,0,0,1,1,0,0,1,0,0,0,1,0,0
42,1,0,0,0,0,0,0,0,0,0,0,0,1,0,0,0,0,0,1,0,0,0,0,0,0,0,0,1,0,0,0,0,0,0,0,0,0,0,0,0,0,0,1,0,0,0,0,0,0,0,0,0,0,0,0,0,0,0,0,0,1,0,0,0,0,0,1,0,0,0,1,1,0,0,0,0,0,0,0,0,1,0,1,0,0,1,1,0,0,1,0,0,0,1,0,0
43,1,0,0,0,0,0,0,0,0,0,0,0,1,0,0,0,0,0,1,0,0,0,0,0,0,0,0,1,0,0,0,0,0,0,0,0,0,0,0,0,0,0,1,0,0,0,0,0,0,0,0,0,0,0,0,0,0,0,0,0,1,0,0,0,0,0,1,0,0,0,1,1,0,0,0,0,0,0,0,0,1,0,1,0,0,1,1,0,0,1,0,0,0,1,0,0
44,1,0,0,0,0,0,0,0,0,0,0,0,1,0,0,0,0,0,1,0,0,0,0,0,0,0,0,1,0,0,0,0,0,0,0,0,0,0,0,0,0,0,1,0,0,0,0,0,0,0,0,0,0,0,0,0,0,0,0,0,1,0,0,0,0,0,1,0,0,0,1,1,0,0,0,0,0,0,0,0,1,0,1,0,0,1,1,0,0,1,0,0,0,1,0,0
45,1,0,0,0,0,0,0,0,0,0,0,0,1,0,0,0,0,0,1,0,0,0,0,0,0,0,0,1,0,0,0,0,0,0,0,0,0,0,0,0,0,0,1,0,0,0,0,0,0,0,0,0,0,0,0,0,0,0,0,0,1,0,0,0,0,0,1,0,0,0,1,1,0,0,0,0,0,0,0,0,1,0,1,0,0,1,1,0,0,1,0,0,0,1,0,0
46,1,0,0,0,0,0,0,0,0,0,0,0,1,0,0,0,0,0,1,0,0,0,0,0,0,0,0,1,0,0,0,0,0,0,0,0,0,0,0,0,0,0,1,0,0,0,0,0,0,0,0,0,0,0,0,0,0,0,0,0,1,0,0,0,0,0,1,0,0,0,1,1,0,0,0,0,0,0,0,0,1,0,1,0,0,1,1,0,0,1,0,0,0,1,0,0
47,1,0,0,0,0,0,0,0,0,0,0,0,1,0,0,0,0,0,1,0,0,0,0,0,0,0,0,1,0,0,0,0,0,0,0,0,0,0,0,0,0,0,1,0,0,0,0,0,0,0,0,0,0,0,1,0,0,0,0,0,1,0,0,0,0,0,1,0,0,0,1,1,0,0,0,0,0,0,0,0,1,0,1,0,0,1,1,0,0,1,0,0,0,1,0,0
48,1,0,0,0,0,0,0,0,0,0,0,0,1,0,0,0,0,0,1,0,0,0,0,0,0,0,0,1,0,0,0,0,0,0,0,0,0,0,0,0,0,0,1,0,0,0,0,0,0,0,0,0,0,0,1,0,0,0,0,0,1,0,0,0,0,0,1,0,0,0,1,1,0,0,0,0,0,0,0,0,1,0,1,0,0,1,1,0,0,1,0,0,0,1,0,0
49,1,0,0,0,0,0,0,0,0,0,0,0,1,0,0,0,0,0,1,0,0,0,0,0,0,0,0,1,0,0,0,0,0,0,0,0,0,0,0,0,0,0,1,0,0,0,0,0,0,0,0,0,0,0,1,0,0,0,0,0,1,0,0,0,0,0,1,0,0,0,1,1,0,0,0,0,0,0,0,0,1,0,1,0,0,1,1,0,0,1,0,0,0,1,0,0
50,1,0,0,0,0,0,0,0,0,0,0,0,1,0,0,0,0,0,1,0,0,0,0,0,0,0,0,1,0,0,0,0,0,0,0,0,0,0,0,0,0,0,1,0,0,0,0,0,0,0,0,0,0,0,1,0,0,0,0,0,1,0,0,0,0,0,1,0,0,0,1,1,0,0,0,0,0,0,0,0,1,0,1,0,0,1,1,0,0,1,0,0,0,1,0,0
51,1,0,0,0,0,0,0,0,0,0,0,0,1,0,0,0,0,0,1,0,0,0,0,0,0,0,0,1,0,0,0,0,0,0,0,0,0,0,0,0,0,0,1,0,0,0,0,0,0,0,0,0,0,0,1,0,0,0,0,0,1,0,0,0,0,0,1,0,0,0,1,1,0,0,0,0,0,0,0,0,1,0,1,0,0,1,1,0,0,1,0,0,0,1,0,0
52,1,0,0,0,0,0,0,0,0,0,0,0,1,0,0,0,0,0,1,0,0,0,0,0,0,0,0,1,0,0,0,0,0,0,0,0,0,0,0,0,0,0,1,0,0,0,0,0,0,0,0,0,0,0,1,0,0,0,0,0,1,0,0,0,0,0,1,0,0,0,1,1,0,0,0,0,0,0,0,0,1,0,1,0,0,1,1,0,0,1,0,0,0,1,0,0
53,1,0,0,0,0,0,0,0,0,0,0,0,1,0,0,0,0,0,1,0,0,0,0,0,0,0,0,1,0,0,0,0,0,0,0,0,0,0,0,0,0,0,1,0,0,0,0,0,0,0,0,0,0,0,1,0,0,0,0,0,1,0,0,0,0,0,1,0,0,0,1,1,0,0,0,0,0,0,0,0,1,0,1,0,0,1,1,0,0,1,0,0,0,1,0,0
54,1,0,0,0,0,0,0,0,0,0,0,0,1,0,0,0,0,0,1,0,0,0,0,0,0,0,0,1,0,0,0,0,0,0,0,0,0,0,0,0,0,0,1,0,0,0,0,0,0,0,0,0,0,0,1,0,0,0,0,0,1,0,0,0,0,0,1,0,0,0,1,1,0,0,0,0,0,0,0,0,1,0,1,0,0,1,1,0,0,1,0,0,0,1,0,0
55,1,0,0,0,0,0,0,0,0,0,0,0,1,0,0,0,0,0,1,0,0,0,0,0,0,0,0,1,0,0,0,0,0,0,0,0,0,0,0,0,0,0,1,0,0,0,0,0,0,0,0,0,0,0,1,0,0,0,0,0,1,0,0,0,0,0,1,0,0,0,1,1,0,0,0,0,0,0,0,0,1,0,1,0,0,1,1,0,0,1,0,0,0,1,0,0
56,1,0,0,0,0,0,0,0,0,0,0,0,1,0,0,0,0,0,1,0,1,0,0,0,0,0,0,1,0,0,0,0,0,0,0,0,0,0,0,0,0,0,1,0,0,0,0,0,0,0,0,0,0,0,1,0,0,0,0,0,1,0,0,0,0,0,1,0,0,0,1,1,0,0,0,0,0,0,0,0,1,0,1,0,0,1,1,0,0,1,0,0,0,1,0,0
57,1,0,0,0,0,0,0,0,0,0,0,0,1,0,0,0,0,0,1,0,1,0,0,0,0,0,0,1,0,0,0,0,0,0,0,0,0,0,0,0,0,0,1,0,0,0,0,0,0,0,0,0,0,0,1,0,0,0,0,0,1,0,0,0,0,0,1,0,0,0,1,1,0,0,0,0,0,0,0,0,1,0,1,0,0,1,1,0,0,1,0,0,0,1,0,0
58,1,0,0,0,0,0,0,0,0,0,0,0,1,0,0,0,0,0,1,0,1,0,0,0,0,0,0,1,0,0,0,0,0,0,0,0,0,0,0,0,0,0,1,0,1,0,0,0,0,0,0,0,0,0,1,0,0,0,0,0,1,0,0,0,0,0,1,0,0,0,1,1,0,0,0,0,0,0,0,0,1,0,1,0,0,1,1,0,0,1,0,0,0,1,0,0
59,1,0,0,0,0,0,0,0,0,0,0,0,1,0,0,0,0,0,1,0,1,0,0,0,0,0,0,1,0,0,0,0,0,0,0,0,0,0,0,0,0,0,1,0,1,0,0,0,0,0,0,0,0,0,1,0,0,0,0,0,1,0,0,0,0,0,1,0,0,0,1,1,0,0,0,0,0,0,0,0,1,0,1,0,0,1,1,0,0,1,0,0,0,1,0,0
60,1,0,0,0,0,0,0,0,0,0,0,0,1,0,0,0,0,0,1,0,1,0,0,0,0,0,0,1,0,0,0,0,0,0,0,0,0,0,0,0,0,0,1,0,1,0,0,0,0,0,0,0,0,0,1,0,0,0,0,0,1,0,0,0,0,0,1,0,0,0,1,1,0,0,0,0,0,0,0,0,1,0,1,0,0,1,1,0,0,1,0,0,0,1,0,0
61,1,0,0,0,0,0,0,0,0,0,0,0,1,0,0,0,0,0,1,0,1,0,0,0,0,0,0,1,0,0,0,0,0,0,0,0,0,0,0,0,0,0,1,0,1,0,0,0,1,0,0,0,0,0,1,0,0,0,0,0,1,0,0,0,0,0,1,0,0,0,1,1,0,0,0,0,0,0,0,0,1,0,1,0,0,1,1,0,0,1,0,0,0,1,0,0
62,1,0,0,0,0,0,0,0,0,0,0,0,1,0,0,0,0,0,1,0,1,0,0,0,0,0,0,1,0,0,0,0,0,0,0,0,0,0,0,0,0,0,1,0,1,0,0,0,1,0,0,0,0,0,1,1,0,0,0,0,1,0,0,0,0,0,1,0,0,0,1,1,0,0,0,0,0,0,0,0,1,0,1,0,0,1,1,0,0,1,0,0,0,1,0,0
63,1,0,0,0,0,0,0,0,0,0,0,0,1,0,0,0,0,0,1,0,1,0,0,0,0,0,0,1,0,0,0,0,0,0,0,0,0,0,0,0,0,0,1,0,1,0,0,0,1,0,0,0,0,0,1,1,0,0,0,0,1,0,0,0,0,0,1,0,0,0,1,1,0,0,0,0,0,0,0,0,1,0,1,0,0,1,1,0,0,1,0,0,0,1,0,0
64,1,0,0,0,0,0,0,0,0,0,0,0,1,0,0,0,0,0,1,0,1,0,0,0,0,0,0,1,0,0,0,0,0,0,0,0,0,0,0,0,0,0,1,0,1,0,0,0,1,0,0,0,0,0,1,1,0,0,0,0,1,0,0,0,0,0,1,0,0,0,1,1,0,0,0,0,0,0,0,0,1,0,1,0,0,1,1,0,0,1,0,0,0,1,0,0
65,1,0,0,1,0,0,0,0,0,0,0,0,1,0,0,0,0,0,1,0,1,0,0,0,0,0,0,1,0,0,0,0,0,0,0,0,0,0,0,0,0,0,1,1,1,0,0,0,1,0,0,0,0,0,1,1,0,0,0,0,1,0,0,0,0,0,1,0,0,0,1,1,0,0,0,0,0,0,0,0,1,0,1,0,0,1,1,0,0,1,0,0,0,1,0,0
66,1,0,0,1,0,0,0,0,0,0,0,0,1,0,0,0,0,0,1,0,1,0,0,0,0,0,0,1,0,0,0,0,0,0,0,0,0,0,0,0,0,0,1,1,1,0,0,0,1,0,0,0,0,0,1,1,0,0,0,0,1,0,0,0,0,0,1,0,0,0,1,1,0,0,0,0,0,0,0,0,1,0,1,0,0,1,1,0,0,1,0,0,0,1,0,0
67,1,0,0,1,0,0,0,0,0,0,0,0,1,0,0,0,0,0,1,0,1,0,0,0,0,0,0,1,0,0,0,0,0,0,0,0,0,0,0,0,0,0,1,1,1,0,0,0,1,0,0,0,0,0,1,1,0,0,0,0,1,0,0,0,1,0,1,0,0,0,1,1,0,0,0,0,0,0,0,0,1,0,1,0,0,1,1,0,0,1,0,0,0,1,0,0
68,1,0,0,1,0,0,0,0,0,0,0,0,1,0,0,0,0,0,1,0,1,0,0,0,0,0,0,1,0,0,0,0,0,0,0,0,0,0,0,0,0,0,1,1,1,0,0,0,1,0,0,0,0,0,1,1,0,0,0,0,1,0,0,0,1,0,1,0,0,0,1,1,0,0,0,0,0,0,0,0,1,0,1,0,0,1,1,0,0,1,0,0,0,1,0,0
69,1,0,0,1,0,0,0,0,0,0,0,0,1,0,0,0,0,0,1,0,1,0,0,0,0,0,0,1,0,0,0,0,0,0,0,0,0,0,0,0,0,0,1,1,1,0,0,0,1,0,0,0,0,0,1,1,0,0,0,0,1,0,0,0,1,0,1,0,0,0,1,1,0,0,0,0,0,0,0,0,1,0,1,0,0,1,1,0,0,1,0,0,0,1,0,0
70,1,0,0,1,0,0,0,0,0,0,0,0,1,0,0,0,0,0,1,0,1,0,0,0,0,0,0,1,0,0,0,0,0,0,0,0,0,0,0,0,0,0,1,1,1,0,0,0,1,0,0,0,0,0,1,1,0,0,0,0,1,0,1,0,1,0,1,0,0,0,1,1,0,0,0,0,0,0,0,0,1,0,1,0,0,1,1,0,0,1,0,0,0,2,0,0
71,1,0,0,1,0,0,0,0,0,0,0,0,1,0,0,0,0,0,1,0,1,0,0,0,0,0,0,1,0,0,0,0,0,0,0,0,0,0,0,0,0,0,1,1,1,0,0,0,1,0,0,0,0,0,1,1,0,0,0,0,1,0,1,0,1,0,1,0,0,0,1,1,0,0,0,0,0,0,0,0,1,0,1,0,0,1,1,0,0,1,0,0,0,2,0,0
72,1,0,0,1,0,0,0,0,0,0,0,0,1,0,0,0,0,0,1,0,1,0,0,0,0,0,0,1,0,0,0,0,0,0,0,0,0,0,0,0,0,0,1,1,1,0,0,0,1,0,0,0,0,0,1,1,0,0,0,0,1,0,1,0,1,0,1,0,0,0,1,1,0,0,0,0,0,0,0,0,1,0,1,0,0,1,1,0,0,1,0,0,0,2,0,0
73,1,0,0,1,0,0,0,0,0,0,0,0,1,0,0,0,0,0,1,0,1,0,0,0,0,0,0,1,0,0,0,0,0,0,0,0,0,0,0,0,0,0,1,1,1,0,0,0,1,0,0,0,0,0,1,1,0,0,0,0,1,0,1,0,1,1,1,0,0,0,1,1,0,0,0,0,0,0,0,0,1,0,1,0,0,1,1,0,0,1,0,0,0,2,0,0
74,1,0,0,1,0,0,0,0,0,0,0,0,1,0,0,0,0,0,1,0,1,0,0,0,0,0,0,1,0,0,0,0,0,0,0,0,0,0,0,0,0,0,1,1,1,0,0,0,1,0,0,0,0,0,1,1,0,0,0,0,1,0,1,0,1,1,1,0,0,0,1,1,0,0,0,0,0,0,0,0,1,0,1,0,0,1,1,0,0,1,0,0,0,2,0,0
75,1,0,0,1,0,0,0,0,0,0,0,0,1,0,0,0,0,0,1,0,1,0,0,0,0,0,0,1,0,0,0,0,0,0,0,0,0,0,0,0,0,0,1,1,1,0,0,0,1,0,0,0,0,0,1,1,0,0,0,0,1,0,1,0,1,1,1,0,0,0,1,1,0,0,0,0,0,0,0,0,1,0,1,0,0,1,1,0,0,1,0,0,0,2,0,0
76,1,0,0,1,0,0,0,0,0,0,0,0,1,0,0,0,0,0,1,0,1,0,0,0,0,0,0,1,0,0,0,0,0,0,0,0,0,0,0,0,0,0,1,1,1,0,0,0,1,0,0,0,0,0,1,1,0,0,0,0,1,0,1,0,1,1,1,0,0,0,1,1,0,0,0,0,0,0,0,0,1,0,1,0,0,1,1,0,0,1,0,0,0,2,0,0
77,1,0,0,1,0,0,0,0,0,0,0,0,1,1,0,0,0,0,1,0,1,0,0,0,0,0,0,1,0,0,0,0,0,0,0,0,0,0,0,0,0,0,1,1,1,0,0,0,1,0,0,0,0,0,1,1,0,0,0,0,1,0,1,0,1,1,1,0,0,0,1,1,0,0,0,0,0,0,0,0,1,0,1,0,0,1,1,0,0,1,0,0,0,2,0,0
78,1,0,0,1,0,0,0,0,0,0,0,0,1,1,0,0,0,0,1,0,1,0,0,0,0,0,0,1,0,0,0,0,0,0,0,0,0,0,0,0,0,0,1,1,1,0,0,0,1,0,0,0,0,0,1,1,0,0,0,0,1,0,1,0,1,1,1,0,0,0,1,1,0,0,0,0,0,0,0,0,1,0,1,0,0,1,1,0,0,1,0,0,0,3,0,0
79,1,0,0,1,0,0,0,0,0,0,0,0,1,1,0,0,0,0,1,0,0,0,0,0,0,0,0,1,0,0,0,0,0,0,0,0,0,0,0,0,0,0,1,1,1,0,0,0,1,0,0,0,0,0,1,1,0,0,0,0,1,0,2,0,1,1,1,0,0,0,1,1,0,0,0,0,0,0,0,0,1,0,1,0,0,1,1,0,0,1,0,0,0,3,0,0
80,1,0,0,1,0,0,0,0,0,0,0,0,1,1,0,0,0,0,1,0,0,0,0,0,0,0,0,1,0,0,0,0,0,0,0,0,0,0,0,0,0,0,1,1,1,0,0,0,1,0,0,0,0,0,1,1,0,0,0,0,1,0,2,0,1,1,1,0,0,0,1,1,0,0,0,0,0,0,0,0,1,0,1,0,0,1,1,0,0,1,0,0,0,3,0,0
81,1,0,0,1,0,0,0,0,0,0,0,0,1,1,0,0,0,0,1,0,0,0,0,0,0,0,0,1,0,0,0,0,0,0,0,0,0,0,0,0,0,0,1,1,1,0,0,0,1,0,0,0,0,0,1,1,0,0,0,0,1,0,2,0,1,1,1,0,0,0,1,1,0,0,0,0,0,0,0,0,1,0,1,0,0,1,1,0,0,1,0,0,0,3,0,0
82,1,0,0,1,0,0,0,0,0,0,0,0,1,1,0,0,0,0,1,0,0,0,0,0,0,0,0,1,0,0,0,0,0,0,0,0,0,0,0,0,0,0,1,1,1,0,0,0,1,0,0,0,0,0,1,1,0,0,0,0,1,0,2,0,1,1,1,0,0,0,1,1,0,0,0,0,0,0,0,0,1,0,1,0,0,1,1,0,0,1,0,0,0,3,0,0
83,1,0,0,1,0,0,0,0,0,0,0,0,1,1,0,0,0,0,1,0,0,0,0,0,0,0,0,1,0,0,0,0,0,0,0,0,0,0,0,0,0,0,1,1,1,0,0,0,1,0,0,0,0,0,1,1,0,0,0,0,1,0,2,0,1,1,1,0,0,0,1,1,0,0,0,0,0,0,0,0,1,0,1,0,0,1,1,0,0,1,0,0,0,3,0,0
84,1,0,0,1,0,0,0,0,0,0,0,0,1,1,0,0,0,0,1,0,0,0,0,0,0,0,0,1,0,0,0,0,0,0,0,0,0,0,0,0,0,0,1,1,1,0,0,0,1,0,0,0,0,0,1,1,0,0,0,0,1,0,2,0,1,1,1,0,0,0,1,1,0,0,0,0,0,0,0,0,1,0,1,0,0,1,1,0,0,1,0,0,0,3,0,0
85,1,0,0,1,0,0,0,0,0,0,0,0,1,1,0,0,0,0,1,0,0,0,0,0,0,0,0,1,0,0,0,0,0,0,0,0,0,0,0,0,0,0,1,1,1,0,0,0,1,0,0,0,0,0,1,1,0,0,0,0,1,0,2,0,1,1,1,0,0,0,1,1,0,0,0,0,0,0,0,0,1,0,1,0,0,1,1,0,0,1,0,0,0,3,0,0
86,1,0,0,1,0,0,0,0,0,0,0,0,1,1,0,0,0,0,1,0,0,0,0,0,0,0,0,1,0,0,0,0,0,0,0,0,0,0,0,0,0,0,1,1,1,0,0,0,1,0,0,0,0,0,1,1,0,0,0,0,1,0,2,0,1,1,1,0,0,0,1,1,0,0,0,0,0,0,0,0,1,0,1,0,0,1,1,0,0,1,0,0,0,3,0,0
87,1,0,0,1,0,0,0,0,0,0,0,1,1,1,0,0,0,0,1,0,0,0,0,0,0,0,0,1,0,0,0,0,0,0,0,0,0,0,0,0,0,0,1,1,1,0,0,0,1,0,0,0,0,0,1,1,0,0,0,0,1,0,2,0,1,1,1,0,0,0,1,1,0,0,0,0,0,0,0,0,1,0,1,0,0,1,1,0,0,1,0,0,0,2,0,0
88,1,0,0,1,0,0,0,0,0,0,0,1,1,1,0,0,0,0,1,0,0,0,0,0,0,0,0,1,0,0,0,0,0,0,0,0,0,0,0,0,0,0,1,1,1,0,0,0,1,0,0,0,0,0,1,1,0,0,0,0,1,0,2,0,1,1,1,0,0,0,1,1,0,0,0,0,0,0,0,0,1,0,1,0,0,1,1,0,0,1,0,0,0,2,0,0
89,1,0,0,1,0,0,0,0,0,0,0,1,1,1,0,0,0,0,1,0,0,0,0,0,0,0,0,1,0,0,0,0,0,0,0,0,0,0,0,0,0,0,1,1,1,0,0,0,1,0,0,0,0,0,1,1,0,0,0,0,1,0,2,0,1,1,1,0,0,0,1,1,0,0,0,0,0,0,0,0,1,0,1,0,0,1,1,0,0,1,0,0,0,2,0,0
90,1,0,0,1,0,0,0,0,0,0,0,1,1,1,0,0,0,0,1,0,0,0,0,0,0,0,0,1,0,0,0,0,0,0,0,0,0,0,0,0,0,0,1,1,1,0,0,0,1,0,0,0,0,0,1,1,0,0,0,0,1,0,2,0,1,1,1,0,0,0,2,1,0,0,0,0,0,0,0,0,1,0,1,0,0,1,1,0,0,1,0,0,0,2,0,0
91,1,0,0,1,0,0,0,0,0,0,0,1,1,1,0,0,0,0,1,0,0,0,0,0,0,0,0,1,0,0,0,0,0,0,0,0,0,0,0,0,0,0,1,1,1,0,0,0,1,0,0,0,0,0,1,1,0,0,0,0,1,0,2,0,1,1,1,0,0,0,2,1,0,0,0,0,0,1,0,0,1,0,1,0,0,1,1,0,0,1,0,0,0,2,0,0
92,1,0,0,1,0,0,0,0,0,0,0,1,1,1,0,0,0,0,1,0,0,0,0,0,0,0,0,1,0,0,0,0,0,0,0,0,0,0,0,0,0,0,1,1,1,0,0,0,1,0,0,0,0,0,1,1,0,0,0,0,1,0,2,0,1,1,1,0,0,0,2,1,0,0,0,0,0,1,0,0,1,0,1,0,0,1,1,0,0,1,0,0,0,2,0,0
93,1,0,0,1,0,0,0,0,0,0,0,1,1,1,0,0,0,0,1,0,0,0,0,0,0,0,0,1,0,0,0,0,0,0,0,0,0,0,0,0,0,0,1,1,1,0,0,0,1,0,0,0,0,0,1,1,0,0,0,0,1,0,2,0,1,1,1,0,0,0,2,1,0,0,0,0,0,1,0,0,1,0,1,0,0,1,1,0,0,1,0,0,0,2,0,0
94,1,0,0,1,0,0,0,0,0,0,0,1,1,1,0,0,0,0,1,0,0,0,0,0,0,0,0,1,0,0,0,0,0,0,0,0,0,0,0,0,0,0,1,1,1,0,0,0,1,0,0,0,0,0,1,1,0,0,0,0,1,0,2,0,1,1,1,0,0,0,2,1,0,0,0,0,0,1,0,0,1,0,1,0,0,1,1,0,0,1,0,0,0,2,0,0
95,1,0,0,1,0,0,0,0,0,0,0,1,1,1,0,0,0,0,1,0,0,0,0,0,0,0,0,1,0,0,0,0,0,0,1,0,0,0,0,0,0,0,1,1,1,0,0,0,1,0,0,0,0,0,1,1,0,0,0,0,1,0,2,0,1,1,1,0,0,0,2,1,0,0,0,0,0,1,0,0,1,0,1,0,0,1,1,0,0,1,0,0,0,2,0,0
96,1,0,0,1,0,0,0,0,0,0,0,1,1,1,0,0,0,0,1,0,0,0,0,0,0,0,0,1,0,0,0,0,0,0,1,0,0,0,0,0,0,0,1,1,1,0,0,0,1,0,0,0,0,0,1,1,0,0,0,0,1,0,2,0,1,1,1,0,0,0,2,1,0,0,0,0,0,1,0,0,1,0,1,0,0,1,1,0,0,1,0,0,0,2,0,0
97,1,0,0,1,0,0,0,0,0,0,0,1,1,2,0,0,0,0,1,0,0,0,0,0,0,0,0,1,0,0,0,0,0,0,1,0,0,0,0,0,0,0,1,1,1,0,0,0,1,0,0,0,0,0,1,1,0,0,0,0,1,0,2,0,1,1,1,0,0,0,2,1,0,0,0,0,0,1,0,0,1,0,1,0,0,1,1,0,0,1,0,0,0,2,0,0
98,1,0,0,1,0,0,0,0,0,0,0,1,1,2,0,0,0,0,1,0,0,0,0,0,0,0,0,1,0,0,0,0,0,0,1,0,0,0,0,0,0,0,1,1,1,0,0,0,1,0,0,0,0,0,1,1,0,0,0,0,1,0,2,0,1,1,1,0,0,0,2,1,0,0,0,0,0,1,0,0,1,0,1,0,0,1,1,0,0,1,0,0,0,2,0,0
99,1,0,0,1,0,0,0,0,0,0,0,1,1,2,0,0,0,0,1,0,0,0,0,0,0,0,0,1,0,0,0,0,0,0,1,0,0,0,0,0,0,0,1,1,1,0,0,0,1,0,0,0,0,0,1,1,0,0,0,0,1,0,2,0,1,1,1,0,0,0,2,1,0,0,0,0,0,1,0,0,1,0,1,0,0,1,1,0,0,1,0,0,0,2,0,0
100,1,0,0,1,0,0,0,0,0,0,0,1,1,2,0,0,0,0,1,0,0,0,0,0,0,0,0,1,0,0,0,0,0,0,1,0,0,0,0,0,0,0,1,1,1,0,0,0,1,0,0,0,0,0,1,1,0,0,0,0,1,0,2,0,1,1,1,0,0,0,2,1,0,0,0,0,0,1,0,0,1,0,1,0,0,1,1,0,0,1,0,0,0,2,0,1
101,1,0,0,1,0,0,0,0,0,0,0,1,1,2,0,0,0,0,1,0,0,0,0,0,0,0,0,1,0,0,0,0,0,0,1,0,0,0,0,0,0,0,1,1,1,0,0,0,1,0,0,0,0,0,1,1,0,0,0,0,1,0,2,0,1,1,1,0,1,0,2,1,0,0,0,0,0,1,0,0,1,0,1,0,0,1,1,0,0,1,0,0,0,2,0,1
102,1,0,0,1,0,0,0,0,0,0,0,1,1,2,0,0,0,0,1,0,0,0,0,0,0,0,0,1,0,0,0,0,0,0,1,0,0,0,0,0,0,0,1,1,1,0,0,0,1,0,0,0,0,0,1,1,0,0,0,0,1,0,2,0,1,1,1,0,1,0,2,1,0,0,0,0,0,1,0,0,1,0,1,0,0,1,1,0,0,1,0,0,0,2,0,1
103,1,0,0,1,0,0,0,0,0,0,0,1,1,2,0,0,0,0,1,0,0,0,0,0,0,0,0,1,0,0,0,0,0,0,1,0,0,0,0,0,0,0,1,1,1,0,0,0,1,0,0,0,0,0,1,1,0,0,0,0,1,0,2,0,1,1,1,0,1,0,2,1,0,0,0,0,0,1,0,0,1,0,1,0,0,1,1,0,0,1,0,0,0,2,0,1
104,1,0,0,1,0,0,0,0,0,0,0,1,1,2,0,0,0,0,1,0,0,0,0,0,0,0,0,1,0,0,0,0,0,0,1,0,0,0,0,0,0,0,1,1,1,0,0,0,1,0,0,0,0,0,1,1,0,0,0,0,1,0,2,0,1,1,1,0,1,0,2,1,0,0,0,0,0,1,0,0,1,0,1,0,0,1,1,0,0,1,0,0,0,2,0,1
105,1,0,0,1,0,0,0,0,0,0,0,1,1,2,0,0,0,0,1,0,0,0,0,0,0,0,0,1,0,0,0,0,0,0,1,0,0,0,0,0,0,0,1,1,1,0,0,0,1,0,0,0,0,0,1,1,0,0,0,0,1,0,2,0,1,1,1,0,1,0,2,1,0,0,0,0,0,1,0,0,1,0,1,0,0,1,1,0,0,1,0,0,0,2,0,1
106,1,0,0,1,0,0,0,0,0,0,0,1,1,2,0,0,0,0,1,0,0,0,0,0,0,0,0,1,0,0,0,0,0,0,2,0,0,0,0,0,0,0,1,1,1,0,0,0,1,0,0,0,0,0,1,1,0,0,0,0,1,0,2,0,1,1,1,0,1,0,2,1,0,0,0,0,0,1,0,0,1,0,1,0,0,1,1,0,0,1,0,0,0,2,0,1
107,1,0,0,1,0,0,0,0,0,0,0,1,1,2,0,0,0,0,1,0,0,0,0,0,0,0,0,1,0,0,0,0,0,0,2,0,0,0,0,0,0,0,1,1,1,0,0,0,1,0,0,0,0,0,1,1,0,0,0,0,1,0,3,0,1,1,1,0,1,0,2,1,0,0,0,0,0,1,0,0,1,0,1,0,0,1,1,0,0,1,0,0,0,2,0,1
108,1,0,0,1,0,0,0,0,0,0,0,1,1,2,0,0,0,0,1,0,0,0,0,0,0,0,0,1,0,0,0,0,0,0,2,0,0,0,0,0,0,0,1,2,1,0,0,0,1,0,0,0,0,0,1,1,0,0,0,0,1,0,3,0,1,1,1,0,1,0,2,1,0,0,0,0,0,1,0,0,1,0,1,0,0,1,1,0,0,1,0,0,0,2,0,1
109,1,0,0,1,0,0,0,1,0,0,0,1,1,2,0,0,0,0,1,0,0,0,0,0,0,0,0,1,0,0,0,0,0,0,2,0,0,0,0,0,0,0,1,2,1,0,0,0,1,0,0,0,0,0,1,1,0,0,0,0,1,0,3,0,1,1,1,0,1,0,2,1,0,0,0,0,0,1,0,0,1,0,1,0,0,1,1,0,0,1,0,0,0,2,0,1
110,1,0,0,1,0,0,0,1,0,0,0,1,1,2,0,0,0,0,1,0,0,0,0,1,0,0,0,1,0,0,0,0,0,0,2,0,0,0,0,0,0,0,1,2,1,0,0,0,1,0,0,0,0,0,1,1,0,0,0,0,1,0,3,0,1,1,1,0,1,0,2,1,0,0,0,0,0,1,0,0,1,0,1,0,0,1,1,0,0,1,0,0,0,2,0,1
111,1,0,0,1,0,0,0,1,0,1,0,1,1,2,0,0,0,0,1,0,0,0,0,1,0,0,0,1,0,0,0,0,0,0,2,0,0,0,1,0,0,0,1,2,1,0,0,0,1,0,0,0,0,0,1,1,0,0,0,0,1,0,3,0,1,1,1,0,1,0,2,1,0,0,0,0,0,1,0,0,1,1,1,0,0,1,1,0,0,1,0,0,0,2,0,1
112,1,0,0,1,0,0,0,1,0,1,0,1,1,2,0,0,0,0,1,0,0,0,0,1,0,0,0,1,0,0,0,0,0,0,2,0,0,0,1,0,0,0,1,2,1,0,0,0,1,0,0,0,0,0,1,1,0,0,0,0,1,0,3,0,1,1,1,0,1,0,2,1,0,0,0,0,0,1,0,0,1,1,1,0,0,1,1,0,0,1,0,0,0,2,0,1
113,1,0,0,1,0,0,0,1,0,1,0,1,1,2,0,0,0,0,1,0,0,0,0,1,0,0,0,1,0,0,0,0,0,0,2,0,0,0,1,0,0,0,1,2,1,0,0,0,1,0,0,0,0,0,1,1,0,0,0,0,1,0,3,0,1,1,1,0,1,0,2,1,0,0,0,0,0,1,0,0,1,1,1,0,0,1,1,0,0,1,0,0,0,2,0,1
114,1,0,0,1,0,0,0,1,0,1,0,1,1,2,0,0,0,0,1,0,0,0,0,1,0,0,0,1,0,0,0,0,0,0,2,0,0,0,1,0,0,0,1,2,1,0,0,0,1,0,0,0,0,0,1,1,0,0,0,0,1,0,3,0,1,1,1,0,1,0,2,1,0,0,0,0,0,1,0,0,1,1,1,0,0,1,1,0,0,1,0,0,0,2,0,1
115,1,0,0,1,0,0,0,1,0,1,0,1,1,2,0,0,0,0,1,0,0,0,0,1,0,0,0,0,0,0,0,0,0,0,2,0,0,0,1,0,0,0,1,2,1,0,0,0,1,0,0,0,0,0,1,1,0,0,0,0,1,0,3,0,1,1,1,0,1,0,2,1,0,0,0,0,0,1,0,0,1,1,1,0,0,1,1,0,0,1,0,0,0,2,0,1
116,1,0,0,1,0,0,0,1,0,1,0,1,1,2,0,0,0,0,1,0,0,0,0,1,0,0,0,0,0,0,0,0,0,0,2,0,0,0,1,0,0,0,1,2,1,0,0,0,1,0,0,0,0,0,1,1,0,0,0,0,1,0,3,0,1,1,1,0,1,0,2,1,0,0,0,0,0,1,0,0,1,1,1,0,0,1,1,0,0,1,0,0,0,2,0,1
117,1,0,0,1,0,0,0,1,0,1,0,1,1,2,0,0,0,0,1,0,0,0,0,1,0,0,0,0,0,0,0,0,0,0,2,0,0,0,1,0,0,0,1,2,1,0,0,0,1,0,0,0,0,0,1,1,0,0,0,0,1,0,3,0,1,1,1,0,1,0,2,1,0,0,0,0,0,1,0,0,1,1,1,0,0,1,1,0,0,1,0,0,0,2,0,1
118,1,0,0,1,0,0,0,1,0,1,0,1,1,2,0,0,0,0,1,0,0,0,0,1,0,0,0,0,0,0,0,0,0,0,2,0,0,0,1,0,0,0,1,2,1,0,0,0,1,0,0,0,0,0,1,1,0,0,0,0,1,0,3,0,1,1,1,0,1,0,2,1,0,0,0,0,0,1,0,1,1,1,1,0,0,1,1,0,0,1,0,0,0,2,0,1
119,1,0,0,1,0,0,0,1,0,1,0,1,1,2,0,0,0,0,1,0,0,0,0,1,0,0,0,0,0,0,0,0,0,0,2,0,0,0,1,0,0,0,1,2,1,0,0,0,1,0,0,0,0,0,1,1,0,0,0,0,1,0,3,0,1,1,1,0,1,0,2,1,0,0,0,0,0,1,0,1,1,1,1,0,0,1,1,0,0,1,0,0,0,2,0,1
120,1,0,0,1,0,0,0,1,0,1,0,1,1,2,0,0,0,0,1,0,0,0,0,1,0,0,0,0,0,0,0,0,0,0,2,0,1,0,1,0,0,0,1,2,1,0,0,0,1,0,0,0,0,0,1,1,0,0,0,0,1,0,3,0,1,1,1,0,1,0,2,1,0,0,0,0,0,1,0,1,1,1,1,0,0,1,1,0,0,1,0,0,0,2,0,1
121,1,0,0,1,0,0,0,1,0,1,0,1,1,2,0,0,0,0,1,0,0,0,0,1,0,0,0,0,0,0,0,0,0,0,2,0,1,0,1,1,0,0,1,2,1,0,0,0,1,0,0,0,0,0,1,1,0,0,0,0,1,0,3,0,1,1,1,0,1,0,2,1,0,0,0,0,0,1,0,1,1,1,1,0,0,1,1,0,0,1,0,0,0,2,0,1
122,1,0,0,1,0,0,0,1,0,1,0,1,1,2,0,0,0,0,1,0,0,0,0,1,0,0,0,0,0,0,0,0,0,0,2,0,1,0,1,1,0,0,1,2,1,0,0,0,1,0,0,0,1,0,1,1,0,0,0,0,1,0,3,0,1,1,1,0,1,0,2,1,0,0,0,0,0,1,0,1,1,1,1,0,0,1,1,0,0,1,0,0,0,2,0,1
123,1,0,0,1,0,0,0,1,0,1,0,1,1,2,0,0,0,0,1,0,0,0,0,1,0,0,0,0,0,0,1,0,0,0,2,0,1,0,1,1,0,0,1,2,1,0,0,0,1,0,0,0,1,0,1,1,0,0,0,0,1,0,3,0,1,1,1,0,1,0,2,1,0,0,0,0,0,1,0,1,1,1,1,0,0,1,1,0,0,1,0,0,0,2,0,1
124,1,0,0,1,0,0,0,1,0,1,0,1,1,2,0,0,0,0,1,0,0,0,0,1,0,0,0,0,0,0,1,0,0,0,2,0,1,0,1,1,0,0,1,2,1,0,0,0,1,0,0,0,1,0,1,1,0,0,0,0,1,0,3,0,1,1,1,0,1,0,2,1,0,0,0,0,0,1,0,1,1,1,1,0,0,1,1,0,0,1,0,0,0,2,0,1
125,1,0,0,1,0,0,0,1,0,1,0,1,1,2,0,0,0,0,1,0,0,0,0,1,0,0,0,0,0,0,1,0,1,0,2,0,1,0,1,1,0,0,1,2,1,0,0,0,1,0,0,0,1,0,1,1,0,0,0,0,1,0,3,0,1,1,1,0,1,0,2,1,0,0,0,0,0,1,0,2,1,1,1,0,0,1,1,0,0,1,0,0,0,2,0,1
126,1,0,0,1,0,0,0,1,0,1,0,1,1,2,0,0,0,0,1,0,0,0,0,1,0,0,0,0,0,0,1,0,1,0,2,0,1,0,1,1,0,0,1,2,1,0,0,0,1,0,0,0,1,0,1,1,0,0,0,0,1,0,3,0,1,1,1,0,1,0,2,1,0,0,0,0,0,1,0,2,1,1,1,0,0,1,1,0,0,1,0,0,0,2,0,1
127,1,0,0,1,0,0,0,1,0,1,0,1,1,2,0,0,0,0,1,0,0,0,0,1,0,0,0,0,0,0,1,0,1,0,2,0,1,0,1,1,0,0,1,2,1,0,0,0,1,0,0,0,1,0,1,1,0,0,0,0,1,0,3,0,1,1,1,1,1,0,2,1,0,0,0,0,0,1,0,2,1,1,1,0,0,1,1,0,0,1,0,0,0,2,0,0
128,1,0,0,1,0,0,0,1,0,1,0,1,1,2,0,0,0,0,1,0,0,0,0,1,0,0,0,0,0,0,1,0,1,0,2,0,1,0,1,1,0,0,1,2,1,0,0,0,1,0,0,0,1,0,1,1,0,0,0,0,1,0,3,0,1,1,1,1,1,0,2,1,0,0,0,0,0,1,0,2,1,1,1,0,0,1,1,0,0,1,0,0,0,2,0,0
129,1,0,0,1,0,0,0,1,0,1,0,1,1,2,0,0,0,0,1,0,0,0,0,1,0,0,0,0,0,0,1,0,1,0,2,0,1,0,1,1,0,0,1,2,1,0,0,0,1,0,0,0,1,0,1,1,0,0,0,0,1,0,3,0,1,1,1,1,1,0,2,1,0,0,0,0,0,1,0,2,1,1,1,0,0,1,1,0,0,1,0,0,0,2,0,0
130,1,0,0,1,0,0,0,1,0,1,0,1,1,2,0,0,0,0,1,0,0,0,0,1,0,0,0,0,0,0,1,0,1,0,2,0,1,0,1,1,0,0,1,2,1,0,0,0,1,0,0,0,1,0,1,1,0,0,0,0,1,0,3,0,1,1,1,1,2,0,2,1,0,0,0,0,0,1,0,2,1,1,1,0,0,1,1,0,0,1,0,0,0,2,0,0
131,1,0,0,1,0,0,0,1,0,1,0,1,1,2,0,0,0,0,1,0,0,0,0,1,0,0,1,0,0,0,1,0,1,0,2,0,1,0,1,1,0,0,1,2,1,0,0,0,1,0,0,0,1,0,1,1,0,0,0,0,1,0,3,0,1,1,1,1,2,0,2,1,0,0,0,0,0,1,0,2,1,1,1,0,0,1,1,0,0,1,0,0,0,2,0,0
132,1,0,0,1,0,0,0,1,0,1,0,1,1,2,0,1,0,0,1,0,0,0,0,1,0,0,1,0,0,0,1,0,1,0,2,0,1,0,1,1,0,0,1,2,1,0,0,0,1,0,0,0,1,0,1,1,0,0,0,0,1,0,3,0,1,1,1,1,2,0,2,1,0,0,0,0,0,1,0,2,1,1,1,0,0,1,1,0,0,1,0,0,0,2,0,0
133,1,0,0,1,0,0,0,1,0,1,0,1,1,2,0,1,0,0,1,0,0,0,0,1,0,0,1,0,0,0,1,0,1,0,2,0,1,0,1,1,0,0,1,2,1,0,0,0,1,0,0,0,0,0,1,1,0,0,0,0,1,0,3,0,1,1,1,1,2,0,2,1,0,0,0,0,0,1,0,2,1,1,1,0,0,1,1,0,0,1,0,0,0,2,0,0
134,1,0,0,1,0,0,0,1,0,1,0,1,1,2,0,1,0,0,1,0,0,0,0,1,0,0,1,0,0,0,1,0,1,0,2,0,1,0,1,1,1,0,1,2,1,0,0,0,1,0,0,0,0,0,1,1,0,0,0,0,1,0,3,0,1,1,1,1,2,0,2,1,0,0,0,0,0,1,0,2,1,1,1,0,0,1,1,0,0,1,0,0,0,2,0,0
135,1,0,0,1,0,0,0,1,0,1,0,1,1,2,0,1,0,0,1,0,0,0,0,1,0,0,1,0,0,0,2,0,1,0,2,0,1,0,1,1,1,0,1,2,1,0,0,0,1,0,0,0,0,0,1,1,0,0,0,0,2,0,3,0,1,1,1,1,2,0,2,1,0,0,0,0,0,1,0,2,1,1,1,0,0,1,1,0,0,1,0,0,0,2,0,0
136,0,0,0,1,1,0,0,1,1,1,0,1,1,2,0,1,0,0,1,0,0,0,0,1,0,0,1,0,0,0,2,1,1,0,2,0,1,0,1,1,1,0,1,3,1,0,0,1,1,0,0,0,0,0,1,1,0,0,0,0,2,0,3,0,1,1,1,1,2,0,2,1,0,0,0,0,0,1,0,2,1,1,1,0,0,1,1,0,0,1,0,0,0,2,0,0
137,0,0,0,1,1,0,0,1,1,1,0,1,1,2,0,1,0,0,1,0,0,0,0,1,0,0,1,0,0,0,2,0,1,0,2,0,1,0,1,1,1,0,1,3,1,0,0,1,1,0,0,0,0,0,1,1,0,0,0,0,2,0,3,0,1,1,1,1,2,0,2,1,0,0,0,0,0,1,0,2,1,1,1,0,0,1,1,0,0,1,0,0,0,2,0,0
138,0,0,0,1,1,0,0,1,1,1,0,1,1,2,0,1,0,0,1,0,0,0,0,1,0,0,1,0,0,0,2,0,1,0,2,0,1,0,1,1,1,0,1,3,1,0,0,1,1,0,0,0,0,0,1,1,0,0,0,0,2,0,3,0,1,1,1,1,2,0,2,1,0,0,0,0,0,1,0,2,1,1,1,0,0,1,2,0,0,1,0,0,0,2,0,0
139,0,0,0,1,1,0,0,1,1,1,0,1,1,2,0,1,0,0,1,0,0,0,0,1,0,0,1,0,0,0,2,0,1,0,2,0,1,0,1,1,1,0,1,3,1,0,0,1,1,0,0,0,0,0,1,1,0,0,0,0,2,0,3,0,1,1,1,1,2,0,2,1,0,0,0,0,0,1,0,2,1,1,1,0,0,1,2,0,0,1,0,0,1,2,0,0
140,0,0,0,1,1,0,0,1,1,1,0,1,1,2,0,1,0,0,1,0,0,0,0,1,0,0,1,0,0,0,2,0,1,0,2,0,1,0,1,1,1,0,1,3,1,0,0,1,1,0,0,0,0,0,1,1,0,0,0,0,2,0,3,0,1,1,1,1,2,0,2,1,0,0,0,0,0,1,0,2,1,1,1,0,0,1,2,0,0,1,0,0,1,2,0,0
141,0,0,0,1,1,0,0,1,1,1,0,1,1,2,0,1,0,0,1,0,0,0,0,1,0,0,1,0,0,0,2,0,1,0,2,0,1,0,1,1,1,0,1,3,1,0,0,1,1,0,0,0,0,0,1,1,0,0,0,0,2,0,3,0,1,1,1,1,2,0,2,1,0,0,0,0,0,1,0,2,1,1,1,0,0,1,2,0,0,1,0,0,1,2,0,0
142,0,0,0,1,1,0,0,1,1,1,0,1,1,2,0,1,0,0,1,0,0,0,0,1,0,0,1,0,0,0,2,0,1,0,2,0,1,0,1,1,1,0,1,3,1,0,0,1,1,0,0,0,0,0,1,1,0,0,0,0,2,0,3,0,1,1,1,1,2,0,2,1,0,0,0,0,0,1,0,2,1,1,1,0,0,1,2,0,0,1,0,0,1,1,0,0
143,0,0,0,1,1,0,0,1,1,1,0,1,1,2,0,1,0,0,1,0,0,0,0,1,0,0,1,0,0,0,2,0,1,0,2,1,1,0,1,1,1,0,1,3,1,0,0,1,1,0,0,0,0,0,0,1,0,0,0,0,2,0,3,0,1,1,1,1,3,0,2,1,0,0,0,0,0,1,0,2,1,1,1,0,0,1,2,0,0,1,0,0,1,1,0,0
144,0,0,0,1,1,0,0,1,1,1,0,1,1,2,0,1,0,0,1,0,0,0,0,1,0,0,1,0,0,0,2,0,1,0,2,1,1,0,1,1,1,0,1,3,1,0,0,1,1,0,0,0,0,0,0,1,0,0,0,0,2,0,3,0,1,1,1,1,3,0,2,1,0,0,0,0,0,1,0,2,1,1,1,0,0,1,2,0,0,1,0,0,1,1,0,0
145,0,0,0,1,1,0,0,1,1,1,0,1,1,2,0,1,0,0,1,0,0,0,0,1,0,0,1,0,0,0,2,0,1,0,2,1,1,0,1,1,1,0,1,3,1,0,0,1,1,0,0,0,0,0,0,1,0,0,0,0,2,0,3,0,1,1,1,1,3,0,2,0,0,0,0,0,0,1,0,2,1,1,1,0,0,1,2,0,0,1,0,0,1,1,0,0
146,0,0,0,1,1,0,0,1,1,1,0,1,1,2,0,1,0,0,1,0,0,0,0,1,0,0,1,0,0,0,2,0,1,0,2,1,1,0,1,1,1,0,1,3,1,0,0,1,1,0,0,0,0,0,0,1,0,0,0,0,2,0,3,0,1,1,1,1,3,0,2,0,0,0,0,0,0,1,0,2,1,1,1,0,0,1,2,0,0,1,0,0,1,1,0,0
147,0,0,0,1,1,0,0,1,1,1,0,1,1,2,0,1,0,0,1,0,0,0,0,1,0,0,1,0,0,0,2,0,1,0,2,1,1,0,1,1,1,0,1,3,1,0,0,1,1,0,0,0,0,0,0,1,0,0,0,0,2,0,3,0,1,1,1,1,3,0,2,0,0,0,0,0,0,1,0,2,1,1,1,0,0,1,2,0,0,1,0,0,1,1,0,0
148,0,0,0,1,1,0,0,1,1,1,0,1,1,2,0,1,0,0,1,0,0,0,0,1,0,0,0,0,0,0,2,0,1,0,2,1,1,0,1,1,1,0,1,3,1,0,0,1,1,0,0,0,0,0,0,1,0,0,0,0,2,0,3,0,1,1,1,1,3,0,2,0,0,0,0,0,0,1,0,2,1,1,1,0,0,1,2,0,0,1,0,0,1,1,0,0
149,0,0,0,1,1,0,0,1,1,1,0,1,1,2,0,1,0,0,1,0,0,0,0,1,0,0,0,0,0,0,2,0,1,0,2,1,1,0,1,1,1,0,1,3,1,0,0,1,1,0,0,0,0,0,0,1,0,0,0,0,2,0,3,0,1,1,1,1,3,0,2,0,0,0,0,0,0,1,0,2,1,1,1,0,0,1,2,0,0,1,0,0,1,1,0,0
150,0,0,0,1,1,0,0,1,1,1,0,1,1,2,0,1,0,0,1,0,0,0,0,1,0,0,0,0,0,0,2,0,1,0,2,1,1,0,1,1,1,0,1,3,1,0,0,1,1,0,0,0,0,0,0,1,0,0,0,0,2,0,3,0,1,1,1,1,3,0,2,0,0,0,0,0,0,1,0,2,1,1,1,0,0,1,2,0,0,1,0,0,1,1,0,0
151,0,0,0,1,1,0,0,1,1,1,0,1,1,2,0,1,0,0,1,0,0,1,0,1,0,0,0,0,0,0,2,0,1,0,2,1,1,0,1,1,1,0,1,3,1,0,0,1,1,0,0,0,0,0,1,1,0,0,0,0,2,0,3,0,1,1,1,1,3,0,2,0,0,0,0,0,0,1,0,2,1,1,1,0,0,1,2,0,0,1,0,0,1,1,0,0
152,0,0,0,1,1,0,0,1,1,1,0,1,1,2,0,1,0,0,1,0,0,1,0,1,0,0,0,0,0,0,2,0,1,0,2,1,1,0,1,1,1,0,1,3,1,0,0,1,1,0,0,0,0,0,1,1,0,0,0,0,2,0,3,0,1,1,1,1,3,0,2,0,0,0,0,0,0,1,0,2,1,1,1,0,0,1,2,0,0,1,0,0,1,1,0,1
153,0,0,0,1,1,0,0,1,1,1,0,1,1,2,0,1,0,0,1,0,0,1,0,2,0,0,0,0,0,0,2,0,1,0,2,1,1,0,1,1,1,0,1,3,1,0,0,1,1,0,0,0,0,0,1,1,0,0,0,0,2,0,3,0,1,1,1,2,3,0,2,0,0,0,0,0,0,1,0,2,1,1,1,0,0,1,2,0,0,1,0,0,1,1,0,1
154,0,0,0,1,1,1,0,1,1,1,0,1,1,2,0,1,0,0,1,0,0,1,0,2,0,0,0,0,1,0,2,0,1,0,2,1,1,0,1,1,1,0,1,3,1,0,0,1,1,0,0,0,0,0,1,1,0,0,0,0,2,0,3,0,1,1,1,2,3,0,2,0,0,0,0,0,0,1,0,2,1,1,1,0,0,1,2,0,0,1,0,0,1,1,0,1
155,0,0,0,1,1,1,0,1,1,1,0,1,1,2,0,1,0,0,1,0,0,1,0,2,0,0,0,0,1,0,2,0,1,0,2,1,1,0,1,1,1,0,1,3,1,0,0,1,1,0,0,0,0,0,1,1,0,0,0,0,2,0,3,0,1,1,1,2,3,0,2,0,0,0,0,0,0,1,0,2,1,1,1,0,0,1,2,0,0,1,0,0,1,1,0,1
156,0,0,0,1,1,1,0,1,1,1,0,1,1,2,0,1,0,0,1,0,1,1,0,2,0,0,0,0,1,0,2,0,1,0,2,1,1,0,1,1,1,0,1,3,1,0,0,1,1,0,0,0,0,0,1,1,0,0,0,0,2,0,3,0,1,1,1,2,3,0,2,0,0,0,0,0,0,1,0,2,1,1,1,0,0,1,2,0,0,1,0,0,1,1,0,1
157,0,0,0,1,1,1,0,1,1,1,0,1,1,2,0,1,0,0,1,0,1,1,0,2,0,0,1,1,1,0,2,0,1,0,2,1,1,0,1,1,1,0,1,3,1,0,0,1,1,0,0,0,0,0,1,1,0,0,0,0,2,0,4,0,1,1,1,2,3,0,2,0,0,0,0,0,0,1,0,2,1,1,1,0,0,1,2,0,0,1,0,0,1,1,0,1
158,0,0,0,1,1,1,0,1,1,1,0,1,1,2,0,1,0,0,1,0,1,1,0,2,0,0,1,1,1,0,2,0,1,0,2,1,1,0,1,1,1,0,1,3,1,0,0,1,1,0,0,0,0,0,1,1,0,0,0,0,2,0,4,0,1,1,1,2,3,0,2,0,0,0,0,0,0,1,0,2,1,1,1,0,0,1,2,0,0,1,0,0,1,1,0,1
159,0,0,0,1,1,1,0,1,1,2,0,1,1,2,0,1,0,0,1,0,1,1,0,2,0,0,1,1,1,0,2,0,1,0,2,1,1,0,1,1,1,0,1,3,1,0,0,2,1,0,0,0,0,0,1,1,0,0,0,0,2,0,4,0,1,1,1,2,3,0,2,0,0,0,0,0,0,1,0,2,1,1,1,0,0,1,2,0,0,1,0,0,1,1,0,1
160,0,0,0,1,1,2,0,1,1,2,0,1,1,2,0,1,0,0,1,0,1,1,0,2,0,0,1,1,1,0,2,0,1,0,2,1,1,0,1,1,1,0,1,3,1,0,0,2,1,0,0,0,0,0,1,1,0,0,0,0,2,0,4,0,1,1,1,2,3,0,2,0,0,0,0,0,0,1,0,2,1,1,1,0,0,1,2,0,0,1,0,0,1,1,0,1
161,0,0,0,1,1,2,0,1,1,2,0,1,1,2,0,1,0,0,1,0,1,1,0,2,0,0,1,1,1,0,2,0,1,0,2,1,1,0,1,1,1,0,1,3,1,0,0,2,1,0,0,0,0,0,1,1,0,0,0,0,2,0,4,0,1,1,1,2,3,0,2,0,0,0,0,0,0,1,0,2,1,1,1,0,0,1,2,0,0,1,0,0,1,1,0,1
162,0,0,0,1,1,2,0,1,1,2,0,1,1,2,0,1,0,0,1,0,1,1,0,2,0,0,1,1,1,0,2,0,1,0,2,1,1,0,1,1,1,0,1,3,1,0,0,2,1,0,0,0,0,0,1,1,0,0,0,0,2,0,4,0,1,1,1,2,3,0,2,0,0,0,0,0,0,1,0,2,1,1,1,0,0,1,2,0,0,1,0,0,1,1,0,1
163,0,0,0,2,1,2,0,1,1,2,0,1,1,2,0,1,0,0,1,0,1,1,0,2,0,0,1,1,1,0,2,0,1,0,2,1,1,0,1,1,1,0,1,3,1,0,0,2,1,0,0,0,0,0,1,1,0,0,0,0,2,0,4,0,1,1,1,2,3,0,2,0,0,0,0,0,0,1,0,2,1,1,1,0,0,1,2,0,0,1,0,0,1,1,0,1
164,0,0,0,2,1,2,0,1,1,2,0,1,1,2,0,1,0,0,1,0,1,1,0,2,0,0,1,1,1,0,1,0,1,0,2,1,1,0,1,1,1,0,1,3,1,0,0,2,1,0,0,0,0,0,1,1,0,0,0,0,2,0,4,0,1,1,1,2,3,0,2,0,0,0,0,0,0,1,0,2,1,1,1,0,0,1,2,0,0,1,0,0,1,1,0,1
165,0,0,1,2,1,2,0,1,1,2,0,1,1,2,0,1,0,0,1,0,1,1,0,2,0,0,1,1,1,0,1,0,1,0,2,1,1,0,1,1,1,0,1,3,1,0,0,2,1,0,0,0,0,0,1,1,0,0,0,0,2,0,4,0,1,1,1,2,3,0,2,0,0,0,0,0,0,1,0,2,1,1,1,0,0,1,2,0,0,1,0,0,1,1,0,1
166,0,0,1,2,1,2,0,1,1,2,0,1,1,2,0,1,0,0,1,0,1,1,0,2,0,0,1,1,1,0,1,0,1,0,2,1,1,0,1,1,1,0,1,3,1,0,0,2,1,0,0,0,0,0,1,1,0,0,0,0,2,0,4,0,1,1,1,2,3,0,2,0,0,0,0,0,0,1,0,2,1,1,1,0,0,1,2,0,0,1,0,0,1,1,0,1
167,0,0,1,2,1,2,0,1,1,2,0,1,1,2,0,1,0,0,1,0,1,1,0,2,0,0,1,1,1,0,1,0,1,0,2,1,1,0,1,1,1,1,1,3,1,0,0,2,1,0,0,0,0,0,1,1,0,0,0,0,2,0,4,0,1,1,1,2,3,0,2,0,0,0,0,0,0,1,0,2,1,1,1,0,0,1,2,0,0,1,0,0,1,1,0,1
168,0,0,1,2,1,2,0,1,1,2,0,1,1,2,0,1,0,0,1,0,1,1,0,2,0,0,1,1,1,0,1,0,1,0,2,1,1,0,1,1,1,1,1,3,1,0,0,2,1,0,0,0,0,0,1,1,0,0,0,0,2,0,4,0,1,1,1,2,3,0,2,0,0,0,0,0,0,1,0,2,2,1,1,0,0,1,2,0,0,1,0,0,1,1,0,1
169,0,0,1,2,1,2,0,1,0,2,0,1,1,2,0,1,0,0,1,0,1,1,0,2,0,0,1,1,1,0,1,0,1,0,2,1,1,0,1,1,1,1,1,3,1,0,0,2,1,0,0,0,0,0,1,1,0,0,0,0,2,0,4,0,1,1,1,2,3,0,2,0,0,0,0,0,0,1,0,2,2,1,1,0,0,1,2,0,0,1,0,0,1,1,0,1
170,0,0,1,2,1,2,0,1,0,2,0,1,1,2,0,1,0,0,1,0,1,1,0,2,0,0,1,1,1,0,1,0,1,0,2,1,1,0,1,1,1,1,1,3,1,0,0,2,1,0,0,0,0,0,1,1,0,0,0,0,2,0,4,0,1,1,1,2,3,0,2,0,0,0,0,0,0,1,0,2,2,1,1,0,0,1,2,0,0,1,0,0,1,1,0,1
171,0,0,1,2,1,2,0,1,0,2,0,1,1,2,0,1,0,0,1,0,1,1,0,2,0,0,1,1,1,0,1,0,1,0,2,1,1,0,1,1,1,1,1,3,1,0,0,2,1,0,0,0,0,0,1,1,0,0,0,0,2,0,4,0,1,1,1,2,3,0,2,0,0,0,0,0,0,1,0,2,2,1,1,0,0,1,2,0,0,1,0,0,1,1,0,1
172,0,0,1,2,1,2,0,1,0,2,0,1,1,2,0,1,0,0,1,0,1,1,0,2,0,0,1,1,1,0,1,0,1,0,2,1,1,0,1,1,1,1,1,3,1,0,0,2,1,0,2,0,0,0,1,1,0,0,0,0,2,0,4,0,1,1,1,2,4,0,3,0,0,0,0,0,0,1,0,2,2,1,1,0,0,1,3,0,0,1,0,0,1,1,0,1
173,0,0,1,2,1,2,0,1,0,2,0,1,1,2,0,1,0,0,1,0,1,1,0,2,0,0,1,1,1,0,1,0,1,0,2,1,1,0,1,1,1,1,1,3,1,0,0,2,1,0,2,0,0,0,1,1,0,0,0,0,2,1,4,0,1,1,1,2,4,0,3,0,0,0,0,0,0,1,0,2,2,1,1,0,0,1,3,0,0,1,0,0,1,1,0,1
174,0,0,1,2,1,2,1,1,0,2,0,1,1,2,0,1,0,0,1,0,1,1,0,2,0,0,1,1,1,0,1,0,1,0,2,1,1,0,1,1,1,1,1,3,1,0,0,2,1,0,2,0,0,0,1,1,0,0,0,0,2,1,4,0,1,1,1,2,4,0,3,0,0,0,0,0,0,1,0,2,2,1,1,0,0,1,3,0,0,1,0,0,1,1,0,1
175,0,0,1,2,1,2,1,1,1,2,0,1,1,2,0,1,0,0,1,0,1,1,0,2,0,0,1,1,1,0,1,0,1,0,2,1,1,0,1,1,1,1,1,3,1,0,0,2,1,0,2,0,0,0,1,1,0,0,0,0,2,1,4,0,1,1,1,2,4,0,3,0,0,0,0,0,0,1,0,2,2,1,1,1,0,1,3,0,0,1,0,0,1,1,1,1
176,0,0,1,2,1,2,1,1,1,2,0,1,1,2,0,1,0,0,1,0,1,1,0,2,0,0,1,1,1,1,1,0,1,0,2,1,1,0,1,1,1,1,1,3,1,0,0,2,1,0,2,0,0,0,1,1,0,0,0,0,2,1,4,0,1,1,1,2,4,0,3,0,0,0,0,0,0,1,0,2,2,1,1,1,0,1,3,0,0,1,0,0,1,1,1,1
177,0,0,1,2,1,2,1,1,1,2,0,1,1,2,0,1,0,0,1,0,1,1,0,2,0,0,1,1,1,1,1,0,1,0,2,1,1,0,1,1,1,1,1,3,1,0,0,2,1,0,2,0,0,0,1,1,0,0,0,0,2,1,4,0,1,1,1,2,4,0,3,0,0,0,0,0,0,1,0,2,2,1,1,1,0,1,3,0,0,2,0,0,1,1,1,1
178,0,0,1,2,1,2,1,1,1,2,0,1,1,2,0,1,0,0,1,0,1,1,0,2,0,0,1,1,1,1,1,0,1,0,2,1,1,0,1,1,1,1,1,3,1,0,0,2,1,0,2,0,0,0,1,1,0,0,0,0,2,1,4,1,1,1,1,2,4,0,3,0,0,0,0,0,0,1,0,2,2,1,1,1,0,1,3,0,0,2,0,0,1,1,1,1
179,0,0,1,2,1,2,1,1,1,2,0,1,1,2,0,1,0,0,1,0,1,1,0,2,0,0,1,1,1,1,1,1,1,0,2,1,1,0,1,1,1,1,1,3,1,0,0,2,1,0,2,0,0,0,1,1,0,0,0,0,2,1,4,1,1,1,1,2,4,0,3,0,0,0,0,0,0,1,0,2,2,1,1,1,0,1,3,0,0,2,0,0,1,1,1,1
180,0,0,1,2,1,2,1,1,1,2,0,1,1,2,0,1,0,0,1,0,2,1,0,2,0,0,1,1,1,1,1,1,1,0,2,1,1,0,1,1,1,1,1,3,1,0,0,2,1,0,2,0,0,0,1,1,0,0,0,0,2,1,4,1,1,1,1,2,4,0,3,0,0,0,0,1,0,1,0,2,2,1,1,1,0,1,3,0,0,2,0,0,1,1,1,1
181,0,0,1,2,1,2,1,1,1,2,0,1,1,2,0,1,0,0,1,0,2,1,0,2,0,0,1,1,1,1,1,1,1,0,2,1,1,0,1,1,1,1,1,3,1,0,0,2,1,0,2,0,0,0,1,1,0,0,0,0,2,1,4,1,1,1,1,2,4,0,3,0,0,0,0,1,0,1,0,2,2,1,1,1,0,1,3,0,0,2,0,0,1,1,1,1
182,0,0,1,2,1,2,1,1,1,2,0,1,1,2,0,1,0,0,1,0,2,1,1,2,0,0,1,1,1,1,1,1,1,0,2,1,1,0,1,1,1,1,1,3,1,0,0,2,1,0,2,0,0,0,1,1,0,0,0,0,2,1,4,1,1,1,1,2,4,0,3,0,0,0,0,1,0,1,0,2,3,1,1,1,0,1,3,0,0,2,0,0,1,1,1,1
183,0,0,1,2,1,2,1,1,1,2,0,1,1,2,0,1,0,0,1,0,2,1,1,2,0,0,1,1,1,1,1,1,1,0,2,1,1,0,1,1,1,1,1,3,1,0,0,2,1,0,2,0,0,0,1,1,0,0,0,0,2,1,3,1,1,1,1,2,4,1,3,0,0,0,0,2,0,1,0,2,3,1,1,1,0,1,3,0,0,2,0,0,1,1,1,1
184,0,0,1,2,1,2,1,1,1,2,0,1,1,2,0,1,0,0,1,0,2,1,1,2,0,0,1,1,1,1,1,1,1,0,2,1,1,0,1,1,1,1,1,3,1,0,0,2,1,0,2,0,0,0,1,1,0,0,0,0,2,1,3,1,1,1,1,2,4,1,3,0,0,0,0,2,0,1,0,2,3,1,1,1,0,1,3,0,0,2,0,0,1,1,1,1
185,0,0,1,2,1,2,1,1,1,2,0,1,1,2,0,1,0,1,1,0,2,1,1,2,0,0,1,1,1,1,1,1,1,0,2,1,1,0,1,1,1,1,1,3,1,0,0,2,1,0,2,0,0,0,1,1,0,0,0,0,2,1,3,1,1,1,1,2,4,1,3,0,0,0,0,2,0,1,0,2,3,1,1,1,0,1,3,0,0,2,0,0,1,1,1,1
186,0,0,1,2,1,2,1,1,1,2,0,1,1,2,0,1,0,1,1,0,2,1,1,2,0,0,1,1,1,1,1,1,1,0,2,1,1,0,1,1,1,1,1,3,1,0,0,2,1,0,2,0,0,0,1,1,0,0,0,0,2,1,3,1,1,1,1,2,4,1,3,0,0,0,0,2,0,1,0,2,4,1,1,1,0,1,3,0,0,2,0,0,1,1,1,1
187,0,0,1,2,1,2,1,1,1,2,0,1,1,2,0,1,0,1,1,0,2,1,1,2,0,0,1,1,1,1,1,1,1,0,2,1,1,0,1,1,1,1,1,3,1,0,0,2,1,0,2,0,0,0,1,1,0,0,0,0,2,1,3,1,1,1,1,2,4,1,3,0,0,0,0,2,0,1,0,2,4,1,1,1,0,1,3,0,0,2,0,0,1,1,1,1
188,0,0,1,2,1,2,1,1,1,2,0,1,1,2,0,1,0,1,1,0,2,1,1,2,0,1,1,1,1,1,1,1,1,0,2,1,1,0,1,1,1,1,1,3,1,0,0,2,1,0,2,0,0,0,1,1,0,0,0,0,2,1,3,1,1,1,1,2,4,1,3,0,0,0,0,2,0,1,0,2,4,1,1,1,0,1,3,0,0,2,0,0,1,1,1,1
189,0,0,1,2,1,2,1,1,1,2,0,1,1,2,0,1,0,1,1,0,2,1,1,2,0,1,1,1,1,1,1,1,1,0,2,1,1,0,1,1,1,1,1,3,1,0,0,2,2,0,2,0,1,0,1,1,0,0,0,0,2,1,3,1,1,1,1,2,4,1,3,0,0,0,0,2,0,1,0,2,4,1,1,1,0,1,3,0,0,2,0,0,1,1,1,1
190,0,0,1,2,1,2,1,1,1,2,0,1,1,2,0,1,0,1,1,0,2,1,1,2,0,1,1,1,1,1,1,1,1,0,2,1,1,0,1,1,1,1,1,3,1,0,0,2,2,0,2,0,1,0,1,1,0,0,0,1,2,1,3,1,1,1,1,2,4,1,3,0,0,0,0,2,0,1,0,3,4,1,1,1,0,1,3,0,0,2,0,0,1,1,1,1
191,0,0,1,2,1,2,1,1,1,2,0,1,1,2,0,1,0,1,1,0,2,1,1,2,0,1,1,1,1,1,1,1,1,0,2,1,1,0,1,1,1,1,1,3,1,0,0,2,2,0,2,0,1,0,1,1,0,0,0,2,2,1,3,1,1,1,1,2,4,1,3,0,0,0,0,2,0,1,0,3,4,1,1,1,0,1,3,0,0,2,0,0,1,1,1,1
192,0,0,1,2,1,2,1,1,1,2,0,1,1,2,0,1,0,1,1,0,2,1,2,3,0,1,1,1,1,1,1,1,1,0,2,1,2,0,1,1,1,1,1,3,1,0,0,2,2,0,2,0,1,0,1,1,0,0,0,2,2,1,3,1,1,1,1,2,4,1,3,0,0,0,0,2,0,1,0,3,4,1,1,1,0,1,3,0,0,2,0,0,1,1,1,1
193,0,0,1,2,1,2,1,1,1,2,0,1,1,2,0,1,0,1,1,0,2,1,2,3,0,1,1,1,1,1,1,1,1,0,2,1,2,0,1,1,1,1,1,3,1,0,0,2,2,0,2,0,1,0,1,2,0,0,0,2,2,1,3,1,1,1,1,2,4,1,3,0,0,1,0,2,0,1,0,3,4,1,1,1,0,1,3,0,0,2,0,0,1,1,1,1
194,0,0,1,2,1,2,1,0,1,2,0,1,1,2,0,1,0,1,1,0,2,1,2,3,0,1,1,1,2,1,1,1,1,0,2,1,2,0,1,1,1,1,1,3,1,0,0,2,2,0,2,0,1,0,1,2,0,0,0,2,2,1,3,1,1,1,1,2,4,1,3,0,0,1,0,2,0,1,0,3,4,1,1,1,0,1,3,0,0,2,0,0,1,1,1,1
195,0,0,1,2,1,2,1,0,1,2,0,1,1,2,0,1,0,1,1,0,2,1,2,3,0,1,1,1,2,1,1,1,1,0,2,1,2,0,1,1,1,1,1,2,1,0,0,2,2,0,2,0,1,0,1,2,0,0,0,2,2,1,4,1,1,1,1,2,4,1,3,0,0,1,0,2,0,1,0,3,4,1,1,1,0,1,3,0,0,2,0,0,1,1,1,1
196,0,0,1,2,1,2,1,0,1,2,0,1,1,2,0,1,0,1,1,0,2,1,2,3,0,1,1,1,2,1,1,1,1,0,2,1,2,0,1,1,1,1,1,2,1,0,0,2,2,0,2,0,1,0,1,2,0,0,0,2,2,1,4,1,1,1,1,2,4,1,3,0,0,1,0,2,0,1,0,3,4,1,1,2,0,1,3,0,0,2,0,0,1,1,1,1
197,0,0,1,2,1,2,1,0,1,2,0,2,1,2,0,1,0,1,1,0,2,1,2,3,0,1,1,1,2,1,1,1,1,0,2,1,2,0,1,1,1,1,1,2,1,0,0,2,2,0,2,0,1,0,1,2,0,0,0,2,2,1,4,1,1,1,1,2,4,1,3,0,0,1,0,2,0,1,0,3,4,1,1,2,0,1,3,0,0,2,0,0,1,1,1,1
198,0,0,1,2,1,2,1,0,1,2,0,2,1,2,0,1,0,1,1,0,2,1,2,3,0,1,1,1,2,1,1,1,1,0,2,1,2,0,1,1,1,1,1,2,1,0,0,2,2,0,2,0,1,0,1,2,0,0,0,2,2,1,4,1,1,1,1,2,4,1,3,0,0,1,0,2,0,1,0,3,4,1,1,2,0,1,3,0,0,2,0,0,1,1,1,1
199,0,0,1,2,1,2,1,0,1,2,0,2,1,2,0,1,0,1,1,0,2,1,2,3,0,1,1,1,2,1,1,1,1,0,2,1,2,0,1,1,1,1,1,2,1,0,0,2,2,0,2,0,1,0,1,2,0,0,0,2,2,1,4,1,1,1,1,2,4,1,3,0,0,1,0,2,0,1,0,3,4,1,1,2,0,1,3,0,0,2,0,0,1,1,1,1
200,0,0,1,2,1,2,1,0,1,2,0,2,1,2,0,1,0,1,1,0,2,1,2,3,0,1,1,1,2,1,1,1,1,0,2,1,2,0,1,1,1,1,1,2,1,0,0,2,2,0,2,0,1,0,1,2,0,0,0,2,2,1,4,1,1,1,1,2,4,1,3,0,0,1,0,3,0,1,0,3,4,1,1,2,0,1,3,0,0,2,0,0,1,1,1,1
201,0,0,1,2,1,2,1,0,1,2,0,2,1,2,0,1,0,1,1,0,2,1,2,3,0,1,1,1,2,1,1,1,1,0,2,1,2,0,1,1,1,1,1,2,1,0,0,2,2,0,2,0,1,0,1,2,0,0,0,2,2,1,4,1,1,1,1,2,4,1,3,0,0,1,0,3,0,1,0,3,4,1,1,2,0,1,3,0,0,2,0,0,1,1,1,1
202,0,0,1,2,2,2,1,0,1,2,0,2,1,2,0,1,0,1,1,0,2,1,2,3,0,1,1,1,2,1,1,1,1,0,2,1,2,0,1,1,1,1,1,2,1,0,0,2,2,0,2,0,1,0,1,2,0,0,0,2,3,1,4,2,1,1,1,2,4,1,3,0,0,1,0,3,0,1,0,3,4,1,1,2,0,1,3,0,0,2,0,0,1,1,1,1
203,0,0,1,2,2,2,1,0,1,2,0,2,1,2,0,1,0,1,1,0,2,1,2,3,0,1,1,1,2,1,1,1,1,0,2,1,2,0,1,1,2,1,1,2,1,0,0,2,2,0,2,0,1,0,1,2,0,0,0,2,3,1,4,2,1,1,1,2,4,1,3,0,0,1,0,3,0,1,0,3,4,1,1,2,0,1,3,0,0,2,0,0,1,1,1,1
204,0,0,2,2,2,2,1,0,1,2,0,2,1,2,0,1,0,1,1,0,2,1,2,3,0,1,1,1,1,1,1,1,1,0,2,1,2,0,1,1,2,1,1,2,1,0,0,2,2,1,2,0,1,0,1,2,0,0,0,2,3,1,4,2,1,1,1,2,4,1,3,0,1,1,0,3,0,1,0,3,4,1,1,2,0,1,3,0,0,2,0,0,1,1,1,1
205,0,0,2,2,2,2,1,0,1,2,0,2,1,2,0,1,0,1,1,0,2,1,2,3,0,1,1,1,1,1,1,1,1,0,2,1,2,0,1,1,2,1,1,2,1,1,0,2,2,1,2,0,1,0,1,2,0,0,0,2,3,1,4,2,1,1,1,2,4,1,3,0,1,1,0,3,0,1,0,3,4,1,1,2,0,1,3,0,0,2,0,0,1,1,1,1
206,0,0,2,2,2,2,1,0,1,2,0,2,1,2,0,1,0,1,1,1,2,1,2,3,0,1,1,1,1,1,1,1,1,0,2,1,2,0,2,1,2,1,1,2,1,1,0,2,2,1,2,0,1,0,1,2,0,0,0,2,3,1,4,2,1,1,1,2,4,1,3,0,1,1,0,3,0,1,0,3,4,1,1,2,0,1,3,0,0,2,0,0,1,1,1,1
207,0,0,2,2,2,2,1,0,1,2,0,2,1,2,0,1,0,1,1,1,2,1,2,3,0,1,1,1,1,1,1,1,1,0,2,1,2,0,2,1,2,1,1,2,1,1,0,2,2,1,2,0,1,0,1,2,0,0,0,2,3,1,4,2,1,1,1,2,4,1,3,0,1,1,0,3,0,1,0,3,4,1,1,2,0,1,3,0,0,3,0,0,1,1,1,1
208,0,0,2,2,2,2,1,0,1,2,0,2,1,2,0,1,0,1,1,1,2,2,2,3,0,1,1,1,1,1,1,1,1,0,2,1,2,0,2,1,2,1,1,2,3,1,0,2,2,1,2,0,1,0,1,2,0,0,0,2,4,1,4,2,1,1,1,2,4,1,3,1,1,1,0,3,0,1,0,3,4,1,2,2,0,1,3,0,0,3,0,0,1,1,1,1
209,0,0,2,2,2,2,1,0,1,2,0,2,1,2,0,1,0,1,1,1,2,2,2,3,0,1,1,1,1,1,1,1,1,0,2,1,2,0,2,1,2,1,1,2,3,1,0,2,2,1,2,0,1,0,1,2,0,0,0,2,4,1,4,2,1,1,1,2,4,1,3,1,1,1,0,3,0,1,0,3,4,1,2,2,0,1,3,0,0,3,0,0,1,1,1,1
210,0,0,2,2,2,2,1,0,1,2,0,2,1,2,0,1,0,1,1,1,2,2,2,3,0,1,1,1,1,1,1,1,1,0,2,1,2,0,2,1,2,1,1,2,3,1,0,2,2,1,2,0,1,0,1,2,0,0,0,2,4,1,4,2,1,2,1,2,4,1,3,1,1,1,0,3,0,1,0,3,4,1,2,2,0,1,3,0,0,3,0,0,1,1,1,1
211,0,0,2,2,2,2,1,0,1,3,0,2,1,2,0,1,0,1,1,1,2,2,3,3,0,1,1,1,1,1,1,1,1,0,2,1,2,0,2,1,2,1,1,2,3,1,0,2,2,1,2,0,1,0,1,2,1,0,0,2,4,1,4,2,1,2,1,2,4,1,3,1,1,1,0,3,0,1,0,3,4,1,2,2,0,1,3,0,0,3,0,0,1,1,1,1
212,0,0,2,2,2,2,1,0,1,3,0,2,1,2,0,1,0,1,1,1,2,2,3,3,0,1,1,1,1,1,1,1,1,0,2,1,2,0,2,1,2,1,1,2,3,1,0,2,2,1,2,0,1,0,1,2,1,0,0,2,4,1,4,2,1,3,1,2,4,1,3,1,2,1,0,3,0,1,0,3,4,1,2,2,0,1,3,0,0,3,0,0,1,1,1,1
213,0,0,2,2,2,2,1,0,1,3,0,2,1,2,0,1,0,1,1,1,2,2,3,3,0,1,1,2,1,1,1,1,1,0,2,1,2,0,2,1,2,1,1,2,3,1,0,2,2,1,2,0,1,0,1,2,1,0,0,2,4,1,4,2,1,3,1,2,4,1,3,1,2,1,0,3,0,1,0,3,4,1,2,2,0,1,3,0,0,3,0,0,1,1,1,1
214,0,0,2,2,2,2,1,0,1,3,0,2,1,2,0,1,0,2,1,1,2,2,3,3,0,1,1,2,1,1,1,1,1,0,2,1,2,0,2,1,2,1,1,2,3,1,0,2,2,1,2,0,1,0,1,2,1,0,0,2,4,1,4,2,1,3,1,2,4,1,3,1,2,1,0,3,0,1,0,3,4,1,2,2,0,1,3,0,0,3,0,1,1,1,1,1
215,0,0,2,2,2,2,1,0,1,3,0,2,1,2,0,1,0,2,1,1,3,2,3,3,0,1,1,2,1,1,1,1,1,0,2,1,2,0,2,1,2,1,1,2,3,1,0,2,2,1,2,0,1,0,1,2,1,0,0,2,4,1,4,2,1,3,1,2,4,1,3,1,2,1,0,3,0,1,0,3,4,1,2,2,0,1,3,0,0,3,0,1,1,1,1,1
216,0,0,2,2,2,2,1,0,1,3,0,2,1,2,0,1,0,2,1,1,3,2,3,3,0,1,1,2,1,1,1,1,1,0,2,1,2,0,2,1,2,1,1,2,3,1,0,2,2,1,3,0,1,0,1,2,1,0,0,2,4,1,4,2,1,3,1,2,4,1,3,1,2,1,0,3,0,1,0,3,4,1,2,2,0,1,3,0,0,3,0,1,1,1,1,1
217,0,0,2,2,2,2,1,0,1,3,0,2,1,2,0,1,0,1,1,2,3,2,3,3,0,1,1,2,1,1,1,1,1,0,2,1,2,0,2,1,2,1,1,2,3,1,0,2,2,1,3,1,1,0,1,2,1,0,0,2,4,1,4,2,1,3,1,2,4,1,3,1,2,1,0,4,0,1,0,3,4,1,2,2,0,1,3,0,0,3,0,1,1,1,1,1
218,0,0,2,2,2,2,1,0,1,3,0,2,1,2,0,1,0,1,1,2,4,2,3,3,0,1,1,2,1,1,1,1,1,0,2,1,2,0,2,1,2,1,1,2,3,1,0,2,2,1,3,1,1,0,1,2,1,0,0,2,4,1,4,2,1,3,1,2,4,1,3,1,2,1,0,4,0,1,0,3,4,1,2,2,0,1,3,0,0,3,0,1,1,1,1,1
219,0,0,2,2,2,2,1,0,1,3,0,2,1,2,0,1,0,1,1,2,4,2,3,3,0,1,1,2,1,1,1,1,1,0,2,1,2,0,2,1,2,1,1,2,3,1,0,2,2,1,3,1,1,0,1,2,1,0,0,2,4,1,4,2,1,3,1,2,4,1,3,1,2,1,0,4,0,1,0,3,4,1,2,3,0,1,3,0,0,3,0,1,1,1,1,1
220,0,0,2,2,2,2,1,0,1,3,0,2,1,2,0,1,0,1,1,2,4,2,3,3,0,1,1,2,1,1,1,1,1,0,2,1,2,0,2,1,2,1,1,2,3,1,0,2,2,1,3,1,1,0,2,2,1,0,0,2,4,1,4,2,1,3,1,2,4,1,4,1,2,1,0,4,0,1,0,3,4,1,2,3,0,1,3,0,0,3,0,1,1,1,1,1
221,0,0,2,2,2,2,1,0,1,3,1,3,1,2,0,1,0,2,1,2,4,2,3,3,0,1,1,2,1,1,1,1,1,0,2,1,2,0,2,1,3,1,1,2,3,1,0,2,2,1,3,1,1,0,2,2,1,0,0,2,4,1,4,2,1,3,1,2,4,1,4,1,2,1,0,4,0,1,0,3,4,1,2,3,0,1,3,0,0,3,0,1,1,1,1,1
222,0,0,2,2,2,2,1,0,1,3,1,3,1,2,0,1,0,2,1,2,4,2,3,3,0,1,1,2,1,1,1,1,1,0,2,1,2,0,2,1,3,1,1,2,3,1,0,2,2,1,3,1,1,0,2,2,1,0,0,2,4,1,4,2,1,3,1,2,4,1,4,1,2,1,0,4,0,1,0,3,4,1,2,3,0,1,3,0,0,3,0,1,1,1,1,1
223,0,0,2,2,2,2,1,0,1,3,1,3,1,2,0,1,0,2,1,2,4,2,3,3,0,1,1,2,1,1,1,1,1,0,2,1,2,0,2,1,4,1,1,2,3,1,0,2,2,1,3,1,1,0,2,2,1,1,0,2,4,1,4,2,1,3,1,2,4,1,4,1,2,2,0,4,0,1,0,3,4,1,2,3,0,1,3,0,0,3,0,1,1,1,1,1
224,0,0,2,2,2,2,1,0,1,3,1,3,1,2,0,1,0,2,1,2,4,2,3,3,0,1,1,2,1,1,1,1,1,0,2,1,2,0,2,1,4,1,1,2,3,1,0,2,2,1,3,1,2,0,2,2,1,1,0,2,4,1,4,2,1,3,1,2,4,1,4,1,2,2,0,4,0,1,0,3,4,1,2,3,0,1,3,0,0,3,0,1,1,1,1,1
225,0,0,2,2,2,2,1,0,1,4,1,3,1,2,0,1,0,2,1,2,4,2,3,3,0,1,1,2,1,1,1,1,1,0,2,1,2,0,2,1,4,1,1,2,3,1,0,2,3,1,3,1,2,0,2,3,1,1,0,2,4,1,4,2,1,3,1,2,4,1,4,1,2,2,0,4,0,1,0,3,4,1,2,3,0,1,3,0,0,3,0,1,1,2,1,1
226,0,0,2,2,2,2,1,0,1,4,1,4,1,2,0,1,0,2,1,2,4,2,3,3,0,1,1,2,1,1,1,1,1,0,2,1,2,0,2,1,4,1,1,2,3,1,0,2,3,1,3,1,2,0,2,3,1,1,0,2,4,0,5,2,1,3,1,2,4,1,4,1,2,2,0,4,0,1,0,3,4,1,2,3,0,1,3,0,0,3,0,1,1,2,1,1
227,1,0,2,2,2,2,1,0,1,4,1,4,1,2,0,1,0,2,1,2,5,2,3,3,0,1,1,2,1,1,2,1,1,0,2,1,2,0,2,1,4,1,1,2,3,1,0,3,3,1,3,1,2,0,2,3,1,1,0,2,4,0,5,2,1,3,1,2,4,1,4,1,2,2,0,4,0,1,0,3,4,1,2,3,0,1,3,0,0,3,0,1,1,2,1,2
228,1,0,2,2,2,2,1,0,1,4,1,4,0,2,0,1,0,2,1,2,5,2,3,3,0,1,1,2,1,1,2,1,1,1,2,1,2,0,2,1,4,1,1,2,3,1,0,3,3,1,3,1,2,0,2,3,1,1,0,2,4,0,5,2,1,3,1,2,4,1,4,1,2,2,0,4,0,1,0,3,4,1,2,3,0,1,3,0,0,3,0,1,1,2,1,2
229,1,0,2,2,2,2,1,0,1,4,1,4,0,2,0,1,0,2,1,2,5,2,3,3,0,1,1,2,1,1,2,1,1,1,2,1,2,0,2,1,4,1,1,2,3,1,0,3,3,1,3,1,2,0,2,3,1,1,0,2,4,0,5,2,1,3,1,2,4,1,4,1,2,2,0,4,0,1,0,3,4,1,2,3,0,1,3,0,0,3,0,1,1,2,1,2
230,1,0,2,2,2,2,1,0,1,4,1,4,0,2,0,1,0,2,1,2,6,2,3,3,0,1,1,2,1,1,2,1,1,2,2,1,2,0,2,1,5,1,1,2,3,1,0,3,3,1,3,1,2,0,2,3,1,1,0,2,4,0,5,2,1,3,1,3,4,1,4,1,2,2,0,4,0,1,0,3,4,1,2,3,0,1,3,0,0,3,0,1,1,2,1,2
231,1,0,2,2,2,2,1,0,1,4,1,4,0,2,0,1,1,2,1,2,6,2,3,3,0,1,1,2,1,1,2,1,1,2,2,1,2,0,2,1,5,1,1,2,3,1,0,3,3,1,3,1,2,0,2,3,1,1,0,2,4,0,5,2,1,3,1,3,4,1,4,1,2,2,0,4,0,1,0,3,4,1,2,3,0,1,3,0,0,3,0,1,1,2,1,2
232,1,0,2,2,2,2,1,0,1,4,1,4,0,2,0,1,1,2,1,2,6,2,3,3,0,1,1,2,1,1,2,1,1,2,2,1,2,0,2,1,5,1,1,2,3,1,0,3,3,1,3,1,2,0,2,3,1,1,0,2,4,0,5,2,1,3,1,3,4,1,4,1,2,2,0,4,0,1,0,3,4,1,2,3,0,1,3,0,0,3,0,1,1,2,2,2
233,1,0,2,2,2,2,1,0,2,4,1,4,0,2,0,1,1,2,1,2,6,2,3,3,0,1,1,2,1,1,2,1,1,2,2,1,2,0,2,1,5,1,1,2,3,1,0,3,3,1,3,1,2,0,2,3,1,1,0,2,4,0,5,2,1,3,1,3,4,1,4,1,2,2,0,4,1,1,0,3,4,1,2,3,0,1,3,0,0,3,0,1,1,2,2,2
234,1,0,2,2,2,2,1,0,2,4,1,4,0,2,0,1,1,2,1,2,6,2,3,3,0,1,1,2,1,1,2,1,1,2,2,1,2,0,2,2,5,1,1,2,3,1,0,3,3,1,3,1,2,0,2,3,1,1,0,2,4,0,5,2,1,3,1,3,4,1,4,1,2,2,0,4,1,1,0,3,4,1,2,3,0,1,3,0,0,3,0,1,1,2,2,2
235,1,0,2,2,2,2,1,0,2,4,1,4,0,2,0,1,1,2,1,2,6,2,3,3,0,1,1,3,1,1,2,1,1,2,3,1,2,0,2,2,5,1,1,2,3,1,0,3,3,1,3,1,2,0,2,3,1,1,0,2,4,0,5,2,1,3,1,3,4,1,4,1,2,2,0,4,1,1,0,3,4,1,2,3,1,1,3,0,0,3,0,1,1,2,2,2
236,1,0,3,2,2,2,1,0,2,4,1,4,0,2,0,1,1,2,1,2,5,2,3,3,1,2,1,3,1,1,2,1,1,2,3,1,2,0,2,2,5,1,1,2,3,1,0,3,3,1,3,1,2,0,3,3,1,1,0,2,4,0,5,2,1,3,1,3,4,1,4,1,2,3,0,4,1,1,0,3,4,1,2,3,1,1,3,0,0,3,0,1,1,2,2,2
237,1,0,3,2,2,2,1,0,2,4,1,4,0,2,0,1,1,2,1,2,5,2,3,3,1,2,1,3,1,1,2,1,1,2,3,1,2,0,2,2,5,1,1,2,3,1,0,3,3,1,3,1,2,0,4,3,1,1,0,2,4,0,5,2,1,3,1,3,4,1,4,1,2,3,0,4,1,1,0,3,4,1,2,3,1,1,3,0,0,3,0,0,1,2,2,2
238,1,0,3,2,3,2,1,0,2,4,1,4,0,2,0,1,1,3,1,2,5,2,3,3,1,2,1,3,1,1,2,1,1,2,3,1,2,0,2,2,5,1,1,2,3,1,0,3,3,1,3,1,2,0,4,3,2,1,0,2,4,0,5,2,1,3,1,3,4,1,4,1,2,3,0,4,1,1,0,3,4,1,2,3,1,1,3,0,0,3,0,0,1,2,2,1
239,1,0,3,2,3,2,1,0,2,4,1,5,0,2,0,1,1,3,1,2,5,2,3,3,1,3,1,3,1,1,2,1,1,2,3,1,2,0,2,2,5,1,1,2,3,1,0,3,3,1,3,1,2,0,4,3,2,1,0,2,4,0,5,2,1,3,1,3,4,1,4,1,2,4,0,4,1,1,0,3,4,1,2,3,1,1,3,0,0,3,0,0,1,2,2,1
240,1,0,3,3,3,2,1,0,2,4,1,5,0,2,0,1,1,3,1,2,5,2,3,3,1,3,1,3,1,1,2,1,1,2,3,1,3,0,2,2,5,1,1,2,3,1,0,3,3,1,3,2,2,0,4,3,2,1,0,2,4,0,5,2,1,3,1,3,4,1,4,1,2,4,0,4,1,1,0,3,4,1,2,4,1,1,3,0,0,3,0,0,1,2,2,1
241,1,0,3,3,3,2,1,0,2,4,1,5,0,2,0,1,1,3,1,2,5,2,3,3,1,3,1,3,1,1,2,1,1,2,3,1,3,0,2,2,5,1,1,2,3,1,0,3,3,1,3,2,2,0,4,3,2,1,0,2,4,0,5,2,1,3,1,3,4,1,4,1,2,4,0,4,1,1,0,3,4,1,2,4,1,1,3,0,0,3,0,0,1,2,2,1
242,1,0,3,3,3,2,1,0,2,4,1,5,0,2,0,1,1,3,1,2,5,2,3,3,1,3,1,3,1,1,2,1,1,2,3,1,3,0,2,2,5,1,1,2,3,1,0,3,3,1,3,2,2,0,4,3,2,1,0,1,4,0,5,2,1,3,1,4,4,1,4,1,2,4,0,4,1,1,0,3,4,1,2,4,1,1,4,0,0,3,0,0,1,2,2,1
243,1,0,3,3,3,2,1,0,2,4,1,5,0,2,0,1,1,3,1,2,5,2,3,3,1,3,1,3,1,1,2,1,1,2,3,1,3,0,2,2,5,1,1,2,3,1,0,3,3,1,3,2,2,0,4,3,2,1,0,1,4,0,5,2,1,3,1,4,4,1,4,1,2,4,0,4,1,1,0,3,4,1,2,4,1,1,4,0,0,3,0,0,1,2,2,1
244,1,0,3,3,3,2,1,0,2,4,1,5,0,2,0,1,1,3,1,2,5,2,3,3,1,3,1,3,1,1,2,1,1,2,3,1,3,0,2,2,5,1,1,2,3,1,0,3,3,1,3,2,2,0,4,2,2,1,0,1,4,0,4,2,1,3,1,4,4,1,4,1,2,4,0,3,1,1,0,3,4,1,2,4,1,1,4,0,0,3,0,0,1,1,2,1
245,1,0,3,3,3,2,1,0,2,4,1,4,0,2,0,1,1,3,1,2,5,2,3,3,1,3,1,3,1,1,2,1,1,2,3,1,3,0,2,2,5,1,1,2,3,1,0,3,3,1,3,2,2,0,4,2,3,1,0,1,4,0,4,2,1,3,1,4,4,1,4,1,2,4,0,3,1,1,0,3,4,1,2,4,1,1,4,0,0,3,0,0,1,1,2,1
246,1,0,3,3,3,2,1,0,2,4,1,4,0,2,0,1,1,3,1,2,5,2,3,3,1,3,1,3,1,1,2,1,1,2,3,1,3,0,2,2,5,1,1,2,3,1,0,3,3,1,3,2,2,0,4,3,3,1,0,1,4,0,4,2,1,3,1,4,4,1,4,1,2,4,0,3,1,1,0,3,4,1,2,4,1,1,4,0,0,3,0,0,1,1,2,1
247,1,0,3,3,3,2,1,0,2,4,1,4,0,2,0,1,1,3,1,2,5,2,3,3,1,3,1,3,1,1,2,1,1,2,3,1,3,0,2,2,5,1,1,2,3,1,0,3,3,1,3,2,2,0,4,3,3,1,0,1,4,0,4,2,1,3,1,4,4,1,4,1,2,4,0,3,1,1,0,3,4,1,2,4,1,1,4,0,0,3,0,0,1,1,2,1
248,1,0,3,3,3,2,1,0,2,4,1,4,0,2,0,1,1,3,1,2,5,2,3,3,1,3,1,3,1,1,2,1,1,2,3,1,3,0,2,2,5,1,1,2,3,1,0,3,3,1,3,2,2,0,5,3,3,1,0,1,4,0,4,2,1,3,1,4,4,2,4,1,2,4,0,3,1,1,0,3,4,1,2,4,1,1,4,0,0,3,0,0,1,1,2,1
249,1,0,3,3,3,2,1,0,2,4,1,4,0,2,0,1,2,3,1,2,5,2,3,3,1,3,1,3,1,1,2,1,1,2,3,1,3,0,2,2,5,1,1,2,3,1,0,3,3,1,3,2,2,0,5,3,3,1,0,1,4,0,4,2,1,3,1,4,4,2,4,1,2,4,0,3,1,1,0,3,4,1,3,4,1,1,4,1,0,3,0,0,1,1,2,1
250,1,0,3,3,3,2,1,0,2,4,1,4,0,3,0,1,2,3,1,2,5,2,3,3,1,3,1,3,1,1,2,1,1,2,3,1,3,0,2,2,5,1,1,2,3,1,0,3,4,1,3,2,2,0,5,3,3,1,0,1,4,0,4,2,1,3,1,4,4,2,4,1,2,4,0,3,1,1,0,3,4,1,3,4,1,1,4,1,0,3,0,0,1,1,2,1
251,1,0,3,3,3,2,1,0,2,4,1,4,0,3,0,0,2,3,1,2,5,2,3,3,1,3,1,3,1,1,2,1,1,2,3,1,3,0,2,3,5,1,1,2,3,1,0,3,4,1,3,2,2,0,5,3,3,1,0,1,4,0,4,2,1,4,1,4,4,2,4,1,2,3,0,3,1,1,0,3,4,1,3,4,1,1,4,1,0,3,0,0,1,1,3,1
252,1,0,4,3,3,2,1,0,2,4,1,4,0,3,0,0,2,3,1,2,5,2,3,3,1,3,1,3,1,1,2,1,1,2,3,1,3,0,2,3,5,1,1,2,3,1,0,3,4,1,3,2,2,0,5,3,3,1,0,1,4,0,4,2,1,4,1,3,4,2,4,1,2,3,0,3,1,1,0,4,4,1,3,4,1,1,4,1,0,3,0,0,1,1,3,1
253,1,0,4,3,3,2,1,0,2,4,1,4,0,3,0,0,2,3,1,2,5,2,3,3,1,3,1,3,1,1,2,1,1,2,3,1,3,0,2,3,5,1,1,2,3,1,0,3,5,1,3,2,2,0,5,3,3,1,0,1,4,0,4,2,1,4,1,3,4,2,4,1,2,3,0,3,1,1,0,4,4,1,3,4,1,1,4,1,0,4,0,0,1,1,3,1
254,1,0,4,3,3,2,1,0,2,4,1,4,0,3,0,0,2,3,1,2,5,2,3,3,1,3,1,3,1,1,2,1,1,2,3,1,3,0,2,4,5,1,1,2,3,1,0,3,5,2,3,2,2,0,5,3,3,1,0,1,4,0,4,2,1,4,1,4,4,2,4,1,2,3,0,3,1,1,0,4,4,1,3,4,1,1,4,1,0,4,0,0,1,1,3,1
255,1,0,4,3,3,2,1,0,2,4,1,4,0,3,0,0,2,3,1,2,5,2,3,3,1,3,1,3,1,1,2,1,1,2,3,1,3,0,2,4,5,1,1,2,3,1,0,3,5,2,3,2,2,0,5,3,3,1,0,1,4,0,4,2,1,4,1,4,4,2,4,1,2,3,0,3,1,1,0,4,4,1,3,5,1,1,4,1,0,4,0,0,1,1,3,1
256,1,0,4,3,3,2,1,0,2,4,1,4,0,3,0,0,2,3,1,2,5,2,3,3,1,3,1,4,1,1,2,1,1,2,3,1,3,0,2,5,5,1,1,2,3,1,0,3,5,2,3,2,2,0,5,3,4,1,0,1,4,0,4,2,1,4,1,4,4,2,4,1,2,3,0,3,1,1,0,4,4,1,3,5,1,1,4,1,0,4,0,0,1,1,3,1
257,1,0,4,3,3,2,1,0,2,4,1,4,0,3,0,0,2,3,1,2,5,2,3,3,1,3,1,4,1,1,2,1,1,2,3,2,3,0,2,5,5,1,1,2,3,1,0,3,5,2,3,2,2,0,5,3,4,1,0,1,4,0,4,2,1,4,1,4,4,2,4,1,2,3,0,3,1,1,0,4,4,1,3,5,1,1,4,1,0,4,0,0,1,1,3,1
258,1,0,4,3,3,2,1,0,2,4,1,4,0,3,0,0,2,3,1,2,4,2,3,3,1,3,1,4,1,1,2,1,1,2,3,2,3,0,2,5,5,1,1,2,3,1,0,3,5,2,3,2,2,0,5,3,4,1,0,1,4,0,4,2,1,4,1,4,4,2,4,1,2,3,0,3,1,1,0,4,4,1,3,5,1,1,4,1,0,4,0,0,1,1,3,1
259,1,0,4,3,3,2,1,0,2,4,1,4,0,3,0,1,2,3,1,2,4,2,3,3,1,3,1,4,1,1,2,1,1,2,3,2,3,0,3,5,5,1,1,2,3,1,0,3,5,2,3,2,2,0,6,3,4,1,0,1,4,0,4,3,1,4,1,4,4,2,4,1,2,3,0,3,1,1,0,4,4,2,3,5,1,1,4,1,0,4,0,0,1,1,3,1
260,1,0,4,3,3,2,1,0,2,4,2,4,0,3,0,1,2,3,1,2,4,2,3,3,1,3,1,4,0,1,2,1,1,2,3,2,3,0,3,6,5,1,1,2,3,1,0,3,5,2,3,2,2,0,6,3,4,1,0,1,4,0,4,4,1,4,1,4,4,2,4,1,2,3,0,3,1,1,0,4,4,2,3,5,1,1,4,1,0,4,0,0,1,1,3,1
261,1,0,4,3,3,2,1,0,2,4,2,4,0,3,0,1,2,3,1,2,4,2,3,3,1,3,1,4,0,1,2,1,1,2,3,2,3,0,3,6,5,1,1,2,3,1,0,3,5,2,4,2,2,0,6,3,4,1,0,1,4,0,5,4,1,4,1,4,4,2,4,1,2,3,0,3,1,1,0,4,4,2,3,5,1,1,4,1,0,4,0,0,1,1,3,1
262,1,0,4,3,3,2,1,0,2,4,2,5,0,3,0,1,2,3,1,2,4,2,3,3,1,3,1,4,0,1,2,1,1,2,3,2,3,0,3,6,5,1,1,2,3,1,0,3,5,2,4,2,2,0,6,3,4,1,0,1,4,0,5,4,1,4,1,4,4,2,4,1,2,3,0,3,1,1,0,4,4,2,3,5,1,1,4,1,0,4,0,0,1,1,3,1
263,1,0,5,3,3,2,1,0,2,4,2,5,0,3,0,1,2,3,1,2,4,2,3,3,1,3,1,4,0,1,2,1,1,2,3,2,3,0,3,6,5,1,1,2,3,1,0,3,5,3,4,2,2,0,6,3,4,1,0,1,4,0,5,4,1,4,1,4,4,2,4,1,2,3,0,3,1,1,0,4,4,2,3,5,1,1,4,1,0,3,0,0,1,1,4,1
264,1,0,5,3,3,2,1,0,2,4,2,5,0,3,0,1,3,3,1,2,4,2,4,3,1,3,1,4,0,1,2,1,1,2,3,2,3,0,3,7,5,1,1,2,3,1,0,3,5,3,4,2,2,0,6,3,4,1,0,1,4,0,5,4,1,4,1,4,4,2,4,1,2,3,0,3,1,1,0,4,4,2,3,5,1,1,4,1,0,3,0,0,1,1,4,1
265,1,0,5,3,4,2,1,0,2,4,2,6,0,3,0,1,3,3,1,2,4,2,4,3,1,3,1,4,0,1,2,1,1,2,3,2,3,0,3,7,5,1,1,2,3,1,0,3,5,3,4,2,2,0,6,3,4,1,0,1,4,0,5,4,1,4,1,4,4,2,4,1,2,3,0,3,1,1,0,4,4,2,3,5,1,1,4,1,0,3,0,0,1,1,4,1
266,1,0,5,3,4,2,1,0,2,4,3,6,0,3,0,1,3,3,1,2,4,2,4,3,1,3,1,4,0,1,2,1,1,2,4,2,3,0,3,7,5,1,1,2,3,1,0,3,5,3,4,2,2,0,6,3,4,1,0,1,4,0,5,4,1,4,1,4,5,2,4,1,2,3,0,3,1,1,0,4,4,2,3,5,1,1,4,1,0,3,0,0,1,1,4,1
267,1,0,5,3,4,2,1,0,2,4,4,6,0,3,0,1,3,3,1,2,4,2,4,3,1,4,1,4,1,1,2,1,1,2,4,2,3,0,3,7,5,2,1,2,3,1,0,3,5,3,4,2,2,0,6,3,4,1,0,1,4,0,5,4,1,4,1,4,7,2,4,1,2,3,0,3,1,1,0,4,4,2,3,5,1,1,4,1,0,3,0,0,1,1,4,1
268,1,0,5,3,4,2,1,0,2,4,4,6,0,3,0,1,3,3,1,2,4,2,4,2,1,4,1,4,1,1,2,1,1,2,4,2,3,0,3,6,5,2,1,2,3,1,0,3,5,3,4,2,2,0,6,3,4,1,0,1,4,0,5,5,1,4,1,4,7,2,5,1,2,3,0,3,1,1,0,4,4,2,3,5,1,1,4,1,0,3,0,0,1,1,4,2
269,1,0,5,3,4,2,1,0,2,4,4,6,0,3,0,1,3,3,1,2,4,2,4,2,2,4,1,4,1,1,2,1,1,2,4,2,3,0,3,6,5,2,1,2,3,1,0,3,6,3,4,2,2,0,6,3,4,1,0,1,4,0,5,5,1,4,1,4,7,2,5,1,2,3,0,3,1,1,0,4,4,2,3,5,1,1,4,1,0,3,0,0,1,1,4,2
270,1,0,5,3,4,2,1,0,2,4,4,6,0,3,0,1,3,3,1,2,4,2,4,2,2,4,1,4,1,1,2,1,1,2,4,2,3,0,3,6,5,2,1,2,3,1,0,3,6,3,4,4,2,0,6,3,4,1,0,2,4,0,5,5,1,4,1,4,8,2,5,1,2,3,0,3,1,1,0,4,4,2,3,5,1,1,4,1,0,3,0,1,1,1,4,2
271,1,0,5,3,4,2,1,0,2,4,4,6,0,3,0,1,3,3,1,3,4,2,4,2,2,4,1,4,1,1,2,1,1,2,4,2,3,0,3,6,5,2,1,2,3,1,0,3,6,3,4,4,2,0,6,3,4,1,0,2,4,0,5,5,1,4,1,4,8,2,5,1,2,4,0,3,1,2,0,4,4,2,3,5,1,1,4,1,0,3,0,1,1,1,4,2
272,1,0,5,3,4,2,1,0,2,4,4,6,0,3,0,1,3,3,1,3,4,2,4,2,2,4,1,4,1,1,2,1,1,2,4,2,3,0,3,6,5,2,1,2,3,1,0,3,6,3,4,4,2,0,6,3,4,1,0,2,4,0,5,5,1,4,1,4,8,2,5,1,2,4,0,3,1,2,0,4,4,2,3,5,1,1,4,1,0,3,0,1,1,1,4,2
273,1,0,5,3,4,2,1,0,2,4,4,6,0,3,0,1,3,3,1,3,4,2,4,2,2,4,1,4,1,1,2,1,1,2,4,2,3,0,3,6,5,2,1,2,3,1,0,3,6,3,4,4,2,0,6,3,4,1,0,2,4,0,5,5,1,4,1,4,8,2,5,2,2,4,0,3,1,2,0,4,4,2,3,5,1,1,4,1,0,3,0,1,1,1,4,2
274,1,0,5,3,4,2,1,0,2,4,4,6,0,3,0,1,3,3,1,3,4,2,4,2,2,4,1,3,1,1,2,1,1,2,4,2,3,0,3,6,5,2,1,2,3,1,0,3,6,3,4,4,2,0,6,3,4,1,0,2,4,0,5,5,1,4,1,4,8,2,5,2,3,4,0,3,1,2,0,4,4,2,3,5,1,1,4,1,0,3,0,1,1,1,4,2
275,1,0,5,3,4,2,1,0,2,4,4,6,0,3,0,1,3,3,1,3,4,3,4,2,2,4,1,3,1,1,2,1,1,2,4,2,3,0,3,6,6,2,1,2,3,1,0,3,6,3,4,4,2,0,6,3,4,1,0,2,4,0,5,5,1,4,1,4,8,2,5,2,3,4,0,3,1,2,0,4,4,2,3,5,1,1,4,1,0,3,0,1,1,1,4,2
276,1,0,5,3,4,2,1,0,2,4,4,6,0,3,0,1,3,3,1,3,4,3,4,2,3,4,1,3,1,1,2,1,1,2,4,2,3,0,3,6,6,2,1,2,3,1,0,3,6,3,4,4,2,0,6,2,4,1,0,2,4,0,5,5,1,4,1,4,8,2,5,2,3,4,0,3,1,2,0,5,4,2,2,5,1,1,4,1,0,3,0,1,1,1,4,2
277,1,0,5,3,4,2,1,0,2,4,4,6,0,3,0,1,3,3,1,3,4,4,4,2,3,4,1,3,1,1,2,1,1,2,4,2,3,0,3,6,7,2,1,2,3,1,0,3,6,3,4,4,2,0,6,2,4,1,0,2,4,0,5,5,1,4,1,4,8,2,5,2,3,4,0,3,1,2,0,5,5,2,2,5,1,1,4,1,0,3,0,1,1,1,4,2
278,1,0,5,3,4,2,1,1,2,4,4,6,0,3,0,1,3,3,1,3,4,4,4,2,3,4,1,3,1,1,2,1,1,2,4,3,3,0,3,6,8,2,2,2,3,1,0,3,6,3,4,4,2,0,6,2,4,2,0,2,4,0,5,5,1,4,1,4,8,2,5,2,3,3,0,3,1,3,0,5,5,3,2,5,1,1,4,2,0,3,0,1,1,1,4,2
279,1,0,5,3,4,2,2,1,2,4,4,6,0,3,0,1,3,3,1,3,4,4,4,2,3,4,1,3,1,1,2,1,1,2,4,3,3,0,3,7,8,2,2,2,3,1,0,3,6,3,4,4,2,0,6,2,4,2,0,2,4,0,5,5,1,4,1,4,8,2,5,2,3,3,0,3,1,3,0,5,5,3,2,5,1,1,4,2,0,3,0,1,1,1,4,2
280,1,0,5,3,4,3,2,1,2,4,4,6,0,3,0,1,3,3,1,3,4,4,4,2,3,5,1,3,1,1,2,1,1,2,4,3,3,1,3,7,8,2,2,2,3,1,0,3,6,3,5,4,2,0,6,2,4,2,0,2,4,0,5,5,1,4,1,4,7,2,5,2,3,3,0,3,1,3,0,5,5,3,2,5,1,1,4,2,0,3,0,1,1,1,4,2
281,1,0,5,3,4,3,2,1,2,4,4,6,0,3,0,1,3,3,1,3,4,4,4,2,3,5,1,3,1,1,2,1,1,2,4,3,3,1,3,7,8,2,3,2,3,1,0,3,6,3,5,4,2,0,6,2,4,2,0,2,4,0,5,5,1,4,1,4,7,2,5,2,4,3,0,3,1,3,0,5,5,3,2,5,1,1,4,2,1,3,0,1,1,1,4,2
282,1,0,6,3,4,3,2,1,2,4,4,6,0,3,0,1,3,3,1,3,4,4,4,2,3,5,1,3,1,2,2,1,1,2,4,3,3,1,3,7,8,2,3,2,3,1,0,4,6,3,5,4,2,0,6,2,4,2,0,2,4,0,6,5,1,4,1,4,7,2,5,2,4,3,0,3,1,3,0,5,5,3,2,5,1,1,4,2,1,3,0,1,2,1,4,2
283,1,0,6,3,4,3,2,1,2,4,4,6,0,3,0,1,3,3,1,3,4,4,4,2,3,5,1,3,1,2,2,1,1,2,3,3,3,1,3,7,8,2,3,2,3,1,0,4,6,3,5,4,2,0,6,2,4,2,0,2,4,0,6,5,1,4,1,4,7,3,5,2,4,3,0,3,1,3,0,5,5,3,2,5,1,1,4,2,1,3,0,1,3,1,4,2
284,1,0,6,3,4,3,2,1,2,4,4,6,0,3,0,1,3,3,1,3,4,4,4,2,3,5,1,3,1,2,2,1,1,2,3,3,3,1,3,7,8,2,3,2,3,1,0,4,6,3,5,4,2,0,6,2,4,2,0,2,4,0,7,5,1,4,1,4,7,3,5,2,4,3,0,3,1,3,0,6,5,3,2,5,1,1,4,2,1,3,0,1,3,1,4,2
285,1,0,6,4,4,3,2,1,2,4,4,6,0,3,0,1,3,3,1,3,4,4,4,2,3,5,1,3,1,2,2,1,1,2,3,3,3,1,4,7,8,2,3,2,3,1,0,4,6,3,5,4,2,0,6,2,4,2,0,2,4,0,7,5,1,4,1,4,7,3,5,2,4,3,0,3,1,3,0,6,5,3,2,5,1,1,4,2,1,3,0,1,4,1,4,2
286,1,0,6,4,4,3,2,1,2,4,4,6,0,3,0,1,3,3,1,3,4,4,4,2,3,5,1,3,1,2,2,1,1,2,3,4,3,1,4,7,8,2,3,2,3,1,0,4,6,3,5,4,2,0,6,2,4,2,0,2,4,0,7,5,1,4,1,4,7,3,4,2,4,3,0,3,1,3,0,6,5,3,2,5,1,1,4,2,1,3,0,1,4,1,4,2
287,1,0,6,4,3,3,2,1,2,4,4,6,0,3,0,1,3,3,1,3,4,4,4,2,3,5,1,3,1,2,2,1,1,2,3,4,3,1,4,7,8,2,3,2,3,1,0,4,6,3,5,4,2,0,6,2,4,2,0,2,4,0,7,5,1,4,1,4,7,3,4,2,4,3,0,3,1,3,0,6,6,3,2,5,1,1,4,2,1,3,0,1,4,1,4,2
288,1,0,6,4,3,3,2,1,2,4,4,6,0,3,0,1,3,3,1,3,4,5,4,2,3,5,1,3,1,2,2,1,1,2,3,4,3,1,4,7,8,2,3,2,3,1,0,4,6,4,5,4,2,0,6,2,4,2,0,2,4,0,7,6,1,4,1,4,7,3,4,2,4,3,0,3,1,3,0,6,6,3,2,5,1,1,4,2,1,3,0,1,4,1,4,2
289,1,0,6,4,3,3,2,1,2,4,4,7,0,3,0,1,3,3,1,4,4,5,4,2,3,5,1,3,1,2,2,1,1,2,3,5,3,1,4,7,8,2,3,2,3,1,0,4,6,4,5,4,2,0,6,2,4,2,0,2,4,0,7,6,1,5,1,4,7,3,4,2,4,3,0,3,1,4,0,6,6,3,2,5,1,1,4,2,1,3,0,1,4,1,4,2
290,1,0,6,4,3,3,3,1,2,4,4,7,0,3,0,1,3,3,1,4,5,5,4,2,3,5,1,3,1,2,2,1,1,2,3,5,3,1,4,7,8,2,3,2,3,1,0,4,6,4,5,4,2,0,6,2,4,2,0,2,4,0,7,6,1,5,1,4,7,3,4,2,4,3,0,3,1,4,0,6,6,3,2,5,1,1,4,2,1,3,0,1,4,1,4,2
291,1,0,7,4,3,3,3,1,2,3,4,8,0,3,0,1,3,3,1,4,5,6,4,2,4,5,1,3,1,2,2,1,1,2,3,5,3,1,5,7,8,2,3,2,3,1,0,4,6,4,5,4,2,0,7,2,4,2,0,2,4,0,7,6,1,5,1,4,7,3,4,2,4,3,0,3,1,4,0,6,6,3,2,5,1,1,4,2,1,3,0,1,4,1,4,2
292,1,1,7,4,3,3,3,1,2,3,4,8,0,3,0,1,3,3,1,4,5,6,4,2,4,5,1,3,1,2,2,1,1,2,2,5,3,1,5,7,8,2,3,2,3,2,0,4,6,4,5,4,2,0,7,2,4,2,0,2,4,0,7,6,1,5,1,4,7,3,4,2,4,3,0,3,1,5,0,6,6,3,2,5,1,1,4,2,1,3,0,1,4,1,4,2
293,1,1,7,4,3,3,3,1,2,3,4,8,0,3,0,1,3,3,1,5,5,6,4,2,4,5,1,3,1,2,2,1,1,2,2,5,3,1,5,7,8,2,3,2,3,2,0,4,6,4,5,4,2,0,8,2,4,2,0,2,4,0,7,6,1,5,1,4,7,3,4,2,4,3,0,3,1,5,0,6,6,3,2,5,1,1,4,2,1,3,0,1,4,1,4,2
294,1,1,7,4,3,3,3,1,2,3,4,8,0,3,0,1,3,3,1,5,5,6,4,2,4,5,1,3,1,2,2,1,1,2,2,5,3,1,5,7,8,2,3,2,3,2,0,4,6,4,5,4,2,0,8,2,4,2,1,2,4,0,8,6,1,5,1,4,7,3,4,2,4,3,0,3,1,5,0,6,6,3,2,6,1,1,4,2,1,3,0,1,4,1,4,2
295,1,1,7,4,3,3,3,1,2,3,4,8,0,3,0,1,3,4,1,5,5,6,4,3,4,4,1,3,1,2,2,1,1,2,2,5,3,1,5,7,8,2,3,2,4,3,0,4,6,4,5,4,2,0,8,2,4,2,1,2,5,0,8,6,1,5,1,4,7,3,4,4,4,3,0,3,1,5,0,6,6,3,2,6,1,1,4,2,1,3,0,1,4,1,4,2
296,1,1,7,4,4,3,3,1,2,3,4,8,0,3,0,1,3,4,1,5,5,6,3,3,4,4,1,3,1,2,2,1,1,2,3,5,3,1,5,7,8,2,3,2,4,3,0,4,6,4,5,4,2,0,8,2,4,2,1,2,5,0,8,6,1,5,1,4,7,3,4,4,4,3,0,3,1,5,0,6,6,3,2,6,1,1,4,2,1,3,0,1,4,1,4,2
297,1,1,7,4,4,3,3,1,2,3,4,8,0,3,0,1,3,4,1,6,5,6,3,3,4,4,1,3,1,2,2,1,1,2,3,5,3,1,5,7,8,2,3,2,4,3,0,4,6,4,5,4,2,0,8,2,4,2,1,2,5,0,8,6,1,5,1,4,8,3,4,4,4,3,0,3,1,5,0,6,6,3,2,6,1,1,4,2,1,3,0,1,4,1,4,2
298,1,1,7,4,4,3,3,1,2,3,4,8,0,4,0,1,3,4,1,6,5,6,3,3,4,5,1,3,1,2,2,1,1,2,3,5,3,1,5,7,8,2,3,2,4,3,0,4,6,4,5,4,3,0,9,2,4,2,1,2,5,0,8,6,1,5,1,4,8,3,4,4,4,4,0,3,1,5,0,6,6,3,2,6,1,1,3,2,1,3,0,1,4,1,4,2
299,1,1,7,4,4,3,3,1,2,3,4,8,0,4,0,1,3,4,1,6,5,6,3,3,4,5,1,3,1,3,2,1,1,2,3,5,3,1,5,7,8,2,4,2,4,3,0,4,6,4,5,5,3,0,9,2,4,2,1,2,5,0,8,6,1,5,1,4,9,4,4,4,4,4,0,3,1,5,0,6,6,3,2,6,1,1,3,2,1,3,0,1,4,1,4,2
300,1,1,7,4,4,4,3,2,2,3,4,8,0,4,0,1,3,4,1,6,5,6,3,3,4,5,1,3,1,3,2,1,1,3,3,5,3,1,5,7,8,2,4,2,4,3,0,4,6,4,5,5,3,0,9,2,4,2,1,2,5,0,8,6,1,5,1,4,9,4,4,3,4,4,0,3,1,5,0,6,6,3,2,6,1,1,4,2,1,3,0,1,4,1,5,2
301,1,1,7,4,4,4,3,2,2,3,4,8,0,4,0,1,3,4,1,6,5,6,3,3,4,5,2,3,1,3,2,1,1,3,3,5,3,1,5,7,8,2,4,2,4,4,0,4,6,4,5,5,3,0,9,2,4,2,1,2,5,0,8,6,1,5,1,4,9,4,4,3,4,4,0,3,1,5,0,6,6,3,2,6,1,1,4,2,1,3,0,1,4,1,5,2
302,1,1,7,4,4,4,3,2,2,4,4,9,0,4,0,1,3,4,1,6,5,6,3,3,4,5,2,3,1,3,2,1,1,3,3,5,3,1,5,7,8,2,4,2,4,4,0,4,6,4,5,5,3,0,9,2,4,2,1,2,5,0,8,7,1,5,2,4,10,4,4,3,4,4,0,3,1,6,0,6,6,4,2,6,1,1,4,2,1,3,0,1,4,1,5,2
303,1,1,7,4,4,4,3,2,2,4,4,9,0,4,0,1,3,4,1,6,5,6,3,3,5,5,2,3,1,3,2,1,1,3,3,5,3,1,5,7,8,2,4,2,4,4,0,4,6,4,5,5,3,0,9,2,4,2,1,2,5,0,8,7,1,5,2,4,10,4,4,3,4,4,0,3,1,6,0,6,6,5,2,6,1,1,4,2,1,3,0,1,4,1,5,2
304,1,1,7,4,4,4,3,2,2,4,4,9,0,4,0,1,3,4,1,6,5,6,3,3,5,5,2,3,1,3,2,1,1,3,3,5,3,1,5,7,8,2,4,2,4,4,0,5,6,4,5,5,3,0,9,2,4,2,1,2,5,0,8,7,1,5,2,4,10,4,4,3,4,4,0,3,1,6,0,7,6,5,2,6,1,1,4,2,1,3,0,1,4,1,5,2
305,1,1,7,4,4,4,3,2,2,4,4,9,0,4,0,1,4,4,1,6,5,6,3,3,5,5,2,3,1,3,2,1,1,3,3,5,3,1,5,7,8,2,4,2,4,4,0,5,6,5,5,5,3,0,9,2,4,2,1,2,5,0,8,7,1,5,2,4,10,4,4,3,4,4,0,3,1,6,0,7,6,5,2,6,1,1,4,2,1,3,0,1,4,1,5,2
306,1,1,7,4,4,4,3,3,2,4,4,9,0,4,0,2,4,4,1,6,5,6,3,3,5,5,2,3,1,3,2,1,1,3,3,5,3,1,5,7,8,2,4,2,4,4,0,5,6,5,5,5,3,0,9,2,4,2,1,2,5,0,8,7,1,5,2,5,10,4,4,3,4,4,0,3,1,6,0,7,6,5,2,7,1,1,4,3,1,3,0,1,4,1,5,2
307,1,1,7,4,4,4,3,3,2,4,4,9,0,4,0,2,5,4,1,6,5,6,3,3,6,5,2,3,1,3,2,1,1,3,3,5,3,1,5,7,7,2,4,2,4,4,0,5,6,5,5,5,3,0,9,2,4,2,1,3,5,0,8,7,1,5,2,5,10,4,4,3,4,4,0,3,1,6,0,7,6,5,2,7,1,1,4,3,1,3,0,1,5,1,5,2
308,1,1,7,4,4,4,3,3,2,5,4,8,0,4,1,2,5,4,1,6,5,6,3,3,6,5,2,3,1,3,2,1,1,3,3,5,3,1,5,7,7,2,4,2,4,4,0,5,6,5,5,5,3,0,9,2,4,2,1,3,5,0,8,7,1,5,2,6,10,4,4,3,4,4,0,3,1,6,0,7,6,5,2,7,1,1,4,3,1,3,0,1,5,1,5,2
309,1,1,7,4,4,4,3,3,2,5,4,8,0,3,1,2,5,5,1,6,5,6,3,3,6,5,2,3,1,3,2,1,1,3,3,5,3,1,5,7,7,2,4,2,4,4,0,5,7,5,5,5,3,0,9,2,4,2,1,3,5,0,8,7,1,5,2,6,11,4,4,3,4,4,0,3,1,6,0,7,5,5,2,7,1,1,4,3,1,3,0,1,5,1,5,2
310,1,1,7,5,4,4,3,3,2,5,4,8,0,3,1,2,5,5,1,6,5,7,3,3,6,5,2,3,1,3,2,1,1,3,3,5,3,1,5,7,7,2,4,3,4,4,0,5,7,5,5,5,3,0,9,3,4,2,1,3,5,0,8,7,1,5,2,6,11,4,4,3,4,3,0,3,1,6,0,7,5,5,2,7,1,1,4,3,1,3,0,1,5,1,5,2
311,1,1,7,5,4,4,3,3,2,5,4,8,0,3,1,2,5,5,1,6,5,7,4,3,6,5,2,3,1,3,2,1,1,3,3,5,3,1,5,7,7,2,4,3,4,4,0,5,7,5,5,5,3,0,9,3,4,2,1,4,6,0,8,7,1,5,2,6,11,4,4,3,4,4,0,4,1,6,1,7,5,6,2,7,1,1,4,3,2,3,0,1,5,1,5,2
312,1,1,7,5,4,4,3,3,3,5,4,8,0,3,1,2,6,5,1,6,5,7,4,3,6,5,2,3,1,4,2,1,1,3,3,5,3,1,5,7,7,2,4,3,4,4,0,5,7,5,5,5,3,0,9,3,4,2,1,4,6,0,8,7,1,5,2,6,11,4,4,3,4,4,0,4,1,6,1,7,5,6,2,7,1,1,4,3,2,3,0,1,5,1,5,2
313,1,2,7,5,5,4,3,3,3,5,4,8,0,3,1,2,6,5,1,6,5,7,4,3,6,5,2,3,1,4,2,1,1,3,3,5,3,1,5,7,7,2,4,3,4,4,0,5,7,5,5,5,3,0,9,3,4,2,1,4,6,0,8,7,1,5,2,6,11,4,4,3,4,4,0,4,1,6,1,8,5,6,2,7,1,1,4,3,2,3,0,1,5,1,5,2
314,1,2,7,5,5,4,3,3,3,5,4,8,0,3,1,2,6,5,1,6,5,8,4,3,6,5,2,3,1,4,2,1,1,3,3,6,3,1,5,7,7,2,4,3,4,4,0,5,7,5,5,5,3,0,9,3,4,2,1,4,6,0,8,8,1,5,2,6,12,4,4,3,4,4,0,4,1,6,1,8,5,6,2,7,1,1,4,3,3,3,0,1,5,1,5,2
315,1,2,7,5,5,4,3,3,3,5,4,8,0,3,1,2,6,5,1,6,5,8,4,3,6,5,2,3,1,4,2,1,1,3,3,6,3,1,5,7,7,2,4,3,4,4,0,5,7,5,5,5,3,0,9,3,4,2,1,4,6,0,8,8,1,5,2,6,12,4,4,3,4,4,0,4,1,6,1,8,5,6,2,7,1,1,4,3,3,3,0,1,5,1,5,2
316,1,2,7,5,5,4,3,3,3,6,4,8,0,3,1,2,6,5,1,6,5,8,4,3,6,5,3,3,1,4,2,1,1,3,3,6,3,1,6,7,7,2,4,3,4,4,0,5,7,5,5,5,3,0,9,3,4,2,1,4,6,0,8,8,1,5,2,5,12,4,4,3,4,4,0,4,1,6,1,8,5,6,2,7,1,1,4,3,3,3,0,1,5,1,5,2
317,1,2,8,5,5,4,3,3,3,7,4,7,0,3,1,2,6,5,1,6,5,8,4,3,6,5,3,3,0,4,2,1,1,4,3,6,3,1,7,7,7,2,4,2,4,4,0,5,7,5,5,5,3,0,9,4,4,2,1,4,6,0,8,8,1,5,2,6,12,4,4,3,4,4,0,4,1,6,1,8,5,6,2,7,1,1,4,3,3,3,0,1,5,1,5,2
318,1,2,8,5,5,4,3,3,3,7,4,7,0,3,1,2,6,5,1,6,5,8,4,3,6,5,3,3,0,4,2,1,1,4,3,6,3,1,7,7,7,2,4,2,4,4,0,5,7,5,5,5,3,0,9,4,4,2,1,4,6,0,9,8,1,5,2,6,12,4,5,3,4,4,0,4,1,6,2,8,5,6,2,7,1,1,4,3,3,3,0,1,5,1,5,2
319,1,2,8,5,5,4,3,3,3,6,4,7,0,3,1,2,6,5,1,6,5,8,4,3,6,5,3,3,0,4,2,1,1,4,3,6,3,1,7,7,7,2,4,2,4,4,0,5,7,5,5,5,3,0,9,4,4,2,1,4,6,0,10,9,1,5,2,6,12,4,5,3,4,4,0,4,1,6,2,8,5,6,2,9,1,1,4,3,3,3,0,1,5,1,5,2
320,1,2,8,5,5,4,3,3,3,6,4,7,0,3,1,2,6,6,1,6,5,8,4,3,6,5,3,3,0,4,2,1,1,4,3,6,3,1,8,7,7,2,4,2,4,4,0,5,7,5,5,5,3,0,9,4,4,2,1,4,6,1,10,9,1,5,2,6,12,4,5,3,4,4,0,4,1,6,2,8,5,6,2,9,1,1,4,3,3,3,0,1,5,1,5,2
321,1,3,8,5,5,4,3,3,3,6,5,7,0,3,1,2,6,6,2,6,5,8,5,3,6,5,3,3,0,4,2,1,1,4,3,6,3,1,8,7,7,2,4,3,4,4,0,6,7,5,5,5,3,0,10,4,4,2,1,4,6,1,10,9,1,5,2,5,13,4,5,4,4,4,0,4,1,6,2,8,5,6,2,9,1,1,4,3,3,3,0,1,4,1,5,2
322,1,3,7,5,5,4,3,3,3,6,5,7,0,3,1,2,6,6,2,7,5,8,5,3,6,5,3,3,0,4,2,1,1,4,3,6,3,1,8,7,7,2,4,3,4,4,0,6,8,5,5,5,3,0,10,4,4,2,1,5,6,1,10,9,1,5,2,5,13,4,5,4,4,4,0,4,1,6,2,8,5,6,2,9,1,1,4,3,3,3,0,1,4,1,5,2
323,1,3,7,5,5,4,3,3,3,6,5,7,0,3,2,2,6,6,2,7,5,8,5,2,6,5,3,3,0,4,2,1,1,4,3,6,3,1,8,7,7,2,4,3,4,4,0,6,8,5,5,5,3,0,10,4,4,2,1,5,6,1,9,9,1,5,2,5,13,4,5,4,4,3,0,4,1,6,2,8,5,6,2,9,1,1,4,3,3,3,0,1,4,1,5,2
324,1,3,7,5,5,3,3,3,3,7,5,7,0,3,2,2,6,6,2,7,5,8,5,2,6,5,3,3,0,4,2,1,1,4,3,6,3,1,8,7,7,2,5,3,4,4,0,6,8,5,5,5,3,0,10,5,4,2,1,5,6,1,9,9,1,5,2,6,14,4,5,5,4,3,0,4,1,6,2,8,5,6,2,9,1,1,4,3,3,3,0,1,4,1,5,2
325,1,3,7,5,5,3,3,3,3,7,5,7,0,3,2,2,6,7,2,7,5,8,5,2,7,5,3,3,0,4,2,1,1,4,3,6,3,1,8,8,7,2,5,3,4,4,0,6,8,5,5,5,3,0,10,5,4,2,1,5,6,1,9,9,1,6,2,6,14,4,5,4,4,3,0,4,1,6,2,8,5,6,2,9,1,1,4,4,3,3,0,1,4,1,5,2
326,1,3,7,5,6,3,3,3,3,7,5,8,0,3,2,2,6,7,2,7,5,8,5,2,7,5,3,3,0,4,2,1,1,4,3,6,3,1,8,8,7,2,5,3,4,4,0,6,8,5,5,5,3,0,10,5,4,2,1,5,6,1,9,9,2,6,1,6,14,4,5,4,4,3,0,5,1,6,2,9,5,6,2,9,1,1,4,4,3,3,0,1,4,1,5,2
327,1,3,7,5,6,4,3,3,3,7,5,8,0,3,2,2,6,7,2,7,5,8,5,2,7,5,3,3,0,4,2,1,1,4,3,6,3,1,8,8,7,2,5,3,4,4,0,6,8,5,5,5,4,0,10,5,4,2,1,5,6,1,9,9,3,6,1,6,14,5,5,4,4,3,0,5,1,6,2,9,5,6,2,9,1,1,4,5,3,3,0,1,4,1,5,2
328,2,3,7,5,6,4,3,3,3,7,5,8,0,3,2,2,6,7,2,7,5,8,5,2,7,5,3,3,0,4,2,1,1,4,3,6,3,1,9,8,7,2,5,3,4,4,0,6,8,5,5,5,4,0,11,5,4,2,1,5,6,1,9,10,3,6,1,8,14,5,5,4,4,3,0,5,1,6,2,10,5,6,2,9,1,1,6,5,3,3,0,1,4,1,5,2
329,2,4,7,5,6,4,3,3,3,7,5,8,0,3,2,2,6,7,2,6,5,8,5,2,7,5,3,3,0,4,2,1,1,4,3,6,3,1,9,8,7,2,5,3,4,4,0,6,8,5,5,5,4,0,11,5,4,2,1,5,6,1,9,10,3,6,1,9,15,5,5,5,4,3,0,5,1,6,2,11,5,6,2,8,1,1,6,5,3,3,0,1,4,1,5,2
330,2,4,7,5,6,4,3,3,3,7,5,8,0,3,2,2,6,7,2,6,5,8,5,2,7,5,3,3,0,4,2,1,1,4,3,6,3,1,9,8,6,2,5,3,4,4,0,6,8,5,5,5,4,1,11,5,4,2,1,5,6,1,9,10,3,6,1,9,15,5,5,5,4,3,0,5,1,6,2,11,5,6,2,8,1,1,6,5,3,3,0,1,4,1,5,2
331,2,4,7,5,7,4,3,3,3,7,5,8,0,3,2,2,6,6,2,6,4,8,5,2,7,5,3,3,0,4,2,1,1,5,3,6,3,1,9,8,6,2,5,3,4,4,0,6,8,5,5,6,4,1,12,5,4,2,1,5,6,1,9,10,3,7,1,9,15,6,5,5,4,3,0,5,1,6,2,11,5,6,2,8,1,1,6,5,3,3,0,1,4,1,5,2
332,2,4,7,5,7,4,3,3,3,7,5,8,0,3,2,2,6,6,2,6,4,8,5,3,7,5,3,3,0,4,2,1,1,6,3,6,3,1,9,8,6,2,5,3,4,4,0,6,8,5,5,6,4,1,12,5,4,2,1,5,6,2,9,10,3,7,1,9,15,6,5,5,4,3,0,5,1,6,2,11,5,6,2,8,1,1,6,5,3,3,0,2,4,2,5,2
333,2,4,7,5,7,4,3,3,3,7,5,8,0,3,2,2,6,6,2,6,4,8,5,3,8,5,3,3,0,5,2,1,1,6,2,6,3,1,9,9,6,2,5,3,4,4,0,6,8,5,5,6,4,1,12,5,4,2,1,5,6,2,9,10,3,7,2,9,15,6,4,5,4,3,0,5,2,7,2,11,5,6,2,8,1,1,6,5,3,3,0,2,4,2,5,2
334,2,4,7,5,7,4,3,3,3,7,5,8,0,3,2,2,6,6,1,6,4,8,5,3,8,5,3,3,0,5,2,1,1,6,2,6,3,2,9,9,6,2,5,3,4,4,0,6,8,5,5,6,4,1,12,5,4,2,1,5,6,2,9,10,3,7,2,9,15,6,4,6,4,3,0,5,3,7,2,11,5,6,2,8,1,1,6,5,2,3,0,2,4,2,6,2
335,3,4,7,5,7,4,3,3,3,7,5,8,0,3,2,2,6,6,1,6,6,8,5,3,8,5,3,3,0,5,2,1,1,6,3,6,3,2,9,9,6,2,5,3,4,4,0,6,8,5,5,7,4,1,12,5,4,2,1,5,6,2,9,10,3,7,2,9,15,6,4,6,4,4,0,5,3,7,2,11,5,6,2,9,1,1,6,5,2,3,0,2,4,2,6,2
336,3,4,7,5,7,4,3,3,3,7,5,8,0,3,2,2,6,6,1,7,6,8,5,3,9,5,3,3,0,5,2,1,1,6,3,6,3,2,10,9,6,2,5,3,4,4,0,6,8,5,5,7,4,1,13,5,4,2,1,5,6,2,9,10,3,7,2,9,16,6,4,6,4,4,0,5,3,7,2,11,5,6,2,11,1,1,6,5,2,3,0,3,4,2,6,2
337,3,4,7,5,8,4,3,3,3,7,5,8,0,3,2,2,6,7,1,7,6,8,5,3,9,5,3,3,0,5,2,1,1,6,3,6,3,2,10,9,6,2,5,3,4,4,0,6,8,5,5,7,4,1,13,5,4,2,1,5,7,2,9,10,3,7,2,9,16,6,4,6,4,4,0,5,3,7,2,11,5,6,2,11,1,1,6,5,2,3,0,3,4,2,6,2
338,3,4,8,5,8,4,3,3,3,7,5,8,0,3,2,2,6,7,1,7,6,8,5,3,9,5,3,3,0,5,2,1,1,6,3,6,3,2,10,10,6,2,5,3,4,4,0,6,8,5,5,7,4,1,13,5,4,2,1,5,7,2,9,10,3,7,2,9,16,6,4,6,4,4,0,5,3,7,2,11,5,6,2,11,1,1,6,5,2,3,0,3,4,2,6,2
339,3,4,8,5,8,4,3,3,3,7,5,8,0,3,2,2,6,7,1,7,6,8,5,3,9,5,3,3,0,5,2,1,1,6,3,6,3,2,10,10,6,2,5,3,4,4,0,6,8,5,5,7,4,1,13,5,4,2,1,5,7,2,9,10,3,7,2,8,16,6,4,6,4,4,0,5,3,7,2,12,5,6,2,11,1,1,6,5,2,3,0,3,4,2,6,2
340,3,4,8,5,8,4,3,3,3,7,5,8,0,3,2,2,6,8,1,7,6,8,5,4,9,5,3,3,0,5,2,1,1,6,3,6,3,2,10,10,6,2,5,3,4,4,0,6,7,5,5,7,4,1,14,5,4,2,1,5,7,2,9,10,3,7,2,8,16,6,4,6,5,4,0,5,3,7,2,12,5,6,2,11,1,1,6,5,2,3,0,3,4,2,6,2
341,3,4,8,5,8,5,3,3,3,7,5,8,0,3,2,2,6,8,1,7,6,8,5,4,9,5,3,3,0,5,2,1,1,6,3,6,3,2,10,10,6,2,5,3,4,4,0,6,7,5,5,7,4,1,14,5,4,2,1,5,7,2,9,11,3,7,2,8,16,6,4,6,5,4,0,5,3,7,2,12,5,6,2,11,1,1,6,5,2,3,0,3,4,2,6,2
342,3,4,8,5,8,5,3,3,3,7,5,8,0,3,2,2,6,8,1,7,6,8,5,4,9,5,3,3,0,5,2,1,1,6,3,6,3,2,10,11,6,2,5,3,4,5,0,6,7,5,5,7,4,1,14,5,4,2,1,5,7,2,9,11,3,7,2,8,16,6,4,6,6,4,0,5,3,7,2,12,5,6,2,11,1,1,6,5,2,3,0,3,4,2,6,2
343,3,4,8,6,8,5,3,3,3,7,6,8,0,3,2,2,6,8,1,7,7,8,5,4,9,6,3,3,0,5,2,1,1,6,3,6,3,2,10,11,6,2,5,3,4,5,0,6,7,5,5,7,4,1,14,5,4,2,1,5,7,2,10,11,3,7,2,8,16,6,4,6,6,4,0,5,3,7,2,12,5,6,2,11,1,1,6,5,2,3,0,3,4,2,6,2
344,3,4,8,6,8,5,3,3,3,7,6,8,0,3,2,2,6,8,1,7,6,8,5,4,9,6,3,3,0,6,3,1,1,6,3,6,3,3,10,11,6,2,5,3,4,5,0,6,7,5,5,7,4,1,14,5,4,2,1,5,7,2,10,11,3,8,2,8,17,6,4,6,6,4,0,5,3,7,2,12,5,6,2,11,1,1,6,5,2,3,0,3,4,2,6,2
345,3,4,8,6,8,5,3,3,3,7,6,8,0,3,2,2,6,10,1,7,6,8,5,4,10,6,3,3,0,6,3,1,1,6,3,6,4,3,10,11,6,2,5,3,4,5,0,6,7,5,5,7,4,1,14,5,4,2,1,5,7,2,10,11,3,8,2,8,17,6,4,7,6,4,0,5,3,7,2,12,5,7,2,11,1,1,6,5,2,3,0,3,4,2,6,2
346,3,4,8,6,8,5,3,3,3,8,6,8,0,3,2,2,6,9,1,7,7,8,5,4,10,6,3,3,0,6,3,1,1,6,3,6,4,3,10,11,6,2,5,3,4,5,0,6,8,5,5,7,4,1,14,5,4,2,1,5,7,2,10,11,3,8,2,8,17,6,4,7,6,4,0,5,3,7,2,12,5,7,2,11,1,1,6,5,2,3,0,3,4,2,6,2
347,3,4,8,6,9,5,3,3,3,8,6,8,0,3,2,2,8,10,1,7,7,8,5,4,11,6,3,3,0,6,3,1,1,6,3,6,4,3,10,11,6,2,4,3,4,5,0,6,8,6,5,7,4,1,14,5,4,2,1,5,7,3,11,11,3,9,2,8,16,6,4,8,6,4,0,5,3,7,2,12,5,7,2,11,1,1,6,5,2,3,0,3,4,3,6,2
348,3,4,8,6,9,5,3,3,3,6,6,8,0,3,2,2,8,10,1,7,7,8,5,4,11,6,3,4,0,6,3,1,1,7,3,6,4,3,10,11,6,2,4,3,4,5,0,6,8,6,5,7,4,1,14,5,4,2,1,5,7,4,11,12,3,9,2,8,16,6,4,8,6,4,0,5,3,7,2,12,5,7,2,11,1,1,6,5,2,3,0,3,4,3,7,2
349,3,5,8,6,9,5,3,3,3,6,6,9,0,4,2,2,8,10,1,7,7,8,5,4,11,7,3,4,0,6,3,3,1,7,3,6,4,3,11,11,6,2,4,3,5,5,0,6,8,6,5,7,4,1,14,5,4,2,1,5,7,4,11,12,3,9,2,8,16,6,4,8,6,4,0,5,3,7,2,13,5,7,2,11,1,1,6,5,2,3,0,3,4,3,7,2
350,3,5,8,7,9,5,3,3,3,6,6,9,0,4,2,2,8,11,1,7,7,8,5,4,11,7,3,4,0,6,3,3,1,7,3,6,4,3,12,11,6,2,4,3,5,5,0,6,8,6,5,7,4,1,14,5,4,2,1,5,7,4,11,12,3,8,2,8,16,6,4,8,6,4,0,5,3,7,2,13,5,7,2,11,1,1,6,5,2,3,0,3,5,3,6,2
351,3,5,8,7,9,5,3,3,3,6,6,9,0,4,3,2,8,11,1,7,7,8,5,4,11,7,3,4,0,6,3,3,1,7,3,6,4,4,12,11,6,2,5,3,5,5,0,6,9,6,5,7,4,1,14,5,4,2,1,5,8,5,11,12,3,8,2,8,16,6,4,8,6,4,0,6,3,7,2,14,5,7,2,11,1,1,6,5,2,3,0,3,5,3,6,2
352,3,5,9,7,9,6,3,3,3,6,6,9,0,4,3,2,8,11,1,7,7,8,4,4,11,7,3,4,0,6,3,3,1,8,3,6,4,4,12,12,6,2,5,3,5,5,0,6,9,6,5,7,4,1,14,5,4,2,1,5,8,5,11,12,3,8,2,8,16,7,4,8,6,4,0,6,3,7,2,15,5,7,2,11,1,1,7,5,2,3,0,3,5,3,6,2
353,3,5,10,7,9,6,3,3,3,6,6,9,0,4,3,2,8,11,1,7,8,8,4,4,11,7,3,4,0,6,3,3,1,8,3,7,4,4,12,12,6,2,5,3,5,5,0,6,9,6,5,7,4,1,14,5,4,2,1,5,9,5,11,12,3,8,2,8,16,7,4,8,6,4,0,5,3,7,2,15,5,7,2,11,1,1,7,5,2,3,0,3,5,3,6,2
354,4,7,10,6,9,6,3,3,3,6,6,8,0,4,3,2,8,12,1,7,8,8,4,4,11,7,3,4,0,6,3,3,1,8,3,7,4,4,12,12,6,2,5,3,5,5,0,6,9,6,5,7,4,1,14,5,4,2,1,5,9,5,11,12,3,8,2,9,16,7,4,8,6,4,0,5,3,7,2,15,5,7,2,11,1,1,7,5,2,3,0,3,5,3,6,2
355,4,8,10,6,9,6,3,3,2,6,6,8,0,4,3,2,8,12,1,7,8,8,4,4,11,7,3,4,0,6,3,3,1,8,3,7,4,4,12,12,6,2,5,3,5,5,0,6,9,6,5,8,4,1,14,5,4,2,1,5,9,5,12,12,3,8,2,9,17,7,4,8,6,4,1,5,3,7,2,15,5,7,2,11,1,1,7,5,2,3,0,3,5,3,6,2
356,4,8,10,6,9,6,3,3,2,6,6,8,0,3,3,2,8,12,1,7,8,8,4,4,11,7,3,4,0,6,3,3,1,8,3,7,4,4,12,12,6,2,5,3,5,5,0,6,9,6,5,8,4,1,14,5,4,2,1,5,9,5,12,12,3,8,2,9,17,7,4,8,6,4,1,5,3,7,2,15,5,7,2,11,1,1,7,5,2,3,0,3,5,3,6,2
357,4,8,10,6,9,6,3,3,2,6,6,8,0,3,3,2,8,12,1,7,8,8,4,5,11,7,3,4,0,6,3,3,1,7,3,7,4,4,12,13,6,2,5,3,5,5,0,6,9,6,5,8,4,1,14,5,4,2,1,5,9,5,12,12,4,8,2,9,17,7,4,8,6,4,1,5,3,7,2,15,5,7,2,11,0,1,7,5,2,3,0,3,6,3,6,2
358,4,8,10,6,9,6,3,3,2,6,6,8,0,3,3,2,9,12,1,7,8,8,4,5,11,8,3,4,0,6,3,3,2,7,3,7,4,4,12,13,6,2,5,3,5,5,0,6,9,6,5,8,4,1,14,5,4,2,1,5,9,6,12,12,4,8,2,9,17,7,4,8,6,4,1,5,3,7,2,15,5,7,2,12,0,1,7,5,3,3,0,3,6,3,6,2
359,4,8,10,6,9,6,3,3,2,6,6,8,0,3,3,2,10,11,1,7,8,8,4,5,11,8,3,4,0,6,3,3,2,7,3,7,4,4,12,13,6,2,5,3,6,5,0,6,9,6,5,8,4,1,13,5,4,2,1,5,9,6,12,12,4,8,2,9,17,7,4,8,6,4,1,5,3,7,2,15,5,7,2,12,0,1,7,5,3,3,0,3,6,3,6,2
360,4,8,10,6,9,6,3,3,2,6,6,8,0,3,3,2,10,11,1,8,8,9,4,5,11,8,3,4,0,6,3,4,2,7,3,7,5,4,12,13,6,2,5,3,6,5,0,6,9,6,5,8,4,1,13,5,4,2,1,5,9,6,12,12,4,8,2,9,17,7,4,8,6,4,1,5,3,7,2,15,5,7,2,12,0,1,7,6,3,3,0,3,6,3,6,2
361,4,8,10,6,9,6,3,3,2,6,6,9,0,3,3,2,10,10,1,8,8,10,5,5,11,8,3,4,0,6,3,4,2,7,3,7,5,4,12,13,6,2,6,3,6,5,0,6,9,6,5,8,4,1,13,5,4,2,1,5,9,6,12,12,4,8,2,8,17,7,4,8,6,4,1,5,3,7,2,17,5,7,2,12,0,1,7,6,3,3,0,3,6,3,6,2
362,4,8,10,6,9,6,3,3,2,6,6,10,0,3,3,2,10,10,1,8,8,10,5,5,11,8,3,4,0,6,3,4,2,8,3,7,5,4,12,13,6,2,6,3,6,5,0,6,9,6,6,8,4,1,13,5,4,2,1,5,9,7,12,12,4,8,2,8,17,7,4,8,6,4,1,5,3,8,2,17,5,7,2,12,0,1,7,6,3,3,0,3,6,3,6,2
363,4,8,10,6,9,6,3,3,2,6,7,10,0,3,3,2,11,10,2,8,8,9,5,5,11,8,3,4,0,6,3,4,4,8,3,7,5,4,12,13,6,2,6,3,6,5,0,6,9,6,6,8,4,1,13,5,4,2,1,5,9,8,12,12,4,8,2,8,17,7,4,8,6,4,1,5,3,8,2,17,5,8,2,12,0,1,8,6,3,3,0,3,6,3,6,2
364,4,8,10,6,9,6,3,3,2,6,7,10,0,4,3,2,12,10,2,8,8,9,6,4,11,8,3,4,0,7,3,4,4,8,3,7,5,4,12,13,6,2,6,3,6,5,0,6,9,6,6,8,4,1,13,6,4,2,1,5,8,8,12,12,4,8,2,9,17,7,4,8,6,4,1,5,3,8,2,17,5,8,2,12,0,1,8,6,3,3,0,3,6,3,6,2
365,4,8,10,6,9,6,3,3,2,6,7,10,0,4,3,2,12,10,2,8,9,9,6,4,11,8,3,5,0,7,3,4,4,8,3,7,5,4,12,13,7,2,6,3,7,5,0,6,9,6,6,8,4,1,13,6,4,2,1,5,8,8,12,12,4,8,2,10,17,7,4,8,6,4,1,5,3,9,2,17,5,8,2,12,0,1,8,6,3,3,0,3,6,3,6,2
366,4,8,10,7,9,6,3,3,2,6,7,10,0,4,3,2,12,10,2,8,9,9,6,4,11,8,3,5,0,7,3,4,4,8,3,7,5,4,12,13,7,2,6,3,7,5,0,6,9,6,6,8,4,1,13,6,4,2,1,5,8,8,12,12,4,8,2,10,17,7,4,8,6,4,1,5,3,9,2,17,5,8,2,12,0,1,8,6,3,3,0,3,6,3,6,2
367,4,8,10,7,9,6,3,3,2,7,7,10,0,4,3,2,13,10,2,8,9,9,6,4,11,8,3,5,0,7,3,4,4,8,3,7,5,4,12,13,7,2,6,3,7,5,0,6,9,6,6,8,4,1,13,6,4,2,1,4,8,8,12,12,4,8,2,10,17,6,4,8,6,4,1,5,3,10,2,17,5,8,2,12,0,1,8,6,3,3,0,3,6,3,6,2
368,4,9,10,7,9,6,3,3,2,7,8,10,0,4,3,2,13,9,2,8,9,9,6,4,11,8,3,5,0,7,3,4,4,9,3,7,5,4,12,14,7,2,6,3,7,5,0,6,9,6,6,8,4,1,13,6,4,2,1,4,8,9,12,12,4,8,2,10,17,6,4,8,6,4,2,5,3,10,2,17,5,8,2,13,0,1,8,6,3,3,0,3,6,3,6,2
369,4,9,10,7,9,6,3,3,2,7,8,12,0,4,3,2,13,9,3,8,9,10,6,4,11,8,3,5,0,7,3,4,4,9,3,7,5,4,12,14,7,2,6,3,7,5,0,6,9,6,6,8,4,1,13,6,4,2,1,4,8,9,13,12,4,8,2,11,17,6,4,8,6,4,2,5,3,10,2,17,5,8,2,13,0,1,9,6,3,3,0,3,6,3,6,2
370,4,9,10,7,9,5,3,3,2,7,8,13,0,4,3,2,13,10,3,8,9,10,6,4,11,8,3,5,0,7,3,4,4,9,3,7,5,4,12,14,7,2,6,3,7,5,0,6,9,6,6,8,4,1,14,6,4,2,1,4,8,9,13,12,4,8,2,11,17,6,4,8,6,4,2,5,3,10,2,18,5,8,2,13,0,1,9,6,3,3,0,3,6,3,6,2
371,4,9,10,6,9,5,3,3,2,8,8,13,0,4,3,2,13,10,3,8,9,10,6,4,11,8,3,5,0,7,3,4,4,9,3,7,5,4,12,14,7,3,6,3,7,5,0,7,9,6,6,9,4,1,14,6,4,2,1,4,8,9,13,12,5,8,2,11,17,6,4,8,6,4,2,5,3,10,2,18,5,8,2,14,0,1,9,6,3,3,0,3,6,3,6,2
372,4,9,10,6,9,5,3,3,2,8,8,13,0,4,3,2,13,10,3,8,9,10,6,4,11,8,3,5,0,7,3,4,4,9,3,7,5,4,12,14,7,3,6,3,7,5,0,7,9,6,6,9,4,1,14,6,4,2,1,4,8,9,13,12,5,8,2,11,16,6,4,8,6,4,2,5,3,9,2,18,6,8,2,14,0,1,9,6,3,3,0,3,6,3,6,2
373,4,9,10,6,10,5,3,3,2,8,8,13,0,4,3,2,13,10,3,8,9,10,6,4,11,8,3,6,0,7,3,4,4,9,3,7,5,4,13,13,6,3,6,3,7,5,0,7,9,6,6,10,4,1,14,6,3,2,1,4,7,9,13,12,5,8,2,11,16,7,4,8,6,4,2,5,3,9,3,18,6,8,2,14,0,1,9,6,3,3,0,3,6,3,6,2
374,5,9,11,6,10,5,3,3,2,8,8,13,0,4,3,2,13,10,3,8,9,10,6,4,11,8,3,6,0,7,3,4,4,9,4,7,5,4,13,13,6,3,6,3,7,5,0,7,9,6,6,10,4,1,14,6,3,2,1,4,7,9,13,12,5,8,2,11,16,7,4,8,6,5,2,5,3,9,3,18,6,8,2,14,0,1,9,7,3,3,0,3,7,3,6,2
375,5,9,11,6,10,5,3,3,2,8,7,13,0,4,3,2,13,10,3,8,9,10,6,4,11,8,3,6,0,7,3,4,5,9,4,7,5,4,13,13,7,3,6,3,7,5,0,7,9,6,6,10,4,1,14,6,3,2,1,4,7,9,14,13,6,8,2,11,17,7,4,8,6,5,2,5,3,9,3,18,6,8,2,14,0,1,9,7,3,3,0,3,7,3,6,2
376,5,9,11,6,10,5,3,3,2,8,7,13,0,4,3,2,13,10,3,8,9,11,7,4,11,8,3,7,0,7,3,4,5,9,4,7,5,4,13,13,7,3,6,4,7,5,0,7,9,6,7,11,4,1,14,6,3,2,1,4,7,9,14,13,6,8,2,12,17,7,4,8,6,5,2,5,4,9,3,18,6,8,2,14,0,1,9,7,3,3,0,3,8,3,6,2
377,5,9,11,6,10,5,3,3,2,8,7,13,0,4,3,2,13,11,3,9,9,11,7,4,11,8,3,7,0,8,3,4,5,9,4,8,5,4,13,13,7,3,6,4,7,6,0,7,9,7,7,11,4,1,14,6,3,2,1,5,7,9,14,13,6,8,2,12,17,7,4,8,6,6,2,5,4,9,3,19,6,8,2,14,1,1,9,7,2,3,0,3,8,3,6,2
378,5,9,11,6,10,5,3,3,2,8,7,13,0,4,3,2,13,11,3,10,9,11,7,4,12,8,3,8,0,9,3,4,5,9,4,8,5,4,14,13,7,3,6,4,7,6,0,7,9,7,7,11,4,1,14,6,3,2,2,5,7,9,14,13,6,8,2,13,17,7,4,8,6,6,2,5,4,9,3,19,6,8,2,14,1,1,9,7,2,3,0,3,8,3,6,2
379,5,9,11,6,9,5,3,3,2,8,7,13,0,4,3,2,13,11,3,10,9,11,7,4,12,8,3,8,0,9,3,4,5,9,4,8,5,4,14,13,7,3,6,4,7,6,0,7,9,7,7,11,4,1,14,6,3,2,2,6,8,9,14,13,6,8,2,13,18,7,4,8,6,6,3,5,4,9,3,19,6,8,2,14,1,1,9,7,2,3,0,3,8,3,6,3
380,5,9,11,6,9,5,3,3,2,8,7,13,0,4,3,2,12,11,3,10,10,11,7,5,12,8,3,8,0,9,3,4,5,9,4,8,5,4,14,14,7,3,6,4,7,6,0,7,9,7,7,11,4,1,14,6,3,2,2,6,10,8,14,13,6,8,2,13,18,7,4,8,7,6,3,5,4,10,3,19,6,8,2,14,1,1,9,8,2,3,0,3,8,3,6,3
381,5,9,11,6,9,5,3,4,2,8,7,13,0,4,4,2,12,11,3,10,10,11,7,5,12,9,3,9,0,9,3,4,5,9,4,8,6,4,14,14,7,3,6,4,8,6,0,7,9,7,7,11,4,1,14,6,3,2,2,6,10,8,14,13,6,8,2,13,18,6,4,8,7,5,3,5,4,10,3,19,6,8,2,14,1,1,9,8,2,3,0,4,8,3,6,3
382,5,9,11,6,9,5,3,4,2,8,7,13,0,4,4,2,12,13,3,11,11,11,7,5,12,9,3,9,0,9,3,4,5,9,4,8,6,4,15,14,7,3,6,4,8,6,0,7,10,7,7,12,4,1,14,4,4,2,3,6,11,8,14,13,6,8,2,13,18,6,4,8,7,5,3,5,4,10,3,19,6,8,2,14,1,1,9,8,2,3,0,3,8,3,6,3
383,5,10,10,6,9,6,3,4,2,8,7,13,0,4,4,2,12,13,4,11,11,11,7,6,12,9,3,8,0,9,3,4,5,9,4,8,6,4,15,14,7,3,6,4,8,6,0,7,10,7,7,12,4,1,14,4,4,2,3,6,11,8,14,13,6,8,2,13,18,6,4,8,7,5,3,5,4,10,3,19,6,8,2,14,1,1,9,8,2,3,0,3,8,3,8,3
384,5,10,10,6,9,6,3,4,2,9,7,14,0,4,4,2,12,13,4,11,11,11,8,7,12,9,3,10,0,9,3,4,5,10,4,8,6,4,15,14,7,3,6,4,8,6,0,7,10,7,7,12,4,1,14,4,4,2,3,6,11,8,14,13,6,8,2,13,18,6,4,8,7,5,4,5,4,10,3,19,6,8,2,14,1,1,9,8,2,3,0,3,8,3,8,3
385,5,10,10,6,10,6,3,4,2,9,7,15,0,4,4,2,12,13,4,11,11,11,8,7,12,10,3,11,0,9,3,4,5,10,4,8,6,4,15,14,7,3,6,4,8,6,0,7,10,7,7,13,4,1,14,4,4,2,3,6,11,8,14,13,6,8,2,13,18,7,4,8,7,5,4,5,4,10,3,20,6,8,2,14,1,1,9,8,3,3,0,3,8,3,8,3
386,5,10,10,6,10,6,3,4,3,9,7,16,0,4,4,2,12,13,4,11,11,11,8,8,12,10,3,11,0,9,3,4,5,11,4,9,6,4,15,14,7,3,6,5,8,6,0,7,10,7,7,13,4,1,14,3,3,2,3,6,11,8,14,13,7,8,2,13,18,6,4,8,7,5,4,5,5,10,3,20,7,9,2,15,1,1,9,8,4,3,0,3,8,3,8,3
387,5,10,11,6,10,6,3,4,3,9,7,18,0,4,4,2,12,14,4,12,11,11,8,8,12,10,3,11,0,9,3,4,5,11,4,9,6,4,15,15,7,3,6,6,8,6,0,7,10,7,7,13,4,1,14,3,3,2,3,7,11,8,15,13,7,8,2,12,18,6,4,8,7,5,4,5,5,10,3,21,7,9,2,15,1,1,9,8,4,3,0,3,8,3,8,3
388,5,10,11,6,10,6,3,4,3,9,7,18,0,4,4,2,12,14,4,12,11,11,8,8,12,11,3,11,0,9,3,4,5,11,4,9,6,4,15,15,7,3,6,6,8,6,0,7,10,7,7,13,4,1,14,3,3,2,3,7,12,8,15,13,7,8,2,12,18,6,4,8,7,6,4,5,5,10,3,22,8,9,2,15,1,1,9,8,4,3,0,3,8,3,9,3
389,5,10,11,7,11,6,4,4,3,9,7,19,0,5,4,2,12,15,4,12,11,11,8,8,12,11,3,11,0,9,3,4,5,11,4,9,6,4,15,15,7,3,6,6,9,7,0,7,9,7,7,13,4,1,14,3,3,2,3,7,12,8,15,13,7,8,2,12,18,6,4,8,7,7,4,5,6,10,3,22,8,9,2,15,1,1,9,9,4,3,0,3,8,3,9,3
390,6,10,11,7,12,6,4,5,3,9,7,19,0,5,4,2,12,15,4,12,11,11,8,9,12,11,3,11,0,9,3,4,5,11,4,9,6,4,15,15,7,3,6,6,9,8,0,7,9,7,7,14,4,1,14,3,3,2,3,7,12,8,15,13,7,8,2,12,18,6,4,8,7,7,4,5,6,10,3,22,8,9,2,15,1,1,9,9,4,3,0,3,8,3,9,3
391,6,10,11,7,12,6,4,5,3,9,7,19,0,5,4,2,12,15,4,12,12,12,8,9,12,12,3,11,0,10,3,4,5,11,5,8,6,4,16,15,7,3,6,6,9,8,0,7,9,7,7,14,4,1,15,4,3,2,3,7,12,8,15,13,7,8,2,12,18,6,4,8,7,7,4,5,6,10,3,22,8,9,2,15,1,1,9,9,4,3,0,3,8,3,9,3
392,6,10,11,7,12,6,4,5,3,9,7,19,0,5,4,2,12,15,4,12,12,12,8,9,12,12,3,11,0,10,3,4,5,11,6,8,6,4,16,15,7,3,6,6,9,8,0,7,9,7,7,14,4,1,15,4,3,2,3,7,12,8,15,13,7,8,2,12,17,6,4,9,7,7,4,5,6,10,3,22,8,10,2,15,1,1,9,9,4,3,0,3,8,3,9,3
393,6,10,11,7,12,6,4,5,3,9,7,19,0,5,4,2,12,15,4,12,12,12,9,9,12,13,3,11,0,10,3,4,5,11,6,8,6,4,16,15,7,3,6,6,9,8,0,7,9,7,7,14,4,1,16,4,3,2,3,7,12,8,15,13,7,8,2,12,17,7,4,9,7,7,4,5,6,11,3,22,8,10,2,15,1,1,9,10,4,3,0,3,8,3,9,3
394,6,10,11,7,12,6,4,5,3,9,7,21,0,5,4,2,12,15,4,12,13,13,9,9,12,13,3,11,0,10,3,4,5,11,6,8,6,4,17,15,7,3,6,6,9,8,0,7,9,8,7,14,4,1,16,4,3,2,3,8,12,8,16,13,7,8,2,12,17,7,4,9,7,7,4,5,6,12,3,22,8,11,2,15,1,1,9,10,4,3,0,3,8,3,9,3
395,6,10,11,7,12,6,4,5,3,9,7,21,0,5,4,2,13,15,4,12,13,14,9,9,12,14,3,11,0,10,3,4,5,11,6,9,6,4,17,16,7,3,6,6,9,8,0,7,9,8,7,14,4,1,17,4,2,2,3,10,13,8,17,13,7,8,2,12,17,7,4,9,7,7,4,5,6,12,3,23,9,12,2,15,1,1,9,11,4,3,0,3,8,4,9,3
396,6,10,12,7,12,6,4,5,3,9,8,22,0,6,4,2,14,15,4,12,13,13,9,10,12,14,3,11,0,10,3,4,5,11,6,9,6,4,18,16,7,3,6,6,9,8,0,7,9,8,7,14,4,1,17,4,2,2,3,10,13,8,18,13,7,8,2,12,17,7,4,9,7,8,4,5,6,12,3,24,9,12,2,16,1,1,9,12,4,3,0,3,8,4,9,3
397,6,10,12,7,12,6,4,5,3,9,8,22,0,6,5,2,14,15,4,12,13,13,9,11,12,13,3,11,0,10,3,4,5,11,6,9,6,4,20,16,7,3,6,6,9,8,0,7,9,8,8,14,4,1,17,4,2,2,3,10,13,8,18,13,7,8,2,13,17,7,4,10,7,8,4,5,6,12,3,24,9,12,3,16,1,1,9,12,4,3,0,3,8,4,9,3
398,6,10,13,7,12,6,4,5,3,9,8,22,0,6,5,2,14,15,4,12,13,13,9,11,13,13,4,13,0,10,3,5,5,11,6,9,6,4,20,16,7,3,6,6,9,8,0,7,9,8,9,14,3,1,17,4,2,3,3,10,13,8,18,13,7,8,2,13,19,7,4,10,7,8,4,5,6,13,3,24,11,12,3,17,1,1,9,12,4,3,0,3,8,4,9,3
399,6,10,13,7,12,6,4,5,3,9,8,22,0,6,5,2,14,15,6,12,14,13,9,11,14,13,4,13,0,10,3,5,5,11,6,9,6,4,20,16,7,3,6,6,9,9,0,7,9,8,9,14,3,1,17,4,2,3,4,11,13,8,18,13,7,8,2,13,19,7,4,10,6,8,4,5,6,13,3,24,11,12,3,17,1,1,9,12,4,3,0,3,8,4,9,2
400,6,10,13,7,13,6,4,5,3,9,8,22,0,6,5,2,14,15,6,13,16,13,9,11,14,13,4,13,0,10,3,5,5,11,6,9,6,4,20,16,7,3,6,6,9,9,0,7,10,8,9,14,3,1,18,4,2,3,4,11,13,8,18,13,7,8,2,13,19,7,4,10,6,8,4,5,6,14,3,25,11,12,3,17,1,1,9,12,4,3,0,3,8,4,9,2
401,6,10,13,7,14,6,4,5,3,9,8,23,0,6,5,2,14,15,6,13,16,13,9,11,14,13,4,13,0,10,3,5,5,11,6,9,6,4,22,17,7,3,6,6,9,9,0,7,10,8,9,14,3,1,17,4,2,3,4,11,13,8,18,13,7,8,2,13,19,7,4,10,6,8,4,5,6,14,3,25,12,13,3,17,1,1,9,12,4,3,0,3,8,4,10,2
402,7,10,13,7,14,6,4,5,3,10,8,23,0,6,5,2,14,15,6,13,16,13,9,11,14,13,4,13,0,11,3,4,5,11,6,9,6,4,22,17,7,3,7,6,9,9,0,7,10,8,9,14,3,1,17,4,2,3,4,11,13,8,18,13,7,8,2,13,19,7,4,10,6,8,4,5,6,14,3,26,12,14,3,17,1,1,9,13,4,3,0,3,8,4,10,2
403,7,10,13,7,14,6,4,5,3,10,8,23,0,6,5,2,14,15,6,13,16,13,9,11,14,13,4,13,0,11,3,4,5,11,6,9,6,4,23,17,7,3,7,6,10,9,0,8,10,8,9,14,3,1,17,4,2,3,4,11,13,8,18,13,8,8,2,13,19,6,4,10,6,8,4,5,6,14,3,26,12,15,3,17,1,1,10,14,4,3,0,3,8,4,10,2
404,7,10,13,7,14,6,4,5,3,11,9,23,0,6,5,2,14,15,6,13,16,13,9,11,14,13,4,13,0,11,3,4,6,11,6,9,6,4,23,17,7,4,7,6,10,9,0,8,10,8,9,14,3,1,17,4,2,3,4,11,13,8,18,13,8,8,2,13,21,6,4,10,6,9,4,5,6,15,3,26,12,15,3,17,1,1,10,14,4,3,0,3,8,4,11,2
405,7,10,13,7,14,6,4,6,3,11,9,23,0,6,5,3,14,15,6,13,16,13,9,11,15,15,4,13,0,12,3,4,6,11,6,9,6,4,22,17,7,4,7,6,10,9,0,8,10,8,9,14,3,1,17,4,2,3,4,12,13,8,17,13,8,8,2,13,21,7,5,10,6,9,4,6,6,15,3,26,12,15,3,17,1,1,9,14,4,3,0,3,8,4,12,2
406,7,10,13,7,14,6,4,7,3,12,9,23,0,6,5,4,14,16,6,13,17,13,9,11,15,15,4,13,0,12,3,4,6,11,6,9,6,4,22,17,7,4,7,6,10,9,0,8,11,8,9,14,3,1,17,4,2,3,4,14,13,8,17,13,8,8,2,13,21,7,5,10,6,10,4,6,6,15,4,26,12,15,3,17,1,1,9,15,4,3,0,3,8,4,12,3
407,7,11,13,7,14,6,4,7,3,13,10,23,0,6,5,4,14,16,6,13,17,13,9,11,15,15,4,13,0,12,3,5,8,11,6,10,6,4,21,17,7,4,7,7,10,9,0,8,11,8,9,14,3,1,17,4,2,3,4,13,12,9,17,13,8,8,2,13,22,7,5,10,6,10,4,6,6,15,4,27,12,15,3,17,1,1,9,17,4,3,0,3,8,4,12,3
408,7,11,14,7,14,6,4,7,3,13,10,23,0,6,5,5,13,16,6,13,18,14,9,11,15,15,4,13,0,12,3,5,8,11,6,10,6,4,21,17,7,4,7,7,11,10,0,8,11,8,9,14,3,1,17,4,2,3,4,13,12,10,18,15,8,8,2,13,22,7,5,10,6,10,4,6,6,15,4,28,12,15,3,17,1,1,9,17,4,3,0,3,8,4,12,3
409,7,11,14,6,14,6,4,7,4,14,10,23,0,6,6,5,13,16,6,13,19,14,9,12,15,16,4,13,0,12,3,5,8,11,6,10,7,4,21,17,7,4,7,7,11,10,0,8,11,9,9,14,3,1,17,4,2,3,4,13,12,10,18,15,8,8,2,13,22,7,5,10,6,10,4,6,7,15,4,29,12,15,3,17,1,1,9,17,4,3,0,3,8,4,12,3
410,7,11,14,6,14,6,4,7,4,14,10,23,0,7,6,5,13,16,6,13,19,14,9,12,16,15,4,13,0,12,3,5,9,11,6,10,9,4,21,17,7,4,7,7,11,11,0,8,12,9,9,14,3,1,18,4,2,3,5,13,12,10,18,15,8,8,2,13,22,8,5,10,6,10,4,6,7,15,4,30,12,15,3,17,1,1,9,17,4,3,0,3,8,4,12,3
411,7,11,14,6,14,6,4,7,4,14,10,23,0,7,6,5,14,17,6,13,19,14,9,13,15,16,4,13,1,12,3,5,9,11,6,10,9,4,21,17,7,4,7,7,11,12,0,8,12,9,9,16,3,1,18,4,2,3,5,13,12,10,18,15,8,8,2,13,22,9,5,10,6,10,4,6,7,15,4,30,12,15,3,17,1,1,10,17,4,3,0,3,8,4,12,3
412,7,11,14,6,14,6,4,7,4,15,10,24,0,7,6,5,15,17,6,13,19,15,9,13,15,15,4,13,1,12,3,5,9,11,6,10,11,4,21,17,7,4,7,8,11,12,0,8,12,9,9,17,4,1,18,4,2,3,6,13,12,10,18,15,8,8,2,13,23,9,5,10,6,10,4,6,7,15,4,31,12,15,3,17,1,1,10,17,4,3,0,3,8,4,12,3
413,8,11,14,6,14,6,4,7,4,15,10,23,0,7,7,5,16,17,6,14,19,15,9,14,15,16,4,13,1,13,3,5,9,11,6,10,11,4,22,17,7,5,7,8,11,13,1,8,12,9,9,18,4,1,18,5,2,3,6,13,12,10,18,15,8,8,2,13,23,9,5,11,6,10,4,6,7,16,4,32,12,14,3,17,1,1,10,16,4,3,0,3,8,4,12,3
414,8,11,14,6,14,6,4,7,4,15,10,23,0,7,7,5,16,17,6,14,20,15,9,14,16,18,4,14,1,13,3,5,9,12,6,10,11,4,23,17,8,5,7,8,11,13,1,8,12,9,9,18,4,1,18,5,2,3,6,13,12,10,18,15,8,8,2,13,23,9,5,11,6,10,4,6,7,16,4,32,12,14,3,17,1,1,11,16,4,3,0,3,8,4,12,3
415,8,11,14,6,14,6,4,7,4,15,10,24,0,7,7,5,16,17,6,15,20,15,9,14,16,20,4,14,1,13,3,5,9,12,6,10,11,4,23,17,9,5,7,8,11,13,1,8,12,9,9,18,4,1,18,5,2,3,6,13,12,10,18,15,8,8,2,13,23,9,5,11,6,10,4,6,7,16,4,33,12,14,3,18,1,1,11,16,4,3,0,3,8,4,12,3
416,8,11,14,6,14,6,4,6,4,15,10,24,0,7,7,5,16,17,6,15,21,15,9,14,18,20,4,14,1,14,3,5,8,12,6,10,11,4,23,17,9,5,7,8,11,13,1,8,12,9,9,18,4,1,18,5,2,3,6,13,12,10,18,15,8,8,2,13,25,9,5,11,6,12,4,6,7,16,4,34,12,14,3,18,1,1,11,16,4,3,0,3,8,4,12,3
417,8,11,14,6,14,6,4,6,4,16,10,24,0,7,7,5,16,17,6,16,20,15,9,15,18,20,4,14,1,15,3,5,8,13,6,10,10,4,23,18,9,6,7,8,11,13,1,8,12,9,9,19,4,1,18,5,2,3,6,13,12,10,18,15,8,8,2,12,26,9,5,11,6,13,4,7,7,16,4,34,12,14,4,19,1,1,11,18,4,3,0,3,8,4,12,3
418,9,11,14,6,14,6,4,6,4,16,10,25,0,7,7,5,16,17,6,16,21,15,9,15,18,22,4,14,1,15,3,5,8,13,6,10,10,4,23,17,9,6,7,8,11,13,1,8,12,10,9,19,4,1,17,5,2,3,6,13,13,10,18,15,8,8,2,12,27,9,5,11,6,13,4,7,7,17,4,33,12,14,4,19,1,1,11,18,5,3,0,3,8,4,12,3
419,9,11,14,6,14,6,4,6,5,16,10,25,0,7,7,5,16,17,6,16,21,16,9,15,19,22,4,14,1,15,3,5,8,13,6,10,11,5,23,18,9,6,7,8,11,13,1,9,13,10,9,19,4,1,17,5,2,3,6,13,13,10,18,15,8,8,2,12,27,9,5,12,6,13,4,7,7,17,4,34,12,14,4,20,1,1,11,18,5,3,0,3,8,4,12,3
420,9,11,14,6,14,6,4,6,5,16,10,25,0,7,8,5,16,17,6,17,21,16,10,15,19,22,4,14,1,15,3,5,8,13,7,11,11,5,23,18,9,6,7,8,11,12,1,10,13,10,9,19,4,1,17,5,2,3,6,13,13,10,18,15,8,8,2,12,27,9,5,12,6,13,4,7,7,18,4,34,12,14,4,20,1,1,11,19,5,3,0,3,8,4,12,3
421,9,11,14,6,14,6,4,6,6,16,10,26,0,7,8,6,16,17,6,18,21,16,11,15,19,22,4,14,1,15,3,6,8,13,7,11,11,5,23,18,8,6,7,8,11,12,1,11,13,10,9,19,4,1,17,5,2,3,6,13,13,10,18,16,8,8,2,12,27,9,5,12,7,13,4,7,7,19,4,35,12,14,4,20,1,1,11,19,5,3,0,3,8,4,11,3
422,9,11,14,6,14,7,4,6,7,16,10,26,0,7,8,6,16,18,6,18,21,16,11,15,19,22,4,14,1,15,3,6,8,12,7,11,11,5,23,18,7,6,7,8,11,12,1,11,13,10,9,19,4,1,17,5,2,3,6,13,13,10,17,16,8,8,2,12,27,10,5,12,7,13,4,7,7,20,4,35,12,14,4,20,1,1,11,19,5,3,0,4,8,4,11,3
423,9,11,14,6,16,7,4,6,7,16,10,26,0,7,8,6,16,19,6,19,21,16,11,15,19,22,4,14,1,15,3,6,8,13,7,11,11,5,23,18,7,6,7,9,11,12,1,11,13,11,9,19,4,2,17,5,2,3,6,14,13,10,17,16,9,8,2,12,28,11,5,12,7,13,4,7,7,21,4,35,12,14,4,20,1,1,12,19,5,3,0,4,8,4,11,3
424,9,11,14,6,16,7,4,8,7,16,10,26,0,7,8,6,16,19,7,19,21,16,11,15,19,22,4,14,1,15,3,6,8,13,7,11,11,5,23,18,7,6,7,9,11,12,1,12,14,11,9,19,4,2,17,5,2,3,6,13,13,10,17,16,9,8,2,12,28,11,5,12,7,13,4,7,7,21,4,35,12,14,4,21,1,1,12,19,5,3,0,4,9,4,11,3
425,9,11,15,6,16,7,4,8,7,16,10,27,0,7,8,6,16,19,7,19,21,16,11,15,20,22,4,14,1,15,3,6,8,13,7,11,11,5,23,18,7,6,7,9,11,12,1,12,14,11,9,20,4,2,17,5,2,3,6,13,13,10,18,16,9,8,2,12,28,11,5,12,7,13,4,7,7,21,4,36,12,14,4,21,1,1,13,19,5,3,0,4,9,4,11,3
426,9,11,15,6,16,7,4,8,7,16,10,28,0,7,8,6,16,19,7,19,22,16,11,15,21,21,4,14,1,15,3,6,8,13,7,11,11,5,23,18,7,6,7,9,11,13,1,12,14,11,9,20,5,2,18,5,2,3,6,13,14,10,19,16,9,7,2,12,28,11,5,12,7,13,4,7,7,21,4,36,13,14,4,21,1,1,14,19,5,3,0,4,9,4,12,3
427,9,11,15,6,16,7,4,8,7,16,10,30,0,7,8,6,16,19,7,21,22,16,11,15,21,21,4,14,1,15,3,6,8,13,7,11,11,5,23,18,7,6,7,9,11,13,1,12,14,11,9,20,5,2,18,5,2,3,7,13,15,10,19,17,9,9,2,12,29,10,5,12,7,13,4,7,8,21,4,36,13,14,4,21,1,1,14,19,5,3,0,4,10,4,13,3
428,10,11,15,6,16,7,4,8,7,16,10,30,0,8,8,6,16,19,7,21,22,16,11,15,21,21,4,14,1,15,3,6,8,13,7,11,11,6,23,18,7,6,7,9,11,13,1,13,14,11,9,19,7,2,18,5,2,3,7,13,16,10,19,17,9,9,2,12,29,10,5,12,9,12,4,8,8,21,4,36,13,14,4,22,1,1,14,19,5,3,0,4,11,4,14,3
429,9,11,15,7,16,7,4,8,7,16,10,30,0,8,8,6,16,19,7,21,22,16,11,15,21,21,4,14,1,15,3,6,8,13,7,11,11,6,23,18,7,6,6,9,11,14,1,12,14,11,9,20,7,2,18,5,2,3,7,14,17,10,20,17,9,9,2,12,30,10,5,13,9,12,4,8,9,23,4,36,14,14,4,22,2,1,15,19,5,3,0,4,11,4,14,3
430,9,11,16,7,16,7,4,8,7,16,10,31,0,8,8,6,17,19,7,21,22,16,11,15,21,21,4,14,1,15,3,6,8,14,8,11,11,6,23,18,7,6,6,9,11,14,1,12,14,11,9,20,7,2,18,5,2,3,7,14,20,10,20,17,10,9,2,12,30,10,5,13,9,12,4,8,9,24,4,36,14,14,5,22,2,1,15,19,5,3,0,4,11,4,14,3
431,9,11,17,7,16,7,4,9,7,16,10,31,0,8,8,6,18,19,7,21,22,16,11,16,21,21,4,14,1,15,3,6,8,14,8,10,11,6,23,18,7,6,6,9,11,14,1,12,14,11,11,20,7,2,18,5,2,3,7,14,20,10,20,17,10,9,2,13,31,10,5,14,9,12,4,8,9,25,4,36,14,14,5,23,2,1,15,19,5,3,0,4,11,4,14,3
432,9,12,17,7,16,7,4,9,7,16,10,31,0,8,8,6,18,19,7,21,22,16,12,16,21,20,3,14,1,15,3,6,8,15,8,11,11,6,23,18,7,6,6,9,11,14,1,13,14,11,11,19,7,2,18,5,2,4,7,14,20,10,20,17,10,9,2,13,30,10,4,16,9,12,4,8,9,26,4,35,14,14,6,23,2,1,15,19,5,3,0,4,11,4,14,3
433,9,12,17,7,16,7,4,9,7,16,10,32,0,8,8,6,19,19,7,23,22,16,12,17,22,20,3,14,1,16,3,6,8,15,8,11,11,6,23,18,7,7,6,9,11,14,1,13,14,11,11,19,7,2,18,6,2,4,7,15,20,10,20,17,10,9,2,13,30,10,4,17,10,12,4,8,9,26,4,35,14,14,7,23,2,1,15,19,5,3,0,4,11,4,14,3
434,9,12,19,8,16,7,4,9,7,16,10,32,0,8,8,6,19,19,7,23,21,17,12,17,22,20,3,15,1,16,3,6,8,15,8,11,11,6,23,18,7,7,6,9,11,15,1,13,14,11,11,19,7,2,18,6,2,4,8,15,20,10,20,17,10,9,2,14,30,10,4,18,10,12,5,8,9,26,4,35,14,14,7,23,2,1,15,19,5,3,0,4,11,4,14,3
435,8,12,19,8,16,7,4,9,7,16,10,34,0,8,8,6,19,19,7,23,21,17,12,17,22,21,3,15,2,16,2,6,8,15,7,11,11,6,24,18,7,7,6,9,11,15,1,13,14,11,12,20,7,2,18,6,2,4,8,16,20,10,21,17,10,9,2,15,30,12,4,18,10,12,6,8,9,25,4,36,14,14,7,23,2,1,15,20,5,3,0,4,11,4,14,3
436,8,12,19,8,16,7,4,9,8,16,10,34,0,8,8,6,20,19,7,23,21,17,12,17,22,21,4,15,2,17,2,6,8,15,7,11,11,7,24,18,7,7,6,8,11,15,1,13,14,11,12,20,7,2,18,6,2,4,8,17,20,10,21,17,10,9,2,15,30,12,4,18,10,12,6,8,10,25,4,36,14,15,7,23,2,1,13,20,5,3,0,4,11,4,14,4
437,8,13,19,8,16,9,4,9,8,16,10,35,0,8,8,6,19,19,7,23,21,17,12,17,22,24,4,15,2,17,2,6,8,15,7,11,11,8,24,18,7,7,6,8,11,15,1,13,14,13,12,21,7,2,18,6,2,4,8,17,21,10,21,17,10,9,2,15,30,12,4,18,10,13,6,8,10,26,4,37,14,15,7,24,2,1,13,20,5,3,0,4,11,4,14,4
438,9,13,19,8,17,9,4,9,8,16,11,36,0,8,8,6,19,19,7,24,20,18,12,17,22,25,4,16,2,18,2,6,8,15,7,11,12,8,24,18,7,7,6,8,11,15,1,13,14,12,12,21,7,2,17,7,2,4,8,17,21,10,21,17,10,9,2,15,31,12,4,19,10,13,6,8,10,26,4,37,14,16,7,25,2,1,14,20,5,3,0,4,11,4,14,4
439,9,13,19,8,17,9,4,9,8,16,11,35,0,9,8,6,19,19,7,24,20,18,13,17,22,26,4,16,2,18,2,6,8,15,7,11,13,8,25,18,7,7,6,8,11,14,1,13,15,12,12,21,7,2,17,7,2,4,8,17,21,10,21,17,11,9,2,15,31,12,4,19,10,13,6,8,10,26,4,38,14,16,7,25,2,1,15,20,6,3,0,5,11,4,14,4
440,10,13,19,8,17,9,4,9,9,16,11,35,0,9,8,6,19,19,7,24,21,18,13,17,22,26,4,16,2,18,3,6,8,15,7,12,13,8,25,18,7,7,6,9,11,14,1,14,15,12,12,21,7,2,17,7,2,4,7,17,21,10,21,16,11,9,2,16,31,12,4,19,10,13,6,8,10,27,4,39,14,16,7,26,2,1,15,20,6,3,0,5,11,4,14,4
441,10,13,19,8,17,10,4,9,9,16,11,35,0,9,8,6,19,22,7,24,21,18,14,17,22,26,4,16,2,18,3,6,8,16,7,12,13,8,25,18,7,6,6,9,11,14,1,15,15,12,12,21,7,2,17,8,2,4,7,18,21,10,21,16,11,9,2,16,32,12,4,19,10,12,6,10,10,28,4,39,14,17,7,27,2,1,15,20,6,3,0,5,11,4,14,4
442,10,13,20,9,17,10,4,9,9,16,11,36,0,9,8,6,19,22,7,24,21,18,14,17,22,26,5,16,2,18,3,6,8,16,7,12,13,8,25,18,7,6,6,9,11,14,1,17,15,12,12,21,7,2,17,8,2,4,7,19,21,11,21,16,11,9,2,16,32,12,4,19,10,12,6,10,10,28,4,39,14,17,7,27,2,1,15,20,7,3,0,5,11,4,15,4
443,10,13,20,9,17,10,4,9,9,16,10,37,0,9,8,6,19,23,7,24,21,18,14,17,23,26,5,16,2,18,3,6,8,16,7,12,13,8,25,18,7,6,6,9,11,14,1,17,15,12,13,22,7,2,17,8,2,4,7,19,21,11,21,16,11,9,2,16,32,13,4,19,10,12,6,10,10,28,4,39,14,17,7,28,2,1,16,20,7,3,0,6,11,4,15,4
444,10,14,20,9,17,10,4,9,9,16,10,37,0,9,8,6,19,23,7,25,22,18,15,17,23,26,5,16,2,18,3,6,8,16,7,12,13,8,25,18,7,6,6,9,11,15,1,17,15,12,13,22,7,2,17,8,2,4,7,20,20,11,21,17,11,9,2,16,32,13,4,20,11,13,6,10,10,29,4,39,14,17,7,28,2,1,16,20,7,3,0,6,11,4,15,4
445,10,14,20,9,17,10,4,9,9,16,10,38,0,10,8,7,20,24,7,25,22,18,15,17,24,26,5,16,2,18,3,6,8,16,7,12,13,8,25,18,7,6,6,9,11,15,1,17,16,12,13,22,7,2,17,8,2,4,7,21,20,11,22,18,11,9,2,16,32,14,4,20,12,13,6,10,10,29,4,39,15,17,7,28,2,1,16,21,7,3,0,6,11,4,15,4
446,11,14,20,9,16,10,4,9,9,17,10,39,0,10,8,7,21,23,7,25,22,18,16,17,24,27,5,16,2,18,3,6,9,16,7,12,13,8,25,18,7,6,6,9,11,16,1,17,16,12,13,22,7,2,17,8,2,4,7,21,20,11,22,18,11,9,2,16,31,14,4,20,12,13,6,11,10,30,4,39,15,17,7,28,2,1,17,22,7,3,0,6,11,4,15,4
447,11,14,20,9,17,10,4,9,9,18,11,39,0,10,8,7,21,23,7,25,23,18,17,17,24,27,5,16,2,18,3,6,9,16,7,12,13,8,25,18,7,7,6,9,11,16,1,18,17,11,14,22,7,2,17,8,2,4,7,21,20,11,22,18,12,10,2,16,33,16,4,20,12,15,6,11,10,30,4,40,15,17,7,28,2,1,17,22,7,3,0,6,11,5,15,4
448,11,14,21,9,17,10,4,9,9,18,11,39,0,10,8,7,21,23,7,26,23,18,17,18,24,27,6,16,2,18,3,6,10,16,7,12,13,8,25,18,8,7,6,9,11,16,1,18,17,11,14,23,7,2,18,8,2,4,7,21,20,11,22,18,12,11,2,17,33,16,4,21,12,16,7,11,10,30,4,40,15,17,7,28,2,1,17,22,8,3,0,6,11,5,15,4
449,11,14,21,9,17,10,4,9,9,18,11,39,0,10,8,7,21,23,7,26,23,18,16,18,24,28,6,16,3,18,3,6,10,16,7,12,14,8,25,18,9,7,6,9,11,16,1,19,17,11,14,23,8,2,18,8,2,4,7,21,20,12,22,18,12,11,2,17,33,16,4,21,12,16,7,11,10,31,4,40,15,17,7,28,2,1,17,22,8,3,0,6,11,5,15,4
450,11,17,21,9,17,10,4,9,9,18,11,39,0,10,8,7,21,23,7,27,23,18,16,18,23,28,6,16,3,18,3,6,10,16,8,12,14,8,25,18,10,7,6,9,11,16,1,19,17,11,15,23,8,2,18,8,2,4,7,21,20,12,22,18,13,12,2,17,33,17,4,21,12,17,7,11,10,31,4,39,15,17,7,28,2,1,17,23,8,3,0,6,11,5,15,4
451,11,17,21,9,17,11,4,9,9,18,11,39,0,10,8,7,21,24,7,27,23,18,16,19,24,29,6,17,4,18,3,6,10,16,8,12,14,9,25,18,10,7,6,9,11,16,1,19,17,11,15,23,8,2,18,8,2,4,7,21,20,13,22,18,13,12,2,18,33,17,4,21,12,18,8,11,10,31,4,39,15,17,7,28,2,1,18,23,8,3,0,6,12,6,15,4
452,11,17,21,9,17,11,4,9,8,18,11,39,0,11,8,7,21,24,7,27,24,18,16,19,26,29,6,17,4,18,3,6,11,16,8,13,14,9,25,18,10,7,6,9,11,16,1,20,17,11,15,24,8,2,18,9,2,4,7,21,21,13,22,18,13,12,2,18,34,18,4,21,12,18,8,11,10,31,4,39,15,17,7,28,2,1,19,24,8,3,0,6,12,6,15,4
453,11,17,22,9,17,11,4,9,8,18,11,39,0,11,8,7,21,24,7,27,25,19,16,19,26,29,6,16,4,18,3,6,11,16,9,13,14,9,25,18,10,7,7,9,11,16,1,20,17,12,15,24,8,2,18,9,2,4,7,21,21,14,22,18,13,12,2,19,34,18,4,20,12,19,8,11,10,31,4,40,15,17,7,28,2,1,19,24,8,4,0,6,13,6,15,4
454,11,17,22,9,17,11,4,9,9,17,11,39,0,11,8,7,21,24,7,27,25,19,16,19,27,29,6,16,4,19,3,6,11,16,9,13,14,9,25,17,10,7,7,9,10,16,1,20,17,12,15,24,8,2,18,9,2,4,7,21,21,14,22,18,14,12,2,19,34,18,4,20,13,20,8,11,10,32,4,41,15,18,7,28,2,1,20,24,8,4,0,6,13,6,16,4
455,11,18,23,9,17,11,4,9,9,18,11,39,0,11,8,8,21,24,7,28,26,19,17,20,27,29,6,16,4,19,2,6,11,16,9,13,14,9,25,17,10,7,7,9,11,16,1,20,17,13,15,24,8,2,18,9,2,4,7,21,23,14,22,18,14,12,2,19,36,18,4,21,13,21,8,10,11,33,4,41,15,18,7,28,3,1,20,24,8,4,0,6,13,6,16,4
456,11,19,23,9,17,11,4,9,9,18,11,39,0,11,9,8,21,24,7,29,27,19,18,20,29,30,6,17,4,20,2,6,11,17,9,13,14,9,25,17,10,7,7,10,10,16,1,20,17,13,15,24,8,2,18,10,2,4,7,21,24,15,22,18,14,12,2,19,36,18,4,23,13,22,8,10,11,33,4,41,15,18,7,28,3,1,20,24,8,4,0,6,13,6,15,4
457,11,20,23,9,17,11,4,9,9,18,12,40,0,11,10,8,21,24,7,31,27,19,18,21,29,30,6,17,5,20,2,6,11,19,9,13,14,9,26,17,11,7,7,10,10,16,1,20,17,13,15,24,8,2,18,10,2,4,7,21,24,15,23,18,14,12,2,19,37,18,4,24,13,22,8,10,11,33,4,42,15,18,7,28,3,1,21,25,8,4,0,6,13,6,15,4
458,11,20,24,9,17,11,4,9,9,20,12,40,0,12,10,8,21,24,7,31,27,19,18,21,30,31,6,18,5,20,2,6,11,19,9,14,14,9,26,17,11,7,7,10,10,16,1,20,17,13,15,24,8,2,18,10,2,4,7,22,24,15,22,18,14,12,2,19,37,18,4,25,13,23,8,10,11,33,4,42,15,18,6,28,3,1,21,25,8,4,0,6,13,6,15,4
459,11,20,24,9,18,11,4,9,9,20,12,43,0,12,12,9,21,24,8,31,27,19,18,21,30,31,6,18,6,20,2,6,11,19,9,14,14,9,26,17,11,7,7,11,11,16,1,21,17,13,15,24,8,2,18,10,2,4,7,23,24,16,23,18,14,12,2,19,37,18,5,24,13,24,8,10,12,33,4,42,15,18,6,28,3,1,22,25,8,4,0,6,13,6,15,4
460,11,20,24,9,18,12,4,9,9,20,12,43,0,12,13,9,21,24,8,31,27,19,18,21,30,32,6,17,6,20,2,6,11,19,9,14,14,9,26,17,11,7,8,11,11,16,1,21,17,13,15,24,8,2,19,10,2,4,9,23,24,17,23,19,14,12,2,19,37,18,6,24,13,25,8,10,12,34,4,42,15,18,6,29,3,1,22,25,8,4,0,6,13,6,15,4
461,11,20,24,9,19,12,4,9,9,20,12,43,0,12,13,9,21,24,8,31,29,19,18,21,31,32,6,18,6,20,2,6,11,19,9,14,15,9,26,17,11,7,8,11,11,16,1,21,17,13,15,24,8,2,19,11,2,4,9,23,25,17,23,19,14,12,2,19,37,18,6,24,13,25,8,10,12,34,4,42,15,18,6,29,3,1,23,25,8,4,0,6,13,6,15,4
462,11,20,24,10,19,12,4,9,10,21,12,43,0,12,13,9,21,25,8,31,29,20,18,21,32,33,6,18,6,20,2,6,11,19,9,14,15,9,26,17,11,8,8,11,11,17,2,21,17,13,15,24,8,2,19,11,2,4,9,23,26,17,23,19,14,12,2,19,37,18,6,24,14,25,8,10,12,34,4,42,15,18,6,29,3,1,23,26,9,4,0,6,13,6,15,4
463,11,20,24,10,20,12,4,10,10,21,12,43,0,12,13,9,21,25,8,31,29,20,18,21,32,33,6,18,6,20,2,6,12,20,9,14,15,9,26,17,11,8,8,11,11,16,2,23,17,13,15,25,10,2,19,11,2,4,9,24,26,18,22,19,15,12,2,18,38,18,6,26,14,25,8,10,12,36,4,43,15,18,6,29,3,1,23,26,9,4,0,6,13,6,15,4
464,11,20,24,10,20,13,4,10,10,21,12,44,0,12,13,9,21,25,8,32,30,20,18,21,32,33,6,18,6,20,2,6,12,20,9,14,15,9,27,17,11,8,8,11,11,16,2,24,17,14,15,25,10,2,19,12,2,4,9,24,26,18,23,19,15,12,2,18,40,18,6,26,14,26,8,10,13,38,4,44,15,18,6,29,3,1,23,26,10,4,0,6,13,6,15,4
465,13,20,24,10,20,13,4,10,10,21,12,44,0,12,13,11,21,25,8,32,30,20,18,22,32,33,7,18,6,20,2,6,12,20,9,14,16,9,27,17,10,8,8,12,11,16,2,24,17,14,15,25,10,2,18,12,2,4,9,24,26,18,23,18,15,12,2,18,40,18,6,26,14,27,8,10,14,38,4,44,15,18,6,29,3,1,24,26,10,4,0,6,13,6,15,4
466,13,20,25,10,20,14,4,10,10,21,12,44,0,12,13,11,21,25,8,33,31,20,17,22,32,34,7,18,6,21,2,6,12,21,10,14,17,9,27,17,9,8,7,12,12,16,2,24,17,14,15,26,10,2,19,12,2,4,9,24,27,18,23,18,15,13,2,18,40,19,6,26,14,28,8,10,14,38,4,45,15,18,6,30,2,1,22,27,10,4,0,6,12,6,15,4
467,14,20,26,10,20,14,4,10,11,21,12,44,0,12,13,11,21,25,8,33,31,20,17,22,33,34,7,18,6,22,2,7,12,22,10,14,17,9,27,17,9,8,7,12,12,17,2,24,17,14,15,26,10,2,19,12,2,4,10,24,27,18,23,18,15,13,2,18,40,20,7,26,14,28,8,10,14,38,4,45,16,18,6,30,2,1,22,27,10,4,0,6,12,6,15,4
468,14,22,26,10,21,14,4,10,11,21,12,44,0,12,13,11,21,25,8,34,31,20,16,22,34,34,7,19,6,22,2,8,12,22,10,14,17,9,27,17,9,8,7,12,12,17,2,24,17,14,15,27,10,2,19,12,2,4,10,24,27,18,23,18,16,13,2,18,41,20,7,26,14,28,8,10,14,38,4,46,16,18,6,30,2,1,22,28,10,4,0,6,12,6,15,4
469,14,22,26,10,21,14,4,10,11,23,13,44,0,12,13,12,20,26,9,34,31,20,16,22,35,34,7,21,6,22,2,8,12,22,10,14,18,9,27,17,9,8,7,12,12,17,2,24,17,14,15,27,10,2,19,12,2,4,10,24,28,18,23,18,16,13,2,18,42,20,7,27,14,28,8,11,14,38,4,48,16,19,6,31,2,1,22,28,10,4,0,6,12,6,15,4
470,14,21,26,10,21,14,4,10,11,23,13,45,0,12,13,12,20,27,9,34,31,20,16,22,35,33,7,21,6,22,2,9,12,22,10,14,18,9,27,17,9,8,7,12,12,18,2,24,17,14,15,28,10,2,19,12,2,4,10,24,29,18,23,18,16,13,2,18,42,20,7,27,14,28,8,11,14,38,4,49,16,19,6,31,2,1,23,28,10,3,0,6,12,6,15,4
471,15,21,26,10,21,14,4,10,11,23,13,45,0,12,13,12,20,27,9,34,31,20,16,23,36,33,7,21,6,22,2,9,12,22,10,14,18,9,28,17,9,8,8,12,12,18,2,24,18,14,15,29,10,2,19,12,2,4,10,26,29,18,23,18,18,13,2,18,43,20,7,28,14,29,8,11,14,38,4,49,18,19,6,31,2,1,24,28,10,3,0,6,12,7,15,4
472,15,21,26,10,21,14,4,10,11,24,13,45,1,12,13,12,20,29,10,34,31,20,16,23,36,33,7,21,6,22,2,9,12,23,10,14,19,9,28,17,9,8,8,12,12,19,2,24,18,14,15,29,9,2,19,12,2,4,10,26,28,18,24,18,18,13,2,18,43,21,7,28,14,29,8,11,14,38,4,50,18,19,6,31,2,1,24,28,10,3,0,6,12,7,15,4
473,15,21,27,10,21,14,4,10,11,25,13,45,1,13,13,11,21,29,10,34,31,20,16,23,36,33,7,23,6,22,2,9,12,24,10,14,18,9,29,17,9,8,8,12,13,20,2,25,18,15,15,29,9,2,19,12,3,5,10,27,28,18,24,18,18,13,2,18,45,22,7,28,14,29,8,11,14,38,4,50,18,18,6,31,2,1,24,28,10,3,0,6,12,7,16,4
474,15,21,27,10,21,14,4,10,11,26,13,45,1,13,13,11,21,29,10,34,31,21,17,23,36,33,7,24,7,23,2,10,12,24,11,14,18,9,29,17,9,8,8,12,13,20,2,25,18,15,16,29,9,2,19,13,4,5,10,27,28,19,24,18,18,13,2,18,45,22,7,28,14,29,9,11,14,38,4,50,18,18,6,31,2,1,24,28,10,3,0,6,12,7,16,4
475,15,21,29,10,21,14,4,10,12,26,13,44,1,13,13,11,21,29,10,34,32,21,18,23,36,33,7,24,7,23,2,10,12,24,11,14,18,9,29,17,9,8,8,12,14,20,2,25,19,15,15,29,9,2,20,13,4,5,10,27,29,19,24,18,18,13,2,18,45,22,7,28,14,28,9,11,14,38,4,51,18,18,6,30,2,1,24,28,10,3,0,6,13,7,16,4
476,15,21,29,10,21,15,4,10,12,27,13,44,1,13,13,11,22,30,10,34,32,21,19,24,36,33,7,24,7,23,2,10,12,24,11,16,18,9,29,17,9,8,9,12,14,20,2,25,19,15,15,29,9,2,20,13,4,5,11,27,29,19,24,18,18,13,2,18,46,23,7,29,14,28,10,11,14,38,5,51,18,19,6,31,2,1,24,28,10,3,0,6,13,7,16,4
477,15,21,29,10,21,15,4,10,12,27,13,44,1,13,14,11,22,30,10,34,32,21,19,24,36,33,7,24,7,23,2,10,12,24,11,16,18,9,29,17,9,8,9,12,14,20,2,25,19,15,15,29,9,2,20,13,4,5,10,28,29,19,24,17,18,13,2,19,46,23,7,29,14,28,10,11,14,39,5,51,18,19,6,31,2,1,24,28,10,3,0,6,13,6,16,4
478,15,22,29,10,21,15,4,10,12,27,15,45,1,13,14,11,22,30,10,35,32,21,19,25,36,33,7,24,7,23,2,10,12,24,11,16,18,9,29,17,9,8,9,12,14,20,2,25,20,15,15,29,9,2,20,13,4,5,10,28,29,19,24,17,18,13,2,19,46,24,7,29,14,28,10,11,14,39,5,51,18,19,6,31,2,1,24,28,11,3,0,6,13,6,16,4
479,15,22,30,10,22,15,4,10,12,26,15,46,1,13,15,11,22,33,11,35,32,21,18,25,36,34,7,25,7,24,2,10,12,24,11,16,18,9,30,16,10,9,9,12,15,20,2,25,20,16,15,29,9,2,21,13,4,5,10,28,29,19,25,17,19,13,2,19,46,24,7,29,15,30,10,10,14,39,5,51,18,20,6,31,2,1,24,28,11,3,0,6,13,6,16,4
480,15,22,30,10,22,15,4,10,12,26,15,47,1,13,16,11,22,33,11,35,32,21,18,27,36,34,7,25,6,24,2,10,12,24,11,16,17,9,30,16,10,9,9,12,15,21,2,25,20,17,15,29,9,2,22,13,4,5,10,28,30,19,26,17,20,13,2,19,46,24,7,29,15,31,10,10,14,39,5,52,18,20,7,31,2,1,25,28,11,3,0,6,13,7,16,4
481,15,22,31,10,23,15,4,10,12,26,15,47,1,13,16,11,22,33,11,36,32,22,18,27,37,34,7,26,6,24,2,10,12,26,11,16,17,10,31,16,10,10,9,12,15,21,2,25,20,17,15,30,9,2,22,13,5,6,11,28,31,20,26,18,20,13,2,19,46,25,7,29,15,31,10,10,14,39,6,52,18,20,7,31,2,1,25,28,11,3,0,6,14,7,16,4
482,16,23,32,10,22,15,4,10,12,26,15,47,1,13,16,11,22,33,11,35,32,22,19,27,37,34,7,26,6,24,2,10,12,28,11,16,17,10,31,16,10,10,9,12,15,21,2,25,20,18,15,30,9,2,21,13,5,6,11,28,32,19,26,18,20,13,2,19,48,26,7,29,15,31,10,10,15,39,6,51,19,20,7,31,2,1,24,28,11,3,0,6,15,7,16,4
483,16,24,32,10,21,15,4,11,12,26,15,49,1,13,16,11,23,34,11,35,32,23,19,27,37,34,7,27,6,25,2,10,12,28,11,16,17,10,31,18,10,10,9,12,15,22,2,26,20,18,15,30,9,2,21,13,5,6,11,28,32,21,26,18,20,13,2,19,48,27,7,28,15,31,10,10,15,39,6,52,18,20,7,31,2,1,24,29,11,3,0,6,15,8,16,3
484,16,24,32,10,21,15,4,11,12,26,15,49,1,13,16,11,23,35,11,35,32,24,19,27,37,35,7,28,7,26,2,10,12,28,11,16,17,10,31,18,10,10,9,12,15,22,2,26,20,17,15,30,8,2,22,13,5,6,11,29,34,21,26,18,20,13,2,19,48,27,7,28,15,31,11,10,15,41,6,52,18,21,7,31,2,1,24,30,11,3,0,6,15,8,17,3
485,16,24,32,10,21,15,4,11,12,26,15,51,1,13,16,11,23,35,11,36,32,24,19,27,38,35,8,28,7,26,2,10,11,29,10,16,17,10,31,18,10,10,9,12,15,22,2,26,20,17,15,31,8,2,22,13,5,6,11,30,34,21,26,18,20,13,2,19,51,28,7,29,15,32,11,10,15,41,6,53,19,21,7,31,2,1,24,31,11,3,0,6,15,8,17,3
486,16,24,32,10,21,15,4,11,12,27,15,50,1,14,17,11,23,35,11,36,33,24,20,27,38,36,8,28,7,27,2,10,11,29,10,16,17,12,31,17,10,10,9,12,15,21,2,26,20,17,16,31,9,2,23,13,5,6,11,30,34,21,26,18,20,13,2,19,53,28,7,29,14,32,11,10,15,41,6,53,19,20,7,31,2,1,25,31,11,3,0,6,15,8,17,3
487,16,25,32,11,21,16,4,11,12,27,15,50,1,14,17,11,23,35,11,36,33,25,20,27,38,36,8,28,7,29,2,10,11,30,11,16,17,12,31,18,10,10,8,12,15,21,2,26,20,17,16,31,9,2,23,13,5,6,11,30,34,22,26,18,20,13,2,19,53,28,7,29,14,32,11,10,15,41,6,53,20,20,7,31,2,1,25,32,11,3,0,6,15,8,17,3
488,17,26,30,11,21,16,4,11,12,27,15,50,1,14,17,11,23,35,11,36,33,25,20,27,39,36,8,30,7,28,2,10,11,30,11,16,17,12,31,18,10,10,8,12,15,21,2,26,20,17,16,32,9,2,23,13,5,6,11,31,35,23,26,18,20,13,2,18,53,28,7,29,14,33,11,10,16,41,6,54,20,21,7,31,2,1,26,33,11,3,0,6,15,8,17,3
489,17,27,30,12,21,16,4,11,12,27,16,50,1,14,19,11,24,35,13,36,33,25,20,27,39,37,9,32,7,28,2,10,11,30,11,16,18,12,31,18,10,11,8,12,15,22,2,26,20,17,16,32,9,2,23,13,5,6,11,31,35,23,26,18,20,13,2,18,52,28,7,29,13,34,11,10,17,41,6,54,21,21,7,32,2,1,26,33,12,3,0,6,16,9,17,3
490,18,28,32,13,21,16,4,11,12,28,16,50,1,15,19,11,24,35,13,37,33,25,20,27,39,37,9,32,7,28,2,10,11,30,11,16,18,12,31,18,10,11,8,12,16,24,2,27,21,17,16,33,9,2,23,13,5,6,11,31,35,23,27,18,20,13,2,18,52,28,7,30,13,34,11,10,17,41,6,54,21,21,7,32,2,1,27,33,12,3,0,6,16,9,17,3
491,18,28,32,13,21,16,4,11,12,29,16,50,1,15,20,11,24,36,13,37,34,26,20,27,41,37,9,33,7,29,2,10,11,30,11,16,19,12,31,18,10,11,8,12,16,26,2,27,22,17,16,33,9,2,25,13,5,6,11,31,34,25,27,18,20,13,2,18,52,29,7,31,13,34,11,10,18,42,6,53,21,22,7,32,2,1,28,33,12,3,0,6,16,10,17,4
492,18,28,32,14,21,16,4,11,13,29,16,52,1,17,20,11,24,36,13,37,34,27,20,27,41,37,9,35,7,29,2,10,11,31,12,17,19,12,32,18,10,11,9,12,16,26,2,27,22,17,16,34,9,2,25,13,6,6,11,31,34,25,28,19,20,13,2,19,52,29,7,31,13,34,11,10,18,42,6,54,21,22,7,32,2,1,28,33,12,3,0,6,16,10,17,4
493,18,28,32,14,21,16,4,11,13,30,16,52,1,17,20,11,24,37,13,36,34,27,20,28,41,38,9,36,7,29,2,10,11,31,12,17,19,11,32,19,12,11,10,12,16,26,2,27,22,17,16,34,9,2,25,13,6,6,11,31,34,25,28,18,19,13,2,20,52,29,7,31,13,35,11,10,18,42,6,57,22,22,7,32,2,1,28,33,13,2,0,6,16,10,18,4
494,19,28,31,15,21,16,4,11,13,32,16,53,1,17,20,11,24,37,13,36,34,27,21,28,41,38,9,35,8,29,2,10,11,32,12,17,19,11,32,19,12,11,10,12,16,26,2,27,22,17,16,33,9,2,24,13,6,6,11,31,34,25,27,20,19,14,2,20,52,29,7,32,13,37,11,10,18,43,7,56,22,22,7,31,2,1,28,35,14,2,0,6,17,10,18,4
495,19,28,30,15,23,16,4,12,13,33,16,57,1,17,20,11,24,38,13,36,34,27,21,28,41,37,9,35,8,29,2,10,11,33,12,17,19,11,32,19,12,11,10,12,16,26,2,27,22,17,16,33,9,2,24,12,6,6,11,31,34,25,27,20,19,14,2,20,53,29,7,32,13,36,11,11,18,43,8,55,22,22,7,31,2,1,28,36,14,2,0,6,17,10,19,4
496,19,28,30,15,23,16,4,12,13,34,16,57,1,17,20,11,24,37,13,36,35,27,22,29,43,37,9,35,8,30,2,10,12,33,12,18,19,11,32,19,12,11,10,12,16,27,2,27,23,17,16,33,9,2,24,12,6,6,11,32,34,25,27,20,19,14,2,20,53,29,7,32,13,37,11,11,18,44,8,56,22,22,7,31,2,1,28,37,14,2,0,6,17,10,19,4
497,19,29,30,15,23,15,4,12,13,34,15,57,1,17,21,11,24,37,13,36,35,27,22,29,43,38,9,35,8,30,2,10,12,35,13,18,19,11,33,19,12,11,10,12,16,27,2,27,23,17,16,34,9,2,23,12,6,6,11,32,34,25,29,20,18,13,2,21,54,29,7,32,13,37,11,11,18,46,8,56,22,22,7,32,2,1,28,37,14,2,0,6,17,10,20,4
498,19,29,30,15,24,15,4,12,13,34,15,58,1,18,21,11,24,38,13,36,35,26,22,29,43,38,9,35,8,30,2,10,12,35,13,18,19,11,33,19,12,11,11,14,17,28,2,27,23,18,16,34,9,2,23,12,6,6,11,32,34,25,29,20,18,13,2,21,55,29,7,32,14,37,12,11,18,46,8,57,22,23,7,32,2,1,28,37,14,2,0,6,17,10,21,4
499,19,29,31,15,24,15,4,11,14,34,15,58,1,18,21,11,24,38,14,36,35,26,22,31,45,39,9,35,8,30,2,10,12,35,13,19,19,11,35,20,11,11,11,14,18,28,2,27,24,18,17,35,9,2,23,12,6,6,11,32,35,25,29,20,18,13,2,21,55,29,7,31,14,37,12,11,18,46,9,56,23,23,7,32,2,1,28,39,14,2,0,6,17,10,21,4
500,19,30,31,15,25,15,4,11,14,35,14,58,1,19,20,11,25,39,14,36,35,26,22,32,45,39,9,35,8,30,3,10,12,36,13,19,19,11,36,20,11,11,11,14,19,28,2,28,24,18,16,36,9,2,23,12,6,6,11,32,36,26,30,20,18,11,2,21,56,29,7,32,15,37,12,11,18,46,9,56,23,23,7,32,2,1,28,40,14,2,0,6,17,10,21,4
501,19,30,30,15,25,15,4,11,14,35,15,58,1,19,20,11,25,41,14,36,35,27,22,32,46,39,9,35,8,30,3,10,12,36,13,19,19,11,37,20,11,11,11,14,19,29,2,28,24,18,17,36,10,2,23,12,6,7,12,33,38,26,30,20,18,11,2,22,56,28,7,32,15,39,13,12,18,46,9,56,22,22,7,32,2,1,28,39,14,2,0,6,17,10,21,4
502,19,31,31,16,25,15,4,11,13,36,15,59,1,19,20,11,25,41,14,36,35,27,22,34,47,39,9,35,8,30,3,10,12,37,14,19,19,11,37,20,12,11,11,14,19,31,2,29,24,18,17,36,10,2,22,12,6,7,12,33,38,26,30,20,19,10,2,22,57,29,7,33,15,39,13,12,19,47,9,56,23,22,7,33,2,1,28,39,14,2,0,6,17,10,22,4
503,19,32,33,16,25,15,4,11,14,36,16,59,2,19,20,11,24,41,14,36,35,27,23,34,47,39,10,36,8,30,3,10,12,37,14,20,20,11,38,20,12,11,11,14,18,31,2,29,25,18,17,36,10,2,24,12,6,7,13,34,38,26,30,20,19,10,2,22,58,29,7,33,15,39,13,12,19,49,9,56,23,22,7,33,2,1,29,39,14,2,0,6,17,10,22,4
504,19,32,34,17,25,15,4,11,14,36,16,61,2,19,20,11,24,42,15,36,35,27,23,34,48,39,10,36,8,32,3,10,12,37,14,21,20,11,37,21,12,11,11,14,18,32,2,30,25,19,17,38,11,2,24,12,6,7,13,34,39,26,30,20,19,10,2,22,60,29,8,33,16,39,13,12,20,49,9,56,23,22,7,32,2,1,31,39,14,2,0,6,17,10,23,4
505,19,32,34,17,24,15,4,11,14,36,15,61,2,19,20,11,24,44,15,36,35,27,23,34,49,39,10,36,9,34,3,10,12,37,15,20,20,11,37,22,12,11,11,13,18,34,2,30,25,19,18,39,11,2,24,12,6,7,13,34,39,28,31,20,18,10,2,22,61,29,9,33,16,39,14,12,20,49,9,56,23,22,7,32,2,1,31,39,14,3,0,6,17,10,23,5
506,18,32,34,17,25,15,4,12,13,36,14,61,2,20,20,11,24,44,15,36,35,27,24,34,49,40,10,36,9,34,3,10,12,37,15,20,21,11,40,22,11,10,11,13,18,34,2,30,24,20,18,40,11,2,25,12,6,8,13,34,39,29,31,20,18,10,2,22,61,30,9,33,17,39,14,12,21,50,9,57,23,22,7,33,2,1,33,39,15,3,0,6,17,10,23,5
507,17,32,34,17,25,15,4,12,12,37,14,61,2,21,20,11,24,44,15,36,35,27,24,35,49,40,10,36,9,35,3,10,12,38,15,20,21,11,40,22,11,10,11,14,18,35,2,30,25,20,18,40,11,2,25,12,6,8,12,35,39,31,31,20,17,10,2,22,61,30,9,34,17,39,14,12,21,51,9,57,24,22,7,33,2,1,32,39,15,3,0,6,17,10,23,5
508,18,32,34,17,25,15,4,14,13,37,14,63,2,21,20,11,25,44,15,36,36,27,24,35,49,40,10,36,9,35,3,11,12,38,15,20,21,11,40,22,11,10,11,14,18,35,2,30,25,20,19,40,11,2,26,12,6,8,12,36,39,31,30,20,17,10,2,23,61,30,9,34,17,39,14,12,21,51,9,56,25,22,7,33,2,1,32,38,15,3,0,6,17,10,23,5
509,19,32,34,17,25,15,4,15,13,37,14,64,2,21,20,11,25,44,14,36,35,27,24,34,49,40,10,36,9,35,3,12,12,39,15,21,21,12,39,21,12,11,11,15,18,34,2,30,25,19,20,41,11,2,26,13,6,8,12,36,40,32,30,20,17,10,2,23,62,31,9,35,17,39,14,12,21,51,9,57,25,23,7,33,2,1,32,38,15,4,0,6,17,10,23,5
510,19,32,34,17,25,15,4,15,14,37,14,64,2,21,20,11,25,44,14,36,35,27,26,34,50,41,10,37,9,35,3,12,12,40,15,21,21,12,40,21,12,11,11,15,18,34,2,30,25,19,20,41,12,3,27,13,6,8,12,37,41,33,30,20,17,10,2,23,62,31,9,35,17,39,14,12,22,53,9,57,25,23,7,34,2,1,32,38,15,4,0,6,18,9,23,5
511,19,32,35,16,25,15,4,15,15,37,14,65,2,21,20,11,25,45,14,36,35,27,26,34,51,41,10,37,9,35,3,12,12,40,15,21,21,12,40,22,12,11,11,16,18,34,2,30,27,19,20,41,12,3,28,14,6,8,12,37,41,33,31,20,17,11,2,23,62,31,9,38,17,38,14,12,22,53,9,57,26,23,7,34,2,1,33,38,15,5,0,6,18,10,23,5
512,19,32,35,16,25,15,4,15,15,38,14,65,2,21,20,11,26,45,14,37,35,28,28,35,51,41,10,38,9,35,3,12,12,40,15,21,21,12,40,22,12,11,11,16,19,34,2,31,27,20,21,41,13,3,28,14,6,8,12,37,42,34,31,20,17,11,2,23,62,31,9,38,17,38,15,12,22,52,9,57,27,23,7,35,2,1,33,38,15,5,0,6,18,10,23,5
513,19,32,35,16,25,16,4,15,15,37,14,65,2,21,20,11,26,46,14,37,34,28,30,34,51,42,10,38,9,35,3,12,11,40,15,21,22,12,40,22,13,11,11,16,19,35,2,31,27,20,21,42,13,3,29,14,6,8,13,37,44,35,31,20,17,11,2,23,64,31,9,39,17,39,15,13,23,52,9,57,27,23,7,36,2,1,34,38,15,5,0,6,18,10,23,5
514,19,32,36,15,25,16,4,15,15,38,14,65,2,21,20,11,26,48,14,38,34,28,30,34,52,43,10,38,9,34,4,12,11,40,15,21,22,12,40,22,13,12,11,17,19,35,2,31,28,20,21,43,13,3,31,14,6,8,13,37,46,34,31,21,17,11,2,23,66,31,9,41,17,40,15,14,23,52,9,57,27,23,7,35,2,1,34,38,15,5,0,6,18,10,23,5
515,19,34,36,16,26,16,4,15,16,38,14,66,2,21,20,11,26,49,14,38,34,28,30,34,53,44,10,38,9,34,4,12,11,40,15,21,22,13,40,22,13,12,11,17,19,35,2,31,28,21,21,43,13,3,31,14,6,8,14,37,47,34,32,21,17,11,2,23,67,30,9,41,17,40,15,14,24,52,9,57,27,23,7,35,2,1,34,39,15,5,0,6,18,10,22,5
516,19,35,36,17,26,16,4,15,16,38,14,66,2,21,21,11,26,49,14,39,33,28,30,34,53,44,10,38,9,35,4,12,11,41,15,21,24,13,40,22,13,12,11,17,19,34,2,31,28,21,21,43,13,3,31,14,6,8,14,38,47,34,33,21,17,11,2,24,67,30,9,41,17,40,15,15,24,53,9,59,27,23,7,35,2,1,34,38,15,5,0,6,18,10,22,5
517,20,37,36,17,25,16,4,15,16,37,14,66,2,21,21,11,27,49,14,38,33,29,30,34,53,44,10,38,9,35,4,12,11,42,16,21,24,14,41,22,12,12,11,17,20,34,2,31,28,23,21,43,13,3,32,14,6,8,14,38,47,34,34,21,17,12,2,23,68,30,9,41,18,40,15,15,24,53,9,58,28,24,7,35,3,1,35,38,16,5,0,6,18,10,22,5
518,21,37,36,18,25,16,5,15,17,38,14,66,2,20,21,11,27,50,14,38,33,30,30,34,54,44,10,39,9,35,4,12,11,43,16,21,24,14,41,22,13,12,11,17,20,34,2,32,29,23,21,44,12,3,32,14,6,8,14,38,48,34,34,22,17,12,2,24,68,30,9,42,18,41,15,15,24,53,9,58,28,24,8,35,3,1,35,39,18,5,0,6,18,10,22,5
519,20,37,37,18,25,15,5,15,17,39,14,66,2,20,21,11,27,50,14,38,34,30,30,34,56,44,10,40,9,35,4,12,11,44,16,21,24,14,41,22,13,12,11,17,20,34,2,32,29,23,22,45,12,3,32,14,6,8,14,38,48,34,33,22,17,13,2,24,68,32,9,42,18,40,15,15,24,54,9,58,28,24,8,35,3,1,35,40,19,6,0,7,18,10,22,5
520,21,38,38,19,25,16,5,15,18,39,14,68,2,21,21,11,27,50,14,38,34,30,30,35,57,44,10,40,9,35,4,12,11,44,16,21,24,14,41,22,14,12,11,17,20,34,2,31,29,23,22,46,12,3,32,14,6,7,14,38,48,35,33,22,17,13,3,25,68,32,9,42,18,40,15,15,24,54,10,58,29,24,8,35,3,1,36,40,19,6,0,7,18,10,23,5
521,22,37,38,19,26,17,5,15,18,41,14,69,2,21,21,12,27,48,14,39,34,31,30,35,57,44,10,40,9,35,4,12,11,44,17,21,24,14,42,22,14,12,11,17,21,35,2,31,30,23,22,47,12,3,32,14,6,7,14,38,48,35,33,22,18,14,3,25,68,34,9,43,19,40,15,15,24,54,10,59,29,24,8,35,3,1,36,40,20,6,0,7,18,10,24,5
522,22,39,38,20,26,17,5,16,18,41,15,70,2,21,22,12,28,48,14,40,34,31,31,35,58,44,10,40,9,35,4,13,12,43,17,22,24,13,43,23,14,12,11,17,21,35,2,31,32,22,23,47,13,3,33,14,6,7,14,38,49,35,33,22,18,14,3,25,69,34,9,43,19,40,15,15,24,54,10,61,29,24,9,35,3,1,36,41,20,6,0,7,18,10,24,5
523,22,39,38,20,26,18,5,16,18,41,15,74,2,21,21,12,27,48,14,40,34,31,33,36,58,45,10,39,10,36,4,13,12,43,18,22,24,13,44,23,14,13,11,17,21,35,2,31,32,22,24,47,13,3,33,14,6,7,14,39,49,35,33,22,19,13,3,25,71,34,11,43,19,40,15,16,24,54,10,61,29,24,10,36,3,1,39,41,20,6,0,7,17,10,24,5
524,23,40,38,20,26,18,5,16,20,41,15,74,2,21,23,12,29,49,14,40,35,31,33,37,58,45,10,39,10,37,4,13,12,43,18,22,25,14,44,23,14,13,11,17,22,35,2,31,32,24,24,47,13,3,33,14,6,7,15,38,50,35,32,22,19,13,3,25,71,34,12,42,19,40,15,16,24,55,10,62,30,24,10,36,3,1,40,43,20,6,0,7,16,10,24,5
525,23,40,38,21,26,18,5,16,20,41,15,74,2,21,22,12,29,49,14,42,36,31,35,38,58,45,11,41,10,38,4,14,12,44,18,22,25,15,45,23,14,13,11,17,22,35,2,31,32,25,24,47,13,3,34,14,5,7,15,40,50,34,33,22,19,14,3,26,71,34,12,43,19,41,15,16,24,56,10,62,30,26,10,35,3,1,41,44,20,6,0,7,16,10,24,5
526,23,40,40,21,26,17,5,16,20,41,15,75,2,21,24,12,28,48,14,42,37,31,35,37,59,45,11,40,10,38,5,14,12,45,19,22,25,15,45,23,14,13,11,17,23,36,2,31,32,25,24,47,14,3,34,14,5,7,15,40,50,34,33,22,19,15,3,26,73,36,12,44,19,41,14,16,24,56,10,62,30,26,10,35,3,1,42,45,21,6,0,7,16,10,23,5
527,23,41,40,21,26,17,5,16,20,42,15,74,3,21,24,12,28,48,14,42,38,32,36,37,59,45,11,40,10,39,5,14,12,45,19,22,25,15,45,24,14,13,11,17,24,36,2,31,33,26,25,48,14,3,34,15,5,7,15,40,50,34,33,22,18,16,3,26,73,36,13,45,20,40,14,16,24,56,10,63,30,26,10,35,3,1,43,45,21,6,0,7,17,10,24,5
528,23,41,40,21,26,17,5,16,20,43,15,75,3,21,24,12,28,49,14,42,39,32,36,36,60,45,11,42,10,39,5,14,12,45,20,23,25,15,45,24,14,13,11,17,24,37,2,31,33,26,25,49,14,3,34,15,5,7,15,42,49,34,33,23,18,16,3,26,75,37,13,45,21,40,14,16,24,58,11,62,30,26,10,35,3,1,43,45,21,6,0,7,18,10,24,5
529,23,41,41,22,26,17,5,16,20,43,15,76,4,21,24,12,28,49,14,42,39,32,36,37,60,45,12,43,10,39,5,14,12,46,20,24,25,16,45,24,14,13,11,18,24,37,2,31,33,26,25,50,14,3,36,15,5,7,15,42,49,34,33,23,18,16,3,26,75,37,13,45,21,41,15,16,25,60,11,63,30,27,10,34,4,1,45,45,22,6,0,7,18,10,25,5
530,24,41,41,23,26,17,5,16,20,43,15,77,4,21,24,12,28,50,15,43,39,32,37,38,61,45,12,43,10,40,5,14,13,46,20,24,25,16,47,24,14,13,11,18,24,37,2,31,34,26,25,50,14,3,36,15,5,8,15,41,49,34,33,23,19,16,3,27,75,38,13,45,21,42,15,16,25,62,11,63,30,27,10,34,4,1,45,45,22,6,0,7,18,10,25,5
531,24,42,41,23,26,18,5,17,20,43,15,77,4,21,25,13,29,50,15,44,39,32,38,38,61,46,12,43,10,40,5,15,13,45,20,24,25,16,50,24,14,13,11,18,24,38,2,31,34,28,25,51,14,3,36,15,5,8,15,41,49,34,33,24,19,16,3,27,76,39,13,45,23,41,15,16,27,64,12,63,31,28,10,34,4,1,45,44,22,6,0,7,18,10,25,5
532,24,41,42,23,26,18,5,17,19,44,15,77,4,21,26,13,29,51,15,44,40,32,38,38,61,46,13,44,10,40,5,15,13,46,20,24,26,16,49,24,14,13,11,18,23,38,2,32,34,29,25,51,14,3,37,15,5,8,15,42,50,34,33,24,19,16,3,28,76,39,13,45,23,41,15,16,27,66,12,65,32,28,10,35,4,1,45,44,22,7,0,8,18,10,25,5
533,25,42,42,22,26,18,5,17,20,45,15,77,4,21,26,13,29,51,15,44,40,32,39,38,61,46,13,45,11,41,5,15,13,46,20,24,26,16,50,24,14,13,11,20,24,38,2,32,35,30,25,51,14,3,37,17,5,8,15,42,52,34,33,24,19,16,3,27,78,39,13,44,23,43,15,16,27,67,12,66,32,28,10,35,4,1,45,44,23,7,0,8,18,10,25,5
534,25,41,41,23,26,18,5,17,21,45,15,77,4,22,26,14,29,51,15,44,40,33,39,38,62,46,13,46,11,42,5,16,13,47,20,25,26,16,50,24,14,13,11,20,24,39,2,32,35,31,25,51,14,3,37,17,5,8,15,42,52,34,33,24,19,16,3,27,80,39,13,45,23,43,15,16,27,69,12,66,32,28,10,36,3,1,45,45,23,8,0,8,18,10,25,5
535,25,41,42,23,26,18,5,16,21,45,15,78,4,22,27,14,29,51,15,45,40,34,40,38,62,47,12,46,11,42,5,16,14,47,20,25,26,15,50,24,14,13,11,20,25,39,2,32,35,32,25,50,14,3,37,17,5,8,14,43,52,34,34,24,19,16,3,27,81,40,13,46,24,45,16,16,27,69,12,65,32,28,10,37,3,1,45,45,22,8,0,8,18,10,25,5
536,25,41,42,23,26,20,6,16,21,45,15,78,4,22,26,14,29,51,15,45,40,34,40,38,62,48,12,46,12,42,4,17,14,47,20,25,27,15,50,25,15,13,10,20,25,39,2,32,35,33,26,50,14,3,37,17,5,8,14,44,52,35,34,24,19,16,3,27,81,40,13,46,24,45,16,17,27,71,12,67,32,30,10,38,3,1,46,46,24,8,0,8,18,10,25,5
537,25,41,42,24,27,20,6,16,21,46,15,78,4,23,27,14,29,50,15,45,41,34,40,39,62,48,12,46,12,42,4,17,14,47,21,25,27,15,51,25,15,13,9,20,25,40,2,33,36,33,26,50,14,3,37,17,5,7,14,44,51,36,35,24,19,16,3,27,81,41,13,45,24,45,18,17,27,72,12,67,32,31,10,38,3,1,46,46,24,7,0,8,18,10,25,5
538,26,41,43,24,27,20,6,16,21,47,15,78,4,23,27,14,28,50,15,45,41,34,40,40,63,47,12,46,12,41,4,17,15,47,21,25,27,15,51,25,15,13,9,20,25,40,2,33,36,33,27,49,14,3,38,17,5,7,14,44,52,36,35,24,20,16,3,27,82,41,13,45,24,46,18,17,27,73,12,67,32,31,10,39,3,1,47,46,24,7,0,8,19,11,25,5
539,26,42,43,24,27,20,6,16,21,48,15,78,5,25,29,14,28,50,16,46,41,34,41,41,63,48,12,46,12,41,4,17,15,47,21,24,28,15,51,25,15,13,10,20,25,40,2,33,36,33,26,48,16,3,38,17,6,7,14,43,52,36,36,25,20,16,3,28,81,41,13,45,25,48,19,17,27,74,13,67,32,32,10,41,3,1,47,48,23,7,0,8,19,11,26,5
540,26,42,43,25,27,20,6,16,21,49,15,79,5,25,29,14,28,50,16,46,41,36,41,42,65,50,12,46,12,41,4,17,15,48,22,24,29,16,51,25,15,13,10,20,25,41,2,33,38,35,27,47,16,3,38,17,6,7,14,43,52,37,36,25,20,16,3,29,82,43,14,45,25,48,19,17,27,76,13,68,32,32,10,41,3,1,47,48,23,7,0,9,19,11,26,5
541,26,42,43,25,28,20,6,16,21,51,15,79,5,25,29,13,28,50,15,46,42,36,42,42,66,50,13,48,12,41,4,17,15,48,23,24,32,17,51,25,16,13,10,20,26,41,2,33,38,35,27,47,17,3,38,17,6,7,14,43,52,37,36,25,20,16,3,29,83,43,14,46,25,49,19,15,27,77,13,68,33,32,10,41,3,1,47,48,23,7,0,9,19,11,26,5
542,26,42,43,26,28,20,6,16,21,51,15,79,5,25,29,13,29,51,16,46,43,36,42,42,68,51,13,48,12,41,4,17,15,48,23,24,32,17,51,27,16,13,10,20,26,41,2,34,39,35,28,47,18,3,38,17,6,7,15,44,53,38,36,26,21,16,3,29,84,44,15,46,25,50,19,16,27,78,13,69,33,32,10,41,3,1,47,48,23,7,0,9,19,11,26,5
543,26,42,43,26,28,20,6,16,21,51,15,80,5,25,30,13,29,55,16,46,43,36,42,42,70,50,13,49,14,41,4,17,15,48,23,24,33,17,51,27,17,13,11,20,26,41,3,34,39,35,27,47,19,3,38,17,6,7,14,43,54,38,37,27,21,16,3,30,86,44,15,46,25,50,19,16,27,81,14,70,33,32,10,41,3,1,47,48,24,7,0,9,19,11,26,5
544,26,42,43,26,29,20,6,16,21,51,15,80,5,25,30,13,30,57,16,45,43,36,42,43,71,50,13,51,14,41,4,17,16,48,23,25,34,17,52,27,18,13,12,20,26,41,3,34,39,35,27,47,20,3,39,17,6,7,14,42,55,39,37,27,21,16,3,31,87,44,15,46,27,51,19,16,27,81,14,73,33,33,10,41,3,1,47,49,24,7,0,9,19,11,26,5
545,26,41,42,28,29,20,6,16,21,51,15,81,5,25,30,13,32,58,16,45,43,38,42,43,71,50,13,51,14,42,4,17,16,48,23,25,34,17,52,27,18,14,11,20,26,41,3,34,39,35,27,47,20,3,40,17,6,7,14,42,57,38,37,27,20,16,3,31,87,44,16,47,27,51,20,16,26,82,14,74,33,33,10,41,3,1,47,49,24,7,0,9,20,11,27,5
546,26,41,43,28,29,20,6,16,21,52,15,83,5,25,30,13,32,58,17,45,43,38,42,43,72,50,13,51,14,43,4,17,16,50,23,25,34,17,52,26,18,14,11,20,26,41,3,34,39,35,28,48,20,3,40,18,6,7,13,42,58,38,37,27,20,16,3,31,88,44,16,47,27,51,19,16,26,82,14,74,34,34,10,40,3,1,47,49,24,7,0,9,21,11,27,5
547,26,41,43,28,28,20,6,16,21,52,15,84,5,25,31,14,34,59,17,45,43,38,41,43,72,49,13,51,14,43,4,17,17,50,23,25,35,17,52,26,18,14,11,20,26,41,3,35,39,35,28,48,21,3,39,18,6,7,13,42,57,38,37,27,20,16,2,32,88,44,16,48,27,51,19,16,27,84,14,75,34,35,10,40,3,1,47,49,25,8,0,9,21,11,29,6
548,27,42,44,28,30,21,6,16,21,52,15,84,5,25,32,14,34,60,17,45,42,38,44,44,73,49,13,51,14,45,4,18,17,51,24,25,35,17,52,25,19,14,11,20,26,41,3,35,39,35,27,49,22,3,39,19,6,7,13,43,57,38,37,27,20,16,3,33,89,45,16,48,27,52,19,17,28,85,14,75,34,36,10,40,3,1,47,49,25,8,0,9,21,11,30,6
549,27,43,44,28,30,21,6,16,21,53,15,84,5,25,33,14,35,60,17,45,42,38,47,44,74,49,13,51,14,46,4,18,17,52,24,26,35,17,53,25,19,14,12,21,28,42,3,35,39,35,27,49,23,3,40,19,6,7,13,43,57,39,37,28,20,16,3,33,89,46,16,50,29,51,19,17,29,85,14,76,34,37,10,40,3,1,48,49,24,8,0,9,21,11,29,7
550,29,44,44,29,30,21,6,16,21,55,15,85,5,25,33,14,35,60,19,46,43,38,48,44,74,49,13,51,14,46,4,18,18,52,24,26,36,17,53,25,19,14,12,21,28,42,3,37,39,35,26,50,23,4,39,19,6,7,13,43,58,39,39,28,20,16,3,33,89,47,16,49,29,50,19,17,30,88,14,76,35,38,11,41,3,1,49,49,24,8,0,9,21,11,28,7
551,29,45,45,29,32,23,6,17,21,55,16,88,5,25,33,14,35,61,19,46,41,41,47,43,74,49,13,51,14,47,4,19,18,52,24,26,37,17,54,27,19,14,13,21,28,43,3,38,40,34,26,50,24,4,40,19,6,7,13,43,58,39,39,30,20,17,3,33,89,47,17,50,30,50,19,17,30,89,14,77,34,40,11,41,4,1,50,49,24,8,0,9,21,11,30,7
552,28,44,48,28,33,23,6,17,21,57,16,89,6,26,33,14,35,61,19,46,41,42,47,43,74,49,13,51,15,48,4,19,18,52,24,26,37,17,55,27,19,14,13,22,28,43,3,38,40,34,26,51,23,4,40,19,6,7,13,43,59,39,39,31,20,17,3,34,89,47,17,50,30,52,19,16,30,90,14,77,34,41,12,42,4,1,50,51,24,8,0,9,21,11,30,7
553,29,45,48,28,33,23,6,17,23,57,17,89,7,26,33,14,36,61,19,45,41,42,48,43,74,49,12,51,15,48,4,19,18,52,24,26,38,18,55,28,19,14,13,22,28,43,3,38,40,34,26,51,23,4,40,21,6,7,13,44,59,39,39,31,20,17,3,35,90,49,17,52,31,52,19,16,30,90,14,77,34,41,12,42,4,1,52,51,24,8,0,9,21,12,30,7
554,30,45,49,28,33,23,6,17,23,57,17,89,7,26,34,14,39,61,19,45,41,42,48,42,75,49,12,51,17,48,3,19,18,54,24,26,39,18,56,29,19,14,13,22,28,44,3,38,40,34,26,51,23,4,40,21,6,7,13,44,60,40,39,31,20,17,3,36,90,50,17,53,32,52,19,16,31,90,14,79,32,42,12,42,4,1,52,51,24,8,0,9,20,12,30,7
555,31,45,49,28,33,23,6,17,24,57,17,89,7,26,33,14,39,61,19,46,41,42,48,42,75,49,12,53,17,49,3,19,18,54,24,26,40,18,56,29,19,14,13,22,28,44,3,38,41,34,26,53,23,4,42,21,6,7,13,45,59,40,39,30,20,16,3,36,90,51,17,54,32,54,19,16,31,92,14,81,32,42,12,42,4,1,53,51,26,8,0,9,19,12,30,7
556,32,46,50,28,35,23,6,17,24,57,17,89,7,26,33,14,40,62,19,46,42,42,48,44,76,49,12,53,17,49,3,19,18,56,24,26,40,18,56,29,19,14,13,22,28,45,3,38,41,34,26,53,23,4,42,21,6,7,15,45,61,40,39,30,20,16,3,38,90,52,17,55,33,54,19,16,31,92,15,82,32,42,12,42,4,1,53,53,26,8,0,9,19,12,30,7
557,32,46,52,28,35,23,6,17,24,57,17,89,7,26,33,14,41,62,19,46,42,42,48,44,75,49,12,53,17,49,3,19,19,58,24,26,40,18,57,30,19,14,13,22,28,47,3,38,42,34,26,52,23,4,42,21,7,7,15,45,63,40,39,30,21,16,3,38,90,51,17,55,33,54,19,16,31,93,15,82,32,42,12,42,4,1,53,53,26,8,0,9,19,13,30,8
558,33,46,52,29,35,24,7,17,24,57,17,90,7,26,33,14,41,62,19,46,43,42,49,46,72,50,12,53,17,49,3,19,19,59,24,26,40,18,59,31,19,14,13,24,28,46,4,38,42,34,26,52,23,3,42,21,7,7,15,45,64,41,39,30,21,17,3,38,91,51,18,56,33,54,19,16,31,95,15,82,33,42,12,43,4,1,54,55,26,8,0,9,19,13,30,8
559,33,46,52,29,35,24,7,17,24,58,17,93,7,26,34,14,42,64,19,46,43,42,50,48,73,50,12,54,17,49,3,20,19,59,24,26,40,18,60,31,19,14,13,24,28,46,5,38,42,34,28,54,23,3,44,21,7,8,15,45,64,42,39,30,21,17,3,38,91,51,18,56,34,54,19,16,31,97,15,83,33,43,12,45,4,1,54,55,27,8,0,9,19,13,30,8
560,33,46,53,30,36,24,7,18,25,58,17,94,7,26,34,14,43,65,19,46,45,43,51,49,74,50,12,55,18,50,3,20,19,59,24,26,39,18,59,31,19,13,13,25,28,45,5,38,42,34,28,54,24,3,44,21,7,9,15,45,64,43,40,30,21,17,3,38,92,51,18,57,34,54,19,16,31,96,15,83,33,44,12,46,4,1,54,55,28,8,0,9,19,13,30,8
561,33,46,53,30,37,24,7,18,26,58,17,94,8,25,34,14,46,67,19,46,45,43,53,49,74,49,12,55,18,50,3,20,20,59,24,26,39,17,59,33,19,13,13,25,28,45,5,38,42,33,29,54,24,3,44,21,7,10,15,45,63,43,41,33,21,17,3,39,93,51,18,57,34,56,20,16,31,97,14,83,33,44,12,48,4,1,54,55,29,8,0,9,19,13,29,8
562,33,46,53,30,37,24,7,18,26,58,17,95,8,24,34,14,47,69,18,46,45,43,53,50,75,49,12,55,18,50,3,20,21,59,23,26,39,17,59,33,19,13,13,25,29,45,5,38,41,33,30,54,24,3,44,22,7,11,14,46,63,43,41,33,22,17,3,39,96,51,18,58,34,57,20,16,31,96,14,84,34,44,12,48,4,1,54,56,30,8,0,9,19,13,30,8
563,33,46,53,30,37,26,7,18,27,58,17,95,8,24,36,14,46,70,18,47,45,43,53,50,75,50,12,57,18,50,3,19,21,59,23,25,39,17,62,33,19,13,13,25,29,45,5,38,41,33,31,55,24,3,44,22,7,11,14,46,63,44,41,33,22,17,3,39,97,51,19,58,36,58,20,16,31,98,14,86,34,46,12,48,4,1,54,56,30,8,0,9,19,13,31,8
564,33,46,53,31,36,27,7,18,27,58,17,96,8,24,37,14,46,71,18,49,45,43,54,50,75,50,12,57,19,50,3,19,22,60,23,25,39,17,62,33,19,13,13,25,29,45,5,38,41,33,32,56,24,3,44,22,7,12,14,46,66,44,42,34,22,17,3,40,99,54,19,59,36,59,20,16,32,100,14,86,33,46,12,48,4,1,55,58,30,8,0,9,19,13,31,8
565,33,46,54,32,36,28,7,18,27,58,18,96,7,24,38,14,46,71,18,49,46,43,53,50,75,50,12,58,19,51,4,19,22,60,23,25,39,17,63,33,20,13,13,25,29,45,5,40,41,33,32,57,24,3,44,21,7,12,15,46,66,45,42,36,22,17,3,40,100,55,19,60,36,61,21,16,32,100,15,87,33,46,12,49,4,1,55,59,30,8,0,9,19,14,31,9
566,34,47,54,32,36,28,7,18,27,58,18,96,7,24,38,14,47,70,18,49,46,43,55,50,76,51,12,59,19,51,4,20,21,61,23,25,39,17,63,33,20,13,13,25,29,45,5,40,43,34,32,58,24,3,44,22,7,12,15,47,66,45,42,36,22,17,3,40,101,56,19,61,36,63,21,16,32,100,16,87,33,46,12,50,4,1,54,60,30,8,0,9,19,14,31,9
567,35,47,54,33,39,28,7,18,28,59,19,96,7,24,38,14,47,70,18,49,46,43,56,50,76,51,12,59,19,51,4,20,22,60,23,25,41,17,64,34,20,13,13,26,29,45,5,40,43,33,32,59,25,3,45,22,7,12,15,48,66,45,43,37,22,17,3,40,103,56,19,61,36,63,21,16,32,99,16,87,33,49,12,51,4,1,56,61,30,8,0,9,19,14,31,9
568,35,48,54,33,41,28,7,18,30,60,19,97,8,24,37,14,48,70,18,49,47,43,58,49,76,51,12,60,19,50,3,20,22,60,23,26,41,17,65,34,20,14,13,27,29,48,5,40,42,33,32,59,25,3,45,22,7,12,15,48,67,46,44,38,23,17,3,39,103,57,19,61,36,63,22,17,35,100,16,86,34,49,12,51,4,1,57,60,30,8,0,9,19,13,31,9
569,36,49,54,33,44,28,7,20,30,60,19,98,8,24,37,16,50,71,18,50,48,43,59,49,76,51,13,60,19,50,4,20,23,60,24,26,42,17,66,34,20,14,13,27,29,48,5,40,42,33,32,60,25,3,45,22,7,12,15,48,67,48,44,38,22,17,3,39,102,58,19,61,37,63,24,17,35,100,16,85,34,49,12,51,4,1,57,62,31,8,0,10,19,13,31,10
570,37,48,55,33,44,27,7,20,30,61,18,97,8,25,36,16,50,73,19,50,48,43,60,48,76,51,13,61,19,50,4,20,23,61,24,26,42,18,66,34,20,14,14,27,30,48,5,40,42,33,32,60,25,3,45,22,7,12,15,48,67,50,44,38,23,17,3,39,101,59,20,61,37,63,24,17,35,102,17,86,34,51,12,51,4,1,59,63,31,9,0,10,19,13,31,10
571,38,49,55,33,45,28,7,21,30,61,18,98,8,25,36,16,53,73,20,49,48,43,63,48,75,51,13,62,19,49,4,20,23,61,24,26,44,18,67,34,21,14,14,27,30,49,5,40,42,34,32,60,25,3,45,22,7,13,15,49,68,52,44,38,23,17,3,40,101,60,20,62,38,63,24,18,36,103,17,87,33,51,12,54,4,1,59,64,32,9,0,10,19,13,32,10
572,38,51,55,33,45,28,7,21,31,63,18,101,8,25,37,16,53,75,20,48,48,43,64,49,76,54,14,63,19,51,4,20,24,60,24,26,44,18,67,34,22,14,14,27,31,50,5,40,42,34,33,60,25,3,45,22,7,13,15,50,68,52,44,39,23,17,3,40,102,60,22,62,38,63,24,18,37,104,18,87,33,51,12,55,4,1,59,64,32,9,0,10,19,13,32,10
573,38,51,56,33,46,28,7,22,30,62,18,100,8,25,37,17,53,75,20,48,49,44,65,50,77,54,14,66,20,52,4,20,24,61,24,26,45,18,67,37,22,14,14,27,32,51,5,40,41,34,34,60,25,3,45,22,7,13,16,51,69,52,43,39,22,17,3,40,104,62,22,61,40,63,23,19,36,104,18,87,33,51,12,56,4,1,59,66,32,9,0,10,18,13,32,10
574,38,50,55,33,44,28,7,22,30,63,18,103,8,24,37,17,53,77,21,48,49,44,65,53,76,54,14,67,20,53,4,20,25,61,24,26,47,18,68,37,22,14,14,28,32,51,5,42,41,35,34,60,25,3,45,22,7,13,16,51,68,53,44,40,23,17,3,40,105,64,22,61,41,64,25,19,38,104,18,88,33,51,12,56,5,1,59,67,32,9,0,10,18,13,33,10
575,38,51,55,33,44,28,7,22,31,64,18,102,8,24,37,17,53,76,21,48,50,44,66,53,78,55,14,68,20,55,4,20,25,62,24,26,46,18,69,37,21,14,14,28,32,53,5,42,41,36,34,60,25,3,45,22,7,13,16,52,70,53,46,41,23,17,3,41,106,64,21,62,42,64,25,19,38,104,18,88,33,51,12,56,5,1,59,68,32,9,0,10,18,13,34,10
576,38,51,55,32,44,28,7,22,31,64,18,105,8,24,37,17,53,76,21,48,50,44,67,53,77,55,14,71,20,56,4,20,25,62,24,26,45,18,71,37,21,14,16,28,32,53,5,42,41,36,35,59,25,3,45,22,7,13,17,53,70,53,47,41,24,17,3,42,108,65,21,63,42,66,25,19,38,105,18,91,33,55,12,56,5,1,59,70,32,9,0,10,19,13,34,11
577,38,54,55,32,43,28,7,22,31,65,19,105,8,24,38,17,53,77,21,48,50,44,68,53,78,55,15,71,20,56,4,20,25,62,24,26,46,18,73,39,21,14,16,28,32,54,5,42,41,36,35,59,26,3,45,22,7,13,17,53,71,55,47,41,24,17,3,42,109,66,21,63,42,67,25,19,38,106,18,92,33,55,12,56,5,1,59,72,32,9,0,10,19,13,34,11
578,38,55,56,32,43,29,7,22,31,66,19,105,9,25,39,17,53,79,20,49,50,45,68,54,78,56,15,71,20,59,4,20,25,62,24,26,46,18,74,38,21,14,16,28,32,54,5,42,42,36,35,60,26,4,45,22,7,14,17,53,72,57,47,42,24,17,3,43,110,66,21,64,42,67,24,20,38,107,18,92,33,55,12,56,5,1,58,74,32,9,0,10,21,13,33,12
579,38,56,57,31,43,29,7,22,31,67,19,103,10,25,39,18,53,80,20,49,50,45,68,54,78,56,16,71,20,60,4,21,25,63,24,26,47,18,74,37,21,14,16,29,32,55,5,42,44,36,36,60,26,4,44,22,7,14,17,55,72,57,48,43,25,17,3,44,111,67,21,64,42,68,24,20,38,108,18,93,33,54,12,56,5,1,60,74,31,9,0,10,21,13,33,11
580,39,56,58,31,43,29,7,23,31,67,19,104,10,25,39,18,54,80,20,50,51,46,68,54,78,57,16,71,20,61,5,22,25,64,24,26,47,18,74,38,21,15,16,29,32,55,5,43,43,36,36,61,26,5,45,22,7,14,17,55,72,57,48,43,25,17,3,44,112,69,21,64,42,70,24,20,39,108,17,93,33,54,12,56,5,1,61,74,31,9,0,10,21,13,34,11
581,40,58,59,31,44,29,7,23,31,68,19,105,10,25,40,18,54,80,19,50,52,46,68,54,78,57,16,70,22,61,5,22,26,64,24,26,48,19,76,38,21,15,16,28,32,55,5,44,45,36,36,61,26,5,48,22,6,14,17,56,72,57,48,43,25,17,3,44,113,70,22,64,43,70,24,21,41,109,17,93,34,54,12,56,5,1,61,75,31,9,0,10,22,13,34,11
582,40,60,60,33,44,29,7,23,31,70,19,105,10,26,40,18,54,82,20,51,55,46,68,55,79,57,16,70,22,60,5,22,26,65,24,26,47,19,76,38,21,15,17,28,33,56,5,44,45,36,36,61,26,5,49,22,6,15,17,57,72,57,49,43,25,17,3,46,115,71,22,64,43,72,25,21,41,110,17,94,33,52,12,57,5,1,63,76,32,9,0,10,23,13,34,11
583,40,63,59,33,44,28,8,24,31,71,19,106,10,26,40,18,53,82,20,51,56,46,68,55,80,58,16,70,22,61,5,22,26,66,24,26,48,19,76,38,21,16,17,28,33,57,5,44,45,36,36,62,27,5,51,23,6,16,17,57,72,57,50,44,25,17,3,46,116,72,22,65,44,71,25,21,40,110,17,93,33,53,12,56,5,1,63,78,32,9,0,10,23,13,34,11
584,40,63,60,33,44,28,8,23,31,71,19,106,10,26,41,19,53,83,20,51,56,45,68,55,80,58,16,70,24,61,5,22,26,66,24,26,48,20,76,38,21,16,18,28,33,58,5,44,45,36,37,62,27,5,51,24,7,16,16,56,72,60,51,44,25,18,3,46,116,72,22,66,46,72,26,21,40,110,17,94,33,54,12,55,5,1,63,78,32,9,0,10,25,13,33,11
585,40,63,62,33,47,28,8,24,31,71,19,107,10,26,41,19,53,83,20,51,57,46,69,55,80,57,16,70,24,60,5,23,26,66,25,27,48,20,77,38,23,16,18,29,33,58,5,44,46,36,37,62,27,5,50,24,7,16,16,56,72,60,52,44,25,18,3,46,119,73,22,66,46,73,26,21,40,111,17,94,33,54,12,55,5,1,63,78,32,9,0,10,26,14,32,12
586,40,63,62,33,47,28,8,24,31,71,19,107,10,26,41,19,53,84,20,51,57,47,71,55,82,57,16,70,24,62,6,23,26,66,25,27,48,20,77,38,23,16,19,29,33,58,5,44,46,36,37,62,27,5,50,24,7,16,16,56,73,60,52,44,25,19,3,46,120,73,24,66,45,73,26,21,39,113,19,95,32,54,12,55,5,1,62,78,32,9,0,10,26,15,32,12
587,40,63,62,34,47,28,8,24,31,72,19,109,10,26,41,18,53,85,20,51,57,47,72,57,83,57,16,72,24,62,5,23,26,66,25,27,49,20,78,38,24,17,19,29,34,59,5,44,48,35,37,62,27,5,52,24,7,16,16,56,73,60,53,43,25,19,3,46,120,73,26,67,45,74,26,21,40,113,19,95,32,54,12,55,5,1,62,79,32,9,0,10,27,15,32,12
588,40,65,63,34,47,29,8,24,31,73,19,109,10,27,41,18,54,85,20,51,57,47,73,58,84,58,16,72,24,63,5,23,29,66,25,27,50,20,78,38,24,18,20,29,34,59,5,46,48,35,38,62,28,5,52,24,7,15,17,55,74,60,53,44,26,20,3,45,122,74,26,67,45,75,26,21,40,115,19,96,32,54,12,56,5,1,63,80,32,9,0,10,29,15,32,12
589,40,65,65,34,47,29,8,24,31,75,19,109,10,27,41,18,54,86,20,52,56,47,74,59,85,57,16,74,24,63,5,23,29,67,24,27,50,20,78,38,24,18,20,29,34,60,5,47,49,35,39,62,28,5,54,24,7,16,16,54,74,60,52,44,26,20,3,47,121,76,26,66,45,77,26,21,40,115,19,96,32,54,12,56,5,1,64,79,32,10,0,10,31,15,32,12
590,40,65,65,34,48,29,8,24,31,74,19,111,10,28,41,18,54,86,22,51,56,47,74,59,87,57,16,74,25,63,6,23,29,68,25,27,49,20,79,38,24,18,21,29,34,60,5,47,50,36,39,63,29,5,54,24,7,16,17,54,74,60,51,44,26,20,3,47,124,77,26,66,46,77,26,22,41,116,19,98,32,54,12,56,5,1,64,79,32,10,0,10,31,15,32,12
591,41,67,68,33,48,29,8,25,32,76,19,115,10,28,41,18,55,87,22,51,57,48,74,59,87,57,16,76,25,64,6,22,29,68,25,27,50,20,80,39,24,18,22,29,33,60,5,48,49,36,39,63,29,5,54,24,7,16,17,54,74,62,52,44,26,20,3,49,124,78,27,66,45,77,26,22,41,117,19,97,32,54,12,57,5,1,65,81,32,10,0,10,31,15,32,12
592,41,70,69,33,50,29,8,25,32,76,20,117,10,28,42,18,55,88,23,53,57,48,74,61,88,59,17,77,24,65,6,23,29,68,25,27,50,20,80,39,25,18,23,29,32,62,4,49,49,37,40,64,30,5,56,25,7,17,17,56,76,62,53,45,26,20,3,50,124,79,28,66,45,77,26,22,41,118,19,98,32,54,12,57,5,1,66,81,32,11,0,10,31,16,32,12
593,41,70,69,33,50,30,8,24,33,76,20,117,10,28,43,18,56,88,23,56,57,48,74,62,88,59,17,77,24,67,6,23,29,68,25,27,51,20,80,40,26,18,23,30,32,62,4,50,48,37,40,64,31,5,56,25,7,17,17,58,77,62,53,46,26,20,3,51,127,81,28,66,45,77,27,22,42,118,19,98,32,54,12,58,5,1,67,81,32,11,0,10,31,16,31,12
594,41,70,70,33,50,30,8,24,34,76,21,119,10,28,44,18,56,88,23,58,57,48,75,61,89,60,17,77,24,68,6,23,29,68,25,28,51,20,81,40,26,18,24,30,32,63,4,50,48,37,39,65,31,5,57,25,7,17,17,58,78,63,54,46,26,20,3,50,129,81,28,66,45,78,27,22,42,121,20,104,32,54,12,59,5,1,67,82,33,11,0,10,31,16,31,13
595,41,71,70,33,50,30,8,24,34,78,21,119,10,28,44,18,58,88,23,58,58,48,76,62,89,60,17,77,24,68,7,23,29,68,25,29,53,20,81,40,26,18,24,30,32,63,4,50,47,38,39,66,30,5,58,25,7,17,18,58,77,63,55,47,25,21,3,51,129,80,28,68,46,77,28,22,42,124,20,104,32,56,12,58,5,1,67,82,33,11,0,10,31,16,31,13
596,42,71,70,33,49,30,8,24,37,78,21,118,10,28,44,18,59,88,23,59,60,48,76,62,88,60,17,76,24,67,7,23,29,68,26,29,53,20,83,40,26,20,24,30,33,63,4,51,47,38,38,67,30,5,58,25,7,17,18,58,77,63,56,49,25,21,3,51,132,80,28,68,46,77,28,22,42,123,21,106,32,58,11,58,5,1,67,82,33,11,0,10,33,16,31,13
597,41,71,70,34,49,30,8,23,38,78,20,121,10,28,44,18,59,88,23,59,62,48,76,63,88,61,17,77,24,67,7,23,29,68,26,28,53,20,85,40,26,20,25,30,33,63,4,50,47,37,38,68,30,5,58,25,7,17,18,59,77,63,57,50,25,21,3,52,135,80,28,68,46,77,28,22,42,122,21,108,32,58,11,57,5,1,69,84,33,11,0,10,33,16,31,13
598,41,71,71,35,49,30,9,23,38,79,21,121,10,29,44,18,59,88,24,59,62,48,76,64,88,61,18,77,24,67,7,23,29,69,26,28,53,20,85,41,26,20,25,31,33,63,4,50,48,37,39,68,31,5,58,25,7,17,18,59,78,64,57,50,25,21,3,52,139,82,28,67,46,78,28,22,42,123,20,108,32,60,12,58,5,1,70,85,33,11,0,10,33,16,32,13
599,41,72,71,35,50,30,9,23,38,79,22,122,10,29,43,18,58,89,25,59,61,47,76,64,89,61,18,78,24,68,7,23,29,72,26,28,53,21,86,41,26,20,25,31,32,64,4,50,48,37,39,69,32,5,58,25,7,17,18,59,79,65,59,50,25,21,3,52,139,82,28,68,46,80,29,22,42,123,20,108,32,60,12,58,5,1,73,86,33,11,0,10,34,16,31,13
600,41,72,71,35,50,30,9,23,38,79,23,122,9,29,44,19,59,89,25,59,62,47,76,64,88,60,18,78,24,69,7,25,29,74,26,29,53,21,86,41,26,20,25,32,32,64,4,51,48,37,40,70,32,5,60,26,7,17,18,59,79,65,58,50,25,21,3,52,139,83,29,71,46,81,31,23,42,125,20,108,32,61,12,59,5,1,73,87,33,11,0,10,35,16,31,13
601,42,72,71,36,51,30,9,23,38,81,24,123,10,29,44,19,61,90,25,60,61,48,76,65,89,60,18,78,24,69,7,25,30,75,26,29,54,21,86,41,26,20,25,32,32,66,4,50,48,37,41,72,33,5,61,26,7,17,18,60,80,67,59,50,26,22,3,53,141,82,29,71,46,82,31,23,42,128,20,108,32,61,13,59,5,1,74,88,33,11,0,10,35,16,31,13
602,42,74,73,36,52,31,9,23,38,82,24,122,10,29,44,19,62,92,25,60,61,47,76,65,88,61,18,78,24,69,8,25,31,76,26,30,54,22,89,42,26,21,25,32,31,65,4,49,48,37,42,75,34,5,64,27,7,17,18,60,82,68,59,49,26,23,3,53,142,82,29,72,46,82,32,23,42,129,20,109,34,61,13,59,5,1,77,88,33,12,0,10,36,17,32,13
603,43,74,75,36,52,32,9,23,38,82,24,122,11,30,45,19,61,95,25,60,61,49,78,64,89,61,19,78,24,70,8,25,32,75,26,30,54,22,89,42,26,21,25,33,31,65,4,50,51,37,43,75,34,5,64,27,7,18,19,60,82,68,60,49,25,23,3,53,142,81,29,73,46,83,32,23,44,129,20,110,34,61,13,59,5,1,77,89,33,12,0,10,37,17,32,14
604,43,75,75,39,52,32,9,23,40,83,24,124,11,30,46,19,62,96,25,59,61,49,78,64,89,61,19,78,24,70,8,25,33,74,26,30,53,21,90,43,28,21,25,34,31,65,4,50,53,37,43,76,34,5,64,27,7,18,20,60,83,68,61,49,24,24,3,53,142,81,28,75,46,85,32,23,44,129,21,110,34,62,13,59,6,1,79,89,34,12,0,10,37,18,31,14
605,44,75,76,39,53,33,9,23,40,84,24,124,11,32,47,20,62,96,26,61,61,49,79,65,90,63,19,78,24,71,8,27,33,74,26,30,53,21,90,43,28,21,25,34,31,65,4,51,54,38,43,76,34,5,63,27,7,18,20,61,85,69,64,50,24,24,3,53,141,81,28,75,46,85,32,23,44,131,22,110,34,62,13,60,6,1,79,91,34,12,0,10,37,19,31,14
606,45,74,76,40,53,33,9,23,40,84,24,125,11,32,48,20,63,97,26,62,61,48,80,65,90,63,19,79,25,71,7,27,33,74,26,30,54,21,91,43,29,21,24,34,31,66,4,51,54,39,43,76,34,5,63,27,7,19,20,62,85,69,63,51,24,24,3,53,140,82,28,77,46,87,33,24,45,131,22,113,34,64,13,62,6,1,79,91,35,12,0,10,37,20,31,14
607,45,74,76,39,54,34,9,23,40,85,25,125,11,32,49,20,64,96,27,62,63,48,82,65,90,63,19,80,25,74,7,27,33,74,26,31,55,21,92,43,30,21,24,33,31,66,4,51,54,38,43,75,34,5,63,28,7,20,20,62,85,70,63,51,26,24,3,55,140,81,28,78,46,89,33,25,45,131,22,113,34,64,13,63,6,1,80,93,35,12,0,10,38,20,31,14
608,45,73,76,39,55,34,9,23,40,85,25,126,12,33,49,20,65,96,28,63,63,48,82,66,91,64,19,80,25,73,7,27,33,74,26,31,55,21,91,42,30,21,25,33,32,67,4,51,53,39,43,75,34,5,62,28,7,20,20,62,86,71,63,51,26,24,3,55,141,83,28,79,47,91,33,26,45,131,23,114,35,65,13,64,6,1,81,92,36,12,0,10,38,20,32,15
609,46,74,75,41,56,35,9,23,42,85,25,129,13,34,49,20,65,97,28,63,64,48,82,67,90,64,20,81,25,73,7,27,33,76,27,31,55,21,91,43,30,21,25,33,32,67,4,51,54,39,43,75,33,5,62,28,6,20,20,62,87,70,64,52,26,24,3,55,141,83,29,80,47,92,34,27,45,131,23,116,36,66,13,66,6,1,82,92,36,12,0,10,38,20,33,15
610,47,73,75,43,56,35,9,23,42,85,25,130,13,34,50,20,65,98,29,63,64,48,81,66,91,64,21,82,25,73,8,27,33,76,27,31,55,21,91,43,30,21,25,33,32,67,4,51,55,39,43,76,34,5,62,28,6,20,20,62,87,71,64,52,26,24,3,55,140,83,29,79,48,95,35,27,46,131,23,121,36,66,13,66,6,1,82,93,36,12,0,10,38,21,34,15
611,47,75,76,46,56,35,9,23,42,84,25,130,13,34,50,20,64,101,29,63,65,48,81,68,91,65,21,82,27,74,8,27,33,76,28,31,56,21,92,45,30,21,26,33,32,68,4,51,54,39,42,76,34,5,63,29,7,20,20,62,88,72,64,52,27,23,3,55,140,84,30,79,49,95,36,28,46,131,23,123,38,67,13,66,6,1,83,93,36,12,0,10,38,21,33,15
612,47,75,76,46,56,35,9,23,42,84,24,130,13,34,50,20,64,103,29,63,66,48,84,69,91,66,21,85,27,75,8,27,33,75,28,32,57,21,91,45,30,21,25,33,33,68,4,52,55,39,43,77,35,5,63,29,7,20,20,61,91,73,64,54,27,23,3,55,140,86,30,79,50,96,37,28,49,131,23,124,39,67,13,66,7,1,84,94,36,12,0,10,38,22,33,15
613,48,76,78,46,57,35,9,23,42,84,24,134,13,34,51,20,65,103,30,64,65,47,85,69,92,66,21,86,27,76,8,27,33,76,28,32,58,21,92,45,33,22,25,33,33,68,4,52,56,41,44,78,36,4,63,30,6,20,20,61,94,73,65,54,27,22,3,55,141,86,30,79,50,98,37,29,50,132,23,122,39,67,13,67,9,1,84,95,37,12,0,10,38,21,33,15
614,49,77,78,46,58,35,9,24,42,85,24,134,13,34,52,20,64,105,30,65,66,47,86,70,92,66,21,85,27,77,8,27,33,76,28,33,58,22,93,45,33,23,25,34,33,69,4,51,56,41,45,79,36,4,63,30,6,19,20,61,96,73,65,55,27,22,3,55,142,87,30,78,51,99,38,30,50,133,23,122,38,67,13,67,9,1,86,97,37,12,0,10,38,22,33,15
615,49,77,77,46,58,35,10,24,43,84,24,135,13,34,52,20,65,108,31,65,67,47,86,71,92,66,21,86,27,78,8,27,33,78,28,32,58,22,94,45,34,23,26,34,34,69,5,52,56,42,45,79,36,4,64,30,6,19,20,60,95,74,66,55,27,22,3,55,143,88,30,79,51,101,39,29,50,133,23,123,39,68,13,67,10,1,87,100,37,12,0,11,38,22,33,15
616,49,79,77,46,58,36,10,24,43,84,24,138,13,34,53,20,65,110,31,67,68,47,86,71,94,66,21,87,27,80,8,27,33,77,29,32,58,22,95,45,34,23,26,34,34,69,5,53,57,43,47,78,36,4,64,31,6,19,20,61,96,73,67,54,27,22,3,55,146,88,30,81,53,104,40,29,52,134,24,126,39,68,13,67,10,1,87,101,38,12,0,12,39,22,34,15
617,49,80,77,46,58,36,10,25,43,85,24,139,13,34,53,20,64,110,31,67,68,47,87,71,96,66,21,90,27,79,8,27,33,77,29,32,58,22,95,45,35,24,27,34,35,72,5,53,56,44,47,78,37,4,65,31,7,19,20,60,97,74,66,56,27,22,3,56,149,89,30,82,53,106,40,29,52,133,24,127,39,68,13,69,10,1,87,102,39,12,0,12,39,24,34,16
618,49,81,78,46,58,37,10,25,44,85,25,140,13,34,54,20,64,112,31,68,68,47,87,72,96,68,21,91,27,79,8,28,33,78,29,31,59,24,95,45,36,24,28,34,36,73,5,53,56,44,45,79,38,4,65,31,6,19,20,59,96,74,67,58,27,23,3,58,150,90,31,81,55,106,40,29,52,134,24,128,38,67,13,69,10,1,87,102,40,12,0,12,39,24,34,16
619,49,81,78,46,60,38,10,26,44,86,25,140,13,34,53,20,65,114,32,68,68,47,87,72,97,70,21,91,27,80,8,29,34,79,29,31,58,24,96,47,37,24,29,34,36,73,5,53,56,44,45,79,38,4,65,30,6,19,20,59,97,75,67,58,27,22,3,58,151,91,31,82,55,107,40,29,53,134,24,129,38,67,13,69,11,1,89,103,39,12,0,12,40,24,34,16
620,49,81,80,46,60,38,10,26,44,87,25,142,13,35,53,21,65,115,32,69,68,48,87,72,96,70,21,91,27,81,8,29,34,79,29,31,58,25,97,48,38,24,29,34,36,73,5,55,56,44,46,80,39,4,66,30,6,19,20,59,99,76,66,58,28,24,3,58,153,91,32,83,57,112,41,29,55,138,25,131,38,67,15,72,11,1,90,104,39,12,0,12,40,26,35,16
621,49,82,80,45,60,37,10,27,44,88,26,142,13,36,53,21,66,115,32,70,68,49,86,74,98,70,22,91,27,82,8,30,34,79,29,31,58,25,99,49,38,25,29,34,36,75,5,55,58,45,46,79,40,4,66,30,6,19,20,63,101,75,66,58,28,24,3,58,155,91,33,84,56,113,41,29,56,139,25,132,40,67,16,71,11,1,92,105,39,12,0,12,40,26,35,17
622,49,82,80,46,60,37,10,27,46,90,26,140,13,37,53,21,68,115,33,70,68,50,86,74,98,70,23,93,28,84,8,30,34,79,29,31,60,25,99,49,38,26,30,34,35,77,5,57,58,45,46,80,40,4,66,30,6,19,20,63,101,76,66,58,28,24,3,59,156,90,34,85,57,112,41,29,56,138,25,132,40,67,16,71,11,1,92,106,39,12,0,12,40,26,35,18
623,48,83,82,46,61,37,10,28,46,90,26,140,13,37,53,20,68,116,34,71,68,50,86,74,98,71,23,94,28,84,8,30,33,80,29,32,59,25,102,51,38,26,31,35,36,79,5,57,59,47,47,80,41,4,66,30,6,19,20,64,101,77,67,58,29,25,3,59,155,91,34,85,57,111,41,29,56,141,25,134,40,67,16,71,11,1,92,105,39,12,0,12,40,26,35,18
624,49,83,86,47,61,37,10,28,46,91,26,140,13,37,53,20,67,115,34,71,68,51,87,75,99,74,23,94,28,84,8,30,36,80,29,32,59,26,102,51,38,27,31,34,36,81,5,58,59,48,47,80,41,4,67,30,6,19,20,64,101,77,68,58,28,25,3,60,156,91,34,85,58,112,41,30,56,142,25,134,41,67,16,72,11,1,92,106,39,12,0,12,41,26,35,18
625,49,84,87,48,63,38,10,28,47,92,27,141,13,38,54,21,69,114,35,71,68,53,87,75,100,74,23,95,29,86,8,30,36,80,30,32,59,27,102,52,40,27,32,35,36,81,5,59,61,48,47,81,42,4,67,30,7,19,20,65,103,80,71,58,28,24,3,60,156,91,34,86,57,113,41,31,57,145,26,134,41,68,16,75,11,1,94,107,40,11,0,12,41,26,35,18
626,49,84,87,48,64,38,10,28,47,93,27,142,13,38,55,21,70,114,35,71,70,54,87,75,101,74,23,95,29,88,9,30,36,81,30,32,60,27,102,53,41,27,32,35,36,81,5,60,62,48,47,81,42,4,67,30,7,19,20,65,102,80,71,58,28,25,3,60,157,91,34,86,58,113,41,32,58,146,26,135,41,69,16,76,10,1,93,107,40,12,0,12,41,26,35,18
627,49,86,88,48,64,39,10,28,47,94,27,142,13,39,55,21,71,116,35,71,70,54,90,77,102,74,23,96,29,90,9,30,36,80,30,32,63,27,104,53,43,27,32,35,35,81,5,60,63,49,47,81,42,4,67,30,7,19,20,66,103,79,72,58,27,26,3,60,157,92,34,86,58,113,41,32,60,146,26,135,42,69,16,78,10,1,95,107,41,12,0,12,41,26,35,17
628,50,87,89,49,65,39,10,29,48,93,27,141,13,38,58,23,73,121,34,72,71,54,93,80,104,76,23,96,30,90,9,30,36,80,30,32,64,27,103,53,43,27,33,35,35,82,5,60,64,49,47,81,42,4,67,31,7,19,20,66,104,80,72,58,27,26,3,61,157,93,34,86,59,113,40,32,60,145,26,137,43,69,16,77,10,1,95,109,41,12,0,12,42,26,37,17
629,50,87,90,48,68,39,10,31,48,95,27,142,13,38,59,23,74,123,35,74,72,55,93,82,104,77,23,96,30,91,9,32,37,79,31,31,64,27,103,54,43,27,34,35,35,82,5,60,64,51,48,80,42,4,67,31,7,19,20,66,104,80,72,57,27,26,3,60,160,94,34,86,59,113,40,32,60,149,26,138,43,69,15,78,10,1,96,111,41,12,0,12,41,27,37,17
630,50,88,91,48,69,41,11,31,48,96,27,144,13,38,60,23,74,123,36,76,74,56,95,83,105,78,23,96,30,91,10,32,37,79,31,31,65,28,103,56,43,28,34,35,35,82,5,60,64,52,48,82,42,4,67,31,7,19,20,65,104,81,72,58,27,26,3,61,160,94,34,87,60,113,40,33,61,151,27,138,43,69,15,79,10,1,98,111,41,13,0,12,41,27,37,16
631,51,89,92,49,69,42,11,31,48,97,28,146,13,38,61,23,76,124,37,77,74,56,95,84,105,77,23,96,30,92,10,32,37,80,31,31,64,28,105,56,44,28,34,36,36,82,5,60,65,52,48,82,42,4,66,31,8,19,20,66,104,80,73,58,28,26,3,62,160,94,34,88,60,114,39,31,62,152,28,139,44,70,15,79,10,1,98,115,41,13,0,12,41,27,37,16
632,51,90,92,51,70,43,11,31,48,97,28,148,13,39,63,23,76,126,37,78,74,56,96,84,107,77,24,98,30,92,11,32,37,80,31,30,66,29,107,56,44,28,34,36,36,83,5,61,66,52,50,83,41,4,66,32,8,19,20,67,105,80,73,59,28,27,3,62,161,94,34,90,61,117,39,31,62,152,28,140,44,71,15,80,10,1,99,116,41,13,0,12,42,27,40,16
633,51,90,93,52,71,43,11,31,48,98,28,147,13,39,63,23,77,127,37,78,74,56,99,84,111,77,24,100,30,92,12,32,37,79,31,30,66,29,108,56,44,29,34,36,36,84,5,61,66,52,51,83,40,4,67,32,8,19,20,67,106,81,72,61,29,28,3,63,163,93,35,91,60,117,39,31,63,155,28,141,46,73,15,81,10,1,99,115,41,13,0,12,42,28,40,16
634,52,92,93,52,71,43,11,31,49,98,29,148,13,39,62,23,77,127,38,80,74,56,100,84,113,78,24,100,31,92,12,32,38,80,31,30,67,30,107,56,45,29,34,36,36,85,5,60,68,53,51,84,40,4,67,31,8,19,20,68,107,82,74,60,29,28,3,63,164,93,35,91,61,118,39,31,63,154,28,141,46,73,15,81,10,1,99,115,42,13,0,12,43,28,40,16
635,51,93,93,52,71,43,11,32,49,97,29,150,13,39,63,24,77,126,39,80,73,56,100,84,113,79,24,99,31,94,12,32,38,80,31,30,69,31,107,58,45,29,34,37,37,84,5,60,68,54,53,84,41,4,68,31,8,19,21,68,107,82,75,60,31,29,3,64,165,93,34,90,62,119,39,31,63,154,28,141,45,73,15,81,10,1,99,116,42,13,0,12,43,29,40,16
636,51,95,93,54,70,44,11,32,49,97,29,153,13,40,63,24,77,126,38,79,73,57,101,85,113,78,24,99,31,94,12,32,38,81,31,30,70,31,108,58,45,29,32,37,37,84,5,61,68,54,53,83,41,4,68,31,8,19,21,69,108,82,75,60,31,29,3,65,163,93,34,90,62,120,40,32,65,155,28,142,45,74,15,82,10,1,100,115,42,13,0,12,43,30,40,17
637,52,95,93,56,70,44,11,32,49,98,29,153,13,40,63,25,75,125,38,81,74,57,101,85,114,79,24,99,31,94,13,32,38,81,31,30,70,31,111,59,44,29,32,37,37,83,5,62,68,54,53,83,41,4,69,31,8,20,22,69,110,82,75,59,31,29,3,65,164,93,35,90,62,120,40,32,66,156,29,144,45,74,15,83,10,1,100,116,42,14,0,12,43,29,40,17
638,52,95,96,56,70,44,11,32,49,98,29,154,13,40,63,25,76,125,38,81,74,57,101,86,115,79,24,98,31,98,13,32,38,82,31,31,70,31,112,60,46,29,34,37,37,85,5,63,71,54,53,84,42,4,69,31,8,20,23,70,111,83,75,59,31,29,3,64,164,95,35,91,62,122,40,33,66,157,29,144,47,73,15,85,10,1,101,117,42,14,0,12,43,29,41,17
639,52,95,95,57,67,44,12,32,50,100,29,156,13,40,64,25,79,126,39,81,74,57,101,86,115,79,24,99,31,100,13,32,38,82,31,31,71,32,114,60,47,29,34,37,37,85,5,63,71,54,56,85,42,4,70,32,8,20,22,71,112,84,75,58,31,30,3,65,164,95,36,94,61,124,41,33,67,158,29,145,47,73,14,86,10,1,104,118,42,13,0,13,44,29,41,17
640,52,97,95,58,67,44,12,32,50,102,30,158,13,40,65,25,78,126,39,82,75,57,102,86,115,79,26,99,31,101,12,32,40,83,31,32,74,32,114,60,47,29,35,37,37,86,5,63,71,54,56,88,42,3,72,32,9,21,22,73,114,85,76,58,31,30,3,66,166,95,36,96,61,124,40,33,67,158,29,146,48,74,13,87,10,1,103,119,43,13,0,13,43,29,41,18
641,51,98,98,58,71,44,12,32,50,105,31,158,13,40,65,25,78,126,39,82,76,57,101,86,114,79,26,100,31,102,12,31,41,82,33,32,74,32,116,60,46,29,35,37,37,87,5,64,71,54,57,89,42,3,72,32,9,21,23,74,115,85,75,57,31,30,3,66,164,95,37,96,62,124,40,34,67,160,28,149,48,74,13,88,10,1,105,119,42,13,0,13,43,29,41,18
642,52,100,98,58,71,45,12,32,50,103,31,159,13,40,65,25,78,126,40,81,79,58,100,86,115,80,26,100,31,103,12,31,41,83,33,31,74,33,117,61,46,30,35,37,37,87,5,65,72,54,57,88,42,4,73,32,9,22,23,75,116,84,76,57,32,30,3,67,164,94,37,95,62,124,40,33,68,160,28,149,48,74,13,89,10,1,105,120,41,13,0,13,43,29,41,18
643,53,101,98,58,71,45,12,31,50,104,31,159,13,40,67,25,81,127,40,80,79,59,102,86,114,80,26,100,31,103,12,31,41,82,33,31,75,33,117,61,45,30,35,39,36,87,5,66,72,54,57,89,42,4,73,32,10,22,23,75,117,85,77,57,32,30,3,68,162,94,37,96,61,124,39,33,69,161,29,150,49,74,13,88,10,1,105,121,42,13,0,13,44,29,41,18
644,53,100,98,59,71,46,12,31,50,104,31,160,13,41,69,25,81,130,40,81,80,59,102,85,115,80,27,101,31,105,12,32,41,81,33,31,76,33,118,61,44,32,36,38,36,87,5,67,72,56,59,90,43,4,73,33,10,22,23,75,118,86,77,58,32,30,3,70,167,94,37,96,61,123,39,33,71,161,29,150,50,75,13,88,10,1,106,122,43,13,0,14,44,29,41,18
645,53,103,98,59,71,46,12,31,50,104,32,163,13,41,69,25,82,130,40,81,81,59,101,84,115,81,27,102,31,107,12,32,43,81,33,31,76,33,118,60,44,33,36,39,36,87,5,67,72,56,61,91,43,4,73,34,10,22,24,75,120,86,77,58,32,30,3,70,169,94,38,95,61,124,39,33,73,165,30,151,50,75,13,90,10,1,106,122,43,13,0,15,44,29,41,18
646,53,104,99,62,71,46,12,31,50,104,32,164,13,42,69,26,82,131,40,82,83,60,103,85,116,82,27,102,31,107,12,32,43,81,33,31,77,33,118,63,44,33,36,40,37,87,5,68,72,57,61,91,43,4,74,34,10,22,24,75,121,87,77,58,33,31,3,70,169,94,40,94,61,124,39,33,73,167,31,152,49,76,13,92,10,1,106,123,44,13,0,15,43,30,41,18
647,54,103,101,62,71,46,12,30,50,107,32,164,14,42,69,26,84,132,41,84,83,60,103,87,116,82,27,102,32,107,12,32,43,81,33,31,78,34,118,64,45,33,35,41,38,86,5,68,73,58,62,93,44,4,74,35,10,22,24,76,123,89,78,59,33,31,2,70,169,94,41,94,61,124,39,33,73,167,32,153,50,77,13,91,10,1,111,122,43,13,0,15,44,30,41,19
648,54,103,102,63,73,46,12,30,51,108,32,167,14,43,69,26,87,133,43,84,83,60,102,88,117,82,28,103,32,108,12,32,43,83,34,32,79,34,119,63,45,34,36,41,38,85,5,68,74,56,62,95,45,4,76,36,10,22,24,79,123,89,78,59,33,31,2,70,170,94,41,94,61,124,39,33,73,167,33,154,50,77,13,93,10,1,111,122,43,13,0,15,45,30,42,19
649,54,103,104,63,73,47,12,31,52,109,32,168,14,43,70,26,89,132,43,84,85,60,102,90,120,82,28,103,32,110,12,32,44,83,34,32,79,35,121,66,45,35,37,41,38,87,5,68,74,56,63,97,45,4,76,37,12,22,24,80,123,89,78,59,34,31,2,70,171,94,41,96,61,126,40,32,73,166,34,154,51,80,13,92,10,1,111,122,45,13,0,15,45,30,42,20
650,54,105,105,63,72,47,12,30,52,110,32,168,13,44,70,26,90,132,45,85,86,60,102,91,121,82,28,103,32,110,11,33,45,84,38,31,79,35,123,66,45,35,37,41,38,87,5,68,73,55,63,98,45,4,76,37,12,22,24,82,122,92,78,59,34,32,2,71,171,95,42,96,62,128,40,32,74,167,34,156,52,80,13,93,11,1,111,123,45,13,0,15,45,31,42,21
651,54,105,105,63,74,49,12,30,52,110,32,168,13,44,70,26,91,134,45,85,86,60,102,91,121,81,29,103,32,112,11,33,45,85,38,31,79,35,123,67,46,36,37,42,38,86,5,66,73,56,63,98,45,4,77,36,12,22,25,83,122,94,78,59,34,31,2,72,170,95,43,96,63,132,39,32,74,165,34,157,52,81,13,93,12,1,113,124,45,13,0,15,44,31,42,21
652,54,105,107,63,74,49,12,31,52,111,32,168,14,44,71,26,92,135,46,86,87,60,101,92,121,81,30,105,31,116,11,33,45,86,38,31,80,35,124,68,45,36,38,42,38,86,5,66,73,56,64,98,45,4,77,36,12,22,25,84,122,94,79,60,34,31,2,72,170,96,43,98,62,132,40,33,74,166,34,158,52,83,13,93,12,1,113,125,45,13,0,15,44,31,42,21
653,55,106,107,64,77,49,12,32,52,114,33,169,14,44,71,26,92,137,46,86,86,60,102,92,121,81,31,105,31,118,11,34,45,85,40,31,81,35,125,68,46,36,38,43,38,86,5,67,73,56,65,99,46,5,77,36,12,22,25,84,122,97,80,61,34,31,2,72,171,96,43,99,61,133,40,33,74,169,34,157,52,82,13,93,11,1,113,125,45,13,0,15,45,31,42,21
654,55,105,107,65,78,50,13,33,52,114,33,170,14,43,72,26,92,139,46,86,86,60,103,92,121,83,31,106,31,118,11,34,46,85,40,30,81,36,125,70,45,36,38,43,38,86,5,67,74,57,65,100,47,5,77,36,12,21,25,83,124,97,81,64,34,31,2,73,171,96,43,101,62,132,40,33,74,169,34,156,53,82,13,95,11,1,113,127,45,13,0,15,46,31,42,21
655,54,106,107,65,79,49,13,33,52,114,33,172,14,44,72,27,96,139,46,86,85,60,103,92,123,84,31,107,31,119,12,35,46,86,40,30,83,36,123,70,45,36,38,43,38,87,5,66,75,57,64,100,48,5,77,36,12,21,25,83,123,99,81,65,35,31,2,73,172,96,43,101,62,134,40,33,75,171,35,155,53,80,15,97,11,1,113,127,45,13,0,15,46,31,44,21
656,54,108,107,66,80,50,14,33,52,115,33,173,14,44,72,27,96,138,46,85,87,59,104,93,124,83,31,107,32,120,12,35,46,84,40,30,84,37,123,72,45,36,38,43,39,89,5,66,75,58,65,100,49,5,78,36,12,21,25,83,123,99,81,65,35,31,2,74,175,98,43,103,62,134,42,33,76,170,35,156,53,80,15,97,11,1,115,128,44,13,0,15,46,31,44,21
657,54,109,107,66,79,51,14,34,52,116,33,174,14,45,73,28,95,140,47,85,87,60,104,92,124,83,31,107,32,121,12,34,46,85,41,31,84,38,124,73,46,36,38,42,39,90,5,65,76,58,67,99,49,5,79,36,11,22,25,84,124,100,84,65,36,31,2,76,174,100,43,104,62,135,42,34,77,170,35,158,54,80,15,99,11,1,116,129,44,13,0,15,47,30,45,21
658,54,110,108,68,79,51,14,34,52,116,33,176,15,45,75,28,95,140,47,84,87,60,106,92,124,83,31,107,34,122,12,34,46,85,40,31,84,38,125,74,48,37,38,43,40,90,5,66,77,59,69,98,49,5,79,37,11,22,25,85,126,101,84,66,37,31,2,77,177,100,45,106,62,135,42,33,77,170,35,158,54,80,15,100,11,1,116,129,44,14,0,16,47,30,45,21
659,55,110,108,68,81,51,14,35,52,115,34,177,15,45,77,28,96,142,47,84,88,60,107,91,125,83,31,107,36,122,12,34,47,86,41,31,84,38,128,74,48,38,39,44,39,90,5,66,77,60,70,97,49,5,80,37,11,22,25,85,127,103,84,68,37,32,2,76,177,100,45,106,62,136,43,33,77,170,35,161,54,81,15,100,11,1,118,130,45,14,0,16,48,30,45,21
660,57,111,111,70,83,52,14,35,52,117,34,178,15,45,77,28,96,142,48,84,89,60,108,91,125,85,30,106,36,123,12,34,47,88,41,31,85,38,129,75,50,38,39,44,39,90,5,68,77,61,71,97,49,5,80,37,11,22,25,85,128,104,85,68,37,32,3,76,179,102,47,106,63,137,44,33,76,170,35,161,56,80,16,100,11,1,122,129,46,14,0,16,50,31,45,21
661,58,112,111,69,83,52,14,35,53,117,34,176,15,45,78,28,98,142,48,84,91,61,108,93,124,85,30,106,36,122,12,35,46,88,41,31,85,37,131,76,51,38,39,45,40,92,5,68,78,61,71,97,48,5,81,37,11,22,26,85,128,104,85,67,38,31,3,76,182,102,47,107,64,139,44,32,76,170,35,165,56,80,16,99,11,1,124,130,46,14,0,16,50,31,45,21
662,60,113,112,69,84,52,14,36,54,118,34,175,15,45,80,28,99,145,46,85,90,61,109,93,125,88,30,107,37,122,11,35,47,92,41,32,87,38,131,76,51,38,39,45,40,92,5,68,79,61,72,98,48,5,82,37,11,23,26,87,128,106,85,67,38,32,3,77,183,102,48,107,65,138,44,32,76,170,35,168,56,81,16,97,11,1,125,131,46,14,0,17,51,31,46,20
663,60,113,112,69,83,51,14,36,54,118,34,176,15,45,80,28,99,147,46,87,92,60,110,93,125,88,30,108,38,122,11,35,47,91,40,34,88,37,132,76,51,38,39,45,40,94,5,68,80,62,74,98,49,5,82,37,11,23,26,88,128,107,86,68,38,32,3,77,184,103,47,107,65,138,44,33,75,171,36,168,58,81,16,99,12,1,125,132,47,14,0,17,52,31,46,20
664,60,114,114,69,83,51,14,37,55,120,34,176,15,45,82,27,99,147,47,88,94,60,109,93,123,88,32,108,39,125,11,35,47,94,40,35,89,35,132,76,52,38,39,44,40,94,5,68,80,62,75,98,51,5,84,37,12,23,27,88,129,107,88,68,37,32,3,77,186,106,49,107,65,138,44,33,75,170,37,167,59,81,16,100,12,1,125,133,48,14,0,17,52,31,46,20
665,61,114,114,69,83,51,14,37,55,120,34,177,16,45,82,27,99,148,47,88,94,60,110,96,126,87,31,110,41,125,11,35,47,94,40,36,90,34,134,75,52,38,39,44,40,93,5,69,82,61,76,100,51,5,85,38,12,23,27,88,130,109,88,69,37,31,3,78,187,107,50,109,67,139,44,33,75,169,37,168,60,82,16,100,12,1,126,133,48,14,0,17,53,31,46,20
666,62,115,117,69,84,51,14,37,55,121,34,179,17,45,82,26,99,149,49,89,94,60,111,97,127,87,31,109,41,127,10,35,49,94,40,36,89,35,135,75,53,39,39,43,42,93,5,69,81,61,78,100,51,5,86,39,12,24,27,88,131,109,88,70,37,31,3,76,188,108,50,111,67,140,44,34,74,169,37,169,60,82,17,101,12,1,126,134,48,14,0,17,53,31,46,20
667,63,115,117,69,85,51,14,37,56,124,35,181,17,45,82,26,98,150,49,90,94,61,113,99,127,87,31,108,41,128,10,35,49,97,41,36,90,35,135,75,52,39,39,43,43,93,5,69,80,61,78,102,51,5,86,39,12,24,27,89,132,109,88,72,37,31,3,76,191,108,50,113,67,142,44,35,75,169,37,171,60,83,18,102,12,1,127,135,48,14,0,18,53,32,46,20
668,65,115,117,70,85,53,14,37,57,124,35,181,17,45,83,27,98,150,50,91,94,62,115,99,127,87,32,110,42,128,10,35,48,98,41,37,90,35,137,75,51,39,39,43,43,94,6,69,81,62,79,102,51,5,86,39,13,24,27,91,132,110,89,72,37,32,3,77,193,108,51,113,68,142,43,35,75,169,37,173,60,83,18,103,12,1,129,135,48,14,0,19,53,32,47,20
669,65,115,118,70,85,53,14,38,58,125,35,181,18,45,84,27,98,150,50,91,95,61,116,100,129,87,33,111,44,130,10,35,48,99,41,38,90,35,138,77,52,38,39,43,44,96,6,69,81,62,79,103,51,5,89,39,13,24,28,91,135,110,90,72,37,35,3,79,194,112,51,114,68,144,43,35,76,172,36,173,60,83,18,102,12,1,129,140,47,14,0,19,53,32,48,21
670,65,115,119,71,84,53,14,39,58,127,35,182,18,45,85,27,99,152,50,91,95,61,116,100,131,87,34,110,44,130,10,35,49,99,41,38,89,35,137,77,52,38,39,43,44,96,6,69,81,63,80,103,51,5,90,39,13,25,28,91,135,108,90,72,37,36,3,80,194,112,51,113,67,144,44,35,76,173,36,175,61,84,18,103,12,1,130,140,47,14,0,19,53,32,48,21
671,65,117,121,72,86,54,13,40,58,128,36,183,18,45,84,27,99,153,50,91,97,60,117,100,131,87,35,109,45,130,10,35,49,99,41,38,89,35,142,76,53,38,39,43,45,96,6,70,80,63,82,105,52,5,90,39,13,25,27,92,137,108,91,72,37,36,3,81,195,112,51,114,68,146,45,35,77,173,37,175,61,85,18,104,12,1,130,140,47,14,0,19,53,32,49,21
672,64,117,123,72,88,55,13,40,58,129,37,183,19,46,86,26,99,155,51,90,97,60,118,100,133,87,35,109,47,130,10,36,49,99,41,38,89,37,142,79,54,38,39,44,45,98,6,70,81,65,81,105,52,5,91,40,13,25,27,90,140,110,91,72,38,36,3,83,194,112,52,115,68,147,46,35,77,173,37,175,62,84,19,104,12,1,131,141,47,14,0,19,54,32,49,21
673,64,116,126,72,89,58,13,41,57,129,37,182,19,46,86,26,99,155,53,95,98,59,120,100,134,87,35,111,48,130,10,37,50,99,41,38,90,38,142,79,55,37,39,44,45,97,7,71,81,65,81,105,51,5,91,40,13,26,27,90,140,110,92,72,39,35,3,82,194,112,52,115,69,147,46,35,78,173,38,178,62,85,19,104,12,1,130,141,46,14,0,19,54,32,50,21
674,64,116,126,71,92,59,13,42,58,129,37,183,19,46,87,26,99,154,53,95,97,60,123,101,134,87,35,114,49,131,11,38,50,100,41,38,91,39,141,81,57,39,40,44,44,97,7,73,81,65,82,105,52,5,91,40,13,26,28,91,140,111,94,72,40,35,3,82,196,113,52,115,69,147,45,36,80,175,38,179,62,82,19,105,13,1,129,141,46,14,0,19,55,33,50,21
675,65,116,126,71,91,60,13,42,58,130,37,183,19,46,86,26,99,156,52,95,99,60,123,101,133,87,35,115,49,132,11,38,50,99,41,38,94,39,142,82,57,39,40,43,44,96,7,73,81,65,82,106,53,5,92,40,13,25,28,91,141,111,93,72,40,35,3,82,196,111,52,115,71,147,45,36,79,177,38,179,62,83,19,105,13,1,130,143,46,15,0,20,55,33,50,21
676,66,117,126,71,91,61,12,43,58,131,37,184,19,46,86,26,99,155,51,95,99,60,124,103,133,88,35,115,51,133,11,38,50,100,41,38,94,39,142,83,57,39,42,45,44,94,7,75,82,65,83,109,53,5,92,40,13,25,29,92,142,112,93,72,40,35,3,83,198,111,52,117,73,146,45,36,79,179,38,179,63,84,20,107,13,1,130,144,46,16,0,20,54,33,51,21
677,66,117,128,72,90,61,12,43,60,131,37,184,19,46,86,26,99,155,52,98,99,60,129,102,133,88,35,116,51,133,11,38,50,100,41,38,95,39,142,83,58,39,43,45,44,96,7,76,83,65,83,109,53,5,92,40,13,25,29,92,143,113,96,72,40,35,3,83,197,112,52,120,74,148,45,36,79,179,38,179,63,84,20,108,12,1,130,145,46,16,0,20,54,33,51,22
678,64,117,128,72,90,61,12,44,60,130,37,184,19,46,90,26,101,155,52,99,99,60,130,102,136,88,35,118,51,136,11,38,52,100,42,39,96,39,144,84,58,39,44,44,45,97,7,76,83,67,83,109,53,5,92,41,13,25,29,92,144,113,97,73,40,35,3,83,198,113,52,120,74,149,45,36,78,179,40,179,63,87,21,109,12,1,130,145,45,16,0,20,53,35,50,23
679,64,117,128,72,90,61,12,44,60,132,37,185,19,46,89,26,102,156,52,100,100,60,131,102,138,88,35,118,51,136,12,38,53,102,42,39,97,41,147,83,58,39,43,44,45,98,8,78,83,67,84,108,53,5,93,41,13,26,29,92,145,114,97,73,40,35,3,84,200,114,52,120,74,150,45,36,77,180,39,178,64,87,22,111,12,1,134,146,45,16,0,20,54,35,51,23
680,65,118,129,71,91,60,12,44,62,133,37,185,19,47,90,26,103,156,52,99,102,60,131,103,139,92,35,118,50,137,13,39,53,103,42,40,99,42,147,84,58,39,44,43,45,99,8,77,84,67,84,107,52,5,95,41,13,26,29,92,146,115,99,75,39,35,3,84,201,113,52,121,75,152,45,35,77,179,41,178,64,87,22,111,12,1,135,147,45,16,0,20,55,35,51,23
681,67,121,129,71,91,61,12,45,64,135,37,186,19,47,91,26,104,159,52,100,102,60,132,103,142,92,36,120,50,138,13,39,53,102,42,40,99,42,151,85,59,39,45,43,46,101,8,76,84,67,85,107,53,5,95,42,13,26,29,94,147,117,100,74,40,35,3,85,202,115,53,121,75,152,45,35,77,178,42,179,65,88,22,112,12,1,134,149,45,16,0,19,56,35,52,23
682,68,121,130,74,92,62,14,45,64,138,37,188,19,47,91,26,105,159,52,102,102,60,132,105,143,92,36,121,50,140,13,41,53,102,42,39,102,43,151,84,59,39,45,45,45,102,8,78,85,69,85,108,53,5,96,42,15,27,29,94,146,120,100,74,40,35,3,84,204,117,53,121,76,153,45,35,78,178,42,182,65,88,22,113,12,1,137,150,45,16,0,19,56,35,52,23
683,68,122,129,76,92,62,14,44,65,138,37,189,20,47,91,26,106,160,52,102,101,59,134,105,144,91,35,121,50,139,13,41,53,102,43,39,104,44,152,84,60,39,45,45,45,102,8,78,85,70,86,108,54,5,97,42,15,25,29,95,146,120,100,76,40,36,3,84,206,118,53,123,78,154,46,37,79,178,42,182,64,89,22,116,12,1,137,147,46,16,0,19,56,35,52,23
684,68,124,130,76,93,63,14,45,65,140,37,193,20,45,91,26,108,160,53,102,101,59,136,105,145,90,35,122,50,139,14,41,54,105,44,39,104,45,152,84,61,41,48,45,45,104,8,79,85,71,86,109,55,6,99,43,15,24,30,95,146,121,100,76,41,36,3,84,207,120,54,122,78,156,46,37,79,178,42,182,64,90,22,116,12,1,137,149,47,16,0,20,56,34,52,23
685,68,124,130,76,93,63,13,46,65,143,37,194,20,45,91,26,110,161,53,102,103,59,136,107,148,91,35,122,50,140,14,42,55,106,44,39,106,45,154,84,62,41,48,45,45,104,8,79,85,71,88,109,56,6,101,43,15,24,30,96,149,123,101,77,41,37,3,86,208,120,55,123,79,156,47,37,80,181,42,184,64,88,22,116,12,1,137,149,47,16,0,20,56,34,52,23
686,66,125,131,76,91,64,13,46,66,144,37,195,20,45,91,26,112,163,52,103,103,59,135,109,149,92,36,122,50,141,14,42,55,108,44,39,105,46,157,84,62,42,48,45,45,104,8,79,87,71,89,110,55,6,101,43,15,25,29,95,150,124,102,75,41,37,3,86,209,121,55,123,81,158,48,38,79,183,42,184,63,89,24,117,12,1,137,150,47,16,0,20,58,34,51,23
687,66,126,132,77,93,64,13,46,66,145,37,194,19,45,93,27,115,164,52,107,104,59,136,110,149,91,37,124,50,142,14,43,56,108,45,40,106,46,157,84,62,42,48,46,45,104,8,79,88,71,90,111,55,6,102,43,16,25,29,95,152,124,104,74,41,38,3,87,211,121,56,123,81,158,48,38,79,186,42,181,64,91,24,117,12,1,137,150,46,17,0,20,60,35,50,23
688,66,127,133,78,94,64,13,45,66,146,37,198,19,45,93,27,119,168,52,107,104,61,136,109,149,92,37,125,50,143,14,43,56,109,45,41,105,46,159,85,62,42,48,44,45,106,8,79,89,71,92,109,54,6,103,42,16,25,28,95,154,122,105,73,41,38,3,87,213,121,56,125,80,158,48,40,79,187,42,183,64,93,24,117,12,1,136,151,46,17,0,20,61,35,50,23
689,66,128,133,81,94,67,13,45,65,147,37,199,19,45,94,28,118,169,53,108,102,61,137,110,150,93,38,125,51,144,14,43,57,110,45,41,105,46,160,85,62,43,48,44,45,106,8,79,90,72,95,109,54,6,103,42,16,25,28,95,155,123,105,74,41,38,3,88,212,123,56,125,81,158,48,41,79,188,42,183,64,93,24,116,13,1,136,154,46,17,0,20,64,36,51,23
690,66,128,132,81,95,66,13,44,64,151,36,199,19,45,95,28,118,170,53,108,102,60,137,109,153,93,39,127,51,144,14,43,59,110,45,42,104,46,160,84,64,43,48,45,45,106,8,81,90,71,96,108,53,6,102,42,16,25,29,96,156,127,107,74,40,38,3,89,212,124,56,125,81,159,48,41,78,192,42,186,64,94,24,116,13,1,136,154,46,16,0,21,64,36,51,24
691,66,128,133,83,96,67,13,44,64,151,36,200,19,44,95,29,117,174,53,108,101,61,137,110,152,93,39,128,51,144,15,43,59,110,45,42,106,46,162,85,66,43,48,45,45,105,9,81,90,70,97,109,53,6,102,42,16,25,31,95,156,128,108,75,40,38,3,88,216,124,57,125,81,158,48,40,80,193,42,186,64,96,23,118,13,1,135,155,46,16,0,22,63,36,53,24
692,67,128,136,85,98,67,11,44,64,151,36,200,19,44,96,30,118,173,53,109,102,61,137,111,153,93,40,129,51,144,15,43,58,112,45,42,105,46,163,86,66,43,48,45,45,105,9,81,91,71,99,108,54,6,104,43,16,25,31,95,156,128,109,76,40,38,3,91,216,124,56,125,81,159,48,41,80,191,42,188,65,97,23,119,13,1,135,156,46,17,0,23,63,36,54,24
693,67,128,137,85,99,68,11,44,64,153,36,201,19,46,97,30,118,174,53,109,101,61,138,111,155,96,40,131,51,145,15,43,58,112,44,42,106,45,164,86,67,43,48,45,45,106,9,82,91,71,101,109,54,6,104,43,16,26,31,95,155,129,110,75,41,38,3,91,216,126,58,124,82,162,48,42,81,192,42,188,64,99,23,117,13,1,137,158,46,18,0,23,64,36,54,25
694,67,128,137,86,99,68,11,45,66,153,36,203,19,46,98,30,117,176,53,107,102,61,137,111,155,97,40,131,52,146,14,43,60,112,45,44,107,45,164,87,67,43,48,46,45,107,9,83,91,71,100,111,55,6,104,44,16,26,32,96,155,129,112,74,41,39,3,92,218,126,60,125,83,164,48,42,83,194,42,191,66,100,23,117,13,1,138,159,47,19,0,23,66,36,55,25
695,67,130,140,86,99,68,11,46,66,153,35,204,19,46,100,30,117,177,54,108,102,63,137,110,155,97,40,133,52,147,14,43,60,113,45,44,107,45,164,88,69,43,49,46,46,107,9,83,92,72,100,110,56,6,106,44,16,26,31,96,158,129,114,76,41,39,3,93,218,127,60,125,83,164,48,42,85,194,43,192,68,100,23,118,13,1,140,158,48,20,0,23,66,36,55,25
696,67,132,141,88,99,68,11,46,66,151,35,206,19,46,100,30,117,177,54,113,103,62,139,110,156,96,40,133,52,146,15,43,60,113,45,45,107,45,165,88,71,43,50,46,46,107,9,83,92,71,101,110,56,6,106,44,16,27,31,97,159,131,115,77,41,40,3,94,220,128,60,126,83,165,48,42,85,195,43,194,69,100,23,119,13,1,141,158,48,20,0,23,65,36,55,25
697,67,132,144,89,99,69,11,47,67,152,35,209,17,46,103,30,117,178,54,117,103,62,140,110,159,94,40,135,53,146,15,43,60,113,45,45,107,45,166,88,72,44,50,46,46,108,9,83,92,71,101,111,56,6,108,45,16,27,31,97,161,131,116,76,41,40,3,96,221,128,60,127,83,165,48,42,85,196,43,195,69,101,23,120,13,1,142,159,49,20,0,23,65,36,55,25
698,69,133,144,89,99,69,11,48,68,153,35,210,17,47,104,30,116,178,54,117,104,62,140,109,160,95,40,136,54,148,16,43,60,112,46,45,107,45,170,89,72,44,50,48,46,108,9,84,93,71,102,111,57,6,108,45,15,27,31,97,162,131,116,76,41,40,3,96,222,128,60,133,83,165,49,42,86,198,44,196,70,100,23,121,13,1,141,161,49,20,0,24,67,36,56,25
699,70,133,144,90,102,71,11,48,68,154,36,210,17,47,105,30,117,179,54,119,106,62,142,111,161,96,41,137,54,149,16,44,60,111,46,45,108,45,170,89,75,44,50,49,47,109,9,85,93,71,103,111,57,6,107,45,15,27,31,98,164,130,117,77,42,41,3,96,225,130,60,133,84,166,49,42,86,200,45,198,71,100,23,121,14,1,141,163,49,20,0,24,67,37,58,25
700,70,134,145,92,103,73,12,48,69,153,37,211,17,47,105,30,118,182,53,121,106,62,143,111,161,96,43,138,53,149,16,44,60,112,46,44,108,44,171,90,75,44,49,50,49,112,9,85,94,71,104,112,58,6,107,45,15,27,31,100,163,131,118,77,42,41,4,100,225,131,60,134,84,166,49,42,89,201,45,199,71,101,24,122,15,1,143,165,49,20,0,25,67,38,58,25
701,70,134,146,92,104,73,12,49,69,153,37,209,17,48,105,31,118,184,54,120,107,62,143,111,164,98,43,136,54,151,16,45,61,112,46,44,108,44,173,91,75,44,49,50,49,113,9,85,95,70,106,111,59,6,107,43,15,27,31,102,163,131,118,76,43,43,4,100,227,133,60,135,84,169,50,42,91,201,45,200,74,100,24,124,15,1,144,168,49,21,0,25,68,38,58,25
702,70,137,146,92,107,74,14,50,69,153,37,210,17,48,106,31,119,184,54,120,108,63,143,111,164,98,43,137,56,150,16,47,61,112,45,44,108,45,176,91,77,45,50,51,49,113,9,85,95,71,106,112,59,6,108,43,15,27,31,105,165,132,118,76,43,43,4,101,231,134,60,135,85,170,49,42,91,201,45,200,75,100,24,124,15,1,144,168,49,21,0,25,68,39,58,25
703,70,136,147,90,108,75,14,51,69,153,38,210,17,48,107,31,120,185,55,121,110,63,144,112,164,99,43,139,55,153,16,47,62,111,45,45,109,46,177,92,77,45,51,51,48,113,9,86,96,72,107,114,61,6,108,43,15,27,31,106,165,134,119,77,44,43,4,102,231,134,60,135,86,171,49,42,92,203,45,200,75,100,24,124,15,1,144,168,49,21,0,24,70,39,58,25
704,70,136,148,94,108,76,14,52,69,154,38,211,17,48,107,31,119,187,55,120,112,64,145,110,165,100,43,139,55,156,17,47,62,112,45,46,109,47,177,93,77,45,51,52,48,114,8,86,98,72,108,115,62,6,108,44,15,27,30,106,166,134,120,76,45,43,4,102,234,135,60,137,86,171,49,42,91,205,45,202,75,101,24,124,16,1,144,168,49,21,0,24,70,39,59,25
705,70,136,148,96,108,76,14,51,69,154,39,212,17,50,107,33,118,191,55,121,112,64,146,110,165,102,43,142,55,159,17,46,63,114,46,47,110,47,177,93,80,45,51,53,48,114,8,87,99,73,109,116,62,6,107,44,16,27,31,106,166,133,120,76,45,43,4,102,236,135,61,138,88,169,49,42,91,204,45,203,75,101,24,124,16,1,145,171,49,21,0,24,69,39,61,25
706,71,136,149,96,109,77,14,51,69,153,39,215,17,50,107,33,118,191,57,122,112,63,147,111,164,102,43,141,54,161,18,46,64,115,46,47,110,48,178,94,80,45,52,54,48,114,8,87,98,74,109,118,62,6,107,44,17,27,30,106,166,134,122,77,46,43,4,102,238,136,61,139,89,169,49,43,92,204,45,205,76,99,24,125,16,1,146,171,49,21,0,24,70,39,61,25
707,71,135,151,96,109,77,14,51,69,155,40,216,17,51,108,33,118,193,57,122,112,65,150,111,165,102,43,142,55,162,18,46,66,117,47,47,109,48,180,94,82,45,52,54,48,115,8,87,97,75,110,118,62,6,107,44,17,27,31,106,165,135,124,77,46,42,4,102,240,138,61,138,90,171,50,44,92,205,46,206,76,99,24,126,16,1,146,172,49,21,0,24,69,39,60,25
708,72,135,152,96,109,78,14,52,71,156,42,216,17,51,108,33,118,194,57,124,113,66,151,112,166,103,43,142,56,162,18,46,66,117,47,48,110,49,182,94,82,45,52,54,50,115,8,87,98,75,111,118,62,6,107,44,17,27,32,107,165,135,125,77,47,42,4,102,241,139,61,140,92,174,50,44,92,205,45,205,74,99,25,127,16,1,146,173,49,21,0,24,69,38,61,25
709,72,136,152,96,109,78,14,54,70,157,42,218,17,52,109,33,118,195,58,124,113,66,153,114,167,108,43,142,56,163,18,46,66,116,47,47,111,51,182,96,83,48,52,54,50,117,8,87,98,75,112,118,62,6,107,44,17,28,34,106,165,136,127,77,47,43,4,102,242,140,61,140,94,176,51,45,91,203,46,206,73,100,25,130,16,1,146,174,50,19,0,25,69,38,62,25
710,71,136,153,95,110,78,15,56,70,160,42,219,17,52,108,33,121,196,57,125,113,66,154,114,166,107,44,142,56,163,18,46,67,117,46,47,112,51,182,96,83,48,52,54,50,118,8,86,97,76,113,118,62,6,107,44,17,28,34,106,166,137,128,77,47,43,4,103,241,142,61,140,95,177,51,45,91,204,47,210,73,100,25,132,17,1,147,173,50,19,0,25,70,39,63,25
711,71,137,154,95,111,78,15,57,71,161,43,218,17,52,110,32,122,197,57,125,113,67,153,116,166,108,44,142,56,165,18,49,68,117,46,47,112,51,185,96,85,48,53,55,50,118,8,85,97,77,115,116,62,6,108,44,17,28,34,106,167,136,129,80,48,45,4,105,242,142,61,140,95,176,52,45,93,205,47,214,73,101,25,133,17,1,146,174,50,19,0,25,70,39,64,25
712,71,138,154,94,111,78,15,57,72,160,43,217,16,51,111,32,124,197,57,125,114,67,155,117,165,110,45,144,56,164,18,49,68,117,46,48,113,52,186,96,87,47,53,56,49,119,7,85,96,77,115,116,63,6,108,44,18,28,34,106,168,135,134,80,46,45,4,104,243,142,61,142,97,177,52,45,94,206,47,217,75,101,25,134,17,1,146,179,51,19,0,25,70,40,64,25
713,71,139,155,95,112,80,15,57,71,161,43,218,16,51,110,32,128,198,58,126,116,67,156,119,165,111,44,145,57,166,18,49,68,118,46,49,113,51,186,98,87,47,53,56,47,120,7,86,95,80,115,119,63,6,109,44,18,28,33,107,168,136,132,81,46,46,4,104,244,143,61,144,98,177,53,45,95,205,49,217,78,101,25,135,17,1,148,181,51,19,0,25,70,40,66,25
714,72,141,154,96,112,80,15,57,72,161,43,219,16,51,110,32,128,198,57,126,118,68,157,119,165,113,44,144,57,165,18,50,70,120,46,49,115,52,186,98,88,47,54,56,47,120,7,86,96,82,116,119,63,6,109,44,19,28,33,107,168,136,134,82,46,46,4,105,246,143,61,143,98,178,55,44,96,204,49,219,79,102,25,136,17,1,149,182,51,19,0,25,70,40,66,25
715,72,141,155,97,114,80,15,56,73,159,43,219,16,52,110,32,129,198,57,126,119,67,157,121,166,115,46,145,57,165,18,50,69,122,46,49,119,53,187,101,89,48,53,57,47,122,7,86,97,83,117,120,65,6,109,45,20,27,34,106,169,138,134,83,46,47,4,104,246,146,61,144,98,182,55,44,97,205,49,220,78,102,25,137,17,1,149,181,51,19,0,26,71,41,67,25
716,72,142,158,97,115,80,15,56,74,158,44,222,16,52,110,33,129,199,58,129,119,68,156,121,167,116,46,145,57,166,18,50,68,123,45,50,121,54,185,103,89,47,55,57,47,124,7,86,98,84,117,120,67,5,109,45,20,27,34,106,169,140,135,84,46,46,4,104,245,147,61,144,98,184,56,45,96,206,51,219,79,103,26,137,17,1,151,183,51,19,0,26,71,41,67,25
717,72,142,158,99,116,80,15,56,73,157,44,223,16,53,110,35,132,200,58,131,118,68,156,122,168,117,46,145,58,166,18,50,69,123,45,50,120,54,186,103,90,46,55,58,48,126,7,87,98,85,118,121,67,5,110,45,20,27,35,109,169,140,135,84,47,46,4,104,247,147,61,144,98,188,56,45,96,207,51,220,79,103,26,136,17,1,152,183,51,20,0,26,71,41,67,25
718,72,146,159,100,115,80,15,56,73,157,44,223,16,53,110,35,134,202,59,132,119,70,157,123,167,117,46,148,59,168,18,50,69,123,45,51,122,55,186,105,90,46,55,58,48,125,7,87,98,86,120,121,67,5,111,45,20,27,35,107,170,140,136,84,47,46,4,107,247,148,62,145,98,193,57,45,96,210,51,221,79,104,26,137,18,1,154,184,51,21,0,26,71,41,68,26
719,72,148,158,102,115,80,15,56,76,159,44,223,16,54,110,35,134,204,60,133,120,71,156,124,169,118,46,149,59,169,18,50,68,123,47,52,121,55,186,104,91,46,55,58,48,125,7,87,98,86,122,121,66,5,111,45,20,27,36,108,171,140,136,84,48,46,4,109,250,148,62,146,98,195,58,46,96,210,50,222,80,105,27,137,18,1,157,184,51,21,0,27,71,41,69,26
720,72,148,161,102,115,80,15,56,76,159,44,224,16,53,109,35,136,205,60,134,120,72,158,124,168,118,46,149,59,171,18,50,68,123,48,53,122,56,187,106,91,46,55,58,48,125,7,87,99,86,123,122,66,5,112,45,20,29,36,109,173,140,136,85,47,45,4,110,250,147,62,147,98,194,59,46,96,211,50,223,79,104,27,138,18,1,156,184,50,21,0,27,71,41,70,26
721,72,148,162,103,114,80,15,56,76,162,45,225,16,54,109,35,140,207,61,136,121,72,157,125,171,118,46,149,59,173,18,50,68,124,49,53,122,56,188,106,91,45,54,60,48,127,7,87,100,88,123,122,68,5,112,46,21,29,35,110,175,140,136,84,47,45,4,110,251,148,63,147,99,194,60,47,96,212,50,224,79,105,26,140,18,1,157,185,50,21,0,27,73,42,70,26
722,72,149,162,104,114,80,15,56,76,164,46,225,16,54,111,35,138,206,62,137,123,72,160,125,170,120,47,149,59,174,18,50,68,127,49,52,122,57,188,106,92,45,54,59,48,127,7,87,101,88,123,121,68,5,111,46,21,29,35,111,176,139,137,84,47,45,4,109,253,148,63,147,100,194,60,47,96,212,51,223,79,105,26,143,18,1,158,185,50,21,0,27,73,42,71,26
723,73,149,163,104,115,85,15,56,76,163,46,225,16,54,111,35,138,205,61,139,124,73,161,125,170,121,47,151,59,174,18,50,68,127,49,52,121,57,189,110,92,45,54,58,48,125,7,87,102,90,124,123,69,6,111,46,21,29,36,112,179,140,138,84,46,45,4,109,253,148,62,147,100,194,60,47,96,218,51,223,78,105,26,143,18,1,158,186,50,21,0,27,73,43,71,26
724,73,150,165,104,115,85,15,56,77,162,47,225,17,54,112,35,138,206,62,140,123,75,161,126,172,123,47,150,59,174,18,50,67,128,49,52,122,57,190,109,93,46,54,58,47,125,7,88,102,91,125,123,68,7,112,46,21,29,36,112,178,142,138,86,46,45,4,110,256,148,63,148,102,196,59,47,96,220,52,224,78,106,26,143,18,1,159,189,50,21,0,27,73,43,73,28
725,73,149,165,104,117,85,15,56,79,164,48,225,17,55,113,35,139,207,64,141,125,76,163,128,174,123,47,150,59,174,18,50,69,128,49,52,122,57,191,109,93,47,54,59,46,127,7,89,102,93,126,124,69,7,113,46,21,29,36,112,180,141,140,88,46,45,4,111,257,148,63,148,102,196,59,47,96,220,52,224,80,106,25,145,18,1,159,190,50,21,0,27,73,44,73,29
726,73,151,165,105,119,86,15,55,79,164,49,226,17,56,115,35,140,207,64,144,125,76,163,128,173,123,47,150,59,178,18,51,69,131,49,53,122,56,194,108,93,47,54,59,46,127,7,87,102,92,126,127,70,7,112,46,21,29,38,114,182,141,140,88,46,45,4,111,259,148,63,149,101,196,59,47,96,219,52,225,82,107,26,146,18,1,159,190,50,21,0,27,74,44,74,30
727,74,152,165,105,121,88,16,55,80,163,49,229,17,56,115,35,143,207,64,144,125,76,164,128,174,124,47,150,59,177,18,53,70,131,49,53,122,57,194,108,95,48,54,60,46,128,7,88,103,92,128,127,70,7,112,46,21,28,38,116,182,142,140,88,46,45,4,111,259,150,63,148,101,196,59,49,96,218,53,227,82,109,26,146,18,1,159,190,50,21,0,27,75,44,73,30
728,74,152,169,105,121,88,16,56,79,162,50,229,17,58,117,35,144,208,64,147,126,77,164,128,174,124,47,150,59,178,18,53,69,131,49,53,122,58,194,108,95,48,57,60,46,133,7,89,103,92,128,127,70,7,113,46,21,29,39,117,182,142,140,88,47,45,4,112,260,154,63,147,102,197,59,49,96,220,53,230,83,108,26,147,18,1,160,191,51,21,0,27,76,44,74,30
729,76,152,172,106,122,87,16,56,79,163,50,230,17,59,118,35,145,209,64,148,126,77,168,128,175,125,47,150,59,178,17,53,70,133,49,53,122,60,197,108,95,49,57,60,46,135,7,88,103,92,128,128,70,7,113,45,21,29,39,119,181,143,140,89,50,45,4,114,261,155,62,147,102,197,60,49,98,222,53,231,82,109,27,149,18,1,161,191,51,21,0,27,75,44,75,30
730,75,152,173,106,122,87,16,56,79,162,51,230,17,60,118,35,146,209,64,148,128,77,173,131,174,126,48,152,59,178,17,53,70,133,48,55,123,61,200,108,96,49,58,60,46,136,7,88,103,92,128,126,70,7,113,45,21,29,39,120,182,142,141,89,50,46,4,114,262,158,63,146,103,196,61,49,99,222,53,231,82,111,27,149,18,1,161,194,51,21,0,27,75,44,75,30
731,75,152,173,106,124,87,16,56,81,163,51,231,18,60,121,34,145,209,64,148,128,79,176,130,174,126,48,153,59,178,17,53,70,135,49,56,123,61,201,108,98,49,58,59,47,139,7,88,105,95,129,126,71,7,114,45,21,28,41,120,183,141,141,89,51,46,4,114,265,158,63,146,102,199,61,49,99,221,53,233,85,111,28,152,19,1,161,196,51,21,0,27,76,44,75,30
732,75,153,174,108,123,88,16,56,82,163,51,232,18,60,122,34,146,209,64,148,128,79,176,131,174,126,48,155,59,178,17,55,71,137,49,57,126,62,201,109,98,49,59,58,49,140,7,88,104,96,131,127,71,7,115,46,22,28,41,120,184,141,144,89,51,47,4,116,267,159,63,148,102,201,61,49,98,222,53,234,85,111,28,152,19,1,162,198,52,21,0,27,75,44,76,31
733,76,153,175,109,124,88,16,56,82,164,51,232,18,60,121,35,147,211,64,148,131,82,176,132,174,126,48,156,60,179,17,54,71,138,48,58,127,62,202,109,98,49,58,57,49,142,7,88,105,97,133,127,70,7,115,46,22,28,39,120,184,142,144,89,52,47,4,117,267,161,63,146,102,202,61,49,98,221,53,238,85,111,30,154,19,1,163,198,51,21,0,29,76,44,76,31
734,75,155,175,110,122,89,16,56,82,164,50,236,18,61,122,34,147,212,64,146,131,83,177,132,175,127,48,157,60,179,18,54,72,138,49,58,128,63,207,109,97,49,58,58,49,142,7,87,106,98,134,127,71,7,115,47,22,30,38,118,183,143,144,88,52,48,4,117,268,160,64,146,102,205,61,49,99,226,53,240,86,110,30,154,19,1,163,200,52,21,0,29,76,44,76,31
735,75,155,175,111,122,89,15,56,82,163,50,237,18,61,123,34,148,213,64,149,132,84,177,132,177,129,48,157,61,181,18,54,73,139,49,59,131,63,208,110,97,49,58,59,49,144,7,86,106,98,134,127,72,7,117,49,22,31,39,118,183,141,145,88,52,50,4,120,270,164,64,147,100,207,61,50,98,226,53,242,87,111,30,156,19,1,163,201,50,21,0,29,76,44,79,35
736,78,157,177,112,122,89,15,57,82,162,51,237,18,62,125,34,150,216,64,150,132,84,177,133,178,131,48,157,61,182,18,53,73,138,50,60,133,64,209,110,99,49,58,59,50,146,7,87,107,98,135,127,72,7,117,49,23,32,39,117,184,141,145,88,53,51,4,122,269,165,64,148,103,209,62,50,98,226,54,241,89,112,30,157,19,1,164,205,50,21,0,29,78,44,79,35
737,77,158,179,114,124,89,15,57,81,164,51,238,18,62,125,35,152,216,64,151,132,84,176,136,180,131,48,158,61,183,18,53,73,139,51,60,134,64,207,111,100,49,58,59,51,145,7,87,107,99,137,128,72,7,117,49,24,32,39,116,185,144,146,88,53,52,4,121,270,164,65,149,103,208,62,50,97,229,56,240,89,112,31,158,19,1,164,205,50,21,0,29,78,44,79,35
738,76,160,180,114,125,89,15,58,81,164,51,239,18,62,126,35,153,215,63,152,133,84,176,136,179,132,49,159,61,184,19,54,73,142,51,60,134,64,209,113,100,50,60,59,52,147,7,88,107,99,138,132,73,7,118,49,24,32,41,116,186,145,146,89,53,52,4,122,271,165,66,149,102,209,62,51,97,230,57,239,89,113,32,158,19,1,164,206,50,21,0,29,79,45,79,36
739,77,160,180,115,124,89,15,59,81,165,51,243,18,62,126,36,152,214,65,152,132,84,176,136,179,134,49,160,60,187,19,54,73,144,52,62,135,65,210,113,101,51,60,59,53,149,7,88,107,100,139,135,74,7,120,49,24,33,41,117,189,145,146,87,53,53,4,123,272,165,67,149,102,207,62,52,99,231,58,240,89,113,32,158,19,1,166,206,52,21,0,29,80,45,80,37
740,76,160,181,117,129,88,15,60,81,167,51,245,18,62,126,36,152,214,66,152,132,84,176,136,179,135,48,160,59,187,19,54,74,145,52,63,136,65,210,115,101,52,59,58,53,150,7,90,109,100,139,135,74,7,119,48,24,34,41,116,190,146,146,87,53,53,4,124,275,166,67,148,103,206,62,52,100,231,59,239,89,114,32,158,19,1,165,206,52,21,0,30,81,45,80,37
741,76,162,183,117,129,90,15,61,81,167,51,247,18,62,126,36,152,217,66,152,135,86,177,137,180,135,48,162,60,185,19,54,75,147,53,63,138,66,214,118,101,52,59,59,54,152,7,90,110,101,139,135,74,7,119,49,24,35,41,117,191,146,148,87,53,54,4,125,279,165,68,149,104,208,62,51,100,232,59,242,90,114,31,158,19,1,169,206,51,21,0,30,81,45,81,37
742,76,163,183,117,129,90,15,61,79,168,50,247,18,62,126,36,153,219,66,152,136,87,178,136,181,136,48,163,59,186,19,55,76,146,53,63,139,67,215,118,102,52,59,58,55,152,7,90,110,100,140,135,75,7,119,49,24,35,42,118,194,148,149,87,54,55,3,125,280,164,68,150,104,208,64,52,100,237,59,243,90,114,31,159,20,1,170,206,51,21,0,30,80,45,83,37
743,77,165,185,118,128,90,15,61,79,170,50,248,18,63,128,36,157,221,66,151,136,87,177,136,181,136,48,163,60,186,20,55,76,146,53,63,139,66,218,118,102,52,59,58,55,151,7,90,110,100,141,134,76,7,118,49,24,36,43,118,193,149,151,88,54,56,3,128,284,164,66,151,104,209,64,53,103,239,59,244,90,114,32,159,20,1,172,208,51,21,0,30,80,45,84,37
744,78,166,186,118,129,91,15,64,79,172,51,250,19,62,127,36,157,222,67,152,136,88,179,137,182,139,48,164,60,187,20,55,76,147,53,64,141,68,218,119,102,52,59,58,55,151,7,90,109,100,141,133,76,7,118,48,24,36,43,120,192,148,151,89,54,56,3,128,283,164,67,151,105,212,64,53,103,242,59,243,90,116,32,160,20,1,173,211,51,21,0,30,81,45,84,37
745,79,168,186,119,129,91,15,64,79,174,51,250,20,62,129,36,155,223,68,152,136,87,179,140,183,138,48,164,60,187,20,55,76,147,54,64,141,68,220,121,104,52,59,57,55,152,7,93,108,102,140,134,77,7,119,48,24,37,42,120,192,151,153,90,54,56,3,130,289,167,67,153,105,211,65,53,103,242,59,246,91,115,32,163,20,1,172,210,51,21,0,30,83,45,84,37
746,79,167,190,119,129,92,14,64,79,176,52,251,20,62,131,37,155,225,68,153,137,87,183,140,184,138,47,163,60,189,20,55,77,149,54,64,142,68,217,123,105,52,59,57,55,152,7,93,107,103,141,133,76,7,119,48,24,37,42,121,192,155,153,91,54,56,3,132,289,167,67,154,107,214,65,53,103,244,60,249,92,117,32,163,20,1,173,211,51,21,0,30,84,45,85,38
747,79,167,190,119,131,93,14,63,79,177,53,252,20,63,132,37,155,225,68,154,138,87,185,141,184,138,47,165,60,190,20,55,77,150,54,64,145,68,219,124,105,52,60,57,56,154,7,94,108,105,142,132,76,7,122,48,24,38,44,122,191,158,153,91,55,57,4,134,292,168,67,155,108,215,65,53,105,249,62,248,93,116,32,164,19,1,174,212,51,21,0,29,84,45,86,39
748,80,169,188,120,132,95,14,64,79,178,54,255,20,64,133,37,154,227,68,153,140,87,186,140,186,140,47,165,60,191,20,54,77,150,54,64,146,70,221,125,104,52,60,57,57,154,7,94,108,106,143,133,76,7,124,48,24,39,45,124,193,162,153,93,55,58,5,135,293,169,65,155,109,217,64,53,107,251,62,249,95,116,31,164,20,1,174,212,51,21,0,30,86,45,86,40
749,80,170,189,120,132,95,14,64,80,177,54,256,21,64,134,37,157,229,68,155,144,87,186,139,189,140,48,168,60,192,20,54,77,151,54,64,147,69,223,126,104,53,60,57,57,154,7,95,108,106,141,134,75,7,125,48,24,39,47,125,193,163,157,91,56,58,5,137,294,171,65,157,110,218,64,53,107,252,62,249,96,116,31,166,21,1,173,211,52,21,0,30,86,45,86,41
750,81,170,190,121,132,95,14,63,82,176,54,257,21,64,134,38,158,229,69,155,147,88,186,140,189,140,47,169,60,193,20,53,77,151,54,65,147,69,225,126,105,54,59,57,59,154,7,96,108,105,143,134,75,7,125,48,24,39,48,126,193,164,159,92,57,59,5,138,294,172,65,155,110,218,67,53,107,256,62,248,96,116,31,168,21,1,176,211,52,21,0,30,86,46,86,41
751,81,173,192,122,133,96,15,64,83,177,54,260,21,64,134,38,163,229,69,155,147,88,188,141,189,139,46,171,61,193,20,53,77,153,54,65,148,69,226,128,107,54,59,56,59,156,7,94,108,107,144,134,76,7,126,48,24,40,49,129,193,164,161,92,57,59,5,138,296,174,66,159,109,218,68,53,107,256,61,248,98,117,31,167,21,1,175,212,52,21,0,30,86,47,86,41
752,81,172,192,123,134,96,15,65,84,176,54,261,21,63,135,38,166,230,69,158,147,89,187,141,189,142,46,171,60,194,20,53,76,154,55,65,148,69,228,128,108,54,59,57,59,157,7,94,107,108,143,134,76,7,126,48,24,40,49,127,196,166,161,94,58,60,5,140,295,177,67,160,109,218,68,54,107,257,62,247,98,116,31,166,21,1,174,214,53,21,0,30,86,46,86,40
753,82,175,193,123,135,97,16,66,85,178,55,259,21,63,136,38,165,231,69,157,147,90,187,144,189,142,46,171,61,196,20,53,76,155,56,66,148,70,228,128,109,56,60,58,60,157,7,95,110,108,141,133,76,7,126,47,24,41,50,128,196,167,162,94,59,60,5,141,297,177,67,161,110,218,68,55,108,259,62,247,99,116,30,168,23,1,172,215,54,21,0,30,87,46,87,40
754,82,175,195,124,135,97,16,66,85,179,56,261,21,63,137,38,165,236,69,159,149,91,187,144,189,144,46,171,62,198,21,55,76,154,56,66,148,70,228,128,109,56,60,59,60,157,7,95,110,107,142,133,77,7,126,49,24,41,51,127,197,168,161,95,59,60,5,143,297,177,68,162,112,220,69,55,110,256,62,245,100,116,31,171,23,1,173,214,54,22,0,30,88,46,87,40
755,82,175,194,125,135,97,16,67,84,179,56,261,21,62,138,38,166,238,70,163,149,90,190,145,192,145,46,171,62,199,21,55,76,154,56,66,147,70,229,129,109,56,62,60,60,159,7,94,111,107,143,133,77,7,127,49,24,41,52,128,198,170,162,96,59,60,5,144,295,177,69,161,114,221,69,56,108,255,63,244,102,117,32,173,25,1,174,218,54,22,0,31,89,46,88,40
756,82,175,194,127,135,96,16,67,84,179,56,261,20,62,138,39,167,242,70,164,149,91,191,146,193,146,46,173,62,199,21,55,77,155,57,66,147,71,230,130,108,57,62,60,60,159,7,95,111,107,145,136,77,7,128,49,24,41,52,127,200,169,163,95,59,60,5,145,294,178,70,162,114,222,69,57,109,257,66,245,103,116,33,176,25,1,176,218,54,21,0,31,90,47,87,40
757,83,174,194,127,138,96,16,68,83,182,56,260,21,63,138,38,168,243,71,165,150,93,192,145,193,145,46,176,63,201,21,56,77,158,57,66,149,73,230,131,108,57,62,60,61,159,7,95,112,107,145,136,79,7,129,49,25,42,52,127,201,170,163,96,59,60,5,146,297,180,70,163,115,224,71,56,111,259,65,247,103,116,33,177,25,1,177,218,55,22,0,31,91,48,88,40
758,83,175,195,128,139,96,16,69,85,182,57,262,22,62,139,38,168,245,72,165,150,93,194,147,193,146,47,176,63,204,21,55,77,159,57,66,150,73,231,133,109,57,63,60,61,161,7,95,113,108,146,136,79,7,131,49,26,42,52,128,202,172,163,96,60,60,5,149,298,180,69,164,114,230,71,57,111,260,65,250,103,119,33,177,25,1,178,219,55,22,0,31,93,48,87,40
759,82,176,195,128,139,94,16,69,86,184,58,264,23,63,140,38,169,247,73,165,150,94,195,147,192,148,46,178,63,206,21,56,78,159,57,67,150,73,231,133,109,57,63,60,61,161,7,95,112,109,147,137,79,7,132,50,27,42,53,128,203,173,164,98,61,60,6,149,299,183,69,165,115,233,74,57,112,261,67,250,104,120,33,177,25,1,179,220,56,22,0,33,93,48,87,41
760,82,178,196,130,138,95,16,68,86,187,59,265,23,64,142,38,171,246,73,164,150,94,197,148,193,149,46,179,63,206,22,55,78,159,57,69,150,73,235,135,109,57,63,59,61,160,7,96,112,109,146,136,79,6,132,51,28,43,53,129,205,172,165,98,61,59,6,150,304,185,71,168,115,232,74,58,112,263,67,253,104,120,34,176,26,1,182,223,57,22,0,33,93,48,88,41
761,84,178,198,132,139,95,16,69,88,187,59,267,23,64,141,38,171,247,72,166,151,94,199,150,192,150,45,181,62,206,22,55,79,159,57,69,151,74,233,136,109,57,63,60,62,160,7,98,113,110,146,136,79,6,133,50,28,42,53,130,206,175,167,98,61,59,5,149,305,185,71,168,115,234,74,59,114,263,69,253,105,120,34,178,26,1,184,225,56,22,0,33,93,48,89,42
762,85,179,199,131,141,95,16,69,88,187,59,266,23,65,143,38,172,251,72,167,152,95,201,151,194,150,45,181,64,207,22,55,80,157,57,69,151,73,233,139,110,58,63,60,62,160,7,99,114,109,147,136,79,6,133,51,29,43,54,130,207,175,169,98,61,59,5,151,306,186,72,169,115,235,74,59,117,264,69,255,105,120,35,178,26,1,185,225,57,22,0,34,92,49,92,42
763,86,180,200,133,143,95,16,69,88,187,59,267,23,65,143,37,173,254,72,168,152,95,201,153,194,153,44,181,64,207,22,55,81,159,57,69,149,73,235,141,110,58,63,61,62,161,7,100,114,109,150,136,80,6,134,52,29,44,54,133,208,177,169,98,61,60,5,151,304,188,72,168,115,234,75,62,117,268,68,255,104,119,35,178,26,1,187,226,57,22,0,35,96,49,93,42
764,86,182,199,133,143,96,16,68,88,188,59,268,23,65,143,37,174,254,71,170,152,97,202,154,197,154,44,181,64,210,22,55,81,161,59,69,151,73,235,143,111,58,63,61,63,161,7,101,115,110,150,136,81,6,136,52,29,44,54,135,209,177,167,101,61,61,6,151,304,188,72,171,115,235,75,63,118,269,69,258,104,119,35,178,26,1,187,227,57,22,0,35,96,49,93,42
765,88,181,199,132,144,96,16,69,88,189,60,269,23,65,144,37,176,255,70,172,155,97,202,154,197,154,44,181,64,210,22,55,81,162,59,69,151,74,236,145,111,59,63,60,62,163,7,104,115,111,150,137,81,6,136,52,30,44,54,136,209,179,167,102,61,61,6,151,307,188,72,174,115,238,76,63,118,269,69,260,105,119,35,178,27,1,189,229,59,22,0,35,96,49,93,42
766,89,179,202,131,143,95,16,69,88,189,59,271,23,66,145,37,177,258,71,173,156,96,205,157,200,156,44,183,65,215,22,55,82,164,59,71,150,74,237,147,113,59,63,61,63,163,7,105,116,112,150,138,81,6,137,52,29,45,54,136,209,180,168,104,61,61,6,152,307,192,72,174,115,241,76,63,118,270,69,259,107,122,35,178,27,1,190,230,59,22,0,35,96,48,94,42
767,89,178,202,132,144,96,16,69,88,189,60,270,23,66,145,38,177,262,74,174,157,96,206,159,202,157,44,182,66,216,22,55,82,165,60,71,152,74,236,147,113,59,64,62,63,166,8,107,116,112,150,138,81,6,137,51,29,45,55,136,210,182,169,103,62,62,6,151,311,192,73,175,116,242,77,63,118,270,68,265,108,121,35,179,27,1,191,233,59,23,0,35,95,48,97,42
768,89,178,203,134,145,96,16,68,91,191,60,272,23,66,147,38,178,262,75,175,157,96,208,159,205,157,44,183,66,218,22,56,84,167,60,71,151,74,237,148,114,59,65,62,63,167,8,108,116,112,151,139,81,6,138,52,29,46,56,135,212,183,171,103,62,62,6,152,310,192,73,178,117,243,79,64,118,272,68,267,110,120,35,179,27,1,190,233,59,23,0,34,99,48,98,43
769,89,179,204,135,146,95,16,68,90,193,60,272,23,66,148,38,180,263,76,173,155,96,211,161,206,159,45,184,66,221,22,57,84,166,60,71,149,75,239,152,115,59,66,62,62,169,8,108,118,112,151,141,81,6,139,54,29,47,56,135,215,184,173,105,62,62,6,153,312,191,74,180,118,245,81,64,118,274,68,270,108,120,35,184,27,1,191,233,59,23,0,34,99,47,98,42
770,90,180,204,136,146,95,16,68,90,196,61,274,23,67,148,37,181,268,76,173,154,97,215,160,206,161,45,185,66,220,23,58,84,170,61,71,149,75,243,153,116,59,66,62,62,170,6,107,119,112,151,142,81,6,139,54,29,48,57,136,213,184,174,105,62,63,6,153,313,192,75,180,119,249,81,64,118,274,68,272,109,120,35,184,27,1,191,234,60,22,0,34,101,47,98,43
771,92,180,204,137,145,95,16,68,89,197,61,276,24,68,151,37,183,271,76,175,155,97,216,159,208,162,45,187,68,220,23,58,86,171,61,71,152,76,245,153,117,59,67,62,62,170,6,109,119,113,151,141,81,6,138,55,29,49,59,136,216,186,176,105,62,64,6,152,312,192,76,178,119,248,81,64,118,276,68,275,110,119,35,183,27,1,192,235,61,22,0,34,102,48,99,43
772,92,181,204,137,146,95,16,68,89,197,62,279,24,67,151,37,184,272,76,175,154,98,217,159,209,164,45,188,69,219,23,58,86,171,61,71,152,76,244,155,118,60,67,62,64,173,6,107,120,114,150,142,82,6,139,55,29,49,59,137,216,187,177,104,62,65,6,153,315,194,75,180,121,250,81,65,117,277,68,276,111,119,37,184,27,1,191,236,61,22,0,34,102,48,102,44
773,92,183,204,137,146,95,17,68,89,197,62,281,24,67,152,37,185,272,77,175,154,99,220,160,209,164,45,190,70,219,23,57,86,173,60,71,153,76,245,156,120,60,68,63,65,174,6,107,121,115,150,142,82,6,140,56,29,51,60,138,216,187,178,104,62,65,7,153,315,197,75,181,121,249,82,65,118,278,68,279,113,118,37,185,27,1,191,237,60,22,0,34,102,48,102,44
774,91,183,204,137,146,96,17,68,90,196,62,284,24,67,153,38,186,273,76,175,156,100,221,163,207,167,45,191,70,220,23,57,87,174,60,71,153,76,243,158,121,61,68,64,65,174,6,111,122,116,152,142,84,6,142,56,29,52,60,139,218,191,178,106,63,66,7,154,317,197,75,180,121,250,84,66,118,278,68,281,113,118,37,185,27,1,192,239,61,22,0,34,103,50,102,44
775,90,185,205,138,147,95,17,66,91,197,62,287,24,67,153,38,185,275,76,176,156,101,220,164,208,167,45,193,69,223,23,57,88,175,61,71,155,76,246,157,122,61,67,64,66,174,6,111,124,118,153,140,85,6,142,56,30,52,60,139,218,191,181,106,64,67,7,153,319,199,75,179,121,251,85,66,117,279,70,285,111,118,37,187,27,1,193,240,61,21,0,34,102,49,104,45
776,90,184,206,139,149,96,17,66,91,200,61,290,24,67,153,38,185,275,78,177,157,100,221,165,206,168,46,192,70,221,23,58,88,174,61,74,155,77,248,157,123,61,67,65,66,175,6,112,124,119,156,141,85,6,144,58,30,53,61,139,218,192,180,106,64,67,7,155,318,200,74,180,122,249,85,66,116,280,70,286,111,117,37,187,27,1,196,240,61,22,0,34,103,49,104,45
777,89,187,207,139,149,96,17,65,91,200,61,292,24,67,153,38,186,275,78,177,156,100,222,168,207,169,47,193,71,224,23,58,88,173,61,74,159,77,249,157,123,62,68,65,67,174,6,113,124,120,156,141,86,6,145,58,30,54,61,139,218,192,180,106,65,68,7,157,320,201,74,182,122,249,86,66,117,278,70,288,111,117,37,191,27,1,196,241,61,22,0,33,103,49,103,45
778,89,187,210,139,150,96,17,66,93,199,61,294,24,67,154,38,186,279,78,178,155,101,221,170,207,171,48,195,72,226,23,58,88,175,61,73,159,78,250,157,125,63,70,65,67,177,6,113,125,121,157,143,87,6,145,58,30,55,61,140,218,193,185,107,66,68,7,159,320,201,75,181,123,252,86,67,117,279,71,290,110,118,38,191,26,1,196,241,61,22,0,33,102,51,104,46
779,90,187,210,139,151,100,17,69,90,202,60,298,24,67,154,39,188,281,79,177,156,102,223,171,209,172,48,194,74,226,23,58,88,176,61,73,160,81,253,159,128,62,70,65,67,177,6,114,125,121,157,144,87,6,145,58,30,55,61,139,221,197,185,107,67,69,7,160,321,201,75,181,121,252,86,67,118,279,71,292,112,119,37,191,26,1,196,241,61,22,0,34,106,51,105,46
780,91,187,211,139,153,101,17,69,90,203,61,297,25,68,156,39,185,284,79,178,158,104,225,172,209,172,49,196,75,228,23,58,88,176,61,73,163,82,254,160,129,62,70,66,67,179,6,113,125,122,161,144,87,6,146,58,30,55,61,139,220,197,186,108,67,69,7,160,320,204,78,180,123,256,87,67,120,282,72,294,112,121,37,191,26,1,199,244,61,22,0,33,107,51,106,46
781,91,186,211,139,153,101,17,69,90,204,63,296,25,68,157,39,186,283,79,178,159,105,226,171,208,173,49,196,75,229,23,60,88,178,61,73,164,80,254,160,129,63,71,66,67,181,7,114,124,121,162,144,88,6,146,58,31,56,62,137,220,197,185,108,67,69,7,160,321,206,79,179,123,260,89,67,120,281,72,296,113,121,37,192,26,1,201,244,61,22,0,34,109,51,106,47
782,91,190,214,139,153,101,17,69,90,205,63,296,25,69,160,39,186,283,80,181,159,106,228,174,207,173,50,197,76,228,23,60,89,180,62,75,166,79,257,162,129,63,72,66,67,184,7,114,124,121,160,146,89,6,146,58,31,58,61,138,223,198,187,108,68,69,7,161,324,206,77,179,124,260,89,70,120,282,71,301,113,121,37,190,26,1,203,245,61,22,0,33,109,51,107,47
783,92,191,212,139,154,101,16,69,90,206,63,298,24,69,161,39,188,285,80,180,159,106,229,175,210,176,50,197,77,229,23,61,89,177,62,75,167,79,260,164,133,63,73,66,68,186,7,115,124,122,161,147,89,6,147,59,32,62,61,140,226,198,186,107,68,69,7,163,323,207,77,182,123,261,90,70,121,282,72,302,112,122,38,189,26,1,205,243,62,22,0,33,109,51,108,47
784,92,192,213,140,159,101,16,70,91,207,63,297,24,71,160,39,190,285,80,181,159,109,229,177,208,178,50,195,76,231,23,62,90,178,63,75,167,80,260,164,134,64,74,66,67,187,7,116,124,122,161,146,91,6,146,59,32,63,61,140,230,198,186,108,69,69,7,162,321,206,76,183,124,261,91,70,124,286,71,301,113,122,38,193,27,1,205,244,62,22,0,33,110,50,108,47
785,93,195,214,141,159,101,16,70,91,207,64,300,24,71,162,41,191,287,81,181,161,108,232,178,210,179,50,196,77,232,23,62,90,178,63,77,170,79,262,165,135,65,74,66,67,189,7,116,124,123,162,145,91,6,146,59,32,63,62,139,230,199,183,108,69,69,7,162,325,207,78,183,124,261,90,70,123,287,70,300,113,124,38,193,26,1,205,245,62,23,0,33,111,50,107,48
786,93,196,216,142,160,103,16,70,91,209,64,304,24,71,162,42,192,288,81,182,162,108,233,178,211,180,50,196,78,233,24,62,91,178,63,77,170,80,264,166,135,65,75,66,67,190,8,117,124,124,163,144,91,6,146,59,33,63,65,141,231,199,183,108,70,69,7,162,325,207,78,186,124,264,89,70,126,290,70,301,114,125,38,193,26,1,207,245,61,22,0,33,111,51,106,48
787,93,199,216,142,160,102,16,70,91,212,65,305,24,72,162,42,194,288,81,182,165,109,239,180,212,182,50,196,78,233,24,63,91,178,64,78,170,80,264,168,136,65,75,67,68,190,8,116,124,124,165,146,92,6,148,59,34,63,67,143,231,200,183,108,70,69,7,162,327,211,78,190,126,264,89,70,128,291,72,302,117,123,39,193,26,1,207,247,60,22,0,34,113,52,106,49
788,94,202,218,142,162,102,16,70,91,214,65,306,24,73,164,42,193,289,82,181,166,110,241,180,214,182,50,199,78,234,24,63,92,180,65,79,169,81,264,168,138,67,75,68,68,191,8,116,124,125,166,146,93,6,149,59,34,65,67,144,234,202,184,110,70,69,7,163,326,211,79,191,127,262,89,70,129,291,73,305,117,123,41,196,26,1,210,249,60,22,0,35,112,52,106,50
789,96,203,218,143,164,104,16,72,92,217,65,306,24,73,168,44,195,291,82,184,167,110,240,181,215,184,52,199,79,234,23,65,92,180,65,80,170,80,264,167,139,66,74,69,68,190,8,116,126,126,167,146,94,6,150,59,34,65,67,144,236,202,187,112,72,69,7,163,328,213,79,191,127,263,89,71,129,292,74,310,117,125,41,196,26,1,211,250,61,23,0,35,114,54,108,51
790,94,205,220,144,164,104,16,73,93,216,66,310,24,73,168,44,199,290,83,184,168,110,241,181,217,186,53,199,80,235,23,65,90,180,65,80,171,81,266,167,140,66,74,70,68,192,8,117,127,125,169,148,95,6,151,60,34,65,67,146,238,203,189,114,72,70,7,162,330,217,79,192,128,262,89,73,131,294,73,311,119,126,41,196,27,1,210,250,61,23,0,35,116,54,109,52
791,93,206,220,144,166,104,16,74,95,217,66,311,24,74,169,44,202,291,84,186,170,110,243,183,218,187,53,199,80,235,23,66,91,180,65,81,175,81,268,167,140,66,73,70,70,194,9,117,128,127,171,148,95,6,152,60,35,65,67,148,240,204,190,113,72,72,7,163,332,218,80,191,129,269,89,72,130,296,73,311,122,124,41,197,26,1,209,250,61,23,0,36,114,56,109,53
792,95,208,219,146,168,105,16,75,95,219,66,312,24,74,170,46,203,294,84,187,172,109,244,183,221,187,53,199,79,237,24,69,91,181,65,80,174,81,270,168,140,66,75,72,70,194,9,122,128,129,171,151,95,6,154,60,34,65,67,148,242,205,191,116,71,73,7,167,332,217,80,192,128,271,89,73,130,297,73,312,125,124,42,198,26,1,212,252,61,23,0,36,114,58,109,53
793,96,208,220,147,169,105,16,75,95,220,66,315,24,75,171,47,202,294,85,189,171,110,247,184,221,187,53,199,79,237,24,69,92,183,65,80,175,81,269,169,144,66,76,73,70,196,9,125,128,130,172,151,95,6,154,60,34,66,68,150,245,207,193,117,72,72,7,170,332,221,81,194,128,271,90,74,131,298,73,316,125,125,42,198,26,1,213,253,61,22,0,36,114,58,109,54
794,96,208,222,148,171,105,16,77,95,218,66,318,24,77,172,46,206,295,85,193,176,110,247,182,222,187,53,199,79,240,25,69,94,184,65,81,176,81,272,170,146,67,75,73,70,198,9,126,128,131,172,152,97,6,155,61,34,66,68,150,246,205,194,117,73,73,7,171,332,222,83,193,129,273,90,74,131,300,74,319,126,126,42,200,26,1,212,256,62,23,0,36,115,58,111,55
795,96,207,224,148,171,106,16,77,97,220,66,320,24,78,171,46,206,297,86,191,177,110,247,182,222,188,54,199,79,242,26,69,95,187,66,82,178,82,273,171,147,67,76,73,70,198,9,126,128,133,172,153,98,6,154,62,34,66,68,151,247,205,193,117,73,74,7,174,336,226,86,197,130,276,90,76,130,301,76,320,129,126,42,201,27,1,213,258,62,23,0,36,115,60,112,55
796,97,208,224,148,174,105,16,78,99,220,66,320,25,78,172,46,209,298,86,192,177,110,246,182,222,189,53,198,79,245,27,68,95,188,66,82,179,82,274,173,147,69,76,74,70,200,9,126,130,133,173,153,98,6,153,63,34,66,68,151,250,203,195,118,74,73,7,175,337,226,87,200,132,281,90,77,129,300,77,318,128,129,42,200,27,1,214,259,62,23,0,36,116,61,113,55
797,97,209,227,148,174,105,16,79,101,223,65,323,26,79,173,46,211,300,87,194,177,111,246,182,226,193,54,200,80,246,27,70,96,189,65,82,180,82,274,174,148,71,76,74,70,200,9,127,130,135,174,155,99,6,157,63,34,66,68,152,250,204,195,119,73,73,7,176,338,229,90,200,133,281,94,76,130,301,77,318,129,129,42,202,28,1,213,259,63,25,0,36,117,61,113,56
798,97,211,227,148,173,106,16,77,103,222,66,327,26,81,173,46,213,301,87,195,178,111,249,183,227,194,55,201,80,247,27,70,96,189,64,83,184,82,278,174,150,73,76,74,70,201,9,128,130,135,172,157,102,6,157,63,34,67,70,154,252,205,197,117,74,73,7,179,338,230,91,203,135,283,92,77,131,302,78,322,130,130,42,202,28,1,214,259,63,25,0,36,118,61,112,56
799,99,212,228,147,173,107,16,77,103,220,67,328,26,81,174,46,213,302,87,197,180,114,251,185,228,194,55,200,79,247,27,70,96,189,65,84,186,83,279,174,151,74,75,74,70,201,9,131,130,135,171,157,104,6,157,63,34,66,71,153,252,206,200,117,75,74,7,178,340,229,91,206,136,284,92,77,132,304,78,321,133,129,42,202,29,1,214,260,65,26,0,35,120,61,113,56
800,101,211,228,148,174,109,16,77,105,222,67,331,26,82,174,46,214,305,88,199,180,116,250,186,228,195,55,200,79,246,28,71,95,192,66,84,187,82,279,177,152,75,76,75,70,203,9,131,130,134,171,156,105,6,160,63,34,66,72,153,253,209,203,118,75,76,7,181,340,232,90,206,136,283,92,78,132,304,78,322,134,130,42,202,29,1,215,260,65,26,0,35,125,63,111,56
801,102,212,230,148,177,110,16,77,104,221,67,332,26,83,174,46,216,309,89,201,182,117,250,188,228,194,56,200,79,248,28,72,96,193,68,85,187,82,282,177,152,75,76,76,70,203,9,132,132,134,172,156,105,6,159,63,36,65,72,154,255,211,202,121,77,75,7,181,345,234,90,207,136,285,92,79,133,303,79,321,135,130,42,202,29,1,217,260,64,26,0,35,126,62,115,56
802,102,212,230,148,175,111,16,77,105,223,71,331,26,83,174,46,216,311,91,203,183,118,252,188,228,195,56,200,79,249,28,72,96,193,68,85,187,83,280,176,154,76,77,76,71,203,9,131,132,136,173,156,106,6,160,63,36,65,72,154,252,212,202,123,77,76,7,182,348,234,91,210,137,284,93,79,133,300,79,320,135,131,42,202,29,1,220,262,64,26,0,36,127,62,116,58
803,102,213,232,147,178,112,16,77,105,222,71,334,26,83,174,44,217,314,92,206,184,120,252,186,228,195,56,200,80,249,28,73,96,195,68,85,187,83,281,177,156,76,78,76,72,205,9,131,133,137,173,158,106,6,160,63,36,66,73,155,253,213,203,126,76,76,7,183,350,233,90,211,138,283,93,79,133,302,80,320,138,132,42,202,30,1,219,265,64,26,0,36,127,61,116,58
804,102,213,234,148,180,112,16,77,106,224,71,335,26,83,174,44,217,316,92,204,184,120,254,186,227,194,56,200,79,250,28,73,96,195,68,86,190,84,282,177,157,76,78,76,73,206,9,132,133,138,174,157,106,7,161,64,36,66,74,156,252,215,208,127,76,76,7,183,349,235,90,211,138,283,94,82,135,304,80,320,138,132,42,202,30,1,220,265,65,26,0,36,126,61,118,58
805,103,212,233,148,182,113,16,77,107,225,71,333,26,81,174,43,218,317,92,205,187,120,252,187,226,195,56,199,79,250,30,73,95,195,68,87,189,84,286,178,157,76,77,76,73,206,9,132,134,138,173,159,105,7,161,64,36,67,75,156,254,214,209,129,77,76,7,183,351,235,90,212,136,283,95,83,137,304,81,321,140,132,42,202,30,1,222,268,65,26,0,36,128,61,120,58
806,102,213,234,146,185,113,16,77,108,225,72,332,26,81,175,43,220,319,92,205,188,120,252,187,227,195,56,200,80,254,30,74,95,195,68,88,195,85,288,181,158,76,79,80,73,208,9,133,136,139,173,159,105,7,162,65,36,67,76,156,254,216,211,129,77,77,7,184,353,237,90,211,137,282,98,83,137,304,81,323,142,130,42,205,29,1,222,268,65,26,0,36,130,61,121,59
807,102,213,234,148,186,113,16,78,108,227,72,334,26,84,178,42,222,319,92,208,188,122,254,188,232,199,57,201,82,253,30,74,93,197,68,90,197,84,289,182,159,74,81,80,72,209,9,132,135,139,175,159,106,7,164,64,36,67,77,156,255,218,212,130,77,77,7,184,353,238,89,212,137,286,98,84,137,303,83,323,143,131,42,205,29,1,223,267,66,26,0,37,130,61,121,59
808,101,213,234,149,186,116,16,80,109,228,72,335,26,86,178,43,223,321,92,208,190,123,254,190,232,198,58,203,82,258,30,74,93,198,69,91,197,84,292,181,160,76,81,82,73,208,9,133,136,140,178,159,106,7,163,65,36,67,77,156,256,220,214,131,77,77,8,189,354,238,88,212,137,285,98,84,140,307,83,327,146,133,42,206,29,1,224,269,67,25,0,37,132,61,121,59
809,101,214,233,149,187,117,17,80,108,226,73,337,26,86,177,43,223,323,93,209,190,122,254,193,232,197,58,204,82,257,30,75,93,196,68,91,197,84,294,180,162,76,81,82,73,211,9,134,136,141,178,158,106,7,164,66,36,69,78,157,257,219,217,131,77,76,8,189,355,241,89,214,138,284,100,84,140,310,84,328,150,132,43,206,29,1,224,268,67,25,0,37,131,60,122,60
810,102,213,232,149,193,118,17,80,108,227,73,340,28,86,177,44,224,324,93,208,191,122,255,192,231,195,58,206,82,257,30,75,95,197,68,93,199,83,297,183,162,76,81,81,72,213,9,136,136,141,181,158,106,7,163,65,36,69,78,156,257,227,217,131,77,76,8,190,361,245,87,214,138,285,99,84,141,311,84,328,149,133,43,208,29,1,224,268,67,26,0,39,132,60,122,60
811,104,215,234,151,195,119,17,80,108,226,73,341,28,88,177,45,226,328,94,209,192,121,257,191,235,197,57,207,82,263,30,75,95,199,69,96,199,83,295,184,161,78,80,80,74,214,9,137,136,140,180,159,107,7,164,65,36,68,79,157,259,225,220,129,77,80,8,190,362,243,86,213,137,285,99,85,142,311,84,328,152,134,44,207,29,1,223,269,67,26,0,40,131,61,122,60
812,104,216,234,152,197,119,17,83,109,226,74,338,28,89,178,45,228,327,94,208,193,122,256,191,235,197,57,205,82,266,30,76,95,198,69,96,202,83,294,186,162,77,80,80,74,218,9,137,137,140,180,157,107,7,164,67,36,67,79,159,262,226,220,130,77,82,8,191,360,244,85,214,138,284,100,85,143,310,86,332,152,135,44,208,29,1,225,273,67,27,0,40,131,60,121,61
813,105,218,233,153,197,120,17,82,108,228,74,340,28,89,180,43,228,328,93,210,194,123,257,191,236,198,57,207,82,268,30,78,98,201,69,96,204,82,297,186,163,75,80,81,73,219,9,136,138,140,181,158,107,7,165,67,37,67,79,159,264,228,221,129,77,81,8,191,362,248,85,214,137,284,100,85,143,315,87,334,155,135,44,208,29,1,225,275,68,28,0,41,136,60,121,61
814,106,220,234,153,198,120,17,85,108,228,74,340,28,91,181,43,229,328,93,209,195,123,258,192,237,198,58,208,83,269,30,81,98,201,69,96,206,82,298,186,166,76,82,81,74,218,9,136,139,139,183,161,109,7,166,67,37,67,79,159,264,230,221,129,77,81,8,193,366,249,88,214,138,282,100,86,145,315,87,335,156,136,44,208,29,1,228,277,68,28,0,41,136,60,121,62
815,108,219,235,157,199,120,17,86,109,228,75,340,28,92,181,43,229,328,93,212,197,123,261,192,238,197,58,209,84,271,30,81,97,202,69,97,207,82,301,187,166,76,83,81,75,220,9,137,137,139,183,164,111,8,167,67,38,67,79,161,266,231,221,129,77,81,8,195,366,247,88,217,139,283,100,85,147,318,87,334,157,137,45,208,29,1,229,279,68,28,0,41,137,60,122,64
816,109,218,237,157,200,121,17,86,108,231,77,343,28,92,182,43,230,329,94,213,196,125,263,193,239,200,58,210,83,273,30,81,100,204,69,98,208,85,296,187,168,76,85,81,76,221,9,137,136,140,183,164,111,8,168,67,37,67,79,161,265,232,222,128,76,81,8,199,368,248,88,218,140,282,101,84,147,323,87,335,157,140,45,210,29,1,229,281,68,28,0,42,139,60,122,64
817,109,218,237,159,201,122,18,87,108,233,77,344,28,94,182,43,234,331,94,214,199,127,262,193,239,201,59,210,84,274,30,81,101,205,70,99,211,85,297,187,168,78,84,81,77,225,9,138,138,142,184,164,111,8,168,67,37,68,79,161,266,234,223,129,77,81,8,201,372,248,89,219,141,284,103,84,147,323,88,336,157,145,45,210,29,1,230,281,69,28,0,43,138,60,122,64
818,110,218,238,161,202,123,19,88,108,236,78,341,28,96,182,44,236,330,95,214,202,129,266,194,243,203,59,210,84,276,30,81,102,207,72,99,212,85,299,188,168,79,84,84,78,226,9,138,140,142,187,167,111,8,167,67,37,67,80,161,267,236,226,129,78,80,8,204,372,249,90,220,142,286,104,84,148,324,89,337,159,148,45,211,29,1,229,280,69,29,0,44,139,59,124,66
819,110,221,240,162,206,124,19,88,110,238,78,340,29,96,183,44,239,332,95,215,201,129,269,195,244,202,59,214,85,278,31,79,102,208,74,99,214,85,302,189,170,79,85,85,78,226,9,137,141,143,188,166,114,8,168,67,37,67,81,162,268,239,228,132,78,81,8,204,373,251,90,220,143,288,106,85,148,325,89,341,160,149,45,211,30,1,231,282,69,29,0,44,139,59,124,66
820,110,221,240,164,209,124,19,88,110,239,78,340,30,96,184,44,239,331,95,217,202,129,270,195,244,202,59,215,87,278,31,79,104,209,75,99,215,87,303,187,168,80,85,85,78,227,9,137,145,145,190,166,115,8,168,67,37,66,82,163,269,241,228,133,80,82,8,205,376,251,90,220,144,290,106,86,148,326,89,345,160,149,46,209,29,1,233,284,68,29,0,45,139,59,124,65
821,110,224,243,165,212,124,19,88,110,239,78,342,31,96,184,45,240,331,96,218,204,127,270,196,247,206,60,216,89,279,31,79,104,212,75,100,215,87,306,188,168,79,85,87,80,226,9,136,145,146,190,167,115,8,172,67,36,67,82,164,270,239,231,133,80,82,8,206,375,252,90,220,145,289,106,86,148,326,88,346,158,149,45,209,30,1,238,286,68,29,0,45,141,61,125,65
822,111,223,247,164,213,126,19,90,109,240,79,343,33,97,184,45,243,335,96,217,206,129,272,198,250,206,60,219,89,277,31,78,104,215,75,100,219,89,306,189,168,81,85,87,80,230,9,137,145,146,192,167,118,8,171,69,36,67,82,167,269,239,233,135,81,83,8,207,376,253,93,220,145,290,106,86,148,327,89,344,158,150,46,209,32,1,237,289,68,29,0,46,143,63,126,65
823,111,225,250,164,214,129,19,89,108,243,80,346,33,97,186,45,245,334,97,217,208,129,276,199,250,207,60,220,88,279,31,81,103,215,76,101,218,90,307,189,169,81,85,87,80,228,9,139,146,148,195,170,120,8,171,69,36,67,82,167,270,240,234,135,82,83,8,208,377,254,93,221,146,292,107,86,151,329,90,341,161,150,46,206,32,1,238,289,69,29,0,47,144,63,125,65
824,111,223,253,165,214,130,19,89,108,245,81,348,33,97,186,46,248,336,97,221,208,131,276,200,251,207,60,221,88,279,31,81,103,216,77,102,220,92,308,189,169,81,87,88,82,227,9,141,146,148,196,169,122,8,171,68,36,67,82,170,270,240,235,135,84,83,8,208,378,258,94,221,147,293,107,88,151,329,93,346,163,151,46,208,32,1,241,292,69,30,0,46,144,64,124,65
825,111,224,254,165,214,131,19,91,108,246,82,349,33,98,189,47,252,337,97,222,209,132,278,201,251,209,60,222,89,280,31,81,103,217,77,102,217,94,309,190,169,80,87,89,82,228,9,142,146,148,197,169,122,8,170,69,35,67,82,170,274,241,238,135,84,84,8,211,381,260,95,222,147,296,107,90,152,332,93,347,163,154,47,207,35,1,240,293,70,30,0,46,144,64,124,64
826,111,225,256,166,215,131,19,90,111,246,82,349,33,99,191,47,254,339,95,224,211,131,277,201,250,212,60,223,89,280,30,83,103,218,77,102,216,94,313,191,170,80,87,89,83,230,9,141,147,147,196,171,122,8,172,70,35,70,82,170,274,243,240,135,85,85,8,212,380,262,95,224,147,298,107,90,152,332,93,347,165,155,47,205,35,1,242,293,70,30,0,46,144,64,124,64
827,111,226,256,166,215,131,19,90,112,246,81,348,33,99,191,47,257,339,95,228,214,132,277,204,249,210,60,225,88,283,30,83,103,219,77,103,217,96,315,191,171,80,87,90,83,233,9,141,146,150,195,173,122,8,174,71,35,71,83,172,273,243,241,135,84,85,8,215,379,263,96,227,147,301,108,90,153,333,92,345,166,156,47,204,35,1,244,296,70,30,0,46,145,63,123,64
828,111,228,257,167,216,131,20,91,113,247,81,351,33,100,191,47,259,339,96,229,215,133,277,205,250,210,60,226,87,282,29,84,104,220,77,103,218,97,317,190,173,79,88,90,83,234,9,140,146,153,196,174,122,9,176,72,35,71,84,171,276,244,241,138,84,84,8,218,382,263,97,229,147,303,107,91,156,336,92,345,167,159,47,205,36,1,246,297,69,30,0,46,147,63,122,66
829,111,226,257,167,216,132,20,91,115,245,83,352,33,102,190,47,261,337,99,229,215,133,277,206,251,211,60,228,88,283,29,84,104,221,78,103,220,97,316,191,173,79,88,90,83,234,9,141,146,156,197,174,122,9,176,73,35,71,85,172,278,247,243,137,84,87,8,220,382,262,97,231,147,304,107,92,156,335,92,347,167,159,49,205,35,1,247,300,69,30,0,47,146,64,122,66
830,111,225,258,170,217,133,20,91,115,246,84,354,33,101,188,47,262,339,97,228,217,136,276,207,252,211,59,230,88,281,29,84,103,221,78,103,223,97,319,191,175,79,89,90,83,235,9,143,147,156,199,174,121,9,176,73,35,71,86,173,280,249,244,137,84,89,9,219,382,261,98,231,148,304,107,92,156,338,93,350,167,161,49,205,35,1,247,299,69,31,0,47,147,64,124,67
831,111,226,258,169,216,135,20,92,116,248,84,353,35,101,189,47,262,338,97,229,219,136,280,209,253,213,59,231,90,282,29,86,103,221,78,104,222,97,318,193,175,79,89,91,83,234,9,143,147,156,199,175,122,9,177,73,36,71,88,175,280,249,246,137,86,91,9,220,387,260,98,232,149,308,107,92,156,337,94,349,169,162,49,205,35,1,247,300,68,31,0,47,149,65,123,69
832,111,228,260,171,218,136,20,94,117,249,84,354,36,101,189,48,264,340,97,229,220,136,281,209,253,214,59,232,90,286,29,85,105,222,79,105,222,97,319,194,176,79,89,91,83,235,9,144,147,157,203,176,122,9,177,73,36,72,87,175,283,249,246,138,86,92,9,222,386,261,98,232,152,312,107,92,158,339,96,350,171,163,49,206,36,1,246,300,67,31,0,46,151,65,123,68
833,111,229,260,171,219,137,20,95,116,252,84,356,36,101,191,48,263,341,97,229,220,136,280,209,251,218,59,231,92,287,29,86,105,222,79,105,224,98,322,195,177,79,89,93,86,236,9,144,147,160,204,178,122,9,177,73,36,72,88,177,285,248,246,141,85,92,9,224,386,262,99,233,150,316,107,93,159,340,96,353,172,167,49,207,36,1,247,300,69,31,0,46,151,65,126,68
834,111,231,259,171,219,137,20,94,117,253,84,356,36,105,192,48,263,342,98,230,219,135,280,209,252,216,60,231,90,288,29,87,105,219,82,104,225,97,324,194,180,79,89,94,87,235,9,145,147,161,206,178,123,9,178,73,36,72,88,176,285,251,246,141,86,91,9,227,387,261,99,236,151,318,109,94,159,342,96,354,175,168,49,207,36,1,249,299,70,31,0,46,151,65,126,68
835,111,232,259,170,219,138,20,96,119,253,86,358,36,105,192,49,262,347,97,231,219,134,284,210,254,218,60,229,89,290,30,89,105,218,83,104,225,99,327,194,181,80,89,96,87,237,9,145,147,163,209,178,124,9,177,73,36,72,88,177,286,252,247,142,86,91,9,229,388,260,98,237,151,320,109,94,159,341,98,360,175,169,49,205,36,1,250,297,71,31,0,46,150,66,126,68
836,111,233,260,171,219,138,21,97,120,253,86,357,38,106,194,49,262,347,97,231,220,134,283,212,255,217,60,229,90,292,31,90,105,220,83,104,227,100,328,195,182,79,89,98,87,239,9,146,148,162,211,179,126,9,178,72,36,72,88,175,289,253,247,143,86,91,9,231,387,258,97,239,152,320,112,93,160,342,98,356,176,169,50,205,36,1,251,298,72,32,0,46,153,67,128,68
837,114,234,261,172,221,140,21,96,122,254,86,359,38,106,194,47,262,349,97,229,220,134,284,213,258,217,60,228,90,291,32,90,106,222,83,104,231,101,329,196,183,82,90,100,87,239,9,148,150,162,211,180,128,9,179,72,36,72,89,174,289,254,250,143,86,91,9,232,391,259,97,237,153,321,112,94,159,344,98,356,177,170,51,208,37,1,251,297,72,32,0,46,153,67,128,69
838,114,236,265,173,221,140,21,97,121,255,86,359,38,106,194,47,262,348,97,229,221,134,281,216,259,219,60,232,92,297,32,91,105,223,81,104,231,101,330,196,185,81,90,101,86,241,9,149,148,164,212,182,128,9,180,72,36,72,89,175,291,254,253,142,86,90,9,233,391,259,98,236,155,322,113,94,159,348,100,354,175,171,51,207,38,1,251,297,71,31,0,47,154,67,128,70
839,116,238,265,172,224,140,21,98,122,255,86,362,38,107,196,49,264,349,99,231,223,134,281,218,261,219,60,233,93,297,32,90,105,224,83,104,233,102,331,200,185,82,91,101,85,242,9,149,150,165,212,185,128,9,181,72,36,73,92,174,291,258,256,142,87,91,9,235,392,260,97,236,155,323,113,95,159,350,100,354,176,171,51,208,38,1,251,298,71,31,0,47,155,67,130,70
840,117,239,266,174,224,141,21,98,123,259,86,364,38,108,197,49,264,350,99,232,224,135,280,219,264,220,60,236,94,296,32,90,104,224,84,104,232,102,331,200,186,82,92,102,87,244,10,149,150,166,214,184,128,9,181,73,36,72,91,174,292,261,258,142,87,93,9,236,394,261,97,236,156,324,112,95,159,348,100,357,176,170,51,208,38,1,253,299,70,33,0,47,155,66,132,70
841,117,240,265,177,222,142,21,98,123,259,87,364,38,108,197,49,266,355,101,234,226,136,280,220,264,221,60,238,94,298,32,89,103,227,84,104,235,102,330,200,187,83,93,104,88,248,10,151,152,167,214,185,129,9,181,73,36,74,91,173,294,263,258,143,87,94,9,239,395,262,96,236,154,325,112,95,159,348,100,359,175,170,51,207,37,1,256,300,70,33,0,46,157,67,133,71
842,117,241,268,178,223,146,21,99,123,259,88,366,38,108,197,50,264,356,102,235,229,137,282,221,264,222,62,239,93,298,32,89,102,228,85,104,236,102,333,201,186,83,95,104,90,248,10,153,155,167,213,188,129,9,183,73,36,74,90,173,296,263,260,145,86,95,9,239,395,262,96,236,154,328,112,96,159,350,99,361,175,172,51,206,37,1,259,302,70,33,0,46,159,68,132,71
843,117,242,272,180,223,147,21,100,123,261,88,366,38,108,198,50,267,355,103,236,230,138,282,220,264,226,61,243,93,298,32,90,103,228,86,104,239,102,340,203,185,83,95,104,92,249,10,152,155,168,214,190,129,9,187,73,36,74,91,174,295,265,261,146,87,95,9,239,400,262,96,236,156,332,114,96,159,353,98,361,178,174,51,206,38,1,260,304,70,33,0,48,160,68,131,71
844,120,242,273,180,223,147,21,102,122,264,88,369,38,108,198,50,269,357,104,235,229,137,283,222,266,226,61,243,93,299,32,92,103,226,87,105,241,103,343,206,185,84,94,104,92,250,10,151,156,169,214,190,130,9,188,74,37,75,91,174,293,264,260,149,88,95,9,238,399,261,97,235,156,333,114,97,159,354,98,365,180,176,54,205,39,1,261,308,72,33,0,48,161,69,131,71
845,122,240,272,182,223,147,21,103,124,268,88,370,38,111,196,50,277,359,103,235,230,137,281,222,267,226,61,242,95,299,32,92,103,229,87,104,245,104,347,205,187,84,94,105,92,251,10,153,158,173,214,190,130,9,188,73,37,75,92,176,291,263,263,150,88,95,9,239,402,265,97,234,155,333,114,98,160,355,99,366,179,176,54,208,40,1,261,310,72,33,0,48,161,69,130,71
846,121,243,273,182,222,148,22,105,124,270,89,371,39,111,197,50,278,361,104,234,230,137,282,223,270,227,61,242,96,298,32,93,102,228,88,105,248,105,349,205,186,83,95,105,92,252,10,154,158,175,213,190,131,9,187,73,36,75,92,176,293,262,264,152,88,97,9,237,403,263,97,238,157,334,117,99,163,358,99,366,179,179,54,210,40,1,260,311,72,33,0,48,162,70,131,71
847,121,246,274,183,223,149,22,105,125,271,89,372,39,112,195,51,279,363,104,236,230,136,281,222,272,228,61,241,97,301,31,95,101,230,88,107,250,106,349,208,186,83,96,106,92,252,10,154,159,175,213,193,131,9,186,73,36,76,91,175,293,263,267,154,88,98,9,236,404,264,97,240,158,336,119,100,165,358,100,367,180,180,54,211,40,1,262,312,72,33,0,48,163,70,131,72
848,123,245,272,184,223,151,22,106,126,272,90,371,40,112,195,51,281,364,106,238,231,136,281,224,273,230,62,244,97,303,31,99,102,229,88,107,251,106,349,210,188,83,96,109,93,252,10,155,160,176,214,195,133,9,187,73,37,77,92,176,295,264,267,154,88,98,10,237,404,265,97,238,158,335,119,100,165,362,101,367,180,183,55,213,40,1,265,314,72,33,0,49,163,71,131,72
849,123,245,272,182,228,151,22,107,126,276,91,374,40,112,197,51,281,365,106,239,232,137,282,225,272,229,63,245,97,303,31,102,102,230,88,107,252,106,351,211,190,83,97,110,94,252,11,157,162,177,215,198,135,9,189,73,37,77,92,174,294,265,269,157,87,98,10,239,404,268,98,240,157,335,119,100,165,361,103,367,180,184,55,214,40,1,267,314,73,33,0,49,163,71,132,73
850,123,246,274,183,228,153,22,109,127,276,92,377,40,112,198,51,281,365,107,242,232,137,283,226,274,229,64,248,97,305,31,103,101,231,89,106,253,107,354,211,190,83,97,109,94,253,11,157,161,178,216,198,136,9,190,73,37,78,92,173,297,266,270,159,88,99,10,239,404,269,98,241,158,337,119,101,166,359,102,371,180,184,56,214,40,1,267,318,73,33,0,49,164,71,134,73
851,123,249,273,186,228,153,22,111,127,276,91,375,40,113,199,51,283,368,107,244,232,138,286,226,273,231,63,251,98,306,31,104,101,233,90,106,255,107,355,213,190,85,97,110,94,253,11,157,161,178,215,200,137,9,192,73,38,78,92,171,298,267,270,159,88,101,10,240,405,271,99,242,159,337,119,102,165,358,103,373,179,183,56,216,40,1,268,321,73,33,0,50,164,71,133,74
852,124,250,273,187,233,156,23,111,128,278,91,376,40,113,199,51,286,367,108,245,232,140,291,228,274,234,64,251,101,307,31,104,100,232,91,106,256,107,356,215,191,85,96,110,95,253,11,157,164,178,214,198,138,9,191,73,38,78,91,171,299,268,274,160,89,102,10,241,407,271,100,247,160,338,119,103,166,354,105,374,179,184,56,216,41,1,268,323,74,33,0,50,165,71,133,74
853,127,252,272,189,234,156,23,112,126,279,93,378,41,114,201,51,289,368,109,246,234,141,293,228,274,236,64,251,102,309,30,105,99,231,91,108,257,107,357,215,192,86,96,111,96,257,11,158,167,177,216,199,138,9,193,73,38,78,91,172,302,270,279,162,88,104,10,240,412,274,103,247,162,337,119,103,165,350,107,375,180,185,58,216,41,1,268,323,74,33,0,51,165,71,135,74
854,129,252,275,190,236,156,23,111,126,280,92,379,41,117,201,52,290,367,112,247,238,141,292,232,274,236,64,254,102,311,31,105,99,234,91,107,257,107,358,215,193,86,98,112,96,257,11,158,167,178,218,200,139,9,193,73,37,77,91,171,303,271,280,167,89,104,10,241,415,274,103,248,162,337,120,103,164,352,109,376,180,189,58,216,41,1,270,321,75,33,0,53,166,71,135,74
855,130,254,278,190,239,156,23,112,125,280,93,384,42,118,202,52,289,370,112,245,240,142,291,232,276,236,65,254,102,314,32,106,99,235,91,106,259,106,359,216,192,86,98,110,96,260,11,159,168,179,218,200,139,9,194,73,37,76,92,172,306,272,280,169,88,104,10,244,417,275,103,248,162,338,121,103,165,351,111,379,180,189,60,217,41,1,269,326,74,33,0,53,169,72,135,76
856,130,255,280,192,239,157,23,112,126,279,93,387,42,118,203,56,290,372,112,248,241,143,291,232,279,236,65,253,102,314,32,108,100,236,91,108,262,107,361,215,193,87,99,110,96,261,11,159,170,183,220,199,141,9,195,74,37,76,91,173,305,272,282,169,88,102,10,244,418,276,102,249,162,339,121,104,164,354,112,385,180,190,60,216,41,1,272,327,74,34,0,55,170,74,135,77
857,129,255,280,193,240,158,23,112,126,283,93,393,42,117,205,57,291,374,111,252,239,143,294,233,281,237,66,252,103,314,32,109,102,238,91,109,261,110,361,216,193,88,98,110,98,263,11,159,167,184,220,202,141,9,196,74,38,76,91,171,305,273,285,170,88,103,11,245,419,277,103,252,163,338,123,104,166,357,111,387,179,192,60,215,40,1,273,327,74,34,0,55,170,75,136,77
858,129,257,279,192,240,158,23,112,128,284,95,394,42,117,207,59,294,373,112,254,242,143,294,237,281,240,66,254,104,315,32,109,102,239,91,110,260,111,362,216,194,87,98,112,98,263,11,162,169,184,222,202,144,10,199,74,38,77,91,172,305,274,288,170,87,103,11,245,420,277,103,252,164,337,123,104,166,355,111,389,179,193,61,215,40,1,272,328,77,35,0,55,171,75,137,78
859,130,260,280,193,241,158,23,114,129,284,96,395,42,119,206,60,294,375,112,256,244,145,297,238,285,239,67,255,103,319,32,110,102,242,91,110,260,111,364,216,196,87,98,112,98,267,11,162,170,185,222,201,147,10,201,74,38,78,92,173,306,276,290,171,89,105,11,246,420,277,103,254,165,339,124,105,166,357,112,391,180,195,61,216,40,1,273,330,78,35,0,55,172,76,137,78
860,130,261,280,191,240,158,23,115,130,288,96,399,41,121,206,62,295,377,112,257,244,146,295,237,288,239,68,260,103,320,32,110,102,243,91,111,260,112,365,217,196,87,98,112,98,270,11,166,168,185,221,204,148,10,203,74,38,78,92,174,307,278,292,172,90,107,11,248,421,277,104,256,164,340,126,105,164,360,113,391,181,195,62,215,42,1,274,333,78,35,0,55,174,77,138,78
861,131,263,283,193,242,159,23,114,132,289,98,402,41,122,207,62,296,378,115,258,245,147,295,238,288,241,67,260,104,320,32,111,102,245,90,111,260,114,364,221,199,87,99,113,98,271,11,167,169,186,221,205,149,10,204,74,38,78,92,175,308,278,291,174,92,109,11,249,424,279,106,258,164,340,126,107,164,360,113,392,181,195,62,218,42,1,275,335,78,35,0,54,176,77,139,79
862,133,264,283,193,243,162,23,114,133,288,97,401,41,123,211,62,295,380,117,259,247,150,296,240,291,243,66,261,104,323,33,112,103,247,90,111,260,113,363,222,199,86,99,115,97,274,11,168,167,186,222,207,150,10,205,74,38,78,92,176,309,277,293,175,96,111,11,251,428,280,106,258,164,342,126,108,164,358,113,395,183,196,62,219,42,1,277,334,78,35,0,54,178,77,140,79
863,135,266,284,192,244,161,24,114,133,287,98,402,41,123,209,64,297,380,117,261,248,150,299,242,291,243,66,261,105,326,33,113,105,249,90,111,261,114,365,222,200,87,99,116,99,276,11,169,169,186,221,208,151,10,204,74,38,80,94,177,310,278,296,175,97,112,11,252,432,280,105,260,166,340,126,109,165,359,115,394,185,196,62,221,42,1,278,335,77,35,0,54,178,77,142,80
864,134,266,290,192,244,161,24,114,134,287,98,404,41,123,210,64,300,383,116,261,248,150,301,242,292,242,67,263,106,330,32,114,105,253,90,111,263,115,368,223,201,88,102,116,99,279,11,172,171,185,222,206,149,10,204,74,38,80,95,178,313,279,297,175,96,112,11,252,435,280,107,260,167,337,126,109,165,358,116,399,187,195,63,221,42,1,278,336,78,36,0,54,179,79,143,81
865,134,269,295,194,245,161,24,114,134,288,98,411,41,124,213,65,299,381,117,261,248,151,301,244,294,243,69,267,106,331,33,115,106,255,91,113,265,116,370,225,202,88,102,116,99,279,11,174,171,187,224,208,150,10,206,74,38,81,96,180,316,280,300,177,97,113,12,253,439,281,107,262,168,338,127,110,166,359,117,399,186,194,62,221,42,1,279,338,79,36,0,54,182,79,143,81
866,134,267,297,195,245,161,25,115,134,288,98,410,41,125,215,65,301,382,119,262,247,153,304,245,294,247,67,271,107,333,34,116,108,257,91,114,266,118,369,226,202,89,103,117,99,280,11,173,172,185,224,210,150,10,206,75,39,81,97,180,315,281,302,178,96,113,12,251,442,283,108,263,169,339,127,110,167,359,117,400,188,194,63,222,42,1,281,342,80,36,0,55,182,80,145,81
867,132,267,298,197,245,162,25,116,136,291,98,411,42,127,215,64,302,382,119,263,247,152,308,246,294,249,67,274,107,336,34,117,108,259,91,114,265,120,371,229,204,89,103,117,99,279,11,173,172,186,224,214,150,10,210,75,39,81,98,182,317,282,302,180,96,114,12,253,443,284,109,267,169,340,128,110,167,358,119,404,188,194,63,223,42,1,281,342,80,37,0,55,183,81,146,81
868,132,270,299,200,246,162,25,116,140,291,98,410,42,128,216,64,303,384,122,265,247,153,313,246,297,248,67,276,107,339,36,118,108,262,91,115,267,120,373,229,206,90,104,120,103,280,11,172,172,187,226,216,151,10,213,75,39,82,99,184,316,286,302,183,96,114,12,252,445,284,109,267,169,340,128,109,169,358,120,406,188,194,64,225,42,1,281,344,80,37,0,55,187,80,148,82
869,135,268,300,204,248,162,25,116,141,292,97,412,42,127,217,65,305,386,123,266,247,152,318,247,296,248,68,277,106,339,37,117,110,262,92,117,267,121,373,230,206,91,104,121,106,278,11,172,172,186,224,219,152,10,214,75,39,83,99,183,319,288,302,184,96,114,12,255,446,285,109,268,170,341,127,109,169,363,120,406,188,196,64,227,42,1,281,346,80,37,0,55,188,80,148,81
870,135,269,303,206,249,162,25,117,141,296,100,411,41,128,216,65,306,394,123,266,248,152,321,247,299,251,69,279,106,340,37,117,110,258,92,118,269,121,374,231,206,91,104,122,107,282,11,172,176,188,225,219,152,10,213,75,39,83,101,184,321,290,306,185,98,114,12,256,448,286,110,268,171,344,128,109,169,365,121,406,188,198,64,228,42,1,285,349,79,37,0,55,188,80,146,81
871,136,269,302,207,250,164,26,118,142,294,101,411,41,128,216,66,309,396,121,267,249,152,324,248,299,251,69,279,106,340,38,117,110,260,91,119,269,121,374,232,207,90,104,123,107,291,11,173,177,190,227,221,153,10,213,75,39,83,101,186,319,289,307,188,98,115,12,254,449,285,112,268,172,344,128,108,169,368,121,409,187,197,64,227,42,1,282,349,79,37,0,55,188,80,148,79
872,137,272,305,208,249,166,26,119,141,298,100,412,43,129,215,66,310,396,121,267,250,151,325,249,299,251,69,282,106,342,38,117,110,260,91,118,270,121,376,234,208,90,104,123,108,292,11,173,176,192,227,221,154,10,215,74,40,82,101,186,322,292,306,190,99,115,12,254,452,287,112,268,173,344,129,108,171,367,123,410,187,198,64,231,42,1,283,349,79,37,0,56,188,82,148,80
873,136,273,305,209,250,168,27,119,141,298,102,412,43,130,216,66,312,396,121,268,250,152,325,249,299,253,68,283,106,342,38,118,110,259,92,118,270,119,379,235,209,91,105,124,109,294,11,173,178,194,229,222,154,10,215,74,40,81,102,187,322,294,305,193,100,115,11,255,452,285,113,271,175,347,130,108,172,369,124,410,188,198,64,229,43,1,283,352,81,37,0,56,190,83,151,80
874,136,274,306,211,254,168,27,121,142,297,102,412,43,131,217,66,313,395,123,269,252,151,327,254,299,258,68,284,106,343,39,118,111,259,92,117,270,119,381,236,209,91,105,125,109,295,11,172,179,195,229,223,153,10,216,73,40,83,102,190,325,294,308,192,100,116,11,254,454,284,113,272,175,348,132,109,172,370,124,412,190,200,64,229,45,1,285,355,81,37,0,57,190,83,151,81
875,138,275,305,210,255,170,27,120,140,298,103,418,43,132,217,66,315,393,123,267,251,152,328,253,301,259,68,284,106,344,39,121,110,261,93,117,273,119,382,236,210,92,105,125,109,298,11,173,179,199,230,226,153,10,217,71,40,83,102,193,325,296,310,194,102,114,11,258,453,284,113,273,174,347,133,110,172,371,125,412,191,203,65,231,45,1,286,355,82,37,0,57,191,83,153,79
876,141,278,306,210,254,172,27,121,141,300,104,420,44,132,216,66,314,395,124,269,254,154,330,253,300,259,69,284,106,345,38,121,113,262,93,118,275,120,384,234,210,92,105,127,109,299,11,176,180,200,228,227,154,10,215,71,40,83,102,194,329,297,311,195,102,116,11,260,457,285,113,273,176,346,136,111,174,370,125,410,194,203,65,232,46,1,286,358,82,37,0,57,192,84,153,79
877,142,279,307,213,254,172,27,120,141,299,103,423,44,132,218,66,316,396,125,270,253,153,331,254,302,262,70,286,106,345,37,122,114,262,93,119,276,120,386,237,212,92,108,127,108,296,11,175,184,201,227,226,156,10,217,71,40,85,101,195,329,297,312,198,102,119,12,261,461,286,113,274,176,344,136,111,175,373,125,413,193,204,65,233,46,1,291,359,82,38,0,57,192,84,154,78
878,144,281,311,213,256,172,27,122,140,303,103,425,44,132,219,66,318,396,125,272,255,153,332,253,301,263,69,284,106,347,37,122,115,263,92,119,276,120,389,237,214,92,107,126,107,297,11,175,184,202,230,225,156,10,217,72,40,86,101,196,331,297,314,200,102,118,12,261,463,288,113,275,177,345,135,111,176,375,125,414,197,207,65,230,46,1,294,359,82,38,0,58,194,85,156,78
879,146,283,314,213,257,172,27,124,143,304,105,427,44,134,219,66,317,399,125,275,254,154,335,254,301,263,71,283,109,348,38,121,115,266,92,119,276,120,391,240,218,92,108,126,107,299,11,176,185,204,232,225,156,10,219,72,40,85,102,198,334,305,313,200,104,119,12,263,467,287,113,278,180,346,136,110,176,376,127,415,199,209,65,232,47,1,294,360,81,39,0,59,194,86,155,78
880,146,284,316,214,259,171,27,126,146,306,105,430,44,134,220,66,317,400,125,276,258,157,335,254,302,264,71,285,109,350,38,121,116,267,92,119,274,121,391,241,220,92,108,127,108,303,11,176,186,205,232,224,156,10,218,73,41,85,103,200,333,304,314,199,103,119,12,264,469,289,114,279,182,351,136,112,175,376,127,417,203,213,67,235,47,1,298,364,81,39,0,59,194,87,156,78
881,146,284,319,215,258,172,27,123,147,310,106,434,44,134,221,67,320,400,125,277,260,156,336,257,304,268,71,285,109,352,38,121,116,268,93,119,274,124,391,244,223,92,108,128,108,302,11,176,187,204,230,226,157,10,218,72,43,85,105,203,332,305,316,200,103,120,12,264,472,289,115,283,182,352,136,113,178,377,127,416,202,213,67,235,47,1,301,364,81,38,0,60,197,88,155,78
882,147,288,320,218,259,172,28,125,148,314,106,437,44,136,222,68,322,400,127,278,262,153,336,257,309,270,70,286,110,352,38,120,116,270,94,120,274,125,390,246,225,92,108,129,109,305,11,174,189,207,231,227,156,11,221,73,44,84,104,205,334,304,316,203,103,120,12,262,473,291,116,284,180,353,136,115,178,380,129,416,204,213,67,235,47,1,301,366,81,39,0,59,198,87,154,79
883,147,290,322,223,259,173,29,126,148,316,108,438,44,136,224,68,323,401,127,277,263,154,336,258,309,270,72,285,111,354,38,124,116,273,96,121,275,126,394,246,224,92,108,129,110,307,11,175,189,207,231,229,157,12,222,73,44,84,105,206,336,308,319,204,104,121,12,265,476,293,117,284,185,357,136,115,178,382,131,417,207,217,68,235,48,1,304,368,80,39,0,58,200,88,154,79
884,147,291,322,223,260,175,30,128,148,318,108,443,45,136,224,67,324,402,127,279,264,156,338,260,311,273,72,286,113,356,38,126,117,274,98,122,276,124,399,248,224,94,109,129,112,307,10,177,191,207,232,228,156,12,222,73,44,85,105,210,337,310,321,205,105,122,12,265,480,297,119,286,186,357,135,115,179,382,133,415,207,219,67,237,49,1,304,370,80,39,0,58,200,88,154,79
885,147,294,326,223,263,174,30,128,148,320,107,443,47,137,225,67,323,402,128,281,267,158,337,262,313,275,72,286,112,359,39,129,118,273,99,122,276,126,402,248,224,94,109,131,113,309,10,178,192,207,234,228,156,12,224,73,44,86,105,210,339,312,327,208,106,123,12,269,480,296,118,288,185,357,136,115,175,384,132,420,208,221,68,242,50,1,307,371,82,38,0,58,201,88,155,79
886,148,294,327,223,268,177,30,127,148,320,108,444,48,137,226,66,324,401,133,283,266,159,340,261,314,279,72,289,112,361,39,132,118,275,99,123,277,126,406,251,225,93,109,132,113,308,10,180,194,209,239,231,158,12,223,73,44,87,104,213,338,314,329,209,107,124,12,270,478,296,119,289,185,358,137,116,179,384,133,421,211,223,69,245,50,1,309,374,84,39,0,59,203,88,154,81
887,149,297,328,227,270,176,30,127,150,321,110,443,48,136,225,67,324,402,133,284,268,159,344,264,315,282,72,288,113,363,41,132,119,275,100,125,279,127,409,253,227,93,111,132,114,309,10,180,197,208,238,235,161,12,223,74,44,87,107,212,339,315,327,213,109,125,12,271,482,297,119,288,185,359,138,117,181,384,133,423,211,225,69,247,51,1,313,372,85,39,0,59,202,88,154,81
888,150,299,329,226,269,178,30,127,151,321,109,442,47,138,224,68,326,402,133,286,267,159,343,262,318,285,71,291,113,366,41,135,119,275,102,128,279,127,410,252,228,95,111,133,114,310,11,181,198,209,238,235,162,12,224,75,44,86,108,212,342,315,328,214,109,126,12,271,482,303,122,288,188,360,137,117,180,384,134,426,214,227,69,249,53,1,314,375,86,40,0,59,203,88,154,83
889,150,301,329,227,269,178,30,127,154,323,109,444,47,140,223,68,327,399,133,289,268,160,342,262,318,284,72,289,112,367,41,134,119,274,103,128,279,127,409,254,228,95,112,133,114,313,11,186,197,212,238,237,162,13,227,75,44,86,108,210,341,316,329,220,110,125,12,272,481,306,123,290,188,362,139,118,180,389,134,428,214,231,70,248,53,1,315,377,87,40,0,59,204,88,155,83
890,151,302,328,230,270,179,30,127,157,324,109,443,48,140,225,69,327,403,133,292,268,163,343,261,321,289,72,291,114,369,41,136,119,277,103,129,279,127,410,256,229,94,113,135,116,315,11,188,197,213,239,238,164,13,228,76,44,86,109,210,341,319,329,220,112,127,12,273,479,309,124,290,188,363,140,119,178,389,133,430,216,232,71,247,53,1,315,379,87,40,0,59,205,88,156,85
891,152,303,329,230,271,178,30,128,157,325,109,446,49,140,226,69,327,403,133,293,268,162,347,260,321,288,71,292,114,369,40,138,119,280,101,129,280,126,410,259,229,94,113,135,117,317,11,187,199,213,240,235,167,13,232,76,44,87,109,211,343,321,335,220,113,127,13,274,481,310,122,290,188,363,140,120,179,391,133,435,217,233,73,248,54,1,317,383,88,40,0,59,206,88,157,86
892,152,304,327,233,274,177,30,129,155,325,108,447,50,142,227,69,327,404,136,294,269,163,348,261,322,290,72,292,113,370,42,139,118,279,103,129,282,127,414,258,231,94,113,136,118,321,11,188,201,213,243,238,168,13,235,76,43,87,109,216,343,321,337,222,114,130,13,277,483,313,122,291,191,363,140,120,182,394,133,440,217,233,73,248,55,1,316,386,89,40,0,59,206,88,158,87
893,154,305,329,235,276,177,30,128,154,325,108,450,50,144,226,69,327,408,138,297,271,163,346,263,324,289,71,294,114,373,42,140,119,281,102,129,282,128,418,259,232,94,113,136,120,320,11,189,202,213,244,242,170,14,234,77,43,88,109,216,344,323,337,223,114,131,13,278,483,314,122,291,192,366,140,121,185,397,133,441,218,233,74,249,55,1,319,384,90,40,0,59,206,89,158,88
894,156,306,335,235,278,179,30,127,154,326,108,447,50,146,225,69,326,412,138,297,273,161,347,265,326,290,71,297,115,375,41,144,119,282,102,130,285,129,418,259,232,94,113,134,121,321,11,190,204,214,247,243,172,14,234,77,43,89,110,216,346,327,337,223,114,132,13,278,486,313,123,292,192,366,142,120,186,400,133,443,220,234,75,252,56,1,319,384,91,40,0,58,207,90,160,88
895,159,308,338,234,278,180,30,127,154,328,108,451,50,146,225,70,328,415,138,299,273,161,348,267,324,292,72,298,114,376,42,146,120,285,104,131,286,131,422,260,236,96,114,135,123,321,11,190,203,216,248,246,172,15,234,77,46,88,110,219,346,328,339,225,114,132,13,281,485,314,123,295,193,369,143,119,188,403,137,443,221,234,76,252,57,1,322,386,92,40,0,58,208,89,161,89
896,162,309,340,236,277,181,30,128,154,328,108,450,50,146,228,70,327,419,138,299,275,161,352,270,328,296,72,300,115,377,42,146,120,286,104,131,285,132,426,261,240,97,114,135,125,325,11,190,203,213,247,245,173,15,234,77,46,88,110,220,346,330,343,227,114,133,13,284,487,315,124,299,193,372,144,120,188,405,137,441,221,233,76,253,57,1,322,389,93,40,0,58,212,89,162,89
897,163,308,341,236,280,181,30,128,158,330,108,451,51,147,227,71,329,423,138,299,276,161,354,270,332,297,72,303,114,377,43,147,120,283,106,131,285,133,429,264,242,96,114,136,127,328,11,191,206,214,249,243,174,16,237,77,47,88,111,220,344,335,344,231,115,134,13,285,484,318,124,300,194,370,145,119,191,403,138,442,222,236,77,254,57,1,323,391,92,40,0,59,213,89,164,90
898,164,308,338,236,282,179,30,127,157,330,107,453,52,146,228,72,330,426,139,301,275,162,354,271,331,301,73,304,116,383,44,148,120,286,106,131,285,132,430,264,244,96,115,136,127,329,11,191,208,215,251,245,177,16,240,77,47,91,111,220,349,337,347,233,117,136,13,287,485,323,123,301,194,369,145,119,189,406,138,444,222,236,77,255,57,1,323,392,91,40,0,58,213,90,164,92
899,166,315,341,238,282,180,30,128,158,331,106,455,54,148,228,72,333,427,139,303,278,162,355,274,332,301,73,307,116,383,45,148,121,289,106,131,286,132,432,265,244,97,115,137,128,332,11,192,209,217,252,243,177,16,241,77,47,91,112,221,349,339,347,232,117,137,13,289,486,325,126,303,194,369,144,119,190,405,135,444,223,239,78,254,57,1,325,394,91,40,0,59,212,92,165,92
900,168,315,341,239,285,181,30,130,158,332,106,458,54,148,229,72,335,432,140,303,277,161,354,277,334,301,73,311,115,385,45,146,121,291,107,131,291,132,433,267,244,97,114,140,128,332,11,192,208,219,252,246,176,16,240,77,48,91,114,223,349,337,351,234,119,137,13,289,491,328,126,303,193,371,144,118,192,406,137,448,225,239,80,255,57,1,326,396,91,40,0,60,214,92,163,92
901,169,316,339,240,287,180,30,130,159,333,106,459,54,148,231,71,335,432,139,304,278,164,357,278,333,303,73,312,117,385,45,146,122,291,108,132,289,131,436,268,245,97,114,142,130,335,11,192,209,223,254,248,177,16,242,77,47,93,114,225,351,341,355,234,117,137,13,291,493,331,128,303,194,373,141,118,193,409,140,447,227,241,80,255,58,1,326,394,91,40,0,60,216,94,165,93
902,169,317,338,240,288,182,30,131,162,333,105,462,55,148,232,70,337,432,140,305,280,164,359,276,332,304,75,313,117,385,47,146,122,292,110,133,292,130,439,268,245,99,115,143,129,336,11,192,210,225,255,248,179,16,244,76,46,93,114,227,353,341,358,233,117,136,13,289,493,332,129,303,194,375,142,118,195,414,142,446,228,242,80,259,58,1,326,392,91,40,0,60,217,95,166,94
903,169,319,338,241,289,183,30,131,162,334,106,462,55,148,234,71,338,433,140,306,279,165,359,277,332,304,78,312,118,387,47,145,122,292,110,133,294,129,442,270,247,99,115,142,130,337,11,189,211,227,260,250,180,16,249,76,46,97,114,226,354,340,355,236,118,135,14,290,497,332,130,306,195,376,141,118,197,413,142,448,228,244,80,262,59,1,328,393,91,40,0,61,217,95,166,95
904,169,320,339,240,291,186,30,130,163,336,106,461,55,149,234,71,338,436,140,307,281,167,359,278,335,304,79,314,118,388,47,148,123,293,111,136,296,129,443,272,249,99,116,145,130,340,12,191,212,226,261,251,181,16,255,76,46,98,114,230,357,340,357,240,120,135,14,290,499,333,134,307,198,376,141,121,198,415,142,449,227,244,82,268,59,1,332,395,93,40,0,62,217,95,166,96
905,168,323,339,239,292,185,30,132,165,337,107,464,54,150,235,71,336,437,140,309,282,167,360,282,340,302,78,316,118,390,47,148,123,293,112,137,293,131,446,271,250,103,118,146,131,340,12,191,214,229,263,253,182,16,254,76,46,98,115,233,359,340,356,240,122,133,14,288,504,334,135,307,197,380,142,119,198,417,143,447,227,244,83,270,59,1,332,396,96,40,0,62,218,95,166,96
906,168,321,342,240,292,186,30,132,170,337,107,465,54,150,236,72,339,443,141,308,281,169,363,285,340,302,78,318,121,388,47,147,125,292,112,137,291,132,444,274,251,104,119,145,131,341,12,190,215,231,262,255,183,16,253,77,46,99,116,234,361,342,357,242,122,133,14,289,507,336,136,307,197,384,143,120,199,419,143,446,229,245,86,272,60,1,333,396,97,41,0,62,217,95,166,97
907,170,321,343,242,292,186,30,135,173,340,108,467,54,153,236,72,343,448,141,310,283,169,363,284,341,303,79,320,122,389,48,148,127,290,112,139,295,133,449,279,252,105,119,144,131,340,12,193,215,232,262,256,185,17,252,78,47,98,116,234,362,344,360,243,124,130,14,290,510,338,136,308,198,384,142,122,201,424,143,447,232,246,86,275,60,1,337,396,98,41,0,62,218,95,166,96
908,171,324,344,244,292,187,30,138,174,342,109,468,55,154,237,74,344,452,141,310,285,169,365,285,345,305,79,320,124,389,48,149,127,292,111,141,296,133,449,280,254,105,118,144,132,341,12,193,215,232,264,260,188,17,254,78,47,99,118,235,360,344,362,244,124,130,14,289,510,339,137,310,200,387,143,122,202,426,142,446,234,248,86,276,60,1,341,396,99,41,0,63,221,95,170,96
909,171,326,342,247,291,187,30,140,173,342,109,470,54,154,239,74,349,458,141,313,285,169,363,281,344,306,82,321,127,392,48,150,128,293,113,143,296,134,452,279,255,106,118,145,133,345,12,192,216,234,262,263,188,17,256,78,48,99,118,235,359,346,365,247,124,131,14,289,513,338,141,313,201,387,144,124,204,429,142,447,235,249,86,276,61,1,341,396,99,41,0,64,221,95,170,96
910,171,326,344,246,291,187,30,143,173,344,107,472,55,156,240,75,353,460,143,314,285,171,364,281,346,306,82,322,130,396,48,150,129,295,114,144,294,136,453,282,254,106,119,145,133,346,11,193,216,234,263,265,191,16,256,78,48,98,118,238,361,346,367,249,125,135,14,289,516,339,141,314,200,391,144,123,205,430,142,451,237,251,86,276,61,1,345,397,100,41,0,64,220,95,171,97
911,171,328,343,246,292,189,30,143,175,346,107,473,55,157,242,75,357,463,143,318,287,171,364,282,347,310,83,324,132,394,48,150,128,297,114,149,298,136,457,284,257,106,120,148,133,348,11,194,215,235,266,267,194,16,258,76,48,99,118,238,362,349,369,249,125,134,14,294,515,338,144,317,202,389,144,123,205,430,144,453,238,254,85,278,62,1,348,399,99,41,0,64,220,95,171,97
912,171,331,344,248,296,189,30,143,176,353,108,477,55,157,243,76,358,465,144,318,287,171,364,286,349,311,83,328,132,395,50,149,128,297,114,149,297,136,461,285,258,106,121,148,138,348,11,193,217,236,267,266,195,16,258,76,48,99,121,239,365,352,372,252,126,134,14,293,518,342,144,321,200,391,146,124,205,433,144,458,240,255,85,281,63,1,350,401,100,42,0,64,221,96,171,98
913,172,332,346,249,297,190,30,144,178,354,109,479,55,160,245,75,357,467,143,321,288,169,366,290,351,309,84,328,133,394,50,149,128,301,117,149,300,136,462,288,258,105,121,149,139,349,11,191,214,239,269,267,195,16,257,76,48,101,121,237,372,355,373,252,128,134,14,295,518,345,144,322,202,391,146,126,208,433,145,459,241,259,86,286,63,1,350,405,99,41,0,62,222,97,174,98
914,171,332,351,251,295,189,30,145,179,357,110,480,55,162,244,76,358,467,143,324,288,172,370,290,351,310,83,332,138,394,51,149,127,300,118,150,301,138,463,290,258,105,123,151,140,350,11,193,213,240,268,268,197,16,259,76,47,101,120,240,375,358,372,253,129,133,14,295,519,347,143,322,204,392,146,126,207,437,146,460,241,264,86,288,64,1,351,411,100,41,0,62,225,97,173,100
915,170,333,352,253,297,189,30,146,184,357,110,481,55,161,247,76,360,467,143,323,291,172,368,289,352,312,83,332,138,396,51,149,128,305,119,151,301,140,465,292,260,107,122,153,139,352,11,195,216,240,270,268,198,16,257,78,47,101,121,241,377,358,371,257,130,134,14,299,521,354,143,321,205,390,147,127,208,440,147,460,240,266,87,287,64,1,353,414,102,41,0,62,226,98,174,102
916,170,335,352,256,301,192,30,147,185,361,110,484,55,163,248,74,363,469,142,325,293,171,371,289,354,314,83,337,139,397,51,149,130,304,121,155,301,141,469,295,261,106,125,153,138,355,10,194,217,244,273,268,201,16,257,78,47,101,119,240,379,360,373,257,129,135,14,303,524,354,142,322,205,390,147,128,207,442,148,463,239,269,88,289,66,1,357,415,102,41,0,61,226,99,172,102
917,169,336,355,256,301,193,30,147,187,362,111,486,55,163,248,75,363,472,142,331,293,172,375,290,358,318,83,340,140,396,52,151,131,306,121,155,301,142,471,300,261,106,124,153,138,355,10,195,218,246,275,270,201,16,258,79,48,102,121,240,380,359,375,258,129,135,14,305,524,359,144,326,205,392,148,128,208,443,149,464,239,270,88,289,66,1,355,416,103,42,0,62,225,99,173,102
918,169,338,357,256,301,192,30,146,188,367,111,486,55,164,250,75,364,476,142,332,293,173,378,290,357,318,83,342,139,400,52,150,132,307,122,154,301,144,474,302,260,106,124,156,137,357,10,196,218,246,276,271,203,16,260,79,48,103,121,243,380,361,376,259,129,139,14,307,525,358,146,327,204,393,148,130,207,443,148,465,244,271,88,291,66,1,355,417,104,42,0,62,225,99,173,102
919,171,341,355,258,303,193,30,145,190,369,111,486,55,165,252,75,367,474,144,334,298,174,379,290,360,318,83,340,139,400,53,152,132,306,121,155,301,146,474,302,260,106,124,156,137,360,10,196,219,248,282,272,205,16,260,80,48,104,120,243,384,362,381,260,129,140,14,308,525,360,147,329,206,393,148,130,206,446,148,469,246,270,89,293,66,1,355,418,104,42,0,63,227,99,172,106
920,172,344,356,259,303,194,30,147,189,371,111,486,54,167,254,73,371,471,144,338,297,177,378,291,363,318,84,341,140,399,53,152,130,306,120,156,300,145,479,303,262,107,124,156,136,362,10,196,219,249,283,271,206,16,260,79,48,106,121,247,382,362,383,262,131,140,14,308,526,361,150,329,208,397,149,130,208,450,150,473,246,271,90,294,67,1,359,417,104,42,0,65,230,98,172,107
921,173,346,355,260,303,196,30,147,192,373,113,486,54,166,255,75,370,472,146,339,296,177,378,293,365,319,84,343,141,400,54,154,130,307,119,156,301,145,480,302,262,109,124,157,136,366,10,194,220,250,283,275,208,15,260,78,48,106,121,245,384,363,384,265,134,140,14,308,525,362,149,330,208,397,149,130,209,454,150,476,246,274,89,295,67,1,362,419,104,43,0,66,228,96,174,107
922,174,346,354,262,302,198,30,147,193,376,115,488,53,168,258,76,371,472,147,338,296,177,378,294,365,323,85,345,141,401,54,155,131,311,119,156,307,146,481,301,267,110,123,157,136,369,10,195,220,250,284,278,209,15,262,79,48,107,122,247,385,364,383,267,134,140,14,309,528,363,149,333,205,395,149,130,207,458,151,476,247,273,90,295,68,1,364,421,105,42,0,66,229,96,174,107
923,177,347,352,262,302,200,31,147,195,377,116,482,54,170,260,77,371,478,149,338,295,178,378,296,365,324,87,347,142,401,54,154,131,311,119,156,309,145,481,300,266,110,124,159,137,370,10,197,220,251,288,277,210,15,263,79,49,109,122,251,385,365,384,267,133,142,14,311,529,366,150,334,206,397,150,131,211,459,152,479,247,278,91,294,70,1,369,423,104,43,0,67,229,98,174,107
924,177,350,354,265,299,199,31,149,199,380,117,486,54,174,260,77,373,477,150,340,294,179,380,296,366,323,88,347,142,401,54,153,131,315,121,157,311,145,485,300,266,112,124,159,137,370,10,198,224,250,290,278,212,15,266,81,49,110,123,253,389,367,386,268,134,143,13,311,529,371,150,337,209,398,151,132,209,461,156,480,247,279,92,297,70,1,369,425,102,43,0,68,230,99,174,107
925,177,349,355,269,300,200,31,150,199,381,118,488,54,174,263,78,372,477,152,342,298,180,383,297,369,322,88,351,142,403,54,151,132,316,121,159,313,145,488,300,267,112,123,159,139,373,10,199,227,251,293,278,212,16,266,81,50,110,123,252,393,369,388,270,134,145,13,314,531,371,152,338,209,400,152,132,210,460,159,482,249,282,92,299,70,1,371,427,102,43,0,69,230,100,175,108
926,176,351,355,269,301,201,31,150,199,383,119,489,53,174,263,79,373,478,155,345,299,180,384,297,370,322,88,355,143,404,54,153,135,319,122,160,312,145,492,303,268,113,124,161,139,374,10,198,227,250,294,280,213,16,268,82,50,109,122,254,393,373,390,271,135,145,13,314,532,374,156,338,211,402,152,133,211,460,160,482,251,283,92,300,70,1,372,428,101,43,0,69,233,101,177,108
927,176,351,357,270,304,202,31,151,198,384,121,488,53,174,265,80,375,479,155,345,298,182,384,299,369,321,88,356,143,407,55,153,136,319,123,160,312,146,492,303,267,111,125,162,140,373,10,199,226,253,296,279,214,16,272,81,50,111,122,254,395,374,392,272,134,148,13,315,531,377,157,337,212,401,152,133,210,463,160,480,256,285,93,301,73,1,375,432,102,43,0,70,233,100,178,107
928,178,356,358,270,304,205,31,151,197,385,121,489,54,176,265,80,378,481,158,346,302,183,388,300,371,324,88,356,143,407,55,155,136,319,123,160,313,146,493,307,268,112,125,162,141,373,10,199,226,258,300,279,215,16,272,82,50,111,123,254,395,377,391,273,136,149,13,315,529,380,158,337,213,404,152,133,209,468,162,480,257,286,94,302,74,1,379,434,102,43,0,71,232,102,179,107
929,177,357,358,274,304,205,31,151,198,389,118,492,53,178,264,80,380,489,161,348,302,182,392,299,372,327,87,356,142,406,55,155,136,316,124,161,315,148,494,307,269,113,126,163,141,375,10,200,228,261,299,283,214,16,274,86,50,112,123,255,398,376,392,274,139,149,13,317,530,383,160,338,214,408,152,134,212,468,162,486,262,286,94,302,75,1,381,434,102,44,0,72,233,102,181,107
930,177,358,359,278,302,205,31,151,197,389,119,493,53,178,266,81,380,491,163,348,304,186,393,301,374,329,88,355,143,409,55,156,138,319,127,162,318,150,493,308,270,114,126,161,140,377,10,201,229,263,300,284,214,16,279,86,50,115,122,257,402,375,391,274,140,149,13,317,531,384,161,337,215,412,152,133,212,475,163,487,261,286,95,301,74,1,380,435,102,44,0,73,233,102,181,108
931,176,360,359,278,303,206,31,150,197,396,120,497,54,180,269,82,381,493,162,350,304,186,393,301,374,331,88,357,143,407,54,156,139,322,129,164,320,149,494,308,272,114,126,162,142,377,10,201,229,262,300,285,214,16,279,86,50,116,123,262,407,377,393,276,142,152,13,315,533,386,161,337,215,414,153,133,213,476,164,492,262,288,95,304,74,1,380,435,103,43,0,73,233,102,183,108
932,176,363,361,281,304,207,31,149,199,396,121,496,54,182,269,82,379,498,164,351,305,186,393,302,374,330,88,360,144,410,54,158,139,328,129,164,320,150,497,308,272,114,125,163,141,377,10,201,230,262,304,285,214,17,279,87,51,116,124,261,410,375,396,279,144,154,13,317,539,386,164,339,217,417,155,134,214,478,166,492,264,289,95,304,74,1,381,437,104,43,0,75,237,102,182,106
933,178,362,366,281,304,207,31,151,198,398,120,499,54,183,269,81,379,498,165,351,306,187,391,306,374,335,88,363,145,412,54,158,137,328,129,165,320,151,496,310,271,116,126,163,141,375,10,203,232,262,305,286,214,17,283,87,51,116,124,262,410,376,398,279,145,156,14,316,541,388,163,340,222,415,154,136,215,485,166,495,265,291,97,305,74,1,381,438,104,44,0,75,240,102,183,107
934,179,365,367,281,304,209,31,151,198,397,120,502,54,181,272,81,380,500,167,351,306,187,392,307,376,334,88,365,146,414,54,158,137,328,131,165,320,152,496,311,273,118,128,166,141,377,10,206,234,263,309,287,216,17,284,87,51,119,124,261,411,378,399,278,145,159,14,317,543,391,164,344,221,416,155,136,216,484,167,497,264,293,98,307,74,1,381,440,105,44,0,75,241,101,186,109
935,179,368,369,281,304,212,31,151,199,400,119,504,55,182,272,81,382,502,170,351,304,186,392,308,378,336,88,369,147,413,54,158,138,328,130,168,320,153,504,310,275,117,128,164,142,379,10,206,237,264,308,289,217,17,285,88,50,121,124,261,411,381,403,281,145,159,14,318,546,393,165,345,222,418,155,137,217,487,169,498,265,297,99,307,75,1,380,447,106,44,0,75,241,101,190,109
936,180,368,369,282,306,214,31,152,202,401,119,506,55,183,274,80,385,505,172,354,302,186,392,307,378,335,88,370,148,413,54,159,137,330,131,168,324,154,506,312,277,117,128,167,143,380,10,202,240,266,311,289,220,17,285,89,50,121,124,264,408,381,405,282,147,160,14,319,547,393,165,346,223,419,155,138,217,487,169,499,266,300,100,310,75,1,379,448,106,45,0,74,242,101,190,109
937,180,370,370,284,305,216,31,151,203,401,120,510,57,183,277,78,386,506,173,354,303,190,396,307,378,338,89,371,150,415,54,159,138,334,131,172,326,153,505,311,280,118,127,169,143,382,10,202,240,266,311,289,222,17,286,89,50,122,125,267,411,384,405,283,147,160,14,323,546,394,164,345,226,423,156,138,216,490,170,503,267,299,100,312,75,1,382,448,108,46,0,75,243,102,190,108
938,180,375,370,286,304,216,31,152,204,402,123,513,58,186,274,78,386,507,173,355,305,189,398,309,380,339,90,374,151,416,53,160,138,338,133,172,331,155,509,310,283,118,129,170,144,383,10,203,239,267,310,292,223,17,293,90,49,123,125,267,415,386,408,285,147,162,14,326,548,396,167,346,228,425,155,139,217,488,173,506,268,302,100,313,75,1,380,449,108,47,0,75,245,102,191,109
939,180,375,373,292,304,218,31,153,204,404,123,514,57,185,274,81,387,505,175,355,308,189,402,311,383,341,91,374,150,415,53,162,140,340,136,174,334,156,510,312,283,118,128,170,146,382,10,204,243,267,310,295,225,17,292,92,50,124,123,271,415,389,411,285,148,163,14,329,552,395,167,347,230,427,154,140,220,488,173,508,269,305,100,314,75,1,383,450,108,47,0,75,251,103,191,108
940,181,377,376,293,304,219,31,153,207,405,125,514,57,185,274,82,386,505,177,356,312,191,400,315,381,345,93,375,151,416,51,162,140,343,137,176,335,156,513,317,284,119,130,170,146,383,10,204,246,268,311,296,225,17,293,91,51,126,124,272,421,390,413,285,148,163,14,331,552,392,167,349,229,429,153,142,220,489,173,510,271,306,101,315,76,1,387,453,108,46,0,75,251,105,192,108
941,181,379,377,297,303,221,31,153,207,408,126,513,60,186,276,83,387,507,177,358,312,191,399,318,383,345,92,375,152,414,51,163,142,346,139,176,339,156,514,320,283,120,131,173,147,383,10,204,248,270,312,295,225,18,295,91,51,126,125,271,421,394,417,285,148,166,14,336,559,393,170,351,228,428,154,142,220,493,176,507,271,308,103,314,75,1,389,455,111,46,0,75,254,106,192,108
942,181,382,378,298,305,221,31,151,211,410,128,516,60,186,278,84,387,510,176,359,313,192,403,319,385,346,93,376,152,414,51,165,143,345,140,178,340,155,517,321,285,120,131,177,146,383,10,204,252,270,315,295,226,18,297,91,51,126,127,274,422,395,419,286,148,167,15,341,565,395,168,353,230,427,154,142,220,492,179,508,273,306,105,318,75,1,392,459,111,46,0,78,256,108,191,108
943,183,383,382,298,307,222,30,152,211,412,128,515,59,187,278,84,388,509,173,360,314,194,405,319,387,347,93,375,153,416,52,168,142,346,140,180,343,155,518,322,288,121,131,178,145,389,10,205,254,270,316,297,227,18,297,91,51,126,127,273,424,396,420,286,147,167,15,341,567,394,170,355,230,427,153,144,221,494,181,510,273,307,105,318,77,1,392,459,111,46,0,79,258,111,190,108
944,183,385,383,299,307,224,30,151,209,414,128,517,59,186,279,84,388,510,174,361,317,193,407,321,389,349,95,376,155,419,53,171,144,347,140,181,344,157,518,325,290,122,133,180,145,389,10,206,255,269,317,299,226,18,300,92,51,126,127,273,425,398,420,286,147,169,16,344,568,395,172,355,231,426,156,144,223,500,181,511,277,309,106,320,77,1,392,456,112,45,0,79,259,112,190,108
945,183,387,384,300,311,225,30,152,209,420,129,521,59,186,281,84,389,510,176,361,318,194,409,323,389,349,95,374,157,421,53,172,144,348,141,182,345,157,519,326,291,123,133,183,145,393,10,207,258,270,318,300,230,18,300,92,51,126,128,274,429,401,420,287,147,171,16,346,567,396,172,357,231,424,156,145,223,504,181,513,279,309,109,321,78,1,393,456,112,45,0,79,258,111,191,106
946,184,389,385,303,313,225,30,152,209,419,131,523,60,187,282,84,390,509,175,366,318,193,409,326,388,350,95,377,157,422,54,173,145,349,141,184,346,155,523,324,296,124,132,183,147,396,10,209,258,273,319,302,232,19,301,92,53,127,129,276,430,402,416,287,148,170,16,350,567,400,174,357,229,426,157,146,225,505,180,515,280,313,110,318,79,1,396,456,114,45,0,79,259,109,192,108
947,184,392,387,304,317,225,30,151,210,420,130,527,60,186,284,85,391,510,175,366,318,195,412,327,391,350,97,377,158,424,55,174,149,351,142,185,345,154,527,328,296,126,132,184,147,398,10,211,258,275,319,301,233,19,305,92,53,128,130,278,433,400,414,291,149,172,16,350,570,402,176,357,230,428,158,146,225,505,180,518,281,314,110,317,79,1,393,455,114,47,0,79,261,109,193,108
948,185,397,389,309,316,228,30,151,211,420,130,528,60,187,283,86,395,514,175,366,319,197,412,331,393,351,97,379,158,426,56,176,149,352,141,187,349,155,533,330,298,126,134,185,149,398,10,213,257,276,319,302,236,19,304,92,53,129,131,280,438,402,413,291,150,172,16,353,572,401,177,361,231,429,158,148,228,505,180,519,281,313,109,318,79,1,398,459,115,48,0,79,263,110,195,107
949,185,400,386,310,317,227,30,153,211,423,131,534,60,188,285,86,396,517,178,366,320,197,414,332,394,353,97,379,158,427,58,175,150,355,141,190,350,154,534,335,299,126,133,186,149,399,10,214,258,276,322,303,238,19,305,92,53,128,132,281,439,403,412,293,152,172,16,355,575,403,179,364,230,431,159,147,229,505,180,522,281,313,109,322,80,1,397,461,116,49,0,79,265,110,196,107
950,187,402,387,313,317,228,31,154,211,420,131,536,60,190,287,86,397,518,178,368,324,197,414,333,398,355,98,381,160,430,58,177,150,356,142,192,351,154,538,339,301,126,133,185,149,399,10,215,257,278,324,305,240,19,309,93,53,130,133,281,440,404,413,296,152,172,16,359,578,404,180,366,233,436,159,148,230,507,181,520,282,314,110,323,81,1,398,461,117,48,0,80,269,111,197,108
951,188,406,388,313,322,228,32,153,209,424,131,536,62,194,289,86,399,518,177,369,326,200,417,333,401,356,99,384,160,434,58,178,150,357,143,193,350,157,538,343,302,126,133,187,149,402,10,216,256,278,327,307,242,19,309,94,54,130,133,283,442,406,413,297,152,173,16,360,575,407,181,368,231,437,161,148,233,507,181,522,285,313,109,325,81,1,399,460,117,48,0,80,270,111,198,107
952,188,407,388,317,325,227,32,155,209,426,134,537,62,196,291,86,404,520,178,373,328,200,420,336,407,357,98,387,162,435,57,178,153,360,143,194,351,157,542,342,304,126,136,188,149,405,10,215,260,280,330,308,243,19,310,98,55,133,134,284,444,408,415,295,153,172,16,361,576,406,182,371,231,439,164,149,233,505,180,521,286,315,109,324,82,1,404,462,117,48,0,82,271,113,197,108
953,189,406,389,315,325,229,34,156,212,424,135,537,62,196,291,87,404,521,179,377,329,200,421,341,414,359,98,392,165,434,57,179,152,364,143,194,351,156,544,346,308,126,136,189,150,404,10,216,264,281,331,307,248,19,312,98,55,134,133,284,446,406,415,294,153,173,16,360,577,410,181,372,231,440,165,148,238,506,180,520,287,318,109,323,83,1,406,464,118,49,0,82,272,114,197,110
954,189,408,387,315,327,228,34,157,215,427,135,540,62,197,290,87,407,528,179,380,331,200,424,344,415,365,98,393,166,438,57,178,153,369,144,197,351,156,546,348,308,128,136,188,149,404,10,217,265,284,331,309,251,20,312,98,55,135,135,284,447,407,412,294,152,175,16,362,577,412,184,373,235,440,167,149,238,510,181,519,289,321,111,325,84,1,411,466,120,50,0,82,272,112,199,110
955,190,408,388,315,325,229,34,157,215,430,134,543,62,199,291,87,413,529,180,382,331,201,427,345,420,367,100,395,167,437,58,175,155,370,145,199,352,156,550,350,311,130,136,190,149,405,10,223,266,284,334,309,250,20,312,98,55,137,135,283,449,412,414,299,152,175,16,362,576,413,187,374,236,444,167,147,238,513,181,523,290,325,111,324,85,1,416,466,119,51,0,82,270,115,199,111
956,191,408,389,317,326,226,34,160,217,429,133,543,64,200,292,89,419,527,182,383,331,206,429,350,423,368,100,397,168,438,58,180,155,374,144,200,354,157,551,352,313,132,137,191,151,410,10,223,268,286,338,311,253,19,318,99,55,138,135,285,448,416,417,302,152,177,16,363,574,415,188,377,238,448,166,149,237,514,186,525,292,326,111,325,86,1,419,467,118,51,0,82,271,116,200,111
957,194,410,391,319,329,227,34,162,218,431,133,548,64,202,293,89,419,527,185,383,334,206,431,347,425,366,99,402,170,439,59,184,156,377,144,202,352,157,554,350,316,132,138,192,152,413,10,223,267,286,343,311,253,19,319,99,56,138,136,288,449,418,417,302,155,178,16,366,578,415,190,375,239,453,166,151,238,517,185,531,294,326,111,329,86,1,418,470,121,51,0,86,273,115,202,112
958,196,409,392,322,329,228,34,164,219,431,132,550,64,203,297,89,421,530,184,385,336,209,432,348,427,367,99,404,174,441,59,185,157,377,144,203,357,157,554,352,316,133,138,193,152,417,10,222,269,286,345,316,254,19,320,99,57,139,137,291,450,419,418,302,154,178,16,370,579,419,190,378,242,458,166,152,238,518,186,534,296,327,111,330,85,1,416,469,122,51,0,87,274,116,204,113
959,198,409,393,322,335,229,33,164,219,428,135,553,65,207,295,88,421,531,187,390,336,211,434,348,430,368,99,407,176,443,61,186,158,384,143,206,358,157,559,352,314,133,141,193,153,418,10,223,270,288,345,316,254,19,321,98,57,140,137,292,452,419,417,306,155,177,16,372,583,420,190,377,243,460,166,153,238,519,186,535,295,327,112,330,85,1,416,471,122,49,0,88,275,116,207,115
960,198,410,394,322,338,232,33,164,219,433,135,554,66,208,296,89,423,533,189,390,335,213,432,349,432,369,100,411,178,443,61,187,157,386,144,211,355,158,562,356,315,135,142,196,154,418,10,223,271,291,347,316,254,19,321,98,57,140,138,295,456,420,421,305,157,176,16,374,583,427,192,380,244,460,170,153,240,518,185,536,297,329,111,331,84,1,416,469,122,49,0,88,275,117,209,115
961,198,417,395,323,338,231,32,163,218,437,137,556,66,209,298,90,427,535,187,394,336,215,437,352,432,369,101,411,178,444,62,187,158,385,145,213,353,158,563,360,319,135,142,197,154,419,10,223,270,292,349,319,252,19,320,99,57,141,138,297,459,423,420,307,159,178,16,375,582,430,192,380,247,461,173,154,241,523,185,537,297,331,110,333,84,1,419,469,123,49,0,88,275,117,212,116
962,199,418,398,324,338,233,32,163,219,439,139,562,68,211,298,91,428,534,188,398,339,217,440,354,435,372,101,415,178,445,62,189,160,386,148,214,352,159,567,364,320,135,143,199,155,425,10,222,271,292,349,319,253,19,322,100,57,142,139,299,459,425,423,310,160,178,16,379,583,431,191,382,250,463,174,156,242,522,186,536,299,333,112,333,84,1,422,470,123,49,0,88,278,116,210,116
963,201,420,397,325,338,234,32,165,222,440,141,564,68,213,298,90,429,536,188,399,342,217,441,355,437,376,103,413,179,449,62,191,162,390,151,214,357,163,568,366,320,134,143,201,154,425,10,223,272,293,349,319,255,19,323,101,56,144,139,295,461,425,422,311,161,180,16,381,585,431,190,384,252,466,173,159,241,521,187,537,301,333,112,332,84,1,425,471,122,49,0,90,277,118,210,115
964,202,420,398,329,339,235,32,165,225,444,141,567,68,213,300,91,431,538,190,398,343,217,443,356,440,377,105,416,180,448,63,193,162,392,152,216,359,164,568,366,322,136,144,199,155,425,10,226,276,292,347,319,261,19,324,103,57,142,143,295,465,425,422,315,161,180,16,387,586,432,192,386,251,467,176,160,242,520,190,540,302,332,112,333,88,1,429,476,123,49,0,89,279,120,212,115
965,205,422,399,326,341,236,32,164,228,448,140,568,69,213,301,92,430,541,189,399,345,219,443,357,444,378,106,417,181,448,63,194,163,389,152,215,360,165,572,366,323,136,143,201,156,424,10,226,279,294,347,319,262,19,324,104,57,143,143,298,466,427,422,316,164,182,16,389,590,435,193,386,252,466,176,159,241,523,191,541,306,334,114,335,88,1,426,477,123,49,0,89,282,120,215,116
966,207,425,400,326,340,234,33,164,230,450,142,573,70,212,305,92,431,540,187,402,346,220,446,356,447,381,108,419,181,453,62,197,164,391,153,214,362,165,572,368,325,137,145,205,157,427,10,227,279,297,345,319,263,19,327,104,57,144,143,299,467,428,423,317,164,182,16,391,589,436,191,386,251,466,178,160,242,526,192,545,304,338,115,338,88,1,428,478,124,49,0,89,285,121,216,116
967,209,424,401,327,339,236,33,165,234,451,143,576,70,213,306,93,434,540,189,405,348,225,444,358,448,383,109,423,180,453,62,200,163,392,155,214,363,166,575,371,326,137,146,206,158,427,10,231,277,301,347,322,264,19,328,103,58,144,143,298,470,429,425,320,165,182,16,392,593,437,191,386,251,470,179,161,244,526,193,549,304,340,117,340,88,1,430,479,127,49,0,89,286,121,220,117
968,210,426,406,329,340,237,33,165,235,451,146,580,71,214,308,93,437,543,191,406,350,224,447,358,448,386,111,424,180,448,63,200,163,395,157,219,367,166,585,372,330,137,147,207,158,427,10,229,278,303,348,324,265,22,329,104,58,143,143,300,473,430,427,319,164,182,16,394,593,439,191,387,251,470,177,163,245,526,195,552,305,343,117,342,90,1,432,480,126,50,0,89,287,123,221,117
969,212,428,407,326,340,238,34,165,234,452,146,582,70,215,309,93,438,546,192,407,351,226,451,361,447,389,113,429,182,450,63,203,164,395,156,221,370,168,584,373,330,136,147,209,160,428,10,231,280,307,349,324,265,22,333,104,58,143,143,302,471,432,429,319,164,183,16,396,595,439,191,389,252,472,178,163,245,526,197,555,305,347,119,344,90,1,437,482,129,50,0,91,288,124,224,119
970,212,427,405,327,342,239,35,164,235,451,148,583,70,214,309,93,441,544,196,411,352,227,453,361,451,390,115,428,185,450,63,203,165,397,157,222,371,168,584,374,332,135,148,210,162,426,11,235,281,306,352,324,269,23,334,104,59,144,143,303,473,431,430,319,166,184,16,400,595,438,193,391,254,475,179,163,247,529,199,555,307,348,121,346,90,1,437,485,130,51,0,91,290,125,224,120
971,213,431,408,330,344,243,35,164,239,449,154,586,70,212,310,93,445,543,198,412,353,230,456,363,451,390,116,425,185,453,61,203,166,398,156,224,371,168,583,375,332,135,148,212,162,429,11,234,283,307,357,327,269,23,337,103,60,148,143,305,475,434,431,320,168,186,16,400,597,441,194,392,259,475,181,163,248,530,200,559,307,351,121,348,89,1,440,485,129,51,0,91,290,125,224,121
972,216,435,409,335,345,244,35,164,241,447,154,584,71,213,310,93,448,545,196,418,355,233,455,366,450,391,116,427,183,453,61,205,165,399,158,226,370,169,585,376,337,137,150,212,161,430,11,235,282,304,359,329,270,24,340,103,60,147,144,308,474,436,436,322,170,185,16,403,598,445,194,395,255,474,181,165,252,537,204,562,308,354,122,348,90,1,441,486,132,53,0,92,293,124,223,121
973,218,440,413,339,346,246,35,167,241,448,155,585,72,211,310,93,452,545,196,422,357,235,457,365,454,394,118,425,183,453,63,206,165,400,159,227,371,171,588,380,338,138,151,211,162,427,11,238,283,303,361,330,270,25,343,102,60,148,146,307,475,442,437,324,170,185,16,404,597,445,197,398,256,475,183,166,252,539,205,563,309,353,124,353,91,1,443,487,131,52,0,93,295,125,225,122
974,219,444,415,339,345,247,35,169,243,449,156,584,72,211,312,93,457,546,196,423,355,235,459,366,457,393,119,425,185,455,62,208,166,402,161,227,372,170,589,384,340,139,152,214,164,427,11,237,285,306,363,334,272,25,344,103,60,148,147,307,478,447,440,326,170,185,16,403,598,445,199,401,256,478,185,168,254,540,206,567,308,358,123,358,93,1,445,485,131,52,0,92,297,125,225,126
975,220,445,416,346,346,246,33,169,244,446,158,585,72,214,316,93,460,547,198,425,357,238,457,368,458,394,120,424,187,457,61,208,169,403,166,226,372,172,591,388,341,139,154,215,164,428,11,240,286,309,363,336,272,26,346,104,61,149,146,307,481,449,441,328,171,184,16,405,596,447,200,401,257,481,185,169,256,542,206,566,310,358,123,359,94,1,448,488,130,52,0,94,299,125,225,126
976,222,446,415,348,346,247,33,170,245,447,159,587,71,217,316,93,462,548,199,424,358,241,460,371,460,397,120,425,188,459,61,208,169,403,169,226,373,173,596,389,342,141,154,216,166,430,11,241,285,311,363,339,274,26,347,106,62,149,146,309,481,452,447,329,172,187,16,408,596,448,199,405,258,482,186,171,257,546,208,568,314,363,124,360,94,1,449,493,130,52,0,93,301,124,225,126
977,223,444,417,350,348,247,33,171,246,444,161,590,71,217,319,93,466,547,200,429,358,241,462,373,459,400,121,431,190,463,62,209,168,405,169,230,377,174,596,390,345,145,154,218,166,431,11,242,283,311,365,334,276,26,350,106,62,149,145,309,482,457,448,334,173,188,15,408,597,447,198,406,260,483,186,174,258,546,208,570,318,365,125,361,95,1,449,496,131,52,0,94,302,124,228,130
978,224,443,422,352,352,248,35,171,249,450,163,593,72,219,323,93,470,545,201,427,360,243,463,376,460,398,122,433,192,466,62,208,169,405,168,232,375,175,597,393,347,146,159,217,165,436,11,243,288,312,369,339,277,26,350,107,61,151,145,311,482,456,449,335,173,190,15,409,596,448,200,405,261,487,186,175,258,545,207,575,319,366,125,361,94,1,452,495,132,54,0,95,303,126,229,130
979,227,444,423,352,353,248,36,172,251,453,163,596,72,220,326,93,473,545,202,428,366,248,462,376,458,399,123,433,193,467,62,209,169,409,170,233,379,176,600,393,350,146,159,219,166,436,11,243,288,316,368,340,277,26,352,110,62,151,145,312,482,457,452,335,173,189,15,412,598,452,203,408,261,489,186,179,261,547,206,579,320,367,125,365,95,1,454,499,133,54,0,96,303,127,230,130
980,228,444,426,355,356,249,36,174,253,453,164,597,71,222,325,93,472,545,205,429,370,251,463,378,462,400,123,436,195,466,62,210,170,409,172,235,380,178,597,394,354,146,159,222,168,440,11,244,289,318,368,342,279,26,353,112,62,151,146,314,483,459,452,341,174,191,15,413,598,448,204,409,264,493,189,180,261,545,207,578,320,366,125,365,95,1,453,501,134,54,0,96,303,128,233,129
981,230,445,427,358,360,248,36,174,252,455,164,600,71,225,325,94,472,546,208,433,371,252,463,382,463,403,123,441,195,466,64,210,171,408,174,238,384,178,600,394,354,147,160,224,169,443,11,245,292,323,372,345,279,27,356,114,62,151,145,315,486,460,458,344,178,193,14,415,599,449,206,408,265,498,189,181,263,548,206,577,326,368,125,366,96,1,454,502,135,54,0,96,308,129,234,131
982,233,444,433,360,360,250,37,175,254,461,163,601,72,226,327,96,474,553,212,434,372,253,465,383,464,406,123,443,196,467,64,213,173,414,174,242,386,180,600,396,355,149,161,225,169,445,11,247,290,323,375,348,283,27,357,115,62,151,148,318,485,462,459,346,178,196,14,418,606,452,207,408,265,499,191,182,261,552,206,580,327,372,125,369,96,1,452,499,137,54,0,97,311,128,236,132
983,233,443,434,363,364,251,38,175,258,461,163,602,73,228,328,96,475,552,212,436,373,255,466,383,469,410,123,445,200,470,64,216,175,415,173,244,390,182,604,402,358,147,162,227,169,449,11,248,291,325,381,347,283,27,362,115,63,152,148,318,483,464,457,349,178,198,14,419,606,450,210,406,266,500,191,181,262,554,207,580,327,372,127,374,96,1,452,504,141,54,0,97,312,128,237,135
984,233,446,435,363,368,252,38,177,259,464,166,603,73,231,330,97,479,554,214,439,373,255,468,390,468,415,123,445,204,472,65,217,175,416,174,248,390,182,605,404,358,147,163,227,169,450,11,249,292,326,380,348,284,27,365,115,63,153,149,318,485,466,457,353,178,199,14,423,610,450,210,410,267,503,190,184,263,558,207,583,329,372,127,378,97,1,453,504,145,55,0,96,315,129,238,135
985,236,446,435,363,371,252,38,180,260,465,168,604,74,234,329,97,480,557,216,439,373,256,467,392,474,415,123,444,208,474,66,219,175,419,175,249,394,183,607,406,358,148,164,228,171,454,11,249,294,327,381,348,287,27,367,116,63,158,147,317,487,467,459,357,179,204,14,425,611,451,210,411,268,503,191,185,266,561,206,586,329,371,126,379,97,1,453,499,145,55,0,96,315,131,240,136
986,237,447,436,364,373,252,38,180,260,469,170,608,75,235,330,98,484,557,216,441,377,257,466,394,474,421,124,446,208,475,67,221,177,420,174,249,398,182,608,408,360,148,166,230,171,457,11,250,297,330,386,351,288,26,369,116,63,159,148,320,488,469,463,357,179,207,14,425,612,451,212,410,271,508,192,184,268,561,207,590,330,371,127,379,97,1,457,501,145,55,0,98,317,131,241,137
987,239,448,438,364,377,254,38,182,262,473,171,608,75,234,334,98,484,558,217,444,376,260,468,396,478,421,125,446,208,476,65,225,175,421,175,250,401,182,609,411,360,149,168,230,172,456,11,251,298,331,386,351,294,27,372,117,63,160,150,320,488,472,466,360,181,205,14,427,616,454,215,412,269,508,193,185,269,563,208,592,333,371,127,379,98,1,456,501,148,55,0,98,318,130,242,138
988,241,448,438,367,381,257,38,183,269,476,173,609,76,237,332,98,485,559,219,447,377,263,467,399,483,421,127,449,212,480,66,227,176,422,175,253,406,183,611,413,364,150,170,231,173,455,11,252,300,332,384,351,294,27,374,118,64,161,150,321,487,473,469,364,181,207,14,425,617,457,216,412,269,510,193,185,273,567,209,595,333,374,127,381,100,1,457,500,148,56,0,100,320,130,244,138
989,244,449,443,367,381,257,38,186,270,481,172,611,76,240,333,98,484,562,219,450,378,264,471,401,485,425,128,449,212,484,66,231,178,426,177,254,406,182,610,414,369,150,171,231,174,459,11,254,300,334,387,353,295,27,373,118,64,161,150,324,487,473,473,366,182,208,15,424,618,461,217,410,271,511,194,189,272,568,210,600,335,377,129,381,99,1,459,507,149,56,0,100,323,131,243,138
990,246,451,447,366,384,259,38,189,269,484,170,611,76,242,335,101,483,562,221,452,382,265,475,403,488,425,129,453,210,487,69,232,179,427,178,257,407,183,610,415,369,151,172,234,177,458,11,255,300,340,388,356,296,27,374,119,65,164,152,327,491,475,477,369,182,208,15,425,620,468,217,413,271,512,194,190,276,572,209,600,335,381,130,382,100,1,460,511,150,56,0,100,325,132,246,139
991,247,456,448,370,386,262,38,189,269,486,169,610,76,245,338,100,483,563,222,458,384,264,480,402,487,427,129,454,210,492,69,235,179,430,183,258,409,183,615,418,369,154,172,237,180,459,11,256,301,339,392,355,296,27,378,119,65,165,154,329,493,477,479,369,181,208,15,428,624,472,220,414,272,515,195,191,276,574,209,604,334,382,130,382,99,1,460,513,151,56,0,100,327,133,248,139
992,249,458,453,369,384,261,38,188,269,486,171,609,76,246,337,102,488,563,225,459,384,265,483,405,487,428,130,456,212,492,68,235,179,433,183,261,412,185,618,418,371,154,174,240,180,459,11,258,303,341,392,354,294,27,381,120,65,168,154,332,498,481,481,371,184,209,15,429,625,474,220,415,272,517,194,194,278,577,209,606,334,387,131,382,100,1,462,515,151,56,0,100,331,133,247,142
993,252,463,453,372,387,261,37,188,272,486,172,609,76,248,338,101,493,564,228,460,386,267,484,404,486,427,131,456,212,496,69,239,180,434,183,264,416,184,620,417,374,154,174,244,181,462,11,257,304,342,395,354,296,27,381,122,65,170,155,332,502,485,482,372,186,211,15,431,624,476,220,415,275,519,196,193,279,579,212,608,336,389,131,385,101,1,465,517,153,57,0,101,334,135,248,142
994,251,464,455,377,388,262,37,189,274,485,173,614,76,249,342,101,495,565,229,462,390,266,485,407,486,430,132,458,214,497,67,243,180,436,186,263,418,186,619,420,376,155,174,246,182,461,10,257,306,346,397,355,298,27,383,122,66,170,155,334,505,488,485,376,186,212,15,432,625,474,222,415,278,523,198,191,280,581,214,611,337,392,132,389,102,1,466,521,152,58,0,101,338,134,250,141
995,253,465,456,378,389,262,38,192,275,489,173,617,76,249,342,102,499,571,232,464,390,271,485,407,486,437,131,460,217,496,67,246,181,436,187,265,420,187,623,421,377,155,175,244,183,463,10,260,306,346,399,356,298,28,385,122,66,172,157,335,505,487,485,376,186,216,16,434,625,477,224,416,282,526,199,193,279,583,217,615,338,394,132,394,103,1,467,523,153,57,0,101,337,134,250,141
996,255,468,456,380,390,263,36,192,277,488,173,616,77,250,345,102,499,572,231,467,391,275,488,408,488,439,131,458,219,496,67,249,183,436,187,267,419,189,626,426,380,158,179,248,184,465,10,262,304,345,399,360,298,27,390,122,67,174,158,335,507,487,486,379,186,216,16,435,625,477,228,417,283,526,201,197,278,582,221,618,340,394,134,399,104,1,467,525,154,57,0,101,335,134,253,144
997,257,470,457,380,393,263,36,193,276,492,174,617,78,257,348,101,498,573,234,472,390,274,487,411,488,440,132,458,220,493,68,251,186,436,189,270,421,192,629,429,381,158,183,248,184,468,10,264,304,345,401,361,298,27,392,124,67,175,158,338,509,488,489,380,189,217,16,436,627,476,232,419,285,523,203,197,279,584,223,618,343,397,136,396,103,1,469,527,156,58,0,101,334,135,255,145
998,258,471,458,383,396,262,35,195,277,494,176,621,78,257,350,104,502,575,234,477,388,276,486,413,491,443,134,458,222,494,70,254,187,437,188,272,427,191,629,431,387,158,183,247,184,468,10,271,306,346,403,360,297,27,393,124,67,177,162,341,509,491,494,383,191,217,16,434,632,477,232,419,286,522,202,199,281,586,225,622,343,402,137,398,105,1,474,526,156,58,0,101,334,137,256,144
999,260,473,463,383,399,265,37,197,278,495,177,622,78,259,356,104,508,576,234,480,391,276,488,415,494,446,134,460,220,495,69,256,188,436,190,275,430,192,630,431,388,158,185,246,186,471,10,271,306,349,403,361,299,27,394,124,66,177,162,340,512,489,494,388,190,219,16,437,631,476,231,422,287,524,203,200,282,586,228,626,342,404,141,398,105,1,475,531,159,59,0,102,340,139,256,145
1000,261,471,466,386,401,266,37,198,279,499,179,622,78,260,357,107,509,580,236,484,395,278,494,418,496,449,134,465,221,497,69,257,188,437,190,277,434,193,629,433,390,160,185,248,187,475,10,271,308,353,404,363,301,28,396,124,67,184,163,340,513,489,495,390,192,219,16,439,631,476,232,424,288,528,203,204,283,589,229,630,344,405,142,397,104,1,476,537,162,59,0,104,342,140,256,145
1001,263,472,468,386,400,269,39,200,280,500,178,622,78,260,358,106,516,580,235,484,395,277,498,420,496,450,135,465,222,502,69,256,188,440,193,276,439,194,631,437,396,160,186,249,189,474,10,271,307,353,404,366,305,28,398,125,68,185,165,345,517,494,495,391,194,218,17,440,635,478,234,429,290,531,205,204,284,590,230,630,347,410,145,398,105,1,477,539,163,59,0,105,342,143,257,145
1002,266,473,471,387,402,271,39,202,283,500,177,624,80,261,359,107,517,580,236,485,399,280,502,424,496,449,135,467,223,504,70,258,194,443,196,276,437,193,633,438,395,161,187,251,191,477,10,272,308,356,408,366,308,28,403,127,69,185,164,346,515,496,496,396,198,219,17,444,636,478,235,428,291,535,204,207,286,596,231,629,352,410,149,404,105,1,479,541,164,59,0,105,343,143,257,146
1003,267,472,476,391,404,270,39,206,283,503,177,624,81,265,360,106,520,582,239,486,402,279,504,426,495,452,135,469,222,505,71,263,194,447,198,277,436,195,637,438,395,160,189,251,192,481,10,276,312,357,409,370,310,27,406,127,69,182,164,349,519,501,496,395,200,219,17,445,639,477,235,435,292,539,204,210,288,596,232,632,353,410,150,409,105,1,478,546,164,59,0,106,346,142,259,149
1004,267,475,478,396,406,269,39,207,286,504,177,627,81,270,358,107,523,584,239,486,406,282,508,430,499,452,137,470,223,505,71,264,197,451,199,279,436,196,641,442,393,165,189,253,194,485,10,277,313,358,409,373,312,27,403,127,70,183,165,350,519,501,500,395,201,221,17,444,643,478,237,444,293,546,205,210,288,603,231,637,354,410,155,412,105,1,481,545,164,61,0,106,352,143,259,146
1005,269,480,480,398,409,271,39,211,284,507,177,630,81,273,360,108,531,584,241,486,406,282,510,431,502,454,138,472,224,508,71,266,199,452,201,282,439,197,640,443,396,166,190,252,197,488,10,278,314,361,410,376,316,27,403,128,71,185,167,352,518,504,501,397,203,226,17,442,641,479,239,443,296,548,207,209,290,609,232,639,357,410,156,413,106,1,484,547,164,61,0,107,356,143,263,147
1006,271,481,483,399,405,273,39,215,286,512,180,637,81,272,361,108,534,585,242,489,412,282,512,432,500,455,139,473,224,509,72,268,199,453,202,283,442,199,641,445,395,170,196,252,196,488,10,281,315,363,410,376,321,27,406,129,71,187,170,358,523,502,500,400,203,229,17,443,643,480,239,444,303,551,209,209,290,612,231,644,361,415,158,417,107,1,485,549,164,64,0,107,355,144,263,148
1007,271,481,481,401,406,274,39,214,286,513,180,641,81,271,359,108,536,585,241,487,414,284,514,436,505,454,139,478,225,510,72,269,199,453,203,282,446,200,643,447,398,173,195,253,197,491,10,286,316,363,411,379,321,27,406,127,70,186,171,361,527,504,501,403,206,231,17,443,646,482,240,445,305,556,210,211,293,616,233,647,361,416,158,420,107,1,486,549,165,63,0,108,356,146,265,149
1008,272,480,481,408,407,276,39,216,286,514,182,643,81,271,360,110,537,589,242,490,415,286,517,435,508,452,138,475,228,510,74,270,201,458,203,285,449,201,647,445,400,173,195,253,196,493,10,287,319,367,413,383,325,29,408,129,71,185,174,366,527,508,505,405,206,231,17,443,648,485,241,447,305,558,212,210,294,616,234,651,362,420,162,421,108,1,488,549,170,64,0,108,357,147,265,150
1009,271,481,483,410,410,278,39,218,287,517,184,647,82,273,362,112,540,591,243,491,412,286,519,434,508,456,141,477,227,511,75,271,201,463,205,284,457,203,650,445,403,174,195,255,197,496,10,287,319,365,413,384,325,29,408,129,73,186,174,364,526,506,508,408,207,232,17,447,643,488,244,450,309,556,213,212,296,623,235,650,364,423,162,426,108,1,488,552,174,63,0,109,359,147,265,150
1010,270,484,486,413,410,280,40,220,288,519,185,649,83,272,363,113,550,594,243,493,414,286,522,437,513,457,139,481,227,516,75,271,202,466,206,285,457,203,653,447,403,174,195,257,197,499,10,288,320,367,416,387,327,29,407,130,74,190,173,364,532,508,505,412,206,234,17,449,648,489,246,454,312,558,215,212,296,625,238,652,365,425,162,427,108,1,488,555,175,63,0,109,359,148,267,150
1011,270,489,485,412,412,283,41,221,289,519,186,650,81,272,365,114,549,595,244,493,417,286,525,435,514,460,140,483,227,515,75,275,203,466,208,289,462,207,654,450,405,175,197,261,198,502,10,291,321,370,420,388,325,32,408,132,77,191,174,366,537,508,509,411,208,236,18,451,651,493,250,454,312,562,214,211,299,627,239,654,368,425,163,426,108,1,491,560,176,64,0,110,360,148,266,150
1012,273,490,487,415,415,284,41,224,291,520,186,648,81,273,363,116,550,598,246,496,419,290,527,436,516,461,141,486,227,517,75,274,202,467,208,292,464,207,656,452,408,179,198,262,199,505,11,293,321,371,423,392,326,32,410,132,77,192,174,368,538,510,514,410,206,237,18,453,651,496,250,455,315,563,215,211,300,629,244,654,372,429,164,426,109,1,496,562,177,65,0,110,362,148,268,150
1013,276,495,488,416,416,284,41,225,290,521,186,650,82,270,370,116,553,600,246,500,420,290,528,437,518,462,143,486,230,519,75,275,204,473,207,294,469,208,658,451,412,180,198,263,200,507,11,295,322,374,425,396,327,33,414,132,77,192,173,370,538,511,517,414,208,238,18,455,648,498,249,455,314,566,218,212,299,634,244,656,376,434,164,428,108,1,498,567,180,66,0,111,362,148,270,150
1014,278,497,490,416,418,285,41,227,288,528,187,652,82,272,369,115,556,603,248,502,423,289,529,442,518,469,145,486,232,521,77,277,205,473,205,295,471,209,662,450,415,182,197,264,198,511,11,295,324,372,430,401,328,33,418,133,77,192,174,367,540,516,520,414,210,239,18,457,648,497,252,459,316,569,219,213,300,633,245,659,376,434,166,432,109,1,502,570,181,66,0,113,362,148,271,153
1015,281,498,490,414,418,286,42,230,289,530,189,659,85,274,368,116,559,608,248,504,424,291,532,445,521,469,146,488,233,524,77,279,207,477,205,296,471,210,664,448,417,186,199,264,197,511,11,294,328,377,432,403,331,33,419,130,77,193,175,370,542,516,525,416,210,238,18,457,649,502,254,463,316,571,221,214,300,634,245,660,378,433,166,436,110,1,504,574,185,66,0,113,365,148,271,155
1016,282,499,495,416,423,290,42,233,292,531,190,660,85,275,368,117,562,609,250,507,427,292,535,448,522,472,146,489,238,526,76,281,208,476,206,293,473,210,665,451,418,186,200,264,196,512,11,297,329,380,435,406,331,33,423,130,79,194,175,369,544,518,528,418,211,243,18,459,650,501,254,466,320,570,223,214,301,632,245,658,379,436,166,439,111,1,507,578,186,66,0,113,363,149,272,155
1017,284,503,498,418,427,290,42,234,294,532,191,659,85,275,371,117,566,609,249,509,429,292,536,449,520,473,148,489,241,526,76,281,210,475,207,294,475,211,666,452,421,187,202,265,197,513,11,297,335,383,435,405,331,33,428,131,78,195,176,373,544,518,529,419,213,248,18,461,654,498,255,466,322,574,230,215,301,630,245,661,383,440,168,440,111,1,511,573,186,67,0,115,364,151,274,157
1018,284,502,501,420,431,290,41,236,294,534,191,657,85,275,372,117,566,614,251,513,430,293,538,453,521,477,149,493,240,527,79,280,210,479,210,293,475,214,672,451,423,188,206,270,201,515,11,299,335,386,436,407,332,33,434,129,78,197,178,374,542,520,533,420,212,249,18,465,654,497,257,465,326,579,232,216,303,631,247,662,384,439,169,441,112,1,510,573,188,68,0,116,364,152,273,159
1019,285,509,504,424,434,289,40,233,296,536,190,660,85,277,374,117,567,619,253,515,431,295,541,454,521,477,149,496,242,529,79,280,213,480,210,295,479,215,680,450,423,191,207,272,202,513,11,299,338,387,443,411,333,33,432,129,78,197,178,375,540,517,540,421,212,246,18,468,651,501,256,468,328,582,233,220,307,633,248,665,384,443,170,442,112,1,513,571,187,70,0,117,371,153,274,160
1020,289,508,504,429,436,291,40,233,298,538,187,662,86,280,379,120,566,621,254,517,433,295,543,454,523,480,152,497,242,527,80,281,212,480,209,298,482,216,679,451,425,195,206,272,203,516,11,302,343,387,443,414,334,33,437,130,79,196,180,379,541,520,544,423,212,248,18,472,654,502,256,470,328,581,232,224,309,632,248,669,386,442,173,443,115,1,518,573,187,70,0,116,370,152,275,159
1021,289,509,503,431,439,293,40,231,298,541,190,661,86,282,383,121,571,618,255,520,435,297,544,455,528,476,152,501,244,527,81,283,212,484,210,302,481,216,678,450,429,195,205,272,206,518,11,303,344,390,441,416,337,33,442,132,79,196,183,380,544,522,544,426,212,250,18,479,657,501,259,469,329,585,231,224,312,637,248,671,393,444,175,443,114,1,519,573,187,71,0,116,373,153,276,158
1022,291,511,502,433,441,294,40,229,300,547,191,666,87,284,386,122,572,616,254,521,436,300,547,457,531,479,153,504,248,526,81,286,214,485,212,304,483,217,680,450,430,194,207,272,207,519,11,302,345,394,440,417,341,34,443,132,82,197,183,383,544,522,546,428,214,253,18,482,658,504,261,469,332,584,232,225,313,637,249,668,393,447,175,445,116,1,522,576,188,71,0,114,373,153,278,159
1023,292,516,507,435,440,293,39,231,299,548,195,671,86,285,388,123,573,623,255,527,437,301,548,458,532,484,157,510,251,527,82,285,215,484,214,303,485,217,678,452,433,193,208,275,209,520,11,303,344,394,439,419,345,34,447,133,82,197,183,382,546,524,549,431,215,254,18,484,659,505,264,470,333,587,234,222,316,641,251,670,395,448,176,449,117,1,524,576,188,71,0,113,375,154,278,160
1024,296,513,509,439,440,296,39,235,304,550,199,669,86,290,393,123,573,624,261,534,442,303,548,462,532,489,158,516,252,527,85,289,219,484,217,304,486,218,684,455,436,195,208,276,211,523,11,302,346,395,440,423,348,33,451,134,83,198,185,383,548,525,550,433,217,254,18,489,657,507,267,472,335,589,233,225,317,647,250,669,398,451,178,450,116,1,524,577,190,72,0,112,376,155,279,160
1025,297,515,512,441,437,294,38,235,304,552,199,667,86,292,396,123,577,625,266,533,444,303,548,461,530,491,157,518,252,529,85,290,220,487,216,305,488,217,686,457,438,196,209,277,210,526,11,302,347,396,443,425,349,35,452,135,84,198,183,389,551,527,553,434,219,259,18,489,656,509,269,472,336,590,233,226,318,650,250,673,402,454,179,451,116,1,523,578,191,72,0,113,376,155,281,160
1026,299,516,512,440,437,299,38,236,307,553,199,669,87,292,394,122,579,634,266,534,448,301,551,462,528,493,158,517,253,530,86,292,224,488,219,304,488,217,686,456,439,198,212,277,210,528,11,308,349,397,445,426,352,35,456,135,84,199,183,393,552,531,555,435,221,261,18,489,665,508,272,477,339,591,236,228,318,647,252,676,401,454,181,454,116,1,528,581,191,72,0,115,375,156,283,159
1027,299,518,516,447,438,302,38,238,310,552,200,669,87,293,396,122,581,636,269,535,450,304,553,464,532,492,160,516,253,531,86,297,222,488,223,308,488,220,685,460,445,200,213,280,213,531,11,309,349,400,445,429,356,35,460,135,85,200,184,396,553,536,558,437,226,261,18,491,668,512,274,477,341,593,236,227,319,645,253,678,408,455,182,455,117,1,530,584,191,72,0,115,377,157,285,160
1028,303,519,515,449,443,305,38,242,308,554,201,673,87,293,395,122,581,636,273,538,452,304,551,464,532,492,160,518,254,531,86,299,223,487,224,309,485,221,686,466,448,204,216,282,213,527,11,310,350,402,447,433,363,36,460,137,85,201,185,398,560,536,559,440,225,262,18,489,674,511,277,479,344,595,237,227,322,648,255,687,413,457,183,457,119,1,532,586,191,73,0,116,382,157,289,163
1029,305,520,519,453,443,307,38,241,311,557,200,677,88,294,396,123,580,635,274,542,452,305,553,466,532,495,161,520,255,529,88,301,223,488,223,310,489,222,689,470,450,207,217,283,214,530,11,313,351,402,448,434,364,36,461,137,87,201,187,400,559,539,562,441,228,262,18,491,680,514,279,482,346,603,241,227,326,649,252,688,416,457,184,456,121,1,534,587,190,74,0,117,384,160,294,164
1030,305,526,521,459,444,307,38,243,314,563,203,676,87,294,400,124,585,636,274,545,453,308,556,469,528,499,161,523,261,530,88,303,227,488,225,311,491,222,692,474,451,214,216,287,214,532,11,314,351,402,452,437,363,36,464,139,90,203,188,402,559,541,559,442,227,268,18,495,679,514,279,487,348,607,244,229,327,654,253,685,420,460,185,459,122,1,538,590,191,75,0,118,387,162,294,164
1031,305,530,525,461,444,310,38,244,314,564,205,678,87,297,404,124,589,638,275,547,453,308,561,468,532,505,160,527,262,533,89,303,231,490,227,312,491,221,694,477,449,214,217,290,217,536,11,314,351,404,451,439,364,36,463,141,89,204,188,401,560,541,561,445,228,269,18,499,678,518,283,490,353,609,244,231,333,655,256,688,427,465,189,461,123,1,541,593,192,75,0,119,390,163,294,165
1032,307,533,526,464,444,317,38,245,314,567,205,681,87,297,407,125,595,640,278,545,453,314,566,471,531,505,161,529,262,534,89,302,234,491,227,313,492,220,696,477,453,217,218,294,217,541,11,315,351,406,452,444,365,36,467,142,89,204,188,402,563,543,563,444,231,271,18,499,678,520,289,492,355,609,245,232,332,654,257,688,429,468,190,464,123,1,543,594,192,75,0,118,393,164,298,166
1033,312,534,528,464,447,318,39,245,314,566,206,678,87,297,415,126,598,643,280,551,456,315,568,475,531,511,164,532,264,536,89,302,234,492,229,313,495,221,702,476,452,219,218,296,220,540,11,319,355,409,454,448,368,37,467,141,89,207,187,403,565,545,563,443,234,274,18,498,677,520,292,491,357,610,246,231,332,656,258,688,431,469,192,464,124,1,546,596,192,75,0,118,395,165,301,166
1034,314,537,526,470,453,317,39,247,315,567,206,678,87,301,416,127,603,644,279,554,459,315,572,480,533,513,164,537,264,540,91,308,233,493,231,314,499,221,706,475,453,219,220,296,221,541,11,319,354,408,455,452,371,37,466,142,89,210,187,407,567,543,564,446,236,276,18,501,679,523,293,492,358,611,249,232,332,660,262,690,433,468,192,469,125,1,550,596,194,74,0,119,397,164,298,165
1035,317,540,527,470,453,325,41,246,316,566,206,679,89,302,415,128,603,644,280,556,464,318,575,481,532,514,161,539,265,543,91,309,233,496,232,316,502,222,704,477,454,220,221,297,224,540,11,322,356,410,455,453,373,38,467,142,89,209,187,410,575,544,563,448,236,279,18,502,680,526,294,496,359,613,251,234,336,663,263,694,435,472,197,469,126,1,551,598,192,75,0,119,397,164,301,169
1036,321,540,528,471,453,328,41,248,317,567,209,682,90,301,420,128,607,648,282,559,464,319,577,485,531,517,160,541,267,546,90,310,236,500,233,319,502,222,704,482,456,220,222,300,224,542,12,327,356,413,457,452,372,38,471,142,89,210,190,411,574,548,566,453,234,281,19,503,682,530,297,496,359,617,252,236,337,667,263,694,439,473,198,472,128,1,553,600,192,76,0,121,398,165,300,171
1037,323,542,531,476,461,329,41,247,316,571,209,683,91,302,423,129,609,649,283,564,464,319,581,488,535,517,163,543,271,546,92,310,236,505,235,319,502,223,708,482,461,221,223,303,227,543,12,328,359,412,461,450,371,38,477,141,90,212,191,416,579,549,568,456,234,282,19,506,683,531,297,499,358,617,253,237,340,668,266,698,442,475,198,472,130,1,556,601,193,75,0,123,399,169,300,170
1038,325,542,530,476,464,330,41,248,319,574,209,684,91,303,427,130,610,651,283,565,465,323,584,491,537,522,165,546,273,548,92,310,238,505,236,319,503,222,712,482,464,223,226,305,228,544,12,334,364,415,459,452,376,39,481,142,91,213,191,419,579,550,569,456,235,281,20,505,688,534,299,503,360,619,253,241,342,671,269,700,446,476,200,475,131,1,559,603,194,76,0,123,403,171,300,171
1039,325,542,528,477,464,330,40,251,327,580,211,683,92,306,427,131,609,650,289,572,465,323,589,490,536,525,166,549,273,547,90,309,240,509,236,319,507,224,716,483,464,225,226,306,230,546,12,335,369,415,459,455,376,40,484,142,91,213,190,421,583,552,570,458,237,284,20,507,688,537,302,505,366,622,254,243,343,675,269,702,452,480,203,477,132,1,563,603,194,76,0,124,405,172,301,173
1040,331,542,527,478,466,330,39,252,328,580,213,687,91,309,429,131,611,654,288,572,465,326,593,491,542,524,165,548,276,550,91,308,243,511,235,321,511,226,718,485,465,225,229,306,229,547,12,333,371,419,459,458,376,40,485,144,92,213,191,423,584,551,572,462,238,285,20,510,690,536,301,505,367,626,256,245,347,678,268,702,455,487,202,477,134,1,566,608,196,76,0,125,408,174,302,174
1041,334,544,530,480,465,326,39,257,330,580,215,689,91,310,429,131,618,657,288,574,466,326,597,491,541,528,166,547,281,556,92,311,245,513,235,323,514,226,722,487,469,225,231,309,231,548,12,333,372,425,461,462,377,40,490,144,93,214,195,427,587,549,576,465,240,286,20,511,691,539,301,508,369,627,258,247,348,679,270,702,454,483,203,481,134,1,566,609,196,77,0,128,409,175,305,177
1042,335,545,531,481,467,331,39,262,338,580,216,694,91,312,429,132,625,658,290,577,468,327,599,493,538,531,168,548,282,558,91,315,245,514,236,321,515,226,725,488,472,225,231,313,234,549,12,332,374,425,466,462,379,40,492,145,94,217,197,430,591,549,578,465,244,290,20,515,692,542,302,516,372,631,259,247,348,680,271,705,456,485,204,485,135,1,569,612,195,78,0,128,411,176,306,179
1043,337,544,534,483,468,334,38,264,338,582,216,696,92,312,429,132,626,657,292,576,468,329,595,498,539,534,168,549,285,557,91,318,245,516,235,321,513,226,725,487,471,224,232,316,234,553,12,333,375,425,467,458,381,39,492,146,95,221,201,436,595,554,581,467,241,289,20,517,695,543,308,521,372,631,258,249,351,687,272,708,457,489,204,488,136,1,569,616,196,78,0,129,411,176,309,180
1044,338,547,540,487,468,339,38,266,342,580,220,698,92,312,428,132,631,658,294,579,473,328,597,499,541,540,171,548,288,562,91,317,246,518,239,322,516,227,727,484,476,227,235,318,236,557,12,336,377,423,465,461,383,39,494,144,94,221,201,439,600,554,584,470,243,291,20,516,695,544,310,526,369,633,260,249,353,687,277,710,457,494,208,491,136,1,570,616,200,78,0,130,411,175,314,181
1045,336,549,542,489,471,339,38,266,342,581,222,702,93,313,427,133,634,659,294,583,479,329,602,500,541,543,172,549,292,565,91,320,246,520,240,324,520,231,726,481,479,228,238,320,237,566,12,339,380,427,470,461,385,38,494,142,96,219,201,445,603,560,586,474,245,296,20,520,700,543,312,528,369,633,262,252,356,687,277,716,459,497,209,493,136,1,571,617,203,78,0,132,412,174,314,183
1046,338,552,544,491,473,343,38,267,343,582,222,705,94,315,432,133,640,662,295,584,484,330,600,503,539,548,176,552,294,564,91,323,247,519,243,328,525,233,729,484,480,229,241,323,238,566,12,340,384,431,472,465,389,41,496,142,95,222,200,449,606,560,588,474,246,301,20,519,700,548,314,530,369,636,265,252,357,693,278,722,460,500,213,496,137,1,574,616,203,78,0,132,410,177,315,186
1047,338,556,547,496,476,343,38,267,343,583,223,707,95,317,439,134,639,661,296,590,487,329,601,504,544,550,177,555,297,567,93,324,249,522,247,330,526,238,730,487,482,233,241,327,240,565,10,341,385,431,476,465,389,41,499,144,95,223,204,450,606,563,589,475,248,304,20,522,696,551,316,532,371,639,266,254,359,695,278,725,462,501,215,498,138,1,574,618,204,78,0,133,411,177,315,187
1048,337,556,548,498,477,343,39,268,348,586,226,711,97,319,442,134,640,662,296,592,486,331,601,503,545,550,179,560,299,569,93,324,248,527,249,329,529,241,729,484,485,236,242,330,240,565,10,346,386,431,481,468,391,41,502,145,96,220,207,453,606,564,591,480,248,305,21,525,698,555,316,534,372,642,268,255,364,694,280,724,468,503,215,502,139,1,575,617,206,78,0,133,412,176,317,187
1049,338,561,549,497,477,344,39,269,349,588,227,712,97,320,445,135,641,665,299,596,485,333,601,506,546,554,180,565,300,571,92,324,248,530,249,334,530,242,730,484,487,237,246,333,240,569,10,348,385,432,482,471,392,42,504,146,97,224,205,456,606,564,591,481,250,307,21,525,698,556,317,539,370,642,270,256,366,693,282,729,469,506,215,506,140,1,575,625,209,79,0,134,417,177,321,187
1050,337,562,552,501,475,345,39,269,349,591,228,716,97,323,444,135,643,666,303,600,488,335,600,507,545,559,180,565,301,575,93,329,249,528,250,337,533,241,731,487,492,236,251,334,244,571,11,350,385,435,482,471,398,42,505,146,98,225,208,461,608,567,593,484,250,307,21,532,696,560,319,545,371,645,270,258,366,692,284,730,470,509,215,507,140,1,577,625,210,80,0,134,421,178,323,186
1051,339,567,555,504,473,346,39,271,351,591,230,719,97,326,442,137,644,667,305,602,491,333,601,508,548,561,180,564,303,577,94,333,251,527,254,338,534,240,732,490,490,237,255,338,246,575,11,352,388,439,490,473,402,42,506,147,97,225,207,461,607,567,590,488,254,310,21,536,697,566,322,547,373,650,270,259,366,693,288,734,473,511,215,510,140,1,580,626,211,80,0,137,423,179,327,185
1052,341,571,556,507,475,348,39,272,353,594,229,722,97,326,443,139,645,666,304,606,494,334,601,511,549,561,181,560,302,575,93,339,250,530,253,338,538,241,734,494,491,240,257,341,250,577,11,354,385,440,491,473,403,42,507,146,98,227,210,465,616,570,592,491,256,310,22,539,700,566,322,547,376,650,269,261,366,695,290,735,474,514,221,510,140,1,582,624,213,81,0,140,425,180,332,188
1053,341,576,558,506,479,349,39,275,357,598,235,727,98,328,444,143,647,668,305,609,494,332,606,512,551,561,180,561,305,576,92,341,252,531,256,339,544,242,735,495,491,242,259,341,254,579,11,354,387,444,498,476,407,43,508,146,98,226,210,467,614,572,593,493,256,315,22,540,700,566,323,547,375,651,271,263,368,697,292,736,473,517,224,509,140,1,588,627,214,81,0,140,428,182,333,188
1054,343,579,557,511,481,354,40,279,357,602,236,730,100,329,447,145,650,670,306,610,495,334,608,515,549,564,183,560,308,575,94,341,253,533,261,344,546,242,734,497,491,243,263,343,256,581,11,353,389,447,502,474,411,44,507,146,102,229,210,469,617,575,598,497,258,317,22,544,701,569,323,547,373,652,273,264,368,697,298,738,472,520,223,515,141,1,594,634,218,83,0,141,430,183,333,189
1055,345,580,559,516,482,357,40,284,359,605,236,735,101,333,448,146,648,673,307,612,493,338,610,517,550,566,188,558,310,580,94,344,255,539,261,348,548,243,738,496,492,247,263,344,256,581,11,353,391,449,505,477,414,44,507,146,102,230,211,471,616,573,597,498,260,321,22,544,708,574,323,550,377,654,273,263,368,698,301,740,475,520,223,518,141,1,594,635,220,85,0,143,431,185,334,189
1056,346,582,563,519,484,359,42,284,362,604,238,736,102,336,450,148,652,670,308,619,497,342,609,517,550,568,188,560,308,581,94,346,257,543,263,350,551,242,737,498,497,247,264,346,257,582,11,353,394,451,509,485,417,44,504,146,103,231,210,474,618,576,598,503,261,325,22,546,710,575,324,551,378,659,277,261,369,697,306,740,474,525,225,526,144,1,596,638,223,84,0,143,431,187,334,191
1057,347,583,566,521,487,364,42,286,364,605,242,744,102,336,456,148,654,675,306,620,500,345,612,518,552,570,189,562,308,582,94,349,259,547,263,352,552,242,739,502,499,250,268,349,259,585,11,353,399,450,511,489,419,45,504,147,104,229,210,473,619,578,601,504,267,326,23,549,711,576,327,552,382,659,279,262,373,701,307,740,476,528,225,529,145,1,599,636,226,85,0,146,434,188,337,192
1058,349,585,567,525,488,366,42,287,366,606,241,747,103,339,456,152,655,677,305,621,504,348,611,524,555,576,189,564,310,583,95,350,259,546,264,354,554,242,740,502,503,252,270,347,260,588,11,355,405,453,511,493,418,45,506,148,104,232,210,476,620,582,601,505,273,329,23,555,713,581,331,554,383,661,279,264,375,700,308,744,476,534,225,526,146,1,600,638,227,85,0,148,437,188,337,193
1059,349,585,568,525,491,370,42,289,373,608,242,750,104,338,457,152,656,679,303,623,505,349,613,528,556,579,186,564,312,584,96,351,258,548,268,356,558,241,739,504,508,254,273,348,263,593,11,357,408,452,511,496,422,45,509,151,106,236,214,473,623,584,601,504,273,331,23,556,714,582,332,556,384,661,279,264,381,702,310,747,477,538,227,527,150,1,602,640,230,85,0,149,437,189,338,194
1060,351,586,570,523,496,373,43,291,375,612,241,753,103,339,457,150,659,683,303,626,509,350,616,526,560,582,185,566,314,586,99,354,261,548,272,357,561,241,739,506,508,255,273,351,261,599,11,358,410,449,515,500,426,46,509,153,108,237,216,473,625,584,603,505,274,336,23,557,717,583,337,558,381,669,278,266,379,703,310,748,483,545,229,528,155,1,603,641,235,85,0,150,440,189,341,196
1061,354,591,575,524,496,376,43,295,380,611,240,757,104,344,454,152,662,688,304,627,510,350,616,526,558,583,186,570,315,586,99,357,262,551,272,359,561,241,740,506,510,258,274,353,262,603,11,359,410,450,517,505,430,46,514,158,113,237,216,477,629,584,606,510,276,337,23,560,722,585,345,559,381,670,279,268,382,703,311,749,483,544,230,530,156,1,605,645,239,86,0,150,443,189,344,198
1062,355,594,575,528,496,378,44,297,382,615,242,757,105,345,454,151,667,686,303,630,511,351,621,527,560,582,187,569,316,588,100,359,263,552,274,360,561,242,742,503,515,258,275,354,265,607,11,360,411,452,520,510,431,46,516,160,115,237,220,480,628,588,610,512,278,337,23,560,721,588,345,562,384,671,279,270,384,701,310,753,484,544,230,530,156,1,607,647,240,88,0,150,448,188,344,201
1063,352,595,580,534,498,378,43,299,386,617,242,759,106,348,456,151,668,687,304,634,514,353,621,527,563,585,189,569,317,589,101,361,265,558,274,362,562,242,745,506,519,259,280,355,270,610,12,362,412,455,523,514,433,45,520,160,115,238,224,481,636,591,615,519,279,337,23,566,720,592,347,563,383,673,282,270,387,700,311,754,485,543,231,533,156,1,612,648,242,90,0,152,449,190,350,199
1064,355,596,586,539,499,380,43,303,388,622,242,765,106,347,459,152,671,688,305,636,519,356,620,526,566,586,190,571,325,591,103,368,266,559,276,364,564,243,748,510,523,262,281,355,273,617,12,363,412,454,525,511,438,45,524,160,116,241,225,477,634,590,618,524,281,339,24,571,724,595,351,565,383,670,281,269,388,700,312,752,486,547,233,537,159,1,617,650,243,92,0,152,447,190,353,199
1065,358,598,590,539,498,383,43,306,391,619,242,770,107,350,462,151,671,686,306,639,522,357,622,529,568,590,190,575,326,602,104,368,265,559,276,368,563,244,747,513,525,261,281,358,273,619,12,362,414,455,524,511,440,45,526,161,116,244,226,479,638,593,621,531,281,342,24,571,728,601,352,567,384,671,282,270,386,702,313,753,488,550,235,537,159,1,620,652,246,93,0,153,452,190,358,199
1066,361,600,593,544,499,383,43,310,389,621,245,769,109,355,466,152,675,684,309,638,524,360,623,530,570,592,190,573,329,602,105,369,269,560,274,371,563,244,745,514,533,261,284,360,274,622,12,365,418,459,524,513,440,45,527,161,117,245,228,483,639,596,624,536,282,344,24,572,729,603,357,565,386,672,281,273,388,702,318,754,492,550,236,539,159,1,623,652,246,93,0,154,455,191,362,201
1067,363,603,600,544,505,391,44,311,389,625,245,767,109,355,467,153,675,686,314,640,527,361,627,531,570,599,190,576,334,602,105,370,269,563,276,375,567,248,748,518,531,262,285,360,276,621,12,365,424,462,528,516,445,45,527,161,117,245,230,486,647,600,623,537,286,345,24,576,731,603,359,565,385,675,282,277,385,701,321,757,496,552,238,542,157,1,624,654,248,94,0,155,460,191,367,204
1068,363,603,605,547,506,397,44,311,391,628,245,765,109,357,467,154,682,690,315,640,528,361,626,533,568,604,192,575,334,602,107,371,272,568,279,376,568,250,753,519,531,263,285,362,277,626,12,368,426,463,528,517,441,45,532,162,117,245,231,488,649,599,624,544,285,345,24,581,730,607,363,570,381,676,280,279,389,703,321,752,500,553,240,541,156,1,625,654,250,93,0,154,462,193,370,206
1069,364,605,608,547,506,400,44,313,391,634,246,768,109,360,468,155,684,691,319,641,529,363,626,530,571,606,192,575,336,606,107,378,273,569,279,376,572,250,756,520,533,264,287,363,277,626,12,370,433,465,529,520,440,46,533,165,117,245,233,493,649,601,626,550,286,349,24,584,736,610,367,572,383,676,280,282,387,705,320,757,502,555,242,542,158,1,625,656,252,93,0,156,464,194,373,208
1070,365,606,609,547,510,403,44,315,393,635,248,765,111,365,468,156,690,694,322,641,531,365,632,532,573,607,191,575,338,610,107,378,277,569,281,374,575,252,759,523,535,264,288,370,279,631,12,372,434,472,530,521,443,48,535,167,119,246,236,499,657,601,624,550,289,350,24,582,738,612,371,575,385,676,283,285,388,707,323,762,501,560,242,542,158,1,630,659,255,95,0,157,466,195,373,213
1071,368,610,611,547,514,405,44,316,393,636,250,765,113,366,470,157,690,700,320,643,532,364,636,536,577,607,193,575,340,613,107,383,280,570,285,377,574,253,762,528,535,266,289,371,282,632,12,371,435,473,533,523,443,48,541,167,119,247,238,497,658,607,628,553,288,353,26,585,734,611,369,578,387,677,282,285,387,709,324,765,509,566,246,543,159,1,633,662,253,98,0,159,465,198,375,213
1072,370,615,614,548,513,407,44,316,397,637,253,762,116,368,471,157,694,700,323,645,535,366,637,539,577,605,195,576,343,613,107,387,279,571,285,376,577,253,761,529,532,265,290,371,283,634,13,372,443,476,531,524,445,47,546,169,119,246,238,502,661,613,629,552,287,357,26,585,737,611,372,580,391,685,283,287,389,710,326,771,513,567,245,544,162,1,638,664,255,98,0,159,467,201,375,215
1073,375,618,622,550,515,407,43,319,396,635,255,760,116,367,472,155,695,704,324,645,536,367,637,539,580,604,196,575,345,618,110,386,279,574,286,380,574,254,764,528,535,266,297,370,283,635,13,371,447,478,533,526,447,47,551,169,120,249,239,508,659,612,630,552,288,356,26,584,739,608,375,580,395,686,287,290,391,714,327,771,516,566,247,548,163,1,639,667,259,98,0,161,471,204,378,216
1074,372,624,625,551,518,410,43,320,402,640,256,764,117,365,477,158,697,708,325,647,538,370,641,539,578,605,197,578,346,618,109,387,280,576,292,383,576,255,770,530,539,265,298,374,287,638,13,371,448,480,536,526,450,47,553,169,121,250,240,511,657,612,631,556,289,359,26,588,741,609,376,585,399,688,288,290,391,715,328,772,519,568,249,549,164,1,642,674,261,99,0,164,474,207,380,221
1075,369,629,625,556,521,414,43,322,402,644,256,764,118,369,482,160,698,712,326,648,538,369,642,538,576,609,199,578,344,619,109,385,282,580,294,385,578,258,774,532,539,266,300,374,287,637,13,372,451,482,538,530,451,47,555,169,122,250,241,510,660,612,634,562,293,361,26,594,741,612,377,589,399,692,292,292,393,721,330,775,519,570,249,553,164,1,647,676,263,99,0,165,477,210,382,223
1076,371,632,624,558,521,415,44,322,405,647,256,768,121,375,483,163,703,710,328,654,541,371,645,538,578,610,199,582,347,619,111,386,282,579,294,390,580,260,773,539,539,270,303,375,288,637,13,378,451,483,540,533,453,48,559,168,121,251,243,509,663,615,641,565,295,362,25,596,743,615,378,594,401,693,295,295,397,718,329,777,522,568,251,556,164,1,651,676,265,100,0,165,481,211,381,226
1077,378,635,624,560,524,414,44,322,404,653,256,771,121,380,481,166,706,710,330,656,545,374,644,543,579,613,201,585,348,620,111,388,283,582,299,386,583,262,777,542,539,269,308,376,290,642,13,381,453,485,543,541,456,48,563,169,122,254,247,509,670,618,641,571,296,364,25,597,744,618,381,599,404,695,297,297,400,722,330,774,528,573,253,560,164,1,654,676,269,100,0,165,486,210,383,226
1078,380,632,624,564,528,416,43,322,406,654,257,774,121,382,485,167,709,713,330,657,544,376,641,541,586,616,202,590,350,622,112,390,286,585,301,388,584,262,779,545,539,270,309,379,288,647,13,383,456,486,545,544,459,48,566,169,122,256,250,514,674,621,641,574,296,366,25,599,749,618,382,602,405,695,302,298,401,725,332,776,530,572,251,564,165,1,652,679,271,101,0,165,485,208,388,227
1079,383,635,623,569,529,419,43,323,409,654,256,777,123,384,488,170,705,715,331,663,544,378,646,540,590,623,202,595,354,622,112,392,287,590,305,395,586,262,779,546,540,272,309,383,288,651,13,383,455,486,546,547,461,48,567,172,122,260,250,517,678,624,640,577,297,369,25,605,747,620,386,603,405,697,304,301,403,730,332,781,530,576,251,564,164,1,653,684,273,101,0,165,484,209,392,228
1080,388,633,628,569,529,420,43,326,411,657,258,782,124,386,487,169,704,716,336,665,547,381,650,541,593,625,202,597,354,622,112,393,289,593,306,398,590,264,776,547,543,272,312,385,292,651,13,384,455,491,551,548,464,49,566,173,123,262,252,521,678,627,642,579,299,372,26,608,748,621,387,607,407,700,305,304,405,733,335,779,529,581,252,567,165,1,651,684,276,101,0,166,485,209,396,231
1081,388,633,626,572,527,420,43,328,411,662,258,779,124,390,488,170,708,718,336,666,549,384,650,544,597,626,202,597,353,622,112,395,289,594,310,403,594,264,774,548,544,273,314,384,293,652,13,387,454,493,554,549,466,49,572,174,122,264,254,522,677,636,645,583,301,373,26,613,744,629,391,611,409,703,307,307,407,736,340,782,532,579,253,568,167,1,653,684,274,104,0,170,486,209,396,232
1082,393,636,629,572,527,423,44,327,413,669,261,778,126,390,490,171,718,720,335,669,553,385,649,545,599,626,204,605,357,622,114,399,290,593,311,403,596,266,780,552,550,276,314,383,297,658,13,386,462,494,559,553,467,48,570,173,122,266,254,525,677,637,647,585,301,375,26,614,741,630,397,615,408,705,312,309,409,741,344,784,533,579,258,572,170,1,652,687,275,104,0,171,485,210,397,233
1083,396,640,632,573,528,426,47,329,413,671,265,776,126,392,493,172,718,725,335,664,556,386,648,546,599,630,205,608,363,625,114,403,292,596,309,403,594,267,784,551,552,279,315,384,298,661,13,389,463,494,562,555,469,49,573,175,121,267,256,527,680,641,648,588,303,377,26,615,742,633,395,620,409,708,313,311,410,742,348,787,533,579,254,574,172,1,656,689,277,104,0,171,490,212,398,234
1084,399,642,634,571,528,428,47,330,415,675,267,780,127,392,497,172,722,727,334,669,555,387,650,550,606,632,204,608,364,627,116,406,292,598,310,403,597,272,783,555,554,281,317,387,297,664,13,390,461,494,565,557,469,48,573,174,122,271,258,529,678,639,654,590,305,381,26,618,743,639,398,623,411,710,314,310,414,742,351,792,535,585,254,576,174,1,659,692,279,107,0,174,488,215,401,236
1085,404,646,641,573,531,433,47,334,416,677,270,782,127,395,499,175,725,726,336,675,558,389,655,549,608,638,202,613,366,632,118,410,296,598,311,404,600,273,784,559,554,285,319,391,297,668,14,394,462,495,568,555,469,48,575,174,121,271,258,533,684,640,655,596,307,381,27,619,746,643,401,627,409,716,316,311,418,745,352,792,535,587,256,580,174,1,659,696,281,108,0,174,492,217,403,240
1086,405,644,645,575,532,438,47,341,417,683,272,787,127,399,502,177,723,730,336,676,559,390,660,551,609,641,202,617,368,633,121,411,296,598,312,406,602,276,782,562,560,287,322,391,298,671,14,397,466,496,567,557,474,48,580,174,122,271,260,531,691,647,654,600,310,381,27,621,747,646,404,632,413,717,323,315,420,748,354,791,541,591,263,588,174,1,666,698,280,108,0,174,498,219,406,242
1087,406,644,648,577,537,441,47,340,424,683,274,791,129,401,502,177,724,731,338,680,561,391,664,551,612,643,202,619,370,635,124,411,298,601,315,407,602,282,780,563,562,292,325,392,299,671,14,404,473,500,572,560,473,47,584,174,123,275,261,536,693,648,660,599,308,384,28,625,750,650,408,633,413,717,325,318,423,745,353,798,543,592,267,589,175,1,667,705,284,110,0,173,501,219,410,243
1088,409,651,647,581,541,443,48,340,425,686,273,790,130,404,506,175,720,730,339,687,561,396,669,553,613,645,202,619,373,641,125,413,300,606,315,410,605,282,783,561,564,297,324,393,300,671,14,405,473,503,573,565,474,48,585,174,124,278,262,539,696,652,663,604,311,387,29,626,750,653,407,636,414,717,331,319,426,740,352,800,548,591,268,592,175,1,669,705,285,111,0,173,499,222,414,246
1089,410,653,651,579,545,443,48,340,428,683,273,794,130,405,509,175,728,729,341,691,561,396,671,554,615,644,202,621,373,642,125,417,303,606,316,412,606,281,786,562,570,298,325,393,300,669,14,404,475,503,579,565,475,50,587,175,127,278,263,541,701,653,669,606,313,392,29,630,752,654,408,636,416,719,332,321,428,745,354,801,554,595,267,596,177,1,671,708,287,110,0,177,499,221,416,248
1090,411,652,656,581,548,444,48,341,428,684,274,795,130,405,507,175,730,732,342,691,564,396,678,559,621,641,205,624,377,640,125,420,302,611,318,415,606,283,784,561,570,300,329,395,301,669,14,404,475,502,583,567,480,50,591,176,127,279,266,541,703,654,668,609,316,394,30,629,751,658,411,639,420,720,333,323,435,749,355,805,552,595,271,598,176,1,674,710,288,113,0,177,500,220,418,250
1091,412,653,656,579,554,448,47,339,435,689,277,799,131,407,509,178,732,732,345,696,567,398,678,559,625,644,207,628,381,641,125,420,303,610,320,415,609,284,789,565,571,302,326,399,305,673,15,408,477,502,584,572,482,50,594,177,128,282,267,541,702,661,669,609,319,395,30,633,752,660,415,638,420,721,336,323,431,752,356,809,556,598,275,602,178,1,675,713,289,112,0,180,506,220,420,251
1092,416,658,657,584,555,451,47,339,437,688,281,800,131,411,510,178,735,729,351,696,567,399,679,561,626,648,209,630,382,646,126,424,306,613,322,416,609,284,789,566,576,306,328,398,304,679,15,408,481,506,586,573,484,51,596,177,129,281,269,544,701,664,671,617,321,394,30,633,754,659,418,639,424,723,334,325,435,754,355,809,558,601,278,601,182,1,674,716,287,113,0,181,511,222,421,252
1093,419,660,659,589,557,451,47,340,438,691,281,802,128,415,514,181,735,736,350,696,571,402,679,560,630,651,209,634,387,646,125,421,310,616,325,422,614,287,792,566,579,308,333,399,304,683,15,410,484,515,587,576,485,52,599,178,130,287,268,544,701,665,672,617,323,395,30,634,758,666,424,639,425,725,336,328,439,758,356,813,560,603,282,607,186,1,677,717,288,115,0,182,513,225,423,254
1094,422,661,662,590,560,454,48,340,438,694,283,803,129,415,519,185,737,741,352,697,574,408,685,562,630,653,210,633,387,647,126,421,315,616,328,426,615,291,793,568,580,309,331,402,307,684,16,411,484,514,587,583,487,53,601,179,129,285,270,548,702,670,672,622,324,398,30,633,755,673,425,642,432,727,340,328,443,759,358,811,560,604,283,608,189,1,679,717,290,116,0,184,514,227,423,257
1095,427,664,663,593,565,456,48,341,442,697,287,805,129,419,520,188,745,741,353,695,578,412,687,567,632,656,213,639,388,650,128,424,317,618,328,428,618,290,799,572,587,310,331,404,310,684,16,415,486,519,592,587,489,54,600,181,130,289,272,549,707,672,679,622,324,403,31,634,760,675,428,643,437,727,344,330,447,762,360,813,559,606,284,610,188,1,680,722,291,117,0,185,521,226,422,257
1096,429,668,670,598,565,459,48,344,445,704,290,804,130,425,524,189,751,743,353,698,580,412,691,568,635,658,213,639,392,657,131,424,317,621,330,428,617,292,802,575,591,311,333,405,312,689,16,419,493,520,594,590,489,55,605,181,129,292,275,552,712,675,686,626,323,401,31,635,765,679,431,646,438,723,347,333,446,761,364,815,558,610,284,607,188,1,682,724,293,118,0,185,524,228,426,259
1097,431,672,670,599,567,463,48,346,445,702,291,804,130,422,528,189,754,745,355,699,582,416,696,570,636,658,214,641,393,659,129,425,318,624,329,429,621,296,804,574,594,311,335,409,313,691,16,420,492,522,598,596,491,55,608,184,130,295,276,553,715,681,686,627,325,406,31,633,761,683,431,648,439,722,347,336,449,758,365,818,557,616,287,610,190,1,686,731,300,117,0,187,529,230,428,262
1098,433,673,673,600,568,471,50,349,446,700,294,804,133,427,536,188,762,746,355,703,590,420,696,571,634,661,221,648,396,660,129,430,319,626,331,432,618,297,808,576,597,312,339,413,311,693,16,423,495,525,602,600,491,55,609,184,130,297,282,553,721,684,692,630,328,408,32,632,765,687,433,648,440,723,347,335,450,757,366,824,557,619,288,611,191,1,691,733,302,118,0,187,534,231,427,263
1099,433,675,676,603,567,472,51,353,447,702,294,802,134,428,538,190,762,749,358,702,590,419,702,572,637,664,222,648,399,662,128,439,322,627,333,433,619,299,812,579,600,316,340,415,315,700,16,430,495,529,606,603,493,55,610,182,130,299,283,555,731,684,694,632,328,412,32,635,764,688,436,653,440,728,350,339,453,760,366,832,560,620,287,615,191,1,693,737,302,120,0,188,534,235,430,264
1100,438,677,678,607,571,473,53,357,449,704,297,805,133,430,538,191,760,749,361,707,586,422,705,574,642,664,222,652,403,663,130,441,327,630,335,434,620,301,817,580,604,318,341,416,315,702,16,430,496,532,606,606,497,56,610,185,131,298,284,556,734,682,697,638,331,412,30,636,769,692,437,655,442,734,352,340,453,764,364,835,567,623,289,616,192,1,697,737,302,120,0,190,535,236,433,266
1101,441,680,679,611,571,473,54,359,452,711,299,808,133,430,538,190,761,753,364,707,591,422,703,574,643,666,221,654,408,670,130,440,331,631,337,438,623,304,816,584,611,320,340,418,317,703,16,430,499,534,608,608,501,57,609,186,132,299,285,564,733,686,699,635,334,415,30,637,773,693,443,660,445,734,356,340,454,764,363,837,570,624,288,616,192,1,699,736,304,121,0,192,534,240,437,265
1102,441,678,682,611,571,475,53,360,455,712,304,815,133,431,541,193,760,753,368,707,595,428,703,579,642,668,226,654,410,673,131,441,333,637,339,438,627,304,816,590,615,323,341,423,321,707,15,431,501,535,611,610,504,56,615,188,135,301,289,568,732,691,701,635,337,416,30,640,774,694,446,660,448,737,357,349,456,764,368,836,574,629,289,619,193,1,701,736,307,119,0,195,535,245,440,266
1103,443,678,681,616,574,477,53,362,455,711,307,817,134,438,545,197,761,752,371,709,599,431,704,582,647,670,228,657,413,674,131,441,332,639,342,439,634,303,818,592,620,324,341,427,323,708,15,431,503,540,613,611,501,56,617,188,136,308,290,566,738,690,705,642,338,420,30,642,774,695,447,660,451,741,361,349,455,765,368,842,576,632,292,620,197,1,702,735,309,120,0,195,537,249,444,269
1104,445,680,682,621,577,477,53,363,458,714,308,818,134,443,548,197,763,753,372,707,601,432,708,582,645,671,229,657,417,673,132,444,331,640,345,441,640,305,821,594,628,325,343,428,328,709,15,431,502,543,618,617,504,57,622,188,138,307,291,571,740,692,710,643,340,421,29,647,782,697,452,664,453,740,361,351,459,767,368,847,577,632,294,627,197,1,701,739,311,122,0,194,539,251,446,271
1105,445,681,683,624,580,478,53,362,464,711,308,825,135,442,548,198,763,755,374,713,602,437,712,583,646,675,231,658,419,673,135,442,331,643,348,442,640,306,819,593,632,327,346,431,330,709,15,431,502,546,619,623,507,57,624,188,137,310,292,571,744,692,710,643,342,423,29,649,781,697,454,666,455,745,363,354,460,770,369,849,581,635,299,630,198,1,702,736,312,121,0,195,541,254,448,272
1106,446,688,685,625,582,482,53,364,466,715,313,829,136,445,549,200,765,752,377,716,606,441,714,585,650,681,232,661,424,674,135,444,334,641,351,442,637,306,816,598,632,329,346,434,333,711,15,432,503,551,621,632,510,57,630,188,140,313,293,569,745,695,713,645,346,427,29,654,784,699,457,666,457,745,367,355,464,770,369,849,585,637,299,634,198,1,706,742,313,122,0,196,543,255,448,276
1107,452,690,687,625,584,483,53,369,469,715,314,832,136,444,552,201,767,752,375,721,609,442,716,588,652,681,234,665,425,679,135,450,335,640,349,440,638,306,819,600,633,332,347,433,334,714,15,441,508,552,624,635,510,58,635,188,142,316,295,575,748,699,714,646,351,430,29,657,785,704,459,667,458,750,370,356,466,769,369,853,588,635,300,635,199,1,706,746,317,121,0,196,545,258,447,277
1108,453,694,685,624,586,482,54,371,471,722,318,834,136,444,553,203,767,751,374,724,615,444,720,589,655,682,233,666,426,680,134,455,335,642,352,442,640,306,824,600,637,335,350,438,335,717,15,443,512,553,626,640,508,59,638,188,143,315,298,578,749,702,721,644,350,434,30,664,783,707,460,670,464,752,371,360,467,770,371,855,589,633,301,639,203,1,709,747,317,121,0,197,548,259,451,277
1109,457,697,688,625,586,487,54,375,473,724,322,836,139,445,554,203,767,751,374,728,622,449,723,589,656,686,234,667,426,681,134,458,334,643,353,444,642,307,826,602,642,338,353,438,336,717,15,450,511,554,628,640,514,58,641,187,143,319,299,577,749,702,720,647,352,441,30,663,785,705,462,674,466,757,374,362,468,773,371,854,593,636,302,645,205,1,711,750,324,120,0,198,549,260,451,278
1110,456,703,689,626,586,494,54,379,477,723,323,833,141,447,554,204,767,752,373,732,622,445,723,588,660,689,233,669,429,683,133,462,336,643,352,443,647,310,829,603,649,340,353,436,338,718,15,453,512,554,629,639,513,57,642,190,142,323,301,578,753,703,720,652,353,442,30,669,785,709,461,679,467,760,378,362,467,777,372,857,597,638,303,650,207,1,713,753,326,122,0,200,551,263,453,280
1111,460,705,691,625,589,495,55,381,480,725,323,836,141,449,560,206,765,752,373,736,627,447,723,593,660,693,237,672,429,684,133,463,337,640,353,447,647,312,829,612,650,343,356,436,341,722,15,453,515,561,631,643,512,56,646,191,144,323,304,581,755,704,725,656,356,440,30,672,789,709,465,682,470,759,382,365,470,776,373,857,597,640,305,649,211,1,714,753,327,123,0,201,552,264,454,286
1112,460,703,690,627,594,502,55,389,483,725,324,837,142,448,563,208,771,754,373,734,628,449,720,594,661,698,240,671,433,690,133,460,339,642,354,449,649,316,835,621,650,345,358,440,341,726,15,456,518,564,636,642,513,56,655,192,145,324,306,582,757,705,734,659,357,446,30,677,794,714,467,682,470,758,382,365,470,778,374,861,598,640,307,652,212,1,717,752,333,124,0,202,555,267,457,288
1113,463,704,695,630,595,506,56,391,487,729,327,837,145,449,567,208,774,752,372,734,631,451,719,594,663,701,239,672,436,694,134,456,341,643,355,451,654,317,834,622,650,345,361,439,345,724,15,462,521,565,638,641,524,58,654,193,146,325,308,584,759,704,737,663,358,447,30,683,798,713,467,682,474,759,384,366,472,779,377,859,600,642,307,652,214,1,717,752,338,127,0,203,558,270,462,288
1114,463,704,697,632,593,512,56,393,488,728,330,838,147,449,570,212,778,758,375,737,632,454,718,594,663,704,239,674,440,698,136,459,344,643,359,453,656,322,835,622,653,347,362,444,346,723,15,464,524,564,641,642,524,59,656,193,147,324,311,585,765,711,741,661,363,447,31,683,807,714,469,684,475,757,386,367,474,780,378,861,603,647,308,655,212,1,715,753,342,127,0,204,563,270,466,294
1115,464,708,702,634,592,513,57,397,491,729,331,842,150,454,573,216,779,759,375,738,636,456,720,593,664,705,243,676,439,701,137,464,345,645,362,456,663,325,833,624,657,348,362,449,349,722,15,471,528,566,642,645,526,59,660,191,145,326,313,585,769,716,744,662,364,452,31,683,809,717,476,684,476,757,387,365,477,783,379,861,607,648,309,656,212,1,716,750,344,128,0,206,568,275,466,297
1116,471,709,707,637,596,519,57,400,488,732,334,842,151,456,578,216,776,760,374,738,639,461,727,592,668,710,247,682,439,702,137,466,345,648,361,460,666,326,834,622,654,349,364,449,353,727,15,472,526,567,644,648,528,60,661,193,147,324,317,584,774,720,747,668,368,454,31,689,813,718,476,684,478,760,390,367,477,787,383,861,613,647,309,658,213,1,721,754,347,131,0,207,571,278,468,302
1117,473,711,714,637,602,523,56,403,491,737,337,842,152,462,580,217,775,763,378,740,638,462,728,593,669,720,251,683,441,707,138,468,345,647,364,462,670,328,837,626,654,348,370,450,354,730,15,474,531,571,649,649,530,61,667,192,148,327,320,587,775,717,752,672,372,459,31,693,818,720,477,686,477,764,393,371,480,789,385,861,614,645,312,659,212,1,727,758,350,132,0,209,576,280,470,304
1118,476,716,717,638,605,524,57,404,493,742,339,840,155,464,585,219,777,763,377,746,640,469,728,599,670,727,254,681,442,711,138,474,346,649,366,465,676,329,838,630,653,350,370,452,358,733,16,477,530,574,650,647,532,61,669,191,151,332,320,589,775,720,755,672,376,464,31,695,818,722,476,689,473,765,395,373,485,792,389,866,614,644,313,658,214,1,728,764,353,134,0,210,573,282,474,307
1119,479,718,714,645,606,526,57,406,494,741,342,845,156,464,584,221,778,765,378,751,639,472,731,601,673,727,254,681,445,710,138,476,347,652,366,471,681,331,843,629,654,351,373,453,360,734,16,479,531,576,652,651,534,61,670,191,153,334,323,593,772,720,761,674,377,465,30,697,821,723,478,692,476,764,397,376,486,792,388,868,621,648,315,662,215,1,727,768,355,136,0,213,578,282,479,308
1120,483,721,712,646,610,528,58,410,496,742,342,851,157,467,585,226,778,768,381,750,647,473,733,602,672,726,251,685,451,713,138,480,349,654,370,473,687,333,846,633,656,350,371,452,361,736,16,478,531,578,650,654,539,61,672,193,154,335,326,596,775,723,763,677,376,467,30,699,823,722,479,693,478,766,400,379,485,797,389,873,622,658,320,669,216,1,732,769,361,139,0,214,580,283,480,311
1121,484,725,711,648,614,531,57,417,499,742,341,852,158,470,587,228,783,770,384,751,648,477,734,604,674,724,253,688,456,717,138,481,350,654,372,477,689,335,850,633,661,351,378,453,363,738,16,478,532,581,653,660,543,61,676,195,157,338,328,600,778,725,767,678,377,470,30,702,827,722,482,695,483,770,401,383,487,801,391,875,626,654,322,671,217,1,733,770,362,139,0,215,586,284,482,314
1122,487,726,709,649,620,532,58,417,503,742,343,859,160,479,594,231,781,768,388,752,652,479,735,607,676,725,254,688,456,722,139,484,356,659,377,480,686,335,849,639,661,352,378,456,364,742,16,478,537,585,655,662,547,61,678,196,160,342,331,605,777,724,771,679,377,475,29,698,831,723,485,698,483,776,402,386,485,809,391,879,630,655,322,672,218,1,733,770,365,142,0,215,591,282,491,315
1123,492,728,711,650,623,536,60,421,505,745,343,859,162,482,597,233,781,765,390,751,657,483,734,608,676,729,257,690,459,724,142,489,356,659,378,489,689,337,850,641,666,354,382,461,366,742,16,482,547,588,660,664,550,61,680,198,163,345,331,606,782,726,774,679,381,473,29,702,829,723,489,700,487,775,403,390,488,812,392,883,630,659,324,677,219,1,735,774,366,142,0,218,595,286,493,315
1124,497,735,712,655,625,540,60,423,507,749,347,860,164,484,601,237,786,766,392,755,665,487,735,611,677,730,259,693,460,728,143,492,360,660,382,489,692,337,852,653,668,358,386,465,371,744,16,487,554,589,662,666,551,62,682,203,163,344,331,607,786,730,783,682,385,473,29,702,832,733,490,700,490,777,404,391,492,818,393,886,636,659,325,680,220,1,740,774,369,142,0,217,600,285,500,315
1125,499,740,716,661,626,542,60,430,512,748,348,862,166,485,603,241,792,767,395,758,665,489,739,615,680,727,259,694,461,734,145,494,363,663,384,492,695,338,856,650,669,361,386,464,375,744,16,491,555,589,663,672,548,62,687,204,164,345,334,608,794,730,783,688,387,476,29,705,832,734,492,703,493,780,408,392,495,817,394,889,637,671,323,684,222,1,742,774,371,142,0,220,598,288,507,316
1126,502,741,722,662,627,542,60,430,512,745,353,865,166,486,605,244,798,770,398,759,666,491,743,618,683,728,262,694,464,736,147,498,365,667,385,499,697,341,859,651,671,360,388,469,378,748,16,493,560,595,667,676,550,63,690,205,167,346,335,610,792,735,789,695,389,479,29,708,832,738,497,705,491,788,407,395,495,819,395,890,643,671,322,687,224,1,742,776,375,144,0,220,599,288,505,317
1127,502,740,727,663,633,547,60,428,514,746,357,867,166,489,609,245,802,770,400,761,668,494,751,622,684,729,265,695,469,739,149,504,365,668,389,501,701,341,861,655,673,360,388,470,379,748,17,496,558,598,670,679,552,63,691,206,168,351,338,618,795,738,792,695,392,481,30,709,835,741,502,707,496,792,411,397,497,818,395,897,646,676,328,685,228,1,743,776,378,147,0,222,600,293,506,322
1128,503,741,730,668,633,550,61,432,514,744,361,873,169,493,610,248,805,770,403,763,666,496,754,626,686,729,265,700,470,738,152,507,365,672,390,503,699,343,859,659,678,362,390,471,383,747,17,500,561,603,671,683,558,64,691,205,167,353,339,619,799,738,795,701,396,485,30,712,838,745,508,715,502,788,413,401,502,818,400,899,649,677,338,685,228,1,748,777,378,148,0,223,607,293,512,324
1129,505,741,732,670,636,557,61,433,515,748,362,874,173,493,612,245,810,775,406,766,667,499,757,628,689,730,266,707,468,740,154,512,369,672,390,505,698,348,863,660,678,364,391,472,382,750,17,503,564,606,679,686,565,63,686,205,169,355,347,619,800,744,803,700,400,489,30,714,842,743,508,717,504,787,413,408,503,820,402,904,650,682,338,689,228,1,753,780,378,150,0,224,612,294,513,326
1130,509,744,733,675,638,559,63,435,517,748,364,873,174,495,618,247,811,774,406,767,666,503,757,630,693,732,270,706,474,742,154,514,371,674,395,507,702,350,868,657,681,367,395,474,381,755,17,504,566,608,678,687,570,63,689,205,171,356,349,623,805,744,806,702,403,491,30,719,841,749,514,718,507,784,415,407,504,824,405,907,655,683,341,688,228,1,754,776,382,153,0,225,616,295,516,325
1131,511,745,734,678,644,564,63,433,519,750,360,874,172,495,618,251,810,776,407,769,675,505,763,632,693,733,270,708,480,740,154,515,371,679,397,509,706,351,872,664,684,369,396,478,387,760,17,506,572,612,681,690,577,64,692,203,173,356,351,626,808,743,805,702,407,490,31,726,837,751,517,719,506,786,418,406,507,826,407,914,655,687,343,686,232,1,762,775,387,157,0,227,612,296,517,330
1132,517,744,739,676,655,568,63,436,520,752,359,879,172,496,619,252,810,777,408,774,677,507,763,635,691,737,270,711,481,738,158,520,373,684,400,511,709,353,875,666,688,376,398,479,390,763,17,510,572,614,680,690,580,64,691,204,176,358,353,626,810,745,805,702,408,492,31,727,838,750,522,721,509,786,420,409,511,833,409,919,655,691,345,689,234,1,767,776,388,157,0,229,620,298,519,332
1133,518,748,741,680,665,573,62,436,522,754,362,883,172,495,623,254,808,780,408,774,676,508,768,635,694,737,270,714,482,740,159,521,374,687,399,517,710,356,878,668,693,377,403,479,389,766,17,515,574,616,682,696,582,66,689,204,180,362,357,631,807,744,808,704,408,496,31,729,840,751,528,722,512,785,422,409,514,832,413,920,656,695,347,687,236,1,766,780,391,157,0,229,626,299,521,334
1134,519,751,742,683,667,577,62,436,527,754,361,886,170,496,625,255,807,782,410,773,681,512,768,640,700,738,272,718,482,746,161,521,376,689,405,517,717,359,872,672,695,378,403,481,390,772,17,516,575,619,686,698,582,67,691,204,182,365,361,636,811,746,811,706,409,497,30,733,840,750,529,724,511,785,424,412,517,834,416,925,661,698,347,686,237,1,767,782,392,158,0,230,627,303,521,335
1135,518,755,744,682,668,581,61,439,528,759,362,889,171,497,630,258,807,783,413,777,679,518,774,641,703,740,273,718,482,748,163,521,379,693,405,525,723,360,873,677,700,380,405,482,388,773,17,516,577,619,693,698,585,67,695,204,183,368,364,645,809,745,812,711,412,502,31,740,838,755,535,724,515,788,426,414,518,832,420,924,661,703,350,688,239,1,771,782,397,159,0,232,630,303,523,338
1136,522,759,744,686,666,582,61,440,535,760,364,894,171,496,630,258,806,785,416,777,685,525,773,641,705,745,272,721,481,753,165,523,381,696,407,526,727,365,877,685,701,383,410,484,393,773,17,523,575,619,696,697,587,67,697,205,184,373,364,648,815,746,814,714,414,507,31,744,838,760,538,729,517,792,426,418,519,834,423,929,660,704,352,691,242,1,774,784,399,159,0,231,632,303,529,342
1137,521,767,747,689,670,584,61,442,540,764,366,898,173,497,636,257,810,789,421,780,687,526,777,642,706,747,275,726,482,755,166,527,385,701,410,530,728,372,881,688,705,385,415,488,392,774,17,529,579,621,699,700,592,67,696,202,185,374,368,653,822,749,816,718,416,513,31,748,843,765,542,733,522,797,429,421,521,837,422,931,665,707,352,693,243,1,775,787,399,161,0,230,637,309,530,349
1138,522,772,750,692,670,582,61,445,545,769,367,898,174,501,639,256,813,789,424,780,693,528,780,645,707,749,276,731,481,757,166,528,385,703,413,533,725,373,883,693,707,388,416,493,394,775,17,531,578,624,702,703,599,67,702,204,187,380,369,656,825,753,822,722,417,516,31,754,845,768,542,737,525,800,433,424,526,835,426,930,669,710,353,695,243,1,777,795,398,164,0,233,642,309,533,349
1139,527,778,752,698,673,585,63,448,546,770,369,899,178,506,641,260,812,787,428,784,693,527,780,646,709,751,278,735,488,762,169,529,387,703,417,535,728,376,884,692,710,390,417,493,397,782,17,533,581,625,707,703,604,68,702,206,189,380,374,657,823,759,826,724,416,514,31,757,850,768,544,741,526,802,434,429,527,837,429,937,669,711,356,698,245,1,782,797,401,165,0,235,644,312,534,353
1140,529,782,762,700,676,587,64,450,547,777,373,902,182,510,641,258,812,787,425,785,695,529,784,651,713,752,280,736,493,762,168,529,394,705,420,536,729,375,888,697,708,392,422,495,398,783,17,534,583,626,709,704,607,70,706,205,190,382,375,658,825,761,830,722,414,520,31,757,848,766,544,747,528,801,434,434,527,836,431,937,672,710,354,700,245,1,785,798,401,168,0,239,646,316,534,353
1141,534,782,766,701,678,590,64,452,549,774,376,907,184,515,643,261,814,783,429,792,696,536,785,655,714,753,283,735,499,765,171,530,397,706,421,535,730,375,891,700,710,393,426,495,400,786,17,539,584,629,708,706,610,70,710,206,192,384,378,663,822,768,834,720,416,517,31,755,847,773,546,751,532,808,435,434,530,838,431,936,674,713,357,704,249,1,789,796,403,168,0,238,650,317,535,352
1142,537,780,771,703,680,589,64,458,554,774,380,910,187,519,647,263,817,783,431,792,700,537,791,657,716,757,283,736,497,764,171,531,397,708,422,537,733,372,892,701,714,393,429,499,403,789,17,541,585,632,708,706,617,70,717,207,192,384,384,668,824,771,834,722,416,519,31,760,844,776,547,753,536,810,438,438,531,839,432,931,678,717,359,708,251,1,791,798,402,169,0,242,650,317,540,353
1143,540,784,776,707,682,594,64,464,558,774,383,911,188,524,651,264,819,785,431,796,700,542,790,662,718,763,288,741,500,764,170,537,400,713,426,540,735,375,889,702,716,396,430,503,406,796,17,548,585,635,711,711,618,72,718,209,195,384,386,669,828,770,834,727,416,518,33,762,844,778,553,753,540,816,443,441,534,840,438,936,682,719,361,712,252,1,796,796,401,168,0,244,653,320,541,352
1144,544,788,779,706,684,594,64,467,561,780,389,912,188,524,655,266,817,784,431,800,702,548,788,668,721,770,290,744,499,762,171,537,402,715,433,541,735,375,887,707,722,402,437,504,408,803,17,550,587,642,712,711,618,73,723,210,195,390,388,673,824,775,837,731,419,523,33,765,847,780,554,755,544,816,448,446,537,843,444,936,684,722,363,713,254,1,797,795,403,173,0,247,654,324,542,350
1145,548,791,784,707,685,597,65,472,561,785,391,911,189,526,658,268,815,785,438,804,705,549,790,668,720,773,290,743,502,767,171,542,405,715,434,549,742,378,891,709,723,403,442,506,407,801,17,550,587,642,716,714,621,73,726,209,195,395,390,676,831,776,840,736,419,527,33,772,848,783,553,756,546,816,451,453,540,840,445,934,686,725,368,713,253,1,801,799,404,173,0,248,656,331,545,355
1146,552,793,783,710,689,598,66,475,564,790,395,921,190,532,658,271,821,786,438,801,707,550,794,674,721,772,291,744,504,771,171,549,406,718,436,549,746,384,893,713,724,405,449,510,407,801,17,550,592,646,717,715,623,74,731,213,200,398,391,679,836,777,843,736,420,528,33,778,848,782,556,759,547,817,452,456,546,838,446,935,687,729,374,719,255,1,807,796,410,174,0,248,661,332,544,356
1147,557,790,783,712,691,599,66,477,564,795,399,921,190,535,659,272,822,792,438,803,707,556,795,676,723,771,294,745,509,776,172,552,408,720,436,547,750,383,894,711,727,409,451,510,409,802,17,553,594,650,719,717,627,74,731,214,202,399,397,683,837,784,845,742,425,527,33,778,850,787,562,760,550,815,455,457,549,835,448,937,687,730,377,724,257,1,809,798,410,176,0,249,666,333,544,361
1148,560,795,785,715,692,601,66,482,563,796,400,922,191,540,663,275,825,791,441,807,708,562,795,679,722,774,296,747,512,777,172,554,411,722,437,555,756,385,893,713,734,410,452,508,411,802,17,554,597,652,722,721,631,75,737,213,203,404,401,688,839,785,844,749,428,526,33,783,850,788,562,765,550,815,457,458,553,841,448,936,688,738,379,724,261,1,810,800,412,177,0,250,669,334,542,357
1149,560,801,788,715,694,604,66,484,566,795,402,923,194,541,665,277,830,792,442,805,710,566,798,682,726,775,296,748,512,782,172,556,411,724,438,557,756,387,893,715,735,411,454,511,410,808,17,554,597,655,727,721,635,75,741,215,207,405,401,688,842,791,842,753,428,528,35,787,853,788,566,767,550,815,458,458,553,839,448,941,688,743,383,728,263,1,813,804,412,182,0,251,669,335,545,359
1150,564,801,793,721,695,606,67,484,567,796,406,923,196,544,670,281,834,793,442,808,715,568,800,689,733,779,297,750,510,789,172,556,417,727,441,562,758,391,897,715,736,411,456,513,411,812,17,559,603,659,730,721,633,74,743,216,209,408,402,690,842,796,845,751,433,531,35,786,853,785,572,769,554,816,458,461,555,841,449,944,696,746,385,725,270,1,818,807,419,182,0,255,672,340,547,363
1151,564,800,793,730,697,607,70,485,567,802,416,920,196,549,674,283,838,794,448,804,719,571,805,691,728,783,297,749,511,791,174,558,419,725,438,561,759,393,904,718,739,412,456,518,414,816,17,564,607,659,733,724,634,74,745,219,210,411,404,693,844,798,845,755,433,532,35,789,853,790,573,769,560,816,459,466,557,845,453,942,696,752,388,728,271,1,817,812,421,186,0,258,680,344,551,364
1152,566,804,793,731,701,608,69,489,575,805,418,920,197,550,676,285,845,796,451,809,718,576,807,689,734,780,299,751,518,790,173,561,426,725,440,560,759,390,905,717,743,412,460,521,414,817,18,570,609,664,733,723,635,74,747,220,212,412,406,696,843,799,849,758,437,531,36,793,849,796,573,769,563,818,457,468,557,847,454,943,696,756,389,729,273,1,818,812,424,188,0,259,680,345,552,365
1153,574,806,797,732,702,613,71,496,577,808,423,923,198,555,678,286,846,796,451,816,717,579,813,692,738,780,299,749,527,791,173,563,429,723,442,563,762,389,906,722,743,414,465,528,419,820,17,575,609,667,731,726,639,75,753,221,213,418,409,696,844,799,853,762,442,534,37,794,848,798,576,769,569,821,459,472,559,849,457,943,699,754,393,729,272,1,820,812,426,190,0,259,681,347,552,367
1154,580,805,797,735,707,615,71,499,582,813,422,926,200,559,679,287,849,796,454,817,720,579,818,696,737,780,301,750,530,793,174,566,431,726,442,567,765,392,906,725,745,418,470,527,422,827,17,579,611,666,732,725,645,75,758,223,215,421,413,696,846,803,856,762,447,535,38,799,849,797,576,774,565,821,465,472,562,856,459,941,703,758,396,732,273,1,824,817,430,192,0,260,688,351,556,370
1155,583,807,802,739,709,612,72,500,582,814,423,931,206,564,680,289,850,802,459,820,722,588,821,696,739,781,304,748,532,797,174,572,437,727,444,568,767,395,911,728,751,420,477,533,423,828,17,583,611,667,734,729,647,76,759,223,217,421,417,702,851,805,857,760,451,538,38,798,849,799,578,776,564,824,465,473,563,857,465,943,703,762,397,733,276,1,827,819,431,193,0,265,694,352,556,372
1156,588,806,805,739,705,610,73,501,584,815,427,928,207,568,684,292,858,799,462,818,726,591,826,700,737,786,305,751,534,806,174,578,436,730,444,572,771,398,908,726,753,424,479,538,426,832,17,587,613,668,738,734,652,77,758,224,219,421,420,711,851,813,861,761,453,544,38,801,845,803,582,781,571,828,463,473,561,859,466,941,706,765,401,738,279,1,836,822,433,195,0,268,698,352,558,373
1157,591,810,806,741,708,610,72,502,586,824,428,930,208,575,687,293,864,798,465,821,726,594,828,696,740,788,308,755,538,809,175,580,439,731,441,576,776,401,910,729,755,427,483,540,424,833,18,587,614,672,737,740,653,78,763,225,219,421,421,715,853,817,862,761,455,545,38,804,845,804,587,785,573,830,462,477,570,859,466,942,710,769,405,742,280,1,838,824,436,194,0,269,704,354,563,378
1158,588,809,809,746,707,613,72,502,586,827,429,929,211,577,694,293,869,799,468,826,731,596,831,697,740,787,307,753,539,809,178,583,441,737,445,582,779,405,914,728,755,428,488,540,423,837,18,593,615,677,737,743,658,81,765,227,220,422,422,719,853,820,864,764,461,546,38,811,847,803,590,789,577,833,467,477,572,860,469,940,713,774,407,746,281,1,844,825,441,195,0,271,707,358,565,379
1159,592,809,814,743,709,616,74,509,587,827,431,932,212,579,690,296,869,800,471,825,734,598,831,699,743,790,313,754,546,814,180,587,445,739,447,586,779,409,919,728,755,426,489,545,426,840,18,595,620,677,739,746,660,82,766,230,221,424,422,723,853,823,861,764,466,553,38,815,850,807,592,792,581,837,469,482,577,865,474,943,718,780,412,750,281,1,846,829,446,197,0,274,709,359,569,380
1160,591,817,816,742,711,617,75,512,590,826,431,931,215,586,689,297,870,803,473,825,735,601,837,705,747,793,314,754,550,815,183,589,451,736,450,587,781,412,921,731,754,429,497,542,429,840,18,598,622,682,742,748,663,82,769,231,224,426,426,727,857,822,860,771,465,557,37,819,852,807,595,792,583,839,474,482,575,862,473,946,718,783,417,758,286,1,854,834,448,201,0,276,710,360,571,382
1161,595,818,819,744,711,619,76,512,593,827,431,932,218,588,695,299,877,802,478,828,738,604,837,711,749,795,318,756,551,819,183,593,451,737,454,589,784,412,921,736,758,430,501,546,432,842,18,601,624,684,746,754,663,83,770,231,223,426,428,731,865,827,862,769,468,563,38,820,851,811,602,796,583,840,475,484,577,859,477,951,719,788,420,760,288,1,860,837,451,201,0,274,711,363,577,383
1162,601,821,824,743,716,619,76,514,596,830,430,935,221,592,697,299,880,805,478,832,739,609,837,712,747,798,320,758,552,818,184,594,457,743,458,596,788,415,923,741,760,433,505,551,434,845,18,604,627,686,747,757,666,83,774,231,222,428,432,731,869,837,864,774,469,562,38,824,853,811,607,798,590,841,479,486,584,859,477,954,722,790,421,763,288,1,862,836,450,201,0,276,708,365,576,387
1163,601,824,827,745,717,623,76,517,597,831,434,939,221,597,701,301,882,805,480,831,738,607,839,711,759,800,320,758,554,821,184,598,460,745,460,597,793,415,924,742,764,437,510,554,435,848,18,607,628,691,749,758,670,83,778,231,222,431,433,731,871,838,867,776,472,566,38,829,854,811,609,801,591,843,479,486,584,859,479,949,727,792,424,761,289,1,861,839,453,202,0,277,710,369,580,391
1164,601,826,830,750,722,627,77,519,600,833,435,941,222,600,707,301,885,809,482,829,741,607,849,713,763,804,325,761,555,824,185,600,464,746,464,600,793,416,922,744,764,442,512,559,435,854,17,609,626,693,753,762,671,83,779,233,223,432,438,732,873,839,868,783,477,570,38,832,857,811,616,801,591,846,483,493,584,861,479,950,730,799,428,762,293,1,862,840,454,206,0,280,712,373,583,393
1165,604,831,834,757,721,631,77,520,602,835,438,946,223,606,709,304,889,809,484,833,743,608,851,718,763,805,330,763,560,825,185,600,470,748,469,601,794,419,924,747,765,443,517,562,439,860,17,614,628,695,760,764,674,84,779,232,224,434,442,733,875,843,873,791,484,576,38,838,864,809,617,809,592,849,483,494,581,863,484,954,729,805,431,760,295,1,866,842,458,205,0,282,713,377,589,395
1166,604,832,836,759,725,631,77,522,603,835,442,948,225,611,712,307,894,813,484,836,745,612,852,713,770,810,331,765,563,828,186,603,471,750,471,603,795,420,926,750,769,446,520,564,442,863,17,615,626,695,763,766,673,83,783,235,224,440,441,737,873,845,872,793,486,578,39,838,866,810,617,813,600,849,487,496,587,863,487,958,731,813,434,759,298,1,871,845,460,206,0,283,715,376,590,398
1167,612,832,836,762,727,631,78,529,607,837,443,950,228,613,717,309,892,812,489,836,752,613,851,713,770,814,331,767,564,828,188,606,473,750,474,606,797,420,924,750,772,445,528,564,444,864,17,614,626,699,770,767,674,84,791,235,227,443,444,739,872,845,872,799,490,582,39,839,867,812,616,815,602,851,488,497,589,867,488,961,731,817,434,758,301,1,873,848,469,209,0,285,719,378,595,398
1168,616,834,837,764,731,634,77,534,608,840,451,953,232,612,718,314,892,820,489,838,755,623,851,715,771,818,331,775,568,824,191,607,474,749,477,614,800,424,921,755,771,445,531,568,444,866,17,619,628,700,771,767,677,83,794,235,228,445,445,741,874,845,875,801,492,585,39,849,869,815,624,818,605,854,490,504,593,863,485,965,734,817,433,762,306,1,870,852,469,214,0,287,722,382,598,403
1169,617,837,841,766,736,633,78,539,611,839,455,951,233,616,723,315,897,823,495,840,762,625,852,718,775,819,337,779,574,827,194,611,474,748,480,617,798,426,921,760,773,446,539,572,446,872,17,626,635,698,775,769,680,83,793,236,228,445,447,745,878,850,875,801,493,589,39,853,871,816,631,823,607,855,492,506,593,861,487,964,738,820,437,765,310,1,870,854,471,214,0,287,721,385,602,403
1170,619,841,842,768,737,636,78,541,618,843,457,950,235,617,727,318,904,826,497,842,766,631,852,717,774,818,342,782,583,829,197,615,478,751,482,622,798,428,924,760,775,447,542,574,445,877,17,626,638,700,779,777,682,84,794,235,230,448,450,748,879,849,879,805,497,589,39,855,874,819,633,828,606,865,496,507,593,861,491,963,745,821,437,765,313,1,874,856,475,215,0,291,724,388,601,403
1171,618,843,843,770,745,637,79,547,624,847,458,952,237,624,727,322,903,829,500,842,765,636,856,719,773,821,345,781,585,829,198,620,478,753,487,624,801,429,925,766,776,450,546,580,446,880,17,626,642,700,782,785,685,85,798,239,230,448,453,747,877,850,880,807,496,597,39,857,876,817,638,827,607,867,501,509,595,864,491,966,751,824,441,766,310,1,876,851,478,218,0,289,725,390,600,406
1172,617,845,845,775,743,638,79,555,625,849,461,953,238,629,729,323,902,832,505,845,765,640,860,720,775,822,350,782,586,829,198,624,479,754,491,625,800,433,924,766,784,456,551,581,448,887,17,626,645,701,784,786,688,86,802,244,231,449,451,749,874,854,880,813,497,601,39,862,876,823,643,832,610,873,503,509,596,863,491,969,753,832,442,766,312,1,878,850,478,221,0,293,731,394,601,408
1173,618,851,848,778,743,642,79,555,626,849,465,955,238,631,732,328,904,834,503,849,764,642,865,723,778,820,351,783,588,831,199,624,477,754,497,628,804,435,923,771,787,458,556,583,446,886,17,630,646,705,787,786,693,88,804,245,235,451,455,749,873,857,876,815,499,601,39,867,874,830,645,837,613,873,505,514,597,864,498,977,752,836,441,767,315,1,878,852,478,224,0,292,733,398,603,409
1174,619,851,845,780,747,644,80,558,626,852,468,957,239,633,732,329,907,834,508,856,761,642,865,725,779,826,357,784,585,834,201,629,475,756,500,638,804,435,928,772,789,460,555,587,443,886,17,635,646,710,790,789,697,88,809,246,237,452,458,751,872,859,881,819,504,600,42,868,877,833,647,840,610,872,508,521,598,863,497,978,755,842,446,771,316,1,878,857,479,223,0,298,735,398,603,409
1175,621,850,854,782,749,646,80,561,626,853,470,959,239,633,734,331,907,837,509,851,769,644,867,726,787,829,359,785,586,839,200,632,474,757,504,641,802,437,927,777,790,463,559,589,448,889,17,636,647,710,795,792,700,89,813,248,239,457,460,751,873,862,883,819,507,601,42,870,880,836,649,842,617,873,511,521,600,865,501,980,759,841,450,772,316,1,877,858,482,228,0,299,736,399,603,414
1176,624,849,861,783,750,647,82,563,622,852,474,961,239,637,737,333,909,843,507,857,773,646,867,729,786,833,362,787,591,840,201,636,476,759,508,646,804,440,929,781,791,464,564,594,454,895,17,637,650,712,798,795,705,91,814,246,240,456,461,752,874,862,881,820,509,603,43,870,882,834,653,846,622,875,516,522,603,866,501,979,762,843,453,776,318,1,883,858,486,228,0,301,736,399,602,418
1177,623,853,862,784,751,652,82,563,623,855,476,962,240,637,740,341,909,846,513,855,777,651,870,731,784,838,364,793,593,840,203,640,482,758,515,655,809,442,931,781,794,470,566,596,455,898,17,639,651,716,803,800,709,92,814,247,240,459,463,753,871,863,883,824,513,605,42,873,881,838,655,850,623,880,518,526,606,866,508,988,765,847,456,778,321,1,887,859,487,229,0,302,741,399,607,420
1178,622,854,863,788,754,656,82,566,631,854,481,966,240,639,745,342,914,843,516,854,779,652,871,734,790,840,365,795,600,844,205,646,487,764,518,657,814,443,932,783,794,475,569,599,455,898,17,643,659,715,805,800,712,94,816,248,238,463,467,752,876,865,887,825,515,609,42,879,880,842,656,854,628,881,522,529,609,864,509,990,764,848,459,782,326,1,890,861,488,229,0,305,739,403,606,421
1179,625,856,864,797,755,658,84,568,635,856,488,966,241,644,750,342,916,845,520,855,780,649,873,739,794,841,367,797,603,847,206,649,491,764,519,670,816,444,935,782,797,479,573,603,452,897,17,644,661,722,805,807,712,94,819,251,240,464,469,762,881,866,889,829,520,613,42,880,885,844,660,855,633,880,525,532,611,864,510,993,766,856,460,784,327,1,887,867,490,229,0,306,741,407,610,425
1180,626,860,868,798,758,660,86,570,637,857,493,967,242,647,753,344,918,844,519,860,784,654,879,739,790,843,372,799,605,853,209,655,497,770,523,672,821,443,937,785,797,482,574,611,457,902,17,649,662,724,806,803,716,94,825,251,240,465,472,759,882,868,891,830,525,615,42,881,886,844,664,854,639,882,525,529,615,868,513,990,770,861,462,787,327,1,887,872,493,230,0,305,748,409,606,430
1181,631,859,866,803,759,663,88,574,641,858,494,967,242,651,755,344,921,847,518,860,784,654,881,738,788,847,376,805,604,855,209,658,499,772,525,677,825,445,941,788,798,481,575,611,463,903,17,657,665,727,808,805,717,94,826,253,242,469,477,760,882,871,892,833,528,617,42,884,888,846,665,861,641,889,530,533,615,869,517,990,772,860,463,785,328,1,888,874,496,232,0,307,746,408,608,430
1182,631,862,870,801,762,662,88,573,643,861,495,969,245,652,756,345,926,848,522,862,789,656,884,743,787,847,378,806,605,859,215,662,501,775,528,681,826,449,944,788,798,483,575,614,464,908,17,661,674,731,809,807,717,96,831,255,244,470,480,766,880,872,898,839,530,623,42,891,891,850,666,867,643,891,533,538,621,866,518,990,773,870,464,782,330,1,885,875,502,234,0,310,746,406,608,430
1183,632,867,871,803,762,666,90,578,644,857,497,966,246,656,754,346,924,846,526,864,792,660,885,750,791,846,376,805,609,860,216,663,503,783,533,684,830,455,947,792,799,487,582,620,468,917,17,667,674,735,811,812,723,97,833,257,245,475,479,771,888,875,903,840,531,625,42,893,894,848,669,869,645,900,530,539,624,865,518,991,776,875,464,784,335,1,888,876,505,237,0,309,752,411,611,430
1184,637,871,872,807,761,667,91,576,644,860,499,967,247,660,760,349,924,849,526,871,800,664,882,752,793,851,376,811,612,862,217,668,503,780,535,686,832,460,950,791,803,490,584,621,468,921,17,672,676,738,816,813,725,97,836,260,246,480,482,771,887,877,904,842,534,631,44,891,897,851,670,871,649,907,535,542,630,869,516,994,780,876,466,782,333,1,888,881,507,239,0,310,756,413,613,432
1185,642,873,879,807,762,672,92,580,646,865,501,965,246,663,760,350,929,855,529,871,806,666,889,758,794,854,380,813,609,867,219,671,506,779,539,690,832,462,949,792,803,489,590,630,469,924,16,673,678,742,814,818,726,98,841,261,249,490,481,775,888,877,904,840,539,633,44,894,897,856,671,873,653,909,536,539,631,867,522,998,782,876,467,786,336,1,887,882,511,242,0,313,760,417,615,432
1186,643,878,881,811,764,673,92,585,648,869,502,968,249,662,766,353,927,859,529,875,811,669,888,762,797,858,380,818,610,873,222,674,508,779,540,691,836,465,953,796,807,490,590,634,472,927,16,678,683,741,819,826,728,99,845,260,250,492,483,778,889,879,905,843,540,634,44,898,899,854,675,868,655,908,540,544,636,868,527,994,782,881,471,789,338,1,888,883,515,243,0,316,764,421,618,435
1187,648,880,881,816,766,679,92,588,651,871,507,972,248,665,773,355,928,863,533,875,814,673,894,765,800,858,382,821,610,875,224,676,510,778,548,692,841,469,956,800,812,493,592,639,473,936,16,681,684,745,820,830,732,99,851,261,252,495,485,786,892,874,907,844,542,637,44,901,903,854,677,872,658,906,543,545,637,869,531,997,783,886,472,790,342,1,896,885,522,246,0,317,770,424,623,440
1188,649,879,881,815,769,680,91,592,656,872,509,978,250,668,778,359,930,864,538,878,811,676,898,768,804,858,386,821,615,879,225,676,516,784,546,692,847,471,955,802,817,496,591,639,476,935,16,685,684,744,820,835,734,99,855,261,253,500,485,796,891,872,911,846,547,642,44,902,903,864,682,870,661,905,545,547,635,869,531,1002,786,885,473,793,348,1,897,886,524,249,0,318,772,428,626,442
1189,652,882,882,819,772,686,93,593,659,876,513,980,251,672,784,363,930,863,540,883,816,679,904,772,807,855,391,824,617,878,227,680,515,783,546,694,850,475,957,804,819,505,593,643,480,935,16,688,679,745,820,836,734,99,857,260,252,503,487,801,894,877,913,849,550,643,44,903,903,865,684,872,663,912,548,552,638,869,536,1003,788,885,475,795,353,1,901,884,528,251,0,318,774,432,627,449
1190,654,884,882,818,775,691,92,591,660,878,517,980,253,676,788,367,929,864,542,885,826,686,906,773,812,853,392,824,620,880,231,685,516,785,545,699,847,476,958,803,822,505,596,645,487,936,16,690,682,749,824,843,735,100,859,262,258,506,489,800,892,875,913,852,551,645,43,907,900,864,685,872,662,913,548,554,642,872,536,1001,790,886,481,795,356,1,897,887,528,254,0,319,781,432,631,450
1191,661,886,879,821,786,696,93,588,664,879,520,977,253,678,790,371,934,863,547,891,832,689,909,774,815,856,394,824,625,878,232,686,522,785,549,705,853,477,959,806,824,505,597,646,487,934,14,690,686,751,822,845,741,101,866,262,258,511,493,798,895,874,919,857,552,652,42,910,906,863,688,873,664,913,550,554,648,872,542,997,794,889,483,798,358,1,898,888,532,255,0,322,784,435,634,450
1192,661,891,876,822,790,698,94,591,663,879,521,981,254,681,795,372,937,868,554,891,833,688,907,779,815,854,399,825,626,880,232,690,525,791,555,709,865,477,961,809,826,507,601,647,486,938,14,692,693,755,823,842,742,101,865,262,261,514,495,801,896,874,917,854,555,655,42,912,908,863,690,878,666,914,553,554,650,872,543,996,798,890,484,801,362,1,904,889,537,257,0,325,789,437,636,452
1193,664,890,881,826,793,703,94,591,662,881,522,975,253,682,795,379,940,869,555,895,838,691,908,778,820,855,399,826,629,879,234,695,525,794,559,708,871,480,966,815,828,511,605,657,490,939,14,696,696,761,818,844,744,102,868,262,262,523,498,799,894,874,920,856,558,659,42,912,905,861,692,879,668,914,553,557,658,872,548,992,800,893,491,806,364,1,907,891,542,257,0,328,797,440,636,455
1194,665,892,881,830,794,709,95,594,661,884,526,978,255,681,798,384,940,870,559,901,838,698,910,782,823,861,404,827,631,884,236,701,530,801,561,716,873,482,969,815,832,515,608,660,493,943,14,698,697,764,822,845,749,104,866,267,263,525,502,800,898,876,922,860,563,661,42,916,905,864,698,876,669,914,553,562,663,872,550,993,809,894,493,807,364,1,909,888,542,259,0,330,799,440,639,461
1195,665,894,881,836,798,712,95,599,666,884,526,977,256,685,802,386,944,873,562,904,840,702,911,779,824,865,410,827,633,882,238,704,532,801,565,718,873,486,971,817,835,514,608,664,499,943,14,699,697,767,826,843,748,105,866,268,268,527,505,800,900,880,926,861,568,667,42,917,906,868,701,877,676,918,559,565,668,873,553,994,817,890,496,811,368,1,913,886,547,262,0,332,804,445,643,462
1196,669,900,879,842,799,715,96,602,667,888,533,977,256,690,805,388,944,872,563,906,844,702,909,782,826,870,411,831,635,880,239,708,533,804,569,723,879,488,975,823,842,515,606,666,503,946,14,704,700,769,826,842,750,106,869,270,269,533,509,802,898,881,930,859,570,670,42,918,911,871,703,879,681,919,561,569,672,873,555,991,817,893,498,812,369,1,914,888,545,265,0,336,811,451,646,462
1197,672,903,878,847,801,717,96,603,668,893,530,978,262,691,816,389,948,872,567,910,847,705,914,779,831,872,415,833,639,883,239,711,535,807,569,726,880,490,974,830,847,514,613,666,501,946,14,705,706,769,830,840,751,107,869,273,271,535,509,804,901,884,932,863,573,672,43,918,912,871,710,881,682,923,567,576,676,872,558,994,822,895,501,819,372,1,914,889,547,267,0,339,815,452,646,464
1198,675,907,883,846,801,720,96,605,676,897,532,980,262,699,814,392,949,875,567,915,847,707,916,778,834,873,417,834,637,881,240,711,540,811,570,728,882,491,977,834,850,517,613,670,500,949,15,707,707,775,833,840,749,107,871,273,273,537,511,804,900,892,937,867,575,676,44,923,914,873,718,884,686,928,564,579,675,877,560,992,825,903,505,819,379,1,918,889,551,268,0,340,812,459,650,465
1199,679,910,888,849,803,724,97,607,675,899,535,987,265,697,817,395,949,875,572,915,850,708,919,779,831,871,417,836,645,886,235,719,540,813,574,730,885,491,975,838,853,520,620,674,501,947,15,708,706,779,832,845,758,108,871,273,277,536,517,807,901,894,936,868,578,678,45,921,919,876,722,883,692,928,570,582,676,879,560,992,828,903,509,823,380,1,915,888,554,271,0,340,815,460,657,467
1200,679,913,888,850,809,732,96,609,675,902,540,991,267,698,821,396,949,876,575,919,857,707,920,787,834,876,422,841,647,890,236,731,544,811,574,736,883,496,974,837,862,521,622,679,505,949,15,709,705,779,834,850,764,108,876,273,279,539,517,809,902,900,936,871,581,684,45,923,918,878,723,891,693,933,573,584,679,880,565,993,829,902,509,827,383,1,914,889,561,271,0,346,813,460,657,470
1201,681,914,893,849,817,733,96,614,680,901,540,988,270,701,819,399,945,878,583,918,858,712,921,789,839,877,423,841,652,889,240,736,548,810,573,738,886,498,976,836,863,524,628,683,506,954,15,712,708,781,832,858,766,108,878,278,282,543,519,816,903,902,943,874,583,690,47,928,923,880,724,892,700,938,578,587,682,879,567,992,829,905,513,829,383,1,915,889,562,271,0,349,817,462,659,474
1202,680,915,889,853,821,739,98,616,688,901,540,989,274,706,818,401,951,878,589,918,861,716,926,794,839,880,428,848,650,892,240,738,549,812,576,746,883,500,978,839,867,528,626,684,515,954,15,722,709,785,830,861,765,108,878,281,283,545,525,817,904,904,941,875,582,696,47,928,927,879,727,892,702,943,579,587,682,880,570,996,831,905,518,831,391,1,916,891,569,273,0,350,816,462,661,477
1203,682,918,891,856,825,742,99,619,694,902,540,987,274,711,818,411,950,878,589,922,862,718,928,798,843,886,432,851,656,896,241,742,549,814,580,748,882,506,978,843,867,532,623,684,522,959,16,722,712,786,827,866,764,109,884,283,284,550,526,818,905,903,942,873,584,702,47,929,928,883,730,893,705,943,582,587,683,879,574,995,835,906,520,834,396,1,916,891,569,275,0,357,819,462,666,487
1204,688,916,891,859,828,744,99,622,697,901,542,989,279,716,818,413,949,880,593,925,861,719,926,802,840,892,438,854,657,892,243,742,552,818,579,749,885,505,981,845,870,538,629,687,525,961,17,725,711,789,828,875,766,109,885,283,284,552,529,820,911,902,943,871,590,706,47,929,929,884,732,896,710,944,588,588,688,881,581,996,839,907,523,836,399,1,921,891,572,277,0,361,820,470,666,489
1205,690,914,890,866,833,745,99,622,698,905,548,987,283,719,823,415,948,879,595,925,864,721,931,803,844,896,443,858,658,895,244,743,552,821,580,755,887,507,985,848,873,543,634,688,528,957,17,726,717,790,830,874,771,110,883,282,287,558,533,825,913,911,941,873,590,708,46,933,927,887,733,889,712,946,591,593,690,886,582,996,840,906,525,836,402,1,922,892,572,281,0,365,819,470,667,491
1206,695,916,895,870,837,752,101,623,699,910,548,986,286,716,827,419,951,885,595,929,865,727,934,806,848,897,446,862,663,897,246,749,556,827,582,761,885,510,986,851,878,544,640,695,529,960,17,732,723,793,831,873,777,111,884,287,287,560,535,829,913,919,944,881,591,708,46,937,927,887,735,890,711,953,594,595,691,884,584,996,839,911,530,841,409,1,921,897,573,281,0,367,824,478,671,490
1207,696,919,894,868,839,757,100,625,702,912,553,985,290,715,834,418,952,884,597,936,867,733,936,809,847,897,451,862,668,897,249,754,557,829,584,761,883,514,990,850,882,544,640,698,531,962,17,735,725,796,832,877,776,113,886,290,293,564,543,833,912,923,947,882,594,712,47,933,929,891,740,893,713,956,592,597,694,890,585,996,841,918,533,845,412,1,923,901,574,281,0,369,830,478,674,492
1208,698,921,893,871,845,755,102,630,704,916,553,985,291,720,840,418,954,881,602,939,866,736,941,808,847,896,453,863,668,897,250,753,558,827,583,762,888,517,991,853,884,549,642,700,536,959,17,734,726,797,836,879,784,115,886,294,293,569,547,837,914,927,951,889,597,714,48,932,925,890,745,895,712,961,593,602,698,889,591,994,848,917,536,846,415,1,922,900,578,286,0,371,832,478,677,494
1209,701,922,892,872,848,759,103,632,706,918,555,987,295,724,845,421,957,882,605,939,871,741,940,807,847,899,459,861,674,898,251,753,559,828,587,766,888,517,993,856,885,551,645,703,539,962,17,734,726,794,838,878,790,115,887,297,296,573,555,840,913,929,950,888,598,715,48,935,929,892,748,901,713,961,600,606,700,888,594,994,851,915,538,845,418,1,924,906,579,287,0,375,835,485,681,498
1210,702,920,894,874,851,760,104,636,713,919,559,986,294,721,848,426,957,879,605,947,874,745,938,811,850,897,462,860,674,899,251,752,566,828,590,771,890,523,993,860,886,558,647,703,541,962,18,739,722,800,838,874,791,116,888,299,297,577,559,845,912,928,950,892,602,718,51,940,932,889,752,906,712,965,604,608,701,890,596,993,855,916,543,850,419,1,926,909,586,287,0,378,835,486,689,503
1211,705,921,895,879,854,763,103,637,718,921,563,986,297,723,853,427,955,878,608,948,879,750,941,808,854,901,464,863,674,902,251,757,574,830,592,775,900,525,995,861,886,560,647,707,544,967,18,747,727,803,838,879,796,115,893,301,299,581,563,846,911,926,952,890,604,722,52,941,934,890,755,911,712,965,606,608,701,890,600,992,859,914,545,852,420,1,928,914,585,288,0,380,836,487,688,505
1212,706,922,896,877,858,764,104,643,720,921,567,985,299,726,852,428,953,878,610,948,885,755,940,813,855,901,468,867,677,906,253,760,574,827,595,781,901,526,996,864,889,564,648,707,549,969,18,749,729,811,839,882,797,115,893,305,302,580,567,847,913,929,955,893,607,723,53,943,935,894,759,911,714,970,610,610,707,893,601,992,864,920,545,858,419,1,927,918,587,289,0,384,839,489,690,505
1213,708,921,898,880,860,763,104,647,726,920,571,987,302,728,853,432,957,879,611,950,888,755,940,816,859,906,473,871,679,909,253,768,576,829,599,784,907,531,995,864,893,566,650,713,556,967,18,755,734,814,839,885,797,115,900,305,303,582,569,848,916,930,955,894,607,728,53,948,940,898,762,909,719,978,611,615,709,893,603,994,865,925,546,857,420,1,930,917,595,293,0,385,841,487,692,508
1214,708,922,903,885,859,764,104,649,728,916,575,987,302,728,858,436,959,880,612,955,890,760,941,816,863,906,478,873,681,911,253,773,581,829,605,787,907,535,997,868,895,569,651,715,560,970,18,755,733,815,838,887,798,117,903,306,310,584,573,855,914,936,959,896,611,732,54,951,945,904,771,909,723,979,611,619,713,893,605,993,872,926,549,859,421,1,929,918,599,294,0,386,843,492,696,508
1215,708,921,902,892,866,767,104,652,733,920,578,988,306,730,860,442,968,881,617,956,890,766,945,819,863,904,478,873,687,909,255,777,583,829,608,790,910,537,998,872,901,572,661,716,566,977,18,762,737,816,844,889,795,117,908,305,314,584,579,855,916,935,965,899,616,735,55,953,947,912,777,909,727,977,614,622,714,894,604,994,874,929,550,860,426,1,932,919,600,296,0,388,849,499,698,510
1216,713,921,901,890,869,764,105,655,738,924,579,993,310,736,863,445,970,882,620,958,894,768,946,823,864,904,485,879,684,908,256,779,587,837,613,791,912,538,1004,874,903,574,669,720,568,978,19,766,739,818,848,893,796,117,911,307,315,589,582,856,914,934,966,901,616,738,56,953,946,918,784,904,731,979,618,623,719,895,605,998,876,931,555,860,431,1,935,915,602,297,0,390,853,500,700,515
1217,718,923,904,893,871,768,106,658,737,924,581,994,310,740,867,448,972,881,622,953,895,770,945,820,863,906,486,879,685,909,257,785,590,838,615,790,915,540,1003,875,904,576,669,726,573,982,19,767,741,817,847,895,797,119,912,307,321,592,587,856,914,937,963,903,617,742,56,957,946,920,785,906,737,984,619,626,723,897,607,998,876,942,561,861,433,0,936,918,606,301,0,394,852,505,709,518
1218,719,927,906,895,875,772,108,663,745,923,583,998,309,744,866,449,977,882,628,958,897,772,948,824,867,906,489,884,689,913,258,789,593,842,612,795,916,541,1003,878,909,578,674,726,574,982,19,767,744,819,849,902,800,120,913,312,325,593,594,862,919,937,962,907,621,746,56,962,950,918,788,905,741,981,621,627,727,900,610,1003,879,947,566,865,435,0,940,918,612,302,0,397,852,508,714,519
1219,721,930,907,896,877,774,110,666,748,927,585,1002,307,745,867,450,979,883,629,960,904,776,950,826,868,904,490,888,691,916,259,790,597,845,617,798,917,543,1003,884,913,581,677,727,576,982,19,771,744,820,855,906,798,122,917,313,326,596,602,864,919,940,965,912,624,753,59,964,952,922,796,910,744,984,619,629,727,903,611,1004,879,953,574,868,441,0,941,917,622,307,0,400,854,511,718,519
1220,726,928,905,901,879,779,111,672,754,920,589,998,311,748,867,456,987,887,638,965,909,781,953,830,869,904,493,896,696,918,261,795,601,846,621,802,918,546,1005,882,920,584,678,730,576,979,19,774,746,821,857,906,798,125,921,315,326,600,605,866,920,942,966,915,628,758,59,964,947,917,796,912,748,983,619,629,731,901,610,1012,878,959,574,872,440,0,939,915,628,306,0,404,856,517,722,521
1221,730,928,902,906,882,783,112,674,757,921,595,1000,312,748,871,459,990,887,639,971,908,789,953,831,870,906,493,893,700,920,262,798,604,842,621,805,920,546,1004,887,922,585,677,730,578,979,19,776,747,822,865,911,796,127,922,315,325,606,608,866,925,943,967,918,633,763,59,962,947,918,799,920,753,982,619,631,740,897,610,1016,875,957,574,874,447,0,933,912,630,308,0,407,857,522,731,518
1222,734,930,899,916,886,787,113,675,761,926,596,1000,313,748,872,460,992,889,644,970,908,790,955,832,872,905,494,893,701,924,263,799,605,845,624,804,927,547,1008,885,921,586,682,729,579,980,19,783,748,822,865,907,800,130,924,323,325,608,612,875,926,948,967,924,635,761,60,960,951,919,801,924,753,976,623,635,742,900,613,1017,878,961,581,873,450,0,935,912,632,309,0,407,859,522,731,523
1223,738,935,904,921,888,789,113,683,765,927,602,1001,318,750,875,464,990,890,646,969,913,794,957,834,875,908,494,892,711,921,265,802,608,847,628,807,925,552,1005,882,926,588,685,729,578,978,19,787,750,824,870,912,805,132,924,322,326,610,616,880,929,949,965,929,636,766,61,962,952,923,806,927,755,977,624,642,747,899,617,1015,881,966,585,876,452,0,935,912,634,309,0,408,860,524,733,523
1224,741,938,911,922,891,790,113,689,769,927,604,1000,318,756,877,462,994,889,649,969,913,792,958,832,877,909,495,895,711,923,265,803,613,849,629,805,927,556,1005,886,925,589,686,732,580,977,19,790,752,827,871,911,809,132,924,325,328,618,619,878,933,948,962,934,640,769,62,970,949,925,809,933,758,985,624,643,751,905,620,1014,882,968,585,881,455,0,938,912,635,311,0,409,865,528,735,526
1225,742,942,915,926,895,788,115,692,774,929,606,1000,320,763,879,461,997,889,654,975,919,793,966,839,877,909,498,896,711,925,270,802,617,851,633,813,931,562,1006,893,925,593,687,736,587,977,19,790,759,828,873,915,809,133,922,328,331,620,619,883,933,949,964,938,640,771,63,974,946,926,807,933,760,984,623,647,746,907,621,1017,886,972,588,877,457,0,944,915,638,314,0,410,864,528,737,527
1226,741,943,914,936,901,788,116,698,774,933,611,1004,323,766,877,466,998,892,652,976,923,795,968,842,881,908,499,896,711,927,275,805,619,854,639,815,934,567,1006,893,928,597,691,739,590,984,19,794,760,828,876,915,810,134,924,333,335,624,626,887,937,952,971,940,645,775,63,975,948,923,809,935,764,986,627,649,745,908,625,1017,890,975,589,881,462,0,946,918,638,315,0,416,863,529,736,529
1227,748,945,915,939,901,790,116,700,778,933,613,1003,328,767,881,468,996,896,654,980,922,796,964,846,882,912,504,894,714,929,276,810,625,853,645,818,939,565,1010,891,931,597,694,742,594,983,19,794,762,828,876,916,811,134,924,334,338,632,627,890,939,952,972,942,646,778,63,976,947,924,813,935,766,988,626,655,752,910,629,1015,889,976,593,883,469,0,945,918,646,318,0,417,862,529,740,530
1228,751,945,917,937,900,799,116,705,781,934,615,1004,332,769,886,471,996,894,655,979,925,801,968,844,888,913,505,902,717,933,278,816,622,858,648,820,943,567,1011,894,930,602,699,743,594,986,19,802,765,832,873,917,815,134,928,335,338,636,628,892,936,950,971,945,646,778,66,978,949,930,819,943,769,994,634,659,749,913,630,1018,891,976,596,882,471,0,947,922,645,320,0,422,866,532,746,531
1229,753,949,920,940,902,798,118,711,786,935,618,1005,339,771,887,473,998,894,659,978,919,802,970,844,892,915,508,903,723,931,279,819,625,859,646,826,945,573,1011,895,934,608,703,749,595,986,18,802,769,834,876,922,818,137,935,336,340,635,633,895,937,956,973,944,646,783,67,981,949,933,824,943,774,994,640,663,755,917,630,1018,893,983,602,884,472,0,953,928,651,322,0,424,868,532,745,532
1230,757,947,923,943,903,797,120,713,782,938,622,1001,339,775,888,477,997,896,661,979,922,804,971,848,893,918,509,909,727,935,280,825,627,859,647,832,946,571,1014,897,935,612,707,748,597,987,18,804,771,836,879,920,822,138,941,339,343,637,633,895,941,951,975,943,648,785,70,983,945,937,822,947,777,994,643,667,756,920,636,1021,893,982,605,884,473,0,955,932,656,324,0,425,866,535,746,532
1231,759,952,928,947,907,796,121,713,783,939,621,1001,342,775,888,480,1001,900,665,979,919,807,977,849,895,918,513,907,728,937,282,824,628,864,649,837,946,576,1018,897,933,614,710,751,596,987,18,807,773,837,881,923,827,140,950,340,349,644,635,897,944,955,974,940,653,785,71,986,948,936,825,952,778,998,645,668,757,923,636,1019,894,986,611,887,481,0,957,931,663,326,0,426,870,538,747,530
1232,763,953,927,950,909,797,121,717,785,937,621,1002,343,775,891,485,1004,899,668,979,921,812,977,853,898,927,512,911,732,939,285,825,632,872,651,841,945,577,1020,897,932,620,710,757,596,989,18,813,772,843,881,924,833,140,957,343,350,646,636,900,947,956,979,940,655,791,72,989,949,935,828,951,778,1000,647,671,761,918,639,1019,897,984,615,890,483,0,959,931,666,330,0,430,873,542,747,532
1233,763,953,929,953,913,798,123,717,786,940,623,1006,344,780,892,487,1005,902,671,983,923,817,979,856,899,927,520,915,734,936,286,825,634,875,651,842,948,578,1017,894,934,622,714,755,597,989,18,814,775,848,885,926,839,141,962,349,349,650,638,902,944,953,981,942,658,792,73,990,951,938,833,955,778,1000,647,674,768,916,640,1020,902,983,617,890,483,0,961,934,666,331,0,432,872,540,749,532
1234,767,958,929,956,920,802,125,720,792,939,631,1003,347,786,890,489,1008,906,678,987,922,819,981,859,898,927,526,919,737,942,287,829,639,877,655,843,949,579,1019,895,937,626,714,759,599,992,19,814,782,850,886,929,841,142,968,349,352,651,642,903,943,951,982,943,667,793,75,992,953,936,836,955,778,1002,655,676,768,914,647,1025,907,983,618,891,488,0,963,932,667,334,0,436,871,545,748,536
1235,769,959,928,960,922,805,126,726,797,940,637,1006,348,792,894,492,1010,906,683,986,927,824,978,858,900,928,528,920,745,938,289,834,640,881,657,848,949,580,1018,900,941,631,717,762,600,991,19,815,783,850,890,935,845,143,973,350,351,655,642,909,944,949,986,944,670,797,77,993,953,940,839,955,784,1008,657,677,766,919,650,1023,911,989,627,897,494,0,962,932,672,336,0,439,872,546,751,538
1236,774,963,927,961,926,806,126,732,795,943,640,1010,351,795,899,497,1011,911,688,990,928,822,979,859,903,925,533,923,746,939,289,840,645,881,659,849,952,584,1020,907,941,634,720,769,602,992,19,814,786,853,891,937,843,142,971,352,352,659,645,913,948,950,987,945,675,795,78,994,956,942,843,957,788,1010,658,679,771,917,652,1024,913,993,629,902,496,0,964,929,675,335,0,440,876,545,753,542
1237,776,964,929,964,933,805,127,729,799,947,643,1008,355,798,899,497,1009,912,696,996,931,824,982,863,901,927,535,924,747,947,292,843,650,883,664,853,951,588,1023,907,947,638,728,775,601,994,19,820,786,856,892,942,846,144,971,353,356,664,645,916,947,953,989,949,678,797,78,999,958,941,843,964,793,1011,660,683,771,918,654,1023,917,999,631,905,497,0,962,930,681,336,0,442,879,548,755,545
1238,780,967,931,962,936,806,128,734,800,948,647,1005,354,803,905,500,1005,913,698,995,934,828,984,864,900,926,537,926,750,950,294,846,652,884,667,857,953,592,1029,911,947,640,733,775,609,994,19,824,792,856,894,941,848,146,972,355,359,667,647,917,946,956,991,952,684,798,80,1000,958,942,844,963,795,1013,665,686,780,919,657,1023,916,999,632,912,500,0,964,928,681,338,0,444,880,551,758,549
1239,783,968,933,965,938,809,130,741,799,948,654,1004,357,803,905,507,1004,913,703,995,931,830,985,866,901,928,538,928,751,952,296,848,656,884,670,856,956,591,1029,917,949,644,736,774,613,993,19,826,795,854,897,944,849,146,977,359,364,666,654,921,948,958,992,952,686,803,81,1004,956,940,844,964,798,1015,668,687,785,922,664,1021,924,1002,639,915,501,0,967,930,688,342,0,445,881,552,764,553
1240,789,969,935,964,943,817,130,752,801,948,655,1005,360,806,905,513,1005,915,707,998,935,833,991,868,905,931,540,928,751,953,301,849,659,883,675,855,958,597,1024,921,949,643,739,776,615,995,19,826,798,854,897,950,853,146,981,365,363,669,655,921,952,960,994,952,690,806,82,1009,957,941,848,961,800,1015,672,688,792,923,667,1020,926,1003,644,918,509,0,972,927,692,343,0,444,881,555,766,557
1241,791,973,938,967,944,818,132,754,804,948,656,1008,362,803,905,515,1006,918,711,1002,932,832,987,873,904,937,543,932,756,955,304,849,662,889,676,854,960,597,1026,923,953,649,744,779,622,995,19,824,802,857,897,949,860,147,978,365,368,670,656,921,952,958,996,953,693,803,83,1011,959,941,854,964,801,1012,672,689,795,922,676,1022,932,1009,645,921,517,0,972,928,697,348,0,446,886,563,770,562
1242,796,978,938,969,947,822,133,754,807,943,665,1009,367,807,908,516,1004,920,712,1002,937,834,982,875,907,938,544,933,759,956,303,850,667,891,680,854,965,600,1027,925,956,655,743,779,630,999,19,824,804,859,898,956,863,147,980,368,369,669,656,924,952,961,997,957,698,810,83,1014,959,948,858,967,805,1011,672,689,796,918,678,1024,939,1011,649,924,521,0,975,934,697,349,0,447,893,568,774,562
1243,800,978,942,970,946,822,134,759,815,940,666,1009,370,808,909,521,1005,924,712,1003,939,839,987,878,909,941,553,928,761,957,304,855,675,889,683,856,964,606,1031,931,956,658,749,785,636,999,19,829,812,860,899,956,859,148,987,369,372,671,661,927,950,956,997,965,698,814,83,1012,962,954,861,971,803,1012,672,691,800,920,678,1022,940,1013,653,925,521,0,974,937,697,352,0,453,893,571,777,567
1244,806,977,945,971,950,824,136,760,817,942,670,1015,373,807,912,526,1002,926,713,1002,943,843,990,882,911,936,556,928,767,958,304,856,679,890,684,860,966,612,1036,932,956,662,753,787,641,999,19,832,814,867,904,959,861,149,988,370,375,676,665,930,955,958,999,966,704,822,83,1010,963,953,862,977,804,1011,672,692,803,921,680,1020,942,1017,653,929,522,0,975,936,696,353,0,454,895,575,780,567
1245,807,984,948,975,951,833,136,766,818,943,670,1019,374,809,911,530,1010,923,719,1005,942,849,989,890,912,938,558,924,769,957,306,856,683,892,685,865,966,617,1036,933,957,667,759,789,641,999,19,833,814,871,908,956,864,150,989,372,379,679,669,934,956,960,1002,971,704,827,85,1012,967,951,864,975,802,1009,679,694,805,920,683,1022,943,1019,656,930,525,0,976,941,698,356,0,461,898,580,786,568
1246,808,988,951,970,958,835,137,770,816,949,676,1015,375,813,911,531,1009,927,722,1010,947,856,987,886,912,936,558,920,772,956,313,859,684,891,687,867,967,617,1035,936,962,669,762,791,644,1000,19,834,820,875,911,963,865,151,989,373,379,682,673,936,959,963,1004,975,708,830,85,1012,962,953,868,977,804,1010,680,697,806,920,685,1028,946,1019,657,933,527,0,980,941,700,356,0,463,892,580,785,570
1247,810,989,955,969,966,838,136,771,816,949,677,1012,378,813,910,533,1007,928,724,1014,950,853,987,887,915,936,559,920,773,959,313,865,687,894,685,869,970,624,1036,938,966,669,764,794,646,999,19,835,825,881,913,966,866,151,989,375,380,685,675,941,959,966,1005,982,717,833,85,1014,963,953,867,976,809,1014,682,701,805,920,693,1027,950,1021,659,932,534,0,980,941,705,357,0,467,895,584,787,576
1248,809,992,960,970,968,842,136,771,817,951,682,1013,380,817,911,536,1011,925,725,1014,948,852,988,888,919,940,561,921,778,958,315,868,688,897,687,874,968,624,1032,940,967,675,769,795,648,993,18,836,824,887,914,971,871,151,986,379,382,691,676,941,961,965,1010,987,716,834,84,1021,960,952,869,982,806,1018,687,704,810,919,695,1028,949,1024,661,930,542,0,980,940,710,357,0,469,899,586,790,583
1249,815,994,964,973,970,845,136,777,818,951,682,1015,383,820,913,538,1017,924,730,1019,945,852,991,896,918,942,564,921,779,962,318,872,689,900,690,876,970,628,1031,940,968,675,774,799,653,992,18,838,832,889,919,972,876,152,989,380,383,696,679,943,957,967,1011,991,719,841,84,1022,958,957,869,982,815,1013,690,710,814,921,695,1025,951,1023,662,929,547,0,981,939,715,359,0,472,904,588,794,587
1250,813,994,964,972,973,844,138,779,820,949,687,1014,383,824,919,541,1017,926,732,1022,946,857,991,894,922,943,569,922,785,966,323,873,694,906,690,882,973,629,1031,944,967,678,777,800,654,992,19,838,838,890,924,977,878,153,995,384,385,698,682,947,959,966,1014,992,722,845,86,1022,961,960,872,981,815,1016,692,712,815,917,698,1025,958,1025,666,928,555,0,980,939,716,361,0,479,905,592,792,590
1251,815,997,965,976,974,845,139,778,823,946,695,1014,386,825,919,546,1017,927,738,1021,951,858,993,898,924,945,571,923,790,973,326,883,696,904,693,879,975,631,1032,945,966,680,781,799,657,990,19,839,841,895,922,981,878,157,994,388,390,698,686,947,959,970,1020,993,728,850,86,1021,957,960,879,985,817,1022,691,715,817,916,703,1022,958,1027,666,936,558,0,981,944,723,361,0,483,903,596,792,593
1252,816,999,967,977,977,845,139,777,828,948,698,1017,391,831,922,552,1018,928,742,1020,949,861,995,899,922,944,572,920,789,972,327,886,699,905,696,881,978,636,1036,947,966,684,782,801,662,995,19,844,841,901,927,979,883,159,998,390,398,700,691,951,958,971,1020,997,729,854,87,1026,956,957,882,991,824,1024,694,715,821,919,709,1022,962,1031,673,938,563,0,987,943,724,365,0,483,905,600,795,597
1253,818,1005,974,978,980,846,141,783,830,945,700,1015,391,833,929,556,1024,932,745,1016,948,865,992,902,923,945,579,920,786,971,327,892,698,906,698,883,978,640,1036,946,968,688,785,803,664,993,20,849,840,902,929,983,886,160,999,391,401,706,694,949,959,974,1027,998,736,857,88,1026,958,960,884,989,826,1024,694,715,825,917,710,1023,967,1036,675,941,566,0,992,943,724,364,0,484,908,604,795,597
1254,823,1010,979,983,979,848,140,785,834,945,703,1014,393,835,931,561,1024,931,749,1014,950,867,990,902,925,948,581,921,792,974,328,893,704,907,699,880,980,641,1034,948,969,690,790,804,670,996,21,856,840,902,933,984,888,161,998,392,404,710,695,953,959,974,1028,999,738,858,88,1026,964,963,888,992,836,1023,698,719,830,920,715,1024,971,1035,678,943,567,0,992,944,722,368,0,486,911,604,801,602
1255,824,1014,982,984,979,849,143,789,839,947,706,1015,394,837,933,566,1027,936,753,1012,952,872,993,903,925,955,584,923,793,972,330,903,707,914,702,884,984,644,1035,949,972,690,790,808,675,999,22,857,843,900,936,987,897,162,997,392,406,713,701,951,958,975,1031,999,741,860,87,1026,963,965,892,993,839,1024,700,725,833,919,719,1024,973,1035,681,947,570,0,992,943,724,370,0,491,913,607,805,605
1256,824,1018,982,982,983,852,145,791,841,947,709,1010,396,836,939,574,1029,941,757,1012,950,871,988,904,928,955,590,929,790,977,330,899,709,915,706,885,988,651,1036,957,976,695,794,810,677,1007,22,861,843,903,938,990,901,163,996,394,409,716,704,952,962,978,1034,1003,745,859,87,1029,964,963,895,995,839,1025,702,727,833,916,725,1028,973,1035,688,949,579,0,1000,943,726,370,0,497,914,612,813,607
1257,831,1023,987,987,987,856,146,798,842,945,713,1010,398,840,941,578,1029,939,754,1013,950,871,994,905,931,952,593,930,795,978,331,905,712,914,709,887,994,655,1038,958,979,699,795,811,679,1011,22,859,845,909,942,989,905,164,995,397,410,716,706,952,963,980,1036,1004,747,859,88,1032,959,968,898,996,840,1027,704,724,839,915,728,1024,970,1037,688,956,581,0,1004,946,726,373,0,497,918,611,815,607
1258,831,1024,990,988,993,862,145,801,848,946,712,1014,401,840,944,579,1028,940,753,1013,950,874,1000,906,936,954,594,932,796,981,329,908,719,915,710,890,993,658,1040,959,986,703,793,812,684,1015,22,862,851,917,943,987,909,163,998,404,412,721,708,953,963,980,1037,1006,748,860,87,1038,957,968,899,995,842,1025,704,723,838,914,734,1023,972,1040,693,959,582,0,1003,946,730,374,0,500,920,620,819,613
1259,830,1029,992,988,992,866,145,804,853,948,715,1014,404,840,951,583,1027,939,754,1017,950,876,1002,906,938,956,596,932,797,981,332,909,722,919,711,895,991,661,1038,963,991,712,794,815,687,1012,22,864,854,922,942,989,913,163,1000,408,414,719,714,954,965,985,1040,1005,752,861,87,1042,959,969,908,997,842,1023,709,726,844,917,734,1023,972,1042,697,959,586,0,1006,950,732,376,0,503,915,623,820,617
1260,830,1030,993,989,996,868,145,808,856,950,717,1014,409,841,953,593,1027,938,757,1016,949,879,1004,906,943,959,600,934,799,980,333,914,729,922,713,903,994,662,1045,964,995,718,794,814,687,1012,22,870,861,924,944,993,913,163,1005,411,414,724,715,957,966,987,1042,1004,759,869,87,1045,960,972,909,999,843,1022,712,730,847,919,736,1015,978,1043,698,962,588,0,1009,946,730,379,0,510,914,631,822,622
1261,829,1031,990,990,998,873,148,818,855,950,719,1016,413,842,958,593,1025,938,758,1021,955,879,1003,907,941,962,605,938,797,980,335,920,733,923,713,908,999,665,1045,966,996,718,798,818,687,1010,22,874,861,927,949,994,912,166,1006,414,420,723,719,961,964,985,1045,1009,763,875,88,1046,956,975,914,1004,846,1023,711,732,852,919,735,1016,983,1039,701,959,591,0,1012,949,734,382,0,511,920,637,827,625
1262,829,1028,993,994,995,874,149,824,859,953,721,1015,413,849,959,591,1027,940,756,1024,960,877,1004,909,941,963,612,940,801,984,339,926,740,919,718,910,998,670,1048,970,998,719,801,821,690,1013,23,876,862,929,952,991,913,169,1007,419,422,722,720,964,966,983,1042,1012,765,875,89,1044,956,978,917,1000,853,1026,710,735,856,916,737,1016,987,1038,705,957,593,0,1013,947,732,383,0,517,924,641,832,629
1263,831,1029,991,995,998,875,149,832,867,950,726,1014,413,853,960,594,1028,939,763,1024,960,877,1000,912,943,967,613,943,805,987,342,931,739,917,724,916,998,671,1048,970,1000,726,806,824,691,1018,23,877,865,931,953,996,917,170,1011,419,425,728,721,965,966,982,1041,1010,761,878,89,1045,960,978,917,1000,865,1026,710,742,860,915,737,1018,986,1041,707,958,596,0,1017,948,734,385,0,520,925,645,828,632
1264,833,1029,992,996,1003,878,150,840,865,951,727,1015,418,853,962,595,1028,942,766,1024,964,877,1003,914,940,966,614,943,809,989,345,933,743,918,729,920,1004,671,1048,971,997,729,807,824,700,1020,23,881,865,932,950,998,921,172,1009,421,428,731,722,965,963,983,1042,1015,763,877,88,1046,958,981,923,996,867,1027,715,746,863,911,741,1019,984,1044,712,958,595,0,1020,949,737,387,0,523,926,651,827,635
1265,835,1028,993,997,1003,880,151,849,867,950,732,1016,423,857,966,597,1028,949,765,1027,966,875,1004,914,943,964,617,947,812,987,346,939,743,921,729,921,1006,672,1049,972,1003,730,807,824,704,1021,23,884,866,931,954,1003,926,171,1013,424,428,735,722,969,966,983,1043,1017,766,880,89,1046,957,985,927,997,867,1031,717,746,866,908,746,1022,988,1048,712,960,596,0,1021,949,745,390,0,525,929,650,825,637
1266,838,1029,996,1001,1002,883,153,848,867,949,736,1018,423,857,971,598,1027,949,770,1029,973,883,1001,916,942,965,622,950,817,986,351,941,744,921,728,921,1010,679,1048,979,1005,727,810,822,709,1021,23,883,866,936,952,1004,929,172,1016,429,432,741,729,970,967,980,1047,1021,769,885,87,1045,955,986,930,998,873,1033,721,750,870,910,753,1022,988,1053,718,965,601,0,1021,947,748,393,0,525,933,650,830,643
1267,838,1028,998,996,1006,886,154,848,870,952,742,1016,426,860,971,603,1027,947,773,1025,972,882,1001,918,944,967,621,950,818,984,351,947,747,922,739,923,1013,683,1047,982,1006,731,814,827,710,1022,23,885,871,937,955,1005,926,173,1017,430,436,741,728,974,967,983,1049,1023,772,888,87,1047,955,987,936,998,878,1029,721,754,874,913,759,1023,990,1055,718,967,601,0,1021,945,754,395,0,527,935,654,833,647
1268,840,1030,993,996,1009,885,156,850,879,950,747,1017,430,866,977,602,1028,948,777,1022,970,886,1003,917,944,972,623,953,818,988,353,946,751,921,744,925,1014,685,1048,984,1009,732,815,829,710,1021,24,887,876,939,958,1008,927,173,1021,431,441,741,731,973,964,985,1048,1027,777,891,87,1046,953,988,935,999,881,1032,722,759,874,918,761,1024,992,1059,720,970,603,0,1022,948,759,399,0,529,936,658,837,653
1269,846,1033,999,1001,1008,886,154,852,886,952,750,1017,430,873,977,603,1032,945,779,1027,972,892,1004,918,944,974,627,949,820,989,356,949,753,925,748,929,1014,687,1042,983,1012,737,819,828,716,1019,25,888,875,943,959,1004,929,175,1019,433,446,743,737,972,965,986,1045,1029,783,896,89,1046,954,981,938,1002,889,1026,723,764,877,918,764,1024,991,1060,727,971,606,0,1022,948,762,402,0,538,934,659,836,654
1270,844,1033,999,1002,1016,891,154,852,892,951,754,1013,433,877,978,608,1037,946,780,1023,975,897,1004,919,947,973,631,951,821,987,359,956,755,927,744,935,1011,690,1043,987,1014,743,827,835,716,1021,25,887,875,948,957,1008,931,177,1023,438,445,747,737,978,962,982,1044,1029,788,903,93,1048,958,983,940,1006,890,1026,730,767,882,919,770,1020,994,1063,728,972,610,0,1024,956,765,407,0,544,940,657,841,657
1271,841,1034,998,1000,1020,895,156,853,898,956,757,1011,435,879,978,611,1032,947,784,1021,979,900,1001,919,948,971,638,948,824,987,359,958,757,933,741,937,1014,691,1040,991,1015,746,829,837,722,1023,25,891,878,949,959,1004,937,177,1024,444,446,748,738,974,963,985,1044,1034,791,904,94,1045,956,988,943,1005,895,1028,732,767,884,917,770,1017,991,1067,737,972,614,0,1024,955,769,409,0,547,936,660,843,659
1272,845,1035,1001,1003,1024,897,155,856,901,957,761,1011,438,882,985,614,1032,949,788,1022,980,904,997,917,949,976,643,951,829,990,364,959,759,932,747,943,1013,694,1036,996,1018,749,830,839,726,1019,25,896,875,953,959,1006,938,177,1025,450,445,748,737,974,966,990,1044,1039,797,904,94,1047,955,989,945,1009,898,1031,734,773,888,917,769,1020,994,1073,740,978,616,0,1029,961,772,411,0,552,940,665,849,664
1273,848,1033,1004,1003,1027,902,156,862,905,957,765,1006,439,884,988,618,1034,952,790,1022,981,909,993,915,953,981,642,949,832,992,365,963,761,936,754,943,1009,696,1038,1000,1017,758,832,837,724,1019,24,903,878,955,961,1010,942,178,1026,450,450,751,739,974,965,991,1044,1045,803,907,96,1050,961,988,946,1010,898,1032,736,777,891,914,772,1024,996,1073,744,978,618,0,1029,960,775,413,0,554,940,669,849,669
1274,853,1039,1004,1004,1034,906,157,868,907,958,770,1006,442,895,990,624,1036,949,794,1022,982,910,992,919,957,987,645,948,833,993,365,966,761,936,754,943,1006,698,1041,1002,1024,759,835,838,728,1019,24,901,881,954,962,1010,944,181,1028,454,452,754,740,972,969,995,1045,1045,803,909,96,1046,960,986,944,1013,895,1036,739,781,895,915,777,1024,997,1071,744,984,626,0,1033,961,778,418,0,556,945,673,851,671
1275,856,1041,1008,1006,1035,911,159,873,911,957,772,1006,444,897,988,624,1036,953,793,1024,981,910,994,918,961,986,648,949,836,998,369,967,760,938,759,945,1008,703,1040,1004,1026,759,835,840,733,1018,25,905,881,954,962,1012,946,181,1027,455,455,754,748,970,969,995,1046,1049,802,912,96,1049,963,988,950,1014,894,1034,739,787,893,920,781,1029,1000,1074,743,988,628,0,1034,962,778,425,0,559,951,675,854,671
1276,859,1040,1009,1009,1037,911,161,877,915,953,775,1002,443,902,987,626,1038,953,793,1028,982,909,995,922,962,985,650,953,836,997,374,971,763,940,758,949,1007,706,1042,1002,1024,762,836,839,735,1019,26,905,887,954,960,1014,952,183,1030,457,460,758,751,973,966,994,1050,1051,802,916,96,1049,968,986,951,1021,899,1034,739,791,894,920,786,1029,1000,1074,747,989,632,0,1034,963,783,426,0,561,953,676,857,673
1277,862,1041,1011,1012,1043,910,163,878,917,954,775,1007,448,901,988,631,1040,952,796,1027,980,912,999,926,961,988,646,954,839,993,377,968,767,939,761,953,1006,704,1039,1001,1024,767,838,840,740,1021,26,909,887,954,957,1013,959,184,1036,458,460,764,750,977,967,995,1051,1056,803,917,97,1047,968,987,951,1022,905,1036,738,790,893,922,789,1030,1003,1069,751,988,633,0,1035,964,784,430,0,562,954,679,861,677
1278,862,1042,1016,1015,1043,910,164,879,923,954,781,1007,451,903,990,636,1041,951,800,1030,982,909,995,928,964,992,647,955,844,995,383,967,770,936,767,955,1008,705,1042,1002,1025,773,840,841,741,1024,27,908,890,957,958,1014,960,185,1038,462,462,768,755,981,969,999,1047,1059,806,919,98,1048,967,989,954,1027,908,1035,737,799,895,918,792,1035,1003,1070,752,989,635,0,1040,970,784,433,0,564,955,683,861,676
1279,868,1044,1019,1015,1037,914,167,876,922,955,790,1007,456,906,987,637,1041,953,808,1034,986,911,996,931,964,988,650,954,851,992,387,973,773,938,771,956,1010,706,1049,1003,1027,775,841,842,748,1022,27,908,892,960,965,1012,960,186,1043,462,468,770,760,982,972,1002,1048,1060,806,924,99,1049,966,992,954,1029,912,1038,736,805,894,913,795,1034,1002,1071,754,989,633,0,1043,973,786,437,0,566,961,683,868,681
1280,870,1045,1018,1017,1041,921,168,878,923,956,787,1005,457,912,995,641,1043,951,808,1031,984,913,1001,933,962,989,652,953,853,996,389,974,776,939,780,965,1011,708,1048,1006,1030,781,843,840,755,1020,29,905,896,963,971,1011,967,191,1045,464,471,774,762,984,974,998,1049,1066,806,929,99,1051,970,992,956,1036,918,1035,737,810,895,911,797,1029,1006,1073,757,986,633,0,1044,973,792,436,0,569,961,683,879,685
1281,875,1043,1018,1019,1041,924,169,880,926,956,793,1003,460,919,991,653,1047,955,812,1034,983,916,1006,933,967,992,652,957,859,996,392,975,776,939,783,972,1014,707,1046,1009,1030,784,844,842,759,1020,30,910,895,964,973,1008,973,191,1041,466,472,777,763,982,976,997,1052,1068,814,933,99,1053,971,992,957,1035,918,1035,739,813,897,907,800,1032,1008,1076,762,991,635,0,1039,975,800,438,0,570,959,686,881,688
1282,875,1048,1015,1021,1041,919,172,885,926,960,794,1007,465,920,992,655,1045,957,817,1035,984,920,1004,938,967,993,657,954,862,998,393,977,774,938,784,975,1011,708,1043,1010,1034,786,847,843,760,1025,30,913,901,963,971,1009,978,191,1042,470,478,781,767,987,975,997,1052,1071,815,935,100,1049,970,991,961,1034,921,1030,743,818,902,908,803,1030,1011,1078,766,992,635,0,1043,975,804,442,0,571,959,688,880,691
1283,878,1050,1016,1019,1042,923,172,891,931,959,799,1007,471,921,995,660,1044,959,827,1038,984,920,1004,940,968,996,659,955,865,998,394,979,774,938,789,977,1011,713,1044,1008,1037,787,848,850,766,1028,30,916,902,963,970,1014,980,192,1041,472,480,788,769,993,977,995,1052,1076,819,939,101,1055,970,994,965,1032,923,1029,744,822,904,908,806,1029,1014,1083,771,992,639,0,1042,975,811,447,0,573,961,691,880,695
1284,880,1051,1019,1016,1043,928,174,892,935,959,801,1006,474,923,998,665,1047,959,827,1037,984,919,1006,941,968,996,661,954,870,999,396,984,776,942,794,980,1013,719,1047,1009,1038,790,850,855,768,1032,32,916,903,962,970,1013,983,192,1041,473,480,791,769,993,983,994,1051,1076,819,941,100,1055,971,998,968,1033,928,1030,744,824,906,908,810,1029,1015,1085,774,995,641,0,1041,975,813,449,0,572,961,695,874,698
1285,882,1052,1018,1014,1043,924,176,892,931,963,797,1007,474,925,1001,665,1046,958,828,1039,983,920,1005,940,973,997,665,955,872,1002,397,987,778,938,799,981,1013,723,1046,1010,1044,794,855,856,768,1032,32,917,902,963,974,1012,987,193,1038,477,481,790,773,997,989,994,1052,1078,820,944,101,1059,967,1004,976,1035,931,1035,748,824,912,908,813,1029,1013,1080,775,997,643,0,1041,973,815,452,0,575,963,698,880,701
1286,884,1050,1017,1014,1045,932,179,894,936,964,797,1008,479,927,1002,666,1043,959,837,1038,987,924,1010,939,972,996,676,954,872,1002,397,984,778,938,800,979,1015,726,1045,1011,1042,796,855,860,769,1037,33,916,901,968,975,1015,985,194,1041,477,483,793,774,1003,989,997,1051,1084,822,946,101,1064,968,1003,978,1038,930,1037,751,821,913,910,814,1028,1017,1083,781,998,641,0,1042,973,816,454,0,578,964,701,888,705
1287,884,1047,1025,1019,1041,935,178,894,939,966,799,1007,482,928,1003,666,1046,957,847,1043,989,930,1007,940,972,998,679,956,875,1007,402,991,783,941,801,980,1016,730,1045,1012,1039,794,857,858,772,1035,33,916,907,968,976,1015,987,196,1039,482,487,798,778,1005,994,996,1049,1086,822,952,101,1065,970,1002,982,1041,931,1037,755,823,919,910,824,1029,1013,1082,785,998,644,0,1043,975,817,458,0,578,966,703,887,705
1288,886,1047,1023,1024,1041,938,179,895,928,967,801,1006,486,930,1002,668,1043,958,847,1046,999,936,1010,940,970,1000,678,957,880,1010,404,991,784,948,803,983,1015,735,1045,1014,1043,798,855,855,773,1037,36,919,909,968,975,1015,991,197,1038,491,485,804,786,1004,991,993,1050,1084,824,960,101,1064,969,1005,983,1042,936,1039,756,830,921,910,829,1030,1013,1082,787,999,649,0,1043,974,819,462,0,582,968,704,888,706
1289,895,1049,1023,1021,1042,941,179,900,927,968,801,1005,487,930,1001,674,1045,958,852,1051,1003,940,1011,939,967,1005,681,960,882,1011,406,990,793,952,805,987,1016,739,1045,1014,1040,805,859,860,773,1041,36,924,911,972,980,1019,992,198,1038,495,486,808,788,1005,989,994,1049,1081,829,964,103,1066,967,1006,988,1039,937,1041,758,833,918,909,830,1032,1012,1086,792,1000,652,0,1044,975,821,460,0,579,969,705,889,706
1290,896,1049,1022,1026,1040,945,181,900,925,966,802,1004,488,933,1005,676,1046,959,853,1051,1003,936,1006,939,968,1008,685,959,884,1010,409,991,794,952,806,993,1019,742,1046,1012,1039,808,863,863,778,1044,36,925,910,974,982,1021,991,198,1037,500,492,813,788,1008,989,996,1049,1085,834,967,103,1069,971,1007,988,1043,938,1045,760,837,926,910,835,1032,1013,1083,797,999,659,0,1044,977,819,468,0,583,972,706,891,712
1291,896,1052,1021,1026,1041,949,182,902,929,967,802,1006,490,934,1004,679,1045,958,855,1049,1010,939,1004,937,969,1011,693,958,884,1009,411,989,795,950,811,992,1020,752,1046,1010,1042,813,864,863,783,1046,36,923,913,974,986,1023,995,199,1040,501,491,818,789,1010,986,1000,1049,1085,837,973,104,1075,970,1006,990,1044,943,1046,763,838,927,910,840,1028,1015,1087,799,1000,662,0,1046,978,822,471,0,587,972,708,892,717
1292,899,1055,1019,1033,1044,954,185,905,932,971,805,1006,492,936,1005,682,1047,954,861,1048,1013,946,1006,938,970,1016,691,952,889,1005,418,988,799,950,814,993,1021,755,1049,1015,1046,817,867,864,783,1046,36,926,917,975,988,1025,996,199,1042,501,492,817,785,1011,989,999,1051,1087,837,978,104,1076,973,1006,995,1042,948,1049,764,841,931,911,838,1025,1018,1090,801,1002,664,0,1049,982,822,471,0,587,974,710,895,718
1293,904,1059,1021,1034,1046,951,186,905,934,973,805,1005,495,941,1006,686,1046,953,860,1045,1014,944,1004,937,973,1017,694,953,892,1008,422,991,805,950,818,994,1020,756,1048,1011,1047,821,873,865,788,1047,36,930,913,974,988,1023,1002,201,1048,507,492,819,787,1014,989,998,1054,1087,849,975,105,1077,973,1007,994,1042,949,1049,769,845,931,910,837,1024,1019,1090,807,1005,669,0,1053,986,826,475,0,588,970,712,897,722
1294,904,1059,1021,1034,1042,952,190,906,938,973,808,1005,498,946,1010,687,1053,952,859,1043,1011,947,1004,940,977,1020,697,955,896,1008,423,992,810,952,820,1000,1020,761,1049,1010,1046,824,878,867,785,1044,38,929,916,978,990,1024,1003,203,1050,510,494,820,786,1014,986,998,1057,1090,853,975,104,1083,970,1003,1000,1040,951,1050,772,849,933,911,839,1025,1019,1087,810,1006,677,0,1051,989,827,477,0,590,976,712,897,725
1295,906,1059,1022,1035,1042,957,192,909,938,977,812,1006,496,951,1013,694,1056,955,860,1044,1009,953,1001,945,979,1014,697,950,899,1010,426,991,805,957,824,1001,1020,763,1049,1009,1047,827,880,870,787,1044,38,927,915,979,990,1026,1002,204,1051,509,497,824,787,1014,987,999,1053,1089,847,981,104,1087,970,1005,1004,1040,953,1055,780,850,937,909,839,1023,1018,1090,810,1004,680,0,1059,986,829,480,0,592,977,712,896,730
1296,910,1061,1023,1035,1040,959,194,913,939,979,817,1008,500,956,1016,696,1054,955,864,1046,1010,959,1002,947,984,1017,703,951,901,1012,426,995,809,957,830,1004,1022,766,1053,1007,1048,827,881,872,788,1042,39,932,921,982,995,1028,1007,204,1054,512,501,827,792,1017,986,999,1053,1090,851,982,105,1087,963,1010,1011,1037,953,1053,784,849,942,911,840,1020,1018,1091,815,1007,682,0,1059,988,829,486,0,592,979,717,896,730
1297,913,1058,1024,1034,1044,961,196,917,943,976,819,1006,502,958,1015,695,1060,959,867,1049,1007,962,1004,945,985,1019,706,949,901,1011,430,996,811,957,836,1002,1025,770,1054,1010,1044,833,881,872,791,1043,40,934,922,985,995,1026,1012,204,1051,513,505,824,797,1019,989,1001,1052,1092,857,986,106,1091,961,1008,1014,1037,954,1051,782,855,946,907,842,1021,1021,1096,817,1006,683,0,1061,986,830,488,0,596,983,721,898,732
1298,921,1055,1025,1034,1049,960,197,918,945,978,819,1006,511,960,1021,697,1058,960,873,1052,1006,962,1008,951,988,1015,708,953,900,1016,436,995,813,958,841,1001,1024,771,1052,1011,1047,836,882,882,796,1044,40,939,924,986,1000,1033,1012,206,1054,518,511,823,797,1019,990,1000,1052,1092,862,991,107,1088,962,1009,1015,1035,959,1048,784,861,946,906,843,1019,1023,1096,822,1011,690,0,1060,988,832,494,0,604,983,727,904,736
1299,922,1052,1027,1035,1047,965,198,920,949,982,824,1007,513,966,1022,703,1058,961,875,1052,1003,961,1007,953,984,1011,707,953,902,1017,437,996,817,959,846,1002,1025,774,1050,1014,1044,834,888,880,798,1046,40,937,927,989,1002,1040,1014,207,1056,520,513,834,798,1022,994,1003,1051,1099,868,995,109,1085,960,1012,1020,1037,959,1045,790,866,946,908,849,1019,1027,1101,826,1011,691,0,1062,987,832,497,0,608,984,732,905,737
1300,923,1049,1030,1037,1047,965,199,923,948,984,825,1002,516,970,1020,703,1060,960,876,1053,1010,961,1012,955,983,1013,709,957,905,1018,441,1001,820,956,847,1005,1024,779,1047,1015,1049,838,888,878,807,1051,40,944,927,992,1004,1039,1017,208,1056,522,524,842,800,1026,998,1004,1052,1101,868,1001,109,1081,965,1010,1025,1040,960,1047,790,868,947,910,850,1015,1027,1108,827,1016,696,0,1067,984,837,504,0,611,985,737,907,743
1301,923,1048,1033,1037,1049,966,200,926,951,988,828,1005,518,969,1020,706,1061,961,880,1056,1011,965,1011,960,984,1014,713,952,913,1017,444,1005,823,953,848,1006,1028,784,1048,1013,1052,840,890,884,806,1051,41,946,932,993,1008,1045,1017,208,1055,524,524,848,801,1031,998,1001,1054,1105,875,998,108,1083,964,1010,1028,1037,960,1047,798,876,948,909,854,1015,1026,1113,833,1020,700,0,1069,990,837,508,0,618,982,746,910,748
1302,923,1050,1037,1038,1059,970,200,933,955,993,831,1007,524,965,1024,713,1063,956,881,1059,1013,968,1011,960,988,1014,716,953,917,1018,447,1004,828,953,848,1006,1032,790,1046,1011,1051,846,893,886,809,1053,42,951,936,991,1012,1045,1016,211,1059,530,527,853,803,1037,994,1002,1052,1108,877,998,107,1086,963,1012,1029,1040,968,1047,804,877,951,909,855,1015,1028,1111,837,1022,699,0,1072,989,841,512,0,619,984,749,910,750
1303,922,1050,1042,1043,1058,973,199,935,956,992,839,1006,528,969,1029,717,1064,955,885,1062,1013,971,1012,962,991,1017,717,955,918,1017,452,1008,836,951,852,1005,1030,794,1043,1011,1052,853,898,887,811,1053,43,955,933,991,1015,1041,1013,211,1061,532,526,854,804,1034,993,1003,1051,1113,878,1001,108,1087,964,1012,1027,1039,974,1045,806,878,952,911,856,1018,1033,1115,841,1026,700,0,1074,989,846,515,0,620,986,755,905,752
1304,927,1048,1045,1044,1066,973,199,939,955,991,838,1005,528,970,1032,720,1062,952,885,1062,1008,974,1011,961,992,1016,720,954,918,1015,454,1010,837,953,853,1009,1032,792,1046,1010,1055,860,898,890,814,1057,43,958,935,994,1015,1048,1014,213,1061,535,531,861,806,1039,995,1002,1056,1115,879,997,109,1079,960,1016,1030,1042,976,1041,807,880,954,911,859,1016,1030,1114,844,1031,708,0,1076,988,848,517,0,625,985,759,907,760
1305,930,1050,1042,1045,1060,974,199,943,959,993,835,1004,529,968,1036,722,1065,952,886,1065,1013,980,1012,956,991,1020,722,951,921,1016,457,1010,836,953,856,1013,1033,796,1049,1011,1057,861,900,896,813,1062,44,959,940,996,1019,1046,1018,214,1063,536,535,861,805,1037,995,1004,1062,1120,880,1003,111,1079,958,1018,1032,1037,973,1047,813,877,954,911,864,1017,1028,1113,849,1031,711,0,1072,988,854,518,0,626,990,765,909,765
1306,933,1053,1041,1043,1060,978,200,946,965,993,834,1007,531,968,1040,722,1064,951,891,1066,1014,982,1013,960,991,1020,725,953,925,1014,462,1009,833,947,856,1020,1034,800,1048,1015,1057,864,898,901,816,1058,44,959,939,996,1020,1044,1026,215,1062,538,537,864,808,1034,993,1006,1063,1122,887,1001,110,1080,956,1018,1035,1039,977,1047,817,877,954,911,866,1015,1032,1116,853,1030,715,0,1071,987,858,521,0,632,993,766,911,767
1307,934,1053,1041,1045,1062,976,201,949,968,995,834,1004,533,969,1035,728,1066,949,890,1062,1015,982,1013,959,993,1023,730,959,928,1015,460,1008,840,950,861,1020,1033,802,1047,1019,1056,867,900,904,818,1059,45,956,941,996,1024,1047,1030,219,1063,540,539,864,809,1032,996,1007,1065,1125,889,1002,112,1083,958,1016,1036,1038,980,1046,823,885,957,911,864,1012,1031,1117,857,1027,717,0,1071,988,860,524,0,634,996,769,917,774
1308,935,1055,1039,1044,1066,978,205,953,969,997,831,999,533,971,1039,734,1065,948,895,1059,1017,982,1012,959,993,1024,736,961,932,1015,464,1006,842,948,864,1025,1033,800,1050,1016,1060,873,904,907,818,1062,46,962,939,996,1025,1041,1034,223,1065,543,542,868,813,1037,994,1011,1069,1120,891,1001,111,1087,963,1021,1035,1039,980,1044,827,893,960,912,865,1012,1032,1116,862,1029,718,0,1069,986,865,525,0,639,997,772,916,777
1309,941,1055,1044,1041,1066,982,208,956,967,994,832,998,533,971,1039,736,1063,948,896,1060,1019,982,1010,963,996,1025,738,964,934,1015,467,1005,846,949,866,1032,1037,803,1050,1017,1061,872,906,911,821,1066,47,963,939,1003,1033,1043,1035,225,1062,546,545,870,815,1035,996,1014,1069,1121,892,1002,112,1089,963,1023,1037,1043,979,1046,826,897,959,911,870,1007,1037,1116,865,1030,719,0,1071,983,869,525,0,642,994,779,915,779
1310,942,1055,1043,1048,1068,988,208,957,966,995,835,1000,537,973,1039,736,1061,945,900,1058,1023,980,1013,963,996,1023,741,959,936,1021,470,1003,852,953,870,1032,1036,806,1045,1013,1059,875,909,911,827,1069,47,962,943,1001,1039,1048,1032,229,1064,546,548,870,816,1039,998,1017,1066,1124,892,1003,112,1090,962,1022,1041,1042,981,1051,829,902,961,906,874,1006,1039,1118,865,1030,724,0,1069,981,875,525,0,642,995,781,921,784
1311,943,1054,1046,1050,1068,990,210,957,970,999,843,1002,538,976,1042,737,1060,946,901,1062,1024,985,1015,966,994,1018,742,960,936,1023,475,1008,856,955,873,1031,1036,809,1039,1014,1063,883,907,918,826,1065,47,963,946,1003,1039,1058,1035,229,1060,551,551,872,819,1041,996,1009,1069,1125,895,1005,113,1090,959,1020,1045,1041,979,1054,829,902,967,906,881,1004,1039,1120,866,1030,736,0,1070,981,872,528,0,650,999,787,922,785
1312,947,1052,1045,1055,1066,993,212,957,969,999,852,1005,542,978,1040,736,1060,949,905,1061,1022,984,1012,965,992,1021,745,963,940,1023,476,1009,859,959,873,1033,1037,812,1034,1011,1061,883,913,918,829,1066,47,965,949,1004,1044,1057,1037,231,1060,550,558,873,818,1044,994,1014,1066,1128,898,1013,114,1089,959,1019,1048,1039,981,1053,830,912,969,906,882,1006,1047,1122,868,1031,739,0,1071,977,873,539,0,654,1004,792,925,787
1313,950,1057,1047,1055,1061,994,214,957,970,1004,853,1005,543,981,1041,737,1064,947,908,1062,1024,987,1010,963,993,1020,746,966,939,1020,480,1012,863,958,875,1033,1038,814,1031,1015,1067,886,916,923,832,1069,48,967,947,1007,1044,1058,1038,234,1062,556,562,879,821,1045,998,1014,1068,1130,897,1016,114,1095,961,1020,1049,1039,981,1057,834,914,970,908,890,1005,1051,1125,871,1032,741,0,1074,973,876,539,0,660,1007,796,924,794
1314,952,1059,1045,1058,1061,1000,216,962,973,1005,853,1006,547,979,1041,742,1066,948,907,1060,1026,985,1005,966,998,1021,749,967,940,1018,484,1012,867,959,879,1038,1041,818,1027,1017,1067,888,920,927,833,1066,48,964,950,1007,1047,1055,1040,233,1064,558,565,876,827,1048,999,1020,1067,1131,899,1026,115,1095,961,1017,1053,1040,985,1056,837,915,971,907,891,1009,1051,1123,876,1033,745,0,1077,973,875,543,0,667,1008,801,928,796
1315,951,1063,1047,1060,1061,1005,217,964,977,1003,862,1007,549,980,1043,747,1066,951,907,1061,1025,985,1006,967,1003,1023,756,964,942,1016,488,1016,868,959,882,1042,1044,823,1030,1020,1065,893,919,928,837,1067,48,971,953,1009,1049,1055,1037,235,1065,561,569,877,823,1048,994,1022,1069,1131,900,1032,115,1097,961,1015,1060,1039,987,1049,844,916,974,912,893,1007,1051,1123,879,1034,750,0,1079,973,877,543,0,669,1012,802,931,796
1316,950,1065,1044,1060,1064,1010,220,969,979,1004,862,1005,553,985,1039,753,1065,950,910,1065,1027,983,1005,970,1003,1025,759,969,942,1019,489,1019,870,962,881,1048,1045,830,1030,1022,1064,889,920,928,838,1069,47,974,956,1010,1048,1055,1040,239,1065,562,572,877,827,1050,995,1022,1070,1132,898,1032,117,1097,958,1014,1065,1044,990,1053,846,913,976,914,897,1007,1054,1125,885,1035,753,0,1080,975,881,546,0,671,1011,804,938,802
1317,949,1064,1047,1061,1065,1010,222,971,984,1005,864,1004,557,989,1038,756,1062,949,914,1066,1033,982,1004,975,1002,1025,757,971,943,1020,493,1022,874,963,883,1051,1042,833,1026,1024,1067,896,924,933,839,1069,49,978,957,1014,1054,1054,1043,238,1065,566,580,877,826,1050,997,1025,1072,1133,903,1031,118,1099,960,1011,1066,1044,989,1054,848,913,980,918,904,1010,1055,1125,886,1033,753,0,1079,975,884,551,0,674,1015,811,937,803
1318,952,1060,1048,1056,1063,1012,224,973,987,1006,867,1005,562,990,1039,757,1065,946,914,1069,1032,985,1002,972,999,1025,759,970,938,1018,498,1023,879,962,888,1056,1041,836,1029,1024,1065,900,926,932,843,1070,52,979,952,1017,1055,1052,1044,239,1065,566,581,877,828,1049,995,1028,1073,1135,902,1034,121,1102,958,1009,1069,1043,989,1051,855,912,978,919,902,1008,1057,1120,893,1037,750,0,1083,978,888,554,0,680,1018,816,932,805
1319,954,1061,1048,1056,1060,1012,231,978,989,1004,870,1005,570,988,1045,758,1065,943,916,1072,1029,985,1001,972,995,1028,761,971,943,1022,499,1027,881,962,892,1056,1041,841,1027,1022,1067,908,930,929,843,1066,52,981,954,1021,1053,1054,1045,240,1066,568,582,878,832,1048,991,1029,1068,1141,904,1040,124,1100,959,1008,1068,1042,992,1051,856,918,978,917,905,1007,1053,1122,890,1038,754,0,1080,977,891,554,0,685,1021,816,931,809
1320,959,1054,1044,1056,1064,1011,232,984,988,1004,873,1004,572,989,1051,766,1063,945,917,1073,1032,987,1003,972,996,1026,764,970,945,1022,503,1028,882,962,895,1058,1045,844,1025,1022,1068,910,936,931,844,1069,52,980,958,1021,1053,1057,1046,242,1064,568,585,879,839,1052,994,1027,1068,1143,908,1041,125,1100,962,1011,1073,1047,991,1052,860,921,979,915,912,1009,1054,1121,893,1042,756,0,1081,975,895,561,0,684,1023,814,930,812
1321,959,1050,1046,1056,1062,1010,235,988,989,1002,875,1006,575,983,1058,767,1064,945,922,1072,1032,990,1004,974,997,1028,768,969,945,1023,505,1028,880,965,891,1063,1045,846,1025,1018,1068,914,939,930,844,1066,52,984,961,1021,1054,1059,1049,243,1064,571,585,883,843,1049,993,1023,1073,1147,912,1049,127,1100,959,1010,1074,1049,992,1051,861,922,980,916,920,1009,1059,1123,903,1044,757,0,1084,975,898,562,0,688,1025,820,933,818
1322,960,1050,1046,1051,1065,1013,236,987,988,1001,876,1005,579,985,1065,769,1062,949,924,1073,1034,993,1003,974,993,1028,769,966,947,1022,509,1024,884,965,898,1065,1046,843,1025,1018,1071,916,945,929,849,1063,52,986,962,1020,1052,1060,1055,244,1067,575,588,888,849,1050,994,1026,1075,1148,911,1052,127,1101,960,1008,1076,1050,992,1052,865,927,981,919,923,1004,1061,1122,911,1040,762,0,1085,974,899,561,0,690,1026,824,934,826
1323,962,1052,1047,1050,1068,1015,238,992,992,1001,881,1008,580,984,1066,771,1060,948,926,1070,1031,996,996,978,998,1031,775,968,950,1025,514,1022,892,969,899,1068,1049,844,1024,1018,1074,920,943,936,851,1057,51,986,968,1022,1054,1061,1053,248,1062,575,586,896,851,1051,996,1031,1076,1146,914,1051,128,1100,960,1010,1074,1050,997,1048,867,933,982,919,921,1002,1066,1126,914,1041,765,0,1085,973,901,563,0,696,1022,830,934,826
1324,967,1050,1048,1055,1070,1015,238,991,995,995,888,1007,581,986,1063,773,1058,946,926,1071,1033,1001,999,980,999,1030,778,969,951,1024,518,1021,898,971,896,1067,1051,845,1017,1020,1075,921,945,939,853,1056,51,986,970,1030,1054,1065,1052,249,1067,577,586,899,851,1053,996,1030,1076,1148,918,1053,128,1098,962,1012,1074,1045,1001,1044,870,939,986,919,923,1002,1063,1126,919,1041,770,0,1084,974,901,567,0,703,1024,836,934,831
1325,967,1047,1048,1056,1070,1017,240,989,998,993,896,1001,582,985,1066,776,1057,947,929,1063,1032,1003,1004,979,997,1033,783,973,953,1028,520,1025,908,974,897,1069,1052,847,1019,1021,1077,924,947,940,856,1061,52,990,972,1026,1056,1061,1055,250,1070,580,593,902,853,1055,992,1030,1074,1143,916,1054,128,1097,963,1011,1073,1044,1006,1043,870,936,990,920,928,1000,1067,1132,922,1042,774,0,1086,974,908,574,0,707,1022,835,937,834
1326,971,1048,1047,1055,1069,1015,240,986,997,993,896,1006,585,988,1072,775,1057,951,927,1059,1035,1002,1003,986,997,1031,786,973,955,1030,520,1024,911,977,898,1072,1053,853,1015,1021,1079,928,948,942,858,1060,52,989,975,1031,1055,1067,1055,252,1066,586,595,905,852,1056,995,1033,1076,1142,913,1054,128,1100,960,1010,1071,1047,1009,1039,872,940,995,922,934,999,1066,1135,927,1044,779,0,1085,974,908,578,0,709,1030,840,937,841
1327,972,1043,1050,1053,1073,1013,241,987,998,995,903,1011,588,993,1074,783,1059,948,932,1059,1038,995,999,989,995,1025,788,973,959,1029,526,1022,912,979,898,1072,1052,852,1013,1022,1080,932,953,944,861,1064,52,992,977,1031,1055,1067,1057,252,1065,588,599,908,855,1055,995,1032,1077,1146,921,1057,128,1105,959,1009,1073,1045,1011,1039,871,947,996,922,937,1001,1068,1137,929,1046,780,0,1085,976,911,582,0,715,1033,843,936,843
1328,977,1040,1049,1054,1072,1017,245,983,1001,998,908,1015,589,997,1077,785,1058,949,935,1054,1041,992,995,997,995,1021,791,973,960,1035,528,1025,913,978,902,1076,1055,856,1012,1025,1082,933,957,944,864,1062,51,994,981,1031,1053,1068,1055,254,1065,589,601,912,857,1053,994,1033,1076,1148,924,1055,130,1104,961,1009,1073,1045,1013,1040,877,949,1000,926,943,1007,1066,1134,933,1048,781,0,1086,978,917,583,0,721,1030,848,934,846
1329,980,1042,1044,1059,1073,1016,246,981,1002,998,913,1015,591,997,1077,785,1058,952,941,1056,1045,992,998,998,995,1022,796,969,960,1036,529,1027,910,978,902,1073,1056,859,1012,1024,1083,935,960,944,867,1062,52,992,981,1035,1055,1068,1054,254,1063,598,601,915,857,1057,995,1033,1076,1148,926,1053,130,1099,957,1012,1073,1045,1015,1041,885,952,1006,925,949,1004,1070,1132,937,1048,783,0,1086,979,920,584,0,721,1034,853,935,848
1330,984,1047,1040,1058,1078,1018,252,986,1001,996,917,1015,594,1001,1079,786,1062,953,945,1055,1049,993,998,998,998,1022,799,971,963,1038,530,1029,913,981,905,1072,1060,866,1012,1022,1080,940,961,947,873,1060,52,994,980,1034,1053,1072,1054,256,1067,603,601,917,861,1060,995,1037,1076,1145,926,1055,132,1097,956,1008,1074,1045,1017,1037,890,955,1004,925,950,1006,1072,1133,942,1054,783,0,1090,979,925,590,0,724,1038,858,934,848
1331,988,1044,1039,1058,1079,1023,254,988,1003,996,921,1012,598,1005,1079,786,1060,952,947,1061,1051,993,992,1001,998,1025,804,972,967,1036,530,1024,918,978,906,1073,1063,871,1013,1016,1081,942,966,948,874,1059,53,994,979,1035,1055,1071,1060,256,1063,607,602,917,864,1066,994,1040,1075,1144,928,1053,133,1098,953,1006,1076,1046,1022,1039,891,957,1005,925,947,1006,1069,1135,942,1051,788,0,1089,980,926,593,0,728,1041,858,937,855
1332,988,1044,1039,1059,1077,1030,256,986,1007,995,922,1010,598,1005,1081,788,1058,952,948,1061,1052,994,988,1000,998,1024,806,975,969,1036,533,1031,922,978,910,1083,1064,867,1015,1017,1082,944,969,946,873,1061,53,995,984,1032,1056,1075,1063,256,1065,609,597,919,863,1066,995,1041,1076,1146,928,1052,133,1102,952,1003,1074,1045,1025,1035,896,960,1008,924,954,1006,1073,1138,943,1052,789,0,1091,980,927,593,0,731,1043,864,938,858
1333,996,1046,1039,1062,1076,1033,260,994,1007,993,927,1006,599,1004,1080,793,1058,953,948,1063,1055,997,993,999,1001,1025,806,979,969,1037,536,1030,927,978,910,1088,1065,870,1017,1018,1093,949,965,951,877,1058,54,998,983,1032,1054,1075,1064,258,1070,613,602,920,866,1064,995,1037,1076,1146,932,1051,134,1106,953,999,1076,1044,1026,1033,901,967,1012,923,953,1003,1076,1141,946,1053,790,0,1091,981,929,595,0,733,1047,862,939,867
1334,1002,1046,1039,1060,1077,1036,262,996,1008,992,928,1004,605,1007,1082,794,1059,955,956,1066,1053,996,989,1004,1000,1028,810,983,971,1037,536,1031,932,981,913,1090,1067,877,1015,1017,1094,953,968,955,882,1058,54,1002,980,1036,1054,1077,1063,256,1067,617,604,921,869,1063,1001,1040,1078,1141,931,1049,134,1104,951,999,1076,1046,1026,1035,903,969,1017,921,954,1001,1076,1142,952,1056,791,0,1094,985,930,594,0,735,1047,865,939,870
1335,1003,1048,1039,1064,1072,1035,267,998,1009,992,932,1003,605,1005,1082,800,1063,954,957,1064,1052,1001,989,1007,1003,1031,815,984,978,1033,541,1033,929,982,911,1094,1068,881,1012,1019,1098,954,968,960,885,1058,54,1009,982,1038,1053,1079,1067,257,1069,617,608,928,870,1064,1001,1037,1082,1141,931,1047,137,1101,953,999,1076,1043,1026,1036,904,972,1022,922,956,1004,1079,1148,959,1056,794,0,1090,986,932,600,0,737,1050,867,945,870
1336,1006,1048,1039,1063,1074,1036,267,1002,1011,990,938,1002,604,1006,1084,804,1068,956,961,1064,1048,1011,989,1013,1000,1035,819,990,978,1036,548,1037,932,986,919,1095,1067,879,1012,1022,1095,956,973,960,883,1058,53,1012,984,1042,1053,1085,1066,258,1071,621,609,929,873,1065,999,1036,1081,1143,929,1048,138,1103,953,1001,1080,1042,1024,1035,907,973,1023,920,957,1002,1078,1145,964,1056,801,0,1086,990,938,600,0,740,1048,867,944,869
1337,1007,1047,1037,1061,1077,1038,269,1006,1010,990,945,1002,610,1009,1080,808,1069,954,964,1061,1051,1013,983,1007,999,1034,821,991,976,1035,549,1039,932,983,919,1093,1068,880,1009,1019,1097,957,979,962,889,1055,53,1015,985,1045,1052,1084,1069,258,1070,623,613,928,878,1066,997,1036,1080,1141,932,1050,142,1102,954,1003,1087,1042,1024,1036,912,977,1023,922,959,1002,1079,1139,966,1055,804,0,1086,991,938,599,0,743,1055,872,944,873
1338,1009,1047,1037,1060,1079,1041,272,1004,1012,990,952,999,608,1014,1083,810,1072,953,969,1065,1050,1015,983,1012,998,1032,824,988,979,1036,553,1037,933,977,922,1093,1069,882,1008,1020,1100,962,984,965,895,1051,54,1019,982,1049,1048,1086,1072,261,1072,624,614,939,879,1066,994,1035,1079,1142,935,1051,143,1101,953,1004,1089,1044,1023,1038,911,983,1025,922,958,1005,1079,1138,969,1058,804,0,1087,994,946,605,0,747,1053,872,945,873
1339,1010,1044,1034,1059,1081,1040,271,1003,1016,993,952,1001,610,1013,1086,817,1072,954,972,1067,1053,1014,985,1011,996,1033,824,992,980,1038,553,1044,937,984,928,1100,1068,888,1009,1023,1098,964,985,969,900,1049,54,1026,984,1044,1049,1086,1074,266,1068,629,621,942,878,1068,993,1034,1076,1145,938,1054,143,1104,954,1006,1090,1046,1024,1040,913,986,1028,921,958,1002,1080,1139,973,1056,809,0,1088,993,946,611,0,748,1059,875,947,875
1340,1011,1044,1033,1061,1083,1043,273,1008,1017,991,948,998,609,1015,1090,822,1068,953,976,1068,1053,1014,992,1014,994,1033,826,995,982,1043,556,1047,937,983,930,1101,1071,890,1010,1030,1096,966,987,970,899,1049,56,1022,982,1045,1048,1088,1078,270,1069,635,620,950,882,1077,996,1034,1077,1150,940,1052,143,1104,955,1003,1096,1045,1033,1039,916,988,1031,922,960,999,1083,1136,975,1058,814,0,1085,996,949,613,0,752,1058,881,949,877
1341,1012,1040,1035,1061,1084,1042,275,1006,1024,988,951,997,611,1018,1090,821,1073,955,980,1065,1058,1017,996,1016,996,1032,832,988,988,1040,562,1051,943,983,929,1102,1071,889,1006,1031,1096,968,984,973,901,1048,58,1025,981,1049,1054,1090,1082,270,1071,636,627,952,885,1081,992,1037,1078,1144,944,1064,143,1105,955,1003,1094,1045,1033,1036,914,988,1038,923,962,998,1087,1135,975,1058,811,0,1082,1000,951,618,0,755,1065,885,955,877
1342,1011,1035,1034,1066,1089,1042,275,1010,1031,988,953,1002,614,1017,1090,822,1072,957,983,1063,1057,1021,995,1021,1000,1030,837,990,993,1041,565,1053,943,988,930,1095,1069,893,1007,1034,1093,968,985,975,898,1049,59,1026,981,1050,1053,1087,1086,271,1071,640,636,956,885,1083,991,1038,1073,1147,947,1067,145,1101,953,1003,1093,1047,1032,1032,916,990,1043,921,963,997,1088,1135,984,1060,814,0,1082,995,956,623,0,755,1070,888,957,884
1343,1017,1035,1037,1076,1089,1044,276,1013,1032,986,952,1001,618,1017,1095,820,1073,960,988,1062,1061,1023,996,1021,1003,1030,843,989,991,1039,568,1052,949,992,932,1095,1070,898,1010,1038,1091,971,991,977,899,1047,59,1023,984,1050,1052,1088,1088,272,1074,644,643,957,889,1084,993,1038,1078,1150,950,1066,145,1105,954,1001,1092,1047,1034,1031,924,993,1047,920,965,996,1087,1135,985,1059,818,0,1084,992,958,625,0,759,1072,888,956,890
1344,1016,1034,1041,1075,1090,1048,276,1017,1033,986,954,1001,621,1017,1096,823,1073,961,996,1062,1060,1021,998,1020,1004,1030,846,988,993,1039,569,1050,952,990,930,1098,1068,902,1011,1037,1091,973,995,978,904,1054,60,1028,981,1053,1053,1089,1088,270,1074,644,646,960,893,1080,994,1039,1080,1151,953,1068,148,1103,954,1003,1092,1049,1039,1035,926,996,1052,921,967,994,1092,1137,991,1058,819,0,1086,990,961,627,0,762,1069,887,957,892
1345,1022,1031,1043,1071,1092,1050,278,1019,1037,987,956,997,622,1017,1097,826,1072,959,995,1061,1060,1021,994,1021,1003,1029,851,988,993,1037,570,1055,952,991,931,1098,1067,906,1013,1035,1094,974,997,978,907,1051,60,1027,983,1056,1054,1091,1091,273,1076,647,647,963,895,1079,992,1039,1083,1155,952,1067,149,1105,950,1001,1096,1044,1038,1034,925,997,1055,919,968,996,1095,1132,996,1062,821,0,1083,992,964,627,0,766,1066,892,959,897
1346,1022,1030,1043,1069,1092,1050,280,1020,1038,988,960,994,628,1018,1097,826,1068,957,1000,1059,1061,1024,995,1020,1002,1029,853,986,998,1036,575,1053,952,995,932,1102,1065,910,1013,1032,1097,978,999,983,906,1054,61,1032,983,1061,1051,1091,1091,274,1077,648,653,968,902,1075,992,1041,1084,1151,955,1066,151,1107,951,1002,1098,1044,1038,1033,929,997,1057,919,969,1002,1097,1129,998,1058,828,0,1081,991,965,627,0,771,1069,893,959,895
1347,1017,1035,1045,1072,1092,1049,282,1018,1039,990,965,992,632,1019,1098,831,1067,956,1001,1059,1061,1025,996,1023,1003,1030,856,989,999,1038,577,1056,952,993,936,1099,1063,908,1013,1033,1098,979,1002,987,910,1056,61,1035,987,1059,1050,1090,1092,276,1078,650,652,972,903,1074,994,1042,1086,1154,958,1068,151,1109,947,1000,1097,1043,1042,1034,931,993,1056,920,974,999,1101,1129,1001,1058,833,0,1078,986,971,624,0,773,1070,893,960,899
1348,1018,1038,1045,1070,1094,1049,282,1023,1039,991,970,990,635,1019,1101,839,1067,955,999,1062,1061,1022,996,1023,1002,1024,860,992,1002,1037,582,1057,953,993,935,1100,1066,914,1017,1035,1093,976,1008,984,915,1054,61,1041,990,1062,1052,1091,1096,274,1075,653,657,977,905,1074,991,1044,1084,1153,957,1067,152,1109,943,999,1098,1045,1042,1035,936,994,1059,919,977,1001,1106,1131,1002,1058,839,0,1078,986,976,626,0,776,1066,899,959,900
1349,1020,1038,1051,1070,1097,1052,282,1026,1036,992,967,989,642,1021,1102,839,1067,956,999,1063,1062,1023,996,1025,999,1025,864,988,1006,1039,582,1059,958,994,939,1101,1062,915,1016,1035,1091,980,1008,982,920,1057,63,1042,994,1060,1049,1092,1102,275,1077,654,664,982,911,1078,993,1047,1087,1154,958,1071,152,1108,944,1002,1101,1044,1043,1032,941,998,1060,918,980,1004,1110,1132,1003,1061,840,0,1079,990,982,628,0,781,1073,904,961,902
1350,1021,1034,1047,1071,1097,1057,282,1029,1039,992,971,988,645,1021,1102,840,1067,954,994,1063,1059,1021,993,1026,994,1026,867,987,1005,1037,586,1058,960,990,938,1105,1062,919,1014,1036,1097,982,1011,986,921,1058,64,1042,995,1059,1048,1092,1105,276,1078,657,671,985,911,1081,998,1043,1085,1156,959,1077,154,1106,942,999,1101,1044,1046,1032,941,1002,1061,914,989,1001,1117,1137,1004,1059,845,0,1080,995,985,635,0,785,1072,912,965,904
1351,1022,1033,1047,1073,1096,1064,283,1026,1040,993,974,987,651,1021,1103,848,1068,955,992,1063,1061,1024,991,1029,994,1024,867,987,1002,1036,587,1057,955,989,941,1106,1064,924,1015,1035,1096,983,1016,988,923,1058,64,1041,992,1061,1049,1095,1100,274,1077,661,674,984,917,1080,995,1043,1084,1158,959,1082,155,1102,943,1002,1105,1044,1049,1032,944,1006,1057,916,987,1000,1122,1139,1006,1054,846,0,1083,996,989,635,0,787,1074,909,968,903
1352,1025,1032,1048,1072,1097,1067,289,1023,1040,991,979,987,656,1025,1108,854,1068,958,992,1060,1062,1025,988,1028,994,1023,871,985,1007,1037,591,1054,958,992,948,1106,1065,928,1016,1038,1096,988,1014,989,922,1055,64,1044,993,1061,1050,1097,1106,276,1076,667,679,983,915,1080,995,1043,1085,1157,960,1085,155,1103,939,1006,1111,1044,1054,1030,948,1007,1057,917,990,998,1120,1143,1009,1056,851,0,1081,1000,992,637,0,785,1072,907,972,913
1353,1026,1034,1048,1073,1094,1072,294,1024,1042,993,982,987,657,1023,1113,861,1072,961,995,1064,1064,1027,988,1027,993,1022,876,987,1007,1032,594,1056,961,995,947,1107,1066,928,1015,1044,1097,994,1015,990,925,1060,64,1047,995,1060,1053,1099,1110,278,1075,669,683,986,915,1076,986,1045,1083,1152,963,1088,155,1100,936,1004,1110,1047,1061,1026,951,1006,1060,921,997,992,1123,1145,1014,1056,854,0,1081,998,993,638,0,783,1072,912,975,918
1354,1028,1037,1049,1070,1095,1072,296,1023,1044,991,986,988,659,1024,1111,867,1068,964,999,1066,1064,1028,985,1029,991,1020,880,988,1008,1036,603,1056,967,997,947,1107,1062,929,1013,1048,1098,997,1019,988,929,1055,66,1047,1001,1057,1058,1104,1112,281,1078,679,684,982,918,1080,988,1050,1086,1153,958,1094,157,1099,936,1004,1113,1043,1062,1027,951,1009,1060,917,996,994,1125,1146,1017,1055,855,0,1082,996,991,638,0,787,1074,911,980,917
1355,1029,1031,1052,1069,1097,1071,300,1025,1044,994,987,990,662,1025,1113,864,1069,962,998,1066,1064,1029,984,1032,990,1020,883,991,1009,1035,605,1055,976,1000,952,1112,1063,931,1013,1049,1091,997,1019,991,933,1054,67,1044,1007,1060,1058,1106,1112,284,1078,678,689,991,922,1083,988,1052,1086,1154,959,1096,159,1096,938,1010,1110,1042,1061,1026,954,1011,1065,915,1003,996,1121,1143,1020,1057,861,0,1083,1000,996,640,0,788,1073,913,985,917
1356,1026,1030,1054,1070,1099,1073,299,1025,1042,989,995,991,660,1026,1113,867,1072,961,1001,1066,1066,1025,984,1035,990,1018,886,990,1011,1034,609,1058,978,999,951,1111,1058,937,1015,1050,1095,999,1021,991,937,1055,67,1044,1012,1065,1058,1107,1117,284,1074,679,686,990,922,1085,982,1053,1086,1151,959,1096,159,1098,939,1008,1109,1041,1064,1029,956,1014,1070,913,1001,995,1120,1143,1022,1057,872,0,1081,998,995,642,0,790,1068,921,986,918
1357,1027,1030,1053,1070,1099,1072,301,1026,1047,991,997,991,663,1029,1113,869,1073,959,1003,1070,1064,1027,986,1034,990,1019,891,988,1013,1034,613,1056,979,1000,951,1111,1059,937,1015,1052,1092,1006,1020,989,940,1053,67,1042,1015,1066,1066,1106,1123,286,1074,681,689,987,919,1085,980,1059,1091,1151,965,1098,160,1103,935,1008,1112,1043,1064,1027,952,1017,1076,914,1007,992,1119,1145,1027,1056,875,0,1082,997,996,645,0,794,1071,923,988,918
1358,1026,1032,1051,1070,1099,1074,304,1025,1050,992,1000,989,668,1028,1113,871,1073,961,1005,1070,1065,1029,984,1033,988,1023,896,990,1012,1031,618,1058,984,997,955,1113,1061,942,1015,1050,1094,1010,1026,988,941,1054,68,1043,1018,1065,1066,1104,1123,285,1075,688,692,990,921,1079,978,1058,1090,1148,965,1101,160,1101,936,1006,1117,1043,1065,1029,954,1016,1077,910,1009,991,1115,1144,1027,1051,882,0,1082,996,1001,648,0,797,1073,926,990,921
1359,1023,1028,1054,1070,1097,1073,305,1027,1053,990,1002,991,668,1033,1111,873,1073,963,1006,1069,1064,1030,984,1030,989,1020,897,991,1015,1031,622,1057,991,999,952,1119,1059,942,1013,1050,1095,1014,1023,987,941,1055,69,1047,1014,1062,1064,1102,1126,288,1076,689,693,985,926,1080,978,1056,1090,1149,967,1104,161,1098,934,1007,1117,1044,1067,1028,956,1017,1079,910,1008,988,1117,1144,1031,1051,884,0,1084,990,1005,646,0,801,1069,930,990,922
1360,1023,1024,1055,1067,1095,1074,308,1032,1057,989,1002,990,668,1037,1108,874,1072,968,1009,1065,1067,1035,981,1025,988,1017,904,988,1018,1030,623,1058,993,999,955,1119,1060,943,1014,1053,1097,1022,1028,988,944,1053,69,1047,1015,1065,1066,1101,1125,289,1081,691,699,992,926,1078,976,1058,1089,1150,971,1104,165,1096,935,1007,1123,1044,1067,1027,958,1018,1081,909,1007,986,1117,1147,1029,1052,888,0,1084,990,1007,648,0,807,1071,931,996,925
1361,1025,1025,1057,1072,1091,1076,315,1031,1061,990,1005,995,670,1036,1104,875,1071,970,1011,1068,1064,1037,981,1022,987,1015,907,989,1017,1032,626,1057,995,998,952,1124,1065,944,1011,1050,1099,1020,1029,988,938,1051,69,1051,1017,1066,1072,1101,1124,292,1079,695,702,996,928,1078,977,1057,1090,1155,978,1108,166,1095,934,1007,1125,1043,1069,1028,961,1018,1086,907,1014,980,1117,1147,1033,1060,890,0,1084,983,1009,651,0,808,1073,932,992,931
1362,1023,1030,1061,1076,1088,1074,315,1032,1065,990,1008,997,674,1039,1106,878,1074,969,1010,1067,1062,1030,981,1026,987,1017,913,989,1016,1032,625,1062,995,997,957,1121,1069,951,1011,1046,1102,1025,1033,989,940,1053,69,1051,1018,1069,1076,1100,1119,293,1076,697,706,999,932,1079,975,1058,1086,1153,977,1108,166,1091,930,1007,1127,1044,1071,1027,967,1020,1084,906,1016,975,1120,1144,1035,1058,890,0,1085,981,1012,652,0,808,1073,936,994,932
1363,1027,1030,1060,1075,1089,1075,318,1036,1070,985,1018,996,672,1039,1110,883,1068,968,1008,1067,1061,1034,982,1024,985,1016,911,988,1015,1032,627,1061,994,998,956,1123,1070,948,1013,1049,1100,1028,1040,994,941,1054,69,1048,1019,1071,1076,1102,1120,293,1074,705,706,999,936,1078,973,1056,1085,1152,977,1111,167,1092,926,1008,1126,1043,1074,1025,968,1030,1086,905,1020,969,1120,1142,1035,1060,890,0,1082,981,1014,655,0,810,1065,938,994,935
1364,1030,1026,1061,1076,1083,1074,320,1042,1071,982,1017,996,676,1044,1107,888,1066,964,1011,1068,1067,1035,983,1023,987,1018,915,990,1018,1031,630,1062,992,997,956,1125,1071,950,1008,1048,1100,1031,1042,990,944,1051,71,1044,1020,1065,1080,1102,1122,296,1083,705,706,1001,937,1073,975,1054,1084,1154,978,1107,165,1093,926,1011,1131,1044,1077,1021,969,1029,1087,905,1024,968,1121,1144,1038,1061,890,0,1080,980,1014,658,0,814,1068,939,992,937
1365,1027,1026,1058,1075,1084,1073,321,1046,1072,982,1015,994,677,1046,1110,891,1062,962,1014,1066,1066,1034,986,1022,991,1010,918,989,1025,1032,629,1059,992,998,959,1120,1074,952,1007,1052,1101,1034,1043,986,947,1053,72,1045,1021,1062,1080,1099,1124,297,1082,708,706,1006,936,1072,971,1055,1086,1153,981,1107,166,1095,925,1011,1132,1043,1079,1023,970,1032,1082,906,1026,967,1125,1144,1041,1063,900,0,1081,982,1016,665,0,815,1066,940,992,941
1366,1030,1024,1057,1073,1086,1079,324,1043,1071,982,1019,994,681,1050,1110,899,1062,961,1014,1062,1065,1033,984,1022,992,1007,926,994,1025,1032,631,1059,995,1002,965,1117,1073,957,1004,1053,1097,1036,1041,988,949,1054,72,1044,1018,1062,1081,1100,1127,301,1084,710,709,1010,938,1076,972,1058,1084,1155,982,1108,168,1096,927,1010,1137,1040,1080,1020,970,1035,1079,903,1027,968,1125,1144,1042,1063,902,0,1076,984,1023,667,0,819,1066,941,994,946
1367,1025,1023,1055,1072,1089,1080,324,1049,1072,979,1024,994,682,1053,1114,899,1062,956,1016,1063,1064,1033,982,1023,992,1008,931,997,1024,1034,637,1060,999,1002,966,1115,1068,958,1000,1054,1100,1035,1042,989,952,1052,73,1043,1017,1063,1082,1102,1127,304,1083,712,715,1010,942,1077,972,1058,1083,1159,984,1107,170,1090,926,1006,1141,1041,1080,1022,976,1035,1077,905,1028,967,1123,1145,1046,1064,903,0,1074,987,1027,668,0,822,1061,942,996,948
1368,1026,1022,1052,1071,1085,1086,326,1048,1074,982,1022,994,682,1054,1116,900,1062,954,1019,1063,1063,1037,980,1025,987,1008,929,996,1026,1034,638,1066,1005,1002,961,1120,1062,963,998,1051,1098,1040,1043,993,955,1051,73,1044,1018,1061,1081,1098,1127,307,1083,715,722,1011,943,1079,972,1057,1087,1158,987,1104,171,1088,926,1005,1141,1042,1083,1023,977,1038,1082,907,1035,966,1125,1145,1046,1067,910,0,1071,989,1030,671,0,825,1059,944,993,950
1369,1025,1020,1055,1074,1087,1083,326,1046,1075,982,1022,995,689,1055,1112,906,1063,955,1024,1059,1067,1038,985,1030,988,1006,930,996,1026,1032,645,1064,1008,1002,963,1125,1062,960,1000,1051,1098,1043,1044,995,958,1051,73,1045,1018,1059,1081,1102,1129,306,1083,717,728,1013,948,1086,973,1060,1085,1157,991,1109,171,1085,924,1004,1139,1040,1085,1022,984,1038,1085,909,1041,966,1124,1145,1050,1068,914,0,1069,986,1026,673,0,827,1059,948,997,952
1370,1027,1018,1052,1071,1086,1084,329,1045,1076,978,1023,992,691,1056,1110,905,1064,954,1024,1060,1067,1047,986,1026,985,1007,933,999,1030,1029,645,1067,1010,1006,972,1125,1061,960,1000,1054,1097,1042,1045,1003,958,1051,74,1043,1020,1058,1080,1099,1128,307,1080,721,735,1013,947,1086,972,1063,1082,1159,994,1111,171,1087,921,1003,1141,1039,1082,1025,987,1044,1089,908,1044,966,1127,1145,1055,1067,918,0,1069,986,1027,677,0,831,1059,950,994,954
1371,1031,1014,1052,1071,1087,1079,330,1044,1076,979,1025,991,695,1056,1112,910,1058,952,1022,1062,1065,1046,985,1026,982,1006,932,996,1030,1031,649,1066,1014,1007,970,1123,1061,960,999,1053,1101,1047,1055,1009,958,1050,74,1048,1017,1059,1080,1096,1126,308,1083,724,741,1016,949,1086,972,1063,1085,1158,995,1116,173,1089,919,1005,1141,1038,1083,1026,990,1050,1090,908,1040,966,1128,1143,1061,1066,920,0,1071,983,1028,683,0,834,1063,952,999,953
1372,1027,1019,1052,1070,1088,1075,332,1043,1073,974,1024,995,698,1063,1117,910,1058,949,1028,1053,1065,1046,983,1027,985,1006,931,992,1031,1032,652,1063,1014,1008,977,1121,1062,959,996,1048,1103,1051,1058,1013,964,1051,74,1049,1019,1060,1082,1096,1128,309,1084,727,747,1021,953,1087,968,1065,1082,1159,998,1116,177,1084,917,1000,1147,1039,1086,1026,992,1051,1098,906,1041,967,1127,1139,1064,1069,923,0,1072,981,1033,685,0,838,1058,958,1001,952
1373,1023,1015,1049,1068,1089,1078,332,1041,1078,974,1024,991,705,1063,1118,912,1059,950,1029,1052,1065,1046,983,1033,984,1008,933,994,1037,1034,659,1067,1021,1014,979,1123,1065,962,998,1049,1102,1055,1061,1015,963,1049,74,1047,1021,1062,1081,1097,1128,312,1087,732,754,1021,958,1088,971,1063,1083,1161,1000,1116,178,1082,918,995,1147,1040,1094,1022,996,1055,1099,905,1044,964,1124,1136,1067,1067,930,0,1077,981,1031,692,0,844,1062,965,1003,958
1374,1021,1015,1046,1067,1094,1079,336,1043,1077,978,1026,988,708,1064,1118,920,1056,948,1026,1051,1069,1046,986,1035,984,1011,936,996,1041,1036,664,1068,1030,1014,979,1122,1060,960,992,1050,1100,1055,1065,1018,962,1051,75,1050,1021,1062,1082,1095,1129,314,1089,735,757,1025,960,1091,973,1062,1085,1162,1002,1121,181,1078,916,996,1148,1045,1094,1021,997,1054,1100,905,1045,960,1125,1137,1066,1074,932,0,1076,977,1032,696,0,844,1066,968,1000,961
1375,1023,1014,1047,1065,1095,1086,338,1046,1078,976,1028,987,711,1063,1117,922,1059,948,1027,1051,1072,1048,988,1038,984,1009,940,995,1048,1036,665,1066,1029,1011,981,1122,1062,959,994,1049,1101,1054,1068,1022,962,1054,79,1052,1023,1063,1082,1094,1129,315,1083,743,759,1024,958,1091,970,1061,1087,1161,1010,1121,182,1076,913,996,1150,1050,1098,1021,1001,1058,1107,907,1044,956,1125,1137,1063,1078,934,0,1076,976,1030,698,0,843,1064,972,1008,966
1376,1025,1014,1042,1062,1096,1088,337,1046,1077,968,1028,986,718,1061,1117,921,1059,950,1028,1051,1071,1049,990,1038,984,1011,937,996,1049,1040,664,1066,1032,1012,983,1124,1059,963,994,1051,1101,1056,1067,1023,961,1054,79,1055,1022,1064,1083,1097,1128,317,1084,748,762,1030,959,1094,969,1059,1086,1159,1009,1120,183,1075,909,997,1154,1049,1098,1016,1002,1060,1106,904,1044,954,1124,1137,1063,1077,936,0,1074,973,1032,702,0,845,1065,973,1010,963
1377,1026,1015,1039,1056,1097,1092,339,1045,1079,967,1034,990,719,1056,1116,924,1060,949,1030,1049,1070,1051,990,1038,983,1009,940,994,1054,1042,666,1065,1030,1010,983,1123,1060,965,992,1051,1101,1056,1070,1022,966,1052,80,1054,1018,1064,1081,1095,1127,320,1079,751,762,1041,961,1092,969,1058,1085,1157,1007,1120,184,1077,907,999,1157,1048,1098,1018,999,1060,1106,907,1048,949,1125,1136,1069,1074,943,0,1072,975,1037,700,0,846,1070,972,1013,968
1378,1025,1014,1041,1056,1099,1095,340,1042,1078,966,1038,985,725,1060,1118,926,1057,945,1035,1049,1065,1056,992,1040,978,1012,943,996,1055,1046,666,1064,1031,1008,983,1121,1060,965,989,1052,1100,1061,1072,1024,969,1052,80,1058,1019,1067,1085,1097,1128,321,1073,753,770,1038,965,1095,968,1059,1084,1156,1011,1118,184,1076,905,998,1157,1051,1101,1017,999,1057,1107,904,1049,947,1127,1138,1069,1074,945,0,1068,975,1038,702,0,844,1068,973,1015,971
1379,1026,1014,1042,1057,1100,1098,341,1043,1081,966,1037,984,726,1060,1116,931,1059,944,1035,1044,1064,1056,991,1041,979,1016,941,997,1054,1043,673,1070,1033,1005,983,1119,1061,965,990,1052,1100,1063,1075,1024,970,1053,79,1060,1019,1068,1080,1094,1125,322,1074,754,770,1036,974,1097,968,1057,1087,1158,1008,1121,185,1079,905,999,1157,1048,1105,1015,1001,1057,1109,903,1052,947,1127,1138,1073,1076,947,0,1067,974,1039,704,0,847,1072,977,1016,971
1380,1029,1014,1043,1056,1096,1102,346,1047,1081,966,1040,983,730,1059,1119,929,1055,943,1034,1042,1064,1051,989,1042,980,1019,942,996,1052,1040,679,1074,1034,1004,983,1120,1058,967,988,1052,1098,1064,1076,1026,969,1054,80,1059,1019,1066,1085,1096,1127,322,1074,757,773,1040,978,1098,965,1056,1085,1164,1014,1123,186,1077,903,999,1159,1040,1112,1014,1000,1062,1111,904,1052,939,1127,1138,1071,1071,948,0,1068,975,1043,711,0,852,1074,980,1021,974
1381,1029,1018,1042,1052,1096,1100,350,1045,1085,966,1039,979,734,1066,1120,931,1053,942,1036,1042,1065,1049,988,1040,979,1020,945,997,1052,1036,686,1077,1032,1005,992,1122,1059,968,985,1061,1097,1066,1077,1022,968,1053,80,1060,1021,1067,1088,1098,1134,327,1075,760,777,1040,978,1101,967,1054,1085,1163,1015,1127,187,1077,898,997,1164,1040,1113,1015,1003,1064,1108,902,1052,935,1131,1139,1072,1073,958,0,1066,972,1046,714,0,857,1075,986,1024,977
1382,1031,1019,1042,1050,1097,1099,351,1045,1089,966,1040,979,735,1066,1122,932,1049,940,1036,1038,1067,1053,986,1039,982,1022,949,995,1050,1037,691,1079,1042,1006,991,1127,1056,972,980,1062,1099,1067,1081,1023,971,1049,79,1067,1023,1068,1089,1097,1140,328,1078,760,777,1040,975,1102,966,1053,1083,1162,1023,1132,188,1079,898,1000,1165,1040,1113,1010,1011,1063,1102,900,1049,929,1130,1141,1074,1071,963,0,1063,969,1049,718,0,860,1077,991,1020,978
1383,1032,1020,1041,1049,1101,1101,351,1046,1087,967,1044,977,741,1068,1125,939,1046,937,1036,1038,1067,1059,990,1033,980,1022,951,996,1051,1036,696,1075,1042,1005,992,1124,1054,973,981,1062,1093,1072,1094,1025,975,1046,83,1068,1024,1069,1088,1097,1135,333,1080,762,780,1044,980,1103,967,1053,1083,1162,1023,1137,189,1078,899,999,1162,1042,1115,1007,1015,1064,1101,892,1052,924,1129,1141,1074,1072,967,0,1061,967,1050,723,0,867,1074,993,1023,983
1384,1038,1021,1037,1051,1107,1104,350,1052,1085,967,1050,978,747,1068,1125,940,1047,939,1033,1038,1064,1065,989,1032,979,1020,956,996,1054,1030,700,1077,1044,1008,992,1122,1053,980,978,1058,1096,1072,1094,1024,977,1046,84,1068,1025,1066,1088,1096,1139,335,1083,765,782,1044,979,1104,971,1050,1083,1160,1031,1137,191,1076,898,1005,1161,1038,1113,1004,1019,1066,1100,892,1052,922,1126,1140,1078,1073,971,0,1056,961,1050,723,0,871,1081,993,1024,987
1385,1039,1016,1032,1058,1103,1109,354,1056,1086,966,1048,977,751,1069,1121,936,1050,934,1035,1036,1061,1068,991,1031,977,1016,959,996,1054,1031,705,1074,1046,1005,997,1125,1053,986,976,1060,1096,1072,1091,1025,979,1044,84,1068,1021,1068,1087,1097,1147,340,1084,772,785,1042,982,1106,969,1048,1083,1158,1035,1135,194,1073,897,1004,1162,1039,1114,1004,1022,1066,1102,890,1056,922,1127,1139,1086,1071,974,0,1060,961,1052,728,0,875,1082,997,1025,995
1386,1038,1013,1033,1059,1101,1109,356,1060,1084,968,1050,978,753,1066,1123,941,1046,932,1040,1039,1066,1070,987,1029,977,1014,963,997,1058,1031,711,1073,1042,1005,997,1125,1052,987,974,1062,1093,1075,1090,1028,980,1049,84,1067,1022,1064,1088,1093,1143,344,1085,772,788,1040,987,1109,969,1045,1080,1156,1039,1138,197,1069,894,1000,1165,1041,1115,1004,1018,1071,1103,891,1059,922,1127,1138,1087,1066,976,0,1061,960,1052,735,0,880,1084,1000,1024,998
1387,1038,1011,1037,1058,1101,1109,359,1063,1087,966,1059,979,752,1066,1115,940,1046,934,1040,1041,1066,1068,991,1032,978,1012,965,996,1062,1031,712,1081,1047,1006,997,1126,1057,986,977,1065,1090,1076,1089,1029,979,1046,84,1067,1016,1060,1086,1091,1147,346,1084,775,790,1038,991,1110,963,1043,1075,1155,1041,1142,197,1066,892,999,1168,1036,1114,1003,1019,1068,1103,889,1060,925,1128,1141,1085,1068,980,0,1061,960,1050,741,0,884,1086,1002,1023,999
1388,1037,1012,1032,1058,1098,1107,362,1064,1088,960,1059,978,753,1065,1116,943,1044,932,1042,1040,1067,1068,991,1033,979,1010,969,1000,1067,1027,717,1081,1049,1006,996,1125,1056,990,980,1067,1090,1077,1090,1032,980,1046,88,1064,1013,1057,1085,1088,1153,349,1086,781,792,1041,993,1115,959,1046,1071,1157,1045,1142,199,1065,891,996,1173,1035,1117,1004,1024,1070,1102,888,1065,921,1128,1139,1085,1062,985,0,1061,958,1046,742,0,886,1085,1007,1023,997
1389,1037,1012,1029,1057,1100,1106,362,1064,1091,961,1058,977,756,1067,1121,946,1038,934,1045,1040,1065,1070,989,1038,975,1008,973,994,1069,1030,720,1081,1050,1006,997,1126,1056,990,979,1070,1091,1078,1095,1033,984,1050,89,1066,1014,1057,1083,1083,1151,351,1083,785,792,1042,992,1116,959,1046,1071,1153,1045,1136,203,1067,891,996,1174,1034,1115,1006,1030,1073,1102,883,1062,921,1135,1138,1087,1061,988,0,1063,956,1044,746,0,889,1088,1006,1022,998
1390,1037,1013,1027,1057,1094,1105,366,1067,1092,960,1060,976,762,1067,1120,950,1042,931,1049,1036,1067,1074,986,1043,970,1007,982,995,1071,1025,723,1084,1056,1007,996,1127,1053,991,975,1073,1086,1074,1097,1037,986,1047,90,1064,1017,1058,1083,1075,1152,353,1082,792,797,1047,998,1113,955,1045,1075,1154,1048,1137,204,1064,892,994,1174,1038,1114,1005,1031,1077,1102,883,1063,919,1137,1137,1090,1059,986,0,1060,958,1049,751,0,891,1089,1010,1022,1000
1391,1037,1012,1028,1061,1092,1105,369,1067,1091,958,1065,975,767,1068,1122,953,1042,931,1051,1036,1067,1073,986,1045,973,1010,982,996,1074,1023,727,1083,1061,1010,999,1129,1052,992,975,1073,1087,1076,1100,1041,991,1044,90,1067,1020,1058,1092,1075,1155,356,1081,798,805,1048,1002,1114,957,1045,1077,1159,1049,1137,207,1063,891,996,1178,1040,1114,1003,1031,1075,1106,881,1064,919,1138,1137,1094,1056,992,0,1058,958,1047,754,0,895,1089,1013,1019,1003
1392,1037,1013,1030,1061,1094,1105,373,1070,1091,956,1070,977,767,1071,1119,958,1044,930,1052,1035,1069,1076,986,1050,972,1008,989,997,1078,1023,728,1084,1066,1012,1001,1129,1049,994,970,1073,1087,1076,1105,1038,991,1041,90,1070,1024,1058,1092,1075,1152,358,1075,802,807,1050,1008,1120,952,1045,1075,1158,1056,1137,208,1064,887,998,1178,1043,1115,1002,1035,1073,1109,880,1065,918,1140,1139,1096,1054,992,0,1054,957,1047,760,0,898,1091,1017,1022,1005
1393,1038,1018,1030,1061,1092,1106,373,1070,1089,957,1073,970,769,1072,1121,957,1042,930,1055,1035,1070,1077,982,1050,969,1006,988,1000,1082,1023,732,1080,1065,1015,1007,1130,1046,994,965,1068,1084,1076,1102,1036,992,1039,91,1069,1025,1057,1092,1074,1149,358,1074,803,808,1052,1012,1119,951,1046,1072,1155,1057,1135,209,1064,886,998,1180,1041,1119,1000,1037,1079,1111,878,1063,921,1140,1139,1103,1054,997,0,1051,954,1052,765,0,903,1095,1020,1025,1010
1394,1033,1018,1026,1060,1086,1104,372,1071,1094,959,1074,969,767,1071,1120,963,1040,929,1053,1037,1070,1077,982,1054,969,1002,995,999,1083,1025,730,1081,1065,1011,1013,1137,1049,997,963,1068,1085,1080,1101,1037,998,1037,92,1067,1027,1062,1084,1074,1148,357,1074,809,814,1056,1011,1122,949,1043,1072,1158,1062,1133,210,1064,885,998,1180,1041,1116,999,1038,1077,1116,875,1063,915,1136,1137,1103,1059,1002,0,1049,955,1052,772,0,908,1089,1022,1032,1011
1395,1036,1014,1023,1060,1090,1109,375,1069,1099,957,1077,971,769,1073,1121,967,1042,927,1054,1035,1069,1079,980,1052,966,1006,998,997,1084,1018,730,1085,1069,1012,1010,1141,1045,997,964,1072,1085,1082,1103,1035,1000,1034,93,1068,1031,1061,1080,1072,1149,360,1077,815,819,1061,1013,1120,945,1040,1070,1157,1062,1138,215,1062,883,1002,1178,1039,1116,1000,1039,1075,1122,873,1063,912,1134,1136,1102,1058,1008,0,1046,951,1053,773,0,913,1091,1021,1032,1010
1396,1035,1012,1025,1061,1088,1103,376,1067,1098,957,1076,969,772,1072,1118,969,1039,925,1054,1034,1070,1079,977,1051,968,1007,1002,996,1087,1015,734,1091,1070,1013,1011,1136,1041,994,962,1077,1085,1083,1104,1032,998,1033,93,1070,1029,1059,1083,1071,1146,361,1075,816,821,1062,1014,1121,946,1040,1068,1157,1064,1135,220,1061,885,1003,1180,1035,1116,997,1042,1075,1122,871,1065,912,1132,1134,1103,1055,1012,0,1042,949,1053,776,0,922,1086,1021,1033,1012
1397,1042,1008,1025,1061,1086,1103,380,1065,1098,955,1078,966,773,1072,1115,973,1039,921,1056,1031,1064,1079,977,1048,969,1005,1001,994,1086,1013,734,1093,1070,1013,1007,1137,1041,992,964,1079,1086,1084,1113,1035,998,1033,97,1072,1027,1059,1081,1069,1151,363,1072,819,825,1066,1013,1121,946,1037,1070,1160,1069,1136,221,1059,886,1002,1181,1034,1119,993,1037,1074,1118,867,1066,913,1130,1135,1109,1057,1010,0,1039,953,1057,784,0,923,1088,1024,1033,1016
1398,1039,1006,1025,1060,1090,1103,384,1060,1098,955,1083,963,780,1073,1113,972,1038,917,1062,1029,1065,1081,979,1045,967,1009,1007,997,1091,1014,736,1098,1073,1013,1013,1139,1043,994,961,1083,1085,1086,1114,1039,997,1031,98,1070,1030,1063,1083,1070,1153,369,1068,827,830,1066,1016,1120,946,1038,1069,1159,1068,1137,223,1060,884,1003,1177,1030,1119,990,1038,1070,1114,863,1068,910,1126,1135,1109,1059,1015,0,1040,957,1063,785,0,925,1089,1023,1035,1016
1399,1040,1007,1029,1060,1086,1105,382,1064,1092,953,1090,966,778,1077,1114,976,1037,915,1063,1033,1066,1080,981,1043,966,1011,1014,996,1091,1013,737,1097,1080,1014,1012,1139,1043,998,962,1083,1086,1089,1115,1041,998,1030,98,1068,1028,1060,1081,1068,1150,373,1064,831,835,1070,1019,1117,947,1035,1067,1159,1073,1139,228,1062,886,1004,1175,1031,1126,988,1041,1071,1110,860,1067,909,1125,1135,1110,1062,1014,0,1037,954,1069,785,0,927,1091,1029,1039,1016
1400,1039,1004,1027,1059,1083,1108,388,1063,1091,953,1089,963,783,1078,1116,979,1034,913,1062,1032,1066,1083,981,1042,966,1008,1018,995,1092,1005,744,1096,1081,1013,1014,1139,1046,997,961,1085,1089,1087,1117,1044,1001,1033,98,1071,1033,1063,1079,1063,1150,375,1068,827,834,1072,1025,1119,948,1031,1063,1161,1073,1140,230,1061,887,1003,1177,1028,1131,983,1038,1071,1112,858,1070,908,1129,1132,1113,1063,1018,0,1040,950,1070,789,0,928,1093,1030,1040,1019
1401,1040,1002,1024,1058,1087,1109,388,1065,1091,947,1087,965,781,1077,1115,983,1038,911,1065,1032,1068,1081,981,1042,968,1008,1020,997,1093,1005,748,1094,1084,1014,1012,1138,1045,999,958,1087,1089,1091,1116,1045,1001,1031,98,1074,1034,1070,1079,1065,1148,377,1067,833,837,1074,1030,1117,946,1027,1060,1161,1069,1143,231,1062,889,1004,1176,1031,1131,982,1039,1073,1113,856,1071,907,1128,1133,1116,1061,1021,0,1040,949,1071,788,0,938,1097,1031,1039,1025
1402,1038,1003,1022,1059,1086,1109,392,1068,1092,948,1090,966,789,1076,1113,984,1038,911,1067,1033,1068,1083,979,1037,967,1005,1021,995,1094,1002,749,1093,1084,1013,1013,1142,1045,1006,956,1084,1087,1094,1118,1051,1002,1031,99,1071,1032,1067,1081,1063,1150,380,1064,834,844,1075,1030,1117,942,1024,1059,1161,1064,1142,231,1061,887,1004,1173,1028,1131,982,1040,1073,1113,854,1071,902,1129,1132,1111,1057,1022,0,1037,952,1069,791,0,940,1095,1031,1040,1027
1403,1038,999,1024,1057,1085,1113,392,1069,1092,947,1092,965,789,1076,1110,988,1034,910,1066,1030,1075,1083,981,1039,967,1002,1025,994,1091,999,753,1094,1081,1008,1018,1143,1042,1005,956,1083,1084,1095,1123,1056,1003,1033,101,1071,1032,1066,1078,1066,1146,387,1059,832,847,1082,1032,1114,941,1026,1059,1161,1064,1141,232,1062,884,1003,1174,1031,1132,982,1036,1072,1114,856,1076,902,1131,1133,1112,1057,1023,0,1039,951,1071,794,0,947,1097,1033,1045,1025
1404,1037,995,1021,1057,1083,1116,395,1070,1097,947,1088,963,791,1077,1111,994,1037,909,1063,1029,1077,1077,981,1044,967,1006,1025,999,1094,999,757,1087,1083,1011,1017,1144,1041,1003,950,1081,1088,1094,1126,1057,1001,1034,102,1066,1040,1070,1078,1063,1149,388,1061,833,851,1085,1032,1115,939,1021,1050,1159,1062,1141,233,1060,882,1002,1171,1028,1132,981,1034,1071,1114,856,1078,905,1132,1132,1112,1056,1024,0,1037,948,1069,800,0,955,1094,1031,1046,1029
1405,1040,992,1017,1061,1082,1116,397,1070,1098,949,1096,958,795,1075,1110,1000,1035,910,1064,1025,1072,1074,979,1048,969,1003,1032,994,1095,995,758,1083,1083,1006,1017,1141,1036,1007,951,1079,1082,1096,1129,1059,1002,1026,102,1062,1039,1067,1076,1063,1150,388,1059,831,856,1085,1032,1112,938,1019,1055,1157,1067,1143,234,1057,877,1002,1172,1027,1132,982,1037,1072,1114,855,1082,903,1128,1131,1117,1060,1026,0,1033,946,1074,801,0,959,1095,1031,1049,1032
1406,1043,990,1023,1062,1081,1117,398,1073,1096,946,1098,958,803,1078,1109,1002,1035,908,1067,1022,1074,1072,971,1048,967,1002,1039,995,1093,992,760,1082,1079,1004,1017,1141,1035,1009,947,1081,1084,1097,1133,1062,1002,1029,102,1064,1039,1064,1080,1064,1146,389,1060,836,854,1089,1034,1111,939,1019,1054,1157,1070,1145,236,1055,876,998,1173,1025,1132,979,1036,1072,1117,849,1079,903,1126,1128,1117,1060,1023,0,1030,950,1081,804,0,967,1091,1032,1047,1030
1407,1046,982,1024,1065,1083,1121,401,1075,1094,942,1096,954,809,1079,1109,1004,1035,908,1069,1024,1072,1073,971,1046,966,1002,1042,993,1095,989,762,1077,1081,1001,1020,1144,1033,1012,945,1080,1080,1100,1136,1065,1000,1027,103,1066,1037,1070,1077,1063,1142,392,1057,841,858,1094,1032,1108,939,1017,1057,1157,1071,1142,241,1056,875,999,1170,1027,1134,977,1037,1072,1121,851,1080,903,1127,1127,1116,1058,1028,0,1028,948,1082,805,0,965,1092,1032,1045,1031
1408,1052,987,1026,1061,1085,1121,406,1076,1098,939,1096,954,810,1079,1110,1003,1030,906,1069,1020,1074,1073,963,1048,962,1002,1049,992,1093,984,764,1078,1081,1001,1020,1144,1032,1012,942,1078,1076,1099,1139,1066,1000,1025,103,1067,1033,1069,1078,1061,1143,393,1054,847,862,1099,1034,1110,942,1018,1055,1155,1076,1143,242,1060,876,996,1168,1026,1133,975,1037,1072,1119,849,1080,903,1129,1126,1117,1055,1033,0,1027,949,1084,809,0,971,1092,1033,1045,1027
1409,1056,987,1028,1060,1087,1126,407,1075,1100,940,1100,952,809,1081,1108,1006,1030,906,1075,1015,1074,1071,962,1049,963,999,1048,994,1092,981,766,1080,1086,999,1018,1144,1032,1016,936,1078,1074,1096,1139,1070,1003,1024,106,1064,1034,1069,1077,1060,1142,397,1053,851,864,1103,1039,1111,941,1016,1055,1149,1074,1143,241,1059,876,995,1166,1024,1134,971,1037,1073,1117,845,1082,902,1125,1124,1114,1059,1031,0,1028,949,1082,818,0,976,1091,1031,1039,1033
1410,1058,987,1028,1061,1093,1130,410,1075,1100,938,1103,949,812,1083,1107,1008,1024,907,1080,1013,1076,1077,962,1052,964,998,1046,992,1093,979,771,1080,1090,998,1020,1147,1030,1019,933,1075,1071,1101,1142,1067,1002,1024,108,1062,1036,1070,1073,1060,1143,396,1053,850,865,1103,1041,1110,937,1012,1053,1149,1075,1142,242,1057,876,992,1167,1024,1135,971,1038,1077,1112,844,1083,904,1127,1125,1117,1060,1033,0,1028,947,1085,823,0,973,1091,1037,1041,1032
1411,1057,986,1031,1063,1094,1128,418,1077,1099,936,1106,950,817,1081,1101,1012,1021,906,1083,1012,1076,1076,965,1050,961,999,1046,996,1090,978,772,1082,1090,995,1021,1151,1031,1019,927,1076,1069,1103,1140,1065,1002,1026,108,1054,1037,1074,1072,1063,1141,396,1054,850,868,1101,1041,1109,938,1012,1053,1153,1078,1142,244,1055,875,988,1164,1024,1135,970,1037,1083,1112,842,1085,901,1127,1124,1120,1058,1040,0,1025,944,1087,824,0,975,1088,1040,1044,1032
1412,1057,984,1030,1065,1092,1128,421,1077,1099,935,1106,947,822,1080,1099,1012,1021,906,1081,1010,1072,1077,966,1049,960,998,1052,996,1087,978,774,1075,1094,995,1023,1153,1030,1017,925,1075,1064,1103,1142,1064,1002,1028,109,1056,1040,1074,1072,1060,1141,399,1051,856,870,1100,1041,1108,936,1012,1054,1153,1084,1147,246,1058,877,986,1161,1021,1135,970,1032,1086,1114,838,1088,896,1129,1122,1117,1056,1039,0,1024,942,1087,823,0,977,1085,1043,1044,1033
1413,1056,981,1027,1067,1093,1130,425,1077,1096,932,1106,944,824,1080,1098,1014,1021,908,1081,1008,1073,1080,966,1049,959,1001,1051,992,1086,977,775,1073,1094,993,1024,1150,1029,1015,925,1074,1061,1107,1140,1066,1001,1031,111,1056,1035,1070,1074,1061,1142,399,1051,857,872,1098,1040,1106,936,1009,1054,1152,1081,1147,248,1059,873,984,1164,1023,1137,968,1030,1089,1115,840,1089,892,1132,1123,1112,1057,1043,0,1022,941,1088,829,0,976,1083,1045,1045,1039
1414,1059,983,1025,1065,1093,1133,424,1078,1100,932,1107,941,831,1089,1093,1017,1015,907,1082,1006,1070,1080,964,1057,961,995,1057,987,1090,977,779,1074,1089,989,1023,1153,1028,1018,924,1073,1063,1109,1137,1063,1005,1027,111,1057,1034,1070,1071,1056,1143,398,1051,859,874,1099,1042,1104,937,1009,1053,1153,1079,1146,251,1058,873,983,1163,1027,1139,964,1033,1087,1118,839,1090,889,1133,1124,1109,1057,1046,0,1018,942,1085,836,0,976,1083,1049,1047,1039
1415,1061,982,1025,1065,1090,1133,428,1081,1100,932,1103,940,838,1090,1093,1022,1010,903,1083,1009,1071,1078,966,1059,960,992,1061,985,1091,976,779,1078,1090,984,1031,1154,1026,1019,925,1076,1059,1111,1139,1062,1003,1026,112,1059,1034,1072,1072,1058,1144,406,1053,861,881,1100,1041,1107,936,1011,1052,1153,1078,1146,251,1060,871,980,1164,1030,1143,964,1033,1091,1117,838,1094,888,1132,1124,1110,1055,1052,0,1015,939,1085,843,0,978,1080,1050,1048,1041
1416,1067,983,1029,1070,1090,1134,429,1086,1099,931,1106,937,842,1089,1094,1028,1005,900,1083,1006,1070,1079,964,1060,959,991,1061,985,1092,973,782,1076,1091,980,1029,1156,1027,1020,922,1076,1059,1109,1141,1065,1007,1021,114,1061,1032,1071,1070,1054,1144,408,1051,869,882,1101,1045,1108,933,1011,1052,1149,1081,1148,255,1064,872,980,1161,1029,1148,963,1033,1094,1113,840,1098,889,1130,1125,1110,1054,1055,0,1010,937,1084,847,0,980,1081,1053,1046,1045
1417,1068,980,1026,1070,1089,1129,431,1090,1097,933,1110,937,843,1092,1097,1029,1006,898,1086,1005,1070,1083,958,1058,958,994,1061,984,1090,973,789,1076,1091,981,1029,1155,1027,1019,919,1076,1057,1112,1142,1063,1007,1020,114,1059,1030,1071,1069,1058,1145,407,1048,870,886,1102,1051,1106,935,1010,1050,1149,1082,1151,257,1061,873,979,1164,1030,1149,959,1034,1095,1117,838,1099,889,1130,1127,1116,1053,1054,0,1011,934,1088,846,0,987,1078,1060,1046,1054
1418,1064,976,1025,1070,1086,1126,430,1089,1100,930,1110,936,844,1095,1086,1033,999,898,1087,1002,1066,1081,959,1056,957,991,1062,981,1091,968,797,1073,1091,982,1036,1153,1026,1018,919,1073,1056,1115,1141,1063,1008,1018,115,1059,1029,1073,1068,1061,1145,410,1047,869,892,1102,1056,1102,934,1011,1048,1144,1081,1157,259,1057,873,981,1165,1031,1149,958,1039,1098,1116,837,1099,885,1131,1125,1124,1057,1058,0,1010,934,1090,846,0,990,1077,1058,1043,1054
1419,1062,974,1025,1070,1083,1127,431,1090,1099,928,1113,931,846,1098,1088,1036,994,901,1093,1001,1065,1081,960,1054,959,984,1067,978,1089,966,805,1074,1093,980,1039,1155,1030,1020,919,1072,1055,1119,1142,1064,1009,1017,114,1060,1030,1072,1069,1064,1146,411,1047,874,895,1107,1056,1099,928,1010,1048,1145,1083,1158,261,1056,870,979,1163,1027,1148,955,1037,1100,1119,835,1099,883,1129,1128,1129,1052,1060,0,1009,934,1096,852,0,994,1081,1062,1044,1062
1420,1061,968,1023,1069,1083,1130,432,1090,1105,924,1114,929,852,1098,1089,1044,993,900,1093,998,1068,1085,962,1056,957,984,1069,975,1091,963,807,1067,1092,978,1040,1156,1030,1017,916,1072,1053,1122,1143,1067,1012,1014,115,1061,1023,1073,1066,1063,1144,412,1045,876,893,1110,1058,1102,932,1008,1049,1148,1089,1153,262,1056,869,977,1163,1024,1148,952,1037,1100,1115,832,1099,882,1128,1125,1134,1053,1065,0,1007,936,1095,857,0,995,1084,1063,1047,1066
1421,1062,962,1022,1068,1080,1127,434,1091,1107,921,1116,929,859,1097,1088,1042,993,896,1089,998,1070,1087,963,1057,955,982,1074,974,1088,963,812,1063,1089,976,1045,1155,1030,1018,914,1071,1051,1123,1144,1067,1011,1012,114,1060,1022,1074,1067,1065,1147,415,1042,881,897,1112,1061,1102,931,1009,1051,1149,1090,1157,268,1053,872,977,1163,1026,1144,953,1040,1100,1112,829,1101,877,1125,1120,1135,1054,1067,0,1006,937,1097,858,0,995,1081,1064,1045,1066
1422,1060,961,1018,1068,1077,1124,439,1093,1105,920,1109,927,864,1098,1087,1042,990,893,1089,998,1068,1089,964,1058,953,980,1078,974,1090,966,813,1060,1088,973,1046,1151,1025,1018,909,1073,1048,1123,1143,1070,1009,1007,115,1061,1022,1074,1068,1062,1148,415,1044,889,901,1110,1067,1098,932,1008,1051,1147,1087,1157,271,1051,870,973,1161,1025,1145,950,1039,1103,1112,826,1101,875,1124,1114,1138,1057,1066,0,1005,936,1102,862,0,1003,1081,1065,1044,1068
1423,1060,960,1017,1068,1073,1126,439,1092,1106,918,1110,923,860,1099,1088,1044,989,893,1089,999,1065,1095,960,1060,952,984,1081,974,1091,966,819,1063,1087,974,1044,1151,1025,1027,907,1068,1048,1126,1144,1071,1013,1010,116,1063,1018,1075,1068,1063,1147,419,1044,895,903,1107,1069,1095,932,1006,1048,1146,1088,1158,272,1046,866,972,1162,1028,1146,944,1040,1104,1110,825,1100,872,1126,1112,1141,1058,1069,0,1007,936,1097,863,0,1003,1080,1062,1047,1074
1424,1063,956,1016,1072,1077,1127,441,1091,1105,918,1109,922,863,1099,1082,1046,986,890,1092,998,1067,1093,958,1062,951,984,1083,973,1092,959,822,1067,1089,972,1045,1153,1024,1027,905,1066,1045,1122,1143,1072,1017,1010,118,1062,1018,1071,1072,1064,1148,424,1047,902,904,1112,1070,1093,930,1007,1049,1145,1094,1158,274,1046,862,970,1162,1028,1145,946,1040,1103,1112,822,1100,868,1127,1113,1142,1058,1069,0,1008,939,1094,868,0,1008,1077,1062,1046,1076
1425,1063,952,1015,1070,1076,1123,443,1093,1102,915,1109,920,864,1102,1079,1048,982,889,1089,1005,1065,1096,957,1063,958,982,1086,975,1092,957,826,1069,1086,973,1047,1153,1023,1029,901,1067,1045,1124,1145,1073,1018,1005,118,1058,1021,1067,1073,1060,1145,429,1045,910,907,1113,1070,1097,930,1011,1044,1142,1095,1160,276,1046,860,970,1159,1029,1141,945,1040,1100,1112,817,1104,870,1123,1114,1145,1055,1073,0,1008,940,1098,871,0,1012,1077,1066,1044,1079
1426,1066,951,1010,1070,1074,1124,444,1090,1103,914,1111,918,865,1099,1078,1050,980,889,1091,1007,1062,1096,958,1063,956,979,1090,973,1096,956,824,1071,1087,969,1048,1155,1020,1028,897,1067,1045,1129,1151,1072,1020,1001,120,1064,1024,1067,1073,1062,1144,432,1045,916,911,1114,1069,1095,932,1013,1042,1141,1099,1159,281,1044,858,967,1158,1030,1138,942,1041,1105,1115,814,1107,867,1124,1113,1147,1055,1073,0,1006,941,1104,867,0,1012,1075,1072,1048,1079
1427,1069,947,1007,1076,1070,1123,447,1088,1112,916,1110,913,869,1094,1077,1045,976,887,1094,1006,1061,1101,962,1060,955,981,1093,973,1097,956,827,1073,1092,971,1051,1156,1019,1028,896,1069,1047,1129,1152,1072,1022,1000,123,1064,1023,1065,1072,1062,1142,436,1043,918,911,1116,1069,1098,930,1009,1043,1144,1104,1157,284,1046,855,967,1161,1027,1140,940,1039,1106,1115,812,1108,868,1118,1114,1145,1051,1076,0,1004,936,1105,873,0,1016,1072,1072,1047,1080
1428,1070,947,1009,1075,1071,1119,451,1083,1114,912,1110,912,872,1093,1075,1047,973,886,1093,1005,1061,1100,961,1061,951,975,1093,973,1097,951,831,1076,1089,969,1055,1157,1019,1033,893,1067,1042,1132,1156,1079,1024,1001,124,1064,1022,1064,1072,1067,1137,439,1043,918,919,1118,1067,1099,927,1009,1046,1146,1108,1155,288,1046,854,968,1158,1023,1140,939,1037,1106,1112,809,1107,866,1116,1113,1146,1051,1081,0,1001,933,1106,876,0,1017,1071,1072,1046,1078
1429,1068,947,1011,1072,1067,1118,455,1080,1116,910,1108,909,880,1092,1074,1047,971,884,1096,1005,1058,1101,955,1060,951,974,1101,975,1097,950,835,1076,1090,968,1057,1151,1013,1033,892,1064,1047,1133,1155,1083,1027,1002,125,1054,1022,1064,1072,1060,1137,442,1044,921,924,1122,1069,1098,927,1006,1044,1144,1112,1153,288,1042,853,968,1157,1022,1141,937,1035,1110,1114,803,1111,867,1117,1111,1145,1049,1080,0,1001,932,1111,880,0,1022,1073,1076,1051,1082
1430,1067,946,1012,1073,1066,1118,458,1080,1112,905,1106,905,880,1092,1075,1049,970,886,1096,1004,1058,1102,951,1061,948,969,1105,972,1096,950,843,1077,1090,969,1058,1148,1012,1034,886,1067,1048,1133,1155,1083,1018,1005,126,1055,1026,1064,1071,1064,1138,444,1046,923,930,1124,1068,1099,926,1009,1041,1147,1111,1155,288,1038,853,967,1158,1025,1142,934,1034,1110,1113,799,1114,862,1118,1107,1148,1046,1082,0,999,930,1113,885,0,1023,1075,1083,1049,1081
1431,1069,947,1013,1070,1068,1118,459,1081,1110,902,1106,904,886,1093,1075,1053,971,885,1100,999,1057,1103,949,1056,948,969,1108,966,1096,953,846,1076,1094,968,1060,1150,1010,1036,885,1066,1047,1131,1156,1082,1019,1005,127,1052,1023,1063,1067,1061,1139,451,1046,923,931,1125,1068,1099,923,1005,1039,1147,1110,1158,290,1038,850,964,1158,1027,1139,934,1036,1113,1113,797,1117,859,1121,1108,1142,1044,1087,0,993,932,1115,886,0,1025,1075,1085,1046,1084
1432,1074,944,1006,1071,1070,1118,463,1084,1110,901,1103,901,887,1093,1075,1055,972,881,1103,996,1055,1105,951,1052,946,962,1107,964,1098,949,850,1078,1093,967,1058,1143,1008,1036,885,1066,1047,1135,1155,1085,1024,1005,127,1052,1026,1062,1064,1062,1136,452,1043,925,933,1124,1067,1096,920,1005,1034,1146,1109,1159,291,1037,849,964,1158,1026,1138,935,1035,1107,1114,794,1118,857,1121,1108,1142,1040,1091,0,992,926,1117,886,0,1029,1069,1085,1046,1085
1433,1074,942,1010,1069,1070,1117,469,1086,1111,902,1107,899,886,1094,1074,1061,970,881,1106,995,1053,1107,952,1047,942,962,1106,962,1096,949,851,1082,1091,965,1061,1145,1007,1037,879,1068,1047,1138,1154,1083,1026,1001,129,1051,1024,1060,1062,1059,1137,456,1043,931,934,1126,1064,1094,920,1005,1031,1140,1110,1161,294,1035,847,959,1154,1023,1140,933,1039,1111,1120,792,1123,858,1122,1104,1143,1035,1093,0,991,927,1123,892,0,1032,1070,1085,1047,1083
1434,1075,942,1007,1068,1072,1120,474,1087,1110,901,1109,901,888,1095,1077,1065,971,877,1110,992,1048,1109,950,1049,942,962,1106,959,1098,948,853,1087,1088,963,1060,1142,1008,1041,877,1069,1044,1142,1154,1081,1031,999,128,1048,1025,1056,1065,1058,1137,459,1043,939,944,1123,1064,1091,917,1001,1030,1139,1110,1164,295,1033,846,959,1153,1022,1138,930,1042,1112,1121,792,1125,857,1125,1099,1141,1032,1100,0,991,925,1124,895,0,1033,1066,1089,1048,1086
1435,1081,943,1008,1068,1072,1120,476,1083,1113,900,1111,900,889,1092,1078,1068,972,874,1112,988,1046,1113,949,1047,937,965,1107,957,1096,952,854,1086,1089,959,1060,1137,1006,1044,881,1068,1045,1144,1155,1086,1029,996,130,1046,1024,1056,1067,1054,1134,460,1043,940,947,1124,1066,1090,916,1002,1025,1135,1110,1165,297,1034,842,957,1155,1022,1136,928,1045,1112,1121,791,1128,851,1123,1099,1144,1030,1099,0,985,928,1128,895,0,1040,1068,1093,1048,1088
1436,1082,941,1008,1069,1073,1116,476,1086,1109,901,1115,897,897,1086,1073,1072,969,872,1113,991,1042,1115,947,1047,936,964,1112,955,1095,951,857,1084,1087,960,1058,1139,1005,1044,879,1072,1044,1150,1156,1088,1031,990,131,1045,1022,1054,1066,1052,1130,463,1043,944,952,1125,1068,1091,916,999,1022,1132,1111,1162,300,1033,840,955,1154,1021,1139,928,1045,1112,1121,794,1125,850,1123,1098,1144,1031,1100,0,985,926,1129,900,0,1041,1066,1091,1047,1091
1437,1083,940,1009,1074,1074,1117,479,1083,1112,902,1116,891,900,1083,1076,1075,966,873,1114,990,1042,1118,946,1048,930,967,1113,953,1097,948,863,1084,1090,961,1054,1139,1006,1041,877,1071,1043,1154,1158,1086,1033,994,131,1044,1022,1052,1065,1051,1128,467,1040,947,955,1126,1070,1086,916,998,1021,1135,1109,1165,302,1034,838,953,1153,1025,1136,928,1052,1115,1127,791,1129,846,1121,1097,1149,1031,1103,0,983,932,1128,906,0,1043,1068,1095,1045,1097
1438,1087,938,1006,1074,1071,1120,487,1083,1110,901,1120,891,900,1087,1077,1076,961,874,1116,988,1043,1117,943,1045,930,971,1115,952,1096,950,869,1088,1089,959,1055,1141,1005,1041,874,1068,1047,1152,1158,1085,1035,992,135,1043,1020,1051,1066,1052,1125,471,1037,952,954,1129,1068,1087,917,994,1021,1134,1113,1163,302,1035,836,952,1155,1025,1134,928,1061,1117,1125,789,1127,843,1119,1095,1148,1028,1106,0,985,927,1129,912,0,1043,1065,1097,1048,1100
1439,1086,936,1003,1076,1068,1123,490,1083,1110,900,1118,893,905,1088,1078,1080,958,870,1115,990,1045,1120,941,1043,926,966,1114,951,1096,949,874,1090,1090,958,1056,1144,1007,1042,868,1067,1045,1154,1157,1089,1041,989,135,1046,1020,1053,1064,1049,1122,474,1037,956,960,1130,1069,1084,917,993,1017,1132,1108,1165,304,1032,834,949,1160,1024,1134,929,1064,1117,1125,787,1130,841,1117,1092,1151,1027,1106,0,984,924,1133,912,0,1042,1067,1102,1050,1101
1440,1084,936,1003,1075,1066,1124,492,1084,1111,900,1123,892,907,1090,1078,1083,954,868,1112,992,1047,1115,943,1043,926,964,1113,950,1095,947,881,1090,1092,957,1059,1144,1010,1043,868,1071,1046,1157,1156,1089,1037,986,137,1044,1019,1055,1062,1047,1122,482,1036,967,961,1131,1070,1085,913,996,1019,1130,1111,1166,304,1032,830,949,1163,1026,1137,928,1067,1118,1128,785,1136,841,1118,1092,1155,1025,1110,0,981,924,1135,915,0,1043,1067,1098,1052,1100
1441,1085,937,1001,1077,1067,1121,497,1088,1109,899,1125,891,906,1088,1078,1084,954,866,1113,989,1045,1109,938,1040,924,967,1116,949,1095,947,890,1089,1095,953,1059,1141,1010,1046,867,1073,1046,1155,1160,1090,1036,984,137,1044,1017,1054,1057,1042,1125,484,1038,973,965,1132,1073,1079,912,994,1018,1129,1109,1169,306,1034,826,945,1165,1026,1136,924,1067,1119,1131,784,1137,839,1115,1092,1152,1026,1108,0,978,923,1140,916,0,1041,1066,1101,1049,1103
1442,1085,933,1002,1078,1066,1115,503,1090,1112,898,1128,891,909,1088,1077,1084,947,865,1117,990,1045,1110,938,1042,921,963,1116,947,1099,943,898,1089,1101,947,1060,1141,1009,1051,867,1071,1044,1148,1165,1088,1039,977,137,1046,1019,1052,1056,1044,1120,485,1042,977,969,1133,1079,1078,910,992,1019,1128,1112,1170,311,1032,829,941,1170,1025,1140,922,1064,1120,1129,783,1135,835,1111,1088,1148,1023,1110,0,972,921,1139,918,0,1047,1066,1105,1050,1104
1443,1085,930,1001,1076,1066,1118,506,1089,1112,901,1125,890,906,1090,1076,1087,944,864,1122,990,1043,1111,938,1043,920,961,1116,947,1099,939,902,1095,1102,945,1061,1141,1009,1050,864,1067,1046,1149,1168,1091,1041,978,139,1044,1016,1054,1053,1046,1125,485,1043,979,972,1130,1081,1077,907,987,1017,1126,1113,1172,313,1029,827,942,1173,1024,1138,921,1067,1119,1130,780,1138,833,1112,1086,1150,1025,1109,0,970,921,1140,925,0,1053,1067,1108,1048,1099
1444,1085,928,1000,1071,1064,1122,508,1090,1114,897,1129,889,913,1093,1077,1090,945,863,1124,990,1043,1110,939,1042,914,960,1118,945,1096,940,902,1098,1103,947,1064,1144,1007,1053,865,1066,1044,1152,1164,1089,1044,977,144,1049,1015,1054,1055,1044,1124,488,1041,977,976,1128,1083,1077,906,985,1014,1121,1115,1169,315,1029,826,943,1174,1024,1137,919,1065,1118,1130,779,1139,832,1113,1084,1149,1023,1107,0,968,920,1141,926,0,1064,1063,1102,1047,1100
1445,1086,925,999,1070,1064,1119,511,1089,1115,896,1129,891,917,1089,1077,1094,946,861,1130,993,1038,1110,938,1038,913,964,1120,944,1098,938,902,1100,1103,948,1063,1144,1001,1055,864,1064,1044,1152,1166,1088,1047,973,145,1049,1015,1053,1054,1044,1123,487,1043,984,976,1127,1086,1080,902,983,1013,1122,1116,1173,316,1029,825,939,1173,1022,1136,921,1066,1118,1123,779,1142,831,1114,1085,1149,1020,1108,0,966,920,1140,928,0,1066,1063,1106,1049,1103
1446,1089,925,998,1069,1063,1110,511,1092,1110,891,1130,889,916,1090,1076,1097,944,856,1133,992,1036,1110,939,1040,910,961,1122,941,1101,939,902,1094,1101,950,1063,1149,998,1060,861,1061,1045,1157,1168,1088,1048,975,149,1051,1012,1054,1050,1044,1125,484,1042,982,981,1128,1091,1077,901,980,1012,1119,1119,1173,321,1030,825,939,1178,1018,1137,918,1065,1114,1120,774,1147,833,1114,1087,1154,1020,1107,0,966,919,1140,930,0,1069,1059,1103,1051,1106
1447,1093,923,995,1069,1061,1110,515,1092,1113,893,1129,887,917,1093,1076,1098,936,856,1133,987,1035,1113,936,1038,913,962,1123,942,1100,940,906,1092,1103,948,1062,1149,996,1063,862,1057,1044,1158,1167,1089,1051,974,149,1054,1013,1051,1048,1043,1124,485,1038,983,989,1127,1094,1078,904,979,1005,1115,1120,1173,322,1030,826,941,1182,1020,1138,918,1064,1106,1123,771,1146,829,1113,1088,1159,1020,1109,0,966,917,1139,930,0,1071,1056,1107,1047,1111
1448,1089,924,992,1064,1061,1111,516,1092,1108,894,1130,888,922,1091,1075,1098,934,850,1134,984,1030,1115,934,1035,908,963,1124,943,1102,939,909,1094,1101,949,1057,1144,994,1062,860,1054,1045,1159,1169,1092,1053,967,151,1057,1013,1047,1046,1042,1124,487,1034,986,996,1130,1096,1076,906,978,1008,1112,1122,1175,324,1028,826,943,1187,1018,1135,918,1062,1109,1123,771,1146,829,1108,1085,1161,1015,1111,0,966,913,1138,931,0,1077,1054,1108,1048,1112
1449,1091,921,994,1061,1062,1109,517,1096,1108,892,1131,886,924,1091,1075,1097,935,848,1137,983,1027,1114,930,1037,906,963,1127,940,1100,935,914,1092,1099,948,1058,1140,997,1063,856,1049,1041,1159,1174,1091,1052,965,150,1057,1006,1045,1046,1038,1125,487,1035,985,1001,1131,1098,1076,906,972,1008,1110,1123,1180,324,1030,822,941,1188,1018,1136,916,1064,1109,1126,769,1141,829,1106,1088,1161,1016,1111,0,963,909,1137,932,0,1080,1054,1110,1051,1116
1450,1089,920,992,1060,1058,1109,524,1097,1109,893,1128,886,924,1088,1076,1102,934,849,1138,981,1029,1114,927,1031,904,964,1127,935,1098,935,915,1085,1099,947,1056,1138,1000,1062,852,1043,1044,1155,1173,1089,1055,966,152,1058,1003,1041,1044,1034,1126,489,1032,992,1002,1132,1100,1074,906,971,1008,1108,1116,1178,328,1030,822,935,1186,1018,1134,916,1058,1112,1125,770,1140,828,1103,1088,1161,1018,1116,0,961,905,1139,932,0,1082,1053,1116,1045,1117
1451,1089,922,993,1059,1060,1108,531,1102,1109,893,1128,886,926,1087,1070,1104,934,847,1141,981,1030,1118,926,1031,902,962,1132,935,1096,933,918,1084,1101,947,1055,1139,998,1067,849,1044,1038,1157,1171,1092,1056,965,157,1062,1003,1043,1039,1034,1123,493,1030,993,1008,1132,1102,1071,905,965,1006,1107,1120,1180,333,1026,822,933,1185,1019,1135,918,1058,1112,1131,770,1139,826,1101,1088,1163,1020,1120,0,957,903,1140,932,0,1082,1052,1117,1047,1119
1452,1094,919,994,1056,1058,1107,534,1106,1105,893,1131,881,929,1084,1072,1099,934,844,1145,982,1028,1119,924,1030,899,958,1135,929,1091,927,922,1080,1101,947,1060,1140,1002,1069,841,1042,1037,1159,1177,1092,1054,966,157,1066,1006,1041,1040,1031,1120,496,1029,998,1010,1138,1105,1069,903,957,1003,1105,1120,1179,335,1026,823,930,1188,1016,1132,918,1059,1114,1128,769,1141,826,1103,1084,1162,1024,1121,0,957,903,1143,939,0,1087,1053,1123,1047,1115
1453,1092,919,994,1056,1055,1109,537,1107,1101,890,1134,882,928,1083,1069,1100,934,843,1142,982,1027,1118,925,1029,901,955,1136,924,1090,925,921,1084,1103,946,1065,1141,1001,1072,840,1044,1037,1155,1177,1089,1053,964,159,1067,1004,1042,1038,1032,1122,501,1028,1000,1012,1140,1108,1066,901,954,1004,1103,1122,1182,336,1028,826,931,1189,1016,1132,919,1058,1115,1130,765,1144,820,1099,1083,1161,1020,1116,0,956,898,1144,940,0,1083,1055,1122,1045,1114
1454,1090,917,993,1057,1059,1107,538,1105,1099,887,1135,879,930,1085,1063,1097,933,841,1135,979,1028,1117,922,1025,905,953,1139,920,1090,922,922,1086,1104,952,1065,1143,998,1077,838,1040,1032,1152,1175,1088,1053,966,159,1071,1003,1042,1036,1031,1122,504,1027,1003,1013,1138,1106,1067,899,955,1002,1099,1122,1180,338,1027,825,926,1187,1016,1133,915,1056,1117,1129,764,1142,816,1096,1081,1166,1018,1115,0,954,895,1144,944,0,1085,1052,1126,1043,1121
1455,1086,917,995,1059,1064,1114,541,1107,1095,887,1136,871,932,1087,1062,1094,934,840,1136,976,1027,1116,922,1025,903,953,1149,922,1091,919,929,1086,1103,949,1065,1141,999,1081,837,1037,1031,1155,1175,1086,1054,967,161,1072,999,1041,1039,1031,1119,507,1027,1005,1015,1138,1110,1064,896,953,998,1095,1125,1178,340,1021,823,920,1188,1020,1136,916,1057,1115,1126,760,1144,813,1092,1076,1168,1016,1119,0,951,897,1143,947,0,1087,1052,1127,1042,1121
1456,1087,917,993,1060,1061,1108,547,1106,1097,884,1138,869,935,1092,1062,1096,936,838,1143,973,1025,1117,920,1028,905,950,1149,921,1091,920,932,1087,1102,949,1065,1143,994,1081,833,1037,1029,1159,1174,1086,1057,964,161,1072,1001,1039,1039,1028,1118,506,1024,1011,1019,1138,1112,1063,893,953,995,1096,1128,1173,344,1017,818,917,1184,1020,1136,915,1057,1113,1128,761,1145,811,1087,1077,1170,1016,1124,0,947,895,1143,949,0,1087,1055,1126,1043,1127
1457,1083,916,998,1055,1066,1107,551,1106,1099,884,1145,864,937,1091,1057,1096,932,838,1147,973,1028,1120,914,1026,905,949,1147,919,1094,918,935,1082,1104,953,1064,1145,997,1088,830,1034,1029,1160,1173,1084,1058,964,161,1071,1001,1038,1040,1029,1120,506,1023,1017,1022,1137,1116,1064,891,951,995,1095,1130,1171,345,1015,811,917,1182,1018,1136,912,1059,1115,1124,755,1144,810,1086,1071,1172,1016,1124,0,944,892,1140,950,0,1087,1052,1126,1045,1126
1458,1083,915,999,1055,1060,1107,556,1105,1099,888,1142,861,940,1091,1059,1100,929,836,1154,975,1028,1120,911,1026,899,948,1147,918,1093,916,938,1079,1103,951,1062,1143,994,1090,825,1032,1030,1165,1171,1084,1053,963,164,1071,997,1034,1044,1029,1116,511,1022,1020,1028,1139,1116,1065,886,951,995,1094,1129,1169,349,1009,811,912,1183,1016,1135,910,1062,1111,1129,757,1143,806,1082,1071,1171,1013,1126,0,942,890,1140,954,0,1089,1052,1127,1048,1127
1459,1079,914,999,1052,1058,1112,557,1108,1098,888,1143,860,940,1087,1060,1096,931,835,1154,975,1025,1120,911,1026,896,948,1149,918,1091,914,943,1074,1105,947,1060,1139,991,1094,823,1033,1026,1164,1166,1081,1056,960,164,1072,997,1028,1042,1025,1114,517,1020,1023,1032,1141,1121,1063,882,948,994,1095,1127,1168,352,1007,808,911,1180,1012,1136,906,1064,1110,1128,756,1143,804,1082,1072,1173,1014,1129,0,938,890,1139,955,0,1091,1049,1130,1051,1133
1460,1076,912,999,1052,1057,1111,567,1111,1095,887,1143,858,939,1086,1065,1099,932,832,1155,974,1028,1122,910,1026,892,944,1151,916,1090,914,946,1077,1106,947,1066,1137,989,1090,817,1033,1024,1163,1166,1079,1062,958,166,1077,1000,1027,1039,1025,1115,520,1020,1032,1035,1142,1123,1062,883,949,995,1093,1128,1166,356,1007,807,915,1178,1011,1133,910,1060,1110,1128,756,1146,804,1078,1072,1176,1014,1130,0,938,886,1139,956,0,1095,1044,1132,1048,1136
1461,1075,912,997,1052,1060,1114,569,1113,1089,889,1146,858,940,1088,1059,1098,931,830,1150,970,1026,1121,907,1022,892,945,1154,919,1093,914,949,1071,1105,942,1063,1138,989,1088,817,1034,1024,1163,1163,1081,1063,958,170,1075,1000,1025,1038,1023,1117,523,1019,1033,1038,1140,1123,1061,882,948,994,1092,1127,1167,361,1007,805,914,1178,1009,1133,908,1061,1110,1129,753,1147,795,1077,1067,1172,1013,1135,0,938,884,1142,958,0,1101,1042,1136,1048,1141
1462,1077,916,995,1049,1057,1119,567,1115,1087,885,1147,853,940,1088,1057,1098,927,832,1150,971,1026,1121,908,1026,891,946,1156,917,1093,909,949,1072,1111,940,1068,1137,985,1092,816,1031,1027,1164,1157,1079,1064,956,174,1075,1002,1027,1036,1023,1115,528,1018,1039,1039,1138,1126,1060,881,948,991,1090,1126,1171,366,1007,801,914,1178,1005,1132,903,1060,1113,1130,753,1148,793,1070,1063,1173,1016,1136,0,936,884,1139,960,0,1098,1040,1139,1044,1142
1463,1077,915,996,1048,1056,1119,571,1112,1083,887,1144,849,944,1085,1054,1097,924,832,1151,970,1026,1122,906,1028,886,943,1154,915,1092,911,953,1071,1111,938,1069,1135,980,1097,815,1023,1024,1162,1164,1080,1064,954,177,1069,1003,1024,1034,1021,1114,534,1021,1043,1037,1140,1124,1055,879,945,988,1092,1123,1174,370,1007,802,911,1180,1005,1133,899,1063,1111,1130,753,1148,791,1066,1061,1176,1019,1138,0,935,883,1138,965,0,1101,1037,1144,1039,1143
1464,1074,917,998,1046,1056,1118,577,1110,1082,886,1136,847,945,1085,1050,1096,922,832,1150,969,1027,1119,909,1028,883,939,1162,916,1092,913,957,1069,1112,936,1071,1133,976,1101,813,1022,1024,1161,1161,1079,1068,951,179,1068,1007,1020,1029,1021,1115,541,1025,1046,1037,1140,1127,1056,876,945,985,1091,1126,1173,375,1004,805,912,1183,1005,1135,894,1062,1113,1134,751,1145,789,1067,1058,1177,1020,1139,0,934,882,1146,966,0,1107,1035,1144,1039,1141
1465,1073,915,994,1049,1058,1124,583,1107,1079,884,1139,845,947,1089,1044,1095,921,832,1150,965,1023,1116,906,1028,884,939,1167,914,1093,912,957,1069,1110,936,1074,1134,974,1104,810,1021,1022,1160,1165,1076,1069,952,179,1065,1008,1020,1030,1022,1111,542,1022,1048,1042,1140,1125,1056,877,943,983,1091,1124,1172,382,1004,807,911,1183,1002,1135,891,1065,1115,1132,751,1145,786,1069,1058,1177,1014,1141,0,931,883,1144,965,0,1106,1033,1146,1039,1143
1466,1071,913,994,1049,1054,1125,585,1109,1077,881,1141,842,947,1084,1048,1095,923,828,1155,959,1022,1118,905,1028,882,936,1169,910,1092,912,962,1068,1106,940,1073,1134,971,1102,810,1020,1016,1162,1167,1074,1069,954,181,1061,1011,1019,1027,1021,1111,545,1021,1050,1047,1138,1127,1055,875,940,983,1093,1125,1174,383,1005,808,910,1184,1004,1134,889,1062,1117,1129,750,1146,785,1071,1058,1177,1013,1149,0,931,882,1145,966,0,1103,1033,1151,1033,1141
1467,1074,904,990,1049,1051,1119,584,1111,1072,881,1138,842,948,1083,1046,1098,925,823,1157,955,1025,1118,902,1023,880,936,1177,910,1090,909,971,1071,1108,937,1074,1133,971,1104,805,1016,1015,1162,1167,1070,1071,955,182,1062,1011,1021,1027,1017,1110,547,1020,1053,1044,1137,1126,1056,871,940,979,1092,1127,1172,383,1004,808,909,1183,1003,1131,888,1064,1121,1127,748,1150,784,1072,1058,1177,1011,1152,0,927,882,1139,969,0,1103,1028,1150,1031,1143
1468,1073,899,985,1047,1052,1117,584,1110,1068,879,1136,840,950,1082,1042,1101,923,819,1151,952,1026,1120,897,1022,882,934,1179,905,1094,905,977,1071,1109,936,1075,1135,969,1103,804,1015,1011,1157,1167,1068,1071,948,182,1061,1011,1022,1026,1018,1112,554,1020,1060,1048,1138,1125,1057,874,936,980,1093,1127,1170,387,1002,804,905,1181,1004,1130,886,1064,1117,1125,745,1151,782,1069,1057,1180,1012,1152,0,924,883,1143,969,0,1112,1027,1149,1029,1145
1469,1072,900,981,1045,1049,1116,587,1115,1071,877,1140,840,954,1081,1043,1099,922,815,1156,948,1023,1120,898,1020,881,936,1176,903,1092,908,979,1072,1110,933,1073,1137,967,1106,804,1017,1008,1160,1168,1067,1071,947,182,1059,1012,1020,1018,1018,1114,559,1020,1061,1053,1140,1121,1061,877,936,979,1090,1126,1167,388,999,802,902,1183,1003,1127,888,1065,1117,1122,745,1149,779,1069,1055,1181,1011,1151,0,921,885,1141,975,0,1117,1025,1147,1027,1146
1470,1073,896,979,1043,1050,1117,590,1112,1073,872,1144,832,961,1078,1037,1098,922,813,1157,944,1019,1119,895,1016,879,935,1178,905,1091,907,979,1071,1109,936,1076,1136,967,1106,802,1017,1007,1163,1165,1064,1070,944,181,1056,1012,1021,1014,1019,1115,560,1018,1060,1052,1137,1123,1060,875,934,974,1086,1126,1167,387,995,801,903,1184,1004,1126,887,1066,1113,1115,745,1143,780,1073,1056,1180,1009,1153,0,918,882,1138,979,0,1121,1027,1152,1028,1148
1471,1072,895,976,1043,1051,1118,590,1119,1072,869,1141,828,966,1077,1036,1101,920,813,1159,940,1018,1117,891,1014,880,936,1183,903,1091,906,981,1069,1110,934,1072,1130,963,1110,797,1016,1008,1165,1168,1067,1068,943,184,1054,1012,1017,1007,1018,1113,563,1015,1065,1055,1138,1124,1059,873,929,974,1084,1126,1169,390,992,801,902,1184,1003,1127,883,1071,1113,1111,743,1144,780,1069,1055,1177,1007,1155,0,913,881,1139,981,0,1120,1028,1152,1027,1147
1472,1067,898,974,1041,1049,1114,595,1120,1068,869,1145,825,968,1071,1037,1104,918,811,1158,937,1017,1116,892,1016,882,936,1180,905,1094,904,987,1071,1107,933,1069,1128,962,1111,793,1014,1009,1168,1165,1072,1073,946,185,1052,1013,1013,1008,1016,1115,565,1009,1068,1060,1137,1128,1058,872,926,974,1084,1123,1171,399,989,795,898,1189,1001,1124,881,1073,1116,1115,742,1145,778,1070,1051,1178,1006,1157,0,912,876,1143,995,0,1122,1028,1155,1026,1141
1473,1066,893,975,1038,1044,1113,598,1115,1072,868,1149,821,971,1070,1036,1105,915,810,1158,933,1013,1115,892,1018,887,932,1187,906,1091,903,992,1069,1106,932,1066,1129,958,1117,791,1014,1007,1166,1162,1070,1073,942,189,1050,1009,1012,1008,1013,1115,566,1007,1069,1063,1136,1130,1058,870,926,974,1081,1118,1171,397,985,792,898,1190,1000,1123,879,1072,1118,1114,740,1140,776,1069,1050,1180,1005,1158,0,912,875,1146,993,0,1125,1024,1152,1024,1140
1474,1064,892,975,1037,1039,1110,596,1114,1072,866,1150,817,975,1070,1035,1106,911,810,1153,928,1012,1110,893,1016,887,931,1186,907,1088,903,993,1066,1108,932,1061,1130,959,1116,785,1015,1006,1168,1160,1075,1074,940,190,1048,1007,1010,1009,1011,1110,564,1006,1071,1068,1131,1133,1059,872,922,974,1078,1120,1165,400,981,788,894,1188,1000,1123,874,1072,1120,1116,737,1138,774,1070,1046,1184,1003,1160,0,911,875,1148,990,0,1130,1022,1153,1022,1141
1475,1069,893,971,1033,1036,1113,595,1115,1072,865,1147,816,976,1069,1035,1106,913,806,1151,926,1011,1111,891,1014,885,931,1189,911,1088,898,1000,1063,1114,930,1059,1130,958,1120,785,1015,1006,1170,1164,1078,1073,936,191,1043,1010,1010,1009,1008,1113,567,1003,1071,1073,1130,1137,1059,870,917,969,1078,1114,1164,401,979,785,893,1188,997,1123,871,1075,1122,1115,734,1139,772,1071,1042,1186,1003,1163,0,908,870,1147,992,0,1132,1020,1153,1024,1140
1476,1068,894,965,1031,1030,1116,595,1115,1073,867,1143,813,981,1067,1034,1109,912,806,1148,924,1010,1110,890,1011,885,931,1191,910,1089,898,1002,1062,1111,928,1060,1127,957,1121,786,1012,1001,1169,1161,1074,1073,934,192,1040,1008,1011,1007,1004,1108,570,1004,1073,1076,1131,1137,1058,870,912,968,1080,1116,1164,402,978,785,894,1189,998,1125,871,1077,1120,1113,733,1136,772,1069,1042,1190,1002,1160,0,904,868,1147,996,0,1133,1017,1154,1025,1138
1477,1067,893,963,1032,1029,1116,599,1117,1071,865,1143,809,986,1067,1035,1108,910,806,1150,925,1008,1109,889,1012,882,934,1194,909,1088,896,1005,1065,1113,930,1060,1126,955,1124,788,1012,1004,1168,1163,1077,1077,933,192,1039,1008,1011,1004,1005,1104,572,1005,1075,1078,1132,1137,1055,866,911,965,1075,1116,1165,404,975,778,895,1187,996,1122,870,1077,1117,1117,731,1137,771,1071,1039,1189,1005,1157,0,904,868,1144,997,0,1132,1012,1155,1025,1138
1478,1066,898,960,1028,1027,1118,605,1117,1065,861,1139,809,986,1066,1035,1111,902,804,1148,924,1008,1109,884,1014,884,934,1195,904,1088,895,1010,1066,1111,928,1065,1130,956,1124,785,1012,1003,1168,1163,1075,1078,935,192,1040,1002,1011,1004,1002,1100,578,998,1082,1077,1130,1138,1054,868,908,963,1076,1115,1160,405,973,774,890,1185,994,1117,866,1079,1117,1115,731,1140,771,1072,1037,1191,1007,1158,0,902,866,1141,999,0,1129,1012,1153,1027,1143
1479,1063,897,959,1029,1023,1119,611,1111,1064,860,1140,809,989,1066,1035,1105,900,805,1145,922,1005,1106,881,1011,885,932,1199,901,1089,893,1011,1065,1111,929,1064,1130,954,1123,781,1014,1000,1170,1165,1078,1078,933,194,1038,1000,1007,1002,997,1103,582,999,1083,1078,1128,1141,1054,867,908,960,1073,1119,1160,407,971,771,888,1186,991,1115,859,1079,1119,1113,729,1140,772,1072,1037,1195,1000,1165,0,900,865,1144,1000,0,1125,1012,1156,1032,1143
1480,1064,896,953,1028,1025,1117,614,1113,1063,858,1142,807,993,1069,1029,1106,899,805,1143,925,1004,1104,878,1004,886,932,1204,899,1093,891,1012,1064,1109,930,1063,1129,954,1126,779,1015,997,1168,1163,1078,1080,929,197,1040,997,1004,1002,993,1104,583,996,1081,1083,1128,1140,1054,871,910,960,1070,1119,1154,409,972,768,888,1182,991,1114,853,1075,1121,1109,727,1138,770,1074,1037,1195,997,1164,0,900,864,1144,1005,0,1127,1013,1154,1033,1143
1481,1064,896,947,1026,1023,1117,613,1114,1059,856,1142,802,994,1073,1029,1106,898,799,1145,927,1002,1104,876,1003,881,936,1209,899,1096,887,1011,1064,1113,930,1061,1131,951,1129,776,1009,995,1167,1160,1076,1078,926,203,1040,999,1004,1002,993,1103,584,996,1081,1085,1128,1136,1050,868,909,960,1066,1119,1155,416,971,766,886,1180,990,1108,852,1075,1121,1112,729,1135,769,1071,1033,1195,993,1166,0,900,865,1143,1010,0,1126,1011,1154,1036,1147
1482,1063,895,944,1025,1020,1117,614,1112,1055,853,1143,803,996,1072,1022,1107,895,798,1146,925,1003,1100,877,1001,883,933,1207,903,1096,885,1015,1067,1113,928,1063,1129,946,1129,773,1005,993,1166,1162,1076,1076,923,207,1040,996,1008,999,994,1106,587,995,1080,1085,1131,1133,1045,865,904,961,1065,1114,1160,419,971,768,886,1178,987,1106,851,1078,1120,1111,726,1137,767,1068,1027,1197,993,1169,0,898,860,1144,1013,0,1127,1014,1156,1038,1150
1483,1061,891,941,1022,1020,1116,618,1112,1053,852,1140,803,999,1070,1019,1111,896,795,1146,920,1004,1096,877,1001,880,933,1211,902,1094,888,1020,1066,1112,926,1061,1127,942,1126,770,1000,988,1166,1164,1074,1076,920,208,1039,994,1006,1002,994,1104,591,993,1080,1091,1133,1136,1044,863,902,959,1062,1113,1160,420,971,763,886,1174,988,1104,854,1077,1125,1112,726,1139,766,1064,1023,1198,991,1170,0,896,856,1144,1011,0,1127,1013,1157,1038,1151
1484,1061,890,940,1021,1015,1112,614,1112,1054,849,1141,800,999,1067,1019,1115,894,795,1150,916,998,1100,876,996,877,934,1212,902,1096,890,1019,1065,1110,922,1056,1128,937,1124,766,1000,989,1168,1166,1075,1080,919,210,1038,991,1006,998,995,1102,596,991,1081,1097,1132,1136,1043,863,899,957,1058,1111,1162,421,968,759,885,1165,985,1100,850,1078,1121,1111,721,1140,767,1067,1025,1199,986,1170,0,896,854,1136,1015,0,1130,1010,1155,1035,1148
1485,1060,887,940,1017,1010,1108,615,1108,1051,848,1145,796,1001,1064,1022,1118,894,791,1148,910,999,1100,872,998,876,931,1211,902,1095,889,1020,1065,1111,925,1056,1130,936,1122,766,999,987,1164,1162,1071,1077,918,210,1037,990,1005,1001,995,1100,599,993,1085,1098,1130,1136,1038,862,896,955,1049,1110,1163,426,968,757,885,1168,977,1098,843,1073,1118,1111,719,1143,765,1066,1028,1197,981,1173,0,899,851,1134,1023,0,1131,1007,1155,1034,1153
1486,1060,879,934,1015,1013,1106,618,1108,1051,846,1146,796,999,1061,1021,1122,892,793,1149,910,998,1103,866,988,873,930,1211,898,1094,889,1023,1064,1109,924,1056,1127,935,1123,765,993,988,1163,1166,1074,1079,915,212,1036,990,1008,1002,993,1099,600,993,1086,1099,1129,1137,1035,860,894,955,1044,1115,1164,429,967,757,882,1167,972,1096,840,1071,1115,1114,720,1137,766,1066,1022,1199,981,1172,0,899,849,1133,1030,0,1136,1006,1158,1032,1156
1487,1056,878,932,1017,1015,1104,624,1107,1047,843,1146,793,1004,1056,1022,1117,891,792,1146,909,999,1105,868,987,873,929,1216,898,1088,888,1028,1061,1108,924,1055,1125,934,1121,765,995,987,1167,1169,1076,1077,915,212,1035,988,1009,998,993,1097,605,992,1090,1100,1129,1140,1035,858,889,953,1039,1114,1164,431,964,755,883,1165,972,1096,842,1069,1116,1115,720,1137,765,1062,1021,1201,981,1172,0,900,845,1135,1032,0,1138,1006,1157,1030,1155
1488,1054,876,925,1015,1012,1103,623,1110,1048,844,1149,793,1008,1057,1023,1117,890,793,1144,909,998,1102,868,987,871,924,1213,898,1089,883,1030,1062,1109,923,1051,1120,929,1125,766,993,986,1163,1168,1073,1077,915,214,1032,986,1010,999,991,1097,606,992,1093,1098,1128,1141,1033,857,887,949,1034,1108,1164,432,962,750,883,1159,971,1096,840,1071,1118,1111,718,1137,758,1058,1022,1200,979,1171,0,899,844,1138,1036,0,1143,1005,1156,1034,1159
1489,1057,873,922,1012,1004,1100,623,1108,1044,839,1149,791,1009,1056,1019,1116,888,792,1142,909,996,1099,865,985,868,924,1216,895,1089,881,1038,1061,1110,922,1053,1117,926,1127,765,994,988,1160,1167,1073,1076,913,213,1031,984,1007,995,987,1098,606,989,1100,1104,1128,1143,1028,856,885,948,1030,1106,1159,430,959,749,879,1159,970,1096,837,1076,1117,1112,717,1137,756,1054,1021,1199,977,1172,0,897,845,1142,1039,0,1141,1003,1155,1033,1161
1490,1058,871,920,1014,999,1103,629,1106,1044,839,1154,784,1014,1058,1020,1115,886,790,1143,909,997,1100,864,984,866,919,1221,893,1089,881,1040,1060,1111,922,1054,1112,926,1127,762,992,986,1165,1169,1074,1075,912,216,1032,986,1004,994,987,1095,608,989,1103,1104,1129,1146,1027,851,881,946,1031,1106,1158,433,952,749,875,1158,970,1092,835,1073,1118,1111,714,1133,753,1056,1020,1200,976,1173,0,895,844,1142,1040,0,1142,1005,1154,1033,1167
1491,1055,868,919,1010,997,1100,630,1109,1044,838,1151,783,1013,1057,1015,1114,883,789,1143,906,995,1103,860,983,865,918,1221,892,1088,881,1045,1057,1112,920,1054,1109,925,1130,758,990,987,1164,1172,1073,1081,911,217,1033,985,1006,989,986,1096,611,990,1105,1109,1128,1147,1028,846,882,945,1024,1105,1160,433,950,743,874,1154,969,1089,835,1072,1121,1109,710,1134,750,1054,1022,1203,974,1178,0,890,842,1148,1034,0,1144,1003,1153,1030,1164
1492,1052,865,920,1007,992,1100,631,1106,1037,838,1151,780,1019,1055,1012,1117,883,789,1143,901,997,1102,857,982,866,917,1230,892,1087,879,1046,1062,1112,918,1054,1109,925,1132,755,989,988,1165,1171,1068,1079,908,218,1031,980,1004,987,987,1094,615,990,1108,1115,1129,1150,1022,845,874,946,1022,1101,1161,434,945,739,872,1150,969,1085,834,1071,1117,1105,704,1129,749,1054,1021,1202,975,1173,0,887,841,1150,1037,0,1144,1003,1159,1030,1164
1493,1050,861,921,1006,991,1101,634,1101,1036,837,1149,779,1026,1055,1013,1116,882,788,1143,900,991,1097,857,981,864,920,1232,892,1084,876,1047,1060,1114,920,1056,1108,926,1136,750,987,990,1166,1172,1069,1079,904,218,1032,979,1002,985,985,1094,618,989,1111,1116,1122,1146,1019,845,869,946,1018,1104,1163,434,946,740,866,1149,969,1087,833,1067,1117,1105,702,1128,748,1054,1023,1201,970,1175,0,885,844,1149,1036,0,1144,1000,1162,1030,1163
1494,1049,863,919,1007,991,1100,635,1097,1033,836,1146,776,1025,1054,1014,1114,881,788,1143,893,990,1095,856,981,861,917,1234,890,1084,876,1050,1058,1115,915,1056,1109,924,1136,746,990,987,1165,1174,1067,1076,905,220,1032,980,1001,984,985,1095,626,991,1108,1118,1120,1150,1017,843,868,942,1014,1105,1159,438,947,739,861,1148,968,1084,831,1068,1116,1105,703,1128,744,1051,1023,1200,974,1173,0,885,841,1147,1040,0,1148,997,1163,1030,1166
1495,1047,859,916,1005,990,1100,638,1094,1032,835,1142,771,1028,1054,1015,1111,882,786,1142,890,988,1092,857,981,863,916,1234,889,1085,871,1055,1059,1117,913,1051,1109,922,1138,744,992,984,1166,1176,1068,1076,902,221,1032,981,999,982,984,1095,630,991,1111,1117,1119,1150,1012,844,867,937,1014,1105,1156,442,945,737,857,1148,966,1082,829,1064,1116,1103,698,1129,741,1053,1023,1202,970,1174,0,883,838,1147,1045,0,1152,993,1163,1030,1168
1496,1047,861,911,1007,991,1098,640,1093,1030,834,1142,769,1029,1055,1018,1113,879,786,1140,888,984,1094,851,983,865,915,1235,888,1085,868,1057,1053,1119,909,1057,1105,919,1138,742,994,981,1166,1180,1072,1077,903,220,1033,982,999,982,981,1093,634,989,1110,1115,1120,1151,1013,841,864,936,1010,1104,1152,443,944,734,850,1143,965,1077,829,1064,1116,1099,699,1130,736,1053,1018,1204,969,1176,0,883,837,1146,1047,0,1155,991,1167,1033,1163
1497,1047,860,910,1006,991,1095,645,1093,1024,838,1145,766,1026,1053,1020,1111,874,786,1138,889,984,1092,851,982,864,913,1237,890,1086,866,1064,1053,1121,908,1059,1104,914,1136,740,991,980,1170,1183,1071,1076,898,220,1035,984,998,984,976,1092,638,987,1115,1116,1121,1151,1013,837,865,934,1009,1104,1155,448,942,733,846,1148,961,1075,827,1063,1114,1095,698,1126,734,1056,1016,1204,968,1178,0,882,835,1145,1048,0,1155,987,1169,1033,1160
1498,1042,861,912,1006,988,1094,645,1094,1021,836,1147,769,1029,1052,1016,1108,872,785,1139,887,981,1094,849,981,857,913,1241,891,1085,866,1066,1053,1122,911,1059,1101,913,1137,741,991,978,1169,1187,1069,1072,898,222,1032,984,999,982,968,1088,640,985,1122,1120,1120,1150,1014,832,861,934,1006,1103,1151,453,941,730,846,1149,959,1076,826,1059,1115,1091,698,1125,733,1053,1011,1205,966,1179,0,877,829,1147,1049,0,1158,987,1172,1032,1158
1499,1039,857,910,1003,987,1094,646,1095,1020,834,1149,767,1028,1049,1014,1112,871,782,1137,880,974,1095,845,979,855,912,1243,889,1085,863,1071,1051,1122,911,1060,1101,910,1135,740,990,978,1167,1186,1070,1070,896,225,1035,984,1003,981,966,1086,638,982,1123,1121,1121,1147,1015,830,859,932,1003,1095,1155,456,937,731,844,1144,959,1072,825,1060,1111,1094,695,1122,728,1054,1007,1205,966,1178,0,876,831,1141,1050,0,1157,986,1175,1034,1160
1500,1032,857,908,1003,984,1091,650,1094,1018,830,1149,766,1024,1040,1014,1113,865,781,1135,878,972,1096,844,980,856,913,1243,886,1082,862,1074,1052,1122,907,1061,1100,908,1139,734,988,977,1164,1185,1068,1071,894,228,1030,979,1002,975,961,1084,637,980,1128,1116,1125,1151,1011,830,860,928,1001,1091,1157,460,937,731,843,1139,955,1070,820,1059,1108,1097,690,1122,728,1049,1003,1206,966,1179,0,878,828,1143,1052,0,1158,988,1174,1031,1162
1501,1033,854,901,1001,983,1088,651,1091,1017,829,1143,766,1028,1043,1012,1116,867,779,1132,874,971,1096,846,979,856,911,1247,885,1079,862,1078,1052,1122,906,1061,1098,906,1141,729,991,973,1161,1186,1064,1074,895,230,1026,978,1000,975,958,1083,638,974,1129,1120,1124,1155,1009,827,859,926,1001,1091,1161,467,936,727,843,1140,951,1070,817,1060,1103,1095,686,1123,724,1047,1000,1204,962,1177,0,875,829,1143,1056,0,1160,986,1173,1029,1162
1502,1034,853,897,999,980,1087,654,1094,1014,827,1145,766,1028,1045,1008,1120,862,776,1131,871,969,1096,842,980,853,911,1250,886,1080,859,1081,1054,1119,903,1061,1100,903,1146,727,993,973,1159,1185,1062,1075,892,230,1022,978,1000,975,956,1081,640,970,1128,1121,1120,1156,1005,824,859,924,999,1090,1160,468,934,730,844,1138,951,1071,812,1057,1101,1098,680,1117,722,1045,999,1207,961,1176,0,874,826,1144,1060,0,1160,987,1171,1031,1158
1503,1034,851,897,995,979,1087,656,1093,1013,823,1142,761,1031,1039,1007,1124,859,773,1132,870,966,1096,839,981,853,907,1249,883,1083,853,1083,1055,1120,903,1060,1097,902,1145,726,989,968,1158,1186,1063,1076,888,232,1021,980,994,972,952,1080,640,968,1126,1124,1121,1154,1003,820,856,923,997,1088,1155,467,933,727,841,1137,947,1070,809,1055,1100,1100,682,1113,722,1044,992,1210,959,1175,0,868,822,1140,1064,0,1163,987,1169,1031,1158
1504,1031,852,900,992,980,1076,657,1095,1014,822,1139,758,1037,1039,1008,1124,859,772,1131,865,968,1096,835,976,853,906,1248,881,1082,851,1084,1059,1122,901,1060,1097,903,1147,724,988,961,1162,1187,1062,1074,884,234,1017,982,991,971,950,1079,644,969,1125,1124,1120,1155,997,818,857,922,1000,1086,1151,466,932,728,841,1138,944,1071,808,1059,1101,1098,679,1115,724,1041,987,1213,957,1172,0,866,821,1140,1064,0,1162,986,1171,1033,1163
1505,1030,845,898,989,979,1074,658,1093,1012,815,1136,759,1041,1040,1004,1127,862,762,1130,861,967,1094,830,974,854,905,1245,880,1083,849,1089,1062,1123,898,1059,1091,901,1143,721,991,959,1161,1182,1063,1076,878,234,1018,982,988,970,949,1080,648,970,1123,1125,1120,1153,993,817,853,919,997,1085,1151,471,934,726,840,1137,944,1070,805,1054,1101,1098,677,1111,719,1039,985,1213,952,1172,0,864,822,1137,1065,0,1160,986,1169,1031,1162
1506,1034,845,897,987,978,1068,655,1091,1012,812,1134,757,1043,1038,1005,1126,860,762,1132,856,966,1094,829,974,853,902,1246,877,1078,850,1088,1063,1124,893,1057,1094,896,1148,715,989,957,1159,1176,1064,1081,879,237,1018,984,988,968,947,1079,652,968,1125,1125,1124,1148,989,814,850,917,991,1080,1148,474,931,727,837,1138,945,1069,804,1057,1097,1100,675,1113,719,1038,984,1213,953,1177,0,863,820,1136,1068,0,1160,983,1171,1032,1162
1507,1035,842,894,983,972,1067,654,1094,1014,807,1133,754,1043,1035,1000,1131,857,762,1132,857,966,1095,827,971,852,900,1252,879,1078,849,1088,1063,1124,893,1058,1093,895,1147,712,987,954,1161,1174,1061,1082,878,236,1020,985,986,965,945,1076,655,965,1125,1126,1127,1146,987,810,848,915,990,1081,1148,475,929,725,833,1140,943,1070,804,1054,1095,1099,671,1112,716,1041,980,1214,949,1176,0,858,821,1135,1072,0,1164,983,1165,1036,1165
1508,1036,837,891,980,972,1064,660,1089,1013,807,1133,753,1043,1034,991,1134,855,761,1132,852,964,1096,823,974,848,898,1250,877,1077,847,1087,1061,1130,890,1058,1092,894,1149,710,984,951,1164,1168,1061,1075,874,238,1019,981,985,962,941,1080,657,963,1132,1127,1131,1146,989,807,847,915,988,1084,1146,476,928,727,829,1142,940,1069,800,1055,1093,1098,672,1113,713,1038,978,1211,946,1174,0,857,822,1133,1074,0,1167,978,1170,1039,1165
1509,1037,833,888,978,975,1064,663,1089,1010,803,1136,752,1047,1034,989,1140,852,760,1130,849,962,1093,825,973,844,894,1248,878,1075,845,1092,1062,1133,889,1057,1090,897,1150,708,978,948,1168,1165,1056,1074,872,240,1015,983,988,961,936,1080,661,963,1132,1124,1128,1146,986,804,846,911,987,1086,1142,479,924,725,823,1141,941,1064,801,1055,1092,1098,672,1113,713,1037,977,1209,944,1175,0,858,822,1134,1073,0,1171,978,1168,1036,1170
1510,1035,832,883,975,973,1058,665,1088,1008,800,1134,746,1050,1034,984,1138,852,755,1128,848,962,1092,822,969,840,891,1243,881,1075,844,1096,1061,1133,890,1056,1089,893,1147,707,977,945,1168,1163,1058,1074,873,241,1013,982,984,963,934,1079,663,960,1135,1127,1127,1145,983,802,840,907,981,1086,1141,480,924,723,821,1140,939,1066,799,1055,1091,1099,673,1112,713,1038,976,1211,943,1174,0,855,818,1137,1073,0,1168,973,1171,1037,1168
1511,1032,830,884,970,973,1055,669,1089,1010,801,1135,743,1053,1042,986,1141,850,750,1131,841,962,1092,821,968,844,890,1239,878,1073,843,1099,1059,1134,887,1058,1089,891,1149,704,975,943,1170,1162,1053,1077,872,245,1013,979,982,963,933,1075,670,959,1139,1133,1120,1148,979,802,838,902,980,1086,1140,482,921,721,821,1134,939,1063,798,1050,1089,1094,672,1112,712,1037,975,1211,944,1176,0,855,818,1137,1077,0,1171,970,1170,1037,1164
1512,1030,825,881,968,968,1051,673,1087,1011,795,1139,739,1054,1043,985,1143,845,747,1130,837,960,1092,820,966,844,890,1238,876,1072,840,1102,1058,1137,885,1059,1086,887,1150,702,973,944,1169,1165,1053,1077,873,245,1011,979,980,965,931,1076,672,960,1142,1133,1121,1146,975,799,837,900,981,1086,1138,489,921,718,819,1134,940,1063,797,1049,1090,1091,670,1113,711,1035,976,1207,942,1179,0,854,814,1138,1081,0,1173,971,1169,1035,1159
1513,1031,822,879,969,967,1050,677,1089,1008,794,1140,736,1056,1045,982,1140,844,745,1128,833,961,1091,817,967,844,891,1235,874,1071,841,1105,1057,1136,884,1058,1084,886,1150,701,971,941,1167,1168,1049,1079,872,245,1010,981,979,963,934,1075,676,954,1140,1134,1118,1147,975,796,835,897,980,1082,1137,492,916,716,816,1135,938,1061,795,1048,1092,1094,670,1107,711,1032,972,1201,939,1184,0,854,811,1137,1085,0,1174,970,1169,1035,1162
1514,1030,819,878,968,969,1052,677,1085,1008,795,1141,733,1058,1039,979,1140,845,742,1127,829,961,1090,812,965,842,890,1242,873,1069,839,1101,1054,1138,885,1055,1082,880,1153,699,968,941,1167,1168,1047,1076,862,245,1010,985,973,963,929,1076,677,955,1145,1135,1124,1148,974,794,835,896,980,1080,1135,497,912,716,817,1133,938,1058,793,1047,1095,1092,668,1107,707,1029,969,1202,939,1182,0,854,810,1138,1090,0,1177,966,1172,1032,1163
1515,1026,816,882,966,969,1051,680,1088,1008,787,1142,729,1064,1038,974,1140,839,739,1127,826,957,1088,809,968,845,888,1241,870,1065,836,1101,1051,1140,887,1058,1080,877,1153,698,965,937,1167,1168,1047,1076,861,247,1012,984,971,956,926,1073,682,952,1147,1142,1120,1147,970,793,835,894,977,1077,1132,498,911,714,817,1130,936,1056,793,1048,1094,1091,666,1100,704,1025,967,1201,940,1185,0,857,809,1139,1088,0,1180,967,1172,1028,1159
1516,1025,816,882,967,969,1048,684,1084,1006,783,1138,728,1066,1038,974,1140,837,735,1127,825,953,1086,808,964,841,886,1247,869,1067,832,1101,1052,1140,886,1057,1080,879,1151,695,963,937,1169,1166,1049,1075,854,248,1011,982,968,953,923,1073,685,952,1146,1149,1123,1149,968,791,835,890,976,1076,1129,503,906,711,815,1132,934,1053,795,1052,1095,1088,664,1094,698,1023,965,1204,939,1181,0,854,809,1140,1090,0,1184,967,1173,1026,1159
1517,1022,811,880,963,963,1047,691,1082,1000,783,1139,724,1066,1038,972,1139,832,733,1125,821,952,1086,806,961,839,886,1247,871,1066,829,1105,1049,1138,885,1057,1077,876,1151,693,957,936,1169,1165,1050,1078,852,250,1006,975,969,951,918,1067,685,946,1147,1148,1123,1143,967,791,832,884,975,1073,1130,506,906,708,814,1135,927,1053,791,1054,1096,1088,662,1094,695,1019,963,1203,937,1173,0,855,809,1139,1092,0,1184,963,1173,1025,1158
1518,1021,807,880,962,961,1046,693,1085,1003,783,1142,723,1065,1036,969,1140,829,734,1125,816,948,1084,808,955,839,883,1248,875,1065,826,1106,1048,1137,884,1058,1077,874,1151,689,955,933,1172,1162,1048,1079,847,249,1000,972,970,949,914,1065,685,942,1149,1148,1124,1145,964,795,827,883,971,1070,1133,506,908,706,813,1134,923,1050,789,1052,1093,1083,662,1089,695,1015,962,1198,934,1172,0,858,807,1137,1099,0,1180,960,1173,1023,1155
1519,1020,804,875,962,962,1045,695,1080,1001,780,1144,720,1072,1037,967,1143,827,734,1125,814,945,1084,800,950,838,880,1250,871,1063,822,1110,1049,1139,886,1057,1077,871,1152,686,954,933,1171,1164,1050,1079,847,250,999,973,965,947,913,1063,691,941,1148,1150,1119,1146,965,791,823,879,965,1067,1134,506,907,701,812,1133,923,1049,788,1049,1090,1080,658,1088,693,1015,957,1193,933,1172,0,854,806,1141,1101,0,1176,956,1171,1021,1154
1520,1017,802,874,963,959,1048,695,1077,1002,776,1144,720,1073,1038,969,1138,826,733,1124,812,943,1083,796,950,837,878,1251,868,1060,822,1115,1047,1139,884,1058,1072,868,1153,680,953,933,1170,1166,1051,1079,847,252,994,970,965,943,912,1063,697,937,1146,1151,1122,1146,960,792,820,881,961,1065,1131,511,903,695,808,1133,923,1050,787,1049,1089,1079,657,1090,688,1014,957,1196,931,1175,0,852,805,1140,1100,0,1176,955,1169,1022,1152
1521,1016,801,873,961,959,1047,699,1076,1000,774,1142,721,1073,1036,966,1137,824,732,1121,809,943,1079,794,950,836,878,1257,867,1060,819,1116,1046,1136,882,1056,1070,862,1151,676,950,933,1167,1166,1048,1077,849,253,994,972,962,942,907,1058,705,932,1147,1150,1122,1147,960,786,821,881,959,1063,1133,510,903,694,805,1134,922,1048,787,1046,1088,1076,656,1091,685,1007,958,1198,927,1177,0,851,802,1139,1104,0,1178,951,1168,1020,1154
1522,1012,800,875,965,958,1048,701,1076,1001,775,1138,720,1078,1037,961,1140,824,730,1122,807,944,1079,793,951,834,878,1262,865,1059,820,1116,1047,1139,881,1057,1069,861,1149,676,948,937,1163,1160,1045,1081,846,254,990,973,961,938,904,1056,708,931,1149,1151,1123,1147,958,786,820,880,957,1060,1133,513,900,693,801,1133,921,1050,784,1048,1089,1075,653,1091,683,1010,956,1193,928,1174,0,848,802,1135,1104,0,1180,949,1169,1020,1152
1523,1012,799,876,965,955,1045,706,1076,1002,774,1138,719,1085,1034,962,1138,820,730,1120,805,942,1078,790,950,829,875,1263,865,1053,820,1123,1044,1142,879,1060,1066,860,1151,670,949,935,1165,1159,1048,1083,844,256,993,970,959,934,903,1052,709,930,1149,1152,1124,1146,957,783,818,877,955,1061,1135,517,893,691,803,1132,921,1050,782,1046,1087,1069,652,1090,677,1010,953,1192,927,1175,0,845,799,1131,1106,0,1180,949,1166,1018,1149
1524,1009,798,875,962,948,1044,708,1073,1002,770,1135,717,1085,1033,960,1138,820,728,1119,806,939,1079,785,948,824,874,1262,864,1048,817,1129,1042,1141,878,1060,1065,860,1147,668,947,935,1163,1159,1049,1087,842,260,990,973,958,928,902,1053,714,928,1147,1158,1126,1145,955,782,815,878,952,1064,1135,519,888,689,802,1134,917,1049,780,1039,1083,1072,649,1089,675,1008,946,1192,929,1180,0,842,798,1133,1109,0,1183,949,1167,1017,1148
1525,1009,798,872,960,945,1045,712,1075,1002,770,1133,713,1088,1038,955,1138,820,725,1117,806,939,1078,785,947,821,870,1263,863,1047,817,1131,1037,1144,876,1059,1065,858,1146,663,945,932,1164,1166,1047,1088,837,264,991,972,957,926,902,1054,714,923,1152,1158,1127,1149,951,784,812,874,953,1066,1134,521,886,688,798,1133,914,1045,776,1044,1082,1070,645,1087,669,1007,943,1191,927,1179,0,838,794,1131,1113,0,1185,949,1168,1022,1151
1526,1010,797,873,960,945,1043,716,1075,998,771,1130,711,1091,1036,952,1140,811,720,1109,804,936,1074,783,949,820,870,1257,862,1043,817,1132,1039,1143,876,1058,1063,854,1148,663,940,928,1159,1166,1047,1088,835,268,989,973,955,928,903,1053,714,920,1159,1164,1125,1148,952,778,810,868,949,1067,1135,521,882,688,798,1133,910,1045,774,1043,1084,1069,647,1088,668,1006,942,1190,922,1184,0,832,788,1129,1115,0,1190,950,1169,1019,1150
1527,1009,792,870,960,946,1042,718,1073,999,767,1132,711,1094,1037,949,1137,811,719,1108,805,931,1069,782,946,817,866,1256,856,1046,813,1131,1034,1138,874,1059,1061,854,1145,662,941,922,1160,1169,1044,1088,834,268,987,970,952,924,900,1049,719,916,1155,1166,1128,1146,950,778,808,866,947,1069,1134,523,878,687,795,1135,908,1048,768,1041,1084,1065,644,1086,667,1003,940,1190,922,1181,0,828,786,1127,1111,0,1196,946,1171,1015,1151
1528,1006,790,869,961,944,1041,727,1069,998,766,1131,708,1097,1033,949,1135,806,719,1103,803,928,1068,781,946,812,862,1260,851,1042,813,1135,1035,1139,872,1062,1057,854,1142,661,944,920,1162,1170,1045,1084,832,269,984,965,950,922,898,1048,721,912,1156,1167,1126,1152,950,776,803,863,941,1068,1137,529,880,685,794,1132,904,1047,765,1040,1084,1061,645,1083,663,1000,937,1195,920,1184,0,827,784,1128,1117,0,1194,939,1164,1014,1150
1529,1005,788,870,957,940,1043,732,1069,996,762,1132,708,1098,1028,949,1136,806,718,1102,804,927,1065,778,941,810,859,1260,849,1045,813,1134,1034,1137,870,1060,1057,851,1143,660,941,921,1159,1168,1042,1081,833,270,981,962,945,921,894,1047,724,910,1160,1170,1122,1150,944,773,805,860,940,1066,1135,534,881,683,792,1131,899,1045,762,1039,1081,1059,641,1076,657,999,936,1196,916,1184,0,825,780,1127,1119,0,1194,936,1166,1015,1151
1530,1000,787,871,957,938,1042,733,1071,994,761,1131,706,1100,1023,946,1135,801,718,1101,803,926,1064,778,939,806,861,1257,848,1047,815,1137,1031,1136,869,1059,1052,849,1145,658,942,920,1158,1169,1040,1081,831,273,981,957,943,918,892,1045,728,909,1156,1173,1121,1149,944,772,806,858,939,1064,1134,536,880,680,794,1133,897,1044,761,1040,1083,1056,641,1075,654,997,932,1194,910,1182,0,824,776,1128,1121,0,1197,934,1167,1013,1148
1531,1004,786,870,956,938,1040,735,1075,996,762,1135,705,1102,1024,943,1137,801,718,1100,800,928,1063,775,939,802,857,1260,845,1047,811,1143,1029,1138,866,1055,1054,846,1145,657,941,920,1160,1164,1040,1079,829,272,980,957,937,915,890,1043,732,909,1156,1177,1121,1146,945,772,803,858,939,1065,1133,542,876,678,790,1132,896,1048,759,1042,1083,1053,636,1074,652,995,931,1193,907,1185,0,828,775,1123,1121,0,1198,934,1163,1013,1146
1532,1006,789,867,956,937,1043,739,1073,994,760,1133,703,1103,1022,942,1139,799,716,1102,800,926,1063,771,939,799,858,1261,839,1051,810,1145,1029,1135,863,1050,1051,843,1144,656,939,922,1157,1161,1041,1079,829,274,973,957,943,914,887,1036,739,906,1153,1180,1118,1149,946,770,798,857,937,1065,1131,549,877,677,789,1132,895,1043,757,1043,1079,1052,633,1073,649,993,929,1187,906,1192,0,824,775,1124,1121,0,1200,930,1165,1015,1148
1533,1002,785,866,953,934,1040,744,1074,993,757,1131,699,1109,1019,938,1139,796,715,1100,797,924,1064,772,939,799,857,1264,835,1050,806,1145,1025,1138,862,1053,1052,842,1144,655,937,919,1155,1161,1037,1079,831,275,976,959,941,913,885,1037,740,905,1154,1179,1120,1150,945,770,795,851,934,1065,1130,550,875,677,785,1127,894,1042,754,1043,1077,1049,630,1069,648,990,926,1185,902,1190,0,823,770,1120,1122,0,1204,924,1165,1012,1146
1534,1000,780,860,953,933,1038,746,1076,993,758,1130,695,1108,1016,937,1140,796,713,1100,793,924,1064,770,938,798,851,1261,832,1050,807,1146,1026,1144,863,1051,1051,838,1137,653,932,918,1153,1159,1037,1074,829,280,978,960,941,911,883,1035,747,899,1154,1179,1122,1150,942,770,791,847,931,1065,1128,551,876,676,785,1125,892,1041,751,1041,1076,1044,631,1068,647,989,923,1182,899,1195,0,820,768,1125,1123,0,1204,925,1165,1013,1149
1535,1000,775,860,954,931,1034,757,1075,994,757,1131,692,1112,1014,932,1140,793,713,1097,791,923,1059,769,934,798,846,1258,832,1051,806,1142,1024,1139,863,1050,1050,834,1139,652,929,918,1151,1157,1036,1071,822,282,979,957,939,912,882,1033,753,898,1156,1183,1121,1142,939,772,789,844,931,1068,1121,551,873,674,785,1117,888,1043,750,1039,1076,1045,627,1062,640,986,921,1178,896,1191,0,815,765,1125,1128,0,1206,928,1166,1015,1154
1536,999,772,860,951,930,1033,762,1075,992,753,1131,694,1112,1014,927,1142,791,712,1098,786,922,1054,764,933,799,842,1260,831,1052,804,1143,1023,1136,860,1053,1045,833,1139,649,928,920,1150,1149,1035,1069,823,283,973,955,941,910,877,1030,757,898,1162,1186,1127,1139,939,768,787,844,928,1066,1121,557,868,671,783,1114,890,1041,748,1040,1076,1041,626,1064,637,986,918,1181,894,1191,0,815,764,1125,1127,0,1207,923,1166,1013,1152
1537,995,774,858,950,931,1029,763,1073,989,750,1131,688,1110,1011,924,1143,789,711,1097,783,919,1053,764,935,796,841,1264,829,1050,801,1148,1020,1139,857,1051,1043,830,1138,646,929,920,1155,1147,1038,1067,820,286,975,955,943,909,876,1022,756,898,1163,1190,1127,1141,938,768,786,836,925,1064,1118,562,868,671,783,1109,885,1038,747,1037,1078,1036,626,1064,631,985,919,1184,889,1190,0,812,764,1125,1126,0,1210,919,1167,1017,1149
1538,993,770,857,951,929,1031,765,1071,990,751,1133,687,1111,1012,925,1141,787,707,1097,783,919,1045,762,933,793,837,1263,824,1048,799,1145,1017,1139,855,1045,1039,828,1138,642,927,916,1155,1148,1036,1064,817,287,972,959,945,906,875,1021,758,897,1167,1192,1129,1138,935,766,780,833,925,1064,1117,562,866,671,783,1103,887,1036,744,1037,1073,1036,621,1062,627,987,918,1183,887,1185,0,811,762,1121,1130,0,1213,917,1161,1017,1153
1539,991,768,855,951,929,1030,771,1069,991,748,1134,684,1118,1012,922,1141,787,705,1097,782,915,1045,761,931,791,833,1263,822,1049,796,1147,1015,1138,854,1039,1037,827,1136,644,928,913,1154,1147,1035,1069,816,288,974,959,943,906,872,1016,765,899,1168,1192,1124,1135,935,768,778,832,920,1060,1120,564,865,669,783,1102,885,1034,747,1032,1073,1032,619,1057,627,983,915,1177,885,1181,0,806,760,1117,1129,0,1211,913,1165,1014,1153
1540,991,765,854,952,927,1028,769,1067,989,749,1135,681,1123,1013,921,1142,784,701,1098,777,912,1043,759,931,792,831,1265,822,1050,791,1145,1016,1140,853,1039,1037,829,1140,644,925,909,1155,1145,1037,1069,813,290,967,959,944,902,873,1013,770,892,1164,1194,1128,1140,934,768,773,831,915,1057,1118,565,864,667,783,1100,883,1031,745,1029,1070,1034,616,1052,623,980,916,1176,880,1182,0,808,755,1115,1131,0,1217,913,1163,1012,1154
1541,993,763,851,948,927,1028,767,1065,988,745,1133,681,1125,1013,917,1141,784,699,1096,775,907,1043,758,930,787,826,1266,817,1052,789,1145,1008,1138,852,1041,1037,829,1139,646,922,907,1153,1141,1036,1070,814,292,966,956,940,903,872,1008,770,887,1166,1193,1124,1141,927,762,775,826,915,1060,1116,568,865,666,781,1101,879,1026,741,1026,1068,1031,616,1052,620,978,913,1172,880,1181,0,807,754,1113,1132,0,1216,910,1160,1011,1153
1542,990,764,851,947,923,1030,771,1065,986,740,1134,680,1126,1011,911,1141,781,697,1094,772,906,1038,758,926,786,825,1265,816,1056,786,1149,1007,1136,849,1042,1033,826,1137,645,920,903,1156,1143,1031,1073,812,291,965,958,940,903,869,1006,777,884,1164,1196,1126,1140,926,759,772,820,917,1057,1118,567,863,664,782,1101,876,1025,738,1027,1068,1032,616,1051,619,975,914,1171,877,1182,0,805,748,1112,1131,0,1218,909,1161,1007,1156
1543,987,762,850,943,921,1027,773,1063,983,737,1138,682,1134,1011,909,1138,777,692,1094,770,907,1032,754,926,783,824,1267,817,1055,784,1149,1006,1138,845,1036,1033,826,1140,641,915,902,1157,1142,1030,1075,810,291,963,955,939,896,865,1006,775,880,1160,1197,1130,1139,921,756,771,816,911,1057,1120,568,856,663,780,1103,878,1022,737,1025,1067,1027,614,1051,616,975,912,1169,876,1181,0,806,748,1111,1129,0,1216,909,1162,1007,1156
1544,986,758,850,937,914,1026,775,1065,981,732,1140,680,1135,1014,907,1134,776,688,1090,768,906,1031,752,922,782,821,1267,818,1051,777,1150,1007,1137,843,1036,1032,823,1143,637,913,900,1158,1145,1030,1075,806,292,961,957,932,897,864,999,774,879,1161,1197,1125,1138,921,754,770,817,914,1061,1117,570,858,662,778,1102,873,1025,733,1027,1067,1024,613,1049,612,971,910,1166,872,1181,0,799,745,1113,1133,0,1221,904,1162,1008,1161
1545,984,756,850,934,913,1023,782,1063,979,728,1140,678,1137,1012,901,1133,773,684,1087,766,905,1032,748,918,778,818,1267,815,1053,775,1154,1006,1138,842,1035,1027,821,1142,634,913,897,1151,1141,1030,1076,803,292,960,954,933,895,863,997,774,879,1161,1197,1124,1138,921,751,769,812,912,1057,1116,570,857,660,776,1104,872,1026,732,1026,1067,1024,613,1048,611,970,909,1162,869,1179,0,796,742,1113,1132,0,1215,904,1164,1008,1160
1546,980,754,849,935,911,1025,785,1057,979,727,1139,675,1133,1011,900,1134,771,681,1085,767,905,1034,741,918,780,814,1269,815,1054,771,1153,1007,1136,842,1031,1025,819,1138,633,909,896,1150,1142,1029,1073,804,300,956,952,928,895,862,993,772,877,1164,1199,1119,1139,916,750,767,810,908,1053,1114,574,853,661,772,1103,867,1023,732,1028,1065,1023,610,1048,611,968,906,1163,870,1178,0,798,740,1111,1136,0,1214,903,1168,1007,1161
1547,977,750,845,934,911,1023,788,1054,978,726,1140,673,1132,1006,899,1135,771,678,1079,766,901,1033,740,913,778,810,1269,813,1055,769,1151,1003,1138,839,1033,1023,816,1135,631,906,889,1144,1138,1030,1073,802,301,955,953,925,892,860,991,773,878,1163,1200,1120,1140,915,750,765,809,905,1051,1108,580,848,662,766,1104,867,1026,732,1028,1065,1025,607,1050,609,967,906,1162,869,1179,0,797,736,1113,1137,0,1212,899,1166,1004,1160
1548,976,749,844,933,913,1028,786,1052,975,725,1136,672,1131,1007,897,1136,770,677,1077,761,900,1033,742,910,776,808,1273,817,1052,768,1152,1003,1134,840,1032,1021,817,1134,626,905,888,1138,1138,1027,1069,802,303,957,950,923,890,860,986,774,873,1162,1204,1118,1138,908,749,761,806,903,1051,1103,584,847,660,766,1098,871,1024,729,1026,1068,1026,607,1044,609,965,905,1161,869,1178,0,795,731,1110,1138,0,1214,897,1167,1006,1164
1549,973,750,845,932,909,1027,788,1051,971,725,1135,669,1132,1005,894,1135,769,674,1075,758,896,1032,741,908,775,807,1269,812,1053,767,1154,999,1131,840,1031,1020,813,1136,624,904,885,1137,1137,1028,1065,800,307,954,953,919,887,859,987,776,868,1163,1204,1118,1136,907,749,761,805,901,1053,1100,587,847,659,763,1097,870,1018,727,1023,1066,1022,603,1046,606,961,902,1158,868,1182,0,795,727,1107,1137,0,1217,899,1165,1007,1167
1550,971,748,843,932,905,1026,797,1050,975,719,1136,666,1134,1008,892,1134,763,670,1075,757,895,1031,740,906,775,807,1267,810,1053,770,1152,1000,1129,838,1029,1017,810,1133,619,903,885,1137,1137,1029,1063,797,307,953,951,918,882,858,984,782,867,1164,1204,1117,1132,908,750,757,804,895,1055,1098,591,842,654,762,1100,867,1017,726,1019,1064,1019,603,1043,605,960,898,1156,868,1179,0,795,727,1107,1137,0,1215,899,1162,1002,1169
1551,967,744,840,932,902,1022,802,1050,974,717,1136,663,1128,1012,888,1131,759,666,1074,756,893,1028,739,906,772,802,1265,808,1049,765,1153,999,1129,838,1029,1014,810,1132,621,896,886,1133,1138,1027,1061,794,309,951,954,916,879,856,985,782,866,1160,1209,1113,1133,909,750,752,799,889,1053,1098,597,840,653,759,1100,865,1019,725,1017,1069,1018,601,1041,599,958,894,1150,869,1179,0,794,726,1105,1133,0,1217,895,1161,1001,1166
1552,967,741,840,932,900,1021,804,1044,972,720,1136,663,1123,1012,887,1130,754,666,1072,758,891,1022,737,903,771,801,1262,809,1044,759,1156,998,1125,835,1033,1011,807,1132,618,895,884,1132,1134,1026,1062,794,311,948,949,916,877,851,978,784,865,1165,1211,1110,1130,903,751,751,795,885,1052,1096,601,838,648,759,1099,864,1019,727,1020,1070,1019,598,1041,598,957,891,1151,868,1179,0,792,725,1102,1135,0,1216,891,1161,1001,1171
1553,967,740,838,930,899,1018,808,1048,971,717,1134,661,1123,1010,886,1128,756,662,1070,757,890,1023,738,901,770,802,1263,806,1046,759,1155,999,1125,834,1034,1012,806,1134,617,895,881,1129,1134,1027,1060,791,313,942,949,915,877,847,976,787,861,1168,1205,1109,1128,899,749,750,792,884,1050,1094,604,832,647,757,1096,862,1016,725,1020,1069,1017,596,1038,598,954,888,1149,868,1178,0,788,723,1101,1132,0,1213,887,1161,1000,1169
1554,962,738,831,930,896,1015,812,1044,972,718,1130,658,1124,1006,885,1129,756,659,1065,750,889,1019,738,900,764,800,1262,806,1046,755,1164,999,1123,831,1032,1013,799,1133,617,895,879,1131,1130,1023,1059,789,316,942,946,912,877,846,975,794,861,1171,1204,1108,1126,897,744,750,792,881,1051,1093,605,830,644,753,1093,860,1009,722,1021,1073,1018,598,1037,597,956,885,1148,868,1178,0,785,720,1103,1132,0,1212,884,1161,1001,1168
1555,962,738,826,927,891,1013,815,1040,970,715,1133,655,1123,1003,886,1128,751,659,1060,746,888,1010,735,900,762,802,1262,802,1042,752,1163,996,1124,830,1033,1010,795,1130,615,892,877,1128,1129,1028,1060,788,317,937,943,909,875,844,969,798,860,1172,1204,1108,1124,896,740,748,790,875,1049,1091,608,829,639,753,1091,859,1010,721,1020,1071,1015,597,1035,596,954,883,1148,869,1181,0,785,715,1102,1130,0,1214,883,1163,999,1167
1556,963,738,827,927,890,1011,824,1043,967,713,1133,652,1122,1004,880,1126,749,656,1059,742,884,1010,736,900,759,801,1260,800,1040,751,1162,994,1127,827,1032,1005,793,1129,613,891,875,1129,1131,1027,1061,788,319,932,941,902,874,843,969,808,859,1173,1204,1106,1122,894,738,750,789,877,1049,1088,613,824,636,750,1086,854,1010,717,1025,1075,1009,595,1035,595,951,882,1147,868,1178,0,781,713,1100,1132,0,1211,880,1163,997,1168
1557,961,739,824,925,887,1007,829,1042,967,710,1130,651,1117,1000,879,1127,748,654,1056,742,878,1006,732,897,757,798,1258,799,1039,749,1164,988,1126,824,1033,1001,795,1124,611,888,869,1130,1129,1023,1061,787,323,930,942,901,871,837,966,811,860,1171,1201,1105,1116,893,735,748,788,875,1048,1087,615,822,637,748,1081,853,1007,715,1026,1076,1010,593,1032,593,947,877,1147,867,1174,0,781,710,1102,1132,0,1213,879,1161,992,1169
1558,955,738,824,925,887,1004,828,1042,967,711,1132,649,1120,998,877,1133,743,652,1059,740,875,1006,731,896,758,798,1254,797,1040,749,1168,986,1129,824,1031,996,794,1123,612,890,866,1130,1129,1022,1062,786,325,930,938,902,867,832,961,810,856,1173,1204,1104,1120,893,733,745,785,871,1044,1083,615,819,634,748,1076,850,1004,713,1024,1076,1008,590,1032,591,945,872,1148,864,1176,0,779,710,1101,1131,0,1208,875,1162,992,1169
1559,954,735,820,924,885,1001,834,1041,964,707,1131,645,1126,995,879,1131,740,650,1053,737,872,1004,727,894,755,795,1252,797,1038,749,1170,983,1126,822,1029,994,795,1122,612,890,867,1122,1131,1019,1060,784,327,929,939,899,870,829,957,817,855,1176,1209,1102,1123,894,732,744,784,866,1043,1084,619,815,628,747,1075,847,1000,714,1026,1075,1008,589,1031,589,941,870,1147,864,1177,0,778,705,1098,1136,0,1209,873,1161,991,1170
1560,955,735,817,921,885,1001,833,1041,965,705,1133,643,1129,993,876,1132,740,649,1053,734,872,1007,725,892,754,794,1256,797,1036,748,1167,985,1125,819,1030,990,793,1120,612,888,862,1114,1131,1019,1059,779,329,922,935,899,868,830,957,820,853,1181,1209,1105,1119,894,728,745,784,862,1042,1081,628,813,625,742,1069,843,998,710,1022,1073,1004,589,1028,589,940,871,1146,864,1175,0,775,702,1094,1138,0,1209,874,1157,988,1165
1561,955,733,814,917,881,999,841,1041,962,703,1132,642,1133,992,875,1133,741,646,1052,733,872,1004,722,894,751,793,1255,796,1037,747,1167,985,1124,818,1030,989,791,1117,611,884,860,1114,1129,1019,1055,778,332,922,931,896,866,831,955,819,851,1179,1209,1105,1119,893,724,742,779,857,1043,1080,629,812,626,739,1069,844,997,708,1019,1073,997,585,1023,588,934,869,1148,863,1176,0,774,699,1095,1143,0,1208,872,1152,986,1162
1562,951,730,813,913,877,998,846,1036,959,702,1126,641,1137,989,874,1135,740,644,1052,730,868,1003,721,893,752,790,1251,796,1035,746,1171,982,1123,818,1030,986,789,1117,610,881,859,1106,1130,1020,1055,777,333,920,927,896,862,828,951,819,848,1185,1210,1103,1118,891,721,743,779,856,1042,1077,634,812,620,739,1071,841,997,707,1019,1065,995,585,1023,585,929,869,1146,861,1174,0,772,698,1094,1144,0,1211,869,1150,984,1164
1563,947,728,810,906,876,997,849,1035,956,699,1126,639,1136,986,873,1135,739,643,1049,725,865,1005,722,892,751,790,1257,793,1036,743,1173,986,1120,818,1026,987,785,1118,607,880,853,1102,1134,1016,1056,774,337,918,928,893,859,828,952,822,847,1190,1214,1099,1118,887,719,741,774,856,1041,1076,637,807,620,736,1070,838,994,704,1017,1063,992,584,1021,583,926,869,1142,857,1172,0,773,696,1095,1151,0,1213,871,1149,980,1160
1564,946,727,808,905,875,996,853,1037,954,696,1123,635,1134,986,870,1134,738,639,1051,721,862,1004,718,893,750,786,1258,793,1032,739,1172,982,1120,816,1026,985,785,1116,606,877,851,1099,1130,1011,1057,767,338,919,925,890,857,826,950,823,846,1192,1214,1097,1118,886,717,741,774,853,1039,1078,640,806,615,733,1067,838,991,703,1013,1061,992,586,1018,582,922,866,1140,853,1172,0,773,693,1097,1148,0,1214,867,1150,979,1162
1565,943,726,808,904,873,994,862,1036,953,696,1120,631,1134,985,868,1136,734,637,1049,721,862,1001,714,889,746,781,1262,790,1029,733,1175,977,1119,812,1027,985,786,1120,603,871,850,1101,1131,1006,1056,767,339,915,923,889,859,824,951,826,843,1190,1216,1096,1118,884,717,741,774,852,1036,1076,647,802,615,731,1066,835,991,698,1007,1061,992,582,1016,580,918,863,1135,853,1174,0,772,693,1096,1147,0,1217,866,1150,979,1163
1566,942,724,807,900,872,995,864,1036,948,697,1116,627,1132,983,867,1140,735,637,1050,719,859,999,711,888,746,781,1270,790,1030,731,1175,972,1112,812,1031,984,785,1121,599,871,852,1095,1130,1004,1055,766,343,913,920,887,857,826,949,826,843,1192,1213,1095,1114,881,719,740,772,851,1032,1073,650,797,612,728,1068,832,990,695,1001,1064,993,581,1015,578,917,859,1134,852,1174,0,771,694,1097,1145,0,1214,864,1149,979,1162
1567,940,724,803,898,865,994,869,1033,939,694,1114,622,1132,982,867,1140,735,633,1049,717,854,995,705,886,745,779,1273,788,1030,728,1178,973,1114,810,1031,984,786,1117,597,871,852,1092,1131,1002,1057,764,343,906,914,886,856,819,948,826,841,1190,1210,1094,1111,877,715,739,769,850,1029,1072,651,792,609,726,1067,829,987,693,1000,1063,990,582,1008,578,915,855,1133,847,1171,0,771,690,1100,1149,0,1214,863,1147,977,1164
1568,938,719,801,896,861,993,871,1035,938,694,1112,621,1137,981,867,1137,734,629,1042,714,852,992,706,884,744,776,1271,780,1032,724,1180,975,1118,807,1033,980,779,1118,594,871,847,1092,1131,998,1051,766,345,905,912,883,854,816,944,827,841,1189,1207,1091,1108,878,712,736,764,846,1023,1068,657,789,606,722,1066,829,985,688,996,1062,992,583,1007,576,914,857,1131,848,1168,0,768,689,1098,1150,0,1213,862,1151,974,1162
1569,937,717,799,896,858,989,872,1034,932,694,1109,619,1131,982,864,1135,733,627,1035,712,852,990,707,885,742,777,1269,780,1032,722,1178,975,1117,804,1034,977,778,1116,592,866,843,1090,1125,993,1053,762,349,904,909,881,853,815,943,830,838,1193,1204,1088,1106,880,709,732,763,841,1017,1065,660,789,605,717,1064,828,985,689,993,1061,992,580,1006,576,915,856,1128,847,1171,0,767,681,1097,1150,0,1213,860,1149,976,1167
1570,936,716,796,894,854,988,877,1031,925,695,1110,620,1130,981,861,1138,734,627,1035,711,850,990,706,882,742,774,1267,780,1028,718,1182,969,1116,803,1036,976,777,1117,590,864,837,1090,1123,992,1052,761,352,902,908,878,851,811,943,834,834,1188,1209,1089,1103,881,711,731,761,841,1015,1066,664,785,603,715,1057,828,985,685,988,1060,989,580,1001,571,918,855,1126,844,1176,0,765,678,1097,1150,0,1210,858,1145,973,1162
1571,936,714,793,890,851,985,882,1029,923,694,1112,617,1138,980,859,1137,729,627,1031,711,847,985,704,880,740,771,1268,779,1025,718,1179,971,1115,801,1033,977,777,1120,589,859,838,1088,1118,993,1054,760,355,900,909,877,847,812,942,835,833,1189,1211,1083,1104,878,708,729,759,840,1013,1058,667,783,602,713,1057,823,983,684,987,1059,988,576,1004,568,913,855,1124,843,1175,0,759,675,1095,1153,0,1208,853,1146,971,1158
1572,934,713,793,891,849,981,882,1022,920,694,1112,614,1138,978,855,1136,726,627,1028,707,844,982,703,878,735,767,1265,775,1021,720,1185,966,1115,798,1032,976,775,1118,582,857,835,1083,1117,993,1050,759,356,897,904,876,843,810,941,836,831,1193,1212,1085,1100,874,706,726,761,839,1008,1056,670,783,601,712,1055,820,982,681,988,1056,988,574,1002,565,910,852,1124,838,1175,0,756,670,1093,1155,0,1205,852,1145,964,1156
1573,930,711,791,891,843,976,887,1019,919,694,1109,610,1141,975,856,1139,725,626,1028,706,843,977,701,877,735,767,1263,776,1017,717,1184,964,1114,797,1033,976,775,1112,578,857,832,1085,1116,995,1047,757,360,893,901,875,842,808,940,836,829,1195,1211,1087,1101,875,706,725,757,834,1002,1057,673,783,599,708,1052,816,983,680,984,1056,985,573,999,565,906,850,1123,837,1176,0,755,669,1090,1156,0,1203,853,1144,961,1154
1574,931,707,788,888,837,969,891,1017,917,690,1111,608,1140,974,853,1135,722,620,1027,704,842,978,701,870,733,763,1263,778,1018,718,1188,963,1116,796,1032,974,772,1112,580,857,831,1085,1115,994,1045,759,362,891,900,875,841,804,938,840,826,1197,1212,1088,1104,873,705,723,757,834,997,1058,679,780,598,707,1049,815,979,678,983,1058,980,570,997,562,906,846,1128,835,1179,0,756,665,1089,1155,0,1203,853,1144,960,1146
1575,932,705,786,887,838,963,894,1014,915,688,1108,607,1140,973,849,1133,720,620,1026,702,838,976,699,867,732,765,1262,779,1015,714,1189,961,1115,793,1030,972,771,1116,577,857,827,1087,1113,991,1043,759,365,887,898,869,841,803,938,846,824,1194,1207,1088,1105,872,700,721,754,833,996,1052,682,778,596,706,1049,811,977,675,982,1050,976,572,996,556,900,844,1130,835,1176,0,752,663,1088,1157,0,1208,850,1142,961,1145
1576,926,705,784,880,839,963,899,1011,915,684,1108,605,1139,971,850,1133,714,616,1023,698,835,975,697,867,728,763,1253,778,1013,711,1193,960,1110,790,1028,971,768,1118,574,853,824,1092,1113,985,1042,758,369,885,899,867,839,802,934,850,820,1193,1207,1083,1103,868,698,717,753,830,993,1048,681,775,594,704,1047,810,975,670,981,1049,971,574,993,553,898,838,1129,831,1180,0,750,661,1087,1160,0,1200,847,1142,964,1146
1577,922,702,782,878,838,956,905,1012,911,681,1103,605,1140,970,851,1130,710,615,1024,696,832,971,695,865,727,762,1251,776,1009,705,1193,957,1113,787,1030,966,768,1121,572,850,823,1090,1114,985,1044,752,368,881,901,862,837,799,932,855,817,1192,1205,1081,1101,864,697,711,749,830,993,1045,683,772,592,703,1043,809,974,668,982,1049,970,571,988,554,896,838,1127,829,1181,0,745,656,1085,1160,0,1202,847,1141,961,1147
1578,920,700,780,877,837,956,906,1009,912,679,1103,605,1141,969,849,1128,710,612,1022,693,830,970,695,861,719,761,1253,773,1004,700,1195,956,1112,787,1028,961,763,1120,572,847,816,1088,1111,984,1049,753,371,880,901,860,833,796,928,855,813,1194,1207,1077,1101,862,696,705,749,830,993,1042,687,769,590,702,1040,808,971,667,987,1047,969,569,984,555,894,837,1126,828,1179,0,741,655,1086,1161,0,1204,842,1140,954,1143
1579,919,700,778,872,839,955,908,1006,910,678,1104,603,1142,969,847,1124,710,611,1024,692,827,969,693,858,718,756,1251,774,1000,697,1194,954,1107,786,1025,957,765,1118,571,844,807,1085,1109,985,1048,747,372,881,895,858,830,789,926,860,809,1198,1210,1077,1105,863,696,702,747,827,992,1043,688,768,588,701,1035,805,970,665,986,1044,967,564,981,556,892,836,1126,825,1181,0,741,654,1088,1164,0,1203,838,1135,951,1145
1580,917,701,776,869,840,953,911,1005,911,674,1104,598,1142,968,848,1121,708,609,1021,688,826,968,690,853,717,753,1248,772,1000,696,1189,954,1106,784,1020,955,762,1115,571,843,804,1084,1109,983,1045,744,375,882,890,858,825,787,924,862,809,1197,1213,1076,1102,863,695,701,745,824,991,1044,693,768,585,700,1033,804,968,662,985,1038,970,559,982,555,888,833,1129,826,1177,0,739,652,1085,1165,0,1207,840,1138,949,1144
1581,916,699,776,867,838,951,914,1002,909,674,1100,596,1142,962,843,1122,705,608,1022,689,823,965,685,852,714,750,1246,768,999,694,1188,953,1100,782,1016,955,757,1113,571,844,802,1083,1112,984,1042,740,378,881,886,855,824,787,919,868,809,1198,1212,1073,1099,861,695,698,747,825,987,1041,703,767,581,700,1029,801,965,659,984,1034,967,556,983,553,885,834,1126,824,1175,0,733,652,1084,1165,0,1205,838,1135,948,1143
1582,914,698,778,866,834,952,917,999,904,671,1090,594,1142,956,841,1118,701,606,1019,683,822,963,680,849,711,747,1246,765,999,692,1189,951,1095,783,1016,953,754,1105,570,842,799,1083,1114,983,1039,739,377,879,885,854,822,787,918,872,805,1196,1213,1068,1099,861,694,693,746,821,986,1037,704,767,580,700,1030,799,963,657,985,1035,965,556,980,550,879,832,1126,823,1174,0,732,650,1085,1169,0,1202,829,1132,946,1140
1583,914,698,775,864,832,951,917,998,903,669,1085,592,1145,952,834,1119,700,606,1016,679,819,961,681,847,710,744,1244,762,995,686,1187,948,1094,782,1014,952,752,1103,566,842,798,1078,1110,982,1039,736,379,876,882,854,821,783,917,879,801,1195,1212,1066,1099,860,692,692,743,819,985,1034,710,765,579,699,1031,801,962,654,983,1037,963,552,981,547,877,829,1124,822,1177,0,730,650,1079,1174,0,1201,827,1128,945,1137
1584,913,697,775,858,822,953,924,997,899,668,1087,589,1143,952,833,1119,696,600,1015,675,816,960,679,841,705,741,1243,759,995,685,1190,945,1089,783,1013,949,751,1103,567,833,796,1079,1112,985,1036,735,381,873,880,854,816,781,917,881,798,1196,1207,1064,1098,858,692,688,739,816,985,1030,714,764,578,695,1030,801,961,652,981,1040,964,550,981,547,872,826,1120,824,1177,0,730,651,1074,1174,0,1198,828,1128,942,1135
1585,909,694,773,855,818,950,927,999,896,664,1084,588,1144,946,832,1117,694,600,1013,671,816,958,679,839,704,738,1241,760,990,678,1188,938,1090,775,1011,948,749,1101,563,829,793,1075,1107,987,1033,733,383,874,879,853,815,775,918,883,794,1196,1207,1065,1097,854,691,684,738,816,984,1027,718,759,576,693,1029,799,956,651,978,1040,965,547,982,547,872,828,1119,819,1176,0,730,647,1070,1176,0,1197,828,1127,939,1134
1586,907,689,770,849,813,951,929,999,895,662,1082,588,1143,945,828,1113,690,598,1013,669,810,959,676,836,702,734,1237,755,989,673,1189,941,1087,772,1006,941,749,1099,559,825,790,1071,1104,987,1026,729,386,872,876,853,814,771,916,886,790,1196,1214,1066,1096,852,687,680,738,812,983,1029,722,759,572,692,1027,798,955,648,975,1037,960,546,980,546,867,824,1119,819,1171,0,726,646,1068,1174,0,1196,824,1124,937,1134
1587,904,690,770,849,809,950,933,997,891,659,1080,586,1143,940,828,1114,688,595,1014,669,808,960,675,834,700,730,1233,756,984,669,1190,942,1086,773,1003,938,746,1094,556,821,788,1068,1103,985,1023,728,388,872,872,850,810,769,914,891,788,1195,1216,1068,1098,847,686,677,736,809,982,1029,727,756,571,688,1025,795,955,647,974,1036,960,546,978,546,864,818,1118,819,1175,0,722,644,1066,1176,0,1199,823,1123,934,1131
1588,901,688,765,846,807,945,940,996,889,654,1077,586,1141,943,823,1116,684,594,1015,667,807,957,673,835,698,728,1230,754,984,668,1189,937,1082,769,1002,936,744,1095,556,819,784,1067,1100,983,1021,728,393,869,866,849,810,769,910,892,785,1195,1218,1067,1098,844,685,676,733,807,980,1028,730,753,568,685,1020,795,946,643,974,1035,962,541,971,544,862,816,1118,814,1177,0,720,638,1064,1177,0,1198,820,1121,932,1128
1589,902,687,765,842,807,946,946,993,885,650,1077,586,1135,941,817,1114,682,592,1016,666,803,956,669,836,697,725,1232,752,982,665,1193,937,1080,765,1002,937,741,1091,554,818,777,1065,1099,982,1025,726,395,865,865,845,810,765,911,896,783,1193,1219,1066,1096,839,683,675,733,808,978,1029,732,753,565,683,1021,796,944,641,972,1034,960,540,972,544,862,813,1112,811,1181,0,719,637,1064,1177,0,1200,821,1119,929,1125
1590,901,688,760,844,802,946,949,993,886,650,1077,586,1135,940,818,1115,681,590,1015,666,801,952,666,831,696,722,1232,749,980,661,1191,936,1082,765,1001,935,740,1091,552,821,775,1064,1097,982,1026,721,399,861,863,848,810,762,911,898,782,1193,1217,1067,1090,836,682,673,730,801,975,1026,731,749,561,680,1015,795,944,641,973,1035,961,540,969,541,859,810,1112,807,1181,0,717,637,1063,1177,0,1200,820,1115,928,1124
1591,899,686,760,842,797,942,952,990,886,647,1078,586,1135,941,815,1113,680,590,1013,665,800,946,664,830,693,721,1231,747,977,659,1188,935,1078,765,999,935,736,1093,551,818,773,1063,1093,975,1023,718,406,855,860,848,809,756,909,901,781,1188,1219,1066,1089,833,681,668,729,800,972,1019,740,747,558,678,1013,797,940,639,969,1034,956,538,969,538,854,811,1110,802,1187,0,716,630,1058,1184,0,1195,816,1115,925,1119
1592,899,684,758,839,794,935,955,992,884,647,1076,585,1132,940,813,1109,674,586,1013,663,798,943,659,827,695,720,1232,743,972,658,1191,934,1079,759,1000,935,733,1090,550,817,774,1061,1095,973,1023,716,405,850,855,847,810,756,909,904,778,1188,1220,1067,1087,831,679,664,730,798,971,1017,745,747,553,677,1013,795,941,631,968,1029,951,537,967,538,853,810,1107,801,1186,0,712,628,1055,1183,0,1196,814,1113,922,1116
1593,897,682,755,834,792,934,955,994,881,645,1072,584,1134,936,813,1103,673,585,1009,661,798,943,660,827,692,719,1232,741,968,658,1188,933,1078,758,1002,936,727,1090,549,817,773,1060,1092,971,1023,712,408,850,849,846,808,755,907,907,778,1192,1222,1064,1087,828,679,662,729,799,969,1012,749,745,551,672,1012,793,939,627,969,1023,947,534,967,537,851,808,1108,797,1186,0,711,627,1056,1184,0,1198,810,1113,920,1113
1594,896,680,752,834,788,930,960,988,880,646,1072,582,1137,934,813,1106,670,584,1009,660,795,942,660,825,691,718,1237,741,968,656,1192,933,1077,753,1001,939,723,1088,547,816,772,1057,1090,973,1015,710,409,848,846,843,808,755,905,909,776,1195,1222,1058,1082,824,678,661,728,798,971,1010,754,745,549,670,1013,791,935,627,968,1021,947,529,966,535,850,805,1099,795,1185,0,706,621,1056,1183,0,1198,808,1110,920,1114
1595,894,677,748,828,787,932,963,983,879,642,1072,580,1139,930,805,1105,664,584,1004,654,796,940,656,825,687,715,1236,737,964,654,1194,933,1075,753,1001,936,725,1087,544,814,767,1054,1085,973,1016,709,414,844,843,836,805,754,903,914,774,1193,1223,1056,1080,823,675,657,724,797,974,1012,752,743,544,666,1012,786,935,626,966,1018,945,529,965,532,850,801,1101,794,1182,0,702,622,1056,1186,0,1200,808,1105,919,1112
1596,889,674,748,821,785,930,965,981,877,637,1070,578,1140,928,802,1105,663,585,999,650,794,936,657,821,685,713,1237,731,961,654,1192,930,1072,752,997,932,723,1085,544,813,767,1054,1082,970,1013,708,417,839,845,835,806,753,904,919,772,1193,1224,1053,1076,820,674,654,724,794,970,1013,755,742,545,664,1010,784,935,624,968,1015,942,528,960,529,845,797,1103,793,1183,0,700,622,1056,1185,0,1199,803,1104,912,1109
1597,889,669,746,818,783,927,963,976,874,635,1073,576,1143,925,801,1104,661,584,996,650,793,937,656,821,682,711,1236,729,961,653,1198,928,1068,751,997,932,721,1086,544,809,767,1053,1081,968,1012,708,419,838,841,835,802,751,902,918,766,1191,1222,1049,1073,819,673,653,723,790,966,1011,760,741,547,662,1007,780,933,624,969,1015,938,528,960,529,846,798,1103,793,1181,0,698,620,1055,1183,0,1200,802,1102,909,1110
1598,887,669,742,818,783,925,965,975,873,632,1069,573,1142,925,798,1103,660,581,996,647,794,933,655,820,682,708,1233,725,960,652,1202,924,1067,746,996,929,719,1087,541,805,767,1044,1077,968,1011,704,423,835,841,837,800,749,905,919,764,1188,1222,1050,1073,815,669,652,719,790,960,1007,769,739,547,661,1003,779,929,621,969,1011,934,525,959,527,843,795,1102,786,1180,0,697,622,1056,1184,0,1194,802,1103,909,1108
1599,887,666,741,814,780,925,966,973,871,631,1069,572,1146,924,797,1100,658,578,992,646,789,933,654,818,681,706,1228,723,955,650,1200,922,1064,745,997,928,717,1090,539,804,762,1040,1075,966,1011,700,429,834,840,831,800,744,901,922,760,1187,1226,1046,1074,816,669,650,718,786,957,1008,773,736,545,655,1000,777,927,618,968,1007,935,522,960,527,841,793,1100,784,1181,0,697,618,1055,1185,0,1194,799,1102,909,1107
1600,887,662,740,814,779,925,968,974,867,628,1067,567,1146,921,795,1098,651,578,987,643,784,930,652,816,678,704,1228,722,953,647,1200,920,1061,744,996,925,713,1088,534,798,759,1038,1075,963,1012,696,434,833,837,831,797,742,896,925,754,1186,1227,1045,1072,810,667,649,714,784,957,1008,776,736,545,652,996,776,927,615,966,1005,937,521,963,525,837,792,1101,782,1179,0,695,616,1051,1187,0,1197,795,1102,907,1106
1601,885,659,740,813,777,921,966,972,868,627,1067,564,1145,922,791,1099,648,577,982,638,781,926,652,816,678,703,1232,722,953,646,1201,918,1057,742,996,924,711,1085,533,801,754,1035,1072,965,1012,689,441,831,832,826,794,738,895,929,750,1185,1227,1040,1072,808,665,648,712,783,956,1006,776,736,543,651,996,771,925,612,965,1002,932,521,963,521,833,790,1103,783,1176,0,691,615,1048,1184,0,1199,793,1101,906,1106
1602,881,654,736,813,774,919,971,969,866,624,1069,561,1142,922,786,1102,646,576,984,636,779,926,649,812,671,697,1228,719,949,646,1197,918,1058,739,994,920,705,1087,530,796,749,1040,1068,964,1007,686,442,828,832,827,790,737,892,933,744,1182,1227,1039,1069,808,662,650,712,777,955,1004,775,734,542,648,997,770,923,611,964,1000,933,518,962,520,831,786,1103,784,1176,0,689,615,1047,1186,0,1196,791,1100,906,1104
1603,878,652,732,810,771,916,976,969,866,621,1067,556,1145,923,785,1104,644,576,977,631,780,925,645,808,667,694,1229,718,943,643,1198,917,1056,739,993,916,699,1083,531,794,745,1040,1067,966,1003,684,442,825,827,827,788,736,887,934,743,1183,1228,1036,1070,806,658,646,712,777,952,1000,778,733,541,648,992,766,922,609,959,998,930,514,964,519,829,782,1102,782,1179,0,685,614,1042,1191,0,1190,788,1099,906,1100
1604,879,652,732,808,771,916,975,969,864,621,1065,556,1145,923,783,1103,643,576,975,630,777,925,640,806,667,691,1230,711,940,639,1203,914,1056,736,993,912,696,1080,528,790,742,1039,1063,965,1003,682,447,822,824,825,787,732,883,934,744,1182,1225,1035,1066,801,652,643,710,775,951,994,779,730,541,646,987,762,920,608,956,1001,928,512,961,518,827,782,1098,782,1173,0,682,610,1036,1193,0,1193,787,1098,905,1097
1605,877,650,730,807,770,916,971,969,863,617,1064,555,1147,918,779,1102,640,575,972,626,775,927,641,806,664,686,1232,709,938,637,1200,910,1058,735,991,911,695,1078,525,790,739,1038,1064,964,1003,678,450,820,821,821,787,728,881,937,743,1182,1220,1029,1068,798,648,642,708,772,952,993,779,731,539,646,983,760,915,603,952,1002,925,511,958,516,826,781,1098,779,1174,0,680,608,1034,1197,0,1191,785,1098,901,1096
1606,874,646,728,807,768,913,977,964,861,615,1063,555,1147,912,775,1106,637,573,970,625,772,927,639,800,662,683,1233,707,936,637,1201,907,1055,734,991,905,695,1073,523,792,733,1033,1064,960,1000,680,452,819,821,818,782,725,880,941,743,1182,1217,1029,1064,796,646,640,705,769,953,992,780,730,537,642,984,758,913,604,952,1002,924,511,956,514,827,778,1094,777,1177,0,681,605,1032,1202,0,1190,783,1096,900,1094
1607,873,641,725,802,765,910,978,965,860,614,1064,551,1148,909,774,1105,630,568,968,621,768,927,639,799,658,680,1235,704,930,632,1199,907,1058,730,986,903,692,1071,522,788,729,1030,1059,960,1002,677,454,814,820,819,781,724,879,945,741,1183,1216,1026,1059,792,646,638,705,767,952,991,784,726,534,642,982,756,912,600,947,1001,918,511,954,514,829,775,1091,775,1174,0,679,605,1033,1198,0,1191,780,1095,901,1091
1608,872,640,721,799,766,909,982,961,856,611,1061,548,1148,909,770,1104,631,566,968,619,762,920,637,795,655,678,1232,704,929,630,1200,902,1052,726,984,901,689,1069,521,782,728,1029,1059,958,1001,676,455,818,820,815,779,723,876,948,741,1184,1215,1021,1062,789,641,640,703,765,953,989,786,726,533,640,979,753,907,597,944,1002,914,510,954,512,827,771,1088,769,1173,0,678,603,1033,1195,0,1189,775,1095,901,1090
1609,871,638,722,797,766,907,982,957,851,612,1059,549,1152,907,766,1107,629,561,968,618,759,911,634,796,655,673,1231,703,928,628,1198,899,1050,721,982,899,685,1068,523,780,727,1029,1056,956,999,674,455,816,815,814,775,722,869,954,741,1183,1213,1020,1062,785,642,640,700,763,952,987,789,725,532,639,977,747,904,595,940,998,913,507,952,508,825,769,1088,771,1170,0,678,603,1031,1199,0,1187,775,1092,896,1092
1610,870,636,720,796,766,906,981,957,845,608,1060,549,1153,903,762,1105,630,561,964,618,755,910,634,797,656,672,1228,703,924,627,1194,895,1048,721,979,893,682,1067,522,779,723,1024,1051,954,998,674,456,816,816,812,773,720,866,958,737,1179,1211,1012,1061,785,639,639,697,762,952,989,793,719,529,636,972,747,901,595,938,994,907,505,950,507,823,767,1088,773,1167,0,680,600,1027,1201,0,1187,774,1091,897,1092
1611,868,634,720,795,764,901,988,954,845,605,1058,548,1150,901,761,1103,629,558,965,618,750,910,634,795,653,674,1227,701,922,624,1197,892,1044,719,979,891,679,1066,521,777,722,1022,1048,952,996,674,459,815,815,811,769,719,862,960,738,1178,1210,1011,1057,785,640,640,696,763,949,984,794,716,528,635,967,742,897,595,936,993,906,507,947,505,822,763,1083,772,1165,0,678,599,1021,1202,0,1183,770,1091,894,1090
1612,869,629,720,794,761,903,987,952,844,604,1056,546,1151,898,758,1101,626,558,960,615,748,908,632,794,649,670,1227,698,922,622,1195,890,1040,715,985,890,677,1066,521,771,722,1019,1041,953,993,669,459,812,811,812,766,715,859,967,735,1178,1209,1010,1058,783,642,638,693,761,946,987,794,714,527,631,967,740,898,595,937,993,905,505,942,504,819,759,1080,770,1163,0,679,598,1021,1199,0,1183,769,1087,887,1091
1613,869,628,718,789,755,901,988,945,843,600,1052,546,1149,900,755,1102,624,553,957,614,745,906,631,790,646,667,1226,697,918,620,1196,888,1038,715,981,890,673,1062,521,769,721,1019,1042,949,990,670,463,810,812,811,766,713,859,968,732,1175,1211,1010,1055,782,641,637,691,758,942,985,795,711,523,628,964,734,894,593,935,988,902,504,942,500,815,758,1078,767,1162,0,678,598,1018,1201,0,1183,763,1088,882,1080
1614,864,625,716,787,755,900,987,941,840,598,1054,537,1151,898,753,1095,624,553,956,611,742,904,631,786,645,665,1224,698,919,615,1193,886,1034,714,986,887,673,1062,517,767,722,1018,1037,947,986,669,464,810,811,811,765,710,859,965,730,1176,1207,1007,1053,782,637,634,690,759,943,986,801,706,520,629,959,733,892,593,933,988,901,500,942,498,814,755,1082,768,1160,0,675,597,1019,1196,0,1184,762,1086,882,1080
1615,862,623,718,785,752,898,991,937,833,597,1051,536,1151,898,752,1095,620,552,957,610,740,902,630,784,642,666,1219,694,916,614,1191,885,1033,712,984,883,672,1061,515,767,721,1021,1035,942,984,663,462,813,807,807,763,707,857,967,731,1175,1205,1000,1052,780,634,633,689,759,943,985,804,706,520,626,955,728,894,590,933,984,900,500,942,497,810,753,1083,767,1158,0,672,594,1018,1191,0,1186,760,1085,878,1079
1616,862,622,717,786,751,897,994,935,832,595,1053,534,1150,901,750,1095,620,549,954,602,737,903,629,783,642,663,1220,690,915,612,1190,883,1029,711,981,881,670,1060,514,761,720,1021,1031,938,980,657,465,811,803,806,763,706,854,972,729,1174,1201,997,1049,778,636,632,685,755,939,981,806,701,518,623,953,725,893,587,928,984,899,498,940,496,809,751,1079,764,1157,0,672,592,1014,1191,0,1185,757,1082,880,1078
1617,861,621,714,782,749,896,996,935,830,593,1052,531,1152,901,748,1093,617,547,952,602,736,899,627,782,644,661,1220,691,907,608,1191,883,1027,710,977,881,670,1057,514,760,717,1022,1030,938,978,658,466,806,796,804,759,703,856,976,725,1173,1201,997,1049,776,635,630,683,750,941,980,806,697,514,623,950,722,893,585,927,984,899,496,939,496,808,748,1072,758,1155,0,674,588,1009,1193,0,1182,758,1080,878,1075
1618,856,619,715,783,747,890,998,933,832,591,1053,528,1152,898,746,1091,614,545,949,599,734,895,628,778,643,656,1223,685,903,602,1191,883,1021,707,980,881,670,1055,513,760,714,1019,1025,940,972,657,472,809,794,803,756,699,856,981,720,1178,1200,997,1051,775,632,627,683,747,940,980,813,694,513,618,948,719,890,582,925,984,898,496,939,493,806,747,1070,755,1155,0,674,586,1008,1191,0,1182,754,1076,878,1069
1619,854,615,716,782,745,889,1002,930,831,589,1053,526,1147,896,741,1087,613,542,949,598,733,892,625,777,643,656,1220,684,902,598,1190,882,1020,706,981,880,666,1055,511,759,708,1015,1024,939,968,655,477,807,793,800,757,697,850,983,718,1179,1198,994,1050,773,632,625,677,746,938,980,817,691,511,618,947,718,886,580,926,985,892,495,934,492,803,746,1068,752,1149,0,669,585,1007,1193,0,1180,754,1074,873,1069
1620,854,611,715,784,740,887,1002,930,827,586,1053,523,1141,891,741,1088,611,539,953,598,733,893,623,774,642,654,1219,683,901,597,1189,873,1020,703,984,876,661,1054,507,756,707,1018,1022,937,966,651,481,802,794,796,755,693,849,981,718,1178,1200,996,1049,769,630,625,679,744,937,980,821,690,509,613,946,711,885,580,923,982,890,495,934,489,803,743,1065,751,1152,0,667,580,1002,1193,0,1178,751,1064,872,1065
1621,850,612,711,781,738,883,1006,927,826,585,1051,522,1144,885,737,1092,609,536,952,596,733,894,623,767,642,650,1217,682,898,592,1184,867,1023,700,982,874,656,1053,505,754,704,1018,1018,933,965,653,481,804,794,789,753,692,846,987,716,1178,1198,989,1046,766,626,623,677,741,935,976,823,685,508,610,944,710,882,576,923,979,888,493,928,483,801,740,1061,751,1151,0,664,579,1001,1190,0,1179,748,1063,872,1065
1622,846,611,709,778,736,880,1006,923,826,583,1048,521,1143,883,735,1091,607,533,951,593,734,895,621,766,638,648,1214,680,895,591,1180,863,1023,699,983,876,654,1048,504,754,703,1015,1013,931,965,651,487,801,794,790,753,687,841,991,715,1179,1198,987,1048,766,625,623,676,743,933,976,827,683,504,607,942,708,879,575,921,977,886,492,923,480,800,741,1056,747,1153,0,661,579,998,1189,0,1177,750,1060,867,1061
1623,844,610,706,778,731,875,1006,920,822,579,1048,521,1147,881,732,1089,604,533,950,591,732,893,619,763,636,646,1218,679,894,590,1174,861,1021,697,984,876,653,1043,503,749,700,1014,1009,930,965,649,494,801,793,790,751,686,841,992,713,1175,1199,987,1047,766,617,623,673,741,932,971,830,679,503,604,940,706,874,571,919,974,880,492,922,476,796,738,1056,748,1156,0,655,575,998,1193,0,1175,749,1059,866,1062
1624,840,606,703,776,729,872,1008,920,821,576,1047,520,1151,878,728,1087,601,529,948,589,732,893,618,763,635,641,1218,678,893,588,1173,859,1020,693,981,874,650,1040,499,743,696,1011,1005,928,964,646,496,799,788,786,746,683,837,992,706,1175,1197,981,1045,763,613,618,673,739,931,965,830,678,500,602,937,704,870,568,915,973,880,492,918,476,792,735,1054,745,1155,0,651,573,989,1191,0,1174,744,1054,864,1060
1625,839,605,700,774,727,869,1014,917,818,575,1040,518,1150,878,726,1084,600,529,942,585,730,893,616,760,630,637,1215,678,896,585,1172,853,1020,689,984,874,648,1039,495,742,692,1013,1002,925,963,644,499,798,782,782,742,682,832,993,706,1173,1198,982,1043,758,613,617,673,736,925,961,837,674,498,599,933,702,867,566,915,971,877,488,914,475,789,730,1049,742,1152,0,649,573,987,1191,0,1173,743,1051,859,1058
1626,839,601,698,774,728,868,1016,914,819,574,1040,516,1152,876,722,1085,600,528,942,586,727,884,615,760,626,632,1204,678,891,586,1171,854,1020,688,983,873,647,1038,492,741,687,1013,1001,922,963,642,506,797,780,779,738,680,827,999,706,1173,1195,983,1041,756,609,615,669,733,925,962,843,671,493,597,926,700,864,566,914,970,873,486,915,473,787,728,1047,737,1150,0,647,573,982,1185,0,1172,738,1047,856,1060
1627,839,598,699,770,725,867,1021,913,815,572,1039,511,1154,875,718,1086,601,527,940,587,724,880,611,757,626,631,1201,676,890,585,1171,855,1021,687,978,868,647,1037,491,741,683,1013,1001,921,963,643,506,796,776,778,734,675,825,999,703,1172,1194,983,1039,753,607,614,669,732,925,960,851,670,487,596,925,698,862,568,914,967,874,484,912,474,782,728,1039,737,1148,0,645,572,979,1184,0,1173,735,1045,855,1061
1628,838,595,695,763,722,867,1023,912,811,572,1040,511,1162,873,720,1084,598,529,940,583,726,873,611,754,624,627,1200,672,889,581,1167,852,1018,682,972,865,644,1040,491,741,683,1011,997,918,962,642,507,794,772,776,733,674,822,1001,700,1172,1197,981,1036,750,605,611,667,732,921,958,860,666,486,595,924,695,858,568,910,967,872,479,904,473,779,727,1038,739,1143,0,645,565,974,1180,0,1169,731,1044,853,1062
1629,836,593,692,761,720,864,1021,913,809,569,1038,510,1160,865,715,1085,596,527,942,582,727,872,608,749,623,627,1197,670,889,580,1168,850,1016,683,971,864,642,1037,487,739,680,1007,998,913,961,640,510,793,768,773,730,673,822,1002,696,1172,1194,975,1030,749,604,609,657,731,919,954,864,667,486,590,923,694,853,568,909,968,873,478,901,471,777,726,1035,740,1141,0,643,564,972,1179,0,1169,731,1044,852,1062
1630,833,595,689,757,717,863,1025,915,808,566,1037,508,1155,864,714,1081,593,527,938,582,724,870,605,746,623,627,1196,670,887,579,1168,848,1014,680,970,860,639,1035,487,737,678,1003,995,914,956,633,516,791,764,773,729,670,820,1008,691,1167,1190,972,1027,750,604,605,652,729,919,948,870,665,486,589,921,689,850,567,906,967,870,477,899,468,775,724,1034,737,1142,0,643,563,968,1179,0,1169,728,1041,852,1059
1631,833,594,681,753,715,861,1027,912,805,563,1035,508,1156,862,715,1078,594,526,936,578,722,869,601,743,621,625,1195,669,886,577,1165,846,1008,677,966,859,638,1034,485,735,678,997,993,915,953,630,515,789,762,772,725,666,815,1012,691,1168,1187,969,1026,749,602,600,651,726,914,947,874,665,482,587,917,687,846,565,907,967,867,476,892,468,770,720,1031,735,1137,0,641,560,967,1174,0,1167,727,1041,852,1059
1632,829,594,682,750,716,856,1027,912,803,562,1036,508,1158,861,714,1077,593,525,932,574,719,867,602,741,621,623,1194,669,884,577,1164,844,1006,677,965,855,633,1031,484,736,672,993,989,910,948,630,518,788,760,767,724,665,811,1016,689,1163,1188,964,1023,746,601,598,650,722,909,944,875,664,479,584,914,687,843,562,904,965,867,474,892,467,770,718,1026,734,1135,0,638,557,969,1177,0,1165,725,1041,853,1054
1633,827,591,681,750,714,855,1028,913,798,560,1036,509,1160,855,711,1074,592,525,931,571,714,865,597,738,620,622,1191,665,884,574,1166,841,1002,673,962,852,629,1032,483,737,668,992,991,907,947,629,524,786,760,764,722,663,808,1017,684,1162,1187,963,1023,744,599,596,649,719,908,943,876,662,476,580,914,687,843,559,901,964,866,473,890,464,769,716,1026,732,1133,0,637,556,969,1174,0,1159,721,1037,854,1051
1634,826,588,679,750,710,852,1029,909,798,559,1035,503,1161,855,708,1074,589,521,929,572,711,861,596,741,619,620,1189,661,880,574,1166,840,995,671,963,849,627,1030,479,737,667,990,988,904,950,626,527,785,757,766,720,663,805,1023,680,1159,1184,963,1022,743,597,595,647,719,906,941,879,660,474,579,910,683,839,558,901,960,866,471,888,463,767,713,1024,731,1129,0,633,556,961,1173,0,1160,719,1033,851,1050
1635,823,588,679,746,707,849,1030,907,790,555,1031,500,1157,854,706,1075,590,520,928,570,712,855,595,738,616,617,1191,661,881,570,1169,839,991,669,960,848,628,1027,477,736,666,987,985,901,950,625,531,784,756,762,719,662,801,1024,679,1158,1184,959,1022,742,596,594,646,719,905,939,882,656,472,579,907,682,834,557,903,958,865,470,886,463,768,709,1024,731,1128,0,631,555,960,1177,0,1160,718,1029,845,1047
1636,820,587,678,746,708,844,1030,906,783,552,1031,495,1149,854,703,1073,584,520,927,566,712,855,593,738,612,617,1190,655,881,569,1168,840,990,665,959,847,627,1027,476,734,664,986,983,903,946,623,534,781,755,762,718,660,797,1025,678,1160,1183,959,1023,741,594,591,642,716,901,937,884,655,468,578,901,681,831,556,900,960,865,467,886,459,769,708,1019,729,1126,0,631,554,960,1178,0,1161,715,1027,841,1043
1637,816,585,674,739,708,844,1032,902,782,550,1030,494,1148,854,701,1073,584,519,926,566,711,852,593,734,612,617,1190,653,877,570,1164,839,989,664,957,844,625,1027,477,733,661,981,979,900,946,619,536,779,752,758,716,659,796,1029,675,1159,1180,959,1021,740,593,590,640,714,900,934,887,655,464,577,899,676,826,555,895,959,864,464,883,458,768,706,1015,728,1126,0,631,548,955,1176,0,1161,713,1027,838,1039
1638,808,581,673,731,702,844,1035,900,780,546,1030,491,1143,851,702,1071,582,519,925,563,707,851,592,732,611,614,1186,650,876,568,1162,839,984,663,955,841,622,1024,473,735,660,979,977,898,945,619,535,778,751,757,712,655,795,1032,672,1158,1177,958,1018,737,590,585,636,712,898,935,891,651,462,576,899,674,820,555,892,960,861,461,883,454,767,703,1013,725,1123,0,629,545,959,1172,0,1162,711,1021,838,1039
1639,804,579,669,727,701,841,1039,899,775,543,1028,490,1142,849,699,1070,580,515,920,562,705,853,591,732,610,613,1183,649,873,564,1159,837,980,659,951,839,621,1023,469,734,657,977,974,892,943,617,540,777,753,754,707,653,793,1031,667,1156,1174,953,1017,733,587,582,633,708,896,931,897,648,462,576,897,672,820,553,892,955,857,459,882,453,766,703,1011,718,1120,0,627,544,958,1174,0,1161,708,1018,835,1037
1640,799,575,668,727,701,839,1038,896,774,541,1028,490,1142,843,699,1067,578,514,917,558,705,853,587,730,612,612,1183,645,873,564,1160,834,980,656,945,836,618,1022,468,730,655,976,968,890,942,615,543,775,750,749,702,651,789,1033,667,1157,1174,949,1013,731,584,581,630,706,892,927,899,645,462,574,897,671,814,549,888,951,854,459,881,450,763,699,1009,714,1122,0,626,540,958,1176,0,1161,706,1015,835,1033
1641,796,573,667,725,701,835,1040,892,769,540,1024,489,1144,839,697,1064,576,514,915,558,705,855,584,729,608,610,1179,639,871,565,1154,835,978,656,946,837,615,1020,465,728,654,971,965,888,939,612,549,773,749,746,700,649,788,1033,665,1153,1172,949,1012,729,583,577,628,706,891,927,910,645,460,570,893,670,813,547,890,950,853,458,877,451,761,699,1006,714,1119,0,623,539,954,1182,0,1159,705,1011,835,1031
1642,793,573,661,724,698,832,1046,889,770,540,1023,488,1143,838,689,1061,573,515,913,556,705,854,583,728,607,609,1177,635,871,564,1150,832,977,650,944,837,616,1019,465,726,650,968,964,883,939,612,551,771,746,746,697,648,783,1036,662,1152,1173,945,1011,728,583,574,629,705,888,925,910,643,461,569,889,668,810,544,889,946,850,457,876,449,757,696,1006,713,1119,0,621,537,950,1179,0,1161,702,1009,833,1026
1643,788,572,659,723,699,828,1044,889,766,535,1024,485,1140,838,689,1057,568,513,911,555,703,850,582,727,604,604,1177,632,869,561,1147,829,975,649,944,836,612,1018,460,724,647,969,964,883,939,609,555,768,747,744,693,645,783,1034,666,1149,1170,941,1007,726,582,573,628,705,884,923,909,639,460,566,885,669,806,543,884,946,849,454,877,447,755,694,1001,711,1116,0,617,533,950,1179,0,1161,699,1009,834,1029
1644,782,568,656,718,698,824,1048,888,765,533,1021,485,1140,835,687,1056,566,509,909,554,701,846,579,726,605,603,1170,632,869,559,1147,823,974,649,945,832,609,1014,460,722,644,966,961,879,937,609,561,762,747,742,691,644,780,1040,663,1144,1168,935,1005,724,581,571,627,703,881,921,909,636,457,566,882,666,804,539,882,946,848,452,873,444,753,694,999,711,1115,0,615,530,948,1180,0,1165,699,1008,831,1035
1645,784,566,654,715,699,821,1048,885,760,531,1021,485,1141,834,684,1055,565,509,903,554,698,842,580,725,605,601,1169,633,865,557,1146,821,972,648,940,831,604,1012,455,720,646,966,958,878,936,609,569,760,744,742,690,644,782,1042,660,1144,1166,932,1002,720,576,570,624,699,882,917,910,638,455,564,881,662,803,536,874,945,845,447,870,441,748,689,999,709,1114,0,610,530,941,1181,0,1164,698,1005,829,1032
1646,784,566,649,716,697,819,1050,884,758,528,1016,484,1149,836,684,1056,563,504,902,551,697,835,580,723,603,600,1165,632,865,554,1145,822,972,646,937,829,603,1010,451,717,646,963,953,877,939,606,569,757,739,740,687,641,779,1047,658,1141,1167,928,1002,718,575,570,622,696,879,916,912,638,454,563,879,661,801,536,872,943,845,444,870,439,746,688,999,706,1114,0,606,526,935,1178,0,1161,697,1007,826,1027
1647,780,566,646,712,695,817,1050,880,753,527,1014,483,1151,833,680,1054,558,499,899,551,696,830,579,720,602,595,1161,626,864,549,1149,821,970,643,933,829,601,1006,448,713,647,959,951,877,935,602,568,752,739,736,684,638,778,1050,652,1140,1166,925,1003,713,571,566,621,693,879,915,912,637,452,562,882,661,799,534,868,940,842,442,868,436,742,688,998,705,1111,0,605,521,934,1179,0,1158,696,1005,825,1025
1648,782,563,642,711,691,818,1053,876,750,524,1011,479,1147,832,678,1050,555,498,896,548,694,828,579,718,600,594,1160,626,863,550,1149,818,967,642,931,828,597,1008,446,711,645,951,947,874,933,601,573,748,739,736,683,637,776,1048,647,1137,1164,922,1000,711,571,565,616,692,872,912,918,636,450,560,878,656,795,534,866,944,842,440,865,433,739,688,998,702,1114,0,605,517,937,1178,0,1153,697,1005,823,1024
1649,779,560,640,710,691,816,1056,870,750,524,1012,472,1143,831,676,1047,554,497,895,547,694,826,576,712,599,595,1162,622,857,549,1149,814,962,640,928,823,595,1003,445,711,643,952,947,874,930,600,576,745,736,735,681,635,772,1050,641,1135,1164,918,996,708,569,561,614,686,869,910,926,634,448,558,875,657,791,533,865,943,842,438,862,431,739,685,999,698,1116,0,603,516,936,1180,0,1151,693,1002,822,1022
1650,781,558,636,710,689,814,1055,870,749,524,1015,471,1146,830,675,1051,551,497,890,543,690,822,572,708,599,593,1159,621,853,548,1147,813,964,640,925,820,593,1000,445,710,641,946,946,872,929,594,578,742,738,733,680,636,770,1054,641,1136,1163,915,995,704,566,561,611,682,868,906,927,633,446,554,870,655,790,531,864,939,839,437,863,429,738,683,998,697,1112,0,602,513,933,1180,0,1151,690,1001,822,1022
1651,780,559,633,708,687,810,1051,867,747,523,1010,467,1147,828,676,1052,546,496,886,544,687,820,570,708,597,591,1159,618,853,546,1148,812,965,634,920,817,592,999,445,708,640,945,945,872,930,589,584,742,737,730,684,636,767,1060,638,1134,1158,914,991,701,566,560,609,677,865,904,928,630,445,551,867,653,789,530,863,931,837,436,862,426,735,685,998,697,1105,0,599,512,934,1176,0,1152,688,1000,818,1022
1652,776,555,632,703,684,808,1049,863,746,522,1005,464,1145,824,675,1050,544,496,884,541,684,816,569,706,595,592,1155,617,850,542,1146,807,965,632,922,815,589,997,440,706,639,946,947,868,926,588,586,742,734,728,681,636,764,1060,636,1134,1154,913,991,699,563,558,608,670,862,901,934,628,443,546,863,653,786,528,862,934,834,433,859,426,731,685,992,695,1100,0,597,510,930,1174,0,1146,686,1001,813,1019
1653,771,555,630,700,680,803,1046,862,748,522,1003,464,1144,825,675,1045,542,493,880,541,681,815,569,700,592,592,1153,615,846,541,1143,807,961,629,920,809,585,998,438,702,638,945,945,866,923,585,590,742,730,721,679,633,762,1058,635,1130,1154,912,987,698,562,555,606,665,861,899,933,630,443,544,858,650,783,525,862,932,831,432,859,424,727,685,991,694,1099,0,595,508,926,1171,0,1147,684,1000,811,1022
1654,769,554,631,699,678,801,1049,862,748,520,997,463,1146,821,674,1043,543,492,881,539,680,811,564,697,587,591,1150,613,845,540,1144,803,957,628,918,807,581,996,438,699,636,943,945,862,921,582,597,740,732,719,678,632,761,1061,631,1123,1150,912,983,696,561,550,605,663,859,896,933,631,441,544,857,645,780,523,859,931,830,429,856,423,724,681,989,692,1100,0,594,507,925,1173,0,1144,682,1002,809,1020
1655,769,552,628,697,678,794,1051,859,747,518,997,462,1147,818,670,1040,538,489,876,538,681,808,560,695,585,587,1146,611,843,540,1142,797,959,625,913,803,577,993,436,699,630,940,941,859,919,582,601,739,730,717,677,628,756,1064,631,1123,1143,911,977,693,561,548,602,659,856,894,938,624,440,543,852,642,777,521,861,928,825,424,855,422,717,679,986,690,1097,0,592,503,922,1170,0,1144,682,997,807,1018
1656,768,549,627,688,674,789,1056,856,745,518,994,460,1142,817,666,1037,538,487,874,536,681,804,556,692,583,583,1148,609,840,538,1138,790,952,622,910,801,577,995,436,696,627,939,939,858,912,583,607,738,725,713,677,628,755,1068,629,1121,1144,907,975,693,555,544,601,655,851,888,943,621,435,543,849,637,776,519,858,925,824,421,851,422,714,674,988,688,1091,0,593,499,919,1167,0,1138,681,993,805,1015
1657,768,545,626,686,674,788,1059,855,744,515,987,459,1135,813,666,1031,536,484,872,532,680,802,553,687,580,582,1146,607,843,535,1137,788,945,621,904,800,577,993,433,698,622,939,936,854,908,581,608,733,725,714,672,626,753,1068,626,1122,1141,909,973,691,555,542,596,653,849,889,947,616,433,539,848,635,774,519,861,923,824,418,850,420,713,671,989,688,1089,0,589,497,914,1167,0,1138,683,990,802,1011
1658,767,545,625,684,672,788,1059,846,744,513,983,459,1136,810,664,1030,536,481,864,527,678,800,549,682,575,580,1144,607,842,532,1137,787,941,616,899,799,576,994,429,696,621,935,934,855,905,579,611,731,721,714,670,629,749,1070,624,1123,1141,905,974,687,555,541,596,648,848,887,954,612,431,537,846,634,774,517,858,921,821,416,849,422,711,670,986,688,1085,0,586,496,912,1171,0,1131,680,989,800,1007
1659,765,545,622,680,672,782,1064,844,743,513,985,456,1133,808,661,1032,535,477,862,526,674,798,547,681,571,578,1143,607,840,532,1136,788,940,613,898,795,576,995,429,691,620,929,932,855,900,579,616,726,722,712,668,627,749,1073,621,1121,1138,900,970,685,553,540,593,648,846,884,957,611,428,536,842,632,771,517,854,919,823,412,849,419,705,671,983,687,1085,0,584,496,912,1169,0,1131,680,981,798,1004
1660,763,544,623,677,668,779,1066,840,743,510,980,453,1132,808,660,1028,533,473,858,527,669,795,546,680,571,576,1137,606,840,530,1130,784,940,610,897,794,574,993,425,690,618,927,932,853,898,575,619,721,718,709,664,623,746,1072,619,1118,1138,899,970,680,552,541,592,647,843,881,962,609,427,536,840,629,769,517,856,918,820,409,849,417,703,667,975,687,1081,0,582,492,912,1168,0,1130,676,981,794,1002
1661,758,541,621,675,667,775,1070,837,742,506,980,452,1133,803,660,1027,528,472,855,526,667,793,544,679,569,575,1136,602,838,530,1132,780,937,608,893,793,574,986,425,689,618,927,928,852,893,575,618,721,716,707,664,619,740,1075,615,1118,1133,897,967,677,551,543,589,646,838,880,964,603,426,535,836,627,765,514,852,915,820,407,850,413,701,666,974,686,1081,0,582,492,905,1168,0,1128,672,978,793,1001
1662,754,541,617,674,665,776,1070,835,740,504,975,449,1134,802,654,1023,526,472,854,526,662,790,540,676,567,575,1133,600,836,528,1127,780,934,604,889,791,568,985,424,687,617,925,925,851,892,573,624,724,714,707,663,616,735,1078,613,1115,1131,894,967,673,548,540,589,639,837,880,969,603,426,534,836,623,762,512,856,916,817,404,844,412,698,665,974,685,1081,0,581,489,901,1172,0,1129,672,977,789,996
1663,753,538,617,673,665,774,1077,837,738,502,970,447,1132,797,652,1020,522,469,851,525,660,787,540,672,565,572,1128,596,833,524,1123,779,930,600,889,787,566,985,422,685,614,925,924,848,890,572,626,720,711,706,663,609,731,1083,607,1118,1130,894,964,670,548,539,587,639,834,879,968,600,423,532,830,620,761,512,855,916,814,404,842,410,695,662,975,685,1075,0,579,485,898,1172,0,1124,671,973,788,993
1664,752,537,615,671,659,771,1078,835,737,499,971,443,1128,796,649,1018,523,467,849,522,655,781,534,668,561,568,1125,594,830,522,1121,777,928,599,890,784,565,986,418,682,614,922,921,846,892,572,628,718,712,708,660,605,726,1090,604,1118,1127,891,959,665,543,536,584,636,830,881,971,600,421,530,827,617,759,512,854,911,809,402,840,409,693,662,973,682,1075,0,577,482,897,1171,0,1123,668,975,786,990
1665,751,533,613,667,658,771,1082,830,733,498,969,439,1126,795,648,1017,522,465,848,519,650,781,533,666,557,567,1121,593,829,522,1122,773,924,598,890,783,564,984,416,678,615,920,919,846,889,572,629,715,711,706,658,603,723,1092,601,1116,1125,888,958,661,541,534,581,634,829,881,974,599,419,525,824,613,757,511,851,910,807,402,835,406,692,659,969,681,1079,0,576,480,894,1170,0,1118,665,973,783,989
1666,752,530,612,664,657,770,1089,827,728,495,971,436,1123,794,647,1014,522,464,847,517,647,779,529,660,556,564,1118,591,830,518,1125,770,924,596,882,781,564,985,414,676,616,917,917,843,886,565,636,714,712,705,656,600,721,1093,599,1116,1119,887,958,660,542,534,575,635,828,878,972,596,418,523,821,611,756,511,845,906,807,402,834,404,688,658,965,679,1077,0,575,480,890,1171,0,1117,664,970,786,986
1667,750,527,611,664,653,766,1086,822,726,495,971,435,1118,789,646,1013,520,464,845,517,644,780,529,655,555,563,1115,588,828,515,1125,768,920,597,878,782,562,983,411,675,613,916,912,842,884,564,637,715,711,702,652,599,719,1100,598,1114,1114,884,959,656,538,530,574,632,829,872,977,595,417,517,818,606,755,510,842,903,807,401,828,402,684,656,963,676,1071,0,569,479,885,1173,0,1117,664,968,783,985
1668,749,525,609,662,653,762,1082,816,722,494,969,434,1121,788,643,1011,519,462,841,516,642,778,528,652,553,560,1107,587,827,512,1124,766,916,594,878,783,560,982,408,669,611,914,905,838,879,560,641,715,707,699,648,599,719,1101,597,1114,1114,882,955,655,534,528,573,632,827,872,975,597,416,515,818,605,753,505,838,904,803,401,826,402,682,654,961,672,1068,0,568,479,884,1172,0,1116,662,964,782,983
1669,746,525,606,658,650,759,1081,815,719,493,964,434,1119,788,642,1009,516,460,839,513,637,776,529,651,551,559,1105,586,826,506,1123,765,911,591,872,782,558,979,409,668,611,911,900,836,879,560,640,711,707,697,645,598,717,1102,592,1113,1114,877,952,653,531,529,569,632,826,865,975,592,414,513,816,603,749,500,836,900,798,401,824,400,679,650,955,669,1067,0,565,477,882,1172,0,1114,662,968,780,978
1670,744,524,604,659,651,756,1081,815,718,489,960,432,1123,784,639,1009,515,459,833,512,636,775,529,649,550,559,1108,584,824,504,1123,762,907,588,871,779,553,975,408,665,606,911,894,835,874,559,643,709,705,697,644,595,713,1100,591,1111,1115,875,950,647,530,528,568,630,823,864,980,590,414,512,813,599,747,501,835,900,797,399,819,399,677,647,954,666,1062,0,565,474,877,1170,0,1114,661,966,775,977
1671,742,523,604,657,647,752,1086,814,717,488,958,429,1120,783,638,1007,513,455,832,512,634,775,527,648,546,558,1099,583,822,503,1123,760,903,581,871,775,551,974,407,665,602,911,890,832,873,554,645,709,701,695,642,594,711,1099,588,1109,1113,870,949,646,528,528,566,625,820,857,981,588,415,512,810,595,744,500,835,897,797,398,814,398,675,646,952,665,1063,0,563,472,875,1169,0,1113,657,960,771,974
1672,739,523,603,655,647,749,1082,811,713,485,959,426,1118,782,637,1009,512,453,831,509,631,770,523,647,545,554,1097,583,820,501,1123,758,900,579,864,776,550,973,406,664,598,906,890,830,868,551,646,706,699,692,640,593,712,1099,587,1108,1111,870,948,643,527,524,565,622,817,851,984,584,414,513,808,594,743,499,833,895,792,396,810,395,673,646,952,663,1060,0,561,471,871,1168,0,1115,655,957,768,972
1673,737,521,601,653,645,745,1087,809,710,484,959,424,1116,783,637,1009,510,452,830,508,628,768,520,645,542,553,1094,581,815,499,1123,755,897,575,860,770,550,969,404,661,595,905,889,827,865,552,649,704,695,690,638,589,711,1101,584,1105,1109,866,945,640,522,522,563,621,813,850,983,583,414,511,807,595,744,498,834,892,790,392,806,396,674,641,946,662,1059,0,555,469,873,1166,0,1113,653,953,765,973
1674,735,517,599,649,643,743,1082,804,710,482,958,422,1116,780,638,1004,509,451,827,507,628,766,518,639,539,551,1090,580,814,498,1121,755,896,573,858,767,549,967,404,659,592,902,884,824,859,550,652,704,696,689,637,586,709,1103,583,1101,1110,864,943,639,519,519,562,619,813,845,988,581,414,511,805,592,740,497,835,889,788,390,804,392,671,637,941,661,1054,0,553,468,870,1164,0,1106,651,952,760,973
1675,727,516,600,647,642,741,1080,800,709,477,957,420,1116,774,635,1006,507,450,826,502,626,764,519,639,538,548,1087,579,810,496,1122,755,894,573,856,765,549,963,403,656,587,895,885,821,859,548,653,704,695,687,636,583,706,1103,581,1099,1111,863,940,636,514,519,560,619,814,843,990,580,411,508,801,590,740,496,835,887,786,390,804,391,668,633,937,660,1054,0,552,466,867,1169,0,1105,648,951,757,971
1676,722,516,597,642,637,742,1081,798,706,475,954,417,1114,772,633,1002,503,448,820,498,626,762,515,633,537,546,1084,574,804,494,1122,752,892,569,855,764,547,960,401,652,585,893,882,821,858,545,658,704,693,686,630,580,702,1103,580,1098,1108,861,938,634,513,516,559,615,814,842,992,577,406,504,799,589,739,493,833,883,783,389,802,390,668,631,934,655,1052,0,547,464,867,1168,0,1103,643,946,757,968
1677,719,515,589,642,634,740,1080,796,701,475,953,415,1110,768,632,998,503,446,814,496,626,761,515,632,538,546,1082,574,801,493,1122,749,890,565,852,764,543,960,397,653,585,893,878,821,859,542,657,704,688,681,626,577,702,1105,581,1096,1108,858,930,632,512,515,559,610,813,840,992,576,405,504,793,586,738,494,834,883,778,389,796,387,667,628,935,652,1051,0,547,463,865,1167,0,1103,638,948,758,964
1678,717,514,587,641,633,739,1079,792,697,474,951,415,1110,769,628,998,501,443,815,492,625,761,512,628,539,544,1080,572,800,496,1122,748,887,565,850,761,541,960,397,653,585,892,874,815,856,541,658,704,686,680,625,574,699,1107,581,1096,1104,858,926,630,511,512,556,608,814,837,995,572,403,504,791,581,735,490,834,884,776,388,796,387,664,622,932,646,1049,0,545,463,861,1166,0,1102,633,948,757,963
1679,715,513,584,639,630,737,1080,791,697,472,951,414,1108,765,626,993,498,445,812,491,624,757,511,624,538,544,1074,570,795,496,1120,747,886,564,847,757,538,960,397,649,582,889,875,811,852,541,659,704,682,676,621,567,695,1113,576,1092,1100,853,925,628,510,511,552,606,815,835,999,569,403,502,789,581,732,489,827,882,774,389,792,387,663,620,929,644,1049,0,545,464,857,1166,0,1098,632,946,752,960
1680,713,512,583,635,630,734,1079,789,696,470,949,413,1105,764,623,995,498,439,810,491,620,750,508,621,539,544,1072,567,793,494,1117,745,882,562,847,758,535,957,394,645,581,884,873,808,852,539,661,702,679,673,618,566,695,1113,572,1093,1096,856,922,625,509,509,549,608,813,830,1004,567,403,501,788,579,730,487,825,881,773,384,790,387,660,620,922,641,1045,0,545,460,853,1165,0,1097,630,945,752,958
1681,711,509,581,633,629,730,1086,790,692,470,946,411,1104,763,619,993,496,439,808,490,618,749,508,620,535,542,1073,565,790,490,1116,742,882,560,845,756,531,950,390,640,582,883,871,803,844,534,662,697,679,672,617,566,691,1116,569,1095,1095,857,922,624,507,507,547,606,812,828,1005,564,402,500,786,579,726,485,824,878,772,383,784,385,659,621,919,635,1042,0,544,458,850,1164,0,1095,628,939,750,954
1682,711,509,580,631,627,728,1093,788,692,470,945,410,1106,763,613,988,495,434,807,487,617,747,504,619,534,539,1072,563,791,493,1116,739,878,556,843,754,531,945,388,635,580,879,870,803,841,533,667,695,679,669,616,566,688,1117,568,1093,1092,849,922,623,506,507,544,604,810,825,1006,562,401,501,786,578,725,484,821,875,771,382,784,382,656,622,918,635,1041,0,544,455,849,1163,0,1091,624,933,748,951
1683,711,504,577,632,623,727,1097,786,690,468,939,409,1108,762,614,984,494,432,805,487,613,744,499,617,534,534,1068,561,791,492,1118,736,879,554,844,749,528,945,388,633,577,874,870,801,840,530,672,693,675,667,611,563,689,1123,566,1093,1091,849,923,622,503,505,540,604,810,823,1012,558,398,499,782,574,724,480,822,873,768,379,783,379,656,621,915,635,1038,0,544,452,845,1162,0,1090,622,933,742,944
1684,709,503,575,628,623,720,1106,783,689,466,935,408,1099,760,610,981,492,430,802,487,609,742,497,616,532,532,1065,558,790,491,1119,733,873,549,839,746,527,945,385,631,574,872,869,797,839,528,678,692,676,666,609,564,688,1128,561,1089,1091,848,920,619,501,503,539,600,808,822,1013,557,396,496,783,574,724,479,816,872,764,379,780,378,655,617,912,631,1035,0,539,450,845,1159,0,1086,619,931,742,945
1685,706,501,573,629,621,717,1109,778,687,464,927,408,1098,759,609,977,492,429,800,482,607,740,496,614,532,529,1060,556,789,488,1123,731,872,549,838,743,526,942,382,629,573,870,864,795,836,528,680,689,674,664,606,564,687,1128,560,1089,1090,847,918,616,500,502,537,599,806,821,1018,557,395,494,780,572,724,474,813,868,763,375,775,377,653,614,907,630,1034,0,533,448,841,1159,0,1086,616,927,743,945
1686,705,498,567,626,619,715,1111,777,683,462,924,406,1094,759,607,970,493,428,799,482,608,738,492,614,532,528,1053,556,786,488,1124,730,866,545,837,745,525,938,379,625,567,868,862,792,834,524,683,685,670,661,604,560,682,1131,557,1088,1091,846,915,614,498,501,535,592,805,819,1017,555,396,493,777,568,724,472,813,865,762,372,770,377,650,614,906,629,1031,0,530,446,837,1159,0,1083,613,927,744,941
1687,703,495,567,625,614,716,1107,778,682,460,922,404,1092,753,605,966,490,427,799,478,604,735,490,612,531,527,1047,550,782,486,1125,726,864,544,834,744,523,938,376,620,567,864,860,790,832,520,683,684,669,660,602,558,681,1133,555,1086,1091,840,913,612,497,498,533,589,801,818,1027,554,393,491,774,567,724,472,813,866,760,370,769,376,645,610,904,626,1027,0,528,445,836,1154,0,1076,612,928,742,939
1688,704,493,566,622,611,713,1109,777,680,459,917,405,1089,754,604,964,484,426,798,476,602,735,489,614,529,527,1045,547,782,483,1122,724,866,543,833,740,519,937,374,622,566,862,858,789,829,519,687,681,668,659,597,557,679,1137,554,1086,1093,837,910,610,494,496,534,589,797,814,1030,550,392,489,770,566,724,471,809,863,758,369,768,375,640,606,902,626,1029,0,525,441,834,1152,0,1079,611,926,741,934
1689,703,492,565,619,612,710,1106,776,676,457,915,404,1088,749,603,963,478,425,795,475,600,728,489,612,528,526,1044,547,781,483,1118,724,862,541,832,738,516,938,374,622,564,860,850,787,826,516,690,680,663,656,595,553,678,1138,552,1088,1091,832,908,605,493,494,532,586,796,809,1033,548,390,490,766,565,725,469,807,863,756,367,767,372,640,603,900,627,1027,0,524,439,832,1150,0,1077,610,920,738,933
1690,702,490,565,615,610,708,1108,772,672,453,911,403,1087,749,601,963,477,423,793,473,600,728,488,609,525,524,1041,547,779,484,1119,723,861,538,831,736,510,939,374,617,564,856,849,786,819,515,694,679,660,654,595,551,676,1144,551,1089,1088,829,905,603,492,490,531,583,797,808,1037,543,390,485,761,564,721,467,807,863,754,365,765,371,637,603,897,626,1020,0,521,439,827,1153,0,1076,610,921,735,930
1691,700,486,562,615,607,708,1105,770,670,452,907,402,1089,745,595,960,474,416,792,470,599,726,486,607,525,523,1039,547,779,482,1118,720,858,537,830,734,508,940,373,616,561,855,845,787,817,514,694,682,656,653,595,546,674,1143,550,1085,1088,828,906,599,488,488,530,583,794,804,1040,541,390,484,760,562,717,463,807,863,752,364,765,370,635,599,896,624,1015,0,519,437,822,1149,0,1072,609,918,727,925
1692,695,484,562,614,606,703,1111,769,669,448,904,401,1088,747,594,960,471,414,791,472,597,725,481,606,523,519,1037,546,777,479,1116,720,853,536,831,727,508,939,371,615,557,854,844,783,815,509,698,681,656,651,594,546,673,1146,548,1083,1087,827,902,594,485,485,528,580,792,801,1041,541,388,483,760,562,713,459,803,863,751,360,762,368,634,594,895,617,1009,0,519,436,818,1147,0,1072,607,916,725,921
1693,694,484,561,614,605,702,1112,769,666,448,902,397,1087,742,594,958,471,413,789,470,597,720,480,606,519,515,1035,546,775,479,1117,719,853,533,826,725,507,936,370,615,556,854,838,783,812,506,701,680,654,649,590,544,669,1146,545,1084,1084,825,903,591,484,484,526,577,789,799,1045,537,386,480,757,562,709,458,803,861,748,359,759,365,633,592,891,615,1008,0,518,434,816,1145,0,1072,605,914,725,921
1694,692,479,561,613,600,700,1114,767,663,448,901,396,1085,739,592,955,470,411,791,470,597,714,480,601,517,513,1034,544,774,477,1114,714,847,533,825,724,507,932,368,611,555,855,836,782,811,504,709,679,652,649,588,541,667,1144,544,1082,1081,820,903,590,484,482,526,576,789,796,1051,534,384,478,756,558,705,455,804,863,745,358,755,364,633,590,891,614,1004,0,514,433,812,1143,0,1070,602,913,723,916
1695,690,479,558,612,596,695,1117,764,661,447,901,397,1082,736,592,950,466,408,789,468,593,714,479,597,518,510,1032,540,769,476,1113,711,843,531,820,723,504,927,368,611,553,854,835,780,811,501,709,678,651,646,586,539,662,1145,543,1083,1077,817,900,584,483,479,525,574,786,790,1049,533,382,475,753,557,700,449,804,859,744,356,751,361,633,587,888,612,1002,0,513,434,810,1142,0,1067,602,912,723,914
1696,688,478,556,610,591,693,1121,760,656,447,899,397,1080,736,592,950,464,406,786,465,588,712,477,596,516,509,1030,539,765,472,1111,709,839,531,819,722,505,926,367,609,551,853,832,776,807,501,711,676,650,644,581,537,656,1150,542,1079,1074,815,900,581,481,477,524,572,785,788,1050,531,381,473,751,555,698,446,802,858,741,355,750,360,631,587,891,610,998,0,511,432,807,1140,0,1066,599,909,722,912
1697,686,478,556,611,587,686,1118,756,653,445,899,394,1080,735,591,947,461,405,786,462,586,710,471,595,513,505,1028,538,764,471,1109,706,838,530,818,722,503,923,368,608,553,851,826,775,802,498,714,674,646,641,580,537,654,1150,541,1077,1074,813,894,575,478,473,522,569,782,785,1050,531,379,470,751,554,694,445,797,853,736,354,749,359,630,586,887,607,995,0,509,432,805,1140,0,1064,597,909,722,912
1698,682,476,554,609,583,684,1112,755,652,444,898,393,1077,732,591,946,458,403,781,459,585,705,469,594,512,504,1026,536,762,470,1109,703,837,529,815,718,503,923,368,604,550,849,823,772,802,495,715,673,645,637,581,537,650,1151,540,1079,1071,811,895,573,475,473,520,568,780,781,1054,531,379,470,748,554,692,442,793,850,734,353,745,359,627,584,884,605,988,0,509,429,803,1140,0,1059,595,908,720,911
1699,679,475,552,603,581,683,1112,755,651,444,897,391,1079,730,590,944,458,401,779,458,582,701,466,592,511,502,1026,534,760,469,1104,701,836,528,815,717,500,922,367,599,547,844,819,766,802,495,716,673,643,636,579,536,648,1155,538,1079,1066,808,894,569,475,473,516,566,778,776,1058,525,378,469,746,553,686,442,789,850,734,354,740,358,627,583,881,601,984,0,508,429,799,1137,0,1058,592,906,719,909
1700,680,474,552,603,577,682,1114,752,650,441,894,391,1076,727,590,939,455,400,779,455,580,699,467,591,508,501,1026,532,756,466,1105,699,831,526,814,718,496,918,366,600,545,841,818,763,801,493,720,674,642,637,575,536,644,1157,533,1074,1064,810,891,567,475,473,515,565,776,771,1059,524,376,465,744,552,683,439,787,847,730,351,736,355,626,579,873,603,982,0,504,426,799,1139,0,1058,589,904,714,909
1701,680,474,552,603,577,680,1115,748,647,440,891,387,1074,725,587,938,453,400,774,453,579,698,464,591,508,499,1022,530,757,464,1102,698,830,526,815,712,495,917,361,599,545,839,815,759,799,492,726,673,641,632,570,534,642,1156,530,1072,1063,811,890,563,474,468,511,565,774,770,1061,521,375,462,739,552,682,437,782,846,728,349,731,352,620,578,869,603,980,0,503,422,798,1138,0,1055,585,904,711,909
1702,678,474,549,601,576,679,1117,744,646,438,891,385,1071,722,584,933,450,398,772,454,578,698,461,590,506,496,1018,529,756,463,1100,695,829,523,814,709,492,918,361,596,545,838,812,755,798,490,730,674,640,631,568,532,642,1161,529,1074,1062,810,888,559,475,468,510,562,769,770,1064,518,374,458,735,552,680,431,780,847,724,348,731,351,618,576,868,600,976,0,500,422,793,1135,0,1053,585,901,710,907
1703,671,472,547,597,577,676,1114,742,644,436,888,382,1071,719,582,932,449,394,769,453,577,697,460,589,503,495,1013,528,755,457,1102,690,828,522,814,705,486,917,359,592,544,835,811,756,798,487,737,670,636,629,566,530,641,1161,530,1068,1056,808,880,557,470,463,506,560,768,766,1067,514,372,456,731,550,677,429,779,842,720,348,730,350,619,574,866,597,969,0,495,418,792,1131,0,1049,580,897,709,905
1704,669,470,541,596,574,673,1114,738,642,433,885,381,1068,716,580,929,446,393,765,453,574,693,460,584,504,492,1010,525,752,453,1099,686,825,520,809,705,486,914,357,589,542,833,808,755,797,488,740,666,632,629,565,527,639,1168,526,1067,1057,805,879,557,469,462,503,558,763,763,1072,512,369,452,731,550,673,428,778,841,719,348,727,350,615,570,861,595,965,0,492,414,790,1126,0,1044,574,895,709,904
1705,663,467,538,595,572,670,1115,737,639,431,884,383,1062,714,577,927,443,393,764,450,572,693,459,582,503,491,1005,521,750,451,1096,684,822,520,809,703,485,914,357,584,542,831,805,753,796,487,746,665,631,626,562,525,639,1169,525,1063,1059,799,877,555,468,458,500,557,761,761,1074,511,368,449,728,549,672,427,775,839,713,344,724,350,612,568,862,595,963,0,486,413,790,1123,0,1041,574,891,705,902
1706,662,464,535,594,567,667,1116,732,639,430,879,383,1056,711,576,928,438,391,762,450,570,692,458,581,502,486,1004,519,747,451,1091,681,823,521,804,702,482,911,353,584,540,828,800,751,793,484,749,663,631,626,555,524,637,1174,525,1062,1057,795,876,554,467,457,499,553,757,760,1078,509,368,450,725,547,671,425,773,834,711,343,720,347,609,566,860,592,962,0,485,411,788,1126,0,1040,573,890,707,903
1707,658,462,533,594,566,665,1118,731,636,431,877,381,1055,710,573,928,437,390,760,447,569,691,458,579,501,484,999,517,746,450,1089,675,819,520,802,702,481,906,352,583,535,826,795,748,789,485,746,663,630,625,554,523,635,1177,524,1060,1054,786,874,552,465,455,496,548,756,757,1086,507,368,449,725,546,670,423,773,831,708,342,717,343,603,563,859,591,957,0,482,411,784,1124,0,1035,573,887,706,903
1708,655,462,530,591,565,665,1116,729,633,429,874,378,1053,709,570,925,434,390,758,445,568,688,454,577,500,480,997,516,746,444,1088,675,818,518,801,700,477,906,350,581,535,822,794,744,785,483,747,662,629,626,553,523,635,1174,523,1057,1050,783,874,550,464,453,493,544,754,750,1088,507,364,445,721,545,667,419,770,826,709,340,714,342,602,563,854,588,953,0,480,408,781,1124,0,1029,571,882,704,901
1709,653,462,530,587,561,663,1117,724,632,428,869,377,1050,707,565,923,432,389,759,439,566,684,452,575,500,476,996,514,747,441,1085,671,812,516,796,695,471,903,350,579,535,820,792,741,786,483,752,659,626,623,551,517,632,1175,520,1053,1048,782,874,549,463,453,493,542,751,748,1095,507,364,442,721,540,666,418,770,823,705,339,716,342,599,559,851,586,950,0,478,407,781,1123,0,1025,567,883,704,901
1710,649,461,526,583,557,661,1119,720,630,427,866,376,1051,705,565,919,429,385,761,435,563,683,453,575,499,473,994,513,743,438,1088,668,808,514,797,694,469,899,349,579,535,817,789,740,785,482,757,656,621,620,548,517,631,1175,518,1051,1044,781,869,547,460,452,490,538,749,744,1098,508,361,440,717,539,664,418,769,824,705,338,713,339,598,556,846,582,943,0,478,407,782,1118,0,1023,566,884,701,897
1711,649,457,524,581,555,658,1119,716,633,426,864,375,1053,702,564,919,426,383,759,434,559,682,451,575,499,469,993,509,742,435,1085,664,804,514,793,691,468,897,348,575,532,817,788,740,782,481,765,652,619,619,544,518,628,1179,518,1049,1040,778,865,545,457,451,488,536,747,743,1097,507,359,439,714,537,661,417,767,821,699,337,710,339,598,556,848,583,940,0,477,406,780,1118,0,1022,566,883,699,896
1712,645,454,524,581,552,655,1121,716,629,425,865,374,1050,703,562,918,423,380,757,433,558,680,447,575,497,465,990,507,742,433,1089,663,803,512,792,689,467,895,348,575,529,816,787,736,782,478,768,652,613,620,543,517,625,1181,516,1048,1034,778,861,542,458,450,485,535,749,742,1101,506,356,438,714,534,660,416,768,819,697,334,706,338,594,550,846,581,937,0,475,402,779,1117,0,1021,565,882,695,895
1713,645,452,521,578,550,653,1124,710,629,425,865,370,1046,701,561,917,421,379,756,434,556,680,445,573,495,465,987,506,742,433,1087,660,802,510,791,685,466,895,346,573,528,816,784,734,782,478,775,649,613,617,542,517,623,1182,514,1044,1031,776,858,540,456,450,483,532,746,744,1101,503,355,436,709,531,659,416,767,813,697,331,704,335,594,547,845,579,936,0,473,399,779,1118,0,1017,562,879,697,897
1714,643,450,516,578,550,651,1122,706,625,423,863,369,1044,703,561,915,420,379,755,434,554,677,443,570,492,463,981,503,739,430,1082,659,800,510,789,685,463,891,342,572,526,814,780,731,780,477,777,648,610,613,540,517,623,1183,513,1045,1027,776,853,540,454,446,481,530,744,742,1100,502,355,435,705,529,655,413,765,810,696,327,702,335,592,546,839,578,932,0,468,395,773,1120,0,1017,557,878,694,896
1715,638,449,513,574,546,648,1127,705,622,423,859,368,1044,703,561,909,418,376,754,430,551,676,442,569,490,461,981,501,731,427,1081,653,798,509,789,683,461,891,342,572,526,813,779,729,777,475,781,643,604,611,539,515,621,1186,509,1044,1027,774,847,538,451,443,480,526,741,740,1105,501,355,432,700,528,654,413,760,809,694,326,701,334,590,543,836,578,928,0,467,394,772,1117,0,1011,551,875,692,893
1716,639,445,512,570,541,644,1129,705,617,423,858,365,1044,698,561,910,416,375,752,430,548,674,440,570,486,458,979,501,730,425,1079,653,796,504,783,682,461,888,341,569,521,810,775,725,775,475,785,640,601,607,537,515,619,1191,508,1038,1019,771,850,535,449,441,476,527,739,737,1109,499,356,429,697,526,650,409,757,806,691,325,699,332,588,539,835,577,924,0,467,389,771,1115,0,1009,548,876,687,887
1717,636,442,511,569,540,643,1130,702,615,421,857,362,1036,696,560,906,415,375,751,429,548,672,438,567,486,453,974,501,726,422,1082,651,794,503,780,679,460,884,340,567,518,813,770,724,770,474,781,640,599,603,532,515,617,1196,507,1037,1014,770,849,535,449,439,476,526,738,736,1111,497,354,429,696,525,647,405,756,803,688,323,696,333,585,539,832,576,919,0,467,388,769,1112,0,1008,547,872,686,886
1718,634,442,510,568,539,640,1133,697,611,420,854,359,1037,694,559,902,412,375,748,430,547,671,437,563,486,452,968,497,725,420,1078,651,795,500,777,675,459,881,338,562,516,811,768,721,767,473,784,638,597,603,531,513,616,1198,504,1037,1013,769,846,531,448,437,474,526,733,732,1112,495,353,424,694,523,640,403,754,802,685,322,693,331,582,537,831,573,920,0,467,387,768,1113,0,1004,544,870,685,879
1719,635,439,508,568,533,636,1132,696,608,418,849,357,1036,693,555,899,410,374,745,427,546,669,436,564,484,450,965,495,723,417,1078,647,795,499,774,671,455,880,338,558,513,807,764,716,763,473,785,637,596,602,529,510,613,1200,504,1035,1011,763,844,530,448,435,473,523,732,732,1108,493,353,424,688,523,638,400,750,798,684,320,691,330,579,532,830,570,919,0,465,387,767,1113,0,1002,541,870,679,879
1720,633,437,503,568,531,634,1135,693,607,415,843,356,1035,690,554,896,409,374,743,427,543,666,434,565,483,446,963,493,722,416,1078,647,792,495,775,665,455,874,337,559,515,800,759,714,761,473,795,636,590,596,528,507,609,1198,502,1034,1013,760,844,526,446,433,469,521,730,731,1109,490,352,424,687,522,638,398,745,796,680,318,690,329,577,532,826,568,917,0,465,383,766,1113,0,996,539,871,677,875
1721,631,438,497,565,529,629,1134,691,604,414,840,356,1035,688,552,895,407,374,740,426,542,663,434,564,478,444,954,491,720,415,1076,646,792,494,776,663,455,870,337,559,515,800,756,712,756,471,799,634,591,596,525,506,607,1201,501,1029,1012,757,842,523,445,431,467,520,726,730,1117,486,350,422,683,519,636,395,743,794,679,318,688,328,573,530,823,567,915,0,463,382,761,1111,0,1000,535,871,675,872
1722,627,436,495,562,525,623,1134,690,602,412,838,356,1035,687,548,888,406,373,742,426,539,660,431,561,477,440,950,488,717,413,1075,641,789,493,777,661,455,868,335,558,513,799,754,712,755,470,801,630,589,591,525,505,601,1203,501,1028,1010,755,838,520,444,430,463,517,722,725,1123,484,350,420,681,514,631,392,739,789,678,317,688,327,571,525,823,568,914,0,463,382,760,1110,0,998,534,870,672,867
1723,621,433,490,559,521,623,1132,687,599,410,835,356,1033,686,546,887,404,373,742,425,536,658,430,558,476,436,943,488,717,410,1073,637,787,490,776,656,452,865,334,557,512,797,752,709,753,470,801,629,589,590,525,501,593,1205,500,1027,1010,755,836,518,442,425,461,515,721,724,1128,482,349,419,679,511,625,390,738,786,676,317,688,324,568,524,821,563,911,0,463,382,756,1107,0,997,533,870,665,867
1724,619,432,488,555,519,621,1129,684,595,410,835,355,1028,682,543,883,402,372,740,425,530,654,426,558,472,436,942,487,716,409,1072,635,786,488,774,654,450,861,332,555,510,796,750,704,748,467,801,624,586,588,521,503,591,1210,499,1026,1007,751,833,516,440,421,460,515,718,722,1135,479,346,415,679,509,625,390,735,784,673,317,686,323,566,523,819,560,912,0,463,380,757,1101,0,996,532,870,666,867
1725,618,431,486,553,514,620,1130,683,592,406,833,351,1029,680,539,884,401,372,738,423,528,650,426,556,469,433,943,488,714,407,1066,634,783,487,771,651,448,858,331,554,507,790,752,704,748,466,806,622,587,585,518,502,588,1208,498,1031,1005,749,828,513,436,420,455,515,716,721,1137,478,346,414,676,505,624,389,733,782,672,315,686,320,561,522,818,561,912,0,461,380,756,1095,0,996,528,866,666,864
1726,616,427,482,551,514,621,1130,683,591,403,833,350,1027,678,538,881,396,371,735,424,526,646,425,552,462,431,941,487,709,405,1066,630,783,487,770,649,446,858,331,551,505,786,752,703,747,465,810,619,586,584,518,500,588,1206,497,1029,1005,744,827,509,435,418,451,512,712,721,1135,478,346,413,674,505,620,389,731,780,671,314,687,318,558,519,816,558,912,0,457,379,753,1098,0,990,525,864,661,859
1727,615,423,482,551,512,618,1134,681,590,403,834,346,1024,676,536,881,397,367,732,423,523,643,423,551,459,430,941,486,706,404,1062,630,780,483,765,647,444,858,330,549,503,782,749,699,746,464,813,617,585,580,513,499,585,1209,494,1027,1006,743,823,508,435,415,451,510,709,717,1136,477,346,412,670,504,619,389,729,781,669,312,688,318,557,517,811,557,909,0,455,376,751,1099,0,989,519,861,660,854
1728,612,422,482,546,510,619,1132,678,590,402,831,342,1019,677,536,879,397,366,728,421,524,641,421,549,457,429,938,483,704,402,1061,631,776,481,765,641,441,857,327,548,501,779,747,695,746,461,816,613,582,577,513,499,586,1210,491,1022,1008,743,821,506,432,413,448,507,704,717,1138,475,344,410,669,501,614,385,728,781,668,311,685,316,553,514,809,555,907,0,454,377,750,1102,0,985,513,859,660,853
1729,609,418,481,543,507,616,1133,677,586,401,832,341,1021,675,534,878,394,365,721,421,524,640,417,548,455,427,933,483,703,401,1061,629,774,479,760,639,441,854,327,546,499,775,744,693,747,460,821,611,581,575,511,495,583,1211,489,1016,1004,741,817,506,431,412,445,506,700,714,1140,473,341,409,667,498,613,384,726,779,666,309,686,316,550,513,806,554,907,0,452,377,750,1100,0,983,510,856,656,850
1730,608,417,479,540,507,613,1138,676,584,397,826,341,1022,672,531,881,392,364,717,421,521,640,417,544,451,424,929,480,699,398,1058,623,773,477,760,638,438,849,326,545,498,773,742,687,742,458,825,610,575,575,510,493,580,1213,487,1014,1002,736,815,503,430,409,443,505,694,712,1138,469,341,405,665,494,611,380,725,778,666,305,682,314,549,511,806,554,904,0,451,376,750,1097,0,979,509,854,653,848
1731,607,415,475,539,505,610,1139,673,581,395,824,338,1022,672,530,879,392,364,715,420,519,638,415,543,446,423,927,476,697,395,1059,618,772,475,758,635,435,845,323,544,495,772,738,684,735,454,831,607,575,572,510,490,579,1216,486,1011,1001,734,812,502,429,406,441,504,691,709,1138,467,339,403,661,493,607,377,726,779,664,305,680,314,547,508,804,550,905,0,448,374,748,1096,0,977,508,854,650,848
1732,602,412,470,540,504,605,1135,673,578,393,820,338,1020,666,529,874,390,361,714,418,518,635,414,541,444,421,924,476,696,393,1058,617,764,473,755,632,433,842,320,544,495,770,733,680,734,453,835,602,574,566,508,487,577,1217,487,1008,1003,733,811,500,423,405,440,505,690,707,1147,464,336,400,661,492,606,374,725,779,661,303,679,312,546,505,800,549,904,0,448,372,750,1095,0,973,506,854,646,845
1733,601,409,467,540,504,603,1137,673,576,392,818,337,1020,665,528,868,387,360,713,417,518,633,412,536,444,419,925,475,693,392,1055,615,760,470,752,631,431,842,318,542,494,765,728,678,731,454,837,600,573,565,508,483,575,1218,483,1003,1003,731,811,498,420,404,435,503,690,704,1148,461,331,398,661,490,605,373,721,778,659,302,671,309,545,504,797,546,899,0,448,372,747,1093,0,972,505,852,643,840
1734,599,406,467,540,501,596,1139,669,575,392,814,336,1016,661,524,867,386,358,714,415,516,629,411,534,443,418,923,474,691,392,1053,615,758,469,751,630,427,837,315,541,494,763,727,673,730,450,842,598,572,561,506,483,572,1217,482,1001,999,733,809,496,418,400,433,502,687,698,1147,458,330,395,658,489,602,371,720,776,657,301,667,309,542,501,794,545,898,0,446,372,747,1091,0,968,504,849,642,836
1735,598,399,465,538,499,595,1142,668,573,388,809,335,1014,661,522,866,380,358,713,415,514,629,409,532,442,416,921,472,687,389,1052,612,755,469,746,626,427,835,314,540,488,762,723,672,729,448,847,597,568,561,505,481,572,1219,482,1000,994,734,803,496,417,397,432,501,684,701,1151,456,331,393,656,488,602,371,720,770,655,300,666,306,539,498,793,547,896,0,444,370,748,1093,0,965,504,846,642,836
1736,596,398,459,534,498,594,1141,666,569,386,807,333,1013,661,522,862,376,354,714,415,514,626,409,532,441,414,918,471,683,386,1054,612,754,467,743,621,427,829,314,537,487,762,723,671,730,448,851,596,565,561,505,479,567,1221,479,1001,992,734,803,495,416,393,432,499,681,696,1149,453,330,391,655,485,598,369,718,768,652,300,662,305,536,497,788,545,893,0,443,368,749,1090,0,962,501,845,636,834
1737,592,395,456,536,494,591,1141,666,565,383,806,331,1012,663,519,858,375,352,710,413,512,623,408,528,438,409,918,471,681,386,1049,610,752,466,743,618,425,826,314,531,482,763,718,669,729,447,857,596,563,557,503,476,565,1220,478,999,989,732,800,492,414,392,431,497,679,693,1150,452,331,390,653,482,598,368,714,765,651,297,661,303,533,497,788,544,891,0,443,368,747,1090,0,959,497,846,633,828
1738,590,394,455,533,493,583,1143,666,563,378,805,331,1007,662,517,854,375,351,708,413,507,619,405,529,437,407,916,469,682,384,1050,606,751,464,742,617,425,826,313,528,481,759,715,669,727,444,865,598,563,555,503,474,565,1218,477,995,991,733,799,492,414,391,429,495,677,691,1150,453,330,387,652,483,594,365,713,761,651,296,658,301,533,495,782,542,888,0,440,366,745,1088,0,956,493,842,633,825
1739,586,394,453,531,490,576,1139,662,563,376,801,331,1003,659,517,852,373,348,705,412,504,614,401,523,437,406,909,466,680,383,1046,604,750,463,740,617,425,821,312,527,478,754,715,668,720,442,869,597,560,554,501,471,563,1221,476,988,986,728,798,491,414,391,428,494,678,688,1147,453,329,385,652,482,593,365,712,756,647,292,653,301,530,494,780,542,884,0,436,365,741,1080,0,954,490,840,632,821
1740,583,394,451,530,486,576,1136,662,562,372,798,330,1005,656,518,850,371,347,699,409,504,612,400,518,435,405,906,462,672,380,1043,604,746,461,737,615,423,819,312,527,477,751,711,666,718,440,870,594,559,552,499,470,562,1221,472,988,988,727,796,490,412,392,426,491,676,683,1155,450,330,383,649,480,593,364,708,753,646,292,646,302,525,494,776,540,882,0,437,363,739,1083,0,952,488,840,627,819
1741,581,392,450,526,486,574,1141,662,561,372,795,329,1000,655,518,849,371,346,697,407,501,610,400,514,434,404,897,463,672,375,1043,604,747,460,733,612,423,816,310,524,475,747,708,665,712,440,873,591,557,550,494,468,559,1222,471,990,991,726,791,487,411,391,424,489,676,675,1152,448,330,380,646,478,593,363,706,750,641,291,645,300,524,492,775,534,880,0,436,361,735,1084,0,952,488,838,626,816
1742,580,389,448,525,484,571,1141,658,558,368,790,328,1000,650,515,845,373,343,692,404,498,606,399,513,433,403,896,460,668,374,1040,601,747,457,733,610,423,813,306,523,473,745,709,665,710,439,877,589,557,550,494,469,556,1221,469,985,990,724,791,487,408,390,423,487,674,675,1152,448,329,378,642,475,591,360,703,749,636,289,642,299,522,490,772,533,879,0,436,358,732,1080,0,947,489,835,624,815
1743,575,386,448,523,479,570,1139,658,555,368,786,327,1000,648,511,841,371,342,695,403,497,604,400,511,432,402,893,458,663,374,1036,600,747,457,731,609,422,809,304,516,471,741,709,666,707,434,880,586,557,548,488,465,554,1220,462,984,986,719,791,483,408,386,423,485,671,673,1153,444,329,377,639,472,588,358,701,748,634,289,641,298,518,489,769,530,875,0,435,359,731,1078,0,943,488,830,620,814
1744,574,386,447,523,475,568,1136,660,553,368,785,326,998,646,509,838,368,339,694,402,497,603,398,508,432,402,891,456,659,373,1038,599,746,457,728,610,419,807,303,516,468,739,708,664,705,433,888,583,555,544,488,464,552,1223,459,975,982,718,790,479,407,384,419,484,671,671,1157,444,328,376,636,472,589,357,698,745,631,284,638,296,516,485,768,528,873,0,437,359,729,1075,0,940,485,828,616,814
1745,571,384,444,520,473,566,1131,658,553,368,783,326,996,639,507,829,364,338,692,401,495,602,395,508,432,402,886,454,659,372,1036,595,745,455,728,610,416,806,302,514,465,736,707,661,703,431,895,578,555,543,488,460,549,1224,455,972,982,718,788,475,406,384,419,485,670,669,1161,443,326,373,634,470,590,353,692,742,630,281,637,293,515,482,766,527,866,0,435,358,727,1067,0,936,484,826,615,811
1746,569,381,444,519,472,566,1131,655,552,365,778,326,995,633,503,822,362,335,691,401,493,601,394,505,430,402,884,448,654,371,1032,593,743,452,727,609,412,805,298,513,465,731,704,658,699,429,895,577,550,542,486,461,545,1225,452,968,978,714,785,476,404,383,418,477,668,667,1164,442,326,369,631,465,585,350,691,740,628,279,636,293,514,481,763,527,860,0,434,356,725,1063,0,934,483,824,613,807
1747,569,379,442,519,471,564,1137,652,550,365,776,325,992,631,501,817,359,335,692,398,491,600,394,504,428,401,878,446,652,370,1028,592,740,450,725,606,413,804,295,511,460,730,701,655,698,427,897,576,549,541,486,460,542,1226,452,967,977,713,784,475,402,380,414,475,666,665,1161,440,325,368,627,460,583,349,688,741,627,279,637,292,512,478,761,526,854,0,434,356,723,1062,0,932,480,824,611,803
1748,565,379,442,520,468,561,1139,648,547,362,776,324,990,633,497,816,358,334,690,396,490,600,393,501,426,401,878,446,652,368,1026,588,736,448,720,602,411,802,295,508,457,730,700,652,696,426,896,574,543,538,483,458,539,1227,449,965,974,708,781,473,400,377,412,474,666,662,1159,438,322,365,627,458,578,347,685,737,623,278,635,290,512,477,759,524,852,0,434,356,721,1060,0,933,479,824,608,801
1749,561,378,439,518,468,558,1141,648,545,357,770,323,982,633,497,814,357,332,685,393,491,597,391,501,428,401,872,446,647,365,1024,587,733,448,717,599,410,797,293,507,455,727,696,648,695,425,902,570,541,534,481,456,538,1227,448,965,973,707,778,473,399,378,412,472,665,657,1163,435,320,363,625,458,578,345,682,737,621,277,632,289,511,475,758,521,851,0,432,356,719,1059,0,931,480,820,604,799
1750,556,376,435,516,465,555,1146,647,544,354,768,320,979,632,497,811,355,331,684,390,490,596,390,497,425,400,870,446,645,365,1018,584,729,446,717,597,409,795,292,505,453,726,692,645,693,423,904,568,538,534,478,453,538,1231,447,964,967,703,774,472,399,378,410,469,663,654,1161,432,319,362,624,456,577,344,681,736,615,277,629,289,509,473,754,520,846,0,430,356,717,1060,0,929,477,818,603,799
1751,552,375,432,516,464,553,1145,643,542,353,766,317,978,629,496,810,354,330,679,389,486,595,390,497,423,398,866,445,644,363,1018,579,727,442,716,593,407,792,292,502,451,722,689,645,692,422,906,568,535,532,476,454,535,1234,444,964,964,701,774,472,399,377,409,468,659,653,1159,428,316,359,621,454,574,342,679,732,613,276,627,289,505,471,751,520,846,0,428,354,713,1060,0,926,473,818,598,798
1752,551,371,430,515,462,550,1148,642,540,352,765,316,975,628,494,809,353,330,677,388,484,593,387,494,422,398,862,442,643,361,1013,577,722,439,716,593,407,791,289,498,450,719,687,642,688,421,903,568,533,530,473,451,535,1236,440,958,958,698,769,469,399,375,403,465,656,651,1159,426,315,357,618,452,569,342,678,725,613,275,626,287,504,469,745,516,845,0,427,353,712,1058,0,922,474,815,594,798
1753,550,370,426,516,458,547,1152,636,540,351,763,315,971,624,492,806,351,327,676,388,483,591,383,491,421,394,859,438,640,359,1013,574,720,438,714,590,403,789,287,497,449,718,684,642,686,419,905,566,532,528,472,451,533,1237,436,956,958,700,765,468,397,375,402,462,655,649,1159,422,314,355,612,451,569,338,673,725,606,274,626,284,504,466,740,513,844,0,425,351,713,1057,0,919,471,812,592,797
1754,548,369,424,514,453,547,1150,633,537,347,760,314,968,622,490,803,350,326,672,387,483,589,382,489,420,392,859,434,638,357,1010,574,717,438,711,590,401,784,285,494,446,711,682,641,680,415,909,565,527,527,467,451,533,1234,432,954,955,699,762,468,397,372,401,460,652,645,1164,422,313,354,609,449,565,335,671,722,602,271,625,283,503,464,736,513,841,0,425,350,710,1056,0,916,469,810,590,797
1755,546,368,423,511,452,546,1154,630,533,346,756,312,968,619,488,800,351,326,670,385,479,589,380,486,418,391,855,435,633,357,1006,570,717,437,703,586,401,779,282,492,444,710,681,635,672,413,914,562,523,525,467,451,533,1236,431,950,955,698,760,466,395,372,397,458,651,645,1161,421,311,351,609,446,563,331,670,719,599,270,622,281,501,463,735,514,838,0,423,348,709,1054,0,913,465,808,587,793
1756,545,366,419,507,449,545,1155,629,532,344,752,311,966,619,488,799,347,326,666,384,478,587,378,485,417,389,852,431,632,356,1006,566,714,435,702,584,400,773,281,490,442,707,676,634,671,410,918,563,519,521,463,450,532,1236,428,950,955,693,754,462,394,369,394,452,652,646,1163,420,311,346,607,442,560,331,666,713,597,268,622,280,498,461,736,512,837,0,423,348,708,1056,0,908,463,805,581,792
1757,544,365,416,507,449,544,1157,626,530,342,748,309,964,615,488,795,345,323,665,383,474,583,376,483,413,387,847,430,631,354,1003,563,711,434,700,581,398,772,280,487,437,704,673,634,669,408,925,561,517,519,461,450,531,1234,423,948,951,687,751,462,393,369,391,451,651,644,1165,419,306,343,605,438,558,330,665,710,594,266,622,279,497,457,729,509,836,0,422,347,703,1054,0,904,457,801,581,791
1758,542,361,417,505,446,543,1156,623,527,341,748,308,961,613,487,793,344,322,662,383,471,576,373,482,412,385,843,428,627,351,1001,559,709,431,696,578,396,767,278,486,435,702,670,633,669,404,932,560,515,518,459,449,529,1235,422,945,950,684,747,459,393,367,387,448,647,644,1166,418,306,342,603,437,556,329,663,707,591,265,619,279,493,455,727,508,834,0,423,345,703,1050,0,902,456,801,578,787
1759,540,361,414,502,446,543,1156,622,526,340,742,307,964,612,484,792,343,321,659,381,471,572,372,480,410,382,839,427,623,349,995,558,706,429,693,576,395,762,278,483,434,701,670,633,669,403,937,555,511,517,456,443,528,1234,422,943,951,677,741,456,389,366,386,446,646,639,1171,417,305,339,601,435,556,329,662,705,588,265,617,278,491,453,726,505,833,0,422,344,702,1043,0,899,456,800,576,778
1760,537,360,414,499,446,544,1156,617,525,339,738,305,960,610,480,791,343,321,656,377,468,566,371,479,407,379,836,426,621,346,993,558,707,428,691,575,392,759,277,482,432,699,669,632,664,404,942,553,509,516,454,438,525,1233,417,940,948,676,742,456,388,366,386,444,642,638,1166,415,305,339,599,433,553,327,661,701,585,263,610,277,487,449,723,504,831,0,420,344,699,1042,0,895,455,798,572,778
1761,535,361,413,497,446,543,1155,618,524,339,734,305,956,609,477,791,341,319,655,377,468,563,370,473,406,377,835,426,619,346,991,557,706,426,689,569,390,756,275,480,429,699,666,631,661,404,944,550,506,514,452,435,524,1234,415,936,946,676,739,454,387,363,385,442,639,636,1169,413,305,340,598,433,551,324,661,699,583,263,607,276,485,446,719,503,829,0,419,342,692,1036,0,890,452,798,571,777
1762,536,361,411,496,447,541,1154,616,520,339,732,304,952,608,473,788,336,317,655,376,469,560,370,472,405,376,835,425,618,343,987,556,699,425,686,565,392,751,273,477,428,698,662,630,657,400,946,549,503,511,451,430,523,1229,412,936,947,674,736,451,384,363,384,439,638,631,1169,413,301,340,593,428,549,323,658,697,576,261,608,274,484,444,717,500,825,0,417,343,690,1036,0,887,451,796,570,773
1763,534,360,407,494,444,540,1155,616,517,339,729,303,949,606,470,781,334,315,653,377,463,557,370,471,402,374,832,424,618,343,985,556,698,424,684,563,391,750,272,472,424,697,660,629,656,400,948,548,501,509,446,429,522,1234,411,934,942,671,733,449,382,359,382,437,635,628,1171,410,302,337,590,426,546,322,651,696,576,258,607,274,484,440,716,496,823,0,416,342,687,1035,0,886,448,794,566,772
1764,531,359,405,493,442,538,1158,614,514,338,723,301,948,604,470,779,332,314,649,375,461,555,366,468,398,374,832,423,617,342,984,555,697,423,681,561,389,748,271,470,421,694,655,627,655,391,948,544,498,506,442,428,520,1233,410,931,938,670,732,447,380,356,381,435,635,625,1174,406,302,335,588,423,545,320,648,694,573,257,606,270,486,440,714,494,821,0,416,340,684,1033,0,883,446,792,562,772
1765,526,359,403,491,441,538,1157,612,510,337,721,300,944,601,468,777,328,313,647,375,461,555,366,468,397,370,826,423,615,340,984,555,695,422,676,559,389,746,270,470,420,687,651,627,653,391,952,542,497,506,442,425,517,1236,408,927,937,667,730,446,378,355,379,433,632,622,1177,405,300,335,584,423,544,320,647,690,571,257,606,269,485,438,712,492,819,0,415,339,680,1035,0,882,445,786,553,767
1766,523,357,400,491,438,536,1161,610,504,337,717,298,940,598,467,774,325,313,644,374,460,552,363,467,394,369,824,422,612,339,983,556,694,420,672,557,387,744,270,469,417,685,645,627,650,391,954,539,497,504,440,421,516,1241,404,925,933,667,730,444,377,353,377,431,629,621,1181,405,299,334,579,422,541,319,645,687,570,256,602,269,480,437,712,490,817,0,412,335,678,1039,0,881,443,786,553,764
1767,523,357,400,488,436,532,1161,608,505,333,715,297,938,597,467,774,322,312,642,373,460,548,361,467,389,368,821,423,610,336,981,556,692,420,672,555,384,746,270,467,417,683,644,626,648,388,957,538,494,499,438,422,515,1241,402,921,930,665,728,442,376,353,376,429,626,618,1180,404,299,333,575,422,540,317,642,686,567,255,601,266,479,436,711,489,812,0,411,334,674,1035,0,877,442,785,552,760
1768,522,356,396,488,436,530,1162,605,503,333,712,296,936,593,465,771,322,309,640,373,453,546,358,465,388,366,820,422,609,335,975,553,687,419,665,550,384,743,268,465,415,680,638,624,646,388,957,536,491,496,438,418,511,1242,402,919,925,663,724,440,371,352,374,427,627,617,1180,403,299,333,574,421,536,316,637,682,566,256,599,264,478,436,707,487,813,0,407,334,671,1034,0,873,440,781,551,760
1769,521,355,390,485,436,530,1161,602,503,332,711,296,933,593,467,769,321,310,640,371,450,542,356,464,386,365,819,422,607,335,968,552,685,419,663,543,379,740,265,463,414,679,634,622,643,387,958,534,490,491,436,417,510,1242,397,920,924,662,719,436,371,351,374,425,624,614,1185,403,299,331,572,421,535,315,636,679,566,255,595,262,476,433,707,485,808,0,407,332,668,1029,0,871,440,781,549,759
1770,519,354,390,479,436,530,1160,599,502,327,708,296,931,592,466,766,320,307,638,369,450,543,356,464,382,364,815,422,604,331,964,548,682,413,663,539,376,733,265,461,412,676,633,621,642,385,965,530,489,490,434,415,509,1239,395,920,920,658,718,435,368,350,374,422,622,613,1189,400,297,331,568,421,533,315,636,677,565,254,590,262,474,431,701,483,808,0,407,332,663,1028,0,869,440,782,548,755
1771,518,352,389,475,433,526,1161,596,502,325,702,295,927,592,465,762,317,306,638,368,444,538,354,459,381,364,811,416,601,331,961,547,679,412,656,537,373,730,264,458,409,674,631,617,642,385,970,528,486,489,434,414,507,1238,394,917,915,657,718,435,367,348,372,420,619,612,1190,400,296,330,566,421,534,313,634,674,563,250,587,258,472,431,700,482,809,0,406,330,660,1028,0,869,435,775,548,754
1772,515,348,388,473,432,523,1155,595,502,323,700,295,926,589,465,761,317,305,632,367,438,537,352,457,377,362,810,413,598,329,958,547,674,409,653,533,373,729,263,452,405,672,630,615,642,384,970,527,485,486,433,412,504,1239,393,918,911,655,717,434,362,348,372,419,617,610,1190,398,295,330,562,420,533,310,630,671,562,249,584,256,469,430,697,477,810,0,403,328,658,1027,0,865,434,775,548,750
1773,512,345,382,473,429,522,1155,593,500,321,698,294,923,587,463,758,317,304,629,365,437,535,349,455,375,360,807,411,596,327,959,542,674,405,648,532,370,726,263,451,404,667,627,612,641,383,974,525,483,483,433,410,500,1239,391,916,906,654,714,430,358,349,369,417,616,607,1193,396,291,328,559,420,531,310,627,669,562,247,584,255,469,428,696,476,806,0,402,327,655,1028,0,863,434,775,547,745
1774,508,344,378,467,427,519,1152,590,500,320,697,292,923,584,461,756,314,302,626,362,437,534,346,454,372,360,807,410,595,325,959,541,671,404,644,530,370,725,262,449,401,666,627,611,639,379,977,523,481,481,432,409,498,1237,390,913,903,653,711,430,356,349,367,415,614,603,1192,394,291,326,554,418,528,308,622,667,560,246,583,254,467,426,697,476,804,0,398,327,652,1027,0,861,431,773,545,745
1775,508,343,375,465,427,514,1152,589,499,317,695,290,921,581,460,755,312,302,622,361,434,533,344,451,369,359,801,409,592,325,957,538,669,401,644,528,369,723,259,446,398,664,624,607,638,375,976,521,478,480,432,405,497,1235,390,909,903,651,710,428,356,349,366,414,612,599,1196,391,288,322,551,418,526,307,619,668,558,244,582,254,464,422,694,474,801,0,397,326,647,1031,0,859,429,771,544,738
1776,507,342,373,461,425,514,1154,584,496,317,695,288,919,581,456,753,309,299,620,361,434,531,341,448,366,356,799,409,589,323,954,537,667,399,641,527,369,718,258,443,397,662,622,604,636,375,975,523,476,478,430,399,493,1234,389,907,901,651,708,430,355,347,363,413,610,593,1195,388,287,320,550,416,524,303,615,667,556,244,577,252,462,422,693,474,802,0,397,325,645,1032,0,857,429,768,544,734
1777,501,342,371,460,422,512,1156,581,494,315,694,288,918,583,455,748,308,297,617,358,434,532,340,447,366,357,798,408,588,322,952,534,664,395,638,525,368,715,257,442,395,659,620,597,631,377,977,522,474,476,426,400,492,1233,387,907,897,649,708,429,353,346,363,411,608,591,1193,383,286,319,548,412,521,300,613,663,554,242,574,251,458,421,693,473,798,0,395,325,646,1028,0,853,428,766,541,731
1778,500,342,369,454,422,511,1159,579,496,314,688,286,916,582,451,747,306,294,613,356,431,531,339,448,364,356,794,406,587,319,952,532,660,395,636,524,367,714,256,442,392,657,619,597,630,376,978,521,474,473,424,398,488,1229,386,904,890,648,706,427,350,346,361,408,609,585,1196,381,283,317,545,409,520,298,613,661,552,241,572,250,456,420,693,473,797,0,394,322,644,1026,0,849,426,763,541,727
1779,501,341,367,453,419,507,1155,578,495,310,685,284,913,583,448,743,303,294,611,354,431,531,337,448,363,353,793,404,582,317,951,531,658,391,636,520,366,712,254,441,389,656,618,594,628,374,982,519,466,469,423,394,487,1230,383,901,886,645,703,427,349,346,360,408,609,581,1199,381,280,316,543,409,518,295,611,662,549,241,571,249,455,415,692,471,796,0,395,321,643,1020,0,844,425,760,541,726
1780,498,338,366,451,419,503,1158,574,494,307,681,279,908,583,445,738,301,292,611,353,428,526,335,446,362,351,793,403,578,313,946,527,650,391,634,518,363,711,252,440,387,649,614,593,626,373,981,518,465,467,421,395,484,1230,380,899,883,644,699,425,347,345,357,405,607,581,1194,378,279,315,540,407,519,294,610,657,546,239,569,247,449,415,688,470,794,0,394,321,643,1020,0,842,425,756,542,726
1781,495,337,366,451,417,503,1159,570,494,305,678,277,907,582,443,735,301,290,610,350,424,523,334,446,360,351,792,399,574,311,946,526,648,389,631,517,363,707,251,439,384,644,612,591,624,372,989,514,462,466,421,392,483,1227,378,896,879,640,699,422,345,343,357,402,605,575,1198,378,279,313,541,402,516,293,608,655,543,239,566,246,448,414,686,465,790,0,393,319,642,1017,0,841,423,753,542,723
1782,490,334,365,449,415,502,1157,564,491,305,679,277,903,581,442,733,300,290,606,349,420,522,329,441,360,352,790,398,571,310,943,525,647,386,631,516,362,708,251,439,384,642,609,585,624,370,992,511,458,466,420,390,483,1229,378,893,877,638,699,421,343,342,355,402,603,574,1196,377,278,313,539,400,514,292,606,654,542,236,564,245,445,412,685,465,790,0,392,314,642,1013,0,841,421,751,537,721
1783,487,332,361,446,413,498,1160,561,491,302,673,275,899,577,437,726,299,289,605,348,419,520,327,439,359,352,786,398,570,308,942,523,646,386,630,516,360,707,251,437,382,641,606,581,623,369,997,508,457,466,417,387,483,1226,375,889,875,636,696,418,342,341,353,403,599,575,1199,376,277,312,536,400,514,291,604,654,543,235,565,243,443,412,680,463,790,0,391,313,637,1011,0,840,419,748,534,717
1784,486,330,360,446,409,495,1156,555,490,303,671,275,896,577,436,723,298,287,603,348,416,520,324,438,357,353,781,396,568,308,945,520,644,386,632,514,358,706,250,435,381,636,603,579,620,366,1000,505,457,466,415,385,480,1223,374,887,871,634,692,416,343,339,353,399,598,572,1200,376,276,309,536,399,513,289,603,653,543,234,564,243,442,410,677,460,787,0,389,313,634,1007,0,838,417,740,533,716
1785,483,327,357,444,405,491,1154,555,488,303,668,273,896,575,435,719,296,285,600,348,413,516,322,437,358,351,781,392,565,307,945,519,641,384,631,510,355,705,248,432,379,635,601,580,616,364,1002,503,452,465,412,383,474,1225,372,887,872,629,688,413,344,339,351,397,597,572,1198,374,276,308,533,397,510,288,603,654,541,234,562,242,439,406,674,458,786,0,387,313,628,1000,0,835,415,737,531,715
1786,481,324,356,444,401,488,1154,553,486,301,665,272,895,571,434,715,294,285,599,345,411,515,322,434,357,349,779,390,565,306,942,514,639,381,631,508,353,699,248,432,378,629,598,578,616,362,1008,503,451,464,412,382,474,1225,371,886,873,624,685,412,344,334,350,396,595,568,1201,374,277,308,533,397,510,287,600,652,538,233,560,242,435,405,671,458,784,0,385,313,624,1002,0,833,415,734,529,710
1787,477,322,356,442,395,484,1154,551,483,301,665,272,892,570,434,715,293,285,595,343,409,513,322,432,354,347,778,385,564,305,940,508,639,378,629,506,353,698,249,428,375,629,597,576,613,359,1015,500,447,462,413,380,473,1223,370,883,872,621,682,411,342,333,347,393,593,564,1199,371,276,306,531,394,510,286,598,652,537,229,560,242,434,404,670,454,781,0,384,311,624,1003,0,833,409,736,529,709
1788,476,321,356,439,393,483,1152,549,480,301,661,270,889,569,432,714,293,284,592,342,407,511,322,430,349,345,777,385,564,303,935,506,636,375,628,501,352,696,248,428,374,628,599,574,613,356,1013,499,446,458,412,378,469,1225,368,882,869,618,683,411,340,334,344,392,591,562,1204,369,275,302,528,393,505,286,595,649,535,226,553,242,433,402,666,452,780,0,383,308,619,1001,0,831,406,731,527,704
1789,474,319,352,437,392,481,1148,547,479,299,659,271,886,567,428,712,292,284,590,341,401,509,321,427,348,343,774,384,563,301,932,503,635,373,625,498,352,694,246,429,373,628,599,573,611,352,1012,498,447,455,410,374,465,1226,366,878,866,616,682,409,339,333,341,390,588,561,1199,365,273,302,526,392,502,284,593,645,534,226,551,239,433,401,663,447,776,0,383,307,619,998,0,828,403,728,524,704
1790,471,316,353,437,390,479,1151,547,477,298,655,270,887,566,427,710,291,282,590,339,399,507,321,423,347,344,769,384,563,298,930,496,632,371,621,495,349,689,245,427,370,626,597,566,609,350,1011,497,446,452,408,373,462,1226,364,873,863,610,680,405,339,333,339,387,588,560,1203,365,272,301,523,391,501,283,592,643,530,226,551,237,432,400,657,442,776,0,381,305,612,996,0,823,403,727,521,706
1791,470,314,352,435,388,476,1150,544,475,297,655,269,883,561,425,702,289,278,588,337,400,505,321,422,346,343,766,382,563,298,925,493,631,370,617,493,347,688,245,421,367,624,593,565,607,349,1014,493,445,449,406,373,462,1225,363,869,862,608,677,400,339,333,336,387,587,558,1201,364,271,300,518,390,498,283,590,637,524,226,550,235,430,396,654,440,774,0,380,304,608,990,0,821,403,725,520,703
1792,471,311,351,434,388,475,1148,544,471,295,650,268,882,559,425,700,289,276,586,336,396,504,318,420,341,341,764,378,561,299,923,491,630,370,617,491,345,684,244,416,366,622,592,562,608,347,1019,490,443,448,402,370,460,1226,363,870,860,607,673,397,338,333,334,385,584,557,1202,364,267,297,518,387,496,281,589,634,521,226,550,234,427,395,649,439,768,0,378,303,605,984,0,820,402,721,519,698
1793,467,309,350,433,385,474,1145,542,471,292,647,265,880,556,425,701,286,276,586,333,390,499,317,421,340,340,764,376,562,298,919,489,628,367,613,487,345,681,244,416,363,619,591,562,605,345,1018,489,439,446,399,368,455,1229,362,867,857,605,670,393,337,332,333,383,583,555,1199,363,265,295,515,385,496,280,588,633,521,225,545,233,426,391,645,437,769,0,376,301,604,980,0,815,400,718,518,697
1794,465,305,347,429,384,469,1146,539,468,291,645,264,879,554,424,700,284,273,583,334,388,496,315,415,337,338,765,373,557,296,920,487,625,366,612,484,342,678,244,413,362,618,591,561,604,345,1020,489,438,445,400,367,453,1229,361,865,855,601,666,390,336,329,333,381,580,552,1196,362,264,295,509,382,492,280,585,632,517,224,542,233,426,390,643,434,766,0,375,298,603,980,0,810,398,716,515,695
1795,465,303,346,429,384,468,1143,539,466,290,641,264,875,552,420,695,283,273,582,333,383,495,314,414,334,337,760,371,554,296,917,486,625,366,610,481,339,676,243,412,360,616,590,556,601,345,1023,487,438,443,400,365,450,1225,359,862,852,599,664,389,334,329,332,379,577,549,1194,361,262,295,507,378,492,278,583,627,516,222,541,232,420,383,639,433,764,0,369,294,602,978,0,807,395,712,513,691
1796,464,300,344,429,382,467,1144,533,464,287,635,261,874,552,417,694,280,273,581,333,382,492,312,413,332,334,754,371,553,295,915,484,621,363,609,478,339,673,243,412,358,612,588,555,600,344,1030,486,434,443,398,362,449,1226,357,863,852,598,664,388,333,327,329,377,577,547,1194,358,262,293,507,377,487,276,579,621,510,221,536,231,417,382,637,431,761,0,366,293,596,976,0,800,394,712,511,691
1797,463,299,344,425,381,466,1143,529,462,286,630,260,873,549,415,692,279,271,579,331,380,490,310,411,332,334,751,371,551,293,906,482,619,359,607,477,339,667,242,409,357,610,585,553,600,341,1033,481,432,442,394,360,444,1227,357,861,849,596,662,386,333,327,325,374,573,544,1193,356,261,292,501,374,482,275,575,617,509,221,535,231,418,380,635,427,760,0,362,292,592,973,0,800,393,706,505,691
1798,461,296,343,424,378,466,1143,527,460,285,628,258,873,544,412,687,278,271,576,330,379,486,307,411,330,333,751,371,550,292,903,479,617,355,604,475,338,668,242,408,355,607,580,550,598,340,1035,477,429,441,393,359,442,1227,354,858,845,596,662,384,330,327,324,372,571,539,1196,355,261,289,502,374,481,276,572,614,508,220,535,230,415,381,631,427,759,0,358,291,589,967,0,797,392,702,502,689
1799,458,296,343,422,377,464,1143,526,457,285,626,256,870,543,412,686,277,271,573,327,379,483,304,409,329,331,750,369,547,290,902,478,613,354,602,472,337,667,242,407,355,605,579,547,590,340,1039,477,428,439,391,358,441,1226,354,853,845,594,659,381,326,328,323,368,569,538,1199,353,258,288,501,372,480,275,572,612,504,221,534,230,414,380,628,424,757,0,355,288,588,965,0,793,390,702,500,687
1800,457,296,341,420,372,463,1147,525,454,284,622,255,870,542,410,684,276,270,572,326,378,481,302,408,327,328,746,365,545,289,901,475,612,353,602,469,336,664,240,405,356,602,578,547,587,339,1043,476,427,440,391,356,439,1224,354,851,842,586,654,378,324,326,323,367,564,535,1204,351,257,287,500,371,479,273,570,610,498,222,532,229,409,378,626,422,752,0,354,287,588,967,0,789,388,699,498,682
1801,456,294,340,418,371,463,1143,521,451,284,621,255,868,540,408,680,275,269,571,324,377,481,298,406,325,328,741,363,544,287,896,473,609,353,598,466,336,663,239,405,356,599,577,539,586,338,1048,476,425,441,390,353,439,1225,353,850,839,584,648,377,323,324,323,364,561,534,1203,349,254,287,499,369,474,272,564,609,496,221,531,228,406,377,623,422,746,0,352,285,584,967,0,789,386,698,496,676
1802,456,291,338,416,372,461,1144,517,445,283,617,254,868,537,406,674,271,268,569,324,377,479,296,404,324,328,738,361,542,287,893,471,606,353,594,461,335,659,239,401,354,596,571,537,585,337,1045,475,424,438,389,353,438,1221,352,849,837,582,647,375,323,324,322,363,560,532,1203,347,252,285,496,366,469,272,559,608,490,221,529,228,406,375,620,419,744,0,349,284,581,962,0,786,384,694,496,675
1803,455,290,338,413,370,459,1146,517,444,282,616,254,865,532,405,673,269,267,567,324,376,479,295,403,323,327,736,359,538,287,889,470,606,353,593,460,334,657,238,400,352,596,568,537,584,337,1046,474,424,432,387,352,436,1217,350,845,832,580,644,373,322,324,319,362,555,530,1199,345,251,282,495,366,467,272,555,605,487,219,526,226,405,373,620,416,740,0,349,281,577,957,0,786,381,689,493,674
1804,454,289,336,412,367,456,1149,517,443,279,615,253,864,531,402,671,269,264,561,322,374,477,295,399,322,324,733,358,536,287,881,469,604,352,591,458,334,651,236,398,351,596,565,536,584,334,1049,472,422,431,386,353,436,1221,349,844,829,576,643,371,319,321,318,361,554,529,1201,345,248,281,495,365,466,269,551,604,485,219,523,224,405,371,618,415,738,0,346,279,577,954,0,782,380,688,493,675
1805,452,286,333,412,367,456,1147,514,442,278,614,253,861,531,400,669,268,263,557,319,372,471,294,398,322,323,731,358,531,285,881,469,600,351,588,457,334,650,233,395,351,594,563,534,581,331,1046,468,420,429,385,352,432,1217,348,842,824,571,640,371,319,320,315,359,551,529,1202,344,246,279,494,364,464,267,548,601,484,218,519,221,403,368,618,412,735,0,345,279,576,950,0,779,379,688,492,669
1806,451,285,332,412,367,454,1146,511,440,277,611,248,859,530,397,667,268,262,557,318,370,469,293,396,321,322,730,358,531,283,883,466,600,348,582,457,333,644,232,394,351,595,561,531,580,330,1048,468,420,427,384,349,429,1214,347,842,822,568,635,370,317,320,315,358,548,527,1204,341,245,277,493,363,464,265,545,596,482,218,519,220,398,367,615,410,735,0,345,276,573,950,0,776,377,686,490,664
1807,450,284,329,408,365,453,1142,506,438,275,610,247,856,528,396,666,269,262,555,318,369,469,289,389,320,320,728,355,526,282,879,464,596,348,582,454,331,642,230,395,349,592,558,528,578,329,1052,466,418,424,383,350,425,1211,346,841,820,563,632,367,312,319,315,356,547,527,1205,341,245,274,491,362,462,263,544,593,478,218,517,219,395,367,613,408,734,0,342,274,572,948,0,774,376,683,487,661
1808,448,282,329,408,363,450,1139,503,437,273,606,243,853,525,392,666,266,260,553,316,370,466,288,388,318,317,728,354,525,278,880,461,595,348,582,453,329,640,229,394,349,591,555,527,574,327,1058,464,420,423,383,349,423,1213,345,837,818,563,630,366,312,319,314,354,542,526,1204,340,244,271,488,362,461,263,543,591,477,217,515,218,392,364,612,407,735,0,340,274,570,949,0,770,375,679,485,658
1809,446,277,327,409,361,448,1138,501,435,273,604,243,847,522,390,663,264,257,552,316,367,465,287,386,316,317,727,354,524,277,879,460,591,344,581,453,327,638,227,391,347,586,554,526,571,325,1062,462,417,421,382,348,423,1215,345,835,817,561,626,364,309,319,312,354,539,521,1205,338,241,271,488,360,460,259,542,591,477,217,512,217,389,361,609,405,732,0,339,272,569,944,0,767,373,680,484,659
1810,446,277,327,405,359,446,1138,498,434,272,602,242,845,520,388,661,261,254,554,316,367,460,286,385,315,314,721,352,522,277,877,459,589,344,579,451,324,636,226,389,346,581,550,526,571,321,1066,461,416,418,380,349,421,1215,341,834,812,560,623,364,307,317,311,354,537,520,1205,337,241,270,485,360,456,258,540,589,477,215,511,216,386,359,610,405,728,0,339,270,568,946,0,766,371,679,484,657
1811,443,276,323,400,355,445,1135,495,433,270,600,241,843,516,384,661,261,253,552,314,367,459,285,381,315,314,716,353,520,276,876,457,588,342,574,451,323,633,226,386,345,577,545,523,568,320,1068,459,416,415,380,349,421,1213,340,836,806,559,620,363,306,315,311,352,537,518,1209,338,241,269,481,357,454,257,537,587,474,216,508,216,382,359,607,404,725,0,337,267,568,942,0,767,370,675,482,656
1812,442,275,321,397,354,440,1133,494,433,270,600,240,842,512,380,660,260,252,550,313,366,459,283,378,314,313,714,351,517,274,873,456,586,338,573,448,322,629,224,386,343,576,545,518,562,313,1073,459,414,411,381,345,420,1213,339,839,801,558,616,362,305,315,312,350,533,517,1205,337,240,269,478,355,447,257,533,585,473,216,506,215,379,357,606,401,723,0,334,265,565,939,0,769,368,674,481,650
1813,442,275,320,397,354,438,1134,492,432,267,599,239,838,514,377,659,260,249,548,311,365,456,283,376,313,313,712,350,515,274,873,455,582,337,571,449,322,623,219,385,343,575,541,518,561,311,1077,457,410,408,380,345,420,1214,336,833,795,555,613,361,304,312,311,346,531,515,1209,336,239,269,478,352,446,257,528,584,468,216,506,215,377,357,605,396,724,0,332,266,561,938,0,768,368,671,481,648
1814,439,273,319,396,352,437,1133,490,431,265,596,237,836,512,376,656,260,247,545,310,365,456,281,376,312,313,711,350,512,273,873,453,582,337,567,448,321,620,218,383,341,575,538,514,559,308,1081,457,408,407,378,344,416,1215,334,830,792,555,611,360,303,311,311,345,530,512,1211,336,238,269,478,348,443,257,525,582,465,215,504,214,374,355,605,394,723,0,331,265,558,933,0,764,367,667,479,645
1815,437,272,319,393,351,434,1126,490,430,264,591,237,835,512,373,653,259,246,544,308,364,453,281,376,311,311,710,349,511,271,870,451,578,334,561,447,320,616,218,383,339,571,536,509,555,306,1084,456,408,405,377,341,416,1215,333,828,791,553,607,359,302,309,307,342,529,509,1213,333,238,269,478,347,442,257,524,581,464,214,503,214,373,352,602,393,719,0,330,266,556,929,0,762,364,665,475,637
1816,437,269,318,390,351,431,1127,489,430,263,588,237,831,512,372,648,258,245,542,308,361,450,281,372,309,309,708,346,506,271,870,446,574,332,557,444,318,613,216,383,338,570,536,508,554,301,1088,456,401,405,374,341,416,1215,333,829,786,552,604,358,302,307,307,340,528,506,1213,333,238,268,475,345,439,256,520,580,463,212,501,213,372,351,602,391,713,0,328,265,553,926,0,759,362,664,473,638
1817,436,266,317,388,350,431,1127,488,426,263,584,235,828,512,367,647,256,243,542,308,361,449,280,369,305,305,704,346,506,271,868,444,573,332,552,441,316,608,215,382,337,566,534,504,549,300,1089,455,399,400,371,342,414,1215,332,819,781,548,602,355,301,305,304,337,524,505,1212,330,237,266,474,342,434,254,518,578,461,212,499,212,370,351,597,389,709,0,327,263,551,922,0,753,363,661,471,639
1818,433,266,314,390,349,430,1125,486,423,263,583,235,825,511,367,646,255,242,540,306,360,448,278,368,302,302,700,344,506,269,867,443,570,327,550,438,315,607,213,380,335,562,532,501,546,299,1092,452,399,398,367,342,412,1220,330,820,779,549,599,353,297,303,301,335,521,504,1214,330,235,264,471,340,430,252,516,578,458,211,496,212,369,351,597,388,707,0,327,262,548,922,0,751,362,661,471,638
1819,432,266,311,386,347,427,1124,482,423,263,583,235,825,507,365,646,254,241,536,306,359,446,276,366,300,301,699,343,505,267,867,442,566,325,548,434,317,603,213,377,333,562,528,498,543,299,1092,449,398,394,367,341,413,1222,330,816,776,545,594,348,297,301,301,334,520,501,1217,328,232,262,467,339,429,249,513,576,458,210,493,211,364,350,590,385,706,0,326,261,548,919,0,749,361,659,469,635
1820,431,266,310,387,344,427,1122,480,421,262,580,234,821,504,364,642,251,239,535,306,358,443,273,363,299,301,695,342,504,265,863,440,564,323,549,434,316,600,212,377,332,558,529,497,542,296,1096,445,398,390,364,340,411,1222,330,812,775,540,593,347,297,301,300,332,517,498,1217,327,232,261,463,338,429,248,510,572,454,210,490,208,362,347,590,385,706,0,325,261,545,917,0,746,361,657,464,635
1821,430,266,308,387,342,422,1125,479,420,260,576,232,819,501,363,641,247,236,531,306,355,443,269,363,298,300,687,341,500,265,860,439,561,322,549,433,314,597,211,375,328,557,526,495,540,296,1097,444,395,387,363,335,409,1224,327,810,771,536,591,346,297,301,300,331,510,494,1217,326,231,261,461,340,427,246,509,569,449,210,489,206,360,346,584,384,705,0,325,261,543,916,0,742,360,651,463,634
1822,429,265,306,386,338,421,1122,477,417,258,574,233,818,497,361,637,247,235,529,304,354,442,268,361,297,300,687,341,499,265,854,439,562,321,545,432,311,597,210,373,327,555,521,494,537,295,1099,442,395,386,363,335,408,1223,325,808,769,533,589,345,295,298,299,328,508,493,1218,324,230,262,458,339,425,246,508,563,446,209,488,206,357,345,580,381,700,0,325,261,540,916,0,741,359,651,462,631
1823,424,265,305,386,336,419,1120,477,417,257,571,232,818,493,358,636,246,235,525,302,350,440,266,358,297,299,682,337,496,262,853,435,560,317,542,432,310,594,210,370,325,554,519,494,535,294,1103,437,393,384,362,334,406,1217,325,802,768,530,589,344,294,296,299,328,507,490,1218,324,228,261,458,335,424,244,506,561,445,210,487,206,356,343,577,380,697,0,325,258,539,913,0,736,357,647,460,627
1824,419,265,304,385,334,418,1120,475,411,255,569,230,814,493,357,632,246,234,523,298,348,440,265,354,294,299,682,334,495,262,853,433,559,316,540,430,307,593,209,369,323,550,516,489,534,291,1102,433,392,382,360,331,405,1217,322,800,767,527,590,344,294,296,296,328,507,489,1219,319,227,260,458,334,422,242,504,557,445,210,484,205,356,342,575,379,697,0,324,257,538,911,0,733,353,644,459,625
1825,418,264,303,383,333,411,1120,474,409,254,567,228,808,491,355,630,245,231,522,296,346,438,263,351,294,296,678,334,492,262,851,431,560,314,537,428,305,591,209,367,321,547,516,487,532,290,1106,433,391,380,358,329,404,1217,321,795,764,528,587,343,293,295,296,326,505,489,1219,317,227,258,454,332,419,242,502,555,444,210,482,205,355,341,574,379,693,0,322,256,537,910,0,730,353,639,457,621
1826,417,263,302,382,332,409,1117,473,409,254,563,226,806,489,353,629,243,231,522,295,344,436,263,348,293,294,677,334,491,261,850,431,558,314,531,428,303,592,208,363,320,547,514,487,531,290,1111,430,391,380,355,326,403,1215,321,792,761,524,584,342,292,292,295,323,503,487,1213,316,224,256,453,331,419,242,501,554,443,209,479,206,352,339,572,377,689,0,319,256,534,911,0,728,350,639,456,618
1827,414,263,303,381,329,406,1115,469,409,250,562,224,803,487,352,629,241,228,521,295,345,436,263,346,289,292,675,332,490,260,845,427,555,314,529,428,302,588,207,362,318,546,513,485,528,290,1115,427,390,374,354,325,402,1212,321,790,756,523,583,340,290,290,294,323,502,486,1209,315,224,254,450,326,418,241,499,553,439,209,477,204,352,334,572,376,682,0,317,255,531,908,0,726,347,638,453,614
1828,413,258,303,380,329,405,1117,467,408,247,556,223,802,482,348,628,239,228,517,293,343,434,263,346,289,291,673,332,490,259,842,423,554,314,527,426,303,586,206,359,318,544,509,483,528,288,1120,422,390,370,350,323,402,1214,321,789,753,522,579,337,289,288,293,321,500,484,1209,315,224,253,451,325,418,238,499,551,433,208,474,202,351,332,569,372,682,0,316,250,531,909,0,721,344,636,452,610
1829,413,257,302,378,329,403,1113,465,403,246,554,222,799,480,345,624,239,227,513,290,342,433,262,344,289,291,671,328,488,257,837,423,553,313,522,425,302,584,204,359,318,545,504,484,527,286,1118,422,390,369,348,322,400,1213,318,786,751,517,578,336,288,285,292,321,499,480,1213,315,223,253,449,324,415,236,496,549,429,208,472,202,348,332,566,371,679,0,313,250,526,905,0,719,341,633,450,606
1830,410,254,302,374,327,399,1112,465,402,244,553,222,794,479,347,621,239,227,513,287,342,433,259,342,286,290,668,328,485,252,833,420,553,313,519,424,300,584,204,357,316,546,502,477,526,286,1122,420,388,368,347,319,396,1213,318,783,752,516,577,335,285,285,291,319,498,478,1213,315,222,254,446,322,411,234,493,547,428,208,470,200,345,331,563,369,677,0,312,250,525,897,0,716,338,632,448,604
1831,409,253,296,373,326,399,1115,463,401,242,551,222,794,474,346,620,240,227,512,285,340,430,258,342,284,287,663,328,484,251,834,416,550,314,516,423,300,578,203,357,314,546,501,476,522,286,1125,420,384,363,345,313,394,1214,318,782,752,514,575,335,285,284,288,316,498,475,1210,314,221,253,444,322,411,232,492,543,426,205,470,198,341,330,557,368,676,0,307,250,521,895,0,714,335,631,447,601
1832,407,252,296,372,324,397,1114,462,399,241,547,222,793,472,344,620,240,224,510,284,338,428,256,342,281,287,662,326,482,249,828,416,552,312,515,419,299,578,203,354,313,542,498,472,521,284,1124,419,382,362,345,309,394,1214,316,777,748,512,574,335,285,284,287,316,499,472,1211,310,220,252,442,322,409,231,490,539,427,200,466,198,341,329,555,367,670,0,306,247,521,892,0,710,333,630,445,599
1833,405,251,294,370,323,397,1116,456,399,241,546,222,791,472,341,620,239,223,508,283,336,425,254,342,279,287,661,325,481,247,824,412,551,310,514,419,296,579,202,353,310,539,496,468,519,284,1129,416,379,359,345,308,393,1212,315,774,747,510,573,334,282,284,286,312,498,473,1209,308,220,251,439,320,406,229,486,534,426,199,462,198,340,329,552,363,667,0,305,243,519,892,0,705,332,629,443,596
1834,404,252,290,369,323,397,1116,453,399,241,546,221,787,470,336,617,237,223,507,280,334,421,253,340,277,286,658,324,479,245,823,412,546,308,514,416,295,576,201,351,309,540,495,467,517,284,1125,412,378,352,345,307,392,1210,314,769,742,506,569,333,280,283,285,311,496,470,1208,306,219,249,438,319,403,228,484,531,424,197,460,196,338,327,550,363,665,0,301,242,517,890,0,702,331,627,441,594
1835,401,251,289,368,320,396,1114,453,395,241,544,221,788,467,334,614,237,222,502,277,334,421,253,337,274,285,659,324,479,244,822,406,547,307,513,414,292,573,200,349,308,537,495,466,517,282,1125,412,377,349,343,304,391,1204,313,767,741,505,568,333,278,282,285,309,495,466,1210,306,219,249,435,317,401,228,482,529,422,196,459,196,335,321,549,363,663,0,298,241,516,888,0,700,331,626,439,592
1836,401,250,287,367,320,393,1114,451,394,241,543,218,782,463,332,613,235,223,499,275,331,418,253,336,272,285,656,324,478,244,818,403,547,306,511,412,290,571,198,349,304,535,493,464,516,280,1132,411,375,347,340,302,391,1203,311,766,738,503,569,330,275,282,284,304,494,465,1211,306,218,249,435,317,401,227,481,524,420,194,455,196,333,319,544,363,662,0,296,239,516,887,0,698,331,623,435,592
1837,397,249,283,366,320,392,1109,447,394,240,541,218,777,459,330,610,232,223,498,275,331,418,253,336,272,284,655,324,477,243,813,401,546,302,509,409,290,571,197,346,303,531,491,461,514,279,1137,409,376,346,338,300,387,1203,309,761,731,503,566,328,274,282,281,303,492,464,1204,304,218,247,431,314,400,227,480,520,419,192,452,193,332,318,543,360,659,0,296,237,513,883,0,697,330,622,433,591
1838,397,248,282,364,321,390,1110,444,393,237,538,218,776,455,329,610,229,222,497,273,328,416,253,334,271,283,653,322,475,243,810,399,541,300,506,408,290,569,194,344,301,527,490,461,513,277,1146,407,374,346,335,299,384,1203,309,760,730,498,562,326,271,281,279,303,492,463,1202,304,218,244,426,313,399,226,479,519,415,190,452,191,329,317,542,357,658,0,297,235,512,883,0,695,330,622,428,588
1839,395,244,281,362,319,388,1113,443,391,237,532,215,775,455,328,607,227,219,494,272,328,414,252,328,271,282,649,321,472,242,808,395,540,301,501,408,289,567,193,342,300,527,486,456,514,275,1146,407,371,344,333,297,381,1199,308,755,725,496,560,325,270,280,277,302,491,464,1197,303,216,243,426,308,398,226,478,517,411,190,449,190,328,316,539,357,656,0,296,235,506,882,0,692,331,619,426,583
1840,390,243,277,360,319,387,1109,441,389,236,528,211,771,453,327,603,227,217,492,271,326,413,249,328,269,281,648,320,472,241,798,393,539,301,498,404,288,565,192,341,297,526,483,455,510,275,1153,406,368,342,331,297,378,1194,309,753,723,494,559,325,269,279,275,302,488,462,1194,303,214,243,424,308,393,225,477,517,408,190,448,190,327,316,538,356,654,0,295,235,504,877,0,691,330,614,425,580
1841,390,243,276,356,318,387,1106,438,388,235,525,208,770,450,327,601,227,217,493,270,325,411,246,326,269,278,643,320,471,240,794,390,538,299,496,402,286,563,192,340,295,520,480,450,508,275,1154,404,369,340,328,296,379,1191,308,752,716,494,558,324,266,280,273,302,487,459,1195,303,213,240,422,307,388,223,478,513,404,189,447,186,326,316,536,354,651,0,291,235,499,875,0,692,329,613,424,577
1842,388,242,276,355,316,387,1101,438,389,234,521,207,769,449,324,601,227,216,490,270,324,410,241,324,270,277,642,321,468,239,793,387,537,299,496,403,285,562,192,340,294,517,477,447,506,275,1159,401,369,338,326,292,376,1189,308,747,712,493,554,323,265,279,272,302,484,458,1197,303,212,239,421,306,384,223,476,512,402,187,445,186,325,314,535,352,646,0,292,234,499,871,0,689,326,614,422,576
1843,387,244,274,352,316,387,1102,435,387,231,521,206,767,447,324,599,227,212,489,270,323,410,239,322,270,277,641,321,466,238,789,386,532,298,496,401,283,559,192,340,293,513,476,446,505,274,1161,400,367,337,323,292,374,1188,307,742,710,492,552,323,265,278,271,298,482,454,1194,303,210,237,420,306,380,223,474,509,399,186,442,183,325,312,533,351,643,0,292,233,497,868,0,687,325,610,421,574
1844,386,243,270,347,312,386,1101,434,385,231,516,205,760,445,320,598,227,212,486,269,321,410,239,322,267,276,637,318,463,237,786,384,532,297,492,399,281,557,192,339,291,510,473,446,502,271,1163,398,365,337,323,289,372,1185,307,740,709,491,551,320,264,276,269,295,481,453,1195,302,209,234,417,303,379,221,474,507,397,183,441,183,324,312,532,350,642,0,290,233,494,867,0,686,325,609,419,574
1845,384,240,269,345,312,386,1097,434,382,230,516,205,758,442,317,597,223,212,486,268,319,409,236,318,267,273,634,315,461,236,782,383,531,296,491,396,280,555,192,338,291,508,471,444,500,271,1157,396,365,336,322,288,371,1185,306,737,707,487,550,319,263,276,267,294,481,452,1195,302,207,233,418,300,376,219,474,506,391,183,439,182,321,310,527,350,641,0,290,233,493,865,0,682,324,610,418,572
1846,384,239,269,344,310,384,1098,429,381,230,514,202,755,440,316,594,220,211,486,265,316,408,232,316,268,271,631,312,458,235,783,380,531,296,490,394,279,551,192,334,289,503,469,442,496,270,1158,397,362,334,320,285,370,1184,303,734,705,487,547,319,262,274,265,295,481,451,1202,300,205,232,417,299,376,218,475,504,391,183,438,181,321,307,527,347,634,0,288,232,492,862,0,683,323,607,418,569
1847,383,239,267,342,309,385,1095,426,380,228,513,199,751,438,315,593,220,209,484,262,316,407,229,314,266,270,631,309,455,234,782,377,531,294,488,391,278,549,191,334,286,502,468,439,497,269,1164,396,362,327,319,283,368,1181,301,729,705,483,545,316,256,274,265,293,480,451,1204,297,205,230,415,298,376,215,473,503,391,182,437,180,321,306,526,345,633,0,285,229,492,860,0,681,323,606,414,569
1848,382,238,267,342,307,384,1094,424,377,226,510,197,750,438,313,589,218,209,482,260,316,407,228,313,265,269,627,309,454,234,780,375,531,290,485,389,275,545,189,332,285,500,466,438,494,268,1164,395,358,324,320,283,364,1181,299,727,706,479,544,315,251,273,265,293,477,451,1202,296,206,230,414,297,374,215,471,500,391,182,436,179,320,305,524,344,633,0,280,229,491,856,0,676,322,603,413,566
1849,379,237,266,340,305,383,1091,422,377,223,507,196,748,435,311,587,215,209,483,258,314,404,228,312,264,268,624,308,454,234,776,374,529,290,484,388,275,544,189,331,283,497,463,438,492,266,1162,393,356,324,318,283,360,1175,298,724,705,477,543,314,249,271,263,293,474,450,1204,295,205,229,414,297,371,215,470,500,392,182,435,178,320,305,522,342,630,0,278,229,491,853,0,674,321,600,409,564
1850,379,236,266,340,302,382,1090,421,374,221,502,196,747,433,311,586,215,209,482,258,313,404,228,310,262,268,619,306,452,233,772,367,526,288,479,385,274,542,189,330,283,495,462,437,489,266,1163,392,353,323,317,283,358,1174,296,720,704,475,540,315,248,270,262,292,470,448,1203,294,205,229,411,296,368,213,469,498,389,182,435,178,315,305,522,338,628,0,276,226,487,849,0,675,321,598,406,563
1851,379,235,264,339,300,381,1090,420,374,221,498,194,746,433,308,580,215,204,482,256,311,402,228,310,261,268,616,305,449,231,768,368,525,285,478,383,273,542,187,329,282,492,457,437,489,266,1164,391,352,324,315,282,356,1166,294,718,698,472,539,314,246,269,259,289,471,447,1200,292,205,229,408,292,366,211,468,498,387,182,433,178,315,303,521,337,626,0,275,226,486,841,0,670,320,597,405,562
1852,379,234,265,336,300,379,1088,420,374,220,495,193,742,432,307,580,214,205,479,255,309,401,226,309,260,268,611,298,444,231,765,368,522,285,477,382,270,540,186,329,279,490,454,434,489,264,1163,387,350,322,311,280,356,1164,293,717,694,469,536,312,246,268,258,285,467,444,1203,290,204,228,408,290,366,211,466,496,387,183,434,178,312,303,519,336,623,0,274,226,486,836,0,667,318,595,404,558
1853,376,234,264,334,300,378,1089,418,374,218,494,190,740,430,304,576,211,204,476,255,309,400,226,307,260,265,611,296,443,230,762,367,520,281,473,378,268,535,186,328,279,489,450,430,486,263,1165,386,349,320,308,279,355,1160,290,714,691,467,535,311,244,263,257,283,465,441,1209,290,203,229,407,287,362,209,465,495,385,181,431,178,313,302,514,334,620,0,274,225,485,833,0,667,318,591,401,557
1854,374,232,264,335,302,377,1090,410,371,216,490,189,737,428,303,573,211,204,476,254,308,398,225,305,259,265,608,295,444,230,760,366,516,279,471,375,268,533,186,328,279,484,447,428,486,263,1166,383,347,319,308,277,353,1155,289,712,689,466,529,311,241,262,254,282,462,439,1205,288,202,228,405,287,361,207,464,493,384,181,425,177,311,299,514,332,618,0,272,224,483,831,0,664,317,590,400,557
1855,372,231,260,335,300,375,1088,409,367,216,490,189,736,426,302,572,209,204,473,252,308,399,224,303,258,261,606,294,443,229,753,363,516,278,469,375,267,533,186,327,278,481,446,424,484,263,1167,381,347,317,308,277,352,1154,286,710,687,465,523,310,241,262,252,281,459,436,1206,288,202,226,404,288,359,203,462,490,380,180,423,177,308,299,513,330,615,0,271,224,481,832,0,665,314,588,400,555
1856,371,229,260,335,299,374,1086,407,365,214,487,189,735,424,300,571,207,204,469,251,307,398,224,301,258,263,602,293,443,229,751,362,517,275,464,375,265,531,186,326,278,481,440,424,482,263,1168,380,345,316,306,277,352,1153,284,709,682,463,519,309,240,259,252,281,458,432,1205,287,201,226,403,287,357,202,459,487,380,180,422,175,308,290,508,326,613,0,270,222,483,828,0,663,312,581,398,553
1857,369,228,259,333,298,373,1082,407,365,214,487,189,734,423,300,570,205,203,466,250,307,398,224,301,256,263,601,293,441,229,746,363,515,275,463,373,262,527,185,322,276,475,438,423,480,261,1173,380,344,316,307,278,352,1152,283,708,681,462,515,309,238,257,250,279,457,431,1207,288,200,226,401,287,355,201,460,483,377,179,421,173,307,290,505,325,609,0,268,222,482,829,0,659,310,578,397,552
1858,367,228,256,331,298,375,1082,405,363,213,485,189,731,420,298,570,206,203,465,250,304,398,222,300,253,262,601,293,437,229,741,357,513,273,459,372,261,526,184,318,276,475,437,421,478,261,1175,377,344,315,305,277,352,1149,277,706,678,459,513,306,236,257,247,278,457,428,1210,288,199,226,400,286,353,200,457,480,378,178,418,172,303,289,503,324,608,0,268,221,480,828,0,656,309,574,394,550
1859,366,227,255,331,298,374,1080,403,362,212,484,188,727,419,297,569,204,203,464,249,302,395,219,298,251,260,599,292,436,227,741,355,511,271,457,370,259,525,184,317,276,471,436,418,472,260,1177,375,343,314,303,276,351,1146,275,703,676,457,511,304,235,254,248,277,454,424,1211,288,199,226,399,285,351,199,456,479,377,177,414,170,303,287,498,323,604,0,267,221,479,824,0,654,309,571,391,549
1860,365,222,253,328,296,371,1081,400,360,211,484,188,724,419,295,568,203,200,461,247,299,393,218,298,250,258,599,291,434,226,737,353,509,271,456,370,259,520,183,315,274,469,435,417,470,258,1183,372,340,311,303,274,351,1143,274,701,673,453,509,302,234,253,248,274,450,421,1207,286,199,226,397,285,350,199,454,476,376,176,411,168,300,285,492,320,604,0,268,221,474,822,0,650,309,567,389,546
1861,364,220,251,325,290,371,1075,398,358,209,481,187,720,418,293,567,203,201,460,246,297,390,218,297,250,255,593,290,433,223,736,353,505,271,455,369,257,514,183,310,273,468,433,413,467,258,1183,371,340,310,302,271,350,1140,270,697,673,450,507,300,232,254,248,272,449,419,1208,285,198,224,396,282,349,198,452,474,372,176,409,167,299,283,491,320,599,0,266,218,472,819,0,643,309,566,388,543
1862,363,219,250,324,289,371,1076,398,356,209,479,186,719,417,292,563,201,200,459,246,297,387,216,297,249,253,586,289,432,222,735,352,505,271,453,368,255,511,181,308,271,464,432,408,465,256,1179,367,340,308,302,271,344,1138,269,695,667,450,508,299,232,254,246,272,445,418,1209,281,197,224,394,280,349,196,448,473,369,176,406,167,298,282,489,319,594,0,263,217,468,814,0,642,306,565,387,543
1863,359,218,249,322,289,369,1074,392,354,209,474,185,719,416,287,561,201,197,457,246,293,385,212,295,246,250,586,287,429,220,732,350,500,271,453,367,254,509,180,308,270,461,425,406,459,254,1184,366,337,307,299,269,342,1136,267,692,666,449,504,297,229,253,245,272,444,418,1209,278,196,223,392,282,344,195,446,471,369,176,400,165,299,278,489,319,590,0,263,215,465,813,0,638,303,560,387,543
1864,356,218,250,320,288,367,1072,392,350,209,470,183,716,415,285,561,199,196,454,246,293,382,210,294,243,248,586,287,427,219,728,346,497,268,450,366,252,509,179,307,267,458,424,403,457,254,1186,365,337,307,298,268,342,1132,267,687,665,449,500,293,229,252,245,269,441,415,1209,278,196,221,391,281,342,194,443,471,368,176,398,164,296,277,488,317,587,0,261,214,465,807,0,636,301,559,387,538
1865,354,216,250,318,286,364,1073,390,348,209,468,181,713,414,284,560,197,196,454,247,293,382,209,293,242,247,584,285,426,216,727,346,495,268,450,364,252,503,176,308,266,455,423,400,456,252,1184,363,336,306,298,268,340,1134,267,688,665,445,498,292,227,250,243,269,439,413,1208,277,195,222,388,279,341,193,441,469,364,174,395,163,297,276,486,316,585,0,259,214,464,803,0,636,298,559,387,533
1866,353,213,248,316,284,362,1073,384,346,209,465,180,710,412,283,559,197,195,449,247,289,381,209,291,240,244,583,285,423,216,725,343,496,268,446,364,252,501,176,307,263,452,422,399,456,252,1186,361,334,306,295,266,340,1133,265,687,663,445,495,291,227,248,242,269,439,409,1203,277,193,221,386,278,339,189,439,467,365,172,392,162,296,275,483,314,584,0,258,214,462,801,0,633,297,557,384,534
1867,351,211,246,316,283,361,1072,380,344,208,460,180,707,410,283,558,196,193,449,246,286,380,208,288,240,242,577,283,422,215,724,340,492,265,444,363,251,500,176,307,262,451,421,396,454,251,1186,361,331,306,293,264,340,1129,264,686,663,443,493,287,226,246,241,264,438,409,1206,272,192,221,384,277,336,188,437,464,364,171,392,161,293,275,481,310,582,0,258,213,460,797,0,630,295,554,383,528
1868,353,211,246,316,279,359,1069,380,341,205,458,178,703,408,283,556,196,192,446,246,285,380,207,286,237,242,575,284,421,215,721,338,491,263,443,361,251,499,176,304,260,450,420,394,453,249,1188,362,329,305,293,264,340,1125,262,685,656,440,490,285,225,244,237,262,437,407,1206,271,190,221,381,275,335,188,437,462,361,171,392,159,293,275,477,311,579,0,259,211,455,796,0,626,295,555,381,524
1869,352,210,245,315,279,357,1064,380,339,205,454,177,702,407,282,554,196,191,446,246,281,378,206,285,233,241,572,284,419,215,718,337,488,262,443,360,251,495,175,303,260,445,418,391,451,248,1190,360,326,304,293,263,337,1121,261,685,655,439,487,285,225,243,236,262,437,408,1204,272,189,220,381,274,333,187,432,458,358,169,390,159,293,272,476,310,576,0,259,211,454,791,0,626,294,553,379,524
1870,351,209,244,314,278,356,1061,378,339,203,454,177,699,406,282,551,195,191,442,243,281,377,206,283,231,240,568,283,415,215,717,336,488,261,442,360,248,492,176,300,259,443,418,390,450,249,1189,357,325,304,293,263,336,1122,260,685,651,438,486,282,222,243,236,261,434,405,1205,271,189,218,381,274,332,186,431,457,358,166,388,159,293,271,476,307,574,0,258,211,452,788,0,624,292,552,378,522
1871,351,207,242,315,277,354,1059,376,338,203,454,177,694,404,280,546,195,191,439,243,281,376,206,283,231,240,563,283,411,216,714,332,486,261,441,357,249,490,176,296,256,443,417,388,447,246,1189,356,324,302,289,262,336,1122,258,684,649,436,481,280,222,242,236,261,432,405,1207,271,188,216,380,272,330,186,430,453,358,166,388,156,292,267,471,305,572,0,256,210,452,783,0,623,290,551,377,521
1872,351,206,241,315,276,355,1058,375,337,200,451,175,693,401,279,545,195,190,438,240,279,374,205,281,231,239,557,283,408,216,709,329,486,259,439,354,247,488,176,293,253,441,416,386,448,245,1190,356,323,301,287,260,335,1119,257,682,647,435,480,278,222,240,234,258,430,403,1208,269,188,213,378,271,328,185,430,451,356,164,386,156,291,264,469,303,569,0,253,209,450,780,0,622,290,549,375,520
1873,350,204,240,314,275,352,1053,374,335,199,449,174,690,400,278,543,194,189,438,241,278,373,204,280,228,238,552,282,407,216,706,327,485,255,438,353,247,487,175,293,251,437,414,385,446,245,1190,353,322,300,286,259,334,1119,253,680,644,435,480,276,220,238,232,257,427,400,1209,268,187,212,377,271,327,184,425,451,354,163,385,156,291,264,466,302,567,0,251,209,447,778,0,621,288,547,373,518
1874,349,202,237,312,274,352,1050,373,333,199,449,173,687,401,278,542,192,188,437,241,273,372,203,278,225,235,551,281,406,215,705,327,483,254,437,353,245,483,175,292,251,437,413,382,444,243,1195,351,321,299,284,258,333,1118,253,677,641,433,477,275,220,237,232,254,424,396,1209,267,187,212,374,269,324,181,426,449,352,162,387,155,288,261,464,299,565,0,251,209,446,778,0,619,284,545,372,516
1875,349,200,236,311,274,353,1047,372,333,199,447,173,685,396,276,542,190,188,437,239,272,371,202,278,225,235,551,281,402,215,707,326,482,254,436,350,244,481,174,291,249,437,410,381,443,242,1199,350,320,299,284,257,331,1118,253,677,641,430,474,272,219,236,232,253,423,394,1206,267,185,211,372,267,323,179,424,448,351,161,386,155,288,258,464,296,563,0,251,207,445,774,0,617,282,541,372,512
1876,348,199,236,309,272,353,1046,370,333,197,444,173,682,395,272,535,190,187,435,238,269,369,202,277,221,235,550,280,403,214,708,322,480,252,432,348,240,479,172,290,249,435,409,380,442,242,1200,347,320,300,284,255,328,1112,251,676,638,430,473,270,220,235,229,250,422,392,1206,266,183,211,371,266,323,178,424,447,349,160,383,155,286,258,464,295,560,0,249,206,442,769,0,614,280,539,370,512
1877,346,198,236,307,272,351,1046,366,334,196,444,173,680,394,270,533,190,187,434,238,267,368,200,277,220,231,549,279,399,214,705,321,479,251,431,347,236,479,171,288,248,433,407,379,441,240,1201,347,321,297,283,253,326,1115,248,672,635,428,470,268,219,232,226,250,419,388,1207,264,182,210,370,266,321,176,418,445,346,159,381,154,284,257,464,293,558,0,247,204,439,767,0,613,280,539,369,509
1878,346,196,235,303,271,348,1042,366,334,194,441,172,675,393,267,534,190,186,432,235,265,367,200,276,220,230,544,276,397,213,703,312,477,250,427,347,235,474,171,288,248,431,407,377,441,237,1200,345,320,298,282,252,326,1112,247,672,633,428,468,264,218,230,223,250,414,387,1206,264,179,209,369,265,320,175,417,443,345,159,379,154,279,254,464,292,553,0,246,202,433,765,0,612,276,537,367,506
1879,345,194,232,302,270,349,1039,366,333,193,438,172,672,389,266,530,190,186,431,234,265,367,199,276,219,230,540,276,397,213,702,309,476,250,425,344,231,472,168,287,247,430,405,374,439,237,1205,345,319,297,282,250,323,1110,246,667,631,429,463,264,218,230,222,250,412,383,1203,263,179,208,364,264,320,174,417,442,344,158,377,154,278,254,462,292,552,0,245,202,433,765,0,609,272,537,367,505
1880,344,194,229,301,267,349,1038,365,332,193,438,171,670,389,264,529,189,185,430,232,261,365,198,276,218,228,536,275,396,211,699,308,476,250,424,342,231,469,167,286,244,429,403,371,436,237,1209,343,316,297,282,249,321,1106,246,666,631,427,462,263,215,229,221,248,408,382,1198,262,179,206,363,264,316,173,418,441,342,158,376,152,277,253,460,291,550,0,244,200,432,762,0,604,269,535,366,504
1881,343,194,227,298,266,348,1037,363,330,193,437,169,670,388,264,527,189,183,430,230,259,364,196,276,216,228,536,275,396,208,697,307,476,250,421,341,231,465,166,281,244,426,403,368,436,234,1209,340,315,296,280,248,321,1103,245,666,626,427,458,262,214,229,221,246,407,382,1192,261,179,205,361,264,314,173,414,440,341,156,375,151,276,250,458,290,551,0,241,200,430,760,0,604,268,533,365,502
1882,343,194,225,296,266,345,1031,360,327,191,436,169,667,388,263,525,188,182,427,228,257,364,194,274,215,226,533,273,394,207,699,307,473,250,421,342,230,463,166,277,244,424,401,366,436,234,1209,340,314,296,278,245,320,1097,245,664,624,427,457,260,214,229,217,245,403,381,1189,258,179,202,357,263,312,172,412,435,340,153,374,152,276,248,456,290,551,0,238,199,427,756,0,601,267,528,363,500
1883,341,193,224,291,266,346,1030,356,325,191,434,168,664,386,261,525,188,178,425,228,256,362,193,270,213,223,530,270,394,207,699,306,471,249,415,341,230,462,165,275,243,423,398,362,434,233,1206,337,313,295,278,246,318,1096,243,660,620,426,455,259,212,228,212,243,400,379,1186,257,178,201,356,263,310,171,411,434,335,153,373,150,275,247,455,289,549,0,236,197,426,752,0,597,265,525,361,495
1884,338,192,223,290,264,344,1030,355,322,190,432,167,663,385,261,525,187,177,425,227,257,362,192,265,212,223,525,267,390,206,697,307,466,249,410,336,229,461,164,275,243,422,396,359,433,233,1212,335,311,295,277,245,318,1098,242,657,615,426,455,256,211,228,210,243,397,378,1185,254,175,199,356,263,307,170,410,432,331,153,375,147,275,245,455,287,548,0,235,197,425,750,0,596,262,524,361,489
1885,337,189,223,288,262,343,1027,352,321,189,431,168,658,382,259,524,187,177,426,223,257,362,189,264,209,221,524,267,387,204,693,305,464,249,408,336,228,461,163,274,241,419,395,356,432,232,1211,333,310,292,275,242,316,1089,240,656,615,427,453,256,210,225,210,243,397,376,1184,250,171,199,350,263,304,170,409,430,328,153,373,147,271,244,453,286,545,0,234,197,422,747,0,594,261,521,359,489
1886,335,187,223,288,262,341,1023,352,319,188,432,167,654,381,258,521,187,176,425,223,256,361,189,263,209,218,522,266,384,204,689,304,462,247,406,333,226,459,163,273,239,416,396,355,430,230,1209,333,310,290,273,240,313,1088,236,652,611,425,452,255,210,221,207,241,394,375,1180,249,171,197,348,262,302,169,405,429,327,153,372,146,268,243,449,286,546,0,234,197,419,742,0,594,258,518,357,490
1887,332,187,223,286,262,340,1025,352,318,184,432,166,652,381,258,520,187,175,422,221,255,357,189,263,208,217,522,266,382,204,687,304,461,245,404,333,224,456,163,274,238,414,393,351,430,230,1211,334,308,290,273,239,313,1085,233,648,610,423,451,253,208,219,206,241,392,373,1182,246,170,196,343,260,301,169,402,426,328,152,371,146,267,243,447,285,541,0,231,197,417,739,0,594,258,516,356,490
1888,330,186,221,285,260,339,1025,351,317,184,431,164,648,380,255,521,187,175,420,219,250,354,188,262,206,215,520,264,375,202,682,304,462,245,404,332,224,454,162,274,237,410,389,347,428,229,1214,332,306,289,271,238,312,1085,231,647,607,419,450,251,208,219,205,241,388,373,1182,243,169,196,341,260,299,169,402,424,326,151,370,146,264,243,443,286,539,0,228,195,417,739,0,592,256,515,354,487
1889,327,186,221,283,259,337,1020,349,317,183,429,163,646,378,252,519,187,174,418,219,248,353,188,259,205,215,515,261,374,201,677,303,458,243,401,331,223,452,161,274,237,406,384,347,425,229,1215,328,306,288,270,236,310,1084,230,646,605,415,449,251,207,219,204,240,387,373,1178,240,169,196,339,258,299,169,400,422,324,150,369,146,262,240,443,284,534,0,226,195,414,737,0,591,254,512,354,484
1890,324,184,219,281,256,336,1017,347,317,181,429,163,644,374,250,516,186,171,416,216,247,353,187,257,204,214,512,260,373,201,672,302,457,242,399,329,223,452,161,274,236,406,382,345,423,227,1215,328,304,288,270,235,307,1081,228,642,603,415,445,251,206,218,203,239,386,371,1178,238,168,195,338,255,297,169,398,422,321,150,367,146,260,240,441,284,530,0,222,195,411,736,0,590,253,511,353,482
1891,321,183,219,278,252,336,1011,343,314,181,430,162,641,371,250,513,186,170,415,216,247,352,186,254,203,213,509,259,370,200,671,301,456,242,396,328,222,449,160,271,235,405,381,342,420,227,1215,326,306,285,268,234,307,1080,227,643,597,413,444,251,204,215,202,238,384,371,1181,236,167,194,338,255,296,168,396,420,317,150,367,144,258,239,440,281,529,0,222,195,408,730,0,589,250,509,353,482
1892,317,183,217,276,250,336,1012,341,314,180,430,161,636,367,247,512,184,170,413,214,246,351,184,252,202,212,509,258,369,198,666,298,456,241,396,328,222,447,160,270,235,404,379,340,416,227,1210,326,305,284,266,234,306,1082,227,642,595,411,444,251,203,214,201,236,383,371,1180,232,167,193,338,253,295,168,396,413,315,148,363,143,258,238,438,281,526,0,222,192,406,727,0,586,249,508,353,481
1893,317,182,217,275,250,334,1011,340,312,180,430,161,633,364,244,508,182,170,412,213,247,348,183,251,199,211,505,256,367,198,662,298,454,241,397,328,219,447,158,268,235,402,377,338,415,227,1211,322,302,281,266,233,305,1084,225,637,593,410,441,250,203,212,197,234,382,371,1181,231,166,192,337,253,295,167,395,410,312,147,361,142,256,235,437,281,525,0,220,191,403,728,0,581,248,504,351,480
1894,314,182,216,272,244,332,1006,339,311,178,428,161,631,362,244,507,181,169,412,211,247,345,183,249,200,207,504,256,366,198,663,296,453,239,395,326,218,445,156,267,233,402,376,335,415,227,1208,319,301,278,264,233,305,1085,223,635,591,409,438,250,203,212,197,233,377,369,1182,229,166,190,334,252,295,167,393,406,310,146,360,142,256,234,435,279,525,0,219,191,400,725,0,581,247,502,348,478
1895,314,181,214,272,242,330,1004,338,307,178,422,163,627,358,240,506,180,168,410,210,247,343,183,247,197,205,501,254,363,197,659,294,450,238,394,326,218,444,156,267,232,400,372,333,413,225,1201,317,299,277,263,232,302,1086,222,632,592,407,437,248,203,211,197,232,378,368,1179,228,166,190,333,251,293,166,389,402,309,145,358,142,255,232,433,277,524,0,219,190,398,722,0,578,247,499,347,477
1896,312,179,212,270,241,330,1000,336,304,177,421,163,625,358,240,504,179,167,410,209,247,343,182,247,195,205,495,253,361,195,653,293,450,238,393,324,217,444,155,265,230,401,369,331,413,225,1198,316,297,276,261,228,301,1080,220,630,590,405,434,247,202,210,196,231,374,367,1178,227,164,188,331,250,290,166,389,400,307,144,357,140,254,231,428,274,522,0,217,187,398,720,0,574,247,499,345,477
1897,312,179,211,269,241,330,997,333,302,175,420,163,626,356,240,502,178,167,408,209,247,342,177,246,195,204,492,252,359,194,651,291,450,237,390,323,216,443,155,264,226,395,369,329,413,225,1200,315,297,277,261,228,301,1078,215,627,587,401,431,247,201,210,196,231,371,366,1173,227,163,186,331,247,290,166,388,400,305,143,355,140,250,230,427,272,521,0,216,186,395,718,0,569,247,496,345,475
1898,311,178,211,267,239,327,994,330,301,175,420,163,623,354,237,499,176,165,406,208,245,341,176,245,193,203,490,250,355,193,648,292,446,234,390,322,214,442,155,262,225,395,369,325,410,223,1196,314,297,277,258,227,299,1077,214,625,584,400,430,247,199,209,196,231,371,365,1172,225,163,185,330,247,290,165,385,399,303,144,352,140,249,229,424,271,518,0,213,185,392,717,0,568,247,495,343,473
1899,307,178,210,267,238,326,990,329,301,172,415,159,620,351,236,497,176,165,401,207,244,340,174,244,193,203,488,248,353,191,645,287,445,234,390,321,213,440,153,261,224,395,366,324,408,219,1200,313,296,276,255,227,298,1077,214,624,582,400,427,247,198,207,194,230,368,365,1170,225,161,184,328,244,288,162,382,393,301,143,351,140,247,229,421,270,515,0,213,184,392,716,0,567,246,491,343,473
1900,305,176,209,267,236,325,988,328,298,171,411,158,620,351,235,494,176,161,397,207,244,340,174,243,192,203,486,246,350,191,644,284,443,232,390,318,211,436,153,259,219,394,362,323,407,217,1201,311,290,275,254,225,295,1075,214,620,581,397,426,246,195,207,194,230,367,363,1166,222,159,182,327,244,284,161,381,392,300,142,348,141,246,228,418,269,513,0,214,184,390,711,0,565,245,487,342,472
1901,303,176,210,264,235,323,988,326,298,170,411,158,619,350,233,492,175,161,396,205,243,337,174,243,191,203,483,246,350,190,642,284,439,231,389,314,210,431,153,257,219,392,362,323,403,217,1198,311,290,273,254,224,295,1075,214,619,578,396,424,246,195,207,192,228,367,359,1165,220,158,182,326,243,283,161,378,391,299,142,348,141,245,224,415,265,510,0,213,185,387,708,0,563,245,486,340,471
1902,301,176,210,262,235,321,983,326,297,169,408,157,616,348,233,491,174,161,393,203,243,333,173,240,191,203,482,244,350,189,641,282,438,230,389,311,208,429,153,257,214,390,359,322,402,215,1198,308,289,271,252,221,295,1074,213,619,574,394,422,244,194,207,190,228,367,356,1163,218,158,182,324,242,283,161,376,391,296,142,346,140,240,225,412,263,509,0,211,184,387,707,0,559,244,485,338,468
1903,299,176,207,262,235,320,979,325,297,169,408,156,615,348,233,485,174,159,391,203,242,332,173,237,190,201,482,241,349,189,638,282,437,229,387,309,207,427,153,253,214,388,358,320,401,215,1196,307,288,271,252,217,294,1073,213,617,573,392,421,243,194,206,189,227,364,353,1163,217,157,181,321,240,279,160,374,388,296,142,344,139,240,225,412,262,506,0,211,183,385,703,0,554,243,484,337,467
1904,298,174,205,259,234,318,975,324,296,169,406,154,612,344,232,482,173,159,389,203,242,332,171,235,190,201,481,238,346,189,635,281,435,226,385,309,206,426,153,252,212,385,356,320,397,214,1195,307,285,271,249,217,292,1073,213,614,572,389,419,241,193,205,187,227,363,352,1158,216,156,180,317,238,278,159,368,388,295,142,342,137,239,224,410,262,504,0,210,183,382,701,0,552,241,483,336,465
1905,297,174,205,258,234,317,977,324,296,169,406,153,612,343,231,478,169,160,386,203,242,332,171,235,189,200,476,237,342,188,633,279,434,224,382,308,204,423,153,252,209,383,356,318,394,213,1197,307,284,269,245,216,289,1072,212,611,567,385,419,239,194,205,185,226,363,349,1161,216,156,178,315,237,276,158,366,387,294,141,342,136,238,224,408,261,499,0,209,181,380,698,0,549,241,481,336,463
1906,297,172,205,255,234,315,978,323,294,169,404,152,610,342,230,475,168,155,386,200,239,330,169,235,188,199,472,237,341,185,632,279,432,221,381,306,204,423,151,250,209,382,353,317,389,211,1201,304,283,268,244,216,288,1074,211,609,566,384,417,239,194,202,184,223,361,349,1159,213,156,176,313,237,276,157,365,387,292,139,340,135,237,224,409,260,499,0,207,179,378,694,0,547,236,481,335,463
1907,294,171,204,252,234,312,973,321,293,169,402,152,607,341,230,473,166,155,383,198,237,331,166,233,185,199,472,236,340,184,625,279,432,218,379,305,202,421,150,249,208,380,351,315,388,209,1206,303,280,267,242,215,287,1074,210,607,562,381,415,238,194,202,183,221,361,349,1155,212,154,175,313,236,276,154,364,387,291,138,339,134,237,219,407,259,498,0,207,177,377,690,0,545,235,479,332,461
1908,293,171,202,251,234,310,970,319,293,168,400,152,604,341,226,473,164,155,382,198,236,329,166,234,184,197,469,236,339,183,625,279,430,217,375,300,202,422,149,249,208,380,348,315,388,208,1205,303,279,267,241,213,287,1074,208,608,558,378,415,236,193,202,181,221,360,347,1155,212,153,174,311,235,276,151,362,387,290,138,338,133,235,219,407,257,498,0,207,177,375,687,0,541,234,478,325,458
1909,293,171,201,250,230,310,969,318,292,168,397,152,600,341,225,472,163,155,381,198,235,327,164,233,185,194,467,236,337,181,624,277,424,215,374,297,202,420,149,248,208,378,346,313,388,207,1205,303,278,265,239,213,287,1070,209,607,556,373,412,237,192,201,180,220,359,347,1154,210,151,173,310,235,275,149,362,385,287,136,337,133,234,217,403,253,496,0,206,175,374,688,0,539,234,475,324,458
1910,290,171,200,249,225,309,965,316,290,167,394,150,600,341,224,470,162,153,380,196,231,326,163,233,184,193,466,231,336,180,620,276,422,213,370,297,202,417,148,246,206,377,343,313,386,206,1201,302,277,265,237,212,285,1064,208,605,555,372,410,236,191,200,180,219,358,343,1156,209,151,172,309,234,275,148,361,383,287,136,336,131,234,218,400,252,494,0,204,175,373,686,0,540,231,474,322,457
1911,290,170,200,246,223,310,963,315,287,167,393,150,599,340,223,469,161,153,377,196,231,325,163,231,184,193,466,230,335,177,618,273,421,213,369,296,202,416,147,244,205,372,341,313,383,206,1203,302,277,265,236,212,284,1059,208,602,553,371,410,235,190,197,179,220,355,340,1155,209,150,172,307,234,275,148,360,380,286,135,336,130,232,216,397,252,492,0,202,173,371,686,0,539,230,474,320,454
1912,289,169,198,244,221,309,958,314,284,167,392,150,599,340,222,466,161,153,375,195,231,323,163,230,184,194,466,228,333,176,616,273,419,213,368,290,199,413,147,242,205,369,340,307,383,204,1198,300,273,263,234,212,283,1057,207,598,550,368,409,233,190,196,179,219,353,339,1157,207,150,171,306,232,276,147,358,379,286,134,334,130,231,216,395,248,490,0,201,171,369,686,0,535,229,472,318,451
1913,288,168,197,244,221,309,957,313,284,167,392,148,597,340,220,464,161,153,373,194,231,322,162,227,183,194,466,227,330,176,610,274,417,211,366,289,199,409,146,242,203,368,339,304,380,204,1194,298,270,263,234,212,280,1055,206,594,548,364,402,232,190,196,178,216,352,337,1155,207,150,171,306,232,275,145,357,377,285,134,331,128,230,214,392,248,488,0,199,170,368,683,0,533,227,468,316,450
1914,288,166,197,241,218,307,954,312,283,166,391,148,596,338,217,462,161,151,372,193,230,320,162,225,180,195,464,227,329,175,609,271,414,212,364,289,198,406,146,241,203,366,339,301,378,204,1193,298,268,261,232,211,280,1052,204,590,546,363,402,232,188,196,177,214,349,337,1155,207,150,170,306,232,274,144,356,376,284,134,329,128,228,212,391,245,485,0,197,171,367,678,0,530,224,466,314,448
1915,286,166,195,238,216,305,952,311,280,165,391,148,595,337,215,458,160,150,369,191,228,319,162,224,180,193,462,227,329,175,607,270,410,210,361,289,198,402,146,241,202,363,339,296,373,204,1189,297,263,258,231,211,277,1047,203,588,543,362,401,231,186,195,176,212,345,335,1157,207,149,167,304,230,273,143,354,376,283,134,326,127,225,212,387,245,483,0,195,171,363,674,0,527,224,463,313,444
1916,284,164,195,235,215,304,948,311,279,164,391,148,593,336,214,458,159,150,368,191,227,318,161,224,180,190,459,225,328,173,607,267,407,209,361,287,196,398,146,239,202,362,339,296,372,203,1192,294,261,255,228,211,275,1046,201,584,542,360,400,229,185,194,176,212,345,334,1157,205,149,167,304,228,272,142,352,376,282,133,326,126,225,211,387,243,483,0,194,170,362,674,0,526,224,457,311,444
1917,284,163,193,234,215,303,950,310,278,161,392,146,591,334,212,454,157,149,367,186,226,318,160,223,179,188,459,223,328,171,607,266,404,209,358,287,196,398,146,239,202,360,338,298,370,202,1189,293,262,254,226,210,274,1044,200,583,537,359,399,229,183,194,175,212,343,332,1156,205,148,167,304,226,271,141,348,374,281,131,325,126,224,210,386,243,482,0,194,169,358,668,0,525,223,457,309,440
1918,281,162,192,233,215,301,946,308,277,160,387,146,585,330,212,453,157,148,365,185,224,316,159,223,180,188,456,221,327,170,604,265,402,207,357,287,196,397,146,238,202,358,337,297,370,202,1189,290,262,254,224,209,273,1046,196,582,532,358,396,227,183,192,174,210,342,332,1149,204,147,167,302,224,269,142,349,374,281,129,323,125,224,210,383,240,482,0,194,169,357,666,0,523,223,455,307,437
1919,278,162,191,233,214,299,942,308,275,159,384,143,583,329,211,449,157,148,362,183,223,315,157,221,178,187,456,219,327,167,602,264,401,204,355,286,194,393,143,234,201,357,335,297,367,201,1192,289,261,255,224,210,273,1048,196,580,531,356,395,225,183,191,173,208,341,329,1148,202,147,166,300,223,267,140,347,371,279,126,323,125,223,210,382,239,480,0,193,167,357,666,0,521,222,453,306,433
1920,275,160,185,230,213,295,938,306,275,159,383,141,583,330,211,446,157,147,358,182,220,315,157,221,177,186,453,219,326,167,601,263,395,203,355,284,192,391,143,234,201,356,335,296,367,200,1190,288,261,252,222,209,273,1042,196,580,531,350,395,225,183,189,172,207,341,329,1151,201,144,166,300,222,266,138,346,366,276,126,323,125,221,210,380,237,478,0,190,168,355,664,0,520,219,451,305,432
1921,272,156,183,229,210,295,936,304,275,158,383,141,581,329,209,446,155,145,354,180,220,312,157,219,175,184,452,217,324,166,597,263,392,203,349,285,192,389,142,231,201,355,334,296,366,197,1188,286,258,252,220,207,274,1042,195,579,531,349,394,223,181,189,172,208,341,326,1147,201,142,166,299,220,265,138,345,366,275,126,322,125,217,210,378,234,475,0,190,165,355,664,0,516,220,450,304,430
1922,270,155,183,228,209,295,933,300,275,158,381,138,580,327,209,445,154,145,352,180,217,311,157,218,175,183,450,217,323,164,595,261,391,202,347,284,192,386,142,229,200,353,331,294,362,195,1190,284,257,252,220,207,271,1037,194,577,527,345,393,222,181,187,172,206,340,324,1144,200,142,166,297,217,264,139,345,365,270,126,322,125,217,208,377,233,474,0,190,163,351,661,0,515,220,446,303,431
1923,268,153,183,227,208,295,932,300,272,158,379,138,576,326,207,439,153,145,349,180,216,308,154,218,172,181,450,217,322,163,591,259,390,202,346,284,191,379,141,228,196,351,329,291,361,195,1190,285,254,251,218,207,269,1035,193,574,525,345,393,222,179,187,172,205,340,318,1143,199,142,165,296,217,263,138,341,365,270,126,321,123,216,208,375,232,474,0,188,162,350,659,0,512,219,445,302,430
1924,267,152,183,226,207,295,926,298,272,157,379,138,572,324,207,436,151,144,348,178,216,306,152,218,170,179,447,214,320,163,590,257,388,202,345,285,189,374,140,228,196,349,329,289,357,195,1191,284,254,250,217,207,268,1031,193,573,525,345,391,221,177,187,171,204,336,318,1140,197,142,164,296,217,262,137,340,364,270,126,320,122,216,208,375,232,472,0,187,160,347,659,0,511,219,442,300,429
1925,266,151,183,226,206,293,926,297,271,156,377,138,571,322,205,434,151,143,347,178,216,306,152,218,167,177,442,214,319,162,589,256,387,201,345,283,187,371,139,227,196,349,328,288,353,194,1188,280,252,250,216,202,266,1030,191,570,523,344,389,219,176,186,171,204,335,318,1138,197,142,162,294,216,259,136,340,363,265,125,318,122,216,207,374,232,470,0,186,157,346,656,0,508,216,440,300,429
1926,266,150,182,226,205,293,926,297,271,156,375,138,571,320,204,432,150,141,346,178,213,303,152,215,164,175,441,213,318,160,591,255,383,200,345,281,184,369,136,226,194,348,325,287,351,194,1184,279,251,249,215,201,261,1025,190,567,522,344,387,218,174,186,170,203,334,316,1139,194,141,162,294,216,256,137,340,362,261,124,317,121,215,204,372,231,469,0,186,157,344,655,0,504,216,440,299,425
1927,265,148,182,224,205,293,922,297,270,153,373,138,567,316,204,429,149,140,344,177,210,303,151,215,164,174,440,212,318,160,589,253,383,200,343,280,182,367,135,225,193,346,324,287,350,193,1181,278,249,247,214,200,260,1023,190,565,520,344,383,216,173,186,169,201,332,315,1138,193,140,158,292,216,253,137,339,360,259,124,315,121,213,202,371,231,469,0,184,157,341,654,0,501,215,438,297,421
1928,264,147,181,224,204,292,917,296,269,152,373,137,565,313,203,427,149,139,342,176,208,300,151,214,163,172,438,211,316,159,587,250,382,199,343,280,182,365,134,224,192,347,320,287,348,193,1183,276,248,245,214,200,260,1024,188,565,518,343,379,216,171,186,169,201,332,314,1135,190,139,158,289,215,251,137,335,360,258,123,313,120,213,200,369,231,469,0,183,157,338,650,0,502,214,434,294,421
1929,262,147,179,222,203,289,914,293,268,152,371,137,563,309,200,425,148,138,339,175,208,300,151,213,163,172,435,211,314,158,582,250,379,199,338,278,182,362,134,222,191,346,318,286,347,193,1184,276,247,245,214,198,259,1023,187,564,516,341,377,212,171,184,170,198,331,313,1135,190,139,157,286,214,251,137,333,357,258,123,311,118,211,197,369,229,467,0,181,156,336,647,0,496,210,433,293,414
1930,262,146,178,221,203,289,912,291,268,151,371,137,559,310,199,424,147,138,338,175,207,299,151,213,160,172,432,209,312,157,578,252,377,197,335,278,181,362,132,219,190,344,318,282,345,192,1182,274,247,245,213,198,257,1022,187,562,513,340,377,211,169,183,168,197,331,311,1134,188,138,157,285,214,250,136,331,356,257,123,309,118,208,196,366,227,465,0,181,156,335,644,0,496,211,432,290,412
1931,261,145,178,221,202,288,909,291,266,150,370,137,557,309,199,422,147,137,334,175,207,298,151,213,159,171,431,208,310,155,575,251,376,197,334,278,178,361,132,219,189,342,316,282,340,192,1181,274,244,244,213,195,255,1020,184,561,511,340,377,210,169,182,168,197,330,311,1133,188,137,157,285,213,248,135,327,354,256,123,309,118,206,196,365,226,462,0,181,156,333,641,0,495,207,430,287,410
1932,261,144,176,219,201,288,909,291,265,149,369,137,556,309,199,418,147,136,334,174,207,296,151,212,159,170,429,207,308,153,572,250,375,195,332,278,177,360,132,218,188,342,312,282,339,192,1178,273,243,243,213,195,252,1019,181,561,509,338,374,210,168,182,168,196,328,310,1133,186,135,157,281,213,245,133,327,354,254,121,310,118,206,195,364,225,460,0,182,156,331,637,0,492,205,428,285,408
1933,258,143,176,217,201,285,908,290,264,149,368,136,553,306,198,417,147,136,334,173,205,293,151,211,155,170,427,204,307,153,569,248,374,193,332,275,175,358,132,219,186,340,312,280,339,191,1179,271,243,243,212,191,249,1018,180,558,507,334,372,210,168,182,167,194,326,306,1134,186,135,157,280,211,245,133,326,352,253,121,308,116,206,195,362,223,458,0,182,155,329,636,0,486,202,426,281,405
1934,256,142,173,217,199,285,907,288,263,148,363,136,547,305,197,414,147,136,333,172,204,292,150,210,155,168,427,204,306,153,568,248,373,192,330,271,174,358,132,217,184,339,311,278,336,190,1177,270,239,241,212,191,248,1017,180,555,506,334,372,210,167,182,166,194,324,304,1130,186,133,156,280,211,243,132,323,352,253,121,307,115,205,192,361,222,453,0,182,155,328,636,0,486,202,425,278,405
1935,256,142,172,216,197,285,909,288,261,147,362,135,545,302,194,413,146,134,332,172,204,289,150,210,154,168,423,203,306,153,566,248,372,191,328,269,173,356,132,215,183,339,309,278,335,189,1180,266,238,240,212,189,247,1019,179,553,506,328,371,207,166,181,166,194,321,303,1130,185,132,156,280,210,240,130,323,352,250,120,305,115,201,190,360,221,452,0,182,155,328,632,0,483,200,421,276,403
1936,256,141,172,216,196,282,907,287,260,146,361,134,542,300,193,413,145,134,329,172,203,288,150,209,154,168,419,202,305,153,562,246,372,190,323,269,172,354,132,215,183,338,309,277,334,188,1180,264,236,239,210,189,244,1015,176,551,504,327,368,205,165,182,164,194,319,303,1129,184,131,156,280,208,238,130,321,351,249,119,305,115,200,190,361,220,450,0,182,154,326,628,0,481,200,417,276,403
1937,255,137,172,215,195,279,905,286,260,145,359,133,540,300,192,411,145,133,327,169,202,287,150,209,153,168,417,201,303,153,562,246,371,189,323,268,171,352,131,213,181,338,308,276,333,187,1181,263,236,238,208,189,244,1008,175,548,504,322,368,204,165,181,161,194,318,299,1131,184,131,155,280,206,235,129,321,350,249,119,304,115,198,190,360,220,448,0,182,154,325,625,0,480,198,415,275,401
1938,254,137,171,215,194,279,902,285,260,144,356,133,541,299,189,411,145,132,326,169,201,283,149,209,152,168,415,200,301,152,561,245,367,188,323,267,166,351,130,212,180,336,307,276,332,187,1183,261,235,238,208,189,243,1008,174,548,503,322,366,203,164,179,160,192,316,299,1131,183,129,152,280,204,234,129,317,349,247,119,303,115,197,190,358,218,445,0,182,152,325,623,0,479,198,414,274,398
1939,253,138,171,212,194,277,898,284,258,144,353,134,539,297,188,409,145,132,326,167,200,283,148,206,151,166,416,199,299,151,560,244,364,186,322,266,165,349,129,212,180,336,306,276,331,186,1182,260,233,236,207,187,243,1007,173,547,500,318,365,203,164,178,159,191,311,297,1130,181,129,151,280,202,232,128,315,344,245,119,300,115,197,189,356,217,445,0,181,151,324,622,0,479,198,413,273,396
1940,253,138,171,212,194,275,894,283,258,144,353,135,538,295,186,407,145,131,325,166,198,284,148,205,150,166,410,198,297,150,560,243,365,184,320,266,164,349,128,211,179,333,305,274,331,185,1183,260,231,236,205,184,241,1003,173,545,498,315,363,202,162,176,158,188,309,294,1127,181,129,151,279,201,232,128,311,343,243,118,298,115,195,188,352,217,445,0,181,150,322,621,0,476,197,413,271,395
1941,251,138,170,210,193,274,892,282,258,144,352,135,535,295,186,406,144,131,325,165,197,283,146,203,149,165,407,196,297,148,557,243,364,183,318,266,163,346,128,210,177,331,305,271,329,183,1183,258,231,235,204,183,241,998,173,545,497,314,361,201,162,175,158,188,307,291,1121,180,129,150,279,201,232,126,311,343,243,117,298,113,195,188,351,215,444,0,181,150,322,617,0,473,196,411,269,389
1942,249,138,170,210,193,271,889,281,257,141,348,134,534,295,186,404,143,131,324,165,197,281,146,203,148,164,403,195,295,146,554,243,362,184,316,263,164,346,127,209,176,331,303,271,327,181,1183,258,230,234,204,181,241,989,173,546,494,310,361,201,160,174,158,187,307,291,1121,179,127,148,278,199,231,126,311,340,242,116,298,113,195,188,350,213,444,0,181,150,322,613,0,469,194,408,269,386
1943,247,137,170,210,192,269,888,278,257,140,349,134,531,293,185,402,143,130,323,163,196,281,145,203,147,162,402,194,294,145,553,243,361,182,314,262,163,345,126,209,175,330,303,270,326,180,1185,255,226,233,202,177,240,987,172,546,494,307,360,200,159,174,158,185,306,290,1119,179,127,148,276,198,227,125,306,337,242,115,298,112,195,188,350,210,442,0,180,150,321,611,0,468,193,408,269,385
1944,246,137,170,210,191,269,886,277,253,139,347,133,528,290,184,400,139,129,321,160,195,280,143,203,146,160,399,192,291,145,553,242,359,180,310,261,162,344,126,207,174,327,303,270,327,179,1187,255,224,232,202,177,238,987,172,542,491,307,359,199,158,174,157,183,304,288,1116,177,127,148,275,196,226,125,304,337,243,114,298,112,195,187,346,208,442,0,180,149,320,610,0,466,192,406,269,386
1945,245,136,169,207,190,268,887,278,251,139,347,132,527,287,184,397,139,129,320,159,195,275,143,203,146,160,400,191,293,143,552,241,356,179,310,260,162,344,126,206,173,327,303,269,324,179,1187,253,223,228,200,177,235,983,170,542,488,307,358,198,157,174,156,180,302,287,1113,177,127,148,273,196,224,124,304,334,243,113,298,110,194,186,344,207,440,0,178,148,316,610,0,465,190,405,268,386
1946,242,136,167,206,189,268,886,278,250,138,346,132,525,284,183,395,139,129,318,159,195,273,143,202,145,158,399,188,292,142,549,241,355,179,309,259,161,340,126,204,171,325,301,268,322,176,1190,252,223,228,199,177,234,980,168,542,484,307,357,198,156,172,155,178,299,285,1106,175,126,148,273,196,224,124,301,331,241,113,298,107,194,186,341,206,437,0,178,146,316,609,0,461,187,402,267,386
1947,241,135,167,206,188,266,886,278,247,136,343,132,526,283,183,394,139,129,317,159,195,273,143,200,143,158,398,187,292,141,547,241,351,179,307,258,161,340,124,203,169,320,299,269,318,176,1191,252,223,227,198,175,233,977,168,544,483,308,356,197,156,171,154,178,298,284,1108,175,125,145,274,194,223,124,300,328,239,111,298,105,192,185,340,206,435,0,178,146,316,607,0,459,186,402,265,384
1948,240,133,166,204,187,266,884,274,247,136,339,132,524,281,182,391,139,128,316,158,195,271,141,200,143,155,396,186,291,139,547,241,351,178,306,257,159,340,121,202,168,320,300,269,316,176,1188,250,223,226,197,174,232,971,168,541,477,307,354,196,154,171,154,178,297,283,1103,175,124,144,274,194,222,124,293,327,239,109,296,105,191,184,337,206,435,0,178,146,314,605,0,456,186,401,262,382
1949,239,133,166,203,187,265,881,271,247,135,338,131,522,280,180,389,136,128,314,156,193,271,141,201,140,155,395,184,291,139,546,240,350,178,304,257,157,338,121,200,167,319,300,269,315,176,1186,250,221,225,195,174,230,969,167,538,476,307,354,194,154,170,152,178,297,282,1102,174,123,143,273,193,218,124,294,324,239,105,296,105,190,183,335,206,434,0,177,144,312,602,0,456,185,396,261,381
1950,239,133,166,202,186,262,879,271,245,135,336,131,521,277,180,388,136,128,312,154,190,270,140,201,139,154,393,182,290,139,544,238,349,175,302,254,156,336,121,200,167,318,298,269,314,176,1186,244,221,224,195,173,229,967,166,537,475,307,352,192,154,170,152,178,295,281,1102,172,123,141,273,189,218,124,291,322,238,105,296,105,189,179,332,204,432,0,176,141,311,599,0,456,185,396,259,380
1951,240,133,165,201,187,261,874,270,242,135,335,130,519,276,178,386,135,128,310,153,188,270,140,201,139,151,389,181,288,139,542,238,347,174,301,249,155,333,121,197,165,317,297,269,313,175,1186,243,221,220,195,172,229,965,166,534,475,306,349,191,153,170,151,175,294,277,1098,172,123,141,270,189,218,123,289,320,238,105,294,105,189,177,331,202,431,0,175,140,312,595,0,455,184,396,257,380
1952,237,132,164,201,187,258,872,268,240,134,332,130,516,275,177,383,134,127,308,152,187,269,140,199,138,150,388,181,286,138,539,234,347,174,298,247,152,333,121,196,164,318,294,268,311,174,1188,243,219,219,192,172,227,959,165,527,472,305,346,190,152,170,150,175,294,277,1098,172,121,139,267,185,218,122,289,319,238,104,293,105,187,177,330,201,431,0,175,139,310,593,0,455,183,394,258,379
1953,236,132,164,201,187,258,869,267,240,134,332,128,513,275,175,382,134,126,307,151,187,268,140,198,136,150,385,181,286,137,538,232,346,173,297,245,152,329,120,195,164,319,290,265,311,174,1187,241,217,218,190,171,227,957,163,526,470,303,346,188,152,170,150,175,292,273,1096,171,120,139,266,183,216,120,287,317,237,104,292,106,186,176,328,198,428,0,175,138,310,591,0,451,182,392,258,374
1954,236,130,162,199,187,259,869,267,239,133,332,128,511,275,175,378,134,125,307,150,187,266,140,197,136,150,384,179,285,137,536,231,344,173,296,244,152,326,120,194,164,318,288,263,308,174,1186,240,217,215,188,171,226,950,162,526,469,300,343,187,150,170,150,174,290,271,1095,169,120,139,265,182,214,120,287,315,237,104,291,106,186,176,325,198,427,0,175,138,309,589,0,452,182,390,252,369
1955,233,129,161,199,186,258,864,264,239,132,330,126,510,273,175,374,134,125,305,150,187,262,137,195,136,150,383,179,284,135,535,228,342,173,295,243,152,326,119,193,162,317,288,260,306,174,1188,238,216,213,188,171,225,948,161,524,470,298,341,185,148,170,149,174,287,271,1094,168,121,139,264,181,213,120,286,315,235,104,290,106,186,176,324,196,425,0,172,138,306,585,0,451,180,387,252,365
1956,229,129,159,198,182,257,861,260,238,132,328,125,508,274,174,375,132,124,301,150,187,262,136,192,135,149,381,178,283,135,535,228,342,171,293,243,151,325,119,193,162,315,285,258,304,174,1190,237,213,212,188,171,225,944,161,522,469,295,340,184,146,167,148,174,284,271,1089,166,120,139,263,178,211,120,286,315,235,104,285,105,186,176,322,195,424,0,171,137,306,584,0,450,180,381,252,363
1957,227,128,159,198,180,257,862,259,237,130,327,125,506,274,174,375,133,124,300,150,186,261,136,189,135,148,380,178,283,135,531,227,338,170,292,243,150,324,119,192,162,315,285,253,303,174,1188,236,213,211,188,170,225,940,160,520,468,293,337,184,146,166,148,174,284,270,1088,164,119,137,263,178,209,119,286,314,235,104,284,103,186,174,322,194,423,0,169,137,302,581,0,447,179,379,251,358
1958,226,126,159,197,180,256,862,259,236,130,324,123,505,272,174,370,132,124,297,150,183,259,135,188,134,147,379,176,282,133,529,225,333,170,292,237,150,322,119,191,160,314,283,253,302,173,1186,234,213,211,188,169,224,935,160,520,462,288,337,183,146,166,148,173,284,269,1088,162,119,137,261,177,208,118,285,314,234,102,282,103,186,173,319,194,421,0,168,135,301,578,0,441,178,376,248,357
1959,225,125,159,196,180,253,860,259,236,129,322,122,501,270,175,369,131,124,296,148,183,257,134,186,134,145,378,176,277,133,527,223,331,169,290,236,148,319,119,190,159,314,283,252,298,173,1185,234,211,211,188,168,224,929,160,517,459,287,337,182,146,166,148,173,283,267,1087,161,118,137,261,177,207,118,283,312,233,102,282,102,184,172,318,194,419,0,166,134,300,577,0,440,177,373,247,355
1960,223,125,159,196,180,251,858,258,236,128,321,122,497,267,174,369,129,123,295,147,183,257,133,186,134,143,376,175,275,133,525,220,330,168,290,234,147,318,118,188,157,314,282,252,296,172,1189,235,211,211,186,168,223,926,159,515,455,286,336,181,145,164,148,173,282,266,1084,161,118,136,261,175,205,118,282,311,233,102,280,102,182,169,315,194,418,0,166,134,298,576,0,435,176,370,246,352
1961,222,125,159,195,179,249,855,257,236,125,321,121,496,264,172,368,129,123,294,147,182,256,132,186,134,143,376,174,274,134,522,215,328,169,290,234,145,317,117,187,157,315,281,252,294,172,1185,235,211,211,185,168,219,923,157,512,454,284,334,181,146,161,148,172,282,266,1078,158,116,136,261,175,204,117,280,310,231,102,278,101,182,167,311,194,417,0,165,133,296,574,0,433,176,370,245,351
1962,221,125,158,195,179,249,853,257,235,124,316,121,495,263,169,366,129,123,291,145,182,256,129,185,132,141,374,174,272,133,522,214,328,166,288,233,145,314,116,187,157,313,280,252,292,170,1185,233,211,211,184,168,218,918,157,509,453,284,334,178,145,161,149,170,278,265,1075,158,115,136,258,171,204,117,277,307,231,101,277,101,181,166,309,193,415,0,165,132,294,573,0,429,174,363,245,348
1963,220,123,157,194,179,247,849,256,235,122,313,120,494,263,168,365,127,122,290,145,182,254,128,184,130,141,371,171,272,132,518,213,328,166,285,232,145,309,114,187,155,313,279,250,291,170,1188,230,212,210,184,168,218,917,153,506,453,281,333,177,144,161,147,169,277,263,1072,157,115,134,257,169,203,117,276,306,231,101,273,101,181,166,307,190,414,0,164,132,291,569,0,428,174,362,243,345
1964,220,123,157,193,179,247,847,250,234,122,311,120,492,259,168,365,127,122,290,145,181,251,128,183,130,141,370,171,272,132,514,211,325,165,283,232,144,308,112,186,155,313,279,249,291,168,1188,229,211,209,184,169,218,917,151,508,449,277,333,174,143,160,146,169,274,263,1071,155,115,133,255,169,201,116,276,303,231,100,272,101,180,166,305,190,410,0,161,130,289,569,0,424,172,361,242,343
1965,217,122,156,193,178,246,843,248,233,122,310,120,491,258,168,364,126,122,290,144,181,250,128,182,129,140,370,168,270,132,513,211,321,164,281,232,144,308,113,184,154,311,278,249,290,166,1187,228,210,208,183,167,214,913,150,504,447,272,333,174,142,160,144,169,274,262,1069,155,115,133,253,168,201,116,276,301,230,100,271,101,180,165,299,191,406,0,161,129,289,567,0,423,170,361,240,342
1966,217,122,155,192,178,245,838,247,233,122,310,120,489,256,168,361,124,120,289,144,180,248,127,182,129,140,367,167,268,132,511,211,318,162,280,229,143,308,113,183,154,308,278,249,289,165,1188,227,210,208,183,167,213,912,149,503,445,270,334,174,142,159,144,168,273,262,1067,154,114,133,251,167,201,114,276,300,227,100,269,101,178,165,298,190,403,0,161,128,289,566,0,422,169,359,237,338
1967,217,120,155,190,177,244,834,247,233,122,309,120,484,255,167,360,123,120,288,144,180,248,126,182,127,139,365,167,267,132,506,211,318,162,278,228,142,308,112,183,153,305,277,248,289,165,1187,226,210,208,183,166,213,912,149,500,444,267,332,173,142,159,141,168,273,262,1067,154,114,133,251,167,199,113,273,300,226,100,265,101,177,165,298,187,402,0,161,127,287,562,0,421,168,357,235,336
1968,217,120,155,190,175,243,832,246,232,122,307,119,482,255,165,359,121,120,286,143,180,247,125,180,127,138,362,167,267,132,505,211,317,160,277,227,142,305,111,181,152,303,275,247,289,164,1186,224,210,206,183,166,212,910,147,500,441,265,330,173,141,158,141,168,273,260,1062,153,114,132,250,167,198,112,273,299,224,99,263,101,177,164,297,187,399,0,160,126,286,562,0,419,168,356,234,334
1969,216,118,154,187,175,244,831,245,230,122,304,118,483,254,164,357,119,120,283,140,178,246,124,177,126,136,362,166,266,131,502,209,317,160,276,227,141,304,110,179,150,302,274,245,285,164,1186,223,210,206,184,165,212,909,147,500,440,265,330,172,141,158,140,167,271,258,1064,152,112,131,248,167,196,111,272,298,225,98,263,100,176,164,295,187,398,0,160,126,285,560,0,417,168,351,228,332
1970,214,118,152,186,174,242,829,244,228,122,303,118,482,251,163,356,118,119,281,139,176,244,123,176,126,135,361,166,263,131,502,209,316,158,271,226,139,304,110,178,150,300,274,244,284,163,1188,222,210,206,181,164,211,909,147,499,440,265,328,172,141,155,139,165,270,258,1067,150,112,130,246,166,194,110,268,298,223,97,262,100,175,163,295,187,396,0,160,125,284,557,0,411,168,348,228,330
1971,214,118,151,184,173,241,827,242,228,122,297,117,481,249,163,356,116,119,281,137,175,243,123,176,125,133,361,164,261,130,502,208,314,156,269,225,139,303,110,176,149,297,273,244,281,162,1186,222,209,206,181,164,209,907,145,497,438,263,328,172,141,155,139,165,269,257,1064,149,112,131,243,166,195,110,265,297,221,97,262,100,175,163,295,187,393,0,160,125,283,558,0,409,168,346,225,330
1972,212,117,150,183,172,241,826,240,226,122,297,117,477,246,163,353,115,119,279,136,173,241,123,175,124,133,357,164,260,130,500,205,314,155,269,222,139,302,110,176,149,296,272,244,281,161,1182,223,208,204,180,164,206,905,145,494,437,262,326,169,141,154,138,165,269,257,1059,146,111,130,242,165,193,110,264,296,220,96,262,100,173,162,295,186,392,0,159,125,283,553,0,408,168,343,223,329
1973,208,117,150,183,171,240,823,239,226,121,297,116,475,246,163,351,114,117,279,135,173,240,123,174,124,131,356,164,260,129,496,205,314,155,268,221,138,301,109,174,148,294,271,243,281,160,1179,222,205,203,180,163,204,901,144,492,435,264,324,170,140,153,138,165,268,255,1057,145,111,130,242,166,191,110,263,295,219,96,261,99,173,161,291,185,389,0,158,123,281,549,0,407,166,344,221,327
1974,204,116,150,182,170,239,818,239,225,121,296,115,474,246,163,348,114,116,279,134,172,240,123,173,122,131,355,164,257,129,496,203,312,154,268,219,137,300,108,174,147,293,268,243,279,159,1178,222,204,200,178,161,203,899,143,486,433,264,320,170,139,153,138,164,265,254,1056,144,111,130,241,165,190,110,262,295,218,96,260,98,172,159,291,185,389,0,157,122,279,546,0,406,165,342,221,326
1975,204,116,150,182,170,236,815,238,224,121,295,115,469,243,162,347,114,116,279,132,171,240,123,172,121,132,353,163,255,129,495,202,310,153,268,220,137,298,108,174,145,291,268,241,278,158,1172,221,203,200,176,159,202,897,143,482,432,261,320,169,138,151,137,164,265,253,1051,144,111,130,238,164,190,110,262,293,218,95,259,98,170,158,291,184,387,0,157,120,279,546,0,406,164,338,218,324
1976,202,114,148,182,168,236,812,234,224,120,293,114,468,239,160,343,114,115,278,130,170,238,123,172,122,132,352,162,254,125,493,201,309,152,268,219,134,297,107,174,145,291,266,240,275,157,1171,221,201,200,173,159,202,897,143,479,431,260,319,169,138,150,136,162,264,252,1048,144,111,130,237,163,188,109,261,293,217,93,258,97,169,155,290,184,381,0,157,120,279,545,0,406,164,334,217,323
1977,202,112,146,180,167,236,809,233,224,120,291,113,465,239,159,341,113,114,276,130,168,235,122,172,121,129,351,163,253,125,488,201,307,150,267,216,133,296,107,173,145,286,265,239,275,156,1168,220,200,199,173,158,201,893,142,475,428,260,318,169,137,149,135,161,264,251,1043,144,111,129,236,161,187,109,261,291,217,93,257,97,167,154,289,184,379,0,156,120,277,540,0,402,164,331,215,321
1978,202,112,146,180,168,233,808,231,223,119,291,112,463,238,159,338,110,114,275,130,168,235,122,171,120,128,350,163,252,124,487,200,306,150,267,214,131,296,107,172,145,285,265,238,272,156,1171,219,201,197,171,156,201,891,141,474,429,260,315,168,137,149,135,161,263,251,1038,144,109,129,231,159,185,106,260,288,215,92,256,97,166,153,289,183,379,0,155,119,275,539,0,400,159,331,215,320
1979,201,112,146,180,167,233,804,230,222,119,289,110,461,237,158,337,109,114,275,128,167,234,122,171,119,128,349,162,250,124,487,199,304,150,265,212,128,296,107,172,144,283,263,237,270,154,1170,218,201,197,171,156,199,889,141,472,424,258,312,168,136,147,135,161,263,249,1039,144,109,127,229,158,183,105,260,287,213,89,254,97,165,150,287,181,376,0,155,119,273,537,0,399,158,330,211,317
1980,199,112,145,179,165,231,804,229,221,119,286,110,457,234,158,337,109,114,274,128,167,232,122,167,118,126,347,159,249,124,484,199,302,151,264,209,128,295,107,171,144,282,260,236,264,153,1169,217,200,196,171,156,197,882,141,470,422,255,311,167,136,144,133,161,261,247,1033,143,107,125,227,157,182,105,256,287,211,88,254,96,164,149,286,180,374,0,155,119,270,535,0,398,158,327,208,316
1981,199,112,144,177,165,229,801,227,220,117,286,109,455,232,154,337,109,114,273,127,166,232,122,167,118,126,347,158,244,125,483,198,301,150,262,208,127,294,107,169,144,281,259,236,264,152,1170,216,200,195,170,156,196,880,140,468,420,255,310,166,136,143,133,160,259,247,1027,141,107,125,227,156,181,105,255,287,211,88,253,96,161,148,283,178,372,0,155,119,267,536,0,398,158,324,207,313
1982,199,112,142,176,165,229,801,224,220,116,282,109,453,231,152,335,109,114,273,127,166,229,121,164,118,126,345,157,242,125,483,197,298,150,261,208,126,293,107,168,144,281,257,233,262,152,1176,216,199,195,169,156,195,881,139,467,418,251,308,163,136,142,132,158,258,247,1023,140,107,125,226,153,179,104,254,285,211,87,251,96,161,148,282,177,367,0,154,119,265,535,0,395,158,323,205,313
1983,198,110,142,176,164,227,798,220,219,115,282,109,454,231,151,335,108,114,272,127,165,228,120,163,117,123,344,156,240,123,479,196,297,149,257,206,126,292,107,168,143,281,255,232,260,151,1176,215,199,194,169,156,194,876,139,466,414,250,307,163,135,142,131,157,258,245,1018,140,105,123,225,152,179,103,253,283,211,87,248,96,161,146,282,177,365,0,153,119,262,534,0,393,158,321,203,312
1984,196,110,142,175,164,227,793,217,219,114,279,109,449,230,151,332,107,114,273,125,164,228,119,162,116,123,342,156,240,122,477,196,297,148,257,205,124,289,107,168,141,280,254,231,259,150,1173,215,198,194,169,155,194,871,139,465,413,248,307,163,134,142,131,153,257,242,1018,140,105,123,225,151,178,102,252,282,209,86,246,96,161,146,280,176,365,0,153,117,261,533,0,388,155,322,201,311
1985,197,110,141,175,164,222,791,215,219,114,278,108,446,229,148,332,106,113,272,124,162,227,119,162,116,123,342,156,238,122,476,196,294,147,257,203,124,287,107,166,139,278,253,230,258,149,1172,213,198,193,169,155,194,866,139,465,414,248,307,162,134,142,130,153,253,241,1018,139,105,123,224,150,178,99,252,277,206,85,246,96,161,143,280,176,363,0,151,117,260,529,0,385,154,320,200,311
1986,196,110,140,175,162,221,787,214,219,113,277,108,443,228,147,331,106,113,271,122,161,227,118,160,116,122,340,155,236,122,475,196,293,147,256,200,123,286,107,166,139,276,251,230,257,148,1171,212,196,193,168,155,194,866,137,463,411,246,305,162,133,142,128,153,252,240,1015,139,105,121,224,150,176,99,252,277,205,84,246,96,161,143,280,174,361,0,151,116,259,526,0,384,153,320,198,311
1987,196,109,140,175,161,220,783,212,219,113,276,108,441,225,147,329,105,113,269,122,160,224,118,160,116,121,337,153,235,121,471,194,291,147,255,200,121,286,107,164,138,274,250,230,256,147,1168,210,194,189,168,154,191,860,137,462,411,245,304,162,130,141,127,152,251,240,1011,139,103,121,224,150,175,98,252,277,204,83,244,96,160,143,280,171,360,0,150,116,259,525,0,384,151,320,193,309
1988,195,107,139,175,161,218,780,209,216,113,276,108,438,221,146,329,105,112,267,122,160,224,116,160,116,121,334,153,235,121,470,193,290,144,255,198,119,286,106,163,136,273,248,227,256,147,1167,210,193,187,168,154,190,859,135,460,411,243,302,162,129,140,126,152,250,239,1010,138,103,121,223,149,174,97,250,272,204,83,242,96,160,143,278,171,354,0,148,114,258,524,0,382,150,318,192,306
1989,193,107,138,175,160,217,777,208,215,112,274,108,436,219,144,327,105,112,265,122,159,221,114,160,116,120,331,152,234,121,470,192,289,143,254,197,118,283,105,162,135,272,246,225,254,145,1166,209,193,185,167,152,190,860,134,459,404,241,299,162,129,139,126,151,249,237,1006,137,102,120,220,147,172,96,249,271,204,81,241,96,160,141,274,168,354,0,148,114,257,519,0,381,149,318,191,304
1990,192,107,138,174,156,217,775,207,212,112,269,108,431,216,142,322,105,110,262,121,159,219,112,160,115,119,330,152,233,120,469,191,288,143,252,197,115,281,105,161,134,271,245,225,254,142,1167,209,193,185,166,151,190,856,134,460,403,241,299,162,126,139,125,145,248,235,1005,137,102,120,219,146,169,96,249,269,204,80,240,95,160,140,271,168,353,0,147,114,251,518,0,378,148,316,191,303
1991,192,106,138,173,155,215,768,207,210,111,265,107,431,217,142,320,105,110,262,121,158,219,112,158,113,118,328,151,232,117,467,190,288,142,252,196,115,281,104,161,134,270,244,222,254,139,1164,207,193,184,166,151,191,854,134,458,402,240,299,160,124,137,123,144,246,234,1004,136,101,119,219,146,167,96,247,267,204,80,238,95,160,140,269,168,352,0,146,113,250,516,0,376,147,314,190,301
1992,191,106,137,173,154,214,768,205,209,110,264,106,429,216,141,320,104,109,260,121,158,218,112,158,113,118,327,151,231,117,465,189,287,141,251,195,114,280,104,161,133,267,244,221,254,139,1163,206,193,184,165,147,191,852,134,451,400,240,298,158,123,137,123,143,245,231,1005,135,99,119,219,146,167,96,245,265,203,79,238,95,159,138,268,168,352,0,146,113,248,513,0,374,146,312,190,300
1993,191,106,136,172,154,214,765,203,210,109,263,105,425,216,140,316,103,108,258,120,158,218,112,157,111,117,326,150,231,116,465,188,282,140,249,194,114,278,104,158,133,264,244,220,254,139,1160,204,191,184,163,147,191,846,133,449,399,239,297,157,122,137,122,143,244,230,1004,135,97,119,218,145,166,96,244,264,203,78,237,93,157,138,266,167,351,0,144,112,248,511,0,374,144,309,190,299
1994,190,106,134,171,153,214,762,203,210,108,260,105,423,216,140,315,103,108,255,120,157,215,110,156,110,117,324,150,231,116,462,185,282,139,248,193,113,276,104,156,132,263,244,218,253,139,1161,202,190,184,163,147,190,842,133,449,399,236,297,157,120,135,122,141,243,230,1001,135,96,118,217,145,166,96,244,263,202,76,235,93,157,138,262,165,351,0,144,112,247,509,0,374,144,307,187,296
1995,189,105,134,171,152,213,757,202,208,108,257,104,422,213,140,314,103,106,254,120,157,215,110,156,110,117,324,150,229,114,458,184,282,139,247,193,113,275,103,156,132,261,243,217,251,139,1161,201,189,184,162,146,189,843,133,444,398,236,292,156,118,135,122,140,242,230,999,135,95,117,216,144,165,96,243,261,202,76,233,93,157,138,262,165,350,0,143,112,246,509,0,372,144,306,187,295
1996,189,105,134,171,152,211,751,202,208,108,254,104,418,213,140,313,103,104,254,119,156,214,110,153,109,117,322,149,227,113,455,184,281,138,246,193,112,274,103,156,132,258,241,216,251,138,1159,201,188,184,161,144,187,842,132,442,398,235,289,155,115,135,122,140,242,229,999,134,95,117,214,142,165,96,241,260,201,76,229,92,157,137,262,165,350,0,142,110,243,507,0,374,144,306,187,293
1997,187,105,134,170,150,211,745,202,208,107,250,104,417,211,139,310,103,104,253,119,156,213,110,153,109,115,317,149,226,113,453,182,280,138,246,192,111,273,103,155,132,256,240,215,247,136,1158,201,187,183,160,144,187,841,132,441,395,235,288,154,115,135,121,139,238,227,990,134,94,116,214,142,163,95,240,258,201,76,229,92,156,137,259,165,348,0,140,110,242,503,0,373,144,304,187,292
1998,186,105,133,169,150,210,740,201,208,107,248,100,417,208,139,309,103,102,253,119,156,210,109,153,109,115,314,149,223,113,451,181,278,138,246,191,111,273,103,155,132,255,240,215,245,136,1162,200,185,183,160,144,186,836,132,441,394,233,286,150,114,135,121,138,237,224,990,134,94,116,214,142,163,95,239,258,199,76,229,91,156,136,260,164,347,0,140,110,240,502,0,370,143,300,184,290
1999,183,104,130,170,150,207,735,199,207,107,245,99,416,208,139,308,103,101,253,119,156,210,109,153,109,114,311,148,222,112,449,180,278,138,245,190,109,272,102,155,132,255,239,215,243,135,1157,199,183,181,158,144,183,831,132,437,393,230,286,150,114,135,119,138,236,222,988,134,93,117,213,142,162,95,237,258,198,76,229,91,153,136,260,162,346,0,140,110,237,500,0,369,142,298,184,289
2000,182,102,130,170,150,206,730,199,206,107,243,98,415,208,139,308,102,99,253,118,154,209,109,153,109,114,311,148,222,112,448,180,277,135,245,190,108,271,102,155,132,253,237,215,241,135,1153,199,182,179,156,143,183,830,132,435,392,230,283,149,112,134,118,138,236,222,984,132,91,117,212,142,161,94,235,257,198,75,227,91,153,135,260,161,343,0,136,110,234,499,0,368,141,296,183,288
2001,180,101,130,168,150,203,726,197,203,106,243,98,412,208,139,305,102,99,251,118,152,205,108,154,108,114,307,148,221,112,446,180,275,134,244,187,108,269,102,155,132,252,236,214,240,135,1153,198,182,179,156,141,183,826,131,433,392,229,281,148,110,133,118,138,237,222,977,130,91,117,210,142,160,94,234,255,197,75,227,91,152,135,258,160,341,0,133,109,233,499,0,368,139,296,179,287
2002,179,101,128,168,149,203,722,197,201,106,240,98,409,207,139,305,101,99,249,117,151,204,107,153,107,114,304,147,221,112,445,180,275,134,243,186,108,268,101,154,131,251,236,214,239,135,1151,198,178,179,156,140,183,828,131,430,390,228,281,148,109,132,118,137,237,220,974,129,90,115,210,140,160,92,233,253,196,75,227,91,150,134,258,159,339,0,133,108,231,498,0,367,139,294,176,286
2003,178,101,127,166,147,200,718,196,199,106,236,97,406,207,139,303,100,99,247,115,150,203,107,152,107,113,302,147,219,112,442,176,275,134,242,185,107,268,100,154,128,251,233,213,237,135,1150,198,178,178,155,140,181,821,131,427,386,226,281,148,109,132,117,134,236,220,970,128,90,114,210,140,160,90,232,254,195,75,225,91,150,134,255,159,338,0,130,108,230,498,0,365,138,293,175,286
2004,177,100,125,165,146,198,716,194,198,104,235,97,401,204,139,300,100,99,245,114,150,203,107,152,107,112,301,147,217,111,441,175,274,133,240,185,107,268,100,153,126,249,231,211,237,135,1151,197,178,179,153,140,181,817,131,424,386,224,281,147,109,132,117,134,234,218,966,126,90,113,208,140,158,90,230,254,195,73,223,91,149,134,254,159,338,0,130,108,229,496,0,363,138,293,173,286
2005,176,100,125,164,143,197,712,193,195,102,235,95,400,203,138,299,100,98,245,114,150,201,106,148,107,112,301,147,217,111,441,174,271,133,240,185,105,266,99,153,124,249,230,209,235,134,1148,195,177,179,151,140,181,818,131,421,384,225,282,144,107,131,116,133,231,217,962,126,88,112,206,138,158,87,229,253,194,72,222,90,146,133,253,157,337,0,129,107,229,492,0,361,138,292,173,285
2006,175,100,121,163,143,195,711,193,194,102,234,94,401,202,138,298,99,97,245,111,150,201,104,147,105,111,300,146,215,111,436,173,271,133,237,184,104,263,98,151,124,248,228,209,233,134,1149,195,177,177,151,138,181,815,131,420,385,224,280,140,107,130,115,132,230,217,959,125,88,112,204,137,157,86,228,252,193,72,221,89,145,133,253,156,336,0,129,106,226,492,0,360,138,291,173,285
2007,173,99,119,161,141,195,707,191,193,101,233,94,399,200,138,296,99,96,243,110,149,201,104,147,105,111,295,144,214,111,432,172,271,133,235,184,104,262,98,150,124,248,228,209,233,131,1149,194,176,177,151,138,180,814,130,419,381,224,280,139,107,130,114,132,229,217,957,125,87,111,204,136,155,85,228,252,192,72,221,89,143,133,252,156,336,0,129,105,225,492,0,358,137,289,172,285
2008,170,99,119,160,140,195,708,190,192,100,232,94,398,200,137,295,98,96,241,110,147,201,104,145,103,111,296,143,212,111,431,171,269,133,235,183,104,260,98,148,123,244,226,209,233,131,1147,194,176,176,148,136,180,809,129,416,382,222,277,139,106,130,114,130,226,216,956,124,87,111,203,135,153,85,227,250,192,72,219,89,140,133,250,155,335,0,128,105,223,490,0,353,133,289,171,284
2009,169,99,119,160,140,193,703,190,191,99,231,94,395,197,137,294,97,95,240,110,147,199,102,144,102,111,295,143,212,110,427,171,268,133,235,183,101,260,98,146,122,242,225,208,231,131,1144,193,175,176,147,135,177,807,127,415,380,222,274,139,105,129,114,130,223,214,954,123,86,110,203,134,152,84,225,248,191,71,219,89,138,133,247,153,333,0,128,105,222,487,0,350,132,287,170,282
2010,168,99,118,159,140,193,701,190,191,98,229,94,394,196,136,292,96,95,239,110,147,199,102,144,102,111,294,143,212,110,426,169,267,132,234,182,101,257,97,146,122,241,225,207,228,131,1142,193,174,176,144,134,176,800,127,413,378,221,272,139,104,128,114,129,223,213,949,123,84,109,203,134,151,83,223,244,191,70,219,87,138,131,246,153,333,0,127,104,219,486,0,349,132,286,169,281
2011,165,98,117,159,139,193,702,190,189,97,226,92,394,195,135,291,96,95,239,110,146,198,102,143,101,111,292,142,209,110,424,169,263,132,233,182,100,255,96,145,122,241,223,206,228,131,1139,192,172,175,144,134,176,798,127,412,377,219,270,139,104,128,113,129,221,213,947,119,84,108,202,134,151,82,221,240,189,70,218,87,138,130,245,150,331,0,125,104,217,486,0,347,132,284,169,280
2012,165,98,117,156,138,193,700,186,186,97,225,91,392,194,135,290,96,95,239,110,146,195,102,142,101,110,290,141,205,110,424,169,261,132,233,182,100,255,95,144,122,240,223,204,228,130,1141,190,169,173,144,133,175,796,127,409,375,219,270,138,104,128,111,129,217,211,948,119,84,108,201,133,150,82,217,239,188,70,217,86,137,130,244,150,331,0,125,104,215,483,0,346,132,282,167,280
2013,165,98,117,156,138,193,699,184,185,96,225,91,390,192,134,290,96,95,239,110,146,194,102,141,101,109,287,139,203,110,422,169,261,130,231,182,99,253,94,144,122,238,221,203,228,130,1140,189,168,172,143,130,174,795,127,409,375,216,267,138,104,127,110,127,217,210,949,118,82,108,200,133,149,82,215,239,187,70,216,85,136,129,244,150,330,0,123,103,214,481,0,342,132,282,166,279
2014,165,98,117,155,138,193,697,184,183,96,225,91,388,191,131,290,96,94,238,110,145,192,102,141,100,109,284,138,202,110,420,169,257,130,231,180,99,252,94,144,121,235,218,202,226,128,1140,189,168,171,143,128,174,792,127,406,371,217,265,138,104,126,109,126,217,207,947,118,81,107,200,133,149,82,213,238,185,69,215,85,136,129,242,150,330,0,122,102,213,479,0,340,132,280,166,278
2015,165,98,116,154,138,192,693,182,181,96,224,91,388,189,129,290,95,94,237,110,143,190,101,140,100,109,283,136,202,110,417,169,256,129,229,180,99,251,94,143,120,233,217,201,225,128,1137,188,168,170,142,127,174,789,128,404,368,217,263,138,104,126,108,126,215,206,945,118,81,106,199,131,149,82,210,238,185,69,215,84,136,128,241,150,328,0,122,102,212,476,0,338,132,278,166,276
2016,165,98,115,153,138,188,691,179,178,96,223,90,385,188,129,289,95,93,236,110,143,189,101,139,100,109,281,136,201,110,414,168,256,126,227,180,98,249,93,140,119,230,217,201,223,128,1137,187,167,170,141,127,174,788,128,403,367,215,259,136,104,126,106,125,213,205,944,118,81,106,199,130,147,82,209,236,185,68,211,83,135,128,241,150,328,0,121,99,211,471,0,336,132,276,163,273
2017,165,97,115,151,137,188,688,179,178,96,222,90,383,188,129,289,94,93,235,110,143,187,101,139,100,108,280,134,200,109,412,167,255,125,226,180,98,249,92,140,117,228,216,200,221,128,1132,186,167,170,140,126,174,786,128,402,365,213,258,134,102,125,106,124,212,204,942,118,81,105,199,129,147,82,208,235,185,67,209,83,134,128,237,150,327,0,120,99,208,470,0,334,131,275,164,273
2018,164,96,115,149,136,187,688,179,176,96,222,89,381,188,128,289,94,93,232,110,143,186,100,139,100,106,280,131,199,108,409,166,252,123,226,179,98,245,92,140,117,227,213,200,220,128,1129,185,167,169,140,126,174,784,128,401,363,211,257,134,102,125,105,124,212,203,940,117,81,104,198,128,147,82,207,233,185,67,209,83,134,128,235,150,325,0,119,97,205,468,0,334,131,272,161,270
2019,164,95,111,149,135,185,682,179,174,95,222,89,379,186,128,288,94,93,233,109,142,185,100,139,100,106,280,130,198,107,405,166,252,123,226,179,98,240,91,139,117,225,213,199,220,127,1128,184,166,169,139,125,174,783,127,399,362,211,258,133,101,125,105,121,211,203,937,117,80,104,198,128,145,82,206,231,183,66,208,83,133,126,234,146,323,0,119,96,205,463,0,333,130,270,161,270
2020,162,94,111,149,133,185,680,178,174,95,221,89,376,186,128,288,92,91,232,109,142,182,100,139,100,105,281,129,197,107,403,166,252,123,225,179,97,239,91,139,115,225,213,199,219,126,1126,183,166,167,139,124,172,779,127,398,362,211,258,133,101,124,104,121,210,201,936,115,79,104,195,128,145,81,205,230,180,66,205,83,133,124,231,146,322,0,119,96,201,462,0,330,130,269,161,269
2021,159,94,111,149,132,185,679,178,174,95,221,89,375,186,127,283,91,90,232,109,140,179,100,138,100,104,280,129,197,106,403,165,251,123,222,179,96,239,91,139,113,222,212,198,219,124,1127,183,164,167,139,123,172,778,126,396,358,211,256,132,101,122,103,121,209,199,932,114,78,104,193,128,145,81,204,224,180,66,203,83,132,124,230,146,320,0,119,96,200,460,0,325,130,268,161,267
2022,159,94,110,149,132,183,679,178,173,95,220,89,372,185,127,285,91,90,231,109,140,178,100,136,100,104,273,128,197,104,404,165,250,123,222,178,94,239,91,137,112,220,212,195,220,123,1127,180,163,166,139,122,169,773,125,393,356,210,255,131,100,122,103,121,207,198,928,114,77,103,191,128,143,80,205,224,180,66,204,83,131,124,229,146,319,0,118,94,198,456,0,324,130,266,160,266
2023,158,94,110,146,133,182,676,177,172,93,219,88,369,185,127,284,91,90,230,108,140,178,100,134,100,104,270,129,197,104,401,165,249,122,221,178,94,236,90,136,112,216,211,195,220,123,1125,179,162,165,139,122,165,771,124,392,352,210,252,130,99,122,102,121,207,198,925,114,77,103,188,127,142,79,205,224,179,64,202,83,130,124,228,146,316,0,116,92,198,452,0,324,129,265,160,264
2024,158,93,109,146,131,181,673,175,170,92,218,86,368,185,125,282,91,89,229,108,139,176,100,134,100,103,269,129,197,104,398,164,248,121,218,177,94,234,90,135,112,214,209,193,219,123,1124,179,162,165,137,122,164,767,124,392,353,208,246,130,99,121,99,121,205,198,924,114,77,104,187,126,141,77,204,223,178,64,200,83,130,124,228,144,312,0,115,91,197,451,0,323,128,264,160,263
2025,158,91,109,146,130,181,669,175,169,91,218,86,367,183,124,281,91,89,227,107,137,173,99,132,100,102,265,129,195,104,396,162,246,121,217,177,94,233,90,134,112,213,209,193,218,123,1124,179,162,164,136,122,164,761,124,387,352,207,243,128,98,121,99,121,203,198,923,112,77,102,186,125,139,77,204,222,176,64,200,83,128,123,228,141,310,0,114,90,194,449,0,321,127,264,160,263
2026,158,89,109,146,129,181,667,175,169,91,217,85,366,182,123,279,91,89,227,107,137,172,99,131,100,101,263,129,194,103,395,161,243,121,213,176,93,230,90,134,111,212,209,191,218,121,1121,178,162,163,137,121,162,756,123,386,352,207,240,128,98,121,98,120,203,197,916,111,77,102,186,124,138,77,203,220,172,62,199,83,128,123,224,140,306,0,113,89,194,449,0,318,126,263,159,263
2027,158,89,109,146,127,180,666,175,169,90,217,85,365,182,123,279,90,89,225,107,136,170,98,129,100,101,261,129,194,103,395,158,241,121,213,175,93,227,90,133,110,211,207,190,217,121,1116,178,160,162,136,118,161,754,123,384,351,206,239,127,98,120,97,120,201,196,915,110,76,102,185,124,138,76,201,218,172,61,197,83,128,122,223,139,304,0,110,89,194,445,0,315,125,263,158,259
2028,157,88,109,144,126,175,665,175,169,90,216,84,364,182,122,278,89,89,224,107,136,168,98,129,100,101,260,129,193,103,390,157,238,120,210,175,93,225,88,133,110,210,206,190,216,121,1115,177,159,162,134,118,158,751,121,381,348,206,238,127,97,118,97,120,199,194,907,110,76,101,185,124,138,75,200,217,172,61,194,82,129,121,222,139,304,0,110,89,192,444,0,314,125,263,158,259
2029,156,88,108,142,124,173,661,174,167,90,215,84,361,180,121,276,89,89,224,107,136,168,98,129,100,101,259,129,192,103,389,158,237,120,210,173,93,225,88,132,109,208,204,190,215,121,1118,176,159,162,133,117,158,753,121,379,347,205,236,127,96,117,96,120,198,194,904,109,76,100,182,124,136,74,198,215,168,61,194,82,128,120,221,138,303,0,109,88,192,440,0,313,124,262,158,258
2030,154,88,106,139,124,171,659,172,166,90,212,84,359,180,121,276,89,88,222,107,135,167,96,127,98,101,258,129,191,103,389,157,236,120,208,170,93,223,88,130,107,208,202,190,215,121,1120,176,157,162,133,116,158,752,121,377,345,205,235,127,95,116,95,120,198,193,903,107,76,99,182,123,135,74,198,215,166,60,193,82,128,119,218,136,301,0,108,85,191,440,0,312,124,262,157,257
2031,154,87,106,134,124,171,662,170,165,89,211,84,354,179,121,274,88,88,222,106,133,165,95,126,97,98,257,129,189,103,384,157,236,120,207,170,93,223,88,129,107,207,201,190,214,118,1116,174,156,159,131,115,157,752,121,377,342,204,235,126,94,116,94,119,196,192,899,107,76,99,181,123,134,73,197,214,166,60,193,81,127,118,218,136,297,0,108,85,190,433,0,312,124,261,157,255
2032,154,87,106,133,124,171,658,168,165,88,210,82,354,179,121,272,86,87,222,106,133,164,95,126,96,97,257,129,188,103,384,157,234,119,207,169,93,222,87,127,107,205,201,189,214,118,1114,172,156,158,128,113,156,750,120,375,340,203,234,124,94,116,93,119,195,191,892,106,74,99,179,122,133,73,196,214,166,60,192,80,127,118,216,136,294,0,106,84,190,432,0,310,124,260,158,254
2033,154,86,105,132,123,170,657,167,163,87,209,82,352,179,121,269,86,87,222,106,133,163,95,124,96,96,254,127,188,102,383,157,234,118,206,167,93,222,87,126,107,204,197,189,211,118,1111,171,155,157,128,112,155,747,118,373,338,203,233,124,94,116,93,119,193,189,889,106,73,98,179,122,133,72,196,212,165,60,189,80,126,118,214,135,289,0,106,84,189,426,0,309,124,259,157,252
2034,153,85,104,132,122,169,658,164,161,87,208,81,352,177,121,269,86,87,222,106,132,161,95,123,96,95,254,125,188,102,380,156,234,118,204,167,92,222,86,126,106,204,197,188,209,118,1108,172,154,157,127,110,155,743,116,370,336,203,232,124,94,116,92,118,192,188,886,105,72,98,178,122,133,72,196,212,164,60,189,80,125,116,213,135,286,0,106,84,189,422,0,308,124,257,155,250
2035,151,84,104,132,121,169,654,163,160,87,208,81,350,177,120,267,85,87,221,106,132,161,95,123,95,95,252,124,188,102,377,155,232,118,203,167,92,222,86,125,106,203,195,186,209,117,1107,172,154,153,127,107,155,741,116,369,335,202,231,123,93,113,92,118,192,188,886,105,72,98,178,122,132,72,196,212,163,60,188,80,124,116,210,135,286,0,103,84,188,421,0,307,122,257,155,248
2036,150,84,103,131,120,169,653,162,160,87,207,81,350,177,120,267,84,87,220,105,131,160,93,122,95,95,251,124,188,101,375,155,231,118,202,164,92,221,86,125,106,202,194,186,209,117,1103,172,153,152,124,107,153,737,116,368,333,201,230,122,92,113,92,116,191,186,885,103,71,98,178,119,130,72,196,210,162,60,188,80,122,113,210,135,284,0,103,84,187,421,0,305,122,255,154,248
2037,148,84,103,129,120,168,649,161,160,87,207,81,348,177,120,264,83,87,219,104,130,159,93,122,95,95,250,124,185,101,373,153,228,118,201,162,92,219,86,124,106,200,193,185,206,116,1104,170,153,152,124,107,152,732,116,366,330,200,229,122,91,113,91,115,190,185,883,101,71,98,176,119,129,71,194,209,162,60,188,80,122,113,208,133,281,0,103,83,187,422,0,304,121,255,154,247
2038,146,84,103,126,119,168,645,160,158,85,207,81,341,177,120,264,83,87,216,104,128,159,93,122,94,95,248,124,184,101,374,153,227,118,201,162,91,218,86,124,106,200,192,185,206,116,1106,170,152,151,124,107,151,731,115,363,329,201,227,122,91,113,90,115,189,184,880,101,70,97,176,119,128,68,193,207,162,60,187,80,122,112,206,133,281,0,103,83,187,418,0,303,120,254,154,247
2039,144,84,102,124,119,167,641,159,158,84,207,81,340,176,118,261,82,86,212,102,126,159,93,122,94,95,246,124,184,101,372,152,225,116,201,162,91,218,85,124,105,199,191,184,206,116,1103,170,152,151,124,105,151,730,113,361,329,198,226,122,90,113,89,115,189,184,879,100,70,96,176,118,128,68,191,205,162,60,186,79,121,112,205,132,281,0,103,82,186,417,0,302,120,254,153,242
2040,144,84,102,124,118,166,640,159,158,84,206,81,340,176,117,261,80,85,210,101,126,158,93,122,92,94,244,123,183,101,371,152,224,112,201,162,89,217,85,122,105,197,191,184,204,116,1099,170,152,149,122,105,151,728,112,361,328,197,226,121,86,112,89,115,188,184,874,100,70,96,173,117,127,68,191,204,161,60,186,79,121,111,205,132,276,0,101,81,185,415,0,300,120,251,151,243
2041,144,83,102,124,118,166,639,158,156,83,202,81,340,173,114,260,80,85,210,100,126,157,93,122,89,93,244,123,180,101,369,152,224,112,199,162,89,216,84,122,105,197,191,184,203,116,1096,170,152,149,121,104,150,724,112,359,327,195,225,121,86,111,89,114,188,182,873,99,70,96,173,116,126,68,189,203,159,59,185,79,120,112,205,132,275,0,101,81,185,414,0,299,117,250,150,243
2042,142,82,102,123,118,166,636,156,156,83,199,80,340,172,113,257,79,84,209,98,126,156,92,122,87,92,242,122,180,101,365,151,222,112,197,161,88,215,84,122,103,196,190,183,203,115,1096,169,151,148,119,104,149,722,112,357,324,194,224,121,85,111,88,114,188,180,875,98,69,95,172,116,125,68,188,202,157,59,183,77,120,112,205,130,273,0,101,79,184,413,0,296,117,249,150,243
2043,142,82,101,122,118,165,637,156,154,83,197,80,338,171,112,256,79,83,208,98,126,156,92,122,87,90,240,122,179,100,364,151,222,112,197,160,88,214,82,120,103,196,190,183,203,114,1095,169,151,149,119,104,148,717,111,356,323,194,223,121,85,111,85,113,188,178,876,98,69,95,172,116,125,68,186,202,157,59,182,77,120,111,204,128,272,0,100,79,183,411,0,294,116,247,148,241
2044,142,82,99,122,118,165,634,154,153,83,197,79,336,169,112,256,79,82,208,98,125,155,92,120,86,89,239,122,178,100,361,149,222,112,196,160,88,213,82,119,103,195,189,180,202,114,1090,168,151,148,119,102,148,715,110,356,320,194,222,121,85,110,85,112,187,178,871,97,69,95,170,114,124,66,185,200,154,59,180,75,120,110,202,128,271,0,99,78,183,407,0,293,116,247,148,241
2045,141,82,98,121,117,164,634,153,153,82,197,78,334,169,111,254,79,82,208,98,125,154,92,120,85,89,238,122,177,99,360,149,221,112,194,160,86,212,82,119,103,195,189,179,201,112,1086,167,150,147,118,102,145,712,109,354,318,194,221,120,84,109,85,112,187,177,872,97,68,95,170,113,123,66,184,199,153,59,180,75,119,108,200,128,271,0,99,77,182,405,0,293,116,246,148,240
2046,140,82,96,121,117,161,633,152,153,81,195,77,333,167,110,252,78,82,208,97,124,154,91,120,85,87,238,122,177,98,358,148,221,111,194,160,86,211,82,118,103,194,188,178,200,112,1085,166,150,146,116,102,144,710,109,351,315,194,221,119,84,108,84,111,187,176,869,97,68,95,170,113,122,65,182,196,152,58,180,74,119,106,200,128,271,0,99,77,182,403,0,290,116,246,149,239
2047,140,82,96,121,116,161,630,151,152,81,195,77,330,167,109,251,78,82,204,97,123,153,90,120,85,87,238,122,176,97,356,147,221,111,192,159,85,209,81,118,103,192,188,176,200,112,1085,162,147,146,116,102,144,706,109,350,315,192,219,119,84,107,84,110,187,175,869,96,68,95,168,113,122,64,181,196,152,57,180,74,119,106,199,126,270,0,95,77,181,403,0,288,116,245,147,239
2048,140,82,96,121,116,162,628,150,153,79,191,77,329,167,108,249,77,81,200,96,122,151,90,118,85,87,236,121,174,97,350,143,221,111,191,158,84,208,81,118,101,188,187,176,200,112,1083,162,146,146,116,102,144,701,108,347,314,192,219,117,84,107,84,109,185,175,866,96,68,95,167,113,122,64,181,196,151,57,178,74,119,105,197,125,269,0,95,77,181,402,0,286,115,244,147,237
2049,139,82,92,121,115,160,626,148,152,78,191,76,329,167,108,249,76,81,199,96,120,150,89,117,85,87,234,120,173,96,346,143,217,111,190,156,84,207,81,116,100,186,187,176,199,112,1080,160,145,143,114,98,143,696,108,346,313,192,219,116,84,107,82,109,181,174,863,96,68,95,167,112,121,64,181,194,150,56,178,74,119,105,195,123,268,0,95,77,180,402,0,286,113,243,146,236
2050,139,82,90,121,114,160,625,148,150,78,190,76,329,166,107,248,76,79,199,96,118,149,89,117,85,87,234,121,172,96,342,139,215,111,190,156,83,205,80,115,100,186,187,172,198,112,1074,158,144,142,112,98,143,694,107,346,311,192,217,115,83,105,81,109,180,173,861,96,66,95,166,111,121,64,181,193,149,56,176,74,119,105,193,123,266,0,95,76,178,399,0,285,113,242,145,235
2051,139,82,87,121,113,157,621,148,150,78,187,76,328,164,107,247,75,78,198,95,117,146,89,117,85,85,233,120,171,96,338,139,214,111,188,153,83,204,80,115,100,186,186,171,197,110,1076,158,145,141,110,98,143,687,107,345,308,193,214,115,83,104,81,109,179,170,859,96,66,94,164,111,121,64,181,194,148,56,174,74,118,104,192,122,264,0,95,75,179,397,0,282,113,242,145,232
2052,137,80,85,120,113,156,619,148,149,78,187,76,326,161,106,246,75,78,196,94,116,145,89,117,85,85,231,119,170,96,336,138,213,109,188,153,83,204,79,113,100,182,184,170,194,110,1072,158,145,141,110,98,141,685,107,344,305,192,211,114,83,102,81,109,179,167,856,93,65,92,164,111,121,64,179,194,147,56,172,74,118,104,192,122,263,0,95,75,179,396,0,279,113,242,145,231
2053,135,80,84,120,113,156,616,148,148,78,187,76,326,161,105,245,74,78,196,94,115,144,89,116,85,85,231,119,167,94,335,137,212,109,188,152,83,203,79,112,99,182,184,170,192,109,1067,156,145,139,109,98,141,685,108,342,303,190,210,114,82,101,80,108,177,165,849,93,65,92,161,110,121,63,179,194,145,56,172,74,116,104,191,122,261,0,94,74,177,395,0,277,113,242,143,231
2054,135,80,84,120,113,155,616,148,148,78,188,76,324,161,105,245,74,77,195,93,114,144,88,114,85,85,230,118,167,92,331,136,210,108,187,152,83,200,77,111,98,182,184,167,192,109,1068,155,144,137,109,98,140,681,107,342,302,188,208,112,82,100,79,107,177,164,846,92,65,92,158,110,121,63,177,192,145,56,170,74,115,103,188,122,260,0,94,74,175,395,0,277,111,241,143,231
2055,133,80,84,120,112,153,616,147,147,78,187,76,322,159,104,242,72,76,194,93,114,144,88,114,85,84,230,116,167,91,329,136,210,105,187,150,83,197,77,111,98,182,184,166,190,109,1064,154,143,134,109,97,139,679,106,340,299,187,205,112,82,100,78,106,177,164,847,92,64,92,158,110,121,63,176,191,144,56,170,74,115,103,187,121,260,0,94,74,175,394,0,276,111,240,143,230
2056,132,80,84,120,110,153,614,146,147,78,186,76,321,158,103,241,72,76,192,93,115,143,88,114,85,84,229,116,165,91,326,136,209,105,186,147,83,196,75,109,98,180,182,166,190,108,1060,153,143,132,108,96,139,676,106,340,297,185,204,111,82,99,77,106,177,161,844,92,63,91,156,110,121,63,174,190,144,56,170,74,114,102,187,121,258,0,93,73,174,392,0,274,109,238,143,230
2057,130,79,84,119,109,153,609,143,144,78,185,76,319,158,103,239,70,76,189,93,114,143,88,114,85,83,228,116,164,91,325,136,206,104,186,147,83,196,74,109,97,179,180,166,189,107,1054,153,143,130,107,95,139,670,106,339,296,184,203,111,82,99,75,105,175,160,840,92,63,91,154,109,121,63,174,189,141,55,170,74,114,102,187,120,257,0,92,73,173,388,0,273,108,238,143,230
2058,130,78,83,119,108,153,604,140,144,78,185,76,318,157,102,238,70,76,189,93,112,141,86,114,85,82,226,116,164,91,324,136,205,102,186,146,83,193,74,109,95,177,179,165,189,106,1049,151,143,130,107,95,137,667,106,338,297,183,202,111,81,98,72,105,175,159,840,91,63,90,154,109,119,63,174,189,140,55,169,73,114,102,186,119,256,0,92,73,173,386,0,271,108,238,142,228
2059,129,78,83,118,107,153,602,140,142,78,185,75,315,156,101,238,70,75,189,93,112,140,86,113,85,82,222,116,163,90,324,134,205,101,185,146,83,193,74,109,95,176,176,164,189,106,1050,150,143,130,105,95,136,661,106,338,296,182,200,110,81,95,72,104,174,159,836,91,63,90,154,106,119,62,174,188,140,55,169,71,114,101,184,119,256,0,92,72,173,383,0,270,108,238,141,227
2060,128,78,82,117,106,153,598,139,140,78,184,75,314,156,101,237,70,74,188,93,111,140,85,112,83,82,221,115,163,90,324,133,205,101,183,145,83,192,74,109,94,175,175,161,188,106,1045,149,143,128,103,94,136,659,105,335,295,180,199,110,81,94,72,103,173,155,833,92,62,90,151,104,118,62,173,188,139,55,169,70,111,100,182,118,256,0,91,72,173,383,0,270,108,237,141,226
2061,128,77,82,117,105,153,594,139,140,77,184,76,312,156,101,236,68,74,187,93,110,139,85,112,82,82,220,114,163,89,323,133,203,101,181,145,83,188,74,107,94,173,175,160,188,104,1044,148,142,128,102,94,136,654,105,333,294,178,199,110,81,94,72,103,172,155,830,92,62,88,151,103,118,62,173,188,139,55,168,70,111,99,180,116,256,0,91,72,171,381,0,268,106,237,140,225
2062,127,77,82,116,105,151,593,138,140,76,184,76,311,154,101,233,67,74,187,93,110,139,84,111,82,82,218,114,163,88,321,131,203,101,180,146,83,186,72,107,93,170,173,157,188,101,1043,148,142,128,102,94,136,648,104,333,294,177,199,110,81,94,71,103,172,155,825,91,61,87,151,102,118,62,172,187,138,53,168,70,110,98,178,115,254,0,91,72,170,378,0,268,106,235,140,224
2063,127,77,82,115,105,150,593,137,139,76,183,76,311,154,101,230,67,73,186,92,109,135,82,111,80,81,216,113,163,87,320,130,202,101,179,143,83,185,72,107,93,169,173,156,187,100,1042,148,141,125,102,93,136,648,104,332,292,175,195,110,81,94,71,103,172,155,824,91,61,87,151,102,118,60,171,186,137,53,168,70,110,98,176,113,254,0,89,71,168,377,0,266,106,235,139,224
2064,127,77,82,115,105,149,592,136,139,76,183,75,308,153,101,228,65,73,186,90,109,134,82,111,79,81,215,113,162,85,319,128,201,99,179,143,82,184,72,107,91,169,172,155,186,100,1040,147,140,125,101,91,135,645,103,332,292,175,195,109,80,93,71,103,171,154,819,91,60,87,151,102,116,59,169,185,136,52,166,68,109,98,174,111,254,0,88,71,166,377,0,265,106,235,139,220
2065,125,77,80,115,105,149,591,136,137,75,181,74,304,153,101,227,65,73,185,90,109,133,82,111,79,81,214,113,160,84,317,128,201,98,178,140,82,183,72,107,90,169,170,154,186,99,1041,146,139,124,100,91,134,643,103,331,292,175,195,109,80,93,71,102,169,150,817,91,59,87,151,101,116,59,169,184,136,52,166,68,109,96,173,110,253,0,86,68,163,377,0,262,106,232,140,219
2066,125,77,80,111,102,148,585,136,136,75,179,73,304,153,101,226,65,73,184,89,107,134,81,110,79,81,214,113,159,84,316,128,201,98,178,139,82,181,72,107,90,169,170,154,186,99,1038,145,138,123,100,90,133,639,102,327,289,175,195,107,80,93,71,101,167,150,813,90,58,86,151,101,116,59,169,184,136,52,165,68,109,94,171,109,249,0,86,68,163,374,0,261,106,233,140,217
2067,123,78,80,111,101,148,584,135,136,75,178,72,302,153,101,226,65,73,183,89,107,132,80,110,79,81,214,112,159,83,315,128,199,98,175,137,82,176,70,106,90,169,168,154,185,99,1037,144,136,123,98,88,132,638,102,327,289,175,192,107,80,93,71,99,167,149,810,91,58,85,151,100,116,59,169,183,135,52,165,68,108,94,170,109,247,0,86,68,162,372,0,259,105,232,140,216
2068,123,78,80,110,99,148,581,134,135,73,177,72,300,153,101,224,64,73,182,89,106,132,80,110,79,81,212,110,159,83,313,128,198,98,175,136,82,175,69,106,89,169,166,154,185,99,1038,144,136,123,97,86,130,637,102,326,289,174,192,107,80,93,71,98,166,149,809,90,58,85,151,100,115,59,169,183,135,51,163,66,107,92,169,108,247,0,86,68,161,373,0,259,105,232,139,216
2069,123,78,80,110,99,145,580,134,135,73,176,71,296,151,101,224,64,73,181,89,106,131,80,110,79,81,212,109,159,83,313,128,197,98,173,136,81,176,68,105,87,169,164,151,185,98,1036,144,135,122,96,86,130,633,100,326,289,172,191,107,80,93,70,98,165,149,804,90,58,85,150,100,114,59,168,181,134,52,162,65,106,92,167,107,246,0,84,67,158,372,0,259,106,231,138,214
2070,121,77,80,109,98,143,577,133,135,72,175,71,292,149,100,223,64,73,179,89,106,131,81,109,79,80,212,109,159,83,313,128,195,97,173,134,81,176,68,102,85,169,163,149,185,98,1034,143,134,122,95,86,130,630,100,324,286,169,190,106,79,92,70,98,162,147,803,89,58,85,150,100,112,59,167,181,132,52,162,65,106,92,167,107,245,0,84,67,158,372,0,258,105,230,137,209
2071,120,77,80,109,98,141,573,133,135,72,173,71,290,148,99,221,63,73,178,89,105,131,81,109,79,80,211,109,157,83,312,128,195,96,173,133,81,173,68,100,85,167,162,147,184,96,1033,143,133,122,94,86,130,624,99,322,285,169,189,105,79,91,69,98,161,146,799,89,58,84,149,101,110,59,167,181,132,52,162,65,106,92,167,107,245,0,84,67,157,369,0,257,105,229,136,208
2072,119,77,80,108,97,141,571,133,133,71,173,71,290,148,99,221,63,73,177,89,105,129,81,109,79,80,211,108,155,83,311,127,193,95,171,133,81,171,68,100,84,167,162,147,184,96,1032,143,133,122,93,86,128,622,99,321,283,168,188,105,79,90,70,98,161,144,795,87,58,82,149,101,110,59,164,180,132,52,163,65,106,92,167,105,245,0,84,66,155,366,0,256,104,227,136,207
2073,119,77,80,106,97,140,568,132,132,70,173,71,291,146,99,220,62,73,177,89,105,128,81,108,79,78,206,108,155,83,310,125,193,95,171,132,81,171,68,98,83,166,161,147,184,96,1030,143,130,121,93,85,127,618,98,319,282,166,188,105,78,90,70,97,158,144,793,87,56,82,149,101,109,57,162,180,132,52,163,65,106,90,165,103,245,0,84,66,155,366,0,255,104,226,136,206
2074,117,77,80,105,96,139,565,131,131,69,173,71,288,146,99,219,61,72,178,89,104,129,80,106,79,78,205,107,155,83,310,124,192,94,169,131,80,172,67,97,82,167,160,146,183,96,1026,143,130,121,93,84,127,614,98,319,279,165,187,105,77,90,70,97,157,142,790,87,56,81,149,100,108,57,161,178,131,50,163,65,105,89,164,101,242,0,84,65,155,365,0,254,106,225,136,204
2075,116,77,80,105,96,138,562,131,130,69,172,71,288,145,99,218,60,72,177,87,102,128,80,105,78,78,205,107,152,83,308,123,191,94,166,131,80,172,66,95,81,167,160,146,182,96,1022,141,130,121,93,84,127,612,97,317,275,161,186,102,77,90,69,96,155,141,785,87,55,80,148,98,107,57,158,178,130,50,162,65,105,89,163,100,243,0,83,65,154,359,0,252,106,225,136,203
2076,116,77,79,105,95,138,562,131,128,69,172,71,287,145,99,216,60,72,175,87,100,126,79,105,78,78,202,107,150,82,308,120,188,93,166,131,79,171,66,94,80,167,159,144,181,95,1022,140,129,122,91,84,126,608,97,316,274,159,186,99,76,88,69,96,153,140,781,87,54,79,148,96,105,57,157,178,129,50,160,63,105,89,163,100,241,0,83,64,154,355,0,251,106,223,134,203
2077,116,77,79,104,94,136,561,131,128,69,172,71,288,144,99,215,60,72,172,87,100,126,79,105,78,77,200,106,150,82,305,120,187,93,166,131,78,169,66,94,79,166,158,144,178,95,1023,139,127,122,91,84,126,607,96,315,272,157,186,98,76,88,68,96,152,140,781,87,54,78,148,96,103,56,157,178,128,50,159,63,104,88,163,100,239,0,83,64,153,352,0,250,106,220,134,201
2078,115,77,78,102,93,133,555,131,127,68,170,71,287,144,99,215,60,71,173,87,100,125,78,105,77,77,200,105,149,81,302,120,187,93,166,131,78,169,66,93,79,165,156,144,178,95,1020,139,127,122,91,84,126,608,94,314,272,157,182,98,76,88,67,96,150,139,777,87,54,77,147,96,102,56,157,177,128,50,157,62,101,88,160,100,237,0,83,64,153,351,0,247,106,220,134,201
2079,115,77,77,102,93,133,552,131,127,67,169,70,285,144,99,214,60,71,171,87,100,125,78,105,75,77,197,104,147,80,302,117,187,91,166,131,78,168,65,92,79,165,156,144,178,94,1017,136,127,121,91,84,125,605,93,313,271,157,182,98,76,88,67,96,149,136,776,88,53,76,146,96,102,56,156,175,128,50,155,62,99,88,159,100,234,0,83,62,153,348,0,246,105,217,134,201
2080,112,75,77,101,92,132,550,131,125,65,169,69,283,144,99,212,60,71,170,87,100,124,78,105,75,75,196,103,146,80,300,117,186,90,166,131,77,168,65,92,76,164,155,143,176,92,1014,136,125,121,91,83,125,602,92,310,270,157,181,97,74,88,67,96,148,136,773,88,53,76,145,96,103,56,154,175,125,50,155,62,99,88,158,99,233,0,83,62,152,347,0,246,102,214,133,198
2081,111,75,74,101,92,130,547,130,125,65,169,68,283,144,98,210,60,71,169,86,100,123,78,105,74,75,196,102,146,80,300,117,185,89,165,130,76,168,64,92,76,162,155,143,174,92,1010,134,125,120,88,83,124,601,92,307,267,157,181,96,73,87,66,96,145,136,774,87,53,75,145,96,103,56,153,175,123,50,155,62,98,88,158,99,232,0,83,61,150,344,0,243,102,213,133,197
2082,111,74,74,100,90,130,545,127,124,64,167,66,282,144,98,209,60,71,168,86,100,123,76,105,74,75,196,102,146,80,299,116,185,86,165,130,75,169,64,91,76,162,153,144,173,92,1007,134,124,119,88,82,123,599,91,304,266,157,179,95,72,85,65,96,145,136,770,87,53,74,144,96,102,56,153,174,122,50,155,62,97,88,158,99,230,0,83,61,150,342,0,242,102,210,132,197
2083,111,73,73,99,89,130,545,126,123,63,165,66,282,144,98,207,60,71,167,86,100,123,76,105,74,75,196,101,146,80,297,114,186,86,165,130,74,169,64,89,76,162,151,144,174,92,1006,133,124,119,88,81,123,594,90,303,265,157,177,94,72,84,65,96,145,134,768,87,53,73,143,96,102,56,153,174,122,49,155,62,97,88,158,98,227,0,82,59,148,338,0,241,102,208,131,195
2084,110,73,73,97,89,130,542,124,123,63,165,66,281,142,98,205,58,71,166,85,100,122,76,104,74,74,194,101,142,78,296,113,186,86,165,130,74,169,63,89,75,159,149,144,174,92,1002,131,122,118,87,81,121,591,89,301,264,157,177,94,72,83,65,96,144,132,767,87,53,71,142,96,102,53,153,174,120,49,154,62,97,87,157,98,226,0,82,59,147,336,0,241,101,205,130,194
2085,109,72,72,97,89,131,542,123,123,62,165,66,279,142,98,205,57,69,165,85,98,122,75,103,74,73,194,101,142,78,293,113,184,86,165,128,74,169,63,88,74,158,149,143,172,92,997,130,122,116,87,81,121,587,89,298,261,156,177,93,72,83,65,96,144,131,766,87,52,70,142,96,102,52,153,172,117,48,154,62,97,86,155,96,224,0,81,59,147,334,0,241,101,204,129,193
2086,108,71,72,97,88,130,540,121,122,62,164,66,275,141,96,203,56,68,164,85,98,122,75,103,73,72,193,100,140,78,292,113,184,87,165,128,72,169,61,88,73,158,148,143,171,92,996,129,121,116,87,81,120,586,88,296,260,153,175,93,71,82,65,95,144,131,762,86,52,69,142,96,100,51,151,170,117,48,154,62,97,85,156,95,224,0,81,59,147,332,0,241,101,203,129,193
2087,107,71,72,97,88,130,536,121,122,62,163,65,274,141,96,201,56,68,163,84,98,121,75,103,72,71,193,100,140,77,291,111,181,87,163,128,72,167,61,88,72,157,146,143,170,92,992,129,121,115,87,81,120,584,88,294,260,153,174,93,70,82,65,95,144,131,758,86,51,69,141,96,100,51,149,170,117,47,153,62,97,84,156,94,223,0,81,59,147,328,0,241,100,202,127,193
2088,106,71,72,96,88,130,535,121,122,62,163,64,272,140,96,200,54,68,163,84,98,121,75,103,72,71,190,99,140,77,290,111,179,87,162,128,72,167,61,88,71,157,144,143,169,92,987,128,121,115,87,80,119,583,87,289,259,153,173,92,70,82,65,94,143,130,757,84,51,69,141,95,99,51,148,168,117,47,153,61,97,82,156,94,223,0,81,59,147,327,0,241,100,202,126,192
2089,106,71,72,96,87,130,530,120,121,62,163,64,271,139,96,197,54,67,161,84,98,121,75,100,72,71,188,99,140,77,289,111,178,87,161,127,72,167,61,87,71,157,144,142,166,92,983,126,121,113,87,80,117,581,87,289,259,153,172,92,70,82,64,94,142,130,754,84,51,69,139,95,99,51,148,167,116,47,153,61,97,81,155,93,219,0,81,58,147,326,0,240,100,201,126,190
2090,105,71,72,96,86,128,530,120,120,61,161,63,269,139,95,197,54,67,159,83,98,121,75,100,71,71,188,97,140,76,286,111,176,84,161,125,72,167,61,87,69,157,143,142,165,90,981,126,121,113,87,79,116,580,87,285,257,153,171,92,70,81,64,94,142,130,750,82,51,69,138,94,97,51,147,163,116,47,151,61,94,80,155,92,219,0,81,58,146,326,0,238,99,200,126,189
2091,105,71,72,96,86,127,527,120,120,61,161,63,268,139,95,197,54,67,159,83,98,120,73,100,71,71,188,97,140,76,284,110,174,83,160,124,70,167,61,87,67,157,141,139,164,89,979,124,121,113,86,79,116,577,87,284,257,153,170,92,68,80,64,94,139,129,748,82,51,69,137,94,97,51,146,162,116,47,148,60,94,80,155,92,219,0,81,58,144,323,0,237,99,198,125,189
2092,105,70,72,96,85,127,525,120,119,61,159,63,267,139,95,196,53,66,158,81,98,119,73,100,71,70,188,97,140,75,284,109,174,83,159,123,70,166,61,87,67,157,141,139,163,87,978,124,120,112,86,79,116,577,86,284,256,153,167,92,68,80,64,94,139,129,745,81,51,68,137,94,97,51,146,162,115,47,147,60,92,80,153,92,216,0,81,58,144,321,0,235,98,197,125,190
2093,104,69,72,94,85,127,520,119,119,59,158,62,267,137,95,195,53,64,158,81,97,118,73,98,71,70,184,97,139,74,285,108,174,82,159,122,70,164,61,87,67,157,141,137,163,87,976,123,120,112,86,79,115,577,86,280,255,153,167,92,68,80,63,94,139,129,745,81,51,67,136,94,97,51,146,161,114,47,147,60,92,78,152,91,216,0,80,58,144,319,0,235,98,195,125,189
2094,103,69,72,94,84,127,518,119,119,59,158,61,267,137,95,193,53,64,158,81,97,116,72,97,71,69,183,93,139,73,284,108,170,81,157,121,70,163,59,87,66,156,140,137,162,87,971,122,119,112,85,79,114,572,86,277,253,153,165,90,68,79,63,94,139,129,742,81,51,67,136,94,97,51,146,161,112,47,146,59,91,77,152,91,217,0,79,58,144,315,0,234,97,195,125,189
2095,103,69,71,94,82,127,516,117,118,58,158,61,265,135,95,193,53,64,158,81,97,115,72,97,71,69,183,92,136,73,281,107,169,80,156,118,70,162,59,86,66,154,137,137,161,87,974,120,119,112,85,79,114,572,86,277,253,151,165,90,67,79,62,94,138,128,740,80,51,67,135,92,97,51,146,161,112,47,145,59,91,77,151,89,216,0,78,58,143,312,0,232,97,194,124,188
2096,103,69,71,93,82,126,516,117,117,57,155,61,264,135,95,192,53,63,157,81,97,115,71,97,71,69,181,92,136,73,280,107,169,80,156,118,69,162,57,84,66,154,134,137,160,86,975,120,119,111,85,78,111,570,86,276,253,149,163,90,67,79,61,94,137,127,740,78,50,67,133,92,98,50,146,160,112,47,146,59,91,77,150,88,214,0,77,57,141,311,0,231,95,194,124,188
2097,102,69,71,93,82,125,515,117,117,57,154,61,261,133,95,190,51,62,155,81,96,114,70,97,71,69,178,92,136,73,278,107,168,80,155,118,69,162,57,83,64,153,134,134,159,85,975,119,117,111,85,78,111,569,86,276,252,148,161,90,67,79,61,94,137,127,736,78,50,67,132,92,97,50,146,160,112,47,144,59,91,77,149,88,214,0,77,57,140,309,0,231,95,194,124,187
2098,102,68,71,93,82,124,514,117,117,57,154,60,261,133,95,190,51,61,155,81,95,114,70,97,71,68,177,92,136,73,275,106,168,80,154,117,69,161,57,83,64,150,133,133,158,84,976,119,116,110,83,78,110,569,86,274,250,148,161,90,67,76,61,94,137,127,735,78,50,67,131,91,96,50,144,159,112,46,144,59,91,76,148,88,212,0,76,57,138,307,0,229,94,194,124,187
2099,101,67,71,92,82,123,513,117,115,57,151,60,261,131,94,189,51,61,152,80,96,114,70,97,71,68,176,91,136,73,275,106,168,79,154,117,69,160,57,82,64,150,131,132,158,84,978,118,117,109,83,78,109,565,84,273,250,149,161,90,66,76,61,93,136,126,729,77,50,67,129,89,96,50,144,159,112,46,144,59,91,76,147,88,208,0,75,57,136,306,0,228,94,193,122,186
2100,101,67,70,92,81,123,509,117,114,57,149,60,259,130,94,186,51,61,151,80,95,114,69,97,71,68,176,91,136,72,274,106,167,79,153,117,69,158,56,80,64,149,130,129,156,84,974,117,116,108,82,77,108,563,82,272,250,149,160,90,66,76,60,93,135,125,726,77,49,67,128,87,95,50,143,158,112,46,143,59,91,76,147,88,206,0,74,56,136,304,0,227,94,193,121,186
2101,99,67,70,92,80,122,506,117,114,57,149,59,259,129,94,186,50,61,150,79,95,113,68,97,71,67,176,91,134,72,274,105,166,78,153,116,68,157,56,80,63,148,129,128,156,84,971,117,115,108,81,77,107,560,83,271,249,148,160,90,66,75,60,92,133,125,725,77,49,67,127,87,95,50,143,158,112,45,141,59,91,76,147,87,206,0,73,56,136,302,0,226,94,192,121,184
2102,99,66,69,92,78,120,504,117,111,57,149,59,258,129,94,185,50,61,149,79,95,113,68,97,71,67,174,90,133,72,273,104,166,78,151,116,67,157,56,80,63,147,128,128,155,84,971,117,114,108,81,76,106,560,82,270,249,148,159,90,65,75,60,92,132,123,723,76,49,66,127,86,95,50,143,155,111,43,140,59,91,76,147,84,204,0,72,55,136,299,0,226,94,191,121,184
2103,98,66,68,90,78,120,502,117,111,57,146,59,256,128,93,185,50,61,148,79,95,112,67,97,71,67,174,89,133,72,273,101,166,77,150,114,67,157,56,79,63,147,128,127,151,84,969,117,114,108,81,76,106,559,81,268,247,148,159,88,64,74,60,92,131,121,723,76,49,66,124,84,95,49,143,153,111,43,139,58,91,75,145,82,205,0,71,54,136,299,0,224,94,189,120,181
2104,98,66,68,89,78,119,501,115,109,57,146,59,255,127,93,184,50,61,147,79,95,111,65,97,71,67,173,88,133,71,271,101,166,77,147,113,67,157,56,77,63,146,127,127,150,81,967,117,114,108,81,75,104,558,81,267,247,148,159,88,64,74,59,92,130,121,721,75,49,65,123,84,95,48,143,152,109,43,138,57,90,75,146,82,204,0,71,54,136,296,0,223,92,188,119,181
2105,98,66,68,89,76,118,499,113,107,56,146,59,255,126,93,184,50,60,145,78,95,110,65,97,71,67,172,87,133,69,268,100,164,77,146,112,67,156,55,75,62,146,127,127,148,79,966,117,113,107,81,74,103,554,79,267,245,148,158,87,64,73,58,92,130,121,718,75,49,64,122,84,93,48,143,152,109,43,138,57,89,75,146,82,204,0,69,54,137,292,0,223,92,187,119,179
2106,98,64,68,89,76,118,499,112,105,55,146,59,255,125,93,184,50,60,144,78,95,109,65,97,71,67,171,87,132,67,268,99,163,76,143,112,66,155,55,75,62,145,126,127,147,79,965,116,113,107,81,73,101,552,78,266,245,146,156,87,64,72,58,92,129,121,717,75,49,63,118,84,93,47,142,152,109,44,138,56,87,74,146,82,203,0,68,54,136,291,0,222,92,184,119,178
2107,97,64,68,89,76,118,494,111,104,55,144,58,252,125,91,183,50,59,143,78,94,109,65,97,71,67,169,87,131,66,267,98,161,75,143,112,66,155,54,75,62,145,125,125,146,79,959,114,113,105,81,73,100,548,75,266,242,145,155,87,63,72,58,92,128,121,717,75,49,62,118,83,93,47,142,150,109,44,138,56,86,74,145,82,202,0,66,53,136,291,0,222,90,181,118,176
2108,97,64,68,89,74,118,494,109,103,55,144,58,251,125,91,183,49,59,142,77,93,109,64,97,71,66,167,86,130,66,267,98,161,75,142,111,66,153,53,74,62,144,124,125,144,79,954,114,113,105,81,71,98,544,75,263,241,145,154,87,63,72,57,92,128,121,716,75,48,61,118,81,93,47,141,149,108,44,135,56,86,74,144,81,200,0,66,53,136,290,0,222,88,181,118,176
2109,97,64,67,89,72,117,492,108,103,55,143,56,250,125,91,182,48,59,142,76,93,108,63,96,71,65,164,86,130,66,267,98,161,75,142,111,66,153,52,74,62,145,123,124,144,79,950,114,112,105,81,69,96,540,74,260,240,145,153,86,63,71,57,92,128,121,714,74,48,61,117,81,93,46,141,149,108,44,135,56,86,73,144,80,200,0,66,53,135,288,0,222,87,179,118,174
2110,97,64,67,89,72,117,490,108,102,54,142,55,249,125,91,181,48,58,142,76,92,108,63,96,70,64,164,85,128,66,266,98,160,75,141,111,65,152,52,73,61,143,122,124,144,79,943,114,109,104,80,69,94,538,74,259,238,144,152,86,63,71,57,92,126,120,713,74,48,61,115,81,93,46,140,147,108,43,135,55,86,70,144,78,199,0,65,53,132,287,0,221,85,179,116,174
2111,97,64,66,89,72,116,489,108,102,54,140,54,245,124,91,180,48,58,142,76,90,108,62,95,70,64,164,84,128,66,266,98,160,75,141,111,62,152,52,73,61,142,121,124,143,79,941,114,109,103,79,69,94,536,73,259,237,143,150,86,63,71,57,92,125,118,709,73,48,59,115,80,94,45,140,147,107,43,135,55,86,70,141,77,198,0,65,53,132,285,0,218,85,177,116,174
2112,96,63,66,89,72,116,487,107,102,53,139,52,245,124,91,180,48,57,141,76,89,106,62,95,69,64,163,84,128,65,264,97,159,75,141,111,62,151,52,73,60,141,120,122,142,79,939,114,109,103,79,68,93,536,72,259,236,143,149,86,63,71,57,92,125,118,704,73,48,58,112,78,94,45,135,147,106,42,134,55,86,69,141,76,197,0,64,52,132,284,0,218,83,175,114,173
2113,96,63,66,89,71,114,482,106,100,52,139,52,244,124,91,180,48,57,141,76,89,106,62,94,69,64,161,84,128,65,263,97,157,75,141,109,62,151,51,73,60,140,120,122,141,79,934,114,107,102,79,68,93,536,72,259,235,141,148,86,62,71,57,92,124,117,701,70,47,58,111,78,93,45,134,145,106,42,134,55,86,68,138,76,197,0,64,52,132,283,0,218,83,173,114,173
2114,96,61,66,89,71,112,480,106,99,52,137,51,241,123,91,180,48,56,140,75,88,106,62,92,68,63,160,84,128,65,261,96,157,75,141,109,62,151,51,73,60,139,120,123,140,79,933,113,107,102,79,68,92,530,71,256,233,142,148,86,62,68,57,91,123,116,695,69,47,57,111,77,92,45,133,145,105,42,134,55,86,66,135,76,196,0,64,51,131,282,0,217,82,172,113,171
2115,96,61,66,87,71,110,478,105,99,52,137,51,240,121,91,179,48,56,139,74,87,106,62,91,68,63,159,84,127,65,259,96,157,75,140,109,61,151,51,73,60,139,120,122,137,78,934,113,106,101,79,68,91,528,71,255,233,142,147,86,62,68,57,91,122,116,694,69,47,57,110,77,92,45,133,145,104,42,132,54,86,66,134,74,195,0,63,51,131,281,0,216,82,172,111,171
2116,96,61,66,87,70,109,475,104,99,52,137,51,239,121,91,179,48,55,139,74,87,105,61,91,68,63,159,83,126,65,259,96,156,75,139,108,61,150,50,72,60,137,120,123,136,77,933,113,106,100,79,68,91,527,70,254,233,141,146,86,62,68,56,91,121,115,689,69,46,56,110,77,92,44,133,145,102,42,130,53,85,66,134,72,195,0,63,51,130,279,0,215,82,171,112,169
2117,95,61,65,87,69,109,474,104,99,52,135,51,238,121,91,177,48,55,137,74,87,105,61,90,67,63,158,82,124,65,259,95,156,75,139,109,59,149,50,71,60,136,118,122,136,75,935,113,107,101,79,68,90,524,70,254,229,141,144,86,62,68,56,91,121,115,685,69,46,56,110,77,91,43,132,145,102,42,130,53,85,66,133,72,195,0,63,51,127,277,0,215,81,171,111,167
2118,95,60,65,86,69,108,474,102,99,52,135,50,237,120,91,177,47,55,136,74,87,105,61,88,67,62,156,81,124,64,259,93,154,75,138,109,59,148,50,70,60,135,117,122,136,74,932,113,106,97,79,68,89,522,70,251,229,140,143,86,62,68,56,91,119,115,682,69,46,57,110,77,90,42,131,145,102,42,128,53,85,65,132,72,194,0,62,51,126,273,0,213,81,170,110,166
2119,94,59,64,86,69,106,474,101,99,52,135,50,236,119,90,175,47,54,136,74,85,105,61,88,67,62,155,81,124,63,258,93,154,74,137,109,59,148,50,70,60,134,117,122,136,74,931,113,106,96,79,68,88,517,67,250,227,140,142,85,61,68,56,91,117,114,680,69,46,57,110,77,90,42,131,143,102,41,128,53,85,63,132,69,193,0,61,51,126,271,0,213,81,169,109,166
2120,94,59,63,85,69,106,472,101,99,51,135,50,236,119,89,172,47,54,134,73,85,104,61,88,67,61,154,80,122,62,257,93,153,73,136,108,59,147,49,70,59,132,116,121,135,74,928,113,106,95,76,68,88,515,66,250,226,140,141,83,61,68,56,91,117,113,678,69,46,56,109,77,89,42,131,143,102,40,127,53,84,63,132,69,191,0,61,50,125,271,0,212,81,167,109,166
2121,93,58,62,85,69,106,472,100,99,51,135,50,233,118,88,171,46,53,134,72,84,103,61,88,67,61,154,79,121,62,257,93,152,72,135,108,58,147,49,70,58,131,116,120,135,74,925,113,105,95,76,68,88,514,66,250,225,136,140,83,60,68,56,90,117,111,674,67,46,56,109,77,88,42,131,143,101,40,126,52,84,63,132,69,190,0,61,50,124,267,0,210,81,165,108,164
2122,93,58,60,85,69,106,470,100,99,51,135,50,233,116,88,171,45,53,133,71,83,103,61,88,67,61,154,79,121,62,253,93,151,71,135,108,58,146,49,68,58,130,115,119,135,74,920,113,103,94,76,68,88,512,65,248,222,135,140,82,60,68,55,89,116,111,673,66,46,56,107,77,86,42,131,142,100,40,126,52,80,63,132,69,189,0,61,50,124,267,0,208,80,164,107,163
2123,92,58,60,83,68,105,469,99,99,51,134,50,234,116,88,171,45,53,132,70,83,103,61,88,67,61,153,78,119,62,252,93,149,70,133,108,57,145,49,67,58,130,115,117,134,73,914,112,103,93,76,67,88,511,65,245,221,135,139,81,60,68,55,89,115,110,670,66,45,56,107,77,86,40,131,142,100,40,126,52,80,63,132,69,189,0,61,50,124,266,0,208,80,162,107,163
2124,89,58,58,83,67,105,468,98,99,51,134,50,232,114,87,169,45,52,132,70,82,103,61,88,66,60,153,77,118,61,251,92,149,70,133,107,56,143,49,67,58,130,115,115,133,73,912,111,101,92,76,67,86,511,64,244,221,135,137,81,58,67,55,89,115,110,665,65,45,55,107,77,86,40,129,141,100,40,125,51,79,63,132,69,189,0,61,50,123,266,0,208,80,162,107,163
2125,89,57,58,82,66,104,464,98,99,51,134,50,231,114,86,167,45,52,132,70,82,102,61,88,66,58,153,77,118,60,250,92,149,69,132,104,56,143,49,67,58,129,115,115,133,73,912,111,100,92,76,67,85,511,62,243,221,134,137,81,58,67,55,89,115,109,664,65,45,55,106,77,86,40,128,140,100,39,125,51,79,63,130,69,188,0,60,50,122,263,0,207,80,162,106,163
2126,88,56,58,81,64,103,461,96,98,51,132,50,230,114,85,165,45,52,131,70,82,102,61,87,66,57,153,77,118,58,247,92,149,69,131,103,56,143,49,67,57,127,114,114,133,73,905,110,99,92,76,67,85,511,62,241,220,132,137,81,58,67,55,89,113,109,662,64,45,55,103,76,85,39,126,140,100,39,125,51,79,63,130,69,186,0,60,50,122,263,0,204,80,162,106,163
2127,89,55,58,81,64,102,455,96,98,50,131,50,230,114,84,165,45,52,130,70,82,101,61,87,67,57,152,76,118,58,246,92,149,69,130,103,56,143,49,67,56,126,114,112,132,72,902,109,97,92,76,67,85,511,62,237,219,132,135,80,58,66,55,87,113,108,661,63,45,55,102,76,85,39,125,139,100,38,125,50,79,62,129,68,185,0,60,49,121,262,0,202,79,161,105,162
2128,89,55,58,81,64,102,453,96,98,50,130,50,229,114,83,162,45,51,128,70,82,101,60,86,67,57,151,76,118,58,244,92,149,69,130,102,56,140,49,67,56,126,114,112,132,72,899,109,97,91,76,66,85,507,62,236,217,131,135,80,58,66,54,87,111,106,656,63,45,54,102,76,85,38,125,137,100,38,125,50,79,62,129,68,182,0,60,49,121,261,0,201,78,159,105,161
2129,89,54,58,81,64,100,451,95,97,49,130,50,227,114,83,161,45,51,127,70,81,100,60,86,67,56,150,76,117,58,244,91,149,68,130,100,56,140,47,67,55,125,113,111,131,72,894,108,96,89,76,66,85,508,62,236,216,130,133,79,58,66,53,87,110,103,655,61,45,54,102,76,85,38,124,136,99,38,125,49,79,62,127,68,180,0,60,49,120,259,0,198,78,159,105,159
2130,89,54,58,81,64,99,447,94,97,49,130,50,225,114,82,161,45,51,126,70,81,100,58,85,67,56,149,76,117,58,244,91,149,68,129,100,56,139,47,67,55,125,112,111,130,72,896,108,96,87,75,66,83,505,62,235,213,130,132,79,57,65,53,86,108,103,654,60,45,54,101,76,84,37,123,136,99,38,125,49,77,61,127,68,179,0,60,49,120,256,0,198,78,157,105,159
2131,89,53,57,80,62,98,445,94,97,49,129,49,225,113,82,160,45,51,125,70,81,99,57,85,67,56,146,76,116,58,241,91,148,68,129,99,55,138,47,67,55,125,112,111,130,72,892,106,95,85,75,66,83,505,61,233,212,130,129,77,57,65,53,85,108,101,652,60,45,52,100,76,84,37,121,136,99,38,125,49,76,60,124,68,177,0,60,48,120,255,0,196,78,155,105,159
2132,89,53,56,80,61,98,445,94,97,49,129,48,223,112,81,158,45,51,123,70,81,97,57,85,66,56,145,76,115,58,240,91,148,68,129,98,55,138,47,66,54,125,112,111,129,71,889,106,95,84,74,66,83,502,61,232,210,130,129,77,57,65,51,84,106,99,645,60,45,52,100,75,84,36,120,135,98,38,125,49,76,59,124,68,176,0,60,48,118,255,0,194,77,154,104,159
2133,88,53,55,79,60,97,444,94,95,49,128,48,221,111,80,157,44,50,122,69,81,97,57,84,66,56,142,75,114,58,240,90,147,68,129,97,54,137,47,66,53,125,112,110,128,69,886,106,94,83,73,66,83,500,61,231,208,130,129,76,57,65,50,84,106,99,641,59,44,52,100,75,83,36,118,136,98,38,125,49,75,59,122,68,175,0,60,47,118,254,0,194,77,154,104,158
2134,88,53,55,78,60,96,444,94,93,49,128,48,221,110,80,157,44,50,122,69,81,97,56,84,66,56,142,74,114,58,240,89,146,67,127,97,54,136,47,65,53,124,112,109,128,68,883,106,94,82,72,65,83,498,61,229,207,130,129,76,57,64,48,83,106,98,638,59,44,52,99,75,82,36,118,136,98,38,125,49,75,59,121,68,174,0,59,47,118,253,0,192,77,152,104,157
2135,87,53,55,78,60,95,440,94,92,48,127,48,220,109,80,156,44,50,122,69,81,95,55,84,66,56,141,73,114,58,239,89,146,66,127,97,53,136,47,65,53,124,112,109,127,68,882,106,94,82,71,65,81,492,61,225,206,127,127,75,57,63,48,83,106,98,637,58,44,52,99,74,82,36,116,136,97,36,125,49,74,59,121,68,173,0,59,47,118,253,0,192,77,151,103,156
2136,87,51,54,78,60,95,438,94,92,48,127,48,219,110,79,155,44,49,122,69,81,94,55,83,63,56,139,71,113,58,237,88,144,65,126,97,53,135,47,66,53,123,112,108,127,67,880,106,93,82,70,65,81,492,61,225,205,125,127,75,57,63,48,83,104,97,633,58,44,52,99,72,82,35,113,136,94,36,125,49,74,59,120,68,172,0,59,48,118,252,0,190,77,149,103,155
2137,86,51,54,78,60,94,435,92,92,48,126,47,215,108,78,155,44,49,121,68,81,93,55,83,61,56,138,71,112,58,236,88,144,65,126,97,53,134,46,66,53,123,112,106,125,67,879,105,93,81,70,64,81,491,61,224,205,124,126,73,57,63,48,83,101,97,628,58,44,52,98,72,82,35,111,135,94,36,124,49,74,59,120,68,171,0,58,48,117,252,0,189,75,148,103,153
2138,86,51,54,78,60,94,433,92,92,48,126,46,215,108,78,155,44,49,120,67,81,93,55,83,61,56,138,70,111,58,236,88,142,65,126,97,52,133,46,66,53,122,112,104,125,67,875,105,92,80,70,62,80,488,60,225,203,124,126,72,57,62,48,83,100,95,625,58,43,52,98,71,82,35,111,133,94,36,124,49,72,57,120,68,170,0,57,47,114,250,0,187,74,147,103,152
2139,85,51,54,78,60,93,432,92,92,46,125,46,215,106,78,154,44,49,120,67,81,93,53,83,61,56,138,70,111,57,234,86,140,64,126,97,52,130,46,66,53,121,112,104,124,66,873,105,92,80,70,62,80,485,60,223,201,124,125,72,57,62,48,81,100,94,623,57,42,51,98,71,82,35,111,132,94,35,123,49,72,57,120,68,169,0,57,45,113,249,0,187,74,146,103,152
2140,84,51,52,77,60,93,430,91,92,46,124,46,211,105,77,153,43,49,118,67,80,93,53,82,61,55,138,69,111,57,232,85,140,64,126,97,51,130,46,65,53,121,111,102,124,66,870,104,90,80,69,62,79,481,60,223,199,123,124,72,56,62,48,80,100,92,618,56,41,51,98,71,80,34,110,132,93,35,122,49,71,56,120,68,168,0,57,45,113,249,0,186,74,145,102,150
2141,84,50,51,77,60,92,429,91,92,46,124,46,211,105,77,153,43,48,117,67,80,93,51,81,61,55,137,68,110,57,231,85,140,64,124,96,51,130,46,64,52,121,111,102,122,66,870,104,90,80,68,61,78,479,60,224,198,121,123,72,56,61,48,80,98,90,619,55,41,51,98,70,79,34,108,132,92,35,122,49,71,56,120,67,167,0,57,44,112,246,0,185,72,144,101,149
2142,84,49,51,77,60,92,429,91,92,46,124,45,210,105,77,153,42,48,117,66,80,93,51,81,61,55,137,68,110,57,230,84,140,64,124,95,51,129,46,64,51,120,109,102,122,66,868,103,90,80,67,60,77,474,60,223,197,121,123,72,56,61,46,79,97,90,618,55,40,51,98,70,77,33,108,130,91,35,122,49,71,56,119,67,166,0,57,44,111,246,0,184,72,144,101,149
2143,82,48,50,76,60,92,429,91,90,46,124,44,210,105,77,153,42,47,116,66,79,92,51,81,60,54,135,69,110,57,228,83,140,64,123,95,51,126,46,63,50,119,108,102,122,66,867,103,89,80,67,59,77,474,58,221,196,119,123,71,55,61,46,78,96,90,616,55,39,51,98,68,76,33,106,129,91,35,120,49,71,56,118,66,165,0,56,44,111,243,0,184,70,144,100,148
2144,82,48,49,76,60,90,426,90,88,45,124,44,210,105,77,152,42,47,116,66,78,92,51,81,60,54,136,69,109,57,227,82,138,63,123,95,48,124,45,63,50,117,108,101,120,66,861,103,86,80,65,59,77,474,58,218,195,118,122,71,54,61,46,78,96,90,613,55,38,51,98,68,74,33,106,129,90,35,119,49,70,55,118,66,164,0,56,44,111,243,0,183,70,142,100,145
2145,82,48,49,76,59,89,425,89,88,45,124,44,208,105,76,151,42,46,116,66,78,92,51,81,60,54,136,69,107,57,225,81,138,63,123,94,47,124,45,63,50,117,108,101,120,66,858,102,85,79,65,58,77,473,58,217,194,118,122,70,54,61,46,78,95,90,613,55,38,51,98,68,73,33,104,128,90,34,119,49,70,55,118,66,164,0,57,44,109,243,0,179,70,141,100,145
2146,82,48,49,76,59,89,423,88,88,44,122,44,208,104,76,151,42,46,116,65,78,92,51,79,58,54,134,69,105,57,223,81,137,62,122,93,47,124,45,63,50,117,108,101,120,65,853,101,84,80,63,58,75,469,58,216,193,118,121,69,54,61,46,77,95,90,610,55,36,51,97,67,73,33,104,128,90,34,117,49,69,55,117,64,162,0,57,44,109,241,0,178,70,140,100,145
2147,81,48,48,76,59,88,422,88,88,44,122,44,207,104,76,150,42,45,115,64,77,92,51,79,58,54,134,68,105,57,223,81,136,62,122,92,47,124,45,62,50,117,107,100,118,65,849,101,83,80,63,58,75,469,58,216,193,118,119,68,54,61,46,77,95,90,609,55,36,49,95,67,72,33,104,128,90,34,117,49,69,54,117,64,161,0,57,44,109,241,0,178,68,139,100,144
2148,81,47,47,75,59,87,421,87,88,44,120,44,207,103,76,149,42,45,115,63,77,92,51,79,58,54,132,68,105,57,223,81,135,62,121,92,47,124,45,61,49,117,107,100,118,65,845,101,83,80,63,57,73,467,59,213,193,118,117,68,54,61,45,77,94,89,604,55,36,49,94,67,72,33,102,127,90,34,117,49,69,54,116,64,161,0,57,44,108,240,0,177,67,139,100,145
2149,81,47,47,74,59,86,417,87,87,43,118,44,206,103,76,148,41,45,115,63,77,92,50,79,58,54,131,68,105,57,222,80,135,62,121,92,47,123,45,61,49,117,107,100,118,63,846,101,81,80,63,56,73,466,59,213,192,118,117,68,53,60,44,77,92,89,603,54,36,49,93,67,72,33,101,127,87,34,115,48,68,54,115,63,161,0,57,44,107,240,0,176,67,138,100,144
2150,80,47,47,74,59,86,416,87,87,43,117,44,206,102,76,148,41,45,114,63,77,91,50,79,58,53,131,68,103,56,222,80,133,62,120,92,47,121,45,61,48,116,106,99,118,63,842,101,80,80,63,56,73,463,59,213,192,116,114,68,53,60,44,76,91,88,602,54,36,48,93,67,72,33,98,127,86,33,114,47,67,53,114,61,160,0,56,44,105,237,0,176,67,138,100,144
2151,80,46,47,73,58,86,414,87,87,43,116,42,204,101,76,148,41,45,114,62,77,90,50,79,58,53,131,66,102,56,221,79,132,62,120,91,47,121,45,61,46,116,106,99,118,62,842,101,80,80,63,56,73,461,59,212,192,113,114,67,53,59,43,75,91,88,603,54,36,48,92,66,71,33,97,127,85,33,113,46,66,53,112,61,159,0,56,44,105,237,0,176,65,137,99,143
2152,79,46,46,73,58,86,409,87,88,43,116,42,202,101,76,147,41,45,113,62,77,88,50,79,58,50,130,66,101,56,221,79,131,61,117,89,47,120,45,61,46,116,106,98,116,60,838,100,80,80,63,56,72,461,58,212,191,113,113,67,53,58,43,75,90,85,601,52,36,48,92,65,70,33,96,125,84,33,113,46,66,53,112,61,159,0,56,44,104,234,0,176,65,136,98,142
2153,79,46,46,73,58,86,406,86,88,43,115,41,201,101,76,147,41,45,113,62,77,86,50,79,58,50,128,65,101,56,217,78,129,60,116,88,47,120,45,61,46,115,105,98,116,59,837,100,79,80,63,56,71,460,58,211,189,113,112,67,53,57,43,75,90,84,598,51,35,48,92,65,70,33,94,125,84,33,112,46,65,53,111,60,159,0,56,44,104,232,0,176,65,136,98,140
2154,78,46,45,73,58,86,404,85,87,43,115,41,199,100,76,147,41,46,113,61,77,86,50,79,57,50,127,64,100,56,216,77,128,59,115,88,47,118,45,61,46,114,105,98,116,58,834,99,78,80,63,56,70,458,57,209,189,113,112,67,52,56,42,74,90,82,594,50,35,48,92,65,70,33,91,125,84,33,112,46,65,53,111,60,158,0,56,44,103,232,0,175,65,136,98,140
2155,78,46,45,73,56,84,404,84,86,43,114,41,199,98,74,145,41,47,113,61,76,86,50,79,57,50,127,64,99,56,215,76,128,59,115,88,47,117,45,61,46,113,104,97,115,58,830,99,77,80,63,56,70,453,57,208,189,112,109,67,52,55,42,74,88,81,591,50,35,47,91,64,70,33,91,125,84,33,112,46,65,53,111,59,158,0,56,44,102,232,0,174,65,135,95,140
2156,78,46,45,73,56,84,401,84,86,42,114,41,198,98,74,144,41,47,113,61,76,85,49,79,57,49,126,63,99,56,213,76,127,59,115,88,46,117,45,61,46,112,103,97,115,57,829,99,77,80,63,56,69,451,57,208,189,111,108,67,51,52,42,74,88,79,590,50,35,47,90,63,70,33,91,125,84,32,111,45,65,52,111,59,155,0,57,44,102,230,0,173,65,133,95,140
2157,78,46,45,73,56,83,400,83,86,42,114,41,197,98,74,141,41,47,113,61,74,84,49,79,57,49,126,63,99,56,213,75,125,59,115,88,46,117,45,60,45,112,103,97,114,57,826,97,77,80,63,56,69,451,57,208,188,110,108,67,51,52,42,73,88,79,587,49,35,47,89,63,71,32,91,125,82,32,111,44,65,52,111,59,155,0,57,44,102,229,0,173,64,130,93,139
2158,78,46,45,73,56,83,399,82,86,42,113,41,195,98,74,140,41,47,113,60,73,83,49,79,57,49,125,62,99,56,212,75,125,59,114,88,46,117,44,60,45,112,103,97,114,57,823,97,77,79,63,56,68,449,57,206,187,109,108,63,51,52,41,73,88,78,587,49,35,47,89,62,71,31,91,124,81,32,111,44,65,52,111,58,152,0,56,44,100,228,0,171,62,130,93,139
2159,77,46,44,72,55,83,397,82,85,42,110,41,195,98,74,140,39,46,113,60,72,83,49,79,57,49,124,62,99,56,212,75,125,57,113,87,46,117,43,60,45,111,102,96,114,56,820,94,76,78,63,56,67,446,57,206,186,109,108,63,51,52,40,73,88,78,582,49,35,47,89,62,71,31,90,123,80,32,111,43,65,52,108,57,152,0,55,44,99,228,0,171,62,130,92,139
2160,76,46,44,72,55,83,396,81,84,42,109,41,194,97,72,138,39,46,113,60,72,84,49,79,57,49,123,61,99,56,212,71,124,56,113,86,46,116,43,60,45,111,101,96,114,56,820,93,75,77,63,55,67,445,57,206,186,108,107,63,51,51,40,73,87,78,582,49,35,47,88,62,71,31,90,122,79,32,111,43,65,52,107,57,151,0,54,44,99,226,0,171,62,128,92,138
2161,76,44,43,71,55,83,396,80,84,42,108,41,193,94,71,136,39,45,113,60,70,84,49,79,57,49,123,60,99,55,209,71,122,56,112,84,46,116,43,60,45,111,101,95,114,56,816,93,75,75,63,54,66,441,57,206,185,108,106,63,51,51,40,73,87,78,581,49,35,47,87,62,71,31,91,122,79,32,109,43,64,52,107,55,151,0,54,43,99,225,0,171,62,127,92,138
2162,76,44,43,71,54,82,392,80,82,41,107,41,193,94,71,136,39,45,113,59,70,83,48,79,57,49,123,60,97,55,208,71,121,56,109,84,46,116,43,60,42,111,101,95,114,56,816,92,75,74,63,54,66,438,57,205,184,108,105,63,51,51,40,70,87,78,581,48,35,46,87,62,71,31,91,122,79,32,108,41,64,52,107,53,151,0,53,43,99,224,0,169,62,126,92,137
2163,75,44,43,71,54,82,392,80,81,41,107,41,193,94,70,136,39,45,113,59,70,82,48,79,56,49,121,60,96,54,208,71,119,56,109,83,46,116,43,59,42,111,100,94,114,56,811,92,73,74,63,53,64,435,57,203,183,108,103,63,51,50,40,70,86,76,579,48,35,45,87,60,69,31,90,122,79,32,107,41,64,52,106,52,149,0,53,42,97,222,0,168,62,126,92,137
2164,75,44,43,71,52,81,389,79,81,41,104,41,192,93,70,136,39,44,112,59,70,82,48,79,56,49,121,60,95,53,205,71,119,56,109,83,46,116,43,58,42,111,98,93,114,56,810,92,73,74,62,53,64,433,57,203,183,108,102,63,51,50,40,70,85,76,578,46,35,45,86,60,69,31,90,121,79,32,106,41,64,52,106,51,149,0,53,42,95,221,0,168,62,125,92,137
2165,75,44,43,69,52,80,387,79,81,40,103,41,191,93,69,136,39,43,111,59,70,82,47,79,56,49,120,60,95,52,205,71,119,56,109,82,46,116,43,57,42,111,98,93,114,56,806,90,73,74,62,53,63,432,57,203,182,105,101,63,51,50,39,70,84,76,579,45,35,44,86,60,69,31,89,120,78,32,105,41,64,52,106,51,149,0,52,42,93,221,0,166,62,124,91,137
2166,75,44,43,69,51,80,385,78,81,40,102,41,187,93,68,134,39,43,110,59,69,81,47,79,55,49,119,59,94,51,205,71,117,56,107,82,46,115,42,56,42,111,98,93,114,56,803,89,72,73,62,52,63,429,57,203,182,104,100,62,51,49,39,70,83,76,578,45,35,44,86,60,68,31,89,119,76,32,105,41,64,52,106,51,150,0,51,42,93,221,0,163,62,124,91,136
2167,75,44,42,69,51,80,382,75,81,40,102,40,186,93,68,133,39,43,110,58,69,81,47,79,55,49,118,59,92,51,202,71,117,53,106,82,46,114,42,56,42,109,97,93,113,56,800,88,72,73,62,52,63,427,56,203,181,104,97,62,51,48,39,69,82,74,577,44,34,44,86,60,68,31,89,118,76,32,103,42,63,52,106,51,149,0,51,42,91,220,0,161,62,124,91,136
2168,75,44,42,68,51,80,381,75,80,39,101,40,185,93,68,133,39,42,110,57,69,81,47,79,55,49,117,59,92,51,200,71,117,53,106,82,46,114,42,56,42,107,97,93,112,56,797,88,72,73,62,52,63,427,56,203,181,103,97,62,51,47,39,68,81,74,572,44,34,43,85,60,68,31,89,117,75,31,102,40,62,52,104,50,149,0,51,41,91,220,0,159,61,124,89,134
2169,73,44,42,68,51,80,378,75,80,39,100,40,183,93,68,133,38,42,109,57,69,80,47,79,55,49,117,59,91,50,199,71,116,53,106,82,46,113,42,55,42,107,96,93,111,56,793,85,71,73,62,52,62,423,56,201,180,102,97,62,50,47,39,68,80,72,570,44,34,43,84,60,68,30,89,113,75,31,101,40,62,51,104,50,146,0,50,41,91,219,0,157,60,124,88,133
2170,72,43,42,68,51,79,378,74,80,38,99,40,181,93,68,132,37,42,109,57,69,80,47,79,55,49,115,58,91,50,197,70,116,52,105,81,46,113,42,54,42,105,94,91,110,55,789,84,71,73,61,51,62,422,56,201,178,101,96,61,49,46,39,68,80,71,569,43,33,43,82,60,68,29,87,112,75,31,101,40,62,51,102,48,146,0,50,41,90,219,0,155,60,123,87,131
2171,72,43,42,67,51,79,376,74,80,38,99,40,179,93,68,132,37,42,109,56,69,80,45,79,55,49,114,58,90,48,197,70,116,51,105,81,46,112,42,54,42,104,94,91,110,55,781,84,70,73,61,51,62,415,55,199,176,101,96,60,48,46,39,68,80,70,568,42,33,43,82,60,68,29,86,110,74,31,101,40,62,51,101,48,145,0,50,41,90,219,0,154,59,123,87,130
2172,70,42,41,66,50,79,374,73,79,37,99,39,178,93,68,130,37,42,109,56,68,80,45,79,55,48,113,58,89,48,195,70,114,51,105,81,45,110,42,54,41,104,92,91,109,54,781,84,69,72,60,51,62,409,55,198,175,100,96,60,48,45,39,66,80,70,568,42,33,43,82,60,68,29,86,110,73,31,101,40,61,51,100,48,144,0,50,39,89,218,0,154,58,121,87,129
2173,70,41,41,66,50,79,372,71,79,37,99,39,178,93,67,128,37,42,108,55,67,80,45,79,55,47,111,58,88,48,195,69,113,50,104,80,45,110,42,52,41,104,92,88,109,53,781,83,68,72,60,51,62,405,54,197,175,99,95,60,48,43,39,66,79,70,564,42,33,43,82,60,67,29,86,108,72,30,101,40,61,50,98,48,144,0,50,39,88,216,0,154,58,121,85,128
2174,69,41,41,66,50,79,371,71,79,37,99,39,178,92,67,127,37,42,108,55,67,79,45,77,55,45,110,58,87,47,193,68,112,49,104,79,45,109,41,52,41,104,92,86,109,52,777,83,68,72,59,51,62,404,53,196,175,98,94,58,48,43,39,66,79,70,564,41,33,41,82,60,67,29,85,107,72,30,101,39,61,50,98,47,143,0,50,39,88,215,0,152,58,120,84,128
2175,68,41,41,64,50,79,368,71,79,37,97,39,177,92,65,127,37,42,108,55,66,79,45,76,54,45,108,58,86,47,192,68,112,49,103,79,45,108,41,52,41,103,92,86,109,52,775,83,67,71,59,49,60,402,53,194,173,96,93,58,48,42,39,64,79,70,562,40,33,40,82,60,67,29,84,107,72,30,101,39,61,50,96,47,143,0,50,39,88,213,0,151,58,119,82,127
2176,66,41,41,64,49,78,366,71,79,37,97,39,175,92,65,127,36,42,108,55,66,77,45,75,54,45,108,58,85,47,192,67,110,49,103,78,45,108,41,52,40,103,92,86,108,52,774,81,67,69,59,49,60,400,53,192,171,96,93,58,48,41,38,64,78,70,555,39,33,39,82,60,67,29,84,107,71,30,99,39,61,50,95,46,143,0,50,39,87,213,0,150,57,119,82,127
2177,66,41,41,64,49,78,365,71,78,36,96,38,173,92,65,127,35,42,108,55,66,76,45,74,54,45,107,58,83,47,191,65,108,49,103,77,45,108,41,52,40,103,92,86,108,52,771,81,67,67,58,49,60,400,53,191,170,96,92,58,48,41,37,64,77,70,554,39,33,39,82,59,67,29,84,107,71,30,97,39,61,49,94,46,143,0,50,39,86,213,0,149,57,119,82,127
2178,66,41,40,64,48,78,364,70,77,36,96,38,173,91,65,126,35,41,106,55,66,76,45,74,54,44,107,58,83,47,190,65,107,48,103,76,45,108,40,52,40,102,91,86,107,52,768,81,67,67,58,48,59,397,52,190,170,96,91,56,48,41,37,64,75,69,552,39,32,38,82,58,67,29,84,107,71,30,96,39,61,49,93,45,143,0,50,39,86,212,0,149,57,118,82,127
2179,65,41,40,64,47,77,361,69,76,36,96,38,173,89,64,126,35,40,106,55,65,75,45,74,53,44,104,57,83,46,190,65,107,47,103,76,45,107,40,51,40,100,91,86,105,52,769,81,66,67,58,48,59,395,52,190,168,96,90,56,48,41,37,64,74,69,553,38,32,38,81,58,67,28,84,107,71,30,96,38,61,49,93,45,143,0,50,38,86,210,0,148,57,118,82,126
2180,65,41,41,64,47,77,358,68,75,36,96,38,173,89,64,126,35,40,105,55,65,74,44,74,53,44,104,56,83,46,188,65,107,47,103,75,45,107,40,51,40,100,91,86,105,52,768,80,66,67,58,48,58,396,51,190,168,95,90,56,48,41,37,63,74,68,550,38,30,38,79,57,66,27,83,107,71,30,95,38,61,48,92,45,141,0,50,38,86,209,0,148,56,118,81,124
2181,64,42,41,64,47,77,358,68,74,36,95,37,170,89,64,125,35,40,104,55,65,73,44,74,53,44,104,56,82,45,186,64,106,47,103,75,45,106,40,50,40,100,89,86,105,52,767,79,66,66,57,48,58,395,51,190,167,95,89,56,46,41,36,63,74,68,547,38,30,38,79,56,65,27,83,106,71,30,95,38,61,48,92,44,141,0,50,38,86,209,0,148,56,117,81,121
2182,64,42,40,64,47,77,357,68,74,36,92,37,169,89,64,124,35,40,104,55,65,73,42,74,52,44,104,55,82,45,185,63,105,47,102,75,45,106,40,50,40,99,89,86,105,52,763,78,66,66,57,48,57,393,51,190,167,95,89,56,46,41,36,62,73,68,544,38,30,38,79,56,65,27,83,104,71,30,94,38,61,46,92,43,141,0,50,38,85,207,0,148,56,117,81,120
2183,64,42,39,63,47,77,357,68,74,36,92,36,169,88,63,122,34,40,104,54,65,73,42,74,52,44,103,54,82,44,184,63,105,46,101,75,45,105,40,49,40,97,88,84,105,52,763,76,66,66,57,48,57,389,49,188,167,95,89,56,46,41,36,61,73,67,542,38,29,37,79,56,64,27,83,104,71,29,94,38,61,45,92,43,140,0,50,38,85,207,0,146,56,117,81,119
2184,64,41,39,62,46,77,355,68,74,34,90,36,168,86,63,121,34,40,103,54,63,72,41,74,52,44,103,54,81,44,182,63,103,46,100,75,45,103,40,49,40,96,88,84,105,52,759,76,65,66,57,48,57,389,49,188,165,94,89,56,45,39,36,60,73,66,542,38,29,37,78,56,64,27,83,104,71,29,94,37,61,45,92,42,140,0,50,38,85,206,0,145,56,115,79,119
2185,64,41,39,62,46,77,354,68,73,34,89,36,167,85,62,120,34,39,103,54,63,72,40,74,52,42,103,54,79,44,181,63,103,46,100,75,45,102,40,49,39,95,88,84,105,52,755,76,65,66,57,48,57,388,48,187,164,93,89,56,44,39,36,60,73,66,540,38,28,35,77,55,63,26,82,104,69,29,94,37,59,44,92,42,140,0,50,37,85,206,0,143,56,115,79,118
2186,64,40,39,62,46,77,351,68,73,34,89,36,167,85,62,119,33,39,103,54,63,72,38,74,52,41,103,54,79,44,177,61,102,46,100,75,45,101,40,49,38,95,88,84,104,52,754,76,64,66,57,48,57,386,48,186,162,93,88,55,43,39,36,59,73,66,538,38,28,35,76,55,63,26,82,102,68,29,92,37,59,44,92,42,139,0,50,37,82,205,0,143,54,114,79,117
2187,64,40,39,61,46,77,349,68,70,34,89,36,166,85,61,119,33,39,103,54,63,72,38,74,52,41,103,54,79,44,177,61,102,45,100,75,44,100,40,49,38,94,88,82,103,52,751,76,64,66,57,48,55,386,47,186,162,93,88,54,43,38,36,59,72,65,537,37,28,34,76,55,63,26,81,102,68,29,92,37,59,44,90,42,138,0,49,36,81,203,0,143,53,114,79,116
2188,63,40,37,61,46,77,349,68,70,34,89,36,164,85,61,119,32,39,102,54,63,72,38,74,52,41,103,54,79,44,175,60,100,44,100,75,44,100,39,49,38,94,88,82,103,50,749,76,64,66,57,48,55,384,47,186,162,93,88,54,42,38,36,58,71,65,536,37,27,34,76,55,63,26,80,102,68,28,92,37,59,44,88,41,137,0,48,36,81,202,0,141,53,114,79,114
2189,63,40,37,61,46,77,345,67,70,34,89,36,164,84,61,118,32,39,102,53,63,72,37,74,52,41,103,54,79,44,175,59,100,44,100,75,44,100,39,48,37,94,88,82,102,50,747,76,64,65,57,48,55,384,47,186,162,92,88,54,42,37,35,58,71,65,533,37,26,34,75,55,63,26,80,102,66,27,92,36,59,44,88,41,136,0,48,36,81,202,0,141,53,112,78,114
2190,62,40,37,60,45,77,344,67,70,34,89,35,163,84,61,118,32,39,100,53,63,71,36,74,51,41,101,54,78,44,175,58,100,44,99,75,44,100,39,48,37,93,88,82,102,50,741,76,63,65,57,48,55,380,46,186,162,91,87,53,42,37,35,58,71,65,532,37,26,33,75,55,62,26,80,102,65,27,92,36,59,44,87,41,134,0,48,36,81,201,0,140,52,111,78,114
2191,62,39,37,60,43,77,342,65,70,34,89,35,163,84,60,118,32,38,99,53,62,71,36,74,51,41,101,54,77,44,174,58,100,44,97,75,43,100,39,48,35,93,88,82,101,50,738,76,63,65,57,48,54,378,46,186,161,89,86,51,42,37,35,58,71,64,529,37,26,33,75,55,62,25,80,102,65,27,92,36,59,44,86,41,134,0,48,36,81,199,0,140,52,111,78,113
2192,61,39,36,60,43,77,339,65,69,33,87,35,160,84,60,118,32,37,98,53,62,71,35,72,50,41,101,54,76,43,172,58,100,44,96,75,43,99,39,48,34,93,88,82,101,50,739,75,62,64,57,48,53,378,46,186,160,89,86,50,42,37,35,57,70,64,526,37,25,33,75,55,62,25,79,101,65,27,92,36,56,42,86,41,134,0,48,36,80,198,0,140,52,111,78,113
2193,61,39,36,59,43,77,339,64,69,33,87,35,160,84,59,118,32,37,95,53,62,70,35,71,50,41,100,54,76,43,172,57,100,44,95,74,43,98,39,47,34,93,88,82,101,50,734,74,62,63,56,48,53,377,46,185,160,89,86,50,40,36,34,56,69,63,524,37,25,33,74,55,62,25,79,101,64,27,91,36,56,42,86,41,133,0,48,36,80,197,0,140,52,109,78,113
2194,60,39,36,58,43,76,338,64,69,32,87,35,159,84,58,118,32,37,95,53,62,70,34,70,49,41,99,53,76,42,172,56,99,44,94,74,40,98,38,47,33,92,87,82,100,50,732,74,62,63,54,48,53,377,46,182,160,88,86,50,40,36,34,56,69,63,522,37,25,33,74,55,62,25,79,100,64,26,91,36,56,42,86,41,132,0,48,36,80,198,0,140,52,109,77,113
2195,60,39,36,58,43,76,336,64,69,32,87,34,159,84,56,116,32,37,92,52,61,70,34,70,49,41,98,53,76,42,172,56,99,43,94,74,40,98,37,47,33,91,87,82,99,50,731,73,62,63,54,47,53,371,45,180,160,88,86,50,40,36,34,55,68,62,522,37,25,33,72,55,62,25,77,99,64,26,90,35,56,42,85,41,132,0,48,35,79,197,0,137,52,108,77,113
2196,60,38,35,58,42,76,333,63,68,32,87,34,159,84,56,115,30,35,92,51,61,70,34,69,49,40,97,53,76,41,171,56,98,43,93,74,40,98,37,47,32,91,87,82,96,50,727,73,62,62,54,47,53,370,44,179,160,88,86,50,40,36,34,55,68,62,520,34,24,33,72,54,61,25,77,98,64,26,90,35,56,41,83,41,130,0,48,35,79,196,0,135,51,108,77,109
2197,59,38,35,58,41,75,329,62,68,32,86,34,159,82,55,115,29,35,92,50,61,69,34,69,49,39,96,52,75,41,169,56,98,43,92,74,39,98,36,47,32,91,87,80,95,50,726,71,62,62,54,47,53,366,44,177,159,87,86,50,40,36,34,55,67,61,517,34,23,33,72,53,60,25,77,97,64,26,90,34,56,41,83,41,129,0,48,35,77,194,0,135,50,108,76,109
2198,59,38,35,58,41,74,326,61,68,32,86,34,159,82,55,115,29,33,92,50,60,68,33,69,49,39,96,52,75,41,167,56,97,43,91,74,39,98,36,47,30,91,87,80,95,50,724,71,62,61,53,47,52,364,44,176,158,87,86,50,40,35,34,55,67,61,518,34,23,33,71,53,60,25,76,94,64,26,90,34,56,41,83,40,129,0,48,35,77,194,0,134,50,107,76,109
2199,59,37,35,58,40,74,325,60,68,32,84,34,159,81,54,114,29,33,91,50,59,67,33,69,49,39,96,52,75,41,166,56,97,43,89,74,38,96,36,47,30,90,87,80,94,50,722,71,62,61,53,47,52,362,44,176,156,86,86,50,40,35,34,55,67,61,514,34,23,33,71,53,60,25,75,94,64,26,89,33,56,41,81,40,129,0,48,35,77,192,0,134,50,104,74,109
2200,58,37,35,58,40,73,323,60,68,31,84,34,159,81,54,112,29,33,89,50,58,67,33,68,48,39,96,52,74,41,164,56,97,43,89,73,38,96,36,47,30,89,87,79,92,50,720,71,61,61,52,47,52,362,44,176,155,84,86,50,40,35,34,55,67,61,511,34,23,33,71,52,60,25,75,94,64,26,89,33,56,41,81,39,128,0,48,34,76,191,0,133,49,104,74,109
2201,57,37,35,58,40,73,320,59,68,31,84,34,159,80,53,112,28,32,89,50,57,67,33,68,48,39,96,51,74,40,164,56,96,43,89,71,38,94,36,47,30,89,87,78,90,50,720,70,61,60,52,47,52,362,44,176,155,83,86,50,39,35,34,55,67,61,510,34,23,32,71,52,59,25,75,93,63,26,89,32,56,41,81,39,127,0,48,34,76,190,0,133,48,104,73,107
2202,57,37,35,58,40,73,320,59,68,31,84,34,157,79,53,112,28,32,89,50,57,68,32,68,48,39,96,51,73,40,164,56,95,43,88,70,37,94,36,47,30,89,86,78,88,50,718,70,61,59,52,47,51,362,44,175,154,82,85,49,39,35,34,55,67,61,510,34,23,32,70,52,59,25,74,93,62,26,89,32,56,40,81,39,127,0,48,34,76,187,0,132,48,102,73,107
2203,57,37,35,56,40,73,318,59,68,31,84,34,157,78,52,112,28,32,89,50,57,68,32,67,48,39,96,51,73,40,163,56,95,43,88,70,36,93,36,47,30,89,86,78,88,50,717,70,59,58,52,47,51,361,44,174,152,82,84,48,39,35,33,55,66,61,508,33,23,32,70,52,59,25,72,93,61,26,89,32,56,39,81,38,127,0,48,34,76,186,0,131,48,101,73,107
2204,57,37,35,56,39,71,316,59,68,30,84,34,156,78,50,110,28,32,89,49,57,68,32,67,48,39,96,51,72,40,163,56,95,43,88,70,36,93,36,45,30,88,86,77,87,49,715,70,59,58,52,47,51,359,44,172,150,82,83,48,39,35,33,55,66,61,505,33,23,32,70,52,59,25,72,93,60,25,88,32,56,37,81,37,126,0,47,34,76,186,0,130,48,100,72,107
2205,56,37,35,56,38,71,315,58,68,30,84,34,155,78,49,110,28,32,89,49,57,68,32,67,47,39,96,51,72,40,163,56,94,43,88,70,35,93,36,45,30,87,86,77,86,49,710,69,59,58,52,47,50,357,44,172,150,82,81,48,39,35,32,55,66,59,506,33,23,32,70,52,59,25,71,93,59,25,88,30,56,37,80,36,124,0,47,34,76,186,0,130,48,99,72,107
2206,56,37,34,56,37,69,314,58,68,30,84,34,155,78,48,110,28,31,89,48,57,68,32,66,47,39,95,51,70,40,163,56,94,43,88,70,34,91,36,45,30,86,85,77,86,49,710,69,59,56,52,47,48,356,43,171,150,81,81,48,39,35,32,55,65,59,504,33,23,32,70,52,59,25,70,93,59,25,88,30,55,37,79,36,123,0,46,34,76,186,0,130,48,98,71,106
2207,55,37,33,56,37,69,311,57,67,30,84,34,155,77,48,110,28,31,89,48,57,68,32,66,47,39,95,51,70,40,162,54,94,43,88,70,34,91,35,45,30,85,84,75,86,49,709,68,59,56,52,46,47,355,43,169,148,80,81,48,39,34,32,55,65,58,503,32,23,32,69,51,58,25,70,92,59,25,88,29,55,36,78,36,123,0,46,34,75,186,0,130,47,98,71,105
2208,55,37,33,56,37,69,311,57,67,29,83,34,152,77,46,109,28,31,88,48,56,68,31,66,47,39,94,50,70,39,161,54,94,43,88,70,34,91,35,45,30,85,83,75,85,49,707,68,59,56,52,46,46,353,42,168,148,80,81,48,39,33,32,54,65,58,502,31,22,30,69,50,58,25,70,91,59,25,88,29,55,36,78,36,122,0,46,33,75,186,0,130,47,98,69,104
2209,55,36,33,56,36,68,307,57,67,29,83,34,151,77,46,109,28,31,88,48,56,68,31,66,47,38,94,49,70,39,161,54,94,43,88,69,34,90,35,45,30,85,82,74,85,49,706,68,59,56,52,46,46,350,42,168,148,80,81,48,39,33,32,54,65,58,501,31,22,30,68,50,58,24,70,91,59,25,88,29,54,36,78,36,120,0,45,32,73,184,0,128,47,96,69,104
2210,54,36,33,56,36,67,306,56,67,29,83,34,148,76,44,108,27,30,88,46,56,67,31,66,47,38,94,49,69,38,160,54,94,43,88,68,34,90,35,45,30,85,82,73,84,49,704,68,59,56,51,44,45,346,42,166,146,80,81,48,39,32,31,54,64,58,500,31,22,30,68,50,57,24,69,90,59,25,88,29,53,36,78,36,120,0,45,32,72,183,0,128,46,96,68,104
2211,52,36,31,56,36,67,302,55,66,29,83,34,148,76,44,108,27,30,87,46,55,66,31,66,47,38,94,49,69,38,158,53,94,43,88,68,34,90,34,43,30,85,82,73,83,48,702,68,59,56,51,44,45,338,42,166,146,79,81,48,39,32,31,54,64,58,496,31,22,30,68,50,56,24,69,90,59,25,87,29,54,36,78,36,120,0,45,32,71,180,0,128,46,96,67,103
2212,52,36,31,54,36,65,301,55,63,29,82,34,147,76,44,108,27,30,85,46,55,65,31,66,47,38,94,49,69,38,155,53,94,43,87,68,33,90,34,43,30,85,80,73,83,48,700,68,59,56,51,44,45,338,42,166,145,79,81,48,39,32,31,54,63,58,495,31,22,30,67,50,56,23,69,89,59,25,86,29,54,36,78,36,119,0,45,32,70,180,0,128,46,96,66,103
2213,52,36,31,54,35,64,300,54,61,29,82,34,144,75,43,108,27,30,85,46,55,64,29,66,47,37,94,48,69,36,153,53,94,43,86,68,33,90,34,43,29,83,80,73,82,48,699,67,59,56,50,44,45,338,42,165,145,78,81,47,39,32,31,54,62,57,494,31,22,30,66,50,55,22,69,89,59,24,86,29,54,36,77,36,118,0,45,32,70,180,0,127,45,95,65,102
2214,52,36,31,53,35,64,299,54,61,29,82,34,144,75,42,108,27,29,83,46,55,64,29,66,47,37,94,48,69,35,153,53,93,43,86,68,33,89,34,43,28,82,80,71,81,46,698,67,59,56,50,44,45,337,42,165,143,77,81,47,39,32,31,54,62,56,490,30,22,29,65,50,55,22,69,89,59,24,84,29,53,36,77,36,118,0,45,32,70,180,0,126,45,95,65,102
2215,52,35,31,53,35,64,293,54,61,29,81,34,144,74,42,108,26,29,83,46,55,64,28,66,47,36,94,48,69,35,151,53,91,43,86,68,33,89,33,43,28,80,78,71,80,46,696,67,59,56,49,44,45,335,42,165,140,77,80,46,39,32,31,54,62,56,488,30,22,29,65,49,54,22,68,87,59,24,84,29,51,36,76,35,116,0,44,33,69,179,0,125,44,95,65,102
2216,52,35,30,53,35,64,290,54,61,29,80,34,143,74,42,107,25,29,83,46,54,64,28,66,47,36,94,48,69,35,147,53,91,43,86,68,33,88,33,43,28,81,78,70,79,45,693,65,58,56,48,43,44,333,41,165,138,77,80,45,38,32,31,54,62,56,486,30,22,28,65,49,54,22,68,87,59,24,84,28,51,36,75,35,114,0,44,33,69,179,0,125,43,95,65,102
2217,52,35,30,53,35,61,290,54,61,29,80,34,142,73,42,107,25,29,83,45,54,64,28,66,46,35,93,46,69,35,147,53,90,43,85,67,33,87,33,43,28,81,78,70,79,45,691,64,58,56,48,43,44,331,41,163,135,77,80,45,38,32,31,54,61,56,484,30,22,28,65,49,54,22,68,87,58,24,82,28,51,36,74,35,114,0,44,33,68,178,0,124,43,94,65,101
2218,52,35,30,53,34,61,290,54,61,29,79,34,142,73,42,106,25,29,83,45,53,64,28,65,46,35,93,46,69,35,145,51,90,43,85,67,33,86,33,43,28,81,78,70,79,45,690,64,58,56,48,43,44,330,41,161,135,77,79,45,38,32,31,54,59,56,480,30,21,28,64,49,54,21,68,87,58,24,80,28,51,36,74,35,114,0,44,33,67,176,0,124,43,93,64,100
2219,51,34,29,52,34,61,287,53,61,29,78,34,142,73,41,106,25,29,83,45,53,63,28,65,46,35,93,46,69,35,144,51,90,43,85,67,32,86,33,42,28,81,78,69,78,45,689,63,58,55,48,43,44,329,41,161,134,77,79,44,38,31,31,54,59,55,479,30,20,26,64,49,54,21,68,86,57,24,80,28,51,36,74,34,114,0,44,33,67,176,0,124,43,91,64,100
2220,50,34,29,52,34,60,285,53,61,29,77,34,142,73,39,103,25,29,82,45,52,63,28,64,46,34,93,45,69,35,144,50,90,43,84,67,32,86,33,42,28,79,78,69,77,45,686,63,57,53,48,43,44,328,41,161,134,76,79,44,38,31,31,54,59,55,474,29,20,26,64,49,54,21,68,85,57,24,79,28,51,35,73,34,114,0,44,33,66,175,0,124,43,91,62,99
2221,50,34,29,52,34,59,283,53,61,29,77,34,141,73,39,103,25,29,82,45,52,63,28,64,46,32,93,45,69,35,144,50,89,43,84,67,32,86,33,42,28,78,78,69,77,45,680,63,57,53,48,43,44,327,41,157,133,76,78,44,38,31,31,53,59,54,471,29,20,26,64,49,53,21,68,85,57,23,79,28,49,35,73,33,114,0,44,32,65,175,0,122,42,91,62,98
2222,50,34,29,52,34,59,282,52,61,29,77,34,140,74,39,102,25,29,82,45,52,62,28,63,46,30,93,44,68,35,143,49,88,43,84,67,32,84,33,40,28,78,77,69,76,45,675,63,57,52,48,43,43,326,40,154,133,76,77,44,37,31,30,53,59,54,468,29,19,26,63,49,52,21,68,84,57,23,79,28,49,35,73,33,113,0,44,32,65,175,0,122,42,90,61,98
2223,50,34,28,52,34,59,280,51,61,29,77,32,140,73,39,102,25,28,81,45,51,62,27,63,46,30,92,43,67,35,143,49,88,43,84,67,32,83,33,40,28,76,77,69,76,45,671,62,57,53,47,42,43,325,40,152,133,75,77,44,37,31,30,53,59,54,465,29,19,26,63,49,52,21,67,84,58,23,79,28,48,35,73,33,112,0,43,32,65,175,0,121,42,90,60,97
2224,50,34,28,52,34,58,280,51,59,29,77,32,139,73,38,102,25,28,81,45,51,62,27,63,46,30,92,43,66,35,143,49,87,43,83,66,32,82,32,40,28,76,76,69,76,45,668,62,56,53,47,41,43,324,39,152,133,75,76,44,37,31,29,53,59,54,462,29,19,26,63,49,52,21,68,84,58,22,79,28,48,34,73,33,112,0,43,32,65,174,0,121,42,88,60,96
2225,50,34,28,52,34,58,279,51,58,29,77,32,138,73,38,102,25,28,81,45,51,62,27,63,45,30,92,43,66,35,142,49,87,43,83,66,31,82,32,40,28,76,74,68,76,44,662,62,56,53,47,41,43,322,39,151,133,74,75,44,37,31,27,53,59,54,460,29,19,24,63,49,51,21,68,83,58,22,79,28,48,34,72,33,111,0,43,32,65,174,0,121,42,87,60,95
2226,50,34,28,52,34,58,278,51,57,28,77,32,138,72,38,102,25,27,80,45,51,62,26,62,45,30,92,43,66,35,141,49,86,43,83,65,30,82,32,39,27,75,73,68,75,43,660,62,56,53,46,41,43,321,39,151,133,74,75,43,37,30,27,52,59,54,460,29,19,24,61,48,50,21,68,82,56,22,79,27,48,33,71,33,111,0,43,32,64,174,0,121,42,86,60,95
2227,50,34,28,52,34,58,278,51,57,28,77,31,137,72,38,101,25,27,80,45,51,62,26,62,45,29,92,42,66,35,139,49,86,43,81,65,30,82,31,39,27,75,73,67,74,43,656,61,55,53,46,40,42,319,39,148,133,73,75,42,37,30,26,52,59,53,459,29,19,24,61,48,49,21,68,82,55,22,79,27,48,32,71,33,109,0,43,32,64,174,0,121,41,86,60,94
2228,49,34,28,52,34,58,275,50,54,28,76,31,136,71,38,101,24,27,80,44,51,62,26,62,45,29,92,42,65,35,137,48,86,43,80,64,30,82,31,39,27,75,73,66,74,43,654,61,55,52,46,40,42,317,39,146,131,73,75,42,37,30,26,52,59,52,458,29,19,24,61,48,49,21,68,82,55,22,78,27,48,31,71,33,109,0,40,32,64,174,0,121,41,85,59,94
2229,49,32,28,51,34,58,274,50,54,28,73,31,134,71,38,101,24,26,80,44,51,61,26,62,45,29,92,42,65,35,137,48,86,41,80,64,29,82,31,39,27,75,73,66,74,43,652,61,55,52,46,38,41,315,39,145,131,71,74,42,36,30,26,51,59,52,457,26,19,24,61,48,48,21,68,82,55,22,78,27,48,31,71,33,108,0,40,31,63,173,0,120,41,85,59,93
2230,48,30,28,51,34,57,274,50,54,28,73,30,132,71,38,101,24,26,80,44,51,61,26,62,44,29,92,42,65,35,136,48,86,40,80,62,29,82,31,39,26,75,73,64,74,43,650,61,55,52,46,38,41,313,38,145,131,71,74,41,37,30,25,51,59,52,456,26,19,24,61,47,48,21,67,81,55,22,77,27,48,31,70,33,108,0,39,31,62,173,0,119,41,84,59,93
2231,48,30,28,50,34,57,273,49,52,28,71,30,131,70,37,101,24,26,80,44,51,61,26,61,43,29,92,41,65,35,136,48,86,40,79,62,29,80,31,39,26,73,73,62,74,43,648,61,55,52,46,38,41,310,38,145,131,70,74,41,36,30,25,51,59,50,455,26,19,24,61,47,48,20,66,81,55,22,77,27,48,31,70,33,108,0,38,31,62,172,0,118,41,83,59,90
2232,48,30,28,50,34,57,268,49,51,28,71,30,131,69,37,101,24,26,80,44,51,60,26,60,40,28,92,40,65,35,136,48,86,40,79,61,29,79,31,38,25,73,72,62,74,43,647,60,55,52,46,38,41,310,38,145,130,70,73,41,36,30,25,51,58,49,454,26,19,24,61,47,48,20,65,81,55,22,76,27,48,31,70,33,108,0,38,31,61,171,0,117,41,82,59,89
2233,48,30,28,50,34,57,268,48,51,28,71,29,131,69,36,101,24,26,80,44,51,60,26,60,40,28,91,40,64,35,134,47,86,40,77,61,29,77,30,38,25,73,72,62,74,42,645,60,54,51,46,38,41,310,38,143,130,70,73,41,36,30,25,51,58,49,454,26,19,24,60,47,48,20,65,81,54,22,74,27,48,31,67,33,108,0,38,31,61,169,0,117,41,82,59,88
2234,48,29,28,50,34,57,267,48,50,28,71,28,131,69,35,100,24,26,80,44,51,60,26,59,40,28,90,40,64,35,134,47,86,40,77,61,29,75,30,38,25,73,72,61,74,42,644,59,54,50,46,38,41,309,38,142,130,70,72,41,36,30,25,50,57,49,452,25,19,24,60,47,48,20,66,81,53,22,74,27,48,31,66,32,107,0,38,31,61,167,0,117,41,81,59,87
2235,47,28,28,50,34,57,266,48,50,27,71,27,131,68,35,100,24,26,79,44,51,60,25,59,40,28,90,40,64,35,133,46,85,39,77,61,29,74,30,38,25,73,72,60,72,42,644,59,52,49,46,38,41,308,38,142,130,70,72,41,36,30,25,50,57,48,449,25,18,24,59,47,48,20,66,80,53,22,73,26,48,31,66,32,107,0,38,29,61,167,0,117,41,80,59,87
2236,46,28,28,50,34,57,265,48,49,27,71,27,130,68,35,100,24,26,79,44,51,58,25,59,40,28,90,40,64,34,133,46,85,38,77,61,29,71,30,38,24,73,72,60,72,42,640,57,52,49,46,38,41,308,38,140,129,70,72,41,35,30,25,50,56,48,447,25,18,24,58,47,47,20,65,80,53,22,73,26,48,31,66,32,106,0,38,29,60,167,0,115,41,80,59,86
2237,46,28,28,50,34,57,264,48,48,27,71,27,130,68,35,98,24,26,79,44,50,56,25,59,40,28,90,40,64,34,132,46,85,38,77,61,29,71,30,38,24,73,71,60,70,42,636,57,51,49,46,38,41,307,38,138,127,70,72,41,35,30,25,50,56,48,445,25,18,24,57,47,47,20,64,80,53,22,73,25,47,31,66,32,106,0,38,29,59,166,0,115,41,80,59,84
2238,45,28,28,49,33,57,264,47,48,27,69,27,128,68,35,98,24,26,79,44,50,56,25,58,39,27,90,39,63,34,131,45,85,38,77,61,29,71,30,38,23,73,70,60,70,42,634,57,51,48,45,38,41,305,37,137,126,70,72,41,35,30,25,50,56,48,441,25,18,22,56,46,47,20,64,80,52,22,73,25,47,31,66,30,106,0,38,29,59,166,0,114,41,80,59,83
2239,44,27,28,49,33,57,260,47,48,27,68,26,127,68,34,97,24,26,79,44,50,55,25,58,39,27,90,39,63,34,130,44,85,37,75,60,29,71,30,38,23,71,70,60,69,42,632,57,51,46,45,36,41,304,37,134,126,70,70,41,35,30,25,50,56,47,438,25,18,22,55,46,47,20,64,80,52,22,73,25,47,31,66,29,106,0,37,29,59,164,0,113,41,80,59,82
2240,43,26,27,49,32,56,259,47,48,27,67,26,127,68,34,97,23,25,79,44,50,55,25,58,39,27,89,38,62,34,130,44,85,37,75,60,29,72,30,38,23,71,70,60,69,41,630,56,49,46,44,36,40,302,37,133,126,70,69,41,35,30,25,50,56,46,433,25,18,22,54,46,46,20,64,79,52,22,73,25,47,30,66,29,107,0,37,29,59,163,0,112,40,80,58,81
2241,42,24,27,49,32,56,259,47,48,27,67,26,126,67,33,97,23,24,79,43,50,55,25,58,39,26,88,38,62,33,130,44,85,37,74,60,29,72,30,38,23,70,70,60,69,41,630,56,49,46,44,36,40,299,37,132,124,70,69,41,35,30,25,50,56,46,430,23,18,22,54,45,46,20,64,78,52,21,73,25,47,30,66,29,107,0,36,29,59,161,0,111,40,79,58,80
2242,42,24,27,49,32,56,258,47,48,27,67,26,126,67,32,97,23,24,79,39,50,55,25,58,38,26,88,38,62,33,130,44,83,37,73,60,29,72,30,38,23,70,70,60,69,41,626,55,49,46,44,36,40,295,37,131,123,69,69,41,35,29,25,49,55,45,426,23,18,22,53,45,46,20,63,78,52,21,73,25,44,30,66,29,107,0,36,29,58,160,0,111,39,78,58,80
2243,42,24,27,48,32,56,255,47,48,27,67,27,126,67,32,97,23,24,78,37,50,55,25,58,38,26,85,38,61,33,130,44,82,37,73,60,29,72,30,39,23,70,70,60,68,38,623,55,49,46,43,36,40,295,37,130,122,69,69,41,35,29,25,49,55,44,425,23,18,21,52,45,45,20,62,77,52,21,72,25,44,30,66,29,106,0,36,29,56,159,0,111,37,77,58,80
2244,41,24,26,48,32,56,254,47,48,27,66,27,126,67,32,97,23,24,78,37,50,55,25,58,38,26,85,38,59,33,130,43,81,37,73,60,29,72,30,39,23,69,69,60,66,38,622,55,49,45,43,36,40,292,37,131,122,69,69,41,35,29,24,49,54,44,425,23,18,21,52,45,45,20,62,77,52,21,72,24,44,30,64,29,106,0,36,29,55,157,0,111,36,77,58,77
2245,41,24,26,46,32,56,253,47,48,27,66,26,124,67,32,96,23,24,76,37,50,55,25,57,38,25,85,38,58,33,130,43,81,37,71,60,28,71,29,38,23,69,68,59,66,38,618,55,49,45,43,35,40,290,37,129,122,67,69,41,35,29,24,48,53,44,424,23,18,21,52,44,44,19,62,77,52,21,71,24,44,30,64,29,106,0,36,27,55,156,0,109,36,76,58,74
2246,41,24,26,46,32,54,253,47,48,27,66,26,124,66,31,95,23,24,76,37,50,55,24,57,37,25,85,38,58,31,127,43,81,36,71,60,28,70,29,38,23,69,68,58,66,38,613,55,49,46,43,35,39,289,37,128,122,67,69,41,35,28,24,48,52,44,423,23,18,21,52,43,44,19,60,75,52,21,71,24,44,30,63,28,106,0,35,27,55,155,0,108,35,76,57,72
2247,41,24,26,45,32,54,253,47,48,27,65,26,124,66,31,95,23,24,76,37,50,55,24,56,37,25,85,38,58,30,127,42,80,35,70,60,28,68,29,38,23,69,68,58,66,37,612,54,49,46,42,35,38,287,37,127,122,67,68,41,34,27,24,48,52,44,423,23,18,21,52,42,43,19,60,75,52,21,70,24,44,30,63,28,106,0,35,27,55,155,0,107,35,75,57,72
2248,40,24,25,44,32,54,251,47,48,27,63,26,124,66,31,94,23,24,76,36,50,55,24,56,37,25,85,38,57,30,125,42,79,34,70,59,28,68,29,38,23,69,68,58,66,37,607,54,49,45,42,35,38,282,37,127,121,67,68,41,34,26,24,48,52,44,419,22,18,21,52,42,43,19,60,75,52,21,70,24,44,30,63,28,106,0,35,27,55,152,0,104,34,75,56,72
2249,40,24,25,43,32,54,250,47,47,27,63,26,122,65,31,94,22,24,76,36,50,55,24,54,36,25,85,38,57,30,123,42,79,34,70,59,28,67,29,38,23,69,67,57,66,37,604,53,49,45,42,35,38,278,37,127,121,66,67,41,34,26,24,48,52,44,415,22,18,21,52,42,43,19,60,75,50,21,69,23,44,30,63,28,106,0,35,27,55,151,0,105,33,74,55,72
2250,40,24,25,43,32,54,251,46,47,27,63,25,120,64,31,93,22,23,76,36,50,55,24,53,36,25,85,38,57,29,122,42,79,34,69,58,28,67,29,38,22,69,67,57,65,37,602,53,49,45,42,35,38,275,37,127,121,66,66,41,33,26,24,48,52,43,412,22,18,21,52,42,43,19,60,75,50,21,69,23,44,30,63,28,105,0,35,27,55,149,0,105,32,74,54,72
2251,40,24,24,43,32,54,247,46,47,27,63,25,120,65,30,93,22,23,76,35,50,54,24,53,36,25,85,38,57,29,122,41,78,34,68,57,28,67,29,38,22,69,67,57,65,37,599,52,48,44,42,35,38,275,37,126,120,65,66,41,32,26,24,48,52,43,409,22,18,21,52,42,43,19,59,75,49,21,69,23,44,30,61,28,103,0,35,27,53,149,0,105,32,74,54,72
2252,40,24,24,43,32,54,245,46,47,26,63,24,119,64,30,93,22,23,74,35,50,54,24,52,36,25,85,37,56,28,121,40,78,34,66,57,28,67,29,38,22,69,67,57,65,37,594,51,48,44,40,35,37,275,37,125,119,64,66,41,32,26,24,48,52,42,406,21,18,21,52,42,43,19,59,75,49,19,69,23,44,29,61,28,101,0,35,26,51,148,0,106,32,72,54,72
2253,40,24,24,43,32,52,244,46,46,26,63,24,118,64,30,92,22,23,72,35,50,54,24,51,36,25,84,37,56,27,121,40,78,34,66,57,27,67,29,37,21,68,66,57,65,37,594,51,48,43,39,35,37,273,37,124,118,64,66,41,32,26,24,48,52,42,406,21,18,21,51,42,42,19,59,74,48,19,69,22,44,29,60,28,98,0,34,26,51,148,0,105,32,72,55,72
2254,40,24,24,41,31,52,241,46,45,26,62,24,118,64,30,92,21,23,72,35,50,54,24,51,35,25,84,37,55,27,119,39,77,34,66,57,27,67,29,37,21,68,65,57,65,37,593,49,48,43,39,35,37,274,37,123,116,64,65,41,32,25,24,47,50,42,405,21,18,21,51,42,41,18,58,74,47,19,68,22,44,29,60,28,97,0,34,26,50,147,0,105,32,72,55,72
2255,39,23,24,41,31,51,241,46,44,26,62,24,117,64,30,91,21,23,72,35,50,54,24,51,34,25,84,36,55,27,119,38,76,33,66,56,27,66,29,37,21,68,65,57,65,37,590,46,48,43,39,35,36,271,37,123,116,64,65,41,32,25,24,47,49,42,405,21,18,21,50,41,41,18,58,73,47,19,68,22,44,29,59,28,96,0,33,26,50,146,0,104,32,71,55,71
2256,38,23,24,41,31,51,239,46,43,26,62,24,117,63,30,91,21,23,71,35,50,54,23,50,34,25,83,36,54,27,118,38,75,33,65,55,27,66,28,37,21,68,64,57,65,37,587,46,48,43,38,35,36,270,37,123,115,63,64,41,32,25,24,46,48,42,404,21,18,21,50,40,41,18,58,73,47,19,67,22,44,29,59,28,96,0,33,26,50,144,0,103,32,70,54,71
2257,38,23,24,40,31,51,236,46,43,26,61,24,115,63,30,91,20,23,71,34,50,54,23,50,34,25,83,36,54,27,118,37,73,33,65,55,27,66,28,36,21,65,64,57,65,37,585,46,48,42,38,35,36,268,37,122,114,63,64,41,32,25,24,46,48,42,398,21,18,21,50,40,40,17,58,72,46,18,66,22,43,29,58,28,96,0,33,26,49,143,0,102,32,70,54,71
2258,38,23,24,40,31,51,235,46,42,26,60,24,115,63,30,91,20,23,70,34,50,54,22,50,34,25,83,36,53,27,116,36,72,33,65,55,27,66,28,36,21,64,64,57,65,37,584,45,48,42,38,35,36,266,37,122,114,63,63,41,31,25,24,46,48,42,396,21,18,21,50,40,40,17,58,70,46,18,65,22,43,29,57,28,95,0,33,26,49,141,0,102,32,70,53,71
2259,38,23,24,40,31,51,232,46,42,26,60,24,114,61,28,91,20,23,70,33,48,53,22,50,34,25,80,35,53,27,116,36,72,32,64,55,26,65,28,36,20,63,63,57,65,37,583,45,47,42,38,35,36,265,37,120,113,61,63,41,31,25,24,46,48,42,393,21,18,21,50,40,40,17,58,70,46,18,65,22,43,29,56,27,94,0,33,26,49,139,0,101,31,68,53,71
2260,38,23,22,39,30,51,232,46,42,26,59,24,113,60,28,89,20,23,70,32,48,53,22,50,34,25,80,35,52,27,116,36,72,31,64,55,26,64,28,36,20,62,63,57,65,37,579,43,47,42,38,35,36,263,37,118,112,61,63,41,31,25,24,46,48,42,393,21,18,21,50,40,40,17,58,70,46,18,65,22,43,29,56,27,94,0,33,25,49,137,0,100,31,68,53,71
2261,38,23,21,38,30,51,232,46,42,26,59,24,112,60,27,89,20,23,70,31,47,53,22,49,34,25,78,35,52,27,116,36,72,31,64,55,26,64,28,35,20,60,63,57,65,36,578,43,46,42,38,35,36,262,37,117,111,60,63,41,29,24,24,46,47,42,389,21,17,21,50,40,40,17,57,66,46,18,65,22,43,29,56,27,92,0,33,25,49,136,0,97,31,68,52,71
2262,38,22,21,37,30,51,230,46,42,26,59,24,112,60,27,89,19,22,70,31,47,53,22,48,33,25,77,35,52,27,116,36,72,31,64,55,26,64,28,35,19,60,63,57,65,36,576,43,46,42,38,35,36,263,37,115,111,59,63,41,29,24,23,46,47,42,389,21,17,21,50,38,40,17,55,66,46,18,65,22,42,29,56,27,91,0,34,25,49,136,0,97,31,68,52,70
2263,38,21,20,37,30,51,228,46,42,26,59,24,112,60,27,88,19,22,70,31,46,53,22,47,32,25,76,34,52,27,114,36,72,31,63,55,26,64,28,34,19,60,63,57,65,36,574,43,46,41,37,34,36,262,37,115,111,59,63,41,29,24,23,46,47,42,388,21,17,21,49,37,40,17,54,66,46,17,65,21,42,29,56,27,90,0,34,24,49,134,0,97,31,68,52,69
2264,37,21,19,36,30,51,227,46,42,26,59,24,111,60,27,88,19,22,70,31,46,53,22,47,32,25,76,32,52,27,114,36,72,31,61,55,26,64,28,34,19,59,62,57,64,36,570,43,46,41,37,34,36,262,36,115,111,59,63,41,29,24,23,46,47,42,385,21,17,20,49,36,40,17,54,65,46,17,65,21,42,29,56,26,89,0,34,25,49,133,0,97,31,68,52,69
2265,36,21,19,36,30,51,225,45,42,26,58,24,109,60,27,87,19,22,70,30,46,53,22,46,31,25,76,32,52,27,112,36,72,31,61,53,26,64,28,34,19,59,60,56,64,35,564,43,46,41,37,34,36,261,36,114,111,59,63,40,29,24,22,46,46,42,383,21,17,20,49,35,39,17,54,65,46,17,64,20,42,29,56,25,89,0,34,25,48,133,0,97,31,68,52,69
2266,36,20,19,36,27,51,225,45,42,26,58,24,109,59,27,87,19,21,69,30,46,53,22,46,31,24,76,32,51,27,111,36,72,31,61,52,26,63,28,34,19,59,59,56,64,35,562,43,46,40,37,34,36,259,36,113,110,59,63,40,29,23,22,46,45,42,382,21,17,20,49,35,39,17,54,65,46,17,64,20,42,29,55,25,88,0,34,24,48,133,0,98,31,68,51,69
2267,36,20,19,36,26,51,224,45,42,26,57,24,108,58,26,87,19,21,68,30,46,53,22,46,30,24,76,32,51,27,111,36,69,31,60,52,26,62,28,35,19,59,59,56,63,34,559,43,45,40,37,34,36,258,34,113,108,59,63,40,29,22,22,46,45,42,379,21,17,19,49,35,39,17,53,65,46,17,64,20,42,29,55,24,87,0,34,23,48,133,0,97,30,68,51,66
2268,36,20,19,36,26,51,223,45,42,26,57,24,106,58,26,87,17,21,66,29,46,53,22,44,30,24,76,32,51,27,111,36,69,31,59,52,26,62,28,35,19,59,59,55,63,34,558,43,45,40,37,34,35,256,34,112,108,59,61,39,29,22,22,46,44,42,376,21,17,19,49,35,39,17,53,64,45,17,63,20,42,29,54,24,87,0,33,23,48,131,0,97,30,68,51,66
2269,35,20,19,36,25,51,221,45,42,26,57,24,106,58,26,86,17,21,64,29,46,53,22,44,29,24,75,32,50,27,111,36,69,31,59,52,26,62,28,35,19,59,59,55,63,33,553,43,45,40,37,33,35,253,34,111,108,58,61,39,29,22,22,46,43,42,373,21,17,19,49,34,39,17,53,63,45,17,63,20,41,29,54,24,87,0,33,23,48,131,0,95,30,68,51,66
2270,35,20,19,36,25,51,219,45,42,24,57,24,105,58,26,86,17,21,64,28,46,53,22,43,29,24,75,32,50,27,110,36,68,30,59,52,26,62,28,35,19,59,57,55,62,33,553,43,45,40,37,33,35,251,34,111,107,58,60,39,29,22,22,46,42,42,371,21,17,19,49,34,39,17,53,63,44,17,63,20,41,27,54,24,87,0,33,23,48,130,0,95,30,67,51,66
2271,35,20,19,36,25,51,218,45,41,24,56,24,105,58,26,85,17,20,64,27,46,53,22,43,29,24,74,32,49,27,110,36,68,30,58,52,26,62,28,35,18,59,56,55,62,32,552,43,45,39,37,33,35,249,34,111,106,58,60,39,29,22,22,45,42,42,368,21,17,19,49,34,38,17,53,63,44,17,62,20,41,26,53,24,87,0,33,22,48,128,0,95,30,67,51,65
2272,35,19,19,35,25,51,218,45,41,24,56,23,105,58,26,84,17,20,62,27,46,53,21,43,29,24,74,32,49,27,110,36,68,30,58,52,26,61,28,35,18,59,56,55,61,32,551,43,44,38,37,33,35,248,33,111,106,57,60,39,29,22,22,44,42,40,367,21,17,19,47,34,38,17,53,63,44,17,62,20,41,24,53,24,87,0,33,22,48,127,0,94,30,67,51,65
2273,35,19,19,33,25,51,217,45,40,24,56,23,105,57,26,84,17,20,62,27,46,53,21,43,28,24,72,32,49,27,110,36,68,30,58,52,26,61,28,35,18,58,56,55,61,32,548,43,44,38,37,33,35,246,33,109,105,57,60,39,29,22,22,44,42,40,365,21,17,19,47,34,38,17,53,62,44,17,62,20,40,24,53,23,86,0,33,22,47,127,0,93,30,67,51,65
2274,35,19,19,33,25,50,214,44,40,24,56,23,105,55,26,83,17,20,61,27,44,53,20,43,27,24,72,32,47,27,108,36,68,29,58,51,26,61,28,35,18,58,56,55,61,32,547,42,44,38,37,33,35,244,33,110,104,57,60,38,29,22,21,44,40,39,363,21,15,19,47,33,38,17,53,62,44,17,61,20,40,24,52,23,85,0,33,22,47,126,0,90,30,66,51,64
2275,34,19,19,32,25,50,213,44,40,24,56,23,103,55,26,83,16,20,60,27,43,53,20,43,27,24,72,31,46,27,107,35,68,28,58,50,26,61,28,35,18,58,54,54,61,32,547,42,44,38,36,33,35,243,30,110,103,57,60,38,29,21,21,44,40,39,362,21,14,19,46,33,38,17,51,62,44,17,61,20,39,24,52,22,83,0,33,22,47,126,0,89,30,66,50,64
2276,34,19,19,32,25,49,212,44,40,23,56,23,103,55,26,82,16,20,59,27,43,53,20,43,27,24,72,31,46,25,105,35,67,28,58,50,26,60,27,35,18,58,54,54,60,31,545,42,44,38,36,33,35,242,30,109,101,56,59,38,29,21,21,44,40,39,361,21,14,19,46,33,38,17,49,62,44,17,61,20,38,24,52,22,81,0,33,22,47,125,0,89,30,66,50,64
2277,33,19,19,31,25,49,212,44,40,22,56,23,101,55,26,82,16,20,58,27,43,53,20,43,27,24,72,31,46,25,105,35,66,28,58,49,26,60,27,35,17,58,54,53,60,30,543,42,43,37,36,33,35,242,29,108,101,55,58,38,29,21,21,43,39,39,359,21,14,19,46,33,38,17,49,62,44,17,59,20,38,24,52,22,81,0,33,22,47,125,0,88,30,66,50,64
2278,33,19,19,31,25,48,211,43,40,22,55,23,99,55,26,82,16,20,56,27,41,53,20,43,27,24,72,31,46,25,103,35,64,28,57,49,26,58,27,35,17,58,54,53,60,30,542,41,43,37,35,33,35,240,29,108,100,54,58,38,29,21,21,43,39,39,359,21,13,19,46,33,38,17,49,62,44,16,59,20,38,24,52,22,81,0,33,22,46,124,0,88,30,65,49,64
2279,33,19,19,31,25,48,210,43,40,22,54,23,99,55,26,81,16,20,56,27,41,53,20,42,27,23,72,31,46,25,101,35,64,28,57,49,26,58,27,35,17,58,53,51,59,30,540,41,43,37,35,33,35,240,29,108,98,54,58,37,29,21,21,42,38,39,360,21,13,19,46,33,38,17,49,62,44,16,57,20,38,24,52,22,81,0,32,22,46,124,0,87,30,64,49,64
2280,32,19,19,31,25,48,210,43,40,22,54,22,98,55,26,81,16,20,56,27,41,53,20,42,27,23,72,31,46,25,101,35,62,28,57,48,26,58,26,35,17,58,53,51,58,30,537,40,43,37,35,33,35,240,29,107,97,54,58,37,29,21,21,42,37,39,359,21,13,19,46,33,38,16,49,62,43,15,57,18,38,24,51,22,81,0,32,22,46,124,0,87,30,64,49,64
2281,32,19,19,30,25,47,208,42,40,22,54,22,98,54,26,81,15,20,56,26,41,53,20,42,27,22,72,31,46,25,100,35,62,28,57,48,26,57,25,35,17,58,52,50,58,30,535,40,42,35,35,33,35,237,29,106,97,53,58,37,29,21,21,42,37,38,358,21,13,19,46,33,38,16,49,62,43,15,55,18,37,23,51,22,79,0,32,22,46,124,0,86,30,64,48,64
2282,32,19,18,30,25,47,208,42,40,22,54,22,98,54,26,80,15,20,56,25,41,53,20,42,27,22,72,31,46,25,99,35,62,27,56,48,26,57,25,35,17,58,52,50,58,29,535,40,42,35,35,33,35,235,29,106,96,53,57,37,28,21,21,42,37,38,358,21,13,19,46,33,38,16,49,61,43,15,55,18,37,23,51,21,78,0,32,21,46,122,0,83,29,63,48,64
2283,32,19,18,29,25,47,208,42,40,21,54,22,97,54,26,80,15,19,56,25,41,53,20,42,27,22,72,30,45,25,99,35,62,27,55,48,26,57,24,35,16,58,52,50,58,29,534,40,41,35,35,33,34,234,29,106,96,53,57,37,28,20,21,42,37,38,356,21,13,19,46,33,37,16,49,60,43,15,54,18,36,23,51,21,77,0,32,21,45,121,0,82,29,62,48,64
2284,31,19,18,29,25,47,207,42,39,21,53,21,95,54,26,80,15,19,56,25,40,53,20,41,27,21,70,30,45,25,98,33,62,27,54,48,25,57,24,35,16,58,52,50,58,29,534,40,41,35,35,33,34,233,29,106,96,53,57,37,28,20,21,42,36,38,352,21,13,18,46,33,37,15,49,60,43,15,54,18,36,22,51,21,77,0,32,21,45,121,0,81,29,62,48,63
2285,31,19,18,29,24,47,205,41,39,21,53,21,94,54,26,79,15,19,55,25,39,53,20,40,27,21,70,30,45,25,97,33,62,25,54,47,25,57,24,35,16,57,52,50,57,29,527,40,41,35,35,33,34,233,29,106,96,53,57,37,28,20,21,42,35,38,351,20,13,18,45,32,37,15,49,60,43,15,53,18,36,22,51,21,77,0,32,21,44,121,0,81,29,61,48,63
2286,31,19,18,29,24,47,205,41,39,21,53,21,94,53,26,78,15,19,55,25,38,51,20,40,27,21,70,30,45,25,97,33,62,25,54,47,25,57,24,35,16,57,52,50,57,29,525,40,41,35,34,33,32,232,29,106,93,53,56,36,27,20,20,41,35,38,345,20,13,18,45,32,36,15,49,59,42,15,53,18,36,22,50,21,77,0,31,21,44,121,0,81,29,60,48,63
2287,32,19,18,29,24,46,205,41,39,20,53,21,93,53,26,78,15,19,54,25,38,51,20,40,27,21,70,30,45,25,97,33,61,25,54,46,24,57,24,34,16,57,50,50,56,29,525,39,41,34,34,33,31,231,28,105,93,53,56,35,27,20,20,40,35,37,345,20,13,18,43,32,36,15,49,58,42,15,53,17,34,22,50,21,77,0,31,21,44,121,0,80,29,58,48,62
2288,32,19,18,29,23,45,202,41,39,20,52,21,93,52,26,78,15,19,53,25,38,51,20,40,27,21,70,30,45,25,97,33,61,25,54,45,24,56,22,34,16,57,49,50,56,29,523,38,41,34,34,33,31,230,28,104,93,53,55,35,27,20,20,40,35,37,342,20,13,18,42,32,36,15,48,58,42,15,53,17,33,22,50,21,77,0,31,21,44,121,0,80,29,58,48,61
2289,32,19,18,29,23,44,203,41,39,20,52,21,93,52,25,76,15,19,53,25,38,51,20,39,27,21,70,30,45,25,97,32,61,25,53,45,24,56,22,34,16,57,49,50,56,29,521,38,41,34,32,33,30,229,28,103,93,53,55,35,27,19,20,40,35,37,340,20,13,18,42,31,35,15,47,58,42,15,52,17,33,22,50,20,77,0,31,21,44,121,0,80,29,58,48,60
2290,31,19,18,29,23,44,201,41,38,20,52,21,93,51,25,76,15,19,53,25,37,50,20,39,27,21,70,30,44,25,96,32,61,25,53,44,24,56,22,34,16,57,49,50,56,29,518,38,41,33,32,33,30,227,27,102,93,52,54,35,27,19,20,39,36,37,340,20,13,17,42,31,35,15,46,58,42,14,52,17,33,22,50,19,77,0,30,21,43,119,0,79,29,58,48,59
2291,31,19,18,28,23,44,201,40,37,19,52,21,93,51,24,76,15,19,53,25,37,48,20,39,27,21,69,30,44,25,94,32,60,24,53,43,24,56,22,33,16,56,49,50,56,28,516,38,40,32,31,32,30,225,27,101,92,52,54,35,27,19,20,39,36,37,340,20,13,17,41,31,35,15,46,57,41,14,52,17,33,22,50,19,77,0,30,21,43,117,0,79,29,57,47,58
2292,31,19,18,28,23,44,201,40,37,19,52,21,91,50,24,75,15,19,53,24,37,48,20,39,27,21,69,30,44,25,94,31,60,24,52,43,24,56,22,32,16,56,49,50,56,28,513,38,39,32,31,32,30,225,27,100,91,52,54,34,27,19,20,39,34,37,339,20,13,17,40,31,35,15,46,57,40,14,52,17,33,21,50,19,77,0,30,21,42,115,0,79,27,56,47,58
2293,31,19,18,28,23,44,198,40,37,19,52,21,91,50,24,75,15,19,53,24,37,48,20,39,27,21,68,30,43,25,94,31,59,23,51,42,24,56,22,32,16,56,49,50,54,28,508,37,39,32,31,32,30,225,27,98,91,52,54,34,26,19,20,39,34,37,337,20,13,17,40,31,35,15,46,57,39,13,52,17,33,21,48,19,77,0,30,21,42,115,0,77,26,56,47,58
2294,31,19,18,28,23,44,196,39,37,19,52,21,91,49,24,75,15,19,52,24,37,47,20,39,27,21,66,30,43,25,93,31,58,23,51,41,23,56,21,32,16,56,49,50,52,28,506,37,39,32,30,32,30,224,27,98,90,51,53,33,26,18,20,38,34,36,338,20,13,17,39,30,35,14,45,57,39,13,51,17,33,20,48,18,77,0,30,21,42,114,0,74,26,55,47,57
2295,31,19,18,28,23,44,195,39,36,19,52,20,91,49,24,75,15,19,52,24,37,46,20,38,26,21,66,30,43,25,93,30,58,21,49,41,23,55,21,32,16,56,47,50,52,27,503,37,39,32,30,32,29,224,27,98,90,51,53,33,26,18,20,38,34,36,338,19,13,17,39,30,35,14,45,57,39,13,51,17,32,20,48,18,75,0,30,20,42,113,0,74,26,55,46,57
2296,31,19,18,28,23,44,195,39,36,19,51,20,91,49,24,75,15,19,52,23,37,45,20,37,26,20,66,30,42,23,91,30,58,21,48,41,23,55,21,32,16,56,47,50,51,27,501,37,39,32,29,32,29,221,26,98,89,51,52,33,26,18,20,38,33,36,336,17,13,17,39,29,35,13,45,57,39,13,50,16,32,20,46,18,75,0,30,20,41,112,0,74,26,55,46,57
2297,30,19,17,28,22,43,195,39,36,18,51,20,91,49,23,74,15,18,52,23,37,44,20,37,26,20,66,30,42,23,91,30,57,21,48,41,22,55,21,32,16,56,47,50,49,26,499,37,38,32,29,32,29,221,26,97,89,51,51,33,26,18,20,38,33,36,336,17,13,16,39,29,35,13,45,57,39,13,49,16,32,20,46,18,74,0,30,20,41,110,0,73,26,55,45,57
2298,30,19,17,28,22,43,193,38,36,18,51,20,90,49,23,74,15,18,50,23,36,44,20,37,26,19,65,30,42,23,91,30,57,21,46,41,22,55,21,32,16,56,46,50,49,26,499,36,38,30,29,32,28,219,26,97,89,50,51,33,25,18,20,38,33,36,333,17,12,16,39,27,35,13,44,57,39,13,48,16,31,20,46,18,74,0,30,20,41,110,0,73,26,54,45,57
2299,30,19,17,28,22,43,191,38,36,18,51,20,89,49,23,74,15,18,50,23,35,44,20,37,26,19,65,29,41,23,89,30,56,21,46,41,22,55,21,32,16,56,46,49,49,26,499,36,38,30,29,32,28,216,26,97,89,50,50,33,25,18,20,38,33,36,332,17,12,16,39,27,35,13,41,57,39,13,48,16,30,20,45,18,72,0,30,20,41,110,0,73,26,54,45,57
2300,30,19,17,28,22,43,190,38,36,18,51,20,89,49,23,73,15,18,50,23,35,44,20,37,26,19,64,29,41,23,89,30,56,21,45,41,22,55,21,32,16,56,46,49,49,26,498,36,38,30,29,32,28,216,26,97,89,50,49,33,25,18,20,38,33,36,330,17,12,16,39,26,34,13,41,55,39,13,47,16,30,19,45,18,72,0,30,20,40,110,0,72,26,54,44,57
2301,30,19,17,28,22,43,188,38,36,18,51,19,89,49,23,73,15,18,50,23,35,44,20,37,26,18,64,28,41,23,89,29,56,21,45,41,21,55,21,32,16,54,46,49,49,24,496,36,38,30,28,32,28,214,26,97,89,50,49,33,25,18,17,38,33,36,327,17,12,16,39,26,34,13,41,55,38,13,47,16,29,19,45,18,72,0,30,20,40,109,0,71,26,54,44,57
2302,30,19,17,28,22,43,187,38,36,17,50,18,89,48,23,73,15,18,47,23,35,44,20,37,26,18,64,28,41,23,88,29,55,21,45,41,21,55,21,32,16,53,46,49,49,24,491,36,38,30,28,32,27,213,26,95,88,50,49,32,25,18,17,37,33,36,327,17,12,16,39,26,34,13,41,55,37,13,47,16,28,19,45,18,72,0,30,20,37,109,0,71,26,53,42,57
2303,30,19,17,28,22,43,187,38,36,17,50,18,88,47,22,72,15,18,46,23,35,44,20,37,26,18,64,28,41,23,88,29,53,21,45,41,21,55,21,32,16,53,46,48,49,24,487,36,38,28,28,32,27,212,26,94,88,50,49,32,25,18,17,37,33,36,326,17,11,16,39,26,34,12,41,55,36,13,47,16,28,19,44,18,72,0,29,20,37,108,0,71,26,52,42,57
2304,29,19,17,28,22,43,187,38,36,17,50,18,88,46,22,72,15,18,46,23,34,43,20,37,26,18,64,28,41,22,86,29,53,21,44,41,21,55,20,32,16,52,45,48,48,24,483,36,38,28,28,32,27,207,26,92,88,49,49,32,25,18,17,37,33,36,324,17,11,15,38,26,34,12,41,55,36,13,47,16,28,19,44,18,71,0,29,20,37,108,0,70,26,52,41,57
2305,28,19,18,28,22,43,187,37,36,17,50,18,88,46,22,72,15,18,46,22,34,43,20,36,26,18,64,27,41,22,86,29,53,21,43,41,21,55,20,32,16,52,44,47,48,22,481,36,37,28,28,32,27,205,26,91,87,49,47,32,25,18,17,37,33,36,324,17,11,15,38,26,34,12,41,55,36,13,47,16,28,19,44,18,69,0,28,21,37,107,0,69,26,52,41,57
2306,28,19,18,28,21,42,187,36,35,17,50,18,88,46,22,72,14,18,46,22,34,43,20,35,26,18,63,27,40,22,86,29,52,21,42,40,21,55,19,32,16,51,44,46,48,22,477,36,37,28,28,32,27,204,26,90,87,49,47,32,24,18,17,37,31,35,322,17,11,15,38,26,33,12,41,55,36,13,47,16,28,19,44,18,69,0,27,21,37,107,0,69,24,52,41,57
2307,28,19,17,28,21,42,186,36,35,17,50,18,88,44,22,72,14,18,46,22,34,43,20,35,26,18,63,27,40,22,86,28,52,21,42,40,21,55,19,31,16,51,44,46,48,22,476,36,37,27,28,32,27,202,25,90,87,48,47,32,24,18,17,37,31,34,319,17,11,15,37,25,33,12,41,55,35,12,47,16,28,19,44,18,69,0,27,21,37,107,0,70,24,52,41,57
2308,28,19,17,27,20,42,186,36,35,17,50,18,87,44,22,72,14,18,46,21,33,43,20,35,26,17,62,27,40,22,84,28,51,20,41,40,21,55,19,31,15,51,43,44,48,22,474,36,37,27,28,31,27,202,25,90,87,48,46,32,24,18,17,37,31,34,316,17,11,15,37,24,33,12,41,55,34,12,47,16,28,19,44,17,69,0,27,21,37,106,0,70,23,52,41,57
2309,28,19,17,27,20,42,185,36,35,17,50,18,86,44,22,72,14,18,46,20,33,43,20,35,26,17,62,27,40,22,84,27,51,20,41,40,21,55,19,31,15,51,43,44,48,22,473,34,36,27,28,31,26,202,24,90,87,47,46,31,24,18,17,37,31,34,317,16,11,15,37,24,33,12,40,55,33,12,47,16,28,19,44,17,69,0,27,21,36,105,0,68,23,51,41,56
2310,28,19,17,27,20,41,185,36,35,17,50,18,86,44,21,72,14,17,45,20,33,43,20,35,26,17,62,27,38,22,84,27,51,20,41,40,21,55,19,30,15,51,42,43,48,22,470,34,36,27,28,31,26,201,24,89,87,47,46,31,24,18,17,37,30,33,315,16,11,15,36,24,33,12,40,55,33,12,47,16,28,19,43,17,68,0,27,21,36,105,0,68,24,51,41,56
2311,28,19,17,27,20,41,184,36,35,17,50,18,86,43,21,72,14,17,44,20,32,42,20,35,26,16,62,27,38,21,84,27,51,20,41,39,21,54,19,30,15,51,42,43,48,22,466,34,36,26,28,31,26,201,24,89,87,46,45,30,24,18,16,37,30,33,315,15,11,15,35,24,33,12,40,55,33,12,47,16,28,19,42,17,68,0,27,21,36,104,0,67,24,51,41,56
2312,28,19,17,27,20,40,184,36,35,17,50,18,83,43,21,72,14,17,44,19,32,42,20,35,26,16,62,27,38,21,84,27,51,20,41,39,20,54,19,30,15,51,42,43,48,21,464,34,36,26,28,31,25,200,24,89,87,46,44,30,24,18,16,37,30,33,311,15,11,15,35,24,33,12,40,55,33,12,47,16,28,19,42,17,68,0,27,21,36,103,0,66,24,51,41,56
2313,28,19,17,27,20,38,184,36,35,17,49,18,82,43,21,71,14,17,43,19,32,41,20,35,26,16,62,27,37,21,84,27,51,20,41,37,20,53,19,30,15,51,42,44,48,21,465,33,36,26,28,31,25,200,24,88,87,46,43,30,24,17,16,37,30,33,309,15,11,15,35,24,32,12,40,55,33,12,47,16,27,19,42,16,68,0,27,21,36,102,0,66,24,50,41,56
2314,28,19,17,27,20,38,183,36,35,17,49,18,82,43,21,71,14,17,43,19,31,39,20,34,26,16,62,27,37,21,84,27,51,20,41,37,20,53,19,30,15,51,42,44,48,21,463,33,36,26,28,31,25,200,24,87,87,46,41,30,24,17,16,37,29,33,309,15,11,15,35,24,32,12,40,55,33,12,47,16,26,18,42,16,68,0,27,21,36,101,0,65,23,49,41,56
2315,28,18,17,26,20,38,182,36,35,17,48,18,81,43,21,70,14,17,43,19,31,39,20,34,26,16,61,27,37,21,84,27,51,20,41,37,19,53,19,28,15,51,42,44,47,19,460,33,36,26,28,30,25,198,24,86,87,45,41,29,24,17,16,37,29,33,307,14,11,15,35,24,32,12,40,55,33,12,47,16,25,18,42,16,68,0,27,21,35,101,0,64,23,49,41,56
2316,28,18,17,26,20,38,180,36,35,17,48,18,79,43,21,70,14,16,43,19,31,39,20,33,26,16,61,27,36,21,84,27,51,20,41,37,19,52,19,28,15,51,42,44,47,19,459,33,36,26,28,30,25,197,24,85,87,45,41,29,24,17,16,37,29,33,307,14,11,15,35,24,32,12,40,55,33,12,47,15,25,18,42,16,67,0,26,21,35,100,0,64,23,49,41,56
2317,28,18,17,26,20,38,178,36,35,17,47,18,77,43,21,68,14,16,43,19,31,39,20,33,26,16,61,27,36,21,84,27,51,20,40,35,19,52,18,28,15,51,42,43,47,19,457,33,36,26,28,30,25,198,24,85,87,45,41,29,24,17,16,37,29,33,305,14,11,15,34,24,31,12,40,55,33,12,47,15,25,18,42,15,67,0,26,20,35,100,0,64,23,48,41,56
2318,27,18,17,25,20,38,178,36,35,17,47,18,77,42,20,68,14,16,41,19,31,39,20,33,25,16,61,27,34,20,84,27,51,20,40,35,19,52,17,28,15,51,42,43,47,19,456,33,35,26,28,30,25,197,24,85,85,45,41,28,23,17,16,37,29,33,303,14,11,14,34,24,31,12,39,54,33,12,47,15,25,18,42,15,67,0,25,20,35,100,0,63,23,48,41,56
2319,27,17,17,25,19,38,178,36,35,17,47,16,77,42,20,67,12,16,41,19,31,39,20,33,25,16,60,27,34,20,83,27,51,20,40,35,19,51,17,28,15,51,42,42,47,19,453,33,35,26,28,30,25,197,24,85,85,45,41,28,23,17,16,36,29,33,300,14,11,14,34,24,31,12,39,54,33,12,47,15,25,16,42,15,67,0,25,20,35,99,0,63,23,48,41,55
2320,26,17,17,25,19,37,178,36,35,17,46,16,77,42,20,67,12,16,39,19,31,39,20,33,25,16,59,27,34,20,83,27,51,20,40,35,19,50,17,28,15,51,42,42,47,19,450,33,35,26,28,29,25,196,24,85,84,45,41,28,22,17,15,36,29,33,298,14,10,14,33,24,30,12,39,54,33,12,47,15,25,16,42,15,66,0,25,20,34,99,0,63,23,48,41,55
2321,26,16,17,24,19,37,177,36,35,17,46,16,76,41,20,67,12,16,39,19,31,38,20,33,25,16,59,27,34,20,82,27,51,20,40,35,19,50,17,28,15,50,42,42,46,19,449,33,35,26,28,29,25,196,24,85,83,44,41,27,22,17,15,36,29,33,297,14,10,14,33,24,30,12,39,54,33,12,47,15,25,16,42,15,65,0,25,20,34,98,0,63,23,48,41,55
2322,26,16,17,23,19,38,175,36,35,17,45,16,76,41,20,66,12,16,39,19,31,38,20,33,25,16,59,27,34,20,82,27,51,20,40,35,19,50,16,27,15,50,41,41,46,19,446,33,35,26,28,29,25,194,24,85,82,42,41,27,22,17,15,36,29,32,297,14,10,14,33,24,30,12,40,53,33,12,47,15,25,16,42,15,65,0,25,20,33,98,0,63,23,48,41,53
2323,26,16,17,23,19,36,175,36,35,17,44,16,75,41,20,66,12,16,39,19,31,38,19,33,25,16,59,26,34,20,82,27,51,20,39,34,19,50,16,27,15,49,40,41,46,19,443,31,33,26,28,27,25,195,24,82,82,42,41,27,22,17,15,36,29,32,294,14,10,14,33,24,30,11,40,53,33,12,47,14,25,16,42,15,65,0,25,20,32,97,0,62,23,48,41,53
2324,26,16,17,23,19,36,173,36,35,17,44,16,75,41,20,66,12,16,39,19,31,38,19,33,25,15,59,26,34,20,81,27,51,20,39,34,19,50,16,27,15,48,39,41,44,19,441,31,33,26,28,27,25,193,24,81,82,42,41,27,22,17,15,35,29,32,294,14,10,14,33,24,30,11,40,52,33,12,47,14,25,16,42,15,64,0,25,20,32,97,0,62,23,48,39,52
2325,26,16,16,23,19,36,173,36,33,16,44,15,75,39,20,66,12,16,39,19,31,38,19,32,25,15,58,26,34,19,81,26,51,20,39,33,19,50,16,27,15,47,39,41,44,19,439,29,33,26,27,26,25,191,24,81,82,41,41,27,22,17,15,35,29,32,292,14,10,14,32,24,29,11,40,52,33,12,47,14,25,16,42,15,64,0,25,20,31,96,0,61,23,48,39,52
2326,26,16,16,23,19,36,172,36,33,16,44,15,74,39,19,65,12,16,39,19,31,38,19,32,24,15,58,26,34,18,81,26,51,20,39,33,19,50,16,27,15,47,38,41,44,19,439,29,33,26,27,26,25,190,24,81,82,41,41,27,22,17,15,35,29,32,290,14,9,14,32,24,29,11,40,52,33,11,47,14,25,16,41,15,64,0,25,20,31,95,0,61,23,47,39,51
2327,26,16,16,23,19,36,171,35,33,16,44,15,74,39,19,65,12,16,39,19,31,38,19,32,24,15,58,25,33,18,80,26,51,19,39,33,19,50,16,26,14,46,38,41,44,19,438,28,33,26,27,26,24,188,23,81,82,40,41,27,22,17,15,34,29,32,289,14,9,14,32,24,29,11,40,52,33,11,47,14,25,16,41,15,63,0,24,20,31,95,0,61,23,47,38,51
2328,26,16,16,23,19,36,171,35,33,16,44,15,73,39,18,64,12,16,39,19,30,38,19,32,24,15,57,25,33,18,80,26,51,18,38,33,19,49,16,26,14,46,37,41,44,18,437,28,33,26,27,26,24,188,23,81,79,38,41,27,22,17,15,33,29,32,287,14,9,13,31,24,29,11,38,51,32,11,47,14,25,16,41,14,63,0,24,20,31,94,0,61,23,46,37,51
2329,26,15,16,23,19,36,168,35,33,16,44,15,73,39,18,64,12,16,39,19,30,38,19,31,24,15,56,25,33,18,80,26,50,18,38,33,18,48,16,26,14,45,37,41,44,17,435,28,33,26,27,26,24,186,23,80,79,38,41,27,22,17,15,33,29,31,285,14,9,13,30,24,29,10,37,51,32,10,47,14,25,16,41,14,63,0,24,20,31,94,0,61,23,44,37,51
2330,26,14,16,23,19,37,168,35,33,16,43,15,70,39,18,64,12,16,37,19,29,38,18,31,24,15,56,25,33,18,80,25,50,18,38,33,18,47,15,26,14,44,37,41,44,17,432,28,33,26,27,26,24,184,23,79,79,38,41,27,21,17,15,33,29,31,284,14,9,13,30,23,29,10,37,51,32,10,47,14,25,16,41,14,62,0,23,20,29,93,0,61,23,44,37,51
2331,25,14,16,23,19,36,167,35,33,16,41,15,70,39,17,64,12,16,37,19,29,38,18,31,24,15,56,25,32,18,79,25,50,18,38,33,18,47,15,26,14,44,37,41,43,17,431,28,32,26,27,26,24,183,23,79,79,38,41,26,20,17,15,33,29,30,282,14,9,12,30,23,29,10,36,51,32,10,47,14,25,16,41,14,62,0,23,19,29,92,0,61,23,43,37,51
2332,25,14,16,23,19,36,167,35,33,16,41,15,70,39,17,63,12,16,37,19,29,38,18,31,24,15,56,25,31,18,78,25,50,18,38,33,18,46,15,26,14,44,37,41,43,17,430,27,32,26,27,26,24,182,23,79,79,38,41,26,20,17,15,33,29,30,282,13,9,12,30,23,28,10,36,51,32,10,47,14,25,16,41,14,62,0,22,19,29,91,0,61,23,41,37,51
2333,25,14,16,22,19,36,166,35,33,15,41,15,70,39,17,63,12,15,36,19,29,38,18,31,24,15,56,25,30,18,78,23,49,18,38,33,18,45,15,26,14,44,36,41,43,17,428,26,32,26,27,26,24,182,23,79,79,38,41,26,20,17,15,32,28,30,282,13,8,12,30,23,28,10,35,51,32,10,46,14,25,16,41,14,62,0,22,18,29,91,0,59,22,40,35,51
2334,25,14,16,22,19,36,162,35,33,14,41,15,70,39,17,62,12,15,36,19,29,38,18,30,24,15,56,25,30,17,78,22,49,18,38,33,17,45,14,26,14,44,36,41,42,17,427,25,32,26,27,26,22,182,23,78,79,38,41,26,20,17,15,32,27,30,280,13,8,12,30,23,26,10,35,51,32,10,46,14,25,16,41,14,62,0,22,18,29,91,0,59,21,40,35,50
2335,25,14,16,22,19,36,162,34,33,13,41,14,69,39,17,62,12,15,36,18,29,37,18,30,24,15,55,24,30,17,77,22,48,18,38,33,17,45,14,26,13,43,35,40,42,17,425,25,32,26,26,26,22,180,22,78,79,38,41,26,20,17,15,32,27,30,280,13,8,11,29,22,26,10,35,51,32,10,46,14,25,16,41,14,62,0,22,18,29,91,0,59,21,40,35,50
2336,24,14,16,22,19,36,161,34,32,13,41,14,69,39,17,61,12,14,36,18,29,37,18,30,24,15,53,24,29,17,77,22,48,17,38,32,17,44,14,26,13,43,35,40,42,17,423,25,32,25,25,26,22,179,22,77,78,37,41,26,20,17,15,32,27,29,278,13,8,10,29,22,26,10,35,51,32,10,46,14,25,15,40,14,61,0,20,18,29,90,0,59,21,40,35,49
2337,24,14,15,22,19,36,161,34,32,13,40,13,69,39,17,61,12,14,36,17,29,36,18,30,24,15,53,24,29,17,77,22,48,17,38,32,17,44,14,25,13,43,35,40,42,17,421,25,32,25,25,26,22,178,22,76,77,37,41,26,20,17,15,31,27,29,277,13,8,10,29,22,26,10,35,51,32,10,45,13,25,15,40,14,61,0,20,18,29,89,0,57,21,38,35,49
2338,24,14,14,22,18,34,160,34,32,13,39,13,69,39,17,60,12,14,36,17,29,36,18,30,24,15,53,24,29,17,77,21,47,17,38,32,17,43,14,24,13,43,35,40,41,17,420,25,32,25,25,26,22,177,21,76,77,37,41,26,20,16,15,31,27,29,277,13,8,10,29,22,26,10,35,51,30,10,45,13,24,15,40,14,60,0,20,18,29,89,0,55,21,37,35,49
2339,24,14,13,22,18,33,159,33,32,13,39,13,69,38,16,60,11,14,36,17,29,36,18,30,23,15,52,23,29,17,77,21,47,17,38,32,17,42,14,24,13,43,35,39,41,17,417,25,32,25,25,26,22,176,21,74,77,37,41,26,20,16,15,31,27,29,276,13,8,10,29,21,26,10,34,51,30,10,44,13,24,15,40,14,60,0,19,18,29,89,0,55,21,37,34,49
2340,23,14,13,22,18,33,158,33,32,13,39,13,69,38,16,60,11,14,35,17,28,36,18,30,23,15,52,23,28,17,77,21,47,17,38,30,17,42,14,24,13,43,35,39,41,17,416,25,32,25,24,26,22,176,21,72,76,37,39,26,19,16,15,31,27,29,275,12,8,10,29,21,25,10,34,50,29,10,44,12,24,15,39,14,60,0,18,18,29,88,0,55,21,37,34,48
2341,22,14,13,22,18,33,159,33,32,13,39,13,69,38,16,59,11,14,35,17,28,36,18,30,23,15,52,23,27,17,77,21,45,16,38,30,17,42,14,24,13,43,35,39,41,17,414,25,32,25,24,26,22,176,21,71,76,37,39,26,19,16,15,31,26,29,273,12,8,10,28,21,25,10,33,50,28,10,43,12,24,15,39,13,58,0,18,18,29,87,0,55,20,36,34,48
2342,22,14,13,22,18,33,158,33,32,13,39,12,69,38,16,59,11,14,35,17,28,36,18,30,23,15,52,23,27,17,77,21,45,15,38,29,17,42,14,23,13,43,35,39,41,17,409,25,32,24,24,26,22,174,21,71,76,36,39,26,19,16,15,30,26,29,272,12,8,10,28,21,25,10,33,50,28,10,43,12,24,15,39,13,58,0,18,18,29,87,0,55,20,36,34,48
2343,22,14,13,22,18,33,158,33,32,13,39,12,68,38,16,59,11,14,35,17,28,36,18,29,22,15,52,23,27,16,77,21,45,15,38,29,17,42,14,23,13,42,35,39,41,17,408,25,32,24,24,26,21,168,21,71,76,36,39,26,19,16,15,30,26,28,271,12,8,10,28,21,25,10,33,50,28,10,43,12,23,15,39,13,57,0,18,18,29,86,0,54,19,36,34,47
2344,21,14,13,22,17,33,157,33,32,13,39,12,67,38,16,58,11,13,35,16,28,36,18,29,22,15,52,23,27,16,77,21,45,15,38,29,17,42,14,23,13,42,35,39,40,17,408,25,30,24,24,25,21,167,21,71,75,36,39,26,19,16,15,30,26,28,269,12,8,10,28,21,25,10,33,50,28,10,43,12,22,15,39,13,56,0,18,18,29,86,0,54,19,36,33,47
2345,21,14,13,20,17,33,157,33,31,13,39,12,66,37,16,57,10,13,34,15,28,34,18,29,22,15,52,23,27,16,77,21,45,15,38,29,17,42,14,23,13,42,35,39,40,17,406,26,30,24,24,25,21,167,21,70,75,36,39,26,19,16,15,30,25,28,267,12,8,10,28,21,25,10,33,50,28,10,43,12,22,15,39,13,56,0,18,18,29,85,0,53,19,36,33,46
2346,21,14,13,20,17,33,156,33,31,13,38,12,66,37,16,57,10,13,34,15,27,34,18,28,22,15,52,23,27,16,77,21,45,14,38,29,17,41,14,23,13,42,35,39,40,17,405,26,30,24,24,25,21,167,21,70,74,36,39,26,19,16,15,30,25,28,262,12,8,10,28,21,24,10,33,50,28,10,43,12,22,15,39,13,56,0,18,18,29,83,0,53,19,36,32,46
2347,21,14,13,20,17,33,155,33,31,13,38,12,65,37,15,55,10,13,34,15,26,34,17,28,21,15,52,23,27,16,76,21,45,14,38,29,17,39,14,23,13,42,35,39,40,17,404,25,30,24,23,25,20,167,21,70,74,36,39,26,19,16,15,30,25,28,259,12,8,10,28,21,23,10,33,50,28,10,43,12,22,15,39,12,55,0,17,17,29,83,0,53,19,35,32,46
2348,21,14,13,20,17,33,154,33,31,13,38,11,65,37,15,55,10,12,34,15,25,34,17,28,21,15,51,20,27,16,76,21,44,14,38,29,17,39,14,22,13,42,35,39,40,17,401,24,30,24,22,24,20,167,21,69,74,34,39,26,19,16,15,30,25,27,258,12,8,10,28,21,22,10,33,49,28,10,43,12,22,15,39,12,54,0,17,17,29,83,0,53,18,35,31,46
2349,21,14,13,20,17,33,154,33,30,13,38,11,64,37,15,53,10,12,34,14,25,34,17,28,21,15,51,20,27,16,76,21,43,14,38,29,17,38,14,22,12,42,35,39,40,17,401,24,29,24,22,24,19,166,21,69,74,33,39,26,19,16,15,30,25,27,256,12,8,10,28,21,21,10,33,49,28,10,43,11,22,14,39,12,54,0,17,17,29,82,0,51,18,35,31,46
2350,21,14,13,20,17,33,152,33,30,13,38,11,64,37,15,53,10,12,34,14,25,32,17,28,20,15,51,20,27,16,76,21,43,14,38,29,17,38,14,22,12,42,34,39,39,16,399,24,29,24,22,24,19,165,21,69,73,33,38,26,19,16,15,30,25,27,255,12,8,10,28,21,21,10,33,49,28,9,43,11,22,14,39,12,53,0,17,17,28,81,0,51,18,34,30,46
2351,20,13,13,20,17,33,152,33,30,13,37,11,63,37,15,53,10,12,34,14,25,32,17,27,20,15,49,20,27,16,75,20,43,14,38,29,17,38,14,22,12,42,33,38,39,16,397,24,29,24,22,24,18,164,20,69,73,33,38,26,19,16,15,30,25,27,254,12,8,10,28,21,21,9,33,49,28,9,43,11,22,14,38,12,51,0,17,17,28,81,0,51,18,33,30,46
2352,20,13,13,20,17,32,150,33,30,13,36,11,62,37,15,53,10,12,34,14,25,32,16,27,20,15,48,20,27,15,75,20,43,14,38,28,16,38,14,22,12,42,33,37,39,16,396,24,29,24,22,24,18,164,20,69,73,33,37,26,19,16,15,30,25,27,254,12,7,10,28,21,21,9,32,49,28,9,43,11,22,14,38,12,51,0,17,17,28,81,0,51,18,33,30,46
2353,20,12,13,20,16,31,150,32,30,13,36,11,61,36,15,53,10,12,33,13,25,32,15,26,20,15,48,20,26,15,75,20,43,14,37,28,16,38,14,22,12,42,33,37,39,16,394,23,29,24,22,24,18,163,20,69,71,33,37,24,19,16,15,30,25,27,251,12,7,10,28,21,21,9,32,49,28,9,43,11,22,14,38,12,51,0,17,17,27,81,0,51,18,33,30,46
2354,20,12,13,20,16,31,149,32,29,13,36,11,61,36,15,53,10,12,33,13,25,32,15,26,20,15,48,20,26,15,74,20,43,14,37,28,15,38,14,22,12,42,33,35,39,16,393,23,29,24,22,24,18,161,20,69,71,32,37,24,19,16,15,30,25,27,250,12,7,10,28,21,21,9,32,49,28,9,42,11,22,14,38,12,51,0,17,17,27,81,0,50,18,33,30,46
2355,20,12,13,20,16,30,149,32,29,13,35,11,60,36,15,53,10,12,33,13,25,32,15,26,20,15,48,20,26,15,74,20,42,14,37,28,15,38,14,22,12,42,33,35,39,16,392,23,29,24,22,24,18,159,20,69,70,32,37,24,19,16,15,30,25,27,249,12,7,10,28,21,21,9,32,49,28,9,41,11,22,14,38,12,51,0,17,17,27,81,0,49,18,33,30,46
2356,20,12,13,20,16,29,147,31,29,13,35,11,60,35,15,52,10,12,33,13,24,32,15,26,20,15,47,20,26,15,74,20,42,14,37,28,15,38,14,22,12,41,33,35,39,16,388,23,28,24,22,24,18,158,20,69,70,32,37,24,19,16,15,29,25,27,249,12,7,10,28,21,21,9,32,48,28,9,40,11,22,14,38,12,51,0,17,17,26,81,0,49,17,33,29,46
2357,20,12,13,20,16,29,147,31,28,13,35,11,60,35,15,51,10,12,33,13,24,32,14,26,20,15,47,20,26,15,72,20,42,14,37,28,15,38,14,21,12,41,33,35,39,16,388,23,28,23,22,24,18,157,20,67,70,32,37,24,19,16,15,29,25,27,245,12,7,10,27,21,21,9,32,48,28,9,40,11,22,14,37,12,51,0,17,17,26,81,0,49,17,33,29,46
2358,20,12,12,20,16,29,147,31,28,13,35,11,60,35,15,51,10,12,33,13,24,32,14,26,20,13,47,20,26,14,72,20,42,14,37,28,15,37,14,21,12,40,33,35,39,15,387,23,28,23,21,24,18,157,20,66,69,32,37,23,19,16,15,28,25,25,243,12,7,10,27,20,21,9,32,48,28,9,39,11,22,14,37,12,51,0,17,17,26,79,0,48,17,33,29,46
2359,20,12,12,20,16,29,145,31,28,13,35,11,60,35,15,50,10,12,33,13,23,32,14,26,20,13,47,20,25,14,72,20,41,14,36,28,15,36,14,21,12,39,32,33,38,15,388,23,28,23,21,24,18,157,20,65,69,31,36,23,19,15,13,28,25,25,242,12,7,10,27,20,21,8,32,48,28,9,39,11,22,14,36,12,51,0,17,17,26,79,0,48,16,33,29,46
2360,20,12,12,20,16,29,145,31,28,13,35,11,60,35,15,49,10,11,32,13,23,32,14,26,20,13,47,20,25,14,70,20,41,14,36,28,15,35,14,21,12,39,31,33,38,15,386,23,28,22,21,24,18,156,20,65,69,31,36,23,19,15,13,28,25,25,242,12,7,10,27,20,20,8,32,48,28,9,39,11,22,14,35,12,50,0,17,17,25,78,0,48,15,33,29,45
2361,20,12,12,20,16,29,143,30,28,13,35,11,59,35,15,49,10,11,32,13,22,32,14,25,20,13,47,20,24,14,70,20,41,14,36,28,15,35,13,21,12,39,31,33,38,15,382,23,28,22,21,24,18,155,20,65,69,31,36,23,19,15,13,28,25,25,239,12,7,10,27,20,20,8,32,48,28,9,39,11,22,14,35,12,50,0,17,17,25,77,0,47,15,33,29,45
2362,20,12,12,20,16,29,143,30,28,13,35,11,59,35,15,49,10,11,32,13,22,32,14,25,20,13,45,19,24,14,70,19,41,14,35,28,15,35,13,21,12,39,31,31,38,15,382,23,28,22,21,23,18,155,20,65,69,31,36,23,19,15,13,28,25,25,237,12,7,10,27,20,20,8,32,48,28,9,39,11,21,14,35,12,50,0,17,17,25,77,0,47,15,33,28,44
2363,20,12,12,19,16,29,142,30,28,13,35,11,59,35,15,49,10,11,32,13,22,32,14,25,20,13,45,19,24,14,69,19,40,14,35,28,14,35,13,22,12,38,31,31,38,15,382,22,28,22,21,23,17,155,20,65,69,31,35,23,19,15,13,28,25,25,237,12,7,10,27,20,20,8,32,46,28,9,39,11,21,14,35,12,50,0,16,17,25,76,0,46,15,33,28,43
2364,20,12,12,19,16,28,141,30,28,13,35,11,57,35,15,49,10,11,32,13,22,32,13,25,20,13,45,19,24,14,68,18,40,14,34,27,14,35,13,22,12,38,31,30,38,15,382,22,28,22,21,23,17,153,20,65,68,30,35,23,19,15,13,27,25,24,237,12,7,10,27,20,20,8,32,45,28,8,39,11,21,14,35,12,48,0,16,17,25,76,0,46,15,33,28,42
2365,20,12,12,19,16,28,141,29,28,13,35,11,57,35,15,49,10,11,31,13,22,31,12,25,20,13,45,19,24,14,67,18,39,14,33,27,14,35,13,22,12,38,31,30,38,15,382,22,28,22,21,23,17,153,20,65,68,30,34,23,19,15,13,27,25,24,236,12,7,10,27,20,20,7,32,45,27,8,39,11,21,13,34,12,47,0,16,17,25,76,0,46,14,33,28,40
2366,19,12,12,19,16,28,141,29,28,13,35,11,57,34,15,49,10,11,31,13,22,31,12,24,19,13,45,19,24,14,67,18,39,14,33,27,14,35,13,22,12,38,31,30,38,15,381,22,28,22,21,23,17,151,20,65,67,30,32,23,19,15,13,25,25,24,236,10,7,10,27,20,20,7,32,45,27,8,39,11,21,13,34,12,47,0,16,17,25,75,0,46,14,33,28,40
2367,19,12,12,19,16,28,141,29,27,13,35,11,57,34,15,48,10,11,31,13,22,31,12,24,19,13,45,19,23,14,66,18,39,14,33,27,14,35,13,22,12,38,31,30,37,15,379,21,28,22,20,23,17,151,20,65,67,29,32,23,19,14,12,25,25,24,236,10,6,10,27,19,19,7,32,45,27,8,39,11,21,13,33,12,47,0,16,17,25,75,0,46,14,32,28,40
2368,19,12,12,19,16,28,140,29,27,13,35,11,57,34,15,48,10,11,30,13,22,31,12,24,19,13,45,19,23,14,65,18,39,14,33,27,14,34,13,22,12,38,31,29,37,15,379,21,28,22,19,23,17,151,20,65,67,29,32,23,19,14,12,25,25,24,234,10,6,10,27,19,18,7,32,45,27,8,39,11,21,13,33,12,46,0,16,17,25,75,0,46,13,32,28,40
2369,19,12,12,18,16,28,139,29,27,13,35,11,56,34,15,48,10,11,29,12,22,31,12,24,19,13,45,19,23,14,65,18,39,14,33,27,14,34,13,22,12,37,30,29,37,15,378,21,27,22,19,22,17,151,20,65,65,29,32,22,19,14,12,25,25,24,234,10,6,10,27,19,18,7,32,45,27,8,39,10,21,13,33,12,45,0,16,17,25,74,0,46,13,32,28,39
2370,19,12,12,18,16,28,139,28,26,13,35,11,56,34,14,48,9,11,29,12,22,31,12,24,17,13,45,18,23,14,64,18,39,14,33,27,14,34,13,22,12,37,30,29,37,15,375,21,27,22,19,22,17,151,20,64,65,29,32,22,19,14,12,24,24,24,234,10,6,10,27,19,18,7,32,44,27,8,39,10,21,13,32,11,45,0,16,17,25,74,0,46,13,31,28,39
2371,18,12,12,18,16,28,138,28,24,13,35,10,56,34,14,48,9,11,29,12,22,31,12,24,17,12,45,18,23,14,64,18,39,14,33,27,14,34,13,22,12,37,30,28,37,15,372,21,27,22,19,22,17,150,20,63,65,29,32,21,20,13,11,24,24,23,232,10,6,10,26,18,18,6,32,44,26,8,39,10,21,13,31,11,45,0,16,17,25,74,0,45,13,31,26,39
2372,17,12,12,18,16,28,137,28,23,13,35,10,55,34,14,47,9,11,29,12,22,31,12,24,17,12,45,18,23,14,64,18,39,14,33,27,14,33,13,22,12,36,30,27,37,15,370,21,27,22,19,22,17,150,20,63,64,29,32,21,20,12,11,23,24,23,232,10,6,10,26,18,18,5,32,43,26,8,38,10,21,13,31,11,45,0,16,17,25,73,0,44,13,30,26,38
2373,17,12,12,18,16,28,137,28,23,13,35,10,54,34,14,47,9,11,29,12,22,31,12,24,16,12,44,18,23,14,63,18,39,13,33,27,14,33,13,21,12,36,30,27,37,15,367,21,27,21,19,22,17,150,20,63,64,29,32,21,20,11,11,23,24,23,230,10,6,10,26,18,18,5,31,43,26,8,38,10,20,13,31,11,45,0,16,17,25,73,0,44,13,30,26,37
2374,17,12,12,18,16,28,135,28,23,13,35,10,54,34,14,47,9,11,29,12,22,31,12,23,16,12,44,18,23,14,63,18,39,13,33,27,14,32,13,21,12,36,30,27,37,15,363,21,27,21,19,22,17,148,20,63,64,29,32,21,20,11,11,23,24,23,230,10,6,10,26,18,18,5,31,43,26,8,38,10,20,12,31,11,44,0,16,17,25,71,0,44,13,29,26,36
2375,17,12,12,18,16,28,133,27,23,13,35,10,53,34,14,47,9,11,29,12,21,31,12,23,16,12,44,18,23,14,63,18,39,13,33,27,14,32,13,20,12,35,29,27,37,15,359,21,27,20,19,22,17,148,20,63,64,29,31,21,20,11,11,23,24,23,229,10,6,9,26,18,18,5,31,43,25,8,38,10,20,12,31,11,43,0,16,17,25,71,0,44,13,29,25,36
2376,17,12,12,18,16,26,132,27,23,13,35,10,53,34,14,47,9,10,28,12,21,32,12,23,16,12,44,18,23,14,63,18,39,12,33,27,14,31,13,20,12,33,29,27,37,15,359,21,26,19,19,22,17,148,20,63,64,29,31,20,20,11,10,23,24,23,228,10,5,9,26,18,18,5,30,42,25,8,38,10,20,12,31,11,43,0,16,17,25,71,0,44,13,29,25,36
2377,16,12,12,18,16,26,131,27,22,13,35,10,52,34,14,47,9,10,28,12,21,32,12,22,16,12,44,18,23,14,63,17,38,12,33,26,14,31,13,20,12,32,29,27,37,15,356,20,26,19,19,21,17,147,20,62,64,29,31,20,20,11,10,21,24,23,227,10,5,9,26,18,18,5,30,42,25,8,38,10,20,12,31,11,43,0,16,17,25,70,0,44,13,29,25,36
2378,16,12,12,18,16,25,130,27,22,13,35,10,52,34,14,47,9,10,28,12,21,31,12,22,16,12,44,18,22,14,63,17,38,12,33,25,14,31,13,20,12,32,29,27,36,15,354,20,26,18,19,21,17,147,20,62,64,29,31,20,20,11,10,21,24,23,226,9,5,9,25,18,18,5,30,41,24,8,37,10,20,12,31,11,43,0,16,17,25,70,0,44,13,28,24,36
2379,16,12,12,18,16,25,129,27,22,13,35,10,52,34,14,47,9,10,28,12,21,30,12,22,16,12,44,18,22,14,60,17,38,12,32,25,14,31,13,19,12,31,29,27,36,15,350,20,26,18,19,21,17,146,19,61,64,29,31,20,20,11,10,21,24,23,226,9,5,9,25,17,18,5,30,41,24,8,37,10,20,12,31,11,43,0,16,17,25,70,0,44,13,28,24,36
2380,16,12,12,18,16,25,129,27,22,13,35,10,52,34,14,47,9,10,28,12,21,30,12,22,16,12,44,18,22,13,60,17,38,12,32,25,14,31,13,19,12,31,29,27,36,15,350,20,26,18,19,21,17,145,18,58,62,29,31,20,20,11,10,21,24,22,223,9,5,9,25,17,18,5,30,41,24,8,37,10,20,12,31,11,43,0,16,17,24,70,0,44,13,28,23,36
2381,16,12,12,18,16,24,127,27,22,12,34,9,52,33,14,47,9,10,28,12,20,29,12,22,16,12,42,18,22,12,60,17,38,12,31,25,14,31,13,19,12,31,28,27,36,15,349,20,25,18,19,21,17,143,18,57,62,29,31,20,20,11,10,21,24,22,223,9,5,9,25,17,18,5,29,41,24,8,36,10,19,12,31,11,43,0,16,17,24,70,0,44,13,28,23,36
2382,15,12,12,18,16,24,126,27,22,12,34,9,52,32,14,47,8,10,28,12,20,29,12,22,16,12,42,18,22,11,60,16,37,12,31,25,13,31,13,19,12,31,28,27,36,15,348,19,25,18,19,20,17,141,18,56,62,29,30,20,20,11,10,21,24,21,219,9,5,9,25,17,18,5,29,41,24,8,36,10,19,12,31,11,42,0,16,17,24,68,0,44,13,28,22,36
2383,15,12,12,18,16,24,125,27,22,11,33,9,52,31,14,46,8,10,28,12,20,29,12,22,16,12,42,18,22,11,60,16,37,12,30,25,13,31,13,19,12,30,28,27,36,15,347,19,24,18,19,20,17,141,18,56,62,29,30,20,20,11,10,21,24,21,217,9,5,8,25,17,18,5,29,39,24,8,36,10,19,12,31,11,42,0,15,17,24,68,0,43,13,28,22,36
2384,15,12,12,18,16,24,125,27,22,11,33,9,50,31,14,45,8,10,28,12,19,28,12,22,16,12,42,18,22,11,60,16,36,12,30,25,13,31,13,19,12,30,28,27,36,15,345,19,24,18,19,20,17,138,18,56,61,29,30,20,20,10,10,21,24,21,215,9,5,8,25,17,18,5,29,39,23,8,36,10,19,12,31,11,42,0,14,17,24,68,0,43,13,28,22,36
2385,15,12,12,18,16,24,125,27,22,11,32,9,50,30,14,44,8,10,28,12,19,28,12,22,16,12,42,18,21,11,59,16,36,12,29,25,13,31,13,19,12,30,28,27,35,15,343,19,24,18,19,20,16,137,18,56,60,29,30,20,20,10,10,21,24,21,215,9,5,8,25,17,18,5,29,38,21,8,36,10,19,12,31,11,42,0,14,17,24,68,0,43,13,28,22,34
2386,15,12,12,18,16,24,125,27,22,11,32,9,48,30,14,43,7,10,27,12,19,28,12,22,16,12,42,18,21,11,59,16,36,11,28,25,13,31,13,19,12,30,27,27,35,15,341,19,24,18,19,20,16,135,18,55,59,29,30,20,20,10,10,21,24,21,213,9,5,8,24,17,18,5,29,38,21,8,36,10,19,12,31,11,41,0,14,17,23,67,0,43,13,28,22,33
2387,15,12,12,18,16,24,125,27,22,11,32,8,48,30,14,42,7,10,27,12,18,28,12,22,16,12,42,18,21,11,59,16,36,11,28,25,13,29,13,19,12,30,27,27,35,15,339,19,24,18,17,20,16,134,18,55,59,29,30,20,19,10,10,21,24,21,212,9,5,8,24,17,18,5,29,38,21,8,36,10,19,12,30,10,41,0,14,17,23,67,0,43,13,28,22,33
2388,15,11,12,18,16,24,125,27,22,11,32,8,48,30,14,42,7,10,27,12,18,28,12,22,16,11,41,18,21,11,59,16,35,11,27,25,13,29,13,19,12,30,27,27,35,15,335,19,24,18,17,20,16,131,18,55,59,29,30,20,19,10,10,21,24,21,212,9,5,8,24,17,18,5,29,38,21,8,34,10,18,12,30,10,41,0,14,17,23,67,0,43,13,28,22,33
2389,15,11,12,18,16,24,125,27,21,11,32,8,48,30,14,42,7,10,27,12,18,28,12,22,15,11,41,17,21,11,57,16,35,11,27,25,13,29,13,19,12,30,27,27,35,15,332,19,23,18,17,20,16,130,18,55,59,29,30,20,19,10,10,21,24,21,211,9,5,8,24,17,18,5,29,38,21,8,34,10,18,11,30,10,41,0,14,17,23,67,0,43,13,28,22,33
2390,15,11,12,18,16,24,124,27,21,11,31,8,46,29,14,42,7,10,26,12,18,28,12,22,15,11,39,16,21,11,57,16,34,11,26,25,13,29,13,19,12,30,27,27,34,15,330,19,23,18,17,20,16,130,18,54,58,29,30,20,19,10,10,19,24,21,209,9,5,8,24,17,18,5,29,38,21,8,34,10,18,11,30,10,41,0,14,17,23,67,0,41,12,28,21,32
2391,15,11,12,18,16,24,124,27,21,11,31,8,45,29,14,42,7,10,26,12,18,28,12,22,15,11,39,16,21,11,56,16,34,11,25,24,13,29,13,19,12,30,27,27,34,15,327,19,23,18,17,20,16,130,18,53,58,27,30,20,19,10,10,19,24,21,208,9,5,8,24,17,18,5,29,38,21,8,34,10,18,11,30,10,40,0,14,17,23,65,0,41,12,28,21,32
2392,15,11,12,18,16,24,124,27,21,11,31,8,45,29,13,42,7,10,26,12,18,27,12,22,15,11,39,16,21,11,56,16,34,11,25,24,13,29,13,19,12,30,27,27,34,15,325,18,23,18,17,20,16,130,17,53,57,27,30,20,19,10,10,19,24,21,204,9,5,8,24,17,18,5,29,37,21,8,34,10,18,11,30,9,40,0,14,17,23,65,0,41,12,28,21,32
2393,15,11,12,18,16,24,123,27,21,11,31,8,45,29,13,41,7,10,26,12,18,27,12,22,15,11,39,16,21,11,56,16,33,11,25,24,13,29,13,19,12,30,27,27,33,15,323,18,23,18,17,20,16,127,17,53,57,27,30,20,19,10,10,19,24,21,203,9,5,8,24,17,18,5,29,36,21,8,34,10,18,10,29,9,40,0,14,16,23,65,0,41,12,28,21,32
2394,15,11,12,17,16,24,123,27,21,11,31,8,45,29,13,41,7,10,26,12,18,27,12,22,15,11,39,16,21,11,56,16,32,11,25,24,13,29,13,19,11,30,27,27,33,15,321,18,22,18,17,20,16,125,17,53,57,27,30,20,19,10,10,19,24,21,202,9,5,8,24,17,18,4,28,36,21,7,34,10,18,10,29,9,40,0,14,16,23,65,0,41,12,28,21,32
2395,15,11,12,17,15,24,121,27,21,11,31,8,45,29,13,40,7,10,26,12,18,26,12,22,15,10,39,16,21,11,54,16,32,11,25,24,13,29,13,19,11,30,27,27,32,15,318,18,22,18,17,20,16,125,17,53,57,27,30,20,19,10,10,19,24,21,201,9,5,8,24,17,18,4,28,35,21,7,34,10,18,10,28,9,40,0,14,16,23,65,0,41,11,28,20,31
2396,15,11,11,17,15,24,120,27,20,11,31,8,45,29,13,39,7,10,26,12,18,26,12,22,15,10,39,16,21,11,54,16,32,11,25,24,13,29,13,19,11,30,27,27,32,15,318,18,22,18,16,20,16,125,17,53,56,27,30,20,19,10,8,19,24,21,201,9,5,8,24,17,18,4,28,35,20,7,34,10,18,10,28,9,39,0,14,16,23,65,0,41,10,28,20,31
2397,15,11,11,17,15,24,119,27,18,11,31,8,44,29,13,39,7,10,26,12,17,26,11,22,15,10,39,16,20,11,54,16,32,11,25,23,13,28,13,19,11,30,27,27,32,15,314,18,22,18,16,20,16,125,17,53,56,27,30,20,19,10,8,19,24,21,199,9,5,8,24,16,18,4,28,35,20,7,34,10,18,10,27,9,39,0,14,16,23,64,0,41,10,28,20,31
2398,15,11,11,17,15,24,119,27,18,11,31,8,44,29,13,38,7,10,26,12,17,25,11,22,15,10,39,15,19,11,54,16,32,11,25,23,13,28,13,18,11,29,27,26,31,15,312,18,22,18,16,20,16,124,17,53,56,27,29,20,19,10,8,19,24,21,199,9,5,8,24,16,18,4,27,34,17,7,34,10,18,10,26,9,37,0,14,15,23,64,0,41,10,28,20,30
2399,15,11,11,17,15,24,118,27,17,11,31,8,44,29,13,37,7,10,26,12,17,25,11,22,15,10,39,15,19,11,54,16,32,11,25,23,13,28,13,18,11,29,27,26,31,15,310,18,22,18,16,20,16,122,17,53,56,27,27,20,19,9,8,18,24,19,199,9,5,8,24,16,17,4,27,33,17,7,33,10,18,9,25,9,36,0,14,15,23,62,0,41,10,28,19,30
2400,15,11,11,17,15,24,118,27,17,11,31,8,44,29,13,36,7,10,25,12,17,25,11,22,15,10,39,15,19,11,54,16,32,11,25,22,13,27,13,18,11,29,27,25,31,15,310,18,22,18,15,20,16,121,17,53,56,27,27,20,19,9,8,18,24,19,199,9,4,8,24,15,17,4,26,33,17,7,32,10,18,9,25,9,35,0,14,15,22,61,0,41,10,28,19,30
2401,15,11,11,17,15,24,117,26,17,11,31,8,44,28,13,36,7,10,24,12,17,24,11,22,15,10,39,15,19,11,53,16,32,11,25,22,13,25,13,18,11,29,27,24,31,15,309,18,22,18,15,20,16,120,17,53,56,27,27,20,19,9,8,18,24,19,198,9,4,8,23,15,16,3,26,33,17,7,32,10,18,9,25,9,35,0,14,15,22,61,0,41,10,28,19,30
2402,15,11,11,17,14,24,116,26,17,11,31,8,44,28,13,36,7,9,24,12,17,24,11,22,15,10,39,15,19,10,53,16,32,11,25,22,13,25,13,17,11,29,26,23,31,14,307,18,22,17,14,20,16,120,17,53,56,27,26,20,19,9,8,18,24,19,198,9,4,8,22,15,16,3,26,33,17,7,32,10,18,9,25,9,33,0,14,15,22,61,0,41,10,27,19,30
2403,15,11,11,17,14,24,116,26,17,11,31,8,44,28,13,36,6,8,24,12,17,24,10,20,15,10,39,15,18,10,53,16,32,11,25,21,13,25,13,17,11,29,26,23,31,14,304,18,22,17,14,20,16,120,17,52,55,26,26,20,19,9,8,18,23,19,198,9,4,8,22,15,16,3,26,33,17,7,32,10,18,9,25,9,33,0,14,15,22,61,0,41,10,27,19,30
2404,15,11,11,17,14,24,116,26,17,11,31,8,43,27,13,36,6,8,24,12,17,24,10,20,15,10,38,15,18,10,53,16,32,11,25,21,13,25,13,17,11,29,26,23,31,14,301,17,22,17,14,20,16,119,17,52,54,26,26,20,19,9,8,17,23,19,197,9,4,8,22,15,15,3,26,33,17,7,32,10,17,9,24,8,33,0,14,15,22,60,0,41,10,27,19,30
2405,15,11,11,17,14,24,115,26,17,11,31,8,42,27,13,35,6,8,23,11,17,24,10,20,15,10,38,15,18,10,53,16,32,11,25,21,13,25,13,17,11,29,26,23,31,14,301,17,22,17,14,20,16,117,17,52,54,26,26,20,19,9,8,17,23,19,197,9,4,8,22,15,15,3,26,33,17,7,32,10,17,9,24,8,32,0,14,15,21,59,0,41,10,27,19,30
2406,15,11,11,17,14,24,114,26,17,11,31,8,42,27,12,35,6,8,23,11,17,24,10,20,15,10,38,15,18,10,53,16,32,11,25,21,13,25,12,17,11,29,26,23,31,14,300,17,22,17,14,20,16,117,17,52,54,25,26,20,19,9,8,17,22,19,197,9,4,8,22,15,14,3,26,33,17,7,32,10,17,9,23,8,32,0,14,15,21,59,0,41,10,27,19,30
2407,15,11,11,17,14,24,113,26,17,11,31,8,42,27,12,35,6,8,23,11,17,24,10,20,15,10,37,15,18,10,53,16,32,11,25,21,13,24,12,17,11,29,25,23,30,14,297,17,22,17,14,20,16,117,17,52,52,25,26,20,19,9,8,17,21,19,195,9,4,8,22,15,14,3,26,33,17,7,32,10,17,9,23,8,32,0,14,15,21,59,0,41,10,27,19,30
2408,15,11,11,17,14,24,112,25,17,11,31,8,41,27,12,35,6,8,23,11,17,24,10,20,15,10,37,14,18,10,53,16,32,11,25,21,13,24,12,17,11,29,25,23,30,13,295,17,22,17,14,20,16,117,17,52,51,25,26,20,19,9,8,17,21,19,195,9,4,8,22,15,13,3,26,33,16,7,32,10,17,9,23,8,32,0,14,15,20,59,0,41,10,26,19,29
2409,15,11,11,17,14,24,112,25,17,11,31,8,40,27,12,35,6,8,23,11,17,24,10,19,15,9,36,14,18,10,53,16,32,11,25,21,13,24,12,17,11,29,25,23,29,13,291,17,22,17,14,20,16,116,17,51,51,24,26,20,19,9,8,17,20,19,194,9,4,8,22,15,12,3,26,33,16,7,30,10,17,9,22,8,32,0,14,15,19,59,0,41,10,26,19,29
2410,15,11,11,16,13,24,111,25,17,11,31,8,39,27,12,35,6,8,23,11,17,24,10,19,14,9,36,14,18,10,53,16,31,11,25,21,13,24,12,17,11,28,25,23,29,13,289,17,22,17,14,20,16,114,16,51,51,24,26,20,19,9,8,17,20,18,194,9,4,8,22,15,12,3,25,33,16,7,29,10,17,9,22,8,32,0,14,15,19,59,0,41,10,24,19,29
2411,15,11,11,16,13,24,111,24,17,11,31,8,39,27,12,35,6,8,23,11,17,24,10,19,14,9,36,14,18,10,53,16,31,11,25,21,13,24,12,17,11,28,23,23,29,13,287,16,22,17,14,20,16,114,16,51,51,24,25,20,19,9,8,17,20,18,190,9,4,8,22,15,12,3,25,33,16,7,29,10,17,9,21,7,32,0,14,15,19,58,0,41,10,24,19,29
2412,15,11,11,16,13,24,111,24,17,10,31,8,39,27,12,35,6,8,22,11,17,23,10,19,14,9,34,14,18,10,52,15,31,11,25,21,12,23,12,17,11,27,23,23,29,13,285,16,21,17,14,20,16,113,16,50,50,24,25,20,19,9,8,17,20,18,190,9,4,8,21,15,12,3,25,33,16,7,29,10,17,9,21,6,30,0,14,15,19,58,0,41,10,24,19,29
2413,15,11,11,15,13,24,110,24,17,10,31,8,39,27,12,35,6,8,22,11,17,23,10,19,14,9,34,14,18,10,52,15,30,11,25,21,12,23,12,17,11,27,23,22,29,13,281,16,21,17,14,20,16,113,16,50,50,24,25,20,19,9,7,16,20,18,190,9,4,8,21,15,12,3,25,33,16,7,29,10,17,9,21,6,30,0,14,15,19,58,0,41,10,24,19,29
2414,15,10,11,15,13,24,109,24,17,9,31,8,39,27,12,35,6,7,22,11,17,23,10,19,14,9,34,14,18,10,52,15,30,11,25,21,12,23,12,17,11,27,23,21,29,13,281,16,20,16,13,20,16,112,16,49,50,24,25,20,19,9,7,16,20,18,189,9,4,8,21,14,12,3,25,33,16,7,29,10,17,9,21,6,30,0,14,15,18,58,0,41,10,24,19,29
2415,15,10,11,15,13,24,108,24,16,9,31,8,39,27,12,35,6,7,22,11,17,23,10,19,14,9,34,14,18,10,52,15,29,11,25,21,12,23,12,17,11,27,22,21,29,12,278,16,19,16,13,20,16,111,16,48,49,24,25,20,18,9,7,16,20,18,189,9,4,8,21,14,12,3,25,33,15,7,29,10,17,9,21,6,30,0,14,15,18,58,0,39,10,24,19,29
2416,15,10,11,15,13,24,108,24,16,9,31,8,39,27,12,35,6,7,22,11,17,23,10,19,14,9,33,14,18,10,52,15,29,11,25,21,12,23,12,17,11,26,22,20,29,12,277,16,19,16,13,20,16,109,16,48,49,24,25,20,18,9,7,16,20,18,188,9,4,8,21,14,12,3,24,33,15,7,29,10,17,9,21,6,30,0,14,15,16,58,0,39,10,24,19,29
2417,15,10,11,15,13,24,106,23,16,9,31,8,39,27,12,35,6,7,22,11,17,23,10,19,14,9,33,14,18,9,52,15,28,11,25,21,12,23,12,17,11,26,22,20,28,12,276,16,19,16,13,20,16,109,16,48,49,24,25,19,17,9,7,16,20,18,187,9,4,8,21,14,12,3,24,33,15,7,29,10,17,9,21,6,30,0,14,15,16,58,0,39,10,24,17,29
2418,15,10,10,15,13,24,106,23,16,9,31,7,39,27,11,35,6,7,21,11,17,23,10,19,14,9,33,14,18,9,52,15,28,11,25,21,12,23,12,16,11,26,22,20,27,12,272,16,19,16,13,19,15,109,16,48,49,24,24,19,17,9,7,15,20,18,187,9,4,8,21,14,12,3,23,33,15,7,29,8,17,9,20,6,30,0,14,14,16,58,0,39,10,24,16,28
2419,15,10,10,15,13,24,105,23,16,9,31,7,39,26,11,35,6,7,21,11,17,23,10,19,13,9,33,14,17,9,52,15,28,11,25,21,12,23,12,16,11,26,22,20,27,12,269,15,19,16,13,19,15,108,15,48,48,24,24,19,17,9,7,15,20,18,185,9,4,8,21,14,12,3,23,33,15,7,29,8,17,9,20,6,29,0,14,14,16,57,0,39,10,24,16,28
2420,15,10,10,15,13,23,104,23,16,9,31,6,39,26,11,35,6,7,21,11,17,23,10,19,13,9,32,14,17,9,52,15,28,11,25,21,12,23,12,16,11,26,22,20,27,12,267,15,19,16,13,19,15,108,15,48,48,24,24,19,17,9,7,15,20,18,185,9,4,8,21,14,12,3,23,33,15,7,29,8,16,9,20,6,29,0,14,14,16,57,0,39,10,24,16,28
2421,15,10,10,15,13,23,104,23,16,9,31,6,39,25,11,34,6,7,21,10,16,23,10,19,13,9,32,14,17,9,52,15,28,11,24,21,12,23,12,15,11,26,22,20,27,12,264,15,19,16,13,18,15,108,15,48,48,23,24,18,17,9,7,15,20,18,183,9,4,8,21,14,12,3,23,33,15,7,28,8,16,9,20,6,29,0,14,14,16,56,0,39,10,24,16,28
2422,15,10,10,15,13,23,103,23,16,9,31,6,38,24,11,34,5,7,21,9,15,22,10,19,13,9,32,14,17,9,51,15,28,11,24,21,12,23,11,15,11,26,22,19,27,12,262,15,19,16,13,18,15,108,15,48,48,23,24,18,16,9,7,15,20,18,182,9,4,8,21,14,12,3,22,33,15,7,28,8,16,9,20,6,29,0,14,14,16,55,0,39,10,24,16,28
2423,15,10,10,14,13,22,103,23,16,9,31,6,37,24,10,33,5,7,21,9,15,21,10,19,13,9,32,14,17,9,51,14,27,11,24,21,12,23,11,15,11,26,22,19,27,12,261,15,19,16,13,17,15,108,15,48,48,23,24,18,16,9,7,15,20,17,177,9,4,8,21,14,12,3,22,33,15,7,28,8,16,9,20,6,29,0,14,14,16,55,0,39,10,24,16,27
2424,15,10,10,14,13,22,103,23,16,9,31,6,37,24,10,32,5,7,21,9,14,21,10,19,13,9,32,14,17,9,51,14,27,11,24,21,12,23,11,15,11,26,22,19,27,11,259,14,19,15,13,15,15,107,15,48,48,23,24,18,16,9,7,15,19,17,176,9,4,8,21,14,12,3,22,32,15,7,28,8,16,9,20,6,29,0,14,14,16,55,0,39,10,24,16,27
2425,14,10,10,14,13,22,103,22,16,9,31,6,37,24,9,32,5,7,21,9,14,21,10,19,13,9,30,14,17,9,51,14,27,11,24,20,12,23,11,15,11,25,22,19,27,11,258,14,19,15,13,15,15,105,15,48,47,23,24,17,16,9,7,15,18,17,176,9,4,8,21,14,11,3,21,32,15,7,28,8,16,9,20,6,29,0,14,14,16,55,0,39,10,24,16,27
2426,14,10,10,14,12,22,102,22,16,9,31,6,37,24,9,32,5,7,21,9,14,21,10,19,13,9,30,14,17,9,51,13,27,11,24,20,12,23,11,15,11,24,22,18,27,11,258,14,19,15,13,15,15,105,15,48,47,23,24,17,16,9,7,15,18,17,174,9,4,8,21,14,10,3,21,32,15,7,28,8,16,9,20,6,29,0,14,14,16,55,0,39,10,23,16,27
2427,13,10,10,14,11,22,101,22,16,9,31,6,36,24,9,32,5,7,21,9,14,21,10,19,13,9,30,13,17,9,50,13,27,11,24,19,12,22,11,15,11,24,22,18,26,11,258,13,19,15,13,15,15,105,15,48,46,23,24,17,16,9,6,15,18,17,172,9,4,8,21,14,10,3,21,32,15,7,27,8,16,9,20,6,29,0,14,14,16,54,0,39,10,23,16,27
2428,13,9,10,14,11,22,100,21,16,9,31,6,36,24,8,32,5,7,21,9,14,21,10,19,13,9,30,13,17,9,50,13,27,10,23,19,12,22,11,15,11,23,22,17,25,11,256,13,19,15,13,15,15,105,15,48,46,23,24,17,16,9,6,15,18,17,172,9,4,8,21,14,10,3,21,32,15,6,27,8,16,9,20,6,28,0,14,14,16,54,0,39,10,23,16,27
2429,13,9,10,14,10,22,98,21,16,9,31,6,36,24,8,32,5,7,21,9,14,21,10,19,13,9,30,13,17,9,50,13,27,10,23,19,12,21,11,15,11,23,21,17,25,10,255,12,19,15,13,15,15,105,15,48,46,23,23,17,16,9,6,14,18,17,171,9,4,8,20,14,10,3,21,32,14,6,26,8,16,9,19,6,28,0,14,14,16,52,0,39,10,23,15,27
2430,13,9,10,14,10,22,98,21,16,9,30,6,36,23,8,32,5,6,21,9,14,21,10,19,13,9,30,13,17,9,50,13,26,10,22,19,12,21,11,15,11,23,21,17,25,10,253,12,19,14,12,14,15,104,14,48,46,23,22,17,16,9,6,14,18,17,169,9,4,8,19,14,10,3,21,31,13,6,26,8,16,9,19,6,28,0,14,14,16,52,0,39,10,22,14,27
2431,13,9,10,14,10,22,98,21,16,9,30,5,36,23,8,32,5,6,21,9,14,21,10,19,13,9,30,13,17,9,50,13,26,10,22,19,12,21,11,15,11,23,21,17,25,10,253,12,19,14,12,13,15,103,14,48,45,23,22,17,16,9,6,14,18,17,168,9,4,8,19,14,10,3,21,29,12,6,26,7,16,9,19,6,27,0,14,14,16,52,0,39,10,22,14,27
2432,12,9,10,14,10,22,98,20,16,9,30,5,36,22,8,32,4,6,21,9,14,21,10,19,13,9,30,13,17,8,49,13,25,10,21,19,12,21,11,15,11,23,21,17,25,10,252,12,19,14,12,13,15,103,14,48,45,23,22,17,16,9,6,14,18,17,167,9,4,8,19,14,10,3,21,28,12,6,26,7,16,9,19,6,27,0,14,14,16,52,0,39,10,22,14,27
2433,12,9,10,14,10,22,97,20,16,9,30,4,36,22,8,32,4,6,21,9,13,21,10,18,13,9,30,13,17,8,48,13,25,9,21,19,12,21,11,15,10,23,21,17,25,10,252,12,19,14,12,13,15,101,14,48,45,23,22,16,16,9,6,14,18,17,167,9,4,8,19,14,10,3,21,28,12,6,26,7,16,9,19,6,27,0,14,14,16,52,0,38,10,21,14,27
2434,12,9,10,14,10,22,97,19,16,9,30,4,36,22,8,32,4,6,21,9,13,21,9,18,13,9,30,13,16,8,47,13,25,9,20,19,12,21,11,15,9,23,20,17,23,10,252,12,19,14,12,13,15,100,14,47,43,22,22,16,16,9,6,14,18,17,167,9,4,8,19,14,10,3,21,27,12,6,26,7,16,9,19,6,27,0,14,14,16,52,0,38,10,20,14,27
2435,11,9,10,14,10,22,92,19,16,9,29,4,36,22,8,32,4,6,21,9,13,21,9,18,13,9,30,13,16,8,47,13,25,9,20,17,12,21,11,15,9,22,20,17,23,10,250,12,19,14,12,12,15,100,14,47,43,22,22,16,16,9,6,14,17,17,167,8,4,8,19,14,10,3,21,27,12,6,25,7,16,9,19,6,27,0,14,14,16,50,0,38,10,19,14,26
2436,11,8,10,13,10,22,89,19,16,9,28,4,36,21,8,32,4,6,21,9,13,21,9,18,13,9,29,13,16,8,47,13,25,9,19,17,12,21,11,14,9,22,20,17,23,10,249,12,19,14,12,12,15,100,14,47,43,22,21,16,16,9,6,14,17,17,166,8,4,8,19,14,10,3,21,27,12,6,25,7,16,9,19,6,26,0,14,14,16,50,0,38,10,19,14,26
2437,11,8,10,13,10,22,89,19,16,9,28,4,36,21,8,32,4,6,21,9,13,21,9,18,13,9,29,13,16,8,47,13,25,9,19,17,12,21,11,14,9,21,19,17,23,10,247,11,19,14,12,12,15,99,14,47,42,22,21,16,16,9,6,14,17,17,166,8,4,8,19,14,10,3,21,27,12,6,25,7,16,9,19,5,26,0,14,13,16,50,0,37,10,18,14,26
2438,11,8,10,13,10,22,89,19,16,9,28,4,36,21,8,32,4,6,21,9,13,21,9,18,13,9,29,13,16,8,47,13,25,9,19,17,12,21,11,14,8,21,19,17,23,10,246,11,19,14,12,12,14,96,14,47,42,22,20,16,16,9,6,13,17,17,165,8,4,8,19,14,10,3,21,27,12,6,25,7,16,9,19,5,26,0,14,13,16,50,0,36,10,18,14,25
2439,11,8,10,12,10,22,89,19,16,9,28,4,35,21,8,32,3,6,21,9,12,21,9,18,13,9,29,13,16,8,47,13,25,8,19,17,11,21,11,14,8,21,18,17,23,10,246,11,19,14,12,12,14,96,14,47,42,22,19,15,16,9,6,13,17,17,163,8,4,7,19,14,10,3,21,27,12,5,25,7,16,9,19,5,26,0,14,13,16,50,0,36,10,18,14,24
2440,11,8,10,12,10,22,89,19,16,9,28,4,35,21,8,32,3,6,20,9,12,21,9,18,13,9,28,13,16,8,47,13,25,8,19,17,11,21,11,14,8,21,18,17,23,10,244,11,19,14,11,12,14,96,14,47,42,22,19,15,16,9,6,12,17,17,163,8,4,7,19,14,10,3,21,25,12,5,25,6,16,9,19,5,26,0,14,13,16,50,0,36,9,18,14,24
2441,11,8,10,12,10,22,89,19,16,9,28,4,35,21,8,31,3,6,20,7,11,21,9,18,12,8,28,13,16,8,47,13,25,8,18,17,11,21,11,13,8,21,18,17,23,9,242,11,19,12,11,12,14,95,14,46,42,21,19,15,16,9,6,12,17,17,161,8,4,7,19,14,10,3,21,25,12,5,25,6,16,9,18,4,25,0,14,13,16,50,0,36,9,18,14,24
2442,11,8,10,11,10,22,89,19,16,9,28,4,33,21,8,30,3,6,20,7,11,20,9,18,12,8,28,13,16,7,47,13,25,8,18,17,11,21,11,13,8,20,18,16,23,9,242,11,19,12,11,12,14,95,14,46,42,21,19,15,16,9,6,11,17,17,160,8,4,7,19,14,10,3,21,25,12,5,24,5,16,9,18,4,25,0,14,13,16,49,0,36,9,18,14,24
2443,11,8,10,11,10,22,89,19,16,9,27,4,33,21,8,30,3,6,20,7,11,20,9,18,12,8,28,12,16,7,47,12,25,8,18,17,11,21,11,13,8,20,17,16,23,8,241,11,19,12,11,12,14,93,14,46,41,21,19,15,16,9,6,11,16,17,156,8,4,7,19,14,10,3,21,25,12,5,24,5,15,9,18,4,25,0,14,12,16,49,0,36,9,18,14,24
2444,11,8,10,11,10,21,89,19,16,9,26,3,32,21,8,29,3,6,20,7,10,20,9,18,12,8,28,12,16,7,47,12,25,8,18,17,11,21,11,13,8,20,17,16,23,8,241,11,19,12,11,12,14,93,13,46,41,21,19,15,16,9,6,11,16,17,156,8,4,7,19,14,10,3,20,25,12,5,24,5,15,9,18,4,25,0,13,11,16,49,0,36,9,18,14,23
2445,11,8,10,11,10,21,89,19,16,9,25,3,32,21,7,28,3,6,19,7,10,20,9,18,11,8,27,12,16,7,47,12,25,8,18,17,11,21,11,12,8,20,16,15,23,8,239,11,19,12,11,12,14,93,13,45,41,21,19,15,16,9,6,11,16,17,156,8,4,7,19,14,10,3,20,24,12,5,23,5,15,9,17,4,25,0,13,11,16,48,0,36,9,18,14,23
2446,11,8,10,11,10,21,88,19,16,9,25,3,32,21,7,28,3,6,19,7,10,20,9,18,11,8,27,12,16,7,47,12,25,8,18,17,11,20,11,12,8,20,16,15,23,8,239,11,19,12,11,12,14,93,13,45,41,21,19,15,16,9,6,11,16,15,154,8,4,7,19,14,10,3,20,24,12,5,23,5,15,9,17,4,25,0,12,11,16,48,0,35,9,18,14,23
2447,11,8,10,11,10,21,88,19,16,9,25,3,32,21,7,28,3,6,19,7,10,20,9,18,11,8,27,12,16,7,47,12,25,8,18,17,11,19,11,12,8,20,16,15,23,8,237,11,19,12,11,12,14,93,13,45,41,21,19,15,16,9,6,11,16,15,153,8,4,7,19,14,10,3,20,24,12,5,23,5,15,9,17,4,25,0,12,11,16,47,0,35,9,17,14,22
2448,11,8,10,11,10,21,88,19,15,9,25,3,32,21,7,27,3,6,17,7,10,20,9,18,11,8,26,12,16,7,47,12,25,8,18,17,11,19,11,12,8,20,16,15,23,8,237,11,19,12,11,12,14,93,13,45,41,20,19,15,16,9,6,11,16,14,152,8,4,7,19,14,10,3,20,24,12,5,23,5,15,9,17,4,24,0,12,11,16,47,0,34,9,17,14,22
2449,11,7,10,10,10,21,88,19,15,9,25,3,32,21,7,27,3,6,17,7,10,20,9,18,11,8,26,12,16,7,47,12,25,8,18,15,11,19,11,12,8,20,16,15,23,8,235,11,19,12,11,12,14,93,13,45,41,20,19,15,16,9,6,11,16,14,151,7,4,7,19,13,10,3,20,24,12,5,23,5,15,9,17,4,24,0,12,10,16,46,0,34,9,17,14,22
2450,11,7,10,10,10,21,88,19,15,9,25,3,32,21,7,25,3,6,17,7,10,20,9,18,11,8,26,12,16,7,46,12,25,8,18,15,10,19,11,12,8,20,16,15,23,8,233,11,19,12,11,12,14,93,13,45,40,20,19,15,16,9,6,10,16,14,150,6,4,7,19,13,10,3,20,24,12,5,23,5,15,9,17,4,24,0,12,10,16,46,0,34,9,17,14,22
2451,10,7,10,10,10,21,87,19,15,9,25,3,32,21,7,25,3,6,17,7,10,20,8,18,11,8,27,12,16,7,46,12,24,8,18,15,10,18,11,12,8,19,16,14,22,8,231,11,19,12,11,12,14,93,13,45,40,19,18,15,16,9,6,10,16,14,150,6,3,7,19,13,10,3,20,24,12,5,22,5,15,8,17,4,24,0,12,10,16,46,0,33,9,17,14,22
2452,10,7,10,10,10,20,87,18,14,9,25,3,32,20,7,25,3,6,17,7,10,20,8,18,11,8,26,12,16,7,46,12,24,8,18,15,9,18,11,12,8,19,16,14,22,8,229,11,19,12,11,12,14,92,13,45,39,19,18,15,14,9,6,10,16,14,150,5,3,7,19,12,10,3,20,24,12,5,22,5,15,8,16,4,24,0,12,10,16,46,0,33,9,17,14,22
2453,10,7,10,10,10,20,87,18,14,9,24,3,32,20,7,25,3,6,17,7,10,20,8,17,11,8,26,12,16,7,46,12,23,8,18,14,9,18,11,12,8,18,16,14,22,8,229,11,19,11,11,12,12,92,13,44,39,19,18,15,14,9,6,10,16,14,150,5,3,7,19,12,10,3,20,24,12,5,22,5,15,8,16,4,24,0,12,10,16,45,0,33,9,16,14,22
2454,10,7,10,10,10,20,86,17,14,9,24,3,32,20,7,25,3,6,17,7,10,20,8,17,11,8,26,12,14,7,46,12,23,8,18,14,9,18,11,12,8,18,16,14,22,8,227,11,19,11,10,12,12,92,13,44,39,18,18,15,14,9,6,10,16,14,148,5,3,7,19,12,9,3,20,24,12,5,22,5,15,8,15,4,24,0,12,10,16,45,0,33,9,16,14,22
2455,10,7,10,10,10,19,86,17,14,9,24,3,32,20,7,25,3,6,15,7,10,20,8,17,10,8,26,12,14,7,46,12,23,8,18,13,9,18,11,12,8,18,15,14,22,8,226,11,19,11,10,12,12,92,13,44,39,18,18,15,14,9,6,10,16,14,146,5,3,7,19,12,9,3,20,24,12,5,22,5,15,8,15,4,24,0,12,10,16,45,0,33,9,16,14,21
2456,10,7,10,10,10,19,86,17,13,9,24,3,32,20,7,25,3,6,15,7,10,20,8,17,10,7,26,12,14,6,45,12,23,8,18,13,9,18,11,12,8,18,15,14,22,8,226,11,19,11,10,12,12,92,13,44,39,18,18,15,14,9,6,10,16,14,146,5,3,7,19,12,9,3,20,23,12,5,22,5,15,8,15,4,24,0,12,10,15,45,0,33,9,16,14,21
2457,10,7,10,10,10,19,86,17,13,9,24,3,32,20,7,25,3,6,15,7,9,20,7,17,10,7,26,12,14,6,43,12,23,8,17,13,9,18,11,12,8,18,14,13,22,8,224,11,19,11,10,12,12,92,13,44,39,18,17,15,14,9,6,10,16,14,146,5,3,7,19,11,9,3,20,23,12,5,22,5,15,8,15,4,24,0,12,10,14,45,0,33,9,16,14,21
2458,10,7,10,10,10,19,85,17,13,9,24,3,32,20,7,25,3,6,14,7,9,20,7,17,10,7,26,11,14,6,43,12,23,8,17,13,9,18,11,12,8,18,14,13,22,8,224,11,19,11,9,12,12,92,13,43,38,18,16,14,14,9,6,10,15,14,146,4,3,7,19,11,9,3,20,23,12,5,22,5,15,8,15,4,24,0,12,10,14,45,0,33,9,16,14,21
2459,10,7,10,10,10,19,85,17,13,9,23,3,31,20,7,25,3,6,14,7,9,18,7,17,10,7,26,11,14,6,43,12,21,8,17,13,9,18,11,12,8,18,13,13,22,8,223,11,19,11,9,12,12,91,13,43,38,18,16,14,14,9,6,10,15,13,145,4,3,7,19,11,9,3,20,23,12,5,22,5,15,8,15,4,24,0,12,10,13,44,0,33,9,16,13,21
2460,10,7,10,10,10,18,85,17,13,9,23,3,31,20,7,25,3,6,14,7,9,18,7,17,10,7,26,11,14,5,43,12,20,8,17,13,9,18,10,12,8,18,13,13,22,8,222,11,19,11,9,12,12,91,13,43,38,17,16,14,14,9,6,10,15,13,145,4,3,7,19,11,9,3,20,23,12,5,21,5,15,8,15,4,23,0,12,10,13,43,0,33,9,16,13,21
2461,10,7,10,10,10,18,85,17,12,9,23,3,31,20,7,25,3,6,14,7,9,18,7,16,10,7,26,11,14,5,43,12,20,8,17,13,9,18,10,12,8,18,13,13,22,8,221,11,18,11,9,12,12,91,13,43,38,17,16,14,14,9,6,10,15,13,145,4,3,7,19,11,9,3,20,23,12,5,21,5,15,8,15,4,23,0,12,9,13,43,0,33,9,16,13,20
2462,10,6,10,10,10,18,85,17,12,9,23,3,31,20,7,25,3,6,14,6,9,18,7,15,10,7,25,11,14,5,43,12,20,8,16,13,9,18,10,12,8,18,12,13,22,8,221,11,17,11,9,12,12,90,13,42,38,17,16,14,14,9,6,10,15,13,144,4,3,7,19,11,9,3,20,23,12,5,21,5,15,8,15,4,23,0,12,9,13,43,0,33,9,16,13,20
2463,10,6,10,10,10,18,85,17,12,9,23,3,30,19,7,24,3,6,14,6,9,18,7,14,9,7,25,11,14,5,42,12,20,8,16,13,9,18,10,12,8,18,12,13,22,8,218,11,16,11,9,12,12,90,13,41,38,17,16,13,14,9,6,9,15,13,144,4,3,7,19,11,9,3,20,23,12,5,21,5,15,8,15,4,23,0,12,8,13,43,0,33,9,16,13,20
2464,10,5,10,10,10,18,85,17,12,9,22,3,30,19,7,23,3,6,14,6,9,18,7,14,9,7,24,11,13,5,41,12,20,8,16,13,9,17,10,12,8,18,12,13,21,8,218,11,16,11,9,12,12,90,13,41,38,17,16,13,12,9,6,9,15,13,143,4,3,7,19,11,9,3,20,23,12,5,21,5,15,8,15,4,23,0,12,8,13,43,0,33,8,16,13,20
2465,10,5,10,10,9,18,85,16,12,9,22,3,29,19,7,23,3,6,14,6,9,18,7,14,9,7,23,11,13,5,41,12,19,8,15,13,9,17,10,12,8,18,12,13,21,8,217,11,16,11,9,12,12,90,13,41,38,17,16,13,12,9,6,9,15,13,143,4,3,7,19,11,9,3,20,23,12,5,21,5,15,8,15,4,23,0,12,8,13,43,0,33,8,16,12,20
2466,10,5,9,10,9,18,85,16,12,9,22,3,29,19,7,23,3,6,14,6,9,17,7,14,9,7,23,11,13,5,41,12,19,8,15,13,9,17,10,12,8,18,12,13,21,8,213,11,16,11,9,12,12,90,13,41,38,17,16,13,12,9,6,9,15,13,143,4,3,7,19,11,9,2,20,22,12,5,21,5,15,8,15,4,23,0,12,8,13,43,0,33,8,16,12,20
2467,10,5,8,10,9,18,85,16,12,9,22,3,29,19,7,23,3,6,14,5,9,17,7,14,9,7,22,11,13,5,41,12,19,8,15,13,9,17,10,12,8,18,12,13,21,8,211,11,16,11,9,12,12,88,12,41,38,17,16,13,12,9,6,9,15,13,142,4,3,7,19,11,9,2,20,22,12,5,21,5,14,8,15,4,23,0,12,8,13,43,0,32,8,16,12,20
2468,10,5,8,10,9,18,84,16,12,9,22,3,29,19,7,23,3,6,14,5,9,17,7,14,9,7,22,11,12,5,41,12,19,8,15,13,9,17,10,12,8,18,12,13,21,8,211,11,16,11,9,10,12,88,12,41,37,17,16,13,12,9,6,9,15,13,141,4,3,7,19,11,9,2,20,22,12,5,21,5,13,8,15,4,22,0,12,8,13,43,0,31,8,16,12,20
2469,10,5,8,10,9,18,83,16,12,9,22,3,29,19,7,23,3,6,14,5,9,17,7,14,9,7,22,11,12,5,39,12,19,8,15,13,9,16,10,12,8,18,12,13,21,7,211,11,15,11,9,10,12,88,12,41,37,17,16,12,12,9,6,9,15,13,140,4,3,7,19,11,9,2,20,22,11,5,21,5,13,8,15,4,22,0,12,8,13,43,0,31,8,16,12,19
2470,10,5,8,9,9,18,82,16,12,9,22,3,29,19,7,23,3,6,14,5,9,17,7,13,9,7,22,11,12,5,38,12,19,8,15,13,9,15,10,12,8,18,12,12,21,7,210,11,15,10,9,10,12,88,12,41,36,17,16,12,12,9,5,9,15,13,138,4,3,7,19,11,9,2,20,22,11,5,21,5,13,8,14,4,21,0,12,8,13,43,0,31,8,16,12,19
2471,10,5,8,9,9,18,82,16,12,9,22,3,28,19,7,22,3,6,14,5,9,17,7,13,9,7,22,11,12,5,36,12,19,8,15,13,9,15,10,12,8,18,12,12,21,7,210,10,15,10,9,10,12,88,12,41,36,17,16,12,12,9,5,9,15,13,137,4,3,7,19,11,9,2,20,21,11,4,21,5,13,8,14,4,21,0,12,8,13,43,0,31,8,16,12,19
2472,10,5,7,9,9,18,82,16,12,9,22,3,28,19,7,22,3,6,14,5,9,16,6,13,9,7,22,11,12,5,36,12,18,8,15,13,9,15,10,12,8,18,12,12,21,7,208,10,15,10,9,10,12,88,12,41,36,17,15,12,12,9,5,9,15,13,137,4,3,7,19,11,9,2,20,21,11,4,20,5,13,8,14,4,21,0,12,8,13,41,0,31,8,16,12,19
2473,10,5,7,9,9,18,82,16,12,9,22,3,28,19,7,22,3,6,14,5,9,16,6,13,8,7,22,10,12,5,36,12,18,8,15,13,8,14,9,12,8,18,12,12,21,7,208,10,15,10,9,9,12,88,12,41,36,17,15,12,12,9,5,9,15,12,136,4,3,7,19,11,9,2,20,18,11,4,20,5,13,8,14,4,21,0,12,8,12,41,0,31,8,16,11,19
2474,10,5,7,9,9,18,82,16,12,9,22,3,28,19,7,22,3,6,13,5,9,16,6,13,8,7,20,9,12,5,34,12,18,8,15,13,7,14,8,12,8,18,12,12,20,7,207,10,15,10,9,9,12,88,12,40,35,17,15,12,12,9,5,8,15,12,135,4,3,7,19,11,9,2,20,18,11,4,20,4,13,8,14,4,21,0,11,8,12,41,0,31,8,16,11,19
2475,10,5,7,9,8,18,82,16,12,9,22,3,28,19,7,22,3,6,13,5,9,16,6,13,8,7,20,9,12,5,34,12,17,8,15,13,7,14,8,12,8,18,12,11,19,7,205,10,15,10,8,9,12,88,12,40,34,16,15,12,12,9,5,8,15,12,134,4,3,7,19,11,9,2,20,18,11,4,20,4,13,8,14,4,21,0,11,8,11,41,0,31,9,16,11,19
2476,10,5,7,9,8,18,81,16,12,9,22,3,27,19,7,22,3,6,13,5,8,16,6,13,8,7,20,9,12,5,34,12,17,8,15,13,7,14,8,12,8,17,12,11,19,7,205,10,15,10,8,9,12,86,12,40,34,16,15,12,12,9,5,8,15,12,134,4,3,7,19,11,9,2,20,18,11,4,20,4,13,8,14,4,21,0,11,8,11,41,0,31,9,15,11,19
2477,9,5,7,9,8,18,79,16,12,9,22,3,27,19,7,22,3,6,13,4,8,16,6,13,8,7,20,9,12,5,34,12,17,8,15,13,7,14,8,12,8,17,12,10,19,7,205,10,15,10,8,9,12,85,12,40,34,16,15,12,12,9,5,8,15,12,134,4,3,7,19,10,9,2,20,18,11,4,20,4,13,7,14,4,21,0,11,8,11,40,0,31,8,15,11,19
2478,9,5,7,9,7,18,78,16,12,8,22,3,27,19,7,22,3,6,13,4,8,15,6,13,8,7,20,9,12,4,34,12,17,8,15,13,7,14,8,12,8,17,12,10,19,7,202,10,15,10,8,9,12,84,12,40,34,16,14,12,12,9,5,8,15,12,134,4,3,7,19,10,9,2,20,18,11,4,20,4,13,7,14,4,21,0,11,8,11,40,0,31,8,15,11,19
2479,9,5,7,9,7,18,78,16,12,8,22,3,27,19,7,22,3,6,13,4,8,15,6,13,8,7,20,9,12,4,34,12,17,8,15,13,7,14,8,12,8,17,12,10,19,7,202,10,15,10,8,9,12,84,12,40,34,16,14,12,12,9,5,8,15,12,133,4,3,7,19,10,9,2,19,18,11,4,20,4,13,6,14,4,21,0,11,8,10,40,0,30,8,15,11,19
2480,9,5,7,9,7,18,78,16,12,8,22,3,27,19,7,22,3,6,13,4,8,15,6,13,8,7,20,9,12,4,34,12,17,8,15,13,7,14,8,12,8,17,12,10,19,7,201,10,15,10,8,9,12,84,12,40,34,16,14,12,12,9,5,7,15,12,132,4,3,7,19,10,9,2,19,18,11,4,20,4,13,6,14,4,21,0,11,8,10,39,0,30,8,15,11,19
2481,9,5,7,9,7,18,78,16,12,8,20,3,27,19,7,22,3,6,13,4,8,15,6,13,8,7,20,9,12,4,34,12,17,8,15,12,7,14,8,12,8,17,12,10,19,7,200,10,15,10,8,9,12,83,12,40,32,16,14,12,12,9,5,7,15,12,132,4,3,7,19,10,9,2,19,18,11,4,20,4,13,6,14,4,21,0,11,7,10,39,0,30,8,15,11,19
2482,9,5,7,8,7,18,78,16,12,8,20,3,27,19,7,22,3,6,13,4,8,15,5,13,8,7,20,9,12,4,33,12,17,8,15,12,7,14,8,12,8,17,12,10,19,7,198,10,15,10,8,9,12,81,12,40,32,16,14,12,11,9,5,7,15,11,132,4,3,7,19,10,9,2,19,18,11,4,20,4,13,6,14,4,21,0,10,7,10,39,0,30,8,15,11,19
2483,8,4,7,8,7,18,77,16,12,8,19,3,27,19,7,22,3,6,13,4,8,15,5,13,7,7,20,8,12,4,33,12,17,8,15,12,7,14,8,12,7,17,12,10,18,7,197,9,15,10,8,9,12,80,12,40,32,16,14,12,11,9,5,7,15,10,131,4,3,7,19,10,9,2,19,18,11,4,20,4,12,6,14,4,20,0,10,7,10,39,0,30,8,15,11,18
2484,8,4,7,8,7,18,77,16,12,8,19,3,27,18,7,22,3,6,13,4,8,15,5,13,7,7,19,8,12,4,33,12,16,8,15,12,7,13,8,12,7,17,12,10,18,7,195,9,15,10,8,9,11,80,12,40,32,16,14,12,11,9,5,7,15,10,130,4,3,7,19,10,9,2,18,17,11,4,20,4,11,6,14,4,20,0,10,7,10,39,0,30,8,15,11,18
2485,8,4,7,8,7,18,77,16,12,8,19,3,26,18,7,22,3,6,13,4,8,15,5,13,7,7,19,8,12,4,33,12,16,8,15,12,7,13,8,12,7,17,12,10,18,7,194,9,15,10,8,9,11,80,11,39,32,16,14,12,11,9,5,7,15,10,130,4,3,6,19,10,9,2,18,17,11,4,20,4,11,6,14,4,20,0,10,7,10,39,0,30,8,15,11,18
2486,8,4,7,8,7,18,76,16,12,8,19,3,26,18,7,22,3,6,13,4,8,15,5,13,7,7,19,8,12,4,32,12,16,8,15,11,7,13,8,12,7,17,12,10,17,7,193,9,15,10,8,9,11,80,11,38,32,16,14,12,11,9,5,7,15,10,129,4,3,6,18,10,9,2,18,15,11,4,20,4,11,6,14,4,20,0,10,7,10,38,0,30,8,15,11,18
2487,8,4,7,8,7,18,76,16,12,8,19,3,24,17,7,22,3,6,13,4,8,15,5,13,7,7,19,8,12,4,31,12,16,8,15,11,7,13,8,12,7,17,12,10,17,7,192,9,15,10,8,9,11,80,11,38,32,15,13,12,11,9,5,7,14,10,129,4,3,6,18,10,9,2,17,15,11,4,20,4,11,6,14,4,20,0,10,7,9,38,0,30,8,15,11,18
2488,8,4,7,8,7,18,76,16,12,8,19,3,24,16,7,22,3,6,13,4,8,15,5,13,7,7,19,8,12,4,30,12,15,8,15,11,7,12,8,12,7,17,12,10,17,7,191,9,15,10,8,9,11,79,11,38,32,15,13,12,11,9,4,7,14,10,129,4,3,6,18,10,9,2,17,15,11,4,20,4,11,6,14,4,20,0,9,7,9,38,0,30,8,14,11,18
2489,8,4,7,8,7,18,76,16,12,8,19,3,24,16,7,22,3,6,13,4,8,15,5,13,6,7,19,8,12,4,30,12,14,8,15,11,7,12,8,12,7,17,12,10,17,7,189,9,15,10,8,9,11,79,11,38,32,15,13,12,11,9,4,7,13,10,129,4,3,6,18,9,9,2,16,15,11,4,20,4,10,5,14,4,19,0,9,7,9,38,0,30,8,14,11,18
2490,8,4,7,8,7,18,74,16,12,8,19,3,24,16,7,22,3,6,13,4,8,15,5,13,6,7,19,8,12,4,30,12,14,8,15,11,7,12,8,12,7,17,12,10,16,7,189,9,15,10,8,9,11,78,11,38,32,15,13,11,11,9,4,7,13,10,129,4,3,6,18,9,9,2,16,15,11,4,20,4,10,5,13,4,19,0,9,7,9,38,0,29,8,14,11,18
2491,7,4,7,8,7,18,74,16,12,8,19,3,23,16,7,21,3,6,12,4,8,15,5,13,6,7,19,8,12,4,30,12,14,8,14,10,7,12,8,12,7,17,12,10,16,7,187,9,15,10,8,9,11,78,11,37,32,15,13,11,11,9,4,7,13,10,127,4,3,6,18,9,9,2,16,15,11,4,20,4,10,5,13,4,19,0,9,7,9,38,0,29,8,14,11,18
2492,7,4,7,8,7,18,74,16,12,8,19,3,23,16,7,21,3,6,12,4,8,15,5,13,5,7,19,8,12,4,30,12,14,8,14,10,7,11,8,12,7,17,12,10,16,7,187,9,15,10,8,9,11,78,11,37,32,15,13,11,11,9,4,7,13,10,127,4,3,6,17,9,9,2,16,15,11,4,19,4,10,5,13,4,19,0,8,7,9,38,0,28,8,14,11,18
2493,7,4,7,8,7,18,73,16,11,8,19,3,23,16,7,21,3,6,12,4,8,15,5,13,5,7,18,8,12,4,30,12,14,8,14,10,7,11,8,12,7,17,12,10,16,7,187,9,15,10,8,9,10,76,11,37,32,14,13,11,11,9,4,7,13,10,126,4,3,6,17,9,9,2,16,15,11,4,19,4,10,5,13,4,19,0,8,7,9,37,0,28,8,14,11,18
2494,7,4,7,8,7,17,73,15,11,8,19,3,23,16,7,20,3,6,12,4,8,15,5,13,5,7,18,7,12,4,30,12,14,8,14,10,7,11,8,11,7,17,12,10,16,7,185,9,15,9,8,9,10,74,11,36,32,13,13,11,11,9,4,7,12,10,125,3,3,6,17,9,9,2,16,15,11,4,19,4,10,5,13,4,19,0,8,7,9,37,0,28,8,14,11,17
2495,7,4,7,8,7,17,72,15,11,8,19,3,23,16,7,20,3,6,12,4,7,15,5,12,5,7,18,7,12,4,30,11,14,8,14,10,7,11,8,11,7,17,12,10,16,7,183,9,15,8,8,9,10,74,10,36,32,13,13,11,11,9,4,7,12,10,125,3,3,6,17,9,9,2,16,15,11,4,19,3,10,5,13,4,19,0,8,7,9,37,0,26,8,14,11,17
2496,7,4,5,8,7,17,72,15,11,7,19,3,23,16,7,20,3,6,12,4,7,15,5,12,5,7,18,7,12,4,30,11,14,8,14,10,7,11,8,11,7,17,12,10,16,7,183,9,14,8,8,9,10,73,10,35,32,13,13,11,11,9,4,7,12,10,123,3,3,6,17,9,9,2,16,15,11,4,19,3,10,5,13,4,18,0,8,7,9,37,0,25,8,14,11,17
2497,7,4,5,8,7,16,68,15,11,7,19,3,23,16,7,20,3,6,12,4,7,15,4,11,5,7,18,7,12,4,30,11,14,8,14,10,7,11,8,11,6,17,12,10,15,7,183,9,14,8,8,9,10,73,10,34,32,12,13,11,11,8,4,7,12,10,122,3,3,6,17,9,9,2,16,15,11,4,19,3,10,5,13,4,18,0,8,7,9,37,0,25,8,14,11,17
2498,6,4,5,8,6,16,68,15,11,7,19,3,22,16,7,20,3,6,12,4,6,14,4,10,5,7,18,7,12,4,30,11,14,8,14,10,7,11,8,11,5,17,12,10,15,7,183,9,14,8,7,9,10,73,10,34,32,12,13,11,11,8,4,7,12,10,122,3,3,6,17,9,9,2,16,15,11,4,19,3,10,5,13,4,18,0,8,7,9,37,0,25,8,14,11,17
2499,6,4,5,8,6,16,68,15,11,7,19,3,22,16,7,20,3,6,12,4,6,14,4,10,5,7,18,7,12,4,30,11,14,8,14,10,7,11,8,11,5,17,12,10,15,6,180,9,14,8,7,9,10,70,10,34,32,12,12,11,11,8,4,7,12,10,120,3,3,6,17,9,9,2,16,15,11,4,19,3,10,5,13,4,18,0,8,7,9,37,0,25,8,14,11,17
2500,6,4,5,8,6,16,67,15,11,7,19,3,21,16,7,20,3,6,12,4,5,14,4,10,5,7,18,7,12,4,30,11,14,8,14,10,7,11,8,11,5,17,12,10,15,6,179,9,14,8,7,9,10,69,10,34,32,12,12,11,9,8,4,7,12,9,120,3,3,5,17,9,9,2,16,15,11,4,19,3,10,5,13,4,18,0,7,7,9,37,0,25,8,14,11,17
2501,6,4,5,8,6,16,67,15,10,7,19,3,20,16,7,20,3,6,11,4,5,14,4,10,5,7,18,7,11,4,29,11,14,8,14,10,7,11,8,11,5,16,12,10,15,6,179,9,14,8,7,9,10,69,10,34,32,12,12,11,9,8,4,7,12,9,120,3,3,5,16,9,9,2,16,15,11,4,19,3,10,5,13,4,17,0,7,7,9,37,0,25,8,14,11,14
2502,6,4,5,8,6,15,66,15,10,7,19,3,20,16,7,20,3,6,11,4,5,14,4,10,5,7,18,7,11,4,29,11,14,8,14,10,7,11,7,11,5,16,11,10,15,6,179,9,14,8,7,9,9,67,10,34,32,12,12,11,9,7,4,7,12,9,119,3,3,5,16,9,9,2,16,15,11,4,19,3,10,5,13,4,17,0,7,7,9,37,0,25,8,14,11,14
2503,6,4,5,8,6,15,65,15,10,7,19,3,20,16,7,20,3,6,11,4,5,14,4,10,5,7,18,7,11,4,27,11,14,8,14,10,7,11,7,11,5,16,11,10,14,6,177,9,14,8,7,9,9,67,10,33,32,12,12,11,8,7,4,7,12,9,119,3,3,5,16,8,9,2,16,15,11,4,19,3,10,5,13,4,17,0,7,7,9,37,0,25,8,14,11,14
2504,6,4,5,8,6,15,65,15,10,7,19,3,20,15,7,20,3,6,10,4,5,14,4,10,5,7,18,7,11,4,27,11,14,8,14,10,7,11,7,11,5,16,11,9,14,6,174,9,14,8,7,9,9,67,10,33,30,12,12,11,8,7,4,7,12,9,118,3,3,5,16,8,9,2,16,15,10,4,19,3,10,5,13,4,17,0,7,7,8,36,0,25,8,14,11,14
2505,6,4,5,8,6,15,65,15,10,7,19,3,20,15,7,20,3,6,10,4,5,14,4,10,5,7,18,7,11,4,26,11,14,8,14,10,7,11,7,11,5,16,11,9,14,6,174,9,14,8,7,9,9,67,10,32,29,12,12,11,8,7,4,7,12,9,117,3,3,5,16,8,8,2,16,15,10,4,19,3,10,5,13,4,17,0,7,7,8,35,0,25,8,14,11,14
2506,6,3,5,8,6,15,65,15,10,7,18,3,20,14,7,20,3,6,10,4,5,14,4,10,5,7,18,7,11,4,26,11,14,8,14,10,7,11,7,11,5,15,11,9,14,6,173,9,14,8,7,9,9,67,10,31,28,12,12,11,8,7,4,7,12,9,115,3,3,5,14,8,8,2,16,15,10,4,19,3,10,5,13,4,17,0,7,7,8,34,0,24,8,14,11,14
2507,6,3,5,8,6,15,65,15,10,7,18,3,19,14,7,20,3,6,8,4,5,12,4,10,5,7,18,6,11,4,26,11,14,8,14,10,7,11,7,11,5,15,11,9,14,6,173,9,14,8,7,9,9,67,10,31,28,12,12,10,8,7,4,7,12,9,115,3,3,5,14,8,8,2,15,15,10,4,19,3,10,5,13,4,17,0,7,7,8,34,0,24,8,14,11,14
2508,6,3,5,8,6,15,65,15,10,7,18,3,19,14,7,20,3,6,8,4,5,12,4,10,5,7,18,6,11,4,26,11,14,8,14,10,7,11,7,11,5,15,11,9,14,6,173,9,14,8,7,9,9,66,9,31,28,12,12,10,8,7,4,7,12,9,115,2,3,5,13,8,8,2,15,15,10,4,19,3,10,5,13,4,17,0,7,7,8,33,0,24,8,14,11,14
2509,6,3,5,8,6,15,64,15,10,7,18,3,18,14,7,20,3,6,8,4,5,12,4,10,5,7,18,6,11,4,26,11,14,8,14,10,7,11,7,11,5,15,11,9,14,6,172,9,14,8,7,9,9,66,9,30,28,12,12,10,8,7,4,7,12,9,115,2,3,5,13,8,8,2,15,15,10,4,19,3,10,5,13,4,17,0,7,7,7,33,0,24,8,14,10,14
2510,6,3,5,8,6,15,63,15,9,7,18,3,18,13,7,20,3,6,8,4,5,12,4,10,5,7,18,6,11,4,26,11,14,8,14,10,7,11,7,11,5,15,10,9,14,6,169,8,14,8,7,9,9,65,9,30,27,12,11,10,8,7,4,7,12,9,113,2,3,5,13,8,6,2,15,15,9,4,19,3,10,5,13,4,17,0,7,7,7,33,0,24,8,14,10,14
2511,6,3,5,8,6,15,62,15,9,7,17,3,18,12,7,18,3,6,8,4,5,12,4,10,5,7,18,6,10,4,26,11,14,8,14,8,7,11,7,11,5,15,10,9,14,6,169,8,14,8,7,9,9,65,9,30,27,12,11,10,8,7,4,7,12,9,112,2,3,5,13,8,6,2,15,15,9,4,19,3,10,5,13,4,17,0,7,7,7,33,0,24,7,14,10,14
2512,6,3,5,8,6,15,62,15,9,7,16,2,17,12,7,18,3,6,8,4,5,12,4,10,5,7,18,5,10,4,26,11,13,8,13,8,7,11,7,11,5,15,10,9,14,6,166,8,14,8,7,9,9,65,9,30,27,12,11,10,8,7,4,7,12,8,112,2,3,5,13,8,6,2,15,15,9,4,19,3,10,5,13,4,17,0,7,7,7,33,0,24,7,14,10,14
2513,6,3,5,8,6,13,62,15,9,7,16,2,15,12,7,18,3,6,8,4,5,12,4,10,5,7,18,5,10,4,25,11,13,8,13,8,7,11,7,11,5,15,10,9,14,6,166,8,14,8,7,9,9,65,9,30,27,12,11,10,8,7,4,7,12,8,111,2,3,5,13,7,6,2,15,15,8,4,19,3,10,5,13,4,17,0,6,7,7,33,0,24,7,14,10,14
2514,6,3,5,8,6,13,61,15,8,7,16,2,15,12,7,18,3,6,8,4,5,12,4,10,5,7,18,5,10,4,25,11,13,8,13,8,7,11,7,11,5,15,10,9,14,6,165,8,14,8,7,9,8,65,9,30,27,12,11,10,8,7,4,7,12,8,110,2,2,5,13,7,5,2,15,15,8,4,19,3,10,5,13,4,17,0,6,7,7,33,0,24,7,14,10,14
2515,6,3,5,8,6,13,61,14,8,7,16,2,15,12,7,18,3,6,8,3,5,12,4,10,5,7,18,5,10,4,25,11,13,8,13,8,7,11,7,11,5,15,10,9,14,6,165,8,14,8,7,9,8,65,9,29,27,12,11,10,8,7,4,7,12,8,110,2,2,5,13,7,5,2,15,15,8,4,19,3,10,5,13,4,17,0,6,7,6,33,0,24,7,13,10,14
2516,6,3,5,8,6,13,60,14,8,7,16,2,15,12,7,17,3,6,8,3,5,12,3,10,5,7,18,5,10,4,25,11,13,8,13,8,7,11,7,11,5,14,10,9,14,6,162,8,14,8,7,9,8,64,9,28,27,12,11,10,8,7,4,7,12,8,110,2,2,5,13,7,5,2,15,15,8,4,19,3,10,5,13,4,17,0,6,7,6,33,0,24,7,13,10,14
2517,6,3,5,8,6,13,60,14,8,7,16,2,15,12,7,17,3,6,8,3,5,12,3,10,5,7,17,5,10,4,25,11,13,8,13,7,7,11,7,11,5,14,10,9,14,6,162,8,14,8,7,9,8,64,8,28,27,11,11,10,8,7,4,7,12,8,106,2,2,5,13,7,5,2,15,15,7,4,19,3,10,5,13,4,17,0,6,7,6,33,0,23,7,13,10,14
2518,6,3,5,8,6,13,60,14,8,7,16,2,15,12,7,17,3,6,8,3,5,12,3,10,5,7,17,5,10,4,25,11,12,8,13,7,7,11,7,11,5,14,10,9,14,6,162,8,14,8,6,9,8,64,8,28,27,11,11,10,8,7,4,6,12,8,105,2,2,5,13,7,5,2,15,15,7,4,19,3,10,5,13,4,17,0,6,7,6,33,0,22,7,13,10,13
2519,6,3,5,8,6,13,60,14,8,7,16,2,15,11,7,17,3,6,8,3,5,12,3,10,5,7,17,5,10,4,24,11,12,8,13,6,7,11,7,11,5,14,10,9,14,6,162,8,14,7,6,9,8,64,8,28,27,11,11,9,8,7,4,6,12,8,104,2,2,5,13,7,5,2,15,15,7,4,19,3,10,5,13,4,17,0,6,7,6,33,0,22,7,13,10,13
2520,6,3,5,8,6,13,60,14,8,7,16,2,15,11,7,17,3,6,8,3,5,12,3,9,5,7,17,5,10,4,24,11,12,8,13,6,7,11,7,11,5,14,10,9,14,6,160,8,14,7,6,9,8,64,8,28,27,11,10,9,8,7,4,6,11,8,104,2,2,5,13,7,5,2,15,15,7,4,19,3,9,5,13,4,17,0,6,7,6,32,0,21,7,13,10,13
2521,6,3,5,8,6,13,60,13,8,7,16,2,15,11,7,17,3,6,8,3,5,12,3,9,5,6,17,5,10,4,24,11,12,8,13,6,7,11,7,11,5,14,10,9,14,6,160,8,14,7,6,9,8,64,8,28,27,11,9,9,8,7,4,6,11,8,104,2,2,5,13,7,4,2,15,15,7,4,19,3,9,5,12,4,17,0,6,7,6,32,0,21,7,13,10,13
2522,6,3,5,8,6,12,60,13,8,7,16,2,15,11,7,17,3,6,8,3,5,12,3,9,5,6,17,5,10,3,24,11,11,8,13,6,7,11,7,11,5,14,10,9,14,6,160,8,14,7,6,9,8,64,8,28,26,11,9,9,8,7,4,6,11,8,104,2,2,5,13,7,4,2,15,15,7,4,19,3,9,5,12,4,16,0,6,7,6,32,0,21,7,13,10,13
2523,6,3,5,8,5,12,59,13,8,7,16,2,15,11,7,16,3,6,8,3,5,12,3,9,5,6,17,5,10,3,24,10,10,8,13,6,7,10,7,11,5,14,9,9,14,6,160,8,14,7,6,9,8,64,8,28,26,11,9,9,8,7,3,6,10,8,103,2,2,5,13,7,4,2,15,15,7,4,18,3,9,5,12,4,16,0,6,7,6,31,0,20,7,13,10,12
2524,6,3,5,8,5,12,59,12,8,7,16,2,14,11,7,16,3,6,8,3,4,12,3,8,5,6,17,5,10,3,23,10,10,8,13,6,7,10,7,11,4,14,9,9,14,6,161,8,14,7,6,9,8,64,8,28,26,11,9,9,8,7,3,6,10,8,102,2,2,5,13,7,4,2,15,14,7,4,18,3,9,5,12,4,16,0,5,6,6,31,0,20,7,13,10,12
2525,6,3,5,8,5,12,59,12,7,7,16,2,14,11,7,16,3,6,8,3,4,12,3,8,5,6,16,5,10,3,23,10,10,7,13,6,7,10,7,11,4,14,9,9,14,6,161,8,14,7,6,9,8,63,7,28,26,11,9,9,8,7,3,6,10,8,101,2,2,5,13,7,4,2,15,14,7,4,18,3,9,5,12,4,16,0,5,6,6,31,0,20,7,13,10,12
2526,6,3,5,8,5,12,58,12,7,7,16,2,14,11,7,16,3,6,8,3,4,12,3,8,4,6,16,5,10,3,23,10,10,6,13,5,7,10,7,11,4,14,9,9,14,6,158,8,14,7,6,9,7,63,7,28,26,11,9,9,7,7,3,6,10,8,100,2,2,5,13,7,4,2,15,14,7,4,18,3,9,5,12,4,16,0,5,6,6,30,0,20,7,13,10,12
2527,6,3,5,8,5,12,57,12,7,7,16,2,14,11,7,16,3,6,8,3,4,12,3,7,4,6,16,5,10,3,23,10,9,6,13,5,7,10,7,11,4,14,9,9,14,6,158,8,14,7,6,9,7,62,7,28,26,11,9,9,7,7,3,6,10,8,99,2,2,5,13,7,4,2,14,14,7,4,18,3,9,5,12,4,16,0,5,6,6,30,0,20,7,13,9,12
2528,6,3,5,8,5,12,56,12,7,7,15,2,14,11,7,16,3,6,8,3,4,12,3,7,4,6,16,5,10,3,23,10,9,6,13,5,7,10,7,11,4,14,9,9,13,6,157,8,14,6,6,9,7,62,7,28,26,11,9,9,7,7,3,6,10,7,97,2,2,5,13,7,4,2,14,14,7,4,18,3,8,5,12,4,16,0,5,5,6,30,0,20,7,13,9,12
2529,6,3,5,8,5,12,55,12,7,7,15,2,14,11,7,16,3,6,8,3,4,12,3,7,4,6,16,5,10,3,23,10,9,6,13,5,7,10,6,11,4,14,9,9,12,6,157,8,14,6,6,9,7,61,7,28,26,11,9,9,7,7,3,6,10,7,95,2,2,5,13,7,4,2,14,14,7,4,18,3,8,5,12,4,16,0,5,5,6,30,0,20,7,13,9,12
2530,6,3,5,8,5,12,53,11,7,7,14,2,14,11,7,16,3,6,8,3,4,12,3,7,4,6,16,5,10,3,23,10,9,6,13,5,7,10,6,11,4,14,9,9,12,6,156,8,14,6,6,9,7,60,7,28,26,11,9,9,7,7,3,6,10,7,95,2,2,5,13,7,4,2,14,14,7,4,18,3,8,5,12,4,16,0,5,5,6,29,0,19,7,13,9,12
2531,6,3,5,8,5,12,53,11,7,7,14,2,14,11,7,15,3,6,8,3,4,12,3,7,4,6,16,5,10,3,23,10,9,6,12,5,7,10,6,11,4,14,9,9,12,6,155,8,14,6,6,9,6,59,6,28,26,11,9,9,7,7,3,6,9,7,95,2,2,5,13,7,4,2,14,14,7,4,18,3,8,5,12,4,16,0,5,5,6,29,0,19,7,13,9,12
2532,6,3,5,8,5,12,52,11,7,7,14,2,14,11,7,15,3,6,8,3,4,12,3,7,4,6,16,5,10,3,23,10,9,6,12,5,7,10,6,11,4,14,9,9,12,6,154,8,13,6,6,9,6,59,6,28,25,11,9,9,7,7,3,6,9,7,94,2,2,5,13,7,4,2,14,14,7,4,18,3,8,5,12,4,16,0,5,5,6,29,0,19,7,13,9,12
2533,5,3,5,8,5,11,52,11,7,7,14,2,14,11,7,15,3,6,8,3,4,12,3,7,4,6,15,5,10,3,23,10,9,5,12,5,7,10,6,11,4,14,9,9,12,6,153,8,13,6,6,9,6,59,6,28,25,11,8,9,7,7,3,6,9,7,94,2,2,5,13,7,4,2,14,14,7,4,18,3,8,5,12,4,16,0,5,5,6,28,0,19,7,13,9,12
2534,5,3,5,8,5,11,52,11,7,7,14,2,14,11,7,15,3,6,8,3,4,12,3,7,4,6,15,5,10,3,23,10,9,5,12,5,7,10,6,11,4,14,9,9,12,6,152,8,13,6,6,9,6,59,6,28,23,11,8,9,7,6,3,6,9,7,95,2,2,5,13,7,4,2,14,14,7,4,18,3,8,5,12,4,16,0,5,5,6,28,0,19,7,13,9,12
2535,5,3,5,8,5,11,52,11,7,7,14,2,14,11,7,15,3,6,8,3,4,12,3,7,4,6,15,5,10,3,23,10,8,4,10,5,7,10,6,11,4,14,8,9,12,5,150,8,13,6,6,9,6,57,6,28,23,11,8,9,7,6,2,6,9,7,94,2,2,5,12,7,4,1,14,14,7,4,18,3,8,5,11,4,16,0,5,5,6,27,0,18,7,13,9,12
2536,5,3,5,8,5,11,52,11,7,7,13,2,14,11,7,15,3,6,8,3,4,11,3,7,4,6,15,5,10,3,23,10,8,3,10,5,7,10,6,11,4,14,8,9,12,4,150,7,13,6,6,9,6,57,6,28,23,11,8,9,7,6,2,6,9,7,93,2,2,5,12,7,4,1,14,14,7,4,18,3,8,5,11,4,16,0,5,5,6,27,0,18,7,13,9,12
2537,5,3,5,8,5,11,52,11,6,7,12,2,14,11,7,15,3,6,7,3,4,11,3,7,4,6,14,5,9,3,23,10,8,3,10,5,7,10,6,11,3,14,8,9,11,4,150,7,13,6,6,9,6,57,6,28,23,11,8,9,7,6,2,6,9,7,92,2,2,5,12,7,4,1,14,14,7,4,18,3,8,5,11,4,15,0,5,4,6,27,0,17,7,12,9,12
2538,5,3,5,8,5,11,52,11,6,7,12,2,14,11,7,15,3,6,7,3,4,11,3,7,4,6,14,5,9,3,22,10,8,3,10,5,7,10,6,10,3,14,7,9,11,4,150,7,13,6,6,9,6,56,6,28,22,11,8,9,7,6,2,6,9,7,92,2,2,5,12,7,4,1,14,14,7,4,18,3,7,5,11,4,15,0,5,4,6,27,0,17,7,12,9,12
2539,5,3,5,8,5,11,52,11,6,7,12,2,14,11,7,15,3,6,7,3,4,11,3,7,4,6,14,5,9,3,22,10,8,3,10,5,7,10,6,10,3,13,7,9,11,4,150,7,13,5,6,9,6,56,6,28,21,11,8,9,7,6,2,6,9,7,91,2,2,5,12,7,4,1,14,14,7,4,18,2,7,5,11,4,15,0,5,4,6,27,0,17,7,12,9,12
2540,5,3,5,8,5,11,52,11,6,7,12,2,13,11,7,15,3,5,6,3,4,11,3,7,4,6,14,5,9,3,22,10,7,3,10,5,7,10,6,10,3,13,7,9,11,4,150,7,13,5,6,9,6,56,5,28,21,11,8,9,7,6,2,6,9,7,90,2,2,5,12,7,4,1,14,14,7,4,18,2,7,5,10,4,15,0,5,4,6,26,0,17,7,12,9,12
2541,5,3,5,8,5,11,52,11,6,7,12,2,13,11,7,15,3,5,6,3,4,11,3,7,4,6,14,5,9,3,22,10,7,3,10,5,7,10,5,10,3,13,7,9,11,4,149,7,13,5,6,9,6,56,5,28,21,11,8,9,7,6,2,6,9,7,90,2,2,5,11,7,4,1,14,13,7,4,18,2,7,5,10,4,15,0,5,4,6,26,0,17,7,12,9,12
2542,5,3,5,7,5,10,52,11,6,7,11,2,13,11,6,15,3,5,6,3,4,11,3,7,4,6,14,5,8,3,22,10,7,3,10,4,7,10,5,10,3,13,7,9,11,4,149,7,13,5,6,9,6,55,5,28,21,11,8,9,7,6,2,6,9,7,89,2,2,5,10,7,3,1,14,13,7,4,18,2,7,5,10,4,15,0,4,4,6,26,0,17,7,12,9,12
2543,5,3,5,7,5,10,52,11,6,7,11,2,13,11,6,15,3,5,6,2,4,11,3,7,4,6,14,5,8,3,22,10,7,3,10,3,7,10,5,10,3,13,7,9,11,4,149,7,13,5,6,9,6,55,5,28,20,11,8,9,6,6,2,6,9,7,89,2,2,4,10,7,3,1,14,13,7,4,18,2,7,5,10,3,15,0,4,4,6,24,0,17,7,12,9,12
2544,5,3,5,7,5,10,52,11,6,7,11,2,13,11,6,15,3,5,6,2,3,11,3,7,4,6,14,5,8,3,22,10,7,3,10,3,7,9,5,10,3,13,7,9,11,4,148,7,13,5,6,9,6,55,5,28,20,11,8,9,6,6,2,6,9,7,87,2,2,4,10,7,3,1,13,13,7,4,18,2,7,5,10,3,15,0,4,4,6,24,0,16,7,12,9,12
2545,5,3,5,7,5,10,52,11,6,7,10,2,12,11,6,14,3,5,6,2,3,11,3,7,4,6,14,5,8,3,21,10,7,3,10,3,7,9,4,10,3,13,7,9,11,4,147,7,13,5,6,9,6,55,5,28,20,11,8,9,6,6,2,6,9,7,87,2,2,4,10,7,3,1,13,13,7,4,18,2,7,5,10,3,15,0,4,4,6,24,0,16,7,12,9,12
2546,5,3,5,7,5,10,52,11,6,7,10,2,12,11,6,14,3,5,6,2,3,11,3,7,4,5,14,5,8,3,21,10,7,3,10,3,7,9,4,10,3,13,7,9,11,4,147,6,13,5,6,9,6,55,5,28,20,11,8,9,6,6,2,6,8,7,87,2,2,4,10,7,3,1,13,12,7,4,18,2,7,5,10,3,15,0,4,4,6,24,0,16,7,12,9,12
2547,4,3,5,7,5,10,52,11,6,7,10,2,12,11,6,14,3,5,6,2,3,11,3,7,4,5,14,5,8,3,21,10,7,3,10,3,7,9,4,10,3,13,7,9,11,4,145,6,13,4,6,9,6,55,5,28,20,11,8,9,6,6,2,6,8,7,87,2,2,4,10,7,3,1,13,12,7,4,18,2,7,5,10,3,15,0,4,3,6,23,0,16,7,12,9,12
2548,4,3,5,7,5,10,52,11,6,7,10,2,12,11,6,14,3,5,6,2,3,11,3,7,4,5,14,5,8,3,21,10,7,3,10,3,7,9,4,10,3,13,7,9,11,4,144,6,13,4,6,9,6,55,5,27,20,11,8,8,6,6,2,6,8,7,87,2,2,4,10,7,3,1,13,12,7,4,17,2,7,5,10,3,14,0,4,3,6,23,0,16,7,12,9,12
2549,4,3,5,7,4,10,51,11,6,7,10,2,12,11,6,14,3,5,6,2,3,11,3,7,4,5,14,5,7,3,20,10,7,3,10,3,7,9,4,10,3,13,7,9,11,4,143,6,13,4,6,9,6,55,5,27,20,11,8,7,6,6,2,6,8,7,87,2,2,4,10,7,3,1,13,12,7,4,15,2,7,5,10,3,13,0,4,3,6,23,0,16,7,12,9,12
2550,4,3,5,7,4,10,51,11,6,7,10,2,12,11,6,14,3,5,6,2,3,11,3,7,4,5,14,5,7,3,20,10,7,3,10,3,7,9,4,10,3,13,7,9,11,4,143,6,13,4,6,9,5,55,4,27,20,11,8,7,6,6,2,6,7,7,87,2,2,4,10,7,3,0,13,12,7,4,15,2,7,5,10,3,13,0,4,3,6,23,0,15,7,12,9,12
2551,4,3,5,6,4,10,50,11,6,7,10,2,12,11,6,14,3,5,6,2,3,11,3,7,4,5,14,5,7,3,20,10,7,3,10,3,6,9,4,10,3,13,7,9,11,4,143,6,13,4,6,9,5,54,4,27,20,11,8,7,6,6,2,6,7,7,87,2,2,4,10,7,3,0,12,12,7,4,15,2,7,5,10,3,13,0,4,3,6,23,0,15,7,12,9,12
2552,4,3,5,6,4,10,50,11,6,7,10,2,12,11,6,14,2,5,6,2,3,11,3,7,4,5,14,5,7,3,19,10,7,3,10,3,6,9,4,10,3,13,7,9,11,4,142,6,13,4,6,9,5,54,4,27,20,11,8,7,6,6,2,6,7,7,87,2,2,4,10,7,3,0,12,12,7,4,15,2,7,5,10,3,13,0,4,3,6,23,0,15,7,12,9,12
2553,3,3,5,6,4,10,50,11,6,7,10,2,12,11,6,14,2,5,6,2,3,11,3,7,4,5,14,5,7,3,18,10,7,3,10,3,6,9,3,10,3,13,7,9,11,4,141,6,13,3,5,9,5,54,4,27,20,11,8,7,6,6,2,6,7,6,87,2,2,4,10,7,3,0,12,12,7,4,15,2,7,5,9,3,13,0,4,3,6,23,0,15,7,12,9,12
2554,3,3,5,6,4,10,49,11,6,7,10,2,12,11,6,14,2,4,6,2,3,11,3,7,4,5,14,5,7,3,18,10,7,3,10,3,6,9,3,10,3,13,7,9,11,4,139,6,13,2,5,9,5,54,4,27,20,11,8,7,6,6,2,6,7,6,87,2,2,4,10,7,3,0,12,12,7,4,15,2,7,5,9,3,13,0,4,3,6,23,0,14,7,12,9,11
2555,3,3,5,6,4,10,48,11,6,7,10,2,12,11,6,14,2,4,6,2,3,11,3,7,4,5,14,5,7,3,18,9,7,3,10,3,6,9,3,10,3,13,6,9,11,4,139,6,13,2,5,9,5,54,4,25,20,11,8,7,6,6,2,6,7,6,87,2,2,4,10,7,3,0,12,12,7,4,15,2,7,5,9,3,13,0,4,3,6,23,0,14,6,12,9,11
2556,3,3,5,6,4,10,48,11,6,7,10,2,12,11,6,14,2,4,6,2,2,11,3,7,4,5,14,5,7,3,18,9,7,3,9,3,5,9,3,10,3,13,6,9,10,4,138,6,13,2,5,8,5,54,4,24,20,11,8,7,6,6,2,6,7,6,87,2,2,4,10,6,3,0,12,12,7,4,15,2,7,5,9,3,13,0,4,3,6,23,0,14,6,12,9,11
2557,3,3,5,6,4,10,48,11,6,7,10,2,12,11,6,14,1,4,6,2,2,11,3,7,4,5,14,5,7,3,18,9,7,3,9,3,5,9,3,10,3,13,6,9,10,4,137,6,13,2,5,8,5,54,4,24,20,11,8,7,6,6,2,6,7,6,87,2,2,4,10,6,3,0,12,12,7,4,15,2,7,5,9,3,13,0,3,3,6,23,0,14,6,12,8,11
2558,3,3,5,6,4,10,48,11,6,7,10,2,11,11,6,14,1,4,6,2,2,11,3,7,4,5,14,5,7,2,18,9,7,3,9,3,5,9,3,10,3,13,6,9,10,4,137,6,13,2,5,8,5,53,4,24,20,11,8,7,6,6,2,6,7,6,87,2,2,4,10,6,3,0,12,12,7,4,15,2,7,5,9,3,13,0,3,3,6,23,0,14,6,12,8,11
2559,3,3,5,6,4,10,47,11,6,7,10,1,11,11,6,14,1,4,6,2,2,11,3,6,4,5,14,5,7,2,18,9,7,3,9,3,5,9,3,9,3,13,6,9,10,4,136,5,11,2,5,8,5,53,4,24,20,11,8,6,6,6,2,6,7,6,87,2,2,4,10,6,3,0,12,12,7,4,15,2,7,5,9,3,13,0,3,3,6,22,0,14,6,12,8,11
2560,3,3,5,6,4,10,47,11,6,7,10,1,11,9,6,14,1,4,6,2,2,11,3,6,4,5,14,5,7,2,18,9,7,3,9,3,5,9,3,9,3,13,6,9,10,4,135,5,11,2,5,8,5,53,4,24,20,11,8,6,6,6,2,6,7,6,87,2,2,4,10,6,3,0,12,12,7,4,15,2,7,5,9,3,13,0,3,3,6,22,0,14,6,12,7,11
2561,3,3,5,6,4,10,47,11,6,7,10,1,11,9,6,14,1,4,6,2,2,11,3,6,3,5,14,5,7,2,18,9,7,3,9,2,5,9,3,9,3,13,5,9,10,4,135,5,11,2,5,8,5,53,4,24,20,11,7,6,6,6,2,6,7,6,87,2,2,4,10,6,3,0,12,12,7,4,13,2,7,5,9,3,13,0,3,3,5,21,0,14,6,12,7,11
2562,3,3,5,6,4,10,47,11,6,7,9,1,11,9,6,14,1,4,6,2,2,11,3,6,3,5,14,5,7,2,18,9,7,3,9,2,5,9,3,9,3,13,5,9,10,4,135,5,11,2,5,8,5,53,4,24,20,11,7,6,6,6,2,6,7,6,87,2,2,4,10,6,3,0,12,12,7,4,13,2,7,5,9,3,13,0,3,3,5,20,0,14,6,12,7,11
2563,3,3,5,6,4,10,47,11,6,7,9,1,11,9,6,14,1,4,6,2,2,11,3,6,3,5,14,5,7,2,18,9,7,3,9,2,5,9,3,9,3,13,5,9,10,4,133,5,11,2,5,8,5,53,4,24,20,11,7,6,6,6,2,6,7,6,85,2,2,4,10,6,3,0,12,12,7,4,13,2,7,5,9,3,13,0,3,3,5,20,0,14,6,12,7,11
2564,3,2,5,6,4,10,47,11,6,7,9,1,11,8,6,14,1,4,6,2,2,11,3,6,3,5,14,5,6,2,18,9,7,3,9,2,5,9,3,9,3,12,5,9,10,4,133,5,11,2,5,8,5,53,4,22,20,11,7,6,6,6,2,6,7,6,85,2,2,4,10,6,3,0,12,12,7,4,13,2,7,5,9,3,13,0,3,3,5,20,0,14,6,12,7,10
2565,3,2,5,6,4,10,46,11,5,7,9,1,11,8,6,14,1,4,6,2,2,11,3,6,3,5,14,5,6,2,18,9,7,3,9,2,5,9,2,9,3,12,5,9,10,4,132,5,11,2,5,8,5,52,4,22,20,11,7,6,6,6,2,6,7,6,85,2,1,4,10,6,3,0,12,11,7,4,13,2,6,5,9,3,13,0,3,3,5,20,0,14,6,12,7,10
2566,3,2,5,6,4,10,46,10,5,7,9,1,11,8,6,14,1,4,5,2,2,11,3,6,3,5,14,5,6,2,18,9,7,3,9,2,5,9,2,9,3,12,5,9,10,4,132,5,11,2,5,8,5,52,4,22,20,11,7,6,6,6,2,6,7,6,85,1,1,4,10,6,3,0,12,11,7,4,13,2,6,5,9,3,13,0,3,3,5,20,0,13,6,12,7,10
2567,3,2,5,6,3,10,46,10,5,7,9,1,11,8,6,14,1,4,5,2,2,11,3,6,3,5,14,5,6,2,18,9,7,3,8,2,5,9,2,9,3,12,5,8,10,4,130,5,11,2,5,8,5,52,4,21,19,11,7,6,6,6,2,6,7,6,84,1,1,4,10,6,3,0,12,11,7,4,13,2,6,5,9,3,13,0,3,3,5,20,0,13,6,12,7,10
2568,3,2,5,6,3,10,46,10,5,7,9,1,11,8,6,14,1,4,5,2,2,11,3,6,3,5,14,5,6,2,18,9,7,3,8,2,4,9,1,9,3,12,5,8,10,4,130,5,11,2,5,8,5,52,4,21,19,11,7,6,6,6,2,6,7,6,83,1,1,4,10,6,3,0,12,11,7,4,13,2,6,5,9,3,13,0,3,3,5,20,0,13,6,12,7,9
2569,3,2,5,6,3,10,46,10,5,7,9,1,11,8,6,14,1,4,5,2,2,11,3,6,3,5,14,5,6,2,18,9,7,3,8,2,4,9,1,9,3,12,5,8,10,4,129,5,11,2,5,8,5,52,4,21,19,11,7,6,6,6,1,6,7,6,81,1,1,4,10,5,3,0,12,11,7,4,13,2,6,5,9,3,13,0,3,3,5,20,0,13,6,12,7,9
2570,3,2,5,6,3,10,44,10,5,7,9,1,11,8,6,13,1,4,5,2,2,11,3,6,3,5,13,5,6,2,17,9,7,3,8,2,4,9,1,9,3,12,5,8,10,4,129,4,11,2,5,8,5,52,4,21,19,11,7,6,6,6,1,6,7,6,81,1,1,4,10,5,3,0,12,11,7,4,13,2,6,5,9,3,13,0,3,3,4,20,0,13,6,12,7,9
2571,3,2,5,6,3,9,44,9,5,7,9,1,11,8,6,13,1,4,5,2,2,11,3,6,3,5,13,5,6,2,17,9,7,3,8,2,4,9,1,9,3,12,5,8,10,4,129,4,11,2,5,8,5,51,4,21,19,11,7,6,6,5,1,6,7,6,81,1,1,4,10,5,3,0,12,11,7,4,13,2,6,5,9,3,13,0,3,3,4,20,0,13,6,12,7,9
2572,3,2,5,6,3,9,43,9,5,7,8,1,11,8,6,13,1,4,5,2,2,11,3,6,3,5,13,5,6,2,17,8,6,3,8,2,4,9,1,9,3,12,5,8,10,4,128,4,11,2,5,8,4,51,4,21,19,10,7,6,6,5,1,6,7,6,81,1,1,4,10,5,3,0,12,11,7,4,13,2,6,5,9,3,13,0,3,3,4,20,0,13,6,12,7,9
2573,3,2,5,6,3,9,42,9,5,7,8,1,11,8,6,13,1,4,5,2,2,11,3,6,3,5,13,5,6,2,17,8,6,3,8,2,4,9,1,9,3,12,4,8,9,4,128,4,11,2,5,8,4,51,4,21,19,10,7,6,6,5,1,6,7,5,78,1,1,4,10,5,3,0,12,11,7,4,13,2,6,5,9,3,13,0,3,3,4,20,0,13,6,12,7,9
2574,3,2,5,6,3,9,41,9,5,7,7,1,11,8,6,13,1,4,5,2,2,11,3,6,3,5,13,5,6,2,17,8,6,3,8,2,4,9,1,9,3,12,4,8,9,4,126,4,11,1,5,8,4,51,4,21,19,10,7,6,6,5,1,6,7,5,77,1,1,4,10,5,3,0,12,11,7,4,13,2,6,5,9,3,13,0,3,3,4,20,0,13,6,12,6,9
2575,3,2,5,6,3,9,40,9,5,7,7,1,11,8,6,13,1,4,5,2,2,11,3,6,3,5,13,5,6,2,17,8,5,3,8,2,4,8,1,9,3,12,4,8,9,4,124,4,11,1,5,8,4,51,4,21,19,10,7,6,6,5,1,6,7,5,76,1,1,4,10,5,3,0,11,11,7,4,13,2,6,5,9,3,13,0,3,3,4,20,0,13,6,12,6,9
2576,3,2,5,6,3,9,40,9,5,7,7,1,11,8,6,13,1,4,5,2,2,11,3,6,3,5,13,5,6,2,17,8,5,3,8,2,4,8,1,9,3,12,4,8,9,4,124,4,11,1,5,8,4,51,4,21,17,10,7,6,6,5,1,6,7,5,76,1,1,4,10,5,3,0,11,11,7,4,13,2,6,5,9,3,13,0,3,3,4,20,0,13,6,12,6,9
2577,3,2,5,6,3,9,39,8,5,7,7,1,11,8,6,13,1,4,5,2,1,11,3,6,3,5,13,5,6,2,17,8,5,3,8,2,4,8,1,9,3,12,4,8,9,4,124,3,11,1,5,8,4,51,4,20,17,10,7,6,6,5,0,6,7,5,76,1,1,4,10,5,3,0,11,11,7,4,13,2,6,5,9,3,13,0,3,3,4,20,0,13,6,10,6,9
2578,3,2,5,6,3,9,38,8,5,7,7,1,11,8,6,13,1,4,5,2,1,11,3,6,3,5,13,5,6,2,16,8,5,3,8,2,4,8,1,9,3,12,4,8,9,4,123,3,11,1,5,8,4,50,4,20,17,10,7,6,6,5,0,6,7,5,76,1,1,4,10,5,3,0,11,11,7,4,13,2,6,5,9,3,13,0,3,3,4,20,0,13,6,10,6,8
2579,3,2,5,6,3,9,37,8,5,7,7,1,11,8,6,13,1,4,5,2,1,11,3,6,3,5,13,5,6,2,16,8,5,3,8,2,4,8,1,9,3,12,4,8,9,4,123,2,11,1,5,8,4,49,4,20,17,8,7,6,6,5,0,5,7,5,76,1,1,4,10,5,3,0,11,11,7,4,13,2,6,5,9,3,13,0,3,3,4,20,0,13,6,10,6,8
2580,3,2,5,6,3,9,37,8,5,7,6,1,11,8,6,13,1,4,5,2,1,11,3,6,2,5,12,5,6,2,16,8,5,3,8,2,4,8,1,9,3,12,4,8,9,4,122,2,11,1,5,8,4,49,4,19,17,8,7,6,6,5,0,5,7,5,76,1,1,4,9,5,3,0,11,11,7,4,13,2,6,5,9,3,13,0,3,3,4,19,0,13,6,10,6,8
2581,3,2,5,6,3,9,37,6,5,7,6,1,11,8,6,13,1,4,5,2,1,11,3,6,2,4,12,5,6,2,16,8,5,3,8,2,4,8,1,9,3,12,2,8,9,4,122,2,11,1,5,8,4,49,4,19,17,8,7,5,6,5,0,5,7,4,76,1,1,4,9,5,3,0,11,11,7,4,13,2,6,3,9,3,13,0,3,3,4,19,0,13,6,10,5,8
2582,3,1,5,6,3,9,37,6,4,7,6,1,11,8,6,13,1,4,5,2,1,11,3,6,2,4,12,5,6,2,16,8,5,3,8,2,4,8,1,9,3,12,2,8,9,4,120,2,11,1,5,8,4,49,3,19,17,8,7,5,6,5,0,5,7,4,76,1,1,4,9,5,3,0,11,11,7,4,13,2,6,3,8,3,13,0,3,3,4,19,0,13,6,10,5,8
2583,3,1,4,6,3,9,36,6,4,7,5,1,11,8,6,13,1,4,5,2,1,11,3,6,2,4,11,5,5,2,16,8,5,2,8,2,4,8,1,9,3,11,2,8,9,4,118,2,11,1,5,8,4,47,3,19,17,8,7,5,6,5,0,5,7,4,76,1,1,4,9,5,3,0,11,11,7,4,12,2,6,3,8,3,13,0,3,3,4,19,0,13,6,10,5,8
2584,3,1,4,6,3,9,36,6,4,7,5,1,11,8,6,13,1,4,5,2,1,11,3,6,2,4,11,5,5,2,16,8,5,2,8,2,4,8,1,9,3,11,2,7,9,4,116,2,11,1,5,8,3,47,3,19,16,8,7,5,6,5,0,5,7,4,76,1,1,4,9,5,3,0,11,11,6,4,12,2,6,2,8,3,13,0,2,3,4,19,0,13,5,10,5,8
2585,3,1,4,6,3,9,36,6,4,7,5,1,11,8,6,12,1,4,5,2,1,11,3,6,2,4,11,5,5,2,16,8,5,2,8,2,4,8,1,9,3,11,2,7,9,4,115,2,11,1,5,8,3,47,3,19,16,8,7,5,6,5,0,5,7,4,76,1,1,4,9,5,3,0,11,11,6,4,12,2,6,2,8,3,13,0,2,3,4,19,0,13,5,10,5,8
2586,3,1,4,6,3,9,36,6,4,7,5,1,11,8,6,12,1,4,5,2,1,11,3,6,2,4,11,5,5,2,16,8,5,2,8,2,4,8,1,9,3,11,2,6,9,4,115,2,11,1,5,8,3,47,3,19,16,8,7,5,6,5,0,5,7,4,75,1,1,4,9,5,3,0,11,10,6,3,12,2,6,2,8,3,13,0,2,3,4,19,0,13,5,10,5,8
2587,3,1,4,6,3,9,36,6,4,7,5,1,11,8,6,12,1,4,5,2,1,11,3,6,2,4,10,5,5,2,16,8,4,2,8,2,4,8,1,9,3,11,2,6,9,4,112,2,11,1,5,8,3,47,3,19,16,8,7,5,6,5,0,5,7,4,75,1,1,4,8,5,3,0,11,10,6,3,12,2,6,2,8,3,13,0,2,3,4,19,0,13,5,10,5,8
2588,3,1,4,6,3,9,34,6,4,7,5,0,11,8,6,12,1,4,5,2,1,11,3,6,2,4,10,5,5,2,16,8,4,2,8,2,4,8,1,9,3,11,2,6,9,4,112,2,11,1,5,8,3,47,3,19,15,8,7,5,6,5,0,5,7,4,75,1,1,4,8,5,3,0,11,10,6,3,12,2,6,2,8,3,13,0,2,3,4,19,0,13,5,10,5,8
2589,3,1,4,6,3,9,34,6,4,7,5,0,11,8,6,12,1,4,5,2,1,11,3,6,2,4,10,5,5,2,16,8,4,2,8,2,4,8,1,9,3,11,2,6,9,4,112,2,11,1,5,8,3,47,3,19,15,8,7,5,6,5,0,5,7,4,74,1,1,4,8,5,3,0,11,10,6,3,12,2,6,2,8,3,13,0,2,3,4,19,0,13,5,10,5,8
2590,3,1,4,6,3,9,34,6,4,7,5,0,11,8,6,12,1,4,5,2,1,11,3,6,2,4,10,5,5,2,16,8,4,2,8,2,4,7,1,9,3,11,2,6,9,4,112,2,11,1,5,8,3,46,3,19,15,8,7,5,6,5,0,5,7,4,73,1,1,4,8,5,3,0,11,9,6,3,12,2,6,2,8,3,13,0,2,3,4,18,0,13,5,10,5,8
2591,3,1,4,6,3,9,33,6,4,7,5,0,11,8,6,11,1,4,5,2,1,11,3,6,2,4,10,5,5,2,16,8,4,2,8,2,4,7,1,9,3,11,2,6,9,4,110,2,11,1,5,8,3,46,3,19,15,8,7,5,6,5,0,5,7,4,73,1,1,4,7,5,3,0,11,9,6,3,12,2,6,2,8,3,13,0,2,3,4,18,0,13,5,9,5,8
2592,3,1,4,6,3,9,32,6,4,7,5,0,11,8,6,11,1,4,5,2,1,10,3,6,2,4,10,5,5,2,16,8,4,2,8,2,4,7,1,9,3,11,2,6,9,4,110,2,11,1,5,8,3,46,3,19,15,8,7,5,6,5,0,5,7,4,72,1,1,4,7,5,3,0,11,9,6,3,12,2,6,2,8,3,12,0,2,3,4,18,0,13,5,8,5,8
2593,3,1,4,6,3,9,32,6,4,7,5,0,11,8,6,11,1,4,5,2,1,10,3,6,2,3,9,5,5,2,16,7,3,2,8,2,4,7,1,9,3,11,2,6,9,4,110,2,11,1,5,8,3,45,3,19,13,8,7,5,6,5,0,5,7,4,72,1,1,3,7,5,3,0,11,9,6,3,12,2,6,2,7,3,12,0,2,3,4,18,0,13,5,8,5,8
2594,2,1,4,6,3,9,31,6,4,7,5,0,11,8,6,11,1,4,5,2,1,10,3,6,2,3,9,5,5,2,16,7,3,2,8,2,4,7,1,9,3,11,2,6,9,4,110,2,11,1,5,8,3,44,3,19,13,8,7,5,6,5,0,5,7,4,72,1,1,3,7,5,3,0,11,9,6,3,12,2,6,2,7,3,12,0,2,3,4,18,0,13,5,8,5,8
2595,2,1,4,6,3,9,31,6,4,7,5,0,11,8,6,11,1,4,5,2,1,10,3,6,2,3,9,5,4,2,16,7,2,2,8,2,4,7,1,9,3,11,2,6,9,4,110,2,11,1,5,8,3,44,3,19,13,8,7,5,6,5,0,5,6,4,72,1,1,3,7,5,3,0,11,9,6,3,12,2,6,2,7,3,12,0,2,3,4,18,0,13,5,8,5,8
2596,2,1,4,6,3,9,31,6,4,7,5,0,11,8,6,10,1,4,5,2,1,10,3,6,2,3,9,5,4,2,16,7,2,2,7,2,4,7,1,9,3,11,2,6,9,3,109,2,11,1,4,8,3,44,3,19,13,8,7,5,6,5,0,5,6,4,72,1,1,3,7,5,3,0,11,9,6,3,12,2,6,2,7,3,12,0,2,3,4,18,0,13,5,8,5,8
2597,2,1,4,6,3,9,31,6,4,7,5,0,11,8,5,10,1,4,5,2,1,10,3,6,2,3,9,5,4,2,16,7,2,2,7,2,4,7,1,9,3,11,2,6,9,3,107,2,11,1,4,8,3,44,3,19,13,8,6,5,6,5,0,5,6,4,72,1,1,3,7,5,3,0,11,9,6,3,12,2,6,2,7,3,12,0,2,3,4,18,0,13,5,8,5,8
2598,2,1,4,6,3,9,31,6,4,7,5,0,11,8,5,10,1,4,5,2,1,10,3,6,2,3,9,5,4,2,16,7,2,2,7,2,4,7,1,9,3,11,2,5,9,3,106,2,11,1,4,8,3,43,3,18,12,8,6,5,6,5,0,5,6,4,72,1,1,2,7,5,3,0,11,9,6,3,12,2,6,2,7,3,12,0,2,3,4,17,0,13,5,8,5,8
2599,2,1,4,5,3,9,31,6,4,7,5,0,11,8,5,10,1,4,5,2,1,10,2,6,2,3,9,5,4,2,16,7,2,2,7,2,4,7,1,9,3,11,2,5,8,3,106,2,11,1,4,8,3,43,3,18,12,8,6,5,6,5,0,5,6,4,71,1,1,2,7,5,3,0,11,9,6,3,12,2,6,2,7,3,12,0,2,3,4,17,0,13,5,8,4,7
2600,2,1,4,4,3,9,31,6,4,7,5,0,11,8,5,10,1,4,5,2,1,10,2,6,2,3,9,5,4,2,16,7,2,2,7,2,4,7,1,9,3,11,2,5,8,3,104,2,11,1,4,8,3,43,3,18,12,8,6,5,6,5,0,5,6,4,71,1,1,2,7,5,3,0,11,9,6,3,12,2,6,2,7,3,12,0,2,3,4,17,0,13,5,8,4,7
2601,2,1,4,4,3,9,31,6,3,7,5,0,11,8,5,10,1,4,5,2,1,9,2,6,2,3,9,5,4,2,16,7,2,2,7,2,4,7,1,9,3,11,2,5,8,3,104,2,11,1,4,8,3,43,3,18,12,8,6,5,6,5,0,5,6,4,71,1,1,2,7,5,3,0,11,9,6,3,12,2,6,2,7,3,12,0,2,3,4,17,0,13,5,8,4,7
2602,2,1,4,4,3,9,30,6,3,7,5,0,11,8,5,10,1,3,5,2,1,9,2,6,2,3,9,5,4,2,16,7,2,2,7,2,4,7,1,9,3,11,2,5,8,3,103,2,11,1,4,8,3,43,3,18,12,8,5,5,5,5,0,5,6,4,71,1,1,2,7,5,3,0,11,9,6,3,12,2,6,2,7,3,12,0,2,3,4,17,0,13,5,7,4,7
2603,2,1,4,4,3,9,30,6,3,7,5,0,11,8,5,10,1,3,5,2,1,9,2,6,2,3,9,5,4,2,16,7,2,2,7,2,4,7,1,9,3,11,2,5,8,3,103,2,11,1,4,8,3,42,3,18,12,8,5,5,5,4,0,5,6,4,71,1,1,2,7,5,3,0,11,9,6,3,12,2,6,2,7,3,12,0,2,2,4,17,0,13,4,7,4,7
2604,2,1,4,3,3,9,30,6,3,7,5,0,11,8,5,10,1,3,5,2,1,9,2,6,2,3,9,5,4,2,16,7,2,2,7,2,4,7,1,9,3,11,2,5,8,3,102,2,11,1,4,8,3,42,2,18,12,8,5,5,5,4,0,5,6,4,70,1,1,2,7,5,3,0,11,9,6,3,12,2,5,2,7,3,12,0,2,2,4,17,0,13,4,7,4,7
2605,2,1,4,3,3,9,30,6,3,7,5,0,10,8,5,10,1,3,5,2,1,9,2,6,2,3,9,5,4,2,16,7,2,2,7,2,3,7,1,9,3,11,2,5,8,3,101,2,11,1,4,8,3,42,2,18,12,8,5,5,5,4,0,5,6,4,69,1,0,2,6,5,3,0,11,9,6,3,12,2,5,2,7,3,12,0,2,2,3,17,0,13,4,7,4,7
2606,2,1,4,3,3,9,30,5,3,7,5,0,10,8,5,10,1,3,5,2,1,9,2,6,2,3,9,5,4,2,15,7,2,2,7,2,3,7,1,9,3,11,2,5,8,3,100,2,11,1,4,7,3,42,2,18,12,8,4,5,5,4,0,5,6,4,69,1,0,2,6,5,3,0,11,9,6,3,12,2,5,2,7,3,12,0,2,2,3,17,0,13,4,7,4,7
2607,2,1,4,3,3,9,30,5,3,7,5,0,10,8,4,10,1,3,5,2,1,9,2,6,2,3,9,5,4,2,15,7,2,2,7,2,3,7,1,9,3,11,2,5,8,3,100,2,11,1,4,7,3,42,2,18,12,8,4,5,5,4,0,5,6,4,69,1,0,2,6,5,3,0,11,9,6,3,12,2,4,2,7,3,12,0,2,2,3,17,0,13,4,7,4,7
2608,2,1,4,3,3,9,30,5,3,7,5,0,10,8,4,10,1,3,5,2,1,9,2,6,2,3,9,5,4,2,15,7,2,2,7,2,3,7,1,9,3,11,2,5,8,3,99,2,11,1,4,7,3,41,2,18,12,8,4,5,5,4,0,5,5,4,67,1,0,2,6,4,3,0,11,9,6,3,12,2,4,2,7,3,12,0,2,2,3,17,0,13,4,7,4,7
2609,2,1,4,3,3,9,30,5,3,7,5,0,10,8,4,10,1,3,5,2,1,8,2,6,2,3,9,5,4,2,15,7,2,2,7,2,3,7,1,9,3,11,2,5,8,3,99,2,11,1,4,7,3,41,2,18,12,8,4,5,5,4,0,5,5,4,65,1,0,2,6,4,3,0,11,9,6,3,12,2,4,2,6,3,12,0,2,2,3,15,0,13,4,7,4,7
2610,2,1,4,3,3,9,30,5,3,7,5,0,10,8,4,10,1,3,5,2,1,8,2,6,2,3,9,5,4,2,15,7,2,2,7,2,3,7,1,9,3,11,2,5,8,3,97,2,11,1,3,7,3,41,2,18,12,8,4,5,5,4,0,5,5,4,63,1,0,2,6,4,3,0,10,8,6,3,12,2,4,2,6,3,12,0,2,2,3,14,0,13,4,7,4,7
2611,2,1,4,3,2,9,30,5,3,7,5,0,10,8,4,10,1,2,5,2,1,8,2,6,2,3,9,5,4,2,15,7,2,2,7,2,3,7,1,9,3,11,2,5,8,3,96,2,11,1,3,7,3,41,2,18,12,8,4,5,5,4,0,5,5,4,61,1,0,2,6,4,3,0,10,8,6,3,12,2,4,2,6,3,12,0,2,2,3,14,0,13,4,7,4,7
2612,2,1,4,3,2,9,30,4,3,7,5,0,9,8,4,10,1,2,5,2,1,7,2,6,2,2,9,5,4,2,15,7,2,2,7,2,3,7,1,9,3,11,2,5,8,3,95,2,11,1,3,7,3,41,2,18,12,8,4,5,5,4,0,5,5,4,60,1,0,2,6,4,3,0,10,8,6,3,12,2,4,2,6,3,12,0,2,1,3,14,0,13,4,6,4,6
2613,2,1,4,3,2,9,30,3,3,7,5,0,9,8,4,10,1,2,5,2,1,7,2,6,2,2,9,5,4,2,15,7,2,2,7,2,3,7,1,9,3,11,2,5,8,3,95,2,11,1,3,7,2,41,2,18,12,8,4,5,5,4,0,5,5,4,60,1,0,2,6,4,3,0,10,8,6,3,12,2,4,2,6,3,12,0,2,1,3,13,0,13,4,6,4,6
2614,2,1,4,3,2,9,30,3,3,7,5,0,8,8,3,10,1,2,5,2,1,7,2,6,2,2,9,5,4,2,15,6,2,2,7,2,3,7,1,9,3,11,2,5,8,3,95,2,11,1,2,7,2,41,2,18,12,8,4,5,5,3,0,5,5,4,60,1,0,2,5,4,3,0,10,8,6,3,12,2,4,2,6,3,12,0,2,1,3,13,0,13,4,6,4,5
2615,2,1,3,3,2,9,30,3,2,7,5,0,7,8,3,10,1,2,5,2,1,7,2,6,2,2,9,5,4,2,15,6,2,2,7,1,3,7,1,9,3,11,2,5,8,3,95,2,11,1,2,7,2,41,2,18,12,8,4,5,5,3,0,5,5,4,60,1,0,2,5,4,3,0,10,7,6,3,12,2,4,2,6,3,12,0,2,1,3,13,0,13,4,6,4,5
2616,2,1,3,3,2,8,29,3,2,7,5,0,7,8,3,10,1,2,5,2,1,7,2,6,2,2,9,5,4,2,15,6,2,2,7,1,3,7,1,9,3,11,2,5,8,2,95,2,11,1,2,7,2,41,2,18,12,8,4,5,5,3,0,5,5,4,60,1,0,2,5,4,3,0,10,7,6,3,12,2,4,2,6,3,12,0,2,1,3,13,0,13,4,6,4,5
2617,2,1,3,3,2,8,29,3,2,7,5,0,7,8,3,10,1,2,5,2,1,7,2,6,2,2,9,5,4,2,15,6,2,2,7,1,3,7,1,9,3,11,2,5,8,2,95,2,11,1,2,7,2,41,2,18,12,7,4,5,5,3,0,5,5,4,59,1,0,2,5,4,3,0,10,7,6,3,12,2,4,2,6,3,12,0,2,1,3,13,0,13,3,6,4,5
2618,2,1,3,3,2,8,28,3,2,7,5,0,7,8,3,10,1,2,5,2,1,7,2,6,2,2,9,5,4,2,15,6,2,2,6,1,3,7,1,9,2,11,2,4,8,2,93,2,11,1,2,7,2,40,2,18,12,7,4,5,5,3,0,4,5,4,59,1,0,2,5,4,3,0,10,7,6,3,12,2,4,2,6,3,12,0,1,1,3,13,0,13,3,6,4,5
2619,2,1,3,3,2,8,27,3,2,7,5,0,7,8,3,10,1,2,5,2,1,7,2,5,2,2,9,5,4,2,15,6,2,2,6,1,3,7,1,9,2,10,2,4,8,2,93,2,11,1,2,7,2,40,2,17,12,7,4,4,5,3,0,4,5,4,59,1,0,2,5,4,3,0,10,7,6,3,11,2,4,2,6,3,12,0,1,1,3,13,0,13,3,6,4,5
2620,2,1,3,3,2,8,27,3,2,7,5,0,7,8,3,10,1,2,5,2,1,6,2,4,2,2,9,5,4,2,15,6,2,2,6,1,3,7,1,9,2,10,2,4,8,2,93,2,11,1,2,7,2,40,2,17,12,7,4,4,5,3,0,4,5,4,58,1,0,2,5,4,3,0,10,7,6,3,11,2,4,2,6,3,12,0,1,1,3,13,0,13,3,6,4,5
2621,2,1,2,3,2,8,27,3,2,7,5,0,7,8,3,10,1,2,5,2,1,6,1,4,2,2,9,5,4,2,15,6,2,2,6,1,3,7,1,9,2,10,2,4,8,2,93,2,11,1,2,7,2,40,2,17,12,7,4,4,5,3,0,4,5,4,58,1,0,2,5,4,3,0,10,7,6,3,10,2,4,2,6,3,12,0,1,1,3,13,0,13,3,6,4,5
2622,2,1,2,3,2,8,27,3,2,7,5,0,7,8,3,10,1,2,5,2,1,6,1,4,1,2,9,5,4,2,15,6,2,2,6,1,3,7,1,9,2,10,2,4,8,2,93,2,11,1,2,7,2,40,2,17,12,7,4,4,5,3,0,4,5,4,58,1,0,1,5,4,3,0,10,7,6,3,10,2,4,2,6,3,12,0,1,1,3,13,0,13,3,6,4,4
2623,2,1,2,3,2,7,26,3,2,7,5,0,7,8,3,10,1,2,5,2,1,6,1,4,1,2,9,5,4,2,15,6,2,2,6,1,3,7,1,9,2,10,2,4,8,2,93,2,11,1,2,7,2,40,2,17,12,7,4,4,5,3,0,4,5,4,58,1,0,1,5,4,3,0,10,7,6,3,10,2,4,2,6,3,12,0,1,1,3,13,0,13,3,6,4,4
2624,2,1,2,3,2,7,26,3,2,7,5,0,7,8,3,10,1,2,5,2,1,6,1,3,1,2,9,5,4,2,15,6,2,2,5,1,3,7,1,9,2,10,2,4,8,2,91,2,11,1,2,7,2,38,2,17,12,7,4,4,5,3,0,4,5,4,57,1,0,1,5,4,3,0,10,7,6,3,10,2,4,2,6,3,12,0,1,1,3,13,0,13,3,6,4,3
2625,2,1,2,3,2,7,26,3,2,7,5,0,7,8,2,10,1,2,5,2,1,6,1,3,1,2,9,5,4,2,15,6,2,2,5,1,3,7,1,9,2,10,2,4,8,2,91,2,11,1,2,7,2,38,2,17,12,7,4,4,4,3,0,4,5,4,56,1,0,1,5,4,3,0,10,7,6,3,10,2,4,2,6,3,12,0,1,1,3,13,0,13,3,6,4,3
2626,2,1,1,3,2,7,26,3,2,7,5,0,7,8,2,10,1,2,5,2,1,6,1,3,1,2,9,5,4,2,15,6,2,2,5,1,3,7,1,9,2,10,2,4,8,2,91,2,11,1,2,7,2,38,2,17,11,7,4,4,4,3,0,4,5,4,56,1,0,1,5,4,3,0,10,6,6,3,10,2,4,2,6,3,12,0,1,1,3,13,0,13,3,6,4,3
2627,2,1,1,3,2,7,26,3,2,7,5,0,7,8,2,10,1,2,5,2,1,6,1,3,1,2,9,5,4,2,15,6,2,2,5,1,3,7,1,9,2,10,2,4,8,2,89,2,11,1,2,7,2,38,2,16,11,7,4,4,4,3,0,4,5,4,55,1,0,1,5,4,3,0,10,6,6,3,9,2,4,2,6,3,12,0,1,1,3,13,0,13,3,6,4,3
2628,2,1,1,3,2,7,26,3,2,7,5,0,6,8,2,10,1,2,5,2,1,6,1,3,1,2,9,5,4,2,15,6,2,2,5,1,3,7,1,9,2,10,2,4,8,2,88,2,11,1,2,7,2,38,2,16,11,7,4,4,4,3,0,4,5,4,55,1,0,1,5,4,3,0,9,6,6,3,9,2,4,2,6,3,12,0,1,1,3,12,0,13,3,6,3,3
2629,2,1,1,3,2,7,26,3,2,7,5,0,6,8,1,10,1,2,5,2,1,6,1,3,1,2,9,5,4,2,15,6,2,2,5,1,3,7,1,9,2,10,1,4,8,2,88,2,11,1,2,7,2,37,2,16,11,7,4,4,4,2,0,4,4,4,54,1,0,1,5,4,3,0,9,6,6,3,9,2,4,2,6,3,12,0,1,1,3,12,0,13,3,6,3,3
2630,2,1,1,3,2,7,26,3,2,7,5,0,6,8,1,9,1,2,5,2,1,6,1,3,1,2,9,5,4,2,14,6,2,2,5,1,3,7,1,9,2,10,1,4,8,2,88,2,11,1,2,7,2,37,2,16,11,7,4,4,4,2,0,4,4,4,54,1,0,1,5,4,3,0,9,6,6,3,9,2,4,2,6,3,11,0,1,1,3,12,0,13,3,5,3,3
2631,2,1,1,3,2,7,26,3,2,7,5,0,6,7,1,9,1,2,5,2,1,6,1,3,1,2,9,5,4,2,14,6,2,2,4,1,3,7,1,9,2,10,1,4,8,2,87,2,11,1,2,7,2,37,2,15,11,7,4,4,4,2,0,4,3,4,54,1,0,1,5,4,3,0,9,6,6,3,9,2,4,2,6,3,11,0,1,1,3,12,0,13,3,5,3,3
2632,2,1,1,3,2,7,26,3,2,7,5,0,6,7,1,9,1,2,5,2,1,6,1,3,1,2,9,5,4,2,14,6,2,2,4,1,3,7,1,9,1,10,1,3,8,2,87,2,11,1,2,7,2,37,2,15,11,7,4,4,4,2,0,4,3,4,54,1,0,1,5,4,3,0,9,6,6,3,9,2,4,2,6,3,11,0,1,1,3,12,0,13,3,5,3,3
2633,1,1,1,3,2,7,26,3,2,7,5,0,6,7,1,9,1,2,4,2,1,6,1,2,1,2,9,4,4,2,14,6,2,2,4,1,3,7,1,9,1,10,1,3,8,2,85,2,11,1,2,7,2,37,2,15,11,7,4,4,4,2,0,4,3,4,54,1,0,1,5,4,3,0,8,6,6,3,9,2,4,2,6,3,11,0,1,1,3,12,0,13,3,5,3,3
2634,1,1,1,3,2,7,26,3,2,7,4,0,6,7,1,9,1,2,4,2,1,6,1,2,1,2,9,4,4,2,14,6,2,2,4,1,3,7,1,8,1,10,1,3,8,2,85,2,11,1,2,7,2,37,2,15,10,7,4,3,4,2,0,4,3,4,54,1,0,1,5,4,3,0,8,6,6,3,9,2,4,2,6,3,11,0,1,1,3,12,0,13,3,5,3,3
2635,1,1,1,3,2,7,26,3,2,7,4,0,6,7,1,9,1,2,4,2,1,6,1,2,1,2,9,4,4,1,14,6,2,2,4,1,3,7,1,8,1,10,1,3,8,2,84,2,11,1,2,7,2,37,2,15,10,7,4,3,4,2,0,4,3,4,54,1,0,1,5,4,3,0,8,6,6,3,9,2,4,2,6,3,11,0,1,1,3,12,0,13,3,5,3,3
2636,1,1,1,3,2,7,26,3,2,7,4,0,6,7,1,9,1,2,4,2,1,6,1,2,1,2,9,4,4,1,14,6,2,2,4,1,3,7,1,8,1,10,1,3,8,2,84,2,11,1,2,6,2,37,2,15,10,7,4,3,4,2,0,4,3,4,54,1,0,1,5,4,3,0,8,6,5,3,9,2,4,2,6,3,11,0,1,1,3,12,0,13,3,5,3,3
2637,1,1,1,3,2,7,26,3,2,6,4,0,6,7,1,9,1,2,4,2,1,6,1,2,1,2,9,4,4,1,14,6,2,2,4,1,3,7,1,8,1,10,1,3,8,2,84,2,11,1,2,6,2,37,2,15,10,7,4,3,4,2,0,4,3,4,54,1,0,1,5,4,3,0,7,6,5,3,9,2,4,2,6,3,11,0,1,1,3,12,0,13,3,5,3,3
2638,1,1,1,3,2,7,26,3,2,6,4,0,6,7,1,9,1,2,4,2,1,6,1,2,1,2,9,3,4,1,14,6,2,2,4,1,3,7,1,8,1,10,1,3,8,2,84,2,11,1,2,6,2,37,2,15,10,7,4,3,4,2,0,4,3,4,54,1,0,1,5,4,3,0,7,6,5,3,9,2,4,2,6,3,11,0,1,1,3,11,0,13,3,5,3,3
2639,1,1,1,3,2,7,26,3,2,6,4,0,6,7,1,9,1,2,4,2,1,6,1,2,1,2,9,3,4,1,14,6,2,2,4,1,3,7,1,8,1,10,1,3,8,2,84,2,11,1,2,6,2,37,2,15,10,7,4,3,4,2,0,4,3,4,54,1,0,1,5,4,3,0,7,6,5,3,9,2,4,2,6,3,10,0,1,1,3,11,0,13,3,5,3,3
2640,1,1,1,3,2,7,25,3,2,5,3,0,6,7,1,9,1,2,4,2,1,6,1,2,1,2,9,3,4,1,13,6,2,2,4,1,3,7,1,8,1,10,1,3,8,2,82,2,11,1,2,6,2,37,2,15,10,7,4,3,4,2,0,4,3,4,53,1,0,1,5,4,3,0,7,6,5,3,9,2,4,2,6,3,10,0,1,1,3,11,0,13,3,5,3,2
2641,1,1,1,2,2,6,25,3,2,5,3,0,6,7,1,9,1,2,4,2,1,6,1,2,1,2,9,3,4,1,13,6,2,2,4,1,3,7,1,8,1,10,1,3,8,2,82,2,11,1,2,6,2,37,2,15,10,7,4,3,4,2,0,4,3,4,53,1,0,1,5,3,3,0,7,6,5,3,9,2,4,2,6,3,10,0,1,1,3,11,0,12,3,5,3,2
2642,1,1,1,2,2,6,25,3,2,5,3,0,6,7,1,9,1,2,4,2,1,6,1,2,1,2,9,3,4,0,13,6,2,2,4,1,3,7,1,8,1,10,1,3,8,2,82,2,11,1,2,6,2,37,2,15,10,7,4,3,4,2,0,4,3,4,53,1,0,1,5,3,3,0,7,6,5,3,9,2,4,2,5,3,10,0,1,1,3,11,0,12,3,4,3,2
2643,1,1,1,2,2,6,25,3,2,5,3,0,5,7,1,9,1,2,4,2,1,6,1,2,1,2,9,3,4,0,13,6,2,2,4,1,3,7,1,8,1,10,1,3,8,2,82,2,11,1,2,6,2,37,2,15,10,7,4,3,4,2,0,4,3,4,53,1,0,1,5,3,3,0,7,6,5,3,9,2,4,2,5,3,10,0,1,1,3,10,0,12,3,4,3,2
2644,1,1,1,2,2,6,24,3,2,5,3,0,5,7,1,9,1,2,4,2,1,6,1,2,1,2,8,3,4,0,13,6,2,2,4,1,3,7,1,8,1,10,1,3,8,2,80,2,11,1,2,6,2,37,2,15,10,7,4,3,4,2,0,4,3,4,53,1,0,1,5,3,3,0,7,6,5,3,9,2,4,2,5,3,9,0,1,1,3,10,0,12,3,4,3,2
2645,1,1,1,2,2,6,24,3,2,5,3,0,5,7,1,9,1,2,4,2,1,6,1,2,1,2,8,3,4,0,13,6,2,2,4,1,3,7,1,8,1,10,1,3,8,2,80,2,11,1,2,6,1,37,1,15,10,7,4,3,4,2,0,4,3,4,52,1,0,1,5,3,3,0,7,6,5,3,8,2,3,2,5,3,9,0,1,1,3,10,0,12,3,4,3,2
2646,1,1,1,2,2,6,23,3,2,5,3,0,4,6,0,9,1,2,4,2,1,5,1,2,1,2,8,3,4,0,13,5,2,2,4,1,3,7,1,8,1,10,1,3,8,2,80,2,10,1,2,6,1,37,1,15,10,7,4,3,4,2,0,4,3,4,52,1,0,1,5,3,3,0,7,6,5,3,8,2,2,2,5,3,9,0,1,1,3,10,0,12,3,4,3,2
2647,1,1,1,2,2,6,23,3,2,5,3,0,4,6,0,9,1,2,4,2,1,5,1,2,1,2,8,3,4,0,13,5,2,2,4,1,2,7,1,8,1,10,1,3,8,2,78,2,10,1,2,6,1,37,1,15,10,7,4,3,4,2,0,4,3,4,52,1,0,1,5,3,3,0,7,6,5,3,8,2,2,2,5,3,9,0,1,1,3,10,0,12,3,4,3,2
2648,1,1,1,2,2,6,23,3,2,5,2,0,4,6,0,9,1,2,4,2,1,5,1,2,1,2,8,3,4,0,13,5,2,2,4,1,2,7,1,8,1,10,1,3,8,2,78,2,10,1,2,6,1,36,1,15,10,7,4,3,4,2,0,4,3,4,51,1,0,1,5,3,3,0,7,6,5,3,8,2,2,2,5,3,9,0,1,1,3,10,0,11,3,4,3,2
2649,1,1,1,2,2,6,23,3,2,5,2,0,4,6,0,8,1,2,4,2,1,5,1,2,1,2,8,3,4,0,13,5,2,2,4,1,1,7,1,8,1,10,1,3,8,2,78,2,10,1,2,6,1,36,1,14,10,7,4,3,4,2,0,4,3,4,50,1,0,1,5,3,3,0,7,6,5,3,8,2,2,2,5,3,9,0,1,1,3,10,0,11,3,4,3,2
2650,1,1,1,2,2,5,22,3,2,5,2,0,4,6,0,8,1,2,4,2,1,5,1,2,1,2,8,3,4,0,13,5,2,2,4,1,1,7,1,8,1,10,1,3,8,2,78,2,10,1,2,6,1,36,1,14,9,7,4,3,4,2,0,4,3,4,50,1,0,1,5,3,3,0,7,6,5,3,8,2,2,2,5,3,9,0,1,1,3,10,0,11,3,4,3,2
2651,1,1,1,2,2,5,22,3,2,5,2,0,4,6,0,8,1,2,4,2,1,5,1,2,1,2,8,3,4,0,13,5,2,2,4,1,1,7,1,8,1,10,1,3,8,2,77,2,10,1,2,6,1,36,1,14,9,7,4,3,4,2,0,4,3,4,50,1,0,1,5,3,3,0,7,6,5,3,7,2,2,2,5,3,9,0,1,1,3,10,0,11,3,4,3,2
2652,1,1,1,2,2,5,22,3,2,5,2,0,4,6,0,8,1,2,4,2,1,5,1,2,1,2,8,3,4,0,13,4,2,2,4,1,1,7,1,8,1,10,1,3,8,2,76,2,10,1,2,6,1,36,1,14,9,7,4,3,4,2,0,4,3,4,50,1,0,1,5,3,3,0,7,6,5,3,7,2,2,2,5,3,9,0,1,1,3,10,0,11,3,4,3,2
2653,1,1,1,2,2,5,22,3,2,5,2,0,3,6,0,8,1,2,4,2,1,5,1,2,1,2,8,3,4,0,13,4,2,2,4,1,1,7,1,7,1,10,1,3,8,2,74,2,10,1,2,6,1,36,1,14,9,7,4,3,4,2,0,4,3,4,50,1,0,1,5,3,3,0,7,6,5,3,7,2,2,2,5,3,9,0,1,1,3,10,0,10,3,4,3,2
2654,1,1,1,2,2,5,22,3,2,5,2,0,3,6,0,8,1,2,4,2,1,5,1,2,1,2,8,3,4,0,13,3,2,2,4,1,1,7,1,7,1,10,1,3,8,2,74,2,10,1,2,6,1,36,1,14,9,7,4,3,4,2,0,4,3,4,49,1,0,1,5,3,3,0,7,6,5,3,7,2,2,2,5,3,9,0,1,1,3,10,0,10,3,4,3,2
2655,1,1,1,2,2,5,21,3,2,5,2,0,3,6,0,8,1,2,4,2,1,5,1,2,1,2,8,3,4,0,12,3,2,2,4,1,1,7,1,7,1,10,1,3,8,2,74,2,10,1,2,6,1,36,1,14,9,7,4,3,4,2,0,4,3,4,49,1,0,1,5,3,3,0,7,6,5,3,7,2,2,2,5,3,9,0,1,1,3,10,0,10,3,4,3,2
2656,1,1,1,2,2,5,21,3,2,5,2,0,3,6,0,8,1,2,4,2,1,5,1,2,1,2,8,3,4,0,12,3,2,2,4,1,1,7,1,7,1,10,1,3,8,2,72,2,10,1,2,6,1,35,1,14,9,7,4,3,4,2,0,4,3,4,49,1,0,1,5,3,3,0,7,6,5,3,7,2,2,2,5,3,9,0,1,1,3,10,0,10,3,4,3,2
2657,1,1,1,2,2,5,21,3,2,5,2,0,2,6,0,8,1,2,4,2,1,5,1,2,1,1,8,3,4,0,12,3,2,2,4,1,1,7,1,7,1,10,1,3,8,2,72,2,10,1,2,6,1,35,1,14,9,7,4,3,4,2,0,4,3,4,49,1,0,1,5,3,3,0,7,6,5,3,7,2,2,2,5,3,9,0,1,1,3,10,0,10,3,4,3,2
2658,1,1,1,2,2,5,21,3,2,5,2,0,2,6,0,8,1,2,4,2,1,5,1,2,1,1,8,3,4,0,12,3,2,2,4,1,1,7,1,7,1,10,1,3,8,2,71,2,10,1,2,6,1,35,1,13,9,7,4,3,4,2,0,4,3,4,48,1,0,1,5,3,3,0,7,6,5,3,7,2,2,2,5,3,9,0,1,1,3,10,0,10,3,4,3,2
2659,1,1,1,2,2,5,21,3,2,5,2,0,2,6,0,8,1,2,4,2,1,5,1,2,1,1,8,3,4,0,12,3,2,2,4,1,1,7,1,7,1,10,1,3,8,2,71,2,10,1,2,6,1,35,1,13,9,7,4,3,4,2,0,4,3,4,46,1,0,1,5,3,3,0,7,6,5,3,7,2,2,2,5,3,9,0,1,1,3,10,0,10,3,4,3,2
2660,1,1,1,2,2,5,20,3,2,5,2,0,2,6,0,8,1,2,4,2,1,5,1,2,1,1,8,2,4,0,12,3,2,2,4,1,1,7,1,7,0,9,1,3,8,2,70,2,10,1,1,6,1,35,1,13,9,7,4,3,4,2,0,4,3,4,46,1,0,1,5,3,3,0,7,6,5,3,7,2,2,2,5,3,9,0,1,1,3,9,0,10,3,4,3,2
2661,1,1,1,2,2,5,19,3,2,5,2,0,2,6,0,8,1,2,4,2,1,5,1,2,1,1,8,2,4,0,12,3,2,2,4,1,1,7,1,7,0,9,1,3,8,2,70,2,10,1,1,6,1,34,1,13,9,7,4,3,4,2,0,4,3,4,46,1,0,1,5,3,3,0,7,6,5,3,6,2,2,2,5,3,9,0,1,1,3,9,0,9,3,4,3,2
2662,1,1,1,2,2,5,19,3,2,5,2,0,2,6,0,8,1,2,4,2,1,5,1,2,1,1,8,2,4,0,12,3,2,2,4,1,1,7,1,7,0,9,1,3,8,2,69,2,10,1,1,6,1,34,1,13,9,7,4,3,4,2,0,4,3,4,44,1,0,1,5,3,3,0,7,6,5,3,6,2,2,2,5,3,9,0,1,1,3,9,0,9,3,4,3,2
2663,1,1,1,2,2,5,19,3,2,5,2,0,2,6,0,8,1,2,4,2,1,5,1,2,1,1,8,2,4,0,12,3,2,2,4,1,1,7,1,7,0,9,1,3,8,2,68,2,10,1,1,6,1,34,1,13,9,7,4,3,4,2,0,4,3,4,44,1,0,1,5,3,3,0,7,6,5,3,6,2,2,2,5,3,9,0,1,1,3,9,0,8,3,4,3,2
2664,1,1,1,2,2,5,19,3,2,5,2,0,2,6,0,8,1,2,4,2,1,5,1,2,1,1,8,2,4,0,12,3,2,2,4,1,1,7,1,7,0,8,1,3,8,2,68,2,10,1,1,6,1,34,1,13,9,7,4,3,4,2,0,4,3,4,44,1,0,1,5,3,3,0,7,6,5,3,6,2,2,2,5,2,9,0,1,1,3,9,0,8,3,4,3,2
2665,1,1,1,2,2,5,18,3,2,5,2,0,2,6,0,8,1,2,4,2,1,5,1,2,1,1,8,2,4,0,12,3,2,2,3,1,1,7,1,7,0,8,1,3,8,2,68,2,10,1,1,6,1,34,1,13,9,7,4,3,4,2,0,4,3,4,44,1,0,1,5,3,3,0,7,6,4,3,6,2,2,2,5,2,9,0,1,1,3,9,0,8,3,4,3,2
2666,1,1,1,2,2,5,18,3,2,5,2,0,2,6,0,8,1,2,4,1,1,5,1,2,1,1,8,2,4,0,12,3,2,2,3,1,1,7,1,7,0,8,1,3,8,2,68,2,10,1,1,6,1,33,1,13,9,7,4,3,4,2,0,4,3,4,44,1,0,1,5,3,3,0,6,6,4,3,6,2,2,2,5,2,7,0,1,1,3,9,0,8,3,4,3,2
2667,1,1,1,2,2,5,18,3,2,5,2,0,2,6,0,8,1,2,4,1,1,4,1,2,1,1,8,2,4,0,12,3,2,2,3,1,1,7,1,7,0,8,1,3,8,2,66,2,10,1,1,6,1,33,1,13,9,7,4,3,4,2,0,4,3,4,44,1,0,1,5,3,3,0,6,6,4,3,6,2,2,2,5,2,7,0,1,1,3,9,0,8,3,4,3,2
2668,1,1,1,2,2,5,18,3,2,5,2,0,2,6,0,8,1,2,4,1,1,4,1,2,1,1,8,2,4,0,12,3,2,2,3,1,1,7,1,7,0,8,1,3,8,2,65,2,10,1,1,6,1,33,1,13,9,7,4,3,4,2,0,4,3,4,44,1,0,1,5,3,3,0,6,6,4,3,5,2,2,2,5,2,7,0,1,1,3,9,0,8,3,4,3,2
2669,1,1,1,2,2,5,18,3,2,5,2,0,2,6,0,8,1,2,4,1,1,4,1,2,1,1,8,2,4,0,12,3,2,2,3,1,1,7,1,7,0,8,1,3,7,2,64,2,10,1,1,6,1,33,1,13,9,7,4,3,4,2,0,4,3,4,43,1,0,1,5,3,3,0,6,5,4,3,5,2,2,2,5,2,7,0,1,1,3,9,0,8,3,4,3,2
2670,1,1,1,2,2,5,17,3,2,5,2,0,2,6,0,8,1,2,4,1,1,4,1,2,1,1,8,2,4,0,12,3,2,2,3,1,1,7,1,6,0,8,1,3,7,2,63,2,10,1,1,6,1,32,1,13,9,7,4,3,4,2,0,4,3,4,43,1,0,1,5,3,3,0,6,5,4,3,5,2,2,2,5,2,7,0,1,1,3,9,0,8,3,4,3,2
2671,1,1,1,2,2,5,17,3,2,5,2,0,2,6,0,8,1,2,4,1,1,4,1,2,1,1,8,2,4,0,12,3,2,2,3,1,1,7,1,6,0,8,1,3,7,2,62,2,10,1,1,6,1,31,1,12,9,7,4,3,4,2,0,4,3,3,43,1,0,1,5,2,3,0,6,5,4,3,5,2,2,2,5,2,7,0,1,1,3,9,0,8,3,4,3,2
2672,1,1,1,2,2,5,17,3,2,5,2,0,2,6,0,8,1,2,4,1,1,4,1,2,1,1,8,2,4,0,12,3,2,2,3,1,1,7,1,6,0,8,1,3,7,2,60,2,10,1,1,6,1,31,1,12,9,7,4,3,4,2,0,4,3,3,43,1,0,1,5,2,3,0,6,5,4,3,5,2,2,1,5,2,7,0,1,1,3,9,0,8,3,4,3,2
2673,1,1,1,2,2,5,17,3,2,5,2,0,2,6,0,8,1,2,4,1,1,4,1,2,1,1,8,2,4,0,12,3,2,2,3,1,1,7,1,6,0,8,1,3,7,2,60,2,10,1,1,6,1,31,1,12,9,7,4,3,4,2,0,4,3,3,43,1,0,1,5,2,3,0,6,5,4,2,5,1,2,1,5,2,7,0,1,1,3,9,0,8,3,4,3,2
2674,1,1,1,1,2,5,17,3,2,5,2,0,2,6,0,8,1,2,4,1,1,4,1,2,1,1,8,2,4,0,12,3,2,2,3,1,1,7,1,6,0,8,1,3,7,2,59,2,10,1,1,6,1,31,1,12,8,7,4,3,4,2,0,4,3,3,43,1,0,1,5,2,3,0,6,5,4,2,5,1,2,1,5,2,7,0,1,1,3,9,0,8,3,4,3,2
2675,1,1,1,1,2,5,17,3,2,5,2,0,2,6,0,8,1,2,4,1,1,4,1,2,1,1,8,2,4,0,12,3,2,2,3,1,1,7,1,6,0,8,1,3,7,2,59,2,10,1,1,6,1,31,1,12,8,7,4,3,4,2,0,4,3,3,43,1,0,1,5,2,3,0,6,5,4,2,5,1,2,1,5,2,7,0,1,1,3,9,0,8,3,4,3,2
2676,1,1,1,1,2,5,17,3,2,5,2,0,2,6,0,8,1,2,4,1,1,4,1,2,1,1,8,2,4,0,12,3,2,2,3,1,1,7,1,5,0,8,1,3,7,2,59,2,10,1,1,6,1,31,1,12,8,7,4,3,4,2,0,4,3,3,43,1,0,1,5,2,3,0,6,5,4,2,5,1,2,1,5,2,7,0,1,1,3,9,0,8,3,4,3,2
2677,1,1,1,1,2,5,17,3,2,5,2,0,2,6,0,8,1,2,4,1,1,4,1,2,1,1,8,2,4,0,12,3,2,2,3,1,1,6,1,5,0,8,1,3,7,1,58,2,10,1,1,6,1,31,1,12,8,7,4,3,4,2,0,4,3,3,43,1,0,1,5,2,3,0,6,5,4,2,5,1,2,1,5,2,7,0,1,1,3,9,0,8,3,4,3,2
2678,1,1,1,1,2,5,17,3,2,5,2,0,2,6,0,8,1,2,4,1,1,4,1,2,1,1,8,2,4,0,12,3,2,2,2,1,1,6,1,5,0,8,1,3,7,1,57,2,10,1,1,6,1,31,1,12,8,7,4,3,4,2,0,4,3,3,42,1,0,1,5,2,3,0,6,5,4,2,5,1,2,1,5,2,7,0,1,1,3,9,0,8,3,4,3,2
2679,1,1,1,1,2,5,17,3,2,5,2,0,2,6,0,8,1,2,4,1,1,4,1,2,1,1,8,2,4,0,11,3,2,2,1,1,1,6,1,5,0,8,1,3,7,1,55,2,10,1,1,6,1,31,1,12,8,7,3,3,4,2,0,4,3,3,42,1,0,1,5,2,3,0,5,5,4,2,5,1,2,1,5,2,7,0,1,1,3,9,0,8,3,4,3,2
2680,1,1,1,1,2,5,17,3,2,5,1,0,2,6,0,8,1,2,4,1,1,4,1,2,1,1,8,2,4,0,11,3,2,2,1,1,1,5,1,4,0,8,1,3,7,1,54,2,10,1,1,6,1,31,1,12,8,7,3,3,4,2,0,4,3,3,42,1,0,1,5,2,3,0,5,5,4,2,5,1,2,1,5,2,7,0,1,1,3,8,0,8,3,4,3,2
2681,1,1,1,1,2,5,17,3,2,5,1,0,2,6,0,8,1,2,4,1,1,4,1,2,1,1,8,1,4,0,11,3,2,2,1,1,1,5,1,4,0,8,1,3,7,1,54,2,10,1,1,6,1,31,1,11,8,7,3,3,4,2,0,4,3,3,42,1,0,1,5,2,3,0,5,5,4,2,5,1,2,1,5,2,7,0,1,1,3,8,0,8,3,4,3,2
2682,1,1,1,1,2,5,17,3,2,5,1,0,2,6,0,8,1,2,4,1,1,4,1,2,1,1,8,1,4,0,11,3,2,2,1,1,1,5,1,4,0,8,1,3,7,1,54,2,10,1,1,6,1,30,1,11,8,7,3,3,3,2,0,4,3,3,42,1,0,1,5,2,3,0,5,5,4,2,5,1,2,1,5,2,7,0,1,1,3,8,0,8,3,4,3,2
2683,1,1,1,1,2,5,17,3,2,5,1,0,2,6,0,8,1,2,4,1,1,4,1,2,1,1,8,1,4,0,11,3,2,2,1,1,1,5,1,4,0,8,1,3,7,1,54,2,10,1,1,6,1,30,1,11,8,7,3,3,2,2,0,4,3,3,41,1,0,1,5,2,3,0,5,5,4,2,5,1,2,1,5,2,7,0,1,1,3,8,0,8,3,4,3,2
2684,1,1,1,1,2,5,17,3,2,5,1,0,2,6,0,8,1,2,4,1,1,4,1,2,1,1,8,1,4,0,11,3,2,2,1,1,1,5,1,4,0,8,1,3,6,1,54,2,10,1,1,6,1,30,1,11,8,7,3,3,2,2,0,4,3,3,40,1,0,1,5,2,3,0,5,5,4,2,5,1,2,1,5,2,7,0,1,1,3,8,0,8,3,4,3,2
2685,1,1,1,1,2,5,17,3,2,5,1,0,2,6,0,8,1,2,4,1,1,4,1,2,1,1,8,1,4,0,11,3,2,2,1,1,1,5,1,4,0,8,1,3,6,1,54,2,10,1,1,6,1,30,1,11,8,7,3,3,2,2,0,4,3,3,39,1,0,1,5,2,3,0,5,5,4,2,5,1,2,1,5,2,7,0,1,1,3,8,0,8,3,4,3,2
2686,1,1,1,1,2,5,17,3,2,5,1,0,2,6,0,8,1,2,4,1,1,4,1,2,1,1,8,1,4,0,11,3,2,2,1,1,1,5,1,4,0,7,1,3,6,1,54,2,10,1,1,6,1,29,1,10,8,7,3,3,2,2,0,4,3,3,39,1,0,1,5,2,3,0,5,5,4,2,5,1,2,1,5,2,7,0,1,1,3,8,0,8,3,4,3,2
2687,1,1,1,1,2,5,17,3,2,5,1,0,2,6,0,8,1,2,4,1,1,4,1,2,1,1,8,1,4,0,11,3,2,2,1,1,1,5,1,4,0,7,1,3,6,1,54,2,10,1,1,6,1,29,1,9,8,7,3,3,2,2,0,4,3,3,39,1,0,1,5,2,3,0,5,5,4,2,5,1,2,1,5,2,7,0,1,1,3,8,0,8,3,4,3,2
2688,1,1,1,1,2,5,17,3,2,5,1,0,2,6,0,8,1,2,4,1,0,4,1,2,1,1,8,1,4,0,11,3,2,2,1,1,1,5,1,4,0,7,1,3,6,1,53,2,10,1,1,6,1,29,1,9,8,7,3,3,2,2,0,4,3,3,39,1,0,1,5,2,3,0,5,5,4,2,5,1,2,1,5,2,7,0,1,1,3,8,0,8,3,4,3,2
2689,1,1,1,1,2,5,17,3,2,5,1,0,2,6,0,8,1,2,4,1,0,4,1,2,1,1,8,0,4,0,9,3,2,2,1,1,1,3,1,4,0,7,1,3,6,1,52,2,10,1,1,6,1,28,1,9,8,7,3,3,2,2,0,4,3,3,39,1,0,1,5,2,3,0,5,5,4,2,5,1,2,1,5,2,7,0,1,1,3,8,0,8,3,4,3,2
2690,1,1,1,1,2,5,17,3,2,5,1,0,2,6,0,8,1,2,4,1,0,4,1,2,1,1,8,0,4,0,9,3,2,2,1,1,1,3,1,4,0,7,1,3,6,1,52,2,10,1,1,6,1,27,1,9,8,7,3,3,2,2,0,4,3,3,38,1,0,1,5,2,3,0,4,5,3,2,5,1,2,1,4,2,7,0,1,1,3,8,0,8,3,4,3,2
2691,1,1,1,1,2,5,17,3,2,5,1,0,2,5,0,8,1,2,4,1,0,4,1,2,1,0,8,0,4,0,9,3,2,2,1,1,1,3,1,4,0,7,1,3,6,1,51,2,9,1,1,6,1,26,1,9,8,7,3,3,2,2,0,4,3,3,38,1,0,1,5,2,3,0,4,5,3,2,5,1,2,1,4,2,7,0,1,1,3,8,0,8,3,4,3,2
2692,1,1,1,1,2,5,17,3,2,5,1,0,2,5,0,8,1,2,4,1,0,4,1,2,1,0,8,0,4,0,9,3,2,2,1,1,1,3,1,4,0,7,1,3,6,1,51,2,9,1,1,6,1,26,1,9,8,7,3,3,2,2,0,4,3,3,38,1,0,1,5,2,3,0,4,5,3,2,5,1,2,1,4,2,7,0,1,1,3,8,0,7,3,4,3,2
2693,1,1,1,1,2,5,17,3,2,5,1,0,2,5,0,8,1,2,4,1,0,4,1,2,1,0,8,0,4,0,9,3,2,2,1,1,1,3,1,4,0,7,1,3,6,1,51,2,9,1,1,6,1,26,1,9,8,7,3,3,2,2,0,4,3,3,37,1,0,1,5,2,3,0,4,5,3,2,5,1,2,1,4,2,7,0,1,1,3,8,0,7,3,4,3,2
2694,1,1,1,1,2,5,17,3,2,5,1,0,2,5,0,8,1,2,4,1,0,4,1,2,1,0,8,0,4,0,9,3,2,2,1,1,1,3,1,4,0,7,1,3,6,1,51,2,9,1,1,6,1,26,1,9,8,7,3,2,2,2,0,4,3,3,37,1,0,1,5,2,3,0,4,5,3,2,5,1,2,1,4,2,7,0,1,1,3,8,0,7,3,4,3,2
2695,1,1,0,1,2,5,17,3,2,5,1,0,2,5,0,7,1,2,4,1,0,4,1,2,1,0,8,0,4,0,9,3,2,2,1,1,1,3,1,4,0,7,1,3,6,1,49,1,9,1,1,6,1,26,1,8,8,7,3,2,2,2,0,4,3,3,37,1,0,1,5,2,3,0,4,5,3,2,5,1,2,1,4,2,7,0,1,1,3,8,0,7,3,4,3,2
2696,1,1,0,1,2,5,16,3,2,5,1,0,2,5,0,7,1,2,4,1,0,4,1,2,1,0,8,0,4,0,9,3,2,2,1,1,1,3,1,4,0,7,1,3,6,1,49,1,9,1,1,6,1,26,1,8,8,7,3,2,2,2,0,4,3,3,35,1,0,1,5,2,3,0,4,5,3,2,5,1,2,1,4,2,7,0,1,1,3,8,0,7,3,4,3,2
2697,1,1,0,1,2,5,15,3,2,5,1,0,2,5,0,7,1,2,4,1,0,4,1,2,1,0,8,0,4,0,9,3,2,2,1,1,1,3,1,4,0,7,1,3,6,1,49,1,9,1,1,6,1,24,1,8,8,7,3,2,2,2,0,4,3,3,35,1,0,1,5,2,3,0,4,5,3,2,5,1,2,1,4,2,7,0,1,1,3,8,0,7,3,4,3,2
2698,1,1,0,1,2,5,15,3,2,5,1,0,2,5,0,7,1,2,4,1,0,4,1,2,1,0,7,0,4,0,9,3,2,2,1,1,1,3,1,4,0,7,1,3,5,1,49,1,9,1,1,6,1,24,1,8,8,7,3,2,2,2,0,4,3,3,35,1,0,1,5,2,3,0,4,5,3,2,5,1,2,1,4,2,7,0,1,1,3,8,0,7,3,4,3,2
2699,1,1,0,1,2,5,15,3,2,5,1,0,2,5,0,7,1,2,3,1,0,4,1,2,1,0,7,0,4,0,9,3,2,2,1,1,1,3,1,4,0,7,1,3,5,1,49,1,9,1,1,6,1,23,1,8,8,7,3,2,2,2,0,4,3,3,35,1,0,1,5,2,3,0,4,4,3,2,5,1,2,1,4,2,7,0,1,1,3,7,0,7,3,4,3,2
2700,1,1,0,1,2,5,15,3,2,5,1,0,2,5,0,7,1,2,2,1,0,4,1,2,1,0,7,0,4,0,9,3,2,2,1,1,1,3,1,4,0,7,1,3,5,1,49,1,9,1,1,6,1,23,1,8,8,7,3,2,2,2,0,4,3,2,35,1,0,1,5,2,3,0,4,4,3,2,5,1,2,1,4,2,7,0,1,1,3,7,0,7,3,4,3,2
2701,1,1,0,1,2,5,15,3,1,5,1,0,2,5,0,7,1,2,2,1,0,4,1,2,1,0,7,0,4,0,9,3,2,2,1,1,1,3,1,4,0,7,1,3,5,1,49,1,9,1,1,6,1,23,1,8,8,7,3,2,2,2,0,4,3,2,35,1,0,1,5,2,3,0,4,4,3,2,5,1,2,1,4,2,7,0,1,1,3,7,0,7,3,4,3,2
2702,1,1,0,1,2,5,15,3,1,5,1,0,2,4,0,7,1,2,2,1,0,4,1,2,1,0,7,0,4,0,9,3,2,2,1,1,1,3,1,4,0,7,1,2,5,1,49,1,8,1,1,6,1,22,1,8,8,7,3,2,2,2,0,4,3,2,35,1,0,1,5,2,3,0,4,4,2,2,5,1,2,1,4,2,7,0,1,1,3,7,0,7,3,4,3,2
2703,1,1,0,1,1,5,15,3,1,5,1,0,2,4,0,7,1,2,2,1,0,4,1,2,1,0,7,0,4,0,9,3,2,2,1,1,1,3,1,4,0,7,1,2,5,1,49,1,8,1,1,6,1,22,1,8,8,7,3,2,2,2,0,4,3,2,35,1,0,1,5,2,3,0,4,4,2,2,5,1,2,1,4,2,7,0,1,1,3,7,0,7,3,4,3,2
2704,1,1,0,1,1,5,15,3,1,5,1,0,2,4,0,7,1,2,2,1,0,4,1,2,1,0,7,0,4,0,9,3,2,2,1,1,1,3,1,4,0,7,1,2,5,1,49,1,8,1,1,6,1,22,1,7,8,7,3,2,2,2,0,4,3,2,35,1,0,1,5,2,3,0,4,4,2,2,5,1,2,1,4,2,6,0,1,1,3,7,0,7,3,4,3,2
2705,1,1,0,1,1,5,15,3,1,5,1,0,2,4,0,7,1,2,2,1,0,4,1,2,1,0,6,0,4,0,8,3,2,2,1,1,1,3,1,4,0,7,1,2,5,1,48,1,8,1,1,6,1,22,1,7,8,7,3,2,2,2,0,4,3,2,35,1,0,1,5,2,3,0,4,4,2,2,5,1,2,1,4,2,6,0,1,1,3,7,0,7,3,4,3,2
2706,1,1,0,1,1,5,15,3,1,5,1,0,2,4,0,7,1,2,2,1,0,4,1,2,1,0,6,0,4,0,8,3,2,2,1,1,1,3,1,4,0,7,1,2,5,1,48,1,8,1,1,6,1,22,1,7,7,7,3,2,2,2,0,4,3,2,34,1,0,1,5,2,3,0,4,4,2,2,5,1,2,1,2,2,6,0,1,1,3,7,0,7,3,4,3,2
2707,1,1,0,1,1,5,15,3,1,5,1,0,2,4,0,7,1,2,2,1,0,4,1,2,1,0,6,0,4,0,8,3,2,2,1,1,1,3,1,4,0,7,1,2,5,1,47,1,8,1,1,6,1,22,1,7,7,7,3,2,2,2,0,4,3,2,34,1,0,1,5,2,3,0,4,4,2,2,4,1,2,1,2,2,6,0,1,1,3,7,0,7,3,4,3,2
2708,1,1,0,1,1,5,15,3,1,5,1,0,2,4,0,7,1,2,2,1,0,4,1,2,1,0,6,0,4,0,7,3,2,2,1,1,1,3,1,4,0,7,1,2,5,1,47,1,8,1,1,6,1,22,1,7,7,7,3,2,2,2,0,4,3,2,34,1,0,1,5,2,3,0,4,4,2,2,4,1,2,1,2,2,6,0,1,1,3,7,0,7,3,4,3,2
2709,1,1,0,0,1,5,15,3,1,5,1,0,2,4,0,7,1,2,2,1,0,4,1,2,1,0,6,0,4,0,7,3,2,2,1,1,1,3,1,4,0,7,1,2,5,1,46,1,8,1,1,6,1,21,1,7,7,7,3,2,2,2,0,4,3,2,34,1,0,1,5,2,3,0,4,4,2,2,4,1,2,1,2,2,6,0,1,1,3,7,0,7,3,4,3,2
2710,1,1,0,0,1,5,15,3,1,5,1,0,2,4,0,6,1,2,2,1,0,4,1,2,1,0,6,0,4,0,7,3,2,2,1,1,1,3,1,4,0,7,1,2,5,1,46,1,8,1,1,6,1,21,1,7,7,7,3,2,2,2,0,4,3,2,34,1,0,1,5,2,3,0,4,4,2,2,4,1,2,1,2,2,6,0,1,1,3,7,0,7,3,4,3,2
2711,1,1,0,0,1,5,15,3,1,5,1,0,2,4,0,6,1,2,2,1,0,4,1,2,1,0,6,0,4,0,7,3,2,2,1,1,1,3,1,4,0,7,1,2,5,1,46,1,8,1,1,6,1,21,1,7,7,7,3,2,2,2,0,4,3,2,34,1,0,1,5,2,2,0,4,4,2,2,4,1,2,1,2,2,6,0,1,1,3,7,0,7,3,4,3,2
2712,1,1,0,0,1,5,15,3,1,5,1,0,2,4,0,6,1,1,2,1,0,4,1,2,1,0,6,0,4,0,7,3,2,2,1,1,1,3,1,4,0,7,1,2,5,1,46,1,8,1,1,6,1,21,1,7,7,6,3,2,2,2,0,4,2,2,34,1,0,1,5,2,2,0,4,4,2,2,4,1,2,1,2,2,6,0,1,1,3,7,0,7,3,4,3,2
2713,1,1,0,0,1,5,15,3,1,5,0,0,2,4,0,6,1,1,2,1,0,4,1,2,1,0,6,0,4,0,7,3,2,2,1,1,1,3,1,4,0,7,1,2,5,1,46,1,8,1,1,6,1,21,1,7,7,6,3,2,2,2,0,4,2,2,33,1,0,1,5,2,2,0,4,4,2,2,4,1,2,1,2,2,6,0,1,1,3,7,0,6,3,4,3,2
2714,1,1,0,0,1,5,15,3,1,5,0,0,2,4,0,6,1,1,2,1,0,4,1,2,1,0,6,0,4,0,7,3,2,2,1,1,1,3,1,4,0,7,1,2,5,1,46,0,8,1,1,6,1,21,1,7,7,6,3,2,2,2,0,4,2,2,33,1,0,1,5,2,2,0,4,4,2,2,4,1,2,1,2,2,6,0,1,1,3,7,0,5,3,4,3,2
2715,1,1,0,0,1,4,15,3,1,5,0,0,2,4,0,6,1,1,2,1,0,3,1,2,1,0,6,0,4,0,7,3,2,2,1,1,1,3,1,4,0,7,1,2,5,1,45,0,8,1,1,6,1,21,1,7,7,6,3,2,2,2,0,4,2,2,33,1,0,1,5,2,2,0,4,4,2,2,4,1,2,1,2,2,6,0,1,1,3,7,0,5,3,4,3,2
2716,1,1,0,0,1,4,15,3,1,5,0,0,2,4,0,6,1,1,2,1,0,3,1,2,1,0,6,0,4,0,6,3,2,2,1,1,1,3,1,4,0,7,1,2,5,1,43,0,8,1,1,6,1,20,1,7,7,6,3,2,2,2,0,4,2,2,33,1,0,1,5,2,2,0,3,3,1,2,4,1,2,1,2,2,6,0,1,1,3,7,0,5,3,4,3,2
2717,1,1,0,0,1,4,15,3,1,5,0,0,2,4,0,6,1,1,2,1,0,3,1,2,1,0,6,0,4,0,6,3,2,2,1,1,1,3,1,4,0,7,1,2,4,1,42,0,8,1,1,6,1,20,1,7,7,6,3,2,2,2,0,4,2,2,33,1,0,1,5,2,2,0,3,3,1,2,4,1,2,1,2,2,5,0,1,1,3,7,0,5,3,4,3,2
2718,1,1,0,0,1,4,14,3,1,5,0,0,2,4,0,6,1,1,2,1,0,3,1,2,1,0,6,0,4,0,6,3,2,2,1,1,1,3,1,4,0,7,1,2,4,1,42,0,8,1,1,5,1,20,1,7,7,6,3,2,2,2,0,4,2,2,33,1,0,1,5,2,2,0,3,3,1,2,4,1,2,1,2,2,4,0,1,1,3,7,0,5,3,4,3,2
2719,1,1,0,0,1,4,14,3,1,5,0,0,2,4,0,6,1,1,2,1,0,3,1,2,1,0,6,0,4,0,6,3,2,2,1,1,1,3,1,4,0,7,1,2,4,1,42,0,8,1,1,5,1,20,1,7,7,6,3,2,2,2,0,4,2,2,32,1,0,1,5,2,2,0,3,3,1,2,4,1,2,1,2,2,4,0,1,1,3,6,0,5,3,4,3,2
2720,1,1,0,0,1,4,14,3,1,5,0,0,2,4,0,6,1,1,2,1,0,3,1,2,1,0,6,0,4,0,6,3,2,2,1,1,1,3,1,4,0,7,1,2,4,1,41,0,8,1,1,5,1,20,1,7,7,6,3,2,2,2,0,3,2,2,32,1,0,1,5,2,2,0,3,3,1,2,4,1,2,1,2,2,4,0,1,1,3,6,0,5,3,3,3,2
2721,1,1,0,0,1,4,14,3,1,5,0,0,2,4,0,6,1,1,2,1,0,3,1,2,1,0,6,0,4,0,6,3,2,2,1,1,1,3,1,4,0,6,1,2,4,1,40,0,8,1,1,5,1,20,1,7,7,5,3,2,2,2,0,3,2,2,32,1,0,1,5,2,2,0,3,3,1,2,4,1,2,1,2,2,4,0,1,1,3,6,0,5,3,3,3,2
2722,1,1,0,0,1,4,13,3,1,5,0,0,2,4,0,6,1,1,2,1,0,3,1,2,1,0,5,0,4,0,6,3,2,2,1,1,1,3,1,4,0,6,1,2,4,1,40,0,8,1,1,5,1,20,1,7,7,5,3,2,2,2,0,3,2,2,31,1,0,1,5,2,2,0,2,3,1,2,4,1,2,1,2,2,4,0,1,1,3,6,0,5,3,3,3,2
2723,1,1,0,0,1,4,13,3,1,5,0,0,2,4,0,6,1,1,2,1,0,3,1,2,1,0,5,0,4,0,6,3,2,2,1,1,1,3,1,4,0,6,1,2,4,1,40,0,8,1,1,5,1,20,1,7,7,5,3,2,2,2,0,3,2,2,31,1,0,1,5,2,2,0,2,3,1,2,4,1,2,1,2,2,4,0,1,1,3,6,0,5,3,3,3,2
2724,1,1,0,0,1,4,13,3,1,5,0,0,2,4,0,5,1,1,2,1,0,3,1,2,1,0,5,0,4,0,6,3,2,2,1,1,1,3,1,4,0,6,1,2,4,1,40,0,8,1,1,5,1,19,1,7,7,5,3,2,2,2,0,3,2,2,31,1,0,1,5,2,2,0,2,3,1,2,4,1,2,1,2,2,4,0,1,1,3,6,0,5,3,3,3,2
2725,1,1,0,0,1,4,13,3,1,5,0,0,2,4,0,5,1,1,2,1,0,3,1,2,1,0,5,0,4,0,6,3,2,2,1,1,1,3,1,4,0,6,1,2,4,1,39,0,8,1,1,5,1,19,1,7,7,5,3,2,2,2,0,3,2,2,31,1,0,1,5,2,2,0,2,3,1,2,4,1,2,1,2,2,4,0,1,1,3,6,0,5,3,3,3,2
2726,1,1,0,0,1,4,12,3,1,5,0,0,2,4,0,5,1,1,2,1,0,3,1,2,1,0,5,0,4,0,6,3,2,2,1,1,1,3,1,4,0,6,1,2,4,1,39,0,8,1,1,5,1,19,1,7,7,5,3,2,2,2,0,3,2,2,30,1,0,1,5,2,2,0,2,3,1,2,4,1,2,1,2,2,4,0,1,1,3,6,0,5,3,3,3,2
2727,1,1,0,0,1,4,12,3,1,5,0,0,2,4,0,5,1,1,2,1,0,3,1,2,1,0,5,0,4,0,6,3,2,2,1,1,1,3,1,4,0,6,0,2,4,1,38,0,8,1,1,5,1,19,1,7,7,4,3,2,2,2,0,3,2,2,30,1,0,1,5,2,2,0,2,3,1,2,4,1,2,1,2,2,4,0,1,1,3,6,0,5,3,3,3,2
2728,1,1,0,0,1,4,12,3,1,5,0,0,2,4,0,5,1,1,2,1,0,3,1,2,1,0,5,0,4,0,6,3,2,2,1,1,1,3,1,4,0,6,0,2,4,1,38,0,8,1,1,5,1,18,1,7,7,4,3,2,2,2,0,3,2,2,30,1,0,1,5,2,2,0,2,3,1,2,4,1,2,1,2,2,4,0,1,1,3,6,0,5,3,3,3,2
2729,1,1,0,0,1,4,12,3,1,5,0,0,2,4,0,5,1,1,2,1,0,3,1,2,1,0,5,0,4,0,6,3,2,2,1,1,1,3,1,4,0,6,0,2,4,1,38,0,8,1,1,5,1,18,1,7,7,4,3,2,2,2,0,3,2,2,28,1,0,1,5,2,2,0,2,3,1,2,4,1,2,1,1,2,4,0,1,1,3,6,0,5,3,3,3,2
2730,1,1,0,0,1,4,12,3,1,5,0,0,2,4,0,5,1,1,2,1,0,3,1,2,1,0,5,0,4,0,6,3,2,2,1,1,1,3,1,4,0,6,0,2,4,1,38,0,8,1,1,5,1,18,1,7,7,4,2,2,2,2,0,3,2,2,28,1,0,1,5,2,2,0,2,3,1,2,4,1,2,1,1,2,4,0,1,1,3,6,0,5,3,3,3,2
2731,1,1,0,0,1,4,12,3,1,5,0,0,2,4,0,5,1,1,2,1,0,3,1,2,1,0,5,0,4,0,6,3,2,2,1,1,1,3,1,4,0,6,0,2,4,1,38,0,8,1,1,5,1,18,1,7,6,3,2,2,2,2,0,2,2,2,28,1,0,1,5,2,2,0,2,3,1,2,4,1,2,1,1,2,4,0,1,1,3,6,0,5,3,3,3,2
2732,1,1,0,0,1,4,12,3,1,5,0,0,2,4,0,5,1,1,2,1,0,3,1,2,1,0,5,0,4,0,6,3,2,2,1,1,1,3,1,4,0,6,0,2,4,1,38,0,8,1,1,5,1,18,1,7,6,3,2,2,2,2,0,2,2,2,28,1,0,1,5,2,2,0,2,3,1,2,4,1,2,1,1,2,4,0,1,1,3,5,0,5,3,3,3,2
2733,1,1,0,0,1,4,12,3,1,5,0,0,2,4,0,5,1,1,2,1,0,3,1,2,1,0,5,0,4,0,6,3,2,2,1,1,1,3,1,4,0,6,0,2,4,1,38,0,8,1,1,5,1,18,1,7,6,3,2,2,2,2,0,2,2,2,28,1,0,1,5,2,2,0,2,3,1,2,4,1,2,1,1,2,3,0,1,1,3,5,0,5,3,3,2,2
2734,1,1,0,0,1,4,12,3,1,4,0,0,2,4,0,5,1,1,2,1,0,3,1,2,1,0,5,0,4,0,5,3,2,2,1,1,1,3,1,4,0,5,0,2,4,1,38,0,8,1,1,5,1,18,1,7,6,3,2,2,2,2,0,2,2,2,28,1,0,1,5,2,2,0,2,3,1,2,4,1,2,1,1,2,3,0,1,1,3,5,0,5,3,3,2,2
2735,1,1,0,0,1,4,12,3,1,4,0,0,2,4,0,5,1,1,2,1,0,3,1,2,1,0,5,0,4,0,5,3,2,2,1,1,1,3,1,4,0,5,0,2,4,1,38,0,8,1,1,5,1,18,1,7,6,3,2,2,2,2,0,2,2,2,28,1,0,1,5,2,2,0,2,3,1,2,4,1,2,1,1,2,3,0,1,1,3,5,0,5,3,3,2,2
2736,1,1,0,0,1,4,12,3,1,4,0,0,2,4,0,5,1,1,2,1,0,3,1,2,1,0,5,0,4,0,5,3,2,2,1,1,1,3,1,4,0,5,0,2,4,1,38,0,8,1,1,5,1,18,1,7,6,3,2,2,2,2,0,2,2,2,28,1,0,1,5,2,2,0,2,3,1,2,4,1,2,1,1,2,3,0,1,1,3,5,0,5,3,3,2,2
2737,1,1,0,0,1,4,12,3,1,4,0,0,2,4,0,5,1,1,2,1,0,3,1,2,1,0,5,0,4,0,5,3,2,2,1,1,1,3,1,4,0,5,0,2,4,1,38,0,8,1,1,5,1,18,1,7,6,3,2,2,2,2,0,2,2,2,28,1,0,1,5,2,2,0,2,3,1,2,4,1,2,1,1,2,3,0,1,1,3,5,0,5,3,3,2,2
2738,1,1,0,0,1,4,12,3,1,4,0,0,2,4,0,5,1,1,2,1,0,3,1,2,1,0,5,0,4,0,5,3,2,2,1,1,1,2,1,4,0,5,0,2,4,1,38,0,7,1,1,5,1,18,1,7,6,3,2,2,2,2,0,2,2,2,28,1,0,1,5,2,2,0,2,3,1,2,4,1,2,1,1,2,3,0,1,1,3,5,0,5,3,3,2,2
2739,1,1,0,0,1,4,12,3,1,4,0,0,2,4,0,4,1,1,2,1,0,3,1,2,1,0,5,0,4,0,5,3,1,2,1,1,1,2,1,4,0,5,0,2,4,1,38,0,6,1,1,5,1,18,1,7,6,3,2,2,2,2,0,2,2,2,28,1,0,1,5,2,2,0,2,3,1,2,4,1,2,1,1,2,3,0,1,1,3,5,0,5,3,3,2,2
2740,1,1,0,0,1,4,12,3,1,4,0,0,2,4,0,4,0,1,2,1,0,3,1,2,1,0,5,0,4,0,5,3,1,2,1,1,1,2,1,4,0,5,0,2,4,1,38,0,6,1,1,4,1,18,1,7,6,3,2,2,2,2,0,2,2,2,28,1,0,1,5,2,2,0,2,3,1,2,4,1,2,1,1,2,3,0,1,1,3,5,0,5,3,3,2,2
2741,1,1,0,0,1,4,12,3,1,4,0,0,2,4,0,4,0,1,2,1,0,3,1,2,1,0,5,0,4,0,5,3,1,2,1,1,1,2,1,4,0,5,0,2,4,1,38,0,6,1,1,4,1,18,1,7,6,3,2,2,2,2,0,2,2,2,27,1,0,1,5,2,2,0,2,3,1,2,4,1,2,1,1,2,3,0,1,1,3,5,0,5,3,3,2,2
2742,1,1,0,0,1,4,11,3,1,4,0,0,2,4,0,4,0,1,2,1,0,3,1,2,1,0,5,0,4,0,3,3,1,2,1,1,1,2,1,4,0,4,0,2,4,1,37,0,6,1,1,4,1,17,1,7,6,3,2,2,2,2,0,2,2,2,27,1,0,1,5,2,2,0,2,3,1,2,3,1,2,1,1,2,3,0,1,1,3,5,0,5,3,3,2,2
2743,1,1,0,0,1,4,11,3,1,4,0,0,2,4,0,4,0,1,2,1,0,2,1,2,1,0,5,0,4,0,3,3,1,2,1,1,1,2,1,4,0,4,0,2,4,1,37,0,6,1,1,4,1,17,1,7,6,3,2,2,2,2,0,2,2,2,27,1,0,1,5,2,2,0,2,3,1,2,3,1,2,1,1,2,3,0,1,1,3,5,0,5,3,3,2,2
2744,1,1,0,0,1,4,11,3,1,3,0,0,2,4,0,4,0,1,2,1,0,2,1,2,1,0,5,0,4,0,3,3,1,2,1,1,1,2,1,4,0,4,0,2,4,1,37,0,6,1,1,4,1,17,1,7,6,3,2,2,2,2,0,2,2,2,27,1,0,1,5,2,2,0,2,3,1,2,3,1,2,1,1,2,3,0,1,1,3,5,0,5,3,3,2,2
2745,1,1,0,0,1,4,11,3,1,3,0,0,2,4,0,4,0,1,2,1,0,2,1,2,1,0,5,0,4,0,3,3,1,2,1,1,1,2,1,4,0,4,0,2,4,1,37,0,6,1,1,4,1,17,1,7,6,3,2,2,2,2,0,2,2,2,27,1,0,1,5,2,2,0,2,3,1,2,2,1,2,1,1,2,3,0,1,1,3,5,0,5,3,3,2,2
2746,1,1,0,0,1,4,11,3,1,3,0,0,2,4,0,4,0,1,2,1,0,2,1,2,1,0,5,0,4,0,3,3,1,2,1,1,1,2,1,4,0,4,0,2,4,1,37,0,6,1,1,4,1,17,1,7,6,3,2,2,2,2,0,2,2,2,27,1,0,1,5,2,2,0,2,3,1,2,2,1,2,1,1,2,3,0,1,1,3,5,0,5,3,3,2,2
2747,1,1,0,0,1,4,10,3,1,3,0,0,2,4,0,4,0,1,2,1,0,2,1,2,1,0,5,0,4,0,3,3,1,2,1,1,1,2,1,4,0,4,0,2,4,1,36,0,6,1,1,4,1,17,1,6,6,3,2,2,2,2,0,2,2,2,27,1,0,1,5,2,2,0,2,3,1,2,2,1,2,1,1,2,3,0,1,1,3,5,0,5,2,3,2,2
2748,1,1,0,0,1,4,10,3,1,3,0,0,2,4,0,4,0,1,2,1,0,2,1,2,1,0,5,0,4,0,3,3,1,2,1,1,1,2,1,4,0,4,0,2,4,1,36,0,6,1,1,4,1,17,1,6,5,3,2,2,2,2,0,2,2,2,27,1,0,1,5,2,2,0,2,3,1,2,2,1,2,1,1,2,3,0,1,1,3,5,0,5,2,3,2,2
2749,1,1,0,0,1,4,10,3,1,3,0,0,2,4,0,4,0,1,2,1,0,2,1,2,1,0,5,0,4,0,3,3,1,2,1,1,1,2,1,4,0,4,0,2,4,1,36,0,6,1,1,4,1,17,1,6,5,3,2,2,2,2,0,2,2,2,27,1,0,1,5,2,2,0,2,3,1,2,2,1,2,1,1,2,3,0,1,1,3,5,0,5,2,2,2,2
2750,1,1,0,0,1,4,10,3,1,3,0,0,2,4,0,4,0,1,2,1,0,2,1,2,1,0,5,0,4,0,3,3,1,2,1,1,1,2,1,4,0,4,0,2,4,1,35,0,6,1,1,4,1,17,1,6,5,2,2,2,2,2,0,2,1,2,27,1,0,1,5,2,2,0,2,3,1,2,2,1,2,1,1,2,3,0,1,1,3,5,0,5,2,2,2,2
2751,1,1,0,0,1,4,10,3,1,3,0,0,2,4,0,4,0,1,2,1,0,2,1,2,1,0,5,0,4,0,3,3,1,2,1,1,1,2,1,4,0,4,0,2,4,1,34,0,6,1,1,4,1,17,1,6,5,2,2,2,2,2,0,2,1,2,27,1,0,1,5,2,2,0,2,3,1,2,2,1,2,1,1,2,3,0,1,1,3,5,0,5,2,2,2,2
2752,1,1,0,0,1,4,10,3,1,3,0,0,2,4,0,4,0,0,2,1,0,2,1,2,1,0,5,0,4,0,3,3,1,2,1,1,1,2,1,4,0,4,0,2,4,1,34,0,6,1,1,4,1,17,1,6,5,2,2,2,2,2,0,2,1,2,27,1,0,0,5,2,2,0,3,3,1,2,2,1,2,1,1,2,3,0,1,1,3,5,0,5,2,2,2,2
2753,1,1,0,0,1,4,9,3,1,2,0,0,2,4,0,4,0,0,2,1,0,2,1,2,1,0,5,0,4,0,3,3,1,2,1,1,1,2,1,4,0,4,0,2,4,1,34,0,6,1,1,4,1,17,1,6,5,2,2,2,2,2,0,2,1,2,27,1,0,0,5,2,2,0,3,3,1,2,2,1,2,1,1,2,3,0,1,1,3,5,0,5,2,2,2,2
2754,1,1,0,0,1,4,9,3,1,2,0,0,2,4,0,4,0,0,2,1,0,2,1,2,1,0,5,0,4,0,3,3,1,2,1,1,1,2,1,4,0,4,0,2,4,1,34,0,6,1,1,4,1,17,1,6,5,2,2,2,2,2,0,2,1,2,27,1,0,0,5,2,2,0,3,3,1,2,2,1,2,1,1,2,3,0,1,1,2,5,0,5,2,2,2,2
2755,1,1,0,0,1,4,9,3,1,2,0,0,2,4,0,4,0,0,2,1,0,2,1,2,1,0,5,0,4,0,3,3,1,2,1,1,1,2,1,4,0,4,0,2,4,1,33,0,6,1,1,4,1,17,1,6,5,2,2,2,2,2,0,2,1,2,27,1,0,0,5,2,2,0,3,3,1,2,2,1,1,1,1,2,3,0,1,1,2,5,0,5,2,2,2,2
2756,1,1,0,0,1,4,9,3,1,2,0,0,2,4,0,4,0,0,2,1,0,2,1,2,1,0,5,0,4,0,3,3,1,2,1,1,1,2,1,4,0,4,0,2,4,1,33,0,6,1,1,4,1,17,1,6,5,2,2,2,2,2,0,2,1,2,26,1,0,0,5,2,2,0,3,3,1,2,2,1,1,1,1,2,3,0,1,1,2,5,0,5,2,2,2,2
2757,1,1,0,0,1,4,9,3,1,2,0,0,2,4,0,4,0,0,2,1,0,2,1,2,1,0,5,0,4,0,3,3,1,2,1,1,1,2,1,4,0,4,0,2,4,1,33,0,6,1,1,4,1,17,1,6,5,2,2,2,2,2,0,2,1,2,26,1,0,0,5,2,2,0,3,3,1,2,2,1,1,1,1,2,3,0,1,1,2,5,0,5,2,2,2,2
2758,1,1,0,0,1,4,9,3,1,1,0,0,2,4,0,4,0,0,2,1,0,2,1,2,1,0,5,0,4,0,3,3,1,2,1,1,1,2,1,4,0,4,0,2,4,1,33,0,6,1,1,4,1,17,1,6,5,2,2,2,2,2,0,2,1,2,26,1,0,0,5,2,2,0,3,3,1,2,2,1,1,1,1,2,3,0,1,1,2,5,0,5,2,2,2,2
2759,1,1,0,0,1,4,9,3,1,1,0,0,2,4,0,4,0,0,2,1,0,2,1,2,1,0,5,0,4,0,3,3,1,2,1,1,1,2,1,4,0,4,0,2,4,1,32,0,6,1,1,4,1,17,1,6,5,2,2,2,2,2,0,2,1,2,26,1,0,0,5,2,2,0,3,3,1,2,2,1,1,1,1,2,3,0,1,1,2,5,0,5,2,2,2,2
2760,1,1,0,0,1,4,9,3,1,1,0,0,2,4,0,4,0,0,2,1,0,2,1,2,1,0,5,0,4,0,3,3,1,2,1,1,1,2,1,4,0,4,0,2,4,1,32,0,6,1,1,4,1,17,1,6,5,2,2,2,2,2,0,2,1,2,26,1,0,0,5,2,2,0,3,3,1,2,2,1,1,1,1,2,3,0,1,1,2,5,0,5,2,2,2,2
2761,1,1,0,0,1,4,9,3,1,1,0,0,2,4,0,4,0,0,2,1,0,2,1,2,1,0,5,0,4,0,3,3,1,2,1,1,1,2,1,4,0,4,0,2,4,1,31,0,6,1,1,4,1,17,1,6,4,2,2,2,2,2,0,1,1,2,26,1,0,0,5,2,2,0,3,3,1,2,2,1,1,1,1,2,3,0,1,1,2,5,0,5,2,2,2,2
2762,1,1,0,0,1,4,9,3,1,1,0,0,2,4,0,4,0,0,2,1,0,1,1,2,1,0,5,0,4,0,3,3,1,2,0,1,1,2,1,4,0,4,0,2,4,1,31,0,6,1,1,4,1,16,1,6,4,2,2,2,2,2,0,1,1,2,26,1,0,0,5,2,2,0,3,3,1,2,2,1,1,1,1,2,3,0,1,1,2,5,0,5,2,2,2,2
2763,1,1,0,0,1,4,9,3,1,1,0,0,2,4,0,4,0,0,2,1,0,1,1,2,1,0,5,0,4,0,3,3,1,2,0,1,1,2,1,4,0,4,0,2,4,1,31,0,6,1,1,4,1,16,1,6,4,2,2,2,2,2,0,1,1,2,26,1,0,0,5,2,2,0,3,3,1,2,2,1,1,1,1,2,3,0,1,1,2,5,0,5,2,2,2,2
2764,1,1,0,0,1,4,9,3,1,1,0,0,2,4,0,4,0,0,2,1,0,1,1,2,1,0,5,0,4,0,3,3,1,2,0,1,1,2,1,4,0,4,0,2,4,1,31,0,6,1,1,4,1,16,1,6,4,2,2,2,2,2,0,1,1,2,26,1,0,0,5,2,2,0,3,3,1,2,2,1,1,1,1,2,3,0,1,1,2,5,0,5,2,2,2,2
2765,1,1,0,0,1,4,9,3,1,1,0,0,2,4,0,4,0,0,2,1,0,1,1,2,1,0,5,0,4,0,3,3,1,2,0,1,1,2,1,4,0,4,0,2,4,1,31,0,5,1,1,4,1,16,1,6,4,2,2,2,2,2,0,1,1,2,26,1,0,0,5,2,2,0,3,3,1,2,2,1,1,1,1,2,3,0,1,1,2,5,0,5,2,2,2,2
2766,1,1,0,0,1,4,9,3,1,1,0,0,2,4,0,4,0,0,2,1,0,1,1,2,1,0,5,0,4,0,3,3,1,2,0,1,1,2,1,4,0,3,0,2,4,1,31,0,5,1,1,4,1,15,1,6,4,2,2,2,2,2,0,1,1,2,26,1,0,0,5,2,2,0,3,3,1,2,2,1,1,1,1,2,3,0,1,1,2,5,0,5,2,2,2,2
2767,1,1,0,0,1,4,9,3,1,1,0,0,2,4,0,4,0,0,2,1,0,1,1,2,1,0,5,0,4,0,3,3,1,2,0,1,1,2,1,4,0,3,0,2,4,1,31,0,5,1,1,4,1,15,1,6,4,2,2,2,2,2,0,1,1,2,26,1,0,0,5,2,2,0,3,3,1,2,2,1,1,1,1,2,3,0,1,1,2,5,0,5,2,2,2,2
2768,1,1,0,0,1,4,9,3,1,1,0,0,2,4,0,4,0,0,2,1,0,1,1,2,1,0,5,0,4,0,3,3,1,2,0,1,1,2,1,4,0,3,0,2,4,1,31,0,5,1,1,4,1,15,1,6,4,2,2,2,2,1,0,1,1,2,25,1,0,0,5,2,2,0,2,3,1,2,2,1,1,1,1,2,3,0,1,1,2,5,0,5,2,2,2,2
2769,1,1,0,0,1,4,9,3,1,1,0,0,2,4,0,4,0,0,2,1,0,1,1,2,1,0,5,0,4,0,3,3,1,2,0,1,1,2,1,4,0,3,0,2,4,1,31,0,5,1,1,4,1,15,1,6,4,2,2,2,2,1,0,1,1,2,25,1,0,0,5,2,2,0,2,3,1,2,2,1,1,1,1,2,3,0,1,1,2,5,0,5,2,2,2,2
2770,1,1,0,0,1,4,9,3,1,1,0,0,2,4,0,4,0,0,2,1,0,1,1,2,1,0,5,0,3,0,3,3,1,2,0,1,1,2,1,4,0,3,0,2,4,1,31,0,5,1,1,4,1,15,1,6,4,2,2,2,2,1,0,1,1,2,25,1,0,0,5,2,2,0,2,3,1,2,2,1,1,1,1,2,3,0,1,1,2,5,0,5,2,2,2,2
2771,1,1,0,0,1,4,9,3,1,1,0,0,2,4,0,4,0,0,2,1,0,1,1,2,1,0,4,0,3,0,3,3,1,2,0,1,1,2,1,4,0,3,0,2,4,1,31,0,5,1,1,4,1,15,1,6,4,2,2,2,2,1,0,1,1,2,25,1,0,0,5,2,2,0,2,3,1,2,2,1,1,1,1,2,3,0,1,1,2,5,0,5,2,2,2,2
2772,1,1,0,0,1,4,9,3,1,1,0,0,2,4,0,4,0,0,2,1,0,1,1,2,1,0,4,0,3,0,3,3,1,2,0,1,1,2,1,4,0,3,0,2,4,1,31,0,5,1,1,4,1,15,1,6,4,2,2,2,2,1,0,1,1,2,24,1,0,0,4,2,2,0,2,3,1,2,2,1,1,1,1,2,3,0,1,1,2,5,0,5,2,2,2,2
2773,1,1,0,0,1,4,9,3,1,1,0,0,2,4,0,4,0,0,2,1,0,1,1,2,1,0,4,0,3,0,3,2,1,2,0,1,1,2,1,4,0,3,0,2,4,1,31,0,5,1,1,4,1,15,1,6,4,2,2,2,2,1,0,1,1,2,23,1,0,0,4,2,2,0,2,3,1,2,2,1,0,1,1,2,3,0,1,1,2,5,0,5,2,2,2,2
2774,1,1,0,0,1,4,9,3,1,1,0,0,2,4,0,4,0,0,2,1,0,1,1,2,1,0,4,0,3,0,3,2,1,2,0,1,1,2,1,4,0,3,0,2,4,1,31,0,5,1,1,4,1,15,1,6,4,2,2,2,2,1,0,1,1,2,22,1,0,0,3,2,2,0,2,3,1,2,2,1,0,1,1,2,3,0,1,1,2,4,0,5,2,2,2,2
2775,1,1,0,0,1,4,9,3,1,1,0,0,2,4,0,4,0,0,2,1,0,1,1,2,1,0,4,0,3,0,3,2,1,2,0,1,1,2,1,4,0,3,0,2,4,1,31,0,5,1,1,4,1,15,1,6,4,2,2,2,2,1,0,1,1,2,22,1,0,0,2,2,2,0,2,3,1,2,2,1,0,1,1,2,3,0,1,1,2,4,0,5,2,2,2,2
2776,1,1,0,0,1,4,9,3,1,1,0,0,2,4,0,4,0,0,2,1,0,1,1,2,1,0,4,0,3,0,3,2,1,2,0,1,1,2,1,3,0,1,0,2,4,1,31,0,5,1,1,4,1,15,1,6,4,2,2,2,2,1,0,1,1,2,22,1,0,0,2,2,2,0,2,3,1,2,2,1,0,1,1,2,3,0,1,1,2,4,0,5,2,2,2,2
2777,1,1,0,0,1,4,9,3,1,1,0,0,2,4,0,4,0,0,2,1,0,1,1,2,1,0,4,0,3,0,3,2,1,2,0,1,1,2,1,3,0,1,0,2,4,1,31,0,5,1,1,4,1,15,1,6,4,2,2,2,2,1,0,1,1,2,21,1,0,0,2,2,2,0,2,3,1,2,2,1,0,1,1,2,3,0,1,1,2,4,0,5,2,2,2,2
2778,1,1,0,0,1,4,9,3,1,1,0,0,2,4,0,4,0,0,2,1,0,1,1,2,1,0,4,0,3,0,3,2,1,2,0,1,1,2,1,3,0,1,0,2,4,1,31,0,5,1,1,4,1,15,1,6,4,2,2,2,2,1,0,1,1,2,21,1,0,0,2,1,2,0,2,3,1,2,2,1,0,1,1,2,3,0,1,1,2,4,0,5,2,2,2,2
2779,1,1,0,0,1,4,9,3,1,1,0,0,2,4,0,4,0,0,2,1,0,1,1,2,1,0,4,0,3,0,3,2,1,2,0,1,1,2,1,3,0,1,0,2,4,0,31,0,5,1,1,4,1,15,1,6,4,2,2,2,2,1,0,1,1,2,20,1,0,0,2,1,2,0,2,3,1,2,2,1,0,1,1,2,3,0,1,1,2,4,0,5,2,2,2,2
2780,1,1,0,0,1,4,9,3,1,1,0,0,2,4,0,4,0,0,2,1,0,1,1,2,1,0,4,0,3,0,3,2,1,2,0,1,1,2,1,3,0,1,0,2,4,0,30,0,5,1,1,4,1,15,1,6,4,2,2,2,2,1,0,1,1,2,20,1,0,0,2,1,2,0,2,3,1,2,2,1,0,1,1,2,3,0,1,1,2,4,0,5,2,1,2,2
2781,1,1,0,0,1,4,9,3,1,1,0,0,2,4,0,4,0,0,2,1,0,1,1,2,1,0,4,0,3,0,3,2,1,2,0,1,1,2,1,3,0,1,0,2,4,0,29,0,5,1,1,4,1,15,1,6,4,2,2,2,2,1,0,1,1,2,20,1,0,0,2,1,2,0,2,3,1,2,2,1,0,1,1,2,3,0,1,1,2,4,0,5,2,1,2,2
2782,1,1,0,0,1,4,9,3,1,1,0,0,2,4,0,4,0,0,2,1,0,1,1,2,1,0,4,0,3,0,3,2,1,2,0,1,1,2,1,3,0,1,0,2,4,0,29,0,5,1,1,4,1,14,1,6,4,2,2,2,2,1,0,1,1,2,20,1,0,0,2,1,2,0,2,3,1,2,2,1,0,1,1,2,3,0,1,1,2,4,0,5,2,1,2,2
2783,1,1,0,0,1,4,9,3,1,1,0,0,2,4,0,4,0,0,2,1,0,1,1,2,1,0,4,0,3,0,3,2,1,2,0,1,1,2,1,3,0,1,0,2,4,0,29,0,5,1,1,4,1,14,1,6,4,2,2,2,2,1,0,1,1,2,20,1,0,0,2,1,2,0,2,2,1,2,2,1,0,1,1,2,3,0,1,1,2,4,0,5,2,1,2,2
2784,1,1,0,0,1,4,9,3,1,1,0,0,2,4,0,4,0,0,2,1,0,1,1,2,1,0,4,0,3,0,2,2,1,2,0,1,1,2,1,3,0,1,0,2,4,0,29,0,5,1,1,4,1,14,1,6,4,2,2,2,2,1,0,1,1,2,20,1,0,0,2,1,2,0,2,2,1,2,2,1,0,1,1,2,3,0,1,1,2,4,0,5,2,1,2,2
2785,1,1,0,0,1,4,9,3,1,1,0,0,2,4,0,4,0,0,2,1,0,1,1,2,1,0,4,0,3,0,2,1,1,1,0,1,1,2,1,3,0,1,0,2,4,0,29,0,5,1,1,4,1,14,1,6,4,2,2,2,2,1,0,1,1,2,20,1,0,0,2,1,2,0,2,2,1,2,2,1,0,1,1,2,3,0,1,1,2,4,0,4,2,1,2,2
2786,1,1,0,0,1,4,9,3,1,1,0,0,2,4,0,4,0,0,2,1,0,1,1,2,1,0,4,0,3,0,2,1,1,1,0,1,1,2,1,3,0,1,0,2,4,0,29,0,5,1,1,4,1,14,1,6,4,2,2,2,2,1,0,1,1,2,19,1,0,0,2,1,2,0,2,2,1,2,2,1,0,1,1,2,3,0,1,1,2,4,0,4,2,1,2,2
2787,1,1,0,0,1,4,9,3,1,1,0,0,2,4,0,4,0,0,2,1,0,1,1,2,1,0,4,0,3,0,2,1,1,1,0,1,1,2,1,3,0,1,0,2,4,0,29,0,5,1,1,4,1,14,1,6,4,1,2,2,2,1,0,1,1,2,19,1,0,0,2,1,2,0,2,2,1,2,2,1,0,1,1,2,3,0,1,1,2,4,0,4,2,1,2,2
2788,1,1,0,0,1,4,9,3,1,1,0,0,2,4,0,4,0,0,2,1,0,1,1,2,1,0,4,0,3,0,2,1,1,1,0,1,1,2,1,3,0,1,0,2,4,0,29,0,5,1,1,4,1,13,1,6,4,1,1,2,2,1,0,1,1,2,19,1,0,0,2,1,1,0,2,2,1,2,2,0,0,1,1,2,3,0,1,1,2,4,0,4,2,1,2,2
2789,1,1,0,0,1,4,9,3,1,1,0,0,2,4,0,4,0,0,2,1,0,1,1,2,1,0,4,0,3,0,2,1,1,1,0,1,1,2,1,3,0,1,0,2,4,0,29,0,5,1,1,4,1,13,1,6,4,1,1,2,2,1,0,1,1,2,19,1,0,0,2,1,1,0,2,2,1,2,2,0,0,1,1,2,3,0,1,1,2,4,0,4,2,1,2,2
2790,1,1,0,0,1,4,9,3,1,1,0,0,2,4,0,4,0,0,2,1,0,1,1,2,1,0,4,0,3,0,2,1,1,1,0,1,1,2,1,3,0,1,0,2,4,0,29,0,5,1,1,4,1,13,1,5,4,1,1,2,2,1,0,1,1,2,18,1,0,0,2,1,1,0,2,2,1,2,2,0,0,1,1,2,3,0,1,1,2,4,0,4,2,1,2,2
2791,1,1,0,0,1,4,9,3,1,1,0,0,2,4,0,4,0,0,2,1,0,1,1,2,1,0,4,0,3,0,2,1,1,0,0,1,1,2,1,3,0,1,0,2,4,0,28,0,5,1,1,4,1,13,1,4,4,1,1,2,2,1,0,1,1,2,18,1,0,0,2,1,1,0,2,2,1,2,2,0,0,1,1,2,3,0,1,1,2,4,0,4,2,1,2,2
2792,1,1,0,0,1,4,9,3,1,1,0,0,2,4,0,4,0,0,2,1,0,1,1,2,1,0,4,0,3,0,2,1,1,0,0,1,1,2,1,3,0,1,0,2,4,0,28,0,5,1,1,4,1,13,1,4,4,1,1,2,2,1,0,1,1,2,18,1,0,0,2,1,1,0,2,2,1,2,2,0,0,1,1,2,3,0,1,1,2,4,0,4,2,1,2,2
2793,1,1,0,0,1,4,9,3,1,1,0,0,2,4,0,4,0,0,2,1,0,1,1,2,1,0,3,0,3,0,2,1,1,0,0,1,1,2,1,3,0,1,0,2,4,0,28,0,5,1,1,4,1,13,1,4,4,1,1,2,2,1,0,1,1,2,18,1,0,0,2,1,1,0,2,2,1,2,2,0,0,1,1,2,3,0,1,1,2,4,0,4,2,1,2,2
2794,1,1,0,0,1,4,9,3,1,1,0,0,2,4,0,4,0,0,2,1,0,1,1,2,1,0,3,0,3,0,2,1,1,0,0,1,1,2,1,2,0,1,0,2,4,0,28,0,5,1,1,4,1,13,1,4,4,1,1,2,2,1,0,1,1,2,18,1,0,0,2,1,1,0,2,1,1,2,2,0,0,1,1,2,3,0,1,1,2,4,0,4,1,1,2,2
2795,1,1,0,0,1,4,9,3,1,1,0,0,2,4,0,4,0,0,2,1,0,1,1,2,1,0,3,0,3,0,2,1,1,0,0,1,1,2,1,2,0,1,0,2,4,0,28,0,5,1,1,4,1,13,1,4,4,1,1,1,2,1,0,1,1,2,18,1,0,0,2,1,1,0,2,1,1,2,2,0,0,1,1,2,3,0,1,1,2,4,0,4,1,1,2,2
2796,1,1,0,0,1,4,9,3,1,1,0,0,2,4,0,4,0,0,2,1,0,1,1,2,1,0,3,0,3,0,2,1,1,0,0,1,1,2,1,1,0,1,0,2,4,0,28,0,5,1,1,4,1,13,1,4,4,1,1,1,2,1,0,1,1,2,18,1,0,0,2,1,1,0,2,1,1,2,2,0,0,1,1,2,3,0,1,1,2,4,0,4,1,1,2,2
2797,1,1,0,0,1,4,9,3,1,1,0,0,2,4,0,4,0,0,2,1,0,0,1,2,1,0,3,0,3,0,2,1,1,0,0,1,1,2,1,1,0,1,0,2,4,0,28,0,5,1,1,4,1,13,1,4,4,1,1,1,2,1,0,1,1,2,18,1,0,0,2,1,1,0,2,1,1,2,2,0,0,1,1,2,3,0,1,1,1,4,0,4,1,1,2,2
2798,1,1,0,0,1,4,9,3,1,1,0,0,2,4,0,4,0,0,1,1,0,0,1,2,1,0,3,0,3,0,2,1,1,0,0,1,1,2,1,1,0,1,0,1,4,0,28,0,5,1,1,4,1,13,1,4,3,1,1,1,2,1,0,1,1,2,18,1,0,0,2,1,1,0,2,1,1,2,2,0,0,1,1,2,3,0,1,1,1,4,0,4,1,1,2,2
2799,1,1,0,0,1,4,9,3,1,1,0,0,2,4,0,4,0,0,1,1,0,0,1,2,1,0,2,0,3,0,2,1,1,0,0,1,1,2,1,1,0,1,0,1,4,0,28,0,5,1,1,4,1,13,1,4,3,1,1,1,2,1,0,1,1,2,18,1,0,0,2,1,1,0,2,1,1,2,2,0,0,1,1,2,3,0,1,1,1,4,0,4,1,1,2,2
2800,1,1,0,0,1,4,9,3,1,1,0,0,2,4,0,4,0,0,1,1,0,0,1,2,1,0,2,0,2,0,2,1,1,0,0,1,1,2,1,1,0,1,0,1,4,0,27,0,5,1,1,4,1,13,1,4,3,1,1,1,2,1,0,1,1,2,18,1,0,0,2,1,1,0,2,1,1,2,2,0,0,1,1,2,3,0,1,1,1,4,0,4,1,1,2,2
2801,1,1,0,0,1,4,9,3,1,1,0,0,2,4,0,4,0,0,1,1,0,0,1,2,1,0,2,0,2,0,2,1,1,0,0,1,1,2,1,1,0,1,0,1,4,0,27,0,5,1,1,4,1,13,1,4,3,1,1,1,2,1,0,1,1,2,17,1,0,0,2,1,1,0,2,1,1,2,2,0,0,1,1,2,3,0,1,1,1,4,0,4,1,1,2,2
2802,1,1,0,0,1,4,9,3,1,1,0,0,2,4,0,4,0,0,1,1,0,0,0,2,1,0,2,0,2,0,2,1,1,0,0,1,1,2,1,1,0,1,0,1,4,0,27,0,5,1,1,4,1,13,1,4,3,1,1,1,2,1,0,1,1,2,17,1,0,0,2,1,1,0,2,1,1,2,2,0,0,1,1,2,3,0,1,1,1,4,0,4,1,1,2,2
2803,1,1,0,0,1,4,9,3,1,1,0,0,2,4,0,4,0,0,1,1,0,0,0,2,1,0,2,0,2,0,2,1,1,0,0,1,1,2,1,1,0,1,0,1,4,0,27,0,5,1,1,4,1,12,1,4,3,1,1,1,2,1,0,1,1,2,17,1,0,0,2,1,1,0,2,1,1,2,2,0,0,1,1,2,3,0,1,1,1,4,0,4,1,1,2,2
2804,1,1,0,0,1,4,9,3,1,1,0,0,2,4,0,4,0,0,1,1,0,0,0,2,1,0,2,0,2,0,2,1,1,0,0,1,1,2,1,1,0,1,0,1,4,0,27,0,5,1,1,4,1,12,1,4,3,1,1,1,2,1,0,1,1,2,17,1,0,0,2,1,1,0,2,1,1,2,2,0,0,1,1,2,3,0,1,1,1,4,0,4,1,1,2,1
2805,1,1,0,0,1,4,9,3,1,1,0,0,2,4,0,4,0,0,1,1,0,0,0,2,1,0,2,0,2,0,2,1,1,0,0,1,1,2,1,1,0,1,0,1,4,0,27,0,5,1,1,4,1,12,1,4,3,0,1,1,2,1,0,1,1,2,17,1,0,0,2,1,1,0,2,1,1,2,2,0,0,1,1,2,3,0,1,1,1,4,0,4,1,1,2,1
2806,1,1,0,0,1,4,9,3,1,1,0,0,2,4,0,4,0,0,1,1,0,0,0,2,1,0,2,0,2,0,2,1,1,0,0,1,1,2,1,1,0,1,0,1,4,0,27,0,5,1,1,4,1,12,1,4,3,0,1,1,2,1,0,1,1,2,17,1,0,0,2,1,1,0,2,1,1,2,2,0,0,1,1,2,3,0,1,1,1,4,0,4,1,1,2,1
2807,1,1,0,0,1,4,9,3,1,1,0,0,2,4,0,4,0,0,1,1,0,0,0,2,1,0,2,0,2,0,2,1,1,0,0,1,1,2,1,1,0,1,0,1,4,0,27,0,5,1,1,4,0,12,1,4,3,0,1,1,2,1,0,1,1,2,17,1,0,0,2,1,1,0,2,1,1,2,2,0,0,1,1,2,3,0,1,1,1,4,0,4,1,1,2,1
2808,1,1,0,0,1,3,9,3,1,1,0,0,2,4,0,4,0,0,1,1,0,0,0,2,1,0,2,0,2,0,2,1,1,0,0,1,1,2,1,1,0,1,0,1,4,0,27,0,5,1,1,4,0,12,1,4,3,0,1,1,2,1,0,1,1,2,17,1,0,0,2,1,1,0,2,1,1,2,2,0,0,1,1,2,3,0,1,1,1,4,0,4,1,1,2,1
2809,1,1,0,0,1,3,9,3,1,1,0,0,2,4,0,4,0,0,1,1,0,0,0,2,1,0,2,0,2,0,2,1,1,0,0,1,1,2,1,1,0,1,0,1,4,0,27,0,5,1,1,4,0,12,1,4,3,0,1,1,2,1,0,1,1,2,17,1,0,0,2,1,1,0,2,1,1,2,2,0,0,1,1,2,3,0,1,1,1,4,0,4,1,1,2,1
2810,1,1,0,0,1,3,9,3,1,1,0,0,2,4,0,4,0,0,1,1,0,0,0,2,1,0,2,0,2,0,2,1,1,0,0,1,1,2,1,1,0,1,0,1,4,0,27,0,4,1,1,4,0,12,1,4,3,0,1,1,2,1,0,1,1,2,17,1,0,0,2,1,1,0,2,1,1,2,2,0,0,1,1,2,3,0,1,1,1,4,0,4,1,1,2,1
2811,1,1,0,0,1,3,9,3,1,1,0,0,2,4,0,4,0,0,1,1,0,0,0,2,1,0,2,0,2,0,2,1,1,0,0,1,1,2,1,1,0,1,0,1,4,0,27,0,4,1,1,4,0,12,1,4,3,0,1,1,2,1,0,1,1,2,17,1,0,0,2,1,1,0,2,1,1,2,2,0,0,1,1,2,3,0,1,1,1,4,0,4,1,1,2,1
2812,1,1,0,0,1,3,9,3,1,1,0,0,2,4,0,4,0,0,1,1,0,0,0,2,1,0,2,0,2,0,2,1,1,0,0,1,1,2,1,1,0,1,0,1,4,0,27,0,4,1,1,4,0,12,1,4,3,0,1,1,2,1,0,1,0,2,17,1,0,0,2,1,1,0,2,1,1,1,2,0,0,1,1,2,3,0,1,1,1,4,0,4,1,1,2,1
2813,1,1,0,0,1,3,8,3,1,1,0,0,2,4,0,4,0,0,1,1,0,0,0,2,1,0,2,0,2,0,2,1,1,0,0,1,1,2,1,1,0,1,0,1,4,0,27,0,4,1,1,4,0,11,1,4,2,0,1,1,2,1,0,1,0,2,17,1,0,0,1,1,1,0,2,1,1,1,2,0,0,1,1,1,3,0,1,1,1,4,0,4,1,1,2,1
2814,1,1,0,0,1,3,8,3,1,1,0,0,2,4,0,4,0,0,1,1,0,0,0,2,1,0,2,0,2,0,2,1,1,0,0,1,1,2,1,1,0,1,0,1,4,0,27,0,4,1,1,4,0,11,1,4,2,0,1,1,2,1,0,1,0,2,17,1,0,0,1,1,1,0,2,1,1,1,2,0,0,1,1,1,3,0,1,1,1,4,0,4,1,1,2,1
2815,1,1,0,0,1,3,8,3,1,1,0,0,2,4,0,4,0,0,1,1,0,0,0,2,1,0,2,0,2,0,2,1,1,0,0,1,1,2,1,1,0,1,0,1,4,0,27,0,4,1,1,4,0,11,1,4,2,0,1,1,2,1,0,1,0,2,17,1,0,0,1,1,1,0,2,1,1,1,2,0,0,1,1,1,3,0,1,1,1,4,0,4,1,1,2,1
2816,1,1,0,0,1,3,7,3,1,1,0,0,2,4,0,4,0,0,1,1,0,0,0,2,1,0,2,0,2,0,2,1,1,0,0,1,1,2,1,1,0,1,0,1,4,0,27,0,4,1,1,4,0,11,1,4,2,0,1,1,2,1,0,1,0,2,17,1,0,0,1,1,1,0,2,1,1,1,2,0,0,1,1,1,3,0,1,1,1,4,0,4,1,1,2,1
2817,1,1,0,0,1,2,6,3,1,1,0,0,2,4,0,4,0,0,1,1,0,0,0,2,1,0,2,0,2,0,2,1,1,0,0,1,1,2,1,1,0,1,0,1,4,0,27,0,4,1,1,4,0,11,1,4,2,0,1,1,2,1,0,1,0,2,17,1,0,0,1,1,1,0,2,1,1,1,2,0,0,1,1,1,3,0,1,1,1,4,0,4,1,1,2,1
2818,1,1,0,0,1,2,6,3,1,1,0,0,2,4,0,4,0,0,1,1,0,0,0,2,1,0,2,0,2,0,2,1,1,0,0,1,1,2,1,1,0,1,0,1,4,0,27,0,4,1,1,4,0,11,1,4,1,0,1,1,2,1,0,1,0,2,17,1,0,0,1,1,1,0,2,1,1,1,2,0,0,1,1,1,3,0,1,1,1,4,0,2,1,1,2,1
2819,1,1,0,0,1,2,6,3,1,1,0,0,2,4,0,4,0,0,1,1,0,0,0,2,1,0,2,0,2,0,2,1,1,0,0,1,1,2,1,1,0,1,0,1,4,0,27,0,4,1,1,4,0,11,1,4,1,0,1,1,2,1,0,1,0,2,17,1,0,0,1,1,1,0,2,1,1,1,2,0,0,1,1,1,3,0,1,1,1,4,0,2,1,1,2,1
2820,1,1,0,0,1,2,6,3,1,1,0,0,2,4,0,4,0,0,1,1,0,0,0,2,1,0,2,0,2,0,2,1,1,0,0,1,1,2,1,1,0,1,0,1,4,0,26,0,4,1,1,4,0,11,1,4,1,0,1,1,2,1,0,1,0,2,17,1,0,0,1,1,1,0,2,1,1,1,2,0,0,1,1,1,3,0,1,1,1,4,0,2,1,1,2,1
2821,1,1,0,0,1,2,6,3,1,1,0,0,2,4,0,4,0,0,1,1,0,0,0,2,1,0,2,0,2,0,2,1,1,0,0,1,1,2,1,1,0,1,0,1,4,0,26,0,4,1,1,4,0,9,1,4,1,0,1,1,2,1,0,1,0,2,17,1,0,0,1,1,1,0,2,1,1,1,2,0,0,1,1,1,3,0,1,1,1,4,0,2,1,1,1,1
2822,1,1,0,0,1,2,6,3,1,1,0,0,2,4,0,4,0,0,1,1,0,0,0,2,1,0,2,0,2,0,2,1,1,0,0,1,1,2,1,1,0,0,0,1,4,0,26,0,4,1,1,4,0,8,1,4,1,0,1,1,2,1,0,1,0,2,17,1,0,0,1,1,1,0,2,1,1,1,2,0,0,1,1,1,3,0,1,1,1,4,0,1,1,1,1,1
2823,1,1,0,0,1,2,6,3,1,1,0,0,2,4,0,4,0,0,1,1,0,0,0,2,1,0,2,0,2,0,2,1,1,0,0,1,1,2,1,1,0,0,0,1,4,0,26,0,4,1,1,4,0,8,1,4,1,0,1,1,2,1,0,1,0,2,16,1,0,0,1,1,1,0,2,1,1,1,2,0,0,1,1,1,3,0,1,1,1,4,0,1,1,1,1,1
2824,1,1,0,0,1,2,6,3,1,1,0,0,2,4,0,4,0,0,1,1,0,0,0,2,1,0,2,0,2,0,2,1,1,0,0,1,1,2,1,1,0,0,0,1,4,0,26,0,3,1,1,4,0,8,1,4,1,0,1,1,2,1,0,1,0,2,15,1,0,0,1,1,1,0,2,1,1,1,2,0,0,1,1,1,3,0,1,1,1,4,0,1,1,1,1,1
2825,1,1,0,0,1,2,6,3,1,1,0,0,2,4,0,4,0,0,1,1,0,0,0,2,1,0,2,0,2,0,2,1,1,0,0,1,1,2,1,1,0,0,0,1,4,0,26,0,3,1,1,4,0,8,1,4,1,0,1,1,2,1,0,1,0,2,15,1,0,0,1,1,1,0,2,1,1,0,2,0,0,1,1,1,3,0,1,1,1,4,0,1,1,1,1,1
2826,1,1,0,0,1,2,6,3,1,1,0,0,2,4,0,4,0,0,1,1,0,0,0,2,1,0,2,0,2,0,2,1,1,0,0,1,1,2,1,1,0,0,0,1,4,0,25,0,3,1,1,4,0,8,1,4,1,0,1,1,2,1,0,1,0,2,15,1,0,0,1,1,1,0,2,1,1,0,2,0,0,1,1,1,3,0,1,1,1,4,0,1,1,1,0,1
2827,1,1,0,0,1,2,6,3,1,1,0,0,2,4,0,4,0,0,1,1,0,0,0,2,1,0,2,0,2,0,2,1,1,0,0,1,1,2,1,1,0,0,0,1,4,0,25,0,3,1,1,4,0,8,1,4,1,0,1,1,2,1,0,1,0,2,15,1,0,0,1,1,1,0,2,1,1,0,2,0,0,1,1,1,3,0,1,1,1,4,0,1,1,1,0,1
2828,1,1,0,0,1,2,6,3,1,1,0,0,2,4,0,4,0,0,1,1,0,0,0,2,1,0,2,0,2,0,2,1,1,0,0,1,1,2,1,1,0,0,0,1,4,0,25,0,3,1,1,4,0,8,1,4,1,0,1,1,2,1,0,1,0,2,15,1,0,0,1,1,1,0,2,1,1,0,2,0,0,1,1,1,3,0,1,1,1,4,0,1,1,1,0,1
2829,1,1,0,0,1,2,6,3,1,1,0,0,2,4,0,4,0,0,1,1,0,0,0,2,1,0,2,0,2,0,2,1,1,0,0,1,1,2,1,1,0,0,0,1,4,0,25,0,3,1,1,4,0,8,1,4,1,0,1,1,2,1,0,1,0,2,15,1,0,0,1,1,1,0,2,1,1,0,2,0,0,1,1,1,3,0,1,1,1,4,0,1,1,1,0,1
2830,1,1,0,0,1,2,6,3,1,1,0,0,2,4,0,4,0,0,1,1,0,0,0,2,1,0,2,0,2,0,2,1,1,0,0,1,1,2,1,1,0,0,0,1,4,0,25,0,3,1,1,4,0,8,1,4,1,0,1,1,2,1,0,1,0,2,15,1,0,0,1,1,1,0,2,1,1,0,2,0,0,1,1,1,3,0,1,1,1,4,0,1,1,1,0,1
2831,1,1,0,0,1,2,6,3,1,1,0,0,2,4,0,4,0,0,1,1,0,0,0,2,1,0,2,0,2,0,2,1,1,0,0,1,1,2,1,1,0,0,0,1,4,0,25,0,2,1,1,4,0,8,1,4,1,0,1,1,2,1,0,1,0,2,14,1,0,0,1,1,1,0,2,1,1,0,2,0,0,1,1,1,3,0,1,1,1,4,0,1,1,1,0,1
2832,1,1,0,0,1,2,6,3,1,1,0,0,2,4,0,4,0,0,1,1,0,0,0,2,1,0,2,0,2,0,2,1,1,0,0,1,1,2,1,1,0,0,0,1,4,0,25,0,2,1,1,4,0,8,1,4,1,0,1,1,2,1,0,1,0,2,14,1,0,0,1,1,1,0,2,1,1,0,2,0,0,1,1,1,3,0,1,1,1,4,0,1,1,1,0,1
2833,1,1,0,0,1,2,6,3,0,1,0,0,2,4,0,4,0,0,1,1,0,0,0,2,1,0,2,0,2,0,2,1,1,0,0,1,1,2,1,1,0,0,0,1,4,0,25,0,2,1,1,4,0,8,1,4,1,0,1,1,1,1,0,1,0,2,14,1,0,0,1,1,1,0,2,1,1,0,2,0,0,1,1,1,3,0,1,1,1,4,0,1,1,1,0,1
2834,1,1,0,0,1,2,6,3,0,1,0,0,2,4,0,4,0,0,1,1,0,0,0,2,1,0,2,0,2,0,2,1,1,0,0,1,1,2,1,1,0,0,0,1,4,0,25,0,2,1,1,4,0,8,1,4,1,0,1,1,1,1,0,1,0,2,14,1,0,0,1,1,1,0,2,1,1,0,2,0,0,1,1,1,3,0,1,1,1,4,0,1,1,1,0,1
2835,1,1,0,0,1,2,6,3,0,1,0,0,2,4,0,4,0,0,1,1,0,0,0,2,1,0,2,0,2,0,2,1,1,0,0,1,0,1,1,1,0,0,0,1,4,0,25,0,2,1,1,4,0,8,1,4,1,0,1,1,1,1,0,1,0,2,14,1,0,0,1,1,1,0,2,1,1,0,2,0,0,1,1,1,3,0,1,1,1,4,0,1,1,1,0,1
2836,1,1,0,0,1,2,6,3,0,1,0,0,2,4,0,4,0,0,1,1,0,0,0,2,1,0,2,0,1,0,2,1,1,0,0,1,0,1,1,1,0,0,0,1,3,0,25,0,2,1,1,4,0,8,1,4,1,0,1,1,1,1,0,1,0,2,14,1,0,0,1,1,1,0,2,1,1,0,2,0,0,1,1,1,3,0,1,1,1,4,0,1,1,1,0,1
2837,1,1,0,0,1,2,6,3,0,1,0,0,2,4,0,4,0,0,1,1,0,0,0,2,1,0,2,0,1,0,2,1,1,0,0,1,0,1,1,1,0,0,0,1,3,0,25,0,2,1,1,4,0,8,1,4,1,0,1,1,1,1,0,1,0,2,14,1,0,0,1,1,1,0,2,1,1,0,2,0,0,1,1,1,3,0,1,1,1,4,0,1,1,1,0,1
2838,1,1,0,0,1,1,6,3,0,1,0,0,2,4,0,3,0,0,1,1,0,0,0,2,1,0,2,0,1,0,2,1,1,0,0,1,0,1,1,1,0,0,0,1,2,0,25,0,2,1,1,4,0,8,1,4,1,0,1,1,1,1,0,1,0,2,14,1,0,0,1,1,1,0,2,1,1,0,2,0,0,1,1,1,3,0,1,1,1,4,0,1,1,1,0,1
2839,1,1,0,0,1,1,6,3,0,1,0,0,2,4,0,3,0,0,1,1,0,0,0,2,1,0,2,0,1,0,2,1,1,0,0,1,0,1,1,1,0,0,0,1,2,0,25,0,2,1,1,4,0,8,1,4,1,0,1,1,1,1,0,1,0,2,14,0,0,0,1,1,1,0,2,1,1,0,2,0,0,1,1,1,3,0,1,1,1,4,0,1,1,1,0,1
2840,1,1,0,0,1,1,6,3,0,1,0,0,2,4,0,3,0,0,1,1,0,0,0,2,1,0,2,0,1,0,2,1,1,0,0,1,0,1,0,1,0,0,0,1,2,0,25,0,2,1,1,4,0,8,1,4,1,0,1,1,1,1,0,1,0,2,14,0,0,0,1,1,1,0,2,1,1,0,2,0,0,1,1,1,3,0,1,1,1,4,0,1,1,1,0,1
2841,1,1,0,0,1,1,6,3,0,1,0,0,2,4,0,3,0,0,1,1,0,0,0,2,1,0,2,0,1,0,2,1,1,0,0,1,0,1,0,1,0,0,0,1,2,0,25,0,2,1,1,4,0,8,1,4,1,0,1,1,1,1,0,1,0,2,14,0,0,0,1,1,1,0,2,1,1,0,2,0,0,1,1,1,3,0,1,1,1,4,0,1,1,1,0,1
2842,1,1,0,0,1,1,6,3,0,1,0,0,2,4,0,3,0,0,1,1,0,0,0,2,1,0,2,0,1,0,2,1,1,0,0,1,0,1,0,0,0,0,0,1,2,0,25,0,2,1,1,4,0,8,1,4,1,0,1,1,1,1,0,1,0,2,14,0,0,0,1,1,1,0,2,1,1,0,2,0,0,1,1,1,3,0,0,1,1,4,0,1,1,1,0,1
2843,1,1,0,0,1,1,6,3,0,1,0,0,2,4,0,3,0,0,1,1,0,0,0,2,1,0,2,0,1,0,2,1,1,0,0,1,0,1,0,0,0,0,0,1,2,0,25,0,2,1,1,4,0,8,1,4,1,0,1,1,1,1,0,1,0,2,14,0,0,0,1,1,1,0,2,1,1,0,2,0,0,1,1,1,3,0,0,1,1,4,0,1,1,1,0,1
2844,1,1,0,0,1,1,6,3,0,1,0,0,2,4,0,3,0,0,1,1,0,0,0,2,1,0,2,0,1,0,2,1,1,0,0,1,0,1,0,0,0,0,0,1,2,0,25,0,2,1,1,4,0,8,1,4,1,0,1,1,1,1,0,1,0,2,14,0,0,0,1,1,1,0,2,1,1,0,2,0,0,1,1,1,3,0,0,1,1,4,0,1,1,1,0,1
2845,1,1,0,0,1,1,6,3,0,1,0,0,2,4,0,3,0,0,1,1,0,0,0,2,1,0,2,0,1,0,2,1,1,0,0,1,0,1,0,0,0,0,0,1,2,0,25,0,2,1,1,4,0,8,1,4,1,0,1,1,1,1,0,1,0,2,14,0,0,0,1,1,1,0,2,1,1,0,2,0,0,1,1,1,3,0,0,1,1,4,0,1,1,1,0,1
2846,1,1,0,0,1,1,6,3,0,1,0,0,2,4,0,3,0,0,1,1,0,0,0,2,1,0,2,0,1,0,2,1,1,0,0,1,0,1,0,0,0,0,0,1,2,0,25,0,2,1,1,4,0,8,1,4,1,0,1,1,1,1,0,1,0,2,14,0,0,0,1,1,1,0,2,1,0,0,2,0,0,1,1,1,3,0,0,1,1,4,0,1,1,1,0,1
2847,1,1,0,0,1,1,6,3,0,1,0,0,2,4,0,3,0,0,1,1,0,0,0,2,1,0,2,0,1,0,2,1,1,0,0,1,0,1,0,0,0,0,0,1,2,0,25,0,2,1,1,4,0,8,1,4,1,0,1,1,1,1,0,1,0,2,14,0,0,0,1,1,1,0,2,1,0,0,2,0,0,1,1,1,3,0,0,1,1,4,0,1,1,1,0,1
2848,1,1,0,0,1,1,6,3,0,1,0,0,2,4,0,3,0,0,1,1,0,0,0,2,1,0,2,0,1,0,2,1,1,0,0,1,0,1,0,0,0,0,0,1,2,0,25,0,2,1,1,4,0,8,1,4,1,0,1,1,1,1,0,1,0,2,14,0,0,0,1,1,1,0,2,1,0,0,2,0,0,1,1,1,3,0,0,1,1,4,0,1,1,1,0,1
2849,1,1,0,0,1,1,6,3,0,1,0,0,2,4,0,3,0,0,1,1,0,0,0,2,1,0,2,0,1,0,2,1,1,0,0,1,0,1,0,0,0,0,0,1,2,0,25,0,2,1,1,4,0,8,1,4,1,0,1,1,1,1,0,1,0,2,14,0,0,0,1,1,1,0,2,1,0,0,2,0,0,1,1,1,3,0,0,1,1,4,0,1,1,1,0,1
2850,1,1,0,0,1,1,6,3,0,1,0,0,2,4,0,3,0,0,1,1,0,0,0,2,1,0,2,0,1,0,2,1,1,0,0,1,0,1,0,0,0,0,0,1,2,0,25,0,2,1,1,4,0,8,1,4,1,0,1,1,1,1,0,1,0,2,14,0,0,0,1,1,1,0,2,1,0,0,2,0,0,1,1,1,3,0,0,1,1,4,0,1,0,1,0,1
2851,1,1,0,0,1,1,6,3,0,1,0,0,2,4,0,3,0,0,1,1,0,0,0,2,1,0,2,0,1,0,2,1,1,0,0,1,0,1,0,0,0,0,0,1,2,0,25,0,2,1,1,4,0,7,1,4,1,0,1,1,1,1,0,1,0,2,13,0,0,0,1,1,1,0,2,1,0,0,2,0,0,1,1,1,3,0,0,1,1,4,0,1,0,1,0,1
2852,1,1,0,0,1,1,6,3,0,1,0,0,2,4,0,3,0,0,1,1,0,0,0,2,1,0,2,0,1,0,2,1,1,0,0,1,0,1,0,0,0,0,0,1,2,0,25,0,2,1,1,4,0,7,1,4,1,0,1,1,1,1,0,1,0,2,13,0,0,0,1,1,1,0,2,1,0,0,2,0,0,1,1,1,3,0,0,1,1,4,0,1,0,1,0,1
2853,1,1,0,0,1,1,6,3,0,1,0,0,2,4,0,3,0,0,1,1,0,0,0,2,1,0,2,0,1,0,2,1,1,0,0,1,0,1,0,0,0,0,0,1,2,0,25,0,2,1,0,4,0,7,1,4,1,0,1,1,1,1,0,1,0,2,12,0,0,0,1,1,1,0,2,1,0,0,2,0,0,1,1,1,3,0,0,1,1,4,0,1,0,1,0,1
2854,1,1,0,0,1,1,6,3,0,1,0,0,2,4,0,3,0,0,1,1,0,0,0,2,1,0,2,0,1,0,2,1,1,0,0,1,0,1,0,0,0,0,0,1,2,0,25,0,2,1,0,4,0,7,1,4,1,0,1,1,1,1,0,1,0,2,12,0,0,0,1,1,1,0,2,1,0,0,2,0,0,1,1,1,3,0,0,1,1,4,0,1,0,1,0,1
2855,1,1,0,0,1,1,6,3,0,1,0,0,2,4,0,3,0,0,1,1,0,0,0,2,1,0,2,0,1,0,2,1,1,0,0,1,0,1,0,0,0,0,0,1,2,0,25,0,2,1,0,4,0,6,1,4,1,0,1,1,1,1,0,1,0,2,11,0,0,0,1,1,1,0,2,1,0,0,2,0,0,1,1,1,3,0,0,1,1,4,0,1,0,1,0,1
2856,1,1,0,0,1,1,6,3,0,1,0,0,2,4,0,3,0,0,1,1,0,0,0,2,1,0,2,0,1,0,2,1,1,0,0,1,0,1,0,0,0,0,0,1,2,0,24,0,2,1,0,4,0,6,1,4,1,0,1,1,1,1,0,1,0,2,11,0,0,0,1,1,1,0,2,1,0,0,2,0,0,1,1,1,3,0,0,1,1,4,0,1,0,1,0,1
2857,1,1,0,0,1,1,5,3,0,1,0,0,2,4,0,3,0,0,1,1,0,0,0,2,1,0,2,0,1,0,2,1,1,0,0,1,0,1,0,0,0,0,0,1,2,0,23,0,2,1,0,4,0,6,1,4,1,0,1,1,1,1,0,1,0,2,11,0,0,0,1,1,1,0,2,1,0,0,2,0,0,1,1,1,3,0,0,1,1,4,0,1,0,1,0,1
2858,1,1,0,0,1,0,5,3,0,1,0,0,1,4,0,3,0,0,1,1,0,0,0,2,1,0,2,0,1,0,2,1,1,0,0,1,0,1,0,0,0,0,0,1,2,0,23,0,2,1,0,4,0,6,1,4,1,0,1,1,1,1,0,1,0,2,11,0,0,0,1,1,1,0,2,1,0,0,2,0,0,1,1,1,3,0,0,1,1,4,0,1,0,1,0,1
2859,1,1,0,0,1,0,4,3,0,1,0,0,0,4,0,3,0,0,1,1,0,0,0,2,1,0,2,0,1,0,2,1,1,0,0,1,0,1,0,0,0,0,0,1,2,0,23,0,2,1,0,4,0,6,1,4,1,0,1,1,1,1,0,1,0,2,11,0,0,0,1,1,1,0,2,1,0,0,2,0,0,1,1,1,2,0,0,1,1,4,0,1,0,1,0,1
2860,1,1,0,0,1,0,4,3,0,1,0,0,0,4,0,3,0,0,1,1,0,0,0,2,1,0,2,0,1,0,2,1,1,0,0,1,0,1,0,0,0,0,0,1,2,0,22,0,2,1,0,4,0,6,1,3,1,0,1,1,1,1,0,1,0,2,11,0,0,0,1,1,1,0,2,1,0,0,2,0,0,1,1,1,2,0,0,1,1,4,0,1,0,1,0,1
2861,1,1,0,0,1,0,4,3,0,1,0,0,0,4,0,3,0,0,1,1,0,0,0,2,1,0,2,0,1,0,2,1,1,0,0,1,0,1,0,0,0,0,0,1,2,0,22,0,2,1,0,4,0,6,1,3,1,0,1,1,1,1,0,1,0,2,11,0,0,0,1,1,1,0,2,1,0,0,2,0,0,1,1,1,2,0,0,1,1,4,0,1,0,1,0,1
2862,1,1,0,0,1,0,4,3,0,1,0,0,0,4,0,3,0,0,1,1,0,0,0,2,1,0,2,0,1,0,2,1,1,0,0,1,0,1,0,0,0,0,0,1,2,0,22,0,2,1,0,4,0,6,1,3,1,0,1,1,1,1,0,1,0,2,11,0,0,0,1,1,1,0,2,1,0,0,2,0,0,1,1,1,2,0,0,1,1,4,0,1,0,1,0,1
2863,1,1,0,0,1,0,4,3,0,1,0,0,0,4,0,3,0,0,1,1,0,0,0,2,1,0,2,0,1,0,2,1,1,0,0,1,0,1,0,0,0,0,0,1,2,0,22,0,2,0,0,4,0,6,1,3,1,0,1,1,1,1,0,1,0,2,11,0,0,0,1,1,1,0,2,1,0,0,2,0,0,1,1,1,2,0,0,1,1,4,0,1,0,1,0,1
2864,1,1,0,0,1,0,4,3,0,1,0,0,0,4,0,3,0,0,1,1,0,0,0,2,1,0,1,0,1,0,2,1,1,0,0,1,0,1,0,0,0,0,0,1,2,0,22,0,2,0,0,3,0,6,1,3,1,0,1,1,1,1,0,1,0,2,11,0,0,0,1,1,1,0,2,1,0,0,2,0,0,1,1,1,2,0,0,1,1,4,0,1,0,1,0,1
2865,1,1,0,0,1,0,4,3,0,1,0,0,0,4,0,3,0,0,1,1,0,0,0,2,1,0,1,0,1,0,2,1,1,0,0,1,0,1,0,0,0,0,0,1,2,0,22,0,2,0,0,3,0,6,1,3,1,0,1,1,1,1,0,1,0,2,11,0,0,0,1,0,1,0,2,1,0,0,2,0,0,1,1,1,2,0,0,1,1,4,0,1,0,1,0,1
2866,1,1,0,0,1,0,4,3,0,1,0,0,0,4,0,3,0,0,1,1,0,0,0,2,1,0,1,0,1,0,2,1,1,0,0,1,0,1,0,0,0,0,0,1,2,0,22,0,2,0,0,3,0,6,1,3,1,0,1,1,1,1,0,1,0,2,11,0,0,0,1,0,1,0,2,1,0,0,2,0,0,1,1,1,2,0,0,1,1,4,0,1,0,1,0,1
2867,1,1,0,0,1,0,3,3,0,1,0,0,0,4,0,3,0,0,1,1,0,0,0,2,1,0,0,0,1,0,2,1,1,0,0,1,0,1,0,0,0,0,0,1,2,0,22,0,2,0,0,3,0,6,1,3,1,0,1,1,1,1,0,1,0,2,10,0,0,0,1,0,1,0,2,1,0,0,2,0,0,1,1,1,2,0,0,1,1,4,0,1,0,1,0,1
2868,1,1,0,0,1,0,3,3,0,1,0,0,0,4,0,3,0,0,1,1,0,0,0,2,1,0,0,0,1,0,2,1,1,0,0,1,0,1,0,0,0,0,0,1,2,0,22,0,2,0,0,3,0,6,1,3,1,0,1,1,1,1,0,1,0,2,10,0,0,0,1,0,1,0,2,1,0,0,2,0,0,1,1,1,2,0,0,1,1,4,0,1,0,1,0,1
2869,1,1,0,0,1,0,3,3,0,1,0,0,0,4,0,2,0,0,1,1,0,0,0,2,1,0,0,0,1,0,2,1,1,0,0,1,0,1,0,0,0,0,0,1,2,0,22,0,2,0,0,3,0,6,1,3,1,0,1,1,1,1,0,1,0,2,10,0,0,0,1,0,1,0,2,1,0,0,2,0,0,1,1,1,2,0,0,1,1,4,0,1,0,1,0,1
2870,1,1,0,0,1,0,3,3,0,1,0,0,0,4,0,2,0,0,1,1,0,0,0,2,1,0,0,0,1,0,2,1,1,0,0,1,0,1,0,0,0,0,0,1,2,0,22,0,2,0,0,3,0,6,1,3,1,0,1,1,1,1,0,1,0,2,10,0,0,0,1,0,1,0,2,1,0,0,2,0,0,1,1,1,2,0,0,1,1,4,0,1,0,1,0,1
2871,1,1,0,0,1,0,3,3,0,1,0,0,0,3,0,2,0,0,1,1,0,0,0,2,1,0,0,0,1,0,2,1,1,0,0,1,0,1,0,0,0,0,0,1,2,0,22,0,2,0,0,3,0,6,1,3,1,0,1,1,1,1,0,1,0,2,10,0,0,0,1,0,1,0,2,1,0,0,2,0,0,1,1,1,2,0,0,1,1,4,0,1,0,1,0,1
2872,1,1,0,0,1,0,3,3,0,1,0,0,0,3,0,2,0,0,1,1,0,0,0,2,1,0,0,0,1,0,2,1,1,0,0,1,0,1,0,0,0,0,0,1,2,0,22,0,2,0,0,3,0,6,1,3,1,0,1,1,1,1,0,1,0,2,10,0,0,0,1,0,1,0,2,1,0,0,2,0,0,1,1,1,2,0,0,1,1,4,0,1,0,1,0,1
2873,1,1,0,0,1,0,3,3,0,1,0,0,0,3,0,2,0,0,1,1,0,0,0,2,1,0,0,0,1,0,2,1,1,0,0,1,0,1,0,0,0,0,0,1,2,0,22,0,2,0,0,3,0,6,1,3,1,0,1,1,1,1,0,1,0,2,10,0,0,0,1,0,1,0,2,1,0,0,1,0,0,1,1,1,2,0,0,1,1,4,0,1,0,1,0,1
2874,1,1,0,0,1,0,3,3,0,1,0,0,0,3,0,2,0,0,1,1,0,0,0,2,1,0,0,0,1,0,2,1,1,0,0,1,0,1,0,0,0,0,0,1,2,0,22,0,2,0,0,3,0,6,1,3,1,0,1,1,1,1,0,1,0,1,10,0,0,0,1,0,1,0,2,1,0,0,1,0,0,1,1,1,2,0,0,1,1,3,0,1,0,1,0,1
2875,1,1,0,0,1,0,3,3,0,1,0,0,0,3,0,2,0,0,1,1,0,0,0,2,1,0,0,0,1,0,2,0,1,0,0,1,0,1,0,0,0,0,0,1,2,0,22,0,2,0,0,3,0,6,1,3,1,0,1,1,1,1,0,1,0,1,10,0,0,0,1,0,1,0,2,1,0,0,1,0,0,1,1,1,2,0,0,1,1,3,0,1,0,1,0,1
2876,1,1,0,0,1,0,2,3,0,1,0,0,0,3,0,2,0,0,1,1,0,0,0,2,1,0,0,0,1,0,2,0,1,0,0,1,0,1,0,0,0,0,0,1,2,0,22,0,2,0,0,3,0,6,1,3,1,0,1,1,1,1,0,1,0,1,10,0,0,0,1,0,1,0,2,1,0,0,1,0,0,1,1,1,2,0,0,1,1,3,0,1,0,1,0,1
2877,1,1,0,0,1,0,2,3,0,1,0,0,0,2,0,2,0,0,1,1,0,0,0,2,1,0,0,0,1,0,2,0,1,0,0,1,0,1,0,0,0,0,0,1,2,0,22,0,2,0,0,3,0,6,1,3,1,0,1,1,1,1,0,1,0,1,10,0,0,0,1,0,1,0,2,1,0,0,1,0,0,1,1,1,2,0,0,1,1,3,0,1,0,1,0,1
2878,1,1,0,0,1,0,2,3,0,1,0,0,0,2,0,2,0,0,1,1,0,0,0,2,1,0,0,0,1,0,2,0,1,0,0,1,0,1,0,0,0,0,0,1,2,0,22,0,2,0,0,2,0,6,1,3,1,0,1,1,1,1,0,1,0,1,10,0,0,0,1,0,1,0,2,1,0,0,1,0,0,1,1,1,2,0,0,1,1,3,0,1,0,1,0,1
2879,1,1,0,0,1,0,2,3,0,1,0,0,0,2,0,2,0,0,1,1,0,0,0,2,1,0,0,0,1,0,2,0,1,0,0,1,0,1,0,0,0,0,0,1,2,0,22,0,2,0,0,2,0,6,1,3,1,0,1,1,1,1,0,1,0,1,10,0,0,0,1,0,1,0,2,1,0,0,1,0,0,1,1,1,2,0,0,1,1,2,0,1,0,1,0,1
2880,1,1,0,0,1,0,2,3,0,1,0,0,0,2,0,2,0,0,1,1,0,0,0,2,1,0,0,0,1,0,2,0,1,0,0,1,0,1,0,0,0,0,0,1,2,0,22,0,2,0,0,2,0,6,1,3,1,0,1,1,1,1,0,1,0,1,10,0,0,0,1,0,1,0,2,1,0,0,1,0,0,1,1,1,2,0,0,1,1,2,0,1,0,0,0,1
2881,1,1,0,0,1,0,2,3,0,1,0,0,0,2,0,2,0,0,1,1,0,0,0,2,1,0,0,0,1,0,2,0,1,0,0,1,0,1,0,0,0,0,0,1,2,0,22,0,2,0,0,2,0,6,1,3,1,0,1,1,1,1,0,1,0,1,10,0,0,0,1,0,1,0,2,1,0,0,1,0,0,1,1,1,2,0,0,1,1,2,0,1,0,0,0,1
2882,1,1,0,0,1,0,2,3,0,1,0,0,0,2,0,2,0,0,1,1,0,0,0,2,1,0,0,0,1,0,2,0,1,0,0,1,0,1,0,0,0,0,0,1,2,0,22,0,2,0,0,2,0,6,1,3,1,0,1,1,1,1,0,1,0,1,10,0,0,0,1,0,1,0,2,1,0,0,1,0,0,1,1,1,2,0,0,1,1,2,0,1,0,0,0,1
2883,1,1,0,0,1,0,2,3,0,1,0,0,0,2,0,2,0,0,1,1,0,0,0,2,1,0,0,0,1,0,2,0,1,0,0,1,0,1,0,0,0,0,0,1,2,0,22,0,2,0,0,2,0,6,1,3,1,0,1,1,1,1,0,1,0,1,10,0,0,0,1,0,1,0,2,1,0,0,1,0,0,1,1,1,2,0,0,1,1,2,0,1,0,0,0,1
2884,1,1,0,0,1,0,2,3,0,1,0,0,0,2,0,2,0,0,1,1,0,0,0,2,1,0,0,0,1,0,2,0,1,0,0,1,0,1,0,0,0,0,0,1,2,0,22,0,2,0,0,2,0,6,1,3,1,0,1,1,1,1,0,1,0,1,10,0,0,0,1,0,1,0,2,1,0,0,1,0,0,1,1,1,2,0,0,1,1,2,0,1,0,0,0,1
2885,1,1,0,0,1,0,2,3,0,1,0,0,0,2,0,2,0,0,1,1,0,0,0,2,1,0,0,0,1,0,2,0,1,0,0,1,0,1,0,0,0,0,0,1,2,0,21,0,2,0,0,2,0,6,1,3,1,0,1,1,1,1,0,1,0,1,10,0,0,0,1,0,1,0,2,1,0,0,1,0,0,1,1,1,2,0,0,1,1,2,0,1,0,0,0,1
2886,1,1,0,0,1,0,2,3,0,1,0,0,0,2,0,2,0,0,1,1,0,0,0,2,1,0,0,0,1,0,2,0,1,0,0,1,0,1,0,0,0,0,0,1,2,0,19,0,2,0,0,2,0,6,1,3,1,0,1,1,1,1,0,1,0,1,10,0,0,0,1,0,1,0,2,1,0,0,1,0,0,1,1,1,2,0,0,1,1,2,0,1,0,0,0,1
2887,1,1,0,0,1,0,2,3,0,0,0,0,0,2,0,2,0,0,1,1,0,0,0,2,1,0,0,0,1,0,2,0,1,0,0,1,0,1,0,0,0,0,0,1,2,0,19,0,2,0,0,2,0,6,1,3,1,0,1,1,1,1,0,1,0,1,10,0,0,0,0,0,1,0,2,1,0,0,1,0,0,1,1,1,2,0,0,1,1,2,0,1,0,0,0,1
2888,1,1,0,0,1,0,2,3,0,0,0,0,0,2,0,2,0,0,1,1,0,0,0,2,1,0,0,0,1,0,2,0,1,0,0,1,0,1,0,0,0,0,0,1,2,0,19,0,2,0,0,2,0,6,1,3,1,0,1,1,1,1,0,1,0,1,10,0,0,0,0,0,1,0,2,1,0,0,1,0,0,1,1,0,2,0,0,1,1,2,0,1,0,0,0,1
2889,1,1,0,0,1,0,2,3,0,0,0,0,0,2,0,2,0,0,1,1,0,0,0,2,1,0,0,0,1,0,2,0,1,0,0,1,0,1,0,0,0,0,0,1,1,0,19,0,2,0,0,2,0,6,1,3,1,0,1,1,1,1,0,1,0,1,10,0,0,0,0,0,1,0,2,1,0,0,1,0,0,1,1,0,2,0,0,1,1,2,0,1,0,0,0,1
2890,1,1,0,0,1,0,2,3,0,0,0,0,0,2,0,2,0,0,1,1,0,0,0,2,1,0,0,0,1,0,2,0,1,0,0,1,0,1,0,0,0,0,0,1,1,0,18,0,2,0,0,2,0,6,1,3,1,0,1,1,1,1,0,1,0,1,10,0,0,0,0,0,1,0,2,1,0,0,1,0,0,1,1,0,2,0,0,1,1,2,0,1,0,0,0,1
2891,1,1,0,0,1,0,2,3,0,0,0,0,0,2,0,2,0,0,1,1,0,0,0,2,1,0,0,0,1,0,2,0,1,0,0,1,0,1,0,0,0,0,0,1,1,0,18,0,2,0,0,2,0,6,1,3,1,0,1,1,1,1,0,1,0,1,10,0,0,0,0,0,1,0,2,1,0,0,1,0,0,1,1,0,2,0,0,1,1,2,0,1,0,0,0,1
2892,1,1,0,0,1,0,2,3,0,0,0,0,0,1,0,2,0,0,1,1,0,0,0,2,1,0,0,0,1,0,2,0,1,0,0,1,0,1,0,0,0,0,0,1,1,0,18,0,2,0,0,2,0,5,1,3,1,0,1,1,1,1,0,1,0,1,10,0,0,0,0,0,1,0,2,1,0,0,1,0,0,1,1,0,2,0,0,1,1,2,0,1,0,0,0,1
2893,1,1,0,0,1,0,2,3,0,0,0,0,0,1,0,2,0,0,1,1,0,0,0,2,1,0,0,0,1,0,2,0,1,0,0,1,0,1,0,0,0,0,0,1,1,0,18,0,2,0,0,2,0,5,1,3,1,0,1,1,1,1,0,1,0,1,10,0,0,0,0,0,1,0,2,1,0,0,1,0,0,1,1,0,1,0,0,1,1,2,0,1,0,0,0,1
2894,1,1,0,0,1,0,2,3,0,0,0,0,0,1,0,2,0,0,1,1,0,0,0,2,1,0,0,0,1,0,2,0,1,0,0,1,0,1,0,0,0,0,0,1,1,0,18,0,2,0,0,2,0,5,1,3,1,0,1,1,1,1,0,1,0,1,10,0,0,0,0,0,1,0,2,1,0,0,1,0,0,1,1,0,1,0,0,1,1,2,0,1,0,0,0,1
2895,1,1,0,0,1,0,2,3,0,0,0,0,0,1,0,2,0,0,1,1,0,0,0,2,1,0,0,0,1,0,2,0,1,0,0,1,0,1,0,0,0,0,0,1,1,0,18,0,2,0,0,2,0,5,1,3,1,0,1,1,1,1,0,1,0,1,10,0,0,0,0,0,1,0,2,1,0,0,1,0,0,1,1,0,1,0,0,1,1,2,0,1,0,0,0,1
2896,1,1,0,0,1,0,2,3,0,0,0,0,0,1,0,2,0,0,1,1,0,0,0,2,1,0,0,0,1,0,2,0,1,0,0,1,0,1,0,0,0,0,0,1,1,0,18,0,2,0,0,2,0,5,1,3,1,0,1,1,1,1,0,1,0,1,10,0,0,0,0,0,1,0,2,1,0,0,1,0,0,1,1,0,1,0,0,1,1,2,0,1,0,0,0,1
2897,1,1,0,0,1,0,2,3,0,0,0,0,0,1,0,2,0,0,1,1,0,0,0,2,1,0,0,0,1,0,2,0,1,0,0,1,0,1,0,0,0,0,0,1,1,0,18,0,2,0,0,2,0,4,1,3,1,0,1,1,1,1,0,1,0,1,10,0,0,0,0,0,0,0,2,1,0,0,1,0,0,1,1,0,1,0,0,1,1,2,0,1,0,0,0,1
2898,1,1,0,0,1,0,2,3,0,0,0,0,0,1,0,2,0,0,1,1,0,0,0,2,1,0,0,0,1,0,2,0,1,0,0,1,0,1,0,0,0,0,0,1,1,0,17,0,2,0,0,2,0,4,1,3,1,0,1,0,1,1,0,1,0,1,10,0,0,0,0,0,0,0,2,1,0,0,1,0,0,1,1,0,1,0,0,1,1,2,0,1,0,0,0,1
2899,1,1,0,0,1,0,2,2,0,0,0,0,0,1,0,2,0,0,1,1,0,0,0,2,1,0,0,0,1,0,2,0,1,0,0,1,0,1,0,0,0,0,0,1,1,0,17,0,1,0,0,2,0,4,1,3,1,0,1,0,1,1,0,1,0,1,10,0,0,0,0,0,0,0,2,1,0,0,1,0,0,1,1,0,1,0,0,1,1,2,0,1,0,0,0,1
2900,1,1,0,0,1,0,2,2,0,0,0,0,0,1,0,2,0,0,1,1,0,0,0,2,1,0,0,0,1,0,2,0,1,0,0,1,0,1,0,0,0,0,0,1,1,0,17,0,1,0,0,2,0,4,1,3,1,0,1,0,1,1,0,1,0,1,10,0,0,0,0,0,0,0,2,1,0,0,1,0,0,1,1,0,1,0,0,1,1,2,0,1,0,0,0,1
2901,1,1,0,0,1,0,2,1,0,0,0,0,0,1,0,2,0,0,1,1,0,0,0,2,1,0,0,0,1,0,2,0,1,0,0,1,0,1,0,0,0,0,0,1,1,0,17,0,1,0,0,2,0,4,1,3,1,0,1,0,1,1,0,1,0,1,10,0,0,0,0,0,0,0,2,1,0,0,1,0,0,1,1,0,1,0,0,1,1,2,0,1,0,0,0,1
2902,1,1,0,0,1,0,2,1,0,0,0,0,0,1,0,2,0,0,1,1,0,0,0,2,1,0,0,0,1,0,2,0,1,0,0,1,0,1,0,0,0,0,0,1,1,0,17,0,1,0,0,2,0,4,1,3,1,0,0,0,1,1,0,1,0,1,10,0,0,0,0,0,0,0,2,1,0,0,1,0,0,1,1,0,1,0,0,1,1,2,0,1,0,0,0,1
2903,1,1,0,0,1,0,2,1,0,0,0,0,0,1,0,2,0,0,1,1,0,0,0,2,1,0,0,0,1,0,2,0,1,0,0,1,0,1,0,0,0,0,0,1,1,0,17,0,1,0,0,2,0,4,1,3,1,0,0,0,1,1,0,1,0,1,10,0,0,0,0,0,0,0,2,1,0,0,1,0,0,1,1,0,1,0,0,1,1,2,0,1,0,0,0,1
2904,1,1,0,0,1,0,2,1,0,0,0,0,0,1,0,2,0,0,1,1,0,0,0,2,1,0,0,0,1,0,2,0,1,0,0,1,0,1,0,0,0,0,0,1,1,0,16,0,1,0,0,2,0,4,1,3,1,0,0,0,1,1,0,1,0,1,10,0,0,0,0,0,0,0,2,1,0,0,1,0,0,1,1,0,1,0,0,1,1,2,0,1,0,0,0,1
2905,1,1,0,0,1,0,2,1,0,0,0,0,0,1,0,2,0,0,1,1,0,0,0,2,1,0,0,0,1,0,2,0,1,0,0,1,0,1,0,0,0,0,0,1,1,0,16,0,1,0,0,2,0,4,1,3,1,0,0,0,1,1,0,1,0,1,10,0,0,0,0,0,0,0,1,1,0,0,1,0,0,1,1,0,1,0,0,1,1,2,0,1,0,0,0,1
2906,1,1,0,0,1,0,2,1,0,0,0,0,0,1,0,2,0,0,1,1,0,0,0,2,1,0,0,0,1,0,2,0,1,0,0,1,0,1,0,0,0,0,0,1,1,0,16,0,1,0,0,2,0,4,1,3,1,0,0,0,1,1,0,1,0,1,10,0,0,0,0,0,0,0,1,1,0,0,1,0,0,1,1,0,1,0,0,1,1,2,0,1,0,0,0,1
2907,1,1,0,0,1,0,2,1,0,0,0,0,0,1,0,2,0,0,1,1,0,0,0,2,1,0,0,0,1,0,2,0,1,0,0,1,0,1,0,0,0,0,0,1,1,0,16,0,1,0,0,2,0,4,1,3,1,0,0,0,1,1,0,1,0,1,9,0,0,0,0,0,0,0,1,1,0,0,1,0,0,1,1,0,1,0,0,1,1,2,0,1,0,0,0,1
2908,1,1,0,0,1,0,2,1,0,0,0,0,0,1,0,2,0,0,1,1,0,0,0,2,1,0,0,0,1,0,2,0,1,0,0,1,0,1,0,0,0,0,0,1,1,0,16,0,1,0,0,2,0,4,1,3,1,0,0,0,1,1,0,1,0,1,9,0,0,0,0,0,0,0,1,1,0,0,1,0,0,1,1,0,1,0,0,1,1,2,0,1,0,0,0,1
2909,1,1,0,0,1,0,2,1,0,0,0,0,0,1,0,2,0,0,1,1,0,0,0,2,1,0,0,0,1,0,2,0,1,0,0,1,0,1,0,0,0,0,0,1,1,0,16,0,1,0,0,2,0,4,1,3,1,0,0,0,1,1,0,1,0,1,9,0,0,0,0,0,0,0,1,1,0,0,1,0,0,1,1,0,1,0,0,1,1,2,0,1,0,0,0,1
2910,1,1,0,0,1,0,2,1,0,0,0,0,0,1,0,2,0,0,1,1,0,0,0,2,1,0,0,0,1,0,2,0,1,0,0,1,0,1,0,0,0,0,0,1,1,0,16,0,1,0,0,2,0,4,1,3,1,0,0,0,1,1,0,1,0,1,9,0,0,0,0,0,0,0,1,1,0,0,1,0,0,1,1,0,1,0,0,1,1,2,0,1,0,0,0,1
2911,1,1,0,0,1,0,2,1,0,0,0,0,0,1,0,2,0,0,1,1,0,0,0,2,1,0,0,0,1,0,2,0,1,0,0,1,0,1,0,0,0,0,0,1,1,0,16,0,1,0,0,2,0,4,1,3,1,0,0,0,1,1,0,1,0,1,9,0,0,0,0,0,0,0,1,1,0,0,1,0,0,1,1,0,1,0,0,1,1,2,0,1,0,0,0,1
2912,1,1,0,0,1,0,2,1,0,0,0,0,0,1,0,2,0,0,1,1,0,0,0,2,1,0,0,0,1,0,2,0,1,0,0,1,0,1,0,0,0,0,0,1,1,0,16,0,1,0,0,1,0,4,1,3,1,0,0,0,1,1,0,1,0,1,9,0,0,0,0,0,0,0,1,1,0,0,1,0,0,1,1,0,1,0,0,1,1,2,0,1,0,0,0,1
2913,1,1,0,0,1,0,2,1,0,0,0,0,0,1,0,2,0,0,1,1,0,0,0,2,1,0,0,0,1,0,2,0,1,0,0,1,0,1,0,0,0,0,0,1,1,0,16,0,1,0,0,1,0,3,1,2,1,0,0,0,1,1,0,1,0,1,9,0,0,0,0,0,0,0,1,1,0,0,1,0,0,1,1,0,1,0,0,1,1,2,0,1,0,0,0,1
2914,1,1,0,0,1,0,2,1,0,0,0,0,0,1,0,1,0,0,1,1,0,0,0,2,1,0,0,0,1,0,2,0,1,0,0,1,0,1,0,0,0,0,0,1,1,0,15,0,1,0,0,1,0,3,1,2,1,0,0,0,1,1,0,1,0,1,9,0,0,0,0,0,0,0,1,1,0,0,1,0,0,1,1,0,1,0,0,1,1,2,0,1,0,0,0,1
2915,1,1,0,0,1,0,2,1,0,0,0,0,0,1,0,1,0,0,1,1,0,0,0,2,1,0,0,0,1,0,2,0,1,0,0,1,0,1,0,0,0,0,0,1,1,0,14,0,1,0,0,1,0,3,1,2,1,0,0,0,1,1,0,1,0,1,9,0,0,0,0,0,0,0,1,1,0,0,1,0,0,1,1,0,1,0,0,1,1,2,0,1,0,0,0,1
2916,1,1,0,0,1,0,2,1,0,0,0,0,0,1,0,1,0,0,1,1,0,0,0,2,1,0,0,0,1,0,2,0,1,0,0,1,0,1,0,0,0,0,0,1,1,0,14,0,1,0,0,1,0,3,1,2,1,0,0,0,1,1,0,1,0,1,9,0,0,0,0,0,0,0,1,1,0,0,1,0,0,1,1,0,1,0,0,1,1,2,0,1,0,0,0,1
2917,1,1,0,0,1,0,2,1,0,0,0,0,0,1,0,1,0,0,1,1,0,0,0,2,1,0,0,0,1,0,2,0,1,0,0,1,0,1,0,0,0,0,0,1,1,0,14,0,1,0,0,1,0,3,1,2,1,0,0,0,1,1,0,1,0,1,9,0,0,0,0,0,0,0,1,1,0,0,1,0,0,1,1,0,1,0,0,1,1,2,0,1,0,0,0,1
2918,1,1,0,0,1,0,2,1,0,0,0,0,0,1,0,1,0,0,1,1,0,0,0,2,1,0,0,0,1,0,2,0,1,0,0,1,0,1,0,0,0,0,0,1,1,0,14,0,1,0,0,1,0,3,1,2,1,0,0,0,1,1,0,1,0,1,9,0,0,0,0,0,0,0,1,1,0,0,1,0,0,1,1,0,1,0,0,1,1,2,0,1,0,0,0,0
2919,1,1,0,0,1,0,2,1,0,0,0,0,0,1,0,1,0,0,1,1,0,0,0,2,1,0,0,0,1,0,2,0,1,0,0,1,0,1,0,0,0,0,0,1,1,0,14,0,1,0,0,1,0,3,1,2,1,0,0,0,1,1,0,1,0,1,9,0,0,0,0,0,0,0,1,1,0,0,1,0,0,1,1,0,1,0,0,1,1,2,0,1,0,0,0,0
2920,1,1,0,0,1,0,2,1,0,0,0,0,0,1,0,1,0,0,1,1,0,0,0,2,1,0,0,0,1,0,2,0,1,0,0,1,0,1,0,0,0,0,0,1,1,0,14,0,1,0,0,1,0,3,1,2,1,0,0,0,1,1,0,1,0,1,9,0,0,0,0,0,0,0,1,1,0,0,1,0,0,1,1,0,1,0,0,1,1,2,0,1,0,0,0,0
2921,1,1,0,0,1,0,2,1,0,0,0,0,0,1,0,1,0,0,1,1,0,0,0,1,1,0,0,0,1,0,2,0,1,0,0,1,0,1,0,0,0,0,0,1,1,0,14,0,1,0,0,1,0,3,1,2,1,0,0,0,1,1,0,1,0,1,9,0,0,0,0,0,0,0,1,1,0,0,1,0,0,1,1,0,1,0,0,1,1,2,0,1,0,0,0,0
2922,1,1,0,0,1,0,2,1,0,0,0,0,0,1,0,1,0,0,1,1,0,0,0,1,1,0,0,0,1,0,2,0,1,0,0,1,0,1,0,0,0,0,0,1,1,0,13,0,1,0,0,1,0,2,1,2,1,0,0,0,1,1,0,1,0,1,9,0,0,0,0,0,0,0,1,1,0,0,1,0,0,1,1,0,1,0,0,1,1,2,0,1,0,0,0,0
2923,1,1,0,0,1,0,2,1,0,0,0,0,0,1,0,1,0,0,1,1,0,0,0,1,1,0,0,0,1,0,2,0,1,0,0,1,0,1,0,0,0,0,0,1,1,0,13,0,1,0,0,1,0,2,1,2,1,0,0,0,1,1,0,1,0,1,8,0,0,0,0,0,0,0,1,1,0,0,1,0,0,1,1,0,1,0,0,1,1,2,0,1,0,0,0,0
2924,1,1,0,0,1,0,2,1,0,0,0,0,0,1,0,1,0,0,1,1,0,0,0,1,1,0,0,0,1,0,2,0,1,0,0,1,0,1,0,0,0,0,0,1,1,0,13,0,1,0,0,1,0,2,1,2,1,0,0,0,1,1,0,1,0,1,8,0,0,0,0,0,0,0,1,1,0,0,1,0,0,1,1,0,1,0,0,1,1,2,0,1,0,0,0,0
2925,1,1,0,0,1,0,2,1,0,0,0,0,0,1,0,1,0,0,1,1,0,0,0,1,1,0,0,0,1,0,2,0,1,0,0,1,0,1,0,0,0,0,0,1,1,0,13,0,1,0,0,1,0,2,1,2,1,0,0,0,1,1,0,1,0,1,8,0,0,0,0,0,0,0,1,1,0,0,1,0,0,1,1,0,1,0,0,1,1,2,0,1,0,0,0,0
2926,1,1,0,0,0,0,2,1,0,0,0,0,0,1,0,1,0,0,1,1,0,0,0,1,1,0,0,0,1,0,2,0,1,0,0,1,0,1,0,0,0,0,0,1,1,0,13,0,1,0,0,1,0,2,1,2,1,0,0,0,1,1,0,1,0,1,8,0,0,0,0,0,0,0,1,1,0,0,1,0,0,1,1,0,1,0,0,1,1,2,0,1,0,0,0,0
2927,1,1,0,0,0,0,2,1,0,0,0,0,0,1,0,1,0,0,1,1,0,0,0,1,1,0,0,0,1,0,2,0,1,0,0,1,0,1,0,0,0,0,0,1,1,0,13,0,1,0,0,1,0,2,1,2,1,0,0,0,1,1,0,1,0,1,7,0,0,0,0,0,0,0,1,1,0,0,1,0,0,1,1,0,1,0,0,1,1,2,0,1,0,0,0,0
2928,1,1,0,0,0,0,2,1,0,0,0,0,0,1,0,1,0,0,1,1,0,0,0,1,1,0,0,0,1,0,2,0,1,0,0,1,0,1,0,0,0,0,0,1,1,0,13,0,1,0,0,1,0,2,1,2,1,0,0,0,1,1,0,1,0,1,7,0,0,0,0,0,0,0,1,1,0,0,1,0,0,1,1,0,1,0,0,1,1,2,0,1,0,0,0,0
2929,1,1,0,0,0,0,2,1,0,0,0,0,0,1,0,1,0,0,1,1,0,0,0,1,1,0,0,0,1,0,2,0,1,0,0,1,0,1,0,0,0,0,0,1,1,0,13,0,1,0,0,1,0,2,1,2,1,0,0,0,1,1,0,1,0,1,7,0,0,0,0,0,0,0,1,1,0,0,1,0,0,1,1,0,1,0,0,1,1,2,0,1,0,0,0,0
2930,1,1,0,0,0,0,2,1,0,0,0,0,0,1,0,1,0,0,1,1,0,0,0,1,1,0,0,0,1,0,1,0,1,0,0,1,0,1,0,0,0,0,0,1,1,0,13,0,1,0,0,1,0,2,1,2,1,0,0,0,1,1,0,1,0,1,7,0,0,0,0,0,0,0,1,1,0,0,1,0,0,1,1,0,1,0,0,1,1,2,0,1,0,0,0,0
2931,1,1,0,0,0,0,2,1,0,0,0,0,0,1,0,1,0,0,1,1,0,0,0,1,1,0,0,0,1,0,1,0,1,0,0,1,0,1,0,0,0,0,0,1,1,0,13,0,0,0,0,1,0,2,1,2,1,0,0,0,1,1,0,1,0,1,7,0,0,0,0,0,0,0,1,1,0,0,1,0,0,1,1,0,1,0,0,1,1,2,0,1,0,0,0,0
2932,0,1,0,0,0,0,2,1,0,0,0,0,0,1,0,1,0,0,1,1,0,0,0,1,1,0,0,0,1,0,1,0,1,0,0,1,0,1,0,0,0,0,0,1,1,0,13,0,0,0,0,1,0,2,1,2,1,0,0,0,1,1,0,1,0,1,7,0,0,0,0,0,0,0,1,1,0,0,1,0,0,1,1,0,1,0,0,1,1,2,0,1,0,0,0,0
2933,0,1,0,0,0,0,2,1,0,0,0,0,0,1,0,1,0,0,1,1,0,0,0,1,1,0,0,0,1,0,1,0,1,0,0,1,0,1,0,0,0,0,0,1,1,0,12,0,0,0,0,1,0,2,1,2,1,0,0,0,1,1,0,1,0,1,7,0,0,0,0,0,0,0,1,1,0,0,1,0,0,1,1,0,1,0,0,1,1,2,0,1,0,0,0,0
2934,0,1,0,0,0,0,2,1,0,0,0,0,0,1,0,1,0,0,1,1,0,0,0,1,1,0,0,0,1,0,1,0,1,0,0,1,0,1,0,0,0,0,0,1,1,0,11,0,0,0,0,1,0,2,1,2,1,0,0,0,1,1,0,1,0,1,7,0,0,0,0,0,0,0,1,1,0,0,1,0,0,1,1,0,1,0,0,1,1,2,0,1,0,0,0,0
2935,0,1,0,0,0,0,2,1,0,0,0,0,0,1,0,1,0,0,1,1,0,0,0,1,1,0,0,0,1,0,1,0,1,0,0,1,0,1,0,0,0,0,0,1,1,0,11,0,0,0,0,1,0,2,1,2,1,0,0,0,1,1,0,1,0,1,7,0,0,0,0,0,0,0,1,1,0,0,1,0,0,1,1,0,1,0,0,1,1,2,0,1,0,0,0,0
2936,0,1,0,0,0,0,2,1,0,0,0,0,0,1,0,1,0,0,1,1,0,0,0,1,1,0,0,0,1,0,1,0,1,0,0,1,0,1,0,0,0,0,0,1,1,0,11,0,0,0,0,1,0,2,1,2,1,0,0,0,1,1,0,1,0,1,7,0,0,0,0,0,0,0,1,1,0,0,1,0,0,1,1,0,1,0,0,1,1,2,0,1,0,0,0,0
2937,0,1,0,0,0,0,2,1,0,0,0,0,0,1,0,1,0,0,1,1,0,0,0,1,1,0,0,0,1,0,1,0,1,0,0,1,0,1,0,0,0,0,0,1,1,0,11,0,0,0,0,1,0,2,1,2,1,0,0,0,1,1,0,1,0,1,7,0,0,0,0,0,0,0,1,1,0,0,1,0,0,1,1,0,1,0,0,1,1,2,0,1,0,0,0,0
2938,0,1,0,0,0,0,2,1,0,0,0,0,0,1,0,1,0,0,1,1,0,0,0,1,1,0,0,0,1,0,1,0,1,0,0,1,0,1,0,0,0,0,0,1,1,0,11,0,0,0,0,1,0,2,1,2,1,0,0,0,1,1,0,1,0,1,7,0,0,0,0,0,0,0,1,1,0,0,1,0,0,1,1,0,1,0,0,1,1,2,0,1,0,0,0,0
2939,0,1,0,0,0,0,2,1,0,0,0,0,0,1,0,1,0,0,1,1,0,0,0,1,1,0,0,0,1,0,1,0,1,0,0,1,0,1,0,0,0,0,0,1,1,0,11,0,0,0,0,1,0,2,1,2,1,0,0,0,1,1,0,1,0,1,7,0,0,0,0,0,0,0,1,1,0,0,1,0,0,1,1,0,1,0,0,1,1,2,0,1,0,0,0,0
2940,0,1,0,0,0,0,2,1,0,0,0,0,0,1,0,1,0,0,1,1,0,0,0,1,1,0,0,0,1,0,1,0,1,0,0,1,0,1,0,0,0,0,0,1,1,0,11,0,0,0,0,1,0,2,1,1,1,0,0,0,1,1,0,1,0,1,7,0,0,0,0,0,0,0,1,1,0,0,1,0,0,1,1,0,1,0,0,1,1,2,0,1,0,0,0,0
2941,0,1,0,0,0,0,2,1,0,0,0,0,0,1,0,1,0,0,0,1,0,0,0,1,1,0,0,0,1,0,1,0,1,0,0,1,0,1,0,0,0,0,0,1,1,0,11,0,0,0,0,1,0,2,1,1,1,0,0,0,1,0,0,1,0,1,7,0,0,0,0,0,0,0,1,1,0,0,1,0,0,1,1,0,1,0,0,1,1,2,0,1,0,0,0,0
2942,0,1,0,0,0,0,2,1,0,0,0,0,0,1,0,1,0,0,0,1,0,0,0,1,1,0,0,0,1,0,1,0,1,0,0,1,0,1,0,0,0,0,0,1,1,0,11,0,0,0,0,1,0,2,1,1,1,0,0,0,1,0,0,1,0,1,7,0,0,0,0,0,0,0,1,1,0,0,1,0,0,1,1,0,1,0,0,1,1,2,0,1,0,0,0,0
2943,0,1,0,0,0,0,2,1,0,0,0,0,0,1,0,1,0,0,0,1,0,0,0,1,1,0,0,0,1,0,1,0,1,0,0,1,0,1,0,0,0,0,0,1,1,0,11,0,0,0,0,1,0,2,1,1,1,0,0,0,1,0,0,1,0,1,7,0,0,0,0,0,0,0,1,1,0,0,1,0,0,1,1,0,1,0,0,1,1,2,0,1,0,0,0,0
2944,0,1,0,0,0,0,2,1,0,0,0,0,0,1,0,1,0,0,0,1,0,0,0,1,1,0,0,0,1,0,1,0,1,0,0,1,0,1,0,0,0,0,0,1,1,0,11,0,0,0,0,1,0,2,1,1,1,0,0,0,1,0,0,1,0,1,7,0,0,0,0,0,0,0,1,1,0,0,1,0,0,1,1,0,1,0,0,1,1,2,0,1,0,0,0,0
2945,0,1,0,0,0,0,2,1,0,0,0,0,0,1,0,1,0,0,0,1,0,0,0,1,1,0,0,0,1,0,1,0,1,0,0,1,0,1,0,0,0,0,0,1,1,0,11,0,0,0,0,1,0,2,1,1,1,0,0,0,1,0,0,1,0,1,7,0,0,0,0,0,0,0,1,1,0,0,1,0,0,1,1,0,1,0,0,1,1,2,0,1,0,0,0,0
2946,0,1,0,0,0,0,2,1,0,0,0,0,0,1,0,1,0,0,0,1,0,0,0,1,1,0,0,0,1,0,1,0,1,0,0,1,0,1,0,0,0,0,0,1,1,0,11,0,0,0,0,1,0,2,1,1,1,0,0,0,1,0,0,1,0,1,7,0,0,0,0,0,0,0,1,1,0,0,1,0,0,1,1,0,1,0,0,1,1,2,0,1,0,0,0,0
2947,0,1,0,0,0,0,2,1,0,0,0,0,0,1,0,1,0,0,0,1,0,0,0,1,1,0,0,0,1,0,1,0,1,0,0,1,0,1,0,0,0,0,0,1,1,0,11,0,0,0,0,1,0,2,0,1,1,0,0,0,1,0,0,1,0,1,7,0,0,0,0,0,0,0,1,1,0,0,1,0,0,1,1,0,1,0,0,1,1,2,0,1,0,0,0,0
2948,0,1,0,0,0,0,2,1,0,0,0,0,0,1,0,1,0,0,0,1,0,0,0,1,1,0,0,0,1,0,1,0,1,0,0,1,0,1,0,0,0,0,0,1,1,0,11,0,0,0,0,1,0,2,0,1,1,0,0,0,1,0,0,1,0,1,7,0,0,0,0,0,0,0,1,1,0,0,1,0,0,1,1,0,1,0,0,1,1,2,0,1,0,0,0,0
2949,0,1,0,0,0,0,2,1,0,0,0,0,0,1,0,1,0,0,0,1,0,0,0,1,1,0,0,0,1,0,1,0,1,0,0,1,0,1,0,0,0,0,0,1,1,0,11,0,0,0,0,1,0,2,0,1,1,0,0,0,1,0,0,1,0,1,7,0,0,0,0,0,0,0,1,1,0,0,1,0,0,1,1,0,1,0,0,1,1,2,0,1,0,0,0,0
2950,0,1,0,0,0,0,2,1,0,0,0,0,0,1,0,1,0,0,0,1,0,0,0,1,1,0,0,0,1,0,1,0,1,0,0,1,0,1,0,0,0,0,0,1,1,0,11,0,0,0,0,1,0,2,0,1,1,0,0,0,1,0,0,1,0,1,7,0,0,0,0,0,0,0,1,1,0,0,1,0,0,1,1,0,1,0,0,1,1,2,0,1,0,0,0,0
2951,0,1,0,0,0,0,2,1,0,0,0,0,0,1,0,1,0,0,0,1,0,0,0,1,1,0,0,0,1,0,1,0,1,0,0,1,0,1,0,0,0,0,0,1,1,0,11,0,0,0,0,1,0,2,0,1,1,0,0,0,1,0,0,1,0,1,7,0,0,0,0,0,0,0,1,1,0,0,1,0,0,1,1,0,1,0,0,1,1,2,0,1,0,0,0,0
2952,0,1,0,0,0,0,2,1,0,0,0,0,0,1,0,1,0,0,0,1,0,0,0,1,1,0,0,0,1,0,1,0,1,0,0,1,0,1,0,0,0,0,0,1,1,0,11,0,0,0,0,1,0,2,0,1,1,0,0,0,1,0,0,1,0,1,7,0,0,0,0,0,0,0,1,1,0,0,1,0,0,1,1,0,1,0,0,1,1,2,0,1,0,0,0,0
2953,0,1,0,0,0,0,2,1,0,0,0,0,0,1,0,1,0,0,0,1,0,0,0,1,1,0,0,0,1,0,1,0,1,0,0,1,0,1,0,0,0,0,0,1,1,0,11,0,0,0,0,1,0,2,0,1,1,0,0,0,1,0,0,1,0,1,7,0,0,0,0,0,0,0,1,1,0,0,1,0,0,1,1,0,1,0,0,1,1,2,0,1,0,0,0,0
2954,0,1,0,0,0,0,2,1,0,0,0,0,0,1,0,1,0,0,0,1,0,0,0,1,1,0,0,0,1,0,1,0,1,0,0,1,0,1,0,0,0,0,0,1,1,0,10,0,0,0,0,1,0,2,0,1,1,0,0,0,1,0,0,1,0,1,7,0,0,0,0,0,0,0,1,1,0,0,1,0,0,1,1,0,1,0,0,1,1,2,0,1,0,0,0,0
2955,0,1,0,0,0,0,2,1,0,0,0,0,0,1,0,1,0,0,0,1,0,0,0,1,1,0,0,0,1,0,1,0,1,0,0,1,0,1,0,0,0,0,0,1,1,0,10,0,0,0,0,1,0,2,0,1,1,0,0,0,1,0,0,1,0,1,6,0,0,0,0,0,0,0,1,1,0,0,1,0,0,1,1,0,1,0,0,1,1,2,0,1,0,0,0,0
2956,0,1,0,0,0,0,2,1,0,0,0,0,0,1,0,1,0,0,0,1,0,0,0,1,1,0,0,0,1,0,1,0,1,0,0,1,0,1,0,0,0,0,0,1,1,0,10,0,0,0,0,1,0,2,0,1,1,0,0,0,1,0,0,1,0,1,5,0,0,0,0,0,0,0,1,1,0,0,1,0,0,1,1,0,1,0,0,1,1,2,0,1,0,0,0,0
2957,0,1,0,0,0,0,2,1,0,0,0,0,0,1,0,1,0,0,0,1,0,0,0,1,1,0,0,0,1,0,1,0,1,0,0,1,0,1,0,0,0,0,0,1,1,0,10,0,0,0,0,1,0,2,0,1,1,0,0,0,1,0,0,1,0,1,5,0,0,0,0,0,0,0,1,1,0,0,1,0,0,1,1,0,1,0,0,1,1,2,0,1,0,0,0,0
2958,0,1,0,0,0,0,2,1,0,0,0,0,0,1,0,1,0,0,0,1,0,0,0,1,1,0,0,0,1,0,1,0,1,0,0,1,0,1,0,0,0,0,0,1,1,0,10,0,0,0,0,1,0,2,0,1,1,0,0,0,1,0,0,1,0,1,5,0,0,0,0,0,0,0,1,1,0,0,1,0,0,1,1,0,1,0,0,1,1,2,0,1,0,0,0,0
2959,0,1,0,0,0,0,2,1,0,0,0,0,0,1,0,1,0,0,0,1,0,0,0,1,1,0,0,0,1,0,1,0,1,0,0,1,0,1,0,0,0,0,0,1,1,0,10,0,0,0,0,1,0,2,0,1,1,0,0,0,1,0,0,1,0,1,5,0,0,0,0,0,0,0,1,1,0,0,1,0,0,1,1,0,1,0,0,1,1,2,0,1,0,0,0,0
2960,0,1,0,0,0,0,2,1,0,0,0,0,0,1,0,1,0,0,0,1,0,0,0,1,1,0,0,0,1,0,1,0,1,0,0,1,0,1,0,0,0,0,0,1,1,0,10,0,0,0,0,1,0,2,0,1,0,0,0,0,1,0,0,1,0,1,5,0,0,0,0,0,0,0,1,1,0,0,1,0,0,1,1,0,1,0,0,1,1,2,0,1,0,0,0,0
2961,0,1,0,0,0,0,2,1,0,0,0,0,0,1,0,1,0,0,0,1,0,0,0,1,1,0,0,0,1,0,1,0,1,0,0,1,0,1,0,0,0,0,0,1,1,0,10,0,0,0,0,1,0,2,0,1,0,0,0,0,1,0,0,1,0,1,5,0,0,0,0,0,0,0,1,1,0,0,1,0,0,1,1,0,1,0,0,1,0,2,0,1,0,0,0,0
2962,0,1,0,0,0,0,2,1,0,0,0,0,0,1,0,1,0,0,0,1,0,0,0,1,1,0,0,0,1,0,0,0,1,0,0,1,0,1,0,0,0,0,0,1,1,0,10,0,0,0,0,1,0,2,0,1,0,0,0,0,1,0,0,1,0,1,5,0,0,0,0,0,0,0,1,1,0,0,1,0,0,1,1,0,1,0,0,1,0,2,0,1,0,0,0,0
2963,0,1,0,0,0,0,2,1,0,0,0,0,0,1,0,1,0,0,0,1,0,0,0,1,1,0,0,0,1,0,0,0,1,0,0,1,0,1,0,0,0,0,0,1,1,0,10,0,0,0,0,1,0,2,0,1,0,0,0,0,1,0,0,1,0,1,5,0,0,0,0,0,0,0,1,1,0,0,1,0,0,1,1,0,1,0,0,1,0,2,0,1,0,0,0,0
2964,0,1,0,0,0,0,2,1,0,0,0,0,0,1,0,1,0,0,0,1,0,0,0,1,1,0,0,0,1,0,0,0,1,0,0,1,0,1,0,0,0,0,0,1,1,0,10,0,0,0,0,1,0,2,0,1,0,0,0,0,1,0,0,1,0,1,5,0,0,0,0,0,0,0,1,1,0,0,1,0,0,1,1,0,1,0,0,1,0,2,0,1,0,0,0,0
2965,0,1,0,0,0,0,2,1,0,0,0,0,0,1,0,1,0,0,0,1,0,0,0,1,1,0,0,0,1,0,0,0,1,0,0,1,0,1,0,0,0,0,0,1,1,0,9,0,0,0,0,1,0,2,0,1,0,0,0,0,1,0,0,1,0,1,5,0,0,0,0,0,0,0,1,1,0,0,1,0,0,1,1,0,1,0,0,1,0,2,0,1,0,0,0,0
2966,0,1,0,0,0,0,2,1,0,0,0,0,0,1,0,1,0,0,0,1,0,0,0,1,1,0,0,0,1,0,0,0,1,0,0,1,0,1,0,0,0,0,0,1,1,0,9,0,0,0,0,1,0,2,0,1,0,0,0,0,1,0,0,1,0,1,5,0,0,0,0,0,0,0,1,1,0,0,1,0,0,1,1,0,1,0,0,1,0,2,0,1,0,0,0,0
2967,0,1,0,0,0,0,2,1,0,0,0,0,0,1,0,1,0,0,0,1,0,0,0,1,1,0,0,0,1,0,0,0,1,0,0,1,0,1,0,0,0,0,0,1,1,0,9,0,0,0,0,1,0,2,0,1,0,0,0,0,1,0,0,1,0,1,5,0,0,0,0,0,0,0,1,1,0,0,1,0,0,1,1,0,1,0,0,1,0,2,0,1,0,0,0,0
2968,0,1,0,0,0,0,2,1,0,0,0,0,0,1,0,1,0,0,0,1,0,0,0,1,1,0,0,0,1,0,0,0,1,0,0,1,0,1,0,0,0,0,0,1,1,0,9,0,0,0,0,1,0,2,0,1,0,0,0,0,1,0,0,1,0,1,5,0,0,0,0,0,0,0,1,1,0,0,1,0,0,1,1,0,1,0,0,1,0,2,0,1,0,0,0,0
2969,0,1,0,0,0,0,2,1,0,0,0,0,0,1,0,1,0,0,0,1,0,0,0,1,1,0,0,0,1,0,0,0,1,0,0,1,0,1,0,0,0,0,0,1,1,0,9,0,0,0,0,1,0,2,0,1,0,0,0,0,1,0,0,1,0,1,4,0,0,0,0,0,0,0,1,1,0,0,1,0,0,1,1,0,1,0,0,1,0,2,0,1,0,0,0,0
2970,0,0,0,0,0,0,2,1,0,0,0,0,0,1,0,1,0,0,0,1,0,0,0,1,1,0,0,0,1,0,0,0,1,0,0,1,0,1,0,0,0,0,0,1,1,0,9,0,0,0,0,1,0,2,0,1,0,0,0,0,1,0,0,1,0,1,4,0,0,0,0,0,0,0,1,1,0,0,1,0,0,1,1,0,1,0,0,1,0,2,0,1,0,0,0,0
2971,0,0,0,0,0,0,2,1,0,0,0,0,0,1,0,1,0,0,0,1,0,0,0,1,1,0,0,0,1,0,0,0,1,0,0,1,0,1,0,0,0,0,0,1,1,0,9,0,0,0,0,1,0,2,0,1,0,0,0,0,1,0,0,1,0,1,4,0,0,0,0,0,0,0,1,1,0,0,1,0,0,1,1,0,1,0,0,1,0,2,0,1,0,0,0,0
2972,0,0,0,0,0,0,2,1,0,0,0,0,0,1,0,1,0,0,0,1,0,0,0,1,0,0,0,0,1,0,0,0,1,0,0,1,0,1,0,0,0,0,0,1,1,0,9,0,0,0,0,1,0,2,0,1,0,0,0,0,1,0,0,1,0,1,4,0,0,0,0,0,0,0,1,1,0,0,1,0,0,1,1,0,1,0,0,1,0,2,0,1,0,0,0,0
2973,0,0,0,0,0,0,2,1,0,0,0,0,0,1,0,1,0,0,0,1,0,0,0,1,0,0,0,0,1,0,0,0,1,0,0,1,0,1,0,0,0,0,0,1,1,0,9,0,0,0,0,1,0,2,0,1,0,0,0,0,1,0,0,1,0,1,4,0,0,0,0,0,0,0,1,1,0,0,1,0,0,1,1,0,1,0,0,1,0,2,0,1,0,0,0,0
2974,0,0,0,0,0,0,2,1,0,0,0,0,0,1,0,1,0,0,0,1,0,0,0,1,0,0,0,0,1,0,0,0,1,0,0,1,0,1,0,0,0,0,0,1,1,0,9,0,0,0,0,1,0,2,0,1,0,0,0,0,1,0,0,1,0,1,4,0,0,0,0,0,0,0,1,1,0,0,1,0,0,1,1,0,1,0,0,1,0,2,0,1,0,0,0,0
2975,0,0,0,0,0,0,2,1,0,0,0,0,0,1,0,1,0,0,0,1,0,0,0,1,0,0,0,0,1,0,0,0,1,0,0,1,0,1,0,0,0,0,0,1,1,0,8,0,0,0,0,1,0,2,0,1,0,0,0,0,1,0,0,1,0,1,4,0,0,0,0,0,0,0,1,1,0,0,1,0,0,1,1,0,1,0,0,1,0,2,0,1,0,0,0,0
2976,0,0,0,0,0,0,2,1,0,0,0,0,0,1,0,1,0,0,0,1,0,0,0,1,0,0,0,0,1,0,0,0,1,0,0,1,0,1,0,0,0,0,0,1,1,0,8,0,0,0,0,1,0,2,0,1,0,0,0,0,1,0,0,1,0,1,4,0,0,0,0,0,0,0,1,1,0,0,1,0,0,1,1,0,1,0,0,1,0,2,0,1,0,0,0,0
2977,0,0,0,0,0,0,2,1,0,0,0,0,0,1,0,1,0,0,0,1,0,0,0,1,0,0,0,0,1,0,0,0,1,0,0,1,0,1,0,0,0,0,0,1,1,0,8,0,0,0,0,1,0,2,0,1,0,0,0,0,1,0,0,1,0,1,4,0,0,0,0,0,0,0,1,0,0,0,1,0,0,1,1,0,1,0,0,1,0,2,0,1,0,0,0,0
2978,0,0,0,0,0,0,2,1,0,0,0,0,0,1,0,1,0,0,0,1,0,0,0,1,0,0,0,0,1,0,0,0,1,0,0,1,0,1,0,0,0,0,0,1,1,0,8,0,0,0,0,1,0,2,0,1,0,0,0,0,1,0,0,1,0,1,4,0,0,0,0,0,0,0,1,0,0,0,1,0,0,1,1,0,1,0,0,1,0,2,0,1,0,0,0,0
2979,0,0,0,0,0,0,2,1,0,0,0,0,0,1,0,1,0,0,0,1,0,0,0,1,0,0,0,0,1,0,0,0,1,0,0,1,0,1,0,0,0,0,0,1,1,0,8,0,0,0,0,1,0,2,0,1,0,0,0,0,1,0,0,1,0,1,4,0,0,0,0,0,0,0,1,0,0,0,1,0,0,1,1,0,1,0,0,1,0,2,0,1,0,0,0,0
2980,0,0,0,0,0,0,2,1,0,0,0,0,0,1,0,1,0,0,0,1,0,0,0,1,0,0,0,0,1,0,0,0,1,0,0,1,0,1,0,0,0,0,0,1,1,0,8,0,0,0,0,1,0,2,0,1,0,0,0,0,1,0,0,1,0,1,4,0,0,0,0,0,0,0,1,0,0,0,1,0,0,1,1,0,1,0,0,1,0,2,0,1,0,0,0,0
2981,0,0,0,0,0,0,2,1,0,0,0,0,0,1,0,1,0,0,0,1,0,0,0,1,0,0,0,0,1,0,0,0,1,0,0,1,0,1,0,0,0,0,0,1,1,0,8,0,0,0,0,1,0,2,0,1,0,0,0,0,1,0,0,1,0,1,4,0,0,0,0,0,0,0,1,0,0,0,1,0,0,1,1,0,1,0,0,1,0,2,0,1,0,0,0,0
2982,0,0,0,0,0,0,2,1,0,0,0,0,0,1,0,1,0,0,0,1,0,0,0,1,0,0,0,0,1,0,0,0,1,0,0,1,0,1,0,0,0,0,0,1,1,0,8,0,0,0,0,1,0,2,0,1,0,0,0,0,1,0,0,1,0,1,4,0,0,0,0,0,0,0,1,0,0,0,1,0,0,1,1,0,1,0,0,1,0,2,0,1,0,0,0,0
2983,0,0,0,0,0,0,2,1,0,0,0,0,0,1,0,1,0,0,0,1,0,0,0,1,0,0,0,0,1,0,0,0,1,0,0,1,0,1,0,0,0,0,0,1,1,0,8,0,0,0,0,1,0,2,0,1,0,0,0,0,1,0,0,1,0,1,4,0,0,0,0,0,0,0,1,0,0,0,1,0,0,1,1,0,1,0,0,1,0,2,0,1,0,0,0,0
2984,0,0,0,0,0,0,2,1,0,0,0,0,0,1,0,1,0,0,0,1,0,0,0,1,0,0,0,0,1,0,0,0,1,0,0,1,0,1,0,0,0,0,0,1,1,0,8,0,0,0,0,1,0,2,0,1,0,0,0,0,1,0,0,1,0,1,4,0,0,0,0,0,0,0,1,0,0,0,1,0,0,1,1,0,1,0,0,1,0,2,0,1,0,0,0,0
2985,0,0,0,0,0,0,2,1,0,0,0,0,0,1,0,1,0,0,0,1,0,0,0,1,0,0,0,0,1,0,0,0,1,0,0,1,0,1,0,0,0,0,0,1,1,0,8,0,0,0,0,1,0,2,0,1,0,0,0,0,1,0,0,1,0,1,4,0,0,0,0,0,0,0,1,0,0,0,1,0,0,1,1,0,1,0,0,1,0,2,0,1,0,0,0,0
2986,0,0,0,0,0,0,2,1,0,0,0,0,0,1,0,1,0,0,0,1,0,0,0,1,0,0,0,0,1,0,0,0,1,0,0,1,0,1,0,0,0,0,0,1,1,0,8,0,0,0,0,1,0,2,0,1,0,0,0,0,1,0,0,1,0,1,4,0,0,0,0,0,0,0,1,0,0,0,1,0,0,1,1,0,1,0,0,1,0,2,0,1,0,0,0,0
2987,0,0,0,0,0,0,2,1,0,0,0,0,0,1,0,1,0,0,0,1,0,0,0,1,0,0,0,0,1,0,0,0,1,0,0,1,0,1,0,0,0,0,0,1,0,0,8,0,0,0,0,1,0,2,0,1,0,0,0,0,1,0,0,1,0,1,4,0,0,0,0,0,0,0,1,0,0,0,1,0,0,1,1,0,1,0,0,1,0,2,0,1,0,0,0,0
2988,0,0,0,0,0,0,2,1,0,0,0,0,0,1,0,1,0,0,0,1,0,0,0,1,0,0,0,0,1,0,0,0,1,0,0,1,0,1,0,0,0,0,0,1,0,0,8,0,0,0,0,1,0,2,0,1,0,0,0,0,1,0,0,1,0,1,4,0,0,0,0,0,0,0,1,0,0,0,1,0,0,1,1,0,1,0,0,1,0,2,0,1,0,0,0,0
2989,0,0,0,0,0,0,2,1,0,0,0,0,0,1,0,1,0,0,0,1,0,0,0,1,0,0,0,0,1,0,0,0,1,0,0,1,0,1,0,0,0,0,0,1,0,0,8,0,0,0,0,1,0,2,0,1,0,0,0,0,1,0,0,1,0,1,4,0,0,0,0,0,0,0,1,0,0,0,1,0,0,1,1,0,1,0,0,1,0,2,0,1,0,0,0,0
2990,0,0,0,0,0,0,2,1,0,0,0,0,0,1,0,1,0,0,0,1,0,0,0,1,0,0,0,0,1,0,0,0,1,0,0,1,0,1,0,0,0,0,0,1,0,0,8,0,0,0,0,1,0,2,0,1,0,0,0,0,1,0,0,1,0,1,4,0,0,0,0,0,0,0,1,0,0,0,1,0,0,1,1,0,1,0,0,1,0,2,0,1,0,0,0,0
2991,0,0,0,0,0,0,2,1,0,0,0,0,0,1,0,1,0,0,0,1,0,0,0,1,0,0,0,0,1,0,0,0,1,0,0,0,0,1,0,0,0,0,0,1,0,0,8,0,0,0,0,1,0,2,0,1,0,0,0,0,1,0,0,1,0,1,4,0,0,0,0,0,0,0,1,0,0,0,1,0,0,1,1,0,1,0,0,1,0,2,0,1,0,0,0,0
2992,0,0,0,0,0,0,2,1,0,0,0,0,0,1,0,1,0,0,0,1,0,0,0,1,0,0,0,0,1,0,0,0,1,0,0,0,0,1,0,0,0,0,0,1,0,0,7,0,0,0,0,1,0,2,0,1,0,0,0,0,1,0,0,1,0,1,4,0,0,0,0,0,0,0,1,0,0,0,1,0,0,1,1,0,1,0,0,1,0,2,0,1,0,0,0,0
2993,0,0,0,0,0,0,2,1,0,0,0,0,0,1,0,1,0,0,0,1,0,0,0,1,0,0,0,0,1,0,0,0,1,0,0,0,0,1,0,0,0,0,0,1,0,0,7,0,0,0,0,1,0,2,0,1,0,0,0,0,1,0,0,1,0,1,4,0,0,0,0,0,0,0,1,0,0,0,0,0,0,1,1,0,1,0,0,1,0,2,0,1,0,0,0,0
2994,0,0,0,0,0,0,2,0,0,0,0,0,0,1,0,1,0,0,0,1,0,0,0,1,0,0,0,0,1,0,0,0,1,0,0,0,0,1,0,0,0,0,0,1,0,0,7,0,0,0,0,1,0,2,0,1,0,0,0,0,1,0,0,1,0,1,4,0,0,0,0,0,0,0,1,0,0,0,0,0,0,1,0,0,1,0,0,1,0,2,0,1,0,0,0,0
2995,0,0,0,0,0,0,2,0,0,0,0,0,0,1,0,1,0,0,0,1,0,0,0,1,0,0,0,0,1,0,0,0,1,0,0,0,0,1,0,0,0,0,0,1,0,0,7,0,0,0,0,0,0,2,0,1,0,0,0,0,1,0,0,1,0,1,4,0,0,0,0,0,0,0,1,0,0,0,0,0,0,1,0,0,1,0,0,1,0,2,0,1,0,0,0,0
2996,0,0,0,0,0,0,2,0,0,0,0,0,0,1,0,1,0,0,0,1,0,0,0,1,0,0,0,0,1,0,0,0,1,0,0,0,0,1,0,0,0,0,0,1,0,0,7,0,0,0,0,0,0,2,0,1,0,0,0,0,1,0,0,1,0,1,4,0,0,0,0,0,0,0,1,0,0,0,0,0,0,1,0,0,1,0,0,1,0,2,0,1,0,0,0,0
2997,0,0,0,0,0,0,2,0,0,0,0,0,0,1,0,1,0,0,0,1,0,0,0,1,0,0,0,0,1,0,0,0,1,0,0,0,0,1,0,0,0,0,0,1,0,0,7,0,0,0,0,0,0,2,0,1,0,0,0,0,1,0,0,1,0,1,4,0,0,0,0,0,0,0,1,0,0,0,0,0,0,1,0,0,1,0,0,1,0,2,0,1,0,0,0,0
2998,0,0,0,0,0,0,2,0,0,0,0,0,0,1,0,1,0,0,0,1,0,0,0,1,0,0,0,0,1,0,0,0,1,0,0,0,0,1,0,0,0,0,0,1,0,0,7,0,0,0,0,0,0,2,0,1,0,0,0,0,1,0,0,1,0,1,4,0,0,0,0,0,0,0,1,0,0,0,0,0,0,1,0,0,1,0,0,1,0,2,0,1,0,0,0,0
2999,0,0,0,0,0,0,2,0,0,0,0,0,0,1,0,1,0,0,0,1,0,0,0,1,0,0,0,0,1,0,0,0,1,0,0,0,0,1,0,0,0,0,0,1,0,0,7,0,0,0,0,0,0,2,0,1,0,0,0,0,1,0,0,1,0,1,4,0,0,0,0,0,0,0,1,0,0,0,0,0,0,1,0,0,1,0,0,1,0,2,0,1,0,0,0,0
3000,0,0,0,0,0,0,2,0,0,0,0,0,0,1,0,1,0,0,0,1,0,0,0,1,0,0,0,0,1,0,0,0,1,0,0,0,0,1,0,0,0,0,0,1,0,0,7,0,0,0,0,0,0,2,0,1,0,0,0,0,1,0,0,1,0,1,4,0,0,0,0,0,0,0,1,0,0,0,0,0,0,1,0,0,1,0,0,1,0,2,0,1,0,0,0,0
3001,0,0,0,0,0,0,2,0,0,0,0,0,0,1,0,1,0,0,0,1,0,0,0,1,0,0,0,0,1,0,0,0,1,0,0,0,0,1,0,0,0,0,0,1,0,0,6,0,0,0,0,0,0,2,0,1,0,0,0,0,1,0,0,1,0,1,4,0,0,0,0,0,0,0,1,0,0,0,0,0,0,1,0,0,1,0,0,1,0,2,0,1,0,0,0,0
3002,0,0,0,0,0,0,2,0,0,0,0,0,0,1,0,1,0,0,0,1,0,0,0,1,0,0,0,0,1,0,0,0,1,0,0,0,0,1,0,0,0,0,0,1,0,0,6,0,0,0,0,0,0,2,0,1,0,0,0,0,1,0,0,1,0,1,4,0,0,0,0,0,0,0,1,0,0,0,0,0,0,1,0,0,1,0,0,1,0,2,0,1,0,0,0,0
3003,0,0,0,0,0,0,2,0,0,0,0,0,0,1,0,1,0,0,0,1,0,0,0,1,0,0,0,0,1,0,0,0,1,0,0,0,0,1,0,0,0,0,0,1,0,0,6,0,0,0,0,0,0,2,0,1,0,0,0,0,1,0,0,1,0,1,4,0,0,0,0,0,0,0,1,0,0,0,0,0,0,1,0,0,1,0,0,1,0,2,0,1,0,0,0,0
3004,0,0,0,0,0,0,2,0,0,0,0,0,0,1,0,1,0,0,0,1,0,0,0,1,0,0,0,0,1,0,0,0,1,0,0,0,0,1,0,0,0,0,0,1,0,0,6,0,0,0,0,0,0,2,0,1,0,0,0,0,1,0,0,1,0,1,4,0,0,0,0,0,0,0,1,0,0,0,0,0,0,1,0,0,1,0,0,1,0,2,0,1,0,0,0,0
3005,0,0,0,0,0,0,2,0,0,0,0,0,0,1,0,1,0,0,0,1,0,0,0,1,0,0,0,0,1,0,0,0,1,0,0,0,0,1,0,0,0,0,0,1,0,0,6,0,0,0,0,0,0,2,0,1,0,0,0,0,1,0,0,1,0,1,4,0,0,0,0,0,0,0,1,0,0,0,0,0,0,1,0,0,1,0,0,1,0,2,0,1,0,0,0,0
3006,0,0,0,0,0,0,2,0,0,0,0,0,0,1,0,1,0,0,0,1,0,0,0,1,0,0,0,0,1,0,0,0,1,0,0,0,0,1,0,0,0,0,0,1,0,0,6,0,0,0,0,0,0,2,0,1,0,0,0,0,1,0,0,1,0,1,4,0,0,0,0,0,0,0,1,0,0,0,0,0,0,1,0,0,1,0,0,1,0,2,0,1,0,0,0,0
3007,0,0,0,0,0,0,2,0,0,0,0,0,0,1,0,1,0,0,0,1,0,0,0,1,0,0,0,0,1,0,0,0,1,0,0,0,0,1,0,0,0,0,0,1,0,0,6,0,0,0,0,0,0,2,0,1,0,0,0,0,1,0,0,1,0,1,4,0,0,0,0,0,0,0,1,0,0,0,0,0,0,1,0,0,1,0,0,1,0,2,0,1,0,0,0,0
3008,0,0,0,0,0,0,2,0,0,0,0,0,0,1,0,1,0,0,0,1,0,0,0,1,0,0,0,0,1,0,0,0,1,0,0,0,0,1,0,0,0,0,0,1,0,0,6,0,0,0,0,0,0,2,0,1,0,0,0,0,1,0,0,1,0,1,4,0,0,0,0,0,0,0,1,0,0,0,0,0,0,1,0,0,1,0,0,1,0,2,0,1,0,0,0,0
3009,0,0,0,0,0,0,2,0,0,0,0,0,0,1,0,1,0,0,0,1,0,0,0,1,0,0,0,0,1,0,0,0,1,0,0,0,0,1,0,0,0,0,0,1,0,0,6,0,0,0,0,0,0,2,0,1,0,0,0,0,1,0,0,1,0,1,4,0,0,0,0,0,0,0,1,0,0,0,0,0,0,1,0,0,1,0,0,1,0,2,0,1,0,0,0,0
3010,0,0,0,0,0,0,2,0,0,0,0,0,0,1,0,1,0,0,0,1,0,0,0,1,0,0,0,0,1,0,0,0,1,0,0,0,0,1,0,0,0,0,0,1,0,0,6,0,0,0,0,0,0,2,0,1,0,0,0,0,1,0,0,1,0,1,4,0,0,0,0,0,0,0,1,0,0,0,0,0,0,1,0,0,1,0,0,1,0,2,0,1,0,0,0,0
3011,0,0,0,0,0,0,2,0,0,0,0,0,0,1,0,1,0,0,0,1,0,0,0,1,0,0,0,0,1,0,0,0,1,0,0,0,0,1,0,0,0,0,0,1,0,0,6,0,0,0,0,0,0,2,0,1,0,0,0,0,1,0,0,1,0,1,4,0,0,0,0,0,0,0,1,0,0,0,0,0,0,1,0,0,1,0,0,1,0,2,0,1,0,0,0,0
3012,0,0,0,0,0,0,2,0,0,0,0,0,0,1,0,1,0,0,0,1,0,0,0,1,0,0,0,0,1,0,0,0,1,0,0,0,0,1,0,0,0,0,0,1,0,0,6,0,0,0,0,0,0,2,0,1,0,0,0,0,1,0,0,1,0,1,4,0,0,0,0,0,0,0,1,0,0,0,0,0,0,1,0,0,1,0,0,1,0,2,0,1,0,0,0,0
3013,0,0,0,0,0,0,2,0,0,0,0,0,0,1,0,1,0,0,0,1,0,0,0,1,0,0,0,0,1,0,0,0,1,0,0,0,0,1,0,0,0,0,0,1,0,0,6,0,0,0,0,0,0,2,0,1,0,0,0,0,1,0,0,1,0,1,4,0,0,0,0,0,0,0,1,0,0,0,0,0,0,1,0,0,1,0,0,1,0,2,0,1,0,0,0,0
3014,0,0,0,0,0,0,2,0,0,0,0,0,0,1,0,1,0,0,0,1,0,0,0,1,0,0,0,0,1,0,0,0,1,0,0,0,0,1,0,0,0,0,0,1,0,0,6,0,0,0,0,0,0,2,0,1,0,0,0,0,1,0,0,1,0,1,4,0,0,0,0,0,0,0,1,0,0,0,0,0,0,1,0,0,1,0,0,1,0,2,0,1,0,0,0,0
3015,0,0,0,0,0,0,2,0,0,0,0,0,0,1,0,1,0,0,0,1,0,0,0,1,0,0,0,0,1,0,0,0,1,0,0,0,0,1,0,0,0,0,0,1,0,0,6,0,0,0,0,0,0,2,0,0,0,0,0,0,1,0,0,1,0,1,4,0,0,0,0,0,0,0,1,0,0,0,0,0,0,1,0,0,1,0,0,1,0,2,0,1,0,0,0,0
3016,0,0,0,0,0,0,2,0,0,0,0,0,0,1,0,1,0,0,0,1,0,0,0,1,0,0,0,0,1,0,0,0,1,0,0,0,0,1,0,0,0,0,0,1,0,0,6,0,0,0,0,0,0,2,0,0,0,0,0,0,1,0,0,1,0,1,4,0,0,0,0,0,0,0,1,0,0,0,0,0,0,1,0,0,1,0,0,1,0,2,0,1,0,0,0,0
3017,0,0,0,0,0,0,2,0,0,0,0,0,0,1,0,1,0,0,0,1,0,0,0,1,0,0,0,0,1,0,0,0,1,0,0,0,0,1,0,0,0,0,0,1,0,0,6,0,0,0,0,0,0,2,0,0,0,0,0,0,1,0,0,1,0,1,4,0,0,0,0,0,0,0,1,0,0,0,0,0,0,1,0,0,1,0,0,1,0,2,0,1,0,0,0,0
3018,0,0,0,0,0,0,2,0,0,0,0,0,0,1,0,1,0,0,0,1,0,0,0,1,0,0,0,0,1,0,0,0,1,0,0,0,0,1,0,0,0,0,0,1,0,0,6,0,0,0,0,0,0,2,0,0,0,0,0,0,1,0,0,1,0,1,4,0,0,0,0,0,0,0,1,0,0,0,0,0,0,1,0,0,1,0,0,1,0,2,0,1,0,0,0,0
3019,0,0,0,0,0,0,2,0,0,0,0,0,0,1,0,1,0,0,0,1,0,0,0,1,0,0,0,0,1,0,0,0,1,0,0,0,0,1,0,0,0,0,0,1,0,0,6,0,0,0,0,0,0,2,0,0,0,0,0,0,1,0,0,1,0,1,4,0,0,0,0,0,0,0,1,0,0,0,0,0,0,1,0,0,1,0,0,1,0,2,0,1,0,0,0,0
3020,0,0,0,0,0,0,2,0,0,0,0,0,0,1,0,1,0,0,0,1,0,0,0,1,0,0,0,0,1,0,0,0,1,0,0,0,0,1,0,0,0,0,0,1,0,0,6,0,0,0,0,0,0,2,0,0,0,0,0,0,1,0,0,1,0,1,4,0,0,0,0,0,0,0,1,0,0,0,0,0,0,1,0,0,1,0,0,1,0,2,0,1,0,0,0,0
3021,0,0,0,0,0,0,2,0,0,0,0,0,0,1,0,1,0,0,0,1,0,0,0,1,0,0,0,0,1,0,0,0,1,0,0,0,0,1,0,0,0,0,0,1,0,0,6,0,0,0,0,0,0,2,0,0,0,0,0,0,1,0,0,1,0,1,4,0,0,0,0,0,0,0,1,0,0,0,0,0,0,1,0,0,1,0,0,1,0,2,0,1,0,0,0,0
3022,0,0,0,0,0,0,2,0,0,0,0,0,0,1,0,1,0,0,0,1,0,0,0,1,0,0,0,0,1,0,0,0,1,0,0,0,0,1,0,0,0,0,0,1,0,0,6,0,0,0,0,0,0,2,0,0,0,0,0,0,1,0,0,1,0,1,4,0,0,0,0,0,0,0,1,0,0,0,0,0,0,1,0,0,1,0,0,1,0,2,0,1,0,0,0,0
3023,0,0,0,0,0,0,2,0,0,0,0,0,0,1,0,1,0,0,0,1,0,0,0,1,0,0,0,0,1,0,0,0,1,0,0,0,0,1,0,0,0,0,0,1,0,0,6,0,0,0,0,0,0,2,0,0,0,0,0,0,1,0,0,1,0,1,4,0,0,0,0,0,0,0,1,0,0,0,0,0,0,1,0,0,1,0,0,1,0,2,0,1,0,0,0,0
3024,0,0,0,0,0,0,2,0,0,0,0,0,0,1,0,1,0,0,0,1,0,0,0,1,0,0,0,0,1,0,0,0,1,0,0,0,0,1,0,0,0,0,0,1,0,0,6,0,0,0,0,0,0,2,0,0,0,0,0,0,1,0,0,1,0,1,4,0,0,0,0,0,0,0,1,0,0,0,0,0,0,1,0,0,1,0,0,1,0,2,0,1,0,0,0,0
