,D0,D1,D2,D3,D4,D5,D6,D7,D8,D9,D10,D11,D12,D13,D14,D15,D16,D17,D18,D19,D20,D21,D22,D23,D24,D25,D26,D27,D28,D29,D30,D31,D32,D33,D34,D35,D36,D37,D38,D39,D40,D41,D42,D43,D44,D45,D46,D47,D48,D49,D50,D51,D52,D53,D54,D55,D56,D57,D58,D59,D60,D61,D62,D63,D64,D65,D66,D67,D68,D69,D70,D71,D72,D73,D74,D75,D76,D77,D78,D79,D80,D81,D82,D83,D84,D85,D86,D87,D88,D89,D90,D91,D92,D93,D94,D95
0,0,0,0,0,0,0,0,0,0,0,0,0,0,0,0,0,0,0,0,0,0,0,0,0,0,0,0,0,0,0,0,0,0,0,0,0,0,0,0,0,0,0,0,0,0,0,0,0,0,0,0,0,0,0,0,0,0,0,0,0,0,0,0,0,0,0,0,0,0,0,0,0,0,0,0,0,0,0,0,0,0,0,0,0,0,0,0,0,0,0,0,0,0,0,0,0
1,0,0,0,0,0,0,0,0,0,0,0,0,0,0,0,0,0,0,0,0,0,0,0,0,0,0,0,0,0,0,0,0,0,0,0,0,0,0,0,0,0,0,0,0,0,0,0,0,0,0,0,0,0,0,0,0,0,0,0,0,0,0,0,0,0,0,0,0,0,0,0,0,0,0,0,0,0,0,0,0,0,0,0,0,0,0,0,0,0,0,0,0,0,0,0,0
2,0,0,0,0,0,0,0,0,0,0,0,0,0,0,0,0,0,0,0,0,0,0,0,0,0,0,0,0,0,0,0,0,0,0,0,0,0,0,0,0,0,0,0,0,0,0,0,0,0,0,0,0,0,0,0,0,0,0,0,0,0,0,0,0,0,0,0,0,0,0,0,0,0,0,0,0,0,0,0,0,0,0,0,0,0,0,0,0,0,0,0,0,0,0,0,0
3,0,0,0,0,0,0,0,0,0,0,0,0,0,0,0,0,0,0,0,0,0,0,0,0,0,0,0,0,0,0,0,0,0,0,0,0,0,0,0,0,0,0,0,0,0,0,0,0,0,0,0,0,0,0,0,0,0,0,0,0,0,0,0,0,0,0,0,0,0,0,0,0,0,0,0,0,0,0,0,0,0,0,0,0,0,0,0,0,0,0,0,0,0,0,0,0
4,0,0,0,0,0,0,0,0,0,0,0,0,0,0,0,0,0,0,0,0,0,0,0,0,0,0,0,0,0,0,0,0,0,0,0,0,0,0,0,0,0,0,0,0,0,0,0,0,0,0,0,0,0,0,0,0,0,0,0,0,0,0,0,0,0,0,0,0,0,0,0,0,0,0,0,0,0,0,0,0,0,0,0,0,0,0,0,0,0,0,0,0,0,0,0,0
5,0,0,0,0,0,0,0,0,0,0,0,0,0,0,0,0,0,0,0,0,0,0,0,0,0,0,0,0,0,0,0,0,0,0,0,0,0,0,0,0,0,0,0,0,0,0,0,0,0,0,0,0,0,0,0,0,0,0,0,0,0,0,0,0,0,0,0,0,0,0,0,0,0,0,0,0,0,0,0,0,0,0,0,0,0,0,0,0,0,0,0,0,0,0,0,0
6,0,0,0,0,0,0,0,0,0,0,0,0,0,0,0,0,0,0,0,0,0,0,0,0,0,0,0,0,0,0,0,0,0,0,0,0,0,0,0,0,0,0,0,0,0,0,0,0,0,0,0,0,0,0,0,0,0,0,0,0,0,0,0,0,0,0,0,0,0,0,0,0,0,0,0,0,0,0,0,0,0,0,0,0,0,0,0,0,0,0,0,0,0,0,0,0
7,0,0,0,0,0,0,0,0,0,0,0,0,0,0,0,0,0,0,0,0,0,0,0,0,0,0,0,0,0,0,0,0,0,0,0,0,0,0,0,0,0,0,0,0,0,0,0,0,0,0,0,0,0,0,0,0,0,0,0,0,0,0,0,0,0,0,0,0,0,0,0,0,0,0,0,0,0,0,0,0,0,0,0,0,0,0,0,0,0,0,0,0,0,0,0,0
8,0,0,0,0,0,0,0,0,0,0,0,0,0,0,0,0,0,0,0,0,0,0,0,0,0,0,0,0,0,0,0,0,0,0,0,0,0,0,0,0,0,0,0,0,0,0,0,0,0,0,0,0,0,0,0,0,0,0,0,0,0,0,0,0,0,0,0,0,0,0,0,0,0,0,0,0,0,0,0,0,0,0,0,0,0,0,0,0,0,0,0,0,0,0,0,0
9,0,0,0,0,0,0,0,0,0,0,0,0,0,0,0,0,0,0,0,0,0,0,0,0,0,0,0,0,0,0,0,0,0,0,0,0,0,0,0,0,0,0,0,0,0,0,0,0,0,0,0,0,0,0,0,0,0,0,0,0,0,0,0,0,0,0,0,0,0,0,0,0,0,0,0,0,0,0,0,0,0,0,0,0,0,0,0,0,0,0,0,0,0,0,0,0
10,0,0,0,0,0,0,0,0,0,0,0,0,0,0,0,0,0,0,0,0,0,0,0,0,0,0,0,0,0,0,0,0,0,0,0,0,0,0,0,0,0,0,0,0,0,0,0,0,0,0,0,0,0,0,0,0,0,0,0,0,0,0,0,0,0,0,0,0,0,0,0,0,0,0,0,0,0,0,0,0,0,0,0,0,0,0,0,0,0,0,0,0,0,0,0,0
11,0,0,0,0,0,0,0,0,0,0,0,0,0,0,0,0,0,0,0,0,0,0,0,0,0,0,0,0,0,0,0,0,0,0,0,0,0,0,0,0,0,0,0,0,0,0,0,0,0,0,0,0,0,0,0,0,0,0,0,0,0,0,0,0,0,0,0,0,0,0,0,0,0,0,0,0,0,0,0,0,0,0,0,0,0,0,0,0,0,0,0,0,0,0,0,0
12,0,0,0,0,0,0,0,0,0,0,0,0,0,0,0,0,0,0,0,0,0,0,0,0,0,0,0,0,0,0,0,0,0,0,0,0,0,0,0,0,0,0,0,0,0,0,0,0,0,0,0,0,0,0,0,0,0,0,0,0,0,0,0,0,0,0,0,0,0,0,0,0,0,0,0,0,0,0,0,0,0,0,0,0,0,0,0,0,0,0,0,0,0,0,0,0
13,0,0,0,0,0,0,0,0,0,0,0,0,0,0,0,0,0,0,0,0,0,0,0,0,0,0,0,0,0,0,0,0,0,0,0,0,0,0,0,0,0,0,0,0,0,0,0,0,0,0,0,0,0,0,0,0,0,0,0,0,0,0,0,0,0,0,0,0,0,0,0,0,0,0,0,0,0,0,0,0,0,0,0,0,0,0,0,0,0,0,0,0,0,0,0,0
14,0,0,0,0,0,0,0,0,0,0,0,0,0,0,0,0,0,0,0,0,0,0,0,0,0,0,0,0,0,0,0,0,0,0,0,0,0,0,0,0,0,0,0,0,0,0,0,0,0,0,0,0,0,0,0,0,0,0,0,0,0,0,0,0,0,0,0,0,0,0,0,0,0,0,0,0,0,0,0,0,0,0,0,0,0,0,0,0,0,0,0,0,0,0,0,0
15,0,0,0,0,0,0,0,0,0,0,0,0,0,0,0,0,0,0,0,0,0,0,0,0,0,0,0,0,0,0,0,0,0,0,0,0,0,0,0,0,0,0,0,0,0,0,0,0,0,0,0,0,0,0,0,0,0,0,0,0,0,0,0,0,0,0,0,0,0,0,0,0,0,0,0,0,0,0,0,0,0,0,0,0,0,0,0,0,0,0,0,0,0,0,0,0
16,0,0,0,0,0,0,0,0,0,0,0,0,0,0,0,0,0,0,0,0,0,0,0,0,0,0,0,0,0,0,0,0,0,0,0,0,0,0,0,0,0,0,0,0,0,0,0,0,0,0,0,0,0,0,0,0,0,0,0,0,0,0,0,0,0,0,0,0,0,0,0,0,0,0,0,0,0,0,0,0,0,0,0,0,0,0,0,0,0,0,0,0,0,0,0,0
17,0,0,0,0,0,0,0,0,0,0,0,0,0,0,0,0,0,0,0,0,0,0,0,0,0,0,0,0,0,0,0,0,0,0,0,0,0,0,0,0,0,0,0,0,0,0,0,0,0,0,0,0,0,0,0,0,0,0,0,0,0,0,0,0,0,0,0,0,0,0,0,0,0,0,0,0,0,0,0,0,0,0,0,0,0,0,0,0,0,0,0,0,0,0,0,0
18,0,0,0,0,0,0,0,0,0,0,0,0,0,0,0,0,0,0,0,0,0,0,0,0,0,0,0,0,0,0,0,0,0,0,0,0,0,0,0,0,0,0,0,0,0,0,0,0,0,0,0,0,0,0,0,0,0,0,0,0,0,0,0,0,0,0,0,0,0,0,0,0,0,0,0,0,0,0,0,0,0,0,0,0,0,0,0,0,0,0,0,0,0,0,0,0
19,0,0,0,0,0,0,0,0,0,0,0,0,0,0,0,0,0,0,0,0,0,0,0,0,0,0,0,0,0,0,0,0,0,0,0,0,0,0,0,0,0,0,0,0,0,0,0,0,0,0,0,0,0,0,0,0,0,0,0,0,0,0,0,0,0,0,0,0,0,0,0,0,0,0,0,0,0,0,0,0,0,0,0,0,0,0,0,0,0,0,0,0,0,0,0,0
20,0,0,0,0,0,0,0,0,0,0,0,0,0,0,0,0,0,0,0,0,0,0,0,0,0,0,0,0,0,0,0,0,0,0,0,0,0,0,0,0,0,0,0,0,0,0,0,0,0,0,0,0,0,0,0,0,0,0,0,0,0,0,0,0,0,0,0,0,0,0,0,0,0,0,0,0,0,0,0,0,0,0,0,0,0,0,0,0,0,0,0,0,0,0,0,0
21,0,0,0,0,0,0,0,0,0,0,0,0,0,0,0,0,0,0,0,0,0,0,0,0,0,0,0,0,0,0,0,0,0,0,0,0,0,0,0,0,0,0,0,0,0,0,0,0,0,0,0,0,0,0,0,0,0,0,0,0,0,0,0,0,0,0,0,0,0,0,0,0,0,0,0,0,0,0,0,0,0,0,0,0,0,0,0,0,0,0,0,0,0,0,0,0
22,0,0,0,0,0,0,0,0,0,0,0,0,0,0,0,0,0,0,0,0,0,0,0,0,0,0,0,0,0,0,0,0,0,0,0,0,0,0,0,0,0,0,0,0,0,0,0,0,0,0,0,0,0,0,0,0,0,0,0,0,0,0,0,0,0,0,0,0,0,0,0,0,0,0,0,0,0,0,0,0,0,0,0,0,0,0,0,0,0,0,0,0,0,0,0,0
23,0,0,0,0,0,0,0,0,0,0,0,0,0,0,0,0,0,0,0,0,0,0,0,0,0,0,0,0,0,0,0,0,0,0,0,0,0,0,0,0,0,0,0,0,0,0,0,0,0,0,0,0,0,0,0,0,0,0,0,0,0,0,0,0,0,0,0,0,0,0,0,0,0,0,0,0,0,0,0,0,0,0,0,0,0,0,0,0,0,0,0,0,0,0,0,0
24,0,0,0,0,0,0,0,0,0,0,0,0,0,0,0,0,0,0,0,0,0,0,0,0,0,0,0,0,0,0,0,0,0,0,0,0,0,0,0,0,0,0,0,0,0,0,0,0,0,0,0,0,0,0,0,0,0,0,0,0,0,0,0,0,0,0,0,0,0,0,0,0,0,0,0,0,0,0,0,0,0,0,0,0,0,0,0,0,0,0,0,0,0,0,0,0
25,0,0,0,0,0,0,0,0,0,0,0,0,0,0,0,0,0,0,0,0,0,0,0,0,0,0,0,0,0,0,0,0,0,0,0,0,0,0,0,0,0,0,0,0,0,0,0,0,0,0,0,0,0,0,0,0,0,0,0,0,0,0,0,0,0,0,0,0,0,0,0,0,0,0,0,0,0,0,0,0,0,0,0,0,0,0,0,0,0,0,0,0,0,0,0,0
26,0,0,0,0,0,0,0,0,0,0,0,0,0,0,0,0,0,0,0,0,0,0,0,0,0,0,0,0,0,0,0,0,0,0,0,0,0,0,0,0,0,0,0,0,0,0,0,0,0,0,0,0,0,0,0,0,0,0,0,0,0,0,0,0,0,0,0,0,0,0,0,0,0,0,0,0,0,0,0,0,0,0,0,0,0,0,0,0,0,0,0,0,0,0,0,0
27,0,0,0,0,0,0,0,0,0,0,0,0,0,0,0,0,0,0,0,0,0,0,0,0,0,0,0,0,0,0,0,0,0,0,0,0,0,0,0,0,0,0,0,0,0,0,0,0,0,0,0,0,0,0,0,0,0,0,0,0,0,0,0,0,0,0,0,0,0,0,0,0,0,0,0,0,0,0,0,0,0,0,0,0,0,0,0,0,0,0,0,0,0,0,0,0
28,0,0,0,0,0,0,0,0,0,0,0,0,0,0,0,0,0,0,0,0,0,0,0,0,0,0,0,0,0,0,0,0,0,0,0,0,0,0,0,0,0,0,0,0,0,0,0,0,0,0,0,0,0,0,0,0,0,0,0,0,0,0,0,0,0,0,0,0,0,0,0,0,0,0,0,0,0,0,0,0,0,0,0,0,0,0,0,0,0,0,0,0,0,0,0,0
29,0,0,0,0,0,0,0,0,0,0,0,0,0,0,0,0,0,0,0,0,0,0,0,0,0,0,0,0,0,0,0,0,0,0,0,0,0,0,0,0,0,0,0,0,0,0,0,0,0,0,0,0,0,0,0,0,0,0,0,0,0,0,0,0,0,0,0,0,0,0,0,0,0,0,0,0,0,0,0,0,0,0,0,0,0,0,0,0,0,0,0,0,0,0,0,0
30,0,0,0,0,0,0,0,0,0,0,0,0,0,0,0,0,0,0,0,0,0,0,0,0,0,0,0,0,0,0,0,0,0,0,0,0,0,0,0,0,0,0,0,0,0,0,0,0,0,0,0,0,0,0,0,0,0,0,0,0,0,0,0,0,0,0,0,0,0,0,0,0,0,0,0,0,0,0,0,0,0,0,0,0,0,0,0,0,0,0,0,0,0,0,0,0
31,0,0,0,0,0,0,0,0,0,0,0,0,0,0,0,0,0,0,0,0,0,0,0,0,0,0,0,0,0,0,0,0,0,0,0,0,0,0,0,0,0,0,0,0,0,0,0,0,0,0,0,0,0,0,0,0,0,0,0,0,0,0,0,0,0,0,0,0,0,0,0,0,0,0,0,0,0,0,0,0,0,0,0,0,0,0,0,0,0,0,0,0,0,0,0,0
32,0,0,0,0,0,0,0,0,0,0,0,0,0,0,0,0,0,0,0,0,0,0,0,0,0,0,0,0,0,0,0,0,0,0,0,0,0,0,0,0,0,0,0,0,0,0,0,0,0,0,0,0,0,0,0,0,0,0,0,0,0,0,0,0,0,0,0,0,0,0,0,0,0,0,0,0,0,0,0,0,0,0,0,0,0,0,0,0,0,0,0,0,0,0,0,0
33,0,0,0,0,0,0,0,0,0,0,0,0,0,0,0,0,0,0,0,0,0,0,0,0,0,0,0,0,0,0,0,0,0,0,0,0,0,0,0,0,0,0,0,0,0,0,0,0,0,0,0,0,0,0,0,0,0,0,0,0,0,0,0,0,0,0,0,0,0,0,0,0,0,0,0,0,0,0,0,0,0,0,0,0,0,0,0,0,0,0,0,0,0,0,0,0
34,0,0,0,0,0,0,0,0,0,0,0,0,0,0,0,0,0,0,0,0,0,0,0,0,0,0,0,0,0,0,0,0,0,0,0,0,0,0,0,0,0,0,0,0,0,0,0,0,0,0,0,0,0,0,0,0,0,0,0,0,0,0,0,0,0,0,0,0,0,0,0,0,0,0,0,0,0,0,0,0,0,0,0,0,0,0,0,0,0,0,0,0,0,0,0,0
35,0,0,0,0,0,0,0,0,0,0,0,0,0,0,0,0,0,0,0,0,0,0,0,0,0,0,0,0,0,0,0,0,0,0,0,0,0,0,0,0,0,0,0,0,0,0,0,0,0,0,0,0,0,0,0,0,0,0,0,0,0,0,0,0,0,0,0,0,0,0,0,0,0,0,0,0,0,0,0,0,0,0,0,0,0,0,0,0,0,0,0,0,0,0,0,0
36,0,0,0,0,0,0,0,0,0,0,0,0,0,0,0,0,0,0,0,0,0,0,0,0,0,0,0,0,0,0,0,0,0,0,0,0,0,0,0,0,0,0,0,0,0,0,0,0,0,0,0,0,0,0,0,0,0,0,0,0,0,0,0,0,0,0,0,0,0,0,0,0,0,0,0,0,0,0,0,0,0,0,0,0,0,0,0,0,0,0,0,0,0,0,0,0
37,0,0,0,0,0,0,0,0,0,0,0,0,0,0,0,0,0,0,0,0,0,0,0,0,0,0,0,0,0,0,0,0,0,0,0,0,0,0,0,0,0,0,0,0,0,0,0,0,0,0,0,0,0,0,0,0,0,0,0,0,0,0,0,0,0,0,0,0,0,0,0,0,0,0,0,0,0,0,0,0,0,0,0,0,0,0,0,0,0,0,0,0,0,0,0,0
38,0,0,0,0,0,0,0,0,0,0,0,0,0,0,0,0,0,0,0,0,0,0,0,0,0,0,0,0,0,0,0,0,0,0,0,0,0,0,0,0,0,0,0,0,0,0,0,0,0,0,0,0,0,0,0,0,0,0,0,0,0,0,0,0,0,0,0,0,0,0,0,0,0,0,0,0,0,0,0,0,0,0,0,0,0,0,0,0,0,0,0,0,0,0,0,0
39,0,0,0,0,0,0,0,0,0,0,0,0,0,0,0,0,0,0,0,0,0,0,0,0,0,0,0,0,0,0,0,0,0,0,0,0,0,0,0,0,0,0,0,0,0,0,0,0,0,0,0,0,0,0,0,0,0,0,0,0,0,0,0,0,0,0,0,0,0,0,0,0,0,0,0,0,0,0,0,0,0,0,0,0,0,0,0,0,0,0,0,0,0,0,0,0
40,0,0,0,0,0,0,0,0,0,0,0,0,0,0,0,0,0,0,0,0,0,0,0,0,0,0,0,0,0,0,0,0,0,0,0,0,0,0,0,0,0,0,0,0,0,0,0,0,0,0,0,0,0,0,0,0,0,0,0,0,0,0,0,0,0,0,0,0,0,0,0,0,0,0,0,0,0,0,0,0,0,0,0,0,0,0,0,0,0,0,0,0,0,0,0,0
41,0,0,0,0,0,0,0,0,0,0,0,0,0,0,0,0,0,0,0,0,0,0,0,0,0,0,0,0,0,0,0,0,0,0,0,0,0,0,0,0,0,0,0,0,0,0,0,0,0,0,0,0,0,0,0,0,0,0,0,0,0,0,0,0,0,0,0,0,0,0,0,0,0,0,0,0,0,0,0,0,0,0,0,0,0,0,0,0,0,0,0,0,0,0,0,0
42,0,0,0,0,0,0,0,0,0,0,0,0,0,0,0,0,0,0,0,0,0,0,0,0,0,0,0,0,0,0,0,0,0,0,0,0,0,0,0,0,0,0,0,0,0,0,0,0,0,0,0,0,0,0,0,0,0,0,0,0,0,0,0,0,0,0,0,0,0,0,0,0,0,0,0,0,0,0,0,0,0,0,0,0,0,0,0,0,0,0,0,0,0,0,0,0
43,0,0,0,0,0,0,0,0,0,0,0,0,0,0,0,0,0,0,0,0,0,0,0,0,0,0,0,0,0,0,0,0,0,0,0,0,0,0,0,0,0,0,0,0,0,0,0,0,0,0,0,0,0,0,0,0,0,0,0,0,0,0,0,0,0,0,0,0,0,0,0,0,0,0,0,0,0,0,0,0,0,0,0,0,0,0,0,0,0,0,0,0,0,0,0,0
44,0,0,0,0,0,0,0,0,0,0,0,0,0,0,0,0,0,0,0,0,0,0,0,0,0,0,0,0,0,0,0,0,0,0,0,0,0,0,0,0,0,0,0,0,0,0,0,0,0,0,0,0,0,0,0,0,0,0,0,0,0,0,0,0,0,0,0,0,0,0,0,0,0,0,0,0,0,0,0,0,0,0,0,0,0,0,0,0,0,0,0,0,0,0,0,0
45,0,0,0,0,0,0,0,0,0,0,0,0,0,0,0,0,0,0,0,0,0,0,0,0,0,0,0,0,0,0,0,0,0,0,0,0,0,0,0,0,0,0,0,0,0,0,0,0,0,0,0,0,0,0,0,0,0,0,0,0,0,0,0,0,0,0,0,0,0,0,0,0,0,0,0,0,0,0,0,0,0,0,0,0,0,0,0,0,0,0,0,0,0,0,0,0
46,0,0,0,0,0,0,0,0,0,0,0,0,0,0,0,0,0,0,0,0,0,0,0,0,0,0,0,0,0,0,0,0,0,0,0,0,0,0,0,0,0,0,0,0,0,0,0,0,0,0,0,0,0,0,0,0,0,0,0,0,0,0,0,0,0,0,0,0,0,0,0,0,0,0,0,0,0,0,0,0,0,0,0,0,0,0,0,0,0,0,0,0,0,0,0,0
47,0,0,0,0,0,0,0,0,0,0,0,0,0,0,0,0,0,0,0,0,0,0,0,0,0,0,0,0,0,0,0,0,0,0,0,0,0,0,0,0,0,0,0,0,0,0,0,0,0,0,0,0,0,0,0,0,0,0,0,0,0,0,0,0,0,0,0,0,0,0,0,0,0,0,0,0,0,0,0,0,0,0,0,0,0,0,0,0,0,0,0,0,0,0,0,0
48,0,0,0,0,0,0,0,0,0,0,0,0,0,0,0,0,0,0,0,0,0,0,0,0,0,0,0,0,0,0,0,0,0,0,0,0,0,0,0,0,0,0,0,0,0,0,0,0,0,0,0,0,0,0,0,0,0,0,0,0,0,0,0,0,0,0,0,0,0,0,0,0,0,0,0,0,0,0,0,0,0,0,0,0,0,0,0,0,0,0,0,0,0,0,0,0
49,0,0,0,0,0,0,0,0,0,0,0,0,0,0,0,0,0,0,0,0,0,0,0,0,0,0,0,0,0,0,0,0,0,0,0,0,0,0,0,0,0,0,0,0,0,0,0,0,0,0,0,0,0,0,0,0,0,0,0,0,0,0,0,0,0,0,0,0,0,0,0,0,0,0,0,0,0,0,0,0,0,0,0,0,0,0,0,0,0,0,0,0,0,0,0,0
50,0,0,0,0,0,0,0,0,0,0,0,0,0,0,0,0,0,0,0,0,0,0,0,0,0,0,0,0,0,0,0,0,0,0,0,0,0,0,0,0,0,0,0,0,0,0,0,0,0,0,0,0,0,0,0,0,0,0,0,0,0,0,0,0,0,0,0,0,0,0,0,0,0,0,0,0,0,0,0,0,0,0,0,0,0,0,0,0,0,0,0,0,0,0,0,0
51,0,0,0,0,0,0,0,0,0,0,0,0,0,0,0,0,0,0,0,0,0,0,0,0,0,0,0,0,0,0,0,0,0,0,0,0,0,0,0,0,0,0,0,0,0,0,0,0,0,0,0,0,0,0,0,0,0,0,0,0,0,0,0,0,0,0,0,0,0,0,0,0,0,0,0,0,0,0,0,0,0,0,0,0,0,0,0,0,0,0,0,0,0,0,0,0
52,0,0,0,0,0,0,0,0,0,0,0,0,0,0,0,0,0,0,0,0,0,0,0,0,0,0,0,0,0,0,0,0,0,0,0,0,0,0,0,0,0,0,0,0,0,0,0,0,0,0,0,0,0,0,0,0,0,0,0,0,0,0,0,0,0,0,0,0,0,0,0,0,0,0,0,0,0,0,0,0,0,0,0,0,0,0,0,0,0,0,0,0,0,0,0,0
53,0,0,0,0,0,0,0,0,0,0,0,0,0,0,0,0,0,0,0,0,0,0,0,0,0,0,0,0,0,0,0,0,0,0,0,0,0,0,0,0,0,0,0,0,0,0,0,0,0,0,0,0,0,0,0,0,0,0,0,0,0,0,0,0,0,0,0,0,0,0,0,0,0,0,0,0,0,0,0,0,0,0,0,0,0,0,0,0,0,0,0,0,0,0,0,0
54,0,0,0,0,0,0,0,0,0,0,0,0,0,0,0,0,0,0,0,0,0,0,0,0,0,0,0,0,0,0,0,0,0,0,0,0,0,0,0,0,0,0,0,0,0,0,0,0,0,0,0,0,0,0,0,0,0,0,0,0,0,0,0,0,0,0,0,0,0,0,0,0,0,0,0,0,0,0,0,0,0,0,0,0,0,0,0,0,0,0,0,0,0,0,0,0
55,0,0,0,0,0,0,0,0,0,0,0,0,0,0,0,0,0,0,0,0,0,0,0,0,0,0,0,0,0,0,0,0,0,0,0,0,0,0,0,0,0,0,0,0,0,0,0,0,0,0,0,0,0,0,0,0,0,0,0,0,0,0,0,0,0,0,0,0,0,0,0,0,0,0,0,0,0,0,0,0,0,0,0,0,0,0,0,0,0,0,0,0,0,0,0,0
56,0,0,0,0,0,0,0,0,0,0,0,0,0,0,0,0,0,0,0,0,0,0,0,0,0,0,0,0,0,0,0,0,0,0,0,0,0,0,0,0,0,0,0,0,0,0,0,0,0,0,0,0,0,0,0,0,0,0,0,0,0,0,0,0,0,0,0,0,0,0,0,0,0,0,0,0,0,0,0,0,0,0,0,0,0,0,0,0,0,0,0,0,0,0,0,0
57,0,0,0,0,0,0,0,0,0,0,0,0,0,0,0,0,0,0,0,0,0,0,0,0,0,0,0,0,0,0,0,0,0,0,0,0,0,0,0,0,0,0,0,0,0,0,0,0,0,0,0,0,0,0,0,0,0,0,0,0,0,0,0,0,0,0,0,0,0,0,0,0,0,0,0,0,0,0,0,0,0,0,0,0,0,0,0,0,0,0,0,0,0,0,0,0
58,0,0,0,0,0,0,0,0,0,0,0,0,0,0,0,0,0,0,0,0,0,0,0,0,0,0,0,0,0,0,0,0,0,0,0,0,0,0,0,0,0,0,0,0,0,0,0,0,0,0,0,0,0,0,0,0,0,0,0,0,0,0,0,0,0,0,0,0,0,0,0,0,0,0,0,0,0,0,0,0,0,0,0,0,0,0,0,0,0,0,0,0,0,0,0,0
59,0,0,0,0,0,0,0,0,0,0,0,0,0,0,0,0,0,0,0,0,0,0,0,0,0,0,0,0,0,0,0,0,0,0,0,0,0,0,0,0,0,0,0,0,0,0,0,0,0,0,0,0,0,0,0,0,0,0,0,0,0,0,0,0,0,0,0,0,0,0,0,0,0,0,0,0,0,0,0,0,0,0,0,0,0,0,0,0,0,0,0,0,0,0,0,0
60,0,0,0,0,0,0,0,0,0,0,0,0,0,0,0,0,0,0,0,0,0,0,0,0,0,0,0,0,0,0,0,0,0,0,0,0,0,0,0,0,0,0,0,0,0,0,0,0,0,0,0,0,0,0,0,0,0,0,0,0,0,0,0,0,0,0,0,0,0,0,0,0,0,0,0,0,0,0,0,0,0,0,0,0,0,0,0,0,0,0,0,0,0,0,0,0
61,0,0,0,0,0,0,0,0,0,0,0,0,0,0,0,0,0,0,0,0,0,0,0,0,0,0,0,0,0,0,0,0,0,0,0,0,0,0,0,0,0,0,0,0,0,0,0,0,0,0,0,0,0,0,0,0,0,0,0,0,0,0,0,0,0,0,0,0,0,0,0,0,0,0,0,0,0,0,0,0,0,0,0,0,0,0,0,0,0,0,0,0,0,0,0,0
62,0,0,0,0,0,0,0,0,0,0,0,0,0,0,0,0,0,0,0,0,0,0,0,0,0,0,0,0,0,0,0,0,0,0,0,0,0,0,0,0,0,0,0,0,0,0,0,0,0,0,0,0,0,0,0,0,0,0,0,0,0,0,0,0,0,0,0,0,0,0,0,0,0,0,0,0,0,0,0,0,0,0,0,0,0,0,0,0,0,0,0,0,0,0,0,0
63,0,0,0,0,0,0,0,0,0,0,0,0,0,0,0,0,0,0,0,0,0,0,0,0,0,0,0,0,0,0,0,0,0,0,0,0,0,0,0,0,0,0,0,0,0,0,0,0,0,0,0,0,0,0,0,0,0,0,0,0,0,0,0,0,0,0,0,0,0,0,0,0,0,0,0,0,0,0,0,0,0,0,0,0,0,0,0,0,0,0,0,0,0,0,0,0
64,0,0,0,0,0,0,0,0,0,0,0,0,0,0,0,0,0,0,0,0,0,0,0,0,0,0,0,0,0,0,0,0,0,0,0,0,0,0,0,0,0,0,0,0,0,0,0,0,0,0,0,0,0,0,0,0,0,0,0,0,0,0,0,0,0,0,0,0,0,0,0,0,0,0,0,0,0,0,0,0,0,0,0,0,0,0,0,0,0,0,0,0,0,0,0,0
65,0,0,0,0,0,0,0,0,0,0,0,0,0,0,0,0,0,0,0,0,0,0,0,0,0,0,0,0,0,0,0,0,0,0,0,0,0,0,0,0,0,0,0,0,0,0,0,0,0,0,0,0,0,0,0,0,0,0,0,0,0,0,0,0,0,0,0,0,0,0,0,0,0,0,0,0,0,0,0,0,0,0,0,0,0,0,0,0,0,0,0,0,0,0,0,0
66,0,0,0,0,0,0,0,0,0,0,0,0,0,0,0,0,0,0,0,0,0,0,0,0,0,0,0,0,0,0,0,0,0,0,0,0,0,0,0,0,0,0,0,0,0,0,0,0,0,0,0,0,0,0,0,0,0,0,0,0,0,0,0,0,0,0,0,0,0,0,0,0,0,0,0,0,0,0,0,0,0,0,0,0,0,0,0,0,0,0,0,0,0,0,0,0
67,0,0,0,0,0,0,0,0,0,0,0,0,0,0,0,0,0,0,0,0,0,0,0,0,0,0,0,0,0,0,0,0,0,0,0,0,0,0,0,0,0,0,0,0,0,0,0,0,0,0,0,0,0,0,0,0,0,0,0,0,0,0,0,0,0,0,0,0,0,0,0,0,0,0,0,0,0,0,0,0,0,0,0,0,0,0,0,0,0,0,0,0,0,0,0,0
68,0,0,0,0,0,0,0,0,0,0,0,0,0,0,0,0,0,0,0,0,0,0,0,0,0,0,0,0,0,0,0,0,0,0,0,0,0,0,0,0,0,0,0,0,0,0,0,0,0,0,0,0,0,0,0,0,0,0,0,0,0,0,0,0,0,0,0,0,0,0,0,0,0,0,0,0,0,0,0,0,0,0,0,0,0,0,0,0,0,0,0,0,0,0,0,0
69,0,0,0,0,0,0,0,0,0,0,0,0,0,0,0,0,0,0,0,0,0,0,0,0,0,0,0,0,0,0,0,0,0,0,0,0,0,0,0,0,0,0,0,0,0,0,0,0,0,0,0,0,0,0,0,0,0,0,0,0,0,0,0,0,0,0,0,0,0,0,0,0,0,0,0,0,0,0,0,0,0,0,0,0,0,0,0,0,0,0,0,0,0,0,0,0
70,0,0,0,0,0,0,0,0,0,0,0,0,0,0,0,0,0,0,0,0,0,0,0,0,0,0,0,0,0,0,0,0,0,0,0,0,0,0,0,0,0,0,0,0,0,0,0,0,0,0,0,0,0,0,0,0,0,0,0,0,0,0,0,0,0,0,0,0,0,0,0,0,0,0,0,0,0,0,0,0,0,0,0,0,0,0,0,0,0,0,0,0,0,0,0,0
71,0,0,0,0,0,0,0,0,0,0,0,0,0,0,0,0,0,0,0,0,0,0,0,0,0,0,0,0,0,0,0,0,0,0,0,0,0,0,0,0,0,0,0,0,0,0,0,0,0,0,0,0,0,0,0,0,0,0,0,0,0,0,0,0,0,0,0,0,0,0,0,0,0,0,0,0,0,0,0,0,0,0,0,0,0,0,0,0,0,0,0,0,0,0,0,0
72,0,0,0,0,0,0,0,0,0,0,0,0,0,0,0,0,0,0,0,0,0,0,0,0,0,0,0,0,0,0,0,0,0,0,0,0,0,0,0,0,0,0,0,0,0,0,0,0,0,0,0,0,0,0,0,0,0,0,0,0,0,0,0,0,0,0,0,0,0,0,0,0,0,0,0,0,0,0,0,0,0,0,0,0,0,0,0,0,0,0,0,0,0,0,0,0
73,0,0,0,0,0,0,0,0,0,0,0,0,0,0,0,0,0,0,0,0,0,0,0,0,0,0,0,0,0,0,0,0,0,0,0,0,0,0,0,0,0,0,0,0,0,0,0,0,0,0,0,0,0,0,0,0,0,0,0,0,0,0,0,0,0,0,0,0,0,0,0,0,0,0,0,0,0,0,0,0,0,0,0,0,0,0,0,0,0,0,0,0,0,0,0,0
74,0,0,0,0,0,0,0,0,0,0,0,0,0,0,0,0,0,0,0,0,0,0,0,0,0,0,0,0,0,0,0,0,0,0,0,0,0,0,0,0,0,0,0,0,0,0,0,0,0,0,0,0,0,0,0,0,0,0,0,0,0,0,0,0,0,0,0,0,0,0,0,0,0,0,0,0,0,0,0,0,0,0,0,0,0,0,0,0,0,0,0,0,0,0,0,0
75,0,0,0,0,0,0,0,0,0,0,0,0,0,0,0,0,0,0,0,0,0,0,0,0,0,0,0,0,0,0,0,0,0,0,0,0,0,0,0,0,0,0,0,0,0,0,0,0,0,0,0,0,0,0,0,0,0,0,0,0,0,0,0,0,0,0,0,0,0,0,0,0,0,0,0,0,0,0,0,0,0,0,0,0,0,0,0,0,0,0,0,0,0,0,0,0
76,0,0,0,0,0,0,0,0,0,0,0,0,0,0,0,0,0,0,0,0,0,0,0,0,0,0,0,0,0,0,0,0,0,0,0,0,0,0,0,0,0,0,0,0,0,0,0,0,0,0,0,0,0,0,0,0,0,0,0,0,0,0,0,0,0,0,0,0,0,0,0,0,0,0,0,0,0,0,0,0,0,0,0,0,0,0,0,0,0,0,0,0,0,0,0,0
77,0,0,0,0,0,0,0,0,0,0,0,0,0,0,0,0,0,0,0,0,0,0,0,0,0,0,0,0,0,0,0,0,0,0,0,0,0,0,0,0,0,0,0,0,0,0,0,0,0,0,0,0,0,0,0,0,0,0,0,0,0,0,0,0,0,0,0,0,0,0,0,0,0,0,0,0,0,0,0,0,0,0,0,0,0,0,0,0,0,0,0,0,0,0,0,0
78,0,0,0,0,0,0,0,0,0,0,0,0,0,0,0,0,0,0,0,0,0,0,0,0,0,0,0,0,0,0,0,0,0,0,0,0,0,0,0,0,0,0,0,0,0,0,0,0,0,0,0,0,0,0,0,0,0,0,0,0,0,0,0,0,0,0,0,0,0,0,0,0,0,0,0,0,0,0,0,0,0,0,0,0,0,0,0,0,0,0,0,0,0,0,0,0
79,0,0,0,0,0,0,0,0,0,0,0,0,0,0,0,0,0,0,0,0,0,0,0,0,0,0,0,0,0,0,0,0,0,0,0,0,0,0,0,0,0,0,0,0,0,0,0,0,0,0,0,0,0,0,0,0,0,0,0,0,0,0,0,0,0,0,0,0,0,0,0,0,0,0,0,0,0,0,0,0,0,0,0,0,0,0,0,0,0,0,0,0,0,0,0,0
80,0,0,0,0,0,0,0,0,0,0,0,0,0,0,0,0,0,0,0,0,0,0,0,0,0,0,0,0,0,0,0,0,0,0,0,0,0,0,0,0,0,0,0,0,0,0,0,0,0,0,0,0,0,0,0,0,0,0,0,0,0,0,0,0,0,0,0,0,0,0,0,0,0,0,0,0,0,0,0,0,0,0,0,0,0,0,0,0,0,0,0,0,0,0,0,0
81,0,0,0,0,0,0,0,0,0,0,0,0,0,0,0,0,0,0,0,0,0,0,0,0,0,0,0,0,0,0,0,0,0,0,0,0,0,0,0,0,0,0,0,0,0,0,0,0,0,0,0,0,0,0,0,0,0,0,0,0,0,0,0,0,0,0,0,0,0,0,0,0,0,0,0,0,0,0,0,0,0,0,0,0,0,0,0,0,0,0,0,0,0,0,0,0
82,0,0,0,0,0,0,0,0,0,0,0,0,0,0,0,0,0,0,0,0,0,0,0,0,0,0,0,0,0,0,0,0,0,0,0,0,0,0,0,0,0,0,0,0,0,0,0,0,0,0,0,0,0,0,0,0,0,0,0,0,0,0,0,0,0,0,0,0,0,0,0,0,0,0,0,0,0,0,0,0,0,0,0,0,0,0,0,0,0,0,0,0,0,0,0,0
83,0,0,0,0,0,0,0,0,0,0,0,0,0,0,0,0,0,0,0,0,0,0,0,0,0,0,0,0,0,0,0,0,0,0,0,0,0,0,0,0,0,0,0,0,0,0,0,0,0,0,0,0,0,0,0,0,0,0,0,0,0,0,0,0,0,0,0,0,0,0,0,0,0,0,0,0,0,0,0,0,0,0,0,0,0,0,0,0,0,0,0,0,0,0,0,0
84,0,0,0,0,0,0,0,0,0,0,0,0,0,0,0,0,0,0,0,0,0,0,0,0,0,0,0,0,0,0,0,0,0,0,0,0,0,0,0,0,0,0,0,0,0,0,0,0,0,0,0,0,0,0,0,0,0,0,0,0,0,0,0,0,0,0,0,0,0,0,0,0,0,0,0,0,0,0,0,0,0,0,0,0,0,0,0,0,0,0,0,0,0,0,0,0
85,0,0,0,0,0,0,0,0,0,0,0,0,0,0,0,0,0,0,0,0,0,0,0,0,0,0,0,0,0,0,0,0,0,0,0,0,0,0,0,0,0,0,0,0,0,0,0,0,0,0,0,0,0,0,0,0,0,0,0,0,0,0,0,0,0,0,0,0,0,0,0,0,0,0,0,0,0,0,0,0,0,0,0,0,0,0,0,0,0,0,0,0,0,0,0,0
86,0,0,0,0,0,0,0,0,0,0,0,0,0,0,0,0,0,0,0,0,0,0,0,0,0,0,0,0,0,0,0,0,0,0,0,0,0,0,0,0,0,0,0,0,0,0,0,0,0,0,0,0,0,0,0,0,0,0,0,0,0,0,0,0,0,0,0,0,0,0,0,0,0,0,0,0,0,0,0,0,0,0,0,0,0,0,0,0,0,0,0,0,0,0,0,0
87,0,0,0,0,0,0,0,0,0,0,0,0,0,0,0,0,0,0,0,0,0,0,0,0,0,0,0,0,0,0,0,0,0,0,0,0,0,0,0,0,0,0,0,0,0,0,0,0,0,0,0,0,0,0,0,0,0,0,0,0,0,0,0,0,0,0,0,0,0,0,0,0,0,0,0,0,0,0,0,0,0,0,0,0,0,0,0,0,0,0,0,0,0,0,0,0
88,0,0,0,0,0,0,0,0,0,0,0,0,0,0,0,0,0,0,0,0,0,0,0,0,0,0,0,0,0,0,0,0,0,0,0,0,0,0,0,0,0,0,0,0,0,0,0,0,0,0,0,0,0,0,0,0,0,0,0,0,0,0,0,0,0,0,0,0,0,0,0,0,0,0,0,0,0,0,0,0,0,0,0,0,0,0,0,0,0,0,0,0,0,0,0,0
89,0,0,0,0,0,0,0,0,0,0,0,0,0,0,0,0,0,0,0,0,0,0,0,0,0,0,0,0,0,0,0,0,0,0,0,0,0,0,0,0,0,0,0,0,0,0,0,0,0,0,0,0,0,0,0,0,0,0,0,0,0,0,0,0,0,0,0,0,0,0,0,0,0,0,0,0,0,0,0,0,0,0,0,0,0,0,0,0,0,0,0,0,0,0,0,0
90,0,0,0,0,0,0,0,0,0,0,0,0,0,0,0,0,0,0,0,0,0,0,0,0,0,0,0,0,0,0,0,0,0,0,0,0,0,0,0,0,0,0,0,0,0,0,0,0,0,0,0,0,0,0,0,0,0,0,0,0,0,0,0,0,0,0,0,0,0,0,0,0,0,0,0,0,0,0,0,0,0,0,0,0,0,0,0,0,0,0,0,0,0,0,0,0
91,0,0,0,0,0,0,0,0,0,0,0,0,0,0,0,0,0,0,0,0,0,0,0,0,0,0,0,0,0,0,0,0,0,0,0,0,0,0,0,0,0,0,0,0,0,0,0,0,0,0,0,0,0,0,0,0,0,0,0,0,0,0,0,0,0,0,0,0,0,0,0,0,0,0,0,0,0,0,0,0,0,0,0,0,0,0,0,0,0,0,0,0,0,0,0,0
92,0,0,0,0,0,0,0,0,0,0,0,0,0,0,0,0,0,0,0,0,0,0,0,0,0,0,0,0,0,0,0,0,0,0,0,0,0,0,0,0,0,0,0,0,0,0,0,0,0,0,0,0,0,0,0,0,0,0,0,0,0,0,0,0,0,0,0,0,0,0,0,0,0,0,0,0,0,0,0,0,0,0,0,0,0,0,0,0,0,0,0,0,0,0,0,0
93,0,0,0,0,0,0,0,0,0,0,0,0,0,0,0,0,0,0,0,0,0,0,0,0,0,0,0,0,0,0,0,0,0,0,0,0,0,0,0,0,0,0,0,0,0,0,0,0,0,0,0,0,0,0,0,0,0,0,0,0,0,0,0,0,0,0,0,0,0,0,0,0,0,0,0,0,0,0,0,0,0,0,0,0,0,0,0,0,0,0,0,0,0,0,0,0
94,0,0,0,0,0,0,0,0,0,0,0,0,0,0,0,0,0,0,0,0,0,0,0,0,0,0,0,0,0,0,0,0,0,0,0,0,0,0,0,0,0,0,0,0,0,0,0,0,0,0,0,0,0,0,0,0,0,0,0,0,0,0,0,0,0,0,0,0,0,0,0,0,0,0,0,0,0,0,0,0,0,0,0,0,0,0,0,0,0,0,0,0,0,0,0,0
95,0,0,0,0,0,0,0,0,0,0,0,0,0,0,0,0,0,0,0,0,0,0,0,0,0,0,0,0,0,0,0,0,0,0,0,0,0,0,0,0,0,0,0,0,0,0,0,0,0,0,0,0,0,0,0,0,0,0,0,0,0,0,0,0,0,0,0,0,0,0,0,0,0,0,0,0,0,0,0,0,0,0,0,0,0,0,0,0,0,0,0,0,0,0,0,0
96,0,0,0,0,0,0,0,0,0,0,0,0,0,0,0,0,0,0,0,0,0,0,0,0,0,0,0,0,0,0,0,0,0,0,0,0,0,0,0,0,0,0,0,0,0,0,0,0,0,0,0,0,0,0,0,0,0,0,0,0,0,0,0,0,0,0,0,0,0,0,0,0,0,0,0,0,0,0,0,0,0,0,0,0,0,0,0,0,0,0,0,0,0,0,0,0
97,0,0,0,0,0,0,0,0,0,0,0,0,0,0,0,0,0,0,0,0,0,0,0,0,0,0,0,0,0,0,0,0,0,0,0,0,0,0,0,0,0,0,0,0,0,0,0,0,0,0,0,0,0,0,0,0,0,0,0,0,0,0,0,0,0,0,0,0,0,0,0,0,0,0,0,0,0,0,0,0,0,0,0,0,0,0,0,0,0,0,0,0,0,0,0,0
98,0,0,0,0,0,0,0,0,0,0,0,0,0,0,0,0,0,0,0,0,0,0,0,0,0,0,0,0,0,0,0,0,0,0,0,0,0,0,0,0,0,0,0,0,0,0,0,0,0,0,0,0,0,0,0,0,0,0,0,0,0,0,0,0,0,0,0,0,0,0,0,0,0,0,0,0,0,0,0,0,0,0,0,0,0,0,0,0,0,0,0,0,0,0,0,0
99,0,0,0,0,0,0,0,0,0,0,0,0,0,0,0,0,0,0,0,0,0,0,0,0,0,0,0,0,0,0,0,0,0,0,0,0,0,0,0,0,0,0,0,0,0,0,0,0,0,0,0,0,0,0,0,0,0,0,0,0,0,0,0,0,0,0,0,0,0,0,0,0,0,0,0,0,0,0,0,0,0,0,0,0,0,0,0,0,0,0,0,0,0,0,0,0
100,0,0,0,0,0,0,0,0,0,0,0,0,0,0,0,0,0,0,0,0,0,0,0,0,0,0,0,0,0,0,0,0,0,0,0,0,0,0,0,0,0,0,0,0,0,0,0,0,0,0,0,0,0,0,0,0,0,0,0,0,0,0,0,0,0,0,0,0,0,0,0,0,0,0,0,0,0,0,0,0,0,0,0,0,0,0,0,0,0,0,0,0,0,0,0,0
101,0,0,0,0,0,0,0,0,0,0,0,0,0,0,0,0,0,0,0,0,0,0,0,0,0,0,0,0,0,0,0,0,0,0,0,0,0,0,0,0,0,0,0,0,0,0,0,0,0,0,0,0,0,0,0,0,0,0,0,0,0,0,0,0,0,0,0,0,0,0,0,0,0,0,0,0,0,0,0,0,0,0,0,0,0,0,0,0,0,0,0,0,0,0,0,0
102,0,0,0,0,0,0,0,0,0,0,0,0,0,0,0,0,0,0,0,0,0,0,0,0,0,0,0,0,0,0,0,0,0,0,0,0,0,0,0,0,0,0,0,0,0,0,0,0,0,0,0,0,0,0,0,0,0,0,0,0,0,0,0,0,0,0,0,0,0,0,0,0,0,0,0,0,0,0,0,0,0,0,0,0,0,0,0,0,0,0,0,0,0,0,0,0
103,0,0,0,0,0,0,0,0,0,0,0,0,0,0,0,0,0,0,0,0,0,0,0,0,0,0,0,0,0,0,0,0,0,0,0,0,0,0,0,0,0,0,0,0,0,0,0,0,0,0,0,0,0,0,0,0,0,0,0,0,0,0,0,0,0,0,0,0,0,0,0,0,0,0,0,0,0,0,0,0,0,0,0,0,0,0,0,0,0,0,0,0,0,0,0,0
104,0,0,0,0,0,0,0,0,0,0,0,0,0,0,0,0,0,0,0,0,0,0,0,0,0,0,0,0,0,0,0,0,0,0,0,0,0,0,0,0,0,0,0,0,0,0,0,0,0,0,0,0,0,0,0,0,0,0,0,0,0,0,0,0,0,0,0,0,0,0,0,0,0,0,0,0,0,0,0,0,0,0,0,0,0,0,0,0,0,0,0,0,0,0,0,0
105,0,0,0,0,0,0,0,0,0,0,0,0,0,0,0,0,0,0,0,0,0,0,0,0,0,0,0,0,0,0,0,0,0,0,0,0,0,0,0,0,0,0,0,0,0,0,0,0,0,0,0,0,0,0,0,0,0,0,0,0,0,0,0,0,0,0,0,0,0,0,0,0,0,0,0,0,0,0,0,0,0,0,0,0,0,0,0,0,0,0,0,0,0,0,0,0
106,0,0,0,0,0,0,0,0,0,0,0,0,0,0,0,0,0,0,0,0,0,0,0,0,0,0,0,0,0,0,0,0,0,0,0,0,0,0,0,0,0,0,0,0,0,0,0,0,0,0,0,0,0,0,0,0,0,0,0,0,0,0,0,0,0,0,0,0,0,0,0,0,0,0,0,0,0,0,0,0,0,0,0,0,0,0,0,0,0,0,0,0,0,0,0,0
107,0,0,0,0,0,0,0,0,0,0,0,0,0,0,0,0,0,0,0,0,0,0,0,0,0,0,0,0,0,0,0,0,0,0,0,0,0,0,0,0,0,0,0,0,0,0,0,0,0,0,0,0,0,0,0,0,0,0,0,0,0,0,0,0,0,0,0,0,0,0,0,0,0,0,0,0,0,0,0,0,0,0,0,0,0,0,0,0,0,0,0,0,0,0,0,0
108,0,0,0,0,0,0,0,0,0,0,0,0,0,0,0,0,0,0,0,0,0,0,0,0,0,0,0,0,0,0,0,0,0,0,0,0,0,0,0,0,0,0,0,0,0,0,0,0,0,0,0,0,0,0,0,0,0,0,0,0,0,0,0,0,0,0,0,0,0,0,0,0,0,0,0,0,0,0,0,0,0,0,0,0,0,0,0,0,0,0,0,0,0,0,0,0
109,0,0,0,0,0,0,0,0,0,0,0,0,0,0,0,0,0,0,0,0,0,0,0,0,0,0,0,0,0,0,0,0,0,0,0,0,0,0,0,0,0,0,0,0,0,0,0,0,0,0,0,0,0,0,0,0,0,0,0,0,0,0,0,0,0,0,0,0,0,0,0,0,0,0,0,0,0,0,0,0,0,0,0,0,0,0,0,0,0,0,0,0,0,0,0,0
110,0,0,0,0,0,0,0,0,0,0,0,0,0,0,0,0,0,0,0,0,0,0,0,0,0,0,0,0,0,0,0,0,0,0,0,0,0,0,0,0,0,0,0,0,0,0,0,0,0,0,0,0,0,0,0,0,0,0,0,0,0,0,0,0,0,0,0,0,0,0,0,0,0,0,0,0,0,0,0,0,0,0,0,0,0,0,0,0,0,0,0,0,0,0,0,0
111,0,0,0,0,0,0,0,0,0,0,0,0,0,0,0,0,0,0,0,0,0,0,0,0,0,0,0,0,0,0,0,0,0,0,0,0,0,0,0,0,0,0,0,0,0,0,0,0,0,0,0,0,0,0,0,0,0,0,0,0,0,0,0,0,0,0,0,0,0,0,0,0,0,0,0,0,0,0,0,0,0,0,0,0,0,0,0,0,0,0,0,0,0,0,0,0
112,0,0,0,0,0,0,0,0,0,0,0,0,0,0,0,0,0,0,0,0,0,0,0,0,0,0,0,0,0,0,0,0,0,0,0,0,0,0,0,0,0,0,0,0,0,0,0,0,0,0,0,0,0,0,0,0,0,0,0,0,0,0,0,0,0,0,0,0,0,0,0,0,0,0,0,0,0,0,0,0,0,0,0,0,0,0,0,0,0,0,0,0,0,0,0,0
113,0,0,0,0,0,0,0,0,0,0,0,0,0,0,0,0,0,0,0,0,0,0,0,0,0,0,0,0,0,0,0,0,0,0,0,0,0,0,0,0,0,0,0,0,0,0,0,0,0,0,0,0,0,0,0,0,0,0,0,0,0,0,0,0,0,0,0,0,0,0,0,0,0,0,0,0,0,0,0,0,0,0,0,0,0,0,0,0,0,0,0,0,0,0,0,0
114,0,0,0,0,0,0,0,0,0,0,0,0,0,0,0,0,0,0,0,0,0,0,0,0,0,0,0,0,0,0,0,0,0,0,0,0,0,0,0,0,0,0,0,0,0,0,0,0,0,0,0,0,0,0,0,0,0,0,0,0,0,0,0,0,0,0,0,0,0,0,0,0,0,0,0,0,0,0,0,0,0,0,0,0,0,0,0,0,0,0,0,0,0,0,0,0
115,0,0,0,0,0,0,0,0,0,0,0,0,0,0,0,0,0,0,0,0,0,0,0,0,0,0,0,0,0,0,0,0,0,0,0,0,0,0,0,0,0,0,0,0,0,0,0,0,0,0,0,0,0,0,0,0,0,0,0,0,0,0,0,0,0,0,0,0,0,0,0,0,0,0,0,0,0,0,0,0,0,0,0,0,0,0,0,0,0,0,0,0,0,0,0,0
116,0,0,0,0,0,0,0,0,0,0,0,0,0,0,0,0,0,0,0,0,0,0,0,0,0,0,0,0,0,0,0,0,0,0,0,0,0,0,0,0,0,0,0,0,0,0,0,0,0,0,0,0,0,0,0,0,0,0,0,0,0,0,0,0,0,0,0,0,0,0,0,0,0,0,0,0,0,0,0,0,0,0,0,0,0,0,0,0,0,0,0,0,0,0,0,0
117,0,0,0,0,0,0,0,0,0,0,0,0,0,0,0,0,0,0,0,0,0,0,0,0,0,0,0,0,0,0,0,0,0,0,0,0,0,0,0,0,0,0,0,0,0,0,0,0,0,0,0,0,0,0,0,0,0,0,0,0,0,0,0,0,0,0,0,0,0,0,0,0,0,0,0,0,0,0,0,0,0,0,0,0,0,0,0,0,0,0,0,0,0,0,0,0
118,0,0,0,0,0,0,0,0,0,0,0,0,0,0,0,0,0,0,0,0,0,0,0,0,0,0,0,0,0,0,0,0,0,0,0,0,0,0,0,0,0,0,0,0,0,0,0,0,0,0,0,0,0,0,0,0,0,0,0,0,0,0,0,0,0,0,0,0,0,0,0,0,0,0,0,0,0,0,0,0,0,0,0,0,0,0,0,0,0,0,0,0,0,0,0,0
119,0,0,0,0,0,0,0,0,0,0,0,0,0,0,0,0,0,0,0,0,0,0,0,0,0,0,0,0,0,0,0,0,0,0,0,0,0,0,0,0,0,0,0,0,0,0,0,0,0,0,0,0,0,0,0,0,0,0,0,0,0,0,0,0,0,0,0,0,0,0,0,0,0,0,0,0,0,0,0,0,0,0,0,0,0,0,0,0,0,0,0,0,0,0,0,0
120,0,0,0,0,0,0,0,0,0,0,0,0,0,0,0,0,0,0,0,0,0,0,0,0,0,0,0,0,0,0,0,0,0,0,0,0,0,0,0,0,0,0,0,0,0,0,0,0,0,0,0,0,0,0,0,0,0,0,0,0,0,0,0,0,0,0,0,0,0,0,0,0,0,0,0,0,0,0,0,0,0,0,0,0,0,0,0,0,0,0,0,0,0,0,0,0
121,0,0,0,0,0,0,0,0,0,0,0,0,0,0,0,0,0,0,0,0,0,0,0,0,0,0,0,0,0,0,0,0,0,0,0,0,0,0,0,0,0,0,0,0,0,0,0,0,0,0,0,0,0,0,0,0,0,0,0,0,0,0,0,0,0,0,0,0,0,0,0,0,0,0,0,0,0,0,0,0,0,0,0,0,0,0,0,0,0,0,0,0,0,0,0,0
122,0,0,0,0,0,0,0,0,0,0,0,0,0,0,0,0,0,0,0,0,0,0,0,0,0,0,0,0,0,0,0,0,0,0,0,0,0,0,0,0,0,0,0,0,0,0,0,0,0,0,0,0,0,0,0,0,0,0,0,0,0,0,0,0,0,0,0,0,0,0,0,0,0,0,0,0,0,0,0,0,0,0,0,0,0,0,0,0,0,0,0,0,0,0,0,0
123,0,0,0,0,0,0,0,0,0,0,0,0,0,0,0,0,0,0,0,0,0,0,0,0,0,0,0,0,0,0,0,0,0,0,0,0,0,0,0,0,0,0,0,0,0,0,0,0,0,0,0,0,0,0,0,0,0,0,0,0,0,0,0,0,0,0,0,0,0,0,0,0,0,0,0,0,0,0,0,0,0,0,0,0,0,0,0,0,0,0,0,0,0,0,0,0
124,0,0,0,0,0,0,0,0,0,0,0,0,0,0,0,0,0,0,0,0,0,0,0,0,0,0,0,0,0,0,0,0,0,0,0,0,0,0,0,0,0,0,0,0,0,0,0,0,0,0,0,0,0,0,0,0,0,0,0,0,0,0,0,0,0,0,0,0,0,0,0,0,0,0,0,0,0,0,0,0,0,0,0,0,0,0,0,0,0,0,0,0,0,0,0,0
125,0,0,0,0,0,0,0,0,0,0,0,0,0,0,0,0,0,0,0,0,0,0,0,0,0,0,0,0,0,0,0,0,0,0,0,0,0,0,0,0,0,0,0,0,0,0,0,0,0,0,0,0,0,0,0,0,0,0,0,0,0,0,0,0,0,0,0,0,0,0,0,0,0,0,0,0,0,0,0,0,0,0,0,0,0,0,0,0,0,0,0,0,0,0,0,0
126,0,0,0,0,0,0,0,0,0,0,0,0,0,0,0,0,0,0,0,0,0,0,0,0,0,0,0,0,0,0,0,0,0,0,0,0,0,0,0,0,0,0,0,0,0,0,0,0,0,0,0,0,0,0,0,0,0,0,0,0,0,0,0,0,0,0,0,0,0,0,0,0,0,0,0,0,0,0,0,0,0,0,0,0,0,0,0,0,0,0,0,0,0,0,0,0
127,0,0,0,0,0,0,0,0,0,0,0,0,0,0,0,0,0,0,0,0,0,0,0,0,0,0,0,0,0,0,0,0,0,0,0,0,0,0,0,0,0,0,0,0,0,0,0,0,0,0,0,0,0,0,0,0,0,0,0,0,0,0,0,0,0,0,0,0,0,0,0,0,0,0,0,0,0,0,0,0,0,0,0,0,0,0,0,0,0,0,0,0,0,0,0,0
128,0,0,0,0,0,0,0,0,0,0,0,0,0,0,0,0,0,0,0,0,0,0,0,0,0,0,0,0,0,0,0,0,0,0,0,0,0,0,0,0,0,0,0,0,0,0,0,0,0,0,0,0,0,0,0,0,0,0,0,0,0,0,0,0,0,0,0,0,0,0,0,0,0,0,0,0,0,0,0,0,0,0,0,0,0,0,0,0,0,0,0,0,0,0,0,0
129,0,0,0,0,0,0,0,0,0,0,0,0,0,0,0,0,0,0,0,0,0,0,0,0,0,0,0,0,0,0,0,0,0,0,0,0,0,0,0,0,0,0,0,0,0,0,0,0,0,0,0,0,0,0,0,0,0,0,0,0,0,0,0,0,0,0,0,0,0,0,0,0,0,0,0,0,0,0,0,0,0,0,0,0,0,0,0,0,0,0,0,0,0,0,0,0
130,0,0,0,0,0,0,0,0,0,0,0,0,0,0,0,0,0,0,0,0,0,0,0,0,0,0,0,0,0,0,0,0,0,0,0,0,0,0,0,0,0,0,0,0,0,0,0,0,0,0,0,0,0,0,0,0,0,0,0,0,0,0,0,0,0,0,0,0,0,0,0,0,0,0,0,0,0,0,0,0,0,0,0,0,0,0,0,0,0,0,0,0,0,0,0,0
131,0,0,0,0,0,0,0,0,0,0,0,0,0,0,0,0,0,0,0,0,0,0,0,0,0,0,0,0,0,0,0,0,0,0,0,0,0,0,0,0,0,0,0,0,0,0,0,0,0,0,0,0,0,0,0,0,0,0,0,0,0,0,0,0,0,0,0,0,0,0,0,0,0,0,0,0,0,0,0,0,0,0,0,0,0,0,0,0,0,0,0,0,0,0,0,0
132,0,0,0,0,0,0,0,0,0,0,0,0,0,0,0,0,0,0,0,0,0,0,0,0,0,0,0,0,0,0,0,0,0,0,0,0,0,0,0,0,0,0,0,0,0,0,0,0,0,0,0,0,0,0,0,0,0,0,0,0,0,0,0,0,0,0,0,0,0,0,0,0,0,0,0,0,0,0,0,0,0,0,0,0,0,0,0,0,0,0,0,0,0,0,0,0
133,0,0,0,0,0,0,0,0,0,0,0,0,0,0,0,0,0,0,0,0,0,0,0,0,0,0,0,0,0,0,0,0,0,0,0,0,0,0,0,0,0,0,0,0,0,0,0,0,0,0,0,0,0,0,0,0,0,0,0,0,0,0,0,0,0,0,0,0,0,0,0,0,0,0,0,0,0,0,0,0,0,0,0,0,0,0,0,0,0,0,0,0,0,0,0,0
134,0,0,0,0,0,0,0,0,0,0,0,0,0,0,0,0,0,0,0,0,0,0,0,0,0,0,0,0,0,0,0,0,0,0,0,0,0,0,0,0,0,0,0,0,0,0,0,0,0,0,0,0,0,0,0,0,0,0,0,0,0,0,0,0,0,0,0,0,0,0,0,0,0,0,0,0,0,0,0,0,0,0,0,0,0,0,0,0,0,0,0,0,0,0,0,0
135,0,0,0,0,0,0,0,0,0,0,0,0,0,0,0,0,0,0,0,0,0,0,0,0,0,0,0,0,0,0,0,0,0,0,0,0,0,0,0,0,0,0,0,0,0,0,0,0,0,0,0,0,0,0,0,0,0,0,0,0,0,0,0,0,0,0,0,0,0,0,0,0,0,0,0,0,0,0,0,0,0,0,0,0,0,0,0,0,0,0,0,0,0,0,0,0
136,0,0,0,0,0,0,0,0,0,0,0,0,0,0,0,0,0,0,0,0,0,0,0,0,0,0,0,0,0,0,0,0,0,0,0,0,0,0,0,0,0,0,0,0,0,0,0,0,0,0,0,0,0,0,0,0,0,0,0,0,0,0,0,0,0,0,0,0,0,0,0,0,0,0,0,0,0,0,0,0,0,0,0,0,0,0,0,0,0,0,0,0,0,0,0,0
137,0,0,0,0,0,0,0,0,0,0,0,0,0,0,0,0,0,0,0,0,0,0,0,0,0,0,0,0,0,0,0,0,0,0,0,0,0,0,0,0,0,0,0,0,0,0,0,0,0,0,0,0,0,0,0,0,0,0,0,0,0,0,0,0,0,0,0,0,0,0,0,0,0,0,0,0,0,0,0,0,0,0,0,0,0,0,0,0,0,0,0,0,0,0,0,0
138,0,0,0,0,0,0,0,0,0,0,0,0,0,0,0,0,0,0,0,0,0,0,0,0,0,0,0,0,0,0,0,0,0,0,0,0,0,0,0,0,0,0,0,0,0,0,0,0,0,0,0,0,0,0,0,0,0,0,0,0,0,0,0,0,0,0,0,0,0,0,0,0,0,0,0,0,0,0,0,0,0,0,0,0,0,0,0,0,0,0,0,0,0,0,0,0
139,0,0,0,0,0,0,0,0,0,0,0,0,0,0,0,0,0,0,0,0,0,0,0,0,0,0,0,0,0,0,0,0,0,0,0,0,0,0,0,0,0,0,0,0,0,0,0,0,0,0,0,0,0,0,0,0,0,0,0,0,0,0,0,0,0,0,0,0,0,0,0,0,0,0,0,0,0,0,0,0,0,0,0,0,0,0,0,0,0,0,0,0,0,0,0,0
140,0,0,0,0,0,0,0,0,0,0,0,0,0,0,0,0,0,0,0,0,0,0,0,0,0,0,0,0,0,0,0,0,0,0,0,0,0,0,0,0,0,0,0,0,0,0,0,0,0,0,0,0,0,0,0,0,0,0,0,0,0,0,0,0,0,0,0,0,0,0,0,0,0,0,0,0,0,0,0,0,0,0,0,0,0,0,0,0,0,0,0,0,0,0,0,0
141,0,0,0,0,0,0,0,0,0,0,0,0,0,0,0,0,0,0,0,0,0,0,0,0,0,0,0,0,0,0,0,0,0,0,0,0,0,0,0,0,0,0,0,0,0,0,0,0,0,0,0,0,0,0,0,0,0,0,0,0,0,0,0,0,0,0,0,0,0,0,0,0,0,0,0,0,0,0,0,0,0,0,0,0,0,0,0,0,0,0,0,0,0,0,0,0
142,0,0,0,0,0,0,0,0,0,0,0,0,0,0,0,0,0,0,0,0,0,0,0,0,0,0,0,0,0,0,0,0,0,0,0,0,0,0,0,0,0,0,0,0,0,0,0,0,0,0,0,0,0,0,0,0,0,0,0,0,0,0,0,0,0,0,0,0,0,0,0,0,0,0,0,0,0,0,0,0,0,0,0,0,0,0,0,0,0,0,0,0,0,0,0,0
143,0,0,0,0,0,0,0,0,0,0,0,0,0,0,0,0,0,0,0,0,0,0,0,0,0,0,0,0,0,0,0,0,0,0,0,0,0,0,0,0,0,0,0,0,0,0,0,0,0,0,0,0,0,0,0,0,0,0,0,0,0,0,0,0,0,0,0,0,0,0,0,0,0,0,0,0,0,0,0,0,0,0,0,0,0,0,0,0,0,0,0,0,0,0,0,0
144,0,0,0,0,0,0,0,0,0,0,0,0,0,0,0,0,0,0,0,0,0,0,0,0,0,0,0,0,0,0,0,0,0,0,0,0,0,0,0,0,0,0,0,0,0,0,0,0,0,0,0,0,0,0,0,0,0,0,0,0,0,0,0,0,0,0,0,0,0,0,0,0,0,0,0,0,0,0,0,0,0,0,0,0,0,0,0,0,0,0,0,0,0,0,0,0
145,0,0,0,0,0,0,0,0,0,0,0,0,0,0,0,0,0,0,0,0,0,0,0,0,0,0,0,0,0,0,0,0,0,0,0,0,0,0,0,0,0,0,0,0,0,0,0,0,0,0,0,0,0,0,0,0,0,0,0,0,0,0,0,0,0,0,0,0,0,0,0,0,0,0,0,0,0,0,0,0,0,0,0,0,0,0,0,0,0,0,0,0,0,0,0,0
146,0,0,0,0,0,0,0,0,0,0,0,0,0,0,0,0,0,0,0,0,0,0,0,0,0,0,0,0,0,0,0,0,0,0,0,0,0,0,0,0,0,0,0,0,0,0,0,0,0,0,0,0,0,0,0,0,0,0,0,0,0,0,0,0,0,0,0,0,0,0,0,0,0,0,0,0,0,0,0,0,0,0,0,0,0,0,0,0,0,0,0,0,0,0,0,0
147,0,0,0,0,0,0,0,0,0,0,0,0,0,0,0,0,0,0,0,0,0,0,0,0,0,0,0,0,0,0,0,0,0,0,0,0,0,0,0,0,0,0,0,0,0,0,0,0,0,0,0,0,0,0,0,0,0,0,0,0,0,0,0,0,0,0,0,0,0,0,0,0,0,0,0,0,0,0,0,0,0,0,0,0,0,0,0,0,0,0,0,0,0,0,0,0
148,0,0,0,0,0,0,0,0,0,0,0,0,0,0,0,0,0,0,0,0,0,0,0,0,0,0,0,0,0,0,0,0,0,0,0,0,0,0,0,0,0,0,0,0,0,0,0,0,0,0,0,0,0,0,0,0,0,0,0,0,0,0,0,0,0,0,0,0,0,0,0,0,0,0,0,0,0,0,0,0,0,0,0,0,0,0,0,0,0,0,0,0,0,0,0,0
149,0,0,0,0,0,0,0,0,0,0,0,0,0,0,0,0,0,0,0,0,0,0,0,0,0,0,0,0,0,0,0,0,0,0,0,0,0,0,0,0,0,0,0,0,0,0,0,0,0,0,0,0,0,0,0,0,0,0,0,0,0,0,0,0,0,0,0,0,0,0,0,0,0,0,0,0,0,0,0,0,0,0,0,0,0,0,0,0,0,0,0,0,0,0,0,0
150,0,0,0,0,0,0,0,0,0,0,0,0,0,0,0,0,0,0,0,0,0,0,0,0,0,0,0,0,0,0,0,0,0,0,0,0,0,0,0,0,0,0,0,0,0,0,0,0,0,0,0,0,0,0,0,0,0,0,0,0,0,0,0,0,0,0,0,0,0,0,0,0,0,0,0,0,0,0,0,0,0,0,0,0,0,0,0,0,0,0,0,0,0,0,0,0
151,0,0,0,0,0,0,0,0,0,0,0,0,0,0,0,0,0,0,0,0,0,0,0,0,0,0,0,0,0,0,0,0,0,0,0,0,0,0,0,0,0,0,0,0,0,0,0,0,0,0,0,0,0,0,0,0,0,0,0,0,0,0,0,0,0,0,0,0,0,0,0,0,0,0,0,0,0,0,0,0,0,0,0,0,0,0,0,0,0,0,0,0,0,0,0,0
152,0,0,0,0,0,0,0,0,0,0,0,0,0,0,0,0,0,0,0,0,0,0,0,0,0,0,0,0,0,0,0,0,0,0,0,0,0,0,0,0,0,0,0,0,0,0,0,0,0,0,0,0,0,0,0,0,0,0,0,0,0,0,0,0,0,0,0,0,0,0,0,0,0,0,0,0,0,0,0,0,0,0,0,0,0,0,0,0,0,0,0,0,0,0,0,0
153,0,0,0,0,0,0,0,0,0,0,0,0,0,0,0,0,0,0,0,0,0,0,0,0,0,0,0,0,0,0,0,0,0,0,0,0,0,0,0,0,0,0,0,0,0,0,0,0,0,0,0,0,0,0,0,0,0,0,0,0,0,0,0,0,0,0,0,0,0,0,0,0,0,0,0,0,0,0,0,0,0,0,0,0,0,0,0,0,0,0,0,0,0,0,0,0
154,0,0,0,0,0,0,0,0,0,0,0,0,0,0,0,0,0,0,0,0,0,0,0,0,0,0,0,0,0,0,0,0,0,0,0,0,0,0,0,0,0,0,0,0,0,0,0,0,0,0,0,0,0,0,0,0,0,0,0,0,0,0,0,0,0,0,0,0,0,0,0,0,0,0,0,0,0,0,0,0,0,0,0,0,0,0,0,0,0,0,0,0,0,0,0,0
155,0,0,0,0,0,0,0,0,0,0,0,0,0,0,0,0,0,0,0,0,0,0,0,0,0,0,0,0,0,0,0,0,0,0,0,0,0,0,0,0,0,0,0,0,0,0,0,0,0,0,0,0,0,0,0,0,0,0,0,0,0,0,0,0,0,0,0,0,0,0,0,0,0,0,0,0,0,0,0,0,0,0,0,0,0,0,0,0,0,0,0,0,0,0,0,0
156,0,0,0,0,0,0,0,0,0,0,0,0,0,0,0,0,0,0,0,0,0,0,0,0,0,0,0,0,0,0,0,0,0,0,0,0,0,0,0,0,0,0,0,0,0,0,0,0,0,0,0,0,0,0,0,0,0,0,0,0,0,0,0,0,0,0,0,0,0,0,0,0,0,0,0,0,0,0,0,0,0,0,0,0,0,0,0,0,0,0,0,0,0,0,0,0
157,0,0,0,0,0,0,0,0,0,0,0,0,0,0,0,0,0,0,0,0,0,0,0,0,0,0,0,0,0,0,0,0,0,0,0,0,0,0,0,0,0,0,0,0,0,0,0,0,0,0,0,0,0,0,0,0,0,0,0,0,0,0,0,0,0,0,0,0,0,0,0,0,0,0,0,0,0,0,0,0,0,0,0,0,0,0,0,0,0,0,0,0,0,0,0,0
158,0,0,0,0,0,0,0,0,0,0,0,0,0,0,0,0,0,0,0,0,0,0,0,0,0,0,0,0,0,0,0,0,0,0,0,0,0,0,0,0,0,0,0,0,0,0,0,0,0,0,0,0,0,0,0,0,0,0,0,0,0,0,0,0,0,0,0,0,0,0,0,0,0,0,0,0,0,0,0,0,0,0,0,0,0,0,0,0,0,0,0,0,0,0,0,0
159,0,0,0,0,0,0,0,0,0,0,0,0,0,0,0,0,0,0,0,0,0,0,0,0,0,0,0,0,0,0,0,0,0,0,0,0,0,0,0,0,0,0,0,0,0,0,0,0,0,0,0,0,0,0,0,0,0,0,0,0,0,0,0,0,0,0,0,0,0,0,0,0,0,0,0,0,0,0,0,0,0,0,0,0,0,0,0,0,0,0,0,0,0,0,0,0
160,0,0,0,0,0,0,0,0,0,0,0,0,0,0,0,0,0,0,0,0,0,0,0,0,0,0,0,0,0,0,0,0,0,0,0,0,0,0,0,0,0,0,0,0,0,0,0,0,0,0,0,0,0,0,0,0,0,0,0,0,0,0,0,0,0,0,0,0,0,0,0,0,0,0,0,0,0,0,0,0,0,0,0,0,0,0,0,0,0,0,0,0,0,0,0,0
161,0,0,0,0,0,0,0,0,0,0,0,0,0,0,0,0,0,0,0,0,0,0,0,0,0,0,0,0,0,0,0,0,0,0,0,0,0,0,0,0,0,0,0,0,0,0,0,0,0,0,0,0,0,0,0,0,0,0,0,0,0,0,0,0,0,0,0,0,0,0,0,0,0,0,0,0,0,0,0,0,0,0,0,0,0,0,0,0,0,0,0,0,0,0,0,0
162,0,0,0,0,0,0,0,0,0,0,0,0,0,0,0,0,0,0,0,0,0,0,0,0,0,0,0,0,0,0,0,0,0,0,0,0,0,0,0,0,0,0,0,0,0,0,0,0,0,0,0,0,0,0,0,0,0,0,0,0,0,0,0,0,0,0,0,0,0,0,0,0,0,0,0,0,0,0,0,0,0,0,0,0,0,0,0,0,0,0,0,0,0,0,0,0
163,0,0,0,0,0,0,0,0,0,0,0,0,0,0,0,0,0,0,0,0,0,0,0,0,0,0,0,0,0,0,0,0,0,0,0,0,0,0,0,0,0,0,0,0,0,0,0,0,0,0,0,0,0,0,0,0,0,0,0,0,0,0,0,0,0,0,0,0,0,0,0,0,0,0,0,0,0,0,0,0,0,0,0,0,0,0,0,0,0,0,0,0,0,0,0,0
164,0,0,0,0,0,0,0,0,0,0,0,0,0,0,0,0,0,0,0,0,0,0,0,0,0,0,0,0,0,0,0,0,0,0,0,0,0,0,0,0,0,0,0,0,0,0,0,0,0,0,0,0,0,0,0,0,0,0,0,0,0,0,0,0,0,0,0,0,0,0,0,0,0,0,0,0,0,0,0,0,0,0,0,0,0,0,0,0,0,0,0,0,0,0,0,0
165,0,0,0,0,0,0,0,0,0,0,0,0,0,0,0,0,0,0,0,0,0,0,0,0,0,0,0,0,0,0,0,0,0,0,0,0,0,0,0,0,0,0,0,0,0,0,0,0,0,0,0,0,0,0,0,0,0,0,0,0,0,0,0,0,0,0,0,0,0,0,0,0,0,0,0,0,0,0,0,0,0,0,0,0,0,0,0,0,0,0,0,0,0,0,0,0
166,0,0,0,0,0,0,0,0,0,0,0,0,0,0,0,0,0,0,0,0,0,0,0,0,0,0,0,0,0,0,0,0,0,0,0,0,0,0,0,0,0,0,0,0,0,0,0,0,0,0,0,0,0,0,0,0,0,0,0,0,0,0,0,0,0,0,0,0,0,0,0,0,0,0,0,0,0,0,0,0,0,0,0,0,0,0,0,0,0,0,0,0,0,0,0,0
167,0,0,0,0,0,0,0,0,0,0,0,0,0,0,0,0,0,0,0,0,0,0,0,0,0,0,0,0,0,0,0,0,0,0,0,0,0,0,0,0,0,0,0,0,0,0,0,0,0,0,0,0,0,0,0,0,0,0,0,0,0,0,0,0,0,0,0,0,0,0,0,0,0,0,0,0,0,0,0,0,0,0,0,0,0,0,0,0,0,0,0,0,0,0,0,0
168,0,0,0,0,0,0,0,0,0,0,0,0,0,0,0,0,0,0,0,0,0,0,0,0,0,0,0,0,0,0,0,0,0,0,0,0,0,0,0,0,0,0,0,0,0,0,0,0,0,0,0,0,0,0,0,0,0,0,0,0,0,0,0,0,0,0,0,0,0,0,0,0,0,0,0,0,0,0,0,0,0,0,0,0,0,0,0,0,0,0,0,0,0,0,0,0
169,0,0,0,0,0,0,0,0,0,0,0,0,0,0,0,0,0,0,0,0,0,0,0,0,0,0,0,0,0,0,0,0,0,0,0,0,0,0,0,0,0,0,0,0,0,0,0,0,0,0,0,0,0,0,0,0,0,0,0,0,0,0,0,0,0,0,0,0,0,0,0,0,0,0,0,0,0,0,0,0,0,0,0,0,0,0,0,0,0,0,0,0,0,0,0,0
170,0,0,0,0,0,0,0,0,0,0,0,0,0,0,0,0,0,0,0,0,0,0,0,0,0,0,0,0,0,0,0,0,0,0,0,0,0,0,0,0,0,0,0,0,0,0,0,0,0,0,0,0,0,0,0,0,0,0,0,0,0,0,0,0,0,0,0,0,0,0,0,0,0,0,0,0,0,0,0,0,0,0,0,0,0,0,0,0,0,0,0,0,0,0,0,0
171,0,0,0,0,0,0,0,0,0,0,0,0,0,0,0,0,0,0,0,0,0,0,0,0,0,0,0,0,0,0,0,0,0,0,0,0,0,0,0,0,0,0,0,0,0,0,0,0,0,0,0,0,0,0,0,0,0,0,0,0,0,0,0,0,0,0,0,0,0,0,0,0,0,0,0,0,0,0,0,0,0,0,0,0,0,0,0,0,0,0,0,0,0,0,0,0
172,0,0,0,0,0,0,0,0,0,0,0,0,0,0,0,0,0,0,0,0,0,0,0,0,0,0,0,0,0,0,0,0,0,0,0,0,0,0,0,0,0,0,0,0,0,0,0,0,0,0,0,0,0,0,0,0,0,0,0,0,0,0,0,0,0,0,0,0,0,0,0,0,0,0,0,0,0,0,0,0,0,0,0,0,0,0,0,0,0,0,0,0,0,0,0,0
173,0,0,0,0,0,0,0,0,0,0,0,0,0,0,0,0,0,0,0,0,0,0,0,0,0,0,0,0,0,0,0,0,0,0,0,0,0,0,0,0,0,0,0,0,0,0,0,0,0,0,0,0,0,0,0,0,0,0,0,0,0,0,0,0,0,0,0,0,0,0,0,0,0,0,0,0,0,0,0,0,0,0,0,0,0,0,0,0,0,0,0,0,0,0,0,0
174,0,0,0,0,0,0,0,0,0,0,0,0,0,0,0,0,0,0,0,0,0,0,0,0,0,0,0,0,0,0,0,0,0,0,0,0,0,0,0,0,0,0,0,0,0,0,0,0,0,0,0,0,0,0,0,0,0,0,0,0,0,0,0,0,0,0,0,0,0,0,0,0,0,0,0,0,0,0,0,0,0,0,0,0,0,0,0,0,0,0,0,0,0,0,0,0
175,0,0,0,0,0,0,0,0,0,0,0,0,0,0,0,0,0,0,0,0,0,0,0,0,0,0,0,0,0,0,0,0,0,0,0,0,0,0,0,0,0,0,0,0,0,0,0,0,0,0,0,0,0,0,0,0,0,0,0,0,0,0,0,0,0,0,0,0,0,0,0,0,0,0,0,0,0,0,0,0,0,0,0,0,0,0,0,0,0,0,0,0,0,0,0,0
176,0,0,0,0,0,0,0,0,0,0,0,0,0,0,0,0,0,0,0,0,0,0,0,0,0,0,0,0,0,0,0,0,0,0,0,0,0,0,0,0,0,0,0,0,0,0,0,0,0,0,0,0,0,0,0,0,0,0,0,0,0,0,0,0,0,0,0,0,0,0,0,0,0,0,0,0,0,0,0,0,0,0,0,0,0,0,0,0,0,0,0,0,0,0,0,0
177,0,0,0,0,0,0,0,0,0,0,0,0,0,0,0,0,0,0,0,0,0,0,0,0,0,0,0,0,0,0,0,0,0,0,0,0,0,0,0,0,0,0,0,0,0,0,0,0,0,0,0,0,0,0,0,0,0,0,0,0,0,0,0,0,0,0,0,0,0,0,0,0,0,0,0,0,0,0,0,0,0,0,0,0,0,0,0,0,0,0,0,0,0,0,0,0
178,0,0,0,0,0,0,0,0,0,0,0,0,0,0,0,0,0,0,0,0,0,0,0,0,0,0,0,0,0,0,0,0,0,0,0,0,0,0,0,0,0,0,0,0,0,0,0,0,0,0,0,0,0,0,0,0,0,0,0,0,0,0,0,0,0,0,0,0,0,0,0,0,0,0,0,0,0,0,0,0,0,0,0,0,0,0,0,0,0,0,0,0,0,0,0,0
179,0,0,0,0,0,0,0,0,0,0,0,0,0,0,0,0,0,0,0,0,0,0,0,0,0,0,0,0,0,0,0,0,0,0,0,0,0,0,0,0,0,0,0,0,0,0,0,0,0,0,0,0,0,0,0,0,0,0,0,0,0,0,0,0,0,0,0,0,0,0,0,0,0,0,0,0,0,0,0,0,0,0,0,0,0,0,0,0,0,0,0,0,0,0,0,0
180,0,0,0,0,0,0,0,0,0,0,0,0,0,0,0,0,0,0,0,0,0,0,0,0,0,0,0,0,0,0,0,0,0,0,0,0,0,0,0,0,0,0,0,0,0,0,0,0,0,0,0,0,0,0,0,0,0,0,0,0,0,0,0,0,0,0,0,0,0,0,0,0,0,0,0,0,0,0,0,0,0,0,0,0,0,0,0,0,0,0,0,0,0,0,0,0
181,0,0,0,0,0,0,0,0,0,0,0,0,0,0,0,0,0,0,0,0,0,0,0,0,0,0,0,0,0,0,0,0,0,0,0,0,0,0,0,0,0,0,0,0,0,0,0,0,0,0,0,0,0,0,0,0,0,0,0,0,0,0,0,0,0,0,0,0,0,0,0,0,0,0,0,0,0,0,0,0,0,0,0,0,0,0,0,0,0,0,0,0,0,0,0,0
182,0,0,0,0,0,0,0,0,0,0,0,0,0,0,0,0,0,0,0,0,0,0,0,0,0,0,0,0,0,0,0,0,0,0,0,0,0,0,0,0,0,0,0,0,0,0,0,0,0,0,0,0,0,0,0,0,0,0,0,0,0,0,0,0,0,0,0,0,0,0,0,0,0,0,0,0,0,0,0,0,0,0,0,0,0,0,0,0,0,0,0,0,0,0,0,0
183,0,0,0,0,0,0,0,0,0,0,0,0,0,0,0,0,0,0,0,0,0,0,0,0,0,0,0,0,0,0,0,0,0,0,0,0,0,0,0,0,0,0,0,0,0,0,0,0,0,0,0,0,0,0,0,0,0,0,0,0,0,0,0,0,0,0,0,0,0,0,0,0,0,0,0,0,0,0,0,0,0,0,0,0,0,0,0,0,0,0,0,0,0,0,0,0
184,0,0,0,0,0,0,0,0,0,0,0,0,0,0,0,0,0,0,0,0,0,0,0,0,0,0,0,0,0,0,0,0,0,0,0,0,0,0,0,0,0,0,0,0,0,0,0,0,0,0,0,0,0,0,0,0,0,0,0,0,0,0,0,0,0,0,0,0,0,0,0,0,0,0,0,0,0,0,0,0,0,0,0,0,0,0,0,0,0,0,0,0,0,0,0,0
185,0,0,0,0,0,0,0,0,0,0,0,0,0,0,0,0,0,0,0,0,0,0,0,0,0,0,0,0,0,0,0,0,0,0,0,0,0,0,0,0,0,0,0,0,0,0,0,0,0,0,0,0,0,0,0,0,0,0,0,0,0,0,0,0,0,0,0,0,0,0,0,0,0,0,0,0,0,0,0,0,0,0,0,0,0,0,0,0,0,0,0,0,0,0,0,0
186,0,0,0,0,0,0,0,0,0,0,0,0,0,0,0,0,0,0,0,0,0,0,0,0,0,0,0,0,0,0,0,0,0,0,0,0,0,0,0,0,0,0,0,0,0,0,0,0,0,0,0,0,0,0,0,0,0,0,0,0,0,0,0,0,0,0,0,0,0,0,0,0,0,0,0,0,0,0,0,0,0,0,0,0,0,0,0,0,0,0,0,0,0,0,0,0
187,0,0,0,0,0,0,0,0,0,0,0,0,0,0,0,0,0,0,0,0,0,0,0,0,0,0,0,0,0,0,0,0,0,0,0,0,0,0,0,0,0,0,0,0,0,0,0,0,0,0,0,0,0,0,0,0,0,0,0,0,0,0,0,0,0,0,0,0,0,0,0,0,0,0,0,0,0,0,0,0,0,0,0,0,0,0,0,0,0,0,0,0,0,0,0,0
188,0,0,0,0,0,0,0,0,0,0,0,0,0,0,0,0,0,0,0,0,0,0,0,0,0,0,0,0,0,0,0,0,0,0,0,0,0,0,0,0,0,0,0,0,0,0,0,0,0,0,0,0,0,0,0,0,0,0,0,0,0,0,0,0,0,0,0,0,0,0,0,0,0,0,0,0,0,0,0,0,0,0,0,0,0,0,0,0,0,0,0,0,0,0,0,0
189,0,0,0,0,0,0,0,0,0,0,0,0,0,0,0,0,0,0,0,0,0,0,0,0,0,0,0,0,0,0,0,0,0,0,0,0,0,0,0,0,0,0,0,0,0,0,0,0,0,0,0,0,0,0,0,0,0,0,0,0,0,0,0,0,0,0,0,0,0,0,0,0,0,0,0,0,0,0,0,0,0,0,0,0,0,0,0,0,0,0,0,0,0,0,0,0
190,0,0,0,0,0,0,0,0,0,0,0,0,0,0,0,0,0,0,0,0,0,0,0,0,0,0,0,0,0,0,0,0,0,0,0,0,0,0,0,0,0,0,0,0,0,0,0,0,0,0,0,0,0,0,0,0,0,0,0,0,0,0,0,0,0,0,0,0,0,0,0,0,0,0,0,0,0,0,0,0,0,0,0,0,0,0,0,0,0,0,0,0,0,0,0,0
191,0,0,0,0,0,0,0,0,0,0,0,0,0,0,0,0,0,0,0,0,0,0,0,0,0,0,0,0,0,0,0,0,0,0,0,0,0,0,0,0,0,0,0,0,0,0,0,0,0,0,0,0,0,0,0,0,0,0,0,0,0,0,0,0,0,0,0,0,0,0,0,0,0,0,0,0,0,0,0,0,0,0,0,0,0,0,0,0,0,0,0,0,0,0,0,0
192,0,0,0,0,0,0,0,0,0,0,0,0,0,0,0,0,0,0,0,0,0,0,0,0,0,0,0,0,0,0,0,0,0,0,0,0,0,0,0,0,0,0,0,0,0,0,0,0,0,0,0,0,0,0,0,0,0,0,0,0,0,0,0,0,0,0,0,0,0,0,0,0,0,0,0,0,0,0,0,0,0,0,0,0,0,0,0,0,0,0,0,0,0,0,0,0
193,0,0,0,0,0,0,0,0,0,0,0,0,0,0,0,0,0,0,0,0,0,0,0,0,0,0,0,0,0,0,0,0,0,0,0,0,0,0,0,0,0,0,0,0,0,0,0,0,0,0,0,0,0,0,0,0,0,0,0,0,0,0,0,0,0,0,0,0,0,0,0,0,0,0,0,0,0,0,0,0,0,0,0,0,0,0,0,0,0,0,0,0,0,0,0,0
194,0,0,0,0,0,0,0,0,0,0,0,0,0,0,0,0,0,0,0,0,0,0,0,0,0,0,0,0,0,0,0,0,0,0,0,0,0,0,0,0,0,0,0,0,0,0,0,0,0,0,0,0,0,0,0,0,0,0,0,0,0,0,0,0,0,0,0,0,0,0,0,0,0,0,0,0,0,0,0,0,0,0,0,0,0,0,0,0,0,0,0,0,0,0,0,0
195,0,0,0,0,0,0,0,0,0,0,0,0,0,0,0,0,0,0,0,0,0,0,0,0,0,0,0,0,0,0,0,0,0,0,0,0,0,0,0,0,0,0,0,0,0,0,0,0,0,0,0,0,0,0,0,0,0,0,0,0,0,0,0,0,0,0,0,0,0,0,0,0,0,0,0,0,0,0,0,0,0,0,0,0,0,0,0,0,0,0,0,0,0,0,0,0
196,0,0,0,0,0,0,0,0,0,0,0,0,0,0,0,0,0,0,0,0,0,0,0,0,0,0,0,0,0,0,0,0,0,0,0,0,0,0,0,0,0,0,0,0,0,0,0,0,0,0,0,0,0,0,0,0,0,0,0,0,0,0,0,0,0,0,0,0,0,0,0,0,0,0,0,0,0,0,0,0,0,0,0,0,0,0,0,0,0,0,0,0,0,0,0,0
197,0,0,0,0,0,0,0,0,0,0,0,0,0,0,0,0,0,0,0,0,0,0,0,0,0,0,0,0,0,0,0,0,0,0,0,0,0,0,0,0,0,0,0,0,0,0,0,0,0,0,0,0,0,0,0,0,0,0,0,0,0,0,0,0,0,0,0,0,0,0,0,0,0,0,0,0,0,0,0,0,0,0,0,0,0,0,0,0,0,0,0,0,0,0,0,0
198,0,0,0,0,0,0,0,0,0,0,0,0,0,0,0,0,0,0,0,0,0,0,0,0,0,0,0,0,0,0,0,0,0,0,0,0,0,0,0,0,0,0,0,0,0,0,0,0,0,0,0,0,0,0,0,0,0,0,0,0,0,0,0,0,0,0,0,0,0,0,0,0,0,0,0,0,0,0,0,0,0,0,0,0,0,0,0,0,0,0,0,0,0,0,0,0
199,0,0,0,0,0,0,0,0,0,0,0,0,0,0,0,0,0,0,0,0,0,0,0,0,0,0,0,0,0,0,0,0,0,0,0,0,0,0,0,0,0,0,0,0,0,0,0,0,0,0,0,0,0,0,0,0,0,0,0,0,0,0,0,0,0,0,0,0,0,0,0,0,0,0,0,0,0,0,0,0,0,0,0,0,0,0,0,0,0,0,0,0,0,0,0,0
200,0,0,0,0,0,0,0,0,0,0,0,0,0,0,0,0,0,0,0,0,0,0,0,0,0,0,0,0,0,0,0,0,0,0,0,0,0,0,0,0,0,0,0,0,0,0,0,0,0,0,0,0,0,0,0,0,0,0,0,0,0,0,0,0,0,0,0,0,0,0,0,0,0,0,0,0,0,0,0,0,0,0,0,0,0,0,0,0,0,0,0,0,0,0,0,0
201,0,0,0,0,0,0,0,0,0,0,0,0,0,0,0,0,0,0,0,0,0,0,0,0,0,0,0,0,0,0,0,0,0,0,0,0,0,0,0,0,0,0,0,0,0,0,0,0,0,0,0,0,0,0,0,0,0,0,0,0,0,0,0,0,0,0,0,0,0,0,0,0,0,0,0,0,0,0,0,0,0,0,0,0,0,0,0,0,0,0,0,0,0,0,0,0
202,0,0,0,0,0,0,0,0,0,0,0,0,0,0,0,0,0,0,0,0,0,0,0,0,0,0,0,0,0,0,0,0,0,0,0,0,0,0,0,0,0,0,0,0,0,0,0,0,0,0,0,0,0,0,0,0,0,0,0,0,0,0,0,0,0,0,0,0,0,0,0,0,0,0,0,0,0,0,0,0,0,0,0,0,0,0,0,0,0,0,0,0,0,0,0,0
203,0,0,0,0,0,0,0,0,0,0,0,0,0,0,0,0,0,0,0,0,0,0,0,0,0,0,0,0,0,0,0,0,0,0,0,0,0,0,0,0,0,0,0,0,0,0,0,0,0,0,0,0,0,0,0,0,0,0,0,0,0,0,0,0,0,0,0,0,0,0,0,0,0,0,0,0,0,0,0,0,0,0,0,0,0,0,0,0,0,0,0,0,0,0,0,0
204,0,0,0,0,0,0,0,0,0,0,0,0,0,0,0,0,0,0,0,0,0,0,0,0,0,0,0,0,0,0,0,0,0,0,0,0,0,0,0,0,0,0,0,0,0,0,0,0,0,0,0,0,0,0,0,0,0,0,0,0,0,0,0,0,0,0,0,0,0,0,0,0,0,0,0,0,0,0,0,0,0,0,0,0,0,0,0,0,0,0,0,0,0,0,0,0
205,0,0,0,0,0,0,0,0,0,0,0,0,0,0,0,0,0,0,0,0,0,0,0,0,0,0,0,0,0,0,0,0,0,0,0,0,0,0,0,0,0,0,0,0,0,0,0,0,0,0,0,0,0,0,0,0,0,0,0,0,0,0,0,0,0,0,0,0,0,0,0,0,0,0,0,0,0,0,0,0,0,0,0,0,0,0,0,0,0,0,0,0,0,0,0,0
206,0,0,0,0,0,0,0,0,0,0,0,0,0,0,0,0,0,0,0,0,0,0,0,0,0,0,0,0,0,0,0,0,0,0,0,0,0,0,0,0,0,0,0,0,0,0,0,0,0,0,0,0,0,0,0,0,0,0,0,0,0,0,0,0,0,0,0,0,0,0,0,0,0,0,0,0,0,0,0,0,0,0,0,0,0,0,0,0,0,0,0,0,0,0,0,0
207,0,0,0,0,0,0,0,0,0,0,0,0,0,0,0,0,0,0,0,0,0,0,0,0,0,0,0,0,0,0,0,0,0,0,0,0,0,0,0,0,0,0,0,0,0,0,0,0,0,0,0,0,0,0,0,0,0,0,0,0,0,0,0,0,0,0,0,0,0,0,0,0,0,0,0,0,0,0,0,0,0,0,0,0,0,0,0,0,0,0,0,0,0,0,0,0
208,0,0,0,0,0,0,0,0,0,0,0,0,0,0,0,0,0,0,0,0,0,0,0,0,0,0,0,0,0,0,0,0,0,0,0,0,0,0,0,0,0,0,0,0,0,0,0,0,0,0,0,0,0,0,0,0,0,0,0,0,0,0,0,0,0,0,0,0,0,0,0,0,0,0,0,0,0,0,0,0,0,0,0,0,0,0,0,0,0,0,0,0,0,0,0,0
209,0,0,0,0,0,0,0,0,0,0,0,0,0,0,0,0,0,0,0,0,0,0,0,0,0,0,0,0,0,0,0,0,0,0,0,0,0,0,0,0,0,0,0,0,0,0,0,0,0,0,0,0,0,0,0,0,0,0,0,0,0,0,0,0,0,0,0,0,0,0,0,0,0,0,0,0,0,0,0,0,0,0,0,0,0,0,0,0,0,0,0,0,0,0,0,0
210,0,0,0,0,0,0,0,0,0,0,0,0,0,0,0,0,0,0,0,0,0,0,0,0,0,0,0,0,0,0,0,0,0,0,0,0,0,0,0,0,0,0,0,0,0,0,0,0,0,0,0,0,0,0,0,0,0,0,0,0,0,0,0,0,0,0,0,0,0,0,0,0,0,0,0,0,0,0,0,0,0,0,0,0,0,0,0,0,0,0,0,0,0,0,0,0
211,0,0,0,0,0,0,0,0,0,0,0,0,0,0,0,0,0,0,0,0,0,0,0,0,0,0,0,0,0,0,0,0,0,0,0,0,0,0,0,0,0,0,0,0,0,0,0,0,0,0,0,0,0,0,0,0,0,0,0,0,0,0,0,0,0,0,0,0,0,0,0,0,0,0,0,0,0,0,0,0,0,0,0,0,0,0,0,0,0,0,0,0,0,0,0,0
212,0,0,0,0,0,0,0,0,0,0,0,0,0,0,0,0,0,0,0,0,0,0,0,0,0,0,0,0,0,0,0,0,0,0,0,0,0,0,0,0,0,0,0,0,0,0,0,0,0,0,0,0,0,0,0,0,0,0,0,0,0,0,0,0,0,0,0,0,0,0,0,0,0,0,0,0,0,0,0,0,0,0,0,0,0,0,0,0,0,0,0,0,0,0,0,0
213,0,0,0,0,0,0,0,0,0,0,0,0,0,0,0,0,0,0,0,0,0,0,0,0,0,0,0,0,0,0,0,0,0,0,0,0,0,0,0,0,0,0,0,0,0,0,0,0,0,0,0,0,0,0,0,0,0,0,0,0,0,0,0,0,0,0,0,0,0,0,0,0,0,0,0,0,0,0,0,0,0,0,0,0,0,0,0,0,0,0,0,0,0,0,0,0
214,0,0,0,0,0,0,0,0,0,0,0,0,0,0,0,0,0,0,0,0,0,0,0,0,0,0,0,0,0,0,0,0,0,0,0,0,0,0,0,0,0,0,0,0,0,0,0,0,0,0,0,0,0,0,0,0,0,0,0,0,0,0,0,0,0,0,0,0,0,0,0,0,0,0,0,0,0,0,0,0,0,0,0,0,0,0,0,0,0,0,0,0,0,0,0,0
215,0,0,0,0,0,0,0,0,0,0,0,0,0,0,0,0,0,0,0,0,0,0,0,0,0,0,0,0,0,0,0,0,0,0,0,0,0,0,0,0,0,0,0,0,0,0,0,0,0,0,0,0,0,0,0,0,0,0,0,0,0,0,0,0,0,0,0,0,0,0,0,0,0,0,0,0,0,0,0,0,0,0,0,0,0,0,0,0,0,0,0,0,0,0,0,0
216,0,0,0,0,0,0,0,0,0,0,0,0,0,0,0,0,0,0,0,0,0,0,0,0,0,0,0,0,0,0,0,0,0,0,0,0,0,0,0,0,0,0,0,0,0,0,0,0,0,0,0,0,0,0,0,0,0,0,0,0,0,0,0,0,0,0,0,0,0,0,0,0,0,0,0,0,0,0,0,0,0,0,0,0,0,0,0,0,0,0,0,0,0,0,0,0
217,0,0,0,0,0,0,0,0,0,0,0,0,0,0,0,0,0,0,0,0,0,0,0,0,0,0,0,0,0,0,0,0,0,0,0,0,0,0,0,0,0,0,0,0,0,0,0,0,0,0,0,0,0,0,0,0,0,0,0,0,0,0,0,0,0,0,0,0,0,0,0,0,0,0,0,0,0,0,0,0,0,0,0,0,0,0,0,0,0,0,0,0,0,0,0,0
218,0,0,0,0,0,0,0,0,0,0,0,0,0,0,0,0,0,0,0,0,0,0,0,0,0,0,0,0,0,0,0,0,0,0,0,0,0,0,0,0,0,0,0,0,0,0,0,0,0,0,0,0,0,0,0,0,0,0,0,0,0,0,0,0,0,0,0,0,0,0,0,0,0,0,0,0,0,0,0,0,0,0,0,0,0,0,0,0,0,0,0,0,0,0,0,0
219,0,0,0,0,0,0,0,0,0,0,0,0,0,0,0,0,0,0,0,0,0,0,0,0,0,0,0,0,0,0,0,0,0,0,0,0,0,0,0,0,0,0,0,0,0,0,0,0,0,0,0,0,0,0,0,0,0,0,0,0,0,0,0,0,0,0,0,0,0,0,0,0,0,0,0,0,0,0,0,0,0,0,0,0,0,0,0,0,0,0,0,0,0,0,0,0
220,0,0,0,0,0,0,0,0,0,0,0,0,0,0,0,0,0,0,0,0,0,0,0,0,0,0,0,0,0,0,0,0,0,0,0,0,0,0,0,0,0,0,0,0,0,0,0,0,0,0,0,0,0,0,0,0,0,0,0,0,0,0,0,0,0,0,0,0,0,0,0,0,0,0,0,0,0,0,0,0,0,0,0,0,0,0,0,0,0,0,0,0,0,0,0,0
221,0,0,0,0,0,0,0,0,0,0,0,0,0,0,0,0,0,0,0,0,0,0,0,0,0,0,0,0,0,0,0,0,0,0,0,0,0,0,0,0,0,0,0,0,0,0,0,0,0,0,0,0,0,0,0,0,0,0,0,0,0,0,0,0,0,0,0,0,0,0,0,0,0,0,0,0,0,0,0,0,0,0,0,0,0,0,0,0,0,0,0,0,0,0,0,0
222,0,0,0,0,0,0,0,0,0,0,0,0,0,0,0,0,0,0,0,0,0,0,0,0,0,0,0,0,0,0,0,0,0,0,0,0,0,0,0,0,0,0,0,0,0,0,0,0,0,0,0,0,0,0,0,0,0,0,0,0,0,0,0,0,0,0,0,0,0,0,0,0,0,0,0,0,0,0,0,0,0,0,0,0,0,0,0,0,0,0,0,0,0,0,0,0
223,0,0,0,0,0,0,0,0,0,0,0,0,0,0,0,0,0,0,0,0,0,0,0,0,0,0,0,0,0,0,0,0,0,0,0,0,0,0,0,0,0,0,0,0,0,0,0,0,0,0,0,0,0,0,0,0,0,0,0,0,0,0,0,0,0,0,0,0,0,0,0,0,0,0,0,0,0,0,0,0,0,0,0,0,0,0,0,0,0,0,0,0,0,0,0,0
224,0,0,0,0,0,0,0,0,0,0,0,0,0,0,0,0,0,0,0,0,0,0,0,0,0,0,0,0,0,0,0,0,0,0,0,0,0,0,0,0,0,0,0,0,0,0,0,0,0,0,0,0,0,0,0,0,0,0,0,0,0,0,0,0,0,0,0,0,0,0,0,0,0,0,0,0,0,0,0,0,0,0,0,0,0,0,0,0,0,0,0,0,0,0,0,0
225,0,0,0,0,0,0,0,0,0,0,0,0,0,0,0,0,0,0,0,0,0,0,0,0,0,0,0,0,0,0,0,0,0,0,0,0,0,0,0,0,0,0,0,0,0,0,0,0,0,0,0,0,0,0,0,0,0,0,0,0,0,0,0,0,0,0,0,0,0,0,0,0,0,0,0,0,0,0,0,0,0,0,0,0,0,0,0,0,0,0,0,0,0,0,0,0
226,0,0,0,0,0,0,0,0,0,0,0,0,0,0,0,0,0,0,0,0,0,0,0,0,0,0,0,0,0,0,0,0,0,0,0,0,0,0,0,0,0,0,0,0,0,0,0,0,0,0,0,0,0,0,0,0,0,0,0,0,0,0,0,0,0,0,0,0,0,0,0,0,0,0,0,0,0,0,0,0,0,0,0,0,0,0,0,0,0,0,0,0,0,0,0,0
227,0,0,0,0,0,0,0,0,0,0,0,0,0,0,0,0,0,0,0,0,0,0,0,0,0,0,0,0,0,0,0,0,0,0,0,0,0,0,0,0,0,0,0,0,0,0,0,0,0,0,0,0,0,0,0,0,0,0,0,0,0,0,0,0,0,0,0,0,0,0,0,0,0,0,0,0,0,0,0,0,0,0,0,0,0,0,0,0,0,0,0,0,0,0,0,0
228,0,0,0,0,0,0,0,0,0,0,0,0,0,0,0,0,0,0,0,0,0,0,0,0,0,0,0,0,0,0,0,0,0,0,0,0,0,0,0,0,0,0,0,0,0,0,0,0,0,0,0,0,0,0,0,0,0,0,0,0,0,0,0,0,0,0,0,0,0,0,0,0,0,0,0,0,0,0,0,0,0,0,0,0,0,0,0,0,0,0,0,0,0,0,0,0
229,0,0,0,0,0,0,0,0,0,0,0,0,0,0,0,0,0,0,0,0,0,0,0,0,0,0,0,0,0,0,0,0,0,0,0,0,0,0,0,0,0,0,0,0,0,0,0,0,0,0,0,0,0,0,0,0,0,0,0,0,0,0,0,0,0,0,0,0,0,0,0,0,0,0,0,0,0,0,0,0,0,0,0,0,0,0,0,0,0,0,0,0,0,0,0,0
230,0,0,0,0,0,0,0,0,0,0,0,0,0,0,0,0,0,0,0,0,0,0,0,0,0,0,0,0,0,0,0,0,0,0,0,0,0,0,0,0,0,0,0,0,0,0,0,0,0,0,0,0,0,0,0,0,0,0,0,0,0,0,0,0,0,0,0,0,0,0,0,0,0,0,0,0,0,0,0,0,0,0,0,0,0,0,0,0,0,0,0,0,0,0,0,0
231,0,0,0,0,0,0,0,0,0,0,0,0,0,0,0,0,0,0,0,0,0,0,0,0,0,0,0,0,0,0,0,0,0,0,0,0,0,0,0,0,0,0,0,0,0,0,0,0,0,0,0,0,0,0,0,0,0,0,0,0,0,0,0,0,0,0,0,0,0,0,0,0,0,0,0,0,0,0,0,0,0,0,0,0,0,0,0,0,0,0,0,0,0,0,0,0
232,0,0,0,0,0,0,0,0,0,0,0,0,0,0,0,0,0,0,0,0,0,0,0,0,0,0,0,0,0,0,0,0,0,0,0,0,0,0,0,0,0,0,0,0,0,0,0,0,0,0,0,0,0,0,0,0,0,0,0,0,0,0,0,0,0,0,0,0,0,0,0,0,0,0,0,0,0,0,0,0,0,0,0,0,0,0,0,0,0,0,0,0,0,0,0,0
233,0,0,0,0,0,0,0,0,0,0,0,0,0,0,0,0,0,0,0,0,0,0,0,0,0,0,0,0,0,0,0,0,0,0,0,0,0,0,0,0,0,0,0,0,0,0,0,0,0,0,0,0,0,0,0,0,0,0,0,0,0,0,0,0,0,0,0,0,0,0,0,0,0,0,0,0,0,0,0,0,0,0,0,0,0,0,0,0,0,0,0,0,0,0,0,0
234,0,0,0,0,0,0,0,0,0,0,0,0,0,0,0,0,0,0,0,0,0,0,0,0,0,0,0,0,0,0,0,0,0,0,0,0,0,0,0,0,0,0,0,0,0,0,0,0,0,0,0,0,0,0,0,0,0,0,0,0,0,0,0,0,0,0,0,0,0,0,0,0,0,0,0,0,0,0,0,0,0,0,0,0,0,0,0,0,0,0,0,0,0,0,0,0
235,0,0,0,0,0,0,0,0,0,0,0,0,0,0,0,0,0,0,0,0,0,0,0,0,0,0,0,0,0,0,0,0,0,0,0,0,0,0,0,0,0,0,0,0,0,0,0,0,0,0,0,0,0,0,0,0,0,0,0,0,0,0,0,0,0,0,0,0,0,0,0,0,0,0,0,0,0,0,0,0,0,0,0,0,0,0,0,0,0,0,0,0,0,0,0,0
236,0,0,0,0,0,0,0,0,0,0,0,0,0,0,0,0,0,0,0,0,0,0,0,0,0,0,0,0,0,0,0,0,0,0,0,0,0,0,0,0,0,0,0,0,0,0,0,0,0,0,0,0,0,0,0,0,0,0,0,0,0,0,0,0,0,0,0,0,0,0,0,0,0,0,0,0,0,0,0,0,0,0,0,0,0,0,0,0,0,0,0,0,0,0,0,0
237,0,0,0,0,0,0,0,0,0,0,0,0,0,0,0,0,0,0,0,0,0,0,0,0,0,0,0,0,0,0,0,0,0,0,0,0,0,0,0,0,0,0,0,0,0,0,0,0,0,0,0,0,0,0,0,0,0,0,0,0,0,0,0,0,0,0,0,0,0,0,0,0,0,0,0,0,0,0,0,0,0,0,0,0,0,0,0,0,0,0,0,0,0,0,0,0
238,0,0,0,0,0,0,0,0,0,0,0,0,0,0,0,0,0,0,0,0,0,0,0,0,0,0,0,0,0,0,0,0,0,0,0,0,0,0,0,0,0,0,0,0,0,0,0,0,0,0,0,0,0,0,0,0,0,0,0,0,0,0,0,0,0,0,0,0,0,0,0,0,0,0,0,0,0,0,0,0,0,0,0,0,0,0,0,0,0,0,0,0,0,0,0,0
239,0,0,0,0,0,0,0,0,0,0,0,0,0,0,0,0,0,0,0,0,0,0,0,0,0,0,0,0,0,0,0,0,0,0,0,0,0,0,0,0,0,0,0,0,0,0,0,0,0,0,0,0,0,0,0,0,0,0,0,0,0,0,0,0,0,0,0,0,0,0,0,0,0,0,0,0,0,0,0,0,0,0,0,0,0,0,0,0,0,0,0,0,0,0,0,0
240,0,0,0,0,0,0,0,0,0,0,0,0,0,0,0,0,0,0,0,0,0,0,0,0,0,0,0,0,0,0,0,0,0,0,0,0,0,0,0,0,0,0,0,0,0,0,0,0,0,0,0,0,0,0,0,0,0,0,0,0,0,0,0,0,0,0,0,0,0,0,0,0,0,0,0,0,0,0,0,0,0,0,0,0,0,0,0,0,0,0,0,0,0,0,0,0
241,0,0,0,0,0,0,0,0,0,0,0,0,0,0,0,0,0,0,0,0,0,0,0,0,0,0,0,0,0,0,0,0,0,0,0,0,0,0,0,0,0,0,0,0,0,0,0,0,0,0,0,0,0,0,0,0,0,0,0,0,0,0,0,0,0,0,0,0,0,0,0,0,0,0,0,0,0,0,0,0,0,0,0,0,0,0,0,0,0,0,0,0,0,0,0,0
242,0,0,0,0,0,0,0,0,0,0,0,0,0,0,0,0,0,0,0,0,0,0,0,0,0,0,0,0,0,0,0,0,0,0,0,0,0,0,0,0,0,0,0,0,0,0,0,0,0,0,0,0,0,0,0,0,0,0,0,0,0,0,0,0,0,0,0,0,0,0,0,0,0,0,0,0,0,0,0,0,0,0,0,0,0,0,0,0,0,0,0,0,0,0,0,0
243,0,0,0,0,0,0,0,0,0,0,0,0,0,0,0,0,0,0,0,0,0,0,0,0,0,0,0,0,0,0,0,0,0,0,0,0,0,0,0,0,0,0,0,0,0,0,0,0,0,0,0,0,0,0,0,0,0,0,0,0,0,0,0,0,0,0,0,0,0,0,0,0,0,0,0,0,0,0,0,0,0,0,0,0,0,0,0,0,0,0,0,0,0,0,0,0
244,0,0,0,0,0,0,0,0,0,0,0,0,0,0,0,0,0,0,0,0,0,0,0,0,0,0,0,0,0,0,0,0,0,0,0,0,0,0,0,0,0,0,0,0,0,0,0,0,0,0,0,0,0,0,0,0,0,0,0,0,0,0,0,0,0,0,0,0,0,0,0,0,0,0,0,0,0,0,0,0,0,0,0,0,0,0,0,0,0,0,0,0,0,0,0,0
245,0,0,0,0,0,0,0,0,0,0,0,0,0,0,0,0,0,0,0,0,0,0,0,0,0,0,0,0,0,0,0,0,0,0,0,0,0,0,0,0,0,0,0,0,0,0,0,0,0,0,0,0,0,0,0,0,0,0,0,0,0,0,0,0,0,0,0,0,0,0,0,0,0,0,0,0,0,0,0,0,0,0,0,0,0,0,0,0,0,0,0,0,0,0,0,0
246,0,0,0,0,0,0,0,0,0,0,0,0,0,0,0,0,0,0,0,0,0,0,0,0,0,0,0,0,0,0,0,0,0,0,0,0,0,0,0,0,0,0,0,0,0,0,0,0,0,0,0,0,0,0,0,0,0,0,0,0,0,0,0,0,0,0,0,0,0,0,0,0,0,0,0,0,0,0,0,0,0,0,0,0,0,0,0,0,0,0,0,0,0,0,0,0
247,0,0,0,0,0,0,0,0,0,0,0,0,0,0,0,0,0,0,0,0,0,0,0,0,0,0,0,0,0,0,0,0,0,0,0,0,0,0,0,0,0,0,0,0,0,0,0,0,0,0,0,0,0,0,0,0,0,0,0,0,0,0,0,0,0,0,0,0,0,0,0,0,0,0,0,0,0,0,0,0,0,0,0,0,0,0,0,0,0,0,0,0,0,0,0,0
248,0,0,0,0,0,0,0,0,0,0,0,0,0,0,0,0,0,0,0,0,0,0,0,0,0,0,0,0,0,0,0,0,0,0,0,0,0,0,0,0,0,0,0,0,0,0,0,0,0,0,0,0,0,0,0,0,0,0,0,0,0,0,0,0,0,0,0,0,0,0,0,0,0,0,0,0,0,0,0,0,0,0,0,0,0,0,0,0,0,0,0,0,0,0,0,0
249,0,0,0,0,0,0,0,0,0,0,0,0,0,0,0,0,0,0,0,0,0,0,0,0,0,0,0,0,0,0,0,0,0,0,0,0,0,0,0,0,0,0,0,0,0,0,0,0,0,0,0,0,0,0,0,0,0,0,0,0,0,0,0,0,0,0,0,0,0,0,0,0,0,0,0,0,0,0,0,0,0,0,0,0,0,0,0,0,0,0,0,0,0,0,0,0
250,0,0,0,0,0,0,0,0,0,0,0,0,0,0,0,0,0,0,0,0,0,0,0,0,0,0,0,0,0,0,0,0,0,0,0,0,0,0,0,0,0,0,0,0,0,0,0,0,0,0,0,0,0,0,0,0,0,0,0,0,0,0,0,0,0,0,0,0,0,0,0,0,0,0,0,0,0,0,0,0,0,0,0,0,0,0,0,0,0,0,0,0,0,0,0,0
251,0,0,0,0,0,0,0,0,0,0,0,0,0,0,0,0,0,0,0,0,0,0,0,0,0,0,0,0,0,0,0,0,0,0,0,0,0,0,0,0,0,0,0,0,0,0,0,0,0,0,0,0,0,0,0,0,0,0,0,0,0,0,0,0,0,0,0,0,0,0,0,0,0,0,0,0,0,0,0,0,0,0,0,0,0,0,0,0,0,0,0,0,0,0,0,0
252,0,0,0,0,0,0,0,0,0,0,0,0,0,0,0,0,0,0,0,0,0,0,0,0,0,0,0,0,0,0,0,0,0,0,0,0,0,0,0,0,0,0,0,0,0,0,0,0,0,0,0,0,0,0,0,0,0,0,0,0,0,0,0,0,0,0,0,0,0,0,0,0,0,0,0,0,0,0,0,0,0,0,0,0,0,0,0,0,0,0,0,0,0,0,0,0
253,0,0,0,0,0,0,0,0,0,0,0,0,0,0,0,0,0,0,0,0,0,0,0,0,0,0,0,0,0,0,0,0,0,0,0,0,0,0,0,0,0,0,0,0,0,0,0,0,0,0,0,0,0,0,0,0,0,0,0,0,0,0,0,0,0,0,0,0,0,0,0,0,0,0,0,0,0,0,0,0,0,0,0,0,0,0,0,0,0,0,0,0,0,0,0,0
254,0,0,0,0,0,0,0,0,0,0,0,0,0,0,0,0,0,0,0,0,0,0,0,0,0,0,0,0,0,0,0,0,0,0,0,0,0,0,0,0,0,0,0,0,0,0,0,0,0,0,0,0,0,0,0,0,0,0,0,0,0,0,0,0,0,0,0,0,0,0,0,0,0,0,0,0,0,0,0,0,0,0,0,0,0,0,0,0,0,0,0,0,0,0,0,0
255,0,0,0,0,0,0,0,0,0,0,0,0,0,0,0,0,0,0,0,0,0,0,0,0,0,0,0,0,0,0,0,0,0,0,0,0,0,0,0,0,0,0,0,0,0,0,0,0,0,0,0,0,0,0,0,0,0,0,0,0,0,0,0,0,0,0,0,0,0,0,0,0,0,0,0,0,0,0,0,0,0,0,0,0,0,0,0,0,0,0,0,0,0,0,0,0
256,0,0,0,0,0,0,0,0,0,0,0,0,0,0,0,0,0,0,0,0,0,0,0,0,0,0,0,0,0,0,0,0,0,0,0,0,0,0,0,0,0,0,0,0,0,0,0,0,0,0,0,0,0,0,0,0,0,0,0,0,0,0,0,0,0,0,0,0,0,0,0,0,0,0,0,0,0,0,0,0,0,0,0,0,0,0,0,0,0,0,0,0,0,0,0,0
257,0,0,0,0,0,0,0,0,0,0,0,0,0,0,0,0,0,0,0,0,0,0,0,0,0,0,0,0,0,0,0,0,0,0,0,0,0,0,0,0,0,0,0,0,0,0,0,0,0,0,0,0,0,0,0,0,0,0,0,0,0,0,0,0,0,0,0,0,0,0,0,0,0,0,0,0,0,0,0,0,0,0,0,0,0,0,0,0,0,0,0,0,0,0,0,0
258,0,0,0,0,0,0,0,0,0,0,0,0,0,0,0,0,0,0,0,0,0,0,0,0,0,0,0,0,0,0,0,0,0,0,0,0,0,0,0,0,0,0,0,0,0,0,0,0,0,0,0,0,0,0,0,0,0,0,0,0,0,0,0,0,0,0,0,0,0,0,0,0,0,0,0,0,0,0,0,0,0,0,0,0,0,0,0,0,0,0,0,0,0,0,0,0
259,0,0,0,0,0,0,0,0,0,0,0,0,0,0,0,0,0,0,0,0,0,0,0,0,0,0,0,0,0,0,0,0,0,0,0,0,0,0,0,0,0,0,0,0,0,0,0,0,0,0,0,0,0,0,0,0,0,0,0,0,0,0,0,0,0,0,0,0,0,0,0,0,0,0,0,0,0,0,0,0,0,0,0,0,0,0,0,0,0,0,0,0,0,0,0,0
260,0,0,0,0,0,0,0,0,0,0,0,0,0,0,0,0,0,0,0,0,0,0,0,0,0,0,0,0,0,0,0,0,0,0,0,0,0,0,0,0,0,0,0,0,0,0,0,0,0,0,0,0,0,0,0,0,0,0,0,0,0,0,0,0,0,0,0,0,0,0,0,0,0,0,0,0,0,0,0,0,0,0,0,0,0,0,0,0,0,0,0,0,0,0,0,0
261,0,0,0,0,0,0,0,0,0,0,0,0,0,0,0,0,0,0,0,0,0,0,0,0,0,0,0,0,0,0,0,0,0,0,0,0,0,0,0,0,0,0,0,0,0,0,0,0,0,0,0,0,0,0,0,0,0,0,0,0,0,0,0,0,0,0,0,0,0,0,0,0,0,0,0,0,0,0,0,0,0,0,0,0,0,0,0,0,0,0,0,0,0,0,0,0
262,0,0,0,0,0,0,0,0,0,0,0,0,0,0,0,0,0,0,0,0,0,0,0,0,0,0,0,0,0,0,0,0,0,0,0,0,0,0,0,0,0,0,0,0,0,0,0,0,0,0,0,0,0,0,0,0,0,0,0,0,0,0,0,0,0,0,0,0,0,0,0,0,0,0,0,0,0,0,0,0,0,0,0,0,0,0,0,0,0,0,0,0,0,0,0,0
263,0,0,0,0,0,0,0,0,0,0,0,0,0,0,0,0,0,0,0,0,0,0,0,0,0,0,0,0,0,0,0,0,0,0,0,0,0,0,0,0,0,0,0,0,0,0,0,0,0,0,0,0,0,0,0,0,0,0,0,0,0,0,0,0,0,0,0,0,0,0,0,0,0,0,0,0,0,0,0,0,0,0,0,0,0,0,0,0,0,0,0,0,0,0,0,0
264,0,0,0,0,0,0,0,0,0,0,0,0,0,0,0,0,0,0,0,0,0,0,0,0,0,0,0,0,0,0,0,0,0,0,0,0,0,0,0,0,0,0,0,0,0,0,0,0,0,0,0,0,0,0,0,0,0,0,0,0,0,0,0,0,0,0,0,0,0,0,0,0,0,0,0,0,0,0,0,0,0,0,0,0,0,0,0,0,0,0,0,0,0,0,0,0
265,0,0,0,0,0,0,0,0,0,0,0,0,0,0,0,0,0,0,0,0,0,0,0,0,0,0,0,0,0,0,0,0,0,0,0,0,0,0,0,0,0,0,0,0,0,0,0,0,0,0,0,0,0,0,0,0,0,0,0,0,0,0,0,0,0,0,0,0,0,0,0,0,0,0,0,0,0,0,0,0,0,0,0,0,0,0,0,0,0,0,0,0,0,0,0,0
266,0,0,0,0,0,0,0,0,0,0,0,0,0,0,0,0,0,0,0,0,0,0,0,0,0,0,0,0,0,0,0,0,0,0,0,0,0,0,0,0,0,0,0,0,0,0,0,0,0,0,0,0,0,0,0,0,0,0,0,0,0,0,0,0,0,0,0,0,0,0,0,0,0,0,0,0,0,0,0,0,0,0,0,0,0,0,0,0,0,0,0,0,0,0,0,0
267,0,0,0,0,0,0,0,0,0,0,0,0,0,0,0,0,0,0,0,0,0,0,0,0,0,0,0,0,0,0,0,0,0,0,0,0,0,0,0,0,0,0,0,0,0,0,0,0,0,0,0,0,0,0,0,0,0,0,0,0,0,0,0,0,0,0,0,0,0,0,0,0,0,0,0,0,0,0,0,0,0,0,0,0,0,0,0,0,0,0,0,0,0,0,0,0
268,0,0,0,0,0,0,0,0,0,0,0,0,0,0,0,0,0,0,0,0,0,0,0,0,0,0,0,0,0,0,0,0,0,0,0,0,0,0,0,0,0,0,0,0,0,0,0,0,0,0,0,0,0,0,0,0,0,0,0,0,0,0,0,0,0,0,0,0,0,0,0,0,0,0,0,0,0,0,0,0,0,0,0,0,0,0,0,0,0,0,0,0,0,0,0,0
269,0,0,0,0,0,0,0,0,0,0,0,0,0,0,0,0,0,0,0,0,0,0,0,0,0,0,0,0,0,0,0,0,0,0,0,0,0,0,0,0,0,0,0,0,0,0,0,0,0,0,0,0,0,0,0,0,0,0,0,0,0,0,0,0,0,0,0,0,0,0,0,0,0,0,0,0,0,0,0,0,0,0,0,0,0,0,0,0,0,0,0,0,0,0,0,0
270,0,0,0,0,0,0,0,0,0,0,0,0,0,0,0,0,0,0,0,0,0,0,0,0,0,0,0,0,0,0,0,0,0,0,0,0,0,0,0,0,0,0,0,0,0,0,0,0,0,0,0,0,0,0,0,0,0,0,0,0,0,0,0,0,0,0,0,0,0,0,0,0,0,0,0,0,0,0,0,0,0,0,0,0,0,0,0,0,0,0,0,0,0,0,0,0
271,0,0,0,0,0,0,0,0,0,0,0,0,0,0,0,0,0,0,0,0,0,0,0,0,0,0,0,0,0,0,0,0,0,0,0,0,0,0,0,0,0,0,0,0,0,0,0,0,0,0,0,0,0,0,0,0,0,0,0,0,0,0,0,0,0,0,0,0,0,0,0,0,0,0,0,0,0,0,0,0,0,0,0,0,0,0,0,0,0,0,0,0,0,0,0,0
272,0,0,0,0,0,0,0,0,0,0,0,0,0,0,0,0,0,0,0,0,0,0,0,0,0,0,0,0,0,0,0,0,0,0,0,0,0,0,0,0,0,0,0,0,0,0,0,0,0,0,0,0,0,0,0,0,0,0,0,0,0,0,0,0,0,0,0,0,0,0,0,0,0,0,0,0,0,0,0,0,0,0,0,0,0,0,0,0,0,0,0,0,0,0,0,0
273,0,0,0,0,0,0,0,0,0,0,0,0,0,0,0,0,0,0,0,0,0,0,0,0,0,0,0,0,0,0,0,0,0,0,0,0,0,0,0,0,0,0,0,0,0,0,0,0,0,0,0,0,0,0,0,0,0,0,0,0,0,0,0,0,0,0,0,0,0,0,0,0,0,0,0,0,0,0,0,0,0,0,0,0,0,0,0,0,0,0,0,0,0,0,0,0
274,0,0,0,0,0,0,0,0,0,0,0,0,0,0,0,0,0,0,0,0,0,0,0,0,0,0,0,0,0,0,0,0,0,0,0,0,0,0,0,0,0,0,0,0,0,0,0,0,0,0,0,0,0,0,0,0,0,0,0,0,0,0,0,0,0,0,0,0,0,0,0,0,0,0,0,0,0,0,0,0,0,0,0,0,0,0,0,0,0,0,0,0,0,0,0,0
275,0,0,0,0,0,0,0,0,0,0,0,0,0,0,0,0,0,0,0,0,0,0,0,0,0,0,0,0,0,0,0,0,0,0,0,0,0,0,0,0,0,0,0,0,0,0,0,0,0,0,0,0,0,0,0,0,0,0,0,0,0,0,0,0,0,0,0,0,0,0,0,0,0,0,0,0,0,0,0,0,0,0,0,0,0,0,0,0,0,0,0,0,0,0,0,0
276,0,0,0,0,0,0,0,0,0,0,0,0,0,0,0,0,0,0,0,0,0,0,0,0,0,0,0,0,0,0,0,0,0,0,0,0,0,0,0,0,0,0,0,0,0,0,0,0,0,0,0,0,0,0,0,0,0,0,0,0,0,0,0,0,0,0,0,0,0,0,0,0,0,0,0,0,0,0,0,0,0,0,0,0,0,0,0,0,0,0,0,0,0,0,0,0
277,0,0,0,0,0,0,0,0,0,0,0,0,0,0,0,0,0,0,0,0,0,0,0,0,0,0,0,0,0,0,0,0,0,0,0,0,0,0,0,0,0,0,0,0,0,0,0,0,0,0,0,0,0,0,0,0,0,0,0,0,0,0,0,0,0,0,0,0,0,0,0,0,0,0,0,0,0,0,0,0,0,0,0,0,0,0,0,0,0,0,0,0,0,0,0,0
278,0,0,0,0,0,0,0,0,0,0,0,0,0,0,0,0,0,0,0,0,0,0,0,0,0,0,0,0,0,0,0,0,0,0,0,0,0,0,0,0,0,0,0,0,0,0,0,0,0,0,0,0,0,0,0,0,0,0,0,0,0,0,0,0,0,0,0,0,0,0,0,0,0,0,0,0,0,0,0,0,0,0,0,0,0,0,0,0,0,0,0,0,0,0,0,0
279,0,0,0,0,0,0,0,0,0,0,0,0,0,0,0,0,0,0,0,0,0,0,0,0,0,0,0,0,0,0,0,0,0,0,0,0,0,0,0,0,0,0,0,0,0,0,0,0,0,0,0,0,0,0,0,0,0,0,0,0,0,0,0,0,0,0,0,0,0,0,0,0,0,0,0,0,0,0,0,0,0,0,0,0,0,0,0,0,0,0,0,0,0,0,0,0
280,0,0,0,0,0,0,0,0,0,0,0,0,0,0,0,0,0,0,0,0,0,0,0,0,0,0,0,0,0,0,0,0,0,0,0,0,0,0,0,0,0,0,0,0,0,0,0,0,0,0,0,0,0,0,0,0,0,0,0,0,0,0,0,0,0,0,0,0,0,0,0,0,0,0,0,0,0,0,0,0,0,0,0,0,0,0,0,0,0,0,0,0,0,0,0,0
281,0,0,0,0,0,0,0,0,0,0,0,0,0,0,0,0,0,0,0,0,0,0,0,0,0,0,0,0,0,0,0,0,0,0,0,0,0,0,0,0,0,0,0,0,0,0,0,0,0,0,0,0,0,0,0,0,0,0,0,0,0,0,0,0,0,0,0,0,0,0,0,0,0,0,0,0,0,0,0,0,0,0,0,0,0,0,0,0,0,0,0,0,0,0,0,0
282,0,0,0,0,0,0,0,0,0,0,0,0,0,0,0,0,0,0,0,0,0,0,0,0,0,0,0,0,0,0,0,0,0,0,0,0,0,0,0,0,0,0,0,0,0,0,0,0,0,0,0,0,0,0,0,0,0,0,0,0,0,0,0,0,0,0,0,0,0,0,0,0,0,0,0,0,0,0,0,0,0,0,0,0,0,0,0,0,0,0,0,0,0,0,0,0
283,0,0,0,0,0,0,0,0,0,0,0,0,0,0,0,0,0,0,0,0,0,0,0,0,0,0,0,0,0,0,0,0,0,0,0,0,0,0,0,0,0,0,0,0,0,0,0,0,0,0,0,0,0,0,0,0,0,0,0,0,0,0,0,0,0,0,0,0,0,0,0,0,0,0,0,0,0,0,0,0,0,0,0,0,0,0,0,0,0,0,0,0,0,0,0,0
284,0,0,0,0,0,0,0,0,0,0,0,0,0,0,0,0,0,0,0,0,0,0,0,0,0,0,0,0,0,0,0,0,0,0,0,0,0,0,0,0,0,0,0,0,0,0,0,0,0,0,0,0,0,0,0,0,0,0,0,0,0,0,0,0,0,0,0,0,0,0,0,0,0,0,0,0,0,0,0,0,0,0,0,0,0,0,0,0,0,0,0,0,0,0,0,0
285,0,0,0,0,0,0,0,0,0,0,0,0,0,0,0,0,0,0,0,0,0,0,0,0,0,0,0,0,0,0,0,0,0,0,0,0,0,0,0,0,0,0,0,0,0,0,0,0,0,0,0,0,0,0,0,0,0,0,0,0,0,0,0,0,0,0,0,0,0,0,0,0,0,0,0,0,0,0,0,0,0,0,0,0,0,0,0,0,0,0,0,0,0,0,0,0
286,0,0,0,0,0,0,0,0,0,0,0,0,0,0,0,0,0,0,0,0,0,0,0,0,0,0,0,0,0,0,0,0,0,0,0,0,0,0,0,0,0,0,0,0,0,0,0,0,0,0,0,0,0,0,0,0,0,0,0,0,0,0,0,0,0,0,0,0,0,0,0,0,0,0,0,0,0,0,0,0,0,0,0,0,0,0,0,0,0,0,0,0,0,0,0,0
287,0,0,0,0,0,0,0,0,0,0,0,0,0,0,0,0,0,0,0,0,0,0,0,0,0,0,0,0,0,0,0,0,0,0,0,0,0,0,0,0,0,0,0,0,0,0,0,0,0,0,0,0,0,0,0,0,0,0,0,0,0,0,0,0,0,0,0,0,0,0,0,0,0,0,0,0,0,0,0,0,0,0,0,0,0,0,0,0,0,0,0,0,0,0,0,0
288,0,0,0,0,0,0,0,0,0,0,0,0,0,0,0,0,0,0,0,0,0,0,0,0,0,0,0,0,0,0,0,0,0,0,0,0,0,0,0,0,0,0,0,0,0,0,0,0,0,0,0,0,0,0,0,0,0,0,0,0,0,0,0,0,0,0,0,0,0,0,0,0,0,0,0,0,0,0,0,0,0,0,0,0,0,0,0,0,0,0,0,0,0,0,0,0
289,0,0,0,0,0,0,0,0,0,0,0,0,0,0,0,0,0,0,0,0,0,0,0,0,0,0,0,0,0,0,0,0,0,0,0,0,0,0,0,0,0,0,0,0,0,0,0,0,0,0,0,0,0,0,0,0,0,0,0,0,0,0,0,0,0,0,0,0,0,0,0,0,0,0,0,0,0,0,0,0,0,0,0,0,0,0,0,0,0,0,0,0,0,0,0,0
290,0,0,0,0,0,0,0,0,0,0,0,0,0,0,0,0,0,0,0,0,0,0,0,0,0,0,0,0,0,0,0,0,0,0,0,0,0,0,0,0,0,0,0,0,0,0,0,0,0,0,0,0,0,0,0,0,0,0,0,0,0,0,0,0,0,0,0,0,0,0,0,0,0,0,0,0,0,0,0,0,0,0,0,0,0,0,0,0,0,0,0,0,0,0,0,0
291,0,0,0,0,0,0,0,0,0,0,0,0,0,0,0,0,0,0,0,0,0,0,0,0,0,0,0,0,0,0,0,0,0,0,0,0,0,0,0,0,0,0,0,0,0,0,0,0,0,0,0,0,0,0,0,0,0,0,0,0,0,0,0,0,0,0,0,0,0,0,0,0,0,0,0,0,0,0,0,0,0,0,0,0,0,0,0,0,0,0,0,0,0,0,0,0
292,0,0,0,0,0,0,0,0,0,0,0,0,0,0,0,0,0,0,0,0,0,0,0,0,0,0,0,0,0,0,0,0,0,0,0,0,0,0,0,0,0,0,0,0,0,0,0,0,0,0,0,0,0,0,0,0,0,0,0,0,0,0,0,0,0,0,0,0,0,0,0,0,0,0,0,0,0,0,0,0,0,0,0,0,0,0,0,0,0,0,0,0,0,0,0,0
293,0,0,0,0,0,0,0,0,0,0,0,0,0,0,0,0,0,0,0,0,0,0,0,0,0,0,0,0,0,0,0,0,0,0,0,0,0,0,0,0,0,0,0,0,0,0,0,0,0,0,0,0,0,0,0,0,0,0,0,0,0,0,0,0,0,0,0,0,0,0,0,0,0,0,0,0,0,0,0,0,0,0,0,0,0,0,0,0,0,0,0,0,0,0,0,0
294,0,0,0,0,0,0,0,0,0,0,0,0,0,0,0,0,0,0,0,0,0,0,0,0,0,0,0,0,0,0,0,0,0,0,0,0,0,0,0,0,0,0,0,0,0,0,0,0,0,0,0,0,0,0,0,0,0,0,0,0,0,0,0,0,0,0,0,0,0,0,0,0,0,0,0,0,0,0,0,0,0,0,0,0,0,0,0,0,0,0,0,0,0,0,0,0
295,0,0,0,0,0,0,0,0,0,0,0,0,0,0,0,0,0,0,0,0,0,0,0,0,0,0,0,0,0,0,0,0,0,0,0,0,0,0,0,0,0,0,0,0,0,0,0,0,0,0,0,0,0,0,0,0,0,0,0,0,0,0,0,0,0,0,0,0,0,0,0,0,0,0,0,0,0,0,0,0,0,0,0,0,0,0,0,0,0,0,0,0,0,0,0,0
296,0,0,0,0,0,0,0,0,0,0,0,0,0,0,0,0,0,0,0,0,0,0,0,0,0,0,0,0,0,0,0,0,0,0,0,0,0,0,0,0,0,0,0,0,0,0,0,0,0,0,0,0,0,0,0,0,0,0,0,0,0,0,0,0,0,0,0,0,0,0,0,0,0,0,0,0,0,0,0,0,0,0,0,0,0,0,0,0,0,0,0,0,0,0,0,0
297,0,0,0,0,0,0,0,0,0,0,0,0,0,0,0,0,0,0,0,0,0,0,0,0,0,0,0,0,0,0,0,0,0,0,0,0,0,0,0,0,0,0,0,0,0,0,0,0,0,0,0,0,0,0,0,0,0,0,0,0,0,0,0,0,0,0,0,0,0,0,0,0,0,0,0,0,0,0,0,0,0,0,0,0,0,0,0,0,0,0,0,0,0,0,0,0
298,0,0,0,0,0,0,0,0,0,0,0,0,0,0,0,0,0,0,0,0,0,0,0,0,0,0,0,0,0,0,0,0,0,0,0,0,0,0,0,0,0,0,0,0,0,0,0,0,0,0,0,0,0,0,0,0,0,0,0,0,0,0,0,0,0,0,0,0,0,0,0,0,0,0,0,0,0,0,0,0,0,0,0,0,0,0,0,0,0,0,0,0,0,0,0,0
299,0,0,0,0,0,0,0,0,0,0,0,0,0,0,0,0,0,0,0,0,0,0,0,0,0,0,0,0,0,0,0,0,0,0,0,0,0,0,0,0,0,0,0,0,0,0,0,0,0,0,0,0,0,0,0,0,0,0,0,0,0,0,0,0,0,0,0,0,0,0,0,0,0,0,0,0,0,0,0,0,0,0,0,0,0,0,0,0,0,0,0,0,0,0,0,0
300,0,0,0,0,0,0,0,0,0,0,0,0,0,0,0,0,0,0,0,0,0,0,0,0,0,0,0,0,0,0,0,0,0,0,0,0,0,0,0,0,0,0,0,0,0,0,0,0,0,0,0,0,0,0,0,0,0,0,0,0,0,0,0,0,0,0,0,0,0,0,0,0,0,0,0,0,0,0,0,0,0,0,0,0,0,0,0,0,0,0,0,0,0,0,0,0
301,0,0,0,0,0,0,0,0,0,0,0,0,0,0,0,0,0,0,0,0,0,0,0,0,0,0,0,0,0,0,0,0,0,0,0,0,0,0,0,0,0,0,0,0,0,0,0,0,0,0,0,0,0,0,0,0,0,0,0,0,0,0,0,0,0,0,0,0,0,0,0,0,0,0,0,0,0,0,0,0,0,0,0,0,0,0,0,0,0,0,0,0,0,0,0,0
302,0,0,0,0,0,0,0,0,0,0,0,0,0,0,0,0,0,0,0,0,0,0,0,0,0,0,0,0,0,0,0,0,0,0,0,0,0,0,0,0,0,0,0,0,0,0,0,0,0,0,0,0,0,0,0,0,0,0,0,0,0,0,0,0,0,0,0,0,0,0,0,0,0,0,0,0,0,0,0,0,0,0,0,0,0,0,0,0,0,0,0,0,0,0,0,0
303,0,0,0,0,0,0,0,0,0,0,0,0,0,0,0,0,0,0,0,0,0,0,0,0,0,0,0,0,0,0,0,0,0,0,0,0,0,0,0,0,0,0,0,0,0,0,0,0,0,0,0,0,0,0,0,0,0,0,0,0,0,0,0,0,0,0,0,0,0,0,0,0,0,0,0,0,0,0,0,0,0,0,0,0,0,0,0,0,0,0,0,0,0,0,0,0
304,0,0,0,0,0,0,0,0,0,0,0,0,0,0,0,0,0,0,0,0,0,0,0,0,0,0,0,0,0,0,0,0,0,0,0,0,0,0,0,0,0,0,0,0,0,0,0,0,0,0,0,0,0,0,0,0,0,0,0,0,0,0,0,0,0,0,0,0,0,0,0,0,0,0,0,0,0,0,0,0,0,0,0,0,0,0,0,0,0,0,0,0,0,0,0,0
305,0,0,0,0,0,0,0,0,0,0,0,0,0,0,0,0,0,0,0,0,0,0,0,0,0,0,0,0,0,0,0,0,0,0,0,0,0,0,0,0,0,0,0,0,0,0,0,0,0,0,0,0,0,0,0,0,0,0,0,0,0,0,0,0,0,0,0,0,0,0,0,0,0,0,0,0,0,0,0,0,0,0,0,0,0,0,0,0,0,0,0,0,0,0,0,0
306,0,0,0,0,0,0,0,0,0,0,0,0,0,0,0,0,0,0,0,0,0,0,0,0,0,0,0,0,0,0,0,0,0,0,0,0,0,0,0,0,0,0,0,0,0,0,0,0,0,0,0,0,0,0,0,0,0,0,0,0,0,0,0,0,0,0,0,0,0,0,0,0,0,0,0,0,0,0,0,0,0,0,0,0,0,0,0,0,0,0,0,0,0,0,0,0
307,0,0,0,0,0,0,0,0,0,0,0,0,0,0,0,0,0,0,0,0,0,0,0,0,0,0,0,0,0,0,0,0,0,0,0,0,0,0,0,0,0,0,0,0,0,0,0,0,0,0,0,0,0,0,0,0,0,0,0,0,0,0,0,0,0,0,0,0,0,0,0,0,0,0,0,0,0,0,0,0,0,0,0,0,0,0,0,0,0,0,0,0,0,0,0,0
308,0,0,0,0,0,0,0,0,0,0,0,0,0,0,0,0,0,0,0,0,0,0,0,0,0,0,0,0,0,0,0,0,0,0,0,0,0,0,0,0,0,0,0,0,0,0,0,0,0,0,0,0,0,0,0,0,0,0,0,0,0,0,0,0,0,0,0,0,0,0,0,0,0,0,0,0,0,0,0,0,0,0,0,0,0,0,0,0,0,0,0,0,0,0,0,0
309,0,0,0,0,0,0,0,0,0,0,0,0,0,0,0,0,0,0,0,0,0,0,0,0,0,0,0,0,0,0,0,0,0,0,0,0,0,0,0,0,0,0,0,0,0,0,0,0,0,0,0,0,0,0,0,0,0,0,0,0,0,0,0,0,0,0,0,0,0,0,0,0,0,0,0,0,0,0,0,0,0,0,0,0,0,0,0,0,0,0,0,0,0,0,0,0
310,0,0,0,0,0,0,0,0,0,0,0,0,0,0,0,0,0,0,0,0,0,0,0,0,0,0,0,0,0,0,0,0,0,0,0,0,0,0,0,0,0,0,0,0,0,0,0,0,0,0,0,0,0,0,0,0,0,0,0,0,0,0,0,0,0,0,0,0,0,0,0,0,0,0,0,0,0,0,0,0,0,0,0,0,0,0,0,0,0,0,0,0,0,0,0,0
311,0,0,0,0,0,0,0,0,0,0,0,0,0,0,0,0,0,0,0,0,0,0,0,0,0,0,0,0,0,0,0,0,0,0,0,0,0,0,0,0,0,0,0,0,0,0,0,0,0,0,0,0,0,0,0,0,0,0,0,0,0,0,0,0,0,0,0,0,0,0,0,0,0,0,0,0,0,0,0,0,0,0,0,0,0,0,0,0,0,0,0,0,0,0,0,0
312,0,0,0,0,0,0,0,0,0,0,0,0,0,0,0,0,0,0,0,0,0,0,0,0,0,0,0,0,0,0,0,0,0,0,0,0,0,0,0,0,0,0,0,0,0,0,0,0,0,0,0,0,0,0,0,0,0,0,0,0,0,0,0,0,0,0,0,0,0,0,0,0,0,0,0,0,0,0,0,0,0,0,0,0,0,0,0,0,0,0,0,0,0,0,0,0
313,0,0,0,0,0,0,0,0,0,0,0,0,0,0,0,0,0,0,0,0,0,0,0,0,0,0,0,0,0,0,0,0,0,0,0,0,0,0,0,0,0,0,0,0,0,0,0,0,0,0,0,0,0,0,0,0,0,0,0,0,0,0,0,0,0,0,0,0,0,0,0,0,0,0,0,0,0,0,0,0,0,0,0,0,0,0,0,0,0,0,0,0,0,0,0,0
314,0,0,0,0,0,0,0,0,0,0,0,0,0,0,0,0,0,0,0,0,0,0,0,0,0,0,0,0,0,0,0,0,0,0,0,0,0,0,0,0,0,0,0,0,0,0,0,0,0,0,0,0,0,0,0,0,0,0,0,0,0,0,0,0,0,0,0,0,0,0,0,0,0,0,0,0,0,0,0,0,0,0,0,0,0,0,0,0,0,0,0,0,0,0,0,0
315,0,0,0,0,0,0,0,0,0,0,0,0,0,0,0,0,0,0,0,0,0,0,0,0,0,0,0,0,0,0,0,0,0,0,0,0,0,0,0,0,0,0,0,0,0,0,0,0,0,0,0,0,0,0,0,0,0,0,0,0,0,0,0,0,0,0,0,0,0,0,0,0,0,0,0,0,0,0,0,0,0,0,0,0,0,0,0,0,0,0,0,0,0,0,0,0
316,0,0,0,0,0,0,0,0,0,0,0,0,0,0,0,0,0,0,0,0,0,0,0,0,0,0,0,0,0,0,0,0,0,0,0,0,0,0,0,0,0,0,0,0,0,0,0,0,0,0,0,0,0,0,0,0,0,0,0,0,0,0,0,0,0,0,0,0,0,0,0,0,0,0,0,0,0,0,0,0,0,0,0,0,0,0,0,0,0,0,0,0,0,0,0,0
317,0,0,0,0,0,0,0,0,0,0,0,0,0,0,0,0,0,0,0,0,0,0,0,0,0,0,0,0,0,0,0,0,0,0,0,0,0,0,0,0,0,0,0,0,0,0,0,0,0,0,0,0,0,0,0,0,0,0,0,0,0,0,0,0,0,0,0,0,0,0,0,0,0,0,0,0,0,0,0,0,0,0,0,0,0,0,0,0,0,0,0,0,0,0,0,0
318,0,0,0,0,0,0,0,0,0,0,0,0,0,0,0,0,0,0,0,0,0,0,0,0,0,0,0,0,0,0,0,0,0,0,0,0,0,0,0,0,0,0,0,0,0,0,0,0,0,0,0,0,0,0,0,0,0,0,0,0,0,0,0,0,0,0,0,0,0,0,0,0,0,0,0,0,0,0,0,0,0,0,0,0,0,0,0,0,0,0,0,0,0,0,0,0
319,0,0,0,0,0,0,0,0,0,0,0,0,0,0,0,0,0,0,0,0,0,0,0,0,0,0,0,0,0,0,0,0,0,0,0,0,0,0,0,0,0,0,0,0,0,0,0,0,0,0,0,0,0,0,0,0,0,0,0,0,0,0,0,0,0,0,0,0,0,0,0,0,0,0,0,0,0,0,0,0,0,0,0,0,0,0,0,0,0,0,0,0,0,0,0,0
320,0,0,0,0,0,0,0,0,0,0,0,0,0,0,0,0,0,0,0,0,0,0,0,0,0,0,0,0,0,0,0,0,0,0,0,0,0,0,0,0,0,0,0,0,0,0,0,0,0,0,0,0,0,0,0,0,0,0,0,0,0,0,0,0,0,0,0,0,0,0,0,0,0,0,0,0,0,0,0,0,0,0,0,0,0,0,0,0,0,0,0,0,0,0,0,0
321,0,0,0,0,0,0,0,0,0,0,0,0,0,0,0,0,0,0,0,0,0,0,0,0,0,0,0,0,0,0,0,0,0,0,0,0,0,0,0,0,0,0,0,0,0,0,0,0,0,0,0,0,0,0,0,0,0,0,0,0,0,0,0,0,0,0,0,0,0,0,0,0,0,0,0,0,0,0,0,0,0,0,0,0,0,0,0,0,0,0,0,0,0,0,0,0
322,0,0,0,0,0,0,0,0,0,0,0,0,0,0,0,0,0,0,0,0,0,0,0,0,0,0,0,0,0,0,0,0,0,0,0,0,0,0,0,0,0,0,0,0,0,0,0,0,0,0,0,0,0,0,0,0,0,0,0,0,0,0,0,0,0,0,0,0,0,0,0,0,0,0,0,0,0,0,0,0,0,0,0,0,0,0,0,0,0,0,0,0,0,0,0,0
323,0,0,0,0,0,0,0,0,0,0,0,0,0,0,0,0,0,0,0,0,0,0,0,0,0,0,0,0,0,0,0,0,0,0,0,0,0,0,0,0,0,0,0,0,0,0,0,0,0,0,0,0,0,0,0,0,0,0,0,0,0,0,0,0,0,0,0,0,0,0,0,0,0,0,0,0,0,0,0,0,0,0,0,0,0,0,0,0,0,0,0,0,0,0,0,0
324,0,0,0,0,0,0,0,0,0,0,0,0,0,0,0,0,0,0,0,0,0,0,0,0,0,0,0,0,0,0,0,0,0,0,0,0,0,0,0,0,0,0,0,0,0,0,0,0,0,0,0,0,0,0,0,0,0,0,0,0,0,0,0,0,0,0,0,0,0,0,0,0,0,0,0,0,0,0,0,0,0,0,0,0,0,0,0,0,0,0,0,0,0,0,0,0
325,0,0,0,0,0,0,0,0,0,0,0,0,0,0,0,0,0,0,0,0,0,0,0,0,0,0,0,0,0,0,0,0,0,0,0,0,0,0,0,0,0,0,0,0,0,0,0,0,0,0,0,0,0,0,0,0,0,0,0,0,0,0,0,0,0,0,0,0,0,0,0,0,0,0,0,0,0,0,0,0,0,0,0,0,0,0,0,0,0,0,0,0,0,0,0,0
326,0,0,0,0,0,0,0,0,0,0,0,0,0,0,0,0,0,0,0,0,0,0,0,0,0,0,0,0,0,0,0,0,0,0,0,0,0,0,0,0,0,0,0,0,0,0,0,0,0,0,0,0,0,0,0,0,0,0,0,0,0,0,0,0,0,0,0,0,0,0,0,0,0,0,0,0,0,0,0,0,0,0,0,0,0,0,0,0,0,0,0,0,0,0,0,0
327,0,0,0,0,0,0,0,0,0,0,0,0,0,0,0,0,0,0,0,0,0,0,0,0,0,0,0,0,0,0,0,0,0,0,0,0,0,0,0,0,0,0,0,0,0,0,0,0,0,0,0,0,0,0,0,0,0,0,0,0,0,0,0,0,0,0,0,0,0,0,0,0,0,0,0,0,0,0,0,0,0,0,0,0,0,0,0,0,0,0,0,0,0,0,0,0
328,0,0,0,0,0,0,0,0,0,0,0,0,0,0,0,0,0,0,0,0,0,0,0,0,0,0,0,0,0,0,0,0,0,0,0,0,0,0,0,0,0,0,0,0,0,0,0,0,0,0,0,0,0,0,0,0,0,0,0,0,0,0,0,0,0,0,0,0,0,0,0,0,0,0,0,0,0,0,0,0,0,0,0,0,0,0,0,0,0,0,0,0,0,0,0,0
329,0,0,0,0,0,0,0,0,0,0,0,0,0,0,0,0,0,0,0,0,0,0,0,0,0,0,0,0,0,0,0,0,0,0,0,0,0,0,0,0,0,0,0,0,0,0,0,0,0,0,0,0,0,0,0,0,0,0,0,0,0,0,0,0,0,0,0,0,0,0,0,0,0,0,0,0,0,0,0,0,0,0,0,0,0,0,0,0,0,0,0,0,0,0,0,0
330,0,0,0,0,0,0,0,0,0,0,0,0,0,0,0,0,0,0,0,0,0,0,0,0,0,0,0,0,0,0,0,0,0,0,0,0,0,0,0,0,0,0,0,0,0,0,0,0,0,0,0,0,0,0,0,0,0,0,0,0,0,0,0,0,0,0,0,0,0,0,0,0,0,0,0,0,0,0,0,0,0,0,0,0,0,0,0,0,0,0,0,0,0,0,0,0
331,0,0,0,0,0,0,0,0,0,0,0,0,0,0,0,0,0,0,0,0,0,0,0,0,0,0,0,0,0,0,0,0,0,0,0,0,0,0,0,0,0,0,0,0,0,0,0,0,0,0,0,0,0,0,0,0,0,0,0,0,0,0,0,0,0,0,0,0,0,0,0,0,0,0,0,0,0,0,0,0,0,0,0,0,0,0,0,0,0,0,0,0,0,0,0,0
332,0,0,0,0,0,0,0,0,0,0,0,0,0,0,0,0,0,0,0,0,0,0,0,0,0,0,0,0,0,0,0,0,0,0,0,0,0,0,0,0,0,0,0,0,0,0,0,0,0,0,0,0,0,0,0,0,0,0,0,0,0,0,0,0,0,0,0,0,0,0,0,0,0,0,0,0,0,0,0,0,0,0,0,0,0,0,0,0,0,0,0,0,0,0,0,0
333,0,0,0,0,0,0,0,0,0,0,0,0,0,0,0,0,0,0,0,0,0,0,0,0,0,0,0,0,0,0,0,0,0,0,0,0,0,0,0,0,0,0,0,0,0,0,0,0,0,0,0,0,0,0,0,0,0,0,0,0,0,0,0,0,0,0,0,0,0,0,0,0,0,0,0,0,0,0,0,0,0,0,0,0,0,0,0,0,0,0,0,0,0,0,0,0
334,0,0,0,0,0,0,0,0,0,0,0,0,0,0,0,0,0,0,0,0,0,0,0,0,0,0,0,0,0,0,0,0,0,0,0,0,0,0,0,0,0,0,0,0,0,0,0,0,0,0,0,0,0,0,0,0,0,0,0,0,0,0,0,0,0,0,0,0,0,0,0,0,0,0,0,0,0,0,0,0,0,0,0,0,0,0,0,0,0,0,0,0,0,0,0,0
335,0,0,0,0,0,0,0,0,0,0,0,0,0,0,0,0,0,0,0,0,0,0,0,0,0,0,0,0,0,0,0,0,0,0,0,0,0,0,0,0,0,0,0,0,0,0,0,0,0,0,0,0,0,0,0,0,0,0,0,0,0,0,0,0,0,0,0,0,0,0,0,0,0,0,0,0,0,0,0,0,0,0,0,0,0,0,0,0,0,0,0,0,0,0,0,0
336,0,0,0,0,0,0,0,0,0,0,0,0,0,0,0,0,0,0,0,0,0,0,0,0,0,0,0,0,0,0,0,0,0,0,0,0,0,0,0,0,0,0,0,0,0,0,0,0,0,0,0,0,0,0,0,0,0,0,0,0,0,0,0,0,0,0,0,0,0,0,0,0,0,0,0,0,0,0,0,0,0,0,0,0,0,0,0,0,0,0,0,0,0,0,0,0
337,0,0,0,0,0,0,0,0,0,0,0,0,0,0,0,0,0,0,0,0,0,0,0,0,0,0,0,0,0,0,0,0,0,0,0,0,0,0,0,0,0,0,0,0,0,0,0,0,0,0,0,0,0,0,0,0,0,0,0,0,0,0,0,0,0,0,0,0,0,0,0,0,0,0,0,0,0,0,0,0,0,0,0,0,0,0,0,0,0,0,0,0,0,0,0,0
338,0,0,0,0,0,0,0,0,0,0,0,0,0,0,0,0,0,0,0,0,0,0,0,0,0,0,0,0,0,0,0,0,0,0,0,0,0,0,0,0,0,0,0,0,0,0,0,0,0,0,0,0,0,0,0,0,0,0,0,0,0,0,0,0,0,0,0,0,0,0,0,0,0,0,0,0,0,0,0,0,0,0,0,0,0,0,0,0,0,0,0,0,0,0,0,0
339,0,0,0,0,0,0,0,0,0,0,0,0,0,0,0,0,0,0,0,0,0,0,0,0,0,0,0,0,0,0,0,0,0,0,0,0,0,0,0,0,0,0,0,0,0,0,0,0,0,0,0,0,0,0,0,0,0,0,0,0,0,0,0,0,0,0,0,0,0,0,0,0,0,0,0,0,0,0,0,0,0,0,0,0,0,0,0,0,0,0,0,0,0,0,0,0
340,0,0,0,0,0,0,0,0,0,0,0,0,0,0,0,0,0,0,0,0,0,0,0,0,0,0,0,0,0,0,0,0,0,0,0,0,0,0,0,0,0,0,0,0,0,0,0,0,0,0,0,0,0,0,0,0,0,0,0,0,0,0,0,0,0,0,0,0,0,0,0,0,0,0,0,0,0,0,0,0,0,0,0,0,0,0,0,0,0,0,0,0,0,0,0,0
341,0,0,0,0,0,0,0,0,0,0,0,0,0,0,0,0,0,0,0,0,0,0,0,0,0,0,0,0,0,0,0,0,0,0,0,0,0,0,0,0,0,0,0,0,0,0,0,0,0,0,0,0,0,0,0,0,0,0,0,0,0,0,0,0,0,0,0,0,0,0,0,0,0,0,0,0,0,0,0,0,0,0,0,0,0,0,0,0,0,0,0,0,0,0,0,0
342,0,0,0,0,0,0,0,0,0,0,0,0,0,0,0,0,0,0,0,0,0,0,0,0,0,0,0,0,0,0,0,0,0,0,0,0,0,0,0,0,0,0,0,0,0,0,0,0,0,0,0,0,0,0,0,0,0,0,0,0,0,0,0,0,0,0,0,0,0,0,0,0,0,0,0,0,0,0,0,0,0,0,0,0,0,0,0,0,0,0,0,0,0,0,0,0
343,0,0,0,0,0,0,0,0,0,0,0,0,0,0,0,0,0,0,0,0,0,0,0,0,0,0,0,0,0,0,0,0,0,0,0,0,0,0,0,0,0,0,0,0,0,0,0,0,0,0,0,0,0,0,0,0,0,0,0,0,0,0,0,0,0,0,0,0,0,0,0,0,0,0,0,0,0,0,0,0,0,0,0,0,0,0,0,0,0,0,0,0,0,0,0,0
344,0,0,0,0,0,0,0,0,0,0,0,0,0,0,0,0,0,0,0,0,0,0,0,0,0,0,0,0,0,0,0,0,0,0,0,0,0,0,0,0,0,0,0,0,0,0,0,0,0,0,0,0,0,0,0,0,0,0,0,0,0,0,0,0,0,0,0,0,0,0,0,0,0,0,0,0,0,0,0,0,0,0,0,0,0,0,0,0,0,0,0,0,0,0,0,0
345,0,0,0,0,0,0,0,0,0,0,0,0,0,0,0,0,0,0,0,0,0,0,0,0,0,0,0,0,0,0,0,0,0,0,0,0,0,0,0,0,0,0,0,0,0,0,0,0,0,0,0,0,0,0,0,0,0,0,0,0,0,0,0,0,0,0,0,0,0,0,0,0,0,0,0,0,0,0,0,0,0,0,0,0,0,0,0,0,0,0,0,0,0,0,0,0
346,0,0,0,0,0,0,0,0,0,0,0,0,0,0,0,0,0,0,0,0,0,0,0,0,0,0,0,0,0,0,0,0,0,0,0,0,0,0,0,0,0,0,0,0,0,0,0,0,0,0,0,0,0,0,0,0,0,0,0,0,0,0,0,0,0,0,0,0,0,0,0,0,0,0,0,0,0,0,0,0,0,0,0,0,0,0,0,0,0,0,0,0,0,0,0,0
347,0,0,0,0,0,0,0,0,0,0,0,0,0,0,0,0,0,0,0,0,0,0,0,0,0,0,0,0,0,0,0,0,0,0,0,0,0,0,0,0,0,0,0,0,0,0,0,0,0,0,0,0,0,0,0,0,0,0,0,0,0,0,0,0,0,0,0,0,0,0,0,0,0,0,0,0,0,0,0,0,0,0,0,0,0,0,0,0,0,0,0,0,0,0,0,0
348,0,0,0,0,0,0,0,0,0,0,0,0,0,0,0,0,0,0,0,0,0,0,0,0,0,0,0,0,0,0,0,0,0,0,0,0,0,0,0,0,0,0,0,0,0,0,0,0,0,0,0,0,0,0,0,0,0,0,0,0,0,0,0,0,0,0,0,0,0,0,0,0,0,0,0,0,0,0,0,0,0,0,0,0,0,0,0,0,0,0,0,0,0,0,0,0
349,0,0,0,0,0,0,0,0,0,0,0,0,0,0,0,0,0,0,0,0,0,0,0,0,0,0,0,0,0,0,0,0,0,0,0,0,0,0,0,0,0,0,0,0,0,0,0,0,0,0,0,0,0,0,0,0,0,0,0,0,0,0,0,0,0,0,0,0,0,0,0,0,0,0,0,0,0,0,0,0,0,0,0,0,0,0,0,0,0,0,0,0,0,0,0,0
350,0,0,0,0,0,0,0,0,0,0,0,0,0,0,0,0,0,0,0,0,0,0,0,0,0,0,0,0,0,0,0,0,0,0,0,0,0,0,0,0,0,0,0,0,0,0,0,0,0,0,0,0,0,0,0,0,0,0,0,0,0,0,0,0,0,0,0,0,0,0,0,0,0,0,0,0,0,0,0,0,0,0,0,0,0,0,0,0,0,0,0,0,0,0,0,0
351,0,0,0,0,0,0,0,0,0,0,0,0,0,0,0,0,0,0,0,0,0,0,0,0,0,0,0,0,0,0,0,0,0,0,0,0,0,0,0,0,0,0,0,0,0,0,0,0,0,0,0,0,0,0,0,0,0,0,0,0,0,0,0,0,0,0,0,0,0,0,0,0,0,0,0,0,0,0,0,0,0,0,0,0,0,0,0,0,0,0,0,0,0,0,0,0
352,0,0,0,0,0,0,0,0,0,0,0,0,0,0,0,0,0,0,0,0,0,0,0,0,0,0,0,0,0,0,0,0,0,0,0,0,0,0,0,0,0,0,0,0,0,0,0,0,0,0,0,0,0,0,0,0,0,0,0,0,0,0,0,0,0,0,0,0,0,0,0,0,0,0,0,0,0,0,0,0,0,0,0,0,0,0,0,0,0,0,0,0,0,0,0,0
353,0,0,0,0,0,0,0,0,0,0,0,0,0,0,0,0,0,0,0,0,0,0,0,0,0,0,0,0,0,0,0,0,0,0,0,0,0,0,0,0,0,0,0,0,0,0,0,0,0,0,0,0,0,0,0,0,0,0,0,0,0,0,0,0,0,0,0,0,0,0,0,0,0,0,0,0,0,0,0,0,0,0,0,0,0,0,0,0,0,0,0,0,0,0,0,0
354,0,0,0,0,0,0,0,0,0,0,0,0,0,0,0,0,0,0,0,0,0,0,0,0,0,0,0,0,0,0,0,0,0,0,0,0,0,0,0,0,0,0,0,0,0,0,0,0,0,0,0,0,0,0,0,0,0,0,0,0,0,0,0,0,0,0,0,0,0,0,0,0,0,0,0,0,0,0,0,0,0,0,0,0,0,0,0,0,0,0,0,0,0,0,0,0
355,0,0,0,0,0,0,0,0,0,0,0,0,0,0,0,0,0,0,0,0,0,0,0,0,0,0,0,0,0,0,0,0,0,0,0,0,0,0,0,0,0,0,0,0,0,0,0,0,0,0,0,0,0,0,0,0,0,0,0,0,0,0,0,0,0,0,0,0,0,0,0,0,0,0,0,0,0,0,0,0,0,0,0,0,0,0,0,0,0,0,0,0,0,0,0,0
356,0,0,0,0,0,0,0,0,0,0,0,0,0,0,0,0,0,0,0,0,0,0,0,0,0,0,0,0,0,0,0,0,0,0,0,0,0,0,0,0,0,0,0,0,0,0,0,0,0,0,0,0,0,0,0,0,0,0,0,0,0,0,0,0,0,0,0,0,0,0,0,0,0,0,0,0,0,0,0,0,0,0,0,0,0,0,0,0,0,0,0,0,0,0,0,0
357,0,0,0,0,0,0,0,0,0,0,0,0,0,0,0,0,0,0,0,0,0,0,0,0,0,0,0,0,0,0,0,0,0,0,0,0,0,0,0,0,0,0,0,0,0,0,0,0,0,0,0,0,0,0,0,0,0,0,0,0,0,0,0,0,0,0,0,0,0,0,0,0,0,0,0,0,0,0,0,0,0,0,0,0,0,0,0,0,0,0,0,0,0,0,0,0
358,0,0,0,0,0,0,0,0,0,0,0,0,0,0,0,0,0,0,0,0,0,0,0,0,0,0,0,0,0,0,0,0,0,0,0,0,0,0,0,0,0,0,0,0,0,0,0,0,0,0,0,0,0,0,0,0,0,0,0,0,0,0,0,0,0,0,0,0,0,0,0,0,0,0,0,0,0,0,0,0,0,0,0,0,0,0,0,0,0,0,0,0,0,0,0,0
359,0,0,0,0,0,0,0,0,0,0,0,0,0,0,0,0,0,0,0,0,0,0,0,0,0,0,0,0,0,0,0,0,0,0,0,0,0,0,0,0,0,0,0,0,0,0,0,0,0,0,0,0,0,0,0,0,0,0,0,0,0,0,0,0,0,0,0,0,0,0,0,0,0,0,0,0,0,0,0,0,0,0,0,0,0,0,0,0,0,0,0,0,0,0,0,0
360,0,0,0,0,0,0,0,0,0,0,0,0,0,0,0,0,0,0,0,0,0,0,0,0,0,0,0,0,0,0,0,0,0,0,0,0,0,0,0,0,0,0,0,0,0,0,0,0,0,0,0,0,0,0,0,0,0,0,0,0,0,0,0,0,0,0,0,0,0,0,0,0,0,0,0,0,0,0,0,0,0,0,0,0,0,0,0,0,0,0,0,0,0,0,0,0
361,0,0,0,0,0,0,0,0,0,0,0,0,0,0,0,0,0,0,0,0,0,0,0,0,0,0,0,0,0,0,0,0,0,0,0,0,0,0,0,0,0,0,0,0,0,0,0,0,0,0,0,0,0,0,0,0,0,0,0,0,0,0,0,0,0,0,0,0,0,0,0,0,0,0,0,0,0,0,0,0,0,0,0,0,0,0,0,0,0,0,0,0,0,0,0,0
362,0,0,0,0,0,0,0,0,0,0,0,0,0,0,0,0,0,0,0,0,0,0,0,0,0,0,0,0,0,0,0,0,0,0,0,0,0,0,0,0,0,0,0,0,0,0,0,0,0,0,0,0,0,0,0,0,0,0,0,0,0,0,0,0,0,0,0,0,0,0,0,0,0,0,0,0,0,0,0,0,0,0,0,0,0,0,0,0,0,0,0,0,0,0,0,0
363,0,0,0,0,0,0,0,0,0,0,0,0,0,0,0,0,0,0,0,0,0,0,0,0,0,0,0,0,0,0,0,0,0,0,0,0,0,0,0,0,0,0,0,0,0,0,0,0,0,0,0,0,0,0,0,0,0,0,0,0,0,0,0,0,0,0,0,0,0,0,0,0,0,0,0,0,0,0,0,0,0,0,0,0,0,0,0,0,0,0,0,0,0,0,0,0
364,0,0,0,0,0,0,0,0,0,0,0,0,0,0,0,0,0,0,0,0,0,0,0,0,0,0,0,0,0,0,0,0,0,0,0,0,0,0,0,0,0,0,0,0,0,0,0,0,0,0,0,0,0,0,0,0,0,0,0,0,0,0,0,0,0,0,0,0,0,0,0,0,0,0,0,0,0,0,0,0,0,0,0,0,0,0,0,0,0,0,0,0,0,0,0,0
365,0,0,0,0,0,0,0,0,0,0,0,0,0,0,0,0,0,0,0,0,0,0,0,0,0,0,0,0,0,0,0,0,0,0,0,0,0,0,0,0,0,0,0,0,0,0,0,0,0,0,0,0,0,0,0,0,0,0,0,0,0,0,0,0,0,0,0,0,0,0,0,0,0,0,0,0,0,0,0,0,0,0,0,0,0,0,0,0,0,0,0,0,0,0,0,0
366,0,0,0,0,0,0,0,0,0,0,0,0,0,0,0,0,0,0,0,0,0,0,0,0,0,0,0,0,0,0,0,0,0,0,0,0,0,0,0,0,0,0,0,0,0,0,0,0,0,0,0,0,0,0,0,0,0,0,0,0,0,0,0,0,0,0,0,0,0,0,0,0,0,0,0,0,0,0,0,0,0,0,0,0,0,0,0,0,0,0,0,0,0,0,0,0
367,0,0,0,0,0,0,0,0,0,0,0,0,0,0,0,0,0,0,0,0,0,0,0,0,0,0,0,0,0,0,0,0,0,0,0,0,0,0,0,0,0,0,0,0,0,0,0,0,0,0,0,0,0,0,0,0,0,0,0,0,0,0,0,0,0,0,0,0,0,0,0,0,0,0,0,0,0,0,0,0,0,0,0,0,0,0,0,0,0,0,0,0,0,0,0,0
368,0,0,0,0,0,0,0,0,0,0,0,0,0,0,0,0,0,0,0,0,0,0,0,0,0,0,0,0,0,0,0,0,0,0,0,0,0,0,0,0,0,0,0,0,0,0,0,0,0,0,0,0,0,0,0,0,0,0,0,0,0,0,0,0,0,0,0,0,0,0,0,0,0,0,0,0,0,0,0,0,0,0,0,0,0,0,0,0,0,0,0,0,0,0,0,0
369,0,0,0,0,0,0,0,0,0,0,0,0,0,0,0,0,0,0,0,0,0,0,0,0,0,0,0,0,0,0,0,0,0,0,0,0,0,0,0,0,0,0,0,0,0,0,0,0,0,0,0,0,0,0,0,0,0,0,0,0,0,0,0,0,0,0,0,0,0,0,0,0,0,0,0,0,0,0,0,0,0,0,0,0,0,0,0,0,0,0,0,0,0,0,0,0
370,0,0,0,0,0,0,0,0,0,0,0,0,0,0,0,0,0,0,0,0,0,0,0,0,0,0,0,0,0,0,0,0,0,0,0,0,0,0,0,0,0,0,0,0,0,0,0,0,0,0,0,0,0,0,0,0,0,0,0,0,0,0,0,0,0,0,0,0,0,0,0,0,0,0,0,0,0,0,0,0,0,0,0,0,0,0,0,0,0,0,0,0,0,0,0,0
371,0,0,0,0,0,0,0,0,0,0,0,0,0,0,0,0,0,0,0,0,0,0,0,0,0,0,0,0,0,0,0,0,0,0,0,0,0,0,0,0,0,0,0,0,0,0,0,0,0,0,0,0,0,0,0,0,0,0,0,0,0,0,0,0,0,0,0,0,0,0,0,0,0,0,0,0,0,0,0,0,0,0,0,0,0,0,0,0,0,0,0,0,0,0,0,0
372,0,0,0,0,0,0,0,0,0,0,0,0,0,0,0,0,0,0,0,0,0,0,0,0,0,0,0,0,0,0,0,0,0,0,0,0,0,0,0,0,0,0,0,0,0,0,0,0,0,0,0,0,0,0,0,0,0,0,0,0,0,0,0,0,0,0,0,0,0,0,0,0,0,0,0,0,0,0,0,0,0,0,0,0,0,0,0,0,0,0,0,0,0,0,0,0
373,0,0,0,0,0,0,0,0,0,0,0,0,0,0,0,0,0,0,0,0,0,0,0,0,0,0,0,0,0,0,0,0,0,0,0,0,0,0,0,0,0,0,0,0,0,0,0,0,0,0,0,0,0,0,0,0,0,0,0,0,0,0,0,0,0,0,0,0,0,0,0,0,0,0,0,0,0,0,0,0,0,0,0,0,0,0,0,0,0,0,0,0,0,0,0,0
374,0,0,0,0,0,0,0,0,0,0,0,0,0,0,0,0,0,0,0,0,0,0,0,0,0,0,0,0,0,0,0,0,0,0,0,0,0,0,0,0,0,0,0,0,0,0,0,0,0,0,0,0,0,0,0,0,0,0,0,0,0,0,0,0,0,0,0,0,0,0,0,0,0,0,0,0,0,0,0,0,0,0,0,0,0,0,0,0,0,0,0,0,0,0,0,0
375,0,0,0,0,0,0,0,0,0,0,0,0,0,0,0,0,0,0,0,0,0,0,0,0,0,0,0,0,0,0,0,0,0,0,0,0,0,0,0,0,0,0,0,0,0,0,0,0,0,0,0,0,0,0,0,0,0,0,0,0,0,0,0,0,0,0,0,0,0,0,0,0,0,0,0,0,0,0,0,0,0,0,0,0,0,0,0,0,0,0,0,0,0,0,0,0
376,0,0,0,0,0,0,0,0,0,0,0,0,0,0,0,0,0,0,0,0,0,0,0,0,0,0,0,0,0,0,0,0,0,0,0,0,0,0,0,0,0,0,0,0,0,0,0,0,0,0,0,0,0,0,0,0,0,0,0,0,0,0,0,0,0,0,0,0,0,0,0,0,0,0,0,0,0,0,0,0,0,0,0,0,0,0,0,0,0,0,0,0,0,0,0,0
377,0,0,0,0,0,0,0,0,0,0,0,0,0,0,0,0,0,0,0,0,0,0,0,0,0,0,0,0,0,0,0,0,0,0,0,0,0,0,0,0,0,0,0,0,0,0,0,0,0,0,0,0,0,0,0,0,0,0,0,0,0,0,0,0,0,0,0,0,0,0,0,0,0,0,0,0,0,0,0,0,0,0,0,0,0,0,0,0,0,0,0,0,0,0,0,0
378,0,0,0,0,0,0,0,0,0,0,0,0,0,0,0,0,0,0,0,0,0,0,0,0,0,0,0,0,0,0,0,0,0,0,0,0,0,0,0,0,0,0,0,0,0,0,0,0,0,0,0,0,0,0,0,0,0,0,0,0,0,0,0,0,0,0,0,0,0,0,0,0,0,0,0,0,0,0,0,0,0,0,0,0,0,0,0,0,0,0,0,0,0,0,0,0
379,0,0,0,0,0,0,0,0,0,0,0,0,0,0,0,0,0,0,0,0,0,0,0,0,0,0,0,0,0,0,0,0,0,0,0,0,0,0,0,0,0,0,0,0,0,0,0,0,0,0,0,0,0,0,0,0,0,0,0,0,0,0,0,0,0,0,0,0,0,0,0,0,0,0,0,0,0,0,0,0,0,0,0,0,0,0,0,0,0,0,0,0,0,0,0,0
380,0,0,0,0,0,0,0,0,0,0,0,0,0,0,0,0,0,0,0,0,0,0,0,0,0,0,0,0,0,0,0,0,0,0,0,0,0,0,0,0,0,0,0,0,0,0,0,0,0,0,0,0,0,0,0,0,0,0,0,0,0,0,0,0,0,0,0,0,0,0,0,0,0,0,0,0,0,0,0,0,0,0,0,0,0,0,0,0,0,0,0,0,0,0,0,0
381,0,0,0,0,0,0,0,0,0,0,0,0,0,0,0,0,0,0,0,0,0,0,0,0,0,0,0,0,0,0,0,0,0,0,0,0,0,0,0,0,0,0,0,0,0,0,0,0,0,0,0,0,0,0,0,0,0,0,0,0,0,0,0,0,0,0,0,0,0,0,0,0,0,0,0,0,0,0,0,0,0,0,0,0,0,0,0,0,0,0,0,0,0,0,0,0
382,0,0,0,0,0,0,0,0,0,0,0,0,0,0,0,0,0,0,0,0,0,0,0,0,0,0,0,0,0,0,0,0,0,0,0,0,0,0,0,0,0,0,0,0,0,0,0,0,0,0,0,0,0,0,0,0,0,0,0,0,0,0,0,0,0,0,0,0,0,0,0,0,0,0,0,0,0,0,0,0,0,0,0,0,0,0,0,0,0,0,0,0,0,0,0,0
383,0,0,0,0,0,0,0,0,0,0,0,0,0,0,0,0,0,0,0,0,0,0,0,0,0,0,0,0,0,0,0,0,0,0,0,0,0,0,0,0,0,0,0,0,0,0,0,0,0,0,0,0,0,0,0,0,0,0,0,0,0,0,0,0,0,0,0,0,0,0,0,0,0,0,0,0,0,0,0,0,0,0,0,0,0,0,0,0,0,0,0,0,0,0,0,0
384,0,0,0,0,0,0,0,0,0,0,0,0,0,0,0,0,0,0,0,0,0,0,0,0,0,0,0,0,0,0,0,0,0,0,0,0,0,0,0,0,0,0,0,0,0,0,0,0,0,0,0,0,0,0,0,0,0,0,0,0,0,0,0,0,0,0,0,0,0,0,0,0,0,0,0,0,0,0,0,0,0,0,0,0,0,0,0,0,0,0,0,0,0,0,0,0
385,0,0,0,0,0,0,0,0,0,0,0,0,0,0,0,0,0,0,0,0,0,0,0,0,0,0,0,0,0,0,0,0,0,0,0,0,0,0,0,0,0,0,0,0,0,0,0,0,0,0,0,0,0,0,0,0,0,0,0,0,0,0,0,0,0,0,0,0,0,0,0,0,0,0,0,0,0,0,0,0,0,0,0,0,0,0,0,0,0,0,0,0,0,0,0,0
386,0,0,0,0,0,0,0,0,0,0,0,0,0,0,0,0,0,0,0,0,0,0,0,0,0,0,0,0,0,0,0,0,0,0,0,0,0,0,0,0,0,0,0,0,0,0,0,0,0,0,0,0,0,0,0,0,0,0,0,0,0,0,0,0,0,0,0,0,0,0,0,0,0,0,0,0,0,0,0,0,0,0,0,0,0,0,0,0,0,0,0,0,0,0,0,0
387,0,0,0,0,0,0,0,0,0,0,0,0,0,0,0,0,0,0,0,0,0,0,0,0,0,0,0,0,0,0,0,0,0,0,0,0,0,0,0,0,0,0,0,0,0,0,0,0,0,0,0,0,0,0,0,0,0,0,0,0,0,0,0,0,0,0,0,0,0,0,0,0,0,0,0,0,0,0,0,0,0,0,0,0,0,0,0,0,0,0,0,0,0,0,0,0
388,0,0,0,0,0,0,0,0,0,0,0,0,0,0,0,0,0,0,0,0,0,0,0,0,0,0,0,0,0,0,0,0,0,0,0,0,0,0,0,0,0,0,0,0,0,0,0,0,0,0,0,0,0,0,0,0,0,0,0,0,0,0,0,0,0,0,0,0,0,0,0,0,0,0,0,0,0,0,0,0,0,0,0,0,0,0,0,0,0,0,0,0,0,0,0,0
389,0,0,0,0,0,0,0,0,0,0,0,0,0,0,0,0,0,0,0,0,0,0,0,0,0,0,0,0,0,0,0,0,0,0,0,0,0,0,0,0,0,0,0,0,0,0,0,0,0,0,0,0,0,0,0,0,0,0,0,0,0,0,0,0,0,0,0,0,0,0,0,0,0,0,0,0,0,0,0,0,0,0,0,0,0,0,0,0,0,0,0,0,0,0,0,0
390,0,0,0,0,0,0,0,0,0,0,0,0,0,0,0,0,0,0,0,0,0,0,0,0,0,0,0,0,0,0,0,0,0,0,0,0,0,0,0,0,0,0,0,0,0,0,0,0,0,0,0,0,0,0,0,0,0,0,0,0,0,0,0,0,0,0,0,0,0,0,0,0,0,0,0,0,0,0,0,0,0,0,0,0,0,0,0,0,0,0,0,0,0,0,0,0
391,0,0,0,0,0,0,0,0,0,0,0,0,0,0,0,0,0,0,0,0,0,0,0,0,0,0,0,0,0,0,0,0,0,0,0,0,0,0,0,0,0,0,0,0,0,0,0,0,0,0,0,0,0,0,0,0,0,0,0,0,0,0,0,0,0,0,0,0,0,0,0,0,0,0,0,0,0,0,0,0,0,0,0,0,0,0,0,0,0,0,0,0,0,0,0,0
392,0,0,0,0,0,0,0,0,0,0,0,0,0,0,0,0,0,0,0,0,0,0,0,0,0,0,0,0,0,0,0,0,0,0,0,0,0,0,0,0,0,0,0,0,0,0,0,0,0,0,0,0,0,0,0,0,0,0,0,0,0,0,0,0,0,0,0,0,0,0,0,0,0,0,0,0,0,0,0,0,0,0,0,0,0,0,0,0,0,0,0,0,0,0,0,0
393,0,0,0,0,0,0,0,0,0,0,0,0,0,0,0,0,0,0,0,0,0,0,0,0,0,0,0,0,0,0,0,0,0,0,0,0,0,0,0,0,0,0,0,0,0,0,0,0,0,0,0,0,0,0,0,0,0,0,0,0,0,0,0,0,0,0,0,0,0,0,0,0,0,0,0,0,0,0,0,0,0,0,0,0,0,0,0,0,0,0,0,0,0,0,0,0
394,0,0,0,0,0,0,0,0,0,0,0,0,0,0,0,0,0,0,0,0,0,0,0,0,0,0,0,0,0,0,0,0,0,0,0,0,0,0,0,0,0,0,0,0,0,0,0,0,0,0,0,0,0,0,0,0,0,0,0,0,0,0,0,0,0,0,0,0,0,0,0,0,0,0,0,0,0,0,0,0,0,0,0,0,0,0,0,0,0,0,0,0,0,0,0,0
395,0,0,0,0,0,0,0,0,0,0,0,0,0,0,0,0,0,0,0,0,0,0,0,0,0,0,0,0,0,0,0,0,0,0,0,0,0,0,0,0,0,0,0,0,0,0,0,0,0,0,0,0,0,0,0,0,0,0,0,0,0,0,0,0,0,0,0,0,0,0,0,0,0,0,0,0,0,0,0,0,0,0,0,0,0,0,0,0,0,0,0,0,0,0,0,0
396,0,0,0,0,0,0,0,0,0,0,0,0,0,0,0,0,0,0,0,0,0,0,0,0,0,0,0,0,0,0,0,0,0,0,0,0,0,0,0,0,0,0,0,0,0,0,0,0,0,0,0,0,0,0,0,0,0,0,0,0,0,0,0,0,0,0,0,0,0,0,0,0,0,0,0,0,0,0,0,0,0,0,0,0,0,0,0,0,0,0,0,0,0,0,0,0
397,0,0,0,0,0,0,0,0,0,0,0,0,0,0,0,0,0,0,0,0,0,0,0,0,0,0,0,0,0,0,0,0,0,0,0,0,0,0,0,0,0,0,0,0,0,0,0,0,0,0,0,0,0,0,0,0,0,0,0,0,0,0,0,0,0,0,0,0,0,0,0,0,0,0,0,0,0,0,0,0,0,0,0,0,0,0,0,0,0,0,0,0,0,0,0,0
398,0,0,0,0,0,0,0,0,0,0,0,0,0,0,0,0,0,0,0,0,0,0,0,0,0,0,0,0,0,0,0,0,0,0,0,0,0,0,0,0,0,0,0,0,0,0,0,0,0,0,0,0,0,0,0,0,0,0,0,0,0,0,0,0,0,0,0,0,0,0,0,0,0,0,0,0,0,0,0,0,0,0,0,0,0,0,0,0,0,0,0,0,0,0,0,0
399,0,0,0,0,0,0,0,0,0,0,0,0,0,0,0,0,0,0,0,0,0,0,0,0,0,0,0,0,0,0,0,0,0,0,0,0,0,0,0,0,0,0,0,0,0,0,0,0,0,0,0,0,0,0,0,0,0,0,0,0,0,0,0,0,0,0,0,0,0,0,0,0,0,0,0,0,0,0,0,0,0,0,0,0,0,0,0,0,0,0,0,0,0,0,0,0
400,0,0,0,0,0,0,0,0,0,0,0,0,0,0,0,0,0,0,0,0,0,0,0,0,0,0,0,0,0,0,0,0,0,0,0,0,0,0,0,0,0,0,0,0,0,0,0,0,0,0,0,0,0,0,0,0,0,0,0,0,0,0,0,0,0,0,0,0,0,0,0,0,0,0,0,0,0,0,0,0,0,0,0,0,0,0,0,0,0,0,0,0,0,0,0,0
401,0,0,0,0,0,0,0,0,0,0,0,0,0,0,0,0,0,0,0,0,0,0,0,0,0,0,0,0,0,0,0,0,0,0,0,0,0,0,0,0,0,0,0,0,0,0,0,0,0,0,0,0,0,0,0,0,0,0,0,0,0,0,0,0,0,0,0,0,0,0,0,0,0,0,0,0,0,0,0,0,0,0,0,0,0,0,0,0,0,0,0,0,0,0,0,0
402,0,0,0,0,0,0,0,0,0,0,0,0,0,0,0,0,0,0,0,0,0,0,0,0,0,0,0,0,0,0,0,0,0,0,0,0,0,0,0,0,0,0,0,0,0,0,0,0,0,0,0,0,0,0,0,0,0,0,0,0,0,0,0,0,0,0,0,0,0,0,0,0,0,0,0,0,0,0,0,0,0,0,0,0,0,0,0,0,0,0,0,0,0,0,0,0
403,0,0,0,0,0,0,0,0,0,0,0,0,0,0,0,0,0,0,0,0,0,0,0,0,0,0,0,0,0,0,0,0,0,0,0,0,0,0,0,0,0,0,0,0,0,0,0,0,0,0,0,0,0,0,0,0,0,0,0,0,0,0,0,0,0,0,0,0,0,0,0,0,0,0,0,0,0,0,0,0,0,0,0,0,0,0,0,0,0,0,0,0,0,0,0,0
404,0,0,0,0,0,0,0,0,0,0,0,0,0,0,0,0,0,0,0,0,0,0,0,0,0,0,0,0,0,0,0,0,0,0,0,0,0,0,0,0,0,0,0,0,0,0,0,0,0,0,0,0,0,0,0,0,0,0,0,0,0,0,0,0,0,0,0,0,0,0,0,0,0,0,0,0,0,0,0,0,0,0,0,0,0,0,0,0,0,0,0,0,0,0,0,0
405,0,0,0,0,0,0,0,0,0,0,0,0,0,0,0,0,0,0,0,0,0,0,0,0,0,0,0,0,0,0,0,0,0,0,0,0,0,0,0,0,0,0,0,0,0,0,0,0,0,0,0,0,0,0,0,0,0,0,0,0,0,0,0,0,0,0,0,0,0,0,0,0,0,0,0,0,0,0,0,0,0,0,0,0,0,0,0,0,0,0,0,0,0,0,0,0
406,0,0,0,0,0,0,0,0,0,0,0,0,0,0,0,0,0,0,0,0,0,0,0,0,0,0,0,0,0,0,0,0,0,0,0,0,0,0,0,0,0,0,0,0,0,0,0,0,0,0,0,0,0,0,0,0,0,0,0,0,0,0,0,0,0,0,0,0,0,0,0,0,0,0,0,0,0,0,0,0,0,0,0,0,0,0,0,0,0,0,0,0,0,0,0,0
407,0,0,0,0,0,0,0,0,0,0,0,0,0,0,0,0,0,0,0,0,0,0,0,0,0,0,0,0,0,0,0,0,0,0,0,0,0,0,0,0,0,0,0,0,0,0,0,0,0,0,0,0,0,0,0,0,0,0,0,0,0,0,0,0,0,0,0,0,0,0,0,0,0,0,0,0,0,0,0,0,0,0,0,0,0,0,0,0,0,0,0,0,0,0,0,0
408,0,0,0,0,0,0,0,0,0,0,0,0,0,0,0,0,0,0,0,0,0,0,0,0,0,0,0,0,0,0,0,0,0,0,0,0,0,0,0,0,0,0,0,0,0,0,0,0,0,0,0,0,0,0,0,0,0,0,0,0,0,0,0,0,0,0,0,0,0,0,0,0,0,0,0,0,0,0,0,0,0,0,0,0,0,0,0,0,0,0,0,0,0,0,0,0
409,0,0,0,0,0,0,0,0,0,0,0,0,0,0,0,0,0,0,0,0,0,0,0,0,0,0,0,0,0,0,0,0,0,0,0,0,0,0,0,0,0,0,0,0,0,0,0,0,0,0,0,0,0,0,0,0,0,0,0,0,0,0,0,0,0,0,0,0,0,0,0,0,0,0,0,0,0,0,0,0,0,0,0,0,0,0,0,0,0,0,0,0,0,0,0,0
410,0,0,0,0,0,0,0,0,0,0,0,0,0,0,0,0,0,0,0,0,0,0,0,0,0,0,0,0,0,0,0,0,0,0,0,0,0,0,0,0,0,0,0,0,0,0,0,0,0,0,0,0,0,0,0,0,0,0,0,0,0,0,0,0,0,0,0,0,0,0,0,0,0,0,0,0,0,0,0,0,0,0,0,0,0,0,0,0,0,0,0,0,0,0,0,0
411,0,0,0,0,0,0,0,0,0,0,0,0,0,0,0,0,0,0,0,0,0,0,0,0,0,0,0,0,0,0,0,0,0,0,0,0,0,0,0,0,0,0,0,0,0,0,0,0,0,0,0,0,0,0,0,0,0,0,0,0,0,0,0,0,0,0,0,0,0,0,0,0,0,0,0,0,0,0,0,0,0,0,0,0,0,0,0,0,0,0,0,0,0,0,0,0
412,0,0,0,0,0,0,0,0,0,0,0,0,0,0,0,0,0,0,0,0,0,0,0,0,0,0,0,0,0,0,0,0,0,0,0,0,0,0,0,0,0,0,0,0,0,0,0,0,0,0,0,0,0,0,0,0,0,0,0,0,0,0,0,0,0,0,0,0,0,0,0,0,0,0,0,0,0,0,0,0,0,0,0,0,0,0,0,0,0,0,0,0,0,0,0,0
413,0,0,0,0,0,0,0,0,0,0,0,0,0,0,0,0,0,0,0,0,0,0,0,0,0,0,0,0,0,0,0,0,0,0,0,0,0,0,0,0,0,0,0,0,0,0,0,0,0,0,0,0,0,0,0,0,0,0,0,0,0,0,0,0,0,0,0,0,0,0,0,0,0,0,0,0,0,0,0,0,0,0,0,0,0,0,0,0,0,0,0,0,0,0,0,0
414,0,0,0,0,0,0,0,0,0,0,0,0,0,0,0,0,0,0,0,0,0,0,0,0,0,0,0,0,0,0,0,0,0,0,0,0,0,0,0,0,0,0,0,0,0,0,0,0,0,0,0,0,0,0,0,0,0,0,0,0,0,0,0,0,0,0,0,0,0,0,0,0,0,0,0,0,0,0,0,0,0,0,0,0,0,0,0,0,0,0,0,0,0,0,0,0
415,0,0,0,0,0,0,0,0,0,0,0,0,0,0,0,0,0,0,0,0,0,0,0,0,0,0,0,0,0,0,0,0,0,0,0,0,0,0,0,0,0,0,0,0,0,0,0,0,0,0,0,0,0,0,0,0,0,0,0,0,0,0,0,0,0,0,0,0,0,0,0,0,0,0,0,0,0,0,0,0,0,0,0,0,0,0,0,0,0,0,0,0,0,0,0,0
416,0,0,0,0,0,0,0,0,0,0,0,0,0,0,0,0,0,0,0,0,0,0,0,0,0,0,0,0,0,0,0,0,0,0,0,0,0,0,0,0,0,0,0,0,0,0,0,0,0,0,0,0,0,0,0,0,0,0,0,0,0,0,0,0,0,0,0,0,0,0,0,0,0,0,0,0,0,0,0,0,0,0,0,0,0,0,0,0,0,0,0,0,0,0,0,0
417,0,0,0,0,0,0,0,0,0,0,0,0,0,0,0,0,0,0,0,0,0,0,0,0,0,0,0,0,0,0,0,0,0,0,0,0,0,0,0,0,0,0,0,0,0,0,0,0,0,0,0,0,0,0,0,0,0,0,0,0,0,0,0,0,0,0,0,0,0,0,0,0,0,0,0,0,0,0,0,0,0,0,0,0,0,0,0,0,0,0,0,0,0,0,0,0
418,0,0,0,0,0,0,0,0,0,0,0,0,0,0,0,0,0,0,0,0,0,0,0,0,0,0,0,0,0,0,0,0,0,0,0,0,0,0,0,0,0,0,0,0,0,0,0,0,0,0,0,0,0,0,0,0,0,0,0,0,0,0,0,0,0,0,0,0,0,0,0,0,0,0,0,0,0,0,0,0,0,0,0,0,0,0,0,0,0,0,0,0,0,0,0,0
419,0,0,0,0,0,0,0,0,0,0,0,0,0,0,0,0,0,0,0,0,0,0,0,0,0,0,0,0,0,0,0,0,0,0,0,0,0,0,0,0,0,0,0,0,0,0,0,0,0,0,0,0,0,0,0,0,0,0,0,0,0,0,0,0,0,0,0,0,0,0,0,0,0,0,0,0,0,0,0,0,0,0,0,0,0,0,0,0,0,0,0,0,0,0,0,0
420,0,0,0,0,0,0,0,0,0,0,0,0,0,0,0,0,0,0,0,0,0,0,0,0,0,0,0,0,0,0,0,0,0,0,0,0,0,0,0,0,0,0,0,0,0,0,0,0,0,0,0,0,0,0,0,0,0,0,0,0,0,0,0,0,0,0,0,0,0,0,0,0,0,0,0,0,0,0,0,0,0,0,0,0,0,0,0,0,0,0,0,0,0,0,0,0
421,0,0,0,0,0,0,0,0,0,0,0,0,0,0,0,0,0,0,0,0,0,0,0,0,0,0,0,0,0,0,0,0,0,0,0,0,0,0,0,0,0,0,0,0,0,0,0,0,0,0,0,0,0,0,0,0,0,0,0,0,0,0,0,0,0,0,0,0,0,0,0,0,0,0,0,0,0,0,0,0,0,0,0,0,0,0,0,0,0,0,0,0,0,0,0,0
422,0,0,0,0,0,0,0,0,0,0,0,0,0,0,0,0,0,0,0,0,0,0,0,0,0,0,0,0,0,0,0,0,0,0,0,0,0,0,0,0,0,0,0,0,0,0,0,0,0,0,0,0,0,0,0,0,0,0,0,0,0,0,0,0,0,0,0,0,0,0,0,0,0,0,0,0,0,0,0,0,0,0,0,0,0,0,0,0,0,0,0,0,0,0,0,0
423,0,0,0,0,0,0,0,0,0,0,0,0,0,0,0,0,0,0,0,0,0,0,0,0,0,0,0,0,0,0,0,0,0,0,0,0,0,0,0,0,0,0,0,0,0,0,0,0,0,0,0,0,0,0,0,0,0,0,0,0,0,0,0,0,0,0,0,0,0,0,0,0,0,0,0,0,0,0,0,0,0,0,0,0,0,0,0,0,0,0,0,0,0,0,0,0
424,0,0,0,0,0,0,0,0,0,0,0,0,0,0,0,0,0,0,0,0,0,0,0,0,0,0,0,0,0,0,0,0,0,0,0,0,0,0,0,0,0,0,0,0,0,0,0,0,0,0,0,0,0,0,0,0,0,0,0,0,0,0,0,0,0,0,0,0,0,0,0,0,0,0,0,0,0,0,0,0,0,0,0,0,0,0,0,0,0,0,0,0,0,0,0,0
425,0,0,0,0,0,0,0,0,0,0,0,0,0,0,0,0,0,0,0,0,0,0,0,0,0,0,0,0,0,0,0,0,0,0,0,0,0,0,0,0,0,0,0,0,0,0,0,0,0,0,0,0,0,0,0,0,0,0,0,0,0,0,0,0,0,0,0,0,0,0,0,0,0,0,0,0,0,0,0,0,0,0,0,0,0,0,0,0,0,0,0,0,0,0,0,0
426,0,0,0,0,0,0,0,0,0,0,0,0,0,0,0,0,0,0,0,0,0,0,0,0,0,0,0,0,0,0,0,0,0,0,0,0,0,0,0,0,0,0,0,0,0,0,0,0,0,0,0,0,0,0,0,0,0,0,0,0,0,0,0,0,0,0,0,0,0,0,0,0,0,0,0,0,0,0,0,0,0,0,0,0,0,0,0,0,0,0,0,0,0,0,0,0
427,0,0,0,0,0,0,0,0,0,0,0,0,0,0,0,0,0,0,0,0,0,0,0,0,0,0,0,0,0,0,0,0,0,0,0,0,0,0,0,0,0,0,0,0,0,0,0,0,0,0,0,0,0,0,0,0,0,0,0,0,0,0,0,0,0,0,0,0,0,0,0,0,0,0,0,0,0,0,0,0,0,0,0,0,0,0,0,0,0,0,0,0,0,0,0,0
428,0,0,0,0,0,0,0,0,0,0,0,0,0,0,0,0,0,0,0,0,0,0,0,0,0,0,0,0,0,0,0,0,0,0,0,0,0,0,0,0,0,0,0,0,0,0,0,0,0,0,0,0,0,0,0,0,0,0,0,0,0,0,0,0,0,0,0,0,0,0,0,0,0,0,0,0,0,0,0,0,0,0,0,0,0,0,0,0,0,0,0,0,0,0,0,0
429,0,0,0,0,0,0,0,0,0,0,0,0,0,0,0,0,0,0,0,0,0,0,0,0,0,0,0,0,0,0,0,0,0,0,0,0,0,0,0,0,0,0,0,0,0,0,0,0,0,0,0,0,0,0,0,0,0,0,0,0,0,0,0,0,0,0,0,0,0,0,0,0,0,0,0,0,0,0,0,0,0,0,0,0,0,0,0,0,0,0,0,0,0,0,0,0
430,0,0,0,0,0,0,0,0,0,0,0,0,0,0,0,0,0,0,0,0,0,0,0,0,0,0,0,0,0,0,0,0,0,0,0,0,0,0,0,0,0,0,0,0,0,0,0,0,0,0,0,0,0,0,0,0,0,0,0,0,0,0,0,0,0,0,0,0,0,0,0,0,0,0,0,0,0,0,0,0,0,0,0,0,0,0,0,0,0,0,0,0,0,0,0,0
431,0,0,0,0,0,0,0,0,0,0,0,0,0,0,0,0,0,0,0,0,0,0,0,0,0,0,0,0,0,0,0,0,0,0,0,0,0,0,0,0,0,0,0,0,0,0,0,0,0,0,0,0,0,0,0,0,0,0,0,0,0,0,0,0,0,0,0,0,0,0,0,0,0,0,0,0,0,0,0,0,0,0,0,0,0,0,0,0,0,0,0,0,0,0,0,0
432,0,0,0,0,0,0,0,0,0,0,0,0,0,0,0,0,0,0,0,0,0,0,0,0,0,0,0,0,0,0,0,0,0,0,0,0,0,0,0,0,0,0,0,0,0,0,0,0,0,0,0,0,0,0,0,0,0,0,0,0,0,0,0,0,0,0,0,0,0,0,0,0,0,0,0,0,0,0,0,0,0,0,0,0,0,0,0,0,0,0,0,0,0,0,0,0
433,0,0,0,0,0,0,0,0,0,0,0,0,0,0,0,0,0,0,0,0,0,0,0,0,0,0,0,0,0,0,0,0,0,0,0,0,0,0,0,0,0,0,0,0,0,0,0,0,0,0,0,0,0,0,0,0,0,0,0,0,0,0,0,0,0,0,0,0,0,0,0,0,0,0,0,0,0,0,0,0,0,0,0,0,0,0,0,0,0,0,0,0,0,0,0,0
434,0,0,0,0,0,0,0,0,0,0,0,0,0,0,0,0,0,0,0,0,0,0,0,0,0,0,0,0,0,0,0,0,0,0,0,0,0,0,0,0,0,0,0,0,0,0,0,0,0,0,0,0,0,0,0,0,0,0,0,0,0,0,0,0,0,0,0,0,0,0,0,0,0,0,0,0,0,0,0,0,0,0,0,0,0,0,0,0,0,0,0,0,0,0,0,0
435,0,0,0,0,0,0,0,0,0,0,0,0,0,0,0,0,0,0,0,0,0,0,0,0,0,0,0,0,0,0,0,0,0,0,0,0,0,0,0,0,0,0,0,0,0,0,0,0,0,0,0,0,0,0,0,0,0,0,0,0,0,0,0,0,0,0,0,0,0,0,0,0,0,0,0,0,0,0,0,0,0,0,0,0,0,0,0,0,0,0,0,0,0,0,0,0
436,0,0,0,0,0,0,0,0,0,0,0,0,0,0,0,0,0,0,0,0,0,0,0,0,0,0,0,0,0,0,0,0,0,0,0,0,0,0,0,0,0,0,0,0,0,0,0,0,0,0,0,0,0,0,0,0,0,0,0,0,0,0,0,0,0,0,0,0,0,0,0,0,0,0,0,0,0,0,0,0,0,0,0,0,0,0,0,0,0,0,0,0,0,0,0,0
437,0,0,0,0,0,0,0,0,0,0,0,0,0,0,0,0,0,0,0,0,0,0,0,0,0,0,0,0,0,0,0,0,0,0,0,0,0,0,0,0,0,0,0,0,0,0,0,0,0,0,0,0,0,0,0,0,0,0,0,0,0,0,0,0,0,0,0,0,0,0,0,0,0,0,0,0,0,0,0,0,0,0,0,0,0,0,0,0,0,0,0,0,0,0,0,0
438,0,0,0,0,0,0,0,0,0,0,0,0,0,0,0,0,0,0,0,0,0,0,0,0,0,0,0,0,0,0,0,0,0,0,0,0,0,0,0,0,0,0,0,0,0,0,0,0,0,0,0,0,0,0,0,0,0,0,0,0,0,0,0,0,0,0,0,0,0,0,0,0,0,0,0,0,0,0,0,0,0,0,0,0,0,0,0,0,0,0,0,0,0,0,0,0
439,0,0,0,0,0,0,0,0,0,0,0,0,0,0,0,0,0,0,0,0,0,0,0,0,0,0,0,0,0,0,0,0,0,0,0,0,0,0,0,0,0,0,0,0,0,0,0,0,0,0,0,0,0,0,0,0,0,0,0,0,0,0,0,0,0,0,0,0,0,0,0,0,0,0,0,0,0,0,0,0,0,0,0,0,0,0,0,0,0,0,0,0,0,0,0,0
440,0,0,0,0,0,0,0,0,0,0,0,0,0,0,0,0,0,0,0,0,0,0,0,0,0,0,0,0,0,0,0,0,0,0,0,0,0,0,0,0,0,0,0,0,0,0,0,0,0,0,0,0,0,0,0,0,0,0,0,0,0,0,0,0,0,0,0,0,0,0,0,0,0,0,0,0,0,0,0,0,0,0,0,0,0,0,0,0,0,0,0,0,0,0,0,0
441,0,0,0,0,0,0,0,0,0,0,0,0,0,0,0,0,0,0,0,0,0,0,0,0,0,0,0,0,0,0,0,0,0,0,0,0,0,0,0,0,0,0,0,0,0,0,0,0,0,0,0,0,0,0,0,0,0,0,0,0,0,0,0,0,0,0,0,0,0,0,0,0,0,0,0,0,0,0,0,0,0,0,0,0,0,0,0,0,0,0,0,0,0,0,0,0
442,0,0,0,0,0,0,0,0,0,0,0,0,0,0,0,0,0,0,0,0,0,0,0,0,0,0,0,0,0,0,0,0,0,0,0,0,0,0,0,0,0,0,0,0,0,0,0,0,0,0,0,0,0,0,0,0,0,0,0,0,0,0,0,0,0,0,0,0,0,0,0,0,0,0,0,0,0,0,0,0,0,0,0,0,0,0,0,0,0,0,0,0,0,0,0,0
443,0,0,0,0,0,0,0,0,0,0,0,0,0,0,0,0,0,0,0,0,0,0,0,0,0,0,0,0,0,0,0,0,0,0,0,0,0,0,0,0,0,0,0,0,0,0,0,0,0,0,0,0,0,0,0,0,0,0,0,0,0,0,0,0,0,0,0,0,0,0,0,0,0,0,0,0,0,0,0,0,0,0,0,0,0,0,0,0,0,0,0,0,0,0,0,0
444,0,0,0,0,0,0,0,0,0,0,0,0,0,0,0,0,0,0,0,0,0,0,0,0,0,0,0,0,0,0,0,0,0,0,0,0,0,0,0,0,0,0,0,0,0,0,0,0,0,0,0,0,0,0,0,0,0,0,0,0,0,0,0,0,0,0,0,0,0,0,0,0,0,0,0,0,0,0,0,0,0,0,0,0,0,0,0,0,0,0,0,0,0,0,0,0
445,0,0,0,0,0,0,0,0,0,0,0,0,0,0,0,0,0,0,0,0,0,0,0,0,0,0,0,0,0,0,0,0,0,0,0,0,0,0,0,0,0,0,0,0,0,0,0,0,0,0,0,0,0,0,0,0,0,0,0,0,0,0,0,0,0,0,0,0,0,0,0,0,0,0,0,0,0,0,0,0,0,0,0,0,0,0,0,0,0,0,0,0,0,0,0,0
446,0,0,0,0,0,0,0,0,0,0,0,0,0,0,0,0,0,0,0,0,0,0,0,0,0,0,0,0,0,0,0,0,0,0,0,0,0,0,0,0,0,0,0,0,0,0,0,0,0,0,0,0,0,0,0,0,0,0,0,0,0,0,0,0,0,0,0,0,0,0,0,0,0,0,0,0,0,0,0,0,0,0,0,0,0,0,0,0,0,0,0,0,0,0,0,0
447,0,0,0,0,0,0,0,0,0,0,0,0,0,0,0,0,0,0,0,0,0,0,0,0,0,0,0,0,0,0,0,0,0,0,0,0,0,0,0,0,0,0,0,0,0,0,0,0,0,0,0,0,0,0,0,0,0,0,0,0,0,0,0,0,0,0,0,0,0,0,0,0,0,0,0,0,0,0,0,0,0,0,0,0,0,0,0,0,0,0,0,0,0,0,0,0
448,0,0,0,0,0,0,0,0,0,0,0,0,0,0,0,0,0,0,0,0,0,0,0,0,0,0,0,0,0,0,0,0,0,0,0,0,0,0,0,0,0,0,0,0,0,0,0,0,0,0,0,0,0,0,0,0,0,0,0,0,0,0,0,0,0,0,0,0,0,0,0,0,0,0,0,0,0,0,0,0,0,0,0,0,0,0,0,0,0,0,0,0,0,0,0,0
449,0,0,0,0,0,0,0,0,0,0,0,0,0,0,0,0,0,0,0,0,0,0,0,0,0,0,0,0,0,0,0,0,0,0,0,0,0,0,0,0,0,0,0,0,0,0,0,0,0,0,0,0,0,0,0,0,0,0,0,0,0,0,0,0,0,0,0,0,0,0,0,0,0,0,0,0,0,0,0,0,0,0,0,0,0,0,0,0,0,0,0,0,0,0,0,0
450,0,0,0,0,0,0,0,0,0,0,0,0,0,0,0,0,0,0,0,0,0,0,0,0,0,0,0,0,0,0,0,0,0,0,0,0,0,0,0,0,0,0,0,0,0,0,0,0,0,0,0,0,0,0,0,0,0,0,0,0,0,0,0,0,0,0,0,0,0,0,0,0,0,0,0,0,0,0,0,0,0,0,0,0,0,0,0,0,0,0,0,0,0,0,0,0
451,0,0,0,0,0,0,0,0,0,0,0,0,0,0,0,0,0,0,0,0,0,0,0,0,0,0,0,0,0,0,0,0,0,0,0,0,0,0,0,0,0,0,0,0,0,0,0,0,0,0,0,0,0,0,0,0,0,0,0,0,0,0,0,0,0,0,0,0,0,0,0,0,0,0,0,0,0,0,0,0,0,0,0,0,0,0,0,0,0,0,0,0,0,0,0,0
452,0,0,0,0,0,0,0,0,0,0,0,0,0,0,0,0,0,0,0,0,0,0,0,0,0,0,0,0,0,0,0,0,0,0,0,0,0,0,0,0,0,0,0,0,0,0,0,0,0,0,0,0,0,0,0,0,0,0,0,0,0,0,0,0,0,0,0,0,0,0,0,0,0,0,0,0,0,0,0,0,0,0,0,0,0,0,0,0,0,0,0,0,0,0,0,0
453,0,0,0,0,0,0,0,0,0,0,0,0,0,0,0,0,0,0,0,0,0,0,0,0,0,0,0,0,0,0,0,0,0,0,0,0,0,0,0,0,0,0,0,0,0,0,0,0,0,0,0,0,0,0,0,0,0,0,0,0,0,0,0,0,0,0,0,0,0,0,0,0,0,0,0,0,0,0,0,0,0,0,0,0,0,0,0,0,0,0,0,0,0,0,0,0
454,0,0,0,0,0,0,0,0,0,0,0,0,0,0,0,0,0,0,0,0,0,0,0,0,0,0,0,0,0,0,0,0,0,0,0,0,0,0,0,0,0,0,0,0,0,0,0,0,0,0,0,0,0,0,0,0,0,0,0,0,0,0,0,0,0,0,0,0,0,0,0,0,0,0,0,0,0,0,0,0,0,0,0,0,0,0,0,0,0,0,0,0,0,0,0,0
455,0,0,0,0,0,0,0,0,0,0,0,0,0,0,0,0,0,0,0,0,0,0,0,0,0,0,0,0,0,0,0,0,0,0,0,0,0,0,0,0,0,0,0,0,0,0,0,0,0,0,0,0,0,0,0,0,0,0,0,0,0,0,0,0,0,0,0,0,0,0,0,0,0,0,0,0,0,0,0,0,0,0,0,0,0,0,0,0,0,0,0,0,0,0,0,0
456,0,0,0,0,0,0,0,0,0,0,0,0,0,0,0,0,0,0,0,0,0,0,0,0,0,0,0,0,0,0,0,0,0,0,0,0,0,0,0,0,0,0,0,0,0,0,0,0,0,0,0,0,0,0,0,0,0,0,0,0,0,0,0,0,0,0,0,0,0,0,0,0,0,0,0,0,0,0,0,0,0,0,0,0,0,0,0,0,0,0,0,0,0,0,0,0
457,0,0,0,0,0,0,0,0,0,0,0,0,0,0,0,0,0,0,0,0,0,0,0,0,0,0,0,0,0,0,0,0,0,0,0,0,0,0,0,0,0,0,0,0,0,0,0,0,0,0,0,0,0,0,0,0,0,0,0,0,0,0,0,0,0,0,0,0,0,0,0,0,0,0,0,0,0,0,0,0,0,0,0,0,0,0,0,0,0,0,0,0,0,0,0,0
458,0,0,0,0,0,0,0,0,0,0,0,0,0,0,0,0,0,0,0,0,0,0,0,0,0,0,0,0,0,0,0,0,0,0,0,0,0,0,0,0,0,0,0,0,0,0,0,0,0,0,0,0,0,0,0,0,0,0,0,0,0,0,0,0,0,0,0,0,0,0,0,0,0,0,0,0,0,0,0,0,0,0,0,0,0,0,0,0,0,0,0,0,0,0,0,0
459,0,0,0,0,0,0,0,0,0,0,0,0,0,0,0,0,0,0,0,0,0,0,0,0,0,0,0,0,0,0,0,0,0,0,0,0,0,0,0,0,0,0,0,0,0,0,0,0,0,0,0,0,0,0,0,0,0,0,0,0,0,0,0,0,0,0,0,0,0,0,0,0,0,0,0,0,0,0,0,0,0,0,0,0,0,0,0,0,0,0,0,0,0,0,0,0
460,0,0,0,0,0,0,0,0,0,0,0,0,0,0,0,0,0,0,0,0,0,0,0,0,0,0,0,0,0,0,0,0,0,0,0,0,0,0,0,0,0,0,0,0,0,0,0,0,0,0,0,0,0,0,0,0,0,0,0,0,0,0,0,0,0,0,0,0,0,0,0,0,0,0,0,0,0,0,0,0,0,0,0,0,0,0,0,0,0,0,0,0,0,0,0,0
461,0,0,0,0,0,0,0,0,0,0,0,0,0,0,0,0,0,0,0,0,0,0,0,0,0,0,0,0,0,0,0,0,0,0,0,0,0,0,0,0,0,0,0,0,0,0,0,0,0,0,0,0,0,0,0,0,0,0,0,0,0,0,0,0,0,0,0,0,0,0,0,0,0,0,0,0,0,0,0,0,0,0,0,0,0,0,0,0,0,0,0,0,0,0,0,0
462,0,0,0,0,0,0,0,0,0,0,0,0,0,0,0,0,0,0,0,0,0,0,0,0,0,0,0,0,0,0,0,0,0,0,0,0,0,0,0,0,0,0,0,0,0,0,0,0,0,0,0,0,0,0,0,0,0,0,0,0,0,0,0,0,0,0,0,0,0,0,0,0,0,0,0,0,0,0,0,0,0,0,0,0,0,0,0,0,0,0,0,0,0,0,0,0
463,0,0,0,0,0,0,0,0,0,0,0,0,0,0,0,0,0,0,0,0,0,0,0,0,0,0,0,0,0,0,0,0,0,0,0,0,0,0,0,0,0,0,0,0,0,0,0,0,0,0,0,0,0,0,0,0,0,0,0,0,0,0,0,0,0,0,0,0,0,0,0,0,0,0,0,0,0,0,0,0,0,0,0,0,0,0,0,0,0,0,0,0,0,0,0,0
464,0,0,0,0,0,0,0,0,0,0,0,0,0,0,0,0,0,0,0,0,0,0,0,0,0,0,0,0,0,0,0,0,0,0,0,0,0,0,0,0,0,0,0,0,0,0,0,0,0,0,0,0,0,0,0,0,0,0,0,0,0,0,0,0,0,0,0,0,0,0,0,0,0,0,0,0,0,0,0,0,0,0,0,0,0,0,0,0,0,0,0,0,0,0,0,0
465,0,0,0,0,0,0,0,0,0,0,0,0,0,0,0,0,0,0,0,0,0,0,0,0,0,0,0,0,0,0,0,0,0,0,0,0,0,0,0,0,0,0,0,0,0,0,0,0,0,0,0,0,0,0,0,0,0,0,0,0,0,0,0,0,0,0,0,0,0,0,0,0,0,0,0,0,0,0,0,0,0,0,0,0,0,0,0,0,0,0,0,0,0,0,0,0
466,0,0,0,0,0,0,0,0,0,0,0,0,0,0,0,0,0,0,0,0,0,0,0,0,0,0,0,0,0,0,0,0,0,0,0,0,0,0,0,0,0,0,0,0,0,0,0,0,0,0,0,0,0,0,0,0,0,0,0,0,0,0,0,0,0,0,0,0,0,0,0,0,0,0,0,0,0,0,0,0,0,0,0,0,0,0,0,0,0,0,0,0,0,0,0,0
467,0,0,0,0,0,0,0,0,0,0,0,0,0,0,0,0,0,0,0,0,0,0,0,0,0,0,0,0,0,0,0,0,0,0,0,0,0,0,0,0,0,0,0,0,0,0,0,0,0,0,0,0,0,0,0,0,0,0,0,0,0,0,0,0,0,0,0,0,0,0,0,0,0,0,0,0,0,0,0,0,0,0,0,0,0,0,0,0,0,0,0,0,0,0,0,0
468,0,0,0,0,0,0,0,0,0,0,0,0,0,0,0,0,0,0,0,0,0,0,0,0,0,0,0,0,0,0,0,0,0,0,0,0,0,0,0,0,0,0,0,0,0,0,0,0,0,0,0,0,0,0,0,0,0,0,0,0,0,0,0,0,0,0,0,0,0,0,0,0,0,0,0,0,0,0,0,0,0,0,0,0,0,0,0,0,0,0,0,0,0,0,0,0
469,0,0,0,0,0,0,0,0,0,0,0,0,0,0,0,0,0,0,0,0,0,0,0,0,0,0,0,0,0,0,0,0,0,0,0,0,0,0,0,0,0,0,0,0,0,0,0,0,0,0,0,0,0,0,0,0,0,0,0,0,0,0,0,0,0,0,0,0,0,0,0,0,0,0,0,0,0,0,0,0,0,0,0,0,0,0,0,0,0,0,0,0,0,0,0,0
470,0,0,0,0,0,0,0,0,0,0,0,0,0,0,0,0,0,0,0,0,0,0,0,0,0,0,0,0,0,0,0,0,0,0,0,0,0,0,0,0,0,0,0,0,0,0,0,0,0,0,0,0,0,0,0,0,0,0,0,0,0,0,0,0,0,0,0,0,0,0,0,0,0,0,0,0,0,0,0,0,0,0,0,0,0,0,0,0,0,0,0,0,0,0,0,0
471,0,0,0,0,0,0,0,0,0,0,0,0,0,0,0,0,0,0,0,0,0,0,0,0,0,0,0,0,0,0,0,0,0,0,0,0,0,0,0,0,0,0,0,0,0,0,0,0,0,0,0,0,0,0,0,0,0,0,0,0,0,0,0,0,0,0,0,0,0,0,0,0,0,0,0,0,0,0,0,0,0,0,0,0,0,0,0,0,0,0,0,0,0,0,0,0
472,0,0,0,0,0,0,0,0,0,0,0,0,0,0,0,0,0,0,0,0,0,0,0,0,0,0,0,0,0,0,0,0,0,0,0,0,0,0,0,0,0,0,0,0,0,0,0,0,0,0,0,0,0,0,0,0,0,0,0,0,0,0,0,0,0,0,0,0,0,0,0,0,0,0,0,0,0,0,0,0,0,0,0,0,0,0,0,0,0,0,0,0,0,0,0,0
473,0,0,0,0,0,0,0,0,0,0,0,0,0,0,0,0,0,0,0,0,0,0,0,0,0,0,0,0,0,0,0,0,0,0,0,0,0,0,0,0,0,0,0,0,0,0,0,0,0,0,0,0,0,0,0,0,0,0,0,0,0,0,0,0,0,0,0,0,0,0,0,0,0,0,0,0,0,0,0,0,0,0,0,0,0,0,0,0,0,0,0,0,0,0,0,0
474,0,0,0,0,0,0,0,0,0,0,0,0,0,0,0,0,0,0,0,0,0,0,0,0,0,0,0,0,0,0,0,0,0,0,0,0,0,0,0,0,0,0,0,0,0,0,0,0,0,0,0,0,0,0,0,0,0,0,0,0,0,0,0,0,0,0,0,0,0,0,0,0,0,0,0,0,0,0,0,0,0,0,0,0,0,0,0,0,0,0,0,0,0,0,0,0
475,0,0,0,0,0,0,0,0,0,0,0,0,0,0,0,0,0,0,0,0,0,0,0,0,0,0,0,0,0,0,0,0,0,0,0,0,0,0,0,0,0,0,0,0,0,0,0,0,0,0,0,0,0,0,0,0,0,0,0,0,0,0,0,0,0,0,0,0,0,0,0,0,0,0,0,0,0,0,0,0,0,0,0,0,0,0,0,0,0,0,0,0,0,0,0,0
476,0,0,0,0,0,0,0,0,0,0,0,0,0,0,0,0,0,0,0,0,0,0,0,0,0,0,0,0,0,0,0,0,0,0,0,0,0,0,0,0,0,0,0,0,0,0,0,0,0,0,0,0,0,0,0,0,0,0,0,0,0,0,0,0,0,0,0,0,0,0,0,0,0,0,0,0,0,0,0,0,0,0,0,0,0,0,0,0,0,0,0,0,0,0,0,0
477,0,0,0,0,0,0,0,0,0,0,0,0,0,0,0,0,0,0,0,0,0,0,0,0,0,0,0,0,0,0,0,0,0,0,0,0,0,0,0,0,0,0,0,0,0,0,0,0,0,0,0,0,0,0,0,0,0,0,0,0,0,0,0,0,0,0,0,0,0,0,0,0,0,0,0,0,0,0,0,0,0,0,0,0,0,0,0,0,0,0,0,0,0,0,0,0
478,0,0,0,0,0,0,0,0,0,0,0,0,0,0,0,0,0,0,0,0,0,0,0,0,0,0,0,0,0,0,0,0,0,0,0,0,0,0,0,0,0,0,0,0,0,0,0,0,0,0,0,0,0,0,0,0,0,0,0,0,0,0,0,0,0,0,0,0,0,0,0,0,0,0,0,0,0,0,0,0,0,0,0,0,0,0,0,0,0,0,0,0,0,0,0,0
479,0,0,0,0,0,0,0,0,0,0,0,0,0,0,0,0,0,0,0,0,0,0,0,0,0,0,0,0,0,0,0,0,0,0,0,0,0,0,0,0,0,0,0,0,0,0,0,0,0,0,0,0,0,0,0,0,0,0,0,0,0,0,0,0,0,0,0,0,0,0,0,0,0,0,0,0,0,0,0,0,0,0,0,0,0,0,0,0,0,0,0,0,0,0,0,0
480,0,0,0,0,0,0,0,0,0,0,0,0,0,0,0,0,0,0,0,0,0,0,0,0,0,0,0,0,0,0,0,0,0,0,0,0,0,0,0,0,0,0,0,0,0,0,0,0,0,0,0,0,0,0,0,0,0,0,0,0,0,0,0,0,0,0,0,0,0,0,0,0,0,0,0,0,0,0,0,0,0,0,0,0,0,0,0,0,0,0,0,0,0,0,0,0
481,0,0,0,0,0,0,0,0,0,0,0,0,0,0,0,0,0,0,0,0,0,0,0,0,0,0,0,0,0,0,0,0,0,0,0,0,0,0,0,0,0,0,0,0,0,0,0,0,0,0,0,0,0,0,0,0,0,0,0,0,0,0,0,0,0,0,0,0,0,0,0,0,0,0,0,0,0,0,0,0,0,0,0,0,0,0,0,0,0,0,0,0,0,0,0,0
482,0,0,0,0,0,0,0,0,0,0,0,0,0,0,0,0,0,0,0,0,0,0,0,0,0,0,0,0,0,0,0,0,0,0,0,0,0,0,0,0,0,0,0,0,0,0,0,0,0,0,0,0,0,0,0,0,0,0,0,0,0,0,0,0,0,0,0,0,0,0,0,0,0,0,0,0,0,0,0,0,0,0,0,0,0,0,0,0,0,0,0,0,0,0,0,0
483,0,0,0,0,0,0,0,0,0,0,0,0,0,0,0,0,0,0,0,0,0,0,0,0,0,0,0,0,0,0,0,0,0,0,0,0,0,0,0,0,0,0,0,0,0,0,0,0,0,0,0,0,0,0,0,0,0,0,0,0,0,0,0,0,0,0,0,0,0,0,0,0,0,0,0,0,0,0,0,0,0,0,0,0,0,0,0,0,0,0,0,0,0,0,0,0
484,0,0,0,0,0,0,0,0,0,0,0,0,0,0,0,0,0,0,0,0,0,0,0,0,0,0,0,0,0,0,0,0,0,0,0,0,0,0,0,0,0,0,0,0,0,0,0,0,0,0,0,0,0,0,0,0,0,0,0,0,0,0,0,0,0,0,0,0,0,0,0,0,0,0,0,0,0,0,0,0,0,0,0,0,0,0,0,0,0,0,0,0,0,0,0,0
485,0,0,0,0,0,0,0,0,0,0,0,0,0,0,0,0,0,0,0,0,0,0,0,0,0,0,0,0,0,0,0,0,0,0,0,0,0,0,0,0,0,0,0,0,0,0,0,0,0,0,0,0,0,0,0,0,0,0,0,0,0,0,0,0,0,0,0,0,0,0,0,0,0,0,0,0,0,0,0,0,0,0,0,0,0,0,0,0,0,0,0,0,0,0,0,0
486,0,0,0,0,0,0,0,0,0,0,0,0,0,0,0,0,0,0,0,0,0,0,0,0,0,0,0,0,0,0,0,0,0,0,0,0,0,0,0,0,0,0,0,0,0,0,0,0,0,0,0,0,0,0,0,0,0,0,0,0,0,0,0,0,0,0,0,0,0,0,0,0,0,0,0,0,0,0,0,0,0,0,0,0,0,0,0,0,0,0,0,0,0,0,0,0
487,0,0,0,0,0,0,0,0,0,0,0,0,0,0,0,0,0,0,0,0,0,0,0,0,0,0,0,0,0,0,0,0,0,0,0,0,0,0,0,0,0,0,0,0,0,0,0,0,0,0,0,0,0,0,0,0,0,0,0,0,0,0,0,0,0,0,0,0,0,0,0,0,0,0,0,0,0,0,0,0,0,0,0,0,0,0,0,0,0,0,0,0,0,0,0,0
488,0,0,0,0,0,0,0,0,0,0,0,0,0,0,0,0,0,0,0,0,0,0,0,0,0,0,0,0,0,0,0,0,0,0,0,0,0,0,0,0,0,0,0,0,0,0,0,0,0,0,0,0,0,0,0,0,0,0,0,0,0,0,0,0,0,0,0,0,0,0,0,0,0,0,0,0,0,0,0,0,0,0,0,0,0,0,0,0,0,0,0,0,0,0,0,0
489,0,0,0,0,0,0,0,0,0,0,0,0,0,0,0,0,0,0,0,0,0,0,0,0,0,0,0,0,0,0,0,0,0,0,0,0,0,0,0,0,0,0,0,0,0,0,0,0,0,0,0,0,0,0,0,0,0,0,0,0,0,0,0,0,0,0,0,0,0,0,0,0,0,0,0,0,0,0,0,0,0,0,0,0,0,0,0,0,0,0,0,0,0,0,0,0
490,0,0,0,0,0,0,0,0,0,0,0,0,0,0,0,0,0,0,0,0,0,0,0,0,0,0,0,0,0,0,0,0,0,0,0,0,0,0,0,0,0,0,0,0,0,0,0,0,0,0,0,0,0,0,0,0,0,0,0,0,0,0,0,0,0,0,0,0,0,0,0,0,0,0,0,0,0,0,0,0,0,0,0,0,0,0,0,0,0,0,0,0,0,0,0,0
491,0,0,0,0,0,0,0,0,0,0,0,0,0,0,0,0,0,0,0,0,0,0,0,0,0,0,0,0,0,0,0,0,0,0,0,0,0,0,0,0,0,0,0,0,0,0,0,0,0,0,0,0,0,0,0,0,0,0,0,0,0,0,0,0,0,0,0,0,0,0,0,0,0,0,0,0,0,0,0,0,0,0,0,0,0,0,0,0,0,0,0,0,0,0,0,0
492,0,0,0,0,0,0,0,0,0,0,0,0,0,0,0,0,0,0,0,0,0,0,0,0,0,0,0,0,0,0,0,0,0,0,0,0,0,0,0,0,0,0,0,0,0,0,0,0,0,0,0,0,0,0,0,0,0,0,0,0,0,0,0,0,0,0,0,0,0,0,0,0,0,0,0,0,0,0,0,0,0,0,0,0,0,0,0,0,0,0,0,0,0,0,0,0
493,0,0,0,0,0,0,0,0,0,0,0,0,0,0,0,0,0,0,0,0,0,0,0,0,0,0,0,0,0,0,0,0,0,0,0,0,0,0,0,0,0,0,0,0,0,0,0,0,0,0,0,0,0,0,0,0,0,0,0,0,0,0,0,0,0,0,0,0,0,0,0,0,0,0,0,0,0,0,0,0,0,0,0,0,0,0,0,0,0,0,0,0,0,0,0,0
494,0,0,0,0,0,0,0,0,0,0,0,0,0,0,0,0,0,0,0,0,0,0,0,0,0,0,0,0,0,0,0,0,0,0,0,0,0,0,0,0,0,0,0,0,0,0,0,0,0,0,0,0,0,0,0,0,0,0,0,0,0,0,0,0,0,0,0,0,0,0,0,0,0,0,0,0,0,0,0,0,0,0,0,0,0,0,0,0,0,0,0,0,0,0,0,0
495,0,0,0,0,0,0,0,0,0,0,0,0,0,0,0,0,0,0,0,0,0,0,0,0,0,0,0,0,0,0,0,0,0,0,0,0,0,0,0,0,0,0,0,0,0,0,0,0,0,0,0,0,0,0,0,0,0,0,0,0,0,0,0,0,0,0,0,0,0,0,0,0,0,0,0,0,0,0,0,0,0,0,0,0,0,0,0,0,0,0,0,0,0,0,0,0
496,0,0,0,0,0,0,0,0,0,0,0,0,0,0,0,0,0,0,0,0,0,0,0,0,0,0,0,0,0,0,0,0,0,0,0,0,0,0,0,0,0,0,0,0,0,0,0,0,0,0,0,0,0,0,0,0,0,0,0,0,0,0,0,0,0,0,0,0,0,0,0,0,0,0,0,0,0,0,0,0,0,0,0,0,0,0,0,0,0,0,0,0,0,0,0,0
497,0,0,0,0,0,0,0,0,0,0,0,0,0,0,0,0,0,0,0,0,0,0,0,0,0,0,0,0,0,0,0,0,0,0,0,0,0,0,0,0,0,0,0,0,0,0,0,0,0,0,0,0,0,0,0,0,0,0,0,0,0,0,0,0,0,0,0,0,0,0,0,0,0,0,0,0,0,0,0,0,0,0,0,0,0,0,0,0,0,0,0,0,0,0,0,0
498,0,0,0,0,0,0,0,0,0,0,0,0,0,0,0,0,0,0,0,0,0,0,0,0,0,0,0,0,0,0,0,0,0,0,0,0,0,0,0,0,0,0,0,0,0,0,0,0,0,0,0,0,0,0,0,0,0,0,0,0,0,0,0,0,0,0,0,0,0,0,0,0,0,0,0,0,0,0,0,0,0,0,0,0,0,0,0,0,0,0,0,0,0,0,0,0
499,0,0,0,0,0,0,0,0,0,0,0,0,0,0,0,0,0,0,0,0,0,0,0,0,0,0,0,0,0,0,0,0,0,0,0,0,0,0,0,0,0,0,0,0,0,0,0,0,0,0,0,0,0,0,0,0,0,0,0,0,0,0,0,0,0,0,0,0,0,0,0,0,0,0,0,0,0,0,0,0,0,0,0,0,0,0,0,0,0,0,0,0,0,0,0,0
500,0,0,0,0,0,0,0,0,0,0,0,0,0,0,0,0,0,0,0,0,0,0,0,0,0,0,0,0,0,0,0,0,0,0,0,0,0,0,0,0,0,0,0,0,0,0,0,0,0,0,0,0,0,0,0,0,0,0,0,0,0,0,0,0,0,0,0,0,0,0,0,0,0,0,0,0,0,0,0,0,0,0,0,0,0,0,0,0,0,0,0,0,0,0,0,0
501,0,0,0,0,0,0,0,0,0,0,0,0,0,0,0,0,0,0,0,0,0,0,0,0,0,0,0,0,0,0,0,0,0,0,0,0,0,0,0,0,0,0,0,0,0,0,0,0,0,0,0,0,0,0,0,0,0,0,0,0,0,0,0,0,0,0,0,0,0,0,0,0,0,0,0,0,0,0,0,0,0,0,0,0,0,0,0,0,0,0,0,0,0,0,0,0
502,0,0,0,0,0,0,0,0,0,0,0,0,0,0,0,0,0,0,0,0,0,0,0,0,0,0,0,0,0,0,0,0,0,0,0,0,0,0,0,0,0,0,0,0,0,0,0,0,0,0,0,0,0,0,0,0,0,0,0,0,0,0,0,0,0,0,0,0,0,0,0,0,0,0,0,0,0,0,0,0,0,0,0,0,0,0,0,0,0,0,0,0,0,0,0,0
503,0,0,0,0,0,0,0,0,0,0,0,0,0,0,0,0,0,0,0,0,0,0,0,0,0,0,0,0,0,0,0,0,0,0,0,0,0,0,0,0,0,0,0,0,0,0,0,0,0,0,0,0,0,0,0,0,0,0,0,0,0,0,0,0,0,0,0,0,0,0,0,0,0,0,0,0,0,0,0,0,0,0,0,0,0,0,0,0,0,0,0,0,0,0,0,0
504,0,0,0,0,0,0,0,0,0,0,0,0,0,0,0,0,0,0,0,0,0,0,0,0,0,0,0,0,0,0,0,0,0,0,0,0,0,0,0,0,0,0,0,0,0,0,0,0,0,0,0,0,0,0,0,0,0,0,0,0,0,0,0,0,0,0,0,0,0,0,0,0,0,0,0,0,0,0,0,0,0,0,0,0,0,0,0,0,0,0,0,0,0,0,0,0
505,0,0,0,0,0,0,0,0,0,0,0,0,0,0,0,0,0,0,0,0,0,0,0,0,0,0,0,0,0,0,0,0,0,0,0,0,0,0,0,0,0,0,0,0,0,0,0,0,0,0,0,0,0,0,0,0,0,0,0,0,0,0,0,0,0,0,0,0,0,0,0,0,0,0,0,0,0,0,0,0,0,0,0,0,0,0,0,0,0,0,0,0,0,0,0,0
506,0,0,0,0,0,0,0,0,0,0,0,0,0,0,0,0,0,0,0,0,0,0,0,0,0,0,0,0,0,0,0,0,0,0,0,0,0,0,0,0,0,0,0,0,0,0,0,0,0,0,0,0,0,0,0,0,0,0,0,0,0,0,0,0,0,0,0,0,0,0,0,0,0,0,0,0,0,0,0,0,0,0,0,0,0,0,0,0,0,0,0,0,0,0,0,0
507,0,0,0,0,0,0,0,0,0,0,0,0,0,0,0,0,0,0,0,0,0,0,0,0,0,0,0,0,0,0,0,0,0,0,0,0,0,0,0,0,0,0,0,0,0,0,0,0,0,0,0,0,0,0,0,0,0,0,0,0,0,0,0,0,0,0,0,0,0,0,0,0,0,0,0,0,0,0,0,0,0,0,0,0,0,0,0,0,0,0,0,0,0,0,0,0
508,0,0,0,0,0,0,0,0,0,0,0,0,0,0,0,0,0,0,0,0,0,0,0,0,0,0,0,0,0,0,0,0,0,0,0,0,0,0,0,0,0,0,0,0,0,0,0,0,0,0,0,0,0,0,0,0,0,0,0,0,0,0,0,0,0,0,0,0,0,0,0,0,0,0,0,0,0,0,0,0,0,0,0,0,0,0,0,0,0,0,0,0,0,0,0,0
509,0,0,0,0,0,0,0,0,0,0,0,0,0,0,0,0,0,0,0,0,0,0,0,0,0,0,0,0,0,0,0,0,0,0,0,0,0,0,0,0,0,0,0,0,0,0,0,0,0,0,0,0,0,0,0,0,0,0,0,0,0,0,0,0,0,0,0,0,0,0,0,0,0,0,0,0,0,0,0,0,0,0,0,0,0,0,0,0,0,0,0,0,0,0,0,0
510,0,0,0,0,0,0,0,0,0,0,0,0,0,0,0,0,0,0,0,0,0,0,0,0,0,0,0,0,0,0,0,0,0,0,0,0,0,0,0,0,0,0,0,0,0,0,0,0,0,0,0,0,0,0,0,0,0,0,0,0,0,0,0,0,0,0,0,0,0,0,0,0,0,0,0,0,0,0,0,0,0,0,0,0,0,0,0,0,0,0,0,0,0,0,0,0
511,0,0,0,0,0,0,0,0,0,0,0,0,0,0,0,0,0,0,0,0,0,0,0,0,0,0,0,0,0,0,0,0,0,0,0,0,0,0,0,0,0,0,0,0,0,0,0,0,0,0,0,0,0,0,0,0,0,0,0,0,0,0,0,0,0,0,0,0,0,0,0,0,0,0,0,0,0,0,0,0,0,0,0,0,0,0,0,0,0,0,0,0,0,0,0,0
512,0,0,0,0,0,0,0,0,0,0,0,0,0,0,0,0,0,0,0,0,0,0,0,0,0,0,0,0,0,0,0,0,0,0,0,0,0,0,0,0,0,0,0,0,0,0,0,0,0,0,0,0,0,0,0,0,0,0,0,0,0,0,0,0,0,0,0,0,0,0,0,0,0,0,0,0,0,0,0,0,0,0,0,0,0,0,0,0,0,0,0,0,0,0,0,0
513,0,0,0,0,0,0,0,0,0,0,0,0,0,0,0,0,0,0,0,0,0,0,0,0,0,0,0,0,0,0,0,0,0,0,0,0,0,0,0,0,0,0,0,0,0,0,0,0,0,0,0,0,0,0,0,0,0,0,0,0,0,0,0,0,0,0,0,0,0,0,0,0,0,0,0,0,0,0,0,0,0,0,0,0,0,0,0,0,0,0,0,0,0,0,0,0
514,0,0,0,0,0,0,0,0,0,0,0,0,0,0,0,0,0,0,0,0,0,0,0,0,0,0,0,0,0,0,0,0,0,0,0,0,0,0,0,0,0,0,0,0,0,0,0,0,0,0,0,0,0,0,0,0,0,0,0,0,0,0,0,0,0,0,0,0,0,0,0,0,0,0,0,0,0,0,0,0,0,0,0,0,0,0,0,0,0,0,0,0,0,0,0,0
515,0,0,0,0,0,0,0,0,0,0,0,0,0,0,0,0,0,0,0,0,0,0,0,0,0,0,0,0,0,0,0,0,0,0,0,0,0,0,0,0,0,0,0,0,0,0,0,0,0,0,0,0,0,0,0,0,0,0,0,0,0,0,0,0,0,0,0,0,0,0,0,0,0,0,0,0,0,0,0,0,0,0,0,0,0,0,0,0,0,0,0,0,0,0,0,0
516,0,0,0,0,0,0,0,0,0,0,0,0,0,0,0,0,0,0,0,0,0,0,0,0,0,0,0,0,0,0,0,0,0,0,0,0,0,0,0,0,0,0,0,0,0,0,0,0,0,0,0,0,0,0,0,0,0,0,0,0,0,0,0,0,0,0,0,0,0,0,0,0,0,0,0,0,0,0,0,0,0,0,0,0,0,0,0,0,0,0,0,0,0,0,0,0
517,0,0,0,0,0,0,0,0,0,0,0,0,0,0,0,0,0,0,0,0,0,0,0,0,0,0,0,0,0,0,0,0,0,0,0,0,0,0,0,0,0,0,0,0,0,0,0,0,0,0,0,0,0,0,0,0,0,0,0,0,0,0,0,0,0,0,0,0,0,0,0,0,0,0,0,0,0,0,0,0,0,0,0,0,0,0,0,0,0,0,0,0,0,0,0,0
518,0,0,0,0,0,0,0,0,0,0,0,0,0,0,0,0,0,0,0,0,0,0,0,0,0,0,0,0,0,0,0,0,0,0,0,0,0,0,0,0,0,0,0,0,0,0,0,0,0,0,0,0,0,0,0,0,0,0,0,0,0,0,0,0,0,0,0,0,0,0,0,0,0,0,0,0,0,0,0,0,0,0,0,0,0,0,0,0,0,0,0,0,0,0,0,0
519,0,0,0,0,0,0,0,0,0,0,0,0,0,0,0,0,0,0,0,0,0,0,0,0,0,0,0,0,0,0,0,0,0,0,0,0,0,0,0,0,0,0,0,0,0,0,0,0,0,0,0,0,0,0,0,0,0,0,0,0,0,0,0,0,0,0,0,0,0,0,0,0,0,0,0,0,0,0,0,0,0,0,0,0,0,0,0,0,0,0,0,0,0,0,0,0
520,0,0,0,0,0,0,0,0,0,0,0,0,0,0,0,0,0,0,0,0,0,0,0,0,0,0,0,0,0,0,0,0,0,0,0,0,0,0,0,0,0,0,0,0,0,0,0,0,0,0,0,0,0,0,0,0,0,0,0,0,0,0,0,0,0,0,0,0,0,0,0,0,0,0,0,0,0,0,0,0,0,0,0,0,0,0,0,0,0,0,0,0,0,0,0,0
521,0,0,0,0,0,0,0,0,0,0,0,0,0,0,0,0,0,0,0,0,0,0,0,0,0,0,0,0,0,0,0,0,0,0,0,0,0,0,0,0,0,0,0,0,0,0,0,0,0,0,0,0,0,0,0,0,0,0,0,0,0,0,0,0,0,0,0,0,0,0,0,0,0,0,0,0,0,0,0,0,0,0,0,0,0,0,0,0,0,0,0,0,0,0,0,0
522,0,0,0,0,0,0,0,0,0,0,0,0,0,0,0,0,0,0,0,0,0,0,0,0,0,0,0,0,0,0,0,0,0,0,0,0,0,0,0,0,0,0,0,0,0,0,0,0,0,0,0,0,0,0,0,0,0,0,0,0,0,0,0,0,0,0,0,0,0,0,0,0,0,0,0,0,0,0,0,0,0,0,0,0,0,0,0,0,0,0,0,0,0,0,0,0
523,0,0,0,0,0,0,0,0,0,0,0,0,0,0,0,0,0,0,0,0,0,0,0,0,0,0,0,0,0,0,0,0,0,0,0,0,0,0,0,0,0,0,0,0,0,0,0,0,0,0,0,0,0,0,0,0,0,0,0,0,0,0,0,0,0,0,0,0,0,0,0,0,0,0,0,0,0,0,0,0,0,0,0,0,0,0,0,0,0,0,0,0,0,0,0,0
524,0,0,0,0,0,0,0,0,0,0,0,0,0,0,0,0,0,0,0,0,0,0,0,0,0,0,0,0,0,0,0,0,0,0,0,0,0,0,0,0,0,0,0,0,0,0,0,0,0,0,0,0,0,0,0,0,0,0,0,0,0,0,0,0,0,0,0,0,0,0,0,0,0,0,0,0,0,0,0,0,0,0,0,0,0,0,0,0,0,0,0,0,0,0,0,0
525,0,0,0,0,0,0,0,0,0,0,0,0,0,0,0,0,0,0,0,0,0,0,0,0,0,0,0,0,0,0,0,0,0,0,0,0,0,0,0,0,0,0,0,0,0,0,0,0,0,0,0,0,0,0,0,0,0,0,0,0,0,0,0,0,0,0,0,0,0,0,0,0,0,0,0,0,0,0,0,0,0,0,0,0,0,0,0,0,0,0,0,0,0,0,0,0
526,0,0,0,0,0,0,0,0,0,0,0,0,0,0,0,0,0,0,0,0,0,0,0,0,0,0,0,0,0,0,0,0,0,0,0,0,0,0,0,0,0,0,0,0,0,0,0,0,0,0,0,0,0,0,0,0,0,0,0,0,0,0,0,0,0,0,0,0,0,0,0,0,0,0,0,0,0,0,0,0,0,0,0,0,0,0,0,0,0,0,0,0,0,0,0,0
527,0,0,0,0,0,0,0,0,0,0,0,0,0,0,0,0,0,0,0,0,0,0,0,0,0,0,0,0,0,0,0,0,0,0,0,0,0,0,0,0,0,0,0,0,0,0,0,0,0,0,0,0,0,0,0,0,0,0,0,0,0,0,0,0,0,0,0,0,0,0,0,0,0,0,0,0,0,0,0,0,0,0,0,0,0,0,0,0,0,0,0,0,0,0,0,0
528,0,0,0,0,0,0,0,0,0,0,0,0,0,0,0,0,0,0,0,0,0,0,0,0,0,0,0,0,0,0,0,0,0,0,0,0,0,0,0,0,0,0,0,0,0,0,0,0,0,0,0,0,0,0,0,0,0,0,0,0,0,0,0,0,0,0,0,0,0,0,0,0,0,0,0,0,0,0,0,0,0,0,0,0,0,0,0,0,0,0,0,0,0,0,0,0
529,0,0,0,0,0,0,0,0,0,0,0,0,0,0,0,0,0,0,0,0,0,0,0,0,0,0,0,0,0,0,0,0,0,0,0,0,0,0,0,0,0,0,0,0,0,0,0,0,0,0,0,0,0,0,0,0,0,0,0,0,0,0,0,0,0,0,0,0,0,0,0,0,0,0,0,0,0,0,0,0,0,0,0,0,0,0,0,0,0,0,0,0,0,0,0,0
530,0,0,0,0,0,0,0,0,0,0,0,0,0,0,0,0,0,0,0,0,0,0,0,0,0,0,0,0,0,0,0,0,0,0,0,0,0,0,0,0,0,0,0,0,0,0,0,0,0,0,0,0,0,0,0,0,0,0,0,0,0,0,0,0,0,0,0,0,0,0,0,0,0,0,0,0,0,0,0,0,0,0,0,0,0,0,0,0,0,0,0,0,0,0,0,0
531,0,0,0,0,0,0,0,0,0,0,0,0,0,0,0,0,0,0,0,0,0,0,0,0,0,0,0,0,0,0,0,0,0,0,0,0,0,0,0,0,0,0,0,0,0,0,0,0,0,0,0,0,0,0,0,0,0,0,0,0,0,0,0,0,0,0,0,0,0,0,0,0,0,0,0,0,0,0,0,0,0,0,0,0,0,0,0,0,0,0,0,0,0,0,0,0
532,0,0,0,0,0,0,0,0,0,0,0,0,0,0,0,0,0,0,0,0,0,0,0,0,0,0,0,0,0,0,0,0,0,0,0,0,0,0,0,0,0,0,0,0,0,0,0,0,0,0,0,0,0,0,0,0,0,0,0,0,0,0,0,0,0,0,0,0,0,0,0,0,0,0,0,0,0,0,0,0,0,0,0,0,0,0,0,0,0,0,0,0,0,0,0,0
533,0,0,0,0,0,0,0,0,0,0,0,0,0,0,0,0,0,0,0,0,0,0,0,0,0,0,0,0,0,0,0,0,0,0,0,0,0,0,0,0,0,0,0,0,0,0,0,0,0,0,0,0,0,0,0,0,0,0,0,0,0,0,0,0,0,0,0,0,0,0,0,0,0,0,0,0,0,0,0,0,0,0,0,0,0,0,0,0,0,0,0,0,0,0,0,0
534,0,0,0,0,0,0,0,0,0,0,0,0,0,0,0,0,0,0,0,0,0,0,0,0,0,0,0,0,0,0,0,0,0,0,0,0,0,0,0,0,0,0,0,0,0,0,0,0,0,0,0,0,0,0,0,0,0,0,0,0,0,0,0,0,0,0,0,0,0,0,0,0,0,0,0,0,0,0,0,0,0,0,0,0,0,0,0,0,0,0,0,0,0,0,0,0
535,0,0,0,0,0,0,0,0,0,0,0,0,0,0,0,0,0,0,0,0,0,0,0,0,0,0,0,0,0,0,0,0,0,0,0,0,0,0,0,0,0,0,0,0,0,0,0,0,0,0,0,0,0,0,0,0,0,0,0,0,0,0,0,0,0,0,0,0,0,0,0,0,0,0,0,0,0,0,0,0,0,0,0,0,0,0,0,0,0,0,0,0,0,0,0,0
536,0,0,0,0,0,0,0,0,0,0,0,0,0,0,0,0,0,0,0,0,0,0,0,0,0,0,0,0,0,0,0,0,0,0,0,0,0,0,0,0,0,0,0,0,0,0,0,0,0,0,0,0,0,0,0,0,0,0,0,0,0,0,0,0,0,0,0,0,0,0,0,0,0,0,0,0,0,0,0,0,0,0,0,0,0,0,0,0,0,0,0,0,0,0,0,0
537,0,0,0,0,0,0,0,0,0,0,0,0,0,0,0,0,0,0,0,0,0,0,0,0,0,0,0,0,0,0,0,0,0,0,0,0,0,0,0,0,0,0,0,0,0,0,0,0,0,0,0,0,0,0,0,0,0,0,0,0,0,0,0,0,0,0,0,0,0,0,0,0,0,0,0,0,0,0,0,0,0,0,0,0,0,0,0,0,0,0,0,0,0,0,0,0
538,0,0,0,0,0,0,0,0,0,0,0,0,0,0,0,0,0,0,0,0,0,0,0,0,0,0,0,0,0,0,0,0,0,0,0,0,0,0,0,0,0,0,0,0,0,0,0,0,0,0,0,0,0,0,0,0,0,0,0,0,0,0,0,0,0,0,0,0,0,0,0,0,0,0,0,0,0,0,0,0,0,0,0,0,0,0,0,0,0,0,0,0,0,0,0,0
539,0,0,0,0,0,0,0,0,0,0,0,0,0,0,0,0,0,0,0,0,0,0,0,0,0,0,0,0,0,0,0,0,0,0,0,0,0,0,0,0,0,0,0,0,0,0,0,0,0,0,0,0,0,0,0,0,0,0,0,0,0,0,0,0,0,0,0,0,0,0,0,0,0,0,0,0,0,0,0,0,0,0,0,0,0,0,0,0,0,0,0,0,0,0,0,0
540,0,0,0,0,0,0,0,0,0,0,0,0,0,0,0,0,0,0,0,0,0,0,0,0,0,0,0,0,0,0,0,0,0,0,0,0,0,0,0,0,0,0,0,0,0,0,0,0,0,0,0,0,0,0,0,0,0,0,0,0,0,0,0,0,0,0,0,0,0,0,0,0,0,0,0,0,0,0,0,0,0,0,0,0,0,0,0,0,0,0,0,0,0,0,0,0
541,0,0,0,0,0,0,0,0,0,0,0,0,0,0,0,0,0,0,0,0,0,0,0,0,0,0,0,0,0,0,0,0,0,0,0,0,0,0,0,0,0,0,0,0,0,0,0,0,0,0,0,0,0,0,0,0,0,0,0,0,0,0,0,0,0,0,0,0,0,0,0,0,0,0,0,0,0,0,0,0,0,0,0,0,0,0,0,0,0,0,0,0,0,0,0,0
542,0,0,0,0,0,0,0,0,0,0,0,0,0,0,0,0,0,0,0,0,0,0,0,0,0,0,0,0,0,0,0,0,0,0,0,0,0,0,0,0,0,0,0,0,0,0,0,0,0,0,0,0,0,0,0,0,0,0,0,0,0,0,0,0,0,0,0,0,0,0,0,0,0,0,0,0,0,0,0,0,0,0,0,0,0,0,0,0,0,0,0,0,0,0,0,0
543,0,0,0,0,0,0,0,0,0,0,0,0,0,0,0,0,0,0,0,0,0,0,0,0,0,0,0,0,0,0,0,0,0,0,0,0,0,0,0,0,0,0,0,0,0,0,0,0,0,0,0,0,0,0,0,0,0,0,0,0,0,0,0,0,0,0,0,0,0,0,0,0,0,0,0,0,0,0,0,0,0,0,0,0,0,0,0,0,0,0,0,0,0,0,0,0
544,0,0,0,0,0,0,0,0,0,0,0,0,0,0,0,0,0,0,0,0,0,0,0,0,0,0,0,0,0,0,0,0,0,0,0,0,0,0,0,0,0,0,0,0,0,0,0,0,0,0,0,0,0,0,0,0,0,0,0,0,0,0,0,0,0,0,0,0,0,0,0,0,0,0,0,0,0,0,0,0,0,0,0,0,0,0,0,0,0,0,0,0,0,0,0,0
545,0,0,0,0,0,0,0,0,0,0,0,0,0,0,0,0,0,0,0,0,0,0,0,0,0,0,0,0,0,0,0,0,0,0,0,0,0,0,0,0,0,0,0,0,0,0,0,0,0,0,0,0,0,0,0,0,0,0,0,0,0,0,0,0,0,0,0,0,0,0,0,0,0,0,0,0,0,0,0,0,0,0,0,0,0,0,0,0,0,0,0,0,0,0,0,0
546,0,0,0,0,0,0,0,0,0,0,0,0,0,0,0,0,0,0,0,0,0,0,0,0,0,0,0,0,0,0,0,0,0,0,0,0,0,0,0,0,0,0,0,0,0,0,0,0,0,0,0,0,0,0,0,0,0,0,0,0,0,0,0,0,0,0,0,0,0,0,0,0,0,0,0,0,0,0,0,0,0,0,0,0,0,0,0,0,0,0,0,0,0,0,0,0
547,0,0,0,0,0,0,0,0,0,0,0,0,0,0,0,0,0,0,0,0,0,0,0,0,0,0,0,0,0,0,0,0,0,0,0,0,0,0,0,0,0,0,0,0,0,0,0,0,0,0,0,0,0,0,0,0,0,0,0,0,0,0,0,0,0,0,0,0,0,0,0,0,0,0,0,0,0,0,0,0,0,0,0,0,0,0,0,0,0,0,0,0,0,0,0,0
548,0,0,0,0,0,0,0,0,0,0,0,0,0,0,0,0,0,0,0,0,0,0,0,0,0,0,0,0,0,0,0,0,0,0,0,0,0,0,0,0,0,0,0,0,0,0,0,0,0,0,0,0,0,0,0,0,0,0,0,0,0,0,0,0,0,0,0,0,0,0,0,0,0,0,0,0,0,0,0,0,0,0,0,0,0,0,0,0,0,0,0,0,0,0,0,0
549,0,0,0,0,0,0,0,0,0,0,0,0,0,0,0,0,0,0,0,0,0,0,0,0,0,0,0,0,0,0,0,0,0,0,0,0,0,0,0,0,0,0,0,0,0,0,0,0,0,0,0,0,0,0,0,0,0,0,0,0,0,0,0,0,0,0,0,0,0,0,0,0,0,0,0,0,0,0,0,0,0,0,0,0,0,0,0,0,0,0,0,0,0,0,0,0
550,0,0,0,0,0,0,0,0,0,0,0,0,0,0,0,0,0,0,0,0,0,0,0,0,0,0,0,0,0,0,0,0,0,0,0,0,0,0,0,0,0,0,0,0,0,0,0,0,0,0,0,0,0,0,0,0,0,0,0,0,0,0,0,0,0,0,0,0,0,0,0,0,0,0,0,0,0,0,0,0,0,0,0,0,0,0,0,0,0,0,0,0,0,0,0,0
551,0,0,0,0,0,0,0,0,0,0,0,0,0,0,0,0,0,0,0,0,0,0,0,0,0,0,0,0,0,0,0,0,0,0,0,0,0,0,0,0,0,0,0,0,0,0,0,0,0,0,0,0,0,0,0,0,0,0,0,0,0,0,0,0,0,0,0,0,0,0,0,0,0,0,0,0,0,0,0,0,0,0,0,0,0,0,0,0,0,0,0,0,0,0,0,0
552,0,0,0,0,0,0,0,0,0,0,0,0,0,0,0,0,0,0,0,0,0,0,0,0,0,0,0,0,0,0,0,0,0,0,0,0,0,0,0,0,0,0,0,0,0,0,0,0,0,0,0,0,0,0,0,0,0,0,0,0,0,0,0,0,0,0,0,0,0,0,0,0,0,0,0,0,0,0,0,0,0,0,0,0,0,0,0,0,0,0,0,0,0,0,0,0
553,0,0,0,0,0,0,0,0,0,0,0,0,0,0,0,0,0,0,0,0,0,0,0,0,0,0,0,0,0,0,0,0,0,0,0,0,0,0,0,0,0,0,0,0,0,0,0,0,0,0,0,0,0,0,0,0,0,0,0,0,0,0,0,0,0,0,0,0,0,0,0,0,0,0,0,0,0,0,0,0,0,0,0,0,0,0,0,0,0,0,0,0,0,0,0,0
554,0,0,0,0,0,0,0,0,0,0,0,0,0,0,0,0,0,0,0,0,0,0,0,0,0,0,0,0,0,0,0,0,0,0,0,0,0,0,0,0,0,0,0,0,0,0,0,0,0,0,0,0,0,0,0,0,0,0,0,0,0,0,0,0,0,0,0,0,0,0,0,0,0,0,0,0,0,0,0,0,0,0,0,0,0,0,0,0,0,0,0,0,0,0,0,0
555,0,0,0,0,0,0,0,0,0,0,0,0,0,0,0,0,0,0,0,0,0,0,0,0,0,0,0,0,0,0,0,0,0,0,0,0,0,0,0,0,0,0,0,0,0,0,0,0,0,0,0,0,0,0,0,0,0,0,0,0,0,0,0,0,0,0,0,0,0,0,0,0,0,0,0,0,0,0,0,0,0,0,0,0,0,0,0,0,0,0,0,0,0,0,0,0
556,0,0,0,0,0,0,0,0,0,0,0,0,0,0,0,0,0,0,0,0,0,0,0,0,0,0,0,0,0,0,0,0,0,0,0,0,0,0,0,0,0,0,0,0,0,0,0,0,0,0,0,0,0,0,0,0,0,0,0,0,0,0,0,0,0,0,0,0,0,0,0,0,0,0,0,0,0,0,0,0,0,0,0,0,0,0,0,0,0,0,0,0,0,0,0,0
557,0,0,0,0,0,0,0,0,0,0,0,0,0,0,0,0,0,0,0,0,0,0,0,0,0,0,0,0,0,0,0,0,0,0,0,0,0,0,0,0,0,0,0,0,0,0,0,0,0,0,0,0,0,0,0,0,0,0,0,0,0,0,0,0,0,0,0,0,0,0,0,0,0,0,0,0,0,0,0,0,0,0,0,0,0,0,0,0,0,0,0,0,0,0,0,0
558,0,0,0,0,0,0,0,0,0,0,0,0,0,0,0,0,0,0,0,0,0,0,0,0,0,0,0,0,0,0,0,0,0,0,0,0,0,0,0,0,0,0,0,0,0,0,0,0,0,0,0,0,0,0,0,0,0,0,0,0,0,0,0,0,0,0,0,0,0,0,0,0,0,0,0,0,0,0,0,0,0,0,0,0,0,0,0,0,0,0,0,0,0,0,0,0
559,0,0,0,0,0,0,0,0,0,0,0,0,0,0,0,0,0,0,0,0,0,0,0,0,0,0,0,0,0,0,0,0,0,0,0,0,0,0,0,0,0,0,0,0,0,0,0,0,0,0,0,0,0,0,0,0,0,0,0,0,0,0,0,0,0,0,0,0,0,0,0,0,0,0,0,0,0,0,0,0,0,0,0,0,0,0,0,0,0,0,0,0,0,0,0,0
560,0,0,0,0,0,0,0,0,0,0,0,0,0,0,0,0,0,0,0,0,0,0,0,0,0,0,0,0,0,0,0,0,0,0,0,0,0,0,0,0,0,0,0,0,0,0,0,0,0,0,0,0,0,0,0,0,0,0,0,0,0,0,0,0,0,0,0,0,0,0,0,0,0,0,0,0,0,0,0,0,0,0,0,0,0,0,0,0,0,0,0,0,0,0,0,0
561,0,0,0,0,0,0,0,0,0,0,0,0,0,0,0,0,0,0,0,0,0,0,0,0,0,0,0,0,0,0,0,0,0,0,0,0,0,0,0,0,0,0,0,0,0,0,0,0,0,0,0,0,0,0,0,0,0,0,0,0,0,0,0,0,0,0,0,0,0,0,0,0,0,0,0,0,0,0,0,0,0,0,0,0,0,0,0,0,0,0,0,0,0,0,0,0
562,0,0,0,0,0,0,0,0,0,0,0,0,0,0,0,0,0,0,0,0,0,0,0,0,0,0,0,0,0,0,0,0,0,0,0,0,0,0,0,0,0,0,0,0,0,0,0,0,0,0,0,0,0,0,0,0,0,0,0,0,0,0,0,0,0,0,0,0,0,0,0,0,0,0,0,0,0,0,0,0,0,0,0,0,0,0,0,0,0,0,0,0,0,0,0,0
563,0,0,0,0,0,0,0,0,0,0,0,0,0,0,0,0,0,0,0,0,0,0,0,0,0,0,0,0,0,0,0,0,0,0,0,0,0,0,0,0,0,0,0,0,0,0,0,0,0,0,0,0,0,0,0,0,0,0,0,0,0,0,0,0,0,0,0,0,0,0,0,0,0,0,0,0,0,0,0,0,0,0,0,0,0,0,0,0,0,0,0,0,0,0,0,0
564,0,0,0,0,0,0,0,0,0,0,0,0,0,0,0,0,0,0,0,0,0,0,0,0,0,0,0,0,0,0,0,0,0,0,0,0,0,0,0,0,0,0,0,0,0,0,0,0,0,0,0,0,0,0,0,0,0,0,0,0,0,0,0,0,0,0,0,0,0,0,0,0,0,0,0,0,0,0,0,0,0,0,0,0,0,0,0,0,0,0,0,0,0,0,0,0
565,0,0,0,0,0,0,0,0,0,0,0,0,0,0,0,0,0,0,0,0,0,0,0,0,0,0,0,0,0,0,0,0,0,0,0,0,0,0,0,0,0,0,0,0,0,0,0,0,0,0,0,0,0,0,0,0,0,0,0,0,0,0,0,0,0,0,0,0,0,0,0,0,0,0,0,0,0,0,0,0,0,0,0,0,0,0,0,0,0,0,0,0,0,0,0,0
566,0,0,0,0,0,0,0,0,0,0,0,0,0,0,0,0,0,0,0,0,0,0,0,0,0,0,0,0,0,0,0,0,0,0,0,0,0,0,0,0,0,0,0,0,0,0,0,0,0,0,0,0,0,0,0,0,0,0,0,0,0,0,0,0,0,0,0,0,0,0,0,0,0,0,0,0,0,0,0,0,0,0,0,0,0,0,0,0,0,0,0,0,0,0,0,0
567,0,0,0,0,0,0,0,0,0,0,0,0,0,0,0,0,0,0,0,0,0,0,0,0,0,0,0,0,0,0,0,0,0,0,0,0,0,0,0,0,0,0,0,0,0,0,0,0,0,0,0,0,0,0,0,0,0,0,0,0,0,0,0,0,0,0,0,0,0,0,0,0,0,0,0,0,0,0,0,0,0,0,0,0,0,0,0,0,0,0,0,0,0,0,0,0
568,0,0,0,0,0,0,0,0,0,0,0,0,0,0,0,0,0,0,0,0,0,0,0,0,0,0,0,0,0,0,0,0,0,0,0,0,0,0,0,0,0,0,0,0,0,0,0,0,0,0,0,0,0,0,0,0,0,0,0,0,0,0,0,0,0,0,0,0,0,0,0,0,0,0,0,0,0,0,0,0,0,0,0,0,0,0,0,0,0,0,0,0,0,0,0,0
569,0,0,0,0,0,0,0,0,0,0,0,0,0,0,0,0,0,0,0,0,0,0,0,0,0,0,0,0,0,0,0,0,0,0,0,0,0,0,0,0,0,0,0,0,0,0,0,0,0,0,0,0,0,0,0,0,0,0,0,0,0,0,0,0,0,0,0,0,0,0,0,0,0,0,0,0,0,0,0,0,0,0,0,0,0,0,0,0,0,0,0,0,0,0,0,0
570,0,0,0,0,0,0,0,0,0,0,0,0,0,0,0,0,0,0,0,0,0,0,0,0,0,0,0,0,0,0,0,0,0,0,0,0,0,0,0,0,0,0,0,0,0,0,0,0,0,0,0,0,0,0,0,0,0,0,0,0,0,0,0,0,0,0,0,0,0,0,0,0,0,0,0,0,0,0,0,0,0,0,0,0,0,0,0,0,0,0,0,0,0,0,0,0
571,0,0,0,0,0,0,0,0,0,0,0,0,0,0,0,0,0,0,0,0,0,0,0,0,0,0,0,0,0,0,0,0,0,0,0,0,0,0,0,0,0,0,0,0,0,0,0,0,0,0,0,0,0,0,0,0,0,0,0,0,0,0,0,0,0,0,0,0,0,0,0,0,0,0,0,0,0,0,0,0,0,0,0,0,0,0,0,0,0,0,0,0,0,0,0,0
572,0,0,0,0,0,0,0,0,0,0,0,0,0,0,0,0,0,0,0,0,0,0,0,0,0,0,0,0,0,0,0,0,0,0,0,0,0,0,0,0,0,0,0,0,0,0,0,0,0,0,0,0,0,0,0,0,0,0,0,0,0,0,0,0,0,0,0,0,0,0,0,0,0,0,0,0,0,0,0,0,0,0,0,0,0,0,0,0,0,0,0,0,0,0,0,0
573,0,0,0,0,0,0,0,0,0,0,0,0,0,0,0,0,0,0,0,0,0,0,0,0,0,0,0,0,0,0,0,0,0,0,0,0,0,0,0,0,0,0,0,0,0,0,0,0,0,0,0,0,0,0,0,0,0,0,0,0,0,0,0,0,0,0,0,0,0,0,0,0,0,0,0,0,0,0,0,0,0,0,0,0,0,0,0,0,0,0,0,0,0,0,0,0
574,0,0,0,0,0,0,0,0,0,0,0,0,0,0,0,0,0,0,0,0,0,0,0,0,0,0,0,0,0,0,0,0,0,0,0,0,0,0,0,0,0,0,0,0,0,0,0,0,0,0,0,0,0,0,0,0,0,0,0,0,0,0,0,0,0,0,0,0,0,0,0,0,0,0,0,0,0,0,0,0,0,0,0,0,0,0,0,0,0,0,0,0,0,0,0,0
575,0,0,0,0,0,0,0,0,0,0,0,0,0,0,0,0,0,0,0,0,0,0,0,0,0,0,0,0,0,0,0,0,0,0,0,0,0,0,0,0,0,0,0,0,0,0,0,0,0,0,0,0,0,0,0,0,0,0,0,0,0,0,0,0,0,0,0,0,0,0,0,0,0,0,0,0,0,0,0,0,0,0,0,0,0,0,0,0,0,0,0,0,0,0,0,0
576,0,0,0,0,0,0,0,0,0,0,0,0,0,0,0,1,0,0,0,0,0,0,0,0,0,0,0,0,0,0,0,0,0,0,0,0,0,0,0,0,0,0,0,0,0,0,0,0,0,0,0,0,0,0,0,0,0,0,0,0,0,0,0,0,0,0,0,0,0,0,0,0,0,0,0,0,0,0,0,0,0,0,0,0,0,0,0,0,0,0,0,0,0,0,0,0
577,0,0,0,0,0,0,0,0,0,0,0,0,0,0,0,1,0,0,0,0,0,0,0,0,0,0,0,0,0,0,0,0,0,0,0,0,0,0,0,0,0,0,0,0,0,0,0,0,0,0,0,0,0,0,0,0,0,0,0,0,0,0,0,0,0,0,0,0,0,0,0,0,0,0,0,0,0,0,0,0,0,0,0,0,0,0,0,0,0,0,0,0,0,0,0,0
578,0,0,0,0,0,0,0,0,0,0,0,0,0,0,0,1,0,0,0,0,0,0,0,0,0,0,0,0,0,0,0,0,0,0,0,0,0,0,0,0,0,0,0,0,0,0,0,0,0,0,0,0,0,0,0,0,0,0,0,0,0,0,0,0,0,0,0,0,0,0,0,0,0,0,0,0,0,0,0,0,0,0,0,0,0,0,0,0,0,0,0,0,0,0,0,0
579,0,0,0,0,0,0,0,0,0,0,0,0,0,0,0,1,0,0,0,0,0,0,0,0,0,0,0,0,0,0,0,0,0,0,0,0,0,0,0,0,0,0,0,0,0,0,0,0,0,0,0,0,0,0,0,0,0,0,0,0,0,0,0,0,0,0,0,0,0,0,0,0,0,0,0,0,0,0,0,0,0,0,0,0,0,0,0,0,0,0,0,0,0,0,0,0
580,0,0,0,0,0,0,0,0,0,0,0,0,0,0,0,1,0,0,0,0,0,0,0,0,0,0,0,0,0,0,0,0,0,0,0,0,0,0,0,0,0,0,0,0,0,0,0,0,0,0,0,0,0,0,0,0,0,0,0,0,0,0,0,0,0,0,0,0,0,0,0,0,0,0,0,0,0,0,0,0,0,0,0,0,0,0,0,0,0,0,0,0,0,0,0,0
581,0,0,0,0,0,0,0,0,0,0,0,0,0,0,0,1,0,0,0,0,0,0,0,0,0,0,0,0,0,0,0,0,0,0,0,0,0,0,0,0,0,0,0,0,0,0,0,0,0,0,0,0,0,0,0,0,0,0,0,0,0,0,0,0,0,0,0,0,0,0,0,0,0,0,0,0,0,0,0,0,0,0,0,0,0,0,0,0,0,0,0,0,0,0,0,0
582,0,0,0,0,0,0,0,0,0,0,0,0,0,0,0,1,0,0,0,0,0,0,0,0,0,0,0,0,0,0,0,0,0,0,0,0,0,0,0,0,0,0,0,0,0,0,0,0,0,0,0,0,0,0,0,0,0,0,0,0,0,0,0,0,0,0,0,0,0,0,0,0,0,0,0,0,0,0,0,0,0,0,0,0,0,0,0,0,0,0,0,0,0,0,0,0
583,0,0,0,0,0,0,0,0,0,0,0,0,0,0,0,1,0,0,0,0,0,0,0,0,0,0,0,0,0,0,0,0,0,0,0,0,0,0,0,0,0,0,0,0,0,0,0,0,0,0,0,0,0,0,0,0,0,0,0,0,0,0,0,0,0,0,0,0,0,0,0,0,0,0,0,0,0,0,0,0,0,0,0,0,0,0,0,0,0,0,0,0,0,0,0,0
584,0,0,0,0,0,0,0,0,0,0,0,0,0,0,0,1,0,0,0,0,0,0,0,0,0,0,0,0,0,0,0,0,0,0,0,0,0,0,0,0,0,0,0,0,0,0,0,0,0,0,0,0,0,0,0,0,0,0,0,0,0,0,0,0,0,0,0,0,0,0,0,0,0,0,0,0,0,0,0,0,0,0,0,0,0,0,0,0,0,0,0,0,0,0,0,0
585,0,0,0,0,0,0,0,0,0,0,0,0,0,0,0,1,0,0,0,0,0,0,0,0,0,0,0,0,0,0,0,0,0,0,0,0,0,0,0,0,0,0,0,0,0,0,0,0,0,0,0,0,0,0,0,0,0,0,0,0,0,0,0,0,0,0,0,0,0,0,0,0,0,0,0,0,0,0,0,0,0,0,0,0,0,0,0,0,0,0,0,0,0,0,0,0
586,0,0,0,0,0,0,0,0,0,0,0,0,0,0,0,1,0,0,0,0,0,0,0,0,0,0,0,0,0,0,0,0,0,0,0,0,0,0,0,0,0,0,0,0,0,0,0,0,0,0,0,0,0,0,0,0,0,0,0,0,0,0,0,0,0,0,0,0,0,0,0,0,0,0,0,0,0,0,0,0,0,0,0,0,0,0,0,0,0,0,0,0,0,0,0,0
587,0,0,0,0,0,0,0,0,0,0,0,0,0,0,0,1,0,0,0,0,0,0,0,0,0,0,0,0,0,0,0,0,0,0,0,0,0,0,0,0,0,0,0,0,0,0,0,0,0,0,0,0,0,0,0,0,0,0,0,0,0,0,0,0,0,0,0,0,0,0,0,0,0,0,0,0,0,0,0,0,0,0,0,0,0,0,0,0,0,0,0,0,0,0,0,0
588,0,0,0,0,0,0,0,0,0,0,0,0,0,0,0,1,0,0,0,0,0,0,0,0,0,0,0,0,0,0,0,0,0,0,0,0,0,0,0,0,0,0,0,0,0,0,0,0,0,0,0,0,0,0,0,0,0,0,0,0,0,0,0,0,0,0,0,0,0,0,0,0,0,0,0,0,0,0,0,0,0,0,0,0,0,0,0,0,0,0,0,0,0,0,0,0
589,0,0,0,0,0,0,0,0,0,0,0,0,0,0,0,1,0,0,0,0,0,0,0,0,0,0,0,0,0,0,0,0,0,0,0,0,0,0,0,0,0,0,0,0,0,0,0,0,0,0,0,0,0,0,0,0,0,0,0,0,0,0,0,0,0,0,0,0,0,0,0,0,0,0,0,0,0,0,0,0,0,0,0,0,0,0,0,0,0,0,0,0,0,0,0,0
590,0,0,0,0,0,0,0,0,0,0,0,0,0,0,0,1,0,0,0,0,0,0,0,0,0,0,0,0,0,0,0,0,0,0,0,0,0,0,0,0,0,0,0,0,0,0,0,0,0,0,0,0,0,0,0,0,0,0,0,0,0,0,0,0,0,0,0,0,0,0,0,0,0,0,0,0,0,0,0,0,0,0,0,0,0,0,0,0,0,0,0,0,0,0,0,0
591,0,0,0,0,0,0,0,0,0,0,0,0,0,0,0,1,0,0,0,0,0,0,0,0,0,0,0,0,0,0,0,0,0,0,0,0,0,0,0,0,0,0,0,0,0,0,0,0,0,0,0,0,0,0,0,0,0,0,0,0,0,0,0,0,0,0,0,0,0,0,0,0,0,0,0,0,0,0,0,0,0,0,0,0,0,0,0,0,0,0,0,0,0,0,0,0
592,0,0,0,0,0,0,0,0,0,0,0,0,0,0,0,1,0,0,0,0,0,0,0,0,0,0,0,0,0,0,0,0,0,0,0,0,0,0,0,0,0,0,0,0,0,0,0,0,0,0,0,0,0,0,0,0,0,0,0,0,0,0,0,0,0,0,0,0,0,0,0,0,0,0,0,0,0,0,0,0,0,0,0,0,0,0,0,0,0,0,0,0,0,0,0,0
593,0,0,0,0,0,0,0,0,0,0,0,0,0,0,0,1,0,0,0,0,0,0,0,0,0,0,0,0,0,0,0,0,0,0,0,0,0,0,0,0,0,0,0,0,0,0,0,0,0,0,0,0,0,0,0,0,0,0,0,0,0,0,0,0,0,0,0,0,0,0,0,0,0,0,0,0,0,0,0,0,0,0,0,0,0,0,0,0,0,0,0,0,0,0,0,0
594,0,0,0,0,0,0,0,0,0,0,0,0,0,0,0,1,0,0,0,0,0,0,0,0,0,0,0,0,0,0,0,0,0,0,0,0,0,0,0,0,0,0,0,0,0,0,0,0,0,0,0,0,0,0,0,0,0,0,0,0,0,0,0,0,0,0,0,0,0,0,0,0,0,0,0,0,0,0,0,0,0,0,0,0,0,0,0,0,0,0,0,0,0,0,0,0
595,0,0,0,0,0,0,0,0,0,0,0,0,0,0,0,1,0,0,0,0,0,0,0,0,0,0,0,0,0,0,0,0,0,0,0,0,0,0,0,0,0,0,0,0,0,0,0,0,0,0,0,0,0,0,0,0,0,0,0,0,0,0,0,0,0,0,0,0,0,0,0,0,0,0,0,0,0,0,0,0,0,0,0,0,0,0,0,0,0,0,0,0,0,0,0,0
596,0,0,0,0,0,0,0,0,0,0,0,0,0,0,0,1,0,0,0,0,0,0,0,0,0,0,0,0,0,0,0,0,0,0,0,0,0,0,0,0,0,0,0,0,0,0,0,0,0,0,0,0,0,0,0,0,0,0,0,0,0,0,0,0,0,0,0,0,0,0,0,0,0,0,0,0,0,0,0,0,0,0,0,0,0,0,0,0,0,0,0,0,0,0,0,0
597,0,0,0,0,0,0,0,0,0,0,0,0,0,0,0,1,0,0,0,0,0,0,0,0,0,0,0,0,0,0,0,0,0,0,0,0,0,0,0,0,0,0,0,0,0,0,0,0,0,0,0,0,0,0,0,0,0,0,0,0,0,0,0,0,0,0,0,0,0,0,0,0,0,0,0,0,0,0,0,0,0,0,0,0,0,0,0,0,0,0,0,0,0,0,0,0
598,0,0,0,0,0,0,0,0,0,0,0,0,0,0,0,1,0,0,0,0,0,0,0,0,0,0,0,0,0,0,0,0,0,0,0,0,0,0,0,0,0,0,0,0,0,0,0,0,0,0,0,0,0,0,0,0,0,0,0,0,0,0,0,0,0,0,0,0,0,0,0,0,0,0,0,0,0,0,0,0,0,0,0,0,0,0,0,0,0,0,0,0,0,0,0,0
599,0,0,0,0,0,0,0,0,0,0,0,0,0,0,0,1,0,0,0,0,0,0,0,0,0,0,0,0,0,0,0,0,0,0,0,0,0,0,0,0,0,0,0,0,0,0,0,0,0,0,0,0,0,0,0,0,0,0,0,0,0,0,0,0,0,0,0,0,0,0,0,0,0,0,0,0,0,0,0,0,0,0,0,0,0,0,0,0,0,0,0,0,0,0,0,0
600,0,0,0,0,0,0,0,0,0,0,0,0,0,0,0,1,0,0,0,0,0,0,0,0,0,0,0,0,0,0,0,0,0,0,0,0,0,0,0,0,0,0,0,0,0,0,0,0,0,0,0,0,0,0,0,0,0,0,0,0,0,0,0,0,0,0,0,0,0,0,0,0,0,0,0,0,0,0,0,0,0,0,0,0,0,0,0,0,0,0,0,0,0,0,0,0
601,0,0,0,0,0,0,0,0,0,0,0,0,0,0,0,1,0,0,0,0,0,0,0,0,0,0,0,0,0,0,0,0,0,0,0,0,0,0,0,0,0,0,0,0,0,0,0,0,0,0,0,0,0,0,0,0,0,0,0,0,0,0,0,0,0,0,0,0,0,0,0,0,0,0,0,0,0,0,0,0,0,0,0,0,0,0,0,0,0,0,0,0,0,0,0,0
602,0,0,0,0,0,0,0,0,0,0,0,0,0,0,0,1,0,0,0,0,0,0,0,0,0,0,0,0,0,0,0,0,0,0,0,0,0,0,0,0,0,0,0,0,0,0,0,0,0,0,0,0,0,0,0,0,0,0,0,0,0,0,0,0,0,0,0,0,0,0,0,0,0,0,0,0,0,0,0,0,0,0,0,0,0,0,0,0,0,0,0,0,0,0,0,0
603,0,0,0,0,0,0,0,0,0,0,0,0,0,0,0,1,0,0,0,0,0,0,0,0,0,0,0,0,0,0,0,0,0,0,0,0,0,0,0,0,0,0,0,0,0,0,0,0,0,0,0,0,0,0,0,0,0,0,0,0,0,0,0,0,0,0,0,0,0,0,0,0,0,0,0,0,0,0,0,0,0,0,0,0,0,0,0,0,0,0,0,0,0,0,0,0
604,0,0,0,0,0,0,0,0,0,0,0,0,0,0,0,1,0,0,0,0,0,0,0,0,0,0,0,0,0,0,0,0,0,0,0,0,0,0,0,0,0,0,0,0,0,0,0,0,0,0,0,0,0,0,0,0,0,0,0,0,0,0,0,0,0,0,0,0,0,0,0,0,0,0,0,0,0,0,0,0,0,0,0,0,0,0,0,0,0,0,0,0,0,0,0,0
605,0,0,0,0,0,0,0,0,0,0,0,0,0,0,0,1,0,0,0,0,0,0,0,0,0,0,0,0,0,0,0,0,0,0,0,0,0,0,0,0,0,0,0,0,0,0,0,0,0,0,0,0,0,0,0,0,0,0,0,0,0,0,0,0,0,0,0,0,0,0,0,0,0,0,0,0,0,0,0,0,0,0,0,0,0,0,0,0,0,0,0,0,0,0,0,0
606,0,0,0,0,0,0,0,0,0,0,0,0,0,0,0,1,0,0,0,0,0,0,0,0,0,0,0,0,0,0,0,0,0,0,0,0,0,0,0,0,0,0,0,0,0,0,0,0,0,0,0,0,0,0,0,0,0,0,0,0,0,0,0,0,0,0,0,0,0,0,0,0,0,0,0,0,0,0,0,0,0,0,0,0,0,0,0,0,0,0,0,0,0,0,0,0
607,0,0,0,0,0,0,0,0,0,0,0,0,0,0,0,1,0,0,0,0,0,0,0,0,0,0,0,0,0,0,0,0,0,0,0,0,0,0,0,0,0,0,0,0,0,0,0,0,0,0,0,0,0,0,0,0,0,0,0,0,0,0,0,0,0,0,0,0,0,0,0,0,0,0,0,0,0,0,0,0,0,0,0,0,0,0,0,0,0,0,0,0,0,0,0,0
608,0,0,0,0,0,0,0,0,0,0,0,0,0,0,0,1,0,0,0,0,0,0,0,0,0,0,0,0,0,0,0,0,0,0,0,0,0,0,0,0,0,0,0,0,0,0,0,0,0,0,0,0,0,0,0,0,0,0,0,0,0,0,0,0,0,0,0,0,0,0,0,0,0,0,0,0,0,0,0,0,0,0,0,0,0,0,0,0,0,0,0,0,0,0,0,0
609,0,0,0,0,0,0,0,0,0,0,0,0,0,0,0,1,0,0,0,0,0,0,0,0,0,0,0,0,0,0,0,0,0,0,0,0,0,0,0,0,0,0,0,0,0,0,0,0,0,0,0,0,0,0,0,0,0,0,0,0,0,0,0,0,0,0,0,0,0,0,0,0,0,0,0,0,0,0,0,0,0,0,0,0,0,0,0,0,0,0,0,0,0,0,0,0
610,0,0,0,0,0,0,0,0,0,0,0,0,0,0,0,1,0,0,0,0,0,0,0,0,0,0,0,0,0,0,0,0,0,0,0,0,0,0,0,0,0,0,0,0,0,0,0,0,0,0,0,0,0,0,0,0,0,0,0,0,0,0,0,0,0,0,0,0,0,0,0,0,0,0,0,0,0,0,0,0,0,0,0,0,0,0,0,0,0,0,0,0,0,0,0,0
611,0,0,0,0,0,0,0,0,0,0,0,0,0,0,0,1,0,0,0,0,0,0,0,0,0,0,0,0,0,0,0,0,0,0,0,0,0,0,0,0,0,0,0,0,0,0,0,0,0,0,0,0,0,0,0,0,0,0,0,0,0,0,0,0,0,0,0,0,0,0,0,0,0,0,0,0,0,0,0,0,0,0,0,0,0,0,0,0,0,0,0,0,0,0,0,0
612,0,0,0,0,0,0,0,0,0,0,0,0,0,0,0,1,0,0,0,0,0,0,0,0,0,0,0,0,0,0,0,0,0,0,0,0,0,0,0,0,0,0,0,0,0,0,0,0,0,0,0,0,0,0,0,0,0,0,0,0,0,0,0,0,0,0,0,0,0,0,0,0,0,0,0,0,0,0,0,0,0,0,0,0,0,0,0,0,0,0,0,0,0,0,0,0
613,0,0,0,0,0,0,0,0,0,0,0,0,0,0,0,1,0,0,0,0,0,0,0,0,0,0,0,0,0,0,0,0,0,0,0,0,0,0,0,0,0,0,0,0,0,0,0,0,0,0,0,0,0,0,0,0,0,0,0,0,0,0,0,0,0,0,0,0,0,0,0,0,0,0,0,0,0,0,0,0,0,0,0,0,0,0,0,0,0,0,0,0,0,0,0,0
614,0,0,0,0,0,0,0,0,0,0,0,0,0,0,0,1,0,0,0,0,0,0,0,0,0,0,0,0,0,0,0,0,0,0,0,0,0,0,0,0,0,0,0,0,0,0,0,0,0,0,0,0,0,0,0,0,0,0,0,0,0,0,0,0,0,0,0,0,0,0,0,0,0,0,0,0,0,0,0,0,0,0,0,0,0,0,0,0,0,0,0,0,0,0,0,0
615,0,0,0,0,0,0,0,0,0,0,0,0,0,0,0,1,0,0,0,0,0,0,0,0,0,0,0,0,0,0,0,0,0,0,0,0,0,0,0,0,0,0,0,0,0,0,0,0,0,0,0,0,0,0,0,0,0,0,0,0,0,0,0,0,0,0,0,0,0,0,0,0,0,0,0,0,0,0,0,0,0,0,0,0,0,0,0,0,0,0,0,0,0,0,0,0
616,0,0,0,0,0,0,0,0,0,0,0,0,0,0,0,1,0,0,0,0,0,0,0,0,0,0,0,0,0,0,0,0,0,0,0,0,0,0,0,0,0,0,0,0,0,0,0,0,0,0,0,0,0,0,0,0,0,0,0,0,0,0,0,0,0,0,0,0,0,0,0,0,0,0,0,0,0,0,0,0,0,0,0,0,0,0,0,0,0,0,0,0,0,0,0,0
617,0,0,0,0,0,0,0,0,0,0,0,0,0,0,0,1,0,0,0,0,0,0,0,0,0,0,0,0,0,0,0,0,0,0,0,0,0,0,0,0,0,0,0,0,0,0,0,0,0,0,0,0,0,0,0,0,0,0,0,0,0,0,0,0,0,0,0,0,0,0,0,0,0,0,0,0,0,0,0,0,0,0,0,0,0,0,0,0,0,0,0,0,0,0,0,0
618,0,0,0,0,0,0,0,0,0,0,0,0,0,0,0,1,0,0,0,0,0,0,0,0,0,0,0,0,0,0,0,0,0,0,0,0,0,0,0,0,0,0,0,0,0,0,0,0,0,0,0,0,0,0,0,0,0,0,0,0,0,0,0,0,0,0,0,0,0,0,0,0,0,0,0,0,0,0,0,0,0,0,0,0,0,0,0,0,0,0,0,0,0,0,0,0
619,0,0,0,0,0,0,0,0,0,0,0,0,0,0,0,1,0,0,0,0,0,0,0,0,0,0,0,0,0,0,0,0,0,0,0,0,0,0,0,0,0,0,0,0,0,0,0,0,0,0,0,0,0,0,0,0,0,0,0,0,0,0,0,0,0,0,0,0,0,0,0,0,0,0,0,0,0,0,0,0,0,0,0,0,0,0,0,0,0,0,0,0,0,0,0,0
620,0,0,0,0,0,0,0,0,0,0,0,0,0,0,0,1,0,0,0,0,0,0,0,0,0,0,0,0,0,0,0,0,0,0,0,0,0,0,0,0,0,0,0,0,0,0,0,0,0,0,0,0,0,0,0,0,0,0,0,0,0,0,0,0,0,0,0,0,0,0,0,0,0,0,0,0,0,0,0,0,0,0,0,0,0,0,0,0,0,0,0,0,0,0,0,0
621,0,0,0,0,0,0,0,0,0,0,0,0,0,0,0,1,0,0,0,0,0,0,0,0,0,0,0,0,0,0,0,0,0,0,0,0,0,0,0,0,0,0,0,0,0,0,0,0,0,0,0,0,0,0,0,0,0,0,0,0,0,0,0,0,0,0,0,0,0,0,0,0,0,0,0,0,0,0,0,0,0,0,0,0,0,0,0,0,0,0,0,0,0,0,0,0
622,0,0,0,0,0,0,0,0,0,0,0,0,0,0,0,1,0,0,0,0,0,0,0,0,0,0,0,0,0,0,0,0,0,0,0,0,0,0,0,0,0,0,0,0,0,0,0,0,0,0,0,0,0,0,0,0,0,0,0,0,0,0,0,0,0,0,0,0,0,0,0,0,0,0,0,0,0,0,0,0,0,0,0,0,0,0,0,0,0,0,0,0,0,0,0,0
623,0,0,0,0,0,0,0,0,0,0,0,0,0,0,0,1,0,0,0,0,0,0,0,0,0,0,0,0,0,0,0,0,0,0,0,0,0,0,0,0,0,0,0,0,0,0,0,0,0,0,0,0,0,0,0,0,0,0,0,0,0,0,0,0,0,0,0,0,0,0,0,0,0,0,0,0,0,0,0,0,0,0,0,0,0,0,0,0,0,0,0,0,0,0,0,0
624,0,0,0,0,0,0,0,0,0,0,0,0,0,0,0,1,0,0,0,0,0,0,0,0,0,0,0,0,0,0,0,0,0,0,0,0,0,0,0,0,0,0,0,0,0,0,0,0,0,0,0,0,0,0,0,0,0,0,0,0,0,0,0,0,0,0,0,0,0,0,0,0,0,0,0,0,0,0,0,0,0,0,0,0,0,0,0,0,0,0,0,0,0,0,0,0
625,0,0,0,0,0,0,0,0,0,0,0,0,0,0,0,1,0,0,0,0,0,0,0,0,0,0,0,0,0,0,0,0,0,0,0,0,0,0,0,0,0,0,0,0,0,0,0,0,0,0,0,0,0,0,0,0,0,0,0,0,0,0,0,0,0,0,0,0,0,0,0,0,0,0,0,0,0,0,0,0,0,0,0,0,0,0,0,0,0,0,0,0,0,0,0,0
626,0,0,0,0,0,0,0,0,0,0,0,0,0,0,0,1,0,0,0,0,0,0,0,0,0,0,0,0,0,0,0,0,0,0,0,0,0,0,0,0,0,0,0,0,0,0,0,0,0,0,0,0,0,0,0,0,0,0,0,0,0,0,0,0,0,0,0,0,0,0,0,0,0,0,0,0,0,0,0,0,0,0,0,0,0,0,0,0,0,0,0,0,0,0,0,0
627,0,0,0,0,0,0,0,0,0,0,0,0,0,0,0,1,0,0,0,0,0,0,0,0,0,0,0,0,0,0,0,0,0,0,0,0,0,0,0,0,0,0,0,0,0,0,0,0,0,0,0,0,0,0,0,0,0,0,0,0,0,0,0,0,0,0,0,0,0,0,0,0,0,0,0,0,0,0,0,0,0,0,0,0,0,0,0,0,0,0,0,0,0,0,0,0
628,0,0,0,0,0,0,0,0,0,0,0,0,0,0,0,1,0,0,0,0,0,0,0,0,0,0,0,0,0,0,0,0,0,0,0,0,0,0,0,0,0,0,0,0,0,0,0,0,0,0,0,0,0,0,0,0,0,0,0,0,0,0,0,0,0,0,0,0,0,0,0,0,0,0,0,0,0,0,0,0,0,0,0,0,0,0,0,0,0,0,0,0,0,0,0,0
629,0,0,0,0,0,0,0,0,0,0,0,0,0,0,0,1,0,0,0,0,0,0,0,0,0,0,0,0,0,0,0,0,0,0,0,0,0,0,0,0,0,0,0,0,0,0,0,0,0,0,0,0,0,0,0,0,0,0,0,0,0,0,0,0,0,0,0,0,0,0,0,0,0,0,0,0,0,0,0,0,0,0,0,0,0,0,0,0,0,0,0,0,0,0,0,0
630,0,0,0,0,0,0,0,0,0,0,0,0,0,0,0,1,0,0,0,0,0,0,0,0,0,0,0,0,0,0,0,0,0,0,0,0,0,0,0,0,0,0,0,0,0,0,0,0,0,0,0,0,0,0,0,0,0,0,0,0,0,0,0,0,0,0,0,0,0,0,0,0,0,0,0,0,0,0,0,0,0,0,0,0,0,0,0,0,0,0,0,0,0,0,0,0
631,0,0,0,0,0,0,0,0,0,0,0,0,0,0,0,1,0,0,0,0,0,0,0,0,0,0,0,0,0,0,0,0,0,0,0,0,0,0,0,0,0,0,0,0,0,0,0,0,0,0,0,0,0,0,0,0,0,0,0,0,0,0,0,0,0,0,0,0,0,0,0,0,0,0,0,0,0,0,0,0,0,0,0,0,0,0,0,0,0,0,0,0,0,0,0,0
632,0,0,0,0,0,0,0,0,0,0,0,0,0,0,0,1,0,0,0,0,0,0,0,0,0,0,0,0,0,0,0,0,0,0,0,0,0,0,0,0,0,0,0,0,0,0,0,0,0,0,0,0,0,0,0,0,0,0,0,0,0,0,0,0,0,0,0,0,0,0,0,0,0,0,0,0,0,0,0,0,0,0,0,0,0,0,0,0,0,0,0,0,0,0,0,0
633,0,0,0,0,0,0,0,0,0,0,0,0,0,0,0,1,0,0,0,0,0,0,0,0,0,0,0,0,0,0,0,0,0,0,0,0,0,0,0,0,0,0,0,0,0,0,0,0,0,0,0,0,0,0,0,0,0,0,0,0,0,0,0,0,0,0,0,0,0,0,0,0,0,0,0,0,0,0,0,0,0,0,0,0,0,0,0,0,0,0,0,0,0,0,0,0
634,0,0,0,0,0,0,0,0,0,0,0,0,0,0,0,1,0,0,0,0,0,0,0,0,0,0,0,0,0,0,0,0,0,0,0,0,0,0,0,0,0,0,0,0,0,0,0,0,0,0,0,0,0,0,0,0,0,0,0,0,0,0,0,0,0,0,0,0,0,0,0,0,0,0,0,0,0,0,0,0,0,0,0,0,0,0,0,0,0,0,0,0,0,0,0,0
635,0,0,0,0,0,0,0,0,0,0,0,0,0,0,0,1,0,0,0,0,0,0,0,0,0,0,0,0,0,0,0,0,0,0,0,0,0,0,0,0,0,0,0,0,0,0,0,0,0,0,0,0,0,0,0,0,0,0,0,0,0,0,0,0,0,0,0,0,0,0,0,0,0,0,0,0,0,0,0,0,0,0,0,0,0,0,0,0,0,0,0,0,0,0,0,0
636,0,0,0,0,0,0,0,0,0,0,0,0,0,0,0,1,0,0,0,0,0,0,0,0,0,0,0,0,0,0,0,0,0,0,0,0,0,0,0,0,0,0,0,0,0,0,0,0,0,0,0,0,0,0,0,0,0,0,0,0,0,0,0,0,0,0,0,0,0,0,0,0,0,0,0,0,0,0,0,0,0,0,0,0,0,0,0,0,0,0,0,0,0,0,0,0
637,0,0,0,0,0,0,0,0,0,0,0,0,0,0,0,1,0,0,0,0,0,0,0,0,0,0,0,0,0,0,0,0,0,0,0,0,0,0,0,0,0,0,0,0,0,0,0,0,0,0,0,0,0,0,0,0,0,0,0,0,0,0,0,0,0,0,0,0,0,0,0,0,0,0,0,0,0,0,0,0,0,0,0,0,0,0,0,0,0,0,0,0,0,0,0,0
638,0,0,0,0,0,0,0,0,0,0,0,0,0,0,0,1,0,0,0,0,0,0,0,0,0,0,0,0,0,0,0,0,0,0,0,0,0,0,0,0,0,0,0,0,0,0,0,0,0,0,0,0,0,0,0,0,0,0,0,0,0,0,0,0,0,0,0,0,0,0,0,0,0,0,0,0,0,0,0,0,0,0,0,0,0,0,0,0,0,0,0,0,0,0,0,0
639,0,0,0,0,0,0,0,0,0,0,0,0,0,0,0,1,0,0,0,0,0,0,0,0,0,0,0,0,0,0,0,0,0,0,0,0,0,0,0,0,0,0,0,0,0,0,0,0,0,0,0,0,0,0,0,0,0,0,0,0,0,0,0,0,0,0,0,0,0,0,0,0,0,0,0,0,0,0,0,0,0,0,0,0,0,0,0,0,0,0,0,0,0,0,0,0
640,0,0,0,0,0,0,0,0,0,0,0,0,0,0,0,1,0,0,0,0,0,0,0,0,0,0,0,0,0,0,0,0,0,0,0,0,0,0,0,0,0,0,0,0,0,0,0,0,0,0,0,0,0,0,0,0,0,0,0,0,0,0,0,0,0,0,0,0,0,0,0,0,0,0,0,0,0,0,0,0,0,0,0,0,0,0,0,0,0,0,0,0,0,0,0,0
641,0,0,0,0,0,0,0,0,0,0,0,0,0,0,0,1,0,0,0,0,0,0,0,0,0,0,0,0,0,0,0,0,0,0,0,0,0,0,0,0,0,0,0,0,0,0,0,0,0,0,0,0,0,0,0,0,0,0,0,0,0,0,0,0,0,0,0,0,0,0,0,0,0,0,0,0,0,0,0,0,0,0,0,0,0,0,0,0,0,0,0,0,0,0,0,0
642,0,0,0,0,0,0,0,0,0,0,0,0,0,0,0,1,0,0,0,0,0,0,0,0,0,0,0,0,0,0,0,0,0,0,0,0,0,0,0,0,0,0,0,0,0,0,0,0,0,0,0,0,0,0,0,0,0,0,0,0,0,0,0,0,0,0,0,0,0,0,0,0,0,0,0,0,0,0,0,0,0,0,0,0,0,0,0,0,0,0,0,0,0,0,0,0
643,0,0,0,0,0,0,0,0,0,0,0,0,0,0,0,1,0,0,0,0,0,0,0,0,0,0,0,0,0,0,0,0,0,0,0,0,0,0,0,0,0,0,0,0,0,0,0,0,0,0,0,0,0,0,0,0,0,0,0,0,0,0,0,0,0,0,0,0,0,0,0,0,0,0,0,0,0,0,0,0,0,0,0,0,0,0,0,0,0,0,0,0,0,0,0,0
644,0,0,0,0,0,0,0,0,0,0,0,0,0,0,0,1,0,0,0,0,0,0,0,0,0,0,0,0,0,0,0,0,0,0,0,0,0,0,0,0,0,0,0,0,0,0,0,0,0,0,0,0,0,0,0,0,0,0,0,0,0,0,0,0,0,0,0,0,0,0,0,0,0,0,0,0,0,0,0,0,0,0,0,0,0,0,0,0,0,0,0,0,0,0,0,0
645,0,0,0,0,0,0,0,0,0,0,0,0,0,0,0,1,0,0,0,0,0,0,0,0,0,0,0,0,0,0,0,0,0,0,0,0,0,0,0,0,0,0,0,0,0,0,0,0,0,0,0,0,0,0,0,0,0,0,0,0,0,0,0,0,0,0,0,0,0,0,0,0,0,0,0,0,0,0,0,0,0,0,0,0,0,0,0,0,0,0,0,0,0,0,0,0
646,0,0,0,0,0,0,0,0,0,0,0,0,0,0,0,1,0,0,0,0,0,0,0,0,0,0,0,0,0,0,0,0,0,0,0,0,0,0,0,0,0,0,0,0,0,0,0,0,0,0,0,0,0,0,0,0,0,0,0,0,0,0,0,0,0,0,0,0,0,0,0,0,0,0,0,0,0,0,0,0,0,0,0,0,0,0,0,0,0,0,0,0,0,0,0,0
647,0,0,0,0,0,0,0,0,0,0,0,0,0,0,0,1,0,0,0,0,0,0,0,0,0,0,0,0,0,0,0,0,0,0,0,0,0,0,0,0,0,0,0,0,0,0,0,0,0,0,0,0,0,0,0,0,0,0,0,0,0,0,0,0,0,0,0,0,0,0,0,0,0,0,0,0,0,0,0,0,0,0,0,0,0,0,0,0,0,0,0,0,0,0,0,0
648,0,0,0,0,0,0,0,0,0,0,0,0,0,0,0,1,0,0,0,0,0,0,0,0,0,0,0,0,0,0,0,0,0,0,0,0,0,0,0,0,0,0,0,0,0,0,0,0,0,0,0,0,0,0,0,0,0,0,0,0,0,0,0,0,0,0,0,0,0,0,0,0,0,0,0,0,0,0,0,0,0,0,0,0,0,0,0,0,0,0,0,0,0,0,0,0
649,0,0,0,0,0,0,0,0,0,0,0,0,0,0,0,1,0,0,0,0,0,0,0,0,0,0,0,0,0,0,0,0,0,0,0,0,0,0,0,0,0,0,0,0,0,0,0,0,0,0,0,0,0,0,0,0,0,0,0,0,0,0,0,0,0,0,0,0,0,0,0,0,0,0,0,0,0,0,0,0,0,0,0,0,0,0,0,0,0,0,0,0,0,0,0,0
650,0,0,0,0,0,0,0,0,0,0,0,0,0,0,0,1,0,0,0,0,0,0,0,0,0,0,0,0,0,0,0,0,0,0,0,0,0,0,0,0,0,0,0,0,0,0,0,0,0,0,0,0,0,0,0,0,0,0,0,0,0,0,0,0,0,0,0,0,0,0,0,0,0,0,0,0,0,0,0,0,0,0,0,0,0,0,0,0,0,0,0,0,0,0,0,0
651,0,0,0,0,0,0,0,0,0,0,0,0,0,0,0,1,0,0,0,0,0,0,0,0,0,0,0,0,0,0,0,0,0,0,0,0,0,0,0,0,0,0,0,0,0,0,0,0,0,0,0,0,0,0,0,0,0,0,0,0,0,0,0,0,0,0,0,0,0,0,0,0,0,0,0,0,0,0,0,0,0,0,0,0,0,0,0,0,0,0,0,0,0,0,0,0
652,0,0,0,0,0,0,0,0,0,0,0,0,0,0,0,1,0,0,0,0,0,0,0,0,0,0,0,0,0,0,0,0,0,0,0,0,0,0,0,0,0,0,0,0,0,0,0,0,0,0,0,0,0,0,0,0,0,0,0,0,0,0,0,0,0,0,0,0,0,0,0,0,0,0,0,0,0,0,0,0,0,0,0,0,0,0,0,0,0,0,0,0,0,0,0,0
653,0,0,0,0,0,0,0,0,0,0,0,0,0,0,0,1,0,0,0,0,0,0,0,0,0,0,0,0,0,0,0,0,0,0,0,0,0,0,0,0,0,0,0,0,0,0,0,0,0,0,0,0,0,0,0,0,0,0,0,0,0,0,0,0,0,0,0,0,0,0,0,0,0,0,0,0,0,0,0,0,0,0,0,0,0,0,0,0,0,0,0,0,0,0,0,0
654,0,0,0,0,0,0,0,0,0,0,0,0,0,0,0,1,0,0,0,0,0,0,0,0,0,0,0,0,0,0,0,0,0,0,0,0,0,0,0,0,0,0,0,0,0,0,0,0,0,0,0,0,0,0,0,0,0,0,0,0,0,0,0,0,0,0,0,0,0,0,0,0,0,0,0,0,0,0,0,0,0,0,0,0,0,0,0,0,0,0,0,0,0,0,0,0
655,0,0,0,0,0,0,0,0,0,0,0,0,0,0,0,1,0,0,0,0,0,0,0,0,0,0,0,0,0,0,0,0,0,0,0,0,0,0,0,0,0,0,0,0,0,0,0,0,0,0,0,0,0,0,0,0,0,0,0,0,0,0,0,0,0,0,0,0,0,0,0,0,0,0,0,0,0,0,0,0,0,0,0,0,0,0,0,0,0,0,0,0,0,0,0,0
656,0,0,0,0,0,0,0,0,0,0,0,0,0,0,0,1,0,0,0,0,0,0,0,0,0,0,0,0,0,0,0,0,0,0,0,0,0,0,0,0,0,0,0,0,0,0,0,0,0,0,0,0,0,0,0,0,0,0,0,0,0,0,0,0,0,0,0,0,0,0,0,0,0,0,0,0,0,0,0,0,0,0,0,0,0,0,0,0,0,0,0,0,0,0,0,0
657,0,0,0,0,0,0,0,0,0,0,0,0,0,0,0,1,0,0,0,0,0,0,0,0,0,0,0,0,0,0,0,0,0,0,0,0,0,0,0,0,0,0,0,0,0,0,0,0,0,0,0,0,0,0,0,0,0,0,0,0,0,0,0,0,0,0,0,0,0,0,0,0,0,0,0,0,0,0,0,0,0,0,0,0,0,0,0,0,0,0,0,0,0,0,0,0
658,0,0,0,0,0,0,0,0,0,0,0,0,0,0,0,1,0,0,0,0,0,0,0,0,0,0,0,0,0,0,0,0,1,0,0,0,0,0,0,0,0,0,0,0,0,0,0,0,0,0,0,0,0,0,0,0,0,0,0,0,0,0,0,0,0,0,0,0,0,0,0,0,0,0,0,0,0,0,0,0,0,0,0,0,0,0,0,0,0,0,0,0,0,0,0,0
659,0,0,0,0,0,0,0,0,0,0,0,0,0,0,0,1,0,0,0,0,0,0,0,0,0,0,0,0,0,0,0,0,1,0,0,0,0,0,0,0,0,0,0,0,0,0,0,0,0,0,0,0,0,0,0,0,0,0,0,0,0,0,0,0,0,0,0,0,0,0,0,0,0,0,0,0,0,0,0,0,0,0,0,0,0,0,0,0,0,0,0,0,0,0,0,0
660,0,0,0,0,0,0,0,0,0,0,0,0,0,0,0,1,0,0,0,0,0,0,0,0,0,0,0,0,0,0,0,0,1,0,0,0,0,0,0,0,0,0,0,0,0,0,0,0,0,0,0,0,0,0,0,0,0,0,0,0,0,0,0,0,0,0,0,0,0,0,0,0,0,0,0,0,0,0,0,0,0,0,0,0,0,0,0,0,0,0,0,0,0,0,0,0
661,0,0,0,0,0,0,0,0,0,0,0,0,0,0,0,1,0,0,0,0,0,0,0,0,0,0,0,0,0,0,0,0,1,0,0,0,0,0,0,0,0,0,0,0,0,0,0,0,0,0,0,0,0,0,0,0,0,0,0,0,0,0,0,0,0,0,0,0,0,0,0,0,0,0,0,0,0,0,0,0,0,0,0,0,0,0,0,0,0,0,0,0,0,0,0,0
662,0,0,0,0,0,0,0,0,0,0,0,0,0,0,0,1,0,0,0,0,0,0,0,0,0,0,0,0,0,0,0,0,1,0,0,0,0,0,0,0,0,0,0,0,0,0,0,0,0,0,0,0,0,0,0,0,0,0,0,0,0,0,0,0,0,0,0,0,0,0,0,0,0,0,0,0,0,0,0,0,0,0,0,0,0,0,0,0,0,0,0,0,0,0,0,0
663,0,0,0,0,0,0,0,0,0,0,0,0,0,0,0,1,0,0,0,0,0,0,0,0,0,0,0,0,0,0,0,0,1,0,0,0,0,0,0,0,0,0,0,0,0,0,0,0,0,0,0,0,0,0,0,0,0,0,0,0,0,0,0,0,0,0,0,0,0,0,0,0,0,0,0,0,0,0,0,0,0,0,0,0,0,0,0,0,0,0,0,0,0,0,0,0
664,0,0,0,0,0,0,0,0,0,0,0,0,0,0,0,1,0,0,0,0,0,0,0,0,0,0,0,0,0,0,0,0,1,0,0,0,0,0,0,0,0,0,0,0,0,0,0,0,0,0,0,0,0,0,0,0,0,0,0,0,0,0,0,0,0,0,0,0,0,0,0,0,0,0,0,0,0,0,0,0,0,0,0,0,0,0,0,0,0,0,0,0,0,0,0,0
665,0,0,0,0,0,0,0,0,0,0,0,0,0,0,0,1,0,0,0,0,0,0,0,0,0,0,0,0,0,0,0,0,1,0,0,0,0,0,0,0,0,0,0,0,0,0,0,0,0,0,0,0,0,0,0,0,0,0,0,0,0,0,0,0,0,0,0,0,0,0,0,0,0,0,0,0,0,0,0,0,0,0,0,0,0,0,0,0,0,0,0,0,0,0,0,0
666,0,0,0,0,0,0,0,0,0,0,0,0,0,0,0,1,0,0,0,0,0,0,0,0,0,0,0,0,0,0,0,0,1,0,0,0,0,0,0,0,0,0,0,0,0,0,0,0,0,0,0,0,0,0,0,0,0,0,0,0,0,0,0,0,0,0,0,0,0,0,0,0,0,0,0,0,0,0,0,0,0,0,0,0,0,0,0,0,0,0,0,0,0,0,0,0
667,0,0,0,0,0,0,0,0,0,0,0,0,0,0,0,1,0,0,0,0,0,0,0,0,0,0,0,0,0,0,0,0,1,0,0,0,0,0,0,0,0,0,0,0,0,0,0,0,0,0,0,0,0,0,0,0,0,0,0,0,0,0,0,0,0,0,0,0,0,0,0,0,0,0,0,0,0,0,0,0,0,0,0,0,0,0,0,0,0,0,0,0,0,0,0,0
668,0,0,0,0,0,0,0,0,0,0,0,0,0,0,0,1,0,0,0,0,0,0,0,0,0,0,0,0,0,0,0,0,1,0,0,0,0,0,0,0,0,0,0,0,0,0,0,0,0,0,0,0,0,0,0,0,0,0,0,0,0,0,0,0,0,0,0,0,0,0,0,0,0,0,0,0,0,0,0,0,0,0,0,0,0,0,0,0,0,0,0,0,0,0,0,0
669,0,0,0,0,0,0,0,0,0,0,0,0,0,0,0,1,0,1,0,0,0,0,0,0,0,0,0,0,0,0,0,0,1,0,0,0,0,0,0,0,0,0,0,0,0,0,0,0,0,0,0,0,0,0,0,0,0,0,0,0,0,0,0,0,0,0,0,0,0,0,0,0,0,0,0,0,0,0,0,0,0,0,0,0,0,0,0,0,0,0,0,0,0,0,0,0
670,0,0,0,0,0,0,0,0,0,0,0,0,0,0,0,1,0,1,0,0,0,0,0,0,0,0,0,0,0,0,0,0,1,0,0,0,0,0,0,0,0,0,0,0,0,0,0,0,0,0,0,0,0,0,0,0,0,0,0,0,0,0,0,0,0,0,0,0,0,0,0,0,0,0,0,0,0,0,0,0,0,0,0,0,0,0,0,0,0,0,0,0,0,0,0,0
671,0,0,0,0,0,0,0,0,0,0,0,0,0,0,0,1,0,1,0,0,0,0,0,0,0,0,0,0,0,0,0,0,1,0,0,0,0,0,0,0,0,0,0,0,0,0,0,0,0,0,0,0,0,0,0,0,0,0,0,0,0,0,0,0,0,0,0,0,0,0,0,0,0,0,0,0,0,0,0,0,0,0,0,0,0,0,0,0,0,0,0,0,0,0,0,0
672,0,0,0,0,0,0,0,0,0,0,0,0,0,0,0,1,0,1,0,0,0,0,0,0,0,0,0,0,0,0,0,0,1,0,0,0,0,0,0,0,0,0,0,0,0,0,0,0,0,0,0,0,0,0,0,0,0,0,0,0,0,0,0,0,0,0,0,0,0,0,0,0,0,0,0,0,0,0,0,0,0,0,0,0,0,0,0,0,0,0,0,0,0,0,0,0
673,0,0,0,0,0,0,0,0,0,0,0,0,0,0,0,1,0,1,0,0,0,0,0,0,0,0,0,0,0,0,0,0,1,0,0,0,0,0,0,0,0,0,0,0,0,0,0,0,0,0,0,0,0,0,0,0,0,0,0,0,0,0,0,0,0,0,0,0,0,0,0,0,0,0,0,0,0,0,0,0,0,0,0,0,0,0,0,0,0,0,0,0,0,0,0,0
674,0,0,0,0,0,0,0,0,0,0,0,0,0,0,0,1,0,1,0,0,0,0,0,0,0,0,0,0,0,0,0,0,1,0,0,0,0,0,0,0,0,0,0,0,0,0,0,0,0,0,0,0,0,0,0,0,0,0,0,0,0,0,0,0,0,0,0,0,0,0,0,0,0,0,0,0,0,0,0,0,0,0,0,0,0,0,0,0,0,0,0,0,0,0,0,0
675,0,0,0,0,0,0,0,0,0,0,0,0,0,0,0,1,0,1,0,0,0,0,0,0,0,0,0,0,0,0,0,0,1,0,0,0,0,0,0,0,0,0,0,0,0,0,0,0,0,0,0,0,0,0,0,0,0,0,0,0,0,0,0,0,0,0,0,0,0,0,0,0,0,0,0,0,0,0,0,0,0,0,0,0,0,0,0,0,0,0,0,0,0,0,0,0
676,0,0,0,0,0,0,0,0,0,0,0,0,0,0,0,1,0,1,0,0,0,0,0,0,0,0,0,0,0,0,0,0,1,0,0,0,0,0,0,0,0,0,0,0,0,0,0,0,0,0,0,0,0,0,0,0,0,0,0,0,0,0,0,0,0,0,0,0,0,0,0,0,0,0,0,0,0,0,0,0,0,0,0,0,0,0,0,0,0,0,0,0,0,0,0,0
677,0,0,0,0,0,0,0,0,0,0,0,0,0,0,0,1,0,1,0,0,0,0,0,0,0,0,0,0,0,0,0,0,1,0,0,0,0,0,0,0,0,0,0,0,0,0,0,0,0,0,0,0,0,0,0,0,0,0,0,0,0,0,0,0,0,0,0,0,0,0,0,0,0,0,0,0,0,0,0,0,0,0,0,0,0,0,0,0,0,0,0,0,0,0,0,0
678,0,0,0,0,0,0,0,0,0,0,0,0,0,0,0,1,0,1,0,0,0,0,0,0,0,0,0,0,0,0,0,0,1,0,0,0,0,0,0,0,0,0,0,0,0,0,0,0,0,0,0,0,0,0,0,0,0,0,0,0,0,0,0,0,0,0,0,0,0,0,0,0,0,0,0,0,0,0,0,0,0,0,0,0,0,0,0,0,0,0,0,0,0,0,0,0
679,0,0,0,0,0,0,0,0,0,0,0,0,0,0,0,1,0,1,0,0,0,0,0,0,0,0,0,0,0,0,0,0,1,0,0,0,0,0,0,0,0,0,0,0,0,0,0,0,0,0,0,0,0,0,0,0,0,0,0,0,0,0,0,0,0,0,0,0,0,0,0,0,0,0,0,0,0,0,0,0,0,0,0,0,0,0,0,0,0,0,0,0,0,0,0,0
680,0,0,0,0,0,0,0,0,0,0,0,0,0,0,0,1,0,1,0,0,0,0,0,0,0,0,0,0,0,0,0,0,1,0,0,0,0,0,0,0,0,0,0,0,0,0,0,0,0,0,0,0,0,0,0,0,0,0,0,0,0,0,0,0,0,0,0,0,0,0,0,0,0,0,0,0,0,0,0,0,0,0,0,0,0,0,0,0,0,0,0,0,0,0,0,0
681,0,0,0,0,0,0,0,0,0,0,0,0,0,0,0,1,0,1,0,0,0,0,0,0,0,0,0,0,0,0,0,0,1,0,0,0,0,0,0,0,0,0,0,0,0,0,0,0,0,0,0,0,0,0,0,0,0,0,0,0,0,0,0,0,0,0,0,0,0,0,0,0,0,0,0,0,0,0,0,0,0,0,0,0,0,0,0,0,0,0,0,0,0,0,0,0
682,0,0,0,0,0,0,0,0,0,0,0,0,0,0,0,1,0,1,0,0,0,0,0,0,0,0,0,0,0,0,0,0,1,0,0,0,0,0,0,0,0,0,0,0,0,0,0,0,0,0,0,0,0,0,0,0,0,0,0,0,0,0,0,0,0,0,0,0,0,0,0,0,0,0,0,0,0,0,0,0,0,0,0,0,0,0,0,0,0,0,0,0,0,0,0,0
683,0,0,0,0,0,0,0,0,0,0,0,0,0,0,0,1,0,1,0,0,0,0,0,0,0,0,0,0,0,0,0,0,1,0,0,0,0,0,0,0,0,0,0,0,0,0,0,0,0,0,0,0,0,0,0,0,0,0,0,0,0,0,0,0,0,0,0,0,0,0,0,0,0,0,0,0,0,0,0,0,0,0,0,0,0,0,0,0,0,0,0,0,0,0,0,0
684,0,0,0,0,0,0,0,0,0,0,0,0,0,0,0,1,0,1,0,0,0,0,0,0,0,0,0,0,0,0,0,0,1,0,0,0,0,0,0,0,0,0,0,0,0,0,0,0,0,0,0,0,0,0,0,0,0,0,0,0,0,0,0,0,0,0,0,0,0,0,0,0,0,0,0,0,0,0,0,0,0,0,0,0,0,0,0,0,0,0,0,0,0,0,0,0
685,0,0,0,0,0,0,0,0,0,0,0,0,0,0,0,1,0,1,0,0,0,0,0,0,0,0,0,0,0,0,0,0,1,0,0,0,0,0,0,0,0,0,0,0,0,0,0,0,0,0,0,0,0,0,0,0,0,0,0,0,0,0,0,0,0,0,0,0,0,0,0,0,0,0,0,0,0,0,0,0,0,0,0,0,0,0,0,0,0,0,0,0,0,0,0,0
686,0,0,0,0,0,0,0,0,0,0,0,0,0,0,0,1,0,1,0,0,0,0,0,0,0,0,0,0,0,0,0,0,1,0,0,0,0,0,0,0,0,0,0,0,0,0,0,0,0,0,0,0,0,0,0,0,0,0,0,0,0,0,0,0,0,0,0,0,0,0,0,0,0,0,0,0,0,0,0,0,0,0,0,0,0,0,0,0,0,0,0,0,0,0,0,0
687,0,0,0,0,0,0,0,0,0,0,0,0,0,0,0,1,0,1,0,0,0,0,0,0,0,0,0,0,0,0,0,0,1,0,0,0,0,0,0,0,0,0,0,0,0,0,0,0,0,0,0,0,0,0,0,0,0,0,0,0,0,0,0,0,0,0,0,0,0,0,0,0,0,0,0,0,0,0,0,0,0,0,0,0,0,0,0,0,0,0,0,0,0,0,0,0
688,0,0,0,0,0,0,0,0,0,0,0,0,0,0,0,1,0,1,0,0,0,0,0,0,0,0,0,0,0,0,0,0,1,0,0,0,0,0,0,0,0,0,0,0,0,0,0,0,0,0,0,0,0,0,0,0,0,0,0,0,0,0,0,0,0,0,0,0,0,0,0,0,0,0,0,0,0,0,0,0,0,0,0,0,0,0,0,0,0,0,0,0,0,0,0,0
689,0,0,0,0,0,0,0,0,0,0,0,0,0,0,0,1,0,1,0,0,0,0,0,0,0,0,0,0,0,0,0,0,1,0,0,0,0,0,0,0,0,0,0,0,0,0,0,0,0,0,0,0,0,0,0,0,0,0,0,0,0,0,0,0,0,0,0,0,0,0,0,0,0,0,0,0,0,0,0,0,0,0,0,0,0,0,0,0,0,0,0,0,0,0,0,0
690,0,0,0,0,0,0,0,0,0,0,0,0,0,0,0,1,0,1,0,0,0,0,0,0,0,0,0,0,0,0,0,0,1,0,0,0,0,0,0,0,0,0,0,0,0,0,0,0,0,0,0,0,0,0,0,0,0,0,0,0,0,0,0,0,0,0,0,0,0,0,0,0,0,0,0,0,0,0,0,0,0,0,0,0,0,0,0,0,0,0,0,0,0,0,0,0
691,0,0,0,0,0,0,0,0,0,0,0,0,0,0,0,1,0,1,0,0,0,0,0,0,0,0,0,0,0,0,0,0,1,0,0,0,0,0,0,0,0,0,0,0,0,0,0,0,0,0,0,0,0,0,0,0,0,0,0,0,0,0,0,0,0,0,0,0,0,0,0,0,0,0,0,0,0,0,0,0,0,0,0,0,0,0,0,0,0,0,0,0,0,0,0,0
692,0,0,0,0,0,0,0,0,0,0,0,0,0,0,0,1,0,1,0,0,0,0,0,0,0,0,0,0,0,0,0,0,1,0,0,0,0,0,0,0,0,0,0,0,0,0,0,0,0,0,0,0,0,0,0,0,0,0,0,0,0,0,0,0,0,0,0,0,0,0,0,0,0,0,0,0,0,0,0,0,0,0,0,0,0,0,0,0,0,0,0,0,0,0,0,0
693,0,0,0,0,0,0,0,0,0,0,0,0,0,0,0,1,0,1,0,0,0,0,0,0,0,0,0,0,0,0,0,0,1,0,0,0,0,0,0,0,0,0,0,0,0,0,0,0,0,0,0,0,0,0,0,0,0,0,0,0,0,0,0,0,0,0,0,0,0,0,0,0,0,0,0,0,0,0,0,0,0,0,0,0,0,0,0,0,0,0,0,0,0,0,0,0
694,0,0,0,0,0,0,0,0,0,0,0,0,0,0,0,1,0,1,0,0,0,0,0,0,0,0,0,0,0,0,0,0,1,0,0,0,0,0,0,0,0,0,0,0,0,0,0,0,0,0,0,0,0,0,0,0,0,0,0,0,0,0,0,0,0,0,0,0,0,0,0,0,0,0,0,0,0,0,0,0,0,0,0,0,0,0,0,0,0,0,0,0,0,0,0,0
695,0,0,0,0,0,0,0,0,0,0,0,0,0,0,0,1,0,1,0,0,0,0,0,0,0,0,0,0,0,0,0,0,1,0,0,0,0,0,0,0,0,0,0,0,0,0,0,0,0,0,0,0,0,0,0,0,0,0,0,0,0,0,0,0,0,0,0,0,0,0,0,0,0,0,0,0,0,0,0,0,0,0,0,0,0,0,0,0,0,0,0,0,0,0,0,0
696,0,0,0,0,0,0,0,0,0,0,0,0,0,0,0,1,0,1,0,0,0,0,0,0,0,0,0,0,0,0,0,0,1,0,0,0,0,0,0,0,0,0,0,0,0,0,0,0,0,0,0,0,0,0,0,0,0,0,0,0,0,0,0,0,0,0,0,0,0,0,0,0,0,0,0,0,0,0,0,0,0,0,0,0,0,0,0,0,0,0,0,0,0,0,0,0
697,0,0,0,0,0,0,0,0,0,0,0,0,0,0,0,1,0,1,0,0,0,0,0,0,0,0,0,0,0,0,0,0,1,0,0,0,0,0,0,0,0,0,0,0,0,0,0,0,0,0,0,0,0,0,0,0,0,0,0,0,0,0,0,0,0,0,0,0,0,0,0,0,0,0,0,0,0,0,0,0,0,0,0,0,0,0,0,0,0,0,0,0,0,0,0,0
698,0,0,0,0,0,0,0,0,0,0,0,0,0,0,0,1,0,1,0,0,0,0,0,0,0,0,0,0,0,0,0,0,1,0,0,0,0,0,0,0,0,0,0,0,0,0,0,0,0,0,0,0,0,0,0,0,0,0,0,0,0,0,0,0,0,0,0,0,0,0,0,0,0,0,0,0,0,0,0,0,0,0,0,0,0,0,0,0,0,0,0,0,0,0,0,0
699,0,0,0,0,0,0,0,0,0,0,0,0,0,0,0,1,0,1,0,0,0,0,0,0,0,0,0,0,0,0,0,0,1,0,0,0,0,0,0,0,0,0,0,0,0,0,0,0,0,0,0,0,0,0,0,0,0,0,0,0,0,0,0,0,0,0,0,0,0,0,0,0,0,0,0,0,0,0,0,0,0,0,0,0,0,0,0,0,0,0,0,0,0,0,0,0
700,0,0,0,0,0,0,0,0,0,0,0,0,0,0,0,1,0,1,0,0,0,0,0,0,0,0,0,0,0,0,0,0,1,0,0,0,0,0,0,0,0,0,0,0,0,0,0,0,0,0,0,0,0,0,0,0,0,0,0,0,0,0,0,0,0,0,0,0,0,0,0,0,0,0,0,0,0,0,0,0,0,0,0,0,0,0,0,0,0,0,0,0,0,0,0,0
701,0,0,0,0,0,0,0,0,0,0,0,0,0,0,0,1,0,1,0,0,0,0,0,0,0,0,0,0,0,0,0,0,1,0,0,0,0,0,0,0,0,0,0,0,0,0,0,0,0,0,0,0,0,0,0,0,0,0,0,0,0,0,0,0,0,0,0,0,0,0,0,0,0,0,0,0,0,0,0,0,0,0,0,0,0,0,0,0,0,0,0,0,0,0,0,0
702,0,0,0,0,0,0,0,0,0,0,0,0,0,0,0,1,0,1,0,0,0,0,0,0,0,0,0,0,0,0,0,0,1,0,0,0,0,0,0,0,0,0,0,0,0,0,0,0,0,0,0,0,0,0,0,0,0,0,0,0,0,0,0,0,0,0,0,0,0,0,0,0,0,0,0,0,0,0,0,0,0,0,0,0,0,0,0,0,0,0,0,0,0,0,0,0
703,0,0,0,0,0,0,0,0,0,0,0,0,0,0,0,1,0,1,0,0,0,0,0,0,0,0,0,0,0,0,0,0,1,0,0,0,0,0,0,0,0,0,0,0,0,0,0,0,0,0,0,0,0,0,0,0,0,0,0,0,0,0,0,0,0,0,0,0,0,0,0,0,0,0,0,0,0,0,0,0,0,0,0,0,0,0,0,0,0,0,0,0,0,0,0,0
704,0,0,0,0,0,0,0,0,0,0,0,0,0,0,0,1,0,1,0,0,0,0,0,0,0,0,0,0,0,0,0,0,1,0,0,0,0,0,0,0,0,0,0,0,0,0,0,0,0,0,0,0,0,0,0,0,0,0,0,0,0,0,0,0,0,0,0,0,0,0,0,0,0,0,0,0,0,0,0,0,0,0,0,0,0,0,0,0,0,0,0,0,0,0,0,0
705,0,0,0,0,0,0,0,0,0,0,0,0,0,0,0,1,0,1,0,0,0,0,0,0,0,0,0,0,0,0,0,0,1,0,0,0,0,0,0,0,0,0,0,0,0,0,0,0,0,0,0,0,0,0,0,0,0,0,0,0,0,0,0,0,0,0,0,0,0,0,0,0,0,0,0,0,0,0,0,0,0,0,0,0,0,0,0,0,0,0,0,0,0,0,0,0
706,0,0,0,0,0,0,0,0,0,0,0,0,0,0,0,1,0,1,0,0,0,0,0,0,0,0,0,0,0,0,0,0,1,0,0,0,0,0,0,0,0,0,0,0,0,0,0,0,0,0,0,0,0,0,0,0,0,0,0,0,0,0,0,0,0,0,0,0,0,0,0,0,0,0,0,0,0,0,0,0,0,0,0,0,0,0,0,0,0,0,0,0,0,0,0,0
707,0,0,0,0,0,0,0,0,0,0,0,0,0,0,0,1,0,1,0,0,0,0,0,0,0,0,0,0,0,0,0,0,1,0,0,0,0,0,0,0,0,0,0,0,0,0,0,0,0,0,0,0,0,0,0,0,0,0,0,0,0,0,0,0,0,0,0,0,0,0,0,0,0,0,0,0,0,0,0,0,0,0,0,0,0,0,0,0,0,0,0,0,0,0,0,0
708,0,0,0,0,0,0,0,0,0,0,0,0,0,0,0,1,0,1,0,0,0,0,0,0,0,0,0,0,0,0,0,0,1,0,0,0,0,0,0,0,0,0,0,0,0,0,0,0,0,0,0,0,0,0,0,0,0,0,0,0,0,0,0,0,0,0,0,0,0,0,0,0,0,0,0,0,0,0,0,0,0,0,0,0,0,0,0,0,0,0,0,0,0,0,0,0
709,0,0,0,0,0,0,0,0,0,0,0,0,0,0,0,1,0,1,0,0,0,0,0,0,0,0,0,0,0,0,0,0,1,0,0,0,0,0,0,0,0,0,0,0,0,0,0,0,0,0,0,0,0,0,0,0,0,0,0,0,0,0,0,0,0,0,0,0,0,0,0,0,0,0,0,0,0,0,0,0,0,0,0,0,0,0,0,0,0,0,0,0,0,0,0,0
710,0,0,0,0,0,0,0,0,0,0,0,0,0,0,0,1,0,1,0,0,0,0,0,0,0,0,0,0,0,0,0,0,1,0,0,0,0,0,0,0,0,0,0,0,0,0,0,0,0,0,0,0,0,0,0,0,0,0,0,0,0,0,0,0,0,0,0,0,0,0,0,0,0,0,0,0,0,0,0,0,0,0,0,0,0,0,0,0,0,0,0,0,0,0,0,0
711,0,0,0,0,0,0,0,0,0,0,0,0,0,0,0,1,0,1,0,0,0,0,0,0,0,0,0,0,0,0,0,0,1,0,0,0,0,0,0,0,0,0,0,0,0,0,0,0,0,0,0,0,0,0,0,0,0,0,0,0,0,0,0,0,0,0,0,0,0,0,0,0,0,0,0,0,0,0,0,0,0,0,0,0,0,0,0,0,0,0,0,0,0,0,0,0
712,0,0,0,0,0,0,0,0,0,0,0,0,0,0,0,1,0,1,0,0,0,0,0,0,0,0,0,0,0,0,0,0,1,0,0,0,0,0,0,0,0,0,0,0,0,0,0,0,0,0,0,0,0,0,0,0,0,0,0,0,0,0,0,0,0,0,0,0,0,0,0,0,0,0,0,0,0,0,0,0,0,0,0,0,0,0,0,0,0,0,0,0,0,0,0,0
713,0,0,0,0,0,0,0,0,0,0,0,0,0,0,0,1,0,1,0,0,0,0,0,0,0,0,0,0,0,0,0,0,1,0,0,0,0,0,0,0,0,0,0,0,0,0,0,0,0,0,0,0,0,0,0,0,0,0,0,0,0,0,0,0,0,0,0,0,0,0,0,0,0,0,0,0,0,0,0,0,0,0,0,0,0,0,0,0,0,0,0,0,0,0,0,0
714,0,0,0,0,0,0,0,0,0,0,0,0,0,0,0,1,0,1,0,0,0,0,0,0,0,0,0,0,0,0,0,0,1,0,0,0,0,0,0,0,0,0,0,0,0,0,0,0,0,0,0,0,0,0,0,0,0,0,0,0,0,0,0,0,0,0,0,0,0,0,0,0,0,0,0,0,0,0,0,0,0,0,0,0,0,0,0,0,0,0,0,0,0,0,0,0
715,0,0,0,0,0,0,0,0,0,0,0,0,0,0,0,1,0,1,0,0,0,0,0,0,0,0,0,0,0,0,0,0,1,0,0,0,0,0,0,0,0,0,0,0,0,0,0,0,0,0,0,0,0,0,0,0,0,0,0,0,0,0,0,0,0,0,0,0,0,0,0,0,0,0,0,0,0,0,0,0,0,0,0,0,0,0,0,0,0,0,0,0,0,0,0,0
716,0,0,0,0,0,0,0,0,0,0,0,0,0,0,0,1,0,1,0,0,0,0,0,0,0,0,0,0,0,0,0,0,1,0,0,0,0,0,0,0,0,0,0,0,0,0,0,0,0,0,0,0,0,0,0,0,0,0,0,0,0,0,0,0,0,0,0,0,0,0,0,0,0,0,0,0,0,0,0,0,0,0,0,0,0,0,0,0,0,0,0,0,0,0,0,0
717,0,0,0,0,0,0,0,0,0,0,0,0,0,0,0,1,0,1,0,0,0,0,0,0,0,0,0,0,0,0,0,0,1,0,0,0,0,0,0,0,0,0,0,0,0,0,0,0,0,0,0,0,0,0,0,0,0,0,0,0,0,0,0,0,0,0,0,0,0,0,0,0,0,0,0,0,0,0,0,0,0,0,0,0,0,0,0,0,0,0,0,0,0,0,0,0
718,0,0,0,0,0,0,0,0,0,0,0,0,0,0,0,1,0,1,0,0,0,0,0,0,0,0,0,0,0,0,0,0,1,0,0,0,0,0,0,0,0,0,0,0,0,0,0,0,0,0,0,0,0,0,0,0,0,0,0,0,0,0,0,0,0,0,0,0,0,0,0,0,0,0,0,0,0,0,0,0,0,0,0,0,0,0,0,0,0,0,0,0,0,0,0,0
719,0,0,0,0,0,0,0,0,0,0,0,0,0,0,0,1,0,1,0,0,0,0,0,0,0,0,0,0,0,0,0,0,1,0,0,0,0,0,0,0,0,0,0,0,0,0,0,0,0,0,0,0,0,0,0,0,0,0,0,0,0,0,0,0,0,0,0,0,0,0,0,0,0,0,0,0,0,0,0,0,0,0,0,0,0,0,0,0,0,0,0,0,0,0,0,0
720,0,0,0,0,0,0,0,0,0,0,0,0,0,0,0,1,0,1,0,0,0,0,0,0,0,0,0,0,0,0,0,0,1,0,0,0,0,0,0,0,0,0,0,0,0,0,0,0,0,0,0,0,0,0,0,0,0,0,0,0,0,0,0,0,0,0,0,0,0,0,0,0,0,0,0,0,0,0,0,0,0,0,0,0,0,0,0,0,0,0,0,0,0,0,0,0
721,0,0,0,0,0,0,0,0,0,0,0,0,0,0,0,1,0,1,0,0,0,0,0,0,0,0,0,0,0,0,0,0,1,0,0,0,0,0,0,0,0,0,0,0,0,0,0,0,0,0,0,0,0,0,0,0,0,0,0,0,0,0,0,0,0,0,0,0,0,0,0,0,0,0,0,0,0,0,0,0,0,0,0,0,0,0,0,0,0,0,0,0,0,0,0,0
722,0,0,0,0,0,0,0,0,0,0,0,0,0,0,0,1,0,1,0,0,0,0,0,0,0,0,0,0,0,0,0,0,1,0,0,0,0,0,0,0,0,0,0,0,0,0,0,0,0,0,0,0,0,0,0,0,0,0,0,0,0,0,0,0,0,0,0,0,0,0,0,0,0,0,0,0,0,0,0,0,0,0,0,0,0,0,0,0,0,0,0,0,0,0,0,0
723,0,0,0,0,0,0,0,0,0,0,0,0,0,0,0,1,0,1,0,0,0,0,0,0,0,0,0,0,0,0,0,0,1,0,0,0,0,0,0,0,0,0,0,0,0,0,0,0,0,0,0,0,0,0,0,0,0,0,0,0,0,0,0,0,0,0,0,0,0,0,0,0,0,0,0,0,0,0,0,0,0,0,0,0,0,0,0,0,0,0,0,0,0,0,0,0
724,0,0,0,0,0,0,0,0,0,0,0,0,0,0,0,1,0,1,0,0,0,0,0,0,0,0,0,0,0,0,0,0,1,0,0,0,0,0,0,0,0,0,0,0,0,0,0,0,0,0,0,0,0,0,0,0,0,0,0,0,0,0,0,0,0,0,0,0,0,0,0,0,0,0,0,0,0,0,0,0,0,0,0,0,0,0,0,0,0,0,0,0,0,0,0,0
725,0,0,0,0,0,0,0,0,0,0,0,0,0,0,0,1,0,1,0,0,0,0,0,0,0,0,0,0,0,0,0,0,1,0,0,0,0,0,0,0,0,0,0,0,0,0,0,0,0,0,0,0,0,0,0,0,0,0,0,0,0,0,0,0,0,0,0,0,0,0,0,0,0,0,0,0,0,0,0,0,0,0,0,0,0,0,0,0,0,0,0,0,0,0,0,0
726,0,0,0,0,0,0,0,0,0,0,0,0,0,0,0,1,0,1,0,0,0,0,0,0,0,0,0,0,0,0,0,0,1,0,0,0,0,0,0,0,0,0,0,0,0,0,0,0,0,0,0,0,0,0,0,0,0,0,0,0,0,0,0,0,0,0,0,0,0,0,0,0,0,0,0,0,0,0,0,0,0,0,0,0,0,0,0,0,0,0,0,0,0,0,0,0
727,0,0,0,0,0,0,0,0,0,0,0,0,0,0,0,1,0,1,0,0,0,0,0,0,0,0,0,0,0,0,0,0,1,0,0,0,0,0,0,0,0,0,0,0,0,0,0,0,0,0,0,0,0,0,0,0,0,0,0,0,0,0,0,0,0,0,0,0,0,0,0,0,0,0,0,0,0,0,0,0,0,0,0,0,0,0,0,0,0,0,0,0,0,0,0,1
728,0,0,0,0,0,0,0,0,0,0,0,0,0,0,0,1,0,1,0,0,0,0,0,0,0,0,0,0,0,0,0,0,1,0,0,0,0,0,0,0,0,0,0,0,0,0,0,0,0,0,0,0,0,0,0,0,0,0,0,0,0,0,0,0,0,0,0,0,0,0,0,0,0,0,0,0,0,0,0,0,0,0,0,0,0,0,0,0,0,0,0,0,0,0,0,1
729,0,0,0,0,0,0,0,0,0,0,0,0,0,0,0,1,0,1,0,0,0,0,0,0,0,0,0,0,0,0,0,0,1,0,0,0,0,0,0,0,0,0,0,0,0,0,0,0,0,0,0,0,0,0,0,0,0,0,0,0,0,0,0,0,0,0,0,0,0,0,0,0,0,0,0,0,0,0,0,0,0,0,0,0,0,0,0,0,0,0,0,0,0,0,0,1
730,0,0,0,0,0,0,0,0,0,0,0,0,0,0,0,1,0,1,0,0,0,0,0,0,0,0,0,0,0,0,0,0,1,0,0,0,0,0,0,0,0,0,0,0,0,0,0,0,0,0,0,0,0,0,0,0,0,0,0,0,0,0,0,0,0,0,0,0,0,0,0,0,0,0,0,0,0,0,0,0,0,0,0,0,0,0,0,0,0,0,0,0,0,0,0,1
731,0,0,0,0,0,0,0,0,0,0,0,0,0,0,0,1,0,1,0,0,0,0,0,0,0,0,0,0,0,0,0,0,1,0,0,0,0,0,0,0,0,0,0,0,0,0,0,0,0,0,0,0,0,0,0,0,0,0,0,0,0,0,0,0,0,0,0,0,0,0,0,0,0,0,0,0,0,0,0,0,0,0,0,0,0,0,0,0,0,0,0,0,0,0,0,1
732,0,0,0,0,0,0,0,0,0,0,0,0,0,0,0,1,0,1,0,0,0,0,0,0,0,0,0,0,0,0,0,0,1,0,0,0,0,0,0,0,0,0,0,0,0,0,0,0,0,0,0,0,0,0,0,0,0,0,0,0,0,0,0,0,0,0,0,0,0,0,0,0,0,0,0,0,0,0,0,0,0,0,0,0,0,0,0,0,0,0,0,0,0,0,0,1
733,0,0,0,0,0,0,0,0,0,0,0,0,0,0,0,1,0,1,0,0,0,0,0,0,0,0,0,0,0,0,0,0,1,0,0,0,0,0,0,0,0,0,0,0,0,0,0,0,0,0,0,0,0,0,0,0,0,0,0,0,0,0,0,0,0,0,0,0,0,0,0,0,0,0,0,0,0,0,0,0,0,0,0,0,0,0,0,0,0,0,0,0,0,0,0,1
734,0,0,0,0,0,0,0,0,0,0,0,0,0,0,0,1,0,1,0,0,0,0,0,0,0,0,0,0,0,0,0,0,1,0,0,0,0,0,0,0,0,0,0,0,0,0,0,0,0,0,0,0,0,0,0,0,0,0,0,0,0,0,0,0,0,0,0,0,0,0,0,0,0,0,0,0,0,0,0,0,0,0,0,0,0,0,0,0,0,0,0,0,0,0,0,1
735,0,0,0,0,0,0,0,0,0,0,0,0,0,0,0,1,0,1,0,0,0,0,0,0,0,0,0,0,0,0,0,0,1,0,0,0,0,0,0,0,0,0,0,0,0,0,0,0,0,0,0,0,0,0,0,0,0,0,0,0,0,0,0,0,0,0,0,0,0,0,0,0,0,0,0,0,0,0,0,0,0,0,0,0,0,0,0,0,0,0,0,0,0,0,0,1
736,0,0,0,0,0,0,0,0,0,0,0,0,0,0,0,1,0,1,0,0,0,0,0,0,0,0,0,0,0,0,0,0,1,0,0,0,0,0,0,0,0,0,0,0,0,0,0,0,0,0,0,0,0,0,0,0,0,0,0,0,0,0,0,0,0,0,0,0,0,0,0,0,0,0,0,0,0,0,0,0,0,0,0,0,0,0,0,0,0,0,0,0,0,0,0,1
737,0,0,0,0,0,0,0,0,0,0,0,0,0,0,0,1,0,1,0,0,0,0,0,0,0,0,0,0,0,0,0,0,1,0,0,0,0,0,0,0,0,0,0,0,0,0,0,0,0,0,0,0,0,0,0,0,0,0,0,0,0,0,0,0,0,0,0,0,0,0,0,0,0,0,0,0,0,0,0,0,0,0,0,0,0,0,0,0,0,0,0,0,0,0,0,1
738,0,0,0,0,0,0,0,0,0,0,0,0,0,0,0,1,0,1,0,0,0,0,0,0,0,0,0,0,0,0,0,0,1,0,0,0,0,0,0,0,0,0,0,0,0,0,0,0,0,0,0,0,0,0,0,0,0,0,0,0,0,0,0,0,0,0,0,0,0,0,0,0,0,0,0,0,0,0,0,0,0,0,0,0,0,0,0,0,0,0,0,0,0,0,0,1
739,0,0,0,0,0,0,0,0,0,0,0,0,0,0,0,1,0,1,0,0,0,0,0,0,0,0,0,0,0,0,0,0,1,0,0,0,0,0,0,0,0,0,0,0,0,0,0,0,0,0,0,0,0,0,0,0,0,0,0,0,0,0,0,0,0,0,0,0,0,0,0,0,0,0,0,0,0,0,0,0,0,0,0,0,0,0,0,0,0,0,0,0,0,0,0,1
740,0,0,0,0,0,0,0,0,0,0,0,0,0,0,0,1,0,1,0,0,0,0,0,0,0,0,0,0,0,0,0,0,1,0,0,0,0,0,0,0,0,0,0,0,0,0,0,0,0,0,0,0,0,0,0,0,0,0,0,0,0,0,0,0,0,0,0,0,0,0,0,0,0,0,0,0,0,0,0,0,0,0,0,0,0,0,0,0,0,0,0,0,0,0,0,1
741,0,0,0,0,0,0,0,0,0,0,0,0,0,0,0,1,0,1,0,0,0,0,0,0,0,0,0,0,0,0,0,0,1,0,0,0,0,0,0,0,0,0,0,0,0,0,0,0,0,0,0,0,0,0,0,0,0,0,0,0,0,0,0,0,0,0,0,0,0,0,0,0,0,0,0,0,0,0,0,0,0,0,0,0,0,0,0,0,0,0,0,0,0,0,0,1
742,0,0,0,0,0,0,0,0,0,0,0,0,0,0,0,1,0,1,0,0,0,0,0,0,0,0,0,0,0,0,0,0,1,0,0,0,0,0,0,0,0,0,0,0,0,0,0,0,0,0,0,0,0,0,0,0,0,0,0,0,0,0,0,0,0,0,0,0,0,0,0,0,0,0,0,0,0,0,0,0,0,0,0,0,0,0,0,0,0,0,0,0,0,0,0,1
743,0,0,0,0,0,0,0,0,0,0,0,0,0,0,0,1,0,1,0,0,0,0,0,0,0,0,0,0,0,0,0,0,1,0,0,0,0,0,0,0,0,0,0,0,0,0,0,0,0,0,0,0,0,0,0,0,0,0,0,0,0,0,0,0,0,0,0,0,0,0,0,0,0,0,0,0,0,0,0,0,0,0,0,0,0,0,0,0,0,0,0,0,0,0,0,1
744,0,0,0,0,0,0,0,0,0,0,0,0,0,0,0,1,0,1,0,0,0,0,0,0,0,0,0,0,0,0,0,0,1,0,0,0,0,0,0,0,0,0,0,0,0,0,0,0,0,0,0,0,0,0,0,0,0,0,0,0,0,0,0,0,0,0,0,0,0,0,0,0,0,0,0,0,0,0,0,0,0,0,0,0,0,0,0,0,0,0,0,0,0,0,0,1
745,0,0,0,0,0,0,0,0,0,0,0,0,0,0,0,1,0,1,0,0,0,0,0,0,0,0,0,0,0,0,0,0,1,0,0,0,0,0,0,0,0,0,0,0,0,0,0,0,0,0,0,0,0,0,0,0,0,0,0,0,0,0,0,0,0,0,0,0,0,0,0,0,0,0,0,0,0,0,0,0,0,0,0,0,0,0,0,0,0,0,0,0,0,0,0,1
746,0,0,0,0,0,0,0,0,0,0,0,0,0,0,0,1,0,1,0,0,0,0,0,0,0,0,0,0,0,0,0,0,1,0,0,0,0,0,0,0,0,0,0,0,0,0,0,0,0,0,0,0,0,0,0,0,0,0,0,0,0,0,0,0,0,0,0,0,0,0,0,0,0,0,0,0,0,0,0,0,0,0,0,0,0,0,0,0,0,0,0,0,0,0,0,1
747,0,0,0,0,0,0,0,0,0,0,0,0,0,0,0,1,0,1,0,0,0,0,0,0,0,0,0,0,0,0,0,0,1,0,0,0,0,0,0,0,0,0,0,0,0,0,0,0,0,0,0,0,0,0,0,0,0,0,0,0,0,0,0,0,0,0,0,0,0,0,0,0,0,0,0,0,0,0,0,0,0,0,0,0,0,0,0,0,0,0,0,0,0,0,0,1
748,0,0,0,0,0,0,0,0,0,0,0,0,0,0,0,1,0,1,0,0,0,0,0,0,0,0,0,0,0,0,0,0,1,0,0,0,0,0,0,0,0,0,0,0,0,0,0,0,0,0,0,0,0,0,0,0,0,0,0,0,0,0,0,0,0,0,0,0,0,0,0,0,0,0,0,0,0,0,0,0,0,0,0,0,0,0,0,0,0,0,0,0,0,0,0,1
749,0,0,0,0,0,0,0,0,0,0,0,0,0,0,0,1,0,1,0,0,0,0,0,0,0,0,0,0,0,0,0,0,1,0,0,0,0,0,0,0,0,0,0,0,0,0,0,0,0,0,0,0,0,0,0,0,0,0,0,0,0,0,0,0,0,0,0,0,0,0,0,0,0,0,0,0,0,0,0,0,0,0,0,0,0,0,0,0,0,0,0,0,0,0,0,1
750,0,0,0,0,0,0,0,0,1,0,0,0,0,0,0,1,0,1,0,0,0,0,0,0,0,0,0,0,0,0,0,0,1,0,0,0,0,0,0,0,0,0,0,0,0,0,0,0,0,0,0,0,0,0,0,0,0,0,0,0,0,0,0,0,0,0,0,0,0,0,0,0,0,0,0,0,0,0,0,0,0,0,0,0,0,0,0,0,0,0,0,0,0,0,0,1
751,0,0,0,0,0,0,0,0,1,0,0,0,0,0,0,1,0,1,0,0,0,0,0,0,0,0,0,0,0,0,0,0,1,0,0,0,0,0,0,0,0,0,0,0,0,0,0,0,0,0,0,0,0,0,0,0,0,0,0,0,0,0,0,0,0,0,0,0,0,0,0,0,0,0,0,0,0,0,0,0,0,0,0,0,0,0,0,0,0,0,0,0,0,0,0,1
752,0,0,0,0,0,0,0,0,1,0,0,0,0,0,0,1,0,1,0,0,0,0,0,0,0,0,0,0,0,0,0,0,1,0,0,0,0,0,0,0,0,0,0,0,0,0,0,0,0,0,0,0,0,0,0,0,0,0,0,0,0,0,0,0,0,0,0,0,0,0,0,0,0,0,0,0,0,0,0,0,0,0,0,0,0,0,0,0,0,0,0,0,0,0,0,1
753,0,0,0,0,0,0,0,0,1,0,0,0,0,0,0,1,0,1,0,0,0,0,0,0,0,0,0,0,0,0,0,0,1,0,0,0,0,0,0,0,0,0,0,0,0,0,0,0,0,0,0,0,0,0,0,0,0,0,0,0,0,0,0,0,0,0,0,0,0,0,0,0,0,0,0,0,0,0,0,0,0,0,0,0,0,0,0,0,0,0,0,0,0,0,0,1
754,0,0,0,0,0,0,0,0,1,0,0,0,0,0,0,1,0,1,0,0,0,0,0,0,0,0,0,0,0,0,0,0,1,0,0,0,0,0,0,0,0,0,0,0,0,0,0,0,0,0,0,0,0,0,0,0,0,0,0,0,0,0,0,0,0,0,0,0,0,0,0,0,0,0,0,0,0,0,0,0,0,0,0,0,0,0,0,0,0,0,0,0,0,0,0,1
755,0,0,0,0,0,0,0,0,1,0,0,0,0,0,0,1,0,1,0,0,0,0,0,0,0,0,0,0,0,0,0,0,1,0,0,0,0,0,0,0,0,0,0,0,0,0,0,0,0,0,0,0,0,0,0,0,0,0,0,0,0,0,0,0,0,0,0,0,0,0,0,0,0,0,0,0,0,0,0,0,0,0,0,0,0,0,0,0,0,0,0,0,0,0,0,1
756,0,0,0,0,0,0,0,0,1,0,0,0,0,0,0,1,0,1,0,0,0,0,0,0,0,0,0,0,0,0,0,0,1,0,0,0,0,0,0,0,0,0,0,0,0,0,0,0,0,0,0,0,0,0,0,0,0,0,0,0,0,0,0,0,0,0,0,0,0,0,0,0,0,0,0,0,0,0,0,0,0,0,0,0,0,0,0,0,0,0,0,0,0,0,0,1
757,0,0,0,0,0,0,0,0,1,0,0,0,0,0,0,1,0,1,0,0,0,0,0,0,0,0,0,0,0,0,0,0,1,0,0,0,0,0,0,0,0,0,0,0,0,0,0,0,0,0,0,0,0,0,0,0,0,0,0,0,0,0,0,0,0,0,0,0,0,0,0,0,0,0,0,0,0,0,0,0,0,0,0,0,0,0,0,0,0,0,0,0,0,0,0,1
758,0,0,0,0,0,0,0,0,1,0,0,0,0,0,0,1,0,1,0,0,0,0,0,0,0,0,0,0,0,0,0,0,1,0,0,0,0,0,0,0,0,0,0,0,0,0,0,0,0,0,0,0,0,0,0,0,0,0,0,0,0,0,0,0,0,0,0,0,0,0,0,0,0,0,0,0,0,0,0,0,0,0,0,0,0,0,0,0,0,0,0,0,0,0,0,1
759,0,0,0,0,0,0,0,0,1,0,0,0,0,0,0,1,0,1,0,0,0,0,0,0,0,0,0,0,0,0,0,0,1,0,0,0,0,0,0,0,0,0,0,0,0,0,0,0,0,0,0,0,0,0,0,0,0,0,0,0,0,0,0,0,0,0,0,0,0,0,0,0,0,0,0,0,0,0,0,0,0,0,0,0,0,0,0,0,0,0,0,0,0,0,0,1
760,0,0,0,0,0,0,0,0,1,0,0,0,0,0,0,1,0,1,0,0,0,0,0,0,0,0,0,0,0,0,0,0,1,0,0,0,0,0,0,0,0,0,0,0,0,0,0,0,0,0,0,0,0,0,0,0,0,0,0,0,0,0,0,0,0,0,0,0,0,0,0,0,0,0,0,0,0,0,0,0,0,0,0,0,0,0,0,0,0,0,0,0,0,0,0,1
761,0,0,0,0,0,0,0,0,1,0,0,0,0,0,0,1,0,1,0,0,0,0,0,0,0,0,0,0,0,0,0,0,1,0,0,0,0,0,0,0,0,0,0,0,0,0,0,0,0,0,0,0,0,0,0,0,0,0,0,0,0,0,0,0,0,0,0,0,0,0,0,0,0,0,0,0,0,0,0,0,0,0,0,0,0,0,0,0,0,0,0,0,0,0,0,1
762,0,0,0,0,0,0,0,0,1,0,0,0,0,0,0,1,0,1,0,0,0,0,0,0,0,0,0,0,0,0,0,0,1,0,0,0,0,0,0,0,0,0,0,0,0,0,0,0,0,0,0,0,0,0,0,0,0,0,0,0,0,0,0,0,0,0,0,0,0,0,0,0,0,0,0,0,0,0,0,0,0,0,0,0,0,0,0,0,0,0,0,0,0,0,0,1
763,0,0,0,0,0,0,0,0,1,0,0,0,0,0,0,1,0,1,0,0,0,0,0,0,0,0,0,0,0,0,0,0,1,0,0,0,0,0,0,0,0,0,0,0,0,0,0,0,0,0,0,0,0,0,0,0,0,0,0,0,0,0,0,0,0,0,0,0,0,0,0,0,0,0,0,0,0,0,0,0,0,0,0,0,0,0,0,0,0,0,0,0,0,0,0,1
764,0,0,0,0,0,0,0,0,1,0,0,0,0,0,0,1,0,1,0,0,0,0,0,0,0,0,0,0,0,0,0,0,1,0,0,0,0,0,0,0,0,0,0,0,0,0,0,0,0,0,0,0,0,0,0,0,0,0,0,0,0,0,0,0,0,0,0,0,0,0,0,0,0,0,0,0,0,0,0,0,0,0,0,0,0,0,0,0,0,0,0,0,0,0,0,1
765,0,0,0,0,0,0,0,0,1,0,0,0,0,0,0,1,0,1,0,0,0,0,0,0,0,0,0,0,0,0,0,0,1,0,0,0,0,0,0,0,0,0,0,0,0,0,0,0,0,0,0,0,0,0,0,0,0,0,0,0,0,0,0,0,0,0,0,0,0,0,0,0,0,0,0,0,0,0,0,0,0,0,0,0,0,0,0,0,0,0,0,0,0,0,0,1
766,0,0,0,0,0,0,0,0,1,0,0,0,0,0,0,1,0,1,0,0,0,0,0,0,0,0,0,0,0,0,0,0,1,0,0,0,0,0,0,0,0,0,0,0,0,0,0,0,0,0,0,0,0,0,0,0,0,0,0,0,0,0,0,0,0,0,0,0,0,0,0,0,0,0,0,0,0,0,0,0,0,0,0,0,0,0,0,0,0,0,0,0,0,0,0,1
767,0,0,0,0,0,0,0,0,1,0,0,0,0,0,0,1,0,1,0,0,0,0,0,0,0,0,0,0,0,0,0,0,1,0,0,0,0,0,0,0,0,0,0,0,0,0,0,0,0,0,0,0,0,0,0,0,0,0,0,0,0,0,0,0,0,0,0,0,0,0,0,0,0,0,0,0,0,0,0,0,0,0,0,0,0,0,0,0,0,0,0,0,0,0,0,1
768,0,0,0,0,0,0,0,0,1,0,0,0,0,0,0,1,0,1,0,0,0,0,0,0,0,0,0,0,0,0,0,0,1,0,0,0,0,0,0,0,0,0,0,0,0,0,0,0,0,0,0,0,0,0,0,0,0,0,0,0,0,0,0,0,0,0,0,0,0,0,0,0,0,0,0,0,0,0,0,0,0,0,0,0,0,0,0,0,0,0,0,0,0,0,0,1
769,0,0,0,0,0,0,0,0,1,0,0,0,0,0,0,1,0,1,0,0,0,0,0,0,0,0,0,0,0,0,0,0,1,0,0,0,0,0,0,0,0,0,0,0,0,0,0,0,0,0,0,0,0,0,0,0,0,0,0,1,0,0,0,0,0,0,0,0,0,0,0,0,0,0,0,0,0,0,0,0,0,0,0,0,0,0,0,0,0,0,0,0,0,0,0,1
770,0,0,0,0,0,0,0,0,1,0,0,0,0,0,0,1,0,1,0,0,0,0,0,0,0,0,0,0,0,0,0,0,1,0,0,0,0,0,0,0,0,0,0,0,0,0,0,0,0,0,0,0,0,0,0,0,0,0,0,1,0,0,0,0,0,0,0,0,0,0,0,0,0,0,0,0,0,0,0,0,0,0,0,0,0,0,0,0,0,0,0,0,0,0,0,1
771,0,0,0,0,0,0,0,0,1,0,0,0,0,0,1,1,0,1,0,0,0,0,0,0,0,0,0,0,0,0,0,0,1,0,0,0,0,0,0,0,0,0,0,0,0,0,0,0,0,0,0,0,0,0,0,0,0,0,0,1,0,0,0,0,0,0,0,0,0,0,0,0,0,0,0,0,0,0,0,0,0,0,0,0,0,0,0,0,0,0,0,0,0,0,0,1
772,0,0,0,0,0,0,0,0,1,0,0,0,0,0,1,1,0,1,0,0,0,0,0,0,0,0,0,0,0,0,0,0,1,0,0,0,0,0,0,0,0,0,0,0,0,0,0,0,0,0,0,0,0,0,0,0,0,0,0,1,0,0,0,0,0,0,0,0,0,0,0,0,0,0,0,0,0,0,0,0,0,0,0,0,0,0,0,0,0,0,0,0,0,0,0,1
773,0,0,0,0,0,0,0,0,1,0,0,0,0,0,1,1,0,1,0,0,0,0,0,0,0,0,0,0,0,0,0,0,1,0,0,0,0,0,0,0,0,0,0,0,0,0,0,0,0,0,0,0,0,0,0,0,0,0,0,1,0,0,0,0,0,0,0,0,0,0,0,0,0,0,0,0,0,0,0,0,0,0,0,0,0,0,0,0,0,0,0,0,0,0,0,1
774,0,0,0,0,0,0,0,0,1,0,0,0,0,0,1,1,0,1,0,0,0,0,0,0,0,0,0,0,0,0,0,0,1,0,0,0,0,0,0,0,0,0,0,0,0,0,0,0,0,0,0,0,0,0,0,0,0,0,0,1,0,0,0,0,0,0,0,0,0,0,0,0,0,0,0,0,0,0,0,0,0,0,0,0,0,0,0,0,0,0,0,0,0,0,0,1
775,0,0,0,0,0,0,0,0,1,0,0,0,0,0,1,1,0,1,0,0,0,0,0,0,0,0,0,0,0,0,0,0,1,0,0,0,0,0,0,0,0,0,0,0,0,0,0,0,0,0,0,0,0,0,0,0,0,0,0,1,0,0,0,0,0,0,0,0,0,0,0,0,0,0,0,0,0,0,0,0,0,0,0,0,0,0,0,0,0,0,0,0,0,0,0,1
776,0,0,0,0,0,0,0,0,1,0,0,0,0,0,1,1,0,1,0,0,0,0,0,0,0,0,0,0,0,0,0,0,1,0,0,0,0,0,0,0,0,0,0,0,0,0,0,0,0,0,0,0,0,0,0,0,0,0,0,1,0,0,0,0,0,0,0,0,0,0,0,0,0,0,0,0,0,0,0,0,0,0,0,0,0,0,0,0,0,0,0,0,0,0,0,1
777,0,0,0,0,0,0,0,0,1,0,0,0,0,0,1,1,0,1,0,0,0,0,0,0,0,0,0,0,0,0,0,0,1,0,0,0,0,0,0,0,0,0,0,0,0,0,0,0,0,0,0,0,0,0,0,0,0,0,1,1,0,0,0,0,0,0,0,0,0,0,0,0,0,0,0,0,0,0,0,0,0,0,0,0,0,0,0,0,0,0,0,0,0,0,0,1
778,0,0,0,0,0,0,0,0,1,0,0,0,0,0,1,1,0,1,0,0,0,0,0,0,0,0,0,0,0,0,0,0,1,0,0,0,0,0,0,0,0,0,0,0,0,0,0,0,0,0,0,0,0,0,0,0,0,0,1,1,0,0,0,0,0,0,0,0,0,0,0,0,0,0,0,0,0,0,0,0,0,0,0,0,0,0,0,0,0,0,0,0,0,0,0,1
779,0,0,0,0,0,0,0,0,1,0,0,0,0,0,1,1,0,1,0,0,0,0,0,0,0,0,0,0,0,0,0,0,1,0,0,0,0,0,0,0,0,0,0,0,0,0,0,0,0,0,0,0,0,0,0,0,0,0,1,1,0,0,0,0,0,0,0,0,0,0,0,0,0,0,0,0,0,0,0,0,0,0,0,0,0,0,0,0,0,0,0,0,0,0,0,1
780,0,0,0,0,0,0,0,0,1,0,0,0,0,0,1,1,0,1,0,0,0,0,0,0,0,0,0,0,0,0,0,0,1,0,0,0,0,0,0,0,0,0,0,0,0,0,0,0,0,0,0,0,0,0,0,0,0,0,1,1,0,0,0,0,0,0,0,0,0,0,0,0,0,0,0,0,0,0,0,0,0,0,0,0,0,0,0,0,0,0,0,0,0,0,0,1
781,0,0,0,0,0,0,0,0,1,0,0,0,0,0,1,1,0,1,0,0,0,0,0,0,0,0,0,0,0,0,0,0,1,0,0,0,0,0,0,0,0,0,0,0,0,0,0,0,0,0,0,0,0,0,0,0,0,0,1,1,0,0,0,0,0,0,0,0,0,0,0,0,0,0,0,0,0,0,0,0,0,0,0,0,0,0,0,0,0,0,0,0,0,0,0,1
782,0,0,0,0,0,0,0,0,1,0,0,0,0,0,1,1,0,1,0,0,0,0,0,0,0,0,0,0,0,0,0,0,1,0,0,0,0,0,0,0,0,0,0,0,0,0,0,0,0,0,0,0,0,0,0,0,0,0,1,1,0,0,0,0,0,0,0,0,0,0,0,0,0,0,0,0,0,0,0,0,0,0,0,0,0,0,0,0,0,0,0,0,0,0,0,1
783,0,0,0,0,0,0,0,0,1,0,0,0,0,0,1,1,0,1,0,0,0,0,0,0,0,0,0,0,0,0,0,0,1,0,0,0,0,0,0,0,0,0,0,0,0,0,0,0,0,0,0,0,0,0,0,0,0,0,1,1,0,0,0,0,0,0,0,0,0,0,0,0,0,0,0,0,0,0,0,0,0,0,0,0,0,0,0,0,0,0,0,0,0,0,0,1
784,0,0,0,0,0,0,0,0,1,0,0,0,0,0,1,1,0,1,0,0,0,0,0,0,0,0,0,0,0,0,0,0,1,0,0,0,0,0,0,0,0,0,0,0,0,0,0,0,0,0,0,0,0,0,0,0,0,0,1,1,0,0,0,0,0,0,0,0,0,0,0,0,0,0,0,0,0,0,0,0,0,0,0,0,0,0,0,0,0,0,0,0,0,0,0,1
785,0,0,0,0,0,0,0,0,1,0,0,0,0,0,1,1,0,1,0,0,0,0,0,0,0,0,0,0,0,0,0,0,1,0,0,0,0,0,0,0,0,0,0,0,0,0,0,0,0,0,0,0,0,0,0,0,0,0,1,1,0,0,0,0,0,0,0,0,0,0,0,0,0,0,0,0,0,0,0,0,0,0,0,0,0,0,0,0,0,0,0,0,0,0,0,1
786,0,0,0,0,0,0,0,0,1,0,0,0,0,0,1,1,0,1,0,0,0,0,0,0,0,0,0,0,0,0,0,0,1,0,0,0,0,0,0,0,0,0,0,0,0,0,0,0,0,0,0,0,0,0,0,0,0,0,1,1,0,0,0,0,0,0,0,0,0,0,0,0,0,0,0,0,0,0,0,0,0,0,0,0,0,0,0,0,0,0,0,0,0,0,0,1
787,0,0,0,0,0,0,0,0,1,0,0,0,0,0,1,1,0,1,0,0,0,0,0,0,0,0,0,0,0,0,0,0,1,0,0,0,0,0,0,0,0,0,0,0,0,0,0,0,0,0,0,0,0,0,0,0,1,0,1,1,0,0,0,0,0,0,0,0,0,0,0,0,0,0,0,0,0,0,0,0,0,0,0,0,0,0,0,0,0,0,0,0,0,0,0,1
788,0,0,0,0,0,0,0,0,1,0,0,0,0,0,1,1,0,1,0,0,0,0,0,0,0,0,0,0,0,0,0,0,1,0,0,0,0,0,0,0,0,0,0,0,0,0,0,0,0,0,0,0,0,0,0,0,1,0,1,1,0,0,0,0,0,0,0,0,0,0,0,0,0,0,0,0,0,0,0,0,0,0,0,0,0,0,0,0,0,0,0,0,0,0,0,1
789,0,0,0,0,0,0,0,0,1,0,0,0,0,0,1,1,0,1,0,0,0,0,0,0,0,0,0,0,0,0,0,0,1,0,0,0,0,0,0,0,0,0,0,0,0,0,0,0,0,0,0,0,0,0,0,0,1,0,1,1,0,0,0,0,0,0,0,0,0,0,0,0,0,0,0,0,0,0,0,0,0,0,0,0,0,0,0,0,0,0,0,0,0,0,0,1
790,0,0,0,0,0,0,0,0,1,0,0,0,0,0,1,1,0,1,0,0,0,0,0,0,0,0,0,0,0,0,0,0,1,0,0,0,0,0,0,0,0,0,0,0,0,0,0,0,0,0,0,0,0,0,0,0,1,0,1,1,0,0,0,0,0,0,0,0,0,0,0,0,0,0,0,0,0,0,0,0,0,0,0,0,0,0,0,0,0,0,0,0,0,0,0,1
791,0,0,0,0,0,0,0,0,1,0,0,0,0,0,1,1,0,1,0,0,0,0,0,0,0,0,0,0,0,0,0,0,1,0,0,0,0,0,0,0,0,0,0,0,0,0,0,0,0,0,0,0,0,0,0,0,1,0,1,1,0,0,0,0,0,0,0,0,0,0,0,0,0,0,0,0,0,0,0,0,0,0,0,0,0,0,0,0,0,0,0,0,0,0,0,1
792,0,0,0,0,0,0,0,0,1,0,0,0,0,0,1,1,0,1,0,0,0,0,0,0,0,0,0,0,0,0,0,0,1,0,0,0,0,0,0,0,0,0,0,0,0,0,0,0,0,0,0,0,0,0,0,0,1,0,1,1,0,0,0,0,0,0,0,0,0,0,0,0,0,0,0,0,0,0,0,0,0,0,0,0,0,0,0,0,0,0,0,0,0,0,0,1
793,0,0,0,0,0,0,0,0,1,0,0,0,0,0,1,1,0,1,0,0,0,0,0,0,0,0,0,0,0,0,0,0,1,0,0,0,0,0,0,0,0,0,0,0,0,0,0,0,0,0,0,0,0,0,0,0,1,0,1,1,0,0,0,0,0,0,0,0,0,0,0,0,0,0,0,0,0,0,0,0,0,0,0,0,0,0,0,0,0,0,0,0,0,0,0,1
794,0,0,0,0,0,0,0,0,1,0,0,0,0,0,1,1,0,1,0,0,0,0,0,0,0,0,0,0,0,0,0,0,1,0,0,0,0,0,0,0,0,0,0,0,0,0,0,0,0,0,0,0,0,0,0,0,1,0,1,1,0,0,0,0,0,0,0,0,0,0,0,0,0,0,0,0,0,0,0,0,0,0,0,0,0,0,0,0,0,0,0,0,0,0,0,1
795,0,0,0,0,0,0,0,0,1,0,0,0,0,0,1,1,0,1,0,0,0,0,0,0,0,0,0,0,0,0,0,0,1,0,0,0,0,1,0,0,0,0,0,0,0,0,0,0,0,0,0,0,0,0,0,0,1,0,1,1,0,0,0,0,0,0,0,0,0,0,0,0,0,0,0,0,0,0,0,0,0,0,0,0,0,0,0,0,0,0,0,0,0,0,0,1
796,0,0,0,0,0,0,0,0,1,0,0,0,0,0,1,1,0,1,0,0,0,0,0,0,0,0,0,0,0,0,0,0,1,0,0,0,0,1,0,0,0,0,0,0,0,0,0,0,0,0,0,0,0,0,0,0,1,0,1,1,0,0,0,0,0,0,0,0,0,0,0,0,0,0,0,0,0,0,0,0,0,0,0,0,0,0,0,0,0,0,1,0,0,0,0,1
797,0,0,0,0,0,0,0,0,1,0,0,0,0,0,1,1,0,1,0,0,0,0,0,0,0,0,0,0,0,0,0,0,1,0,0,0,0,1,0,0,0,0,0,0,0,0,0,0,0,0,0,0,0,0,0,0,1,0,1,1,0,0,0,0,0,0,0,0,0,0,0,0,0,0,0,0,0,0,0,0,0,0,0,0,0,0,0,0,0,0,1,0,0,0,0,1
798,0,0,0,0,0,0,0,0,1,0,0,0,0,0,1,1,0,1,0,0,0,0,0,0,0,0,0,0,0,0,0,0,1,0,0,0,0,1,0,0,0,0,0,0,0,0,0,0,0,0,0,0,0,0,0,0,1,0,1,1,0,0,0,0,0,0,0,0,0,0,0,0,0,0,0,0,0,0,0,0,0,0,0,0,0,0,0,0,0,0,1,0,0,0,0,1
799,0,0,0,0,0,0,0,0,1,0,0,0,0,0,1,1,0,1,0,0,0,0,0,0,0,0,0,0,0,0,0,0,1,0,0,0,0,1,0,0,0,0,0,0,0,0,0,0,0,0,0,0,0,0,0,0,1,0,1,1,0,0,0,0,0,0,0,0,0,0,0,0,0,0,0,0,0,0,0,0,0,0,0,0,0,0,0,0,0,0,1,0,0,0,0,1
800,0,0,0,0,0,0,0,0,1,0,0,0,0,0,1,1,0,1,0,0,0,0,0,0,0,0,0,0,0,0,0,0,1,0,0,0,0,1,0,0,0,0,0,0,0,0,0,0,0,0,0,0,0,0,0,0,1,0,1,1,0,0,0,0,0,0,0,0,0,0,0,0,0,0,0,0,0,0,0,0,0,0,0,0,0,0,0,0,0,0,1,0,0,0,0,1
801,0,0,0,0,0,0,0,0,1,0,0,0,0,0,1,1,0,1,0,0,0,0,0,0,0,0,0,0,0,0,0,0,1,0,0,0,0,1,0,0,0,0,0,0,0,0,0,0,0,0,0,0,0,0,0,0,1,0,1,1,0,0,0,0,0,0,0,0,0,0,0,0,0,0,0,0,0,0,0,0,0,0,0,0,0,0,0,0,0,0,1,0,0,0,0,1
802,0,0,0,0,0,0,0,0,1,0,0,0,0,0,1,1,0,1,0,0,0,0,0,0,0,0,0,0,0,0,0,0,1,0,0,0,0,1,0,0,0,0,0,0,0,0,0,0,0,0,0,0,0,0,0,0,1,0,1,1,0,0,0,0,0,0,0,0,0,0,0,0,0,0,0,0,0,0,0,0,0,0,0,0,0,0,0,0,0,0,1,0,0,0,0,1
803,0,0,0,0,0,0,0,0,1,0,0,0,0,0,1,1,0,1,0,0,0,0,0,0,0,0,0,0,0,0,0,0,1,0,0,0,0,1,0,0,0,0,0,0,0,0,0,0,0,0,0,0,0,0,0,0,1,0,1,1,0,0,0,0,0,0,0,0,0,0,0,0,0,0,0,0,0,0,0,0,0,0,0,0,0,0,0,0,0,0,1,0,0,0,0,1
804,0,0,0,0,0,0,0,0,1,0,0,0,0,0,1,1,0,1,0,0,0,0,0,0,0,0,0,0,0,0,0,0,1,0,0,0,0,1,0,0,0,0,0,0,0,0,0,0,0,0,0,0,0,0,0,0,1,0,1,1,0,0,0,0,0,0,0,0,0,0,0,0,0,0,0,0,0,0,0,0,0,0,0,0,0,0,0,0,0,0,1,0,0,0,0,1
805,0,0,0,0,0,0,0,0,1,0,0,0,0,0,1,1,0,1,0,0,0,0,0,0,0,0,0,0,0,0,0,0,1,0,0,0,0,1,0,0,0,0,0,0,0,0,0,0,0,0,0,0,0,0,0,0,1,0,1,1,0,0,0,0,0,0,0,0,0,0,0,0,0,0,0,0,0,0,0,0,0,0,0,0,0,0,0,0,0,0,1,0,0,0,0,1
806,0,0,0,0,0,0,0,0,1,0,0,0,0,0,1,1,0,1,0,0,0,0,0,0,0,0,0,0,0,0,0,0,1,0,0,0,0,1,0,0,0,0,0,0,0,0,0,0,0,0,0,0,0,0,0,0,1,0,1,1,0,0,0,0,0,0,0,0,0,0,0,0,0,0,0,0,0,0,0,0,0,0,0,0,0,0,0,0,0,0,1,0,0,0,0,1
807,0,0,0,0,0,0,0,0,1,0,0,0,0,0,1,1,0,1,0,0,0,0,0,0,0,0,0,0,0,0,0,0,1,0,0,0,0,1,0,0,0,0,0,0,0,0,0,0,0,0,0,0,0,0,0,0,1,0,1,1,0,0,0,0,0,0,0,0,0,0,0,0,0,0,0,0,0,0,0,0,0,0,0,0,0,0,0,0,0,0,1,0,0,0,0,1
808,0,0,0,0,0,0,0,0,1,0,0,0,0,0,1,1,0,1,0,0,0,0,0,0,0,0,0,0,0,0,0,0,1,0,0,0,0,1,0,0,0,0,0,0,0,0,0,0,0,0,0,0,0,0,0,0,1,0,1,1,0,0,0,0,0,0,0,0,0,0,0,0,0,0,0,0,0,0,0,0,0,0,0,0,0,0,0,0,0,0,1,0,0,0,0,1
809,0,0,0,0,0,0,0,0,1,0,0,0,0,0,1,1,0,1,0,0,0,0,0,0,0,0,0,0,0,0,0,0,1,0,0,0,0,1,0,0,0,0,0,0,0,0,0,0,0,0,0,0,0,0,0,0,1,0,1,1,0,0,0,0,0,0,0,0,0,0,0,0,0,0,0,0,0,0,0,0,0,0,0,0,0,0,0,0,0,0,1,0,0,0,0,1
810,0,0,0,0,0,0,0,0,1,0,0,0,0,0,1,1,0,1,0,0,0,0,0,0,0,0,0,0,0,0,0,0,1,0,0,0,0,1,0,0,0,0,0,0,0,0,0,0,0,0,0,0,0,0,0,0,1,0,1,1,0,0,0,0,0,0,0,0,0,0,0,0,0,0,0,0,0,0,0,0,0,0,0,0,0,0,0,0,0,0,1,0,0,0,0,1
811,0,0,0,0,0,0,0,0,1,0,0,0,0,0,1,1,0,1,0,0,0,0,0,0,0,0,0,0,0,0,0,0,1,0,0,0,0,1,0,0,0,0,0,0,0,0,0,0,0,0,0,0,0,0,0,0,1,0,1,1,0,0,0,0,0,0,0,0,0,0,0,0,0,0,0,0,0,0,0,0,0,0,0,0,0,0,0,0,0,0,1,0,0,0,0,1
812,0,0,0,0,0,0,0,0,1,0,0,0,0,0,1,1,0,1,0,0,0,0,0,0,0,0,0,0,0,0,0,0,1,0,0,0,0,1,0,0,0,0,0,0,0,0,0,0,0,0,0,0,0,0,0,0,1,0,1,1,0,0,0,0,0,0,0,0,0,0,0,0,0,0,0,0,0,0,0,0,0,0,0,0,0,0,0,0,0,0,1,0,0,0,0,1
813,0,0,0,0,0,0,0,0,1,0,0,0,0,0,1,1,0,1,0,0,0,0,0,0,0,0,0,0,0,0,0,0,1,0,0,0,0,1,0,0,0,0,0,0,0,0,0,0,0,0,0,0,0,0,0,0,1,0,1,1,0,0,0,0,0,0,0,0,0,0,0,0,0,0,0,0,0,0,0,0,0,0,0,0,0,0,0,0,0,0,1,0,0,0,0,1
814,0,0,0,0,0,0,0,0,1,0,0,0,0,0,1,1,0,1,0,0,0,0,0,0,0,0,0,0,0,0,0,0,1,0,0,0,0,1,0,0,0,0,0,0,0,0,0,0,0,0,0,0,0,0,0,0,1,0,1,1,0,0,0,0,0,0,0,0,0,0,0,0,0,0,0,0,0,0,0,0,0,0,0,0,0,0,0,0,0,0,1,0,0,0,0,1
815,0,0,0,0,0,0,0,0,1,0,0,0,0,0,1,1,0,1,0,0,0,0,0,0,0,0,0,0,0,0,0,0,1,0,0,0,0,1,0,0,0,0,0,0,0,0,0,0,0,0,0,0,0,0,0,0,1,0,1,1,0,0,0,0,0,0,0,0,0,0,0,0,0,0,0,0,0,0,0,0,0,0,0,0,0,0,0,0,0,0,1,0,0,0,0,1
816,0,0,0,0,0,0,0,0,1,0,0,0,0,0,1,1,0,1,0,0,0,0,0,0,0,0,0,0,0,0,0,0,1,0,0,0,0,1,0,0,0,0,0,0,0,0,0,0,0,0,0,0,0,0,0,0,1,0,1,1,0,0,0,0,0,0,0,0,0,0,0,0,0,0,0,0,0,0,0,0,0,0,0,0,0,0,0,0,0,0,1,0,0,0,0,1
817,0,0,0,0,0,0,0,0,1,0,0,0,0,0,1,1,0,1,0,0,0,0,0,0,0,0,0,0,0,0,0,0,1,0,0,0,0,1,0,0,0,0,0,0,0,0,0,0,0,0,0,0,0,0,0,0,1,0,1,1,0,0,0,0,0,0,0,0,0,0,0,0,0,0,0,0,0,0,0,0,0,0,0,0,0,0,0,0,0,0,1,0,0,0,0,1
818,0,0,0,0,0,0,0,0,1,0,0,0,0,0,1,1,0,1,0,0,0,0,0,0,0,0,0,0,0,0,0,0,1,0,0,0,0,1,0,0,0,0,0,0,0,0,0,0,0,0,0,0,0,0,0,0,1,0,1,1,0,0,0,0,0,0,0,0,0,0,0,0,0,0,0,0,0,0,0,0,0,0,0,0,0,0,0,0,0,0,1,0,0,0,0,1
819,0,0,0,0,0,0,0,0,1,0,0,0,0,0,1,1,0,1,0,0,0,0,0,0,0,0,0,0,0,0,0,0,1,0,0,0,0,1,0,0,0,0,0,0,0,0,0,0,0,0,0,0,0,0,0,0,1,0,1,1,0,0,1,0,0,0,0,0,0,0,0,0,0,0,0,0,0,0,0,0,0,0,0,0,0,0,0,0,0,0,1,0,0,0,0,1
820,0,0,0,0,0,0,0,0,1,0,0,0,0,0,1,1,0,1,0,0,0,0,0,0,0,0,0,0,0,0,0,0,1,0,0,0,0,1,0,1,0,0,0,0,0,0,0,0,0,0,0,0,0,0,0,0,1,0,1,1,0,0,1,0,0,0,0,0,0,0,0,0,0,0,0,0,0,0,0,0,0,0,0,0,0,0,0,0,0,0,1,0,0,0,0,1
821,0,0,0,0,0,0,0,0,1,0,0,0,0,0,1,1,0,1,0,0,0,0,0,0,0,0,0,0,0,0,0,0,1,0,0,0,0,1,0,1,0,0,0,0,0,0,0,0,0,0,0,0,0,0,0,0,1,0,1,1,0,0,1,0,0,0,0,0,0,0,0,0,0,0,0,0,0,0,0,0,0,0,0,0,0,0,0,0,0,0,1,0,0,0,0,1
822,0,0,0,0,0,0,0,0,1,0,0,0,0,0,1,1,0,1,0,0,0,0,0,0,0,0,0,0,0,0,0,0,1,0,0,0,0,1,0,1,0,0,0,0,0,0,0,0,0,0,0,0,0,0,0,0,1,0,1,1,0,0,1,0,0,0,0,0,0,0,0,0,0,0,0,0,0,0,0,0,0,0,0,0,0,0,0,0,0,0,1,0,0,0,0,1
823,0,0,0,0,0,0,0,0,1,0,0,0,0,0,1,1,0,1,0,0,0,0,0,0,0,0,0,0,0,0,0,0,1,0,0,0,0,1,0,1,0,0,0,0,0,0,0,0,0,0,0,0,0,0,0,0,1,0,1,1,0,0,1,0,0,0,0,0,0,0,0,0,0,0,0,0,0,0,0,0,0,0,0,0,0,0,0,0,0,0,1,0,0,0,0,1
824,0,0,0,0,0,0,0,0,1,0,0,0,0,0,1,1,0,1,0,0,0,0,0,0,0,0,0,0,0,0,0,0,1,0,0,0,0,1,0,1,0,0,0,0,0,0,0,0,0,0,0,0,0,0,0,0,1,0,1,1,0,0,1,0,0,0,0,0,0,0,0,0,0,0,0,0,0,0,0,0,0,0,0,0,0,0,0,0,0,0,1,0,0,0,0,1
825,0,0,0,0,0,0,0,0,1,0,0,0,0,0,1,1,0,1,0,0,0,0,0,0,0,0,0,0,0,0,0,0,1,0,0,0,0,1,0,1,0,0,0,0,0,0,0,0,0,0,0,0,0,0,0,0,1,0,1,1,0,0,1,0,0,0,0,0,0,0,0,0,0,0,0,0,0,0,0,0,0,0,0,0,0,0,0,0,0,0,1,0,0,0,0,1
826,0,0,0,0,0,0,0,0,1,0,0,0,0,0,1,1,0,1,0,0,0,0,0,0,0,0,0,0,0,0,0,0,1,0,0,0,0,1,0,1,0,0,0,0,0,0,0,0,0,0,0,0,0,0,0,0,1,0,1,1,0,0,1,0,0,0,0,0,0,0,0,0,0,0,0,0,0,0,0,0,0,0,0,0,0,0,0,0,0,0,1,0,0,0,0,1
827,0,0,0,0,0,0,0,0,1,0,0,0,0,0,1,1,0,1,0,0,0,0,0,0,0,0,0,0,0,0,0,0,1,0,0,0,0,1,0,1,0,0,0,0,0,0,0,0,0,0,0,0,0,0,0,0,1,0,1,1,0,0,1,0,0,0,0,0,0,0,0,0,0,0,0,0,0,0,0,0,0,0,0,0,0,0,0,0,0,0,1,0,0,0,0,1
828,0,0,0,0,0,0,0,0,1,0,0,0,0,0,1,1,0,1,0,0,0,0,0,0,0,0,0,0,0,0,0,0,1,0,0,0,0,1,0,1,0,0,0,0,0,0,0,0,0,0,0,0,0,0,0,0,1,0,1,1,0,0,1,0,0,0,0,0,0,0,0,0,0,0,0,0,0,0,0,0,0,0,0,0,0,0,0,0,0,0,1,0,0,0,0,1
829,0,0,0,0,0,0,0,0,1,0,0,0,0,0,1,1,0,1,0,0,0,0,0,0,0,0,0,0,0,0,0,0,1,0,0,0,0,1,0,1,0,0,0,0,0,0,0,0,0,0,0,0,0,0,0,0,1,0,1,1,0,0,1,0,0,0,0,0,0,0,0,0,0,0,0,0,0,0,0,0,0,0,0,0,0,0,0,0,0,0,1,0,0,0,0,1
830,0,0,0,0,0,0,0,0,1,0,0,0,0,0,1,1,0,1,0,0,0,0,0,0,0,0,0,0,0,0,0,0,1,0,0,0,0,1,0,1,0,0,0,0,0,0,0,0,0,0,0,0,0,0,0,0,1,0,1,1,0,0,1,0,0,0,0,0,0,0,0,0,0,0,0,0,0,0,0,0,0,0,0,0,0,0,0,0,0,0,1,0,0,0,0,1
831,0,0,0,0,0,0,0,0,1,0,0,0,0,0,1,1,0,1,0,0,0,0,0,0,0,0,0,0,0,0,0,0,1,0,0,0,0,1,0,1,0,0,0,0,0,0,0,0,0,0,0,0,0,0,0,0,1,0,1,1,0,0,1,0,0,0,0,0,0,0,0,0,0,0,0,0,0,0,0,0,0,0,0,0,0,0,0,0,0,0,1,0,0,0,0,1
832,0,0,0,0,0,0,0,0,1,0,0,0,0,0,1,1,0,1,0,0,0,0,0,0,0,0,0,0,0,0,0,0,1,0,0,0,0,1,0,1,0,0,0,0,0,0,0,0,0,0,0,0,0,0,0,0,1,0,1,1,0,0,1,0,0,0,0,0,0,0,0,0,0,0,0,0,0,0,0,0,0,0,0,0,0,0,0,0,0,0,1,0,0,0,0,1
833,0,0,0,0,0,0,0,0,1,0,0,0,0,0,1,1,0,1,0,0,0,0,0,0,0,0,0,0,0,0,0,0,1,0,0,0,0,1,0,1,0,0,0,0,0,0,0,0,0,0,0,0,0,0,0,0,1,0,1,1,0,0,1,0,0,0,0,0,0,0,0,0,0,0,0,0,0,0,0,0,0,0,0,0,0,0,0,0,0,0,1,0,0,0,0,1
834,0,0,0,0,0,0,0,0,1,0,0,0,0,0,1,1,0,1,0,0,0,0,0,0,0,0,0,0,0,0,0,0,1,0,0,0,0,1,0,1,0,0,0,0,0,0,0,0,0,0,0,0,0,0,0,0,1,0,1,1,0,0,1,0,0,0,0,0,0,0,0,0,0,0,0,0,0,0,0,0,0,0,0,0,0,0,0,0,0,0,1,0,0,0,0,1
835,0,0,0,0,0,0,0,0,1,0,0,0,0,0,1,1,0,1,0,0,0,0,0,0,0,0,0,0,0,0,0,0,1,0,0,0,0,1,0,1,0,0,0,0,0,0,0,0,0,0,0,0,0,0,0,0,1,0,1,1,0,0,1,0,0,0,0,0,0,0,0,0,0,0,0,0,0,0,0,0,0,0,0,0,0,0,0,0,0,0,1,0,0,0,0,1
836,0,0,0,0,0,0,0,0,1,0,0,0,0,0,1,1,0,1,0,0,0,0,0,0,0,0,0,0,0,0,0,0,1,0,0,0,0,1,0,1,0,0,0,0,0,0,0,0,0,0,0,0,0,0,0,0,1,0,1,1,0,0,1,0,0,0,0,0,0,0,0,0,0,0,0,0,0,0,0,0,0,0,0,0,0,0,0,0,0,0,1,0,0,0,0,1
837,0,0,0,0,0,0,0,0,1,0,0,0,0,0,1,1,0,1,0,0,0,0,0,0,0,0,0,0,0,0,0,0,1,0,0,0,0,1,0,1,0,0,0,0,0,0,0,0,0,0,0,0,0,0,0,0,1,0,1,1,0,0,2,0,0,0,0,0,0,0,0,0,0,0,0,0,0,0,0,0,0,0,0,0,0,0,0,0,0,0,1,0,0,0,0,1
838,0,0,0,0,0,0,0,0,1,0,0,0,0,0,1,1,0,1,0,0,0,0,0,0,0,0,0,0,0,0,0,0,1,0,0,0,0,1,0,1,0,0,0,0,0,0,0,0,0,0,0,0,0,0,0,0,1,0,1,1,0,0,2,0,0,0,0,0,0,0,0,0,0,0,0,0,0,0,0,0,0,0,0,0,0,0,0,0,0,0,1,0,0,0,0,1
839,0,0,0,0,0,0,0,0,1,0,0,0,0,0,1,1,0,1,0,0,0,0,0,0,0,0,0,0,0,0,0,0,1,0,0,0,0,1,0,1,0,0,0,0,0,0,0,0,0,0,0,0,0,0,0,0,1,0,1,1,0,0,2,0,0,0,0,0,0,0,0,0,0,0,0,0,0,0,0,0,0,0,0,0,0,0,0,0,0,0,1,0,0,0,0,1
840,0,0,0,0,0,0,0,0,1,0,0,0,0,0,1,1,0,1,0,0,0,0,0,0,0,0,0,0,0,0,0,0,1,0,0,0,0,1,0,1,0,0,0,0,0,0,0,0,0,0,0,0,0,0,0,0,1,0,1,1,0,0,2,0,0,0,0,0,0,0,0,0,0,0,0,0,0,0,0,0,0,0,0,0,0,0,0,0,0,0,1,0,0,0,0,1
841,0,0,0,0,0,0,0,0,1,0,0,0,0,0,1,1,0,1,0,0,0,0,0,0,0,0,0,0,0,0,0,0,1,0,0,0,0,1,0,1,0,0,0,0,0,0,0,0,0,0,0,0,0,0,0,0,1,0,1,1,0,0,2,0,0,0,0,0,0,0,0,0,0,0,0,0,0,0,0,0,0,0,0,0,0,0,0,0,0,0,1,0,0,0,0,1
842,0,0,0,0,0,0,0,0,1,0,0,0,0,0,1,1,0,1,0,0,0,0,0,0,0,0,0,0,0,0,0,0,1,0,0,0,0,1,0,1,0,0,0,0,0,0,0,0,0,0,0,0,0,0,0,0,1,0,1,1,0,0,2,0,0,0,0,0,0,0,0,0,0,0,0,0,0,0,0,0,0,0,0,0,0,0,0,0,0,0,1,0,0,0,0,1
843,0,0,0,0,0,0,0,0,1,0,0,0,0,0,1,1,0,1,0,0,0,0,0,0,0,0,0,0,0,0,0,0,1,0,0,0,0,1,0,1,0,0,0,0,0,0,0,0,0,0,0,0,0,0,0,0,1,0,1,1,0,0,2,0,0,0,0,0,0,0,0,0,0,0,0,0,0,0,0,0,0,0,0,0,0,0,0,0,0,0,1,0,0,0,0,1
844,0,0,0,0,0,0,0,0,1,0,0,0,0,0,1,1,0,1,0,0,0,0,0,0,0,0,0,0,0,0,0,0,1,0,0,0,0,1,0,1,0,0,0,0,0,0,0,0,0,0,0,0,0,0,0,0,1,0,1,1,0,0,2,0,0,0,0,0,0,0,0,0,0,0,0,0,0,0,0,0,0,0,0,0,0,0,0,0,0,0,1,0,0,0,0,1
845,0,0,0,0,0,0,0,0,1,0,0,0,0,0,1,1,0,1,0,0,0,0,0,0,0,0,0,0,0,0,0,0,1,0,0,0,0,1,0,1,0,0,0,0,0,0,0,0,0,0,0,0,0,0,0,0,1,0,1,1,0,0,2,0,0,0,0,0,0,0,0,0,0,0,0,0,0,0,0,0,0,0,0,0,0,0,0,0,0,0,1,0,0,0,0,1
846,0,0,0,0,0,0,0,0,1,0,0,0,0,0,1,1,0,1,0,0,0,0,0,0,0,0,0,0,0,0,0,0,1,0,0,0,0,1,0,1,0,0,0,0,0,0,0,0,0,0,0,0,0,0,0,0,1,0,1,1,0,0,2,0,0,0,0,0,0,0,0,0,0,0,0,0,0,0,0,0,0,0,0,0,0,0,0,0,0,0,1,0,0,0,0,1
847,0,0,0,0,0,0,0,0,1,0,0,0,0,0,1,1,0,1,0,0,0,0,0,0,0,0,0,0,0,0,0,0,1,0,0,0,0,1,0,1,0,0,0,0,0,0,0,0,0,0,0,0,0,0,0,0,1,0,1,1,0,0,2,0,0,0,0,0,0,0,0,0,0,0,0,0,0,0,0,0,0,0,0,0,0,0,0,0,0,0,1,0,0,0,0,1
848,0,0,0,0,0,0,0,0,1,0,0,0,0,0,1,1,0,1,0,0,0,0,0,0,0,0,0,0,0,0,0,0,1,0,0,0,0,1,0,1,0,0,0,0,0,0,0,0,0,0,0,0,0,0,0,0,1,0,1,1,0,0,2,0,0,0,0,0,0,0,0,0,0,0,0,0,0,0,0,0,0,0,0,0,0,0,0,0,0,0,1,0,0,0,0,1
849,0,0,0,0,0,0,0,0,1,0,0,0,0,0,1,1,0,1,0,0,0,0,0,0,0,0,0,0,0,0,0,0,1,0,0,0,0,1,0,1,0,0,0,0,0,0,0,0,0,0,0,0,0,0,0,0,1,0,1,1,0,0,2,0,0,0,0,0,0,0,0,0,0,0,0,0,0,0,0,0,0,0,0,0,0,0,0,0,0,0,1,0,0,0,0,1
850,0,0,0,0,0,0,0,0,1,0,0,0,0,0,1,1,0,1,0,0,0,0,0,0,0,0,0,0,0,0,0,0,1,0,0,0,0,1,0,1,0,0,0,0,0,0,0,0,0,0,0,0,0,0,0,0,1,0,1,1,0,0,2,0,0,0,0,0,0,0,0,0,0,0,0,0,0,0,0,0,0,0,0,0,0,0,0,0,0,0,1,0,0,0,0,1
851,0,0,0,0,0,0,0,0,1,0,0,0,0,0,1,1,0,1,0,0,0,0,0,0,0,0,0,0,0,0,0,0,1,0,0,0,0,1,0,1,0,0,0,0,0,0,0,0,0,0,0,0,0,0,0,0,1,0,1,1,0,0,2,0,0,0,0,0,0,0,0,0,0,0,0,0,0,0,0,0,0,0,0,0,0,0,0,0,0,0,1,0,0,0,0,1
852,0,0,0,0,0,0,0,0,1,0,0,0,0,0,1,1,0,1,0,0,0,0,0,0,0,0,0,0,0,0,0,0,1,0,0,0,0,1,0,1,0,0,0,0,0,0,0,0,0,0,0,0,0,0,0,0,1,0,1,1,0,0,2,0,0,0,0,0,0,0,0,0,0,0,0,0,0,0,0,0,0,0,0,0,0,0,0,0,0,0,1,0,0,0,0,1
853,0,0,0,0,0,0,0,0,1,0,0,0,0,0,1,1,0,1,0,0,0,0,0,0,0,0,0,0,0,0,0,0,1,0,0,0,0,1,0,1,0,0,0,0,0,0,0,0,0,0,0,0,0,0,0,0,1,0,1,1,0,0,2,0,0,0,0,0,0,0,0,0,0,0,0,0,0,0,0,0,0,0,0,0,0,0,0,0,0,0,1,0,0,0,0,1
854,0,0,0,0,0,0,0,0,1,0,0,0,0,0,1,1,0,1,0,0,0,0,0,0,0,0,0,0,0,0,0,0,1,0,0,0,0,1,0,1,0,0,0,0,0,0,0,0,0,0,0,0,0,0,0,0,1,0,1,1,0,0,2,0,0,0,0,0,0,0,0,0,0,0,0,0,0,0,0,0,0,0,0,0,0,0,0,0,0,0,1,0,0,0,0,1
855,0,0,0,0,0,0,0,0,1,0,0,0,0,0,1,1,0,1,0,0,0,0,0,0,0,0,0,0,0,0,0,0,1,0,0,0,0,1,0,1,0,0,0,0,0,0,0,0,0,0,0,0,0,0,0,0,1,0,1,1,0,0,2,0,0,0,0,0,0,0,0,0,0,0,0,0,0,0,0,0,0,0,0,0,0,0,0,0,0,0,1,0,0,0,0,1
856,0,0,0,0,0,0,0,0,1,0,0,0,0,0,1,1,0,1,0,0,0,0,0,0,0,0,0,0,0,0,0,0,1,0,0,0,0,1,0,1,0,0,0,0,0,0,0,0,0,0,0,0,0,0,0,0,1,0,1,1,0,0,2,0,0,0,0,0,0,0,0,0,0,0,0,0,0,0,0,0,0,0,0,0,0,0,0,0,0,0,1,0,0,0,0,1
857,0,0,0,0,0,0,0,0,1,0,0,0,0,0,1,1,0,1,0,0,0,0,0,0,0,0,0,0,0,0,0,0,1,0,0,0,0,1,0,1,0,0,0,0,0,0,0,0,0,0,0,0,0,0,0,0,1,0,1,1,0,0,2,0,0,0,0,0,0,0,0,0,0,0,0,0,0,0,0,0,0,0,0,0,0,0,0,0,0,0,1,0,0,0,0,1
858,0,0,0,0,0,0,0,0,1,0,0,0,0,0,1,1,0,1,0,0,0,0,0,0,0,0,0,0,0,0,0,0,1,0,0,0,0,1,0,1,0,0,0,0,0,0,0,0,0,0,0,0,0,0,0,0,1,0,1,1,0,0,2,0,0,0,0,0,0,0,0,0,0,0,0,0,0,0,0,0,0,0,0,0,0,0,0,0,0,0,1,0,0,0,0,1
859,0,0,0,0,0,0,0,0,1,0,0,0,0,0,1,1,0,1,0,0,0,0,0,0,0,0,0,0,0,0,0,0,1,0,0,0,0,1,0,1,0,0,0,0,0,0,0,0,0,0,0,0,0,0,0,0,1,0,1,1,0,0,2,0,0,0,0,0,0,0,0,0,0,0,0,0,0,0,0,0,0,0,0,0,0,0,0,0,0,0,1,0,0,0,0,1
860,0,0,0,0,0,0,0,0,1,0,0,0,0,0,1,1,0,1,0,0,0,0,0,0,0,0,0,0,0,0,0,0,1,0,0,0,0,1,0,1,0,0,0,0,0,0,0,0,1,0,0,0,0,0,0,0,1,0,1,1,0,0,2,0,0,0,0,0,0,0,0,0,0,0,0,0,0,0,0,0,0,0,0,0,0,0,0,0,0,0,1,0,0,0,0,1
861,0,0,0,0,0,0,0,0,1,0,0,0,0,0,1,1,0,1,0,0,0,0,0,0,0,0,0,0,0,0,0,0,1,0,0,0,0,1,0,1,0,0,0,0,0,0,0,0,1,0,0,0,0,0,0,0,1,0,1,1,0,0,2,0,0,0,0,0,0,0,0,0,0,0,0,0,0,0,0,0,0,0,0,0,0,0,0,0,0,0,1,0,0,0,0,1
862,0,0,0,0,0,0,0,0,1,0,0,0,0,0,1,1,0,1,0,0,0,0,0,0,0,0,0,0,0,0,0,0,1,0,0,0,0,1,0,1,0,0,0,0,0,0,0,0,1,0,0,0,0,0,0,0,1,0,1,1,0,0,2,0,0,0,0,0,0,0,0,0,0,0,0,0,0,0,0,0,0,0,0,0,0,0,0,0,0,0,1,0,0,0,0,1
863,0,0,0,0,0,0,0,0,1,0,0,0,0,0,1,1,0,1,0,0,0,0,0,0,0,0,0,0,0,0,0,0,1,0,0,0,0,1,0,1,0,0,0,0,0,0,0,0,1,0,0,0,0,0,0,0,1,0,1,1,0,0,2,0,0,0,0,0,0,0,0,0,0,0,0,0,0,0,0,0,0,0,0,0,0,0,0,0,0,0,1,0,0,0,0,1
864,0,0,0,0,0,0,0,0,1,0,0,0,0,0,1,1,0,1,0,0,0,0,0,0,0,0,0,0,0,0,0,0,1,0,0,0,0,1,0,1,0,0,0,0,0,0,0,0,1,0,0,0,0,0,0,0,1,0,1,1,0,0,2,0,0,0,0,0,0,0,0,0,0,0,0,0,0,0,0,0,0,0,0,0,0,0,0,0,0,0,1,0,0,0,0,1
865,0,0,0,0,0,0,0,0,1,0,0,0,0,0,1,1,0,1,0,0,0,0,0,0,0,0,0,0,0,0,0,0,1,0,0,0,0,1,0,1,0,0,0,0,0,0,0,0,1,0,0,0,0,0,0,0,1,0,1,1,0,0,2,0,0,0,0,0,0,0,0,0,0,0,0,0,0,0,0,0,0,0,0,0,0,0,0,0,0,0,1,0,0,0,0,1
866,0,0,0,0,0,0,0,0,1,0,0,0,0,0,1,1,0,1,0,0,0,0,0,0,0,0,0,0,0,0,0,0,1,0,0,0,0,1,0,1,0,0,0,0,0,0,0,0,1,0,0,0,0,0,0,0,1,0,1,1,0,0,2,0,0,0,0,0,0,0,0,0,0,0,0,0,0,0,0,0,0,0,0,0,0,0,0,0,0,0,1,0,0,0,0,1
867,0,0,0,0,0,0,0,0,1,0,0,0,0,0,1,1,0,1,0,0,0,0,0,0,0,0,0,0,0,0,0,0,1,0,0,0,0,1,0,1,0,0,0,0,0,0,0,0,1,0,0,0,0,0,0,0,1,0,1,1,0,0,2,0,0,0,0,0,0,0,0,0,0,0,0,0,0,0,0,0,0,0,0,0,0,0,0,0,0,0,1,0,0,0,0,1
868,0,0,0,0,0,0,0,0,1,0,0,0,0,0,1,1,0,1,0,0,0,0,0,0,0,0,0,0,0,0,0,0,1,0,0,0,0,1,0,1,0,0,0,0,0,0,0,0,1,0,0,0,0,0,0,0,1,0,1,1,0,0,2,0,0,0,0,0,0,0,0,0,0,0,0,0,0,0,0,0,0,0,0,0,0,0,0,0,0,0,1,0,0,0,0,1
869,0,0,0,0,0,0,0,0,1,0,0,0,0,0,1,1,0,1,0,0,0,0,0,0,0,0,0,0,0,0,0,0,1,0,0,0,0,1,0,1,0,0,0,0,0,0,0,0,1,0,0,0,0,0,0,0,1,0,1,1,0,0,2,0,0,0,0,0,0,0,0,0,0,0,0,0,0,0,0,0,0,0,0,0,0,0,0,0,0,0,1,0,0,0,0,1
870,0,0,0,0,0,0,0,0,1,0,0,0,0,0,1,1,0,1,0,0,0,0,0,0,0,0,0,0,0,0,0,0,1,0,0,0,0,1,0,1,0,0,0,0,0,0,0,0,1,0,0,0,0,0,0,0,1,0,1,1,0,0,2,0,0,0,0,0,0,0,0,0,0,0,0,0,0,0,0,0,0,0,0,0,0,0,0,0,0,0,1,0,0,0,0,1
871,0,0,0,0,0,0,0,0,1,0,0,0,0,0,1,1,0,1,0,0,0,0,0,0,0,0,0,0,0,0,0,0,1,0,0,0,0,1,0,1,0,0,0,0,0,0,0,0,1,0,0,0,0,0,0,0,1,0,1,1,0,0,2,0,0,0,0,0,0,0,0,0,0,0,0,0,0,0,0,0,0,0,1,0,0,0,0,0,0,0,1,0,0,0,0,1
872,0,0,0,0,0,0,0,0,1,0,0,0,0,0,1,1,0,1,0,0,0,0,0,0,0,0,0,0,0,0,0,0,1,0,0,0,0,2,0,1,0,0,0,0,0,0,0,0,1,0,0,0,0,0,0,0,1,0,1,1,0,0,2,0,0,0,0,0,0,0,0,0,0,0,0,0,0,0,0,0,0,0,1,0,0,0,0,0,0,0,1,0,0,0,0,1
873,0,0,0,0,0,0,0,0,1,0,0,0,0,0,1,1,0,1,0,0,0,0,0,0,0,0,0,0,0,0,0,0,1,0,0,0,0,2,0,1,0,0,0,0,0,0,0,0,1,0,0,0,0,0,0,0,1,0,1,1,0,0,2,0,0,0,0,0,0,0,0,0,1,0,0,0,0,0,0,0,0,0,1,0,0,0,0,0,0,0,1,0,0,0,0,1
874,0,0,0,0,0,0,0,0,1,0,0,0,0,0,1,1,0,1,0,0,0,0,0,0,0,0,0,0,0,0,0,0,1,0,0,0,0,2,0,1,0,0,0,0,0,0,0,0,1,0,0,0,0,0,0,0,1,0,1,1,0,0,2,0,0,0,0,0,0,0,0,0,1,0,0,0,0,0,0,0,0,0,1,0,0,0,0,0,0,0,1,0,0,0,0,1
875,0,0,0,0,0,0,0,0,1,0,0,0,0,0,1,1,0,1,0,0,0,0,0,0,0,0,0,0,0,0,0,0,1,0,0,0,0,2,0,1,0,0,0,0,0,0,0,0,1,0,0,0,0,0,0,0,1,0,1,1,0,0,2,0,0,0,0,0,0,0,0,0,1,0,0,0,0,0,0,0,0,0,1,0,0,0,0,0,0,0,1,0,0,0,0,1
876,0,0,0,0,0,0,0,0,1,0,0,0,0,0,1,1,0,1,0,0,0,0,0,0,0,0,0,0,0,0,0,0,1,0,0,0,0,2,0,1,0,0,0,0,0,0,0,0,1,0,0,0,0,0,0,0,1,0,1,1,0,0,2,0,0,0,0,0,0,0,0,0,1,0,0,0,0,0,0,0,0,0,1,0,0,0,0,0,0,0,1,0,0,0,0,1
877,0,0,0,0,0,0,0,0,1,0,0,0,0,0,1,1,0,1,0,0,0,0,0,0,0,0,0,0,0,0,0,0,1,0,0,0,0,2,0,1,0,0,0,0,0,0,0,0,1,0,0,0,0,0,0,0,1,0,1,1,0,0,2,0,0,0,0,0,0,0,0,0,1,0,0,0,0,0,0,0,0,0,1,0,0,0,0,0,0,0,1,0,0,0,0,1
878,0,0,0,0,0,0,0,0,1,0,0,0,0,0,1,1,0,1,0,0,0,0,0,0,0,0,0,0,0,0,0,0,1,0,0,0,0,2,0,1,0,0,0,0,0,0,0,0,1,0,0,0,0,0,0,0,1,0,1,1,0,0,2,0,0,0,0,0,0,0,0,0,1,0,0,0,0,0,0,0,0,0,1,0,0,0,0,0,0,0,1,0,0,0,0,1
879,0,0,0,0,0,0,0,0,1,0,0,0,0,0,1,1,0,1,0,0,0,0,0,0,0,0,0,0,0,0,0,0,1,0,0,0,0,2,0,1,0,0,0,0,0,0,0,0,1,0,0,0,0,0,0,0,1,0,1,1,0,0,2,0,0,0,0,0,0,0,0,0,1,0,0,0,0,0,0,0,0,0,1,0,0,0,0,0,0,0,1,0,0,0,0,1
880,0,0,0,0,0,0,0,0,1,0,0,0,0,0,1,1,0,1,0,0,0,0,0,0,0,0,0,0,0,0,0,0,1,0,0,0,0,2,0,1,0,0,0,0,0,0,0,0,1,0,0,0,0,0,0,0,1,0,1,1,0,0,2,0,0,0,0,0,0,0,0,0,1,0,0,0,0,0,0,0,0,0,1,0,0,0,0,0,0,0,1,0,0,0,0,1
881,0,0,0,0,0,0,0,0,1,0,0,0,0,0,1,1,0,1,0,0,0,0,0,0,0,0,0,0,0,0,0,0,1,0,0,0,0,2,0,1,0,0,0,0,0,0,0,0,1,0,0,0,0,0,0,0,1,0,1,1,0,0,2,0,0,0,0,0,0,0,0,0,1,0,0,0,0,0,0,0,0,0,1,0,0,0,0,0,0,0,1,0,0,0,0,1
882,0,0,0,0,0,0,0,0,1,0,0,0,0,0,1,1,0,1,0,0,0,0,0,0,0,0,0,0,0,0,0,0,1,0,0,0,0,2,0,1,0,0,0,0,0,0,0,0,1,0,0,0,0,0,0,0,1,0,1,1,0,0,2,0,0,0,0,0,0,0,0,0,1,0,0,0,0,0,0,0,0,0,1,0,0,0,0,0,0,0,1,0,0,0,0,1
883,0,0,0,0,0,0,0,0,1,0,0,0,0,0,1,1,0,1,0,0,0,0,0,0,0,0,0,0,0,0,0,0,1,0,0,0,0,2,0,1,0,0,0,0,0,0,0,0,1,0,0,0,0,0,0,0,1,0,1,1,0,0,2,0,0,0,0,0,0,0,0,0,1,0,0,0,0,0,0,0,0,0,1,0,0,0,0,0,0,0,1,0,0,0,0,1
884,0,0,0,0,0,0,0,0,1,0,0,0,0,0,1,1,0,1,0,0,0,0,0,0,0,0,0,0,0,0,0,0,1,0,0,0,0,2,0,1,0,0,0,0,0,0,0,0,1,0,0,0,0,0,0,0,1,0,1,1,0,0,2,0,0,0,0,0,0,0,0,0,1,0,0,0,0,0,0,0,0,0,1,0,0,0,0,0,0,0,1,0,0,0,0,1
885,0,0,0,0,0,0,0,0,1,0,0,0,0,0,1,1,0,1,0,0,0,0,0,0,0,0,0,0,0,0,0,0,1,0,0,0,0,2,0,1,0,0,0,0,0,0,0,0,1,0,0,0,0,0,0,0,1,0,1,1,0,0,2,0,0,0,0,0,0,0,0,0,1,0,0,0,0,0,0,0,0,0,1,0,0,0,0,0,0,0,1,0,0,0,0,1
886,0,0,0,0,0,0,0,0,1,0,0,0,0,0,1,1,0,1,0,0,0,0,0,0,0,0,0,0,0,0,0,0,1,0,0,0,0,2,0,1,0,0,0,0,0,0,0,0,1,0,0,0,0,0,0,0,1,0,1,1,0,0,2,0,0,0,0,0,0,0,0,0,1,0,0,0,0,0,0,0,0,0,1,0,0,0,0,0,0,0,1,0,0,0,0,1
887,0,0,0,0,0,0,0,0,1,0,0,0,0,0,1,1,0,1,0,0,0,0,0,0,0,0,0,0,0,0,0,0,1,0,0,0,0,2,0,1,0,0,0,0,0,0,0,0,1,0,0,0,0,0,0,0,1,0,1,1,0,0,2,0,0,0,0,0,0,0,0,0,1,0,0,0,0,0,0,0,0,0,1,0,0,0,0,0,0,0,1,0,0,0,0,1
888,0,0,0,0,0,0,0,0,1,0,0,0,0,0,1,1,0,1,0,0,0,0,0,0,0,0,0,0,0,0,0,0,1,0,0,0,0,2,0,1,0,0,0,0,0,0,0,0,1,0,0,0,0,0,0,0,1,0,1,1,0,0,2,0,0,0,0,0,0,0,0,0,1,0,0,0,0,0,0,0,0,0,1,0,0,0,0,0,0,0,1,0,0,0,0,1
889,0,0,0,0,0,0,0,0,1,0,0,0,0,0,1,1,0,1,0,0,0,0,0,0,0,0,0,0,0,0,0,0,1,0,0,0,0,2,0,1,0,0,0,0,0,0,0,0,1,0,0,0,0,0,0,0,1,0,1,1,0,0,2,0,0,0,0,0,0,0,0,0,1,0,0,0,0,0,0,0,0,0,1,0,0,0,0,0,0,0,1,0,0,0,0,1
890,0,0,0,0,0,0,0,0,1,0,0,0,0,0,1,1,0,1,0,0,0,0,0,0,0,0,0,0,0,0,0,0,1,0,0,0,0,2,0,1,0,0,0,0,0,0,0,0,1,0,0,0,0,0,0,0,1,0,1,1,0,0,2,0,0,0,0,0,0,0,0,0,1,0,0,0,0,0,0,0,0,0,1,0,0,0,0,0,0,0,1,0,0,0,0,1
891,0,0,0,0,0,0,0,0,1,0,0,0,0,0,1,1,0,1,0,0,0,0,0,0,0,0,0,0,0,0,0,0,1,0,0,0,0,2,0,1,0,0,0,0,0,0,0,0,1,0,0,0,0,0,0,0,1,0,1,1,0,0,2,0,0,0,0,0,0,0,0,0,1,0,0,0,0,0,0,0,0,0,1,0,0,0,0,0,0,0,1,0,0,0,0,1
892,0,0,0,0,0,0,0,0,1,0,0,0,0,0,1,1,0,1,0,0,0,0,0,0,0,0,0,0,0,0,0,0,1,0,0,0,0,2,0,1,0,0,0,0,0,0,0,0,1,0,0,0,0,0,0,0,1,0,1,1,0,0,2,0,0,0,0,0,0,0,0,0,1,0,0,0,0,0,0,0,0,0,1,0,0,0,0,0,0,0,1,0,0,0,0,1
893,0,0,0,0,0,0,0,0,1,0,0,0,0,0,1,1,0,1,0,0,0,0,0,0,0,0,0,0,0,0,0,0,1,0,0,0,0,2,0,1,0,0,0,0,0,0,0,0,1,0,0,0,0,0,0,0,1,0,1,1,0,0,2,0,0,0,0,0,0,0,0,0,1,0,0,0,0,0,0,0,0,0,1,0,0,0,0,0,0,0,1,0,0,0,0,1
894,0,0,0,0,0,0,0,0,1,0,0,0,0,0,1,1,0,1,0,0,0,0,0,0,0,0,0,0,0,0,0,0,1,0,0,0,0,2,0,1,0,0,0,0,0,0,0,0,1,0,0,0,0,0,0,0,1,0,1,1,0,0,2,0,0,0,0,0,0,0,0,0,1,0,0,0,0,0,0,0,0,0,1,0,0,0,0,1,0,0,1,0,0,0,0,1
895,0,0,0,0,0,0,0,0,1,0,0,0,0,0,1,1,0,1,0,0,0,0,0,0,0,0,0,0,0,0,0,0,1,0,0,0,0,2,0,1,0,0,0,0,0,0,0,0,1,0,0,0,0,0,0,0,1,0,1,1,0,0,2,0,0,0,0,0,0,0,0,0,1,0,0,0,0,0,0,0,0,0,1,0,0,0,0,1,0,0,1,0,0,0,0,1
896,0,0,0,0,0,0,0,0,1,0,0,0,0,0,1,1,0,1,0,0,0,0,0,0,0,0,0,0,0,0,0,0,1,0,0,0,0,2,0,1,0,0,0,0,0,0,0,0,1,0,0,0,0,0,0,0,1,0,1,1,0,0,2,0,0,0,0,0,0,0,0,0,1,0,0,0,0,0,0,0,0,0,1,0,0,0,0,1,0,0,1,0,0,0,0,1
897,0,0,0,0,0,0,0,0,1,0,0,0,0,0,1,1,0,1,0,0,0,0,0,0,0,0,0,0,0,0,0,0,1,0,0,0,0,2,0,1,0,0,0,0,0,0,0,0,1,0,0,0,0,0,0,0,1,0,1,1,0,0,2,0,0,0,0,0,0,0,0,0,1,0,0,0,0,0,0,0,0,0,1,0,0,0,0,1,0,0,1,0,0,0,0,1
898,0,0,0,0,0,0,0,0,1,0,0,0,0,0,1,1,0,1,0,0,0,0,0,0,0,0,0,0,0,0,0,0,1,0,0,0,0,2,0,1,0,0,0,0,0,0,0,0,1,0,0,0,0,0,0,0,1,0,1,1,0,0,2,0,0,0,0,0,0,0,0,0,1,0,0,0,0,0,0,0,0,0,1,0,0,0,0,1,0,0,1,0,0,0,0,1
899,0,0,0,0,0,0,0,0,1,0,0,0,0,0,1,1,0,1,0,0,0,0,0,0,0,0,0,0,0,0,0,0,1,0,0,0,0,2,0,1,0,0,0,0,0,0,0,0,1,0,0,0,0,0,0,0,1,0,1,1,0,0,2,0,0,0,0,0,0,0,0,0,1,0,0,0,0,0,0,0,0,0,1,0,0,0,0,1,0,0,1,0,0,0,0,1
900,0,0,0,0,0,0,0,0,1,0,0,0,0,0,1,1,0,1,0,0,0,0,0,0,0,0,0,0,0,0,0,0,1,0,0,0,0,2,0,1,0,0,0,0,0,0,0,0,1,0,0,0,0,0,0,0,1,0,1,1,0,0,2,0,0,0,0,0,0,0,0,0,1,0,0,0,0,0,0,0,0,0,1,0,0,0,0,1,0,0,1,0,0,0,0,1
901,0,0,0,0,0,0,0,0,1,0,0,0,0,0,1,1,0,1,0,0,0,0,0,0,0,0,0,0,0,0,0,0,1,0,0,0,0,2,0,1,0,0,0,0,0,0,0,0,1,0,0,0,0,0,0,0,1,0,1,1,0,0,2,0,0,0,0,0,0,0,0,0,1,0,0,0,0,0,0,0,0,0,1,0,0,0,0,1,0,0,1,0,0,0,0,1
902,0,0,0,0,0,0,0,0,1,0,0,0,0,0,1,1,0,1,0,0,0,0,0,0,0,0,0,1,0,0,0,0,1,0,0,0,0,2,0,1,0,0,0,0,0,0,0,0,1,0,0,0,0,0,0,0,1,0,1,1,0,0,2,0,0,0,0,0,0,0,0,0,1,0,0,0,0,0,0,0,0,0,1,0,0,0,0,1,0,0,1,0,0,0,0,1
903,0,0,0,0,0,0,0,0,1,0,0,0,0,0,1,1,0,1,0,0,0,0,0,0,0,0,0,1,0,0,0,0,1,0,0,0,0,2,0,1,0,0,0,0,0,0,0,0,1,0,0,0,0,0,0,0,1,0,1,1,0,0,2,0,0,0,0,0,0,0,0,0,1,0,0,0,0,0,0,0,0,0,1,0,0,0,0,1,0,0,1,0,0,0,0,1
904,0,0,0,0,0,0,0,0,1,0,0,0,0,0,1,1,0,1,0,0,0,0,0,0,0,0,0,1,0,0,0,0,1,0,0,0,0,2,0,1,0,0,0,0,0,0,0,0,1,0,0,0,0,0,0,0,1,0,1,1,0,0,2,0,0,0,0,0,0,0,0,0,1,0,0,0,0,0,0,0,0,0,1,0,0,0,0,1,0,0,1,0,0,0,0,1
905,0,0,0,0,0,0,0,0,1,0,0,0,0,0,1,1,0,1,0,0,0,0,0,0,0,0,0,1,0,0,0,0,1,0,0,0,0,2,0,1,0,0,0,0,0,0,0,0,1,0,0,0,0,0,0,0,1,0,1,1,0,0,2,0,0,0,0,0,0,0,0,0,1,0,0,0,0,0,0,0,0,0,1,0,0,0,0,1,0,0,2,0,0,0,0,1
906,0,0,0,0,0,0,0,0,1,0,0,0,0,0,1,1,0,1,0,0,0,0,0,0,0,0,0,1,0,0,0,0,1,0,0,0,0,2,0,1,0,0,0,0,0,0,0,0,1,0,0,0,0,0,0,0,1,0,1,1,0,0,2,0,0,0,0,0,0,0,0,0,1,0,0,0,0,0,0,0,0,0,1,0,0,0,0,1,0,0,2,0,0,0,0,1
907,0,0,0,0,0,0,0,0,1,0,0,0,0,0,1,1,0,1,0,0,0,0,0,0,0,0,0,1,0,0,0,0,1,0,0,0,0,2,0,1,0,0,0,0,0,0,0,0,1,0,0,0,0,0,0,0,1,0,1,1,0,0,2,0,0,0,0,0,0,0,0,0,1,0,0,0,0,0,0,0,0,0,1,0,0,0,0,1,0,0,2,0,0,0,0,1
908,0,0,0,0,0,0,0,0,1,0,0,0,0,0,1,1,0,1,0,0,0,0,0,0,0,0,0,1,0,0,0,0,1,0,0,0,0,2,0,1,0,0,0,0,0,0,0,0,1,0,0,0,0,0,0,0,1,0,1,1,0,0,2,0,0,0,0,0,0,0,0,0,1,0,0,0,0,0,0,0,0,0,1,0,0,0,0,1,0,0,2,0,0,0,0,1
909,0,0,0,0,0,0,0,0,1,0,0,0,0,0,1,1,0,1,0,0,0,0,0,0,0,0,0,1,0,0,0,0,1,0,0,0,0,2,0,1,0,0,0,0,0,0,0,0,1,0,0,0,0,0,0,0,1,0,1,1,0,0,2,0,0,0,0,0,0,0,0,0,1,0,0,0,0,0,0,0,0,0,1,0,0,0,0,1,0,0,2,0,0,0,0,1
910,0,0,0,0,0,0,0,0,1,0,0,0,0,0,1,1,0,1,0,0,0,0,0,0,0,0,0,1,0,0,0,0,1,0,0,0,0,2,0,1,0,0,0,0,0,0,0,0,1,0,0,0,0,0,0,0,1,0,1,1,0,0,2,0,0,0,0,0,0,0,0,0,1,0,0,0,0,0,0,0,0,0,1,0,0,0,0,1,0,0,2,0,0,0,0,1
911,0,0,0,0,0,0,0,0,1,0,0,0,0,0,1,1,0,1,0,0,0,0,0,0,0,0,0,1,0,0,0,0,1,0,0,0,0,2,0,1,0,0,0,0,0,0,0,0,1,0,0,0,0,0,0,0,1,0,1,1,0,0,2,0,0,0,0,0,0,0,0,0,1,0,0,0,0,0,0,0,0,0,1,0,0,0,0,1,0,0,2,0,0,0,0,1
912,0,0,0,0,0,0,0,0,1,0,0,0,0,0,1,1,0,1,0,0,0,0,0,0,0,0,0,1,0,0,0,0,1,0,0,0,0,2,0,1,0,0,0,0,0,0,0,0,1,0,0,0,0,0,0,0,1,0,1,1,0,0,2,0,0,0,0,0,0,0,0,0,1,0,0,0,0,0,0,0,0,0,1,0,0,0,0,1,0,0,2,0,0,0,0,1
913,0,0,0,0,0,0,0,0,1,0,0,0,0,0,1,1,0,1,0,0,0,0,0,0,0,0,0,1,0,0,0,0,1,0,0,0,0,2,0,1,0,0,0,0,0,0,0,0,1,0,0,0,0,0,0,0,1,0,1,1,0,0,2,0,0,0,0,0,0,0,0,0,1,0,0,0,0,0,0,0,0,0,1,0,0,0,0,1,0,0,2,0,0,0,0,1
914,0,0,0,0,0,0,0,0,1,0,0,0,0,0,1,1,0,1,0,0,0,0,0,0,0,0,0,1,0,0,0,0,1,0,0,0,0,2,0,1,0,0,0,0,0,0,0,0,1,0,0,0,0,0,0,0,1,0,1,1,0,0,2,0,0,0,0,0,0,0,0,0,1,0,0,0,0,0,0,0,0,0,1,0,0,0,0,1,0,0,2,0,0,0,0,1
915,0,0,0,0,0,0,0,0,1,0,0,0,0,0,1,1,0,1,0,0,0,0,0,0,0,0,0,1,0,0,0,0,1,0,0,0,0,2,0,1,0,0,0,0,0,0,0,0,1,0,0,0,0,0,0,0,1,0,1,1,0,0,2,0,0,0,0,0,0,0,0,0,1,0,0,0,0,0,0,0,0,0,1,0,0,0,0,1,0,0,2,0,0,0,0,1
916,0,0,0,0,0,0,0,0,1,0,0,0,0,0,1,1,0,1,0,0,0,0,0,0,0,0,0,1,0,0,0,0,1,0,0,0,0,2,0,1,0,0,0,0,0,0,0,0,1,0,0,0,0,0,0,0,1,0,1,1,0,0,2,0,0,0,0,0,0,0,0,0,1,0,0,0,0,0,0,0,0,0,1,0,0,0,0,1,0,0,2,0,0,0,0,1
917,0,0,0,0,0,0,0,0,2,0,0,0,0,0,1,1,0,1,0,0,0,0,0,0,0,0,0,1,0,0,0,0,1,0,0,0,0,2,0,1,0,0,0,0,0,0,0,0,1,0,0,0,0,0,0,0,1,0,1,1,0,0,2,0,0,0,0,0,0,0,0,0,1,0,0,0,0,0,0,0,0,0,1,0,0,0,0,1,0,0,2,0,0,0,0,1
918,0,0,0,0,0,0,0,0,2,0,0,0,0,0,1,1,0,1,0,0,0,0,0,0,0,0,0,1,0,0,0,0,1,0,0,0,0,2,0,1,0,0,0,0,0,0,0,0,1,0,0,0,0,0,0,0,1,0,1,1,0,0,2,0,0,0,0,0,0,0,0,0,1,0,0,0,0,0,0,0,0,0,1,0,0,0,0,1,0,0,2,0,0,0,0,1
919,0,0,0,0,0,0,0,0,2,0,0,0,0,0,1,1,0,1,0,0,0,0,0,0,0,0,0,1,0,0,0,0,1,0,0,0,0,2,0,1,0,0,0,0,0,0,0,0,1,0,0,0,0,0,0,0,1,0,1,1,0,0,2,0,0,0,0,0,0,0,0,0,1,0,0,0,0,0,0,0,0,0,1,0,0,0,0,1,0,0,2,0,0,0,0,1
920,0,0,0,0,0,0,0,0,2,0,0,0,0,0,1,1,0,1,0,0,0,0,0,0,0,0,0,1,0,0,0,0,1,0,0,0,0,2,0,1,0,0,0,0,0,0,0,0,1,0,0,0,0,0,0,0,1,0,1,1,0,0,2,0,0,0,0,0,0,0,0,0,1,0,0,0,0,0,0,0,0,0,1,0,0,0,0,1,0,0,2,0,0,0,0,1
921,0,0,0,0,0,0,0,0,2,0,0,0,0,0,1,1,0,1,0,0,0,0,0,0,0,0,0,1,0,0,0,0,1,0,0,0,0,2,0,1,0,0,0,0,0,0,0,0,1,0,0,0,0,0,0,0,1,0,1,1,0,0,2,0,0,0,0,0,0,0,0,0,1,0,0,0,0,0,0,0,0,0,1,0,0,0,0,1,0,0,2,0,0,0,0,1
922,0,0,0,0,0,0,0,0,2,0,0,0,0,0,1,1,0,1,0,1,0,0,0,0,0,0,0,1,0,0,0,0,1,0,0,0,0,2,0,1,0,0,0,0,0,0,0,0,1,0,0,0,0,0,0,0,1,0,1,1,0,0,2,0,0,0,0,0,0,0,0,0,1,0,0,0,0,0,0,0,0,0,1,0,0,0,0,1,0,0,2,0,0,0,0,1
923,0,0,0,0,0,0,0,0,3,0,0,0,0,0,1,1,0,1,0,1,0,0,0,0,0,0,0,1,0,0,0,0,1,0,0,0,0,2,0,1,0,0,0,0,0,0,0,0,1,0,0,0,0,0,0,0,1,0,1,1,0,0,2,0,0,0,0,0,0,0,0,0,1,0,0,0,0,0,0,0,0,0,1,0,0,0,0,1,0,0,2,0,0,0,0,1
924,0,0,0,0,0,0,0,0,3,0,0,0,0,0,1,1,0,1,0,1,0,0,0,0,0,0,0,1,0,0,0,0,2,0,0,0,0,2,0,1,0,0,0,0,0,0,0,0,1,0,0,0,0,0,0,0,1,0,1,1,0,0,2,0,0,0,0,0,0,0,0,0,1,0,0,0,0,0,0,0,0,0,1,0,0,0,0,1,0,0,2,0,0,0,0,1
925,0,0,0,0,0,0,0,0,3,0,0,0,0,0,1,1,0,1,0,1,0,0,0,0,0,0,0,1,0,0,0,0,2,0,0,0,0,2,0,1,0,0,0,0,0,0,0,0,1,0,0,0,0,0,0,0,1,0,1,1,0,0,2,0,0,0,0,0,0,0,0,0,1,0,0,0,0,0,0,0,0,0,1,0,0,0,0,1,0,0,2,0,0,0,0,1
926,0,0,0,0,0,0,0,0,3,0,0,0,0,0,1,1,0,1,0,1,0,0,0,0,0,0,0,1,0,0,0,0,2,0,0,0,0,2,0,1,0,0,0,0,0,0,0,0,1,0,0,0,0,0,0,0,1,0,1,1,0,0,2,0,0,0,0,0,0,0,0,0,1,0,0,0,0,0,0,0,0,0,1,0,0,0,0,1,0,0,2,0,0,0,0,1
927,0,0,0,0,0,0,0,0,3,0,0,0,0,0,1,1,0,1,0,1,0,0,0,0,0,0,0,1,0,0,0,0,2,0,0,0,0,2,0,1,0,0,0,0,0,0,0,0,1,0,0,0,0,0,0,0,1,0,1,1,0,0,2,0,0,0,0,0,0,0,0,0,1,0,0,0,0,0,0,0,0,0,1,0,0,0,0,1,0,0,2,0,0,0,0,1
928,0,0,0,0,0,0,0,0,3,0,0,0,0,0,1,1,0,1,0,1,0,0,0,0,0,0,0,1,0,0,0,0,2,0,0,0,0,2,0,1,0,0,0,0,0,0,0,0,1,0,0,0,0,0,0,0,1,0,1,1,0,0,2,0,0,0,0,0,0,0,0,0,1,0,0,0,0,0,0,0,0,0,1,0,0,0,0,1,0,0,2,0,0,0,0,1
929,0,0,0,0,0,0,0,0,3,0,0,0,0,0,1,1,0,1,0,1,0,0,0,0,0,0,0,1,0,0,0,0,2,0,0,0,0,2,0,1,0,0,0,0,0,0,0,0,1,0,0,0,0,0,0,0,1,0,1,1,0,0,2,0,0,0,0,0,0,0,0,0,1,0,0,0,0,0,0,0,0,0,1,0,0,0,0,1,0,0,2,0,0,0,0,1
930,0,0,0,0,0,0,0,0,3,0,0,0,0,0,1,1,0,1,0,1,0,0,0,0,0,0,0,1,0,0,0,0,2,0,0,0,0,2,0,1,0,0,0,0,0,0,0,0,1,0,0,0,0,0,0,0,1,0,1,1,0,0,2,0,0,0,0,0,0,0,0,0,1,0,0,0,0,0,0,0,0,0,1,0,0,0,0,1,0,0,2,0,0,0,0,1
931,0,0,0,0,0,0,0,0,3,0,0,0,0,0,1,1,0,1,0,1,0,0,0,0,0,0,0,1,0,0,0,0,2,0,0,0,0,2,0,1,0,0,0,0,0,0,0,0,1,0,0,0,0,0,0,0,1,0,1,1,0,0,2,0,0,0,0,0,0,0,0,0,1,0,0,0,0,0,0,0,0,0,1,0,0,0,0,1,0,0,2,0,0,0,0,1
932,0,0,0,0,0,0,0,0,3,0,0,0,0,0,1,1,0,1,0,1,0,0,0,0,0,0,0,1,0,0,0,0,2,0,0,0,0,2,0,1,0,0,0,0,0,0,0,0,1,0,0,0,0,0,0,0,1,0,1,1,0,0,2,0,0,0,0,0,0,0,0,0,1,0,0,0,0,0,0,0,0,0,1,0,0,0,0,1,0,0,2,0,0,0,0,1
933,0,0,0,0,0,0,0,0,3,0,0,0,0,0,1,1,0,1,0,1,0,0,0,0,0,0,0,1,0,0,0,0,2,0,0,0,0,2,0,1,0,0,0,0,0,0,0,0,1,0,0,0,0,0,0,0,1,0,1,1,0,0,2,0,0,0,0,0,0,0,0,0,1,0,0,0,0,0,0,0,0,0,1,0,0,0,0,1,0,0,2,0,0,0,0,1
934,0,0,0,0,0,0,0,0,3,0,0,0,0,0,1,1,0,1,0,1,0,0,0,0,0,0,0,1,0,0,0,0,2,0,0,0,0,2,0,1,0,0,0,0,0,0,0,0,1,0,0,0,0,0,0,0,1,0,1,1,0,0,2,0,0,0,0,0,0,0,0,0,1,0,0,0,0,0,0,0,0,0,1,0,0,0,0,1,0,0,2,0,0,0,0,1
935,0,0,0,0,0,0,0,0,3,0,0,0,0,0,1,1,0,1,0,1,0,0,0,0,0,0,0,1,0,0,0,0,2,0,0,0,0,2,0,1,0,0,0,0,0,0,0,0,1,0,0,0,0,0,0,0,1,0,1,1,0,0,2,0,0,0,0,0,0,0,0,0,1,0,0,0,0,0,0,0,0,0,1,0,0,0,0,1,0,0,2,0,0,1,0,1
936,0,0,0,0,0,0,0,0,3,0,0,0,0,0,1,1,0,1,0,1,0,0,0,0,0,0,0,1,0,0,0,0,2,0,0,0,0,2,0,1,0,0,0,0,0,0,0,0,1,0,0,0,0,0,0,0,1,0,1,1,0,0,2,0,0,0,0,0,0,0,0,0,1,0,0,0,0,0,0,0,0,0,1,0,0,0,0,1,0,0,2,0,0,1,0,1
937,0,0,0,0,0,0,0,0,3,0,0,0,0,0,1,1,0,1,0,1,0,0,0,0,0,0,0,1,0,0,0,0,2,0,0,0,0,2,0,1,0,0,0,0,0,0,0,0,1,0,0,0,0,0,0,0,1,0,1,1,0,0,2,0,0,0,0,0,0,0,0,0,1,0,0,0,0,0,0,0,0,0,2,0,0,0,0,1,0,0,2,0,0,1,0,1
938,0,0,0,0,0,0,0,0,3,0,0,0,0,0,1,1,0,1,0,1,0,0,0,0,0,0,0,1,0,0,0,0,2,0,0,0,0,2,0,1,1,0,0,0,0,0,0,0,1,0,0,0,0,0,0,0,1,0,1,1,0,0,2,0,0,0,0,0,0,0,0,0,1,0,0,0,0,0,0,0,0,0,2,0,0,0,0,1,0,0,2,0,0,1,0,1
939,0,0,0,0,0,0,0,0,3,0,0,0,0,0,1,1,0,1,0,1,0,0,0,0,0,0,0,1,0,0,0,0,2,0,0,0,0,2,0,1,1,0,0,0,0,0,0,0,1,0,0,0,0,0,0,0,1,0,1,1,1,0,2,0,0,0,0,0,0,0,0,0,1,0,0,0,0,0,0,0,0,0,2,0,0,0,0,1,0,0,2,0,0,1,0,1
940,0,0,0,0,0,0,0,0,3,0,0,0,0,0,1,1,0,1,0,1,0,0,0,0,0,0,0,1,0,0,0,0,2,0,0,0,0,2,0,1,1,0,0,0,0,0,0,0,1,0,0,0,0,0,0,0,1,0,1,1,1,0,2,0,0,0,0,0,0,0,0,0,1,0,0,0,0,0,0,0,0,0,2,0,0,0,0,1,0,0,2,0,0,1,0,1
941,0,0,0,0,0,0,0,0,3,0,0,0,0,0,1,1,0,1,0,1,0,0,0,0,0,0,0,1,0,0,0,0,2,0,0,0,0,2,0,1,1,0,0,0,0,0,0,0,1,0,0,0,0,0,0,0,1,0,1,1,1,0,2,0,0,0,0,0,0,0,0,0,1,0,0,0,0,0,0,0,0,0,2,0,0,0,0,1,0,0,2,0,0,1,0,1
942,0,0,0,0,0,0,0,0,3,0,0,0,0,0,1,1,0,1,0,1,0,0,0,0,0,0,0,1,0,0,0,0,2,0,0,0,0,2,0,1,1,0,0,0,0,0,0,0,1,0,0,0,0,0,0,0,1,0,1,1,1,0,2,0,0,0,0,0,0,0,0,0,1,0,0,0,0,0,0,0,0,0,2,0,0,0,0,1,0,0,2,0,0,1,0,1
943,0,0,0,0,0,0,0,0,3,0,0,0,0,0,1,1,0,1,0,1,0,0,0,0,0,0,0,1,0,0,0,0,2,0,0,0,0,2,0,1,1,0,0,0,0,0,0,0,1,0,0,0,0,0,0,0,1,0,1,1,1,0,2,0,0,0,0,0,0,0,0,0,1,0,0,0,0,0,0,0,0,0,2,0,0,0,0,1,0,0,2,0,0,1,0,1
944,0,0,0,0,0,0,0,0,3,0,0,0,0,0,1,1,0,1,0,1,0,0,0,0,0,0,0,1,0,0,0,0,2,0,0,0,0,2,0,1,1,0,0,0,0,0,0,0,1,0,0,0,0,0,0,0,1,0,1,1,1,0,2,0,0,0,0,0,0,0,0,0,1,0,0,0,0,0,0,0,0,0,2,0,0,0,0,1,0,0,2,0,0,1,0,1
945,0,0,0,0,0,0,0,0,3,0,0,0,0,0,1,1,0,1,0,1,0,0,0,0,0,0,0,1,0,0,0,0,2,0,0,0,0,2,0,1,1,0,0,0,0,0,0,0,1,0,0,0,0,0,0,0,1,0,1,1,1,0,2,0,0,0,0,0,0,0,0,0,1,0,0,0,0,0,0,0,0,0,2,0,0,0,0,1,0,0,2,0,0,1,0,1
946,0,0,0,0,0,0,0,0,3,0,0,0,0,0,1,1,0,1,0,1,0,0,0,0,0,0,0,1,0,0,0,0,2,0,0,0,0,2,0,1,1,0,0,0,0,0,0,0,1,0,0,0,0,0,0,0,1,0,1,1,1,0,2,0,0,0,0,0,0,0,0,0,1,0,0,0,0,0,0,0,0,0,2,0,0,0,0,1,0,0,2,0,0,1,0,1
947,0,0,0,0,0,0,0,0,3,0,0,0,0,0,1,1,0,1,0,1,0,0,0,0,0,0,0,1,0,0,0,0,2,0,0,0,0,2,0,1,1,0,0,0,0,0,0,0,1,0,0,0,0,0,0,0,1,0,1,1,1,0,2,0,0,0,0,0,0,0,0,0,1,0,0,0,0,0,0,0,0,0,2,0,0,0,0,1,0,0,2,0,0,1,0,1
948,0,0,0,0,0,0,0,0,3,0,0,0,0,0,1,1,0,1,0,1,0,0,0,0,0,0,0,1,0,0,0,0,2,0,0,0,0,2,0,1,1,0,0,0,0,0,0,0,1,0,0,0,0,0,0,0,1,0,1,1,1,0,2,0,0,0,0,0,0,0,0,0,1,0,0,0,0,0,0,0,0,0,2,0,0,0,0,1,0,0,2,0,0,1,0,1
949,0,0,0,0,0,0,0,0,3,0,0,0,0,0,1,1,0,1,0,1,0,0,0,0,0,0,0,1,0,0,0,0,2,0,0,0,0,2,0,1,1,0,0,0,0,0,0,0,1,0,0,0,0,0,0,0,1,0,1,1,1,0,2,0,0,0,0,0,0,0,0,0,1,0,0,0,0,0,0,0,0,0,2,0,0,0,0,1,0,0,2,0,0,1,0,1
950,0,0,0,0,0,0,0,0,3,0,0,0,0,0,1,1,0,1,0,1,0,0,0,0,0,0,0,1,1,0,0,0,2,0,0,0,0,2,0,1,1,0,0,0,0,0,0,0,1,0,0,0,0,0,0,0,1,0,1,1,1,0,2,0,0,0,0,0,0,0,0,0,1,0,0,0,0,0,0,0,0,0,2,0,0,0,0,1,0,0,2,0,0,1,0,1
951,0,0,0,0,0,0,0,0,3,0,0,0,0,0,1,1,0,1,0,1,0,0,0,0,0,0,0,1,1,0,0,0,2,0,0,0,0,2,0,1,1,0,0,0,0,0,0,0,1,0,0,0,0,0,0,0,1,0,1,1,1,0,2,0,0,0,0,0,0,0,0,0,1,0,0,0,0,0,0,0,0,0,2,0,0,0,0,1,0,0,2,0,0,1,0,1
952,0,0,0,0,0,0,0,0,3,0,0,0,0,0,1,1,0,1,0,1,0,0,0,0,0,0,0,1,1,0,0,0,2,0,0,0,0,2,0,1,1,0,0,0,0,0,0,0,1,0,0,0,0,0,0,0,1,0,1,1,1,0,2,0,0,0,0,0,0,0,0,0,1,0,0,0,0,0,0,0,0,0,2,0,0,0,0,1,0,0,2,0,0,1,0,1
953,0,0,0,0,0,0,0,0,3,0,0,0,0,0,1,1,0,1,0,1,0,0,0,0,0,0,0,1,1,0,0,0,2,0,0,0,0,2,0,1,1,0,0,0,0,0,0,0,1,0,0,0,0,0,0,0,1,0,1,1,1,0,2,0,0,0,0,0,0,0,0,0,1,0,0,0,0,0,0,0,0,0,2,0,0,0,0,1,0,0,2,0,0,1,0,1
954,0,0,0,0,0,0,0,0,3,0,0,0,0,0,1,1,0,1,0,1,0,0,0,0,0,0,0,1,1,0,0,0,2,0,0,0,0,2,0,1,1,0,0,0,0,0,0,0,1,0,0,0,0,0,0,0,1,0,1,1,1,0,2,0,0,0,0,0,0,0,0,0,1,0,0,0,0,0,0,0,0,0,2,0,0,0,0,1,0,0,2,0,0,1,0,1
955,0,0,0,0,0,0,0,0,3,0,0,0,0,0,1,1,0,1,0,1,0,0,0,0,0,0,0,1,1,0,0,0,2,0,0,0,0,2,0,1,1,0,0,0,0,0,0,0,1,0,0,0,0,0,0,0,1,0,1,1,1,0,2,0,0,0,0,0,0,0,0,0,1,1,0,0,0,0,0,0,0,0,2,0,0,0,0,1,0,0,2,0,0,1,0,1
956,0,0,0,0,0,0,0,0,3,0,0,0,0,0,1,1,0,1,0,1,0,0,0,0,0,0,0,1,1,0,0,0,2,0,0,0,0,2,0,1,1,0,0,0,0,0,0,0,1,0,0,0,0,0,0,0,1,0,1,1,1,0,2,0,0,0,0,0,0,0,0,0,1,1,0,0,0,0,0,0,0,0,2,0,0,0,0,1,0,0,2,0,0,1,0,1
957,0,0,0,0,0,0,0,0,3,0,0,0,0,0,1,1,0,1,0,1,0,0,0,0,0,0,0,1,1,0,0,0,2,0,0,0,0,2,0,1,1,0,0,0,0,0,0,0,1,0,0,0,0,0,0,0,1,0,1,1,1,0,2,0,0,0,0,0,0,0,0,0,1,1,0,0,0,0,0,0,0,0,2,0,0,0,0,1,0,0,2,0,0,1,0,1
958,0,0,0,0,0,0,0,0,3,0,0,0,0,0,1,1,0,1,0,1,0,0,0,0,0,0,0,1,1,0,0,0,2,0,0,0,0,2,0,1,1,0,0,0,0,0,0,0,1,0,0,0,0,0,0,0,1,0,1,1,1,0,2,0,0,0,0,0,0,0,0,0,1,1,0,0,0,0,0,0,0,0,2,0,0,0,0,1,0,0,2,0,0,1,0,1
959,0,0,0,0,0,0,0,0,3,0,0,0,0,0,1,1,0,1,0,1,0,0,0,0,0,0,0,1,1,0,0,0,2,0,0,0,0,2,0,1,1,0,0,0,0,0,0,0,1,0,0,0,0,0,0,0,1,0,1,1,1,0,2,0,0,0,0,0,0,0,0,0,1,1,0,0,0,0,0,0,0,0,2,0,0,0,0,1,0,0,2,0,0,1,0,1
960,0,0,0,0,0,0,0,0,3,0,0,0,0,0,1,1,0,1,0,1,0,0,0,0,0,0,0,1,1,0,0,0,2,0,0,0,0,2,0,1,1,0,0,0,0,0,0,0,1,0,0,0,0,0,0,0,1,0,1,1,1,0,2,0,0,0,0,0,0,0,0,0,1,1,0,0,0,0,0,0,0,0,2,0,0,0,0,1,0,0,2,0,0,1,0,1
961,0,0,0,0,0,0,0,0,3,0,0,0,0,0,1,1,0,1,0,1,0,0,0,0,0,0,0,1,1,0,0,0,2,0,0,0,0,2,0,1,1,0,0,0,0,0,0,0,1,0,0,0,0,0,0,0,1,0,1,1,1,0,2,0,0,0,0,0,0,0,0,0,1,1,0,0,0,0,0,0,0,0,2,0,0,0,0,1,0,0,2,0,0,1,0,1
962,0,0,0,0,0,0,0,0,3,0,0,0,0,0,1,1,0,1,0,1,0,0,0,0,0,0,0,1,1,0,0,0,2,0,0,0,0,2,0,1,1,0,0,0,0,0,0,0,1,0,0,0,0,0,0,0,1,0,1,1,1,0,2,0,0,0,0,0,0,0,0,0,1,1,0,0,0,0,0,0,0,0,2,0,0,0,0,1,0,0,2,0,0,1,0,1
963,0,0,0,0,0,0,0,0,3,0,0,0,0,0,1,1,0,1,0,1,0,0,0,0,0,0,0,1,1,0,0,0,2,0,0,0,0,2,0,1,1,0,0,0,0,0,0,0,1,0,0,0,0,0,0,0,1,0,1,1,1,0,2,0,0,0,0,0,0,0,0,0,1,1,0,0,0,0,0,0,0,0,2,0,0,0,0,1,0,0,2,0,0,1,0,1
964,0,0,0,0,0,0,0,0,3,0,0,0,0,0,1,1,0,1,0,1,0,0,0,0,0,0,0,1,1,0,0,0,2,0,0,0,0,2,0,1,1,0,0,0,0,0,0,0,1,0,0,0,0,0,0,0,1,0,1,1,1,0,2,0,0,0,0,0,0,0,0,0,1,1,0,0,0,0,0,0,0,0,2,0,0,0,0,1,0,0,2,0,0,1,0,1
965,0,0,0,0,0,0,0,0,3,0,0,0,0,0,1,1,0,1,0,1,0,0,0,0,0,0,0,1,1,0,0,0,2,0,0,0,0,2,0,1,1,0,0,0,0,0,0,0,1,0,0,0,0,0,0,0,1,0,1,1,1,0,2,0,0,0,0,0,0,0,0,0,1,1,0,0,0,0,0,0,0,0,2,0,0,0,0,1,0,0,2,0,0,1,0,1
966,0,0,0,0,0,0,0,0,3,0,0,0,0,0,1,1,0,1,0,1,0,0,0,0,0,0,0,1,1,0,0,0,2,0,0,0,0,2,0,1,1,0,0,0,0,0,0,0,1,0,0,0,0,0,0,0,1,0,1,1,1,0,2,0,0,0,0,0,0,0,0,0,1,1,0,0,0,0,0,0,0,0,2,0,0,0,0,1,0,0,2,0,0,1,0,1
967,0,0,0,0,0,0,0,0,3,0,0,0,0,0,1,1,0,1,0,1,0,0,0,0,0,0,0,1,1,0,0,0,2,0,0,0,0,2,0,1,1,0,0,0,0,0,0,0,1,0,0,0,0,0,0,0,1,0,1,1,1,0,2,0,0,0,0,0,0,0,0,0,1,1,0,0,0,0,0,0,0,0,2,0,0,0,0,1,0,0,2,0,0,1,0,1
968,0,0,0,0,0,0,0,0,3,0,0,0,0,0,1,1,0,1,0,1,0,0,0,0,0,0,0,1,1,0,0,0,2,0,0,0,0,2,0,1,1,0,0,0,0,0,0,0,1,0,0,0,0,0,0,0,1,0,1,1,1,0,2,0,0,0,0,0,0,0,0,0,1,1,0,0,0,0,0,0,0,0,2,0,0,0,0,1,0,0,2,0,0,1,0,1
969,0,0,0,0,0,0,0,0,3,0,0,0,0,0,1,1,0,1,0,1,0,0,0,0,0,0,0,1,1,0,0,0,2,0,0,0,0,2,0,1,1,0,0,0,0,0,0,0,1,0,0,0,0,0,0,0,1,0,1,1,1,0,2,0,0,0,0,0,0,0,0,0,1,1,0,0,0,0,0,0,0,0,2,0,0,0,0,1,0,0,2,0,0,1,0,1
970,0,0,0,0,0,0,0,0,3,0,0,0,0,0,1,1,0,1,0,1,0,0,0,0,0,0,0,1,1,0,0,0,2,0,0,0,0,2,0,1,1,0,0,0,0,0,0,0,1,0,0,0,0,0,0,0,1,0,1,1,1,0,2,0,0,0,0,0,0,0,0,0,1,1,0,0,0,0,0,0,0,0,2,0,0,0,0,1,0,0,2,0,0,1,0,1
971,0,0,0,0,0,0,0,0,3,0,0,0,0,0,1,1,0,1,0,1,0,0,0,0,0,0,0,1,1,0,0,0,2,0,0,0,0,2,0,1,1,0,0,0,0,0,0,0,1,0,0,0,0,0,0,0,1,0,1,1,1,0,2,0,0,0,0,0,0,0,0,0,1,1,0,0,0,0,1,0,0,0,2,0,0,0,0,1,0,0,2,0,0,1,0,1
972,0,0,0,0,0,0,0,0,3,0,0,0,0,0,1,1,0,1,0,1,0,0,0,0,0,0,0,1,1,0,0,0,2,0,0,0,0,2,0,1,1,0,0,0,0,0,0,0,1,0,0,0,0,0,0,0,1,0,1,1,1,0,2,0,0,0,0,0,0,0,0,0,1,1,0,0,0,0,1,0,0,0,2,0,0,0,0,1,0,0,2,0,0,1,0,1
973,0,0,0,0,0,0,0,0,3,0,0,0,0,0,1,1,0,1,0,1,0,0,0,0,0,0,0,1,1,0,0,0,2,0,0,0,0,2,0,1,1,0,0,0,0,0,0,0,1,0,0,1,0,0,0,0,1,0,1,1,1,0,2,0,0,0,0,0,0,0,0,0,1,1,0,0,0,0,1,0,0,0,2,0,0,0,0,1,0,0,2,0,0,1,0,1
974,0,0,0,0,0,0,0,0,3,0,0,0,0,0,1,1,0,1,0,1,0,0,0,0,0,0,0,1,1,0,0,0,2,0,0,0,0,2,0,1,1,0,0,0,0,0,0,0,1,0,0,1,0,0,0,0,1,0,1,1,1,0,2,0,0,0,0,0,0,0,0,0,1,1,0,0,0,0,1,0,0,0,2,0,0,0,0,1,0,0,2,0,0,1,0,1
975,0,0,0,0,0,0,0,0,3,0,0,0,0,0,1,1,0,1,0,1,0,0,0,0,0,0,0,1,1,0,0,0,2,0,0,0,0,2,0,1,1,0,0,0,0,0,0,0,1,0,0,1,0,0,0,0,1,0,1,1,1,0,2,0,0,0,0,0,0,0,0,0,1,1,0,0,0,0,1,0,0,0,2,0,0,0,0,1,0,0,2,0,0,1,0,1
976,0,0,0,0,0,0,0,0,3,0,0,0,0,0,1,1,0,1,0,1,0,0,0,0,0,0,0,1,1,0,0,0,2,0,0,0,0,2,0,1,1,0,0,0,0,0,0,0,1,0,0,1,0,0,0,0,1,0,1,1,1,0,2,0,0,0,0,0,0,0,0,0,1,1,0,0,0,0,1,0,0,0,2,0,0,0,0,1,0,0,2,0,0,1,0,1
977,0,0,0,0,0,0,0,0,3,0,0,0,0,0,1,1,0,1,0,1,0,0,0,0,0,0,0,1,1,0,0,0,2,0,0,0,0,2,0,1,1,0,0,0,0,0,0,0,1,0,0,1,0,0,0,0,1,0,1,1,1,0,2,0,0,0,0,0,0,0,0,0,1,1,0,0,0,0,1,0,0,0,2,0,0,0,0,1,0,0,2,0,0,1,0,1
978,0,0,0,0,0,0,0,0,3,0,0,0,0,0,1,1,0,1,0,1,0,0,0,0,0,0,0,1,1,0,0,0,2,0,0,0,0,2,0,1,1,0,0,0,0,0,0,0,1,0,0,1,0,0,0,0,1,0,1,1,1,0,2,0,0,0,0,0,0,0,0,0,1,1,0,0,0,0,1,0,0,0,2,0,0,0,0,1,0,0,2,0,0,1,0,1
979,0,0,0,0,0,0,0,0,3,0,0,0,0,0,1,1,0,1,0,1,0,0,0,0,0,0,0,1,1,0,0,0,2,0,0,0,0,2,0,1,1,0,0,0,0,0,0,0,1,0,0,1,0,0,0,0,1,0,1,1,1,0,2,0,0,0,0,0,0,0,0,0,1,1,0,0,0,0,1,0,0,0,2,0,0,0,0,1,0,0,2,0,0,1,0,1
980,0,0,0,0,0,0,0,0,3,0,0,0,0,0,1,1,0,1,0,1,0,0,0,0,0,0,0,1,1,0,0,0,2,0,0,0,0,2,0,1,1,0,0,0,0,0,0,0,1,0,0,1,0,0,0,0,1,0,1,1,1,0,2,0,0,0,0,0,0,0,0,0,1,1,0,0,0,0,1,0,0,0,2,0,0,0,0,1,0,0,2,0,0,1,0,1
981,0,0,0,0,0,0,0,0,3,0,0,0,0,0,1,1,0,1,0,1,0,0,0,0,0,0,0,1,1,0,0,0,2,0,0,0,0,2,0,1,1,0,0,0,0,0,0,0,1,0,0,1,0,0,0,0,1,0,1,1,1,0,2,0,0,0,0,0,0,0,0,0,1,1,0,0,0,0,1,0,0,0,2,0,0,0,0,1,0,0,2,0,0,1,0,1
982,0,0,0,0,0,0,0,0,3,0,0,0,0,0,1,1,0,1,0,1,0,0,0,0,0,0,0,1,1,0,0,0,2,0,0,0,0,2,0,1,1,0,0,0,0,0,0,0,1,0,0,1,0,0,0,0,1,0,1,1,1,0,2,0,0,0,0,0,0,0,0,0,1,1,0,0,0,0,1,0,0,0,2,0,0,0,0,1,0,0,2,0,0,1,0,1
983,0,0,0,0,0,0,0,0,3,0,0,0,0,0,1,1,0,2,0,1,0,0,0,0,0,0,0,1,1,0,0,0,2,0,0,0,0,2,0,1,1,0,0,0,0,0,0,0,1,0,0,1,0,0,0,0,1,0,1,1,1,0,2,0,0,0,0,0,0,0,0,0,1,1,0,0,0,0,1,0,0,0,2,0,0,0,0,1,0,0,2,0,0,1,0,1
984,0,0,0,0,0,0,0,0,3,0,0,0,0,0,1,1,0,2,0,1,0,0,0,0,0,0,0,1,1,0,0,0,2,0,0,0,0,2,0,1,1,0,0,0,0,0,0,0,1,0,0,1,0,0,0,0,1,0,1,1,1,0,2,0,0,0,0,0,0,0,0,0,1,1,0,0,0,0,1,0,0,0,2,0,0,0,0,1,0,0,2,0,0,1,0,1
985,0,0,0,0,1,0,0,0,3,0,0,0,0,0,1,1,0,2,0,1,0,0,0,0,0,0,0,1,1,0,0,0,2,0,0,0,0,2,0,1,1,0,0,0,0,0,0,0,1,0,0,1,0,0,0,0,1,0,1,1,1,0,2,0,0,0,0,0,0,0,0,0,1,1,0,0,0,0,1,0,0,0,2,0,0,0,0,1,0,0,2,0,0,1,0,1
986,0,0,0,0,1,0,0,0,3,0,0,0,0,0,1,1,0,2,0,1,0,0,0,0,0,0,0,1,1,0,0,0,2,0,0,0,0,2,0,1,1,0,0,0,0,0,0,0,1,0,0,1,0,0,0,0,1,0,1,1,1,0,2,0,0,0,0,0,0,0,0,0,1,1,0,0,0,0,1,0,0,0,2,0,0,0,0,1,0,0,2,0,0,1,0,1
987,0,0,0,0,1,0,0,0,3,0,0,0,0,0,1,1,0,2,0,1,0,0,0,0,0,0,0,1,1,0,0,0,2,0,0,0,0,2,0,1,1,0,0,0,0,0,0,0,1,0,0,1,0,0,0,0,1,0,1,1,1,0,2,0,0,0,0,0,0,0,0,0,1,1,0,0,0,0,1,0,0,0,2,0,0,0,0,1,0,0,2,0,0,1,0,1
988,0,0,0,0,1,0,0,0,3,0,0,0,0,0,1,1,0,2,0,1,0,0,0,0,0,0,0,1,1,0,0,0,2,0,0,0,0,2,0,1,1,0,0,0,0,0,0,0,1,0,0,1,0,0,0,0,1,0,1,1,1,0,2,0,0,0,0,0,0,0,0,0,1,1,0,0,0,0,1,0,0,0,2,0,0,0,0,1,0,0,2,0,0,1,0,1
989,0,0,0,0,1,0,0,0,3,0,0,0,0,0,1,1,0,2,0,1,0,0,0,0,0,0,0,1,1,0,0,0,2,0,0,0,0,2,0,1,1,0,0,0,0,0,0,0,1,0,0,1,0,0,0,0,1,0,1,1,1,0,2,0,0,0,0,0,0,0,0,0,1,1,0,0,0,0,1,0,0,0,2,0,0,0,0,1,0,0,2,0,0,1,0,1
990,0,0,0,0,1,0,0,0,3,0,0,0,0,0,1,1,0,2,0,1,0,0,0,0,0,0,0,1,1,0,0,0,2,0,0,0,0,2,0,1,1,0,0,0,0,0,0,0,1,0,0,1,0,0,0,0,1,0,1,1,1,0,2,0,0,0,0,0,0,0,0,0,1,1,0,0,0,0,1,0,0,0,2,0,0,0,0,1,0,0,2,0,0,1,0,1
991,0,0,0,0,1,0,0,0,3,0,0,0,0,0,1,1,0,2,0,1,0,0,0,0,0,0,0,1,1,0,0,0,2,0,0,0,0,2,0,1,1,0,0,0,0,0,0,0,1,0,0,1,0,0,0,0,1,0,1,1,1,0,2,0,0,0,0,0,0,0,0,0,1,1,0,0,0,0,1,0,0,0,2,0,0,0,0,1,0,0,2,0,0,1,0,1
992,0,0,0,0,1,0,0,0,3,0,0,0,0,0,1,1,0,2,0,1,0,0,0,0,0,0,0,1,1,0,0,0,2,0,0,0,0,2,0,1,1,0,0,0,0,0,0,0,1,0,0,1,0,0,0,0,1,0,1,1,1,0,2,0,0,0,0,0,0,0,0,0,1,1,0,0,0,0,1,0,0,0,2,0,0,0,0,1,0,0,2,0,0,1,0,1
993,0,0,0,0,1,0,0,0,3,0,0,0,0,0,1,1,0,2,0,1,0,0,0,0,0,0,0,1,1,0,0,0,2,0,0,0,0,2,0,1,1,0,0,0,0,0,0,0,1,0,0,1,0,0,1,0,1,0,1,1,1,0,2,0,0,0,0,0,0,0,0,0,1,1,0,0,0,0,1,0,0,0,2,0,0,0,1,1,0,0,2,0,0,1,0,1
994,0,0,0,0,1,0,0,0,3,0,0,0,0,0,1,1,0,2,0,1,0,0,0,0,0,0,0,1,1,0,0,0,2,0,0,0,0,2,0,1,1,0,0,0,0,0,0,0,1,0,0,1,0,0,1,0,1,0,1,1,1,0,2,0,0,0,0,0,0,0,0,0,1,1,0,0,0,0,1,0,0,0,2,0,0,0,1,1,0,0,2,0,0,1,0,1
995,0,0,0,0,1,0,0,0,3,0,0,0,0,0,1,1,0,2,0,1,0,0,0,0,0,0,0,1,1,0,0,0,2,0,0,0,0,2,0,1,1,0,0,0,0,0,0,0,1,0,0,1,0,0,1,0,1,0,1,1,1,0,2,0,0,0,0,0,0,0,0,0,1,1,0,0,0,0,1,0,0,0,2,0,0,0,1,1,0,0,2,0,0,1,0,1
996,0,0,0,0,1,0,0,0,3,0,0,0,0,0,1,1,0,2,0,1,0,0,0,0,0,0,0,1,1,0,0,0,2,0,0,0,0,2,0,1,1,0,0,0,0,0,0,0,1,0,0,1,0,0,1,0,1,0,1,1,1,0,2,0,0,0,0,0,0,0,0,0,1,1,0,0,0,0,1,0,0,0,2,0,0,0,1,1,0,0,3,0,0,1,0,1
997,0,0,0,0,1,0,0,0,3,0,0,0,0,0,1,1,0,2,0,1,0,0,0,0,0,0,0,1,1,0,0,0,2,0,0,0,0,2,0,1,1,0,0,0,0,0,0,0,1,0,0,1,0,0,1,0,1,0,1,1,1,0,2,0,0,0,0,0,0,0,0,0,1,1,0,0,0,0,1,0,0,0,2,0,0,0,1,1,0,0,3,0,0,1,0,1
998,0,0,0,0,1,0,0,0,3,0,0,0,0,0,1,1,0,2,0,1,0,0,0,0,0,0,0,1,1,0,0,0,2,0,0,0,0,2,0,1,1,0,0,0,0,0,0,0,1,0,0,1,0,0,1,0,1,0,1,1,1,0,2,0,0,0,0,0,0,0,0,0,1,1,0,0,0,0,1,0,0,0,2,0,0,0,1,1,0,0,3,0,0,1,0,1
999,0,0,0,0,1,0,0,0,3,0,0,0,0,0,1,1,0,2,0,1,0,0,0,0,0,0,0,1,1,0,0,0,2,0,0,0,0,2,0,1,1,0,0,0,0,0,0,0,1,0,0,1,0,0,1,0,1,0,1,1,1,0,2,0,0,0,0,0,0,0,0,0,1,1,0,0,0,0,1,0,0,0,2,0,0,0,1,1,0,0,3,0,0,1,0,1
1000,0,0,0,0,1,0,0,0,3,0,0,0,0,0,1,1,0,2,0,1,0,0,0,0,0,0,0,1,1,0,0,0,2,0,0,0,0,2,0,1,1,0,0,0,0,0,0,0,1,0,0,1,0,0,1,0,1,0,1,1,1,0,2,0,0,0,0,0,0,0,0,0,1,1,0,0,0,0,1,0,0,0,2,0,0,0,1,1,0,0,3,0,0,1,0,1
1001,0,0,0,0,1,0,0,0,3,0,0,0,0,0,1,1,0,2,0,1,0,0,0,0,0,0,0,1,1,0,0,0,2,0,0,0,0,2,0,1,1,0,0,0,0,0,0,0,1,0,0,1,0,0,1,0,1,0,1,1,1,0,2,0,0,0,0,0,0,0,0,0,1,1,0,0,0,0,1,0,0,0,2,0,0,0,1,1,0,0,3,0,0,1,0,1
1002,0,0,0,0,1,0,0,0,3,0,0,0,0,0,1,1,0,2,0,1,0,0,0,0,0,0,0,1,1,0,0,0,2,0,0,0,0,2,0,1,1,0,0,0,0,0,0,0,1,0,0,1,0,0,1,0,1,0,1,1,1,0,2,0,0,0,0,0,0,0,0,0,1,1,0,0,0,0,1,0,0,0,2,0,0,0,1,1,0,0,3,0,0,1,0,1
1003,0,1,0,0,1,0,0,0,3,0,0,0,0,0,1,1,0,2,0,1,0,0,0,0,0,0,0,1,1,0,0,0,2,0,0,0,0,2,0,1,1,0,0,0,0,0,0,0,1,0,0,1,0,0,1,0,1,0,1,1,1,0,2,0,0,0,0,0,0,0,0,0,1,1,0,0,0,0,1,0,0,0,2,0,0,0,1,1,0,0,3,0,0,1,0,1
1004,0,1,0,0,1,0,0,0,3,0,0,0,0,0,1,1,0,2,0,1,0,0,0,0,0,0,0,1,1,0,0,0,2,0,0,0,0,2,0,1,1,0,0,0,0,0,0,0,1,0,0,1,0,0,1,0,1,0,1,1,1,0,2,0,0,0,0,0,0,0,0,0,1,1,0,0,0,0,1,0,0,0,2,0,0,0,1,1,0,0,3,0,0,1,0,1
1005,0,1,0,0,1,0,0,0,3,0,0,0,0,0,1,1,0,2,0,1,0,0,0,0,0,0,0,1,1,0,0,0,2,0,0,0,0,2,0,1,1,0,0,0,0,0,0,0,1,0,0,1,0,0,1,0,1,0,1,1,1,0,2,0,0,0,0,0,0,0,0,0,1,1,0,0,0,0,1,0,0,0,2,0,0,0,1,1,0,0,3,0,0,1,0,1
1006,0,1,0,0,1,0,0,0,3,0,0,0,0,0,1,1,0,2,0,1,0,0,0,0,0,0,0,1,1,0,0,1,2,0,0,0,0,2,0,1,1,0,0,0,0,0,0,0,1,0,0,1,0,0,1,0,1,0,1,1,1,0,2,0,0,0,0,0,0,0,0,0,1,1,0,0,0,0,1,0,0,0,2,0,0,0,1,1,0,0,3,0,0,1,0,1
1007,0,1,0,0,1,0,0,0,3,0,0,0,0,0,1,1,0,2,0,1,0,0,0,0,0,0,0,1,1,0,0,1,2,0,0,0,0,2,0,1,1,0,0,0,0,0,0,0,1,0,0,1,0,0,1,0,1,0,1,1,1,0,2,0,0,0,0,0,0,0,0,0,1,1,0,0,0,0,1,0,0,0,2,0,0,0,1,1,0,0,3,0,0,1,0,1
1008,0,1,0,0,1,0,0,0,3,0,0,0,0,0,1,1,0,2,0,1,0,0,0,0,0,0,0,1,1,0,0,1,2,0,0,0,0,2,0,1,1,0,0,0,0,0,0,0,1,0,0,1,0,0,1,0,1,0,1,1,1,0,2,0,0,0,0,0,0,0,0,0,1,1,0,0,0,0,1,0,0,0,2,0,0,0,1,1,0,0,3,0,0,1,0,1
1009,0,1,0,0,1,0,0,0,3,0,0,0,0,0,1,1,0,2,0,1,0,0,0,0,0,0,0,1,1,0,0,1,2,0,0,0,0,2,0,1,1,0,0,0,0,0,0,0,1,0,0,1,0,0,1,0,1,0,1,1,1,0,2,0,0,0,0,0,0,0,0,0,1,1,0,0,0,0,1,0,0,0,2,0,0,0,2,1,0,0,3,0,0,1,0,1
1010,0,1,0,0,1,0,0,0,3,0,0,0,0,0,1,1,0,2,0,1,0,0,0,0,0,0,0,1,1,0,0,1,2,0,0,0,0,2,0,1,1,0,0,0,0,0,0,0,1,0,0,1,0,0,1,0,1,0,1,1,1,0,2,0,0,0,0,0,0,0,0,0,1,1,0,0,0,0,1,0,0,0,2,0,0,0,2,1,0,0,3,0,0,1,0,1
1011,0,1,0,0,1,0,0,0,3,0,0,0,0,0,1,1,0,2,0,1,0,0,0,0,0,0,0,1,1,0,0,1,2,0,0,0,0,2,0,1,1,0,0,0,0,0,0,0,1,0,0,1,0,0,1,0,1,0,1,1,1,0,2,0,0,0,0,0,0,0,0,0,1,1,0,0,0,0,1,0,0,0,2,0,0,0,2,1,0,0,3,0,0,1,0,1
1012,0,1,0,0,1,0,0,0,3,0,0,0,0,0,1,1,0,2,0,1,0,0,0,0,0,0,0,1,1,0,0,1,2,0,0,0,0,2,0,1,1,0,0,0,0,0,0,0,1,0,0,1,0,0,1,0,1,0,1,1,1,0,2,0,0,0,0,0,0,0,0,0,1,1,0,0,0,0,1,0,0,0,2,0,0,0,2,1,0,0,4,0,0,1,0,1
1013,0,1,0,0,1,0,0,0,3,0,0,0,0,0,1,1,0,2,0,1,0,0,0,0,0,0,0,1,1,0,0,1,2,0,0,0,0,2,0,1,1,0,0,0,0,0,0,0,1,0,0,1,0,0,1,0,1,0,1,1,1,0,2,0,0,0,0,0,0,0,0,0,1,1,0,0,0,0,1,0,0,0,2,0,0,0,2,1,0,0,4,0,0,1,0,1
1014,0,1,0,0,1,0,0,0,3,0,0,0,0,0,1,1,0,2,0,1,0,0,0,0,0,0,0,1,1,0,0,1,2,0,0,0,0,2,0,1,1,0,0,0,0,0,0,0,1,0,0,1,0,0,1,0,1,0,1,1,1,0,2,0,0,0,0,0,0,0,0,0,1,1,0,0,0,0,1,0,0,0,2,0,0,0,2,1,0,0,4,0,0,1,0,1
1015,0,1,0,0,1,0,0,0,3,0,0,0,0,0,1,1,0,2,0,1,0,0,0,0,0,0,0,1,1,0,0,1,2,0,0,0,0,2,0,1,1,0,0,0,0,0,0,0,1,0,0,1,0,0,1,0,1,0,1,1,1,0,2,0,0,0,0,0,0,0,0,0,1,1,0,0,0,0,1,0,0,0,2,0,0,0,2,1,0,0,4,0,0,1,0,1
1016,0,1,0,0,1,0,0,0,3,0,0,0,0,0,1,1,0,2,0,1,0,0,0,0,0,0,0,1,1,0,0,1,2,0,0,0,0,2,0,1,1,0,0,0,0,0,0,0,1,0,0,1,0,0,1,0,1,0,1,1,1,0,2,0,0,0,0,0,0,0,0,0,1,1,0,0,0,0,1,0,0,0,2,0,0,0,2,1,0,0,4,0,0,1,0,1
1017,0,1,0,0,1,0,0,0,3,0,0,0,0,0,1,1,0,2,0,1,0,0,0,0,0,0,0,1,1,0,0,1,2,0,0,0,0,2,0,1,1,0,0,0,0,0,0,0,1,0,0,1,0,0,1,0,1,0,1,1,1,0,2,0,0,0,0,0,0,0,0,0,1,1,0,0,0,0,1,0,0,0,2,0,0,0,2,1,0,0,4,0,0,1,0,1
1018,0,1,0,0,1,0,0,0,3,0,0,0,0,0,1,1,0,2,0,1,0,0,0,0,0,0,0,1,1,0,0,1,2,0,0,0,0,2,0,1,1,0,0,0,0,0,0,0,1,0,0,1,0,0,1,0,1,0,1,1,1,0,2,0,0,0,0,0,0,0,0,0,1,1,0,0,0,0,1,0,0,0,2,0,0,0,2,1,0,0,4,0,0,1,0,1
1019,0,1,0,0,1,0,0,0,3,0,0,0,0,0,1,1,0,2,0,1,0,0,0,0,0,0,0,1,1,0,0,1,2,0,0,0,0,2,0,1,1,0,0,0,0,0,0,0,1,0,0,1,0,0,1,0,1,0,1,1,1,0,2,0,0,0,0,0,0,0,0,0,1,1,0,0,0,0,1,0,0,0,2,0,0,0,2,1,0,0,4,0,0,1,0,1
1020,0,1,0,0,1,0,0,0,3,0,0,0,0,0,1,1,0,2,0,1,0,0,0,0,0,0,0,1,1,0,0,1,2,0,0,0,0,2,0,1,1,0,0,0,0,0,0,0,1,0,0,1,0,0,1,0,1,0,1,1,1,0,2,0,0,0,0,0,0,0,0,0,1,1,0,0,0,0,1,0,0,0,2,0,0,0,2,1,0,0,4,0,0,1,0,1
1021,0,1,0,0,1,0,0,0,3,0,0,0,0,0,1,1,0,2,0,1,0,0,0,0,0,0,0,1,1,0,0,1,2,0,0,0,0,2,0,1,1,0,0,0,0,0,0,0,1,0,0,1,0,0,1,0,1,0,2,1,1,0,2,0,0,0,0,0,0,0,0,0,1,1,0,0,0,0,1,0,0,0,2,0,0,0,2,1,0,0,4,0,0,1,0,1
1022,0,1,0,0,1,0,0,0,3,0,0,0,0,0,1,1,0,2,0,1,0,0,0,0,0,0,0,1,1,0,0,1,2,0,0,0,0,2,0,1,1,0,0,0,0,0,0,0,1,0,0,1,0,0,1,0,1,0,2,1,1,0,2,0,0,0,0,0,0,0,0,0,1,1,0,0,0,0,1,0,0,0,2,0,0,0,2,1,0,0,4,0,0,1,0,1
1023,0,1,0,0,1,0,0,0,3,0,0,0,0,0,1,1,0,2,0,1,0,0,0,0,0,0,0,1,1,0,0,1,2,0,0,0,0,2,0,1,1,0,0,0,0,0,0,0,1,0,0,1,0,0,1,0,1,0,2,1,1,0,2,0,0,0,0,0,0,0,0,0,1,1,0,0,0,0,1,0,0,0,2,0,0,0,2,1,1,0,4,0,0,1,0,1
1024,0,1,0,0,1,0,0,0,3,0,0,0,0,0,1,1,0,2,0,1,0,0,0,0,0,0,0,1,1,0,0,1,2,0,0,0,0,2,0,1,1,0,0,0,0,0,0,0,1,0,0,1,0,0,1,0,1,0,2,1,1,0,2,0,0,0,0,0,0,0,0,0,1,1,0,0,0,0,1,0,0,0,2,0,0,0,2,1,1,0,4,0,0,1,0,1
1025,0,1,0,0,1,0,0,0,3,0,0,0,0,0,1,1,0,2,0,1,0,0,0,0,0,0,0,1,1,0,0,1,2,0,0,0,0,2,0,1,1,0,0,0,0,0,0,0,1,0,0,1,0,0,1,0,1,0,2,1,1,0,2,0,0,0,0,0,0,0,0,0,1,1,0,0,0,0,1,0,0,0,2,0,0,0,2,1,1,0,4,0,0,1,0,1
1026,0,1,0,0,1,0,0,0,3,0,0,0,0,0,1,1,0,2,0,1,0,0,0,0,0,0,0,1,1,0,0,1,2,0,0,0,0,2,0,1,1,0,0,0,0,0,0,0,1,0,0,1,0,0,1,0,1,0,2,1,1,0,2,0,0,0,0,0,0,0,0,0,1,1,0,0,0,0,1,0,0,0,2,0,0,0,2,1,1,0,4,0,0,1,0,1
1027,0,1,0,0,1,0,0,0,3,0,0,0,0,0,1,1,0,2,0,1,0,0,0,0,0,0,0,1,1,0,0,1,2,0,0,0,0,2,0,1,1,0,0,0,0,0,0,0,1,0,0,1,0,0,1,0,1,0,2,1,1,0,2,0,0,0,0,0,0,0,0,0,1,1,0,0,0,0,1,0,0,0,2,0,0,0,2,1,1,0,4,0,0,1,0,1
1028,0,1,0,0,1,0,0,0,3,0,0,0,0,0,1,1,0,2,0,1,0,0,0,0,0,0,0,1,1,0,0,1,2,0,0,0,0,2,0,1,1,0,0,0,0,0,0,0,1,0,0,1,0,0,1,0,1,0,2,1,1,0,2,0,0,0,0,0,0,0,0,0,1,1,0,0,0,0,1,0,0,0,2,0,0,0,2,1,1,0,4,0,0,1,0,1
1029,0,1,0,0,1,0,0,0,3,0,0,0,0,0,1,1,0,2,0,1,0,0,0,0,0,0,0,1,1,0,0,1,2,0,0,0,0,2,0,1,1,0,0,0,0,0,0,0,1,0,0,1,0,0,1,0,1,0,2,1,1,0,2,0,0,0,0,0,0,0,0,0,1,1,0,0,0,0,1,0,0,0,2,0,0,0,2,1,1,0,4,0,0,1,0,1
1030,0,1,0,0,1,0,0,0,3,0,0,0,0,0,1,1,0,2,0,1,0,0,0,0,0,0,0,2,1,0,0,1,2,0,0,0,0,2,0,1,1,0,0,0,0,0,0,0,1,0,0,1,0,0,1,0,1,0,2,1,1,0,2,0,0,0,0,0,0,0,0,0,1,1,0,0,0,0,1,0,0,0,2,0,0,0,2,1,1,0,4,0,0,1,0,1
1031,0,1,0,0,1,0,0,0,3,0,0,0,0,0,1,1,0,2,0,1,0,0,0,0,0,0,0,2,1,0,0,1,2,0,0,0,0,2,0,1,1,0,0,0,0,0,0,0,1,0,0,1,0,0,1,0,1,0,2,1,1,0,2,0,0,0,0,0,0,0,0,0,1,1,0,0,0,0,1,0,0,0,2,0,0,0,2,1,1,0,4,0,0,1,0,1
1032,0,1,0,0,1,0,0,0,3,0,0,0,0,0,1,1,0,2,0,1,0,0,0,0,0,0,0,2,1,0,0,1,2,0,0,0,0,2,0,1,1,0,0,0,0,0,0,0,1,0,0,1,0,0,1,0,1,0,2,1,1,0,2,0,0,0,0,0,0,0,0,0,1,1,0,0,0,0,1,0,0,0,2,0,0,0,2,1,1,0,4,0,0,1,0,1
1033,0,1,0,0,1,0,0,0,3,0,0,0,0,0,1,1,0,2,0,1,0,0,0,0,0,0,0,2,1,0,0,1,2,0,0,0,0,2,0,1,1,0,0,0,0,0,0,0,1,0,0,1,0,0,1,0,1,0,2,1,1,0,2,0,0,0,0,0,0,0,0,0,1,1,0,0,0,0,1,0,0,0,2,0,0,0,2,1,1,0,4,0,0,1,0,1
1034,0,1,0,0,1,0,0,0,3,0,0,0,0,0,1,1,0,2,0,1,0,0,0,0,0,0,0,2,1,0,0,1,2,0,0,0,0,2,0,1,1,0,0,0,0,0,0,0,1,0,0,1,0,0,1,0,1,0,2,1,1,0,2,0,0,0,0,0,0,0,0,0,1,1,0,0,0,0,1,0,0,0,2,0,0,0,2,1,1,0,4,0,0,1,0,1
1035,0,1,0,0,1,0,0,0,3,0,0,0,0,0,1,1,0,2,0,1,0,0,0,0,0,0,0,2,1,0,0,1,2,0,0,0,0,2,0,1,1,0,0,0,0,0,0,0,1,0,0,1,0,0,1,0,1,0,2,1,1,0,2,0,0,0,0,0,0,0,0,0,1,1,0,0,0,0,1,0,0,0,2,0,0,0,2,1,1,0,4,0,0,1,0,1
1036,0,1,0,0,1,0,0,0,3,0,0,0,0,0,1,1,0,2,0,1,0,0,0,0,0,0,0,2,1,0,0,1,2,0,0,0,0,2,0,1,1,0,0,0,0,0,0,0,1,0,0,1,0,0,1,0,1,0,2,1,1,0,2,0,0,0,0,0,0,0,0,0,1,1,0,0,0,0,1,0,0,0,2,0,0,0,2,1,1,0,4,0,0,1,0,1
1037,0,1,0,0,1,0,0,0,3,0,0,0,0,0,1,1,0,2,0,1,0,0,0,0,0,0,0,2,1,0,0,1,2,0,0,0,0,2,0,1,1,0,0,0,0,0,0,0,1,0,0,1,0,0,1,0,1,0,2,1,1,0,2,0,0,0,0,0,0,0,0,0,1,1,0,0,0,0,1,0,0,0,2,0,0,0,2,1,1,0,4,0,0,1,0,1
1038,0,1,0,0,1,0,0,0,3,0,0,0,0,0,1,1,0,2,0,1,0,0,0,0,0,0,0,2,1,0,0,1,2,0,0,0,0,2,0,1,1,0,0,0,0,0,0,0,1,0,0,1,0,0,1,0,1,0,2,1,1,0,2,0,0,0,0,0,0,0,0,0,1,1,0,0,0,0,1,0,0,0,2,0,0,0,2,1,1,0,4,0,0,1,0,1
1039,0,1,0,0,1,0,0,0,3,0,0,0,0,0,1,1,0,2,0,1,0,0,0,0,0,0,0,2,1,0,0,1,2,0,0,0,0,2,0,1,1,0,0,0,0,0,0,0,1,0,0,1,0,0,1,0,1,0,2,1,1,0,2,0,0,0,0,0,0,0,0,0,1,1,0,0,0,0,1,0,0,0,2,0,0,0,2,1,1,0,4,0,0,1,0,1
1040,0,1,0,0,1,0,0,0,3,0,0,0,0,0,1,1,0,2,0,1,0,0,0,0,0,0,0,2,1,0,0,1,2,0,0,0,0,2,0,1,1,0,0,0,0,0,0,0,1,0,0,1,0,0,1,0,1,0,2,1,1,0,2,0,0,0,0,0,0,0,0,0,1,1,0,0,0,0,1,0,0,0,2,0,0,0,2,1,1,0,4,0,0,1,0,1
1041,0,1,0,0,1,0,0,0,3,0,0,0,0,0,1,1,0,2,0,1,0,0,0,0,0,0,0,2,1,0,0,1,2,0,0,0,0,2,0,1,1,0,0,0,0,0,0,0,1,0,0,1,0,0,1,0,1,0,2,1,1,0,2,0,0,0,0,0,0,0,0,0,1,1,0,0,0,0,1,0,0,0,2,0,0,0,2,1,1,0,4,0,0,1,0,1
1042,0,1,0,0,1,0,0,0,3,0,0,0,0,0,1,1,0,2,0,1,0,0,0,0,0,0,0,2,1,0,0,1,2,0,0,0,0,2,0,1,1,0,0,0,0,0,0,0,1,0,0,1,0,0,1,0,1,0,2,1,1,0,2,0,0,0,0,0,0,0,0,0,1,1,0,0,0,0,1,0,0,0,2,0,0,0,2,1,1,0,4,0,0,1,0,1
1043,0,1,0,0,1,0,0,0,3,0,0,0,0,0,1,1,0,2,0,1,0,0,0,0,0,0,0,2,1,0,0,1,2,0,0,0,0,2,0,1,1,0,0,0,0,0,0,0,1,0,0,1,0,0,1,0,1,0,2,1,1,0,2,0,0,0,0,0,0,0,0,0,1,1,0,0,0,0,1,0,0,0,2,0,0,0,2,1,1,0,4,0,0,2,0,1
1044,0,1,0,0,1,0,0,0,3,0,0,0,0,0,1,1,0,2,0,1,0,0,0,0,0,0,0,2,1,0,0,1,2,0,0,0,0,2,0,1,1,0,0,0,0,0,0,0,1,0,0,1,0,0,1,0,1,0,2,1,1,0,2,0,0,0,0,0,0,0,0,0,1,1,0,0,0,0,1,0,0,0,2,0,0,0,2,1,1,0,4,0,0,2,0,1
1045,0,1,0,0,1,0,0,1,3,0,0,0,0,0,1,1,0,2,0,1,0,0,0,0,0,0,0,2,1,0,0,1,2,0,0,0,0,2,0,2,1,0,0,0,0,0,0,0,1,0,0,1,0,0,1,0,1,0,2,1,1,0,2,0,0,0,0,0,0,0,0,0,1,1,0,0,0,0,1,0,0,0,2,0,0,0,2,1,1,0,4,0,0,2,0,1
1046,0,1,0,0,1,0,0,1,3,0,0,0,0,0,1,1,0,2,0,1,0,0,0,0,0,0,0,2,1,0,0,1,2,0,0,0,0,2,0,2,1,0,0,0,0,0,0,0,1,0,0,1,0,0,1,0,1,0,2,1,1,0,2,0,0,0,0,0,0,0,0,0,1,1,0,0,0,0,1,0,0,0,2,0,0,0,2,1,1,0,4,0,0,2,0,1
1047,0,1,0,0,1,0,0,1,3,0,0,0,0,0,1,1,0,2,0,1,0,0,0,0,0,0,0,2,1,0,0,1,2,0,0,0,0,2,0,2,1,0,0,0,0,0,0,0,1,0,0,1,0,0,1,0,1,0,2,1,1,0,2,0,0,0,0,0,0,0,0,0,1,1,0,0,0,0,1,0,0,0,2,0,0,0,2,1,1,0,4,0,0,2,0,1
1048,0,1,0,0,1,0,0,1,3,0,0,0,0,0,1,1,0,2,0,1,0,0,0,0,0,0,0,2,1,0,0,1,2,0,0,0,0,2,0,2,1,0,0,0,0,0,0,0,1,0,0,1,0,0,1,0,1,0,2,1,1,0,2,0,0,0,0,0,0,0,0,0,1,1,0,0,0,0,1,0,0,0,2,0,0,0,2,1,1,0,4,0,0,2,0,1
1049,0,1,0,0,1,0,0,1,3,0,0,0,0,0,1,1,0,2,0,1,0,0,0,0,0,0,0,2,1,0,0,1,2,0,0,0,0,2,0,2,1,0,0,0,0,0,0,0,1,0,0,1,0,0,1,0,1,0,2,1,1,0,2,0,0,0,0,0,0,0,0,0,1,1,0,0,0,0,1,0,0,0,2,0,0,0,2,1,1,0,4,0,0,2,0,1
1050,1,1,0,0,1,0,0,1,3,0,0,0,0,0,1,1,0,2,0,1,0,0,0,0,0,0,0,2,1,0,0,1,2,0,0,0,0,2,0,2,1,0,0,0,0,0,0,0,1,0,0,1,0,0,1,0,1,0,2,1,1,0,2,0,0,0,0,0,0,0,0,0,1,1,0,0,0,0,1,0,0,0,2,0,0,0,2,1,1,0,4,0,0,2,0,1
1051,1,1,0,0,1,0,0,1,3,0,0,0,0,0,1,1,0,2,0,1,0,0,0,0,0,0,0,2,1,0,0,1,2,0,0,0,0,2,0,2,1,0,0,0,0,0,0,0,1,0,0,1,0,0,1,0,1,0,2,1,1,0,2,0,0,0,0,0,0,0,0,0,1,1,0,0,0,0,1,0,0,0,2,0,0,0,2,1,1,0,4,0,0,2,0,1
1052,1,1,0,0,1,0,0,1,3,0,0,0,0,0,1,1,0,2,0,1,0,0,0,0,0,0,0,2,1,0,0,1,2,0,0,0,0,2,0,2,1,0,0,0,0,0,0,0,1,0,0,1,0,0,1,0,1,0,2,1,1,0,2,0,0,0,0,0,0,0,0,0,1,1,0,0,0,0,1,0,0,0,2,0,0,0,2,1,1,0,5,0,0,2,0,1
1053,1,1,0,0,1,0,0,1,3,0,0,0,0,0,1,1,0,2,0,1,0,0,0,0,0,0,0,2,1,0,0,1,2,0,0,0,0,2,0,2,1,0,0,0,0,0,0,0,1,0,0,1,0,0,1,0,1,0,2,1,1,0,2,0,0,0,0,0,0,0,0,0,1,1,0,0,0,0,1,0,0,0,2,0,0,0,2,1,1,0,5,0,0,2,0,1
1054,1,1,0,0,1,0,0,1,3,0,0,0,0,0,1,1,0,2,0,1,0,0,0,0,0,0,0,2,1,0,0,1,2,0,0,0,0,2,0,2,1,0,0,0,0,0,0,0,1,0,0,1,0,0,1,0,1,0,2,1,1,0,2,0,0,0,0,0,0,0,0,0,1,1,0,0,0,0,1,0,0,0,2,0,0,0,2,1,1,0,5,0,0,2,0,1
1055,1,1,0,0,1,0,0,1,3,0,0,0,0,0,1,1,0,2,0,1,0,0,0,0,0,0,0,2,1,0,0,1,2,0,0,0,0,2,0,2,1,0,0,0,0,0,0,0,1,0,0,1,0,0,1,0,1,0,2,1,1,0,2,0,0,0,0,0,0,0,0,0,1,1,0,0,0,0,1,0,0,0,2,0,0,0,2,1,1,0,5,0,0,2,0,1
1056,1,1,0,0,1,0,0,1,3,0,0,0,0,0,1,1,0,2,0,1,0,0,0,0,0,0,0,2,1,0,0,1,2,0,0,0,0,2,0,2,1,0,0,0,0,0,0,0,1,0,0,1,0,0,1,0,1,0,2,1,1,0,2,0,0,0,0,0,0,0,0,0,1,1,0,0,0,0,1,0,0,0,2,0,0,0,2,1,1,0,5,0,0,2,0,1
1057,1,1,0,0,1,0,0,1,3,0,0,0,0,0,1,1,0,2,0,1,0,0,0,0,0,0,0,2,1,0,0,1,2,0,0,0,0,2,0,2,1,0,0,0,0,0,0,0,1,0,0,1,0,0,1,0,1,0,2,1,1,0,2,0,0,0,0,0,0,0,0,0,1,1,0,0,0,0,1,0,0,0,2,0,0,0,2,1,1,0,5,0,0,2,0,1
1058,1,1,0,0,1,0,0,1,3,0,0,0,0,0,1,1,0,2,0,1,0,0,0,0,0,0,0,2,1,0,0,1,2,0,0,0,0,2,0,2,1,0,0,0,0,0,0,0,1,0,0,1,0,0,1,0,1,0,2,1,1,0,2,0,0,0,0,0,0,0,0,0,1,1,0,0,0,0,1,0,0,0,2,0,0,0,2,1,1,0,5,0,0,2,0,1
1059,1,1,0,0,1,0,0,1,3,0,0,0,0,0,1,1,0,2,0,1,0,0,0,0,0,0,0,2,1,0,0,1,2,0,0,0,0,2,0,2,1,0,0,0,0,0,0,0,1,0,0,1,0,0,1,0,1,0,2,1,1,0,2,0,0,0,0,0,0,0,0,0,1,1,0,0,0,0,1,0,0,0,2,0,0,0,2,1,1,0,5,0,0,2,0,1
1060,1,1,0,0,1,0,0,1,3,0,0,0,0,0,1,1,0,2,0,1,0,0,0,0,0,0,0,2,1,0,0,1,2,0,0,0,0,2,0,2,1,0,0,0,0,0,0,0,1,0,0,1,0,0,1,0,1,0,2,1,1,0,2,0,0,0,0,0,0,0,0,0,1,1,0,0,0,0,1,0,0,0,2,0,0,0,2,1,1,0,5,0,0,2,0,1
1061,1,1,0,0,1,0,0,1,3,0,0,0,0,0,1,1,0,2,0,1,0,0,0,0,0,0,0,2,1,0,0,1,2,0,0,0,0,2,0,2,1,0,0,0,0,0,0,0,1,0,0,1,0,0,1,0,1,0,2,1,1,0,2,0,0,0,0,0,0,0,0,0,1,1,0,0,0,0,1,0,0,0,2,0,0,0,2,1,1,0,5,0,0,2,0,1
1062,1,1,0,0,1,0,0,1,3,0,0,0,0,0,1,1,0,2,0,1,0,0,0,0,0,0,0,2,1,0,0,1,2,0,0,0,0,2,0,2,1,0,0,0,0,0,0,0,1,0,0,1,0,0,1,0,1,0,2,1,1,0,2,0,0,0,0,0,0,0,0,0,1,1,0,0,0,0,1,0,0,0,3,0,0,0,2,1,1,0,5,0,0,2,0,1
1063,1,1,0,0,1,0,0,1,3,0,0,0,0,0,1,1,0,2,0,1,0,0,0,0,0,0,0,2,1,0,0,1,2,0,0,0,0,2,0,2,1,0,0,0,0,0,0,0,1,0,0,1,0,0,1,0,1,0,2,1,1,0,2,0,0,0,0,0,0,0,0,0,1,1,0,0,0,0,1,0,0,0,3,0,0,0,2,1,1,0,5,0,0,2,0,1
1064,1,1,0,0,1,0,0,1,3,0,0,0,0,0,1,1,0,2,0,1,0,0,0,0,0,0,0,2,1,0,0,1,2,0,0,0,0,2,0,2,1,0,0,0,0,0,0,0,1,0,0,1,0,0,1,0,1,0,2,1,1,0,2,0,0,0,0,0,0,0,0,0,1,1,0,0,0,0,1,0,0,0,3,0,0,0,2,1,1,0,5,0,0,2,0,1
1065,1,1,0,0,1,0,0,1,3,0,0,0,0,0,1,1,0,2,0,1,0,0,0,0,0,0,0,2,1,0,0,1,2,0,0,0,0,2,0,2,1,0,0,0,0,0,0,0,1,0,0,1,0,0,1,0,1,0,2,1,1,0,2,0,0,0,0,0,0,0,0,0,1,1,0,0,0,0,1,0,0,0,3,0,0,0,2,1,1,0,5,0,0,2,0,1
1066,1,1,0,0,1,0,0,1,3,0,0,0,0,0,1,1,0,2,0,1,0,0,0,0,0,0,0,2,1,0,0,1,2,0,0,0,0,2,0,2,1,0,0,0,0,0,0,0,1,0,0,1,0,0,1,0,1,0,2,1,1,0,2,0,0,0,0,0,0,0,0,0,1,1,0,0,0,0,1,0,0,0,3,0,0,0,2,1,1,0,5,0,0,2,0,1
1067,1,1,0,0,1,0,0,1,3,0,0,0,0,0,1,1,0,2,0,1,0,0,0,0,0,0,0,2,1,0,0,1,2,0,0,0,0,2,0,2,1,0,0,0,0,0,0,0,1,0,0,1,0,0,1,0,1,0,2,1,1,0,2,0,0,0,0,0,0,0,0,0,1,1,0,0,0,0,1,0,0,0,3,0,0,0,2,1,1,0,5,0,0,2,0,1
1068,1,1,0,0,1,0,0,1,3,0,0,0,0,0,1,1,0,2,0,1,0,0,0,0,0,0,0,2,1,0,0,1,2,0,0,0,0,2,0,2,1,0,0,0,0,0,0,0,1,0,0,1,0,0,1,0,1,0,2,1,1,0,2,0,0,0,0,0,0,0,0,0,1,1,0,0,0,0,1,0,0,0,3,0,0,0,2,1,1,0,5,0,0,2,0,1
1069,1,1,0,0,1,0,0,1,3,0,0,0,0,0,1,1,0,2,0,1,0,0,0,0,0,0,0,2,1,0,0,1,2,0,0,0,0,2,0,2,1,0,0,0,0,0,0,0,1,0,0,1,0,0,1,0,1,0,2,1,1,0,2,0,0,0,0,0,0,0,0,0,1,1,0,0,0,0,1,0,0,0,3,0,0,0,2,1,1,0,5,0,0,2,0,1
1070,1,1,0,0,1,0,0,2,3,0,0,0,0,0,1,1,0,2,0,1,0,0,0,0,0,0,0,2,1,0,0,1,2,0,0,0,0,2,0,2,1,0,0,0,0,0,0,0,1,0,0,1,0,0,1,0,1,0,2,1,1,0,2,0,0,0,0,0,0,0,0,0,1,1,0,0,0,0,1,0,0,0,3,0,0,0,2,1,1,0,5,0,0,2,0,1
1071,1,1,0,0,1,0,0,2,3,0,0,0,0,0,1,1,0,2,0,1,0,0,0,0,0,0,0,2,1,0,0,1,2,0,0,0,0,2,0,2,1,0,0,0,0,0,0,0,1,0,0,1,0,0,1,0,1,0,2,1,1,0,2,0,0,0,0,0,0,0,0,0,1,1,0,0,0,0,1,0,0,0,3,0,0,0,2,1,1,0,5,0,0,2,0,1
1072,1,1,0,0,1,0,0,2,3,0,0,0,0,0,1,1,0,2,0,1,0,0,0,0,0,0,0,2,1,0,0,1,2,0,0,0,0,2,0,2,1,0,0,0,0,0,0,0,1,0,0,1,0,0,1,0,1,0,2,1,1,0,2,0,0,0,0,0,0,0,0,0,1,1,0,0,0,0,1,0,0,0,3,0,0,0,2,1,1,0,5,0,0,2,0,1
1073,1,1,0,0,1,0,0,2,3,0,0,0,0,0,1,1,0,2,0,1,0,0,0,0,0,0,0,2,1,0,0,1,2,0,0,0,0,2,0,2,1,0,0,0,0,0,0,0,1,0,0,1,0,0,1,0,1,0,2,1,1,0,2,0,0,0,0,0,0,0,0,0,1,1,0,0,0,0,1,0,0,0,3,0,0,0,2,1,1,0,5,0,0,2,0,1
1074,1,1,0,0,1,0,0,2,3,0,0,0,0,0,1,1,0,2,0,1,0,0,0,0,0,0,0,2,1,0,0,1,2,0,0,0,0,2,0,2,1,0,0,0,0,0,0,0,1,0,0,1,0,0,1,0,1,0,2,1,1,0,2,0,0,0,0,0,0,0,0,0,1,1,0,0,0,0,1,0,0,0,3,0,0,0,2,1,1,0,5,0,0,2,0,1
1075,1,1,0,0,1,0,0,2,3,0,0,0,0,0,1,1,0,2,0,1,0,0,0,0,0,0,0,2,1,0,0,1,2,0,0,0,0,2,0,2,1,0,0,0,0,0,0,0,1,0,0,1,0,0,1,0,1,0,2,1,1,0,2,0,0,0,0,0,0,0,0,0,1,1,0,0,0,0,1,0,0,0,3,0,0,0,2,1,1,0,5,0,0,2,0,1
1076,1,1,0,0,1,0,0,2,3,0,0,0,0,0,1,1,0,2,0,1,0,0,0,0,0,0,0,2,1,0,0,1,2,0,0,0,0,2,0,2,1,0,0,0,0,0,0,0,1,0,0,1,0,0,1,0,1,0,2,1,1,0,2,0,0,0,0,0,0,0,0,0,1,1,0,0,0,0,1,0,0,0,3,0,0,0,2,1,1,0,5,0,0,2,0,1
1077,1,1,0,0,1,0,0,2,3,0,0,0,0,0,1,1,0,2,0,1,0,0,0,0,0,0,0,2,1,0,0,1,2,0,0,0,0,2,0,2,1,0,0,0,0,0,0,0,1,0,0,1,0,0,1,0,1,0,2,1,1,0,2,0,0,0,0,0,0,0,0,0,1,1,0,0,0,0,1,0,0,0,3,0,0,0,2,1,1,0,5,0,0,2,0,1
1078,1,1,0,0,1,0,0,2,3,0,0,0,0,0,1,1,0,2,0,1,0,0,0,0,0,0,0,2,1,0,0,1,2,0,0,0,0,2,0,2,1,0,0,0,0,0,0,0,1,0,0,1,0,0,1,0,1,0,2,1,1,0,2,0,0,0,0,0,0,0,0,0,1,1,0,0,0,0,1,0,0,0,3,0,0,0,2,1,1,0,5,0,0,2,0,1
1079,1,1,0,0,1,0,0,2,3,0,0,0,0,0,1,1,0,2,0,1,0,0,0,0,0,0,0,2,1,0,0,1,2,0,0,0,0,2,0,2,1,0,0,0,0,0,0,0,1,0,0,1,0,0,1,0,1,0,2,1,1,0,2,0,0,0,0,0,0,0,0,0,1,1,0,0,0,0,1,0,0,0,3,0,0,0,2,1,1,0,5,0,0,2,0,1
1080,1,1,0,0,1,0,0,2,3,0,0,0,0,0,1,1,0,2,0,1,0,0,0,0,0,0,0,2,1,0,0,1,2,0,0,0,0,2,0,2,1,0,0,0,0,0,0,0,1,0,0,1,0,0,1,0,1,0,2,1,1,0,2,0,0,0,0,0,0,0,0,0,1,1,0,0,0,0,1,0,0,0,3,0,0,0,2,1,1,0,5,0,0,2,0,1
1081,1,1,0,0,1,0,0,2,3,0,0,0,0,0,1,1,0,2,0,1,0,1,0,0,0,0,0,2,1,0,0,1,2,0,0,0,0,2,0,2,1,0,0,0,0,0,0,0,1,0,0,1,0,0,1,0,1,0,2,1,1,0,2,0,0,0,0,0,0,0,0,0,1,1,0,0,0,0,1,0,0,0,3,0,0,0,2,1,1,0,5,0,0,2,0,1
1082,1,1,0,0,1,0,0,2,3,0,0,0,0,0,1,1,0,2,0,1,0,1,0,0,0,0,0,2,1,0,0,1,2,0,0,0,0,2,0,2,1,0,0,0,0,0,0,0,1,0,0,1,0,0,1,0,1,0,2,1,1,0,2,0,0,0,0,0,0,0,0,0,1,1,0,0,0,0,1,0,0,0,3,0,0,0,2,1,1,0,5,0,0,2,0,1
1083,1,1,0,0,1,0,0,2,3,0,0,0,0,0,1,1,0,2,0,1,0,1,0,0,0,0,0,2,1,0,0,1,2,0,0,0,0,2,0,2,1,0,0,0,0,0,0,0,1,0,0,1,0,0,1,0,1,0,2,1,1,0,2,0,0,0,0,0,0,0,0,0,1,1,0,0,0,0,1,0,0,0,3,0,0,0,2,1,1,0,5,0,0,2,0,1
1084,1,1,0,0,1,0,0,2,3,0,0,0,0,0,1,1,0,2,0,1,0,1,0,0,0,0,0,2,1,0,0,1,2,0,0,0,0,2,0,2,1,0,0,0,0,0,0,0,1,0,0,1,0,0,1,0,1,0,2,1,1,0,2,0,0,0,0,0,0,0,0,0,1,1,0,0,0,0,1,0,0,0,3,0,0,0,2,1,1,0,5,0,0,2,0,1
1085,1,1,0,0,1,0,0,2,3,0,0,0,0,0,1,1,0,2,0,1,0,1,0,0,0,0,0,2,1,0,0,1,2,0,0,0,0,2,0,2,1,0,0,0,0,0,0,0,1,0,0,1,0,0,1,0,1,0,2,1,1,0,2,0,0,0,0,0,0,0,0,0,1,1,0,0,0,0,1,0,0,0,3,0,0,0,2,1,1,0,5,0,0,2,0,1
1086,1,1,0,0,1,0,0,2,3,0,0,0,0,0,1,1,0,2,0,1,0,1,0,0,0,0,0,2,1,0,0,1,2,0,0,0,0,2,0,2,1,0,0,0,0,0,0,0,1,0,0,1,0,0,1,0,1,0,2,1,1,0,2,0,0,0,0,0,0,0,0,0,1,1,0,0,0,0,1,0,0,0,3,0,0,0,2,1,1,0,5,0,0,2,0,1
1087,1,1,0,0,1,0,0,2,3,0,0,0,0,0,1,1,0,2,0,1,0,1,0,0,0,0,0,2,1,0,0,1,2,0,0,0,0,2,0,2,1,0,0,0,0,0,0,0,1,0,0,1,0,0,1,0,1,0,2,1,1,0,2,0,0,0,0,0,0,0,0,0,1,1,0,0,0,0,1,0,0,0,3,0,0,0,2,1,1,0,5,0,0,2,0,1
1088,1,1,0,0,1,0,0,2,3,0,0,0,0,0,1,1,0,2,0,1,0,1,0,0,0,0,0,2,1,0,0,1,2,0,0,0,0,2,0,2,1,0,0,0,0,0,0,0,1,0,0,1,0,0,1,0,1,0,2,1,1,0,2,0,0,0,0,0,0,0,0,0,1,1,0,0,0,0,1,0,0,0,3,0,0,0,2,1,1,0,5,0,0,2,0,1
1089,1,1,0,0,1,0,0,2,3,0,0,0,0,0,1,1,0,2,0,1,0,1,0,0,0,0,0,2,1,0,0,1,2,0,0,0,0,2,0,2,1,0,0,0,0,0,0,0,1,0,0,1,0,0,1,0,1,0,2,1,1,0,2,0,0,0,0,0,0,0,0,0,1,1,0,0,0,0,1,0,0,0,3,0,0,0,2,1,1,0,5,0,0,2,0,1
1090,1,1,0,0,1,0,0,2,3,0,0,0,0,0,1,1,0,2,0,1,0,1,0,0,0,0,0,2,1,0,0,1,2,0,0,0,0,2,0,2,1,0,0,0,0,0,0,0,1,0,0,1,0,0,1,0,1,0,2,1,1,0,2,0,0,0,0,0,0,0,0,0,1,1,0,0,0,0,1,0,0,0,3,0,0,0,2,1,1,0,5,0,0,2,0,1
1091,1,1,0,0,1,0,0,2,3,0,0,0,0,0,1,1,0,2,0,1,0,1,0,0,0,0,0,2,1,0,0,1,2,0,0,0,0,2,0,2,1,0,0,0,0,0,0,0,1,0,0,1,0,0,1,0,1,0,2,1,1,0,2,0,0,0,0,0,0,0,0,0,1,1,0,0,0,0,1,0,0,0,3,0,0,0,2,1,1,0,5,0,0,2,0,1
1092,1,1,0,0,1,0,0,2,3,0,0,0,0,0,1,1,0,2,0,1,0,1,0,0,0,0,0,2,1,0,0,1,2,0,0,0,0,2,0,2,1,0,0,0,0,0,0,0,1,0,0,1,0,0,1,0,1,0,2,1,1,0,2,0,0,0,0,0,0,0,0,0,1,1,0,0,0,0,1,0,0,0,3,0,0,0,2,1,1,0,5,0,0,2,0,1
1093,1,1,0,0,1,0,0,2,3,0,0,0,0,0,1,1,0,2,0,1,0,1,0,0,0,0,0,2,1,0,0,1,2,0,0,0,0,2,0,2,1,0,0,0,0,0,0,0,1,0,0,1,0,0,1,0,1,0,2,1,1,0,2,0,0,0,0,0,0,0,0,0,1,1,0,0,0,0,1,0,0,0,3,0,0,0,2,1,1,0,5,0,0,2,0,1
1094,1,1,0,0,1,0,0,2,3,0,0,0,0,0,1,1,0,2,0,1,0,1,0,0,0,0,0,2,1,0,0,1,2,0,0,0,0,2,0,2,1,0,0,0,0,0,0,0,1,0,0,1,0,0,1,0,1,1,2,1,1,0,2,0,0,0,0,0,0,0,0,0,1,1,0,0,0,0,1,0,0,0,3,0,0,0,2,1,1,0,5,0,0,2,0,1
1095,1,1,0,0,1,0,0,2,3,0,0,0,0,0,1,1,0,2,0,1,0,1,0,0,0,0,0,2,1,0,0,1,2,0,0,0,0,2,0,2,1,0,0,0,0,0,0,0,1,0,0,1,0,0,1,0,1,1,2,1,1,0,2,0,0,0,0,0,0,0,0,0,1,1,0,0,0,0,1,0,0,0,3,0,0,0,2,1,1,0,5,0,0,2,0,1
1096,1,1,0,0,1,0,0,2,3,0,0,0,0,0,1,1,0,2,0,1,0,1,0,0,0,0,0,2,1,0,0,1,2,0,0,0,0,2,0,2,1,0,0,0,0,0,0,0,1,0,0,1,0,0,1,0,1,1,2,1,1,0,2,0,0,0,0,0,0,0,0,0,1,1,0,0,0,0,1,0,0,0,3,0,0,0,2,1,1,0,5,0,0,2,0,1
1097,1,1,0,0,1,0,0,2,3,0,0,0,0,0,1,1,0,2,0,1,0,1,0,0,0,0,0,2,1,0,0,1,2,0,0,0,0,2,0,2,1,0,0,0,0,0,0,0,1,0,0,1,0,0,1,0,1,1,2,1,1,0,2,0,0,0,0,0,0,0,0,0,1,1,0,0,0,0,1,0,0,0,3,0,0,0,2,1,1,0,5,0,0,2,0,1
1098,1,1,0,0,1,0,0,2,3,0,0,0,0,0,1,1,0,2,0,1,0,1,0,0,0,0,0,2,1,0,0,1,2,0,0,0,0,2,0,2,1,0,0,0,0,0,0,0,1,0,0,1,0,0,1,0,1,1,2,1,1,0,2,0,0,0,0,0,0,0,0,0,1,1,0,0,0,0,1,0,0,0,3,0,0,0,2,1,1,0,5,0,0,2,0,1
1099,1,1,0,0,1,0,0,2,3,0,0,0,0,0,1,1,0,2,0,1,0,1,0,0,0,0,0,2,1,0,0,1,2,0,0,0,0,2,0,2,1,0,0,0,0,0,0,0,1,0,0,1,0,0,1,0,1,1,2,1,1,0,2,0,0,0,0,0,0,0,0,0,1,1,0,0,0,0,1,0,0,0,3,0,0,0,2,1,1,0,5,0,0,2,0,1
1100,1,1,0,0,1,0,0,2,3,0,0,0,0,0,1,1,0,2,0,1,0,1,0,0,0,0,0,2,1,0,0,1,2,0,0,0,0,2,0,2,1,0,0,0,0,0,0,0,1,0,0,1,0,0,1,0,1,1,2,1,1,0,2,0,0,0,0,0,0,0,0,0,1,1,0,0,0,0,1,0,0,0,3,0,0,0,2,1,1,0,5,0,0,2,0,1
1101,1,1,0,0,1,0,0,2,3,0,0,0,0,0,1,1,0,2,0,1,0,1,0,0,0,0,0,2,1,0,0,1,2,0,0,0,0,2,0,2,1,0,0,0,1,0,0,0,1,0,0,1,0,0,1,0,1,1,2,1,1,0,2,0,0,0,0,0,0,0,0,0,1,1,0,0,0,0,1,0,0,0,3,0,0,0,2,1,1,0,5,0,0,2,0,1
1102,1,1,0,0,1,0,0,2,3,0,0,0,0,0,1,1,0,2,0,1,0,1,0,0,0,0,0,2,1,0,0,1,2,0,0,0,0,2,0,2,1,0,0,0,1,0,0,0,1,0,0,1,0,0,1,0,1,1,2,1,1,0,2,0,0,0,0,0,0,0,0,0,1,1,0,0,0,0,1,0,0,0,3,0,0,0,2,1,1,0,5,0,0,2,0,1
1103,1,1,0,0,1,0,0,2,3,0,0,0,0,0,1,1,0,2,0,1,0,1,0,0,0,0,0,2,1,0,0,1,2,0,0,0,0,2,0,2,1,0,0,0,1,0,0,0,1,0,0,1,0,0,1,0,1,1,2,1,1,0,2,0,0,0,0,0,0,0,0,0,1,1,0,0,0,0,1,0,0,0,3,0,0,0,2,1,1,0,5,0,0,2,0,1
1104,1,1,0,0,1,0,0,2,3,0,0,0,0,0,1,1,0,2,0,1,0,1,0,0,0,0,0,2,1,0,0,1,2,0,0,0,0,2,0,2,1,0,0,0,1,0,0,0,1,0,0,1,0,0,1,0,1,1,2,1,1,0,2,0,0,0,0,0,0,0,0,0,1,1,0,0,0,0,1,0,0,0,3,0,0,0,2,1,1,0,5,0,0,2,0,1
1105,1,1,0,0,1,0,0,2,3,0,0,0,0,0,1,1,0,2,0,1,0,1,0,0,0,0,0,2,1,0,0,1,2,0,0,0,0,2,0,2,1,0,0,0,1,0,0,0,1,0,0,1,0,0,1,0,1,1,2,1,1,0,2,0,0,0,0,0,0,0,0,0,1,1,0,0,0,0,1,0,0,0,3,0,0,0,2,1,1,0,5,0,0,2,0,1
1106,1,1,0,0,1,0,0,2,3,0,0,0,0,0,1,1,0,2,0,1,0,1,0,0,0,0,0,2,1,0,0,1,2,0,0,0,0,2,0,2,1,0,0,0,1,0,0,0,1,0,0,1,0,0,1,0,1,1,2,1,1,0,2,0,0,0,0,0,0,0,0,0,1,1,0,0,0,0,1,0,0,0,3,0,0,0,2,1,1,0,5,0,0,2,0,1
1107,1,1,0,0,1,0,0,2,3,0,0,0,0,0,1,1,0,2,0,1,0,1,0,0,0,0,0,2,1,0,0,1,2,0,0,0,0,2,0,2,1,0,0,0,1,0,0,0,1,0,0,1,0,0,1,0,1,1,2,1,1,0,2,0,0,0,0,0,0,0,0,0,1,1,0,0,0,0,1,0,0,0,3,0,0,0,2,1,1,0,5,0,0,2,0,1
1108,1,1,0,0,1,0,0,2,3,0,0,0,0,0,1,1,0,2,0,1,0,1,0,0,0,0,0,2,1,0,0,1,2,0,0,0,0,2,0,2,1,0,0,0,1,0,0,0,1,0,0,1,0,0,1,0,1,1,2,1,1,0,2,0,0,0,0,0,0,0,0,0,1,1,0,0,0,0,1,0,0,0,3,0,0,0,2,1,1,0,5,0,0,2,0,1
1109,1,1,0,0,1,0,0,2,3,0,0,0,0,0,1,1,0,2,0,1,0,1,0,0,0,0,0,2,1,0,0,1,2,0,0,0,0,2,0,2,1,0,0,0,1,0,0,0,1,0,0,1,0,0,1,0,1,1,2,1,1,0,2,0,0,0,0,0,0,0,0,0,1,1,0,0,0,0,1,0,0,0,3,0,0,0,2,1,1,0,5,0,1,2,0,1
1110,1,1,0,0,1,0,0,2,3,0,0,0,0,0,1,1,0,2,0,1,0,1,0,0,0,0,0,2,1,0,0,1,2,1,0,0,0,2,0,2,1,0,0,0,1,0,0,0,1,0,0,1,0,0,1,0,1,1,2,1,1,0,2,0,0,0,0,0,0,0,0,0,1,1,0,0,0,0,1,0,0,0,3,0,0,0,3,1,1,0,5,0,1,2,0,1
1111,1,1,0,0,1,0,0,2,3,0,0,0,0,0,1,1,0,2,0,1,0,1,0,0,0,0,0,2,1,0,0,1,2,1,0,0,0,2,0,2,1,0,0,0,1,0,0,0,1,0,0,1,0,0,1,0,1,1,2,1,1,0,2,0,0,0,0,0,0,0,0,0,1,1,0,0,0,0,1,0,0,0,3,0,0,0,3,1,1,0,5,0,1,2,0,1
1112,1,1,0,0,1,0,0,2,3,0,0,0,0,0,1,1,0,2,0,1,0,1,0,0,0,0,0,2,1,0,0,1,2,1,0,0,0,2,0,2,1,0,0,0,1,0,0,0,1,0,0,1,0,0,1,0,1,1,2,1,1,0,2,0,0,0,0,0,0,0,0,0,1,1,0,0,0,0,1,0,0,0,3,0,0,0,3,1,1,0,5,0,1,2,0,1
1113,1,1,0,0,1,0,0,2,3,0,0,0,0,0,1,1,0,2,0,1,0,1,0,0,0,0,0,2,1,0,0,1,2,1,0,0,0,2,0,2,1,0,0,0,1,0,0,0,1,0,0,1,0,0,1,0,1,1,2,1,1,0,2,0,0,0,0,0,0,0,0,0,1,1,0,0,0,0,1,0,0,0,3,0,0,0,3,1,1,0,5,0,1,2,0,2
1114,1,1,0,0,1,0,0,2,4,0,0,0,0,0,1,1,0,2,0,1,0,1,0,0,0,0,0,2,1,0,0,1,2,1,0,0,0,2,0,2,1,0,0,0,1,0,0,0,1,0,0,1,0,0,1,0,1,1,2,1,1,0,2,0,0,0,0,0,0,0,0,0,1,1,0,0,0,0,1,0,0,0,3,0,0,0,3,1,1,0,5,0,1,2,0,2
1115,1,1,0,0,1,0,0,2,4,0,0,0,0,0,1,1,0,2,0,1,0,1,0,0,0,0,0,2,1,0,0,1,2,1,0,0,0,2,0,2,1,0,0,0,1,0,0,0,1,0,0,1,0,0,1,0,1,2,2,1,1,0,2,0,0,0,0,0,0,0,0,0,1,1,0,0,0,0,1,0,0,0,3,0,0,0,3,1,1,0,5,0,1,2,0,2
1116,1,1,0,0,1,0,0,2,4,0,0,0,0,0,1,1,0,2,0,1,0,1,0,0,0,0,0,2,1,0,0,1,2,1,0,0,0,2,0,2,1,0,0,0,1,0,0,0,1,0,0,1,0,0,1,0,1,2,2,1,1,0,2,0,0,0,0,0,0,0,1,0,1,1,0,0,0,0,1,0,0,0,3,0,0,0,3,1,1,0,5,0,1,2,0,2
1117,1,1,0,0,1,0,0,2,4,0,0,0,0,0,1,1,0,2,0,1,0,1,0,0,0,0,0,2,1,0,0,1,2,1,0,0,0,2,0,2,1,0,0,0,1,0,0,0,1,0,0,1,0,0,1,0,1,2,2,1,1,0,2,0,0,0,0,0,0,0,1,0,1,1,0,0,0,0,1,0,0,0,3,0,0,0,3,1,1,0,5,0,1,2,0,2
1118,1,1,0,0,1,0,0,2,4,0,0,0,0,0,1,1,0,2,0,1,0,1,0,0,0,0,0,2,1,0,0,1,2,1,0,0,0,2,0,2,1,0,0,0,1,0,0,0,1,0,0,1,0,0,1,0,1,2,2,1,1,0,2,0,0,0,0,0,0,0,1,0,1,1,0,0,0,0,1,0,0,0,3,0,0,0,3,1,1,0,5,0,1,2,0,2
1119,1,1,0,0,1,0,0,2,4,0,0,0,0,0,1,1,0,2,0,1,0,1,0,0,0,0,0,2,1,0,0,1,2,1,0,0,0,2,0,2,1,0,0,0,1,0,0,0,1,0,0,1,0,0,1,0,1,2,2,1,1,0,2,0,0,0,0,0,0,0,1,0,1,1,0,0,0,0,1,0,0,0,3,0,0,0,3,1,1,0,5,0,1,2,0,2
1120,1,1,0,0,1,0,0,2,4,0,0,0,0,0,1,1,0,2,0,1,0,1,0,0,0,0,0,2,1,0,0,1,2,1,0,0,0,2,0,2,1,0,0,0,1,0,0,0,1,0,0,1,0,0,1,0,1,2,2,1,1,0,2,0,0,0,0,0,0,0,1,0,1,1,0,0,0,0,1,0,0,0,3,0,0,0,3,1,1,0,5,0,1,2,0,2
1121,1,1,0,0,1,0,0,2,4,0,0,0,0,0,1,1,0,2,0,1,0,1,0,0,0,0,0,2,1,0,0,1,2,1,0,0,0,2,0,2,1,0,0,0,1,0,0,0,1,0,0,1,0,0,1,0,1,2,2,1,1,0,2,0,0,0,0,0,0,0,1,0,1,1,0,0,0,0,1,0,0,0,3,0,0,0,3,1,1,0,5,0,1,2,0,2
1122,1,1,0,0,1,0,0,2,4,0,0,0,0,0,1,1,0,2,0,1,0,1,0,0,0,0,0,2,1,0,0,1,2,1,0,0,0,2,0,2,1,0,0,0,1,0,0,1,1,0,0,1,0,0,1,0,1,2,2,1,1,0,2,0,0,0,0,0,0,0,1,0,1,1,0,0,0,0,1,0,0,0,3,0,0,0,3,1,1,0,5,0,1,2,0,2
1123,1,1,0,0,1,0,0,2,4,0,0,0,0,0,1,1,0,2,0,1,0,1,0,0,0,0,0,2,1,0,0,1,2,1,0,0,0,2,0,2,1,0,0,0,1,0,0,1,1,0,0,1,0,0,1,0,1,2,2,1,1,0,2,0,0,0,0,0,0,0,1,0,1,1,0,0,0,0,1,0,0,0,3,0,0,0,3,1,1,0,5,0,1,2,0,2
1124,1,1,0,0,1,0,0,2,4,0,0,0,0,0,1,1,0,2,0,1,0,1,0,0,0,0,0,2,1,0,0,1,2,1,0,0,0,2,0,2,1,0,0,0,1,0,0,1,1,0,0,1,0,0,1,0,1,2,2,1,1,0,2,0,0,0,0,0,0,0,1,0,1,1,0,0,0,0,1,0,0,0,3,0,0,0,3,1,1,0,5,0,1,2,0,2
1125,1,1,0,0,1,0,0,2,4,0,0,0,0,0,1,1,0,2,0,1,0,1,0,0,0,0,0,2,1,0,0,1,3,1,0,0,0,2,0,2,1,0,0,0,1,0,0,1,1,0,0,1,0,0,1,0,1,2,2,1,1,0,2,0,0,0,0,0,0,0,1,0,1,1,0,0,0,0,1,0,0,0,3,0,0,0,3,1,1,0,5,0,1,2,0,2
1126,1,1,0,0,1,0,0,2,4,0,0,0,0,0,1,1,0,2,0,1,0,1,0,0,0,0,0,2,1,0,0,1,3,1,0,0,0,2,0,2,1,0,0,0,1,0,0,1,1,0,0,1,0,0,1,0,1,2,2,1,1,0,2,0,0,0,0,0,0,0,1,0,1,1,0,0,0,0,1,0,0,0,3,0,0,0,3,1,1,0,5,0,1,2,0,2
1127,1,1,0,0,1,0,0,2,4,0,0,0,0,0,1,1,0,2,0,1,0,1,0,0,0,0,0,2,1,0,0,1,3,1,0,0,0,2,0,2,1,0,0,0,1,0,0,1,1,0,0,1,0,0,1,0,1,2,2,1,1,0,2,0,0,0,0,0,0,0,1,0,1,1,0,0,0,0,1,0,0,0,3,0,0,0,3,1,1,0,5,0,1,2,0,2
1128,1,1,0,0,1,0,0,2,4,0,0,0,0,0,1,1,0,2,0,1,0,1,0,0,0,0,0,2,1,0,0,1,3,1,0,0,0,2,0,2,1,0,0,0,1,0,0,1,1,0,0,1,0,0,1,0,1,2,2,1,1,0,2,0,0,0,0,0,0,0,1,0,1,1,0,0,0,0,1,0,0,0,3,0,0,0,3,1,1,0,5,0,1,2,0,2
1129,1,1,0,0,1,0,0,2,4,0,0,0,0,0,1,1,0,2,0,1,0,1,0,0,0,0,0,2,1,0,0,1,3,1,0,0,0,2,0,2,1,0,0,0,1,0,0,1,1,0,0,1,0,0,1,0,1,2,2,1,1,0,2,0,0,0,0,0,0,0,2,0,1,1,0,0,0,0,1,0,0,0,3,0,0,0,3,1,1,0,5,0,1,2,0,2
1130,1,1,0,0,1,0,0,2,4,0,0,0,0,0,1,1,0,2,0,1,0,1,0,0,0,0,0,2,1,0,0,1,3,1,0,0,0,2,0,2,1,0,0,0,1,0,0,1,1,0,0,1,0,0,1,0,1,2,2,1,1,0,2,0,0,0,0,0,0,0,2,0,1,1,0,0,0,0,1,0,0,0,3,0,0,0,3,2,1,0,5,0,1,2,0,2
1131,1,1,0,0,1,0,0,2,4,0,0,0,0,0,1,1,0,2,0,1,0,1,0,0,0,0,0,2,1,0,0,1,3,1,0,0,0,2,0,2,1,0,0,0,1,0,0,1,1,0,0,1,0,0,1,0,1,2,2,1,1,0,2,0,0,0,1,0,0,0,2,0,1,1,0,0,0,0,1,0,0,0,3,0,0,0,3,2,1,0,5,0,1,2,0,2
1132,1,1,0,0,1,0,0,2,4,0,0,0,0,0,1,1,0,2,0,1,0,1,0,0,0,0,0,2,1,0,0,1,3,1,0,0,0,2,0,2,1,0,0,0,1,0,0,1,1,0,0,1,0,0,1,0,1,2,2,1,1,0,2,0,0,0,1,0,0,0,2,0,1,1,0,0,0,0,1,0,0,0,3,0,0,0,3,2,1,0,5,0,1,2,0,2
1133,1,1,0,0,1,0,0,2,4,0,0,0,0,0,1,1,0,2,0,1,0,1,0,0,0,0,0,2,1,0,0,1,3,1,0,0,0,2,0,2,1,0,0,0,1,0,0,1,1,0,0,1,0,0,1,0,1,2,2,1,1,0,2,0,0,0,1,0,0,0,2,0,1,1,0,0,0,0,1,0,0,0,3,0,0,0,3,2,1,0,5,0,1,2,0,2
1134,1,1,0,0,1,0,0,2,4,0,0,0,0,0,1,1,0,2,0,1,0,1,0,0,0,0,0,2,1,0,0,1,3,1,0,0,0,2,0,2,1,0,0,0,1,0,0,1,1,0,0,1,0,0,1,0,1,2,2,1,1,0,2,0,0,0,1,0,0,0,2,0,1,1,0,0,0,0,1,0,0,0,3,0,0,0,3,2,1,0,5,0,1,2,0,2
1135,1,1,0,0,1,0,0,2,4,0,0,0,0,0,1,2,0,2,0,1,0,1,0,0,0,0,0,2,1,0,0,1,3,1,0,0,0,2,0,2,1,0,0,0,1,0,0,1,1,0,0,1,0,0,1,0,1,2,2,1,1,0,2,0,0,0,1,0,0,0,2,0,1,1,0,0,0,0,1,0,0,0,3,0,0,0,3,2,1,0,5,0,1,2,0,2
1136,1,1,0,0,1,0,0,2,4,0,0,0,0,0,1,2,0,2,0,1,0,1,0,0,0,0,0,2,1,0,0,1,3,1,0,0,0,2,0,2,1,0,0,0,1,0,0,1,1,0,0,1,0,0,1,0,1,2,2,1,1,0,2,0,0,0,1,0,0,0,2,0,1,1,0,0,0,0,1,0,0,0,3,0,0,0,3,2,1,0,5,0,1,2,0,2
1137,1,1,0,0,1,0,0,2,4,0,0,0,0,0,1,2,0,2,0,1,0,1,0,0,0,0,0,2,2,0,0,1,3,1,0,0,0,2,0,2,1,0,0,0,1,0,0,1,1,0,0,1,0,0,1,0,1,2,2,1,1,0,2,0,0,0,1,0,0,0,2,0,1,1,0,0,0,0,1,0,0,0,3,0,0,0,3,2,1,0,5,0,1,2,0,2
1138,1,1,0,0,1,0,0,2,4,0,0,0,0,0,1,2,0,2,0,1,0,1,0,0,0,0,0,2,2,0,0,1,3,1,0,0,0,2,0,2,1,0,0,0,1,0,0,1,1,0,0,1,0,0,1,0,1,2,2,1,1,0,2,0,0,0,1,0,0,0,2,0,1,1,0,0,0,0,1,0,0,0,3,0,0,0,3,2,1,0,5,0,1,2,0,2
1139,1,1,0,0,1,0,0,2,4,0,0,0,0,0,1,2,0,2,0,1,0,1,0,0,0,0,0,2,2,0,0,1,3,1,0,0,0,2,0,2,1,0,0,0,1,0,0,1,1,0,0,1,0,0,1,0,1,2,2,1,1,0,2,0,0,0,1,0,0,0,2,0,1,1,0,0,0,0,1,0,0,0,3,0,0,0,3,2,1,0,5,0,1,2,0,2
1140,1,1,0,0,1,0,0,2,4,0,0,0,0,0,1,2,0,2,0,1,0,1,0,0,0,0,0,2,2,0,0,1,3,1,0,0,0,2,0,2,1,0,0,0,1,0,0,1,1,0,0,1,0,0,1,0,1,2,2,1,1,0,2,0,0,0,1,0,0,0,2,0,1,1,0,0,0,0,1,0,0,0,3,0,0,0,3,2,1,0,5,0,1,2,1,2
1141,1,1,0,0,1,0,0,2,4,0,0,0,0,0,1,2,0,2,0,1,0,1,0,0,0,0,0,2,2,0,0,1,3,1,0,0,0,2,0,2,1,0,0,0,1,0,0,1,1,0,0,1,0,0,1,0,1,2,2,1,1,0,2,0,0,1,1,0,0,0,2,0,1,1,0,0,0,0,1,0,0,0,3,0,0,0,3,2,1,0,5,0,1,2,1,2
1142,1,1,0,0,1,0,0,2,4,0,0,0,0,0,1,2,0,2,0,1,0,1,0,0,0,0,0,2,2,0,1,1,3,1,0,0,0,2,0,2,1,0,0,0,1,0,0,1,1,0,0,1,0,0,1,0,1,2,2,1,1,0,2,0,0,1,1,0,0,0,2,0,1,1,0,0,0,0,1,0,0,0,3,0,0,0,3,2,1,0,5,0,1,2,1,2
1143,1,1,0,0,1,0,0,2,5,0,0,0,0,0,1,2,0,2,0,1,0,1,0,0,0,0,0,2,2,0,1,1,3,1,0,0,0,2,0,2,1,0,0,0,1,0,0,1,1,0,0,1,0,0,1,0,1,2,2,1,1,0,2,0,0,1,1,0,0,0,2,0,1,1,0,0,0,0,1,0,0,0,3,0,0,0,3,2,1,0,5,0,1,2,1,2
1144,1,1,0,0,1,0,0,2,5,0,0,0,0,0,1,2,0,2,0,1,0,1,0,0,0,0,0,2,2,0,1,1,3,1,0,0,0,2,0,2,1,0,0,0,1,0,0,1,1,0,0,1,0,0,1,0,1,2,2,1,1,0,2,1,0,1,1,0,0,0,2,0,1,1,0,0,0,0,1,0,0,0,3,0,0,0,3,2,1,0,5,0,1,2,1,2
1145,1,1,0,0,1,0,0,2,5,0,0,0,0,0,1,2,0,2,0,1,0,1,0,0,0,0,0,2,2,0,1,1,3,1,0,0,0,2,0,2,1,0,0,0,1,0,0,1,1,0,0,1,0,0,1,0,1,2,2,1,1,0,2,1,0,1,1,0,0,0,2,0,1,1,0,0,0,0,1,0,0,0,3,0,0,0,3,2,1,0,5,0,1,2,1,2
1146,1,1,0,0,1,0,0,2,5,0,0,0,0,0,1,2,0,2,0,1,0,1,0,0,0,0,0,2,2,0,1,1,3,1,0,0,0,2,0,2,1,0,0,0,1,0,0,1,1,0,0,1,0,0,1,0,1,2,2,1,1,0,2,1,0,1,1,0,0,0,2,0,1,1,0,0,0,0,1,0,0,0,3,0,0,0,3,2,1,0,5,0,1,2,1,2
1147,1,1,0,0,1,0,0,2,5,0,0,0,0,0,1,2,0,2,0,1,0,1,0,0,0,0,0,2,2,0,1,1,3,1,0,0,0,2,0,2,1,0,0,0,1,0,0,1,1,0,0,1,0,0,1,0,1,2,2,1,1,0,2,1,0,1,1,0,0,0,2,0,1,1,0,0,0,0,1,0,0,0,3,0,0,0,3,2,1,0,5,0,1,2,1,2
1148,1,1,0,0,1,0,0,2,5,0,0,0,0,0,1,2,0,2,0,1,0,1,0,0,0,0,0,2,2,0,1,1,3,1,0,0,0,2,0,2,1,0,0,0,1,0,0,1,1,0,0,1,0,0,1,0,1,2,2,1,1,0,2,1,0,1,1,0,0,0,2,0,1,1,0,0,0,0,1,0,0,0,3,0,0,0,3,2,1,0,5,0,1,2,1,2
1149,1,1,0,0,1,0,0,2,5,0,0,0,0,0,1,2,0,2,0,1,0,1,0,0,0,0,0,2,2,0,1,1,3,1,0,0,0,2,0,2,1,0,0,0,1,0,0,1,1,0,0,1,0,0,1,0,1,2,2,1,1,0,2,1,0,1,1,0,0,0,2,0,1,1,0,0,0,0,1,0,0,0,3,0,0,0,3,2,1,0,5,0,1,2,1,2
1150,1,1,0,0,1,0,0,3,5,0,0,0,0,0,1,2,0,2,0,1,0,1,0,0,0,0,0,3,2,0,1,1,3,1,0,0,0,2,0,2,1,0,0,0,1,0,0,1,1,0,0,1,0,0,1,0,1,2,2,1,1,0,2,1,0,1,1,0,0,0,2,0,1,1,0,0,0,0,1,0,0,0,3,0,0,0,3,2,1,0,5,0,1,2,1,2
1151,1,1,0,0,1,0,0,3,5,0,0,0,0,0,1,2,0,2,0,1,0,1,0,0,0,0,0,3,2,0,1,1,3,1,0,0,0,2,0,2,1,0,0,0,1,0,0,1,1,0,0,1,0,0,1,0,1,2,2,1,1,0,2,1,0,1,1,0,0,0,2,0,1,1,0,0,0,0,1,0,0,0,3,0,0,0,3,2,1,0,5,0,1,2,1,2
1152,1,1,0,0,1,0,0,3,5,0,0,0,0,0,1,2,0,2,0,1,0,1,0,0,0,0,0,3,2,0,1,1,3,1,0,0,0,2,0,2,1,0,0,0,1,0,0,1,1,0,0,1,0,0,1,0,1,2,2,1,1,0,2,1,0,1,1,0,0,0,2,0,1,1,0,0,0,0,1,0,0,0,3,0,0,0,3,2,1,0,5,0,1,2,1,2
1153,1,1,0,0,1,0,0,3,5,0,0,0,0,0,1,2,0,2,0,1,0,1,0,0,0,0,0,3,2,0,1,1,3,1,0,0,0,2,0,2,1,0,0,0,1,0,0,1,1,0,0,1,0,0,1,0,1,2,2,1,1,0,2,1,0,1,1,0,0,0,2,0,1,1,0,0,0,0,1,0,0,0,3,0,0,0,3,2,1,0,5,0,1,2,1,2
1154,1,1,0,0,1,0,0,3,5,0,0,0,0,0,1,2,0,2,0,1,0,1,0,0,0,0,0,3,2,0,1,1,3,1,0,0,0,2,0,2,1,0,0,0,1,0,0,1,1,0,0,1,0,0,1,0,1,2,2,1,1,0,2,1,0,1,1,0,0,0,2,0,1,1,0,0,0,0,1,0,0,0,3,0,0,0,3,2,1,0,5,0,1,2,1,2
1155,1,1,0,0,1,0,0,3,5,0,0,0,0,0,1,2,0,2,0,1,0,1,0,0,0,0,0,3,2,0,1,1,3,1,0,0,0,2,0,2,1,0,0,0,1,0,0,1,1,0,0,1,0,0,1,0,1,2,2,1,1,0,2,1,0,1,1,0,0,0,2,0,1,1,0,0,0,0,1,0,0,1,3,0,0,0,3,2,1,0,5,0,1,2,1,2
1156,1,1,0,0,1,0,0,3,5,0,0,0,0,0,1,2,0,2,0,1,0,1,0,0,0,0,0,3,2,0,1,1,3,1,0,0,0,2,0,2,1,0,0,0,1,0,0,1,1,0,0,1,0,0,1,0,1,2,2,1,1,0,2,1,0,1,1,0,0,0,2,0,1,1,0,0,0,0,1,0,0,1,3,0,0,0,3,2,1,0,5,0,1,2,1,2
1157,1,1,0,0,1,0,0,3,5,0,0,0,0,0,1,2,0,2,0,1,0,1,0,0,0,0,0,3,2,0,1,1,3,1,0,0,0,2,0,2,1,0,0,0,1,0,0,1,1,0,0,1,0,0,1,0,1,2,2,1,1,0,2,1,0,1,1,0,0,0,2,0,1,1,0,0,0,0,1,0,0,1,3,0,0,0,3,2,1,0,5,0,1,2,1,2
1158,1,1,0,0,1,0,0,3,5,0,0,0,0,0,1,2,0,2,0,1,0,1,0,0,0,0,0,3,2,0,1,1,3,1,0,0,0,2,0,2,1,0,0,0,1,0,0,1,1,0,0,1,0,0,1,0,1,2,2,1,1,0,2,1,0,1,1,0,0,0,2,0,1,1,0,0,0,0,1,0,0,1,3,0,0,0,3,2,1,0,5,0,1,2,1,2
1159,1,1,0,0,1,0,0,3,5,0,0,0,0,0,1,2,0,2,0,1,0,1,0,0,0,0,0,3,2,0,1,1,3,1,0,0,0,2,0,2,1,0,0,0,1,0,0,1,1,0,0,1,0,0,1,0,1,2,2,1,1,0,2,1,0,1,1,0,0,0,2,0,1,1,0,0,0,0,1,0,0,1,3,0,0,0,3,2,1,0,5,0,1,2,1,2
1160,1,1,0,0,1,0,0,3,5,0,0,0,0,0,1,2,0,2,0,1,0,1,0,0,0,0,0,3,2,0,1,1,3,1,0,0,0,2,0,2,1,0,0,0,1,0,0,1,1,0,0,1,0,0,1,0,1,2,2,1,1,0,2,1,0,1,1,0,0,0,2,0,1,1,0,0,0,0,1,0,0,1,3,0,0,0,3,2,1,0,5,0,1,2,1,2
1161,1,1,0,0,1,0,0,3,5,0,0,0,0,0,1,2,0,2,0,1,0,1,0,0,0,0,0,3,2,0,1,1,3,1,0,0,0,2,0,2,1,0,0,0,1,0,0,1,1,0,0,1,0,0,1,0,1,2,2,1,1,0,2,1,0,1,1,0,0,0,2,0,1,1,0,0,0,0,1,0,0,1,3,0,0,0,3,2,1,0,5,0,1,2,1,2
1162,1,1,0,0,1,0,0,3,5,0,0,0,0,0,1,2,0,2,0,1,0,1,0,0,0,0,0,3,2,0,1,1,3,1,0,0,0,2,0,2,1,0,0,0,1,0,0,1,1,0,0,1,0,0,1,0,1,2,2,1,1,0,2,1,0,1,1,0,0,0,2,0,1,1,0,0,0,0,1,0,0,1,3,0,0,0,3,2,1,0,5,0,1,2,1,2
1163,1,1,0,0,1,0,0,3,5,0,0,0,0,0,1,2,0,2,0,1,0,1,0,0,0,0,0,3,2,0,1,1,3,1,0,0,0,2,0,2,1,0,0,0,1,0,0,1,1,0,0,1,0,0,1,0,1,2,2,1,1,0,2,1,0,1,1,0,0,0,2,0,1,1,0,0,0,0,1,0,0,1,3,1,0,0,3,2,1,0,5,0,1,2,1,2
1164,1,1,0,0,1,0,0,3,5,0,0,0,0,0,1,2,0,2,0,1,0,1,0,0,0,0,0,3,2,0,1,1,3,1,0,0,0,2,0,2,1,0,0,0,1,0,0,1,1,0,0,1,0,0,1,0,1,2,2,1,1,0,2,1,0,1,1,0,0,0,2,0,1,1,0,0,0,0,1,0,0,1,3,1,0,0,3,2,1,0,5,0,1,2,1,2
1165,1,1,0,0,1,0,0,3,5,0,0,0,0,0,1,2,0,2,0,1,0,1,0,0,0,0,0,3,2,0,1,1,3,1,0,0,0,2,0,2,1,0,0,0,1,0,0,2,1,0,0,1,0,0,1,0,1,2,2,1,1,0,2,1,0,1,1,0,0,0,2,0,1,1,0,0,0,0,1,0,0,1,3,1,0,0,3,2,1,0,5,0,1,2,1,2
1166,1,1,0,0,1,0,0,3,5,0,0,0,0,0,1,2,0,2,0,1,0,1,0,0,0,0,0,3,2,0,1,1,3,1,0,0,0,2,0,2,1,0,0,0,1,0,0,2,1,0,0,1,0,0,1,0,1,2,2,1,1,0,2,1,0,1,1,0,0,0,2,0,1,1,0,0,0,0,1,0,0,1,3,1,0,0,3,2,1,0,5,0,1,2,1,2
1167,1,1,0,0,1,0,0,3,5,0,0,0,0,0,1,2,0,2,0,1,0,1,0,0,0,0,0,3,2,0,1,1,3,1,0,0,0,2,0,2,1,0,0,0,1,0,0,2,1,0,0,1,0,0,1,0,1,2,2,1,1,0,2,1,0,1,1,0,0,0,2,0,1,1,0,0,0,0,1,0,0,1,3,1,0,0,3,2,1,0,5,0,1,2,1,2
1168,1,1,0,0,1,0,0,3,5,0,0,0,0,0,1,2,0,2,0,1,0,1,0,0,0,0,0,3,2,0,1,1,3,1,0,0,0,2,0,2,1,0,0,0,1,0,0,2,1,0,0,1,0,0,1,0,1,2,2,1,1,0,2,1,0,1,1,0,0,0,2,0,1,1,0,0,0,0,1,0,0,1,3,1,0,0,3,2,1,0,5,0,1,2,1,2
1169,1,1,0,0,1,0,0,3,5,0,0,0,0,0,1,2,0,2,0,1,0,1,0,0,0,0,0,3,2,0,1,1,3,1,0,0,0,2,0,2,1,0,0,0,1,0,0,2,1,0,0,1,0,0,1,0,1,2,2,1,1,0,2,1,0,1,1,0,0,0,2,0,1,1,0,0,0,0,1,0,0,1,3,1,0,0,3,2,1,0,5,0,1,2,1,2
1170,1,1,0,0,1,0,0,3,5,0,0,0,0,0,1,2,0,2,0,1,0,1,0,0,0,0,0,3,2,0,1,1,3,1,0,0,0,2,0,2,1,0,0,0,1,0,0,2,1,0,0,1,0,0,1,0,1,2,2,1,1,0,2,1,0,1,1,0,0,0,2,0,1,1,0,0,0,0,1,0,0,1,3,1,0,0,3,2,1,0,5,0,1,2,1,2
1171,1,1,0,0,1,0,0,3,5,0,0,0,0,0,1,2,0,2,0,1,0,1,0,0,0,0,0,3,2,0,1,1,3,1,0,0,0,2,0,2,1,0,0,0,1,0,0,2,1,0,0,1,0,0,1,0,1,2,2,1,1,0,2,1,0,1,1,0,0,0,2,0,1,1,0,0,0,0,1,0,0,1,3,1,0,0,3,2,1,0,5,0,1,2,1,2
1172,1,1,0,0,1,0,0,3,5,0,0,0,0,0,1,2,0,2,0,1,0,1,0,0,0,0,0,3,2,0,1,1,3,1,0,0,0,2,0,2,1,0,0,0,1,0,0,2,1,0,0,1,0,0,1,0,1,2,2,1,1,0,2,1,0,1,1,0,0,0,2,0,1,2,0,0,0,0,1,0,0,1,3,1,0,0,3,2,1,0,5,0,1,2,1,2
1173,1,1,0,0,1,0,0,3,5,0,0,0,0,0,1,2,0,2,0,1,0,1,0,0,0,0,0,3,2,0,1,1,3,1,0,0,0,2,0,2,1,0,0,0,1,0,0,2,1,0,0,1,0,0,1,0,1,2,2,1,1,0,2,1,0,2,1,0,0,0,2,0,1,2,0,0,0,0,1,0,0,1,3,1,0,0,3,2,1,0,5,0,1,2,1,2
1174,1,1,0,0,1,0,0,3,5,0,0,0,0,0,1,2,0,2,0,1,0,1,0,0,0,0,0,3,2,0,1,1,3,1,0,0,0,2,0,2,1,0,0,0,1,0,0,2,1,0,0,1,0,1,1,0,1,2,2,1,1,0,2,1,0,2,1,0,0,0,2,0,1,2,0,0,0,0,1,0,0,1,3,1,0,0,3,2,1,0,5,0,1,2,1,2
1175,1,1,0,0,1,0,0,3,5,0,0,0,0,0,1,2,0,2,0,1,0,1,0,0,0,0,0,3,2,0,1,1,3,1,0,0,0,2,0,2,1,0,0,0,1,0,0,2,1,0,0,1,0,1,1,0,2,2,2,1,1,0,2,1,0,2,1,0,0,0,2,0,1,2,0,0,0,0,1,0,0,1,3,1,0,0,3,2,1,0,5,0,1,2,1,2
1176,1,1,0,0,1,0,0,3,5,0,0,0,0,0,1,2,0,2,0,1,0,1,1,0,0,0,0,3,2,0,1,1,3,1,0,0,0,2,0,2,1,0,0,0,1,0,0,2,1,0,0,1,0,1,1,0,2,2,2,1,1,0,2,1,0,2,1,0,0,0,2,0,1,2,0,0,0,0,1,0,0,1,3,1,0,0,3,2,1,0,5,0,1,2,1,2
1177,1,1,0,0,1,0,0,3,5,0,0,0,0,0,1,2,0,2,0,1,0,1,1,0,0,0,0,3,2,0,1,1,3,1,0,0,0,2,0,2,1,0,0,0,1,0,0,2,1,0,0,1,0,1,1,0,2,2,2,1,1,0,2,1,0,2,1,0,0,0,2,0,1,2,0,0,0,0,1,0,0,1,3,1,0,0,3,2,1,0,5,0,1,2,1,2
1178,1,1,0,0,1,0,0,3,5,0,0,0,0,0,1,2,0,2,0,1,0,1,1,0,0,0,0,3,2,0,1,1,3,1,0,0,0,2,0,2,1,0,0,0,1,0,0,2,1,0,0,1,0,1,1,0,2,2,2,1,1,0,2,1,0,2,1,0,0,0,2,0,1,2,0,0,0,0,1,0,0,1,3,1,0,0,3,2,1,0,5,0,1,2,1,2
1179,1,1,0,0,1,0,0,3,5,0,0,0,0,0,1,2,0,2,0,1,0,1,1,0,0,0,0,3,2,0,1,1,3,1,0,0,0,2,0,2,1,0,0,0,1,0,0,2,1,0,0,1,0,1,1,0,2,2,2,1,1,0,2,1,0,2,1,0,0,0,2,0,1,2,0,0,0,0,1,0,0,1,3,1,0,0,3,2,1,0,5,0,1,2,1,2
1180,1,1,0,0,1,0,0,3,5,0,0,0,0,0,1,2,0,2,0,1,0,1,1,0,0,0,0,3,2,0,1,1,3,1,0,0,0,2,0,2,1,0,0,0,1,0,0,2,1,0,0,1,0,1,1,0,2,2,2,1,1,0,2,1,0,2,1,0,0,0,2,0,1,2,0,0,0,0,1,0,0,1,3,1,0,0,3,2,1,0,5,0,1,2,1,2
1181,1,1,0,0,1,1,0,3,5,0,0,0,0,0,1,2,0,2,0,1,0,1,1,0,0,0,0,3,2,0,1,1,3,1,0,0,0,2,0,2,1,0,0,0,1,0,0,2,1,0,0,1,0,1,1,0,2,2,2,1,1,0,2,1,0,2,1,0,0,0,2,0,1,2,0,0,0,0,1,0,0,1,3,1,0,0,3,2,1,0,5,0,1,2,1,2
1182,1,1,0,0,1,1,0,3,5,0,0,0,0,0,1,2,0,2,0,1,0,1,2,0,0,0,0,3,2,0,1,1,3,1,0,0,0,2,0,2,1,0,0,0,1,0,0,2,1,0,0,1,0,1,1,0,2,2,2,1,1,0,2,1,0,2,1,0,0,0,2,0,1,2,0,0,0,0,1,0,0,1,3,1,0,0,3,2,1,0,5,0,1,2,1,2
1183,1,1,0,0,1,1,0,3,5,0,0,0,0,0,1,2,0,2,0,1,0,1,2,0,0,0,0,3,2,0,1,1,3,1,0,0,0,2,0,2,1,0,0,0,1,0,0,2,1,0,0,1,0,1,1,0,2,2,2,1,1,0,2,1,0,2,1,0,0,0,2,0,1,2,0,0,0,0,1,0,0,1,3,1,0,0,3,2,1,0,5,0,1,2,1,2
1184,1,1,0,0,1,1,0,3,5,0,0,0,0,0,1,2,0,2,0,1,0,1,2,0,0,0,0,3,2,0,1,1,3,1,0,0,0,2,0,2,1,0,0,0,1,0,0,2,1,0,0,1,0,1,1,0,2,2,2,1,1,0,2,1,0,2,1,0,0,0,2,0,1,2,0,0,0,0,1,0,0,1,3,2,0,0,3,2,1,0,5,0,1,2,1,2
1185,1,1,0,0,1,1,0,3,5,0,0,0,0,0,1,2,0,2,0,1,0,1,2,0,0,0,0,3,2,0,1,1,3,1,0,0,0,2,0,2,1,0,0,0,1,0,0,2,1,0,0,1,0,1,1,0,2,2,2,1,1,0,2,1,0,2,1,0,0,0,2,0,1,2,0,0,0,0,1,0,0,1,3,2,0,0,3,2,1,0,5,0,1,2,1,2
1186,1,1,0,0,1,1,0,3,5,0,0,0,0,0,1,2,0,2,0,1,0,1,2,0,0,0,0,3,2,0,1,1,3,1,0,0,0,2,0,2,1,0,0,0,1,0,0,2,1,0,0,1,0,1,1,0,2,2,2,1,1,0,2,1,0,2,1,0,0,0,2,0,1,2,0,0,0,0,1,0,0,1,3,2,0,0,3,2,1,0,5,0,1,2,1,2
1187,1,1,0,0,1,1,0,3,5,0,0,0,0,0,1,2,0,2,0,1,0,1,2,0,0,0,0,3,2,0,1,1,3,1,0,0,0,2,0,2,1,0,0,0,1,0,0,2,1,0,0,1,0,1,1,0,2,2,2,1,1,0,2,1,0,2,1,0,0,0,2,0,1,2,0,0,0,0,1,0,0,1,3,2,0,0,3,2,1,0,5,0,1,2,1,2
1188,1,1,0,0,1,1,0,3,5,0,0,0,0,0,1,2,0,2,0,1,0,1,2,0,0,0,0,3,2,0,1,1,3,1,0,0,0,2,0,2,1,0,0,0,1,0,0,2,1,0,0,1,0,1,1,0,2,2,2,1,1,0,2,1,0,2,1,0,0,0,2,0,1,2,0,0,0,0,1,0,0,1,3,2,0,0,3,2,1,0,5,0,1,2,1,2
1189,1,1,0,0,1,1,0,3,5,0,0,0,0,0,1,2,0,2,0,1,0,1,2,0,0,0,0,3,2,0,1,1,3,1,0,0,0,2,0,2,1,0,0,0,1,0,0,2,1,0,0,1,0,1,1,0,2,2,2,1,1,0,2,1,0,2,1,0,0,0,2,0,1,2,0,0,0,0,1,0,0,1,3,2,0,0,3,2,1,0,5,0,1,2,1,2
1190,1,1,0,0,1,1,0,3,5,0,0,0,0,0,1,2,0,2,0,1,0,2,2,0,0,0,0,3,2,1,1,1,3,1,0,0,0,2,0,2,1,0,0,0,1,0,0,2,1,0,0,1,0,1,1,0,2,2,2,1,1,0,2,1,1,2,2,0,0,0,2,0,1,2,0,0,0,0,1,0,0,1,3,2,0,0,3,2,1,0,5,0,1,2,1,2
1191,1,1,0,0,1,1,0,3,5,0,0,0,0,0,1,2,0,2,0,1,0,2,2,0,0,0,0,3,2,1,1,1,3,1,0,0,0,2,0,2,1,0,0,0,1,0,0,2,1,0,0,1,0,1,1,0,2,2,2,1,1,0,2,1,1,2,2,0,0,0,2,0,1,2,0,0,0,0,1,0,0,1,3,2,0,0,3,2,1,0,5,0,1,2,1,2
1192,1,1,0,0,1,1,0,3,5,0,0,0,0,0,1,2,0,2,0,1,0,2,2,0,0,0,0,3,2,1,1,1,3,1,0,0,0,2,0,2,1,0,0,0,1,0,0,2,1,0,0,1,0,1,1,0,2,2,2,1,1,0,2,1,1,2,2,0,0,0,2,0,1,2,0,0,0,0,1,0,0,1,3,2,0,0,3,2,1,0,5,0,1,2,1,2
1193,1,1,0,0,1,1,0,3,5,0,0,0,0,0,1,2,0,2,0,1,0,2,2,0,0,0,0,3,2,1,1,1,3,1,0,0,0,2,0,2,1,0,0,0,1,0,0,2,1,0,0,1,0,1,1,0,2,2,2,1,1,0,2,1,1,2,2,0,0,0,2,0,1,2,0,0,0,0,1,0,0,1,3,2,0,0,3,2,1,0,5,0,1,2,1,2
1194,1,1,0,0,1,1,0,3,5,0,0,0,0,0,1,2,0,2,0,1,0,2,2,0,0,0,0,3,2,1,1,1,3,1,0,0,0,2,0,2,1,0,0,0,1,0,0,2,1,0,0,1,0,1,1,0,2,2,2,1,1,0,2,1,1,2,2,0,0,0,2,0,1,2,0,0,0,0,1,0,0,1,3,2,0,0,3,2,1,0,5,0,1,2,1,2
1195,1,1,0,0,1,1,0,3,5,0,0,0,0,0,1,2,0,2,0,1,0,2,2,0,0,0,0,3,2,1,1,1,3,1,0,0,0,2,0,2,1,0,0,0,1,0,0,2,1,0,0,1,0,1,1,0,2,2,2,1,1,0,2,1,1,2,2,0,0,0,2,0,1,2,0,0,0,0,1,0,0,1,3,2,0,0,3,2,1,0,5,0,1,2,1,2
1196,1,1,0,0,1,1,0,3,5,0,0,0,0,0,1,2,0,2,0,1,0,2,2,0,0,0,0,3,2,1,1,1,3,1,0,0,0,2,0,2,1,0,0,0,1,0,0,2,1,0,0,1,0,1,1,0,2,2,2,1,1,0,2,1,1,2,2,0,0,0,2,0,1,2,0,0,0,0,1,0,0,1,3,2,0,0,3,2,1,0,5,0,1,2,1,2
1197,1,1,0,0,1,1,0,3,5,0,0,0,0,0,1,2,1,2,0,1,0,2,2,0,0,0,0,3,2,1,1,1,3,2,0,0,0,2,0,2,1,0,0,0,1,0,0,2,1,0,0,1,0,1,1,0,2,2,2,1,1,0,2,1,1,2,2,0,0,0,2,0,1,2,0,0,0,0,1,0,0,1,3,2,0,0,3,2,1,0,5,0,1,2,1,2
1198,1,1,0,0,1,1,0,3,5,0,0,0,0,0,1,2,1,2,0,1,0,2,2,0,0,0,0,3,2,1,1,1,3,2,0,0,0,2,0,2,1,0,0,0,1,0,0,2,1,0,0,1,0,1,1,0,2,2,2,1,1,0,2,1,1,2,2,0,0,0,2,0,1,2,0,0,0,0,1,0,0,1,3,2,0,0,3,2,1,0,5,0,1,2,1,2
1199,1,1,0,0,1,1,0,3,5,0,0,0,0,0,1,2,1,2,0,1,0,2,2,0,0,0,0,3,2,1,1,1,3,2,0,0,0,2,0,2,1,0,0,0,1,0,0,2,1,0,0,1,0,1,1,0,2,2,2,1,1,0,2,1,1,2,2,0,0,0,2,0,1,2,0,0,0,0,1,0,0,1,3,2,0,0,3,2,1,0,5,0,1,2,1,2
1200,1,1,0,0,1,1,0,3,5,0,0,0,0,0,1,2,1,2,0,1,0,2,2,0,0,0,0,3,2,1,1,1,3,2,0,0,0,2,0,2,1,0,0,0,1,0,0,2,1,0,0,1,0,1,1,0,2,2,2,1,1,0,2,1,1,2,2,0,0,0,2,0,1,2,0,0,0,0,1,0,0,1,3,2,0,0,3,2,1,0,5,0,1,2,1,2
1201,1,1,0,0,1,1,0,3,5,0,0,0,0,0,1,2,1,2,0,1,0,2,2,0,0,0,0,3,2,1,1,1,3,2,0,0,0,2,0,2,1,0,0,0,1,0,0,2,1,0,0,1,0,1,1,0,2,2,2,1,1,0,2,1,1,2,2,0,0,0,2,0,1,2,0,0,0,0,1,0,0,1,3,2,0,0,3,2,1,0,5,0,1,2,1,2
1202,1,1,0,0,1,1,0,3,5,0,0,0,0,0,1,2,1,2,0,1,0,2,2,0,0,0,0,3,2,1,1,1,3,2,0,0,0,2,0,2,1,0,0,0,1,0,0,2,1,0,0,1,0,1,1,0,2,2,2,1,1,0,2,1,1,2,2,0,0,0,2,0,1,2,0,0,0,0,1,0,0,1,3,2,0,0,3,2,1,0,5,0,1,2,1,2
1203,1,1,0,0,1,1,0,3,5,0,0,0,0,0,1,2,1,2,0,1,0,2,2,0,0,0,0,3,2,1,1,1,3,2,0,0,0,2,0,2,1,0,0,0,1,0,0,2,1,0,0,1,0,1,1,0,2,2,2,1,1,0,2,1,1,2,2,0,0,0,2,0,1,2,0,0,0,0,1,0,0,1,3,2,0,0,3,2,1,0,5,0,1,2,1,2
1204,1,1,0,0,1,1,0,3,5,0,0,0,0,0,1,2,1,2,0,1,0,2,2,0,0,0,0,3,2,1,1,1,3,2,0,0,0,2,0,2,1,0,0,0,1,0,0,2,1,0,0,1,0,1,1,0,2,2,2,1,1,0,2,1,1,2,2,0,0,0,2,0,1,2,0,0,0,0,1,0,0,1,3,2,0,0,3,2,1,0,5,0,1,2,1,2
1205,1,1,0,0,1,1,0,3,5,0,0,0,0,0,1,2,1,2,0,1,0,2,2,0,0,0,0,3,2,1,1,1,3,2,0,0,0,2,0,2,1,0,0,0,1,0,0,2,1,0,0,1,0,1,1,0,2,2,2,1,1,0,2,1,1,2,2,0,0,0,2,0,1,2,0,0,0,0,1,0,0,1,3,2,0,0,3,2,1,0,5,0,1,2,1,2
1206,1,1,0,0,1,1,0,3,5,0,0,0,0,0,1,2,1,2,0,1,0,2,2,0,1,0,0,3,2,1,1,1,3,2,0,0,0,2,0,2,1,0,0,0,1,0,0,2,1,0,0,1,0,1,1,0,2,2,2,1,1,0,2,1,1,2,2,0,0,0,2,0,1,2,0,0,0,0,1,0,0,1,3,2,0,0,3,2,1,0,5,0,1,2,1,2
1207,1,1,0,0,1,1,0,3,5,0,0,0,0,0,1,2,1,2,0,1,0,2,2,0,1,0,0,3,2,1,1,1,3,2,0,0,0,2,0,2,1,0,0,0,1,0,0,2,1,0,0,1,0,1,1,0,2,2,2,1,1,0,2,1,1,2,2,0,0,0,2,0,1,2,0,0,0,0,1,0,0,1,3,2,0,0,3,2,1,0,5,0,1,2,1,2
1208,1,1,0,0,1,1,0,3,5,0,0,0,0,0,1,2,1,2,0,1,0,2,2,0,1,0,0,3,2,1,1,1,3,2,0,0,0,2,0,2,1,0,0,0,1,0,0,2,1,0,0,1,0,1,1,0,2,2,2,1,1,0,2,1,1,2,2,0,0,0,2,0,1,2,0,0,0,0,1,0,0,1,3,2,0,0,3,2,1,0,5,0,1,2,1,2
1209,1,1,0,0,1,1,0,3,5,0,0,0,0,0,1,2,1,2,0,1,0,2,2,0,1,0,0,3,2,1,1,1,3,2,0,0,0,2,0,2,1,0,0,0,1,0,0,2,2,0,0,1,0,1,1,0,2,2,2,1,1,0,2,1,1,2,2,0,0,0,2,0,1,2,0,0,0,0,1,0,0,1,3,2,0,0,3,2,1,0,5,0,1,2,1,2
1210,1,1,0,0,1,1,0,3,5,0,0,0,0,0,1,2,1,2,0,1,0,2,2,0,1,0,0,3,2,1,1,1,3,2,0,0,0,2,0,2,1,0,0,0,1,0,0,2,2,0,0,1,0,1,1,0,2,2,2,1,1,0,2,1,1,2,2,0,0,0,2,0,1,2,0,0,0,0,1,0,0,1,3,2,0,0,3,2,1,0,5,0,1,2,1,2
1211,1,1,0,0,1,1,0,3,5,0,0,0,0,0,1,2,1,2,0,1,0,2,2,0,1,0,0,3,2,1,1,1,3,2,0,0,0,2,0,2,1,0,0,0,1,0,0,2,2,0,0,1,0,1,1,0,2,2,2,1,1,0,2,1,1,2,2,0,0,0,2,0,1,2,0,0,0,0,1,0,0,1,3,2,0,0,3,2,1,0,5,0,1,2,1,2
1212,1,1,0,0,1,1,0,3,5,1,0,0,0,0,1,2,1,2,0,1,0,2,2,0,1,0,0,3,2,1,1,1,3,2,0,0,0,2,0,2,1,0,0,0,1,0,0,2,2,0,0,1,0,1,1,0,2,2,2,1,1,0,2,1,1,2,2,0,0,0,2,0,1,3,0,0,0,0,1,0,0,1,3,2,0,0,3,2,1,0,5,0,1,2,1,2
1213,1,1,0,0,1,1,0,3,5,1,0,0,0,0,1,2,1,2,0,1,0,2,2,0,1,0,0,3,2,1,1,1,3,2,0,0,0,2,0,2,1,0,0,0,1,0,0,2,2,0,0,1,0,1,1,0,2,2,2,1,1,0,2,1,1,2,2,0,0,0,2,0,1,3,0,0,0,0,1,0,0,1,3,2,0,0,3,2,1,0,5,0,1,2,1,2
1214,1,1,0,0,1,1,0,3,5,1,0,0,0,0,1,2,1,2,0,1,0,2,2,0,1,0,0,3,2,1,1,1,3,2,0,0,0,2,0,2,1,0,0,0,1,0,0,2,2,0,0,1,0,1,1,0,2,2,2,1,1,0,2,1,1,2,2,0,0,0,2,0,1,3,0,0,0,0,1,0,0,1,3,2,0,0,3,2,1,0,5,0,1,2,1,2
1215,1,1,0,0,1,1,0,3,5,1,0,0,0,0,1,2,1,2,0,1,0,2,2,0,1,0,0,3,2,1,1,1,3,2,0,0,0,2,0,2,1,0,0,0,1,0,0,2,2,0,0,1,0,1,1,0,2,2,2,1,1,0,2,1,1,2,2,0,0,0,2,0,1,3,0,0,0,0,1,0,0,1,3,2,0,0,3,2,1,0,5,0,1,2,1,2
1216,1,1,0,0,1,1,0,3,5,1,0,0,0,0,1,2,1,2,0,1,0,2,2,0,1,0,0,3,2,1,1,1,3,2,0,0,0,2,0,2,1,0,0,0,1,0,0,2,2,0,0,1,0,1,1,0,2,2,2,1,1,0,2,1,1,2,2,1,0,0,2,0,1,3,0,0,0,0,1,0,0,1,3,2,0,0,3,2,1,0,5,0,1,2,1,2
1217,1,1,0,0,1,1,0,3,5,1,0,0,0,0,1,2,1,2,0,1,0,2,2,0,1,0,0,3,2,1,1,1,3,2,0,0,0,2,0,2,1,0,0,0,1,0,0,2,2,0,0,1,0,1,1,0,2,2,2,1,1,0,2,1,1,2,2,1,0,0,2,0,1,3,0,0,0,0,1,0,0,1,3,2,0,0,3,2,1,0,5,0,1,2,1,2
1218,1,1,0,0,1,1,0,3,5,1,0,0,0,0,1,2,1,2,0,1,0,2,2,0,1,0,0,3,2,1,1,1,3,2,0,0,0,2,0,2,1,0,0,0,1,0,0,2,2,0,0,1,0,1,1,0,2,2,2,1,1,0,2,1,1,2,2,1,0,0,2,0,1,3,0,0,0,0,1,0,0,1,3,2,0,0,3,2,1,0,5,0,1,2,1,2
1219,1,1,0,0,1,1,0,3,5,1,0,0,0,0,1,2,1,2,0,1,0,2,2,0,1,0,0,3,2,1,1,1,3,2,0,0,0,2,0,2,1,0,0,0,1,0,0,2,2,0,0,1,0,1,1,0,2,2,2,1,1,0,2,1,1,2,2,1,0,0,2,0,1,3,0,0,0,0,1,0,0,1,3,2,0,0,3,2,1,0,5,0,1,2,1,2
1220,1,1,0,0,1,1,0,3,5,1,0,0,0,0,1,2,1,2,0,1,0,2,2,0,1,0,0,3,2,1,1,1,3,2,0,0,0,2,0,2,1,0,0,0,1,0,0,2,2,0,0,1,0,1,1,0,2,2,2,1,1,0,2,1,1,2,2,1,0,0,2,0,1,3,0,0,0,0,1,0,0,1,3,2,0,0,3,2,1,0,5,0,1,2,1,2
1221,1,1,0,0,1,1,0,3,5,1,0,0,0,0,1,2,1,2,0,1,0,2,2,0,1,0,0,3,2,1,1,1,3,2,0,0,0,2,0,2,1,0,0,0,1,0,0,2,2,0,0,1,0,1,1,0,2,2,2,1,1,0,2,1,1,2,2,1,0,0,2,0,1,3,0,0,0,0,1,0,0,1,3,2,0,0,3,2,1,0,5,0,1,2,1,2
1222,1,1,0,0,1,1,0,3,5,1,0,0,0,0,1,2,1,2,0,1,0,2,2,0,1,0,0,3,2,2,1,1,3,2,0,0,0,2,0,2,1,0,0,0,1,0,0,2,2,0,0,1,0,1,1,0,2,2,2,1,1,0,2,1,1,2,2,1,0,0,2,0,1,3,0,0,0,0,1,0,0,1,3,2,0,0,3,2,1,0,5,0,1,2,1,2
1223,1,1,0,0,1,1,0,3,5,1,0,0,0,0,1,2,1,2,0,1,0,2,2,0,1,0,0,3,2,2,1,1,3,2,0,0,0,2,0,2,1,0,0,0,1,0,0,2,2,0,0,1,0,1,1,0,2,2,2,1,1,0,2,1,1,2,2,1,0,0,2,0,1,3,0,0,0,0,1,0,0,1,3,2,0,0,3,2,1,0,5,0,1,2,1,2
1224,1,1,0,0,1,1,0,3,5,1,0,0,0,0,1,2,1,2,0,1,0,2,2,0,1,0,0,3,2,2,1,1,3,2,0,0,0,2,0,2,1,0,0,0,1,0,0,2,2,0,0,1,0,1,1,0,2,2,2,1,1,0,2,1,1,2,2,1,0,0,2,0,1,3,0,0,0,1,1,0,0,1,3,2,0,0,3,2,1,0,5,0,1,2,1,2
1225,1,1,0,0,1,1,0,3,5,1,0,0,0,1,1,2,1,2,0,1,0,2,2,0,1,0,0,3,2,2,1,1,3,2,0,0,0,2,0,2,1,0,0,0,1,0,0,2,2,0,0,1,0,1,1,0,2,2,2,1,1,0,2,1,1,2,2,1,0,0,2,0,1,3,0,0,0,1,1,0,0,1,3,2,0,0,3,2,1,0,5,0,1,2,1,2
1226,1,1,0,0,1,1,0,3,5,1,0,0,0,1,1,2,1,2,0,1,0,2,2,0,1,0,0,3,2,2,1,1,3,2,0,0,0,2,0,2,1,0,0,0,1,0,0,2,2,0,0,1,0,1,1,0,2,2,2,1,1,0,3,1,1,2,2,1,0,0,2,0,1,3,0,0,0,1,1,0,0,1,3,2,0,0,3,2,1,0,5,0,1,2,1,2
1227,1,1,0,0,1,1,0,3,5,1,0,0,0,1,1,2,1,2,0,1,0,2,2,0,1,0,0,3,2,2,1,1,3,2,0,0,0,2,0,2,1,0,0,0,1,0,0,2,2,0,0,1,0,1,1,0,2,2,2,1,1,0,3,1,1,2,2,1,0,0,2,0,1,3,0,0,0,1,1,0,0,1,3,2,0,0,3,2,1,0,5,0,1,2,1,2
1228,1,1,0,0,1,1,0,3,5,1,0,0,0,1,1,2,1,2,0,1,0,2,2,0,1,0,0,3,2,2,1,1,3,2,0,0,0,2,0,2,1,0,0,0,1,0,0,2,2,0,0,1,0,1,1,0,2,2,2,1,1,0,3,1,1,2,2,1,0,0,2,0,1,3,0,0,0,1,1,0,0,1,3,2,0,0,3,2,1,0,5,0,1,2,1,2
1229,1,1,0,0,1,1,0,3,5,1,0,0,0,1,1,2,1,2,0,1,0,2,2,0,1,0,0,3,2,2,1,1,3,2,0,0,0,2,0,2,1,0,0,0,1,0,0,2,2,0,0,1,0,1,1,0,2,2,2,1,1,0,3,1,1,2,2,1,0,0,2,0,1,3,0,0,0,1,1,0,0,1,3,2,0,0,3,2,1,0,5,0,1,2,1,2
1230,1,1,0,0,1,1,0,3,5,1,0,0,0,1,1,2,1,2,0,1,0,2,2,0,1,0,0,3,2,2,1,1,3,2,0,0,0,2,0,2,1,0,0,0,1,0,0,2,2,0,0,1,0,1,1,0,2,2,2,1,1,0,3,1,1,2,2,1,0,0,2,0,1,3,0,0,0,1,1,0,0,1,3,2,0,0,3,2,1,0,5,0,1,2,1,2
1231,1,1,0,0,1,1,0,3,5,1,0,0,0,1,1,2,1,2,0,1,0,2,2,0,1,0,0,3,2,2,1,1,3,2,0,0,0,2,0,2,1,0,0,0,1,0,0,2,2,0,0,1,0,1,1,0,2,2,2,1,1,0,3,2,1,2,2,1,0,0,2,0,1,3,0,0,0,1,1,0,0,1,3,2,0,0,3,2,1,0,5,0,1,2,1,2
1232,1,1,0,0,1,1,0,3,5,1,0,0,0,1,1,2,1,2,0,1,0,2,2,0,1,0,0,3,2,2,1,1,3,2,0,0,0,2,0,2,1,0,0,0,1,0,0,2,2,0,0,1,0,1,1,0,2,2,2,1,1,0,3,2,1,2,2,1,0,0,2,0,1,3,0,0,0,1,1,0,0,1,3,2,0,0,3,2,1,0,5,0,1,2,1,2
1233,1,1,0,0,1,1,0,3,5,1,0,0,0,1,1,2,1,2,0,1,0,2,2,0,1,0,0,3,2,2,1,1,3,2,0,0,0,2,0,2,1,0,0,0,1,0,0,2,2,0,0,1,0,1,1,0,2,2,2,1,1,0,3,2,1,2,2,1,0,0,2,0,1,3,0,0,0,1,1,0,0,1,3,2,0,0,3,2,1,0,5,0,1,2,1,2
1234,1,1,0,0,1,1,0,3,5,1,0,0,0,1,1,2,1,2,0,1,0,2,2,0,1,0,0,4,2,2,1,1,3,2,0,0,0,2,0,2,1,0,0,0,1,0,0,2,2,0,0,1,0,1,1,0,2,2,2,1,1,0,3,2,1,2,2,1,0,0,2,0,1,3,0,0,0,1,1,0,0,1,3,2,0,0,3,2,1,0,5,0,1,2,1,2
1235,1,1,0,0,1,1,0,3,5,1,0,0,0,1,1,2,1,2,0,1,0,2,2,0,1,0,0,4,2,2,1,1,3,2,0,0,0,2,0,2,1,0,0,0,1,0,0,2,2,0,0,1,0,1,1,0,2,2,2,1,1,0,3,2,1,2,2,1,0,0,2,0,1,3,0,0,0,1,1,0,0,1,3,2,0,0,3,2,1,0,5,0,1,2,1,2
1236,1,1,0,0,1,1,0,3,5,1,0,0,0,1,1,2,1,2,0,1,0,2,2,0,1,0,0,4,2,2,1,1,3,2,0,0,0,2,0,2,1,0,0,0,1,0,0,2,2,0,0,1,0,1,1,0,2,2,2,1,1,0,3,2,1,2,2,1,0,0,2,0,1,3,0,0,0,1,1,0,0,1,3,2,0,0,3,2,1,0,5,0,1,2,1,2
1237,1,1,0,0,1,1,0,3,5,1,0,0,0,1,1,2,1,2,0,1,0,2,2,0,1,0,0,4,2,2,1,1,3,2,0,0,0,2,0,2,1,0,0,0,1,0,0,2,2,0,0,1,0,1,1,0,2,2,2,1,1,0,3,2,1,2,2,1,0,0,2,0,1,3,0,0,0,1,1,0,0,1,3,2,0,0,3,2,1,0,5,0,1,2,1,2
1238,1,1,0,0,1,1,0,3,5,1,0,0,0,1,1,2,1,2,0,1,0,2,2,0,1,0,0,4,2,2,1,1,3,2,0,0,0,2,0,2,1,0,0,0,1,0,0,2,2,0,0,1,0,1,1,0,2,2,2,1,1,0,3,2,1,2,2,1,0,0,2,0,1,3,0,0,0,1,1,0,0,1,3,2,0,0,3,2,1,0,5,0,1,2,1,2
1239,1,1,0,0,1,1,0,3,5,1,0,0,0,1,1,2,1,2,0,1,0,2,2,0,1,0,0,4,2,2,1,1,3,2,0,0,0,2,0,2,1,0,0,0,1,0,0,2,2,0,0,1,0,1,1,0,2,2,2,1,1,0,3,2,1,2,2,1,0,0,2,0,1,3,0,0,0,1,1,0,0,1,3,2,0,0,3,2,1,0,5,0,1,2,1,2
1240,1,1,0,0,1,1,0,3,5,1,0,0,0,1,1,2,1,2,0,1,0,2,2,0,1,0,0,4,2,2,1,1,3,2,0,0,0,2,0,2,1,0,0,0,1,0,0,2,2,1,0,1,0,1,1,0,2,2,2,1,1,0,3,2,1,2,2,1,0,0,2,0,1,3,0,0,0,1,1,0,0,1,3,2,0,0,3,2,1,0,5,0,1,2,1,2
1241,1,1,0,0,1,1,0,3,5,1,0,0,0,1,1,2,1,2,0,1,0,2,2,0,1,0,0,4,2,2,1,1,3,2,0,0,0,2,0,2,1,0,0,0,1,0,0,2,2,1,0,1,0,1,1,0,2,2,2,1,2,0,3,2,1,2,2,1,0,0,2,0,1,3,0,0,0,1,1,0,0,1,3,2,0,0,3,2,1,0,5,0,1,2,1,2
1242,1,1,0,0,1,1,0,3,5,1,0,0,0,1,1,2,1,2,0,1,0,2,2,0,1,0,0,4,2,2,1,1,3,3,0,0,0,2,0,2,1,0,0,0,1,0,0,2,2,1,0,1,0,1,1,0,2,2,2,1,2,0,3,2,1,2,2,1,0,0,2,0,1,3,0,0,0,1,1,0,0,1,3,2,0,0,3,2,1,0,5,0,1,2,1,2
1243,1,1,0,0,1,1,0,3,5,1,0,0,0,1,1,2,1,2,0,1,0,2,2,0,1,0,0,4,2,2,1,1,3,3,0,0,0,2,0,2,1,0,0,0,1,0,0,2,2,1,0,1,0,1,1,0,2,2,2,1,2,0,3,2,1,2,2,1,0,0,2,0,1,3,0,0,0,1,1,0,0,1,3,2,0,0,3,2,1,0,5,0,1,2,1,2
1244,1,1,0,0,1,2,0,3,5,1,0,0,0,1,1,2,1,2,0,1,0,2,2,0,1,0,0,4,2,2,1,1,3,3,0,0,0,2,0,2,1,0,0,0,1,0,0,2,2,1,0,1,0,1,1,0,2,2,2,1,2,0,3,2,1,2,2,1,0,0,2,0,1,3,0,0,0,1,1,0,0,1,3,2,0,0,3,2,1,0,5,0,1,2,1,2
1245,1,1,0,0,1,2,0,3,5,1,0,0,0,1,1,2,1,2,0,1,0,2,2,0,1,0,0,4,2,2,1,1,3,3,0,0,0,2,0,2,1,0,0,0,1,0,0,2,2,1,0,1,0,1,1,0,2,2,2,1,2,0,3,2,1,2,2,1,0,0,2,0,1,3,0,0,0,1,2,0,0,1,3,2,0,0,3,2,1,0,5,0,1,2,1,2
1246,1,1,0,0,1,2,0,3,5,1,0,0,0,1,1,2,1,2,0,1,0,2,2,0,1,0,0,4,2,2,1,1,3,3,0,0,0,2,0,2,1,0,0,0,1,0,0,2,2,1,0,1,0,1,1,0,2,2,2,2,2,0,3,2,1,2,2,1,0,0,2,0,1,3,0,0,0,1,2,0,0,1,3,2,0,0,3,2,1,0,5,0,1,2,1,2
1247,1,1,0,0,1,2,0,3,5,1,0,0,0,1,1,2,1,2,0,1,0,2,2,0,1,0,0,4,2,2,1,1,3,3,0,0,0,2,0,2,1,0,0,0,1,0,0,2,2,1,0,1,0,1,1,0,2,2,2,2,2,0,3,2,1,2,2,1,0,0,2,0,1,3,0,0,0,1,2,0,0,1,3,2,0,0,3,2,1,0,5,0,1,2,1,2
1248,1,1,0,0,1,2,0,3,5,1,0,0,0,1,1,2,1,2,0,1,0,2,2,0,1,0,0,4,2,2,1,1,3,3,0,0,0,2,0,2,1,0,0,0,1,0,0,2,2,1,0,1,0,1,1,0,2,2,2,2,2,0,3,2,1,2,2,1,0,0,2,0,1,3,0,0,0,1,2,0,0,1,3,2,0,0,3,2,1,0,5,0,1,2,1,2
1249,1,1,0,0,1,2,0,3,5,1,0,0,0,1,1,2,1,2,0,1,0,2,2,0,1,0,0,4,2,2,1,1,3,3,0,0,0,2,0,2,1,0,0,0,1,0,0,2,2,1,0,1,0,1,1,0,2,2,2,2,2,0,3,2,1,2,2,1,0,0,2,0,1,3,0,0,0,1,2,1,1,1,3,2,0,0,3,2,1,0,5,0,1,2,1,2
1250,1,1,0,0,1,2,0,3,5,1,0,0,0,1,1,2,1,2,0,1,0,2,2,0,1,0,0,4,2,2,1,1,3,3,0,0,0,2,0,2,1,0,0,0,1,0,0,2,2,1,0,1,0,1,1,0,2,2,2,2,2,0,3,2,1,2,2,1,0,0,2,0,1,3,0,0,0,1,2,1,1,1,3,2,0,0,3,2,1,0,5,0,1,2,1,2
1251,1,1,0,0,1,2,0,3,5,1,0,0,0,1,1,2,1,2,0,1,0,2,2,0,1,0,0,4,2,2,1,1,3,3,0,0,0,2,0,2,1,0,0,0,1,0,0,2,2,1,0,1,0,1,1,0,2,2,2,2,2,0,3,2,1,2,2,1,0,0,2,0,1,3,0,0,0,1,2,1,1,1,3,2,0,0,3,2,1,0,5,0,1,2,1,2
1252,1,1,0,0,1,2,0,3,5,1,0,0,0,1,1,2,1,2,0,1,0,2,2,0,1,0,0,4,2,2,1,1,3,3,0,0,0,2,0,2,1,0,0,0,1,0,0,2,2,1,0,1,0,1,1,0,2,2,2,2,2,0,3,2,1,2,2,1,0,0,2,0,1,3,0,0,0,1,2,1,1,1,4,2,0,0,3,2,1,0,5,0,1,2,1,2
1253,1,1,0,0,1,2,0,3,5,1,0,0,0,1,1,2,1,2,0,1,0,2,2,0,1,0,0,4,2,2,1,1,3,3,0,0,0,2,0,2,1,0,0,0,1,0,0,2,2,1,0,1,0,1,1,0,2,2,2,2,2,0,3,2,1,2,2,1,0,0,2,0,1,3,0,0,0,1,2,1,1,1,4,2,0,0,3,2,1,0,5,0,1,2,1,2
1254,1,1,0,0,1,2,0,3,5,1,0,0,0,1,1,2,1,2,0,1,0,2,2,0,1,0,0,4,2,2,1,1,3,3,0,0,0,2,0,2,1,0,0,0,1,0,0,2,2,1,0,1,0,1,1,0,2,2,2,2,2,0,3,2,1,2,2,1,0,0,2,0,1,3,0,0,0,1,2,1,1,1,4,2,0,0,3,2,1,0,5,0,1,2,1,2
1255,1,1,0,0,1,2,0,3,5,1,0,0,0,1,1,2,1,2,0,1,0,2,2,0,1,0,0,4,2,2,1,1,3,3,0,0,0,2,0,2,1,0,0,0,1,0,0,2,2,1,0,1,0,1,1,0,2,2,2,2,2,0,3,2,1,2,2,1,0,0,2,0,1,3,0,0,0,1,2,1,1,1,4,2,0,0,3,2,1,0,5,0,1,2,1,2
1256,1,1,0,0,1,2,0,3,5,1,0,0,0,1,1,2,1,2,0,1,0,2,2,0,1,0,0,4,2,2,1,1,3,3,0,0,0,2,0,2,1,0,0,0,1,0,0,2,2,1,0,1,0,1,1,0,2,2,2,2,2,0,3,2,1,2,2,1,0,0,2,0,1,3,0,0,0,1,2,1,1,1,4,2,0,0,3,2,1,0,5,0,1,2,1,2
1257,1,1,0,0,1,2,0,3,5,1,0,0,0,1,1,2,1,2,0,1,0,2,2,0,1,0,0,4,2,2,1,1,3,3,0,0,0,2,0,2,1,0,0,0,1,0,0,2,2,1,0,1,0,1,1,0,2,2,2,2,2,0,3,2,1,2,2,1,0,0,2,0,1,3,0,0,0,1,2,1,1,1,4,2,0,0,3,2,1,0,5,0,1,2,1,2
1258,1,1,0,0,1,2,0,3,5,1,0,0,0,1,1,2,1,2,0,1,0,2,2,0,1,0,0,4,2,2,1,1,3,3,0,0,0,2,0,2,1,0,0,0,1,0,0,2,2,1,0,1,0,1,1,0,2,2,2,2,2,0,3,2,1,2,2,1,0,0,2,0,1,3,0,0,0,1,2,1,1,1,4,2,0,0,3,2,1,0,5,0,1,2,1,2
1259,1,1,0,0,1,2,0,3,5,1,0,0,0,1,1,2,1,2,0,1,0,2,2,0,1,0,0,4,2,2,1,1,3,3,0,0,0,2,0,2,1,0,0,0,1,0,0,2,2,1,0,1,0,1,1,0,2,2,2,2,2,0,3,2,1,2,2,1,0,0,2,0,1,3,0,0,0,1,2,1,1,1,4,2,0,0,3,2,1,0,5,0,1,2,1,2
1260,1,1,0,0,1,2,0,3,5,1,0,0,0,1,1,2,1,2,0,1,0,2,2,0,1,0,0,4,2,2,1,1,3,3,0,0,0,2,0,2,1,0,0,0,1,0,0,2,2,1,0,1,0,1,1,0,2,2,2,2,2,0,3,2,1,2,2,1,0,0,2,0,1,3,0,0,0,1,2,1,1,1,4,2,0,0,3,2,1,0,5,0,1,2,1,2
1261,1,1,0,0,1,2,0,3,5,1,0,0,0,1,1,2,1,2,0,1,0,2,2,0,1,0,0,4,2,2,1,1,3,3,0,0,0,2,0,2,1,0,0,0,1,0,0,2,2,1,0,1,0,1,1,0,2,2,2,2,2,0,3,2,1,2,2,1,0,0,2,0,1,3,0,0,0,1,2,1,1,1,4,2,0,0,3,2,1,0,5,0,1,2,1,2
1262,1,1,0,0,1,2,0,3,5,1,0,0,0,1,1,2,1,2,0,1,0,2,2,0,1,0,0,4,2,2,1,1,3,3,0,0,0,2,0,2,1,0,0,0,1,0,0,2,2,1,0,1,0,1,1,0,2,2,2,2,2,0,3,2,1,2,2,1,0,0,2,0,1,3,0,0,0,1,2,1,1,1,4,2,0,0,3,2,1,0,5,0,1,2,1,2
1263,1,1,0,0,1,2,0,3,5,1,0,0,0,1,1,2,1,2,0,1,0,2,2,0,1,0,0,4,2,2,1,1,3,3,0,0,0,2,0,2,1,0,0,0,1,0,0,2,2,1,0,1,0,1,1,0,2,2,2,2,2,0,3,2,1,2,2,1,0,0,2,0,1,3,0,0,0,1,2,1,1,1,4,2,0,0,3,2,1,0,5,0,1,2,1,2
1264,1,2,0,0,1,2,0,3,5,1,0,0,0,1,1,2,1,2,0,1,0,2,2,0,1,0,0,4,2,2,1,1,3,3,0,0,0,2,0,2,1,0,0,0,1,0,0,2,2,1,0,1,0,1,1,0,2,2,2,2,2,0,3,2,1,2,2,1,0,0,2,0,1,3,0,0,0,1,2,1,1,1,4,2,0,0,3,2,1,0,5,0,1,2,1,2
1265,1,2,0,0,1,2,0,3,5,1,0,0,0,1,1,2,1,2,0,1,0,2,2,0,1,0,0,4,2,2,1,1,3,3,0,0,0,2,0,2,1,0,0,0,1,0,0,2,2,1,0,1,0,1,1,0,2,2,2,2,2,0,3,2,1,2,2,1,0,0,2,0,1,3,0,0,0,1,2,1,1,1,4,2,0,0,3,2,1,0,5,0,1,2,1,2
1266,1,2,0,0,1,2,0,3,5,1,0,0,0,1,1,2,1,2,0,1,0,2,2,0,1,0,0,4,2,2,1,1,3,3,0,0,0,2,0,2,1,0,0,0,1,0,0,2,2,1,0,1,0,1,1,0,2,2,2,2,2,0,3,2,1,2,2,1,0,0,2,0,1,3,0,0,0,1,2,1,1,1,4,2,0,0,3,2,1,0,5,0,1,2,1,2
1267,1,2,0,0,1,2,0,3,5,1,0,0,0,1,1,2,1,2,0,1,0,2,2,0,1,0,0,4,2,2,1,1,3,3,0,0,0,2,0,2,1,0,0,0,1,0,0,2,2,1,0,1,0,1,1,0,2,2,2,2,2,0,3,2,1,2,2,1,0,0,2,0,1,3,0,0,0,1,2,1,1,1,4,2,0,0,3,2,1,0,5,0,1,2,1,2
1268,1,2,0,0,1,2,0,3,5,1,0,0,0,1,1,2,1,2,0,1,0,2,2,0,1,0,0,4,2,2,1,1,3,3,0,0,0,2,0,2,1,0,0,0,1,0,0,2,2,1,0,1,0,1,1,0,2,2,2,2,2,0,3,2,1,2,2,1,0,0,2,0,1,3,0,0,0,1,2,1,1,1,4,2,0,0,3,2,1,0,5,0,1,2,1,2
1269,1,2,0,0,1,2,0,3,5,1,0,0,0,1,1,2,1,2,0,1,0,2,2,0,1,0,0,4,2,2,1,1,3,3,0,0,0,2,0,2,1,0,0,0,1,0,0,2,2,1,0,1,0,1,1,0,2,2,2,2,2,0,3,2,1,2,2,1,0,0,2,0,1,3,0,0,0,1,2,1,1,1,4,2,0,0,3,2,1,0,5,0,1,2,1,2
1270,1,2,0,0,1,2,0,3,5,1,0,0,0,1,1,2,1,2,0,1,0,2,2,0,1,0,0,4,2,2,1,1,3,3,0,0,0,2,0,2,1,0,0,0,1,0,0,2,2,1,0,1,0,1,1,0,2,2,2,2,2,0,3,2,1,2,2,1,0,0,2,0,1,3,0,0,0,1,2,1,1,1,4,2,0,0,3,2,1,0,5,0,1,2,1,2
1271,1,2,0,0,1,2,0,3,5,1,0,0,0,1,1,2,1,2,0,1,0,2,2,0,1,0,0,4,2,2,1,1,3,3,0,0,0,2,0,2,1,0,0,0,1,0,0,2,2,1,0,1,0,1,1,0,2,2,2,2,2,0,3,2,1,2,2,1,0,0,2,0,1,3,0,0,0,1,2,1,1,1,4,2,0,0,3,2,1,0,5,0,1,2,1,2
1272,1,2,0,0,1,2,0,3,5,1,0,0,0,1,1,2,1,2,0,1,0,2,2,0,1,0,0,4,2,2,1,1,3,3,0,0,0,2,0,2,1,0,0,0,1,0,0,2,2,1,0,1,0,1,1,0,2,2,2,2,2,0,3,2,1,2,2,1,0,0,2,0,1,3,0,0,0,1,2,1,1,1,4,2,0,0,3,2,1,0,5,0,1,2,1,2
1273,1,2,0,0,1,2,0,3,5,1,0,0,0,1,1,2,1,2,0,1,0,2,2,0,1,0,0,4,2,2,1,1,3,3,0,0,0,2,0,2,1,0,0,0,1,0,0,2,2,1,0,1,0,1,1,0,2,2,2,2,2,0,3,2,1,2,2,1,0,0,2,0,1,3,0,0,0,1,2,1,1,1,4,2,0,0,3,2,1,0,5,0,1,2,1,2
1274,1,2,0,0,1,2,0,3,5,1,0,0,0,1,1,2,1,2,0,1,0,2,2,0,1,0,0,4,2,2,1,1,3,3,0,0,0,2,0,2,1,0,0,0,1,0,0,2,2,1,0,1,0,1,1,0,2,2,2,2,2,0,3,2,1,2,2,1,0,0,2,0,1,3,0,0,0,1,2,1,1,1,4,2,0,0,3,2,1,0,5,0,1,2,1,2
1275,1,2,0,0,1,2,0,3,5,1,0,0,0,1,1,2,1,2,0,1,0,2,3,0,1,0,0,4,2,2,1,1,3,3,0,0,0,2,0,2,1,0,0,0,1,0,0,2,2,1,0,1,0,1,1,0,3,2,2,2,2,0,3,2,1,2,2,1,0,0,2,0,1,3,0,0,0,1,2,1,1,1,4,2,0,0,3,2,1,0,5,0,1,2,1,2
1276,1,2,0,0,1,2,0,3,5,1,0,0,0,1,1,2,1,2,0,1,0,2,3,0,1,0,0,4,2,2,1,1,3,3,0,0,0,2,0,2,1,0,0,0,1,0,0,2,2,1,0,1,0,1,1,0,3,2,2,2,2,0,3,2,1,2,2,1,0,0,2,0,1,3,0,0,0,1,2,1,1,1,4,2,0,0,3,2,1,0,5,0,1,2,1,2
1277,1,2,0,0,1,2,0,3,5,1,0,0,0,1,1,2,1,2,0,1,0,2,3,0,1,0,0,4,2,2,1,1,3,3,0,0,0,2,0,2,1,0,0,0,1,0,0,2,2,1,0,1,0,1,1,0,3,2,2,2,2,0,3,2,1,2,2,1,0,0,2,0,1,3,0,0,0,1,2,1,1,1,4,2,0,0,3,2,1,0,5,0,1,2,1,2
1278,1,2,0,0,1,2,0,3,5,1,0,0,0,1,1,2,1,2,0,1,0,2,3,0,1,0,0,4,2,2,1,1,3,3,0,0,0,2,0,2,1,0,0,0,1,0,0,2,2,1,0,1,0,1,1,0,3,2,2,2,2,0,3,2,1,2,2,1,0,0,2,0,1,3,0,0,0,1,2,1,1,1,4,2,0,0,3,2,1,0,5,0,1,2,1,2
1279,1,2,0,0,1,2,0,3,5,1,0,0,0,1,1,2,1,2,0,1,0,2,3,0,1,0,0,4,2,2,1,1,3,3,0,0,0,2,0,2,1,0,0,0,1,0,0,2,2,1,0,1,0,1,1,0,3,2,2,2,2,0,3,2,1,2,2,1,0,0,2,0,1,3,0,0,0,1,2,1,1,1,4,2,0,0,3,2,1,0,5,0,1,2,1,2
1280,1,2,0,0,1,2,0,3,5,1,0,0,0,1,1,2,1,2,0,1,0,2,3,0,1,0,0,4,2,2,1,1,3,3,0,0,0,2,0,2,1,0,0,0,1,0,0,2,2,1,0,1,0,1,1,0,3,2,2,2,2,0,3,2,1,2,2,1,0,0,2,0,1,3,0,0,0,1,2,1,1,1,4,2,0,0,3,2,1,0,5,0,1,2,1,2
1281,1,2,0,0,1,2,0,3,5,1,0,0,0,1,1,2,1,2,0,1,0,2,3,0,1,0,0,4,2,2,1,1,3,3,0,0,0,2,0,2,1,0,0,0,1,0,0,2,2,1,0,1,0,1,1,0,3,2,2,2,2,0,3,2,1,2,2,1,0,0,2,0,1,3,0,0,0,1,2,1,1,1,4,2,0,0,3,2,1,0,5,0,1,2,1,2
1282,1,2,0,0,1,2,0,3,5,1,0,0,0,1,1,2,1,2,0,1,0,2,3,0,1,0,0,4,2,2,1,1,3,3,0,0,0,2,0,2,1,0,0,0,1,0,0,2,2,1,0,1,0,1,1,0,3,2,2,2,2,0,3,2,1,2,2,1,0,0,2,0,1,3,0,0,0,1,2,1,1,1,4,2,0,0,3,2,1,0,5,0,1,2,1,2
1283,1,2,0,0,1,2,0,3,5,1,0,0,0,1,1,2,1,2,0,1,0,2,3,0,1,0,0,4,2,2,1,1,3,3,0,0,0,2,0,2,1,0,0,0,1,0,0,2,2,1,0,1,0,1,1,0,3,2,2,2,2,0,3,2,1,2,2,1,0,0,2,0,1,3,0,0,0,1,2,1,1,1,4,2,0,0,3,2,1,0,5,0,1,2,1,2
1284,1,2,0,0,1,2,0,3,5,1,0,0,0,1,1,2,1,2,0,1,0,2,3,0,1,0,0,4,2,2,1,1,3,3,0,0,0,2,0,2,1,0,0,0,1,0,0,2,2,1,0,1,1,1,1,0,3,2,2,2,2,0,3,2,1,2,2,1,0,0,2,0,1,3,0,0,0,1,2,1,1,1,4,2,0,0,3,2,1,0,5,0,1,2,1,2
1285,1,2,0,0,1,2,0,3,5,1,0,0,0,1,1,2,1,2,0,1,0,2,3,0,1,0,0,4,2,2,1,1,3,3,0,0,0,2,0,2,1,0,0,0,1,0,0,3,2,1,0,1,1,1,1,0,3,2,2,2,2,0,3,2,1,2,2,1,0,0,2,0,1,3,0,0,0,1,2,1,1,1,4,2,0,0,3,2,1,0,5,0,1,2,1,2
1286,1,2,0,0,2,2,0,3,5,1,0,0,0,1,1,2,1,2,0,1,0,2,3,0,1,0,0,4,2,2,1,1,3,3,0,0,0,2,0,2,1,0,0,0,1,0,0,3,2,1,0,1,1,1,1,0,3,2,2,2,2,0,3,2,1,2,2,1,0,0,2,0,1,3,0,0,0,1,2,1,1,1,4,2,0,0,3,2,1,0,5,0,1,2,1,2
1287,1,2,0,0,2,2,0,3,5,1,0,0,0,1,1,2,1,2,0,1,0,2,3,0,1,0,0,4,2,2,1,1,3,3,0,0,0,2,0,2,1,0,0,0,1,0,0,3,2,1,0,1,1,1,1,0,3,2,2,2,2,0,3,2,1,2,2,1,0,0,2,0,1,3,0,0,0,1,2,1,1,1,4,2,0,0,3,2,1,0,5,0,1,2,1,2
1288,1,2,0,0,2,2,0,3,5,1,0,0,0,1,1,2,1,2,0,1,0,2,3,0,1,0,0,4,2,2,1,2,3,3,0,0,0,2,0,2,1,0,0,0,1,0,0,3,2,1,0,1,1,1,1,0,3,2,2,2,2,0,3,2,1,2,2,1,0,0,2,0,1,3,0,0,0,1,2,1,1,1,4,2,0,0,3,2,1,0,5,0,1,2,1,2
1289,1,2,0,0,2,2,0,3,6,1,0,0,0,1,1,2,1,2,0,1,0,2,3,0,1,0,0,4,2,2,1,2,3,3,0,0,0,2,0,2,1,0,0,0,1,0,0,3,2,1,0,1,1,1,1,0,3,2,2,2,2,0,3,2,1,2,2,1,0,0,2,0,1,3,0,0,0,1,2,2,1,1,4,2,0,0,3,2,1,0,5,0,1,2,1,2
1290,1,2,0,0,2,2,0,3,6,1,0,0,0,1,1,2,1,2,0,1,0,2,3,0,1,0,0,4,2,2,1,2,3,3,0,0,0,2,0,2,1,0,0,0,1,0,0,3,2,1,0,1,1,1,1,0,3,2,2,2,2,0,3,2,1,2,2,1,0,0,2,0,1,3,0,0,0,1,2,2,1,1,4,2,0,0,3,3,1,0,5,0,1,2,1,2
1291,1,2,0,0,2,2,0,3,6,2,0,0,0,1,1,2,1,2,0,1,0,2,3,0,1,0,0,4,2,2,1,2,3,3,0,0,0,2,0,2,1,0,0,0,1,0,0,3,2,1,0,1,1,1,1,0,3,2,2,2,2,0,3,2,1,2,2,1,0,0,2,0,1,3,0,0,0,1,2,2,1,1,4,2,0,0,3,3,1,0,5,0,1,2,1,2
1292,1,2,0,0,2,2,0,3,6,2,0,0,0,1,1,2,1,2,0,1,0,2,3,0,1,0,0,4,2,2,1,2,3,3,0,0,0,2,0,2,1,0,0,0,1,0,0,3,2,1,0,1,1,1,1,0,3,2,2,2,2,0,3,2,1,2,2,1,0,0,2,0,1,3,0,0,0,1,2,2,1,1,4,2,0,0,3,3,1,0,5,0,1,2,1,2
1293,1,2,0,0,2,2,0,3,6,2,0,0,0,1,1,2,1,2,0,1,0,2,3,0,1,0,0,4,2,2,1,2,3,3,0,0,0,2,0,2,1,0,0,0,1,0,0,3,2,1,0,1,1,1,1,0,3,2,2,2,2,0,3,2,1,2,2,1,0,0,2,0,1,3,0,0,0,1,2,2,1,1,4,2,0,0,3,3,1,0,5,0,1,2,1,2
1294,1,2,0,0,2,2,0,3,6,2,0,0,0,1,1,2,1,2,0,1,0,2,3,0,1,0,0,4,2,2,1,2,3,3,0,0,0,2,0,2,1,0,0,0,1,0,0,3,2,1,0,1,1,1,1,0,3,2,2,2,2,0,3,2,1,2,2,1,0,0,2,0,1,3,0,0,0,1,2,2,1,1,4,2,0,0,3,3,1,0,5,0,1,2,1,2
1295,1,2,0,0,2,2,0,3,6,2,0,0,0,1,1,2,1,2,0,1,0,2,3,0,1,0,0,4,2,2,1,2,3,3,0,0,0,2,0,2,1,0,0,0,1,0,0,3,2,1,0,1,1,1,1,0,3,2,2,2,2,1,3,2,1,2,2,1,0,0,2,0,1,3,0,0,0,1,2,2,1,1,4,2,0,0,3,3,1,0,5,0,1,2,1,2
1296,1,2,0,0,2,2,0,3,6,2,0,0,0,1,1,2,1,2,0,1,0,2,3,0,1,0,0,4,2,2,1,2,3,3,0,0,0,2,0,2,1,0,0,0,1,0,0,3,2,1,0,1,1,1,1,0,3,2,2,2,2,1,3,2,1,2,2,1,0,0,2,0,1,3,0,0,0,1,2,2,1,1,4,2,0,0,3,3,1,0,5,0,1,2,1,2
1297,1,2,0,0,2,2,0,3,6,2,0,0,0,1,1,2,1,2,0,1,0,2,3,0,1,0,0,4,2,2,1,2,3,3,0,0,0,2,0,2,1,0,0,0,1,0,0,3,2,1,0,1,1,1,1,0,3,2,2,2,2,1,3,2,1,2,2,1,0,0,2,0,1,3,0,0,0,1,2,2,1,1,4,2,0,0,3,3,1,0,5,0,1,2,1,2
1298,1,2,0,0,2,2,0,3,6,2,0,0,0,2,1,2,1,2,0,1,0,2,3,0,1,0,0,4,2,2,1,2,3,3,0,0,0,2,0,2,1,0,0,0,1,0,0,3,2,1,0,1,1,1,1,0,3,2,2,2,2,1,3,2,1,2,2,1,0,0,2,0,1,3,0,0,0,1,2,2,1,1,4,2,0,0,3,3,1,0,5,0,1,2,1,2
1299,1,2,0,0,2,2,0,3,6,2,0,0,0,2,1,2,1,2,0,1,0,2,3,0,1,0,0,4,2,2,1,2,3,3,0,0,0,2,0,2,1,0,0,0,1,0,0,3,2,1,0,1,1,1,1,0,3,2,2,2,2,1,3,2,2,2,2,1,0,0,2,0,1,3,0,0,0,1,2,2,1,1,4,2,0,0,3,3,1,0,5,0,1,2,1,2
1300,1,2,0,0,2,2,0,3,6,2,0,0,0,2,1,2,1,2,0,1,0,2,3,0,1,0,0,4,2,2,1,2,3,3,0,0,0,2,0,2,1,0,0,0,1,0,0,3,2,1,0,1,1,1,1,0,3,2,2,2,2,1,3,2,2,2,2,1,0,0,2,0,1,3,0,0,0,1,2,2,1,1,4,2,0,0,3,3,1,0,5,0,1,2,1,2
1301,1,2,0,0,2,2,0,3,6,2,0,0,0,2,1,2,1,2,0,1,0,2,3,0,1,0,0,4,2,2,1,2,3,3,0,0,0,2,0,2,2,0,0,0,1,0,0,3,2,1,0,1,1,1,1,0,3,2,2,3,2,1,3,2,2,2,2,1,0,0,2,0,1,3,0,0,0,1,2,2,1,1,4,2,0,0,3,3,1,0,5,0,1,2,1,2
1302,1,2,0,0,2,2,0,3,6,2,0,0,0,2,1,2,1,2,0,1,0,2,3,0,1,0,0,4,2,2,1,2,3,3,0,0,0,2,0,2,2,0,0,0,1,0,0,3,2,1,0,1,1,1,1,0,3,2,2,3,2,1,3,2,2,2,2,1,0,0,2,0,1,3,0,0,0,1,2,2,1,1,4,2,0,0,3,3,1,0,5,0,1,2,1,2
1303,1,2,0,0,2,2,0,3,6,2,0,0,0,2,1,2,1,2,0,1,0,2,3,0,1,0,0,4,2,2,1,2,3,3,0,0,0,2,0,2,2,0,0,0,1,0,0,3,2,1,0,1,1,1,1,0,3,2,2,3,2,1,3,2,2,2,2,1,0,0,2,0,1,3,0,0,0,1,2,2,1,1,4,2,0,0,3,3,1,0,5,0,1,2,1,2
1304,1,2,0,0,2,2,0,3,6,2,0,0,0,2,1,2,1,2,0,1,0,2,3,0,1,0,0,4,2,2,1,2,3,3,0,0,0,2,0,2,2,0,0,0,1,0,0,3,2,1,0,1,1,1,1,0,3,2,2,3,2,1,3,2,2,2,2,1,0,0,2,0,1,3,0,0,0,1,2,2,1,1,4,2,0,0,3,3,1,0,5,0,1,2,1,2
1305,1,2,0,0,2,2,0,3,6,2,0,0,0,2,1,2,1,2,0,1,0,2,3,0,1,0,0,4,2,2,1,2,3,3,0,0,0,2,0,2,2,0,0,0,1,0,0,3,2,1,0,1,1,1,1,0,3,2,3,3,2,1,3,2,2,2,2,1,0,0,2,0,1,3,0,0,0,1,2,2,1,1,4,2,0,0,3,3,1,0,5,0,1,2,1,2
1306,1,2,0,0,2,2,0,3,6,2,0,0,0,2,1,2,1,2,0,1,0,2,3,0,1,0,0,4,2,2,1,2,3,3,0,0,0,2,0,2,2,0,0,0,1,0,0,3,2,1,0,1,1,1,1,0,3,2,3,3,2,1,3,2,2,2,2,1,0,0,2,0,1,3,0,0,0,1,2,2,1,1,4,2,0,0,3,3,1,0,5,0,1,2,1,2
1307,1,2,0,0,2,2,0,3,6,2,0,0,0,2,1,2,1,2,0,1,0,2,3,0,1,0,0,4,2,2,1,2,3,3,0,0,0,2,0,2,2,0,0,0,1,0,0,3,2,1,0,1,1,1,1,0,3,2,3,3,2,1,3,2,2,2,2,1,0,0,2,0,1,3,0,0,0,1,2,3,1,1,4,2,0,0,3,3,1,0,5,0,1,2,1,2
1308,1,2,0,0,2,2,0,3,6,2,0,0,0,2,1,2,1,2,0,1,0,2,3,0,1,0,0,4,2,2,1,2,3,3,0,0,0,2,0,2,2,0,0,0,1,0,0,3,2,1,0,1,1,1,1,0,3,2,3,3,2,1,3,2,2,2,2,1,0,0,2,0,1,3,0,0,0,1,2,3,1,1,4,2,0,0,3,3,1,0,5,0,1,2,1,2
1309,1,2,0,0,2,2,0,3,6,2,0,0,0,2,1,2,1,2,0,1,0,2,3,0,1,0,0,4,2,2,1,2,3,3,0,0,0,2,0,2,2,0,0,0,1,0,0,3,2,1,0,1,1,1,1,0,3,2,3,3,3,1,3,2,2,2,2,1,0,0,2,0,1,3,0,0,0,1,2,3,1,1,4,2,1,0,3,3,1,0,5,0,1,2,1,2
1310,1,2,0,0,2,2,0,3,6,2,0,0,0,2,1,2,1,2,0,1,0,2,3,0,1,0,0,4,2,2,1,2,3,3,0,0,0,2,0,2,2,0,0,0,1,0,0,3,2,1,0,1,1,1,1,0,3,2,3,3,3,1,4,2,2,2,2,1,0,0,2,0,1,3,0,0,0,1,2,3,1,1,4,2,1,0,3,3,1,0,5,0,1,2,1,2
1311,1,2,0,0,2,2,0,3,6,2,0,0,0,2,1,2,1,2,0,1,0,2,3,0,1,0,0,4,2,2,1,2,3,3,0,0,0,2,0,2,2,0,0,0,1,0,0,3,2,1,0,1,1,1,1,0,3,2,3,3,3,1,4,2,2,2,2,1,0,0,2,0,1,3,0,0,0,1,2,3,1,1,4,2,1,0,3,3,1,0,5,0,1,2,1,2
1312,1,2,0,0,2,2,0,3,6,2,0,0,0,2,1,2,1,2,0,1,0,2,3,0,1,0,0,4,2,2,1,2,3,3,0,0,0,2,0,2,2,0,0,0,1,0,0,3,2,1,0,1,1,1,1,0,3,2,3,3,3,1,4,2,2,2,2,1,0,0,2,0,1,3,0,0,0,1,2,3,1,1,4,2,1,0,3,3,1,0,5,0,1,2,1,2
1313,1,2,0,0,2,2,0,3,6,2,0,0,0,2,1,2,1,2,0,1,0,2,3,0,1,0,0,4,2,2,1,2,3,3,0,0,0,2,0,2,2,0,0,0,1,0,0,3,2,1,0,1,1,1,1,0,3,2,3,3,3,1,4,2,3,2,2,1,0,0,2,0,1,3,0,0,0,1,2,3,1,1,4,2,1,0,3,3,1,0,5,0,1,2,1,2
1314,1,2,0,0,2,2,0,3,6,2,0,0,0,2,1,2,1,2,0,1,0,2,3,0,1,0,0,4,2,2,1,2,3,3,0,0,0,2,0,2,2,0,0,0,1,0,0,3,2,1,0,1,1,1,1,0,3,2,3,3,3,1,4,2,3,2,2,1,0,0,2,0,1,3,0,0,0,1,2,3,1,1,4,2,1,0,3,3,1,0,5,0,1,2,1,2
1315,1,2,0,0,2,2,0,3,6,2,0,0,1,2,1,2,1,2,0,1,0,2,3,0,1,0,0,4,2,2,1,2,3,3,0,0,0,2,0,2,2,0,0,0,1,0,0,3,2,1,0,1,1,1,1,0,3,2,3,3,3,1,4,2,3,2,2,1,0,0,2,0,1,3,0,0,0,1,2,3,1,1,4,2,1,0,3,3,1,0,5,0,1,2,1,2
1316,1,2,0,0,2,2,0,3,6,2,0,0,1,2,1,2,1,2,0,1,0,2,3,0,1,0,0,4,2,2,1,2,3,3,0,0,0,2,0,2,2,0,0,0,1,0,0,3,2,1,0,1,1,1,1,0,3,2,3,3,3,1,4,2,3,2,2,1,0,0,2,0,1,3,0,0,0,1,2,3,1,1,4,2,1,0,3,3,1,0,5,0,1,2,1,2
1317,1,2,0,0,2,2,0,3,6,2,0,0,1,2,1,2,1,2,0,1,0,2,3,0,1,0,0,4,2,2,1,2,3,3,0,0,0,2,0,2,2,0,0,0,1,0,0,3,2,1,0,1,1,1,1,0,3,2,3,3,3,1,4,2,3,2,2,1,0,0,2,0,1,3,0,0,0,1,2,3,1,1,4,2,1,0,3,3,1,0,5,0,1,2,1,2
1318,1,2,0,0,2,2,0,3,6,2,0,0,1,2,1,2,1,2,0,1,0,2,3,0,1,0,0,4,2,2,1,2,3,3,0,0,0,2,0,2,2,0,0,0,1,0,0,3,2,1,0,1,1,1,1,0,3,2,3,3,3,1,4,2,3,2,2,1,0,0,2,0,1,3,0,0,0,1,2,3,1,1,4,2,1,0,3,3,1,0,5,0,1,2,1,2
1319,1,2,0,0,2,2,0,3,6,2,0,0,1,2,1,2,1,2,0,1,0,2,3,0,1,0,0,4,2,2,1,2,3,3,0,0,0,2,0,2,2,0,0,0,1,0,0,3,2,1,0,1,1,1,1,0,3,2,3,3,3,1,4,2,3,2,2,1,0,0,2,0,1,3,0,0,0,1,2,3,1,1,4,2,1,0,3,3,1,0,5,0,1,2,1,2
1320,1,2,0,0,2,2,0,3,6,2,0,0,1,2,1,2,1,2,0,1,0,2,3,0,1,0,0,4,2,2,1,2,3,3,0,0,0,2,0,2,2,0,0,0,1,0,0,3,2,1,0,1,1,1,1,0,3,2,3,3,3,1,4,2,3,2,2,1,0,0,2,0,1,3,0,0,0,1,2,3,1,1,4,2,1,0,3,3,1,0,5,0,1,2,1,2
1321,1,2,0,0,2,3,0,3,6,2,0,0,1,2,1,2,1,2,0,1,0,2,3,0,1,0,0,4,2,2,1,2,3,3,0,0,0,2,0,2,2,0,0,0,1,0,0,3,2,1,0,1,1,1,1,0,3,2,3,3,3,1,4,2,3,2,2,1,0,0,2,0,1,3,0,0,0,1,2,3,1,1,4,2,1,0,3,3,1,0,5,0,1,2,1,2
1322,1,2,0,0,2,3,0,3,6,2,0,0,1,2,1,2,1,2,0,1,0,2,3,0,1,0,0,4,2,2,1,2,4,3,0,0,0,2,0,2,2,0,0,0,1,0,0,3,2,1,0,1,1,1,1,0,3,2,3,3,3,1,4,2,3,2,2,1,0,0,2,0,1,3,0,0,0,1,2,3,1,1,4,2,1,0,3,3,1,0,5,0,1,2,1,2
1323,1,2,0,0,2,3,0,3,6,2,0,0,1,2,1,2,1,2,0,1,0,2,3,0,1,0,0,4,2,2,1,2,4,3,0,0,0,2,0,2,2,0,0,0,1,0,0,3,2,1,0,1,1,1,1,0,3,2,3,3,3,1,4,2,3,2,2,1,0,0,2,0,1,3,0,0,0,1,2,3,1,1,4,2,1,0,3,3,1,0,5,0,1,2,1,2
1324,1,2,0,0,2,3,0,3,6,2,0,0,1,2,1,2,1,2,0,1,0,2,3,0,1,0,0,4,2,2,1,2,4,3,0,0,0,2,0,3,2,0,0,0,1,0,0,4,2,1,0,1,1,1,1,0,3,2,3,3,3,1,4,2,3,2,2,1,0,0,2,0,1,3,0,0,0,1,2,3,1,1,4,2,1,0,3,3,1,0,5,0,1,2,1,2
1325,1,2,0,0,2,3,0,3,6,2,0,0,2,2,1,2,1,2,0,1,0,2,3,0,1,0,0,4,2,2,1,2,4,3,0,0,0,2,0,3,2,0,0,0,1,0,0,4,2,1,0,1,1,1,1,0,3,2,3,3,3,1,4,2,3,2,2,1,0,0,2,0,1,3,0,0,0,1,2,3,1,1,4,2,1,0,3,3,1,0,5,0,1,2,1,2
1326,1,2,0,0,2,3,0,3,6,2,0,0,2,2,1,2,2,2,0,1,0,2,3,0,1,0,0,4,2,2,1,2,4,4,0,0,0,2,0,3,2,0,0,0,1,0,0,4,2,1,0,1,1,1,1,0,3,2,3,3,3,1,4,2,3,2,2,1,0,0,2,0,1,3,0,0,0,1,2,3,1,1,4,2,1,0,3,3,1,0,5,0,1,2,1,2
1327,1,2,0,0,2,3,0,3,6,2,0,0,2,2,1,2,2,2,0,1,0,2,3,0,1,0,0,4,2,2,1,2,4,4,0,0,0,2,0,3,2,0,0,0,1,0,0,4,2,1,0,1,1,1,1,0,3,2,3,3,3,1,4,2,3,2,2,1,0,0,2,0,1,3,0,0,0,1,2,3,1,1,4,2,1,0,3,3,1,0,5,0,1,2,1,2
1328,1,2,0,0,2,3,0,3,6,2,0,0,2,2,1,2,2,2,0,1,0,2,3,0,1,0,0,4,2,2,1,2,4,4,0,0,0,2,0,3,2,0,0,0,1,0,0,4,2,1,0,1,1,1,1,0,3,2,3,3,3,1,4,2,3,2,2,1,0,0,2,0,1,3,0,0,0,1,2,3,1,1,4,2,1,0,3,3,1,0,5,0,1,2,1,2
1329,1,2,0,0,2,3,0,3,6,2,0,0,2,2,1,2,2,2,0,1,0,2,3,0,1,0,0,4,2,2,1,2,4,4,0,0,0,2,0,3,2,0,0,0,1,0,0,4,2,1,0,1,1,1,1,0,3,2,3,3,3,1,4,2,3,2,2,1,0,0,2,0,1,3,0,0,0,1,2,3,1,1,4,2,1,0,3,3,1,0,5,0,1,2,1,2
1330,1,2,0,0,2,3,0,3,6,2,0,0,2,2,1,2,2,2,0,1,0,2,3,0,1,0,0,4,2,2,1,2,4,4,0,0,0,2,0,3,2,0,0,0,1,0,0,4,2,1,0,1,1,1,1,0,3,2,3,3,3,1,4,2,3,2,2,1,0,0,2,0,1,3,0,0,0,1,2,3,1,1,4,2,1,0,3,3,1,0,5,0,1,2,1,2
1331,1,2,0,0,2,3,0,3,6,2,0,0,2,2,1,2,2,2,0,1,0,2,3,0,1,0,0,4,2,2,1,2,4,4,0,0,0,2,0,3,2,0,0,0,1,0,0,4,2,1,0,1,1,1,1,0,3,2,3,3,3,1,4,2,3,2,2,1,0,0,2,0,1,3,0,0,0,1,2,3,1,1,4,2,1,0,3,3,1,0,5,0,1,3,1,2
1332,1,2,0,0,3,3,0,3,6,2,0,0,2,2,1,2,2,2,0,1,0,2,3,0,1,0,0,4,2,2,1,2,4,4,0,0,0,2,0,3,2,0,0,0,1,0,0,4,2,1,0,1,1,1,1,0,3,2,3,3,3,1,4,2,3,2,2,1,0,0,2,0,1,3,0,0,0,1,2,3,1,1,4,2,1,0,3,3,1,0,5,0,1,3,1,2
1333,1,2,0,0,3,3,0,3,6,2,0,0,2,2,1,2,2,2,0,1,0,2,3,0,1,0,0,4,2,2,1,2,4,4,0,0,0,2,0,3,2,0,0,0,1,0,0,4,2,1,0,1,1,1,1,0,3,2,3,3,3,1,4,2,3,2,2,1,0,0,2,0,1,3,0,0,0,1,2,3,1,1,4,2,1,0,3,3,1,0,5,0,1,3,1,2
1334,1,2,0,0,3,3,0,3,6,2,0,0,2,2,1,2,2,2,0,1,0,2,3,0,1,0,0,4,2,2,1,2,4,4,0,0,0,2,0,3,2,0,0,0,1,0,0,4,2,1,0,1,1,1,1,0,3,2,3,3,3,1,4,2,3,2,2,1,0,0,2,0,1,3,0,0,0,1,2,3,1,1,4,2,1,0,3,3,1,0,5,0,1,3,1,2
1335,1,2,0,0,3,3,0,3,6,2,0,0,2,2,1,2,2,2,0,1,0,2,3,0,1,0,0,4,2,2,1,2,4,4,0,0,0,2,0,3,2,0,0,1,1,0,0,4,2,1,0,1,1,1,1,0,3,2,3,3,3,1,4,2,3,2,2,1,0,0,2,0,1,3,0,0,0,1,2,3,1,1,4,2,1,0,3,3,1,0,5,0,1,3,1,2
1336,1,2,0,0,3,3,0,3,6,2,0,0,2,2,1,2,2,2,0,1,0,2,3,0,1,0,0,4,2,2,1,2,4,4,0,0,0,2,0,3,2,0,0,1,1,0,0,4,2,1,0,1,1,1,1,0,3,2,3,3,3,1,4,2,3,2,2,1,0,0,2,0,1,3,0,0,0,1,2,3,1,1,4,2,1,0,3,3,1,0,5,0,1,3,1,2
1337,1,2,0,0,3,3,0,3,6,2,0,0,2,2,1,2,2,2,0,1,0,2,3,0,1,0,0,4,2,2,1,2,4,4,0,0,0,2,0,3,2,0,0,1,1,0,0,4,2,1,0,1,1,1,1,0,3,2,3,3,3,1,4,2,3,2,2,1,0,0,2,0,1,3,0,0,0,1,2,3,1,1,4,2,1,0,3,3,1,0,5,0,1,3,1,2
1338,1,2,0,0,3,3,0,3,6,2,0,0,2,2,1,2,2,2,0,1,0,2,3,0,1,0,0,4,2,2,1,2,4,4,0,0,0,2,0,3,2,0,0,1,1,0,0,4,2,1,0,1,1,1,1,0,3,2,3,3,3,1,4,2,3,2,2,1,0,0,2,0,1,3,0,0,0,1,2,3,1,1,4,2,1,0,3,3,1,0,5,0,1,3,1,2
1339,1,2,0,0,3,3,0,3,6,2,0,0,2,2,1,2,2,2,0,1,0,2,3,0,1,0,0,4,2,2,1,2,4,4,0,0,0,2,0,3,2,0,0,1,1,0,1,4,2,1,0,1,1,1,1,0,3,2,3,3,3,1,4,2,3,2,2,1,0,0,2,0,1,3,0,0,0,1,2,3,1,1,4,2,1,0,3,3,1,0,5,0,1,3,1,2
1340,1,2,0,0,3,3,0,3,6,2,0,0,2,2,1,2,2,2,0,1,0,2,3,0,1,0,0,4,2,2,1,2,4,4,0,0,0,2,0,3,2,0,0,1,1,0,1,4,2,1,0,1,1,1,1,0,3,2,3,3,4,1,4,2,3,2,2,1,0,0,2,0,1,3,0,0,0,1,2,3,1,1,4,2,1,0,3,3,1,0,5,0,1,3,1,2
1341,1,2,0,0,3,3,0,3,6,2,0,0,2,2,1,2,2,2,0,1,0,2,3,0,1,0,0,4,2,2,1,2,4,4,0,0,0,2,0,3,2,0,0,1,1,0,1,4,2,1,0,1,1,1,1,0,3,2,3,3,4,1,4,2,3,2,2,1,0,0,2,0,1,3,0,0,0,1,2,3,1,1,4,2,1,0,3,3,1,0,5,0,1,3,1,2
1342,1,2,0,0,3,3,0,3,6,2,0,0,2,2,1,2,2,2,0,1,0,2,3,0,1,0,0,4,2,2,1,2,4,4,0,0,0,2,0,3,2,0,0,1,1,0,1,4,2,1,0,1,1,1,1,0,3,2,3,3,4,1,4,2,3,2,2,1,0,0,2,0,1,3,0,0,0,1,2,3,1,1,4,2,1,0,3,3,1,0,5,0,1,3,1,2
1343,1,2,0,0,3,3,0,3,6,2,0,0,2,2,1,2,2,2,0,1,0,2,3,0,1,0,0,4,2,2,1,2,4,4,0,0,0,2,0,3,2,0,0,1,1,0,1,4,2,1,0,1,1,1,1,0,3,2,3,3,4,1,4,2,3,2,2,1,0,0,2,0,1,3,0,0,0,1,2,3,1,1,4,2,1,0,3,3,1,0,5,0,1,3,1,2
1344,1,2,0,0,3,3,0,3,6,2,0,0,2,2,1,3,2,2,0,1,0,2,3,0,1,0,0,4,2,2,1,2,4,4,0,0,0,2,0,3,2,0,0,1,1,0,1,4,2,1,0,1,1,1,1,0,3,2,3,3,4,1,4,2,3,2,2,1,0,0,2,0,1,3,0,0,0,1,2,3,1,1,4,2,1,0,3,3,1,0,5,0,1,3,1,2
1345,1,2,0,0,3,3,0,3,6,2,0,0,2,2,1,3,2,2,0,1,0,2,3,0,1,0,0,4,2,2,1,2,4,4,0,0,0,2,0,3,2,0,0,1,1,0,1,4,2,1,0,1,1,1,1,0,3,2,3,3,4,1,4,2,3,2,2,1,0,0,2,0,1,3,0,0,0,1,2,3,1,1,4,2,1,0,3,3,1,0,5,0,1,3,1,2
1346,1,2,0,0,3,3,0,3,6,2,0,0,2,3,1,3,2,2,0,1,0,2,3,0,1,0,0,4,2,2,1,2,4,4,0,0,0,2,0,3,2,0,0,1,1,0,1,4,2,1,0,1,1,1,1,0,3,2,3,3,4,1,4,2,3,2,2,1,0,0,2,0,1,3,0,0,0,1,2,3,1,1,4,2,1,0,3,3,1,0,5,0,1,3,1,2
1347,1,2,0,0,3,3,0,3,6,2,0,0,2,3,1,3,2,2,0,1,0,2,3,0,1,0,0,4,2,2,1,2,4,4,0,0,0,2,0,3,2,0,0,1,1,0,1,4,2,1,0,1,1,1,1,0,3,2,3,3,4,1,4,2,3,2,2,1,0,0,2,0,1,3,0,0,0,1,2,3,1,1,4,2,1,0,3,3,1,0,5,0,1,3,1,2
1348,1,2,0,0,3,3,0,3,6,2,0,0,2,3,1,3,2,2,0,2,0,2,3,0,1,0,0,4,2,2,1,2,4,4,0,0,0,2,0,3,2,0,0,1,1,0,1,4,2,1,0,1,1,1,1,0,3,2,3,3,4,1,4,2,3,2,2,1,0,0,2,0,2,3,0,0,0,1,2,3,1,1,4,2,1,0,3,3,1,0,5,0,1,3,1,2
1349,1,2,0,0,3,3,0,3,7,2,0,0,2,3,1,3,2,2,0,2,0,2,3,0,1,0,0,4,2,2,1,2,4,4,0,0,0,2,0,3,2,0,0,1,1,0,1,4,2,1,0,1,1,1,1,0,4,2,3,3,4,1,4,2,3,2,2,1,0,0,2,0,2,3,0,0,0,1,2,3,1,1,4,2,1,0,3,3,1,0,5,0,1,3,1,2
1350,1,2,0,0,3,3,0,3,7,2,0,0,2,3,1,3,2,2,0,2,0,2,3,0,1,0,0,4,2,2,1,2,4,4,0,0,0,2,0,3,2,0,0,1,1,0,1,5,2,1,0,1,1,1,1,0,4,2,3,3,4,1,4,2,3,2,2,1,0,0,2,0,2,3,0,0,0,1,2,3,1,1,4,2,1,0,3,3,1,0,5,1,1,3,1,2
1351,1,2,0,0,3,3,0,3,7,2,0,0,2,3,1,3,2,2,0,2,0,2,3,0,1,0,0,4,2,2,1,2,4,4,0,0,0,2,0,3,2,0,0,1,1,0,1,5,2,1,0,1,1,1,1,0,4,2,3,3,4,1,4,2,3,2,2,1,0,0,2,0,2,3,0,0,0,1,2,3,1,1,4,2,1,0,3,3,1,0,6,2,1,3,1,2
1352,1,2,0,0,3,3,0,3,7,2,0,0,2,3,1,3,2,2,0,2,1,2,3,0,1,0,0,4,2,2,1,2,4,4,0,0,0,2,0,3,2,0,0,1,1,0,1,5,2,1,0,1,1,1,1,0,4,2,3,3,4,1,4,2,3,2,2,1,0,0,2,0,2,3,0,0,0,1,2,3,1,1,4,2,1,0,3,3,1,0,6,2,1,3,1,2
1353,1,2,0,0,3,3,0,3,7,2,0,0,2,3,1,3,2,2,0,2,1,2,3,0,1,0,0,4,2,2,1,2,4,4,0,0,0,2,0,3,2,0,0,1,1,0,1,5,2,1,0,1,1,1,1,0,4,2,3,3,4,1,4,2,3,2,2,1,0,0,2,0,2,3,0,0,0,1,2,3,1,1,4,2,1,0,3,3,1,0,6,2,1,3,1,2
1354,1,2,0,0,3,3,0,3,7,2,0,0,2,3,1,3,2,2,0,2,1,2,3,0,1,0,0,4,2,2,1,2,4,4,0,0,0,2,0,3,2,0,0,1,1,0,1,5,2,1,0,1,1,1,1,0,4,2,3,3,4,1,4,2,3,2,2,1,0,0,2,0,2,3,0,0,0,1,2,3,1,1,4,2,1,0,3,3,1,0,6,2,1,3,1,2
1355,1,2,0,0,3,3,0,3,7,2,0,0,2,3,1,3,2,2,0,2,1,2,3,0,1,0,0,4,2,2,1,2,4,4,0,0,0,2,0,3,2,0,0,1,1,0,1,5,2,1,0,1,1,1,1,0,4,2,4,3,4,1,4,2,3,2,2,1,0,0,2,0,2,3,0,0,0,1,2,3,1,1,4,2,1,0,3,3,1,0,6,2,1,3,1,2
1356,1,2,0,0,3,3,0,3,7,2,0,0,2,3,1,3,2,2,0,2,1,2,3,0,1,0,0,4,2,2,1,2,4,4,0,0,0,2,0,3,2,0,0,1,1,0,1,5,2,1,0,1,1,1,1,0,4,2,4,3,4,1,4,2,3,2,2,1,0,0,2,0,2,3,0,0,0,1,2,3,1,1,4,2,1,0,3,3,1,0,6,2,1,3,1,2
1357,1,2,0,0,3,3,0,3,7,2,0,0,2,3,1,3,2,2,0,2,1,2,3,0,1,0,0,4,2,2,1,2,4,4,0,0,0,2,0,3,2,0,0,1,1,0,1,5,2,1,0,1,1,1,1,0,4,2,4,3,4,1,4,2,3,2,2,1,0,0,2,0,2,3,0,0,0,1,2,3,1,1,4,2,1,0,3,3,1,0,7,2,1,3,1,2
1358,1,2,0,0,3,3,0,3,7,2,0,0,2,3,1,3,2,2,0,2,1,2,3,0,1,0,0,4,2,2,1,2,4,4,0,0,0,2,0,3,2,0,0,1,1,0,1,5,2,1,0,1,2,1,1,0,4,2,5,3,4,1,4,2,3,2,2,1,0,0,2,0,2,3,0,0,0,1,2,3,1,1,4,2,1,0,3,3,1,0,7,2,1,3,1,2
1359,1,2,0,0,3,3,0,3,7,2,0,0,2,4,1,3,2,2,0,2,1,2,3,0,1,0,0,4,2,2,1,2,4,4,0,0,0,2,0,3,2,0,0,1,1,0,1,5,2,1,0,1,2,1,1,0,4,2,5,3,4,1,4,2,3,2,2,1,0,0,2,0,2,3,0,0,0,1,2,3,1,1,4,2,1,0,3,3,1,0,7,2,1,3,1,2
1360,1,2,0,0,3,3,0,3,7,2,0,0,2,4,1,3,2,2,0,2,1,2,3,0,1,0,0,4,2,2,1,2,4,4,0,0,0,2,0,3,2,0,0,1,1,0,1,5,2,1,0,1,2,1,1,0,4,2,6,3,4,1,4,2,3,2,2,1,0,0,2,0,2,3,0,0,0,1,2,3,1,1,4,2,1,0,3,3,1,0,7,2,1,3,1,2
1361,1,2,0,0,3,3,0,3,7,2,0,0,2,4,1,3,2,2,0,2,1,2,3,0,1,0,0,4,2,2,1,2,4,4,0,0,0,2,0,3,2,0,0,1,1,0,1,5,2,1,1,1,2,1,1,0,4,2,6,3,4,1,4,2,3,2,2,1,0,0,2,0,2,3,0,0,0,1,2,3,1,1,4,2,1,0,3,3,1,0,7,2,1,3,1,2
1362,1,2,0,0,3,3,0,3,7,2,0,0,2,4,1,3,2,2,0,2,1,2,3,0,1,0,0,4,2,2,1,2,4,4,0,0,0,2,0,3,2,0,0,1,1,0,1,5,2,1,1,1,2,1,1,0,4,2,6,3,4,1,4,2,3,2,2,1,0,0,2,0,2,3,0,0,0,1,2,3,1,1,4,2,1,0,3,3,1,0,7,2,1,3,1,2
1363,1,2,0,0,3,3,0,3,7,2,0,0,2,4,1,3,2,2,0,2,1,2,3,0,1,0,0,4,2,2,1,2,4,4,0,0,0,2,0,3,2,0,0,1,1,0,1,5,2,1,1,1,2,1,1,0,4,2,6,3,4,1,4,2,3,2,2,1,0,0,2,0,2,3,0,0,0,1,2,3,1,1,4,2,1,0,3,3,1,0,7,2,1,3,1,2
1364,1,2,0,0,3,3,0,3,7,2,0,0,2,4,1,3,2,2,0,2,1,2,3,0,1,0,0,4,2,2,1,2,4,4,0,0,0,2,0,3,2,0,0,1,1,0,1,5,2,1,1,1,2,1,1,0,4,2,6,3,4,1,4,2,3,2,2,1,0,0,2,0,2,3,0,0,0,1,2,3,1,1,4,2,1,0,3,3,1,0,7,2,1,3,1,2
1365,1,2,0,0,3,3,0,3,7,2,0,0,2,4,1,3,2,2,0,2,1,2,3,0,1,0,0,4,2,2,1,2,4,4,0,0,0,2,0,3,2,0,0,1,1,0,1,5,2,1,1,1,2,1,1,0,4,2,6,3,4,1,4,2,3,2,2,1,0,0,2,0,2,3,0,0,0,1,2,3,1,1,4,2,1,0,3,3,1,0,7,2,1,3,1,2
1366,1,2,0,0,3,3,0,3,7,2,0,0,2,4,1,3,2,2,0,2,1,2,3,0,1,0,0,4,2,2,1,2,4,4,0,0,0,2,0,3,2,0,0,1,1,0,1,5,2,1,1,1,2,1,1,0,4,2,6,3,4,1,4,2,3,2,2,1,0,0,2,0,2,3,0,0,0,1,2,3,1,1,4,2,1,0,3,3,1,0,7,2,1,3,1,2
1367,1,2,0,0,3,3,0,3,7,2,0,0,2,4,1,3,2,2,0,2,1,2,3,0,1,0,0,4,2,2,1,3,4,4,0,0,0,2,0,3,2,0,0,1,1,0,1,5,2,1,1,1,2,1,1,0,4,2,6,3,4,1,4,2,3,2,2,1,0,0,2,0,2,3,0,0,0,1,2,3,1,1,4,2,1,0,3,3,1,0,7,2,1,3,1,2
1368,1,2,0,0,3,3,0,3,7,2,0,0,2,4,1,3,2,2,0,2,1,2,3,0,1,0,0,4,2,2,1,3,4,4,0,0,0,2,0,3,2,1,0,1,1,0,1,5,2,1,1,1,2,1,1,0,4,2,6,3,4,1,4,2,3,2,2,1,0,0,2,0,2,3,0,0,0,1,2,3,1,1,4,2,1,0,3,3,1,0,7,2,1,3,1,2
1369,1,2,0,0,3,3,0,3,7,2,0,0,2,4,1,3,2,2,0,2,1,2,3,0,1,0,0,4,2,2,1,3,4,4,0,0,0,2,0,3,2,1,0,1,1,0,1,5,2,1,1,1,2,1,1,0,4,2,6,3,4,1,4,2,3,2,2,1,0,0,2,0,2,3,0,0,0,1,2,3,1,1,4,2,1,0,3,3,1,0,7,2,1,3,1,2
1370,1,2,0,0,3,3,1,3,7,2,0,0,2,4,1,3,2,2,0,2,1,2,3,0,1,0,0,4,2,2,1,3,4,4,0,0,0,2,0,3,2,1,0,1,1,0,1,5,2,1,1,1,2,1,1,0,4,2,6,3,4,1,4,2,3,2,2,1,0,0,2,0,2,3,0,0,0,1,2,3,1,1,4,2,1,0,3,3,1,0,7,2,1,4,1,2
1371,1,2,0,0,3,3,1,3,7,2,0,0,2,4,1,3,2,2,0,2,1,2,3,0,1,0,0,4,2,2,1,3,4,4,0,0,0,2,0,3,2,1,0,1,1,0,1,5,2,1,1,1,2,1,1,0,4,2,6,3,4,1,4,2,3,2,2,1,1,0,2,0,2,3,0,0,0,1,3,3,1,1,4,2,1,0,3,3,1,0,7,2,1,4,1,2
1372,1,2,0,0,3,3,1,3,7,2,0,0,2,4,1,3,2,2,0,2,1,2,3,0,1,0,0,4,2,2,1,3,4,4,0,0,0,2,0,3,2,1,0,1,1,0,1,5,2,1,1,1,2,1,1,0,4,2,6,3,4,1,4,2,3,2,2,1,1,0,2,0,2,3,0,0,0,1,3,3,1,1,4,2,1,0,3,3,1,0,7,2,1,4,1,2
1373,1,2,0,0,3,3,1,3,7,2,0,0,2,4,1,3,2,2,0,2,1,2,3,0,1,0,0,4,2,2,1,3,4,4,0,0,0,2,0,3,2,1,0,1,1,0,1,6,2,1,1,1,2,1,1,0,4,2,6,3,4,1,4,2,3,2,2,1,1,0,2,0,2,3,0,0,0,1,3,3,1,1,4,3,1,0,3,3,1,0,7,2,1,4,1,2
1374,1,2,0,0,3,3,1,3,7,2,0,0,2,4,1,3,2,2,0,2,1,2,3,0,1,0,0,4,2,2,1,3,4,4,0,0,0,2,0,3,2,1,0,1,1,0,1,6,2,1,1,2,2,1,1,0,4,2,6,3,4,1,4,2,3,2,2,1,1,0,2,0,2,3,0,0,0,1,3,3,1,1,4,3,1,0,3,3,1,0,7,2,1,4,1,2
1375,1,2,0,0,3,3,1,3,7,2,0,0,2,4,1,3,2,2,0,2,2,2,3,0,1,0,0,4,2,2,1,3,4,4,0,0,0,2,0,3,2,1,0,1,1,0,1,6,2,1,1,2,2,1,1,0,4,2,6,3,4,1,4,2,3,2,2,1,1,0,2,0,2,4,0,0,0,1,3,3,1,1,4,3,1,0,3,3,1,0,7,2,1,4,1,2
1376,1,2,0,0,3,3,1,3,7,2,0,0,2,4,1,3,2,2,0,2,2,2,3,0,1,0,0,4,2,2,1,3,4,4,0,0,0,2,0,3,2,1,0,1,1,0,1,6,2,1,1,2,2,1,1,0,4,2,6,3,4,1,4,2,3,2,2,1,1,0,2,0,2,4,0,0,0,1,3,3,1,1,4,3,1,0,3,3,1,0,7,2,1,4,1,2
1377,1,2,0,0,3,3,1,3,7,2,0,0,2,4,1,3,2,2,0,2,2,2,3,0,1,0,0,4,2,2,1,3,4,4,0,0,0,2,0,3,2,1,0,1,1,0,1,6,2,1,1,2,2,1,1,0,4,2,6,3,4,1,4,2,3,2,2,1,1,0,2,0,2,4,0,0,0,1,3,3,1,1,4,3,1,0,3,3,1,0,7,3,1,4,1,2
1378,1,2,0,0,3,3,1,3,7,2,0,0,2,4,1,3,2,2,0,2,2,2,3,0,1,0,0,4,2,2,1,3,4,4,0,0,0,2,0,3,2,1,0,1,1,0,1,6,2,1,1,2,2,1,2,0,4,2,6,3,4,1,4,2,3,2,2,1,1,0,2,0,2,4,0,0,0,1,4,3,1,1,4,3,1,0,3,3,1,0,7,3,1,4,1,2
1379,1,2,0,0,3,3,1,3,7,2,0,0,2,4,1,4,2,2,0,2,2,2,3,0,1,0,0,4,2,2,1,3,4,5,0,0,0,2,0,3,2,1,0,1,2,0,1,6,2,1,1,2,2,1,2,0,4,2,6,3,4,1,4,2,3,2,2,1,1,0,3,0,2,4,0,0,0,1,4,3,1,1,4,3,1,0,3,3,1,0,7,3,1,4,1,2
1380,1,2,0,0,3,3,1,3,7,2,0,0,2,4,1,4,2,2,0,2,2,2,3,0,1,0,0,4,2,2,1,3,4,5,0,0,0,2,0,3,2,1,0,1,2,0,1,6,2,1,2,2,2,1,2,0,4,2,6,3,4,1,4,2,3,2,2,1,1,0,3,0,2,4,0,0,0,1,4,3,1,1,4,3,1,0,3,3,1,0,7,3,1,4,1,2
1381,1,2,0,0,3,3,1,3,7,2,0,0,2,4,1,4,2,2,0,2,2,2,3,0,1,0,0,4,2,2,1,3,4,5,0,0,0,2,0,3,2,1,0,1,2,0,1,6,2,1,2,2,2,1,2,0,4,2,6,3,4,1,4,2,3,2,2,1,1,0,3,0,2,4,0,0,0,1,4,3,1,1,4,3,1,0,3,3,1,0,7,3,1,4,1,2
1382,1,2,0,0,3,3,1,3,7,2,0,0,2,4,1,4,2,2,0,2,2,2,3,0,1,0,0,4,2,2,1,3,4,5,0,0,0,2,0,3,2,1,0,1,2,0,1,6,2,1,2,2,2,1,2,0,4,2,6,3,4,1,4,2,3,2,2,1,1,0,3,0,2,4,0,0,0,1,4,3,1,1,4,3,1,0,3,3,1,0,7,3,1,4,1,2
1383,2,2,0,0,3,3,1,3,7,2,0,0,2,4,1,4,2,2,0,2,2,2,3,0,1,0,0,4,2,2,1,3,4,5,0,0,0,2,0,3,2,1,0,1,2,0,1,6,2,1,2,2,2,1,2,0,4,2,6,3,4,1,4,2,3,2,2,1,1,0,3,0,2,4,0,0,0,1,4,3,1,1,4,3,1,0,3,3,1,0,7,3,1,4,1,2
1384,2,2,0,0,3,3,1,3,7,2,0,0,2,4,1,4,2,2,0,2,2,2,3,0,1,0,0,4,2,2,1,3,4,5,0,0,0,2,0,3,2,1,0,1,2,0,1,6,2,1,2,2,2,1,2,0,4,2,6,3,4,2,4,2,3,2,2,1,1,0,3,0,2,4,0,0,0,1,4,3,1,1,4,3,1,0,3,3,1,0,7,3,1,4,1,2
1385,2,2,0,0,3,3,1,3,7,2,0,0,2,4,1,4,2,2,0,2,2,2,3,0,1,0,0,4,2,2,1,3,4,5,0,0,0,2,0,3,2,1,0,1,2,0,1,6,2,1,2,2,2,1,2,0,4,2,7,3,4,2,4,2,3,2,2,1,1,0,3,0,2,4,0,0,0,1,4,3,1,1,4,3,1,0,3,3,1,0,7,3,1,4,1,2
1386,2,2,0,0,3,3,1,3,7,2,0,0,2,5,1,5,2,2,0,2,2,2,3,0,1,0,0,4,2,2,1,3,4,5,0,0,0,2,0,3,2,1,0,1,2,0,1,6,2,1,2,2,2,1,2,0,4,2,7,3,4,2,4,2,3,2,2,1,1,0,3,0,2,4,0,0,0,1,4,3,1,1,4,3,1,0,3,3,1,0,7,3,1,4,1,2
1387,2,2,0,0,3,3,1,3,7,2,0,0,2,5,1,5,2,2,0,2,2,2,3,0,1,0,0,4,2,2,1,3,4,5,0,0,0,2,0,3,2,1,0,1,2,0,1,6,2,1,2,2,2,1,2,0,4,2,7,3,4,2,4,2,3,2,2,1,1,0,3,0,2,4,0,0,0,1,4,3,1,1,4,3,1,0,3,3,1,0,7,3,1,4,1,2
1388,2,2,0,0,3,3,1,3,7,2,0,0,2,5,1,5,2,2,0,2,2,2,3,0,1,0,0,4,2,2,1,3,4,5,0,0,0,2,0,3,2,1,0,1,2,0,1,6,2,1,2,2,2,1,2,0,4,2,7,3,4,2,4,2,3,2,2,1,1,0,3,0,2,4,0,0,0,1,4,3,1,1,4,3,1,0,3,3,1,0,7,3,1,4,1,2
1389,2,2,0,0,3,3,1,3,7,2,0,0,2,5,1,5,2,2,0,2,2,2,3,0,1,0,0,4,2,2,1,3,4,5,0,0,0,2,0,3,2,1,0,1,2,0,1,6,2,1,2,2,2,1,2,0,4,2,7,3,4,2,4,2,3,2,2,1,1,0,3,0,2,4,0,0,0,1,4,3,1,1,4,3,1,0,4,3,1,0,7,3,1,4,1,2
1390,2,2,0,0,3,3,1,3,7,2,0,0,2,5,1,5,2,2,0,2,2,2,3,0,1,0,0,4,2,2,1,3,4,5,0,0,0,2,0,3,2,1,0,1,2,0,1,6,2,1,2,2,2,1,2,0,4,2,7,3,4,2,4,2,3,2,2,1,1,0,3,0,2,4,0,0,0,1,4,3,1,1,4,3,1,0,4,3,1,0,7,3,1,4,1,2
1391,2,2,0,0,3,3,1,3,7,2,0,0,2,5,1,5,2,2,0,2,2,2,3,0,1,0,0,4,2,2,1,3,4,5,0,0,0,2,0,3,2,1,0,1,2,0,1,6,2,1,2,2,2,1,2,0,4,2,7,3,4,2,4,2,3,2,2,1,1,0,3,0,2,4,0,0,0,1,4,3,1,1,4,3,1,0,4,3,1,0,7,3,1,4,1,2
1392,2,2,0,0,3,3,1,3,7,2,0,0,2,5,1,5,2,2,0,2,2,2,3,0,1,0,0,4,2,2,1,3,4,5,0,0,0,2,0,3,2,1,0,1,2,0,1,6,2,1,2,2,2,1,2,0,4,2,7,3,4,2,4,2,3,2,2,1,1,0,3,0,2,4,0,0,0,1,4,3,1,1,4,3,1,0,4,3,1,0,7,3,1,4,1,2
1393,2,2,0,0,3,3,1,3,7,2,0,0,2,5,1,5,2,2,0,2,2,2,3,0,1,0,0,4,2,2,1,3,4,5,0,0,0,2,0,3,2,1,0,1,2,0,1,6,2,1,2,2,2,1,2,0,4,2,7,3,4,2,4,2,3,2,2,1,1,0,3,0,2,4,0,0,0,1,4,3,1,1,4,3,1,0,4,3,1,0,7,3,1,4,1,2
1394,2,2,0,0,3,3,1,3,7,2,0,0,2,5,1,5,2,2,0,2,2,2,3,0,1,0,0,4,2,2,1,3,4,5,0,0,0,2,0,3,2,1,0,1,2,0,1,6,2,1,2,2,2,1,2,0,4,2,7,3,4,2,4,2,3,2,2,1,1,0,3,0,2,4,0,0,0,1,4,3,1,1,4,3,1,0,4,3,1,0,7,3,1,4,1,2
1395,2,2,0,0,3,3,1,3,7,2,0,0,2,5,1,5,2,2,0,2,2,2,3,0,1,0,0,4,2,2,1,3,4,5,0,0,0,2,0,3,2,1,0,1,2,0,1,6,2,1,2,2,2,1,2,0,4,2,7,3,4,2,4,2,3,2,2,1,1,0,3,0,2,4,0,0,0,1,4,4,1,1,4,3,1,0,4,3,1,0,7,3,1,4,1,2
1396,2,2,0,0,3,3,1,3,7,2,0,0,2,5,1,5,2,2,0,2,2,2,3,0,1,0,0,4,2,2,1,3,4,5,0,0,0,2,0,3,2,1,0,1,2,0,1,6,2,1,2,2,2,1,2,0,4,2,7,3,4,2,4,2,3,2,2,1,2,0,3,0,2,4,0,0,0,1,4,4,1,1,4,3,1,0,4,3,1,0,7,3,1,4,1,2
1397,2,2,0,0,3,3,1,3,7,2,0,0,2,5,1,5,2,2,0,2,2,2,3,0,1,0,0,4,2,2,1,3,4,5,0,0,0,2,0,3,2,1,0,1,2,0,1,6,2,1,2,2,2,1,2,0,4,2,7,3,4,2,4,2,4,2,2,1,2,0,3,0,2,4,0,0,0,1,4,4,1,1,4,3,1,0,4,3,1,0,7,3,1,4,1,2
1398,2,2,0,0,3,3,1,3,7,2,0,0,2,5,1,5,2,2,0,2,2,2,3,0,1,0,0,4,2,2,1,3,4,5,0,0,0,2,0,3,2,1,0,1,2,0,1,6,2,1,2,2,2,1,2,0,4,3,7,3,4,2,4,3,4,2,2,1,2,0,3,0,2,4,0,0,0,1,4,4,1,1,4,3,1,0,4,3,1,0,7,3,1,4,1,2
1399,2,2,0,0,3,3,1,3,7,2,0,0,2,5,1,5,2,2,0,2,2,2,3,0,1,0,0,4,2,2,1,3,4,5,0,0,0,2,0,3,2,1,0,1,2,0,1,6,2,1,2,2,2,2,2,0,4,3,7,3,4,2,4,3,4,2,2,1,2,0,3,0,2,4,0,0,0,1,4,4,1,1,4,3,1,0,4,3,1,0,7,3,1,5,1,2
1400,2,2,0,0,3,3,1,3,7,2,0,0,2,5,1,5,2,2,0,2,2,2,3,0,1,0,0,4,2,2,1,3,4,5,0,0,0,2,0,3,2,1,0,1,2,0,1,6,2,1,2,2,2,2,2,0,5,3,7,3,4,2,4,3,4,2,2,1,2,0,4,0,2,4,0,1,0,1,4,4,1,1,4,3,1,0,4,3,1,0,7,3,1,5,1,2
1401,2,2,0,0,3,3,1,3,7,2,0,0,2,5,1,5,2,2,0,2,2,2,3,0,1,0,0,4,2,2,1,3,4,5,0,0,1,2,0,3,2,1,0,1,2,0,1,6,2,1,2,2,2,2,2,0,5,3,7,3,4,2,4,3,4,2,2,1,2,0,4,0,2,4,0,1,0,1,4,4,1,1,4,3,1,0,4,3,1,0,7,3,1,5,1,2
1402,2,2,0,0,3,3,1,3,7,2,0,0,2,5,1,5,2,2,0,2,2,2,3,0,1,0,0,4,2,2,1,3,4,5,0,0,1,2,0,3,2,1,0,1,2,0,1,6,2,1,2,2,2,2,2,0,5,3,7,3,4,2,4,3,4,2,2,1,2,0,4,0,2,4,0,1,0,1,4,4,1,1,4,3,1,0,4,3,1,0,7,3,1,5,1,2
1403,2,2,0,0,3,3,1,3,7,2,0,0,2,5,1,5,2,2,0,2,2,2,3,0,1,0,0,4,2,2,1,3,4,5,0,0,1,2,0,3,2,1,0,1,2,0,1,6,2,1,2,2,2,2,2,0,5,3,7,3,4,2,4,3,4,2,2,1,2,0,4,0,2,4,0,1,0,1,4,4,1,1,4,3,1,0,4,3,1,0,7,3,1,5,1,2
1404,2,2,0,0,3,3,1,3,7,2,0,0,2,5,1,5,2,2,0,2,2,2,3,0,1,0,0,4,2,2,1,3,4,5,0,0,1,2,0,3,2,1,0,1,2,0,1,6,2,1,2,2,2,2,2,0,5,3,7,3,4,2,4,3,4,2,2,1,2,0,4,0,2,4,0,1,0,1,4,4,1,1,4,3,1,0,4,3,1,0,7,3,1,5,1,2
1405,2,2,0,0,3,3,1,3,7,2,0,0,2,5,1,5,2,2,0,2,2,2,3,0,1,0,0,4,2,2,1,3,4,5,0,0,1,2,0,3,2,1,0,1,2,0,1,7,2,1,2,2,2,2,2,0,5,3,7,3,4,2,4,3,4,2,2,1,2,0,4,0,2,4,0,1,0,1,4,4,1,1,4,3,1,0,4,3,1,0,7,3,1,5,1,2
1406,2,2,0,0,3,3,1,3,7,2,0,0,2,5,1,5,2,2,0,2,2,2,3,0,1,0,0,4,2,2,1,3,4,5,0,0,1,2,0,3,2,1,0,1,2,0,1,7,2,1,2,2,2,2,2,0,5,3,7,3,4,2,4,3,4,2,2,1,2,0,4,0,2,4,0,1,0,1,4,4,1,1,4,3,1,0,4,4,1,0,7,3,1,5,1,2
1407,2,2,0,0,3,3,1,3,7,2,0,0,2,5,1,5,2,2,0,2,2,2,3,0,1,0,0,4,2,2,1,3,4,5,0,0,1,2,0,3,2,1,0,1,2,0,1,7,2,1,2,2,2,2,2,0,5,3,7,3,4,2,4,3,4,2,2,1,2,0,4,0,2,4,0,1,0,1,4,4,1,1,4,3,1,0,4,4,1,0,7,3,1,5,1,2
1408,2,2,0,0,3,3,1,3,7,2,0,0,2,5,1,5,2,2,0,2,2,2,3,0,1,0,0,4,2,2,1,3,4,5,0,0,1,2,0,3,2,1,0,1,2,0,1,7,2,1,2,2,2,2,2,1,5,3,7,3,4,2,4,3,4,2,2,1,2,0,4,0,2,4,0,1,0,1,4,4,1,1,4,3,1,0,4,4,1,0,7,3,1,5,1,2
1409,2,2,0,0,3,3,1,3,7,2,0,0,2,5,1,5,2,2,0,2,2,2,3,0,1,0,0,4,2,3,1,3,4,5,0,0,1,2,0,3,2,1,0,1,2,0,1,7,2,1,2,2,2,2,2,1,5,3,7,3,4,2,4,3,4,2,2,1,2,0,4,0,2,4,0,1,0,1,4,4,1,1,4,3,1,0,4,4,1,0,7,3,1,5,1,2
1410,2,2,0,0,3,3,1,3,7,2,0,0,2,5,1,5,2,2,0,2,2,2,3,0,1,0,0,4,2,3,1,3,4,5,0,0,1,2,0,3,2,1,0,1,2,0,1,7,2,1,2,2,2,2,2,1,5,3,7,3,4,2,4,3,4,2,2,1,2,0,4,0,2,4,0,1,0,1,4,4,1,1,4,3,1,0,4,4,1,0,7,3,1,5,1,2
1411,2,2,0,0,3,3,1,3,7,2,0,0,2,5,1,5,2,2,0,2,2,2,3,0,1,0,0,4,2,3,1,3,4,5,0,0,1,2,0,3,2,1,0,1,2,0,1,7,2,1,2,2,2,2,2,1,5,3,7,3,4,2,4,3,4,2,2,1,2,0,4,0,2,4,0,1,0,1,4,4,1,1,4,3,1,0,4,4,1,0,7,3,1,5,1,2
1412,2,2,0,0,3,3,1,3,7,2,0,0,2,5,1,5,2,2,0,2,2,2,3,0,1,0,0,4,2,3,1,3,4,5,0,0,1,2,0,3,2,1,0,1,2,0,1,7,3,1,2,2,3,2,2,1,5,3,7,3,4,2,4,3,4,2,2,1,2,0,4,0,2,4,0,1,0,1,4,4,1,1,4,3,1,0,5,4,1,0,7,3,1,5,1,2
1413,2,2,0,0,3,3,2,3,7,2,0,0,2,5,1,5,2,2,0,2,2,2,3,0,1,0,0,4,2,3,1,3,4,5,0,0,1,2,0,3,2,1,0,1,2,0,1,7,3,1,2,2,3,2,2,1,5,3,7,3,4,2,4,3,4,2,2,1,3,0,4,0,2,4,0,1,0,1,4,4,1,1,4,3,1,0,5,4,1,0,7,3,1,5,1,2
1414,2,2,0,0,3,3,2,3,7,2,0,0,2,5,1,5,2,2,0,2,2,2,3,0,1,0,0,4,2,3,1,3,4,5,0,0,1,2,0,3,2,1,0,1,2,0,1,7,3,1,2,2,3,2,2,1,5,3,7,3,4,2,4,3,4,2,2,1,3,0,4,0,2,4,0,1,0,1,4,4,1,1,4,3,1,0,5,4,1,0,7,3,1,5,1,2
1415,2,2,0,0,3,3,2,3,7,2,0,0,2,5,1,5,2,2,0,2,2,2,3,0,1,0,0,4,2,3,1,3,4,5,0,0,1,2,0,3,2,1,0,1,2,0,1,7,3,1,2,2,3,2,2,1,5,3,7,3,4,2,4,3,4,2,2,1,3,0,4,0,2,4,0,1,0,1,4,4,1,1,4,3,1,0,5,4,1,0,7,3,1,5,1,2
1416,2,2,0,0,3,3,2,3,7,2,0,0,2,5,1,5,2,2,0,2,2,2,3,0,1,0,0,4,2,3,1,3,4,5,0,0,1,2,0,3,2,1,0,1,2,0,1,7,3,1,2,2,3,2,2,1,5,3,7,3,4,2,4,3,4,2,2,1,3,0,4,0,2,4,0,1,0,1,4,4,1,1,4,3,1,0,5,4,1,0,7,3,1,5,1,2
1417,2,2,0,0,3,3,2,3,7,2,0,0,2,5,1,5,2,2,0,2,2,2,3,0,1,0,0,4,2,3,1,3,4,5,0,0,1,2,0,3,2,1,0,1,2,0,1,7,3,1,2,2,3,2,2,1,5,3,7,3,4,2,4,3,4,2,2,1,3,0,4,0,2,4,0,1,0,1,4,4,1,1,4,3,1,0,5,4,1,0,7,3,1,5,1,2
1418,2,2,0,0,3,3,2,3,7,2,0,0,2,5,1,5,2,2,0,2,2,2,3,0,1,0,0,4,2,3,1,3,4,5,0,0,1,2,0,3,2,1,0,1,2,0,1,7,3,1,2,2,3,2,2,1,6,3,7,3,4,2,4,3,4,2,2,1,3,0,4,0,2,4,0,1,0,1,4,4,1,1,4,3,1,0,5,4,1,0,7,3,1,5,1,2
1419,2,2,0,0,3,3,2,3,7,2,0,0,2,5,1,5,2,2,0,2,2,2,3,0,1,0,0,4,2,3,1,3,4,5,0,0,1,2,0,3,2,1,0,1,2,0,1,7,3,1,2,2,3,2,2,1,6,3,7,3,4,2,4,3,4,2,2,1,5,0,4,0,2,4,0,1,0,1,4,4,1,1,4,3,1,1,5,4,1,0,7,3,1,5,1,2
1420,2,2,0,0,3,3,2,3,7,2,0,0,2,5,1,5,2,2,0,3,2,2,3,0,1,0,0,4,2,3,1,3,4,5,0,0,1,2,0,3,2,1,0,1,2,0,1,7,3,1,2,2,3,2,2,1,6,3,7,3,4,2,4,3,4,2,2,1,5,0,4,0,2,4,0,1,0,1,4,4,1,1,4,3,1,1,5,4,1,0,7,3,1,5,1,2
1421,2,2,0,0,3,3,2,3,7,2,0,0,2,5,1,5,2,2,0,3,2,2,3,0,1,0,0,4,2,3,1,3,4,5,0,0,1,2,0,3,2,1,0,1,2,1,1,7,3,1,2,2,3,2,2,1,6,3,7,3,4,2,4,3,4,2,2,1,5,0,4,0,2,4,0,1,0,1,4,4,1,1,4,3,1,1,5,5,1,0,7,3,1,5,1,2
1422,2,2,0,0,3,3,2,3,7,2,0,0,2,6,1,5,2,2,0,3,2,2,3,0,1,0,0,4,2,3,1,3,4,5,0,0,1,2,0,3,2,1,0,1,2,1,1,7,3,1,2,2,3,2,2,1,6,3,7,3,4,2,4,3,4,2,2,1,5,0,4,0,2,4,0,1,0,1,4,4,1,1,4,3,1,1,5,5,1,0,7,3,1,5,1,2
1423,2,2,0,0,3,3,2,3,7,2,0,0,2,6,1,5,2,2,0,3,2,2,3,0,1,0,0,4,2,3,1,3,4,5,1,0,1,2,0,3,2,1,0,2,2,1,1,7,3,1,2,2,3,2,2,1,6,3,7,3,4,2,4,3,4,2,2,1,5,0,4,0,2,4,0,1,0,1,4,4,1,1,4,3,1,1,5,5,1,0,7,3,1,6,1,2
1424,2,2,0,0,3,3,2,3,7,2,0,0,2,6,1,5,2,2,0,3,2,2,3,0,1,0,0,4,2,3,1,3,4,5,1,0,1,2,0,3,2,1,0,2,2,1,1,7,3,1,2,2,3,2,2,1,6,3,7,3,4,2,4,3,4,2,2,1,5,0,4,0,2,4,0,1,0,1,4,4,1,1,4,3,1,1,5,5,1,0,7,3,1,6,1,2
1425,2,2,0,0,4,3,2,3,7,2,0,0,2,6,1,5,2,2,0,3,2,2,3,0,1,0,0,4,2,3,1,3,4,5,1,0,1,2,0,3,2,1,0,2,2,1,1,7,3,1,2,2,3,2,2,1,6,3,7,3,4,2,4,3,4,2,2,1,5,0,4,0,2,4,0,1,0,1,4,4,1,1,4,3,1,1,5,5,1,0,7,3,1,6,1,2
1426,2,2,0,0,4,3,2,3,7,2,0,0,2,6,1,5,2,2,0,3,2,2,3,0,1,0,0,4,2,3,1,3,4,5,1,0,1,2,0,3,2,1,0,2,2,1,1,7,3,1,2,2,3,2,2,1,6,3,7,3,4,2,4,3,4,2,2,1,5,0,4,0,2,4,0,1,0,1,4,4,1,1,4,3,1,1,5,5,1,0,7,3,1,6,1,2
1427,2,2,0,0,4,3,2,3,7,2,0,0,2,6,1,5,2,2,0,3,2,2,3,0,1,0,0,4,2,3,1,3,4,5,1,0,1,2,0,3,2,1,0,2,2,1,1,7,3,1,2,2,3,2,2,1,6,3,7,3,4,2,4,3,4,2,2,1,5,0,4,0,2,4,0,1,0,1,4,4,1,1,4,3,1,1,5,5,1,0,7,3,1,6,1,2
1428,2,2,0,0,4,3,2,3,7,2,0,0,2,6,1,5,2,2,0,3,2,2,3,0,1,0,0,4,2,3,1,3,4,5,1,0,1,2,0,3,2,1,0,2,2,1,1,7,3,1,2,2,3,2,2,1,6,3,7,3,4,2,4,3,4,2,2,1,5,0,4,0,2,4,0,1,0,1,4,4,1,1,4,3,1,1,5,5,1,0,7,3,1,6,1,2
1429,2,3,0,0,4,3,2,3,7,2,0,0,2,6,1,5,2,2,0,3,2,2,3,0,1,0,0,4,2,3,1,3,4,5,1,0,1,2,0,3,2,1,0,2,2,1,1,7,3,1,2,2,3,2,2,1,6,3,7,3,4,2,4,3,4,2,2,1,5,0,4,0,2,4,0,1,0,1,4,4,1,1,4,3,1,1,5,5,1,0,7,3,1,6,1,2
1430,2,3,0,0,4,3,2,3,7,2,0,0,2,6,1,5,2,2,0,3,2,2,3,0,1,0,0,4,2,3,1,3,4,5,1,0,1,2,0,3,2,1,0,2,2,1,1,7,3,1,2,2,3,2,2,1,6,3,7,3,4,2,4,3,4,2,2,1,5,0,4,0,2,4,0,1,0,1,4,4,1,1,4,3,1,1,5,5,1,0,7,3,1,6,1,2
1431,2,3,0,0,4,3,2,3,7,2,0,0,2,6,1,5,2,2,0,3,2,2,3,0,1,0,0,4,2,3,1,3,4,5,1,0,1,2,0,3,2,1,0,2,2,1,1,7,3,1,2,2,3,2,2,1,6,3,7,3,4,3,4,3,4,2,2,1,5,0,4,0,2,4,0,1,0,1,4,4,1,1,4,3,1,1,5,5,1,0,7,3,1,6,1,2
1432,2,3,0,0,4,3,2,3,7,2,0,0,2,6,1,5,2,2,0,3,2,2,3,0,1,0,0,4,2,3,1,3,4,5,1,0,1,2,0,3,2,1,0,2,2,1,1,7,3,1,2,2,3,2,2,1,6,3,7,3,4,3,4,3,4,2,2,1,5,0,4,0,2,4,0,1,0,1,4,4,1,1,4,3,1,1,5,5,1,0,7,3,1,6,1,2
1433,2,3,0,0,4,3,2,3,7,2,0,0,2,6,1,5,2,2,0,3,2,2,3,0,1,0,0,4,2,3,1,3,4,5,1,0,1,2,0,3,2,1,0,2,2,1,1,7,3,1,2,2,3,2,2,1,6,3,7,3,4,3,4,3,4,2,2,1,5,0,4,0,2,4,0,1,0,1,4,4,1,1,4,3,1,1,5,5,1,0,7,3,1,6,1,2
1434,2,3,0,0,4,3,2,3,7,2,0,0,2,6,1,5,2,2,0,3,2,2,3,0,1,0,0,5,2,3,1,3,4,5,1,0,1,2,0,3,2,1,0,2,2,1,1,7,3,1,2,2,3,3,2,1,6,3,7,3,4,3,4,3,4,2,2,1,5,0,4,0,2,4,0,1,0,1,4,4,1,1,4,3,1,1,5,5,1,0,7,3,1,6,1,2
1435,2,3,0,0,4,3,2,3,7,2,0,0,2,6,1,5,2,2,0,3,2,2,3,0,1,0,0,5,2,3,1,3,4,5,1,0,1,2,0,3,2,1,0,2,2,1,1,7,3,1,2,2,3,3,2,1,6,3,7,3,4,3,4,3,4,2,2,1,5,0,4,0,2,4,0,1,0,1,4,4,1,1,4,3,1,1,5,5,1,0,7,3,1,6,1,2
1436,2,3,0,0,4,3,2,3,7,2,0,0,2,6,1,5,2,2,0,3,2,2,3,0,1,0,0,5,2,3,1,3,4,5,1,0,1,2,0,3,2,1,0,2,2,1,1,7,3,1,2,2,3,3,2,1,6,3,8,3,4,3,4,3,4,2,2,1,5,0,4,0,2,4,0,1,0,1,4,4,1,1,4,3,1,1,5,5,1,0,7,3,1,6,1,2
1437,2,3,0,0,4,3,2,3,7,2,0,0,2,6,1,5,2,2,0,3,2,2,3,0,1,0,0,5,2,3,1,3,4,5,1,0,1,2,0,3,2,1,0,2,2,1,1,7,3,1,2,2,3,3,2,1,6,3,8,3,4,3,4,3,4,2,2,1,5,0,4,0,2,4,0,1,0,1,4,4,1,1,4,3,1,1,5,5,1,0,7,3,1,6,1,2
1438,2,3,0,0,4,3,2,3,7,2,0,0,2,6,1,5,2,2,0,3,2,2,3,0,1,0,0,5,2,3,1,3,4,6,1,0,1,2,0,3,2,1,0,2,2,1,1,7,3,1,2,2,3,3,2,1,6,3,8,3,4,3,4,3,4,2,2,1,5,0,4,0,2,4,0,1,0,1,4,4,1,1,4,3,1,1,5,5,1,0,7,3,1,6,1,2
1439,2,3,0,0,4,3,2,3,7,2,0,0,2,6,1,5,2,2,0,3,2,2,3,0,1,0,0,5,2,3,1,3,4,6,1,0,1,2,0,3,2,1,0,2,2,1,1,7,3,1,2,2,3,3,2,1,6,3,8,3,4,3,4,3,4,2,2,1,5,0,4,0,2,4,0,1,0,1,4,4,1,1,4,3,1,1,5,5,1,0,7,3,1,6,1,2
1440,2,3,0,0,4,3,2,3,7,2,0,0,2,6,1,5,2,2,0,3,2,2,3,0,1,0,0,6,2,3,1,3,4,6,1,0,1,2,0,3,2,1,0,2,2,1,1,7,3,1,2,2,3,3,2,1,6,3,8,3,4,3,4,3,4,2,2,1,5,0,4,0,2,4,0,1,0,1,4,4,1,1,4,3,1,1,5,5,1,0,7,3,1,6,1,2
1441,2,3,0,0,4,3,2,3,7,2,0,0,2,6,1,5,2,2,0,3,2,2,3,0,1,0,0,6,2,3,1,3,4,6,1,0,1,2,0,3,2,1,0,2,2,1,1,7,3,1,2,2,3,3,2,1,6,3,8,3,4,3,4,3,4,2,2,1,5,0,4,0,2,4,0,1,0,1,4,4,1,1,4,3,1,1,5,5,1,0,7,3,1,6,1,2
1442,2,3,0,0,4,3,2,3,7,2,0,0,2,6,1,5,2,2,0,3,2,2,3,0,1,0,0,6,2,3,1,4,4,6,1,0,1,2,0,3,2,1,0,2,2,1,1,7,3,1,2,2,3,3,2,1,6,3,8,3,4,3,4,3,4,2,2,1,5,0,4,0,2,4,0,1,0,1,4,4,1,1,4,3,1,1,5,5,1,0,7,3,1,6,1,3
1443,2,3,0,0,4,3,2,3,7,2,0,0,2,6,1,5,2,2,0,3,2,2,3,0,1,0,0,7,2,3,1,4,4,6,1,0,1,2,0,3,2,1,0,2,2,1,1,7,3,1,2,2,3,3,2,1,6,3,8,3,4,3,4,3,4,2,2,1,5,0,4,0,2,4,0,1,0,1,4,4,1,1,4,3,1,1,5,5,1,0,7,3,1,6,1,3
1444,2,3,0,0,4,3,2,3,7,2,0,0,2,6,1,5,2,2,0,3,2,2,3,0,1,0,0,7,2,3,1,4,4,6,1,0,1,2,0,3,2,1,0,2,2,1,1,7,3,1,2,2,3,3,2,1,6,3,8,3,4,3,4,3,4,2,2,1,5,0,4,0,2,4,0,1,0,1,4,4,1,1,4,3,1,1,5,5,1,0,7,3,1,6,1,3
1445,2,3,0,0,4,3,2,3,7,2,0,0,2,6,1,5,2,2,0,3,2,2,3,0,1,0,0,7,2,3,1,4,4,6,1,0,1,2,0,3,2,1,0,2,2,1,1,7,3,1,2,2,3,3,2,1,6,3,8,3,4,3,4,3,4,2,2,1,5,0,5,0,2,4,0,1,0,1,4,4,1,1,4,3,1,1,5,5,1,0,7,3,1,6,1,3
1446,2,3,0,0,4,3,2,3,7,2,0,0,2,6,1,5,2,2,0,3,3,2,3,0,1,0,0,7,2,3,1,4,4,6,1,0,1,2,0,3,2,1,0,2,2,1,1,7,3,1,2,2,3,3,2,1,6,3,8,3,4,3,4,3,4,2,2,1,5,0,6,0,2,4,0,1,0,1,4,4,1,1,4,3,1,1,5,5,1,0,7,3,1,6,1,3
1447,2,3,0,0,4,3,2,3,7,2,0,0,2,6,1,5,2,2,0,3,3,2,3,0,1,0,0,7,2,3,1,4,4,6,1,0,1,2,0,3,2,1,0,2,2,1,1,7,3,1,2,2,3,3,2,1,6,3,8,3,4,3,4,3,4,2,2,1,5,0,6,0,2,4,0,1,0,1,4,5,1,1,4,3,1,1,5,5,1,0,7,3,1,6,1,3
1448,2,3,0,0,4,3,2,3,7,2,0,0,2,6,1,5,2,2,0,3,3,2,3,0,1,0,0,7,2,3,1,4,4,6,1,0,1,2,0,3,2,1,0,2,2,1,1,7,3,1,2,2,3,3,2,1,6,3,8,3,4,3,4,3,4,2,2,1,5,0,6,0,2,4,0,1,0,1,4,5,1,1,4,3,1,1,5,5,1,0,7,3,1,6,1,3
1449,2,3,0,0,4,3,2,3,7,2,0,0,2,6,1,5,2,2,0,3,3,2,3,0,1,0,0,7,2,3,1,4,4,6,1,0,1,2,0,3,2,1,0,2,2,1,1,7,3,1,2,2,3,3,2,1,6,3,8,3,4,3,4,4,4,2,2,1,5,0,6,0,2,4,0,1,0,1,4,5,1,1,4,3,1,1,5,5,1,0,7,3,1,6,1,3
1450,2,3,0,0,4,3,2,3,7,2,0,0,2,6,1,5,2,2,0,3,3,2,3,0,1,0,0,7,2,3,1,4,4,6,1,0,1,2,0,3,2,1,0,2,2,1,1,7,3,1,2,2,3,3,2,1,6,3,8,3,4,3,4,4,4,2,2,1,5,0,6,0,2,4,0,1,0,1,4,5,1,1,4,3,1,1,5,5,1,0,7,3,1,6,1,3
1451,2,3,0,0,4,3,2,3,7,2,0,0,2,6,1,5,2,2,0,3,3,2,3,0,1,0,0,7,2,3,1,4,4,6,1,0,1,2,0,3,2,1,0,2,2,1,1,7,3,1,2,2,3,3,2,1,6,3,8,3,4,3,5,4,4,2,2,1,5,0,6,0,2,4,0,1,0,1,4,5,1,1,4,3,1,1,5,5,1,0,7,3,1,6,1,3
1452,2,3,0,0,4,3,2,3,7,2,0,0,2,6,2,5,2,2,0,3,3,2,3,0,1,0,0,7,2,3,1,4,4,6,1,0,1,2,0,3,2,1,0,2,2,1,1,7,3,1,2,2,3,3,2,1,6,3,8,3,4,3,5,4,4,2,2,1,5,0,7,0,2,4,0,1,0,1,4,5,1,1,4,3,1,1,5,5,1,0,7,3,1,6,1,3
1453,2,3,0,0,4,3,2,3,7,2,0,0,2,6,2,5,2,2,0,3,3,2,3,0,2,0,0,7,2,3,1,4,4,6,1,0,1,2,0,3,2,1,0,2,2,1,1,7,3,1,2,2,3,3,2,1,7,3,8,3,4,3,5,4,5,2,2,1,5,0,7,0,2,4,0,1,0,1,4,5,1,1,4,3,1,1,5,5,1,0,7,3,1,6,1,3
1454,2,3,0,0,4,3,2,3,7,2,0,0,2,6,2,5,2,2,0,3,3,2,3,0,2,0,0,7,2,3,1,4,4,6,2,0,1,2,0,3,2,1,0,2,2,1,1,7,3,1,2,2,3,3,2,1,7,3,8,3,4,3,5,4,5,2,2,1,5,0,7,0,2,4,0,1,0,1,4,5,1,1,4,3,1,1,5,5,1,0,7,3,1,6,1,3
1455,2,3,0,0,4,3,2,3,7,2,0,0,2,6,2,5,3,2,0,3,3,2,3,0,2,0,0,7,2,3,1,4,4,6,2,0,1,2,0,3,2,1,0,2,2,1,1,7,3,1,2,2,3,3,2,1,7,3,8,3,4,3,5,4,5,2,2,1,5,0,7,0,2,4,0,1,0,1,4,5,1,1,4,3,1,1,5,5,1,0,7,3,1,6,1,3
1456,2,3,0,0,4,3,2,3,7,2,0,0,2,6,2,5,3,2,0,3,3,2,3,0,2,0,0,7,2,3,1,4,4,6,2,1,1,2,0,3,2,1,0,2,2,1,1,7,3,1,2,2,3,3,2,1,7,3,8,3,4,3,5,4,5,2,2,1,5,0,7,0,2,4,0,1,0,1,4,5,1,1,4,4,1,1,5,5,1,0,7,3,1,6,1,3
1457,2,3,0,0,4,3,2,3,7,2,0,0,2,6,2,5,3,2,0,3,3,2,3,0,2,0,0,7,2,3,1,4,4,6,2,1,1,2,0,3,2,1,0,2,2,1,1,7,3,1,2,2,3,3,2,1,7,3,8,3,4,3,5,4,5,2,2,1,5,0,7,0,2,4,0,1,0,1,4,5,1,1,4,4,1,1,5,5,1,0,7,3,1,6,1,3
1458,2,3,0,0,4,3,2,3,7,2,0,0,2,6,2,5,3,2,0,3,3,2,3,0,2,0,0,7,2,3,1,4,4,6,2,1,1,2,0,3,3,1,0,2,2,1,1,7,3,1,2,2,3,3,2,1,7,3,8,3,4,3,5,4,5,2,2,1,5,0,7,0,2,4,0,1,0,1,4,5,1,1,4,4,1,1,5,5,1,0,8,3,1,6,1,3
1459,2,3,0,0,4,3,2,3,7,2,0,0,2,6,2,5,3,2,0,3,3,2,3,0,2,0,0,7,2,3,1,4,4,6,2,1,1,2,0,3,3,1,0,2,2,1,1,7,3,1,2,2,3,3,2,1,7,3,8,3,4,3,5,4,5,2,2,1,5,0,7,0,2,4,0,1,0,1,4,5,1,1,4,4,1,1,5,5,1,0,8,3,1,6,1,4
1460,2,3,0,0,4,3,2,3,7,2,0,0,2,6,2,5,3,2,0,3,3,2,3,0,2,0,0,7,2,3,1,4,4,6,2,1,1,2,0,3,3,1,0,2,2,1,1,7,3,1,2,2,3,3,2,1,7,3,9,3,4,3,5,4,5,2,2,1,5,0,7,0,2,4,0,1,0,1,4,5,1,1,4,4,1,1,5,5,1,0,8,3,1,6,1,4
1461,2,3,0,0,4,3,2,3,7,2,0,0,2,6,2,5,3,2,0,3,3,2,3,0,2,0,0,7,2,3,1,4,4,6,2,1,1,2,0,3,3,1,0,2,2,1,1,7,3,1,2,2,3,3,2,1,7,3,9,3,4,3,5,4,5,2,2,1,5,0,7,0,2,4,0,1,0,1,4,5,1,1,4,4,1,1,5,5,1,0,8,3,1,6,1,4
1462,2,3,0,0,4,3,2,3,7,2,0,0,2,6,2,5,3,2,0,3,3,2,3,0,2,0,0,7,2,3,1,4,4,6,2,1,1,2,0,3,3,1,0,2,2,1,1,7,3,1,2,2,3,3,2,1,7,3,9,3,4,3,5,4,5,2,2,1,5,0,7,0,2,4,0,1,0,1,4,5,1,1,4,4,1,1,5,5,1,0,8,3,1,6,1,4
1463,2,3,0,0,4,3,2,3,7,2,0,0,2,6,2,5,3,2,0,3,3,2,3,0,2,0,0,7,2,3,1,4,4,6,2,1,1,2,0,3,3,1,0,2,2,1,1,7,3,1,2,2,3,3,2,1,7,3,9,3,4,3,5,4,5,2,2,1,5,0,7,0,2,5,0,1,0,1,4,5,1,1,4,4,1,1,5,5,1,0,8,3,1,6,1,4
1464,2,3,0,0,4,3,2,3,7,2,0,0,2,6,2,5,3,2,0,3,3,2,3,0,2,0,0,7,2,3,1,4,4,6,2,1,1,2,0,3,3,1,0,2,2,1,1,7,3,1,2,2,3,3,2,1,7,3,9,3,4,3,5,4,5,2,2,1,5,0,7,0,2,5,0,1,0,1,4,5,1,1,4,4,1,1,5,5,2,0,8,3,1,6,1,4
1465,2,3,0,0,4,3,2,3,7,2,0,0,2,6,2,5,3,2,0,3,3,2,3,0,2,0,0,7,2,3,1,4,4,6,2,1,1,2,0,4,3,1,0,2,2,1,1,7,3,1,2,2,3,3,2,1,7,3,9,3,4,3,5,4,5,2,2,1,5,0,7,0,2,5,0,1,0,1,4,5,1,1,4,4,1,1,6,5,2,0,8,3,1,6,1,4
1466,2,3,0,0,4,3,2,3,7,2,0,0,2,6,2,5,4,2,0,3,3,2,3,0,2,0,0,7,2,3,1,4,4,6,2,1,1,2,0,4,3,1,0,2,2,1,2,7,3,1,2,2,3,3,2,1,7,3,9,3,4,3,5,4,5,2,2,1,5,0,8,0,2,5,0,1,0,1,4,5,1,1,4,4,1,1,6,5,2,0,8,3,1,6,1,4
1467,2,3,0,0,4,3,2,3,7,2,0,0,2,6,2,5,4,2,0,3,4,2,3,0,2,0,0,7,2,3,1,4,4,6,2,1,1,2,0,4,3,1,0,2,2,1,3,7,3,1,2,2,3,3,2,1,7,3,9,3,4,3,5,4,5,2,2,1,5,0,8,0,2,5,0,1,0,1,4,5,1,1,4,4,1,1,6,5,2,0,8,3,1,6,1,4
1468,2,3,0,0,4,3,2,3,7,2,0,0,3,6,2,5,5,2,0,3,4,2,3,0,2,0,0,7,2,3,1,4,4,6,2,1,1,2,0,4,3,1,0,2,2,1,3,7,4,1,2,2,3,3,2,1,7,3,9,3,4,3,5,4,5,2,2,1,5,0,8,0,2,5,0,1,0,1,4,5,1,1,4,4,1,1,6,5,2,0,8,3,1,6,1,4
1469,2,3,0,0,4,3,2,3,7,2,0,0,3,6,3,5,5,2,0,3,4,2,3,0,2,0,0,7,2,3,1,4,4,6,2,1,1,2,0,4,3,1,0,2,2,1,3,7,4,1,2,2,3,3,2,1,7,3,9,3,4,3,5,4,5,2,2,1,5,0,8,0,2,5,0,1,0,1,4,5,1,1,4,4,1,1,6,5,2,0,8,3,1,6,1,4
1470,2,3,0,0,4,3,2,3,7,2,0,0,3,6,3,5,5,2,0,3,4,2,3,0,2,0,0,7,2,3,1,4,4,6,2,1,1,2,0,4,3,1,0,2,2,1,3,7,4,1,2,2,4,3,2,1,7,3,9,3,4,3,5,4,5,2,2,1,5,0,8,0,2,5,0,1,0,1,4,5,1,1,4,4,1,1,6,5,2,0,8,3,1,6,1,4
1471,2,3,0,0,4,3,2,3,7,2,0,0,3,6,3,5,5,2,0,3,4,2,3,0,2,0,0,7,2,3,1,4,4,6,2,1,1,2,0,4,3,1,0,2,2,1,3,7,4,1,2,2,4,3,2,1,7,3,9,3,4,3,5,4,5,2,2,1,5,0,8,0,2,5,0,1,0,1,4,5,1,1,4,4,1,1,7,5,2,0,8,3,1,6,1,4
1472,2,3,0,0,4,3,2,3,7,2,0,0,3,6,3,5,5,2,0,3,4,2,3,0,2,0,0,7,2,3,1,4,4,6,2,1,1,2,0,4,3,1,0,2,2,1,3,7,4,1,2,2,4,3,2,1,7,3,9,3,4,3,5,4,5,2,2,1,5,0,8,0,2,5,0,1,0,1,4,5,1,1,4,4,1,1,7,5,2,0,8,3,1,6,1,4
1473,2,3,0,0,4,3,2,3,7,2,0,0,3,6,3,5,5,2,0,3,4,2,3,0,2,0,0,7,2,3,1,4,4,6,2,1,1,2,0,4,3,1,0,2,2,1,3,7,4,1,2,2,4,3,2,2,7,3,9,3,4,3,5,4,5,2,2,1,5,0,8,0,2,5,0,1,0,1,4,5,1,1,4,4,1,1,7,5,2,0,8,3,1,6,1,4
1474,2,3,0,0,4,3,2,3,7,2,0,0,3,6,3,5,5,2,0,3,4,2,3,0,2,0,0,7,2,3,1,4,4,6,2,1,1,2,0,4,3,1,0,2,2,1,3,7,4,1,2,2,4,3,2,2,7,3,9,3,4,3,5,4,5,2,2,1,5,0,8,0,2,5,0,1,0,1,4,5,1,1,4,4,1,1,7,5,2,0,8,3,1,6,1,4
1475,2,3,0,0,4,3,2,3,7,2,0,0,3,6,3,5,5,2,0,3,4,2,3,0,2,0,0,7,2,3,1,4,4,6,2,1,1,2,0,4,3,1,0,2,2,1,3,7,4,1,2,2,4,3,2,2,7,3,9,3,4,3,5,4,5,2,2,1,5,0,8,0,2,5,0,1,0,1,4,5,1,1,4,4,1,1,7,5,2,0,8,3,1,6,1,4
1476,2,3,0,0,4,3,2,3,7,2,0,0,3,6,3,5,5,2,0,3,4,2,3,0,2,0,0,7,2,3,1,4,4,6,2,1,1,2,0,4,3,1,0,2,2,1,3,7,4,1,2,2,5,3,2,2,7,3,9,3,4,3,5,4,5,2,2,1,5,0,8,0,2,5,0,1,0,1,4,5,1,1,4,4,1,1,7,5,2,0,8,3,1,6,1,4
1477,2,3,0,0,4,3,2,3,7,2,0,0,3,6,3,5,5,2,0,3,4,2,3,0,2,0,0,7,2,3,1,4,4,6,2,1,1,2,0,4,3,1,0,2,2,1,3,7,4,1,2,2,5,3,2,2,7,3,9,3,4,3,5,4,5,2,2,1,5,0,8,0,2,5,0,1,0,1,4,5,2,1,4,4,1,1,7,5,2,0,8,3,1,6,1,4
1478,2,3,0,0,4,3,2,3,7,2,0,0,3,6,3,5,5,2,0,3,4,2,3,0,2,0,0,7,2,3,1,4,4,6,2,1,1,2,0,4,3,1,0,2,2,1,3,7,4,1,2,2,5,3,2,2,7,3,9,3,4,3,5,4,5,2,2,1,5,0,8,0,2,5,0,1,0,1,4,5,2,1,4,4,1,1,7,5,2,0,8,3,1,6,1,4
1479,2,3,0,0,4,3,2,3,7,2,0,0,3,6,3,5,5,2,0,3,4,2,3,0,2,0,0,7,2,3,1,4,4,6,2,1,1,2,0,4,3,1,0,2,2,1,3,7,4,1,2,2,5,3,2,2,7,3,9,3,4,3,5,4,5,2,2,1,5,0,8,0,2,5,0,1,0,1,4,5,2,1,4,4,1,1,7,5,2,0,8,3,1,6,1,4
1480,2,3,0,0,4,3,2,3,7,2,0,0,3,6,3,5,5,2,0,3,4,2,3,0,2,0,0,7,2,3,1,4,4,6,2,1,1,2,0,4,3,1,0,2,2,1,3,7,4,1,2,2,5,3,2,2,7,3,10,3,4,3,5,4,5,2,2,1,6,0,8,0,2,5,0,1,0,1,4,5,2,1,4,4,1,1,8,5,2,0,8,3,1,6,1,4
1481,2,3,0,0,4,3,2,3,7,2,0,0,3,6,3,5,5,2,0,3,4,2,3,0,2,0,0,7,2,3,1,4,4,6,2,1,1,2,0,4,3,1,0,2,2,1,3,7,5,1,2,2,5,3,2,2,7,3,11,3,4,3,5,4,5,2,2,1,6,0,8,0,2,5,0,1,0,1,4,5,2,1,4,4,1,1,8,5,2,0,8,3,1,6,1,4
1482,2,3,0,0,4,3,2,3,7,2,0,0,3,6,3,5,5,2,0,3,4,2,3,0,2,0,0,7,2,3,1,4,4,6,2,1,1,2,0,4,3,1,0,2,2,1,3,7,5,1,2,2,5,3,2,2,7,3,11,3,4,3,5,4,5,2,2,1,6,0,8,0,2,5,0,1,0,1,4,5,2,1,4,4,1,1,8,5,2,0,8,3,1,6,1,4
1483,2,3,0,0,4,3,2,3,7,2,0,0,3,6,3,5,5,2,0,3,4,2,3,0,2,0,0,7,2,3,1,5,4,6,2,1,1,2,0,4,3,1,0,2,2,1,3,7,5,1,2,2,5,3,2,2,7,3,11,3,4,3,5,4,5,2,2,1,6,0,9,0,2,5,0,1,0,1,4,5,2,1,4,4,1,1,8,5,2,0,8,3,1,6,1,4
1484,2,3,0,0,4,3,2,3,7,2,0,0,3,6,3,5,5,3,0,3,4,2,3,0,2,0,0,7,2,3,1,5,4,6,2,1,1,2,0,5,3,1,0,2,2,1,3,7,5,1,2,2,5,3,2,2,7,3,11,3,4,3,5,4,5,2,2,1,6,0,9,0,2,5,0,1,0,1,4,5,2,1,4,4,1,1,8,5,2,0,8,3,1,6,1,4
1485,2,3,0,0,4,3,2,3,7,2,0,0,3,6,3,5,5,3,0,3,4,2,3,0,2,0,0,7,2,3,1,5,4,6,2,1,1,2,0,5,3,1,0,2,2,1,3,7,5,1,2,2,5,3,2,2,7,3,11,3,4,3,5,4,5,2,2,1,6,0,9,0,2,5,0,1,0,1,4,5,2,1,4,4,1,1,8,5,2,0,8,3,1,6,1,4
1486,2,3,0,0,4,3,2,3,7,2,0,0,3,6,3,5,5,3,0,3,4,2,3,0,2,0,0,7,2,3,1,5,4,6,2,1,1,2,0,5,4,1,0,2,2,1,3,7,5,1,2,3,5,3,2,2,7,3,11,3,4,4,5,4,5,2,2,1,6,0,9,0,2,5,0,1,0,1,4,5,2,1,4,4,1,1,8,5,2,0,8,3,1,6,1,4
1487,2,3,0,0,4,3,2,3,7,2,0,0,3,6,3,5,5,3,0,3,4,2,3,0,2,0,0,7,2,3,1,5,4,6,2,1,1,2,0,5,4,1,0,2,2,1,3,7,5,1,2,3,5,3,2,2,7,3,11,3,4,4,5,4,5,2,2,1,6,0,9,0,2,5,0,1,0,1,4,5,2,1,4,4,1,1,8,5,2,0,8,3,1,6,1,4
1488,2,3,0,0,4,3,2,3,7,2,0,0,3,6,3,5,5,3,0,3,4,2,3,0,2,0,0,7,2,3,1,5,4,6,2,1,1,2,0,5,4,1,0,2,2,1,3,7,5,1,2,3,5,3,2,2,7,3,11,3,4,4,5,4,5,2,2,1,6,0,9,0,2,5,0,1,0,1,4,5,2,1,4,4,1,1,8,5,2,0,8,3,1,6,1,4
1489,2,3,0,0,4,3,2,3,7,2,0,0,3,6,3,5,5,3,0,3,4,2,3,0,2,0,0,7,2,3,1,5,4,6,2,1,1,2,0,5,4,1,0,2,2,1,3,7,5,1,2,3,5,3,2,2,7,3,11,3,4,4,5,4,5,2,2,1,6,0,9,0,2,5,0,1,0,1,4,5,2,1,4,4,1,1,8,5,2,0,8,3,1,6,1,4
1490,2,3,0,0,4,3,2,3,7,2,0,0,3,7,3,5,5,3,0,3,4,2,3,0,2,0,0,7,2,3,1,5,4,6,2,1,1,2,0,5,4,1,0,2,2,1,3,7,5,1,2,3,5,3,2,2,7,3,11,3,4,5,5,4,5,2,2,1,6,0,9,0,2,5,0,1,0,1,4,5,2,1,4,4,1,1,8,5,2,0,8,3,1,6,2,4
1491,2,3,0,0,4,3,2,3,7,2,0,0,3,7,3,5,5,3,0,3,4,2,3,0,2,0,0,7,2,3,1,5,4,6,2,1,1,2,0,5,4,1,0,2,2,1,3,7,5,1,2,3,5,3,2,2,7,3,11,3,4,5,5,4,5,2,2,1,6,0,9,0,2,5,0,1,0,1,4,5,2,1,4,4,1,1,8,5,2,0,8,3,1,6,2,4
1492,2,3,0,0,4,3,2,3,7,2,0,0,3,7,3,5,5,3,0,3,4,2,3,0,2,0,0,7,2,3,1,5,4,6,2,1,1,2,0,5,4,1,0,2,2,1,3,7,5,1,2,3,5,3,2,2,7,3,11,3,4,5,5,4,5,2,2,1,6,0,9,0,2,5,0,1,0,1,4,5,2,1,4,4,1,1,8,5,2,0,8,3,1,6,2,4
1493,2,3,0,0,4,3,3,3,7,2,0,0,3,7,3,5,5,3,0,3,4,2,3,0,2,0,0,7,2,3,1,5,4,6,2,1,1,2,0,5,4,1,0,2,2,1,3,7,5,1,2,3,5,3,2,2,7,3,11,3,4,5,5,4,5,2,2,1,6,0,9,0,2,5,0,1,0,1,4,5,2,1,4,4,1,1,8,5,2,0,8,3,1,6,2,4
1494,2,3,0,0,4,3,3,3,7,2,0,0,3,7,3,5,5,3,0,3,4,2,3,0,2,1,0,7,2,3,1,5,4,6,2,1,1,2,0,5,4,1,0,2,2,1,3,7,5,1,2,3,5,3,2,2,7,3,11,3,4,5,5,4,5,2,2,1,6,0,9,0,2,5,0,1,0,1,4,5,2,1,4,4,1,1,8,5,2,0,8,3,1,6,2,4
1495,2,3,0,0,4,3,3,3,7,2,0,0,3,7,3,5,5,3,0,3,4,2,3,0,2,1,0,7,2,3,1,5,4,6,2,1,1,2,0,5,4,1,0,2,2,1,3,7,5,1,2,3,5,3,2,2,7,3,11,3,4,5,5,4,5,2,2,1,6,0,9,0,2,5,0,1,0,1,4,5,2,1,4,4,1,1,8,5,2,0,8,3,1,6,2,4
1496,2,3,0,0,4,3,3,3,7,2,1,0,3,7,3,5,5,3,0,3,4,2,3,0,2,1,0,7,2,3,1,5,4,6,2,1,1,2,0,5,4,1,0,2,2,1,3,8,5,1,2,3,5,3,2,2,7,3,11,3,4,5,5,4,5,2,2,1,6,0,9,0,2,5,0,1,0,1,4,5,2,1,4,4,1,1,8,5,2,0,8,3,1,6,2,4
1497,2,3,0,0,4,3,3,3,7,2,1,0,3,7,3,6,5,3,0,3,4,2,3,0,2,1,0,7,2,3,1,5,4,6,2,1,1,2,0,5,4,1,0,2,2,1,3,8,5,1,2,3,5,3,2,2,7,3,11,3,4,5,5,4,5,2,2,1,6,0,9,0,2,5,0,1,0,1,4,5,2,1,4,4,1,1,8,5,2,0,8,3,1,6,2,4
1498,2,3,0,0,4,3,3,3,7,2,1,0,3,7,3,6,5,3,0,3,4,2,3,0,2,1,0,7,2,3,1,5,4,6,2,1,1,2,0,5,4,1,0,2,2,1,3,8,5,1,2,3,5,3,2,2,7,3,11,3,4,5,5,4,5,2,2,1,6,0,9,0,2,5,0,1,0,1,4,5,2,1,4,4,1,1,8,5,2,0,8,3,1,6,2,4
1499,2,3,0,0,4,3,3,3,7,2,1,0,3,7,3,6,6,3,0,3,4,2,3,0,2,1,0,7,2,3,1,5,4,6,2,1,1,2,0,5,4,1,0,2,2,1,3,8,5,1,2,3,5,3,2,2,7,3,11,3,4,5,5,4,5,2,2,1,6,0,9,0,2,5,0,1,0,1,4,5,2,1,4,4,1,1,8,5,2,0,8,3,1,6,2,4
1500,2,3,0,0,4,3,3,3,7,2,1,0,3,7,3,6,6,3,0,3,4,2,3,0,2,1,0,7,2,3,1,5,5,6,2,1,1,2,0,5,5,1,0,2,2,1,3,8,5,1,2,3,5,3,2,2,7,3,11,3,4,5,5,4,5,2,2,1,6,0,9,0,2,5,0,2,0,1,4,5,2,1,4,4,1,1,8,5,2,0,8,3,1,6,2,4
1501,2,3,0,0,4,3,3,3,7,2,1,0,3,7,3,6,6,3,0,3,4,2,3,0,2,1,0,7,2,3,1,5,5,6,2,1,1,3,0,5,6,1,0,2,2,1,3,8,5,1,2,3,5,3,2,2,7,3,11,3,4,5,5,4,5,2,2,1,6,0,9,0,2,5,0,2,0,1,4,5,2,1,4,4,1,1,8,5,2,0,8,3,1,6,2,4
1502,2,3,0,0,4,3,3,3,7,2,1,0,3,7,3,6,6,3,0,3,4,2,3,0,2,1,0,7,2,3,1,5,5,6,2,1,1,3,0,5,6,1,0,2,2,1,3,8,5,1,2,3,5,3,2,2,7,3,11,3,4,5,5,4,5,2,2,1,6,0,9,0,2,5,0,2,0,1,4,5,2,1,4,4,1,1,8,5,2,0,8,3,1,6,2,4
1503,2,3,0,0,4,3,3,3,7,2,1,0,3,7,3,6,6,3,0,3,4,2,3,0,2,1,0,8,2,3,1,5,5,6,2,1,1,3,0,5,6,1,0,2,2,1,3,9,6,1,2,3,5,3,2,2,7,3,11,3,4,5,5,4,5,2,2,1,6,0,9,0,2,5,0,2,0,1,4,5,2,1,4,4,1,1,8,5,2,0,8,3,1,6,2,4
1504,2,3,0,0,4,3,3,3,7,2,1,0,3,7,3,6,6,3,0,3,4,2,3,0,2,1,0,8,2,3,1,5,5,6,2,1,1,3,0,5,6,1,0,2,2,1,3,9,6,1,2,3,5,3,2,2,7,3,11,3,4,5,5,4,5,2,2,1,6,0,9,0,2,5,0,2,0,1,4,5,2,1,4,4,1,1,8,5,2,0,8,3,1,6,2,4
1505,2,3,0,0,4,3,3,3,7,2,1,0,3,7,3,6,6,3,0,3,4,2,3,0,2,1,0,8,2,3,1,5,5,6,2,1,1,3,0,5,6,1,0,2,2,1,3,9,6,1,2,3,5,3,2,2,7,3,11,4,4,5,5,4,5,2,2,1,6,0,9,0,2,5,0,2,0,1,4,5,2,1,4,4,1,1,8,5,2,0,8,3,1,6,2,4
1506,2,3,0,0,4,4,3,3,7,2,1,0,3,7,3,6,6,3,0,3,4,2,4,0,2,1,0,8,2,3,1,5,5,6,2,1,1,3,0,5,6,1,0,2,2,1,3,9,6,1,2,3,5,3,2,2,7,3,11,4,4,5,5,4,5,2,2,1,7,0,9,0,2,5,0,2,0,1,4,5,2,1,4,4,1,1,8,5,2,0,8,3,1,6,2,4
1507,2,3,0,0,4,4,3,3,7,2,1,0,3,7,3,6,6,4,0,3,4,2,4,0,2,1,0,8,2,3,1,5,5,6,2,1,1,3,0,5,6,1,0,2,2,1,3,9,6,1,2,3,5,3,2,2,7,3,11,4,4,5,5,4,5,2,2,1,7,0,9,0,2,5,0,2,0,1,4,5,2,1,4,4,1,1,8,5,2,0,8,3,1,6,2,4
1508,2,3,0,0,4,4,3,3,7,2,1,0,3,7,3,6,7,4,0,3,4,2,4,0,2,1,0,8,2,3,1,5,5,6,2,1,1,3,0,5,6,1,0,2,2,1,3,9,6,1,2,3,5,3,2,2,7,3,11,4,4,5,5,4,6,2,2,1,7,0,9,0,2,5,0,2,0,1,4,5,2,1,4,4,1,1,8,5,2,0,8,3,1,6,2,4
1509,2,3,0,0,4,4,3,3,7,2,1,0,3,7,3,6,7,4,0,3,4,2,4,0,2,1,0,8,2,3,1,5,5,6,2,1,1,3,0,5,6,1,0,2,2,1,3,9,6,1,2,3,5,3,2,2,7,3,11,4,4,5,5,4,6,2,2,1,7,0,9,0,2,5,0,2,0,1,4,5,2,1,4,4,1,1,8,5,2,0,8,3,1,6,2,4
1510,2,3,0,0,4,4,3,3,7,2,1,0,3,7,3,6,7,4,0,3,4,2,4,0,2,1,0,8,2,3,1,5,5,6,2,1,1,3,0,5,6,1,0,2,2,1,3,9,6,1,2,3,5,3,2,2,7,3,11,4,4,5,5,4,6,2,2,1,7,0,9,0,2,5,0,2,0,1,4,5,2,1,4,4,1,1,8,5,2,0,8,3,1,6,2,4
1511,2,3,0,0,4,4,3,3,7,2,1,0,3,7,3,6,7,4,0,3,4,2,4,0,2,1,0,8,2,3,1,5,5,6,2,1,1,3,0,5,6,1,0,2,2,3,3,9,6,1,2,3,5,3,2,2,7,3,11,4,4,5,5,4,6,2,2,1,7,0,9,0,2,5,0,2,0,1,4,5,2,1,4,4,1,1,8,5,2,0,8,3,1,6,2,4
1512,2,3,0,0,4,4,3,3,7,2,1,0,3,7,3,7,7,4,0,3,4,2,4,0,2,1,0,8,2,3,1,5,5,6,2,1,1,3,0,5,6,1,0,2,2,3,3,9,6,1,2,3,5,3,2,2,7,3,11,4,4,5,5,4,6,2,2,1,7,0,9,0,2,5,0,2,0,1,4,5,2,1,4,4,1,1,8,5,2,0,8,3,1,6,2,4
1513,2,3,0,0,4,4,3,3,7,2,1,0,3,7,3,7,7,4,0,3,4,2,4,0,2,1,0,8,2,3,1,5,5,6,2,1,1,3,0,5,6,1,0,2,2,3,3,9,6,1,2,3,5,3,2,2,7,3,11,4,4,5,5,4,6,2,2,1,7,0,9,0,2,5,0,2,0,1,4,5,2,1,4,4,1,1,8,5,2,0,8,3,1,6,2,4
1514,2,3,0,0,4,4,3,3,7,2,1,0,3,7,3,7,7,5,0,3,4,2,4,0,2,1,0,8,2,3,1,5,5,6,2,1,1,3,0,5,6,1,0,2,2,3,3,9,6,1,2,3,5,3,2,2,7,3,11,4,4,5,5,4,6,2,2,1,7,0,9,0,2,5,0,2,0,1,4,5,2,1,4,4,1,1,8,5,2,0,8,3,1,6,2,4
1515,2,3,0,0,4,4,3,3,7,2,1,0,3,7,3,7,7,5,0,3,4,2,4,0,2,1,0,8,2,3,1,5,5,6,2,1,1,3,0,5,6,1,0,2,2,3,3,9,6,1,2,3,5,3,2,2,7,3,11,4,4,5,5,4,6,2,2,1,7,0,9,0,2,5,0,2,0,1,4,5,2,1,4,4,1,1,8,5,2,0,8,3,1,6,2,4
1516,2,3,0,0,4,4,3,3,7,2,1,0,3,7,3,7,7,5,0,3,4,2,4,0,2,1,0,8,2,3,1,6,5,6,2,1,1,3,0,5,6,1,0,2,2,3,3,9,6,1,2,3,5,3,2,2,7,3,11,4,4,5,5,4,6,2,2,2,7,0,9,0,2,5,0,2,0,1,4,5,2,1,4,4,1,2,8,5,2,0,8,3,1,6,2,4
1517,2,3,0,0,4,4,3,3,7,2,1,0,3,7,3,7,7,5,0,3,4,2,4,0,2,1,0,8,2,3,1,6,5,6,2,1,1,3,0,5,6,1,0,2,2,3,3,9,6,2,2,3,5,3,2,2,7,3,11,4,4,5,5,4,6,2,2,2,7,0,9,0,2,5,0,2,0,1,4,5,2,1,4,4,1,2,8,5,2,0,8,3,1,6,2,4
1518,2,3,0,0,4,4,3,3,7,2,1,0,3,7,3,7,7,5,0,3,4,2,4,0,2,1,0,8,2,3,1,6,5,6,2,1,1,3,0,5,6,1,0,2,2,3,3,9,6,2,2,3,5,3,2,2,7,3,11,4,4,5,5,4,6,2,2,2,7,0,9,0,2,5,0,2,0,1,4,5,2,1,4,4,1,2,8,5,3,0,8,3,1,6,2,4
1519,2,3,0,0,4,4,3,3,7,2,1,0,3,7,3,7,7,5,0,3,4,2,4,0,3,1,0,8,2,3,1,6,5,6,2,1,1,3,0,5,6,1,0,2,2,3,3,9,6,2,2,3,5,3,2,2,7,3,11,4,4,5,5,4,6,2,2,2,7,0,9,0,2,5,0,2,0,1,4,5,2,1,4,4,1,2,8,5,3,0,8,3,1,6,2,4
1520,2,3,0,0,4,4,3,3,7,2,1,0,3,7,3,7,7,5,0,3,4,2,4,0,3,1,0,8,2,3,1,6,5,6,2,1,1,3,0,5,6,1,0,2,2,3,3,9,6,2,2,3,5,3,2,2,7,3,11,4,4,5,5,4,6,2,2,2,7,0,9,0,2,5,0,2,0,1,4,5,2,1,4,4,1,2,8,5,3,0,8,3,1,6,2,4
1521,2,3,0,0,4,4,3,3,7,2,1,0,3,7,3,7,7,5,0,3,4,2,4,0,3,2,0,8,2,3,1,6,5,6,2,1,1,3,0,5,6,1,0,2,2,3,3,9,6,2,2,3,5,3,2,2,7,3,11,4,4,5,5,4,6,2,2,2,7,0,9,0,2,5,0,2,0,1,4,5,2,1,4,4,1,2,8,5,3,0,8,3,1,6,2,4
1522,2,3,0,0,4,4,3,3,7,2,1,0,3,7,3,7,7,5,0,3,4,2,4,0,3,2,0,8,2,3,1,6,5,6,2,1,1,3,0,5,6,1,0,2,2,3,3,9,7,2,2,3,6,3,2,2,7,3,11,4,4,5,5,4,6,2,2,2,7,0,9,0,2,5,0,2,0,1,4,5,2,1,4,4,1,2,8,5,3,0,8,3,1,6,2,4
1523,2,3,0,0,4,4,3,3,7,2,1,0,3,7,3,7,7,5,0,3,4,2,4,0,3,2,0,8,3,3,1,6,5,6,2,1,1,3,0,5,6,1,0,2,2,3,3,9,7,2,2,3,6,3,2,2,7,3,11,4,4,5,5,4,6,2,2,2,7,0,9,0,2,5,0,2,0,1,4,5,2,1,4,4,1,2,8,5,3,0,8,3,1,6,2,4
1524,2,3,0,0,4,4,3,3,7,2,1,0,3,7,3,7,7,6,0,3,4,2,4,0,3,2,0,8,3,3,1,6,5,6,2,1,1,3,0,5,6,1,0,2,2,3,3,9,7,2,2,3,6,3,2,2,7,3,11,4,4,5,5,4,6,2,2,2,7,0,9,0,2,5,0,2,0,1,4,5,2,1,4,4,1,2,8,5,3,0,8,3,1,6,2,4
1525,2,3,0,0,5,4,3,3,7,2,1,0,3,7,3,7,7,6,0,3,4,2,4,0,3,2,0,8,3,3,1,6,5,6,2,1,1,3,0,5,6,1,0,2,2,3,3,9,7,2,2,3,6,3,3,2,7,3,11,4,4,5,5,4,6,2,2,2,7,0,9,0,2,5,0,2,0,1,4,5,2,1,4,4,1,2,8,5,3,0,8,3,1,6,2,4
1526,2,3,0,0,5,4,3,3,7,2,1,0,3,7,3,7,7,6,0,3,4,2,4,0,3,2,0,8,3,3,1,6,5,6,2,1,1,3,0,5,6,1,0,2,2,3,3,9,7,2,2,3,6,3,3,2,7,3,11,4,4,5,5,4,6,2,2,2,7,0,9,0,2,5,0,2,0,1,4,5,2,1,4,4,1,2,8,5,3,0,8,3,1,6,2,4
1527,2,3,0,0,5,4,3,3,7,2,1,0,3,7,3,7,7,6,0,3,4,2,4,0,3,2,0,8,3,3,1,6,5,6,2,1,1,3,0,5,6,1,0,2,2,3,3,9,7,2,3,3,6,3,3,2,7,3,11,4,4,5,5,4,6,2,2,2,7,0,9,0,2,5,0,2,0,1,4,5,2,1,4,4,1,2,8,5,3,0,8,3,1,6,2,4
1528,2,3,0,0,5,4,3,3,7,2,1,0,3,7,3,7,7,6,0,3,4,2,4,0,3,2,0,8,3,3,1,6,5,6,2,1,1,3,0,5,6,1,0,2,2,3,3,9,7,2,3,3,6,3,3,2,7,3,11,4,4,6,5,4,6,2,2,2,7,0,9,0,2,5,0,2,0,1,4,5,2,1,4,4,1,2,8,5,3,0,8,3,1,6,2,4
1529,2,3,0,0,5,4,3,3,7,2,1,0,3,7,3,7,7,6,0,3,4,2,4,0,3,2,0,8,3,3,1,6,5,7,2,1,1,3,0,5,6,1,0,2,2,3,3,9,7,2,3,3,6,3,3,2,7,3,11,4,4,6,5,4,6,2,2,2,7,0,9,0,2,5,0,2,0,1,4,5,2,1,4,4,1,2,8,5,3,0,8,3,1,6,2,4
1530,2,3,0,0,5,4,3,3,7,2,1,0,3,7,3,7,7,6,0,3,4,2,4,0,3,2,0,8,3,3,1,6,5,7,2,1,1,4,0,5,6,1,0,2,2,3,3,9,7,2,3,3,6,3,3,2,7,3,11,4,4,6,5,4,6,2,2,2,7,0,9,0,2,5,0,2,0,1,4,5,2,1,4,4,1,2,8,5,3,0,8,3,1,6,2,4
1531,2,3,0,0,5,4,3,3,7,2,1,0,3,7,3,7,7,6,0,3,4,2,4,0,3,2,0,8,3,3,1,6,5,7,2,1,1,4,0,5,6,1,0,2,2,3,3,9,7,2,3,3,6,3,3,2,7,3,11,4,4,6,5,4,6,2,2,2,7,0,9,0,2,5,0,2,0,1,4,5,2,1,4,4,1,2,8,5,3,0,8,3,1,6,2,4
1532,2,3,0,0,5,4,3,3,9,2,1,0,3,7,3,7,7,6,0,3,4,2,4,0,3,2,0,8,3,3,1,6,5,7,2,1,1,4,0,5,6,1,0,2,2,3,3,9,7,2,3,3,6,3,3,2,7,3,11,4,4,6,5,4,6,2,2,2,7,0,9,0,2,5,0,2,0,1,4,5,2,1,4,4,1,2,8,5,3,0,8,3,1,6,2,4
1533,2,3,0,0,5,4,3,3,9,2,1,0,3,7,3,7,7,6,0,3,4,2,4,0,3,2,0,8,3,3,1,6,5,7,2,1,1,4,0,5,6,1,0,2,2,3,3,9,7,2,3,3,6,3,3,2,7,3,11,4,4,6,5,4,6,2,2,2,7,0,9,0,2,5,0,2,0,1,4,5,2,1,4,4,2,2,8,5,3,0,8,3,1,6,2,4
1534,2,3,0,0,5,4,3,3,9,2,2,0,3,7,3,7,7,6,0,3,4,2,4,0,3,2,0,8,3,3,1,6,5,7,2,1,1,4,0,5,6,1,0,2,2,3,3,9,8,2,3,3,6,3,3,2,7,3,11,4,4,6,5,4,6,2,2,2,7,0,9,0,2,5,0,2,0,1,4,5,2,1,4,4,2,2,8,5,3,0,8,3,1,6,2,4
1535,2,3,0,0,5,4,3,3,9,2,2,0,3,7,3,7,7,6,0,3,4,2,4,0,3,2,0,8,3,3,1,6,5,7,2,1,1,4,0,5,6,1,0,2,2,3,3,9,8,2,3,3,6,3,3,2,7,3,11,4,4,6,5,4,6,2,2,2,7,0,9,0,2,5,0,2,0,1,4,5,2,1,4,4,2,2,8,5,3,0,8,3,1,7,2,4
1536,2,3,0,0,5,4,3,3,9,2,2,0,3,7,3,7,7,6,0,3,4,2,4,0,4,2,0,8,3,3,1,6,5,7,3,1,1,4,0,5,6,1,0,2,2,3,3,9,8,2,3,3,6,3,3,2,7,3,11,4,4,6,5,4,6,2,2,2,7,0,9,0,2,5,0,2,0,1,4,5,2,1,4,4,2,2,8,5,3,0,8,3,1,7,2,4
1537,2,3,0,0,5,4,3,3,9,2,3,0,3,7,3,7,7,6,0,3,4,3,4,0,4,2,0,9,3,3,1,6,5,7,3,1,1,4,0,5,6,1,0,2,2,3,3,9,8,2,3,3,6,3,3,2,7,3,11,4,4,6,5,4,6,2,2,2,7,0,9,0,2,5,0,2,0,1,4,5,2,1,4,4,2,2,8,5,3,0,8,3,1,7,2,4
1538,2,3,0,0,5,4,3,3,9,2,3,0,3,7,3,7,7,6,0,3,4,3,4,0,4,2,0,9,3,3,1,6,5,7,3,1,1,4,0,5,6,1,0,2,2,3,3,9,8,2,3,3,6,3,3,2,7,3,11,4,4,6,5,4,6,2,2,2,7,0,9,0,2,5,0,2,0,1,4,5,2,1,4,5,3,2,8,5,3,0,8,3,1,7,2,4
1539,2,3,0,0,5,4,3,3,9,2,3,0,3,7,3,7,7,6,0,3,4,3,4,0,4,2,0,9,3,3,1,6,5,7,3,1,1,4,0,5,6,1,0,2,2,3,3,9,8,2,3,3,6,3,3,2,7,3,11,4,4,6,5,4,6,2,2,2,7,0,9,0,2,5,0,2,0,1,4,5,2,1,4,5,3,2,8,5,3,0,8,4,1,7,2,4
1540,2,3,0,0,5,4,3,3,9,2,3,0,3,7,3,7,7,6,0,3,4,3,4,0,4,2,0,9,3,3,1,6,5,7,3,1,1,4,0,5,6,1,0,2,2,3,3,9,8,2,3,3,6,4,3,2,7,3,11,4,4,6,5,4,6,2,2,2,7,0,9,0,2,5,0,2,0,1,4,5,2,1,4,5,3,2,8,5,3,0,8,4,1,7,2,4
1541,2,3,0,0,5,4,3,3,9,2,3,0,3,7,3,7,8,6,0,3,4,3,4,0,4,2,0,10,3,3,1,6,5,7,3,1,1,4,0,5,6,1,0,2,2,3,3,9,8,2,3,3,6,4,3,2,7,3,11,4,4,6,5,4,6,2,2,2,7,0,9,0,2,5,0,2,0,1,4,5,2,1,4,5,3,2,9,5,3,0,8,4,1,7,2,4
1542,2,3,0,0,5,5,3,3,9,2,3,0,3,7,3,7,8,6,0,3,4,3,4,0,4,2,0,10,3,3,1,6,5,7,3,1,1,4,0,5,6,1,0,2,2,3,3,9,8,3,3,3,6,4,3,2,7,3,11,4,4,6,5,4,6,2,2,2,7,0,9,0,2,5,0,2,0,1,4,5,2,1,4,5,3,2,9,5,3,0,8,4,1,7,2,4
1543,2,3,0,0,5,5,3,3,10,2,3,0,3,7,3,7,8,6,0,3,4,3,4,0,4,2,0,10,3,3,1,6,5,7,3,1,1,4,0,5,6,1,0,2,2,3,3,9,8,3,3,4,6,4,3,2,7,3,11,4,4,6,5,4,6,2,2,2,7,0,9,0,2,5,0,2,0,1,4,5,2,1,4,5,3,2,9,5,3,0,8,4,1,7,2,4
1544,2,3,0,0,5,5,3,3,10,2,3,0,3,7,3,7,8,6,0,3,4,3,4,0,4,2,0,10,3,3,1,6,5,7,3,1,1,4,0,5,6,1,0,2,2,3,3,9,8,3,3,4,6,4,3,2,7,3,11,4,4,6,5,4,6,2,2,2,7,0,9,0,2,5,0,2,0,1,4,5,2,1,4,5,3,2,9,5,3,0,8,4,1,7,2,4
1545,2,3,0,0,5,5,3,3,10,2,3,0,3,7,3,7,8,6,0,3,4,3,4,0,4,2,0,10,3,3,1,6,5,7,3,1,1,4,0,5,6,1,0,2,2,3,3,9,8,3,3,4,6,4,3,2,7,3,11,4,4,6,5,4,6,2,2,2,7,0,9,0,2,5,0,2,0,1,4,5,2,1,4,5,3,2,9,5,3,0,8,4,1,8,2,4
1546,2,3,0,0,5,5,3,3,10,2,3,0,3,7,3,7,8,6,0,3,4,3,4,0,4,2,0,10,3,3,1,6,5,7,3,1,1,4,0,5,6,1,0,2,2,3,3,9,8,3,3,4,6,4,3,2,7,3,11,4,4,6,5,4,6,2,2,2,7,0,9,0,2,5,0,2,0,1,4,5,2,1,4,5,3,2,9,5,3,0,8,4,1,8,2,4
1547,2,3,0,0,5,5,3,3,10,2,3,0,3,7,3,7,8,6,0,3,4,3,4,0,4,2,0,10,3,3,1,6,5,7,3,1,1,4,0,5,6,1,0,2,2,3,3,9,8,3,3,4,6,4,3,2,7,3,11,4,4,6,5,4,6,2,2,2,7,0,9,0,2,5,0,2,0,1,4,5,2,1,4,5,3,2,9,5,3,0,8,4,1,9,2,4
1548,2,3,0,0,5,5,3,3,10,2,3,0,3,7,3,7,8,6,0,3,4,3,4,0,4,2,0,10,3,3,1,6,5,7,3,1,1,4,0,5,6,1,0,2,2,3,3,9,8,3,3,4,6,4,3,2,7,3,11,4,4,6,5,4,6,2,2,2,7,0,9,0,2,5,0,2,0,1,4,5,2,1,4,5,3,2,9,5,3,0,8,4,1,9,2,4
1549,2,3,0,0,5,5,3,3,10,2,3,0,3,7,3,7,8,7,0,3,4,3,4,0,4,2,0,10,3,3,1,6,5,7,3,1,1,4,0,5,6,1,0,2,2,3,3,9,8,3,3,5,6,4,3,2,7,3,11,4,4,6,5,4,6,2,2,2,7,0,9,0,2,5,0,2,0,1,4,5,2,1,4,5,3,2,9,5,3,0,8,4,1,9,2,4
1550,2,3,0,0,5,5,3,3,10,2,3,0,3,7,3,7,8,8,0,3,4,3,4,0,4,2,0,10,3,3,1,6,5,7,3,1,1,4,0,5,6,1,0,2,2,3,3,9,8,3,3,5,6,4,3,2,7,3,11,4,4,6,5,4,6,2,2,2,7,0,9,0,2,5,0,2,0,1,4,5,2,1,4,5,3,2,9,5,3,0,8,4,1,9,2,4
1551,2,3,0,0,5,5,3,3,10,2,3,0,3,7,3,7,8,8,0,3,4,3,4,0,4,2,0,10,3,3,1,6,5,7,3,1,1,4,0,5,6,1,0,2,2,3,3,9,8,3,3,5,6,4,3,2,7,3,11,4,4,6,5,4,6,2,2,2,8,0,9,0,2,5,0,2,0,1,4,5,2,1,4,5,3,2,9,5,3,0,8,4,1,9,3,4
1552,2,3,0,0,5,5,3,3,10,2,3,0,3,7,3,7,8,8,0,3,4,3,4,0,4,2,0,10,3,3,1,6,5,7,3,1,1,4,0,5,7,1,0,2,2,3,3,9,8,3,3,5,6,4,3,2,7,3,11,4,4,6,5,4,6,2,2,2,8,0,9,0,2,5,0,2,0,1,4,5,2,1,4,5,3,2,9,5,3,0,8,4,1,9,3,4
1553,2,3,0,0,5,5,3,3,10,2,3,0,3,7,3,7,8,8,0,3,4,3,4,0,4,2,0,10,3,3,1,6,5,7,3,1,1,4,0,5,7,1,0,2,2,3,3,9,8,3,3,5,6,4,3,2,7,3,11,4,4,6,5,4,6,2,2,2,8,0,9,0,2,5,0,2,0,1,4,5,2,1,4,5,3,2,10,5,3,0,8,4,1,9,3,4
1554,2,3,0,0,5,5,3,3,10,2,3,0,3,7,3,7,8,8,0,3,4,3,4,0,4,2,0,10,3,3,1,6,5,7,3,1,1,4,0,6,7,1,0,2,2,3,3,9,8,3,3,5,6,4,3,2,7,3,11,4,4,6,5,4,6,2,2,2,8,0,9,0,2,5,0,2,0,1,4,5,2,1,4,5,3,2,10,5,3,0,8,4,1,9,3,4
1555,2,3,0,0,5,5,3,3,10,2,3,0,3,7,3,7,8,8,0,3,4,3,4,0,4,2,0,10,3,3,1,6,5,7,3,1,1,4,0,6,7,1,0,2,2,3,3,9,8,3,3,5,6,4,3,2,7,3,11,4,4,6,5,4,6,2,2,2,8,0,9,0,2,5,0,2,0,2,4,5,2,1,4,5,3,2,10,6,3,0,8,4,2,9,3,4
1556,2,4,0,0,5,5,3,3,10,2,3,0,3,7,3,7,8,8,0,3,4,3,4,0,4,2,0,10,3,3,1,6,5,7,3,1,1,4,0,6,8,1,0,2,2,3,3,9,8,3,3,5,6,4,3,2,7,3,11,4,4,6,5,4,6,2,2,2,8,0,9,0,2,5,0,2,0,2,4,5,2,1,4,5,3,2,10,6,3,0,8,4,2,9,3,4
1557,2,4,0,0,5,5,3,3,10,2,3,0,3,7,3,7,8,8,0,3,4,3,4,0,4,2,0,10,3,3,1,6,5,7,3,1,1,4,0,6,8,1,0,2,2,3,3,9,8,3,3,5,6,4,3,2,7,3,11,4,4,6,5,4,6,2,2,2,8,0,9,0,2,5,0,2,1,2,4,5,2,1,4,5,3,2,10,6,3,0,8,4,2,9,4,4
1558,2,4,0,0,5,5,3,3,10,2,3,0,3,7,3,7,8,8,0,3,4,3,4,0,4,2,0,10,3,4,1,6,5,7,3,1,1,4,0,6,8,1,0,2,2,3,3,9,8,3,3,5,6,4,3,2,7,3,11,4,4,6,5,4,6,2,2,2,8,0,9,0,2,5,0,2,1,2,4,5,2,1,4,5,3,2,11,6,3,0,9,4,2,9,4,4
1559,2,4,0,0,5,5,3,3,10,2,3,0,3,7,3,7,8,8,0,3,4,3,4,0,5,2,0,10,3,4,1,6,5,7,4,1,1,4,0,6,8,1,0,2,2,3,3,9,8,3,3,5,6,4,3,2,7,3,11,4,4,6,5,4,6,2,2,2,8,0,9,0,2,5,0,2,1,2,4,5,2,1,4,5,3,2,11,6,3,0,9,4,2,9,4,4
1560,2,4,0,0,5,5,3,3,10,2,3,0,3,7,3,7,8,8,0,3,4,3,4,0,5,2,0,10,3,4,1,6,5,7,4,1,1,4,0,6,8,1,0,2,2,3,3,9,8,3,3,5,6,4,3,2,7,3,11,4,4,6,5,4,6,2,2,2,8,0,10,0,2,5,0,2,1,2,4,5,2,1,4,5,3,2,11,6,3,0,9,4,2,9,4,4
1561,2,4,0,0,5,5,3,3,10,2,3,0,3,7,3,7,8,8,0,3,4,3,4,0,5,2,0,10,3,4,1,6,5,7,4,1,1,4,0,6,8,1,0,2,2,3,3,9,8,3,3,5,6,4,3,2,7,3,11,4,4,6,5,4,6,2,2,2,8,0,11,0,2,5,0,2,1,2,4,5,2,1,4,5,3,2,11,6,3,0,9,4,2,9,4,4
1562,2,4,0,0,5,5,3,3,10,2,3,0,3,7,4,7,8,9,0,3,4,3,4,0,5,2,0,10,3,4,1,6,5,7,4,1,1,4,0,6,8,1,0,2,2,3,3,9,8,3,3,5,6,4,3,2,7,3,11,4,4,6,5,4,6,2,2,2,8,0,11,0,2,5,0,2,1,2,4,5,2,1,4,5,3,2,11,6,3,0,9,4,2,9,4,4
1563,2,4,0,0,5,5,3,3,10,2,3,0,3,7,4,7,8,9,0,3,4,3,4,0,5,2,0,10,3,4,1,6,5,7,4,1,1,4,0,6,8,1,0,2,2,3,3,9,8,3,3,5,6,4,3,2,8,3,11,4,4,6,5,4,6,2,2,2,8,0,11,0,2,5,0,2,1,2,4,5,2,1,4,5,3,2,11,6,3,0,9,4,2,9,4,4
1564,2,4,0,0,5,5,3,3,10,2,3,0,3,7,4,7,8,9,0,3,4,3,4,0,5,2,0,10,3,4,1,6,5,7,4,1,1,4,0,6,8,1,0,2,2,3,3,9,8,3,3,5,6,4,3,2,8,3,11,4,4,6,5,4,6,2,2,2,8,0,11,0,2,5,0,2,1,2,4,5,2,1,4,5,3,2,11,6,3,0,9,5,2,9,4,4
1565,2,4,0,0,5,5,3,3,10,2,3,0,3,7,4,7,8,9,0,3,4,3,4,0,5,2,0,10,3,4,1,6,5,7,4,1,1,4,0,6,8,1,0,2,2,3,4,9,8,3,3,5,6,4,3,2,8,3,11,4,4,6,5,4,6,2,2,2,8,0,11,0,2,5,0,2,1,2,4,5,2,1,4,5,3,2,11,6,3,0,9,5,2,9,4,4
1566,2,4,0,0,5,5,3,3,10,2,3,0,3,7,4,7,8,9,0,3,4,3,4,0,5,2,0,10,3,4,1,6,5,7,4,1,1,4,0,6,8,1,0,2,2,3,4,9,8,3,3,5,6,4,3,2,8,4,11,4,4,6,5,4,6,2,2,2,8,0,11,0,2,5,0,2,1,2,4,5,2,1,4,5,3,2,11,6,3,0,9,5,2,9,4,4
1567,2,4,0,0,5,5,3,3,10,2,3,0,3,7,4,7,8,10,0,3,4,3,4,0,5,2,0,10,3,4,1,6,5,7,4,1,1,4,0,6,8,1,0,2,2,3,4,9,8,3,3,5,6,4,3,2,8,4,11,4,4,6,5,4,6,2,2,2,8,0,11,0,2,5,0,2,1,2,4,5,2,1,4,5,3,2,11,6,3,0,9,5,2,9,4,4
1568,2,4,0,0,5,5,3,3,10,2,3,0,3,7,4,7,8,10,0,3,4,3,4,0,5,2,0,11,3,4,1,6,5,7,4,1,1,4,0,6,8,1,0,2,2,3,4,9,8,3,3,5,6,4,3,2,8,4,11,4,4,6,5,4,6,2,2,2,8,0,11,0,2,5,0,2,1,2,4,5,2,1,4,5,3,2,11,7,3,0,10,5,2,9,4,4
1569,2,4,0,0,5,5,3,3,10,2,3,0,3,7,4,7,8,10,0,3,4,3,4,0,5,2,0,11,3,4,1,6,5,7,4,1,1,4,0,6,8,1,0,2,2,3,4,9,8,3,3,5,6,4,3,2,8,4,11,4,4,6,5,4,6,2,2,2,8,0,11,0,2,5,0,2,1,2,4,5,2,1,4,5,3,3,11,7,3,0,10,5,2,9,4,4
1570,3,4,0,0,5,6,3,3,10,2,3,0,3,7,4,7,8,10,0,3,4,3,4,0,5,2,0,11,3,4,1,6,5,7,4,1,1,4,0,6,8,1,0,2,2,3,4,9,8,3,3,5,6,4,3,2,8,4,11,4,4,6,5,4,6,2,2,2,8,0,11,0,2,5,0,2,1,2,4,5,2,1,4,5,3,3,11,7,3,0,10,5,2,9,4,4
1571,3,4,0,0,5,7,3,3,10,2,3,0,3,7,4,7,8,10,0,3,4,3,4,0,6,2,0,11,3,4,1,6,5,7,4,1,1,4,0,6,8,1,0,2,2,3,4,9,8,3,3,5,6,4,3,2,8,4,11,4,4,6,5,4,6,2,2,2,8,0,11,0,2,5,0,2,1,2,4,5,2,1,4,5,3,3,11,7,3,0,10,5,2,9,4,4
1572,3,4,0,0,5,7,3,3,10,2,3,0,3,7,4,7,8,10,0,3,4,3,4,0,6,2,0,11,3,4,1,6,5,7,4,1,1,4,0,6,8,1,0,2,2,3,4,9,8,3,3,5,6,4,3,2,8,4,11,4,4,6,5,4,6,2,2,2,8,0,11,0,2,5,0,2,1,2,4,5,2,1,4,5,3,3,11,7,3,0,10,6,2,9,4,4
1573,3,4,0,0,5,7,3,3,10,2,3,0,3,7,4,7,8,10,0,3,4,3,4,0,6,2,0,12,3,4,1,6,5,7,4,1,1,4,0,6,8,1,0,2,2,3,4,9,8,3,3,5,6,4,3,2,8,4,11,4,4,6,5,4,6,2,2,2,8,0,12,0,2,5,0,2,1,2,4,5,2,1,4,5,3,3,11,7,3,0,10,6,2,9,4,4
1574,3,4,0,0,5,7,3,3,11,2,3,0,3,7,4,7,8,10,0,3,4,4,4,0,6,2,0,12,3,4,1,6,5,7,4,1,1,4,0,6,8,1,0,2,2,3,4,9,9,3,3,6,6,4,3,2,8,4,11,4,4,6,5,4,6,2,2,2,8,0,12,0,2,5,0,2,1,2,4,5,2,1,4,5,3,3,11,7,3,0,10,6,2,9,4,4
1575,3,4,0,0,5,7,3,3,11,2,3,0,3,7,4,7,8,10,0,3,4,4,4,0,6,2,0,12,3,4,1,6,5,7,5,1,1,4,0,6,8,1,0,2,2,3,4,9,9,3,3,6,6,4,3,2,8,4,11,4,4,6,5,4,6,2,2,2,8,0,12,0,2,5,0,2,1,2,4,5,2,1,4,5,3,3,11,7,3,0,10,6,2,9,4,4
1576,3,4,0,0,5,7,3,3,11,2,3,0,3,7,4,8,8,10,0,3,4,4,4,0,6,2,0,12,3,4,1,6,5,7,5,1,1,4,0,6,8,1,0,2,2,3,4,9,9,3,3,6,6,4,3,2,8,4,11,4,4,6,5,4,6,2,2,2,8,0,12,0,2,5,0,2,1,2,4,5,2,1,4,5,3,3,11,7,3,0,10,6,2,9,4,4
1577,3,4,0,0,5,7,3,3,11,2,3,0,3,7,4,8,8,10,0,3,4,4,4,0,6,2,0,12,3,4,1,6,5,7,5,1,1,4,0,6,8,1,0,2,2,3,4,9,9,3,3,6,6,4,3,2,8,4,11,4,4,6,5,4,6,2,2,2,8,0,12,0,2,5,0,2,1,2,4,5,2,1,4,5,3,3,11,7,3,0,10,6,2,9,4,4
1578,3,4,0,0,5,7,3,3,11,2,3,0,3,7,4,8,8,10,0,3,4,4,5,0,6,2,0,12,3,4,1,6,5,7,5,1,1,4,0,6,8,1,0,2,2,3,4,9,9,3,3,6,6,4,3,2,8,4,11,4,4,6,5,4,6,2,2,2,8,0,12,0,2,5,0,2,1,3,4,5,2,1,4,5,3,3,11,7,4,0,10,6,2,9,4,4
1579,3,4,0,0,5,7,3,3,11,2,3,0,3,7,4,8,8,10,0,3,4,4,5,0,6,2,0,12,3,4,1,6,5,7,5,1,1,4,0,6,8,1,0,2,2,3,4,9,9,3,3,6,6,4,3,2,8,4,11,4,5,6,5,4,6,2,2,2,8,0,12,0,2,5,0,2,1,3,4,5,2,1,4,5,3,3,11,7,4,0,10,6,2,9,4,4
1580,3,4,0,0,5,7,3,3,11,2,3,0,3,7,4,8,8,10,0,3,4,4,5,0,6,2,0,12,3,4,1,6,5,7,5,1,1,4,0,6,8,1,0,2,2,3,4,9,9,3,3,6,6,4,3,2,8,4,11,4,5,6,5,4,6,2,2,2,8,0,12,0,2,5,0,2,1,3,4,5,2,1,4,5,3,3,11,7,4,0,10,6,2,9,4,4
1581,3,4,0,0,5,7,3,3,11,2,3,0,3,7,4,8,8,10,0,3,4,4,5,0,6,2,0,12,3,4,1,6,5,7,5,1,1,4,0,6,8,1,0,2,2,3,4,9,9,3,3,6,6,4,3,2,8,4,11,4,5,6,5,4,6,2,2,2,8,0,12,0,2,5,0,2,1,3,4,5,2,1,4,5,3,3,11,7,4,0,10,6,2,9,4,4
1582,3,4,0,0,5,7,3,3,11,2,3,0,3,7,4,8,8,10,0,3,4,5,5,0,6,2,0,12,3,4,1,6,5,7,5,1,1,4,0,6,8,1,0,2,2,3,4,9,9,3,3,6,6,4,3,2,8,4,11,4,5,6,5,4,6,2,3,3,8,0,12,0,2,5,0,2,1,3,4,5,2,1,4,5,3,3,11,7,4,0,10,6,2,10,4,4
1583,3,4,0,0,5,7,3,3,11,2,3,0,3,7,4,8,8,11,0,3,4,5,5,0,6,2,0,12,3,4,1,6,5,7,5,1,1,4,0,6,8,1,0,2,2,3,4,9,9,3,3,6,6,4,3,2,8,4,11,4,5,6,5,4,6,2,3,3,8,0,12,0,2,5,0,2,1,3,4,5,2,1,4,5,3,3,11,7,4,0,10,6,2,10,4,4
1584,4,4,0,0,5,7,3,3,11,2,3,0,3,7,4,8,8,11,0,3,4,5,5,0,6,2,0,12,3,5,1,6,5,7,5,1,1,4,0,6,8,1,0,2,2,3,4,9,9,3,3,6,6,4,3,2,8,4,11,4,5,6,5,4,6,2,3,3,8,0,12,0,2,5,0,2,1,3,4,5,2,1,4,5,3,3,11,7,4,0,10,6,2,10,4,4
1585,4,4,0,0,5,7,3,3,12,2,3,0,3,9,4,8,8,11,0,3,4,5,6,0,6,2,0,12,3,5,1,6,5,7,5,1,1,4,0,6,8,1,0,2,2,3,4,9,9,3,3,6,6,4,3,2,8,4,11,4,5,6,5,4,6,2,3,3,8,0,12,0,2,5,0,2,1,3,4,5,2,1,4,5,3,3,11,7,4,0,10,6,2,10,4,4
1586,4,4,0,0,5,7,3,3,12,2,3,0,3,9,4,8,8,11,0,3,4,5,6,0,6,2,0,12,3,5,1,6,5,7,5,1,1,4,0,6,8,1,0,2,2,3,4,10,9,3,3,6,6,4,3,2,8,4,11,4,5,6,5,4,6,2,3,3,8,0,12,0,2,5,0,2,1,3,4,5,2,1,4,5,3,3,11,7,4,0,10,6,2,10,4,4
1587,4,4,0,0,5,7,3,3,12,2,3,0,3,9,4,8,8,11,0,3,4,5,6,0,6,2,0,12,3,5,1,6,5,7,5,1,1,4,0,6,8,1,0,2,2,3,4,10,9,3,3,6,6,4,3,2,8,4,11,4,5,6,5,4,6,2,3,3,8,0,12,0,2,5,0,2,1,3,4,5,2,1,4,5,3,3,11,7,4,0,10,6,2,10,4,4
1588,4,4,0,0,5,7,3,3,12,2,3,0,3,9,4,8,8,11,0,3,4,5,6,0,6,2,0,12,3,5,1,6,5,7,5,1,1,4,0,6,8,1,0,2,2,3,4,10,9,3,3,6,6,4,3,2,8,4,11,5,7,6,5,4,6,2,3,3,8,0,12,0,2,5,0,2,1,3,4,5,2,1,4,5,3,3,11,7,4,0,10,6,2,10,4,4
1589,4,4,0,0,5,7,3,3,12,2,3,0,3,9,4,8,8,11,0,3,4,5,6,0,6,2,0,12,3,5,1,6,5,7,5,1,1,4,0,6,8,1,0,2,2,3,4,10,9,3,3,6,6,4,3,2,8,4,11,5,7,6,5,4,6,2,3,3,8,0,12,0,2,5,0,2,1,3,4,5,2,1,4,5,3,3,11,7,4,0,10,6,2,10,4,4
1590,4,4,0,0,5,7,3,3,12,2,3,0,3,9,4,8,8,11,0,3,4,5,6,0,6,2,0,12,3,5,1,6,5,7,5,1,1,4,0,6,8,1,0,2,2,3,4,10,9,3,3,6,6,4,3,2,8,4,11,5,7,6,5,4,6,2,3,3,8,0,12,0,2,5,0,2,1,3,4,5,2,1,4,5,3,3,11,7,4,0,10,6,2,10,4,4
1591,4,4,0,0,5,7,3,3,12,2,3,0,3,9,4,8,8,11,0,3,4,5,6,0,6,2,0,12,3,5,1,6,5,7,5,1,1,4,0,6,8,1,0,3,3,3,4,10,9,3,3,6,6,5,3,2,8,4,11,5,7,6,5,5,6,2,3,3,8,0,12,0,2,5,0,2,1,3,4,5,2,1,4,5,3,3,11,7,4,0,10,6,3,10,4,4
1592,4,4,0,0,5,7,3,3,12,2,3,0,3,9,4,8,8,11,0,3,4,5,6,0,6,2,0,12,3,5,1,6,5,7,5,1,1,4,0,6,8,1,0,3,3,3,4,10,9,3,3,6,6,5,3,2,8,4,11,5,7,6,6,5,6,2,3,3,8,0,12,0,2,5,0,2,1,3,4,5,2,1,4,5,3,3,11,7,4,0,10,6,3,10,4,4
1593,4,4,0,0,5,7,3,3,12,2,3,0,3,9,4,8,8,11,0,3,4,5,6,0,6,2,0,12,3,5,1,6,5,7,5,1,1,4,0,6,8,1,0,3,3,3,4,10,9,3,3,6,6,5,3,2,8,4,11,5,7,6,6,5,6,2,3,3,8,0,12,0,2,5,0,2,1,3,4,5,2,1,4,5,3,3,11,7,4,0,10,6,3,10,4,4
1594,4,5,0,0,5,7,3,3,12,2,3,0,3,9,4,8,8,11,0,3,4,5,6,0,6,2,0,12,3,5,1,6,5,7,5,1,1,4,0,6,8,1,0,3,3,3,4,10,9,3,3,6,6,5,3,2,8,4,11,5,7,6,6,5,6,2,4,3,8,0,12,0,2,5,0,2,1,3,4,5,2,1,4,5,3,3,11,8,4,0,10,6,3,10,4,4
1595,4,5,0,0,5,7,3,3,12,2,3,0,3,9,4,9,8,11,0,3,4,5,6,0,6,2,0,12,3,5,1,6,5,7,5,1,1,4,0,6,9,1,0,3,3,3,4,10,9,3,3,6,6,5,3,2,9,4,11,5,7,6,6,5,6,2,4,3,9,0,12,0,2,5,0,2,1,3,4,5,3,1,4,5,3,3,11,8,4,0,10,6,3,10,4,4
1596,4,5,0,0,5,8,3,3,12,2,6,0,3,9,4,9,8,11,0,3,4,5,6,0,6,2,0,12,3,5,1,6,5,8,5,1,1,4,0,6,9,1,0,3,3,3,4,10,9,3,3,6,6,5,3,2,9,4,11,5,7,6,6,5,6,2,4,3,9,0,12,0,2,5,0,2,1,3,4,5,3,1,4,5,3,3,11,8,4,0,10,6,4,10,4,4
1597,4,5,0,0,5,8,3,3,12,2,6,0,3,9,4,9,8,11,0,3,4,5,6,0,6,2,0,12,3,5,1,6,5,8,5,1,1,4,0,6,9,1,0,3,3,3,4,11,9,3,3,6,6,5,3,2,9,4,11,5,7,6,6,5,6,2,4,3,9,0,12,0,2,5,0,2,1,3,4,5,3,1,4,5,3,3,11,8,4,0,10,6,4,10,4,4
1598,4,5,0,0,5,8,3,3,12,2,6,0,3,9,4,9,8,11,0,3,4,5,6,0,6,2,0,12,3,5,1,6,5,8,5,1,1,4,0,6,9,1,0,3,3,3,4,11,9,3,3,6,6,5,3,2,9,5,11,5,7,6,6,5,6,2,4,3,9,0,12,0,2,5,0,2,1,3,5,5,3,1,4,5,3,3,11,8,4,0,10,7,4,10,4,4
1599,4,5,0,0,5,8,3,3,12,2,6,0,3,9,4,9,8,12,0,3,4,5,6,0,6,2,0,12,3,5,1,6,5,8,5,1,1,4,0,6,9,1,0,3,3,3,4,11,9,3,3,6,6,5,3,2,9,5,11,5,7,6,6,5,6,2,4,3,9,0,12,0,2,5,0,2,1,3,5,5,3,1,4,5,3,3,11,8,4,0,10,7,4,10,4,4
1600,4,5,0,0,5,8,3,4,12,2,6,0,3,9,4,9,8,12,0,3,4,5,6,0,6,2,0,12,3,5,1,6,5,8,5,1,1,4,0,6,9,1,0,3,3,3,4,11,9,3,3,6,6,5,3,2,9,5,11,5,7,6,6,5,6,2,4,3,9,0,12,0,2,5,0,2,1,3,5,5,3,1,4,5,3,3,11,8,4,0,10,7,4,10,4,4
1601,4,5,0,0,5,8,3,4,12,2,6,0,3,9,4,9,8,12,0,3,4,5,6,0,6,2,0,12,3,5,1,6,5,8,5,2,1,4,0,6,9,1,0,3,3,3,4,11,10,3,3,6,6,5,3,2,9,5,11,5,7,6,6,5,6,2,4,3,9,0,12,0,2,6,0,2,1,3,5,5,3,1,4,5,3,3,11,8,4,0,10,7,4,10,4,4
1602,4,5,0,0,5,8,3,4,12,2,6,0,3,9,4,9,8,12,0,3,4,5,6,0,6,2,0,12,3,5,1,6,5,8,5,2,1,4,0,6,9,1,0,3,3,3,4,11,10,3,3,6,6,5,3,2,9,5,11,5,7,6,6,5,6,2,4,3,9,0,12,0,2,6,0,2,1,3,5,5,3,1,4,5,3,3,11,8,4,0,10,7,4,10,4,4
1603,4,5,0,0,5,8,3,4,12,2,6,0,3,9,4,9,8,12,0,3,4,5,6,0,6,2,0,12,3,5,1,6,5,8,5,2,1,4,0,6,9,1,0,3,3,3,4,11,10,3,3,6,6,5,3,2,9,5,11,5,7,6,6,5,6,2,4,3,9,0,12,0,2,6,0,2,1,3,5,5,3,1,4,5,3,3,11,8,4,0,10,7,4,10,4,4
1604,4,5,0,0,5,8,3,4,12,2,6,0,3,9,4,9,8,12,0,3,4,5,6,0,6,2,0,12,3,5,1,6,5,8,5,2,1,4,0,6,9,1,0,3,3,3,4,11,11,3,3,6,6,5,3,2,9,5,11,5,7,6,6,5,6,2,4,3,9,0,12,0,2,6,0,2,1,3,5,5,3,1,4,5,3,3,11,8,4,0,10,7,4,10,4,4
1605,4,5,0,0,5,8,3,4,12,2,6,0,3,9,4,9,8,12,0,3,4,5,6,0,6,2,0,12,3,5,1,6,5,8,5,2,1,4,0,6,9,1,0,3,3,3,4,11,11,3,3,6,6,5,3,2,9,5,11,5,7,6,6,5,6,2,4,3,9,0,12,0,2,6,0,2,1,3,5,5,3,1,4,5,3,3,12,8,4,0,10,7,4,10,4,4
1606,4,5,0,0,5,8,3,4,12,2,6,0,3,9,4,9,8,12,0,3,4,5,6,0,6,2,0,12,3,5,1,6,5,8,5,2,1,4,0,6,9,1,0,3,3,3,4,11,11,3,3,6,6,5,4,2,9,5,11,5,7,6,6,5,6,2,4,3,9,0,12,0,2,6,0,2,1,3,5,5,3,1,4,5,3,3,12,8,4,0,10,7,4,10,4,4
1607,4,5,0,0,5,8,3,4,12,2,6,0,3,9,4,9,8,12,0,3,4,5,6,0,6,2,0,12,3,5,1,6,5,9,5,3,1,4,0,6,9,1,0,3,3,3,4,11,11,4,3,6,6,5,4,2,9,6,11,5,7,6,6,5,6,2,4,3,9,0,12,0,2,6,0,2,1,3,6,5,3,1,4,5,3,3,12,8,4,0,11,7,4,10,4,4
1608,4,5,0,0,5,8,3,4,12,2,6,0,3,9,4,9,8,12,0,3,4,5,6,0,6,2,0,12,3,5,1,6,5,9,5,3,1,4,0,6,9,1,0,3,3,3,4,11,11,4,3,6,6,5,4,2,9,6,11,5,7,6,6,5,6,2,4,3,9,0,12,0,2,6,0,2,1,3,6,5,3,1,4,5,3,3,12,8,4,0,11,7,4,10,4,4
1609,4,5,0,0,5,8,3,4,12,2,6,0,3,9,4,9,8,12,0,3,4,6,6,0,6,2,0,12,3,5,1,6,5,9,5,3,1,4,0,6,9,1,0,3,3,3,4,11,11,4,3,6,6,5,4,2,9,6,11,5,7,6,6,5,6,2,4,3,9,0,12,0,2,6,0,2,1,3,6,5,3,1,4,5,3,3,12,8,4,0,11,7,4,10,4,4
1610,4,5,0,0,5,8,3,4,12,2,6,0,3,9,4,9,8,12,0,3,4,6,6,0,6,3,0,12,3,5,1,6,5,9,5,3,1,4,0,6,9,1,0,3,3,3,4,11,11,4,3,6,6,5,4,2,9,6,11,5,7,6,6,5,6,2,4,3,9,0,13,0,2,6,0,2,1,3,6,5,3,1,4,5,3,3,12,8,4,0,11,7,4,10,4,5
1611,4,5,0,0,5,8,3,4,13,2,6,0,3,9,4,9,8,12,0,3,4,6,6,0,6,3,0,12,3,5,1,6,5,9,5,3,1,4,0,6,9,1,0,3,3,3,4,11,11,4,3,6,6,5,4,2,9,6,11,5,7,6,6,5,6,2,4,3,9,0,13,0,2,6,0,2,1,3,6,5,3,1,4,5,3,3,12,8,4,0,11,7,4,10,4,5
1612,4,5,0,0,5,8,3,4,13,2,6,0,3,9,4,9,8,12,0,3,4,6,6,0,6,3,0,12,3,5,1,6,5,9,5,3,1,4,0,6,9,1,0,3,3,3,4,11,12,4,3,6,6,5,4,2,9,6,11,5,7,6,6,5,6,2,4,3,9,0,13,0,2,6,0,2,1,3,6,5,3,1,4,5,3,3,12,9,4,0,11,7,4,10,4,5
1613,4,5,0,0,5,8,3,4,13,2,6,0,3,9,4,9,8,12,0,3,4,6,6,0,6,3,0,12,3,5,1,6,5,9,5,3,1,4,0,6,9,1,0,3,3,3,4,11,12,4,3,6,6,5,4,2,9,6,11,5,7,6,6,5,6,2,4,3,9,0,13,0,2,6,0,2,1,3,6,5,3,1,4,5,3,3,12,9,4,0,11,7,4,10,4,5
1614,4,5,0,0,5,8,3,4,13,2,6,0,3,9,4,9,8,12,0,3,4,6,6,0,6,3,0,12,3,5,1,6,5,9,5,3,1,4,0,6,9,1,0,3,3,3,4,11,12,4,3,6,6,5,4,2,10,6,11,5,7,6,6,5,6,2,4,3,9,0,13,0,2,6,0,2,1,3,6,5,3,1,4,5,3,3,12,9,4,0,11,7,4,10,4,5
1615,4,5,0,0,5,8,3,4,13,2,6,0,3,9,4,9,8,12,0,3,4,6,6,0,6,3,0,12,3,5,1,6,5,10,5,3,1,4,0,6,9,1,0,3,3,3,4,11,13,4,3,6,6,5,4,2,10,6,11,5,7,7,6,5,6,2,4,3,9,0,13,0,2,6,0,2,1,3,6,5,3,1,5,5,3,3,13,9,4,0,11,8,4,10,4,5
1616,4,5,0,0,5,8,3,4,13,2,6,0,3,9,4,9,8,12,0,3,4,6,6,0,6,3,0,12,3,5,1,6,5,10,5,3,1,4,0,6,9,1,0,3,3,3,4,11,13,4,3,6,6,5,4,3,10,6,11,5,7,7,6,5,6,2,4,3,9,0,13,0,2,6,0,2,1,3,6,5,3,1,5,5,3,3,13,9,4,0,11,9,4,10,4,5
1617,4,5,0,0,5,8,3,4,13,2,6,0,3,9,4,9,9,12,0,3,4,6,6,0,6,3,0,12,3,5,1,6,5,10,5,3,1,4,0,6,9,1,0,3,3,3,5,11,13,4,3,6,6,5,4,3,10,6,11,5,7,7,6,5,6,2,4,3,9,0,13,0,2,6,0,2,1,3,6,5,3,1,6,5,3,3,13,9,4,0,11,9,4,10,4,5
1618,4,5,0,0,5,8,3,4,13,2,6,0,3,9,4,9,9,12,0,3,4,6,6,0,6,3,0,12,3,5,1,6,5,10,5,3,1,4,0,6,9,1,0,3,3,3,5,11,13,4,3,6,7,5,4,3,10,6,11,5,7,7,6,5,6,2,4,3,9,0,13,0,2,6,0,2,1,3,6,5,3,1,6,5,3,3,13,9,4,0,11,9,4,10,5,5
1619,4,5,0,0,5,8,3,4,13,2,6,0,3,9,4,9,9,13,0,3,4,6,6,0,6,3,0,12,3,5,1,6,5,10,5,3,1,4,0,6,9,1,0,3,3,3,5,11,13,4,3,6,7,5,4,3,10,6,11,5,7,7,6,6,7,2,4,3,9,0,13,0,2,6,0,2,1,3,8,5,3,1,6,5,3,3,13,9,4,0,11,9,4,10,5,5
1620,4,5,0,0,5,9,3,4,13,2,6,0,3,9,4,9,9,13,0,4,4,6,6,0,6,3,0,12,3,5,1,6,5,10,5,3,1,4,0,6,9,1,0,3,3,3,5,11,13,4,3,7,7,5,4,3,10,6,11,5,7,7,6,6,8,2,5,3,9,0,13,0,2,6,0,2,1,3,8,5,3,1,6,5,3,3,13,9,4,0,11,9,4,10,5,5
1621,4,5,0,0,5,9,3,4,13,2,6,0,3,9,4,9,9,13,0,4,4,6,6,0,6,3,0,13,3,5,1,6,5,10,5,3,1,4,0,6,9,1,0,3,3,3,5,11,13,4,3,7,7,5,4,3,10,6,11,5,7,7,6,6,8,2,5,3,9,0,13,0,2,6,0,2,1,3,8,5,3,1,6,5,3,3,13,9,4,0,11,9,4,10,5,5
1622,4,5,0,0,5,9,3,4,13,2,6,0,3,9,4,9,9,13,0,4,4,6,6,0,6,3,0,13,3,5,1,6,5,10,5,3,1,4,0,6,9,1,0,3,3,3,5,11,13,4,3,7,7,5,4,3,10,6,11,5,7,7,6,6,8,2,5,3,9,0,13,0,2,6,0,2,1,3,8,5,3,1,6,5,3,3,13,9,4,0,11,9,4,10,5,5
1623,4,5,0,0,5,9,3,4,13,2,6,0,3,9,4,9,9,13,0,4,4,6,6,0,6,3,0,13,3,5,1,6,5,11,5,3,1,4,0,6,9,1,0,3,3,3,5,11,13,4,3,7,7,5,4,4,10,6,11,5,7,7,6,6,8,3,5,3,9,0,13,0,2,7,0,2,1,3,8,5,3,1,6,5,3,3,13,9,4,0,11,9,4,10,5,5
1624,4,5,0,0,5,9,3,4,13,2,6,0,3,9,4,9,9,13,0,4,4,6,6,0,6,3,0,13,3,5,1,6,5,11,5,3,1,4,0,6,9,1,0,3,3,3,5,11,13,4,3,7,7,5,4,4,10,6,11,5,7,7,6,6,8,3,5,3,9,0,13,0,2,7,0,2,1,3,8,5,3,1,6,5,3,3,13,9,4,0,11,9,4,10,5,5
1625,4,5,0,0,5,10,3,4,13,2,6,0,3,9,4,9,9,13,0,4,4,6,6,0,6,3,0,14,3,5,1,6,5,11,5,3,1,4,0,6,9,1,0,3,3,3,5,11,13,4,3,7,7,5,4,4,10,6,11,5,7,7,7,6,8,3,5,3,9,0,13,0,2,7,0,2,1,3,8,5,3,1,6,5,3,3,13,9,4,0,12,9,4,10,5,5
1626,4,5,0,0,5,10,4,4,13,2,6,0,3,9,4,9,9,13,0,4,4,6,6,0,7,3,0,14,3,5,1,6,5,11,5,4,1,4,0,6,9,1,0,3,3,3,5,11,13,4,3,7,7,5,4,4,10,6,11,5,7,7,7,6,9,3,5,3,9,0,13,0,2,7,0,2,1,3,8,5,3,1,6,5,3,3,13,9,4,0,13,9,4,10,5,5
1627,4,5,0,0,5,10,4,4,13,2,6,0,3,9,4,9,9,13,0,4,4,6,6,0,7,3,0,14,3,5,1,6,5,11,5,4,1,4,0,6,9,1,0,3,3,3,5,11,13,4,3,7,7,5,4,4,10,6,11,5,7,7,7,7,9,3,5,3,9,0,13,0,2,7,0,2,1,3,8,5,3,1,6,5,3,3,14,9,4,0,13,9,4,10,6,5
1628,4,5,0,0,5,10,4,4,13,2,6,0,3,9,4,9,9,13,0,4,4,6,6,0,7,3,0,14,3,5,1,6,5,11,5,4,1,4,0,6,9,1,0,3,3,3,5,11,13,4,3,7,7,5,4,4,10,6,11,6,7,7,7,7,9,3,5,3,9,0,13,0,2,7,0,2,1,3,8,5,3,1,6,5,3,3,14,10,4,0,13,9,4,10,6,5
1629,4,5,0,0,5,11,4,4,13,2,6,0,3,9,4,9,9,13,0,4,4,6,6,0,7,3,0,14,3,5,2,6,5,11,5,4,1,4,0,6,9,1,0,3,3,3,5,11,13,4,3,7,7,5,4,4,10,6,11,6,7,7,7,7,9,3,5,3,9,0,13,0,2,7,0,2,1,3,8,5,3,1,6,5,3,3,14,10,4,0,13,9,4,11,6,5
1630,4,5,0,0,5,11,4,4,13,2,6,0,3,9,4,9,9,13,0,4,4,6,6,0,7,3,0,14,3,5,2,6,6,11,5,4,1,4,0,6,9,1,0,3,3,3,5,11,13,4,3,7,7,5,4,4,10,6,11,6,7,7,7,7,9,3,5,3,9,0,13,0,2,7,0,2,1,3,8,5,3,1,6,5,3,3,14,10,4,0,13,9,4,11,6,5
1631,4,5,0,0,5,11,4,4,13,2,6,0,3,9,4,9,9,13,0,4,4,6,6,0,7,3,0,14,3,5,2,6,6,11,5,4,1,4,0,6,9,1,0,3,3,3,5,11,13,4,3,7,7,5,4,4,10,6,11,6,7,7,7,7,9,3,5,3,9,0,13,0,2,7,0,2,1,3,8,5,3,1,6,5,3,3,14,10,4,0,13,9,4,11,6,5
1632,4,5,0,0,5,11,4,4,13,2,6,0,3,9,4,9,9,13,0,4,5,6,6,0,7,3,0,14,3,5,2,6,6,11,5,4,1,4,0,6,10,1,0,3,3,3,5,11,13,4,3,7,7,5,5,4,10,6,11,6,7,7,7,7,9,3,5,3,9,0,13,0,2,7,0,2,1,3,8,5,3,1,6,5,3,3,14,10,4,0,13,9,4,12,6,5
1633,4,5,0,0,5,11,4,4,13,2,6,0,3,9,4,9,9,13,0,4,5,6,6,0,7,3,0,14,3,5,2,6,6,11,5,4,1,4,0,6,10,1,0,3,3,3,5,11,13,4,3,7,7,5,5,4,10,6,11,6,7,7,7,7,9,3,5,3,9,0,13,0,2,7,0,2,1,3,8,5,3,1,6,5,3,3,14,10,4,0,13,9,4,12,6,5
1634,4,5,0,0,5,11,4,4,13,2,6,0,3,9,4,9,9,13,0,4,5,6,6,0,7,3,0,14,3,5,2,6,6,11,5,4,1,4,0,6,10,1,0,3,3,3,5,11,13,4,3,7,7,5,5,4,10,6,11,6,7,7,7,7,9,3,5,3,9,0,13,0,2,7,0,2,1,3,8,5,3,1,6,5,3,3,14,10,4,0,13,9,4,12,6,5
1635,4,5,0,0,6,11,4,4,13,2,6,0,3,9,4,9,9,13,0,4,5,6,6,0,7,3,0,14,3,5,2,6,6,11,5,4,1,4,0,6,10,1,0,3,3,3,5,11,13,4,3,7,7,5,5,4,10,6,11,6,7,7,7,7,9,3,5,3,9,0,13,0,2,7,0,2,1,3,8,5,3,1,6,5,3,3,14,10,5,0,13,9,4,12,6,5
1636,4,5,0,0,6,11,4,4,13,2,6,0,3,9,4,9,9,13,0,4,5,6,6,0,7,3,0,14,3,5,2,6,6,11,5,4,1,4,0,6,10,1,0,4,3,3,5,11,13,4,3,7,7,5,5,4,10,6,11,6,7,7,7,7,9,4,5,3,9,0,13,0,2,7,0,2,1,3,8,5,3,1,6,5,3,3,15,11,5,0,13,9,4,12,6,5
1637,4,5,0,0,6,12,4,4,13,2,6,0,3,9,4,9,9,13,0,4,5,6,6,0,7,3,0,14,3,6,2,6,6,11,5,4,1,4,0,6,10,1,0,4,3,3,5,12,13,4,3,7,7,5,5,4,10,6,11,6,7,7,7,7,9,4,5,3,9,0,13,0,2,7,0,2,1,3,8,5,3,1,6,5,3,3,15,11,5,0,14,9,4,12,6,5
1638,4,5,0,0,6,12,4,4,13,2,6,0,3,9,4,9,9,13,0,4,5,6,6,0,7,3,0,14,3,6,2,6,6,11,5,4,1,4,0,6,10,1,0,4,3,3,5,12,13,4,3,7,7,5,5,4,10,6,11,6,7,7,7,7,9,4,5,3,9,0,13,0,2,7,0,2,1,3,8,5,3,1,6,5,3,3,15,11,5,0,14,9,4,12,6,5
1639,4,5,0,0,6,12,4,4,13,2,6,0,3,9,4,9,9,13,0,4,5,6,6,0,7,3,0,14,3,6,2,6,6,11,5,4,1,4,0,6,10,2,0,4,3,3,5,12,13,4,3,7,7,5,5,4,10,6,11,6,7,7,7,7,9,4,5,3,9,0,13,0,2,7,0,2,1,3,8,5,3,1,7,5,3,3,15,11,5,0,14,9,4,12,6,5
1640,4,5,0,0,6,12,4,4,13,2,6,0,3,9,4,9,9,13,0,4,5,6,6,0,7,3,0,14,3,6,2,6,6,12,5,4,1,4,0,6,10,2,0,4,3,3,5,12,13,4,3,7,7,5,5,4,10,6,11,6,7,7,7,7,9,4,5,3,9,0,13,0,2,7,0,2,1,3,8,5,3,1,8,5,3,3,15,11,5,0,14,9,4,12,6,5
1641,4,5,0,0,6,12,4,4,13,2,6,0,4,9,4,9,9,13,0,5,5,6,6,0,7,3,0,14,3,6,2,6,6,13,5,4,1,4,0,6,10,2,0,4,3,3,5,12,13,4,3,7,7,5,5,4,10,6,11,6,7,7,7,7,9,4,5,3,9,0,13,0,2,7,0,2,1,3,8,5,3,1,8,5,3,3,15,11,5,0,14,9,4,12,6,5
1642,4,5,0,0,6,12,4,4,13,2,6,0,4,9,4,9,9,13,0,5,5,6,6,0,7,3,0,14,4,6,2,6,6,13,5,4,1,4,0,6,10,2,0,4,3,3,5,12,13,4,3,7,7,5,5,4,11,6,11,6,7,7,7,7,9,4,5,3,9,0,13,0,2,7,0,2,1,3,8,5,3,1,8,5,3,3,15,11,5,0,14,9,4,12,6,5
1643,4,5,0,0,6,12,4,4,13,2,6,0,4,9,4,9,9,13,0,5,5,6,6,0,7,3,0,14,4,6,2,6,6,13,5,4,1,4,0,6,10,2,0,4,3,3,5,12,13,4,3,7,7,5,5,4,11,6,11,6,7,7,7,7,9,4,5,4,9,0,13,0,2,7,0,2,1,3,8,5,3,1,8,5,3,3,15,11,5,0,14,9,4,12,6,5
1644,4,5,0,0,6,12,4,4,13,2,6,0,4,9,4,10,9,13,0,5,5,6,6,0,7,3,0,14,4,6,2,6,6,13,5,4,1,4,0,6,10,2,0,4,3,3,5,12,13,4,3,7,8,5,5,4,11,6,11,6,7,7,7,8,10,4,5,4,9,0,13,0,2,7,0,2,1,3,8,5,3,1,8,5,3,3,15,11,5,0,14,9,4,12,6,5
1645,4,5,0,0,6,12,4,4,13,2,6,0,4,9,4,10,9,13,0,5,5,6,6,0,7,3,0,14,4,6,2,6,6,13,5,4,1,4,0,6,10,2,0,4,3,3,5,12,13,4,3,7,8,5,5,4,11,6,12,6,7,7,7,8,10,4,5,4,9,0,13,0,2,7,0,2,1,3,8,5,3,1,8,5,3,3,15,11,5,0,14,9,4,12,6,5
1646,4,5,0,0,6,12,4,4,13,2,6,0,4,9,4,10,9,13,0,5,5,6,6,0,7,3,0,14,4,6,2,6,6,13,5,4,1,4,0,6,10,2,0,4,3,3,5,12,13,4,3,7,8,5,5,4,11,6,12,6,7,7,7,8,10,4,5,4,9,0,13,0,2,7,0,3,1,3,8,5,3,1,8,5,3,3,15,11,5,0,15,9,4,12,6,5
1647,4,5,0,0,6,12,4,4,13,2,6,0,4,9,4,10,9,13,0,5,5,6,6,0,7,3,0,14,4,6,2,6,6,13,5,4,1,4,0,6,10,2,0,4,3,3,5,12,13,4,3,7,8,5,5,4,11,6,12,6,7,7,7,8,10,4,6,4,9,0,13,0,2,7,0,3,1,3,8,5,3,1,8,5,3,3,15,11,5,0,15,9,4,12,6,5
1648,4,5,0,0,6,12,4,4,13,2,6,0,4,9,4,10,9,13,0,5,5,6,6,0,7,3,0,14,4,6,2,6,6,13,5,4,1,4,0,6,10,2,0,4,3,3,5,12,13,4,3,7,8,5,5,4,11,6,12,6,7,7,7,8,10,4,6,4,9,0,13,0,2,7,0,3,1,3,8,6,3,1,8,5,3,3,15,12,5,0,15,9,4,12,6,5
1649,4,5,0,0,6,12,4,4,13,2,6,0,4,9,4,11,9,13,0,5,5,6,6,0,7,3,0,14,4,6,2,6,6,13,5,4,1,4,0,6,11,2,0,4,3,3,5,12,13,4,3,7,8,5,5,4,11,6,12,6,7,7,7,8,10,4,6,4,9,0,13,0,2,7,0,3,1,3,8,6,3,1,8,5,3,3,15,12,5,0,15,9,4,12,6,5
1650,4,5,0,0,7,12,4,4,13,2,6,0,4,9,4,11,9,13,0,5,5,6,6,0,7,3,0,14,4,6,2,6,6,13,5,4,1,4,0,6,11,2,0,4,3,3,5,12,13,4,3,7,8,5,5,4,11,6,12,6,7,7,7,8,10,4,6,4,9,0,13,0,2,7,0,3,1,3,8,6,3,1,8,5,3,3,15,12,5,0,15,9,4,12,6,6
1651,4,5,0,0,7,12,4,4,13,2,6,0,4,9,4,11,9,13,0,5,5,6,6,0,7,3,0,14,4,6,2,6,6,13,5,4,1,4,0,6,11,2,0,4,3,3,5,12,13,4,3,7,8,5,5,4,11,6,12,6,7,7,7,8,10,4,6,4,9,0,13,0,2,7,0,3,1,3,8,6,3,1,8,5,3,3,15,12,5,0,15,9,4,12,6,6
1652,4,5,0,0,7,12,4,4,13,2,6,0,4,9,4,11,9,13,0,5,5,6,6,0,7,4,0,14,4,6,2,6,8,13,5,4,1,4,0,6,11,2,0,4,3,3,5,12,13,4,3,7,8,5,5,4,11,6,12,6,7,7,7,8,10,4,6,4,9,0,13,0,2,7,0,3,1,3,8,6,3,1,8,5,3,3,15,12,5,0,15,9,4,12,6,6
1653,4,5,0,0,7,12,4,4,13,2,6,0,4,9,4,12,9,13,0,5,5,6,6,0,7,4,0,14,4,6,2,6,8,13,5,4,1,4,0,6,11,2,0,4,3,3,5,12,13,5,3,7,8,5,5,4,11,6,12,6,7,7,7,8,10,4,6,4,9,0,13,0,2,7,0,3,1,3,8,6,3,1,8,5,3,3,15,12,5,0,15,9,4,12,6,6
1654,4,5,0,0,7,12,4,4,13,3,6,0,4,9,4,12,9,13,0,5,5,6,6,0,7,4,0,14,4,6,2,7,8,13,5,4,1,4,0,6,11,2,0,4,3,3,5,12,13,5,3,7,8,5,5,4,11,6,12,6,7,7,7,8,10,4,6,4,9,0,13,0,2,7,0,3,1,3,8,6,3,1,8,6,3,3,15,12,5,0,15,9,4,12,6,6
1655,5,5,0,0,7,12,4,4,14,3,6,0,4,9,4,12,9,13,0,5,5,6,6,0,7,4,0,14,4,6,2,7,8,13,5,4,1,4,0,6,11,2,0,4,3,3,5,12,13,5,3,7,8,5,5,5,11,6,12,6,7,7,7,8,10,4,6,4,9,0,13,0,2,7,0,3,1,3,8,6,3,1,8,6,3,3,16,12,5,0,15,9,4,12,6,6
1656,5,5,0,0,7,12,4,4,14,3,6,0,4,9,4,12,9,13,0,5,5,6,6,0,7,4,0,14,4,6,2,7,8,13,5,4,1,4,0,6,11,2,0,4,3,3,5,12,13,5,3,7,8,5,5,5,11,6,12,6,7,7,7,8,10,4,6,4,9,0,13,0,2,7,0,3,1,3,8,6,3,1,8,6,3,3,16,12,5,0,15,9,4,12,6,6
1657,5,5,0,0,7,12,4,4,14,3,6,0,4,9,4,12,9,13,0,5,5,6,6,0,7,4,0,14,4,6,2,7,8,13,5,4,1,4,0,6,11,2,0,4,3,3,5,12,13,5,3,7,8,5,5,5,11,6,12,6,7,7,7,8,10,4,6,4,9,0,13,0,2,7,0,3,1,3,8,6,3,1,8,6,3,3,16,12,5,0,16,9,4,12,7,6
1658,5,5,0,0,7,12,5,5,14,3,6,0,4,9,4,12,9,13,0,5,5,6,6,0,7,4,0,14,4,6,2,7,8,13,5,4,1,4,0,6,11,2,0,4,3,3,5,12,13,5,3,7,8,5,5,5,11,6,12,6,7,7,7,8,10,4,6,4,9,0,13,0,2,7,0,3,1,3,8,6,3,1,8,6,3,3,16,12,5,0,16,9,4,12,7,6
1659,5,5,0,0,7,12,5,5,14,3,6,0,4,9,4,12,9,13,0,5,5,6,6,0,7,4,0,14,4,6,2,7,8,13,5,4,1,4,0,6,11,2,0,4,3,3,5,12,13,5,3,7,8,5,5,5,11,6,12,6,7,7,7,8,10,4,6,4,9,0,13,0,2,7,0,3,1,3,8,6,3,1,8,6,3,3,16,12,5,0,16,9,4,12,7,6
1660,5,5,0,0,7,12,5,5,14,3,6,0,4,9,4,12,9,13,0,5,5,6,6,0,7,4,0,14,4,6,2,7,8,13,5,4,1,4,0,6,11,2,0,4,3,3,5,12,13,5,3,8,8,5,5,5,12,6,12,6,7,7,7,8,10,4,6,4,9,0,13,0,2,7,0,3,1,3,8,6,3,1,8,6,3,3,16,12,5,0,16,9,4,12,7,6
1661,5,5,0,0,7,12,5,5,14,3,6,0,4,9,4,12,9,13,0,5,5,6,6,0,7,4,0,14,4,6,2,7,8,13,5,4,1,4,0,6,11,2,0,4,3,3,5,12,13,5,3,8,8,5,5,5,12,6,12,6,7,7,7,8,10,4,6,4,9,0,13,0,2,7,0,3,1,3,8,6,3,1,8,6,3,3,16,12,5,0,16,9,4,12,7,6
1662,5,5,0,0,7,12,5,5,14,3,6,0,4,9,4,12,9,14,0,5,5,6,6,0,7,4,0,14,4,6,2,7,8,13,5,4,1,4,0,6,11,2,0,4,3,3,5,12,13,5,3,8,9,5,5,5,12,6,12,6,7,8,7,8,10,4,6,4,9,0,13,0,2,7,0,3,1,3,9,6,3,1,8,6,3,3,16,12,5,0,16,9,4,12,7,6
1663,5,5,0,0,7,13,5,5,14,3,6,0,4,9,4,12,9,14,0,5,5,6,6,0,7,4,0,14,4,6,2,7,8,13,5,4,1,4,0,6,11,2,0,4,3,3,5,12,13,5,3,8,9,5,5,5,12,6,12,6,7,8,7,8,10,4,6,4,9,0,13,0,2,7,0,3,1,3,9,6,3,1,8,6,3,3,16,12,5,0,16,9,4,12,7,6
1664,5,5,0,0,7,14,5,5,14,3,6,0,4,9,4,12,9,14,0,5,5,6,6,0,7,4,0,14,4,6,2,7,8,13,5,4,1,4,0,6,11,2,0,4,3,3,5,12,13,5,3,8,9,5,6,5,12,6,12,6,7,8,7,8,10,4,6,4,9,0,13,0,2,7,0,3,2,3,9,6,3,1,8,6,3,3,16,12,5,0,16,9,4,12,7,6
1665,5,5,0,0,7,14,5,5,14,3,6,0,4,9,4,12,9,14,0,5,5,6,6,0,7,4,0,14,4,6,2,7,8,13,5,4,1,4,0,6,11,2,0,4,3,3,5,12,13,5,3,8,9,5,6,5,12,6,12,6,7,8,7,8,10,4,6,4,9,0,13,0,2,7,0,3,2,3,9,6,3,1,8,6,3,3,16,12,5,0,16,9,4,12,7,6
1666,5,5,0,0,7,14,6,5,14,3,6,0,4,9,4,12,9,14,0,5,5,6,6,0,7,4,0,14,4,6,2,7,8,13,5,4,1,4,0,6,11,2,0,4,3,3,5,12,13,5,3,8,9,5,6,5,12,6,12,6,7,8,7,8,10,4,6,4,9,0,13,0,2,7,0,3,2,3,9,6,3,1,8,6,3,3,16,13,5,0,16,9,4,12,7,6
1667,5,5,0,0,7,14,6,5,14,3,6,0,4,9,4,12,9,14,0,5,5,6,6,0,7,4,0,14,4,6,2,7,8,13,5,4,1,4,0,6,11,2,0,4,3,3,5,12,13,5,3,8,9,5,6,5,12,6,12,6,7,8,7,8,10,4,6,4,9,0,13,0,2,7,0,3,2,3,9,6,3,1,8,6,3,3,16,13,5,0,16,9,4,12,7,6
1668,5,5,0,0,7,14,6,5,14,3,6,0,4,9,4,12,9,14,0,5,6,6,6,0,7,4,0,14,4,6,2,7,8,13,5,4,1,4,0,6,11,2,0,4,3,3,5,12,13,5,3,8,9,5,6,5,12,6,12,6,7,8,7,8,10,4,6,4,9,0,13,0,2,7,0,3,2,3,9,6,3,1,8,6,3,3,16,13,5,0,16,9,4,12,7,6
1669,5,5,0,0,7,14,6,5,14,3,6,0,5,9,4,12,9,14,0,5,6,6,6,0,7,4,0,14,4,7,2,7,8,13,5,4,1,4,0,6,11,2,0,4,3,3,5,12,13,5,3,8,9,5,6,5,12,6,12,6,7,8,7,8,10,4,6,4,9,0,13,0,2,7,0,3,2,3,9,6,3,1,8,6,3,3,16,13,5,0,16,9,4,12,7,6
1670,5,5,0,0,7,14,6,5,14,3,7,0,5,9,4,12,9,15,0,5,6,6,6,0,7,4,0,14,4,7,2,7,8,13,5,4,2,4,0,6,11,2,0,4,3,3,5,12,13,6,3,8,9,5,6,5,12,6,12,6,7,8,7,8,11,4,6,4,9,0,13,0,2,7,0,3,2,3,9,6,3,1,8,6,3,3,16,13,5,0,16,9,4,12,7,6
1671,5,5,0,0,7,14,6,5,14,3,7,0,5,9,4,12,9,15,0,5,6,6,6,0,8,4,0,14,4,7,2,7,8,13,5,4,2,4,0,6,11,2,0,4,3,3,5,12,13,6,4,8,9,5,6,5,12,6,12,6,7,8,8,8,11,4,6,4,9,0,13,0,2,7,0,3,2,3,9,6,3,1,8,6,3,3,16,14,5,0,16,9,4,12,7,6
1672,5,5,0,0,7,14,6,5,14,3,7,0,5,9,4,12,9,15,0,5,6,6,6,0,9,4,0,14,4,7,2,7,8,14,5,4,3,4,0,6,11,2,0,4,3,3,5,12,13,6,4,8,9,5,6,5,12,6,12,6,7,8,8,8,11,4,6,4,9,0,13,0,2,7,0,3,2,3,9,7,3,1,8,6,3,3,16,14,5,0,16,9,4,12,7,6
1673,5,5,0,0,7,14,6,5,14,3,7,0,5,9,4,12,9,15,0,5,6,6,6,0,9,4,0,14,4,7,2,7,8,14,5,4,3,4,0,6,11,2,0,4,3,3,5,12,14,6,4,8,9,5,6,5,12,6,12,6,7,8,8,8,11,4,6,4,9,0,14,0,2,7,0,3,2,3,9,7,3,1,8,6,3,3,16,14,5,0,16,9,4,12,7,6
1674,5,5,0,0,8,14,6,5,14,3,7,0,5,9,4,12,9,15,0,5,6,6,6,0,9,4,0,14,4,7,2,7,8,14,5,4,3,4,0,6,11,2,0,4,3,3,5,12,14,6,4,9,9,5,6,5,12,6,12,6,7,8,8,9,11,4,6,4,9,0,14,0,2,7,0,3,2,3,9,7,3,1,8,7,3,3,17,14,5,0,16,9,4,12,7,6
1675,5,5,0,0,8,14,6,5,14,3,7,0,5,9,4,12,9,15,0,5,6,6,6,0,9,4,0,14,4,7,2,7,8,14,5,4,3,4,0,6,11,2,0,4,3,3,5,12,14,6,4,9,9,5,6,5,12,6,12,6,7,8,8,9,11,4,6,4,9,0,14,0,2,7,0,3,2,3,9,7,3,1,8,7,3,3,17,14,5,0,16,9,5,12,7,6
1676,5,5,0,0,8,14,6,5,14,3,7,0,5,9,4,12,9,15,0,5,6,6,6,0,9,4,0,14,4,7,2,7,8,14,5,4,3,4,0,6,11,2,0,4,3,3,5,12,14,6,4,9,9,5,6,5,12,6,12,6,7,8,8,9,11,4,6,4,9,0,14,0,2,7,0,3,2,3,9,7,3,1,8,7,3,3,17,14,5,0,16,9,5,12,7,6
1677,5,5,0,0,8,14,6,5,14,3,7,0,5,9,4,12,9,15,0,5,6,7,6,0,9,4,0,14,4,7,2,7,8,14,5,4,3,4,0,6,11,2,0,4,3,3,5,12,14,6,4,9,9,5,6,5,12,6,12,6,7,8,8,9,11,4,6,4,9,0,14,0,2,7,0,3,2,3,9,7,3,1,8,7,3,3,17,14,5,0,16,9,5,12,7,6
1678,5,5,0,0,8,14,6,5,14,3,7,0,5,9,4,12,9,15,0,5,6,7,6,0,9,4,0,14,4,7,2,7,8,14,5,4,3,4,0,7,11,2,0,4,3,3,5,12,15,6,4,9,10,5,6,5,12,6,12,6,7,8,8,9,11,4,6,4,9,0,14,0,2,7,0,3,2,3,9,7,3,1,8,7,3,3,17,14,5,0,16,9,5,12,7,6
1679,5,5,0,0,8,14,6,5,14,3,7,0,5,9,4,12,9,15,0,5,6,7,6,0,9,4,0,14,4,7,2,7,8,14,5,4,3,4,0,8,11,2,0,4,3,3,5,12,15,6,4,9,10,5,6,5,12,6,12,6,7,8,8,9,11,4,6,4,9,0,14,0,2,7,0,3,2,3,9,7,3,1,8,7,3,3,17,14,5,0,16,9,5,12,7,6
1680,5,5,0,0,8,14,7,5,14,3,7,0,5,9,4,12,9,15,0,5,6,7,6,0,9,4,0,15,4,7,2,7,8,14,5,4,3,4,0,8,11,2,0,4,3,3,5,12,15,6,4,9,10,5,6,5,12,6,12,6,7,8,8,9,12,4,6,4,9,0,14,0,2,7,0,3,2,3,9,7,3,1,8,7,3,3,17,14,5,0,16,9,5,12,7,6
1681,5,5,0,0,8,14,7,5,14,3,7,0,5,9,4,12,9,15,0,5,6,7,6,0,9,4,0,15,4,7,2,7,8,14,5,4,3,4,0,8,11,2,0,4,3,3,5,12,15,6,4,9,10,5,6,5,12,6,12,6,7,8,8,9,12,4,7,4,9,0,14,0,2,7,0,3,2,3,9,7,3,1,8,7,3,3,17,14,5,0,16,9,5,12,7,6
1682,5,5,0,0,8,14,7,5,14,3,7,0,5,9,4,12,9,15,0,5,6,8,6,0,9,4,0,15,4,7,2,7,8,14,5,4,3,4,0,8,11,2,0,4,3,3,5,12,15,6,4,9,10,5,6,5,12,6,12,6,7,8,8,9,12,4,7,4,9,0,14,0,2,7,0,3,2,4,9,7,3,1,8,7,3,3,17,14,5,0,16,9,5,12,7,6
1683,5,5,0,0,8,14,7,5,15,3,7,0,5,9,4,12,9,15,0,5,6,8,6,0,9,4,0,15,4,7,2,7,8,14,5,4,3,4,0,8,11,2,0,4,3,3,5,12,15,6,4,9,10,5,6,5,12,6,12,6,7,8,8,9,12,4,7,4,9,0,14,0,2,7,0,3,2,5,9,7,3,1,8,7,3,3,17,14,5,0,16,9,5,12,7,6
1684,5,5,0,0,8,14,8,5,15,3,7,0,5,9,4,12,9,15,0,5,6,8,6,0,9,4,0,15,4,7,3,7,8,14,5,4,3,4,0,8,11,2,0,4,3,3,5,12,15,6,4,9,10,6,6,5,12,6,13,6,7,8,8,9,12,4,7,4,9,0,14,0,2,7,0,3,2,5,9,7,3,1,8,7,3,3,17,14,5,0,16,9,5,12,7,6
1685,5,5,0,0,8,14,8,5,15,3,7,0,5,9,4,12,9,15,0,5,6,8,6,0,9,4,0,15,4,7,3,7,8,14,5,4,3,4,0,8,11,2,0,4,3,4,5,12,15,6,4,9,10,6,6,5,12,6,13,6,7,8,8,9,12,4,7,4,9,0,14,0,2,7,0,3,2,5,9,7,3,1,8,7,3,3,17,14,5,0,16,9,5,12,7,6
1686,5,5,0,0,8,14,8,5,15,3,7,0,6,9,4,12,9,15,0,5,6,8,6,0,9,4,0,16,4,7,3,7,8,14,5,4,3,4,0,8,11,2,0,4,3,4,5,12,15,6,4,9,10,6,6,5,12,6,13,6,7,8,8,9,12,4,7,4,9,0,14,0,2,7,0,3,2,5,9,7,3,1,8,7,3,3,17,14,5,0,16,9,5,12,7,6
1687,5,5,0,0,8,15,8,5,15,3,7,0,6,9,4,12,9,15,0,5,6,8,6,0,9,4,0,16,4,7,3,7,8,14,5,4,3,4,0,8,11,2,0,4,3,4,5,12,15,6,4,9,10,6,6,5,12,6,13,6,7,9,8,9,12,4,7,4,9,0,14,0,2,7,0,3,2,5,9,7,3,1,8,7,3,3,17,14,5,0,16,9,5,12,7,6
1688,5,5,0,0,8,15,8,5,15,3,7,0,6,9,4,12,9,15,0,5,6,8,6,0,9,4,0,16,4,7,3,7,8,14,6,4,3,4,0,8,11,2,0,4,3,4,5,12,15,6,4,9,10,6,6,5,12,6,13,6,7,10,8,9,12,4,7,4,9,0,14,0,2,7,0,3,2,5,9,7,3,1,8,7,3,3,17,14,5,0,16,9,5,12,7,6
1689,5,5,0,0,8,15,8,5,15,3,7,0,6,9,4,13,9,15,0,5,6,8,6,0,9,4,0,16,4,7,3,7,8,14,7,4,3,4,0,8,11,2,0,4,3,4,5,12,15,6,4,9,10,6,6,5,12,6,13,6,7,10,8,9,12,4,7,4,9,0,14,0,2,7,0,4,2,5,9,7,3,1,8,7,3,3,17,14,5,0,17,9,5,12,7,6
1690,5,5,0,0,8,15,8,5,15,3,7,0,6,9,4,13,9,15,0,5,6,8,6,0,10,4,0,16,4,7,3,7,8,14,8,4,3,4,0,8,11,2,0,4,3,4,5,12,15,6,4,10,10,6,6,5,12,6,13,6,7,10,8,9,12,4,7,4,9,0,14,0,2,7,0,4,2,5,9,7,3,1,8,7,3,3,17,14,5,0,18,9,5,12,7,6
1691,5,5,0,0,8,15,8,5,15,3,7,0,6,9,4,13,9,16,0,5,6,8,6,0,10,4,0,16,4,7,3,7,8,14,8,4,3,4,0,8,11,2,0,4,3,4,5,12,15,6,4,10,10,6,6,5,12,6,13,6,7,10,8,9,12,5,7,4,9,0,14,0,2,7,0,4,2,5,9,7,3,1,8,7,3,3,17,14,5,0,18,9,5,12,7,6
1692,5,5,0,0,8,15,8,5,16,3,7,0,6,9,4,13,9,16,0,5,6,9,6,0,10,4,0,16,4,7,3,7,8,14,8,4,3,4,0,8,11,2,0,4,3,4,5,12,15,7,4,10,10,6,6,5,12,6,13,6,7,10,8,9,12,5,7,4,9,0,14,0,2,7,0,4,2,5,9,7,3,1,8,7,3,3,18,14,5,0,18,9,5,12,7,7
1693,5,5,0,0,8,15,8,5,16,3,7,0,6,9,5,13,9,16,0,5,6,9,6,0,10,4,0,16,4,7,3,7,8,14,8,4,3,4,0,8,11,2,0,4,3,4,5,12,15,7,4,10,10,6,6,5,12,6,13,6,7,10,8,9,12,5,7,4,9,0,14,0,2,7,0,4,2,5,9,7,3,1,8,7,3,3,18,14,5,0,18,9,5,12,7,7
1694,5,5,0,0,8,15,8,5,16,3,7,0,6,9,5,13,9,16,0,5,6,9,6,0,10,4,0,16,4,7,3,7,8,14,8,4,3,4,0,8,11,2,0,4,3,4,5,12,15,7,4,10,10,6,6,5,12,6,13,6,7,10,8,9,12,5,7,4,9,0,14,0,2,7,0,4,2,5,9,7,3,1,8,7,3,3,18,14,5,0,18,9,5,12,7,7
1695,5,5,0,0,8,15,8,5,16,3,7,0,6,9,5,13,9,16,0,5,6,9,6,0,12,4,0,16,4,7,3,7,8,14,8,4,3,5,0,8,11,2,0,4,3,4,5,12,15,7,4,11,10,7,6,5,12,6,13,6,7,10,8,9,12,5,7,4,9,0,14,0,2,7,0,4,2,5,9,7,3,1,8,7,3,3,18,14,5,0,18,9,5,12,7,7
1696,5,5,0,0,8,15,8,5,16,3,7,0,6,9,5,13,9,16,0,5,6,9,6,0,12,4,0,16,4,7,3,7,8,14,8,4,3,5,0,8,11,2,0,4,3,4,5,13,15,7,4,11,10,7,6,5,12,6,13,6,7,10,8,9,12,5,7,4,9,0,14,0,2,7,0,4,2,5,9,7,3,1,8,7,4,3,18,14,5,0,18,9,5,12,7,7
1697,5,5,0,0,8,15,8,5,16,3,7,0,6,9,5,13,9,16,0,5,6,9,6,0,12,4,0,16,4,7,3,7,8,14,8,4,3,5,0,8,11,2,0,4,3,4,5,13,15,7,4,11,10,7,6,5,12,6,13,6,7,10,8,9,12,5,7,4,9,0,14,0,2,7,0,4,2,5,9,7,3,1,8,7,4,3,19,14,5,0,18,9,5,12,7,7
1698,5,5,0,0,8,15,8,5,16,3,7,0,6,9,5,13,9,16,0,5,6,9,6,0,12,5,0,16,4,7,3,7,8,14,8,4,3,5,0,8,11,2,0,4,3,4,5,13,15,7,4,11,10,7,6,5,12,6,13,6,7,10,8,9,13,5,7,4,9,0,14,0,2,7,0,4,2,6,9,7,3,1,8,7,4,3,19,14,5,0,18,9,5,12,7,7
1699,5,5,0,0,8,15,8,5,16,3,7,0,6,9,5,13,9,16,0,5,6,9,6,0,12,5,0,16,4,7,3,8,8,14,8,4,3,5,0,8,11,2,0,4,3,4,5,13,15,7,4,11,10,7,6,5,12,6,13,6,7,10,8,10,13,5,8,4,9,0,14,0,2,7,0,4,2,6,9,7,3,1,8,7,4,3,19,14,5,0,18,9,5,12,7,7
1700,5,5,0,0,8,15,8,5,17,3,7,0,6,9,5,13,9,16,0,5,6,9,6,0,12,5,0,16,4,7,3,8,8,15,8,4,3,5,0,8,11,2,0,4,3,4,5,13,15,7,4,11,10,7,6,5,12,6,13,6,7,10,8,10,13,5,8,4,9,0,14,0,2,7,0,4,2,6,9,7,3,1,8,7,4,3,19,14,5,0,18,9,5,13,7,7
1701,5,5,0,0,8,15,8,5,17,3,7,0,6,9,5,13,9,16,0,5,6,9,6,0,12,5,0,16,4,8,3,8,8,15,8,4,3,5,0,8,11,2,0,4,3,4,5,13,15,7,4,11,10,7,6,5,12,6,13,6,7,10,8,10,13,5,8,4,9,0,14,0,2,7,0,4,2,6,9,7,3,1,8,7,4,3,19,14,5,0,18,9,5,13,7,7
1702,5,5,0,0,8,15,8,5,17,3,7,0,6,9,5,13,10,16,0,5,6,9,6,0,12,5,0,16,4,8,3,8,8,15,8,4,3,5,0,8,11,2,0,4,3,4,5,13,15,7,4,11,10,7,6,5,12,7,13,6,7,10,8,10,13,5,8,4,9,0,14,0,2,7,0,4,2,6,9,7,3,1,8,7,4,3,19,14,5,0,18,9,5,13,7,7
1703,5,5,0,0,8,15,8,5,17,3,7,0,6,9,5,13,10,16,0,5,6,9,6,0,12,5,0,16,4,8,3,8,8,15,8,4,3,5,0,8,11,2,0,4,3,4,5,13,15,7,4,11,10,7,6,5,12,7,13,6,7,10,8,10,13,5,8,4,10,0,14,0,2,7,0,4,2,6,9,7,3,1,8,7,4,3,19,14,5,0,18,9,5,13,7,7
1704,5,5,0,0,8,15,8,5,17,3,7,0,6,9,5,13,11,16,0,6,6,9,6,0,12,5,0,16,4,8,3,8,8,15,8,4,3,5,0,8,11,2,0,4,3,4,5,13,15,7,4,11,10,7,6,5,12,7,13,6,7,10,8,10,13,5,8,4,10,0,14,0,2,7,0,4,2,6,9,7,3,1,8,7,4,3,19,14,5,0,18,9,5,13,7,7
1705,5,5,0,0,9,15,8,5,17,3,7,0,6,9,5,13,11,16,0,6,6,10,6,0,12,5,0,16,4,8,3,8,8,15,8,4,3,6,0,8,11,2,0,4,3,4,5,13,15,7,5,11,10,7,6,5,12,7,13,6,7,10,8,10,13,5,8,4,10,0,14,0,2,7,0,4,2,6,9,7,3,1,8,7,4,3,19,14,5,0,18,9,5,13,7,7
1706,5,5,0,0,9,15,8,5,17,4,7,0,6,9,5,13,11,16,0,6,6,10,6,0,12,5,0,16,4,8,3,8,8,15,8,4,3,6,0,8,11,2,0,4,3,4,5,13,15,7,5,11,10,7,6,5,12,7,13,6,7,10,8,10,13,5,8,4,10,0,14,0,2,7,0,4,2,6,9,7,3,1,8,7,4,3,19,14,5,0,18,9,5,13,8,7
1707,5,5,0,0,9,15,8,5,17,4,7,0,6,9,5,13,11,16,0,6,6,10,6,0,12,5,0,16,4,8,3,8,9,15,8,4,3,6,0,8,11,2,0,4,3,4,5,13,15,7,5,11,10,7,6,5,12,7,13,6,7,10,8,10,13,5,8,4,10,0,15,0,2,7,0,4,2,6,9,7,3,1,8,7,4,3,19,14,6,0,18,9,5,13,8,7
1708,5,5,0,0,9,15,8,5,17,4,7,0,6,9,5,13,11,18,0,6,6,10,6,0,12,5,0,16,4,9,4,8,9,15,8,4,3,6,0,8,11,2,0,4,3,4,5,13,15,7,5,11,10,7,6,5,12,7,13,6,7,10,8,10,13,5,8,4,10,0,15,0,2,7,0,4,2,6,9,7,3,1,8,7,4,3,19,14,6,0,18,9,5,13,8,7
1709,5,5,0,0,9,15,8,5,17,4,7,0,6,9,5,13,11,18,0,6,6,10,6,0,12,5,0,16,4,9,4,8,9,15,8,4,3,6,0,8,11,2,0,4,3,4,5,13,15,7,5,11,10,7,6,5,12,7,13,6,7,10,8,10,13,5,8,4,10,0,15,0,2,7,0,4,2,6,9,7,3,1,8,7,4,3,19,14,6,0,18,9,5,13,8,7
1710,5,5,0,0,9,16,8,5,17,4,7,0,6,9,5,13,11,18,0,6,6,10,6,0,12,5,0,16,4,9,4,8,9,15,8,4,3,6,0,8,11,2,0,4,3,4,6,13,15,7,5,11,10,7,6,5,12,7,13,6,7,10,8,10,13,5,8,4,10,0,15,0,2,7,0,4,2,6,9,7,3,1,8,7,4,3,19,14,6,0,18,9,5,13,8,7
1711,5,5,0,0,9,16,8,5,17,4,7,0,6,9,5,13,11,18,0,6,6,10,6,0,12,5,0,16,4,9,4,8,9,15,8,4,3,6,0,8,11,2,0,4,3,4,6,13,15,7,5,11,10,7,6,5,12,8,13,6,7,10,8,10,13,5,8,4,10,0,15,0,2,7,0,4,2,6,9,7,3,1,8,7,4,3,19,14,6,0,18,9,5,13,8,7
1712,5,5,0,0,9,17,8,5,17,4,7,0,6,9,5,13,11,18,0,6,6,10,7,0,12,5,0,16,4,9,4,8,9,15,8,4,3,6,0,8,11,2,0,4,3,4,6,13,15,7,5,11,10,8,6,5,12,8,13,6,7,10,8,10,13,5,8,4,10,0,15,0,2,7,0,4,3,6,9,7,3,1,8,7,4,3,19,14,6,0,18,9,5,13,8,7
1713,5,5,0,0,9,17,8,5,17,4,7,0,6,9,5,13,11,18,0,6,6,10,7,0,12,5,0,17,4,9,4,8,9,15,8,4,3,6,0,8,11,2,0,4,3,4,6,13,15,7,5,11,10,8,6,5,12,8,13,6,7,10,8,10,13,5,8,4,10,0,15,0,2,7,0,4,3,6,9,7,3,1,8,7,4,3,19,14,6,0,18,9,5,13,9,7
1714,5,5,0,0,9,17,8,5,18,4,7,0,6,9,5,13,11,18,0,6,6,10,7,0,12,5,0,17,4,9,4,8,9,15,8,4,3,6,0,8,11,2,0,4,3,4,6,13,15,7,5,11,10,8,6,5,12,8,13,6,7,10,8,10,13,5,8,4,10,0,15,0,2,7,0,4,3,6,9,7,3,1,8,7,4,3,19,14,6,0,18,9,5,13,9,7
1715,5,5,0,0,9,17,8,5,18,4,7,0,6,9,5,13,11,18,0,6,6,10,7,0,12,5,0,17,4,9,4,8,9,15,8,4,3,6,0,8,11,2,0,4,3,4,6,13,15,7,5,11,10,8,6,5,12,8,13,6,7,11,8,10,13,5,8,4,10,0,15,0,2,7,0,4,3,6,9,7,4,1,8,7,4,3,19,14,6,0,19,9,5,13,9,7
1716,5,5,0,0,9,17,8,5,18,4,7,0,6,9,5,13,11,18,0,6,6,10,7,0,12,5,0,17,4,9,4,9,9,15,8,4,3,6,0,8,11,2,0,4,3,4,6,13,15,7,5,11,10,8,6,5,12,8,13,6,7,11,8,10,13,5,8,4,10,0,15,0,2,7,0,4,3,6,9,7,4,1,8,7,5,3,19,14,6,0,19,9,5,13,9,7
1717,5,5,0,0,9,17,8,5,18,4,7,0,6,9,5,13,11,18,0,6,6,10,7,0,12,5,0,17,5,9,4,9,9,15,8,4,3,6,0,8,11,2,0,4,3,4,6,13,15,8,5,11,10,8,6,5,12,8,13,6,7,11,8,10,13,5,8,4,10,0,15,0,2,7,0,5,3,6,9,7,5,1,8,7,5,3,19,14,6,0,19,9,5,13,9,7
1718,5,5,0,0,9,17,8,5,18,4,7,0,6,9,5,13,11,18,0,6,6,10,7,0,12,5,0,17,5,9,4,9,9,15,8,4,3,6,0,8,11,2,0,4,3,4,6,13,15,8,5,11,10,8,6,5,12,8,13,6,7,11,8,10,13,5,8,4,10,0,15,0,2,7,0,5,3,6,9,7,5,1,8,7,5,3,19,14,7,0,19,9,5,13,9,7
1719,5,5,0,0,9,17,8,5,18,4,7,0,6,9,5,13,11,18,0,6,6,10,7,0,12,5,0,17,5,9,4,9,9,15,8,4,3,6,0,8,11,2,0,4,3,5,7,13,15,8,5,11,10,8,6,6,12,8,14,6,7,11,8,10,13,5,8,4,10,0,15,0,2,7,0,5,3,6,9,7,5,1,8,7,5,3,20,14,7,0,19,9,5,13,9,7
1720,5,5,0,0,9,18,8,5,18,4,7,0,6,9,5,13,11,18,0,6,6,10,7,0,13,5,0,17,5,9,4,9,9,15,8,4,3,6,0,8,11,2,0,4,3,5,7,13,15,8,5,11,10,8,6,6,12,8,14,6,7,11,8,10,13,5,8,4,10,0,15,0,2,7,0,5,3,6,9,7,5,1,8,7,5,3,20,14,7,0,19,10,5,13,9,8
1721,5,5,0,0,9,18,8,5,18,4,7,0,6,9,5,13,11,18,0,6,6,10,7,0,13,5,0,17,5,9,4,9,9,15,8,4,3,6,0,8,11,2,0,4,3,5,7,13,15,8,5,11,10,8,6,6,12,8,14,6,7,11,8,10,13,6,8,4,10,0,15,0,2,7,0,5,3,6,9,7,5,1,8,7,5,3,20,15,7,0,19,10,5,13,9,8
1722,5,5,0,0,9,18,8,5,18,4,7,0,6,9,5,13,11,18,0,6,6,10,7,0,13,5,0,17,5,9,4,9,9,15,8,4,3,6,0,8,11,2,0,4,3,6,7,13,15,8,5,11,10,9,6,6,12,8,14,6,7,11,9,10,13,6,8,4,10,0,15,0,2,7,0,5,3,6,9,7,5,1,8,7,6,3,20,15,7,0,20,10,5,13,9,8
1723,5,5,0,0,9,19,8,5,18,4,8,0,6,9,5,13,11,18,0,6,6,10,7,0,13,5,0,17,5,9,4,9,9,15,8,4,3,6,0,8,11,2,0,4,3,6,7,13,15,8,5,11,10,9,6,6,12,8,14,6,7,11,9,10,13,6,8,4,11,0,15,0,2,7,0,5,3,7,9,7,5,1,8,7,6,3,20,15,7,0,20,10,5,13,9,8
1724,5,5,0,0,9,19,8,5,18,4,8,0,6,9,5,13,11,18,0,6,6,10,7,0,13,5,0,17,5,9,4,9,9,15,8,4,3,6,0,8,11,2,0,4,3,6,7,13,16,8,5,11,10,9,6,6,12,8,14,7,7,11,9,10,13,6,8,4,11,0,16,0,2,8,0,5,3,7,9,7,5,1,8,7,6,3,20,15,8,0,20,11,6,13,9,8
1725,5,5,0,0,9,19,8,5,18,4,8,0,6,9,5,13,11,18,0,6,6,10,7,0,13,5,0,17,5,9,4,9,9,15,8,4,3,6,0,8,11,2,0,4,3,6,7,13,16,8,5,11,10,9,6,6,13,8,14,7,7,11,9,10,13,6,8,4,11,0,16,0,2,8,0,5,3,7,9,7,5,1,8,7,6,3,20,15,8,0,20,11,6,13,9,8
1726,5,5,0,0,9,19,8,5,18,4,8,0,6,9,5,13,11,18,0,6,6,10,7,0,13,5,0,17,5,9,4,9,9,15,8,4,3,6,0,8,11,2,0,4,3,6,7,13,16,8,5,11,10,9,6,6,13,8,14,7,7,11,9,10,13,6,8,4,11,0,16,0,2,8,0,5,3,7,9,7,5,1,8,7,6,3,20,15,8,0,20,11,6,13,9,8
1727,5,5,0,0,9,19,8,5,18,4,8,0,6,9,5,13,12,18,0,6,6,10,7,0,13,5,0,17,5,9,4,9,9,15,8,5,3,6,0,8,11,2,0,4,3,6,7,13,16,8,5,11,10,9,6,6,13,8,14,7,7,11,9,10,13,6,8,4,11,0,16,0,2,8,0,5,3,7,9,7,5,1,8,7,6,3,20,15,8,0,20,11,6,13,9,8
1728,5,5,0,0,9,19,8,5,18,4,8,0,6,9,5,13,12,18,0,6,6,10,7,0,13,6,0,17,5,9,4,9,9,15,8,5,3,6,0,8,11,2,0,4,3,6,7,13,16,8,5,11,10,9,6,6,13,8,15,7,7,11,9,10,13,6,8,4,12,0,16,0,2,8,0,5,3,7,9,7,5,1,8,7,6,3,20,15,8,0,20,11,6,13,9,8
1729,5,5,0,0,9,19,8,5,18,5,8,0,6,9,5,13,12,18,0,6,6,10,7,0,13,6,0,17,5,9,4,9,9,15,8,5,3,6,0,8,11,2,0,4,3,6,7,13,16,8,5,11,10,9,6,6,13,8,15,7,7,11,9,10,13,6,8,4,12,0,16,0,2,8,0,5,3,7,10,7,5,1,8,7,6,3,20,15,8,0,20,11,6,13,9,8
1730,5,5,0,0,9,19,8,6,18,5,8,0,6,9,5,13,12,18,0,6,6,10,7,0,14,6,0,17,5,9,4,9,9,15,8,6,3,6,0,8,11,2,0,4,3,6,7,13,16,8,5,11,10,9,6,6,13,8,15,7,7,11,9,10,13,6,8,4,12,0,16,0,2,8,0,5,3,7,10,7,5,1,8,7,6,3,20,15,8,0,20,11,6,13,9,8
1731,5,5,0,0,10,19,8,6,18,5,8,0,6,10,5,13,12,18,0,6,6,10,7,0,14,6,0,17,5,9,4,9,9,15,8,6,3,6,0,8,11,2,0,4,3,6,7,13,16,8,5,11,10,9,6,6,13,8,15,7,7,11,9,10,13,6,8,4,12,0,16,0,2,8,0,5,3,7,10,7,5,1,8,7,6,3,20,15,9,0,20,11,6,13,9,8
1732,5,5,0,0,10,19,8,6,18,5,8,0,6,10,5,13,12,18,0,6,6,10,8,0,14,6,0,17,5,9,4,9,9,15,8,6,3,6,0,8,11,2,0,4,3,6,7,14,16,8,6,11,10,9,6,6,13,8,15,7,7,11,9,10,13,6,8,4,12,0,16,0,2,8,0,5,3,7,10,7,5,1,8,7,6,3,20,15,9,0,20,11,6,13,9,8
1733,5,5,1,0,10,19,8,6,18,5,8,0,6,10,5,13,12,18,0,6,6,10,8,0,14,6,0,17,5,10,4,9,9,15,8,6,3,6,0,8,11,2,0,4,3,6,7,14,16,8,6,11,10,9,6,6,13,8,15,7,7,11,9,10,13,6,8,4,12,0,16,0,2,8,0,5,3,7,10,7,5,1,8,7,6,4,20,15,9,0,20,11,6,13,9,8
1734,5,5,1,0,10,19,8,6,18,5,8,0,6,10,5,13,12,18,0,6,6,10,8,0,14,6,0,17,5,10,4,9,9,15,8,6,3,6,0,8,11,2,0,4,3,6,7,14,16,8,6,11,10,9,6,6,13,8,15,8,7,11,9,10,13,6,8,4,12,0,16,0,2,8,0,5,3,7,10,7,5,1,8,7,6,4,20,15,9,0,20,11,6,13,9,8
1735,5,5,1,0,10,19,8,6,18,5,8,0,6,10,5,13,12,18,0,6,7,10,8,0,14,6,0,17,5,10,4,9,9,15,8,6,3,6,0,8,11,2,0,4,3,6,7,14,16,8,6,11,10,9,6,6,13,8,15,8,7,11,9,10,13,6,8,4,12,0,16,0,2,8,0,5,3,7,10,7,5,1,8,7,6,4,20,15,9,0,20,11,6,13,9,9
1736,5,5,1,0,10,19,8,6,18,5,8,0,6,10,5,13,12,18,0,6,7,10,8,0,15,6,0,17,5,11,4,9,9,15,8,7,3,6,0,8,11,2,0,4,3,6,7,14,16,8,6,11,10,9,6,6,13,8,15,8,7,11,9,10,13,6,9,4,13,0,17,0,2,8,0,5,3,7,10,7,5,1,8,7,6,4,20,15,11,0,20,11,6,13,9,9
1737,5,5,1,0,10,19,8,6,18,5,8,0,6,10,5,13,12,18,0,6,7,10,8,0,15,6,0,17,5,11,4,9,9,15,8,7,3,6,0,8,11,2,0,4,3,6,7,14,16,8,6,11,10,9,6,6,13,8,15,8,7,11,9,10,14,6,9,4,13,0,17,0,2,8,0,5,3,7,10,7,5,1,9,7,6,4,20,15,11,0,20,11,6,13,9,9
1738,5,5,1,0,10,19,8,6,18,5,8,0,6,10,5,13,12,18,0,6,8,10,8,0,15,6,0,17,5,11,4,9,9,15,8,7,3,6,0,8,11,2,0,4,3,6,7,14,16,8,6,11,10,9,6,6,13,8,15,8,7,11,9,10,14,6,9,4,13,0,17,0,2,8,0,5,3,7,10,7,5,1,9,7,6,4,20,15,11,0,20,11,6,13,9,9
1739,5,5,1,0,10,19,8,6,18,5,8,0,6,10,5,13,12,18,0,6,8,10,8,0,15,6,0,17,5,11,4,9,9,15,8,7,3,6,0,8,11,2,0,4,3,6,7,14,16,8,6,11,10,9,6,6,13,8,15,8,7,11,9,10,14,6,9,4,14,0,17,0,2,8,0,5,3,7,10,7,5,1,9,7,6,4,20,15,11,0,20,11,6,13,9,9
1740,5,5,1,0,10,19,8,6,18,5,8,0,6,10,5,13,12,18,0,6,8,10,8,0,15,6,0,17,5,11,4,9,9,15,8,7,3,6,0,8,11,2,0,4,3,6,7,14,16,8,6,11,10,9,6,6,13,8,16,8,7,11,9,10,14,6,9,4,14,0,17,0,2,8,0,5,3,7,10,7,5,1,9,7,6,4,20,15,11,0,20,11,7,13,9,9
1741,6,5,1,0,10,19,8,6,18,5,8,0,6,10,5,13,12,18,0,6,8,10,8,0,15,6,0,17,5,11,4,9,9,15,8,7,3,6,0,8,11,2,0,4,3,6,7,14,16,8,6,11,10,9,6,6,13,8,16,8,7,11,9,10,14,6,9,4,14,0,17,0,2,8,0,5,3,7,10,7,5,1,9,7,6,4,20,15,11,0,20,11,7,13,9,9
1742,6,5,1,0,10,19,8,6,18,5,8,0,6,10,5,13,12,18,0,6,8,10,8,0,15,6,0,17,5,11,4,9,9,15,8,7,3,6,0,8,11,2,0,4,3,6,7,14,16,8,6,11,10,9,6,6,13,8,16,8,8,11,9,10,14,6,9,4,14,0,17,0,2,8,0,5,3,7,10,7,5,1,9,7,6,4,20,15,11,0,20,11,7,13,9,9
1743,6,5,1,0,10,20,8,6,18,5,8,0,6,10,5,14,12,18,0,6,8,10,8,0,15,6,0,17,5,11,4,9,9,15,8,7,3,6,0,8,11,2,0,4,3,6,7,14,16,8,6,11,10,9,6,6,13,8,16,8,8,11,9,10,14,6,10,4,14,0,17,0,2,8,0,5,3,7,10,7,5,1,9,7,6,4,20,15,11,0,20,11,7,13,9,9
1744,6,5,1,0,10,20,8,6,18,5,8,0,6,10,5,14,12,18,0,6,8,10,8,0,15,6,0,17,5,11,4,9,9,15,8,7,3,6,0,8,11,2,0,4,3,6,7,14,17,8,6,11,10,9,6,6,13,8,16,8,8,11,9,10,14,6,10,4,14,0,17,0,2,8,0,5,3,7,10,7,5,1,9,7,6,4,20,15,11,0,20,11,7,13,9,9
1745,6,5,1,0,10,20,8,6,18,5,8,0,6,10,5,14,12,18,0,6,8,10,8,0,15,6,0,17,5,11,4,9,10,15,8,7,3,6,0,8,11,2,0,4,3,6,7,14,17,8,6,11,10,9,6,6,13,8,16,8,8,11,9,12,14,6,10,4,14,0,17,0,2,8,0,5,3,7,10,7,5,1,9,7,6,4,20,15,11,0,20,11,7,13,9,9
1746,6,5,1,0,10,20,8,6,18,5,8,0,6,10,5,14,12,18,0,6,8,10,8,0,15,6,0,17,5,11,5,9,10,15,8,7,3,6,0,8,11,2,0,4,3,6,7,14,17,8,6,11,10,9,6,6,13,8,16,8,8,11,9,12,14,6,10,4,14,0,17,0,2,8,0,5,3,7,10,7,5,1,9,7,6,4,20,15,11,0,20,11,7,13,9,9
1747,6,5,1,0,10,20,8,6,18,5,8,0,6,10,5,14,12,18,0,7,8,10,8,0,15,6,0,17,5,11,5,10,10,15,8,7,3,6,0,8,11,2,0,4,3,6,7,14,17,8,6,11,10,9,6,6,13,8,16,8,8,11,9,12,14,6,10,4,14,0,17,0,2,8,0,5,4,7,10,7,5,1,9,7,6,4,20,15,11,0,20,11,7,13,9,9
1748,6,5,1,0,10,20,8,6,18,5,8,0,6,10,5,14,12,18,0,7,8,10,8,0,15,6,0,17,5,11,5,11,10,15,8,7,3,6,0,8,11,2,0,4,3,6,7,14,17,8,6,11,10,9,6,7,13,8,16,8,8,11,9,12,14,6,10,4,14,0,17,0,2,8,0,5,4,7,10,7,5,1,9,7,6,4,20,15,11,0,20,11,7,13,9,10
1749,6,5,1,0,10,20,8,6,18,5,8,0,6,10,5,14,12,18,0,7,8,10,8,0,15,6,0,17,5,11,5,11,10,15,8,7,3,6,0,8,11,2,0,4,3,6,7,14,17,8,6,11,11,9,6,7,13,8,16,8,8,11,9,12,14,6,10,4,14,0,17,0,2,8,0,5,4,7,10,7,5,1,9,8,6,4,20,15,11,0,21,11,7,13,9,10
1750,6,5,1,0,10,20,8,6,18,5,8,0,6,10,5,14,12,18,0,7,8,10,8,0,15,6,0,17,5,11,5,11,10,15,8,7,3,6,0,8,11,2,0,4,3,6,7,14,18,8,6,11,11,9,6,7,13,8,16,8,8,11,9,12,14,6,10,4,14,0,17,0,2,8,0,5,4,7,10,7,5,1,9,8,6,4,20,15,11,0,21,11,7,13,9,10
1751,6,5,1,0,10,20,8,6,18,6,8,0,6,10,5,14,12,18,0,7,8,10,8,0,15,6,0,17,5,11,5,11,10,15,8,7,3,6,0,8,11,2,0,4,3,6,7,14,18,8,6,11,11,9,6,7,13,8,16,8,8,11,9,12,14,6,10,4,14,0,17,0,3,8,0,5,4,7,10,7,5,1,9,8,6,4,20,15,11,0,21,11,7,13,9,10
1752,6,5,1,0,11,20,8,6,18,6,8,0,6,10,6,14,12,18,0,7,8,10,8,0,15,6,0,17,5,11,5,11,10,15,8,7,3,6,0,8,11,2,0,4,3,6,7,14,18,8,6,11,11,9,6,7,13,8,16,8,8,11,10,12,14,6,11,4,14,0,17,0,3,8,0,5,4,7,10,7,5,1,9,8,6,4,20,15,12,0,21,11,7,13,9,10
1753,6,5,1,0,12,20,8,6,18,6,8,0,6,10,6,14,12,18,0,7,8,10,8,0,15,6,0,17,5,11,5,11,11,15,8,7,3,6,0,8,11,2,0,4,3,6,7,14,18,8,6,11,11,10,6,7,13,8,16,8,8,11,10,12,14,6,11,4,14,0,17,0,3,8,0,5,4,7,10,7,5,1,10,8,7,4,20,15,13,0,21,11,7,13,9,10
1754,6,5,1,0,12,20,8,6,18,6,8,0,6,10,6,14,12,18,0,7,8,10,8,0,16,6,0,17,5,11,5,11,11,15,8,7,3,6,0,8,11,2,0,4,3,6,7,14,18,8,6,11,11,10,6,7,13,8,16,8,8,11,10,12,14,6,11,4,15,0,17,0,3,8,0,5,4,7,10,7,5,1,10,8,7,4,20,15,13,0,21,11,7,13,9,10
1755,6,5,1,0,12,20,8,6,18,6,8,0,6,10,6,14,12,18,0,7,8,10,8,0,16,6,0,17,5,11,5,11,11,15,8,7,3,6,0,8,11,2,0,4,3,6,7,14,18,9,6,11,11,10,6,7,13,8,16,8,8,11,10,12,14,6,11,4,15,0,17,0,3,8,0,5,4,7,10,7,5,1,10,8,7,4,20,15,13,0,21,11,7,13,9,10
1756,6,5,1,0,12,20,9,6,18,6,8,0,6,10,6,14,12,18,0,7,8,10,8,0,16,6,0,17,5,11,5,11,11,15,8,7,3,6,0,8,11,2,0,4,3,6,7,14,18,9,6,11,11,11,6,7,13,8,16,8,8,11,10,12,14,6,12,4,15,0,17,0,3,8,0,5,4,7,10,7,5,1,11,8,8,4,20,15,13,0,21,11,8,13,9,10
1757,6,5,1,0,12,20,9,6,18,6,8,0,6,10,6,14,12,18,0,7,8,10,8,0,16,6,0,17,5,11,5,11,11,15,8,7,3,6,0,9,11,2,0,4,3,6,7,14,18,9,6,11,11,11,6,7,13,8,16,8,8,11,10,12,14,6,12,4,16,0,17,0,3,8,0,5,4,7,10,7,5,1,12,8,8,4,20,15,13,0,21,11,8,13,9,10
1758,6,6,1,0,12,20,9,7,18,6,8,0,6,10,6,14,12,18,0,7,8,10,8,0,17,6,0,17,5,11,5,11,11,15,8,7,3,6,0,9,11,2,0,4,3,6,7,14,18,9,6,11,11,11,6,7,13,8,16,8,8,11,10,12,14,6,12,4,16,0,17,0,3,8,0,5,4,7,10,7,5,1,12,8,8,4,20,15,14,0,21,11,8,13,9,10
1759,6,6,1,0,12,20,9,7,18,6,8,0,6,10,6,14,12,18,0,7,8,10,8,0,17,6,0,17,5,11,5,11,11,15,8,7,3,6,0,9,11,2,0,4,3,6,7,14,18,9,6,11,11,11,6,7,13,8,16,8,8,11,10,12,14,6,12,4,16,0,17,0,3,8,0,5,4,7,10,7,5,1,12,8,8,4,20,15,14,0,21,11,8,13,9,10
1760,6,6,1,0,12,20,9,7,18,6,8,0,6,10,6,14,12,18,0,7,8,10,8,0,17,6,0,17,5,11,5,11,12,15,8,7,3,6,0,9,11,2,0,4,3,6,7,14,18,9,6,11,11,11,6,7,13,8,16,8,8,11,10,12,14,6,12,4,16,0,17,0,3,8,0,5,4,7,10,7,5,1,12,8,8,4,20,15,14,0,21,11,8,13,9,10
1761,6,6,1,0,12,20,9,7,18,6,8,0,6,10,6,14,12,18,0,7,8,10,8,0,17,6,0,17,5,11,5,12,12,15,8,7,3,6,0,9,11,2,0,4,3,6,7,14,18,9,6,11,11,11,6,7,13,8,16,8,8,12,10,13,14,6,12,4,16,0,17,0,3,8,0,5,4,7,10,7,5,1,12,8,8,4,20,15,14,0,21,12,8,13,9,10
1762,6,6,1,0,12,20,9,7,18,6,8,0,6,10,6,14,12,18,0,7,9,10,8,0,17,6,0,17,5,11,5,12,12,15,8,7,3,6,0,10,11,2,0,4,3,6,7,14,18,9,6,11,11,11,6,7,13,8,16,8,8,12,10,13,15,6,12,4,17,0,17,0,3,8,0,5,4,7,10,7,5,1,12,8,8,4,20,15,14,0,21,12,8,13,9,10
1763,6,6,1,0,12,21,9,7,18,6,8,0,6,10,6,14,12,18,0,7,9,10,8,0,17,6,0,17,5,12,5,12,12,15,8,7,3,6,0,10,11,2,0,4,3,6,7,14,18,9,7,11,11,11,6,7,13,8,16,8,8,12,10,13,15,6,12,4,17,0,17,0,3,8,0,5,4,7,10,7,5,1,12,9,8,4,20,15,14,0,21,12,8,13,9,10
1764,6,6,1,0,12,21,9,7,18,6,8,0,6,10,6,14,12,18,0,7,9,10,8,0,17,6,0,17,5,12,5,12,12,15,8,7,3,6,0,10,11,2,0,4,3,6,7,15,18,9,7,11,11,11,6,7,13,8,16,8,8,12,10,13,15,6,12,4,17,0,17,0,3,8,0,5,4,7,10,7,5,1,13,9,8,4,20,15,14,0,21,12,8,13,9,10
1765,6,6,1,0,12,21,9,7,18,6,8,0,6,10,6,14,12,18,0,7,9,10,8,0,17,6,0,17,5,12,5,12,12,15,8,8,3,6,0,10,11,2,0,5,3,6,7,15,18,9,7,11,11,11,6,7,13,8,16,8,8,12,11,13,15,6,12,4,17,0,17,0,3,8,0,5,4,7,10,7,5,1,13,9,8,4,20,15,14,0,21,12,8,13,9,10
1766,6,6,1,0,12,21,9,7,18,6,8,0,6,10,6,14,12,18,0,7,9,11,8,0,17,6,0,17,5,12,5,12,12,15,8,8,3,6,0,11,11,2,0,5,3,6,8,15,18,9,7,11,11,11,6,7,13,8,16,8,8,12,11,13,15,6,12,4,17,0,17,0,3,8,0,5,4,7,10,7,5,1,13,9,8,4,20,15,14,0,21,12,8,13,9,10
1767,6,6,1,0,12,21,9,7,18,6,8,0,6,10,6,14,12,18,0,7,9,11,8,0,17,6,0,17,5,12,5,12,12,15,8,8,3,6,0,11,11,2,0,5,3,6,8,15,18,9,7,11,11,11,6,7,13,8,16,8,8,12,11,13,15,6,13,4,17,0,17,0,3,8,0,5,4,7,10,7,5,1,13,9,8,4,21,15,14,0,21,12,8,13,9,10
1768,6,6,1,0,12,21,9,7,18,6,8,0,6,10,6,14,12,18,0,7,9,11,8,0,17,6,0,17,5,12,5,12,12,15,8,8,3,6,0,11,11,2,0,5,3,6,8,15,18,9,7,11,11,11,6,7,13,8,16,8,8,12,11,13,15,6,13,4,17,0,17,0,3,8,0,5,4,7,10,7,5,1,13,9,8,4,21,15,14,0,21,13,8,13,9,10
1769,6,6,1,0,12,21,9,7,18,6,8,0,6,10,6,14,12,18,0,7,9,11,8,0,17,6,0,17,5,12,5,12,12,15,8,8,3,6,0,11,11,2,0,5,3,6,8,15,18,9,7,11,11,11,6,7,13,8,16,8,8,12,11,13,15,6,13,4,17,0,17,0,3,8,0,5,4,7,10,7,5,1,13,9,8,4,21,15,14,0,22,13,8,13,9,10
1770,6,6,1,0,12,21,9,7,18,6,8,0,6,10,6,14,12,19,0,7,9,11,8,0,17,6,0,17,5,12,5,12,12,15,8,8,3,6,0,11,11,2,0,5,3,6,8,15,18,10,7,11,11,11,6,7,13,8,16,8,8,12,11,13,15,6,14,4,17,0,17,0,3,8,0,5,4,7,10,7,5,1,13,9,8,4,21,15,15,0,22,13,8,13,9,10
1771,6,6,1,0,12,21,9,7,18,6,8,0,6,10,6,14,12,19,0,7,9,11,8,0,17,7,0,17,5,12,5,12,12,15,8,8,3,6,0,11,11,2,0,5,3,6,8,15,18,10,7,11,11,11,6,7,13,8,16,8,8,12,11,14,15,6,14,4,17,0,17,0,3,8,0,5,4,7,10,7,5,1,13,9,8,4,21,15,15,0,22,13,8,13,9,10
1772,6,6,1,0,12,21,9,7,18,6,8,0,6,10,6,14,12,19,0,7,9,12,8,0,17,7,0,17,5,12,5,12,12,15,8,8,3,6,0,11,11,2,0,5,3,6,8,15,18,10,7,11,11,11,6,7,13,8,16,8,8,12,11,14,15,6,14,4,17,0,17,0,3,8,0,5,4,7,10,7,5,1,13,9,8,4,21,15,15,0,23,13,8,13,9,10
1773,6,6,1,0,12,21,9,7,18,6,8,0,6,10,6,14,12,19,0,7,9,12,8,0,17,7,0,17,5,12,5,12,12,15,9,8,3,6,0,11,11,2,0,5,3,6,8,15,18,10,7,11,11,11,6,7,13,8,16,8,8,12,11,14,15,6,14,4,17,0,17,0,3,8,0,5,4,7,10,7,5,1,13,9,8,4,21,15,15,0,23,13,8,13,9,10
1774,6,6,1,0,12,21,9,7,18,6,8,0,7,10,6,14,12,19,0,7,9,12,8,0,17,7,0,17,5,12,5,12,12,15,10,8,3,6,0,11,11,2,0,5,3,6,8,15,18,10,7,11,11,11,6,7,13,8,16,8,8,12,11,15,15,6,14,4,17,0,17,0,3,8,0,5,4,7,10,7,5,1,13,9,8,4,21,16,15,0,23,13,8,13,9,10
1775,6,6,1,0,12,21,9,7,18,6,8,0,7,10,6,14,13,19,0,7,9,12,8,0,17,7,0,17,5,12,5,12,12,15,10,8,3,6,0,11,11,2,0,5,3,6,8,15,18,10,7,11,11,11,6,7,13,9,16,8,8,12,12,15,15,6,14,4,17,0,17,0,3,8,0,5,4,7,10,7,5,1,13,9,8,4,21,16,15,0,23,13,8,13,9,10
1776,6,6,1,0,12,21,9,7,18,6,8,0,7,10,6,14,14,19,0,7,9,12,8,0,17,7,0,17,5,12,5,12,12,15,10,8,3,6,0,11,11,2,0,5,3,6,8,15,18,10,7,11,12,11,6,7,13,9,16,8,8,12,12,15,15,6,14,4,17,0,17,0,3,8,0,5,4,7,10,7,5,1,13,9,8,4,21,16,15,0,23,13,8,13,9,10
1777,6,6,1,0,12,21,9,7,18,6,8,0,7,11,6,14,14,19,0,7,9,12,8,0,17,7,0,17,5,12,5,12,12,15,10,8,3,6,0,11,11,2,0,5,3,6,8,15,18,10,7,11,12,11,7,7,13,9,16,8,8,12,12,15,15,6,14,4,17,0,17,0,3,8,0,5,4,7,10,7,5,1,13,9,8,4,21,16,15,0,23,13,8,13,9,10
1778,6,6,1,0,12,21,9,7,18,6,8,0,7,12,6,14,14,19,0,7,9,12,8,0,17,7,0,17,5,12,5,12,12,15,11,8,3,6,0,11,11,2,0,5,3,6,8,15,18,10,7,11,12,11,7,7,13,9,16,8,8,13,12,15,15,6,14,4,17,0,17,0,3,9,0,5,4,7,10,7,5,1,13,9,8,4,21,16,15,0,23,13,8,13,9,10
1779,6,6,1,0,12,21,9,7,18,6,8,0,7,12,6,14,14,19,0,7,9,12,8,0,17,7,0,17,5,12,5,12,12,15,11,9,3,6,0,11,11,2,0,5,3,6,8,16,18,10,7,11,12,11,7,7,13,9,16,8,8,13,12,15,15,6,14,4,17,0,17,0,3,9,0,5,4,7,10,7,5,1,13,9,8,4,21,16,15,0,23,13,8,13,9,10
1780,6,6,1,0,12,21,9,7,18,6,8,0,7,12,6,14,14,19,0,7,9,12,8,0,17,7,0,17,5,12,5,12,12,15,11,9,3,6,0,11,11,2,0,5,3,6,8,16,18,10,7,11,12,11,7,7,13,9,17,8,8,13,12,15,15,6,14,4,17,0,17,0,3,9,0,5,4,7,10,7,5,1,13,9,8,4,21,16,15,0,23,13,9,13,9,10
1781,6,6,1,0,12,21,9,7,18,6,8,0,7,12,6,14,14,19,0,7,9,12,8,0,17,7,0,17,5,12,5,12,12,15,11,9,3,6,0,11,11,2,0,5,3,6,8,16,18,10,7,11,12,11,7,7,13,9,17,8,8,13,12,15,16,6,14,4,17,0,17,0,3,9,0,5,4,7,10,7,5,1,13,9,8,4,21,16,15,0,23,13,9,13,9,10
1782,6,6,1,0,12,21,9,7,18,6,8,0,7,13,6,14,14,19,0,7,9,12,8,0,17,7,0,17,5,12,5,12,12,15,11,9,3,6,0,11,11,2,0,5,3,6,8,16,18,10,7,11,12,11,7,7,13,9,17,8,8,13,12,15,16,6,14,4,17,0,17,0,3,9,0,5,4,7,10,7,5,1,13,9,8,4,21,16,15,0,23,13,9,13,9,10
1783,6,6,1,0,12,22,9,7,18,6,8,0,7,13,6,14,14,19,0,7,9,12,8,0,17,7,0,17,5,12,5,12,12,15,11,9,3,6,0,11,11,2,0,5,3,6,8,16,18,10,7,11,12,11,7,7,13,9,18,8,8,13,12,15,16,6,14,4,17,0,17,0,3,9,0,5,4,7,10,7,5,1,13,9,8,4,21,16,15,0,23,13,9,13,9,10
1784,6,6,1,0,12,22,9,7,18,6,8,0,7,13,6,14,14,19,0,7,9,12,8,0,17,7,0,17,5,12,5,12,12,15,11,9,3,6,0,11,12,2,0,5,3,6,8,16,18,10,7,11,12,11,7,7,13,9,18,8,8,13,12,15,16,6,14,4,17,0,18,0,3,9,0,5,4,7,10,7,5,1,13,9,8,4,21,16,15,0,23,13,9,13,9,10
1785,6,6,1,0,12,22,9,7,18,6,8,0,7,13,6,14,14,19,0,7,9,12,9,0,17,7,0,17,5,12,5,12,12,15,11,9,3,6,0,11,12,2,0,5,3,6,8,16,18,10,7,11,12,11,7,7,13,9,18,8,8,13,12,15,16,6,14,4,17,0,18,0,3,9,0,5,4,7,11,7,5,1,13,9,8,4,21,16,15,0,23,13,9,13,9,10
1786,6,6,1,0,12,22,9,7,18,6,8,0,7,13,6,15,14,19,0,7,10,13,9,0,17,7,0,17,5,12,5,12,12,15,11,9,3,6,0,11,12,2,0,5,3,6,8,16,18,10,7,11,12,11,7,7,13,9,18,8,8,13,12,15,16,6,14,4,17,0,18,0,3,9,0,5,4,7,11,7,5,1,13,9,8,4,21,16,15,0,23,14,9,13,9,10
1787,6,6,1,0,12,22,9,7,18,6,8,0,7,13,6,15,14,19,0,7,10,13,9,0,17,7,0,17,5,12,5,12,12,15,11,10,3,6,0,11,12,2,0,5,3,6,8,16,18,10,7,11,12,11,7,7,13,9,18,8,8,13,12,15,16,6,14,4,17,0,18,0,3,9,0,5,4,7,11,7,5,1,13,9,8,5,21,16,15,0,23,14,9,14,9,10
1788,6,6,1,0,12,22,9,7,18,6,8,0,7,13,6,15,14,19,0,7,10,13,9,0,17,7,0,17,5,12,5,12,12,15,11,10,3,6,0,11,12,2,0,5,3,6,8,16,18,10,7,11,13,11,7,7,13,9,18,8,8,13,12,15,16,6,14,4,17,0,18,0,3,9,0,6,4,7,11,7,5,1,13,9,8,5,21,16,15,0,23,14,9,14,9,10
1789,6,6,1,0,12,22,9,7,18,6,8,0,8,13,6,15,14,20,0,7,11,13,9,0,17,7,0,17,6,12,5,12,12,15,11,11,3,6,0,11,12,2,0,5,3,6,8,16,18,10,7,11,13,11,7,7,13,9,18,8,8,13,12,16,16,6,14,4,17,0,18,0,3,9,0,6,4,8,11,7,5,1,13,9,8,5,21,16,15,0,23,14,9,14,9,10
1790,6,6,1,0,12,22,9,7,18,6,8,0,8,13,6,15,14,20,0,7,11,13,10,0,17,7,0,17,6,12,5,12,12,15,11,11,3,6,0,11,12,2,0,5,3,6,8,16,18,10,7,11,13,11,7,7,13,9,18,8,8,13,12,16,16,6,14,4,17,0,18,0,3,9,0,6,4,8,11,7,5,1,13,9,8,5,21,16,15,0,23,14,9,14,9,10
1791,6,6,1,0,12,22,9,7,18,6,8,0,8,13,6,15,14,20,0,7,11,13,10,0,17,8,0,17,6,12,5,12,12,15,11,11,3,6,0,11,12,2,0,5,3,6,8,16,18,10,7,11,13,11,7,7,13,9,18,8,8,13,12,16,16,6,14,4,17,0,18,0,3,9,0,6,4,8,11,7,5,1,13,10,8,5,21,16,15,0,23,14,9,14,9,10
1792,6,6,1,0,12,22,9,7,18,6,8,0,8,13,6,15,14,20,0,7,11,13,10,0,17,8,0,18,6,12,5,12,12,15,11,11,3,6,0,11,12,2,0,5,3,6,8,16,18,10,7,11,13,11,7,7,13,9,18,8,8,13,12,16,16,6,14,4,17,0,18,0,3,9,0,6,4,8,11,7,5,1,14,10,8,5,21,16,15,0,23,14,9,14,9,10
1793,6,6,1,0,12,22,9,7,18,6,8,0,8,13,6,15,14,20,0,7,11,13,10,0,17,8,0,18,6,12,5,12,12,15,11,11,3,6,0,11,12,2,0,5,4,6,8,16,18,10,7,11,13,11,7,7,13,9,18,8,8,13,12,16,16,6,14,4,17,0,18,0,3,9,0,6,4,8,11,7,5,1,14,10,8,5,21,16,15,0,23,14,9,14,9,10
1794,6,6,1,0,12,23,9,7,18,6,8,0,8,13,6,15,14,20,0,7,11,13,10,0,17,8,0,18,6,12,5,12,12,16,11,11,3,6,0,11,12,2,0,5,4,6,8,16,18,10,7,11,13,11,7,7,13,9,18,8,8,14,12,16,16,6,14,4,17,0,18,0,3,9,0,6,4,8,11,7,5,1,14,10,8,5,21,16,15,0,23,14,9,14,9,10
1795,6,6,1,0,12,23,9,7,18,7,8,0,8,13,6,15,14,20,0,7,11,13,10,0,17,8,0,19,6,12,5,12,12,16,11,11,3,6,0,11,12,2,0,5,4,6,8,16,18,10,7,11,13,11,7,7,13,9,18,8,8,14,12,16,16,6,14,4,17,0,18,0,3,9,0,6,5,8,11,7,5,1,14,10,8,5,21,16,15,0,23,14,9,14,10,10
1796,6,6,1,0,12,23,9,7,18,7,8,0,8,13,6,15,14,20,0,7,11,13,10,0,17,8,0,19,6,12,5,12,12,16,11,11,3,6,0,11,12,2,0,5,4,6,8,16,18,11,7,11,13,11,7,7,13,9,18,8,8,14,12,16,16,6,14,4,17,0,18,0,3,9,0,6,5,8,11,7,5,1,14,10,8,5,21,17,15,0,23,14,9,14,10,10
1797,6,6,1,0,12,23,9,7,18,7,8,0,8,13,6,15,14,20,0,7,11,13,10,0,17,8,0,19,6,12,5,12,12,16,11,11,3,6,0,11,12,2,0,5,4,6,8,16,18,11,7,11,13,12,7,7,13,9,18,8,8,14,12,16,16,6,14,4,17,0,18,0,3,9,0,7,5,8,11,7,5,1,14,10,8,5,21,17,15,0,23,14,9,14,10,10
1798,6,6,1,0,12,23,9,7,18,7,8,0,8,13,6,15,14,20,0,7,11,13,10,0,17,8,0,19,6,12,5,12,12,16,11,11,3,6,0,11,12,2,0,5,4,6,8,16,19,11,7,11,13,12,7,7,13,10,18,8,9,14,12,16,16,6,14,4,17,0,18,0,3,9,0,7,5,8,11,8,5,1,14,10,8,5,21,17,16,0,23,14,9,14,10,10
1799,6,6,1,0,12,23,9,7,18,7,8,0,8,13,6,15,14,20,0,7,11,13,10,0,17,8,0,19,6,12,5,12,12,16,11,11,3,6,0,11,12,2,0,5,4,6,8,16,19,11,7,11,13,12,7,7,13,10,18,8,9,14,12,16,16,6,14,4,17,0,18,0,3,9,0,7,5,8,11,9,5,1,14,10,8,5,21,17,16,0,23,14,9,14,10,10
1800,6,6,1,0,12,23,9,7,18,7,8,0,8,13,6,15,14,20,0,7,11,13,10,0,17,8,0,20,6,12,5,12,12,16,11,11,3,6,0,11,12,2,0,5,4,6,8,16,19,11,7,11,13,12,7,7,13,10,18,8,9,14,12,16,16,6,14,4,17,0,18,0,3,9,0,7,5,8,12,9,5,1,14,10,8,5,21,17,16,0,23,14,9,14,10,10
1801,6,6,1,0,12,23,9,7,18,7,8,0,8,13,6,16,14,20,0,7,11,14,10,0,17,8,0,20,6,12,5,12,12,16,11,11,3,6,0,11,12,2,0,5,4,6,8,16,19,11,7,11,13,12,7,7,13,10,18,8,9,14,12,16,16,6,14,4,17,0,18,0,3,9,0,7,5,8,12,9,5,1,15,10,8,5,21,17,16,0,23,14,9,14,10,10
1802,6,6,1,0,12,23,9,7,18,7,8,0,8,13,6,16,14,20,0,7,11,14,10,0,17,8,0,20,6,12,5,13,13,16,11,11,3,6,0,11,12,2,0,5,4,6,8,16,19,11,7,11,13,12,7,7,13,10,18,8,9,14,12,16,16,6,14,4,18,0,18,0,3,9,0,7,6,8,12,9,5,1,15,11,8,5,21,17,16,0,23,14,9,14,10,10
1803,6,6,1,0,12,23,9,7,18,7,8,0,8,13,6,16,14,20,0,7,11,14,10,0,17,8,0,20,6,12,5,13,13,16,11,11,3,6,0,11,12,2,0,5,4,6,8,16,19,11,7,11,13,12,7,7,13,10,18,8,9,15,12,16,16,6,14,4,18,0,18,0,3,9,0,7,6,8,13,9,5,1,15,11,8,5,21,17,16,0,23,14,9,16,10,10
1804,6,6,1,0,12,23,9,7,18,7,8,0,8,13,6,16,14,20,0,7,11,14,10,0,17,8,0,20,6,12,5,13,13,16,11,11,3,6,0,11,12,2,0,5,4,6,8,16,19,11,7,11,13,12,7,7,13,10,18,8,9,15,12,17,16,6,14,4,18,0,18,0,3,9,0,7,6,8,13,9,5,1,15,11,8,6,21,17,16,0,23,14,9,16,10,10
1805,6,6,1,0,12,23,9,7,18,7,8,0,8,13,6,16,14,20,0,7,11,14,10,0,17,8,0,20,6,12,5,13,13,16,11,11,3,6,0,11,12,2,0,5,4,6,8,16,19,11,7,11,13,12,7,7,14,10,18,8,9,15,12,17,16,6,14,4,18,0,18,0,3,9,0,7,6,8,13,9,5,1,15,11,8,6,21,17,16,0,23,14,9,16,10,10
1806,6,6,1,0,12,23,9,7,18,7,8,0,8,13,6,16,14,20,0,7,11,14,10,0,17,8,0,20,6,12,5,13,13,16,11,11,3,6,0,11,12,2,0,5,4,6,8,16,19,11,7,11,13,12,7,7,14,10,18,8,9,15,12,17,16,6,14,4,18,0,18,0,3,10,0,7,6,8,13,9,5,1,15,11,8,6,21,17,16,0,23,14,9,16,10,10
1807,6,6,1,0,12,23,9,7,18,7,8,0,8,13,6,16,14,20,0,7,11,14,10,0,17,8,0,20,6,12,5,13,13,16,11,11,3,6,0,11,12,2,0,5,4,6,8,16,19,11,7,11,13,12,7,7,14,10,18,8,9,15,12,17,16,6,14,4,18,0,18,0,3,10,0,7,6,8,13,9,5,1,15,11,8,6,21,17,16,0,23,14,9,16,10,10
1808,6,6,1,0,12,23,9,7,18,7,8,0,8,13,6,16,14,20,0,7,11,14,10,0,17,8,0,20,6,12,5,13,13,16,11,11,3,6,0,11,12,2,0,5,4,6,8,16,19,11,7,11,14,12,7,7,14,10,18,8,9,15,12,17,16,6,14,4,18,0,18,0,3,10,0,8,6,8,13,9,5,1,15,11,8,6,21,17,16,0,23,14,9,16,10,10
1809,6,6,1,0,12,23,9,7,18,7,8,0,8,13,6,16,14,20,0,7,11,14,10,0,17,8,0,20,6,12,5,13,13,16,13,11,3,6,0,11,12,2,0,5,4,6,8,16,19,11,7,11,14,12,7,7,14,10,18,8,9,15,12,17,16,6,14,4,18,0,18,0,3,10,0,8,6,8,13,9,5,1,15,11,8,6,21,17,16,0,23,14,9,17,10,10
1810,6,6,1,0,12,23,9,7,19,7,8,0,8,13,6,16,14,20,0,7,11,14,10,0,17,8,0,20,6,12,5,13,13,16,13,11,3,6,0,11,12,2,0,5,4,6,8,16,19,11,7,11,14,12,7,7,14,10,18,8,9,15,12,17,16,6,14,4,18,0,18,0,3,10,0,8,6,8,13,9,5,1,15,11,8,6,21,17,16,0,23,14,9,17,10,10
1811,6,6,1,0,12,23,9,7,19,7,8,0,8,14,6,16,14,20,0,7,12,14,10,0,17,8,0,20,6,12,5,13,14,16,13,11,3,6,0,11,12,2,0,5,4,6,8,16,19,12,7,11,14,12,7,7,14,10,18,8,9,15,12,17,16,6,14,4,18,0,18,0,3,10,0,8,6,8,13,9,5,1,15,11,8,6,21,17,16,0,23,14,9,17,10,10
1812,6,6,1,0,12,23,9,7,19,8,8,0,8,14,6,16,14,20,0,7,12,14,10,0,17,8,0,20,6,13,5,13,14,16,13,11,3,7,0,11,12,2,0,5,4,6,8,16,19,12,7,11,14,12,7,7,14,10,18,8,9,15,12,17,16,6,14,4,18,0,18,0,3,10,0,8,6,8,13,9,5,1,15,11,8,6,21,17,16,0,23,14,9,17,10,10
1813,6,6,1,0,12,23,9,7,19,8,8,0,8,14,6,16,14,20,0,7,12,14,10,0,17,8,0,20,6,13,5,13,14,16,13,11,3,7,0,11,12,2,0,5,4,6,9,16,19,12,7,11,14,12,7,7,14,10,18,8,9,15,12,17,16,6,14,4,18,0,18,0,3,10,0,8,6,8,13,9,5,1,15,11,8,6,21,17,16,0,23,14,9,17,10,10
1814,6,6,1,0,13,23,9,7,19,8,8,0,8,14,6,16,14,20,0,7,12,14,10,0,17,8,0,20,6,13,5,13,14,16,13,11,3,7,0,11,12,2,0,5,4,6,9,16,19,12,8,11,14,12,7,7,14,10,18,8,9,15,12,18,16,6,14,4,18,0,18,0,3,11,0,8,6,8,13,9,5,1,15,11,8,6,21,17,16,0,23,15,9,17,10,10
1815,6,6,2,0,13,23,9,7,19,8,8,0,8,14,6,16,14,20,0,7,12,14,10,0,17,8,0,20,6,13,5,13,14,16,13,11,3,7,0,11,12,2,0,5,4,6,9,16,19,12,8,11,14,12,7,7,14,10,18,8,9,15,12,18,16,6,14,4,19,0,18,0,3,11,0,8,6,8,13,9,5,1,15,11,8,6,21,17,16,0,24,15,9,17,10,11
1816,6,6,2,0,13,23,9,7,19,8,8,0,8,15,6,16,14,20,0,7,12,14,11,0,17,8,0,20,6,13,5,13,14,17,13,11,3,7,0,11,12,2,0,5,4,6,9,16,19,12,8,11,14,12,7,7,14,10,18,8,10,15,12,18,16,6,14,4,19,0,18,0,3,11,0,8,6,8,13,9,5,1,15,11,8,6,22,17,16,0,24,15,9,17,10,11
1817,6,6,2,0,13,24,9,7,19,8,8,0,8,15,6,16,14,20,0,7,12,14,11,0,17,8,0,20,6,13,5,13,14,17,13,11,3,7,0,11,12,2,0,5,4,6,9,16,19,12,8,11,14,12,7,7,14,10,18,8,10,15,12,18,16,7,14,4,19,0,18,0,3,11,0,8,6,8,13,9,5,1,15,11,8,6,22,17,16,0,24,15,9,17,10,11
1818,6,6,2,0,13,24,9,7,19,8,8,0,8,15,6,16,14,20,0,7,12,14,11,0,17,8,0,20,6,13,5,13,14,17,13,11,3,7,0,11,12,2,0,5,4,6,9,16,19,12,8,11,15,12,7,7,14,10,19,8,10,15,12,18,16,7,14,4,19,0,18,0,3,11,0,8,6,8,13,9,6,1,15,11,9,6,22,17,16,0,24,15,9,17,10,11
1819,6,6,2,0,13,24,9,7,19,8,8,0,8,15,6,16,14,20,0,7,12,14,11,0,17,8,0,20,6,13,5,13,14,18,13,11,3,7,0,11,12,2,0,5,4,6,9,16,19,12,8,11,15,12,7,7,14,10,19,8,10,15,12,18,16,7,14,4,19,0,18,0,3,11,0,8,6,8,13,9,6,1,15,11,9,6,23,17,16,0,24,15,9,17,10,12
1820,6,6,2,0,13,24,9,7,19,8,8,0,8,15,7,16,14,20,0,7,12,14,11,0,17,9,0,20,6,13,5,13,14,18,13,11,3,7,0,11,12,2,0,5,4,6,9,16,19,12,8,11,15,12,8,7,14,10,19,8,10,15,12,18,16,7,14,4,20,0,18,0,3,11,0,8,6,8,13,9,6,1,15,11,9,6,24,17,16,0,24,15,9,17,10,12
1821,6,6,2,0,13,24,9,8,19,8,8,0,8,15,7,16,14,20,0,7,12,14,11,0,17,9,0,20,6,13,6,13,14,18,13,11,3,7,0,11,12,2,0,5,4,6,9,16,19,12,8,11,15,12,8,7,14,10,19,8,10,15,12,18,16,7,14,4,20,0,18,0,3,11,0,8,6,8,13,9,6,1,15,11,9,6,24,17,16,0,24,15,9,17,11,12
1822,6,6,2,0,13,24,9,8,19,8,8,0,8,15,7,16,14,20,0,7,12,14,11,0,17,9,0,20,6,13,6,13,14,19,13,11,3,7,0,11,12,2,0,5,4,6,9,16,19,12,8,11,15,12,8,7,15,10,19,8,10,15,12,18,16,8,14,4,21,0,18,0,3,11,0,8,6,8,13,9,6,1,15,11,9,6,24,17,16,0,24,15,9,17,11,12
1823,6,6,2,0,13,24,9,8,19,8,8,0,8,15,7,16,14,20,0,7,12,14,11,0,17,9,0,20,6,13,6,13,14,19,13,11,3,7,0,11,12,2,0,5,4,6,9,16,19,12,8,11,15,12,8,7,15,10,19,8,10,15,13,18,16,8,15,4,21,0,18,0,3,11,0,8,6,8,13,9,6,1,15,11,9,6,25,17,16,0,24,15,9,17,11,12
1824,6,6,2,0,13,24,9,8,19,8,8,0,8,15,7,16,14,20,0,7,12,14,11,0,17,9,0,20,6,13,6,13,14,19,13,11,3,7,0,11,12,2,0,5,4,6,9,16,19,12,8,11,15,12,8,7,15,10,19,8,10,15,13,19,16,8,15,4,21,0,18,0,3,11,0,8,6,8,13,9,6,1,15,11,9,6,25,17,16,0,24,15,9,17,11,12
1825,6,6,2,0,13,24,9,8,19,8,8,0,8,15,7,16,14,20,0,7,12,14,11,0,17,9,0,20,6,13,6,13,14,19,13,11,3,7,0,11,12,2,0,5,4,6,9,16,19,12,8,11,15,12,8,7,15,10,19,8,10,15,13,20,16,8,15,4,21,0,18,0,3,12,0,8,6,8,13,9,6,1,15,11,9,6,25,17,17,0,24,15,9,17,11,12
1826,6,6,2,0,13,24,10,8,19,8,8,0,8,15,7,16,14,20,0,7,12,14,11,0,17,9,0,20,6,13,6,13,14,19,13,11,3,7,0,11,12,2,0,5,4,6,9,16,19,12,8,12,15,12,8,7,15,10,19,8,10,15,13,20,16,8,15,4,21,0,18,0,3,12,0,8,6,8,13,9,6,1,15,11,9,6,25,17,17,0,24,15,9,17,11,12
1827,6,6,2,0,13,24,10,8,19,8,8,0,8,15,7,16,14,20,0,7,12,14,11,0,17,9,0,20,6,13,6,13,14,19,13,11,3,7,0,11,12,2,0,5,4,6,9,16,19,12,8,12,15,13,8,7,15,10,19,9,10,15,13,20,16,8,15,4,21,0,18,0,3,12,0,8,6,8,13,9,6,1,15,11,9,6,25,17,17,0,24,15,9,17,11,12
1828,6,6,2,0,13,24,10,8,19,8,8,0,8,15,7,16,14,20,0,7,12,14,12,0,17,9,0,20,6,13,6,13,14,19,13,11,3,7,0,11,12,2,0,5,4,6,9,16,19,12,8,12,15,13,8,7,15,10,19,9,10,15,13,20,16,8,15,4,21,0,18,0,3,12,0,8,6,8,13,9,6,1,15,11,9,6,25,17,17,0,24,15,9,17,11,12
1829,6,6,2,0,13,24,10,8,19,8,8,0,8,15,7,16,14,20,0,7,12,14,12,0,17,9,0,20,6,13,6,13,14,19,13,11,3,7,0,11,12,2,0,5,4,6,9,16,19,12,8,12,15,13,8,7,15,10,19,9,10,15,14,20,16,8,15,4,21,0,18,0,3,12,0,9,6,8,13,9,6,1,15,12,9,6,25,18,17,0,24,15,9,17,11,12
1830,6,6,2,0,13,24,10,8,19,8,8,0,8,15,7,16,14,20,0,7,12,14,12,0,17,9,0,20,6,13,6,13,14,19,13,11,3,7,0,11,12,2,0,5,4,6,9,16,19,12,8,12,15,13,8,7,15,10,19,9,10,15,14,20,16,8,15,4,21,0,19,0,3,12,0,9,6,8,13,9,6,1,15,12,9,6,25,18,17,0,24,15,9,17,11,12
1831,6,6,2,0,13,24,10,8,19,8,8,0,9,15,7,16,14,20,0,7,12,14,12,0,17,10,0,20,6,13,6,13,14,19,13,11,3,7,0,11,13,2,0,5,4,6,9,16,19,12,8,12,15,13,8,7,15,10,19,9,10,16,15,20,16,8,15,4,21,0,19,0,3,13,0,9,6,8,13,9,6,1,15,12,9,6,25,18,17,0,24,15,9,17,11,12
1832,6,6,2,0,13,24,10,8,19,9,8,0,9,15,7,16,14,20,0,7,13,14,12,0,17,10,0,20,6,13,6,13,15,19,13,11,3,7,0,11,13,2,0,5,4,6,9,16,19,12,8,12,15,13,8,7,15,10,19,9,10,16,15,20,16,8,15,4,21,0,19,0,4,13,0,9,6,8,13,9,6,1,15,12,9,6,25,18,17,0,24,15,9,17,11,13
1833,6,6,2,0,13,24,10,8,19,9,8,0,9,15,7,16,14,20,0,7,13,14,12,0,17,10,0,20,6,13,6,13,15,19,13,11,3,7,0,11,14,2,0,5,4,6,9,16,19,12,8,12,15,13,8,7,15,10,19,9,10,16,15,20,16,8,15,4,21,0,19,0,4,13,0,9,6,8,13,9,6,1,15,12,9,6,25,18,17,0,24,15,9,17,12,13
1834,6,7,2,0,13,24,10,8,19,9,8,0,9,15,7,16,14,20,0,7,13,14,12,0,17,10,0,20,6,13,6,13,15,19,13,11,3,7,0,11,15,2,0,5,4,6,9,16,19,12,8,12,15,13,8,7,15,10,19,9,10,16,15,20,16,8,15,4,21,0,19,0,4,13,0,9,6,8,13,9,6,1,15,12,9,6,25,18,17,0,24,15,9,17,12,13
1835,6,7,2,0,13,24,10,8,19,9,8,0,9,15,7,16,14,20,0,7,13,14,12,0,17,10,0,20,6,13,6,13,15,20,13,11,3,7,0,11,15,2,0,6,4,6,9,16,19,12,8,12,15,13,8,7,16,10,19,9,10,16,15,20,16,8,15,4,21,0,19,0,4,13,0,9,6,8,13,9,7,1,15,12,10,6,25,18,17,0,24,15,9,17,12,13
1836,6,7,2,0,13,25,10,8,19,9,8,0,9,15,7,16,14,20,0,7,13,14,12,0,17,10,0,20,6,13,6,13,15,20,13,11,3,7,0,11,15,2,0,6,4,6,9,16,19,12,8,12,15,13,8,7,16,10,19,9,10,16,15,20,16,8,15,4,21,0,19,0,4,13,0,9,6,8,13,9,7,1,15,12,10,6,25,18,17,0,24,15,9,17,12,13
1837,6,7,2,0,13,25,10,8,19,9,8,0,9,15,7,16,14,20,0,7,14,14,12,0,17,10,0,20,6,13,6,13,15,20,14,11,3,7,0,11,15,2,0,6,4,6,9,16,19,12,8,12,15,13,8,7,16,10,19,9,10,16,15,20,16,8,15,4,21,0,19,0,4,13,0,9,6,8,13,9,7,1,15,12,10,6,25,18,17,0,24,15,9,17,12,13
1838,6,7,2,0,13,25,10,8,19,9,8,0,9,15,7,16,14,20,0,7,14,14,12,0,17,10,0,20,6,13,6,13,15,20,14,11,3,7,0,11,15,2,0,6,4,6,9,16,19,12,8,12,15,13,8,7,16,10,19,9,10,16,16,20,16,8,15,4,21,0,19,0,4,13,0,9,6,8,13,9,7,1,15,12,10,6,25,18,17,0,24,15,9,17,12,13
1839,6,7,2,0,13,25,10,8,19,9,8,0,9,15,7,16,14,20,0,7,14,14,12,0,17,10,0,20,6,13,6,13,15,20,14,11,3,8,0,11,15,2,0,6,4,6,9,16,19,12,8,12,15,13,9,7,16,10,19,9,10,16,16,20,16,8,15,4,21,0,19,0,4,13,0,9,6,8,13,9,7,1,15,12,10,6,25,18,17,0,24,15,9,17,12,13
1840,6,7,2,0,13,25,10,8,19,9,8,0,9,15,7,16,14,21,0,7,14,14,12,0,18,10,0,20,6,13,6,13,15,20,14,11,3,8,0,11,15,2,0,6,4,6,9,16,19,12,8,12,15,13,9,7,16,10,19,9,10,16,16,20,17,8,16,5,22,0,19,0,4,13,0,9,6,8,13,9,7,1,15,12,10,6,25,18,17,0,24,15,9,17,12,13
1841,6,7,2,0,13,25,10,8,20,9,8,0,9,15,7,16,14,21,0,7,14,14,12,0,18,10,0,20,6,13,6,13,15,20,14,11,3,8,0,11,15,2,0,6,4,6,9,16,19,12,8,12,15,13,9,7,16,10,19,9,10,16,16,20,18,8,16,5,22,0,19,0,4,13,0,9,6,8,13,9,7,1,15,12,10,6,25,18,17,0,24,15,9,17,12,13
1842,6,7,2,0,13,25,10,8,20,9,8,0,9,15,7,16,14,21,0,7,14,14,12,0,18,10,0,20,6,13,6,13,15,20,14,11,3,8,0,11,15,2,0,6,4,6,9,16,19,12,8,12,15,13,9,7,16,10,19,9,10,16,16,20,18,8,16,5,22,0,19,0,4,13,0,9,6,8,14,9,7,1,15,12,10,6,25,18,17,0,24,15,9,17,12,13
1843,6,7,2,0,13,25,10,8,20,9,8,0,9,16,7,16,14,21,0,7,14,14,12,0,18,11,0,20,6,13,6,13,15,20,14,11,3,8,0,11,15,2,0,6,4,6,9,16,19,12,8,12,15,13,9,7,16,10,19,9,10,16,16,20,18,8,16,5,22,0,19,0,4,13,0,9,6,8,14,9,7,1,15,12,10,6,25,18,17,0,24,15,10,17,12,13
1844,6,7,2,0,13,25,10,8,20,9,8,0,9,16,7,16,14,21,0,8,14,14,12,0,18,11,0,20,6,13,6,13,15,20,14,11,3,8,0,11,15,2,0,7,4,7,9,16,19,12,8,12,15,13,9,7,16,10,19,9,10,16,16,20,18,8,16,5,22,0,19,0,4,13,0,9,6,8,14,9,7,1,15,12,10,6,25,18,18,0,24,15,10,17,12,13
1845,6,7,2,0,13,25,10,8,20,9,8,0,9,16,7,16,14,21,0,8,14,14,12,0,18,11,1,20,6,13,6,13,15,20,14,11,3,8,0,11,15,2,0,7,4,7,9,17,19,12,8,12,15,13,9,7,16,10,19,9,10,16,16,20,18,8,16,5,22,0,19,0,4,13,0,9,6,8,14,9,7,1,15,12,11,6,25,18,18,0,24,15,10,17,12,13
1846,6,7,2,0,13,26,10,8,20,9,8,0,9,16,7,16,14,21,0,8,14,14,12,0,18,11,1,20,6,13,6,13,15,20,14,11,3,8,0,11,15,2,0,7,4,7,9,17,19,12,8,12,15,14,9,7,16,10,19,9,10,16,16,20,19,8,16,5,22,0,20,0,4,13,0,9,6,8,14,9,8,1,15,12,11,6,25,18,18,0,24,15,10,17,12,13
1847,6,7,2,0,13,26,10,8,20,9,8,0,9,16,7,16,14,21,0,8,14,14,12,0,18,11,1,20,6,13,6,13,15,20,14,11,3,8,0,11,15,2,0,7,4,7,9,17,19,12,8,12,15,14,9,7,16,10,19,9,10,16,16,20,19,8,16,5,22,0,20,0,4,13,0,9,6,8,14,9,8,1,15,12,11,6,25,18,18,0,24,15,10,17,12,13
1848,6,7,2,0,13,26,10,8,20,9,8,0,9,16,7,16,14,21,0,8,14,14,12,0,19,11,1,20,6,13,6,13,15,20,14,11,3,8,0,11,15,2,0,7,4,7,9,17,19,12,8,12,15,14,9,7,16,10,20,9,10,16,16,20,19,8,16,5,22,0,20,0,4,13,0,9,6,8,14,9,8,1,15,12,11,6,25,18,18,0,24,15,10,17,12,13
1849,6,7,2,0,13,26,10,8,20,9,8,0,9,16,8,16,14,21,0,8,14,14,13,0,19,11,1,20,6,13,6,13,15,20,14,11,3,8,0,11,15,2,0,7,4,7,9,17,19,12,8,12,15,14,9,7,16,10,20,9,10,16,16,20,19,8,16,5,22,0,20,0,4,13,0,9,6,9,14,9,8,1,15,12,11,6,25,18,18,0,24,15,10,17,13,13
1850,6,7,2,0,13,26,10,8,21,9,8,0,9,16,8,16,14,21,0,8,14,14,13,0,19,12,1,20,6,13,6,13,15,20,14,11,3,8,0,11,15,2,0,7,4,7,9,17,19,12,8,12,16,14,9,7,16,10,20,9,10,16,16,20,19,8,16,5,23,0,20,0,4,13,0,9,6,9,14,9,8,1,15,12,11,6,25,18,18,0,24,15,10,17,13,13
1851,6,7,2,0,13,26,10,8,22,9,8,0,9,16,8,16,14,21,0,8,14,14,13,0,19,12,1,20,6,13,6,13,15,20,15,11,3,8,0,11,15,2,0,7,4,7,10,17,19,12,8,12,16,14,9,7,16,10,20,9,11,16,16,20,19,8,16,5,23,0,20,0,4,13,0,9,6,9,14,9,8,1,15,12,11,6,25,18,18,0,24,15,10,17,13,13
1852,6,7,2,0,13,26,11,8,22,9,8,0,9,17,8,16,14,21,0,8,14,14,13,0,19,12,1,20,6,13,6,13,15,20,15,11,3,8,0,11,15,2,0,7,4,7,10,17,19,12,8,12,16,14,9,7,16,10,20,9,11,16,16,20,19,8,16,5,23,0,20,0,4,13,0,9,6,9,14,9,8,1,15,12,11,6,25,18,18,0,24,15,10,17,13,13
1853,6,7,2,0,13,26,11,8,22,9,8,0,9,17,9,17,14,21,0,8,14,14,13,0,19,12,1,20,6,13,6,13,15,20,15,11,3,8,0,12,15,2,0,7,4,7,10,17,19,12,8,12,16,14,9,7,16,10,20,9,11,16,16,20,19,8,16,5,23,0,20,0,4,13,0,9,6,9,14,9,8,1,15,12,11,6,25,18,18,0,24,15,10,17,13,13
1854,6,7,2,0,13,26,11,8,22,9,8,0,9,18,9,17,14,21,0,8,14,14,13,0,19,12,1,20,6,13,6,13,15,21,15,11,3,8,0,12,15,2,0,7,4,7,10,17,19,12,8,12,16,14,9,7,16,10,20,9,11,16,16,20,19,8,16,5,23,0,20,0,4,13,0,9,6,9,15,9,8,1,15,12,11,6,25,18,18,0,24,15,10,17,13,13
1855,6,7,2,0,13,26,11,8,22,9,9,0,9,18,9,17,14,21,0,8,14,14,14,0,19,12,1,20,6,13,6,13,15,21,15,11,3,8,0,12,15,3,0,7,4,7,10,17,19,12,8,12,16,14,9,8,16,10,20,9,11,16,16,20,19,8,16,5,23,0,20,1,4,13,0,10,6,9,15,9,8,1,15,12,11,6,25,18,18,0,24,15,10,17,13,13
1856,6,7,2,0,13,26,11,8,23,9,9,0,9,18,9,17,14,21,0,8,14,14,14,0,19,12,1,20,6,13,6,13,15,21,15,11,3,8,0,12,15,3,0,7,4,7,10,17,19,12,8,12,16,14,9,8,16,10,20,9,11,16,16,20,19,8,16,5,23,0,20,1,4,13,0,10,6,9,15,9,8,1,15,12,11,6,25,18,18,0,24,15,10,17,13,13
1857,6,7,2,0,13,26,11,8,23,9,10,0,9,18,9,17,14,21,0,8,14,14,14,0,19,12,1,20,6,13,6,13,15,21,15,11,3,8,0,12,15,3,0,7,4,7,10,17,19,12,8,12,16,14,9,8,16,10,20,9,11,16,16,20,19,8,16,5,23,0,20,1,4,13,0,10,6,9,15,9,8,1,15,12,11,6,25,18,18,0,24,15,10,17,13,13
1858,6,7,2,0,13,26,11,8,23,9,10,0,9,18,9,17,14,21,0,8,14,14,14,0,19,12,1,20,6,13,7,13,15,21,15,12,3,8,0,12,15,3,0,7,4,7,10,17,19,13,8,12,16,14,9,8,16,10,20,9,11,16,16,20,19,8,16,5,23,0,20,1,4,13,0,10,6,9,15,9,8,1,16,12,11,6,25,18,18,0,24,15,10,17,13,13
1859,6,7,2,0,13,26,11,8,24,9,10,0,9,18,9,17,14,21,0,8,14,14,14,0,19,12,1,20,6,13,7,13,15,21,15,12,3,8,0,12,15,3,0,7,4,7,10,17,19,13,8,12,16,14,9,8,16,10,20,9,11,16,16,20,19,8,16,5,23,0,20,1,4,13,0,10,6,9,15,9,8,1,17,12,11,6,25,18,18,0,24,15,10,17,13,13
1860,6,7,2,0,13,26,11,8,24,9,10,0,9,18,9,17,14,21,0,8,14,14,14,0,19,12,1,20,6,13,7,13,15,21,15,12,3,8,0,12,15,3,0,7,4,7,10,17,19,13,8,12,16,14,9,8,16,10,20,9,11,16,16,20,19,8,16,5,23,0,20,1,4,13,0,10,6,9,15,9,8,1,17,12,11,7,25,18,18,0,24,15,10,17,13,13
1861,7,7,3,0,13,26,11,8,24,9,10,0,9,18,9,17,14,21,0,8,14,14,14,0,19,12,1,20,6,13,7,13,15,21,15,12,3,8,0,12,15,3,0,7,4,8,10,17,19,13,8,12,16,14,9,8,16,10,20,10,11,17,16,20,19,8,16,5,23,0,20,1,4,13,0,10,6,9,15,9,8,1,17,12,11,7,25,18,19,0,24,15,10,17,13,13
1862,7,7,3,0,14,26,11,8,24,9,10,0,9,18,9,17,14,21,0,8,14,14,14,0,19,12,1,20,6,13,7,13,15,21,15,12,3,8,0,12,15,3,0,8,4,8,10,17,19,13,8,12,16,15,9,8,16,10,20,10,11,17,16,20,19,8,17,5,23,0,20,1,4,13,0,10,6,9,15,9,8,1,17,13,11,8,25,18,19,0,24,15,10,17,13,13
1863,7,7,3,0,14,26,11,8,24,9,10,0,9,18,9,17,14,21,0,8,14,14,14,0,19,12,1,20,6,13,7,13,15,21,15,12,3,8,0,12,15,3,0,8,4,8,10,17,19,13,8,12,16,15,9,8,16,10,20,10,11,17,16,20,19,8,17,5,24,0,20,1,4,13,0,11,6,9,15,9,8,1,17,13,11,8,25,18,19,0,24,15,10,17,13,13
1864,7,7,3,0,14,26,11,8,24,9,10,0,9,18,9,17,14,22,0,8,14,14,14,0,19,12,1,20,6,13,7,13,15,21,15,12,3,8,0,12,15,3,0,8,4,8,10,17,19,13,8,12,16,15,9,8,16,10,20,10,11,17,16,20,19,8,17,5,24,0,20,1,4,13,0,11,6,9,15,9,8,1,17,13,11,8,25,18,19,0,24,15,10,17,13,13
1865,7,7,3,0,14,26,11,8,24,9,10,0,9,18,9,17,14,22,0,8,14,14,14,0,19,12,1,20,6,13,7,13,15,21,15,12,3,8,0,12,15,3,0,8,4,8,10,17,19,13,8,12,16,15,9,8,16,10,20,10,11,17,16,20,19,8,17,5,24,0,20,1,4,13,0,11,6,9,15,9,8,1,18,13,11,8,25,18,19,0,25,15,10,17,13,13
1866,7,7,3,0,14,26,11,8,24,9,10,0,9,18,9,17,14,22,0,8,14,14,14,0,19,12,1,20,6,13,7,13,15,21,15,12,3,8,0,12,15,3,0,8,4,8,10,17,19,13,8,12,16,15,9,8,16,10,20,10,11,17,16,20,19,8,17,5,24,0,20,1,4,13,0,11,6,9,15,9,8,1,18,13,11,8,25,18,19,0,25,15,10,17,13,13
1867,7,7,3,0,14,26,11,8,24,9,10,0,10,18,9,17,14,22,0,8,14,14,14,0,19,12,1,20,6,13,7,14,15,21,15,12,3,8,0,12,15,3,0,8,4,8,10,17,19,13,8,12,16,15,9,8,16,10,20,10,11,17,16,20,19,8,18,6,24,0,20,1,4,13,0,11,6,9,15,9,8,1,18,13,11,8,25,18,19,0,25,15,10,18,13,13
1868,7,7,3,0,14,26,11,8,24,9,10,0,10,18,9,17,14,22,0,8,14,14,14,0,19,12,1,20,6,13,7,14,15,21,15,12,3,8,0,12,15,3,0,9,4,8,11,17,19,13,8,12,16,15,9,8,16,10,20,10,11,17,16,20,19,8,19,6,24,0,20,1,4,13,0,11,6,9,15,9,8,1,18,13,11,9,25,18,19,0,25,15,10,18,13,13
1869,7,7,3,0,14,26,11,8,24,9,10,0,11,18,9,17,14,22,0,8,14,14,14,0,19,12,1,20,6,13,7,14,15,21,15,12,3,8,0,12,15,3,0,9,4,8,11,17,19,13,8,12,16,15,9,8,16,10,20,10,11,17,16,20,19,8,19,6,24,0,20,1,4,13,0,11,6,9,15,9,8,1,18,13,11,9,25,18,19,0,25,15,11,18,13,13
1870,7,8,3,0,14,26,11,8,24,9,10,0,11,18,9,17,14,22,0,8,14,14,14,0,20,12,1,20,6,13,7,14,15,21,15,12,3,8,0,12,15,3,0,9,4,8,11,17,19,13,8,12,16,15,9,8,16,10,20,10,11,17,16,20,19,8,19,6,24,0,20,1,4,13,0,12,6,9,15,9,8,1,18,13,11,9,25,18,19,0,25,16,11,18,13,13
1871,7,8,3,0,15,26,11,8,24,9,10,0,11,18,9,17,14,22,0,8,14,14,14,0,20,12,1,20,7,13,7,14,15,21,15,12,3,8,0,12,15,3,0,9,4,8,11,17,19,13,8,12,16,15,9,8,16,10,20,10,11,17,16,20,19,8,19,6,24,0,20,1,4,14,0,12,6,9,15,9,8,1,19,13,11,9,26,18,19,0,25,16,12,18,13,13
1872,7,8,3,0,15,26,11,8,24,9,10,0,11,18,9,17,14,22,0,9,14,15,14,0,20,12,1,20,7,13,8,15,15,21,15,12,3,8,0,12,15,3,0,9,4,8,11,17,19,13,8,12,16,15,9,8,16,10,20,10,11,17,16,20,19,8,19,6,24,0,20,1,4,14,0,12,6,9,15,9,8,1,19,13,11,9,26,18,19,0,25,16,12,18,13,13
1873,7,8,3,0,15,26,11,8,24,9,10,0,11,18,9,17,14,22,0,9,14,15,14,0,20,12,1,20,7,13,8,15,15,21,15,12,3,8,0,12,16,3,0,9,4,8,11,17,19,13,8,12,16,15,9,8,16,10,20,10,11,17,16,21,19,8,19,6,25,0,20,1,4,14,0,12,6,9,15,9,8,1,19,13,11,9,26,18,19,0,25,16,12,18,13,13
1874,7,8,3,0,15,26,11,8,24,9,10,0,11,18,9,17,14,22,0,9,14,15,14,0,20,12,1,20,7,13,8,15,15,21,15,12,3,8,0,12,16,3,0,9,4,8,11,17,19,13,8,12,16,15,9,8,16,10,21,10,11,17,16,21,19,8,19,6,25,0,20,1,4,14,0,12,6,9,15,9,9,1,19,14,11,9,26,18,19,0,25,16,12,18,13,13
1875,7,8,3,0,15,26,11,9,24,9,10,0,11,18,9,17,14,22,0,9,14,15,14,0,20,12,1,20,7,13,8,15,15,21,15,12,3,8,0,12,16,3,0,9,4,8,11,17,19,13,8,12,16,15,9,8,16,10,21,10,11,17,16,21,19,8,19,6,25,0,20,1,4,14,0,12,6,9,15,9,9,1,20,14,11,9,26,18,19,0,25,17,12,18,13,13
1876,7,8,3,0,15,26,11,9,24,9,10,0,11,18,9,17,14,22,0,9,14,15,14,0,20,13,1,20,7,13,8,15,15,21,15,12,3,8,0,12,16,3,0,9,5,8,11,17,19,13,8,12,16,15,9,8,16,10,21,10,12,17,16,21,19,8,19,6,25,0,20,1,4,14,0,12,6,9,15,9,9,1,20,14,11,9,26,18,19,0,25,17,12,18,13,13
1877,7,8,3,0,15,26,11,9,24,9,10,0,11,18,9,17,14,22,0,9,14,15,14,0,20,13,1,20,7,13,8,15,15,21,15,12,3,9,0,12,16,3,0,9,5,8,11,17,19,13,8,12,16,15,9,8,16,10,21,10,12,17,16,21,19,8,19,6,25,0,20,1,4,14,0,12,6,9,15,9,9,1,20,14,11,9,26,18,19,0,25,17,12,18,13,13
1878,7,8,3,0,15,26,12,9,24,10,10,0,11,18,9,17,14,22,0,9,14,15,14,0,20,13,1,20,7,13,8,15,15,21,15,12,3,9,0,12,16,3,0,9,5,8,11,17,19,13,8,12,16,15,9,8,16,10,21,10,12,17,16,21,19,8,19,6,26,0,20,1,4,14,0,12,6,9,15,9,9,1,20,15,11,9,26,18,19,0,25,17,12,18,13,13
1879,7,8,3,0,15,26,12,10,24,10,10,0,11,18,9,17,14,22,0,9,14,15,14,0,20,13,1,20,7,13,8,15,15,22,15,12,3,9,0,12,16,3,0,9,5,8,11,17,19,13,8,12,16,15,9,8,16,10,21,10,12,17,16,21,19,8,19,6,26,0,20,1,4,14,0,12,6,9,15,9,9,1,20,15,11,10,26,18,19,0,25,17,12,18,13,13
1880,7,8,3,0,15,26,12,10,24,10,10,0,11,18,9,17,14,22,0,9,14,15,14,0,20,13,1,20,7,13,8,15,15,23,15,12,3,9,0,12,16,3,0,9,5,8,11,17,19,13,8,12,16,15,9,8,16,10,21,10,12,17,16,21,19,8,19,6,26,0,20,1,4,14,0,12,6,9,15,9,9,1,20,15,11,10,26,18,19,0,25,17,12,18,13,13
1881,7,8,3,0,15,26,12,10,24,10,10,0,11,18,9,17,14,22,0,9,14,15,14,0,20,13,1,20,7,13,8,16,15,23,15,12,3,9,0,12,16,3,0,9,5,8,11,17,19,13,8,12,16,15,9,8,16,10,21,10,12,17,16,21,19,8,19,6,26,0,20,1,4,14,0,12,6,9,15,9,10,1,20,15,11,10,26,18,19,0,25,17,12,18,13,13
1882,7,8,3,0,15,26,12,10,24,10,10,0,11,18,9,17,14,22,0,9,14,15,14,0,20,13,1,20,7,14,8,16,16,23,15,12,3,9,0,12,16,3,0,9,5,8,11,17,19,13,8,12,16,15,9,8,16,10,21,10,12,17,16,21,19,8,19,6,27,0,20,1,4,14,0,12,6,9,16,9,10,1,20,15,12,10,26,18,19,0,26,17,12,18,13,13
1883,7,8,3,0,15,26,12,10,24,10,10,0,11,19,9,17,14,22,0,9,14,15,14,0,20,14,1,20,7,14,8,16,16,23,15,12,3,9,0,12,16,3,0,9,5,8,11,17,19,13,8,12,16,15,9,8,16,10,21,10,12,17,16,21,19,8,19,6,27,0,20,1,4,14,0,12,6,9,16,9,10,1,21,15,12,10,26,18,19,0,26,17,12,18,13,13
1884,7,8,3,0,15,26,12,10,24,10,10,0,11,19,9,17,14,22,0,9,14,15,14,0,20,14,1,20,7,14,8,16,16,23,15,12,4,9,0,12,16,3,0,9,5,8,11,17,19,13,8,12,16,15,9,8,16,10,21,10,12,17,16,23,19,8,19,6,27,0,20,1,4,14,0,12,6,9,16,10,10,1,21,15,12,10,26,19,19,0,26,17,12,18,13,13
1885,7,8,3,0,15,26,12,10,24,10,10,0,11,19,9,17,14,22,0,9,14,15,14,0,20,14,1,20,7,14,8,16,16,23,15,12,4,9,0,12,16,3,0,9,5,8,11,17,19,13,8,12,16,15,9,8,16,10,21,10,12,17,17,23,19,8,19,6,27,0,20,1,4,14,0,12,6,9,16,10,10,1,21,15,12,10,26,19,19,0,26,17,12,18,13,13
1886,7,8,3,0,15,26,12,10,24,10,10,0,11,19,9,17,14,22,0,9,14,15,14,0,20,14,1,20,7,14,8,16,16,23,15,12,4,9,0,12,16,3,0,9,5,8,11,17,19,13,8,12,16,15,9,8,16,10,21,10,12,17,17,23,19,8,19,6,27,0,20,1,4,14,0,12,6,9,16,10,10,1,21,15,12,10,26,19,19,0,26,17,12,18,13,13
1887,7,8,3,0,15,26,12,10,24,10,10,0,11,20,9,17,14,22,0,9,14,15,14,0,20,14,1,20,7,14,8,16,16,23,15,12,4,9,0,12,16,3,0,9,5,8,12,17,19,13,9,12,16,15,9,8,16,10,21,10,12,17,17,23,19,8,19,6,27,0,20,1,4,14,0,13,6,9,16,10,10,1,22,15,12,10,26,19,19,0,26,17,12,18,13,13
1888,7,8,3,0,15,26,12,10,24,10,10,0,11,20,9,17,14,22,0,9,14,15,14,0,20,14,1,20,7,14,8,16,16,23,15,12,4,9,0,12,16,3,0,9,5,8,12,17,19,13,9,12,17,16,9,10,16,10,21,10,12,17,17,23,19,8,19,6,27,0,20,1,4,14,0,13,6,9,16,10,10,1,22,15,12,10,26,19,19,0,26,17,13,18,13,13
1889,7,8,3,0,15,26,12,10,24,10,10,0,11,20,9,17,15,22,0,9,14,16,14,0,20,14,1,20,7,15,8,16,16,23,15,12,4,9,0,12,16,3,0,9,5,8,12,17,19,13,9,12,17,16,9,10,16,10,21,10,12,17,17,23,19,8,19,6,27,0,20,1,4,14,0,13,6,9,16,10,10,1,22,15,12,10,26,19,19,0,26,17,13,18,13,13
1890,7,8,3,0,15,26,12,10,25,10,10,0,11,20,9,17,15,22,0,9,14,16,14,0,20,14,1,20,7,15,8,16,16,23,15,13,4,9,0,12,16,3,0,9,5,8,12,17,20,13,9,12,17,16,9,10,16,10,21,10,12,17,17,23,19,8,19,6,27,0,20,1,4,14,0,13,6,9,16,10,10,1,22,15,12,10,26,19,19,0,26,17,13,18,13,13
1891,7,8,3,0,15,26,12,10,25,10,10,0,11,20,9,17,15,22,0,9,14,16,14,0,20,14,1,20,7,16,8,16,16,24,15,13,4,9,0,13,16,3,0,9,5,8,12,17,20,13,9,12,17,16,9,10,16,10,21,10,12,17,17,23,19,8,19,6,27,0,20,1,4,14,0,13,6,9,16,10,10,1,22,15,12,10,26,19,19,0,26,17,13,18,13,13
1892,8,8,3,0,15,26,12,10,25,10,10,0,11,20,9,17,15,22,0,9,14,16,14,0,20,14,1,20,7,16,8,16,16,24,15,13,4,9,0,13,16,3,0,9,5,8,12,17,20,13,9,13,17,16,9,10,16,10,21,10,12,17,17,23,19,8,19,6,27,0,20,1,4,14,0,13,6,9,16,10,10,1,22,15,12,10,26,19,19,0,26,17,13,18,13,13
1893,8,8,3,0,16,26,12,10,25,10,10,0,11,20,9,17,15,22,0,10,14,16,14,0,20,14,1,20,7,16,8,16,16,24,15,13,4,9,0,13,16,3,0,9,5,8,12,17,20,13,9,13,17,16,9,10,16,10,21,10,12,17,17,23,19,8,19,6,27,0,21,1,4,14,0,13,6,9,16,10,10,1,22,15,12,10,26,19,19,0,26,17,13,18,13,13
1894,8,8,3,0,16,26,12,10,25,10,10,0,12,20,9,17,15,22,0,10,14,16,14,0,20,14,1,20,7,16,8,16,16,24,15,13,4,9,0,13,16,3,0,9,5,8,12,17,20,13,9,13,17,16,9,10,16,10,22,10,12,17,17,23,19,8,19,6,27,0,22,1,4,14,0,13,6,9,16,10,11,1,22,15,12,10,26,19,19,0,26,17,13,18,13,13
1895,8,8,3,0,16,26,13,10,25,10,10,0,12,20,9,17,15,22,0,10,14,16,14,0,20,14,1,20,7,16,8,16,16,24,15,13,4,9,0,13,16,3,0,9,5,8,12,17,20,13,9,13,17,16,9,10,16,10,22,10,12,17,17,23,19,8,19,6,27,0,23,1,4,14,0,13,6,9,16,10,11,1,22,15,12,10,26,19,19,0,26,17,13,18,13,13
1896,8,8,3,0,16,26,13,10,25,10,10,0,12,21,9,18,15,22,0,10,14,16,14,0,21,14,1,20,7,16,8,16,16,24,15,13,4,9,0,13,16,3,0,9,5,8,12,17,20,13,9,13,17,16,9,10,16,10,22,10,12,17,17,23,19,8,19,6,28,0,23,1,4,14,0,13,6,9,16,10,11,1,22,15,12,10,26,19,19,0,26,17,13,18,13,13
1897,8,8,3,0,16,26,13,10,25,10,10,0,12,21,9,19,15,22,0,10,14,16,14,0,21,14,1,20,7,16,8,16,16,24,15,13,4,9,0,13,16,3,0,9,5,9,12,17,20,13,9,13,17,16,9,10,16,10,24,10,12,17,17,23,19,8,19,6,28,0,23,1,4,14,0,13,6,9,16,10,11,1,22,15,12,10,26,19,19,0,26,17,13,18,13,13
1898,8,8,3,0,16,26,13,10,25,10,10,0,12,21,9,19,15,22,0,10,14,16,14,0,21,14,1,20,7,16,8,16,16,24,16,13,4,9,0,13,16,3,0,9,5,9,12,17,20,13,9,13,17,16,9,10,16,10,24,10,12,17,17,24,19,8,19,6,28,0,23,1,4,14,0,13,6,9,16,10,12,1,22,15,12,10,26,19,19,0,26,17,13,18,13,13
1899,8,8,3,0,16,26,13,11,26,10,10,0,12,21,9,19,15,22,0,10,14,16,14,0,21,14,1,20,7,16,8,16,16,24,16,13,4,9,0,13,16,3,0,9,5,9,12,17,20,13,9,13,17,16,9,10,16,10,24,10,12,17,17,24,19,8,19,6,28,0,23,1,4,15,0,13,6,9,16,10,12,1,22,15,12,10,26,19,20,0,26,17,13,18,13,13
1900,8,8,3,0,16,26,13,11,26,10,10,0,12,21,9,19,15,22,0,10,14,16,14,0,22,14,1,20,7,16,8,16,16,24,16,13,4,9,0,13,16,3,0,9,5,9,12,17,20,13,9,13,17,16,9,10,16,10,24,10,12,17,17,24,19,8,19,6,28,0,23,1,4,16,0,13,6,9,16,10,12,1,23,15,12,10,26,20,20,0,26,17,13,18,13,13
1901,8,8,3,0,16,26,13,11,26,10,10,0,12,21,10,19,15,22,0,10,14,16,14,0,22,14,1,20,7,16,8,16,16,24,16,13,4,9,0,13,16,3,0,9,5,9,12,17,20,13,9,13,17,16,9,10,16,10,24,10,12,18,17,24,19,8,19,6,28,0,23,1,4,16,0,13,6,9,16,10,12,1,23,15,12,10,26,20,20,0,26,17,13,18,13,13
1902,8,8,3,0,16,26,13,11,26,10,10,0,12,21,10,19,15,22,0,10,14,16,14,0,22,14,1,20,7,16,8,16,16,24,16,13,4,9,0,13,16,3,0,9,5,9,12,17,20,13,9,13,17,16,9,10,17,10,24,10,12,18,17,24,19,8,19,6,28,0,23,1,4,16,0,13,6,9,16,10,12,1,23,15,12,11,26,20,20,0,26,17,13,18,13,13
1903,8,8,3,0,16,26,13,12,26,10,10,0,12,21,10,19,15,22,0,10,14,16,14,0,22,14,1,20,8,16,8,16,16,24,16,13,4,9,0,13,16,3,0,9,5,9,12,17,20,13,9,13,17,16,9,10,17,10,25,10,12,18,17,24,19,8,19,6,28,0,23,1,4,16,0,13,6,9,18,10,12,1,23,15,12,11,26,20,20,0,26,17,13,18,13,13
1904,8,8,3,0,16,26,13,13,26,10,10,0,12,21,10,19,15,22,0,10,14,16,14,0,22,14,1,20,8,16,8,16,16,25,16,13,4,9,0,13,16,3,0,9,5,9,12,17,20,13,9,13,17,16,9,10,17,10,26,10,12,18,17,24,19,8,19,6,28,0,23,1,4,16,0,13,6,9,18,10,12,1,23,15,12,11,26,20,20,0,26,17,13,18,13,13
1905,8,8,3,0,16,26,13,13,27,10,10,0,12,21,10,19,15,22,0,10,14,16,14,0,22,14,1,20,8,16,8,16,16,25,16,13,4,9,0,13,17,3,0,9,5,9,12,17,20,14,10,13,17,16,9,10,17,10,26,10,12,18,17,24,19,8,19,6,28,0,23,1,4,16,0,13,7,9,18,10,12,1,23,15,12,11,26,20,20,0,26,17,14,18,13,13
1906,8,8,3,0,16,26,14,13,27,10,10,0,12,21,10,20,15,22,0,10,14,16,14,0,22,14,1,20,8,16,8,16,16,25,16,13,4,9,0,13,17,3,0,9,5,9,12,17,20,15,10,13,17,16,9,10,17,10,26,10,12,18,17,24,19,9,19,6,28,0,23,1,4,16,0,13,7,9,18,10,12,1,23,15,12,11,26,20,20,0,26,17,14,18,13,13
1907,8,8,3,0,16,26,14,13,27,10,10,0,12,21,10,20,15,22,0,10,14,16,14,0,22,14,1,20,8,16,8,16,16,25,16,13,4,9,0,13,17,3,0,9,5,9,12,17,20,15,10,13,17,16,9,10,17,10,26,10,12,18,17,24,19,9,19,6,28,0,23,1,4,16,0,13,7,9,18,10,12,1,23,15,12,11,26,20,20,0,26,17,14,18,13,13
1908,8,8,3,0,16,26,14,13,27,11,10,0,12,21,10,20,15,22,0,10,14,16,14,0,22,14,1,20,8,16,9,16,16,25,16,13,4,9,0,13,17,3,0,9,5,9,12,17,20,15,10,14,17,16,9,10,17,10,26,10,12,18,17,24,19,9,20,6,28,0,23,1,4,16,0,13,7,10,18,10,12,1,23,16,12,11,27,20,21,0,26,17,14,18,13,13
1909,8,8,3,0,16,26,14,13,27,11,10,0,12,21,10,20,15,22,0,10,14,16,14,0,22,14,1,20,8,16,9,16,16,25,16,13,4,9,0,13,17,3,0,9,5,9,12,17,21,15,10,14,17,17,9,10,17,11,27,10,12,18,17,24,19,9,20,6,29,0,23,1,4,16,0,13,7,10,18,10,12,1,23,16,12,11,27,20,21,0,26,17,14,18,13,13
1910,8,8,3,0,16,26,14,13,27,11,10,0,12,21,10,20,15,22,0,10,14,16,14,0,22,14,1,20,8,16,9,16,16,25,16,13,4,9,0,13,17,3,0,9,5,9,12,17,21,15,10,14,17,17,9,10,17,11,27,10,12,18,17,24,19,9,20,6,29,0,23,1,4,16,0,13,7,10,18,10,12,1,23,16,12,11,27,20,21,0,26,17,14,18,13,13
1911,8,8,3,0,16,26,14,13,27,11,10,0,12,21,10,20,15,22,0,10,14,16,14,0,22,14,1,20,8,16,9,16,16,25,16,13,4,9,0,13,17,3,0,9,5,9,12,17,21,15,10,14,17,17,10,10,17,11,27,10,12,18,17,24,19,9,20,6,29,0,23,1,4,16,0,13,7,10,18,10,12,1,23,16,12,11,27,20,21,0,26,17,14,18,13,13
1912,8,8,3,0,16,26,14,13,27,12,10,0,12,21,10,20,15,22,0,10,14,16,15,0,22,14,1,20,8,17,9,16,16,25,16,13,4,9,0,13,17,3,0,9,5,9,12,17,21,15,10,14,17,17,10,10,17,11,27,10,12,18,17,24,19,9,20,6,29,0,23,1,4,16,0,13,7,10,18,10,12,1,23,16,12,11,27,20,21,0,26,17,14,18,13,13
1913,8,8,3,0,16,26,14,13,27,12,10,0,12,21,10,20,15,22,0,10,14,16,15,0,22,14,1,20,8,17,9,16,17,25,16,13,5,9,0,13,18,3,0,9,5,9,12,17,21,15,10,14,17,17,10,11,17,11,28,10,12,18,17,24,19,9,20,6,29,0,23,1,4,16,0,13,7,10,18,10,12,1,23,16,12,11,27,20,21,0,26,17,15,18,13,13
1914,8,8,3,0,16,26,14,13,28,12,10,0,12,21,10,20,15,22,0,10,14,16,15,0,22,14,1,20,8,17,10,16,17,25,16,13,5,9,0,13,18,3,0,9,5,9,12,17,21,15,10,14,17,17,10,11,17,11,28,10,12,18,17,24,19,9,20,6,29,0,23,1,4,16,0,13,7,10,18,10,12,1,23,16,12,11,27,20,21,0,26,17,15,18,13,13
1915,8,8,3,0,16,27,14,13,28,12,10,0,12,21,10,20,15,22,0,10,14,16,15,0,22,14,1,20,8,17,10,16,17,25,16,13,5,9,0,13,19,3,0,9,5,9,12,17,21,15,10,14,17,17,10,11,17,11,28,10,12,18,18,24,19,9,20,6,29,0,23,1,4,16,0,13,7,10,18,10,12,1,23,16,12,11,27,20,21,0,26,17,15,19,13,13
1916,8,8,3,0,16,27,14,13,28,12,10,0,12,21,10,20,16,22,0,10,14,16,15,0,22,14,1,21,8,17,10,17,17,25,16,13,5,9,0,13,19,3,0,9,5,9,12,17,21,15,10,15,17,17,10,11,17,11,28,10,12,18,18,24,19,9,20,6,29,0,23,1,4,16,0,13,7,10,18,10,13,1,23,16,12,11,27,20,21,0,26,17,15,19,13,13
1917,8,8,3,0,16,27,14,13,28,12,10,0,12,21,10,20,16,22,0,10,14,16,15,0,22,14,1,21,8,17,10,17,17,25,16,13,5,9,0,13,19,3,0,9,5,9,12,17,21,15,10,15,17,17,10,11,17,11,28,10,12,18,18,24,19,10,20,6,29,0,24,1,4,16,0,13,7,10,18,10,13,1,23,16,12,11,27,20,22,0,26,17,15,19,13,14
1918,8,8,3,0,16,27,14,13,29,12,10,0,12,21,10,20,16,22,0,10,14,16,16,0,22,14,1,21,8,17,10,17,17,25,16,13,5,9,0,13,19,4,0,9,5,9,12,17,21,15,10,15,17,17,10,11,17,11,28,10,12,19,18,24,19,10,20,6,29,0,24,1,4,16,0,13,7,10,18,10,13,1,23,16,12,11,27,20,22,0,26,17,15,19,13,14
1919,8,8,3,0,16,27,14,13,29,12,10,0,12,21,10,20,16,22,0,10,14,16,16,0,22,14,1,21,8,17,10,17,17,25,16,13,5,9,0,13,19,4,0,9,5,9,12,17,21,15,10,15,17,18,10,11,17,11,28,10,12,19,18,24,19,10,20,6,29,0,24,1,4,16,0,13,7,10,18,10,13,1,23,16,12,11,27,20,22,0,26,17,15,19,13,14
1920,8,8,4,0,16,27,14,13,29,12,10,0,12,21,10,20,16,22,0,10,14,16,16,0,22,14,1,21,8,18,10,17,17,26,16,13,5,9,0,13,19,4,0,9,5,9,12,17,21,15,10,15,17,18,10,11,17,11,28,10,12,19,18,24,19,10,21,6,29,0,24,1,4,16,0,13,7,10,18,10,13,1,24,16,12,11,27,20,22,0,26,17,15,19,13,14
1921,8,8,4,0,16,27,14,13,29,12,10,0,12,21,10,20,16,22,0,10,14,16,16,0,22,14,1,21,8,18,10,17,17,26,17,13,5,9,0,13,19,4,0,9,5,10,12,17,21,15,10,15,17,18,10,11,17,11,28,10,12,19,18,24,19,10,21,6,29,0,24,1,4,16,0,13,7,10,18,10,13,1,24,16,12,11,27,20,22,0,26,17,15,19,13,14
1922,8,8,4,0,17,27,14,13,29,12,10,0,12,21,10,20,16,22,0,10,14,16,16,0,22,14,1,21,8,19,10,17,17,26,17,13,5,9,0,13,19,4,0,9,5,10,12,17,21,15,10,16,17,19,10,11,17,11,28,10,12,19,18,25,20,10,21,6,29,0,24,1,4,16,0,13,7,10,18,10,13,1,24,16,12,12,27,20,22,0,26,17,15,19,13,14
1923,8,8,4,0,17,27,15,13,29,12,12,0,12,21,10,20,17,22,0,10,14,16,16,0,22,14,1,21,8,19,10,17,17,26,17,13,5,9,0,13,19,4,0,9,5,10,12,17,21,15,10,16,17,19,10,11,17,11,28,10,12,19,18,25,20,10,21,6,29,0,24,1,4,16,0,13,7,10,18,10,14,1,24,16,12,12,27,20,22,0,26,17,15,19,13,14
1924,8,8,4,0,17,27,15,13,29,12,12,0,12,21,11,20,17,22,0,10,15,16,16,0,22,14,1,21,8,19,10,17,17,26,17,13,5,10,0,13,19,4,0,9,5,10,12,17,21,15,10,16,17,19,10,11,17,11,28,10,12,19,18,25,20,10,21,6,29,0,24,1,4,16,0,13,7,10,18,10,14,1,24,16,12,12,27,20,22,0,26,17,15,19,13,14
1925,8,8,4,0,17,27,15,13,29,12,12,0,12,21,11,20,17,22,0,10,15,17,16,0,22,14,1,21,8,19,10,17,17,26,17,13,5,10,0,13,19,4,0,9,5,10,12,17,21,15,10,16,17,19,10,11,17,11,28,10,12,19,18,25,20,10,21,6,29,0,24,1,4,16,0,13,7,10,18,10,14,1,24,16,12,12,27,20,22,0,26,17,15,19,13,14
1926,8,8,4,0,17,27,15,13,29,12,12,0,12,22,11,20,17,23,0,10,15,17,16,0,22,14,1,21,8,19,10,17,17,26,17,13,5,10,0,13,20,4,0,9,5,10,12,17,21,15,10,16,17,19,10,11,17,11,28,10,12,19,18,25,20,10,21,6,29,0,24,1,4,16,0,13,7,10,18,10,14,1,24,16,12,12,27,20,22,0,26,17,15,19,13,14
1927,8,8,4,0,17,27,15,13,29,12,12,0,12,22,11,20,17,23,0,10,15,17,16,0,22,14,1,21,8,19,10,17,17,26,17,13,5,10,0,13,20,4,0,9,5,10,12,17,21,15,10,16,17,19,10,11,17,11,28,10,12,19,18,25,20,10,21,6,30,0,24,1,4,16,0,13,7,10,18,10,14,1,24,16,12,12,27,21,22,0,26,17,16,19,13,14
1928,8,8,4,0,17,27,15,13,29,12,12,0,12,22,11,20,17,23,0,10,15,17,16,0,22,14,1,21,8,19,11,17,17,26,17,13,5,10,0,13,20,4,0,9,5,10,12,17,21,15,10,16,17,19,11,11,17,11,28,10,12,19,18,25,20,10,21,6,30,0,24,1,4,16,0,13,7,10,18,10,14,2,24,16,12,12,27,21,22,0,27,17,16,19,13,14
1929,8,8,4,0,17,27,15,13,29,12,12,0,12,22,11,20,17,23,0,10,15,17,16,0,22,14,1,21,8,19,11,17,17,26,17,14,5,10,0,13,20,4,0,9,5,10,13,17,21,15,10,16,17,19,11,11,17,11,28,10,12,19,18,25,22,10,21,6,31,0,24,2,4,17,0,13,7,10,18,10,14,2,24,16,12,12,27,21,22,0,27,17,16,19,13,14
1930,8,8,4,0,17,27,15,13,29,12,12,0,12,22,11,20,17,23,0,10,15,17,16,0,22,14,1,21,8,19,11,17,17,26,17,14,5,10,0,13,20,4,0,9,5,10,13,17,21,15,10,16,17,19,11,11,17,11,28,10,12,19,18,25,22,10,21,6,31,0,24,2,4,17,0,13,7,11,18,10,14,2,24,16,12,12,27,21,22,0,27,17,16,19,13,14
1931,8,8,4,0,17,27,15,13,29,12,12,0,12,22,11,20,17,24,0,10,15,17,17,0,22,14,1,21,8,19,11,17,17,26,17,14,5,10,0,13,20,4,0,9,5,10,13,17,21,15,10,16,17,19,11,11,17,11,28,10,12,19,18,25,22,10,21,6,31,0,24,2,4,17,0,13,7,11,18,10,14,2,24,16,12,12,27,21,22,0,27,17,16,19,13,14
1932,8,8,4,0,17,27,15,13,29,12,12,0,12,22,11,20,17,24,0,10,15,18,17,0,22,14,1,22,8,19,11,17,17,26,17,14,5,10,0,13,20,4,0,9,5,10,13,17,21,15,10,16,17,19,11,11,17,11,28,10,13,19,18,25,22,10,21,6,31,0,24,2,4,17,0,13,8,11,18,10,14,2,24,16,12,12,27,21,22,0,27,17,16,19,13,14
1933,8,8,4,0,17,27,15,13,29,12,12,0,12,22,11,20,17,24,0,10,15,18,17,0,22,14,1,22,8,19,11,17,17,26,17,14,5,10,0,13,20,4,0,9,5,10,13,17,21,15,10,16,17,19,11,11,17,11,28,10,13,19,18,25,22,10,21,6,31,0,24,2,4,17,0,13,8,11,18,10,14,2,24,16,12,12,27,22,22,0,27,17,16,19,13,14
1934,8,9,5,0,17,27,15,13,29,12,12,0,12,22,11,20,17,24,0,10,15,18,17,0,22,14,1,22,8,19,11,17,17,26,19,14,5,10,0,13,20,4,0,9,5,10,13,17,21,15,10,16,18,19,11,11,17,11,28,10,13,19,18,25,22,10,21,6,31,0,24,2,4,17,0,13,8,11,18,10,14,2,24,16,12,12,27,22,22,0,27,18,16,19,13,14
1935,8,9,5,0,17,27,15,13,29,12,12,0,12,22,11,20,17,24,0,10,15,18,17,0,22,14,1,22,8,19,12,17,17,26,19,14,5,10,0,13,20,4,0,9,5,10,13,17,21,15,10,16,18,19,11,11,17,11,28,10,13,19,18,25,22,10,21,6,31,0,24,2,4,17,0,13,8,11,18,10,14,2,24,16,12,12,27,22,22,0,27,18,16,19,13,14
1936,8,9,5,0,17,28,15,13,29,12,12,0,13,22,11,20,17,24,0,10,15,18,17,0,22,14,1,22,8,19,12,17,17,26,19,14,5,10,0,13,20,4,0,9,5,10,13,18,21,15,10,16,18,19,11,11,17,11,28,10,13,19,18,25,22,10,21,6,31,0,24,2,4,17,0,13,8,11,18,10,14,2,24,16,12,12,27,22,22,0,27,18,16,19,13,14
1937,8,9,5,0,17,28,15,13,29,12,12,0,14,22,11,20,17,24,0,10,15,18,17,0,22,14,1,22,8,19,12,17,17,26,19,14,5,10,0,14,20,4,0,9,5,10,13,18,21,15,10,16,18,19,11,11,17,11,28,10,13,19,18,25,22,10,21,6,31,0,24,2,4,17,0,13,8,11,18,10,14,2,24,16,12,12,27,22,22,0,27,18,16,19,13,14
1938,8,9,5,0,17,28,15,13,29,12,12,0,14,22,11,20,17,24,0,10,15,18,17,0,22,14,1,22,8,19,12,17,17,26,19,14,5,10,0,14,20,4,0,9,5,10,13,18,21,15,10,16,18,19,11,11,17,11,28,10,13,19,18,25,22,10,21,6,31,0,24,2,4,17,0,13,8,11,18,10,14,2,24,16,12,12,27,22,22,0,27,18,16,19,13,14
1939,8,9,5,0,17,28,15,13,29,12,13,0,14,22,11,20,17,24,0,10,15,18,17,0,23,14,1,22,8,19,12,17,17,26,19,14,5,10,0,14,20,4,0,9,5,10,13,18,21,15,10,16,18,19,11,11,17,11,28,10,13,19,18,25,22,10,21,6,31,0,24,2,4,17,0,13,8,11,18,10,14,2,24,16,12,12,27,22,22,0,27,18,16,19,13,14
1940,8,9,5,0,17,28,16,13,29,13,13,0,14,22,11,20,17,24,0,10,15,18,17,0,23,14,1,22,8,19,12,17,17,26,19,14,5,10,0,14,20,4,0,9,6,10,13,19,21,15,10,16,18,19,11,11,17,11,28,10,13,19,18,26,22,10,21,6,31,0,24,2,4,17,0,13,8,11,18,10,14,2,24,16,12,12,27,22,22,0,27,18,16,19,13,14
1941,8,9,5,0,17,28,16,14,29,13,13,0,14,22,11,20,17,24,0,10,15,18,17,0,23,14,1,22,8,19,12,17,17,26,19,14,5,10,0,14,20,4,0,10,6,10,13,19,21,15,10,16,18,19,11,11,17,11,28,10,13,19,18,26,23,10,21,6,31,0,24,2,4,17,0,13,8,11,18,10,14,2,24,16,12,12,27,22,22,0,27,18,16,19,13,14
1942,8,9,5,0,18,28,16,14,29,13,13,0,14,22,11,20,17,24,0,10,15,18,17,0,23,14,1,22,8,19,12,17,17,26,19,14,5,10,0,14,20,4,0,10,6,10,13,19,21,15,10,17,18,19,11,11,17,11,28,10,13,19,18,26,24,10,21,6,31,0,24,2,4,17,0,13,8,11,18,10,14,2,24,16,12,12,27,22,22,0,27,18,16,19,13,14
1943,8,9,5,0,18,28,16,14,29,14,13,0,14,22,11,20,17,24,0,10,15,18,17,0,23,14,1,22,8,19,12,17,17,26,19,14,6,10,0,14,20,4,0,10,6,10,14,19,21,15,10,17,18,20,11,11,17,11,28,10,13,19,18,26,24,10,21,6,31,0,24,2,4,17,0,14,8,11,18,10,14,2,24,16,12,12,27,22,23,0,27,18,16,19,13,14
1944,8,9,5,0,18,28,16,14,29,14,13,0,14,22,11,20,17,24,0,10,15,18,17,0,23,14,1,22,8,19,12,17,17,26,19,14,6,10,0,14,20,4,0,10,7,10,14,19,21,15,10,17,18,20,11,11,17,11,28,10,13,19,18,26,24,10,21,6,31,0,24,2,4,17,0,14,8,11,18,10,14,2,24,16,12,12,27,22,23,0,27,18,16,20,13,14
1945,8,9,5,0,18,28,16,14,29,14,13,0,14,23,11,21,17,24,0,10,15,18,17,0,23,15,1,22,9,19,12,17,17,26,19,14,6,10,0,14,20,4,0,10,7,10,14,19,21,15,10,17,18,20,11,11,17,11,28,10,13,19,18,26,24,10,22,6,31,0,25,2,4,18,0,14,8,11,18,10,14,2,24,16,12,12,27,22,23,0,27,18,16,20,13,14
1946,8,9,5,0,18,28,16,14,29,14,13,0,14,23,11,21,17,24,0,11,15,18,17,0,23,15,1,22,9,19,12,17,17,26,19,14,6,10,0,14,20,4,0,12,7,10,14,19,21,15,10,17,18,20,11,11,17,11,28,10,13,19,18,26,24,10,22,7,31,0,25,2,4,18,0,14,8,11,18,10,14,2,24,16,12,12,27,22,23,0,27,18,16,20,13,14
1947,8,9,5,0,18,29,16,14,29,14,13,0,14,23,11,21,17,24,0,12,15,18,17,0,23,15,1,22,9,19,12,18,17,26,19,14,6,11,0,14,20,4,0,12,7,10,14,19,21,15,10,17,18,20,11,11,17,11,28,11,13,19,18,26,24,10,22,7,31,0,25,2,4,18,0,14,8,11,18,10,14,2,24,16,12,12,27,22,23,0,27,18,16,20,13,14
1948,8,9,5,0,18,29,16,14,29,14,13,0,14,23,11,21,17,24,0,13,15,18,17,0,23,15,1,22,9,19,12,18,17,26,19,14,6,11,0,14,21,4,0,12,7,10,15,19,21,15,10,17,18,20,11,11,18,11,28,11,13,19,18,26,24,10,22,7,31,0,25,2,4,18,0,14,8,11,18,10,14,2,24,16,13,12,27,22,23,0,27,18,16,20,13,14
1949,8,9,5,0,18,29,16,14,29,14,14,0,14,23,11,21,17,24,0,13,15,18,17,0,23,15,1,22,9,19,12,18,17,26,19,14,6,11,0,14,21,4,0,12,7,10,15,19,21,16,10,17,18,20,11,12,19,11,28,11,13,19,19,26,24,10,22,7,32,0,25,2,4,18,0,14,8,11,18,10,14,2,24,16,13,13,27,22,23,0,27,18,16,20,13,14
1950,8,9,5,0,18,29,16,14,29,14,14,0,14,23,11,21,17,24,0,13,15,18,17,0,23,15,1,23,9,19,12,18,17,26,19,14,6,11,0,14,21,4,0,12,7,10,15,19,21,17,10,17,18,20,11,12,19,11,28,11,13,19,19,26,24,10,22,7,32,0,26,2,4,18,0,14,8,11,18,10,14,2,24,16,13,13,27,22,23,0,27,18,16,20,13,14
1951,8,9,5,0,18,29,16,14,29,14,14,0,14,23,11,21,17,24,0,13,15,18,17,0,23,15,1,23,9,19,12,18,17,26,19,14,6,11,0,14,21,4,0,12,7,10,15,19,21,17,10,17,18,20,11,12,19,11,28,11,13,19,19,26,24,10,22,7,32,0,26,2,4,18,0,14,8,11,18,10,14,2,24,16,14,13,27,22,23,0,27,18,16,20,13,14
1952,8,9,5,0,18,29,16,14,29,14,14,0,14,23,11,21,17,24,0,13,15,18,17,0,23,15,1,23,9,19,12,18,17,26,19,14,6,11,0,14,21,4,0,12,7,10,15,19,21,17,10,18,18,20,11,13,19,11,28,12,13,19,19,26,24,10,22,7,32,0,26,2,4,18,0,14,8,11,18,10,14,2,24,17,14,13,27,22,23,0,27,18,16,20,13,14
1953,8,9,5,0,18,29,16,14,29,14,14,0,14,23,11,21,18,24,0,13,15,20,17,0,23,15,1,23,9,19,12,18,18,26,19,14,6,11,0,14,21,4,0,12,7,10,15,19,21,17,11,18,19,20,11,13,19,11,28,12,13,19,19,26,24,10,22,7,32,0,26,2,4,18,0,14,8,11,18,10,14,2,24,17,14,13,27,22,23,0,27,18,16,20,13,15
1954,8,9,5,0,18,29,16,14,29,14,14,0,14,23,11,21,18,24,0,13,15,20,17,0,23,15,1,23,9,19,12,18,18,26,20,14,6,11,0,14,21,4,0,12,7,10,15,19,21,17,11,18,19,20,11,13,19,11,28,12,13,19,19,26,24,10,22,7,32,0,26,2,4,18,0,14,8,11,18,10,14,2,24,17,14,13,27,22,23,0,27,18,16,20,14,15
1955,8,9,5,0,18,29,16,14,29,14,14,0,14,23,11,21,19,25,0,13,15,20,17,0,23,15,1,23,9,19,12,18,18,26,20,14,6,11,0,14,21,4,0,12,7,10,15,19,21,17,11,18,19,20,11,13,19,11,28,12,13,19,19,26,24,10,22,7,32,0,26,2,4,18,0,14,8,11,18,10,14,2,24,17,14,13,27,22,23,0,27,18,16,20,14,15
1956,8,9,5,0,18,29,16,14,29,14,14,0,14,23,11,21,19,25,0,13,15,20,17,0,23,15,1,23,9,19,12,18,18,26,20,14,6,11,0,14,21,4,0,12,7,11,15,19,21,17,11,18,19,21,11,13,19,11,28,12,13,19,19,26,24,10,22,7,32,0,26,2,4,18,0,15,8,11,18,10,14,2,24,17,14,13,27,22,23,0,27,18,16,20,14,15
1957,8,9,5,0,18,29,16,14,29,15,14,0,14,23,11,21,19,25,0,13,15,20,17,0,23,15,1,23,9,19,12,18,18,26,20,14,6,11,0,14,21,4,0,12,7,11,15,19,21,17,11,18,19,21,11,13,19,11,28,12,13,19,19,26,24,10,22,7,32,0,26,2,4,18,0,15,8,11,18,10,14,2,24,17,15,13,27,23,23,0,27,18,16,20,14,15
1958,8,9,5,0,18,29,16,14,29,15,14,0,14,23,11,21,19,25,0,13,15,20,17,0,23,15,1,23,9,19,12,18,18,26,20,14,6,11,0,14,21,4,0,12,7,11,15,19,21,17,11,18,19,21,11,13,19,11,28,12,13,19,20,26,24,10,22,7,32,0,26,2,4,18,0,15,8,11,18,10,14,2,24,17,15,13,27,23,23,0,27,18,16,20,14,15
1959,8,9,5,0,18,29,16,14,29,15,14,0,14,23,11,21,19,25,0,13,15,20,17,0,23,15,1,23,9,19,13,18,18,26,20,14,6,11,0,14,21,4,0,12,7,11,15,19,21,17,11,18,19,21,11,13,19,11,28,12,13,19,20,26,24,10,22,7,32,0,26,2,4,18,0,15,8,11,18,10,14,2,24,17,15,13,27,23,23,0,27,18,16,20,14,15
1960,8,9,5,0,18,29,17,14,29,15,14,0,14,24,11,22,19,25,0,13,15,20,17,0,23,15,1,23,9,19,13,18,18,26,20,14,6,11,0,14,21,4,0,12,7,11,15,19,21,17,11,19,19,21,11,13,19,11,28,12,13,19,20,26,24,10,22,7,32,0,27,2,4,18,0,15,8,11,18,10,14,2,24,17,15,13,27,23,23,0,27,18,16,20,15,15
1961,8,9,5,0,19,29,17,14,29,15,14,0,14,24,11,22,19,25,0,14,15,20,17,0,23,15,1,23,10,19,13,18,18,27,20,14,7,11,0,14,21,4,0,12,8,11,15,19,21,17,11,19,19,21,11,13,19,11,28,12,13,19,20,26,24,10,22,8,32,0,27,2,4,18,0,15,8,11,18,10,14,2,24,17,15,13,27,23,23,0,27,18,16,20,15,15
1962,8,9,5,0,19,29,17,14,29,15,14,0,14,24,11,22,19,25,0,14,15,20,17,0,23,15,1,23,10,19,13,18,18,27,20,14,7,11,0,14,21,4,0,12,8,11,15,19,21,17,11,19,19,21,11,13,19,11,29,12,13,19,20,26,24,10,22,8,32,0,28,2,4,18,0,16,8,11,18,10,14,3,24,17,15,13,27,23,23,0,27,18,17,20,15,15
1963,8,9,5,0,19,29,17,14,29,15,14,0,14,24,11,22,19,25,0,15,15,20,18,0,24,15,1,23,10,19,13,18,18,27,20,14,7,11,0,14,21,4,0,12,8,11,15,19,21,17,11,19,19,21,11,13,19,11,29,12,13,19,20,26,24,10,22,8,32,0,28,2,4,18,0,16,8,11,18,10,14,3,24,17,15,13,27,23,23,0,27,18,17,20,15,15
1964,10,9,5,0,19,30,17,14,29,15,14,0,14,24,11,22,19,25,0,15,15,21,18,0,24,15,1,23,10,19,13,18,18,27,20,14,7,11,0,14,21,4,0,12,8,11,15,19,21,17,11,19,19,21,11,13,19,11,29,12,13,19,20,26,24,10,22,8,32,0,28,2,4,18,0,16,8,11,19,10,14,3,24,17,15,13,27,23,23,0,27,18,18,20,15,15
1965,10,9,5,0,19,30,17,14,29,15,14,0,14,24,11,22,19,25,0,15,15,21,18,0,24,15,1,23,10,19,13,18,18,27,20,14,7,11,0,14,21,4,0,12,8,11,15,19,21,17,11,19,19,21,11,13,19,11,29,12,13,19,20,26,24,10,22,8,32,0,28,2,4,18,0,16,8,11,19,10,14,3,24,17,15,13,27,23,23,0,27,19,18,20,15,15
1966,10,9,5,0,19,30,17,14,29,15,14,0,14,25,11,22,19,25,0,15,15,21,18,0,24,15,1,23,10,19,13,19,18,27,20,14,7,11,0,14,22,4,0,12,8,11,15,19,21,17,11,19,19,21,11,13,19,11,30,12,13,19,20,26,24,10,22,8,32,0,28,2,4,18,0,16,8,11,19,10,14,3,24,17,15,13,27,23,23,0,28,19,18,20,15,15
1967,10,9,5,0,19,30,17,14,29,15,14,0,14,25,11,22,19,25,0,15,15,21,18,0,24,15,1,23,10,19,13,19,18,27,20,14,7,11,0,14,22,4,0,12,8,11,15,19,21,17,11,19,19,21,11,13,19,11,30,12,13,19,21,26,24,10,22,8,32,0,28,2,4,18,0,16,8,11,19,10,14,3,24,17,15,13,27,23,23,0,28,19,18,20,15,15
1968,10,9,5,0,19,30,17,15,29,15,14,0,14,25,11,22,19,25,0,15,15,21,18,0,24,15,1,23,10,19,13,19,18,27,20,14,7,11,0,14,22,4,0,12,8,11,15,19,21,17,11,19,19,21,11,13,19,11,30,12,13,19,21,26,24,11,22,8,32,0,28,2,4,18,0,16,8,11,19,10,14,3,24,17,15,13,27,23,23,0,28,19,18,20,16,15
1969,10,9,5,0,20,30,17,15,29,15,14,0,14,25,11,22,19,25,0,15,15,21,18,0,24,15,1,23,10,19,13,19,18,27,20,14,7,11,0,14,22,4,0,12,8,11,15,19,21,17,11,19,19,21,12,13,19,11,30,12,13,19,21,26,24,11,22,8,32,0,28,2,4,18,0,16,8,11,19,10,14,3,24,17,15,13,27,23,23,0,28,19,18,20,16,15
1970,10,9,5,0,20,30,17,15,29,15,14,0,14,25,11,22,19,25,0,15,15,21,18,0,24,15,1,23,10,19,13,19,18,27,20,14,7,11,0,14,22,4,0,12,8,11,15,19,21,17,11,19,19,21,12,13,19,11,30,12,13,19,21,26,24,11,22,8,32,0,28,2,4,18,0,16,8,12,19,10,14,3,24,17,15,13,27,23,23,0,28,19,18,20,16,15
1971,10,9,5,0,20,31,17,15,29,15,14,0,14,25,11,22,19,25,0,15,15,21,18,0,24,15,1,23,10,19,13,19,18,27,20,14,7,11,0,14,22,5,0,12,8,11,15,19,21,17,11,19,19,21,12,13,19,11,30,12,13,19,21,26,24,11,22,8,32,0,28,2,4,18,0,16,8,12,19,10,14,3,24,17,15,13,27,23,23,0,28,19,18,20,16,15
1972,10,9,5,0,20,31,17,15,29,15,14,0,14,25,11,22,19,25,0,15,15,21,18,0,25,15,1,23,10,19,13,19,18,27,20,14,7,11,0,14,22,5,0,12,8,11,15,19,21,18,11,19,19,21,12,13,19,11,30,12,13,21,21,26,24,11,22,8,32,0,28,2,4,18,0,16,8,12,19,10,14,3,24,17,15,13,27,23,23,0,28,19,18,20,16,15
1973,10,9,5,0,20,31,17,15,29,15,14,0,14,25,11,22,19,25,0,15,16,21,18,0,25,15,1,23,10,19,13,19,18,27,20,14,7,11,0,14,22,5,0,12,8,11,15,19,21,18,11,19,19,21,12,13,19,11,30,13,13,21,21,26,24,11,22,8,32,0,28,2,4,18,0,16,8,12,19,10,14,3,24,17,15,13,27,23,23,0,28,19,19,20,16,15
1974,10,9,5,0,20,31,17,15,29,15,14,0,14,25,11,22,19,25,0,15,16,21,18,0,25,15,1,23,10,19,13,19,18,27,20,14,7,11,0,14,22,5,0,12,8,11,15,19,21,18,11,19,19,21,12,13,19,11,30,14,13,21,22,26,24,11,22,8,32,0,28,2,4,18,0,16,8,12,19,10,14,3,24,17,15,14,27,23,24,0,28,19,19,20,16,15
1975,10,9,5,0,20,31,17,15,29,15,14,0,14,25,11,22,19,25,0,15,16,21,18,0,25,15,1,23,10,19,13,19,18,27,20,14,7,11,0,15,22,5,0,12,8,11,15,19,21,18,11,19,19,21,12,13,19,11,30,14,13,21,22,26,25,11,22,8,32,0,28,2,4,18,0,16,8,12,19,10,14,3,24,17,15,14,27,23,24,0,28,19,19,20,18,15
1976,10,9,5,0,20,31,17,15,29,15,14,0,14,25,11,22,19,25,0,15,16,21,18,0,25,15,1,23,10,19,13,19,18,27,20,14,7,11,0,15,22,5,0,12,8,11,15,19,21,18,11,19,20,21,12,13,19,11,30,14,13,21,22,26,25,11,22,8,32,0,28,2,4,18,0,16,8,12,19,10,14,3,24,17,15,14,27,23,24,0,28,19,19,20,18,15
1977,10,9,5,0,20,31,17,15,29,15,14,0,14,25,11,22,19,25,0,15,16,21,19,0,25,15,1,23,10,19,13,19,19,27,20,14,7,11,0,15,22,5,0,12,8,11,15,19,21,18,11,19,20,21,12,13,19,11,30,14,13,21,22,26,25,11,22,8,32,0,29,2,4,18,0,16,8,12,19,11,14,3,24,17,15,14,27,23,24,0,28,19,19,20,18,15
1978,10,9,5,0,20,32,17,15,29,15,14,0,14,25,11,22,19,25,0,15,16,21,19,0,25,15,1,23,10,19,13,19,19,27,20,14,7,11,0,15,22,5,0,12,8,11,15,19,21,18,11,19,20,21,12,13,19,11,30,14,13,21,22,26,25,11,22,8,32,0,29,2,4,18,0,16,8,12,19,11,15,3,24,17,15,14,27,23,24,0,28,19,19,20,18,15
1979,10,9,5,0,20,32,17,15,29,15,14,0,14,25,11,22,19,25,0,15,16,21,19,0,25,15,1,23,10,19,13,19,19,27,20,14,7,11,0,15,22,5,0,12,8,11,15,19,21,18,11,19,20,21,12,13,19,11,30,14,13,21,22,26,25,11,23,8,32,0,29,2,5,18,0,16,8,13,19,11,16,3,24,17,15,14,27,23,24,0,28,19,19,20,18,15
1980,10,9,5,0,20,32,17,15,29,15,14,0,14,25,11,22,19,26,0,15,16,21,19,0,25,15,1,23,10,19,13,19,19,27,20,14,7,11,0,15,22,5,0,12,8,12,15,20,21,18,11,19,20,21,12,13,19,11,30,14,13,21,22,26,25,11,23,8,32,0,29,2,5,18,0,16,8,13,19,11,16,3,24,18,15,14,27,23,25,0,28,19,20,20,18,15
1981,10,9,5,0,20,32,17,15,29,15,14,0,14,25,11,22,19,26,0,15,16,21,19,0,25,15,1,23,10,19,13,19,19,27,20,14,7,11,0,15,22,5,0,12,8,12,15,20,21,18,11,19,20,21,12,13,19,11,30,14,13,21,22,26,25,11,23,8,32,0,29,2,5,18,0,17,8,13,20,11,16,3,24,18,15,14,27,23,25,0,28,19,20,20,18,15
1982,10,9,5,0,20,32,17,15,29,15,14,0,14,25,11,22,19,26,0,15,16,21,19,0,25,15,1,23,10,19,13,19,19,27,21,14,7,11,0,15,22,5,0,12,8,12,15,20,21,18,11,19,20,21,12,13,19,11,30,14,13,21,22,26,25,11,23,8,32,0,29,2,5,18,0,17,8,13,20,11,16,3,24,18,15,14,27,23,25,0,28,19,20,20,18,15
1983,10,9,5,0,20,32,17,15,29,15,14,0,14,25,11,22,19,26,0,15,16,21,19,0,25,15,1,23,10,19,13,19,19,27,21,14,7,12,0,15,22,5,0,12,8,12,15,20,21,18,11,19,20,21,13,13,19,11,30,14,13,21,22,26,25,11,23,8,32,0,29,2,5,18,0,17,8,13,21,11,16,3,24,18,15,14,27,23,25,0,28,19,20,20,18,15
1984,10,9,5,0,20,32,17,15,29,15,14,0,14,25,11,22,19,26,0,15,16,21,19,0,25,15,1,23,10,19,13,19,19,27,21,14,8,12,0,15,22,5,0,12,8,12,15,20,21,18,11,19,20,21,13,13,20,11,30,14,13,21,22,26,25,11,23,8,32,0,29,2,5,18,0,17,8,13,21,11,16,3,24,19,15,14,27,23,25,0,28,19,20,20,18,15
1985,10,9,5,0,20,32,17,15,29,15,14,0,14,25,11,22,19,26,0,15,16,21,19,0,25,15,1,23,10,19,13,19,19,27,21,14,8,12,0,15,22,5,0,12,8,12,15,20,21,18,11,19,21,21,14,13,20,11,30,14,13,21,23,26,25,11,24,8,32,0,29,2,5,18,0,17,8,13,21,11,16,3,24,19,15,15,27,23,25,0,28,19,20,20,18,15
1986,10,9,5,0,20,32,17,15,29,15,14,0,14,25,11,22,19,26,0,15,16,21,19,0,25,15,1,23,10,19,13,19,19,27,21,14,8,12,0,15,22,5,0,12,8,12,15,20,21,19,11,19,21,21,14,13,20,11,30,14,13,21,23,26,25,12,24,8,32,0,29,2,5,18,0,17,8,13,21,11,16,3,25,19,15,15,27,23,25,0,28,19,20,20,18,15
1987,10,9,5,0,20,32,17,15,29,15,14,0,14,26,11,22,19,26,0,15,16,21,19,0,25,15,1,23,10,20,13,19,19,27,21,14,8,12,0,15,22,5,0,12,8,12,15,20,21,19,11,19,21,21,14,13,20,11,31,14,13,21,23,26,25,12,24,8,32,0,29,2,5,18,0,17,8,13,21,11,16,3,25,19,15,15,27,23,25,0,28,20,20,20,18,15
1988,11,9,5,0,20,32,17,15,29,15,14,0,14,26,12,22,19,26,0,15,16,21,19,0,25,15,1,23,10,20,13,19,19,27,21,14,8,13,0,15,22,5,0,12,8,12,15,20,21,19,11,19,21,21,14,13,20,11,31,14,13,21,23,26,25,12,24,8,32,0,29,2,5,18,0,17,8,13,21,11,16,3,25,19,15,15,27,23,25,0,28,20,20,20,18,15
1989,11,9,5,0,20,32,17,15,29,15,14,0,14,26,12,22,19,26,0,15,16,21,19,0,25,15,1,23,10,20,13,19,19,27,22,14,8,13,0,15,22,5,0,12,8,12,15,20,21,19,11,19,21,21,14,13,20,11,31,14,13,21,23,26,25,12,24,8,32,0,29,2,5,18,0,17,8,13,21,11,16,3,25,19,15,15,27,23,25,0,28,20,20,21,18,15
1990,11,9,5,0,20,32,17,15,29,15,14,0,14,26,12,22,19,26,0,15,16,21,19,0,25,15,1,23,10,20,13,19,19,27,22,14,8,13,0,15,22,5,0,12,8,12,15,20,21,19,11,19,21,22,14,13,20,11,31,14,13,21,23,27,25,13,24,8,32,0,29,2,5,18,0,17,8,13,21,11,16,3,25,19,15,15,27,23,25,0,29,20,21,21,18,15
1991,11,9,5,0,20,32,17,15,29,15,14,0,14,26,12,22,19,26,0,15,16,21,19,0,25,15,1,23,10,20,13,19,19,27,22,14,8,13,0,15,22,5,0,12,8,12,15,20,21,19,11,19,21,22,14,13,20,11,31,14,13,21,23,27,25,13,24,8,32,0,29,2,5,18,0,17,8,13,21,11,16,3,25,19,15,15,28,23,25,0,30,20,21,21,18,15
1992,11,9,5,0,20,32,17,16,29,15,14,0,14,26,12,22,19,27,0,15,16,21,19,0,26,15,1,23,10,20,13,19,19,27,22,14,8,13,0,15,22,5,0,12,8,12,15,20,21,19,11,19,21,22,15,14,20,11,31,14,14,21,24,27,25,13,24,8,32,0,29,2,5,18,0,17,8,13,21,11,16,3,25,19,15,15,28,23,25,0,30,20,21,21,18,15
1993,11,9,5,0,20,32,17,16,29,15,14,0,14,26,12,22,20,27,0,15,16,21,19,0,26,15,1,23,11,20,13,20,19,27,22,14,8,13,0,15,22,5,0,12,8,12,15,20,21,19,11,19,21,22,15,14,20,12,31,15,14,21,24,27,25,13,24,9,32,0,29,2,5,18,0,17,8,13,21,11,16,3,25,19,15,15,28,23,25,0,30,20,21,21,18,15
1994,11,9,5,0,20,32,17,16,29,15,14,0,14,26,12,22,20,27,0,15,16,21,20,0,26,15,1,23,11,20,13,20,19,27,22,14,8,13,0,15,22,5,0,12,8,12,15,20,21,19,11,19,21,22,15,14,21,12,31,15,14,21,24,27,25,13,24,9,32,0,29,2,5,18,0,17,8,13,21,11,16,3,25,19,15,15,28,23,25,0,30,20,21,21,18,15
1995,11,9,5,0,20,33,17,16,29,15,14,0,14,26,12,22,21,27,0,15,16,21,20,0,26,15,1,23,11,20,13,20,19,27,22,14,8,13,0,15,22,5,0,12,8,12,15,20,21,19,11,19,21,22,15,14,21,12,31,15,14,21,24,27,25,13,24,9,32,0,29,2,5,18,0,17,8,13,21,12,16,3,25,19,15,15,28,23,25,0,30,20,21,21,18,15
1996,11,9,5,0,20,33,17,16,29,15,14,0,14,26,12,22,21,27,0,15,16,21,20,0,26,15,1,24,11,20,13,20,19,27,22,14,8,13,0,15,22,5,0,12,8,12,15,20,21,19,11,19,21,22,15,14,21,12,31,16,14,21,24,27,25,13,24,9,32,0,29,2,5,18,0,17,8,13,21,12,16,3,26,19,15,15,28,23,25,0,30,20,21,21,18,15
1997,11,9,5,0,20,33,17,16,29,15,14,0,14,26,12,22,21,27,0,15,16,21,20,0,26,15,1,24,11,20,13,20,19,27,22,14,8,13,0,15,22,5,0,12,9,12,15,20,21,19,11,19,21,22,15,14,21,12,31,16,14,21,24,27,25,13,24,9,32,0,29,2,5,18,0,17,8,13,21,12,16,3,26,19,15,15,28,23,25,0,30,20,21,21,18,15
1998,11,9,5,0,20,34,17,16,29,15,14,0,14,26,12,23,21,27,0,15,16,21,20,0,26,15,1,24,11,20,13,20,19,27,22,14,8,13,0,15,22,5,0,13,9,12,15,20,21,20,11,19,21,22,15,14,21,12,31,16,14,21,25,27,25,13,24,9,32,0,29,2,5,18,0,17,8,13,21,12,16,3,26,19,15,15,28,23,25,0,30,20,21,21,18,15
1999,11,9,5,0,20,34,17,16,29,15,14,0,14,26,12,23,21,27,0,15,16,21,20,0,26,15,1,24,12,20,13,20,19,27,22,14,8,13,0,15,22,5,0,13,9,12,15,20,21,20,11,19,21,22,15,14,21,12,31,16,14,21,25,27,25,13,24,9,32,0,29,2,5,18,0,17,8,13,21,12,16,3,26,19,15,15,28,23,25,0,30,20,21,21,18,15
2000,11,9,5,0,20,34,17,16,29,15,14,0,14,26,12,23,21,27,0,15,16,21,20,0,26,15,1,24,12,20,13,20,19,27,22,14,8,14,0,15,22,5,0,13,9,12,15,20,21,20,11,19,21,22,15,14,21,12,31,17,14,21,25,27,25,13,24,9,32,0,29,2,5,19,0,17,8,13,21,12,16,3,26,20,15,15,28,23,25,0,30,20,21,21,18,15
2001,11,9,5,0,20,34,17,16,29,15,14,0,14,26,12,23,21,27,0,15,16,21,20,0,26,15,1,24,12,20,13,20,19,27,22,15,8,14,0,15,22,5,0,13,9,12,15,20,21,20,11,19,21,22,15,14,21,12,31,17,14,21,25,27,25,13,24,9,32,0,29,2,5,19,0,17,8,13,21,12,16,3,26,20,15,15,28,23,25,0,30,21,21,21,18,15
2002,11,9,5,0,20,34,17,16,29,15,14,0,14,26,12,23,21,27,0,15,16,21,20,0,26,15,1,24,12,20,13,20,19,27,22,15,8,14,0,15,22,5,0,13,9,12,15,20,21,20,11,19,21,22,17,14,21,12,31,17,14,21,25,27,25,13,24,9,32,0,29,2,5,19,0,17,8,13,21,12,16,3,26,20,15,15,28,23,25,0,30,21,21,21,18,15
2003,11,9,5,0,20,34,17,16,29,15,14,0,14,26,12,23,22,27,0,15,16,21,20,0,27,15,1,24,12,20,13,20,19,27,22,15,8,14,0,15,22,5,0,13,9,12,15,20,21,20,11,19,21,22,17,14,21,12,32,17,14,21,25,27,25,13,24,9,32,0,29,2,5,19,0,17,8,13,21,12,16,3,26,20,15,15,28,23,25,0,30,22,21,22,18,15
2004,11,9,5,0,20,34,17,17,29,15,14,0,14,26,12,23,23,27,0,15,16,21,20,0,27,15,1,24,12,20,13,20,19,27,22,15,8,14,0,15,22,5,0,13,9,12,15,20,21,20,11,19,21,22,17,14,21,12,32,17,14,21,25,27,25,13,24,9,32,0,29,2,5,19,0,17,8,13,21,12,16,3,26,20,15,15,28,23,25,0,30,22,21,22,18,15
2005,11,9,5,0,20,34,17,17,29,15,14,0,14,26,12,23,23,27,0,15,16,21,20,0,27,15,1,24,12,20,13,20,19,27,22,15,8,14,0,15,22,5,0,13,9,12,15,20,21,20,11,19,21,22,17,14,21,12,32,17,14,21,25,27,25,13,24,9,32,0,29,2,5,19,0,17,8,13,22,12,16,3,26,20,15,15,28,23,25,0,30,22,21,22,18,15
2006,11,9,5,0,20,34,17,17,29,15,14,0,14,26,12,23,23,27,0,16,16,21,20,0,27,15,1,24,12,20,13,20,19,27,22,15,8,15,0,15,22,5,0,13,9,12,15,20,21,20,11,19,21,22,18,14,21,12,32,17,14,21,25,27,25,13,25,9,32,0,29,2,5,19,0,17,8,13,22,12,16,3,26,20,15,15,29,23,25,0,31,22,21,22,18,15
2007,11,9,5,0,20,34,17,17,29,15,14,0,14,26,12,23,23,27,0,16,16,21,20,0,27,15,1,24,12,20,13,20,20,27,22,15,8,15,0,15,23,6,0,13,9,12,15,20,21,20,11,19,21,22,18,14,21,12,32,17,14,22,25,27,25,13,25,9,33,0,29,2,5,19,0,17,8,13,22,12,16,3,26,21,15,15,29,23,25,0,31,22,21,22,18,15
2008,11,9,5,0,20,34,17,17,29,15,14,0,14,26,12,23,23,27,0,16,16,21,20,0,27,15,1,24,12,20,13,20,20,27,22,15,8,15,0,15,23,6,0,13,9,12,15,20,21,20,11,19,22,22,18,14,21,12,33,17,14,22,25,27,25,13,25,9,33,0,29,2,5,19,0,17,8,13,22,12,16,3,26,21,15,15,29,23,25,0,31,22,21,22,18,15
2009,11,9,5,0,20,35,17,17,29,15,14,0,14,26,12,23,23,27,0,16,17,21,20,0,27,15,1,24,12,20,13,20,20,27,22,15,8,15,0,15,23,6,0,13,9,12,15,20,22,20,11,19,22,22,18,14,21,12,33,17,14,23,25,27,25,13,25,9,33,0,29,2,6,19,0,17,8,13,22,12,16,3,26,21,15,15,29,23,25,0,31,22,21,22,18,15
2010,11,9,5,0,20,35,17,17,29,15,14,0,14,26,13,23,23,27,0,16,17,21,20,0,27,15,1,24,12,20,13,21,20,27,22,15,8,16,0,15,23,6,0,13,9,12,15,20,23,20,11,20,22,22,18,14,21,12,33,17,14,24,25,27,25,13,25,9,33,0,29,2,6,19,0,17,8,13,22,12,16,3,26,22,15,15,29,23,25,0,31,22,21,22,18,15
2011,12,9,5,0,20,35,17,17,29,15,14,0,14,26,13,23,23,27,0,16,17,22,20,0,27,15,1,24,12,20,13,21,20,29,22,15,8,16,0,15,23,6,0,13,9,12,15,20,23,20,11,20,22,22,18,14,21,12,33,17,14,24,25,27,25,13,25,9,33,0,29,2,6,19,0,17,8,13,22,12,16,3,26,22,15,15,29,23,25,0,31,22,21,22,18,15
2012,12,9,5,0,20,35,17,17,29,15,14,0,14,26,13,23,23,27,0,16,17,22,20,0,28,15,1,24,12,20,13,21,20,29,22,15,8,16,0,15,23,6,0,13,9,12,15,20,23,20,11,20,22,22,18,14,21,12,33,18,14,24,25,27,25,13,25,9,33,0,29,2,6,19,0,18,8,13,22,12,16,3,26,22,15,15,29,23,25,0,31,22,21,22,18,15
2013,12,9,5,0,20,35,17,17,29,15,14,0,14,26,13,23,23,27,0,16,17,22,20,0,28,15,1,24,12,20,13,21,20,29,22,15,8,16,0,15,23,6,0,13,9,12,15,20,23,20,11,20,22,22,18,14,22,12,33,18,14,24,25,27,25,13,25,9,33,0,30,2,6,19,0,18,8,13,23,12,16,3,26,22,15,15,29,23,25,0,31,22,21,22,18,15
2014,12,9,5,0,20,35,17,17,29,15,14,0,14,27,13,23,23,27,0,16,17,22,20,0,28,15,1,24,12,20,13,21,20,29,22,15,8,16,0,15,23,6,1,13,9,12,15,20,23,20,11,20,22,22,18,14,23,12,33,18,14,24,25,27,25,13,25,9,33,0,30,2,7,19,0,18,8,13,23,12,16,3,26,22,15,15,29,23,25,0,31,22,21,22,18,15
2015,12,9,5,0,20,35,17,17,29,15,14,0,14,27,13,23,23,27,0,16,17,22,20,0,28,15,1,24,12,20,13,21,20,29,22,15,8,16,0,15,23,6,1,13,9,13,15,21,23,20,11,20,22,22,18,14,23,13,33,18,14,24,25,27,25,13,25,9,33,0,30,2,7,19,0,18,8,13,23,12,16,3,26,22,15,15,29,23,25,0,31,22,21,22,18,15
2016,12,9,5,0,20,35,17,17,29,15,14,0,14,27,13,23,23,27,0,16,17,22,20,0,28,15,1,24,12,20,13,21,21,30,22,15,9,16,0,15,23,6,1,13,9,13,15,21,23,20,11,21,22,22,18,14,23,13,33,18,15,24,25,27,25,13,25,9,33,0,30,2,7,19,0,18,8,13,23,12,16,3,26,22,15,15,29,23,25,0,31,22,21,22,18,15
2017,12,9,5,0,20,35,17,17,29,15,14,0,14,27,13,23,23,27,0,16,17,22,20,0,28,15,1,24,12,20,13,21,21,30,22,15,9,16,0,15,24,6,1,13,9,13,15,21,23,20,11,21,22,22,18,14,23,13,33,18,15,24,25,27,25,13,25,9,33,0,30,2,7,19,0,18,8,13,23,12,16,3,26,22,15,15,29,23,25,0,31,23,21,22,18,15
2018,13,9,6,0,20,35,17,17,29,15,14,0,14,27,13,23,23,27,0,16,17,22,20,0,28,15,1,24,12,21,13,21,21,30,22,15,9,16,0,15,24,6,1,13,9,13,15,21,23,20,11,21,22,22,18,14,23,13,33,18,15,24,25,27,25,13,25,9,33,0,30,2,7,19,0,18,8,13,23,12,16,3,26,22,15,15,29,23,25,0,31,23,21,22,18,15
2019,13,9,6,0,20,35,17,17,29,15,14,0,14,27,13,23,23,27,0,16,17,22,20,0,28,15,2,24,12,21,13,21,21,30,22,15,9,16,0,15,24,6,1,13,9,13,15,21,23,20,11,21,22,23,18,14,23,13,33,18,15,24,25,27,25,13,25,9,33,0,30,2,7,19,0,18,8,13,23,12,16,3,27,22,15,15,29,23,26,0,31,23,21,22,18,15
2020,13,9,6,0,20,35,17,17,29,15,14,0,14,27,13,23,23,27,0,16,17,22,20,0,28,15,2,24,12,21,13,21,21,30,22,15,9,17,0,15,24,6,1,13,9,13,15,21,23,20,11,21,22,23,18,14,23,14,33,18,15,24,25,27,25,13,25,9,33,0,30,2,7,19,0,18,8,13,23,12,16,3,27,22,15,15,29,23,26,0,32,23,21,22,18,15
2021,13,9,6,0,20,35,17,17,29,15,15,0,14,27,13,23,23,27,0,16,17,22,20,0,28,15,2,24,12,21,13,21,21,30,22,15,9,17,0,15,24,6,1,13,9,13,15,21,23,20,11,21,22,23,18,14,23,14,33,18,15,24,25,27,25,13,26,9,33,0,31,2,7,19,0,18,8,13,23,12,16,3,27,22,15,15,29,23,26,0,32,23,21,23,18,15
2022,13,9,6,0,20,35,18,17,29,15,15,0,14,27,13,23,23,27,0,16,17,22,21,0,28,15,2,24,12,21,13,21,21,30,22,15,9,17,0,15,24,6,1,13,9,13,15,21,23,20,11,21,22,23,18,14,23,14,33,18,15,24,25,27,25,13,26,9,33,0,31,2,7,19,0,18,8,13,23,12,16,3,27,22,15,15,29,23,26,0,32,23,21,23,18,15
2023,13,9,6,0,20,35,18,17,29,15,15,0,14,27,13,23,23,27,0,16,17,22,21,0,28,15,2,24,12,21,13,21,21,30,22,15,9,17,0,15,24,6,1,13,9,13,15,22,23,20,11,21,22,23,18,15,23,14,33,18,16,25,25,27,25,13,26,9,33,0,31,2,7,19,0,18,8,14,23,12,16,3,27,22,15,15,29,23,26,0,32,23,21,23,18,15
2024,13,9,6,0,20,35,18,17,29,15,15,0,14,27,14,23,23,27,0,16,17,22,21,0,28,15,2,24,12,21,13,21,21,30,22,15,9,17,0,15,24,6,1,13,9,13,15,22,23,20,11,21,23,23,18,15,23,14,33,18,16,25,25,27,25,13,26,9,33,0,31,2,7,19,0,18,8,14,23,12,16,3,27,22,15,15,29,23,26,0,32,23,21,23,18,15
2025,13,9,6,0,20,35,18,17,29,15,15,0,14,27,14,23,23,27,0,16,18,22,21,0,28,15,2,24,13,21,13,21,21,30,22,15,9,17,0,15,24,6,1,13,9,13,15,22,23,20,11,21,23,24,18,15,23,14,33,18,16,25,25,27,25,13,26,9,33,0,31,2,7,19,0,18,8,14,24,12,16,3,27,22,15,15,29,23,26,0,32,23,21,23,18,15
2026,13,10,6,0,20,35,18,17,29,15,15,0,14,27,14,23,23,27,0,16,18,22,21,0,28,15,2,25,13,21,13,21,22,30,22,15,9,17,0,15,25,6,1,14,9,13,15,22,23,20,11,21,23,24,19,15,24,14,33,18,16,25,25,27,25,13,26,9,33,0,31,2,7,19,0,18,8,14,24,12,16,3,27,22,15,15,29,23,26,0,32,23,21,23,18,15
2027,13,10,6,0,20,35,18,17,29,15,15,0,14,27,14,23,23,28,0,16,18,22,21,0,28,15,2,25,13,21,13,21,22,30,22,15,9,17,0,15,25,6,1,14,9,13,15,22,23,20,11,21,23,24,19,15,24,14,33,18,16,25,25,27,25,13,26,9,33,0,31,2,7,19,0,18,8,14,24,12,16,3,27,22,15,15,29,23,26,0,32,23,21,23,18,15
2028,13,10,6,0,20,35,18,17,29,15,15,0,14,27,14,23,23,28,0,16,18,22,21,0,28,15,2,25,13,21,13,21,22,30,22,16,9,17,0,15,25,6,1,14,9,13,15,22,23,20,11,21,24,24,19,15,24,14,33,18,16,25,25,27,25,13,26,9,33,0,31,2,7,19,0,18,8,14,24,12,16,3,27,22,15,15,29,23,26,0,32,23,21,23,18,15
2029,13,10,6,0,20,35,18,17,29,15,15,0,14,27,14,23,23,28,0,16,18,22,21,0,28,15,2,25,13,21,13,21,22,30,22,16,9,17,0,15,25,6,1,14,9,13,15,22,23,20,11,22,24,24,20,15,24,14,33,18,16,25,25,27,25,13,26,9,33,0,31,2,7,19,0,18,8,14,24,12,16,3,27,22,15,15,29,23,26,0,32,23,21,23,18,15
2030,13,10,6,0,20,35,18,17,29,15,15,0,14,27,14,23,23,28,0,16,18,22,21,0,28,15,2,25,13,22,13,21,22,30,22,16,9,17,0,16,25,6,1,14,9,13,15,23,23,20,11,22,24,24,20,15,24,14,33,18,16,25,25,27,25,13,27,9,33,0,32,2,7,19,0,18,8,14,24,12,16,3,27,22,15,15,29,23,26,0,32,23,21,23,18,15
2031,13,10,6,0,20,35,18,17,29,15,15,0,14,27,14,23,23,28,0,16,18,22,22,0,28,15,2,25,14,22,13,21,22,31,22,16,9,17,0,16,25,6,1,14,9,13,15,23,23,20,11,22,24,24,20,15,24,14,33,18,16,25,25,27,25,13,27,9,33,0,32,2,7,19,0,18,8,14,24,12,16,3,27,22,15,15,29,23,26,0,32,23,21,23,18,15
2032,13,10,6,0,20,35,18,17,29,15,15,0,14,27,14,23,23,28,0,16,18,22,22,0,28,15,2,25,14,22,13,21,22,31,22,16,9,17,0,16,25,6,1,14,9,13,15,23,23,20,12,22,24,24,21,15,24,14,34,18,16,25,25,27,25,13,27,9,33,0,32,2,7,19,0,18,8,14,24,12,16,3,27,22,15,16,29,23,26,0,32,23,21,23,18,15
2033,13,10,6,0,20,36,18,17,29,15,15,0,14,27,14,23,23,28,0,16,18,22,22,0,28,15,3,25,14,22,14,21,22,31,22,16,9,17,0,16,25,6,1,14,9,13,16,23,23,20,13,22,24,24,21,15,24,14,34,18,16,25,25,27,25,13,27,9,33,0,32,2,7,19,0,18,8,14,24,12,16,3,27,22,15,16,29,23,26,0,32,23,21,23,18,15
2034,13,10,6,0,20,36,18,17,29,15,15,0,14,27,14,23,23,28,0,16,18,22,22,0,28,15,3,25,14,22,14,21,22,31,22,16,9,17,0,16,25,6,2,14,9,13,16,23,23,20,13,22,24,24,21,15,24,14,34,18,16,25,25,27,25,13,27,10,33,0,32,2,7,19,0,18,8,14,24,12,16,3,27,22,15,16,29,23,26,0,32,23,21,23,18,15
2035,13,10,6,0,20,36,18,17,29,15,16,0,14,27,14,23,23,28,0,16,18,22,22,0,28,15,3,25,14,22,14,21,22,31,22,16,9,17,0,16,25,6,2,14,9,13,16,23,23,20,13,22,24,24,21,15,24,14,34,18,16,25,25,27,25,13,27,10,33,0,32,2,7,19,0,18,8,14,24,12,16,3,27,22,15,16,29,23,26,0,32,23,21,23,18,15
2036,13,10,6,0,20,36,18,17,29,15,16,0,14,27,14,23,23,28,0,16,18,22,22,0,28,15,3,25,14,22,15,21,22,31,22,16,9,17,0,16,25,6,2,15,9,13,16,23,23,20,13,22,24,24,21,15,24,14,34,19,16,25,25,27,25,13,27,10,33,0,32,2,7,19,0,18,8,14,24,12,16,3,27,22,15,16,29,23,26,0,32,23,21,23,18,15
2037,13,11,6,0,20,36,18,17,30,15,16,0,14,27,14,23,23,28,0,16,18,22,22,0,28,16,3,25,14,22,15,21,22,31,22,16,9,17,0,16,25,6,2,15,9,13,16,23,23,21,13,22,24,24,21,15,24,14,34,19,16,26,25,27,25,13,27,10,33,0,32,2,7,19,0,18,8,14,24,12,16,3,27,22,15,16,29,23,26,0,32,23,21,23,18,15
2038,13,11,6,0,20,36,18,17,30,15,16,0,14,27,14,23,23,28,0,16,18,22,22,0,28,16,3,25,14,22,15,21,22,32,23,17,9,17,0,16,26,7,2,15,9,13,16,23,23,21,13,22,24,24,21,15,24,16,34,19,16,26,25,27,26,13,27,10,33,0,32,2,7,19,0,18,8,14,24,12,16,3,27,22,15,16,29,23,27,0,32,23,21,23,18,15
2039,13,11,6,0,20,36,18,17,30,15,16,0,14,27,14,23,23,28,0,16,18,22,22,0,28,16,3,25,14,22,15,21,22,32,23,17,9,17,0,16,26,7,2,15,9,13,16,23,23,21,13,22,24,24,21,15,24,16,34,19,16,26,25,27,26,13,27,10,33,0,32,2,7,19,0,18,8,14,24,12,16,3,27,22,15,16,29,24,27,0,32,23,21,23,18,15
2040,13,11,6,0,20,36,18,17,30,15,16,0,14,27,14,23,23,28,0,16,18,22,22,0,28,16,3,25,14,22,15,21,22,32,23,17,9,17,0,16,26,7,2,15,9,13,16,23,23,21,13,22,24,25,21,15,24,16,34,19,16,26,25,27,26,13,27,10,33,0,32,2,7,19,0,18,8,14,24,12,16,3,27,22,15,16,29,24,27,0,32,23,21,23,18,15
2041,13,11,6,0,20,36,18,17,30,15,16,0,14,27,14,23,23,28,0,16,18,22,22,0,28,16,3,25,14,22,15,21,22,32,23,17,9,17,0,16,26,7,2,15,9,13,16,23,23,22,13,22,24,25,21,15,24,16,34,19,16,26,25,27,26,13,28,10,33,0,32,2,7,19,0,18,8,14,24,12,16,3,27,22,15,16,29,24,27,0,32,23,21,23,18,15
2042,13,11,6,0,20,36,18,17,31,15,16,0,15,27,14,23,23,29,0,16,18,22,22,0,28,16,3,25,15,22,15,21,22,32,23,17,9,18,0,16,26,7,2,15,9,13,16,23,23,22,13,22,24,25,21,15,24,16,34,19,16,26,25,27,26,13,28,10,34,0,32,2,7,19,0,18,8,14,24,12,16,3,27,22,15,16,29,24,27,0,32,23,21,23,18,15
2043,13,11,6,0,20,36,18,17,31,15,16,0,15,27,14,23,23,29,0,16,18,22,22,0,28,16,3,25,15,22,15,21,22,32,23,17,10,18,0,16,26,7,2,15,9,13,16,23,24,22,13,22,24,25,21,15,24,16,34,19,16,26,25,28,26,13,28,10,34,0,32,2,7,19,0,18,8,14,24,12,16,3,27,22,15,16,29,24,27,0,32,23,21,23,18,15
2044,13,11,6,0,20,36,18,17,31,15,16,0,15,27,14,23,23,29,0,16,18,22,22,0,28,16,3,25,15,22,15,21,22,32,23,17,10,18,0,16,26,7,2,15,9,13,16,23,24,22,13,22,24,25,21,15,24,16,34,19,16,26,25,28,26,13,28,10,34,0,32,2,7,19,0,18,8,14,24,12,16,3,27,22,15,16,29,24,27,0,32,23,21,23,19,16
2045,14,11,6,0,20,36,18,17,31,15,16,0,15,27,14,23,23,29,0,16,18,22,22,0,28,16,3,27,15,22,15,21,22,32,23,17,10,18,0,16,26,7,2,15,9,13,16,23,24,22,14,22,24,25,21,15,24,16,34,19,16,26,25,28,26,13,28,10,34,0,32,2,7,19,0,18,8,14,24,12,16,3,27,22,15,16,29,24,27,0,32,23,21,23,19,16
2046,14,11,6,0,20,36,18,17,31,15,16,0,15,27,16,23,23,29,0,16,18,22,22,0,28,16,3,27,15,22,15,21,22,32,23,17,10,18,0,16,26,7,2,15,9,13,16,23,25,22,14,22,24,25,21,15,24,16,34,19,16,26,25,28,26,13,28,10,34,0,32,2,7,19,0,18,8,14,24,12,16,3,27,22,15,16,29,24,27,0,32,23,21,23,19,16
2047,14,11,6,0,21,36,18,18,31,15,17,0,15,27,16,23,23,29,0,16,18,22,22,0,28,16,3,27,15,22,15,21,22,32,23,17,10,18,0,16,26,7,3,15,9,13,16,23,25,22,14,22,24,25,21,15,24,17,34,19,16,26,25,28,26,13,28,10,34,0,32,2,7,19,0,18,8,14,24,12,16,3,27,22,15,16,29,24,27,0,32,23,21,23,19,16
2048,15,11,6,0,21,36,18,18,31,16,17,0,15,27,16,23,23,29,0,16,18,22,22,0,28,16,3,27,15,22,15,21,22,32,23,17,10,18,0,16,26,7,3,15,9,13,16,23,25,22,14,22,24,25,21,15,24,17,34,19,16,26,25,28,26,14,28,10,34,0,32,2,7,19,0,18,8,14,24,12,16,3,27,22,15,16,29,24,27,0,32,23,21,23,19,16
2049,15,11,6,0,21,36,18,18,31,16,17,0,15,27,16,23,23,29,0,16,18,22,22,0,28,16,3,27,15,22,15,21,22,33,23,17,10,18,0,16,26,7,3,16,9,13,16,23,25,22,14,22,25,25,21,15,24,17,34,19,16,26,26,28,26,14,28,10,34,0,32,2,7,19,0,18,8,14,25,13,16,3,27,22,15,16,29,24,27,0,32,23,21,23,19,16
2050,15,11,6,0,21,36,18,18,31,16,17,0,15,27,16,23,23,29,0,16,18,22,22,0,28,16,3,27,15,22,16,21,22,33,23,17,10,18,0,16,26,7,3,16,9,13,16,23,25,22,14,22,25,25,21,15,24,17,34,19,16,26,26,28,26,14,28,10,34,0,32,2,7,19,0,18,8,14,25,13,16,3,27,22,15,16,29,24,27,0,32,23,21,23,19,16
2051,15,11,6,0,21,36,18,18,32,16,17,0,15,27,16,23,23,30,0,16,18,22,22,0,28,16,3,28,15,22,16,22,22,33,23,17,10,18,0,16,26,7,3,16,9,13,16,23,25,22,14,22,25,25,21,15,24,17,34,19,16,26,26,28,26,14,29,10,34,0,32,2,7,19,0,18,8,14,25,13,16,3,27,22,15,16,29,24,27,0,32,23,21,23,19,16
2052,15,11,6,0,21,36,18,18,32,16,17,0,15,27,16,23,23,30,0,16,18,22,22,0,28,16,3,28,15,22,16,22,22,33,23,17,10,18,0,16,26,7,3,16,9,13,16,23,25,22,14,22,25,25,21,15,24,17,34,19,16,26,26,28,26,14,29,10,34,0,32,2,7,19,0,18,8,15,26,13,16,3,27,23,15,16,30,24,27,0,32,23,21,23,19,16
2053,15,11,6,0,21,36,18,18,32,16,17,0,15,27,16,23,23,30,0,16,18,22,22,0,28,16,3,28,15,23,16,22,22,33,23,17,10,18,0,16,26,8,3,16,10,13,16,23,25,22,14,22,25,25,21,15,24,17,34,19,17,26,26,28,26,14,29,10,34,0,32,2,7,19,0,18,8,15,26,13,16,3,27,23,16,16,30,24,27,0,32,23,21,23,19,16
2054,15,11,6,0,21,36,19,18,32,16,17,0,15,27,16,23,23,31,0,16,18,22,22,0,28,16,3,28,15,23,16,22,22,33,23,17,10,18,0,16,26,8,3,16,10,13,16,23,25,22,14,22,25,25,21,15,24,17,34,19,17,26,26,28,26,14,29,10,34,0,32,2,7,20,0,18,8,15,26,13,16,3,27,23,16,17,30,24,27,0,32,23,21,24,19,16
2055,15,11,6,0,21,36,19,18,32,16,17,0,15,27,16,23,23,31,0,16,18,22,22,0,28,16,3,28,15,23,16,22,22,33,23,17,10,18,0,17,26,8,3,16,10,13,16,23,25,22,14,22,25,25,21,15,24,17,34,19,18,26,27,28,26,14,29,10,34,0,33,2,7,20,0,18,8,15,26,13,16,3,27,23,16,17,30,24,27,0,32,23,21,24,19,16
2056,15,11,6,0,21,36,19,18,32,16,17,0,15,27,16,23,23,31,0,16,18,22,22,0,28,16,3,28,15,23,16,22,22,33,23,17,10,18,0,17,26,8,3,16,10,13,16,23,25,22,14,22,25,25,21,15,24,17,34,19,18,26,27,28,26,14,29,10,34,0,33,2,7,20,0,18,8,15,26,13,17,3,27,23,16,17,30,24,27,0,32,23,21,24,19,16
2057,15,11,6,0,21,36,19,18,32,17,17,0,15,27,16,23,23,31,0,17,18,22,22,0,28,17,3,28,15,23,16,22,22,33,23,17,10,18,0,18,26,8,3,16,10,13,16,23,25,23,15,22,25,25,21,15,24,17,34,19,18,26,27,28,26,14,29,10,35,0,33,2,7,20,0,18,8,15,26,13,17,3,27,23,16,17,30,24,27,0,32,23,21,24,19,16
2058,15,11,7,0,21,36,19,18,32,17,17,0,15,27,16,23,23,31,0,17,18,22,22,0,28,17,3,28,15,23,16,22,22,33,23,17,10,18,0,18,26,8,3,16,10,13,16,23,25,23,15,22,25,25,21,15,24,17,34,19,18,26,27,28,26,14,29,11,36,0,33,2,7,20,0,18,8,15,26,13,17,3,27,23,16,17,30,24,27,0,32,23,21,24,19,16
2059,15,11,7,0,21,36,19,18,32,17,17,0,15,28,16,23,23,31,0,17,18,22,22,0,29,17,3,28,15,23,16,22,22,33,24,17,10,18,0,18,26,8,3,16,10,13,16,23,25,23,15,22,25,25,21,15,24,17,34,19,18,26,27,28,26,14,29,13,36,0,33,2,7,20,0,18,8,15,26,13,17,3,27,23,17,17,30,24,27,0,32,23,21,24,19,16
2060,15,11,7,0,21,36,19,18,32,17,17,0,15,29,16,23,23,31,0,18,18,22,22,0,29,17,3,29,15,23,16,22,22,33,24,17,10,18,0,18,26,8,3,16,10,13,16,23,25,23,15,22,25,25,21,15,24,17,35,19,18,26,27,28,26,14,29,13,36,0,33,2,7,20,0,18,8,15,26,13,17,3,28,24,17,17,30,24,27,0,32,23,21,24,19,16
2061,15,11,7,0,21,36,19,19,32,17,18,0,15,29,16,23,23,31,0,18,18,22,22,0,29,17,3,29,15,23,16,22,22,33,24,17,10,18,0,18,26,8,3,16,10,13,16,23,25,23,15,22,25,25,21,15,24,17,35,19,18,26,27,28,26,14,29,13,36,0,33,2,7,20,0,18,8,15,26,13,17,3,28,24,17,17,30,24,27,0,32,23,21,24,19,16
2062,15,11,7,0,21,36,19,19,32,17,18,0,15,29,16,23,23,31,0,18,18,22,22,0,29,17,3,29,15,23,16,22,22,34,24,17,10,18,0,18,26,8,3,16,10,13,16,23,26,23,15,22,25,25,21,15,24,17,35,19,18,26,27,28,26,14,29,13,36,0,33,2,7,20,0,18,8,15,26,13,17,3,28,24,17,17,31,24,27,0,32,23,21,24,19,17
2063,15,11,7,0,21,36,19,19,32,17,18,0,15,29,16,23,23,31,0,18,18,22,22,0,29,17,3,29,15,23,16,22,22,34,24,17,10,18,0,18,27,8,3,16,10,13,16,23,26,23,15,22,25,25,21,15,24,17,35,20,18,26,27,28,26,14,29,13,36,0,33,2,7,20,0,18,8,15,26,13,17,3,28,24,18,17,31,24,27,0,32,23,21,24,19,17
2064,15,11,7,0,21,36,19,19,32,17,18,0,15,29,16,24,23,31,0,18,18,22,22,0,29,17,3,29,15,23,16,22,22,34,25,17,10,18,0,18,27,8,3,16,10,13,16,23,26,23,15,22,25,25,21,15,24,17,35,20,18,26,27,28,26,14,29,13,36,0,33,2,7,20,0,18,8,15,26,14,17,3,28,24,18,17,31,24,27,0,32,23,21,24,19,17
2065,15,12,7,0,21,36,19,19,32,17,18,0,15,29,16,24,23,31,0,18,18,22,22,0,29,17,3,29,15,23,16,22,22,34,25,17,10,18,0,18,27,8,3,17,10,13,16,23,26,23,15,22,25,25,21,15,24,17,35,20,18,26,27,28,26,14,29,13,36,0,33,2,7,20,0,18,8,15,26,14,17,4,28,24,18,17,31,24,27,0,32,23,21,24,19,17
2066,15,12,7,0,21,36,20,19,32,17,18,0,15,29,16,24,23,31,0,18,18,22,22,0,29,17,3,31,15,23,16,23,22,34,26,17,10,18,0,18,27,8,3,17,10,13,16,23,26,23,15,22,25,25,21,15,24,17,35,20,18,26,27,28,26,15,30,13,36,0,33,2,7,20,0,18,8,15,26,14,18,4,28,24,18,17,31,24,27,0,32,23,21,24,19,17
2067,15,12,7,0,21,36,20,19,32,17,18,0,15,30,16,24,23,31,0,18,18,22,22,0,29,17,3,31,15,23,16,23,22,34,26,17,10,18,0,18,27,8,3,17,10,13,16,23,26,23,15,22,25,25,21,15,24,17,35,20,18,26,27,28,26,16,30,13,36,0,33,2,7,20,0,18,8,15,26,14,18,4,28,24,18,17,31,24,27,0,32,23,21,24,19,18
2068,15,13,7,0,21,36,20,19,32,17,18,0,15,30,16,24,23,31,0,18,18,22,22,0,29,17,3,31,15,23,16,23,22,34,26,17,10,18,0,18,27,8,3,18,10,13,16,23,26,23,15,22,25,25,21,15,24,17,35,20,18,26,27,28,26,16,30,13,36,0,33,2,7,20,0,18,9,15,26,14,18,4,28,24,18,17,31,24,27,0,32,23,21,24,19,18
2069,15,13,7,0,21,36,20,20,32,17,18,0,15,30,16,24,23,31,0,18,18,22,22,0,29,17,3,31,15,23,16,23,22,34,26,17,10,18,0,18,27,8,3,18,10,13,16,23,26,23,15,22,25,25,21,15,25,17,35,20,18,26,27,28,26,16,30,13,36,0,33,2,7,20,0,18,9,15,26,14,18,4,28,24,18,17,31,24,27,0,32,23,21,24,19,18
2070,15,13,7,0,21,36,20,20,32,17,18,0,15,30,16,24,23,31,0,18,18,22,23,0,29,17,3,31,15,23,16,23,22,34,26,18,10,18,0,18,27,8,3,18,10,13,16,23,26,23,15,22,25,25,21,15,25,17,35,20,18,26,27,28,26,16,30,13,36,0,33,2,8,20,0,18,9,15,26,14,18,4,29,24,18,17,31,26,27,0,32,23,21,24,19,18
2071,15,13,7,0,21,37,20,20,32,17,18,0,15,30,16,24,23,31,0,18,18,22,23,0,29,17,3,31,15,23,16,23,22,34,26,18,10,18,0,18,27,8,3,19,10,13,16,23,26,23,15,22,25,26,21,15,25,18,35,20,18,26,27,28,26,16,30,13,36,0,33,2,9,20,0,18,9,15,26,14,18,4,29,24,18,17,31,26,27,0,32,23,21,24,19,18
2072,16,14,7,0,21,37,20,20,32,17,18,0,15,30,16,24,23,31,0,18,18,22,23,0,29,17,3,31,15,23,16,23,22,34,26,18,10,18,0,18,27,8,3,19,10,13,16,23,26,23,15,22,25,26,21,15,25,18,35,20,18,26,27,28,26,16,30,13,36,0,33,2,9,20,0,18,9,15,26,14,18,4,29,24,19,17,31,26,27,0,32,23,21,24,19,18
2073,16,14,7,0,21,37,20,20,32,17,18,0,15,30,16,24,23,31,0,18,18,22,23,0,29,17,3,31,15,23,16,23,22,34,26,18,11,18,0,18,27,8,3,19,10,13,17,23,26,23,15,22,25,26,21,16,25,18,35,20,18,26,27,28,26,16,30,13,36,0,33,2,9,20,0,18,9,15,26,14,19,4,29,24,19,17,31,27,27,0,32,23,21,24,19,18
2074,16,14,7,0,21,37,20,20,32,17,18,0,15,30,16,24,23,31,0,18,18,22,23,0,30,17,3,31,15,23,16,23,22,34,26,19,11,18,0,18,27,8,3,19,10,13,17,23,26,23,15,22,25,26,21,16,25,18,36,20,18,26,27,28,26,16,30,13,36,0,33,2,9,20,0,18,9,15,26,15,19,4,29,24,19,17,31,27,27,0,32,23,21,24,19,18
2075,16,14,7,0,21,37,20,20,32,17,19,0,15,30,16,24,23,31,0,19,18,22,23,0,30,17,3,31,15,23,16,23,22,34,26,19,11,18,0,18,27,8,3,19,10,13,17,23,26,23,15,22,25,26,21,16,25,18,36,20,18,26,27,28,26,16,30,13,36,0,33,2,9,20,0,18,9,15,26,15,19,4,29,24,19,17,31,27,27,0,32,23,21,24,19,18
2076,16,14,7,0,21,37,20,20,32,17,19,0,16,30,17,24,23,31,0,19,18,22,23,0,30,17,3,31,15,23,16,23,22,34,26,19,11,19,0,18,27,8,3,19,10,13,17,23,26,23,15,22,25,26,21,16,25,18,36,20,18,26,27,28,26,16,30,13,36,0,33,2,9,21,0,18,9,15,26,15,19,4,29,24,19,17,31,27,27,0,32,23,21,25,20,18
2077,16,14,7,0,21,37,20,20,32,17,20,0,16,30,17,24,23,31,0,19,18,22,23,0,30,17,3,31,15,23,16,23,22,34,26,19,11,19,0,18,27,8,3,19,10,13,17,23,26,23,15,22,25,26,21,16,25,18,36,20,18,26,27,28,26,16,30,13,36,0,33,2,9,21,0,18,10,15,26,15,19,4,29,24,19,17,31,27,27,0,32,23,21,25,20,18
2078,17,14,7,0,21,37,20,20,32,17,20,0,16,30,17,24,23,31,0,19,18,22,23,0,30,17,3,31,15,23,16,23,22,34,26,19,11,19,0,18,27,8,3,19,10,13,17,23,26,24,15,22,25,26,21,16,25,18,36,20,18,26,27,28,26,16,30,13,36,0,33,2,9,21,0,18,10,17,26,15,19,4,29,24,19,17,31,27,27,0,32,23,21,26,20,18
2079,17,15,7,0,21,37,20,20,32,18,20,0,16,30,17,25,23,31,0,19,18,22,23,0,30,17,3,31,15,23,16,23,23,34,26,19,11,19,0,18,27,8,3,19,10,13,17,23,26,24,15,22,25,26,21,16,25,18,36,20,18,26,27,28,27,16,30,13,36,0,33,2,9,21,0,18,10,17,26,15,19,4,29,24,19,17,31,27,27,0,32,23,21,26,20,18
2080,17,15,7,0,21,37,20,20,32,18,20,0,16,30,17,25,23,31,0,19,18,22,23,0,30,17,3,31,15,23,16,23,23,34,26,19,11,19,0,18,27,8,3,19,10,13,17,25,26,24,15,22,25,26,21,16,25,18,36,20,18,26,27,28,27,16,30,14,36,0,33,2,9,21,0,18,10,18,26,15,19,4,29,24,19,17,31,27,27,0,32,23,21,26,20,18
2081,17,15,7,0,21,37,20,21,32,18,20,0,16,30,17,25,23,32,0,19,18,22,23,0,30,17,3,31,15,23,16,23,24,34,26,19,11,19,0,18,28,8,3,19,10,13,17,25,26,24,15,22,25,26,21,16,25,18,36,20,18,26,27,28,27,16,30,14,36,0,33,2,9,21,0,18,10,18,26,15,19,4,29,24,19,17,31,27,27,0,32,23,21,26,20,18
2082,17,15,7,0,21,37,20,21,32,18,20,0,17,30,17,25,23,32,0,19,19,22,23,0,30,17,3,31,15,23,16,23,24,34,26,19,11,19,0,18,28,8,3,19,10,13,17,25,26,24,16,22,25,26,21,16,25,18,36,20,18,26,27,28,27,16,30,14,36,0,33,2,9,21,0,18,10,18,26,16,19,4,29,24,19,17,31,27,27,0,32,23,21,27,20,18
2083,17,15,7,0,21,37,20,21,32,18,20,0,17,30,18,25,23,32,0,19,19,22,23,0,30,17,3,31,15,23,16,23,24,34,26,19,11,19,0,18,28,8,3,19,10,13,17,25,26,25,16,22,26,26,21,16,25,18,36,20,18,26,27,28,27,16,30,14,36,0,33,2,9,21,0,18,10,18,26,16,19,4,29,24,19,17,31,27,27,0,32,23,21,27,20,18
2084,17,15,7,0,22,37,20,21,32,18,20,0,17,30,18,25,23,32,0,19,19,22,23,0,30,17,3,31,15,23,16,23,25,34,26,19,11,19,0,18,28,8,3,19,10,13,17,25,26,25,16,22,26,26,21,16,25,18,36,20,18,26,27,28,28,16,30,14,36,0,33,2,9,21,0,18,10,18,26,16,19,4,29,24,19,17,31,27,27,0,32,23,21,27,20,18
2085,17,15,7,0,22,37,20,21,32,18,20,0,17,30,18,26,23,32,0,19,19,22,23,0,31,17,3,31,15,23,16,23,25,34,26,19,11,19,0,18,29,8,3,19,10,13,17,25,26,25,16,22,26,26,21,16,25,18,36,20,18,26,27,28,28,16,30,14,36,0,33,2,9,21,0,18,11,18,26,16,19,4,29,24,19,17,31,27,27,0,32,23,21,27,20,18
2086,17,15,7,0,23,38,20,21,33,18,20,0,17,30,18,26,23,32,0,19,19,22,23,0,31,17,3,31,15,23,16,24,25,34,26,19,11,19,0,18,29,8,3,19,10,13,17,25,26,25,16,22,27,26,21,16,25,19,36,20,18,26,27,28,28,16,30,15,36,0,33,3,9,21,0,18,11,18,26,16,19,4,29,24,19,17,31,27,27,0,32,23,21,27,20,18
2087,17,15,7,0,23,38,20,21,33,18,20,0,17,30,18,26,23,32,0,19,19,22,24,0,31,17,3,31,15,23,16,24,25,35,26,19,11,19,0,18,29,8,3,19,10,13,17,25,26,25,16,22,27,27,22,16,26,19,37,20,18,26,27,28,28,16,30,15,37,0,33,3,9,21,0,19,11,18,26,16,19,4,29,24,19,17,31,27,28,0,32,23,21,27,20,18
2088,17,15,7,0,24,39,20,21,33,19,20,0,17,30,18,26,23,32,0,19,19,22,24,0,31,17,4,31,15,23,16,24,25,35,26,19,11,19,0,18,29,8,3,19,11,13,17,25,27,25,16,22,27,27,22,16,26,19,37,20,18,26,27,28,28,16,30,15,37,0,33,3,9,21,0,19,11,18,27,16,19,4,29,24,19,17,31,27,28,0,32,23,21,27,20,18
2089,17,15,7,0,24,39,20,21,33,19,20,0,17,30,18,26,23,32,0,19,19,22,24,0,31,17,4,31,15,23,16,24,25,35,26,19,11,20,0,18,29,8,3,19,12,13,17,26,27,25,16,22,27,27,22,16,26,19,39,20,18,26,27,28,28,16,30,15,37,0,33,3,9,21,0,19,11,18,28,16,20,4,29,24,19,17,31,27,28,0,32,23,21,27,20,18
2090,17,15,7,0,24,39,20,21,33,19,20,0,17,30,18,26,23,32,0,19,19,22,24,0,31,17,4,31,15,23,16,24,25,35,26,19,11,21,0,18,29,8,3,19,12,13,17,26,27,25,16,22,27,27,22,16,26,19,39,20,18,26,27,28,28,16,30,15,37,0,33,3,9,21,0,19,12,18,28,16,20,4,29,24,19,17,31,27,28,0,32,23,21,27,20,18
2091,17,15,7,0,24,39,20,22,33,19,20,0,17,30,18,26,23,32,0,19,19,22,24,0,31,17,4,31,16,23,16,24,25,35,26,19,11,21,0,18,29,8,3,19,12,13,17,26,27,25,16,22,27,27,22,16,26,19,39,20,18,26,27,28,28,16,30,15,37,0,33,3,9,21,0,19,12,18,28,16,20,4,29,24,19,17,31,27,28,0,32,23,21,27,20,18
2092,17,15,7,0,24,39,20,22,33,19,20,0,17,30,18,26,23,32,0,19,19,22,24,0,31,17,4,31,16,23,16,24,25,35,26,19,11,21,0,18,29,8,3,19,12,13,17,28,27,25,17,22,27,27,22,16,26,19,39,20,18,27,27,28,28,16,30,15,37,0,33,3,10,21,0,19,12,18,28,16,20,4,29,24,19,17,31,27,28,0,32,23,21,27,20,18
2093,17,16,7,0,24,39,20,22,33,19,20,0,17,30,18,27,23,32,0,20,19,22,24,0,31,17,4,31,16,23,16,24,25,35,26,19,11,21,0,18,29,8,3,20,12,13,17,28,27,25,17,23,27,27,22,16,26,19,39,20,18,27,27,28,28,16,30,15,37,0,33,3,10,21,0,19,12,18,28,16,20,4,29,24,19,17,31,27,28,0,32,23,21,27,20,18
2094,17,16,7,0,24,39,20,22,33,19,20,0,17,30,18,27,23,33,0,20,19,22,24,0,31,17,4,31,16,23,16,24,25,35,26,19,11,21,0,18,29,8,3,20,12,13,18,28,27,25,17,23,27,27,22,16,27,19,39,20,18,27,27,28,28,16,30,15,37,0,33,3,10,21,0,19,12,18,28,16,20,4,29,24,19,17,31,27,28,0,33,23,21,27,20,18
2095,17,16,7,0,24,39,20,22,33,19,20,0,17,30,18,27,23,33,0,20,19,22,24,0,31,17,4,31,16,23,16,24,25,35,26,19,12,21,0,19,29,8,3,20,12,13,18,28,27,25,17,23,27,27,22,16,27,19,39,21,18,27,27,28,28,16,30,15,37,0,33,3,10,21,0,19,12,18,28,16,20,4,29,24,19,17,31,27,28,0,33,23,21,27,20,18
2096,17,16,7,0,25,39,20,22,33,19,20,0,17,30,18,27,23,33,0,20,19,22,24,0,31,17,4,31,16,23,16,24,25,35,26,19,12,21,0,19,29,8,3,20,12,13,18,28,27,25,17,23,27,27,22,16,27,19,39,21,18,27,27,28,28,16,30,15,37,0,33,3,10,21,0,19,12,18,28,16,21,4,29,24,19,17,31,27,28,0,33,23,21,27,21,18
2097,17,16,7,0,25,39,20,22,33,19,20,0,17,30,18,27,23,33,0,20,19,22,24,0,31,17,4,31,16,23,16,24,25,35,26,19,12,21,0,19,29,8,3,20,12,13,18,28,27,25,17,23,27,27,22,16,27,19,40,21,18,27,27,28,28,16,30,15,37,0,33,3,10,21,0,19,12,18,28,16,21,4,29,24,20,17,31,27,28,0,33,23,21,27,21,18
2098,17,16,7,0,25,40,20,22,33,19,20,0,17,30,18,27,23,33,0,20,19,22,24,0,31,17,4,31,17,23,16,24,25,35,26,20,12,21,0,19,29,8,3,20,12,13,18,28,27,25,17,23,27,27,22,16,27,19,40,21,18,27,27,28,29,16,30,15,37,0,33,3,10,21,0,19,12,18,28,16,21,4,29,24,20,17,31,27,28,0,33,23,21,27,21,18
2099,17,16,7,0,25,40,21,22,33,19,20,0,17,30,18,27,23,34,0,20,20,22,24,0,31,17,4,31,17,23,16,24,25,35,26,20,12,21,0,19,29,8,3,20,12,13,18,28,27,25,17,23,27,27,22,16,27,19,40,21,19,27,27,28,29,16,30,15,37,0,33,3,10,21,0,19,12,18,28,16,21,4,29,24,20,17,31,27,28,0,33,23,21,27,21,18
2100,17,16,7,0,25,40,21,22,33,19,20,0,17,30,18,27,23,34,0,20,20,22,24,0,31,17,4,32,17,23,16,24,25,35,26,21,12,21,0,19,29,8,3,20,12,13,18,28,27,25,17,23,27,27,22,16,27,19,40,21,19,27,27,28,29,16,30,15,37,0,33,3,10,21,0,19,13,18,28,16,21,4,29,24,20,17,31,27,28,0,33,23,21,27,21,18
2101,17,16,7,0,25,40,21,22,34,19,20,0,17,30,18,27,23,34,0,20,20,22,24,0,31,17,4,32,17,23,16,24,25,36,26,21,12,21,0,19,29,8,3,20,12,13,18,28,27,25,17,23,27,27,22,16,27,19,40,21,19,27,27,29,29,16,30,15,37,0,33,3,10,21,0,19,13,18,28,16,21,4,30,24,20,17,31,27,28,0,33,23,21,27,21,18
2102,17,16,7,0,25,40,21,22,35,19,20,0,17,30,18,27,23,34,0,20,20,22,24,0,31,17,4,32,17,23,16,24,25,36,26,21,12,21,0,19,29,8,3,20,12,13,18,28,27,25,17,23,27,27,22,16,27,19,40,21,19,27,27,29,29,16,30,15,37,0,33,3,10,21,0,19,13,18,29,16,21,4,30,24,20,17,31,27,28,0,33,23,21,27,21,18
2103,17,16,7,0,25,40,21,22,35,19,20,0,17,31,18,27,23,34,0,20,20,22,24,0,31,17,4,32,17,23,16,24,25,36,26,21,12,21,0,19,29,8,3,20,13,13,18,28,27,26,17,23,27,27,23,16,27,19,40,21,19,27,27,29,29,16,30,15,37,0,33,3,10,21,0,19,13,18,29,16,21,4,30,24,20,17,31,28,28,0,33,23,21,27,21,18
2104,17,16,7,0,25,40,21,22,35,19,20,0,17,31,19,27,23,34,0,20,20,22,24,0,31,17,4,32,17,23,16,24,25,36,26,21,12,21,0,19,29,8,3,20,14,13,18,28,27,26,17,23,28,27,23,16,27,19,40,21,20,28,27,29,29,16,30,15,37,0,33,3,10,21,0,19,13,18,29,16,21,4,30,24,20,17,31,28,28,0,33,23,21,27,21,18
2105,17,16,7,0,25,40,21,22,35,19,20,0,17,31,19,27,23,34,0,20,20,22,24,0,31,17,4,32,17,23,16,24,25,36,26,21,12,21,0,19,29,8,3,20,14,13,18,28,27,26,17,23,28,28,23,16,27,19,40,21,20,28,27,29,29,16,30,15,37,0,33,3,11,21,0,19,13,18,29,16,21,4,30,24,21,17,31,28,28,0,33,23,21,27,21,18
2106,17,16,8,0,25,40,21,22,35,19,20,0,17,31,19,27,23,34,0,20,20,22,24,0,31,17,4,32,17,23,16,24,25,36,26,21,12,21,0,19,29,8,3,20,14,13,18,28,27,26,17,23,28,29,23,17,27,19,41,21,20,28,28,29,29,16,30,15,37,0,33,4,11,21,0,19,13,18,29,16,21,4,30,24,21,17,31,28,28,0,33,23,21,27,21,18
2107,17,16,8,0,25,40,21,22,35,19,20,0,17,31,19,27,23,34,0,20,20,22,25,0,31,17,4,32,17,23,16,24,25,36,26,21,12,21,0,19,29,8,3,21,14,13,18,28,27,26,17,23,28,29,23,17,27,19,41,21,20,28,28,29,29,16,30,15,37,0,33,4,11,21,0,19,13,18,29,16,21,4,30,24,21,17,32,28,28,0,33,23,21,27,21,18
2108,17,16,8,0,25,40,21,22,35,19,20,0,17,31,19,27,23,34,0,20,20,22,25,0,31,17,4,32,17,23,16,24,25,37,26,21,12,21,0,19,29,8,4,21,14,13,18,28,27,26,17,23,28,29,23,17,27,19,41,21,20,28,28,29,29,16,30,15,37,0,33,4,11,21,0,19,13,18,29,16,21,4,30,24,22,17,32,28,28,0,33,23,21,27,21,18
2109,17,16,8,0,25,40,21,22,35,19,20,0,17,31,19,27,23,34,0,20,20,22,25,0,31,17,4,32,17,23,16,24,25,37,26,21,12,22,0,19,29,8,4,21,14,13,18,28,27,26,17,23,28,29,23,18,27,19,41,21,20,28,28,29,29,16,30,15,37,0,33,4,11,21,0,19,13,18,30,16,21,4,30,24,22,17,32,28,28,0,33,23,21,27,21,18
2110,17,16,8,0,25,40,21,22,35,19,20,0,18,31,19,28,23,34,0,20,20,22,25,0,31,17,5,32,17,23,16,24,25,37,26,21,12,22,0,19,29,8,5,21,14,13,18,28,27,26,17,23,28,29,23,18,27,19,41,21,20,28,28,29,29,16,30,15,37,0,33,4,12,21,0,19,13,18,30,16,21,4,30,24,22,17,32,28,28,0,33,23,21,27,21,18
2111,18,16,9,0,25,40,21,22,35,19,20,0,18,31,20,28,23,34,0,20,20,22,25,0,31,17,5,33,17,23,16,24,25,37,26,21,12,22,0,19,29,8,5,21,14,13,18,28,27,26,17,23,28,29,23,18,27,19,41,21,20,28,28,29,29,16,30,15,37,0,33,4,12,21,0,19,13,18,30,16,21,4,30,24,22,17,32,28,28,0,33,23,21,27,22,18
2112,18,16,9,0,25,40,21,22,35,19,20,0,18,31,20,28,23,34,0,20,20,22,25,0,31,17,5,33,17,23,16,24,25,37,26,21,12,22,0,19,29,8,5,21,14,13,18,28,27,26,18,23,28,29,23,18,27,19,41,21,20,28,28,29,29,16,30,15,37,0,33,4,12,21,0,19,13,18,30,16,22,4,30,26,22,17,32,28,28,0,33,24,21,27,22,18
2113,18,16,9,0,25,40,21,22,35,19,20,0,18,31,20,28,23,34,0,20,20,22,25,1,31,17,5,33,17,23,16,24,25,37,26,21,12,22,0,20,29,8,5,22,14,13,18,28,27,27,18,23,28,29,23,18,27,19,41,21,20,28,28,29,29,16,31,15,37,0,33,4,12,22,0,19,13,18,30,16,22,4,30,26,22,17,32,28,28,0,34,24,21,27,22,18
2114,18,16,9,0,25,40,21,22,35,19,20,0,18,31,20,28,23,34,0,20,20,22,25,1,31,17,5,33,17,23,16,24,25,37,26,21,12,22,0,20,29,8,6,22,14,13,18,28,27,28,18,23,28,29,23,18,28,19,41,21,20,28,28,29,29,16,31,15,37,0,33,4,12,22,0,19,13,18,30,16,22,4,30,26,22,17,32,28,28,0,34,24,21,27,22,18
2115,18,16,9,0,25,40,21,22,36,19,20,0,18,31,20,29,23,34,0,20,20,23,25,1,31,17,5,33,17,23,16,24,25,37,26,21,13,22,0,20,29,8,6,22,15,13,18,28,27,28,18,23,28,29,23,18,28,19,41,21,20,28,29,29,29,16,31,15,37,0,33,4,12,22,0,19,14,18,30,16,22,4,30,26,22,17,32,28,28,0,35,24,21,27,22,18
2116,18,16,10,0,25,40,21,23,36,19,21,0,18,31,20,29,23,34,0,20,20,23,25,1,31,17,5,33,17,23,16,24,25,37,26,21,13,22,0,20,29,8,7,22,15,13,18,28,27,28,18,23,28,29,23,18,28,19,41,21,21,28,29,29,29,16,31,15,37,0,33,4,12,22,0,19,14,18,30,16,22,4,30,26,22,17,32,28,28,0,35,24,21,27,23,18
2117,18,16,10,0,25,40,21,23,36,20,21,0,18,31,20,29,23,34,0,20,20,23,25,1,31,17,5,33,17,23,16,24,25,37,26,21,13,22,0,20,29,8,7,22,15,13,18,28,27,28,18,23,28,29,23,18,28,19,41,21,21,28,29,29,29,16,32,15,37,0,33,4,12,23,0,19,14,18,31,16,22,4,30,26,22,18,32,28,28,0,35,24,21,27,23,18
2118,18,16,10,0,25,40,21,23,36,20,21,0,18,31,20,29,23,34,0,20,20,23,25,1,31,17,5,33,17,23,16,24,25,37,26,21,13,22,0,20,29,8,7,22,15,13,18,28,28,28,18,23,28,29,23,18,28,19,41,22,21,28,29,29,29,16,32,15,37,0,33,4,12,23,0,19,14,19,31,16,22,4,30,26,22,18,32,28,28,0,35,24,21,27,23,18
2119,18,17,10,0,25,40,21,23,36,20,21,0,18,31,20,29,23,34,0,20,20,23,25,1,31,17,5,33,17,23,16,24,25,38,26,21,13,22,0,20,29,8,7,22,15,13,18,28,28,28,18,23,28,29,23,18,28,19,41,22,21,28,29,29,29,16,32,15,37,0,33,4,12,23,0,19,14,19,31,16,22,4,30,26,22,18,32,28,28,0,35,24,21,27,23,18
2120,18,17,10,0,25,40,21,23,36,20,21,0,18,31,20,29,23,34,0,20,20,23,25,1,31,17,5,33,17,23,16,24,25,38,26,21,13,22,0,20,29,8,7,22,15,13,18,28,28,28,18,23,28,29,23,18,28,19,41,22,21,28,29,29,29,16,32,15,37,0,33,4,12,23,0,19,14,19,31,16,22,4,30,26,22,18,32,28,28,0,35,24,21,27,24,19
2121,18,17,10,0,25,40,21,23,36,20,21,0,18,31,20,29,24,34,0,20,20,23,25,1,32,17,5,33,17,23,16,24,25,38,26,21,13,22,0,20,29,8,7,22,15,13,18,28,28,28,18,23,28,29,23,18,28,19,42,22,21,28,29,29,29,16,32,15,38,0,33,4,12,23,0,19,14,19,31,16,22,4,30,26,22,18,32,28,28,0,35,24,21,27,24,19
2122,18,17,10,0,25,40,21,23,36,20,21,0,18,31,20,29,24,34,0,20,20,23,25,1,32,17,5,34,18,23,17,25,25,38,26,21,13,22,0,20,29,8,7,22,15,13,18,28,28,28,18,23,28,29,23,18,28,20,42,22,21,28,29,29,29,16,32,16,38,0,33,4,12,23,0,19,14,19,31,16,22,4,30,26,22,18,32,28,28,0,35,24,21,27,24,19
2123,18,17,10,0,25,40,21,23,36,20,21,0,18,31,20,29,24,34,0,20,20,23,25,1,32,17,5,34,18,23,17,25,25,38,26,21,13,22,0,20,29,8,7,22,15,13,18,28,28,28,18,23,28,29,23,18,28,20,42,22,21,28,29,29,29,16,32,16,38,0,33,4,12,23,0,19,14,19,31,16,22,5,30,26,22,18,32,28,28,0,35,24,21,27,24,19
2124,18,17,10,0,25,40,21,23,36,20,21,0,18,31,20,29,24,34,0,20,20,23,25,1,32,17,5,34,18,23,17,25,25,38,26,21,13,22,0,20,29,8,7,22,15,13,18,28,28,29,18,23,28,29,23,18,28,20,42,23,21,28,29,29,29,16,32,16,38,0,33,4,12,23,0,19,14,19,31,16,22,5,30,26,22,18,32,28,28,0,35,24,21,27,24,19
2125,18,17,10,0,25,40,21,23,36,20,21,0,18,31,20,29,24,34,0,20,20,23,26,1,32,17,5,34,18,23,17,25,25,38,26,21,13,22,0,20,30,8,7,22,15,13,19,28,28,29,18,23,28,29,23,18,28,20,43,23,22,28,29,29,30,16,32,16,38,0,33,4,12,23,0,19,14,19,31,16,22,5,30,26,22,18,32,28,28,0,35,24,21,27,24,19
2126,18,17,10,0,25,40,21,23,36,20,21,0,18,31,20,30,24,34,0,20,20,23,26,2,32,17,5,34,18,23,17,25,25,38,26,22,13,22,0,20,30,8,7,22,15,13,19,29,28,29,18,23,28,29,23,18,29,20,43,23,22,28,29,29,30,16,32,16,38,0,33,4,12,23,0,19,14,19,31,16,22,5,30,26,22,18,32,28,28,0,35,24,21,27,24,19
2127,18,17,10,0,25,40,21,23,36,20,21,0,18,31,20,30,25,34,0,20,20,23,26,2,32,17,5,34,18,23,17,25,25,38,26,22,13,22,0,20,30,8,7,22,15,13,19,29,28,29,18,23,28,29,23,18,29,20,43,23,22,28,29,29,30,17,32,16,38,0,33,4,12,23,0,19,14,19,31,16,22,5,30,26,22,18,33,29,28,0,35,24,21,27,24,20
2128,18,17,10,0,25,40,21,23,36,20,21,0,18,31,20,30,25,34,0,20,20,23,26,2,32,17,6,34,18,23,17,25,25,38,26,22,13,23,0,20,30,8,7,22,15,13,19,29,28,29,18,23,28,30,23,18,29,20,44,23,22,28,29,29,30,17,32,16,38,0,33,4,12,23,0,19,14,19,31,16,22,5,30,26,22,18,33,29,28,0,35,24,21,27,24,20
2129,18,17,10,0,25,40,21,23,36,20,21,0,18,31,20,30,25,34,0,20,20,23,26,2,32,17,6,34,18,23,17,25,25,38,26,22,13,23,0,20,30,8,7,22,15,13,19,29,28,29,18,23,28,30,23,18,29,20,44,23,22,28,29,29,30,17,32,16,38,0,34,4,12,23,0,19,14,19,31,16,22,5,30,26,22,18,33,29,29,0,35,24,21,27,24,20
2130,18,17,11,0,25,40,21,23,36,20,21,0,19,31,20,30,25,34,0,20,20,23,26,2,32,17,6,34,18,24,17,25,25,38,26,22,13,23,0,20,30,8,7,22,15,13,19,29,28,29,18,23,28,30,23,18,29,20,44,23,23,28,29,29,30,17,32,16,38,0,34,4,12,23,0,19,14,19,31,16,22,5,31,26,22,18,33,29,29,0,35,24,21,27,24,20
2131,18,17,11,0,25,40,21,23,36,20,21,0,19,31,20,30,25,34,0,20,20,23,26,2,32,17,6,34,18,24,17,25,25,38,26,22,13,23,0,20,30,9,7,22,15,13,19,29,28,29,18,23,28,30,23,18,29,20,44,23,23,28,29,29,30,17,32,16,38,0,34,4,12,23,0,19,14,19,31,16,22,5,31,26,22,18,33,29,29,0,35,24,21,27,24,20
2132,18,18,12,0,25,40,21,23,36,20,21,0,19,31,20,30,25,34,0,20,20,23,26,2,33,17,6,34,18,24,17,25,25,38,26,22,13,23,0,20,30,9,7,22,15,13,19,29,28,29,18,23,28,30,23,18,29,20,44,24,23,28,29,29,30,18,32,16,38,0,34,4,12,23,0,19,14,20,31,16,22,5,31,26,22,19,33,29,29,0,35,24,21,27,24,20
2133,18,18,12,0,25,40,21,23,36,20,21,0,19,31,20,30,25,34,0,20,20,23,26,2,33,17,6,34,18,24,17,25,25,38,26,22,14,23,0,20,31,9,7,22,15,13,19,29,28,29,18,23,28,30,23,18,29,20,45,24,23,28,29,29,30,18,32,16,38,0,34,4,12,23,0,19,14,20,31,16,22,5,31,27,22,19,33,29,29,0,35,24,21,27,24,20
2134,18,18,12,0,25,40,21,23,36,20,21,0,19,31,20,30,25,34,0,20,20,23,26,2,33,17,6,34,18,24,17,25,25,38,26,22,14,23,0,21,31,9,7,22,15,13,19,29,28,29,18,23,28,30,23,18,29,20,45,24,23,29,29,29,30,19,33,16,38,0,34,4,12,23,0,19,14,20,31,16,22,5,31,27,22,19,33,29,29,0,36,24,21,27,24,20
2135,18,18,12,0,26,40,21,23,36,20,21,0,19,31,20,30,25,34,0,21,20,23,26,2,33,17,6,34,19,24,18,25,25,38,26,22,14,23,0,21,31,9,7,22,15,13,19,29,28,29,18,23,28,30,23,18,29,20,45,24,23,31,29,29,30,19,33,16,38,0,34,4,12,23,0,19,14,20,31,16,22,5,31,27,22,19,33,29,29,0,36,24,21,27,24,20
2136,18,18,12,0,26,40,21,23,36,20,21,0,19,31,20,30,25,34,0,21,20,23,26,2,33,17,6,34,19,25,18,25,25,38,27,22,14,23,0,21,31,9,7,22,15,13,19,29,28,29,18,23,28,30,23,18,29,20,46,24,23,31,29,29,30,19,33,16,38,0,34,4,12,23,0,19,14,20,31,16,22,5,31,27,22,19,33,29,29,0,36,24,21,27,24,21
2137,18,18,12,0,26,40,21,23,36,20,21,0,19,31,20,30,25,34,0,21,20,24,26,2,33,17,6,34,19,25,18,25,25,38,27,22,14,23,0,21,31,9,7,22,15,13,19,29,28,29,18,23,28,30,23,18,30,20,46,24,23,31,29,29,30,19,33,16,38,0,34,4,12,23,0,19,14,20,31,16,22,5,31,27,22,19,33,29,29,0,36,24,21,27,24,21
2138,18,18,12,0,26,40,21,24,36,20,21,0,19,31,20,30,25,34,0,21,20,24,26,2,33,17,6,34,19,25,18,25,25,38,27,22,14,23,0,21,31,9,7,22,15,13,19,30,28,30,18,23,28,30,23,18,30,20,46,24,23,31,29,29,30,19,33,16,38,0,34,4,12,23,0,19,14,20,31,16,22,5,31,27,22,19,33,29,29,0,36,24,21,27,24,22
2139,18,18,12,0,26,40,21,25,36,20,21,0,20,31,20,31,25,34,0,21,20,24,26,2,33,17,6,34,19,25,18,25,25,38,27,22,14,23,0,21,31,9,7,23,15,13,19,30,28,30,18,23,28,30,23,18,30,20,46,24,23,31,29,29,30,19,33,17,38,0,34,4,12,23,0,19,15,20,31,16,22,5,31,27,22,19,33,29,29,0,36,24,21,27,24,22
2140,18,18,12,0,26,40,21,25,36,20,22,0,20,31,20,31,25,34,0,21,20,24,26,2,33,17,6,34,19,25,18,25,25,38,27,22,14,23,0,21,31,9,7,24,15,13,19,30,28,30,18,23,28,30,23,18,30,20,46,24,23,31,29,29,30,19,33,17,38,0,34,4,12,23,0,19,15,20,31,16,22,5,31,27,22,19,34,29,29,0,36,24,21,27,24,22
2141,18,18,12,0,26,40,21,25,36,20,23,0,20,31,20,31,25,34,0,21,20,24,26,2,33,17,6,34,19,25,18,25,25,38,27,22,14,23,0,21,31,9,7,24,15,13,19,30,28,30,18,23,28,30,23,18,30,20,46,25,23,31,29,29,30,19,33,17,38,0,34,4,12,23,0,19,15,20,31,16,22,5,31,27,22,19,34,29,29,0,36,24,21,27,24,22
2142,18,18,12,0,26,40,21,25,36,20,24,0,20,31,20,31,25,34,0,21,20,24,26,2,33,17,6,34,19,25,18,25,25,38,27,22,14,23,0,21,31,9,7,24,15,13,19,30,28,30,18,23,28,30,23,18,30,20,46,25,23,31,29,29,30,19,33,17,38,0,34,4,13,23,0,19,15,20,31,17,22,5,31,27,22,19,34,29,29,0,36,24,21,27,24,22
2143,18,18,12,0,26,40,21,25,36,20,24,0,20,31,20,31,25,34,0,22,20,24,26,2,33,17,6,34,19,25,18,25,25,38,27,22,14,23,0,21,31,9,7,24,15,13,19,30,28,30,18,23,28,30,23,18,30,20,46,25,23,31,29,29,30,19,34,17,38,0,34,4,13,23,0,19,16,20,31,17,22,5,31,27,22,19,34,29,29,0,36,24,21,27,24,22
2144,18,18,12,0,26,40,21,25,36,20,24,0,20,31,20,31,25,34,0,22,21,24,26,2,33,17,6,34,19,25,18,25,25,38,27,22,14,23,0,21,31,9,7,24,16,13,19,30,28,30,18,23,28,30,23,18,30,20,46,25,23,31,29,29,30,19,34,17,38,0,34,4,13,23,0,19,16,20,31,17,22,5,31,27,22,19,34,29,29,0,36,24,21,27,24,22
2145,18,18,12,0,26,40,21,25,36,20,24,0,20,32,20,31,25,34,0,22,21,24,26,2,33,17,6,34,19,25,18,25,25,38,27,23,14,23,0,21,31,9,7,24,16,13,19,30,28,30,18,23,28,30,23,18,30,20,46,25,23,31,29,29,30,19,34,17,38,0,34,4,13,23,0,19,16,20,31,17,22,5,31,27,22,19,34,29,29,0,36,24,22,28,24,22
2146,18,18,12,0,26,40,22,25,36,20,24,0,20,32,21,31,25,34,0,22,21,24,26,2,33,17,6,34,19,25,18,25,25,38,27,23,14,23,0,21,31,9,7,25,16,13,19,30,28,30,18,23,28,30,23,18,30,20,46,25,23,31,29,29,30,19,34,17,38,0,34,4,13,23,0,19,16,20,31,17,22,5,31,27,22,19,34,29,29,0,36,24,22,28,24,22
2147,18,18,12,0,26,40,22,25,36,20,24,0,20,32,21,31,25,34,0,22,21,24,26,2,33,17,6,34,19,25,18,25,25,38,27,23,14,23,0,21,31,9,7,25,16,13,19,30,28,30,18,23,28,30,23,18,30,20,47,25,23,31,29,29,30,19,34,17,38,0,34,4,13,24,0,20,16,20,31,17,22,5,31,27,22,19,34,29,30,0,36,24,22,28,24,22
2148,18,18,13,0,26,40,22,25,37,20,24,0,20,32,21,31,25,34,0,22,21,24,26,2,33,17,6,34,19,25,18,25,25,38,27,23,14,23,0,21,31,9,7,25,16,13,19,30,28,30,18,23,28,30,23,18,30,20,47,26,23,31,29,29,30,19,34,17,38,0,34,4,13,24,0,20,16,20,31,17,22,6,31,27,22,19,34,29,30,0,36,24,22,28,24,22
2149,18,18,13,0,26,40,22,25,37,20,24,0,20,32,21,31,25,34,0,22,21,24,26,2,33,17,6,34,19,25,18,25,25,38,27,23,14,24,0,21,31,9,7,26,16,13,19,30,28,30,18,23,28,30,23,18,30,21,47,26,23,31,29,29,30,19,34,17,38,0,34,4,13,24,0,20,16,20,31,17,22,6,31,28,22,19,34,29,30,0,36,24,22,28,24,22
2150,19,18,13,0,26,40,22,25,37,20,24,0,20,32,21,31,25,34,0,22,21,24,26,2,33,17,6,34,19,25,18,25,25,38,27,23,14,24,0,22,31,9,7,26,16,13,19,30,28,30,18,23,28,31,23,18,30,21,48,26,23,31,29,29,30,19,34,17,38,0,34,4,13,24,0,20,16,20,31,17,22,7,31,28,22,19,34,29,30,0,36,24,22,28,24,22
2151,19,18,13,0,26,40,22,26,37,20,24,0,20,32,21,31,26,34,0,22,21,24,26,2,33,17,6,34,19,25,18,25,25,38,27,23,14,24,0,22,31,9,7,26,16,13,19,30,28,30,18,23,28,31,23,18,30,21,48,26,24,31,29,29,30,19,34,17,38,0,34,4,13,24,0,20,16,20,31,17,22,7,31,28,22,19,34,29,30,0,36,24,22,29,24,22
2152,19,18,13,0,26,40,22,26,37,20,25,0,20,32,21,31,26,34,0,22,21,24,26,2,33,17,6,34,19,25,18,25,25,38,27,23,14,24,0,22,31,9,7,26,16,13,19,30,28,30,18,23,28,31,23,18,30,21,48,26,25,32,29,29,30,19,34,17,38,0,35,4,13,24,0,20,16,21,31,17,22,7,31,28,22,19,34,29,30,0,36,24,22,29,24,22
2153,19,18,13,0,26,40,22,26,37,20,25,0,20,32,21,31,26,34,0,22,21,24,26,2,33,17,6,34,19,25,18,25,25,38,27,23,14,24,0,22,31,9,7,26,16,14,19,30,28,30,18,23,28,31,23,18,30,21,49,26,25,32,29,29,30,19,34,17,38,0,35,4,13,24,0,20,16,21,31,17,22,7,31,28,22,19,34,30,30,0,36,24,22,29,24,22
2154,19,18,13,0,26,40,22,26,37,20,25,0,20,32,21,31,26,34,0,22,21,24,26,2,33,17,6,34,19,25,18,25,25,38,27,23,14,24,0,23,31,9,7,26,16,14,19,30,28,30,18,23,29,31,23,18,30,21,50,26,25,32,29,29,30,19,34,17,38,0,35,4,13,24,0,20,16,21,31,17,22,7,31,28,22,19,34,30,30,0,36,24,22,29,24,22
2155,19,18,13,0,26,40,22,26,37,20,25,0,20,32,21,31,26,34,0,22,21,24,26,2,33,17,6,34,19,25,18,25,25,39,27,24,14,24,0,23,31,9,7,26,16,14,19,30,28,30,18,23,29,31,23,18,30,21,50,26,25,32,29,29,30,20,34,17,38,0,35,4,13,24,0,20,16,21,31,17,22,7,31,28,22,19,35,30,30,0,36,24,22,29,24,22
2156,19,18,14,0,26,40,22,26,37,20,25,0,20,32,21,31,26,34,0,22,22,24,26,2,33,17,6,34,19,25,18,25,25,39,27,24,14,24,0,23,31,9,7,26,16,14,19,30,28,30,18,23,29,31,23,18,30,21,50,26,25,32,29,29,30,20,34,17,38,0,35,4,13,24,0,20,16,21,31,17,22,7,31,28,22,19,35,30,30,0,36,24,23,29,25,22
2157,19,18,14,0,26,40,22,26,37,21,25,0,20,32,21,31,26,34,0,22,22,24,26,2,33,17,6,34,19,25,18,25,26,39,27,24,14,24,0,23,32,9,7,26,16,14,19,30,28,30,18,23,29,32,23,18,30,21,50,26,25,32,29,29,30,20,34,17,38,0,35,4,13,24,0,20,16,21,31,17,23,7,31,28,22,19,35,30,30,0,36,24,23,29,25,22
2158,19,18,14,0,26,40,22,26,37,21,25,0,20,32,21,31,26,34,0,22,23,25,26,2,33,17,6,34,19,25,18,25,26,39,27,24,14,24,0,23,32,9,7,26,16,14,19,30,28,30,18,23,29,32,23,18,30,21,50,26,26,32,29,29,30,20,34,18,38,0,35,4,13,24,0,20,16,21,31,17,23,7,31,29,22,19,35,30,30,0,36,24,23,29,25,22
2159,19,18,14,0,26,41,22,26,37,21,25,0,20,32,21,31,26,34,0,22,23,25,26,2,33,17,6,34,19,25,18,25,26,39,27,24,14,24,0,23,32,9,7,27,16,14,19,30,28,30,18,23,29,32,23,18,30,21,50,26,26,32,29,29,31,20,34,18,38,0,35,4,13,24,0,20,16,21,31,17,23,7,31,29,22,19,35,30,30,0,36,25,23,29,25,22
2160,19,18,14,0,26,41,22,26,37,21,25,0,20,32,21,31,26,34,0,22,23,25,26,2,33,17,6,34,19,26,18,26,26,39,27,24,14,24,0,23,32,9,7,27,16,14,19,30,28,30,18,23,29,32,23,18,30,21,50,26,26,32,29,30,31,20,34,18,38,0,35,4,13,24,0,20,16,21,31,18,23,7,31,29,22,19,35,30,30,0,36,25,23,29,25,22
2161,19,18,14,0,26,41,22,26,37,21,26,0,20,32,21,31,26,34,0,22,23,25,26,2,33,17,6,34,19,26,18,26,26,39,27,24,14,24,0,23,32,9,7,27,16,14,19,30,28,30,18,23,30,32,23,18,30,21,50,26,26,32,29,30,31,20,34,18,38,0,35,4,13,24,0,20,16,21,31,18,23,7,31,29,22,19,35,30,30,0,36,25,23,29,25,22
2162,19,18,14,0,27,41,22,26,37,21,26,0,20,32,21,31,26,34,0,22,23,25,26,2,33,17,6,34,19,26,18,26,26,39,27,24,14,24,0,23,32,9,7,27,16,14,19,30,28,30,18,23,30,32,23,18,30,21,50,26,27,33,29,30,32,20,34,18,38,0,35,4,13,24,0,20,16,21,31,18,23,7,31,29,22,19,35,30,30,0,36,25,24,29,25,22
2163,20,18,14,0,27,41,22,26,37,21,27,0,20,32,21,31,26,34,0,22,23,25,26,2,33,17,6,34,19,26,18,26,26,40,27,24,14,24,0,23,32,9,7,27,16,14,19,30,28,30,18,23,30,32,23,18,30,21,50,26,27,33,29,30,32,20,34,18,38,0,35,4,13,24,0,20,16,21,31,18,23,7,31,29,22,19,35,30,31,0,36,25,24,30,25,22
2164,20,18,14,0,27,41,22,27,37,21,27,0,20,32,21,31,26,34,0,22,23,25,26,2,33,17,6,34,19,26,18,26,26,41,27,24,14,24,0,23,32,9,7,27,16,14,19,30,29,30,18,23,30,32,24,18,30,21,50,26,27,33,29,30,32,20,34,18,38,0,35,4,13,24,0,20,16,21,31,18,23,7,31,29,22,19,35,30,31,0,36,25,24,31,25,22
2165,20,18,14,0,27,41,22,27,37,21,27,0,20,32,21,31,26,34,0,22,23,25,26,2,33,17,6,34,19,26,18,26,26,41,27,24,14,24,0,23,32,9,7,27,16,14,19,30,29,30,18,23,30,32,24,18,30,21,50,26,27,33,29,30,32,20,34,19,38,0,35,4,13,24,0,20,16,21,31,18,23,7,31,29,22,19,35,30,31,0,36,25,24,31,25,22
2166,20,18,14,0,27,41,22,27,37,21,27,0,20,32,21,31,26,34,0,22,23,25,26,2,33,18,6,34,19,26,18,26,26,41,27,24,14,24,0,23,32,9,7,27,16,14,19,30,29,30,18,23,30,32,24,18,30,21,50,26,27,33,29,30,32,21,34,19,38,0,35,4,13,24,0,20,16,21,31,18,23,7,31,29,22,19,35,30,31,0,36,25,24,31,25,22
2167,20,18,14,0,27,41,22,27,37,21,27,0,20,32,21,31,26,34,0,22,23,25,26,2,33,18,6,34,19,26,18,26,26,41,27,24,14,24,0,23,32,9,7,27,16,14,19,30,29,30,18,23,30,32,24,18,30,21,50,26,27,33,29,30,32,21,34,19,38,0,35,4,13,24,0,20,16,21,31,18,23,8,31,29,22,19,35,30,31,0,36,25,24,31,25,23
2168,20,18,14,0,27,41,22,27,37,21,27,0,20,32,21,31,26,34,0,22,23,25,26,2,34,18,6,34,19,26,18,26,28,41,27,24,14,24,0,23,32,9,7,27,16,14,19,30,29,30,18,23,30,32,24,18,30,21,50,26,27,33,29,30,32,21,34,19,38,0,35,4,13,24,0,20,17,21,31,18,23,8,31,29,22,19,35,30,31,0,36,26,24,32,25,23
2169,20,18,15,0,27,41,22,27,37,21,27,0,20,32,21,31,27,34,0,22,23,25,26,2,34,18,6,34,19,26,18,26,28,41,27,24,14,24,0,23,32,10,7,27,16,14,19,30,29,30,18,23,30,32,24,18,30,21,50,26,27,33,29,30,32,21,35,19,38,0,35,4,13,24,0,20,17,21,31,18,23,8,31,29,22,19,35,30,31,0,36,26,24,32,25,23
2170,20,18,15,0,27,41,22,27,37,21,27,0,20,32,21,31,27,34,0,22,23,25,26,2,34,18,6,34,19,26,18,26,28,41,28,24,14,24,0,23,32,10,7,27,16,14,19,30,29,30,18,23,30,32,24,18,30,21,50,26,27,33,29,30,32,21,35,19,38,0,35,4,13,24,0,20,17,21,31,18,23,8,31,29,22,19,35,30,31,0,36,26,24,32,25,23
2171,20,18,15,0,27,41,22,27,37,21,27,0,20,32,21,31,27,34,0,22,23,25,26,2,34,18,6,35,19,27,18,26,28,41,28,24,14,24,0,23,32,10,7,27,16,14,19,30,29,30,18,23,30,32,24,18,30,21,51,26,27,33,29,30,32,21,36,19,38,0,35,4,13,24,0,20,17,21,31,18,24,8,31,29,22,19,35,30,31,0,36,26,24,32,25,23
2172,20,18,15,0,27,42,22,27,37,21,27,0,20,32,21,31,27,34,0,22,23,25,27,2,34,18,6,35,19,27,18,26,28,41,28,24,14,24,0,23,32,10,7,27,16,14,21,30,29,30,18,23,32,32,25,18,30,21,51,26,27,33,29,30,32,21,36,19,38,0,35,4,13,24,0,20,17,21,31,18,24,8,31,29,22,19,35,30,31,0,36,26,24,32,25,23
2173,20,18,15,0,27,42,22,27,37,21,27,0,20,32,22,31,27,34,0,22,23,25,27,2,34,18,6,35,19,27,18,26,28,41,28,24,14,24,0,23,32,10,7,27,16,14,21,30,29,30,18,23,32,32,25,18,30,21,51,26,27,33,29,30,32,21,36,19,38,0,35,4,13,24,0,20,17,21,31,18,24,8,31,29,22,19,35,30,31,0,36,26,24,33,25,23
2174,20,18,15,0,27,42,22,27,37,21,27,0,20,32,22,31,27,34,0,22,23,25,27,2,34,18,6,35,19,27,18,26,28,41,28,24,15,24,0,23,32,10,7,27,16,14,21,30,29,30,18,23,32,32,25,18,30,21,52,26,27,33,29,30,32,21,37,19,38,0,35,4,14,24,0,20,17,21,31,18,24,8,31,29,22,19,35,30,31,0,36,26,24,33,25,23
2175,20,19,15,0,27,42,22,27,37,21,27,0,20,32,22,31,27,34,0,22,23,25,27,2,34,18,6,35,19,28,19,26,28,41,28,24,15,24,0,23,32,11,7,27,16,14,21,30,29,30,18,23,32,32,25,18,30,21,52,26,27,33,29,30,32,21,37,19,38,0,35,4,14,24,0,20,17,21,31,18,24,8,31,29,22,19,35,30,31,0,36,26,24,33,25,23
2176,20,19,15,0,27,42,23,27,37,21,27,0,20,32,22,31,27,34,0,22,23,25,27,2,34,18,6,35,19,28,19,26,28,41,28,24,15,24,0,23,32,11,7,27,16,14,21,30,29,30,18,23,32,32,25,18,30,22,52,26,27,33,29,30,32,21,37,20,38,0,35,4,15,24,0,20,17,21,31,18,24,8,31,29,22,19,35,30,31,0,36,26,24,33,25,23
2177,20,19,15,0,27,42,23,27,37,21,27,0,20,32,22,31,27,34,0,22,23,25,27,2,34,18,6,35,19,28,19,26,28,41,29,24,15,24,0,23,32,11,8,27,16,14,21,30,29,30,18,23,32,32,25,18,30,22,52,26,27,33,29,30,32,21,37,20,38,0,35,4,15,24,0,20,17,21,31,18,24,8,31,29,22,19,35,30,31,0,36,26,24,33,25,23
2178,20,19,15,0,27,42,23,27,37,21,27,0,20,32,22,31,27,34,0,22,23,25,27,2,34,18,6,35,19,28,20,26,28,41,29,24,15,24,0,23,32,11,8,27,16,14,21,30,29,30,18,23,32,33,25,18,30,22,52,26,27,33,29,30,32,21,37,20,38,0,35,4,15,24,0,20,17,21,31,18,24,8,31,29,23,19,35,31,31,0,36,26,24,33,25,23
2179,20,19,15,0,27,42,23,27,37,21,27,0,20,32,22,31,27,34,0,23,23,25,27,2,34,18,6,35,19,28,20,26,28,41,29,24,15,24,0,23,32,11,8,27,16,14,21,30,29,30,18,23,32,33,25,18,30,22,52,26,27,34,29,30,32,21,37,20,38,0,35,4,15,24,0,20,17,22,31,18,24,8,31,29,23,19,35,31,31,0,36,26,24,33,25,23
2180,20,19,15,0,27,42,23,27,37,21,27,0,20,32,22,31,27,34,0,23,23,25,27,2,34,18,6,35,19,28,20,26,28,41,29,24,15,24,0,23,32,11,8,27,16,14,21,30,29,30,18,23,32,33,25,18,30,23,52,26,27,34,29,30,32,21,37,20,38,0,35,4,15,24,0,20,17,22,31,18,24,8,31,29,23,19,35,31,31,0,36,26,24,33,25,23
2181,20,19,15,0,27,42,23,27,37,21,28,0,20,32,22,31,27,34,0,23,23,25,27,2,34,18,6,35,19,29,20,26,28,41,29,24,15,25,0,23,32,11,8,27,16,14,21,30,29,30,18,23,32,33,25,18,30,23,52,26,27,34,29,30,32,21,37,20,38,0,35,4,15,24,0,20,17,22,31,18,24,8,31,29,23,19,36,31,31,0,37,26,24,33,25,23
2182,21,19,15,0,27,42,24,27,37,21,28,0,20,32,22,31,27,34,0,23,23,25,27,2,34,18,6,35,19,29,20,26,28,42,29,24,16,25,0,23,33,11,8,27,16,14,21,31,29,30,18,23,33,33,25,18,30,23,52,26,27,34,29,30,32,22,37,20,38,0,35,4,15,24,0,20,17,22,31,18,24,8,31,29,23,19,36,31,31,0,37,26,24,33,25,23
2183,21,19,15,0,27,42,24,27,37,21,28,0,20,32,22,31,27,34,0,23,23,25,27,2,34,18,6,35,19,29,20,26,28,42,29,24,16,25,0,23,33,11,8,27,16,14,21,31,29,30,18,23,33,33,25,18,31,23,52,26,27,34,29,30,32,22,37,20,38,0,36,4,15,24,0,20,17,22,31,18,24,8,31,29,23,21,36,31,31,0,37,26,24,33,25,23
2184,21,19,15,0,27,42,24,27,37,21,29,0,20,32,22,31,27,34,0,23,23,25,27,2,34,18,6,35,19,29,20,26,28,42,30,25,16,25,0,23,33,11,8,27,16,14,21,31,29,30,18,23,33,33,25,18,31,23,52,26,27,34,29,30,32,22,37,20,38,0,36,4,15,24,0,20,17,22,31,18,24,8,31,29,23,22,36,31,31,0,37,26,24,33,25,23
2185,21,19,15,0,27,42,24,27,37,21,29,0,20,32,22,31,27,34,0,23,23,25,27,2,34,18,6,35,19,29,20,26,28,42,30,25,16,25,0,23,33,11,8,27,16,14,21,31,29,30,18,23,33,33,25,18,32,23,53,26,27,34,29,30,33,22,37,20,38,0,36,4,17,24,0,20,17,22,31,18,24,8,31,29,23,22,36,31,31,0,37,26,24,33,25,23
2186,21,19,15,0,27,42,24,27,37,21,29,0,20,32,22,31,27,34,0,23,23,25,27,2,34,18,6,35,19,29,20,26,28,42,30,25,16,25,0,23,33,11,8,27,16,14,21,31,29,30,18,23,33,33,25,18,32,23,53,26,28,34,29,30,34,22,37,20,38,0,36,4,17,24,0,20,17,22,31,18,24,8,31,29,23,22,36,31,31,0,37,26,24,33,25,23
2187,21,19,15,0,27,42,24,27,37,21,29,0,20,32,22,31,27,34,0,23,23,26,27,2,34,18,6,35,19,29,20,26,28,42,30,25,16,25,0,23,33,11,8,27,16,14,21,31,29,30,18,23,33,33,25,18,32,23,53,26,28,34,29,30,34,22,37,20,38,0,36,4,17,24,0,20,17,22,31,18,24,8,31,29,23,22,36,32,31,0,37,26,24,33,25,23
2188,21,19,15,0,27,42,24,27,37,21,29,0,20,32,22,31,27,34,0,23,24,27,27,2,34,18,6,35,19,29,20,26,28,42,30,25,16,25,0,23,33,11,8,27,16,14,21,31,29,30,18,23,33,34,25,18,32,23,53,26,28,34,29,30,34,22,37,20,38,0,36,4,17,24,0,20,17,22,31,18,24,8,31,29,23,22,36,32,31,0,38,26,24,33,25,23
2189,22,19,15,0,27,42,24,27,37,21,30,0,20,32,22,31,27,34,0,23,24,27,27,2,34,18,6,35,19,29,20,26,29,42,31,25,16,25,0,23,33,11,8,27,16,14,21,31,29,30,18,23,33,34,25,18,33,24,53,26,28,34,29,30,34,22,37,20,38,0,37,4,17,24,0,20,17,22,31,18,24,8,31,29,23,22,36,32,31,0,38,26,24,33,25,23
2190,22,19,15,0,27,42,24,27,37,21,30,0,20,32,22,31,27,34,0,23,24,27,27,2,35,18,6,35,19,29,20,26,29,42,31,26,16,25,0,23,33,11,8,27,16,14,21,31,29,30,18,23,33,34,25,18,33,24,53,26,28,34,29,30,34,22,37,22,38,0,37,4,17,24,0,20,17,22,31,18,24,8,31,29,23,22,36,32,31,0,38,26,24,33,25,23
2191,22,19,15,0,27,42,24,27,37,21,30,0,20,32,22,31,27,34,0,23,24,27,27,2,35,18,6,35,19,29,20,26,29,42,31,26,16,25,0,23,33,11,8,27,16,14,21,31,29,30,18,23,34,34,25,18,33,24,53,26,28,34,29,30,34,22,37,22,38,0,37,4,17,24,0,20,17,22,32,18,24,8,31,29,23,22,36,32,31,0,38,26,24,33,25,23
2192,22,19,15,0,27,42,25,27,37,21,30,0,20,32,22,31,27,34,0,23,24,27,27,2,35,18,6,35,19,29,20,26,29,42,31,26,16,25,0,23,33,11,8,27,17,14,21,31,29,30,18,23,34,34,26,18,33,24,53,26,28,34,29,30,34,22,37,22,38,0,37,4,17,24,0,20,17,22,32,18,24,8,31,29,23,22,36,32,31,0,38,26,24,33,25,23
2193,22,19,16,0,27,42,25,27,37,21,30,0,21,32,22,31,27,34,0,23,24,27,27,2,35,19,6,35,19,29,20,26,29,42,31,26,16,25,0,23,33,11,8,27,17,14,21,31,29,30,18,23,34,34,26,18,33,24,53,26,29,34,29,30,34,22,37,22,38,0,37,4,17,24,0,20,17,22,32,18,24,8,31,29,23,22,36,32,31,0,38,26,24,33,25,23
2194,22,19,16,0,27,42,25,27,37,21,30,0,21,32,22,31,27,34,0,23,24,27,27,2,35,20,6,35,19,29,20,26,29,42,31,26,16,25,0,23,33,11,8,27,17,14,21,32,30,30,18,23,34,34,26,18,33,25,53,26,29,34,29,30,34,22,37,22,38,0,37,4,17,24,0,21,17,23,32,19,24,8,31,30,23,22,36,32,31,0,38,26,24,33,25,23
2195,23,19,17,0,27,42,25,27,37,21,30,0,21,32,22,31,27,34,0,23,24,27,27,2,35,20,6,35,19,29,20,26,29,42,31,26,16,25,0,23,33,11,8,27,17,14,21,32,30,30,18,23,34,34,26,18,33,25,53,27,29,34,29,30,34,22,38,23,38,0,37,4,17,24,0,21,17,23,33,19,24,8,31,30,23,22,36,32,31,0,38,26,24,33,25,23
2196,23,19,17,0,27,42,25,27,37,21,30,0,21,32,22,31,27,34,0,23,24,27,27,2,35,20,6,35,19,29,20,26,29,42,31,26,17,25,0,23,33,11,8,27,17,14,21,32,30,30,18,23,34,34,26,18,33,25,53,27,29,34,29,30,34,22,38,23,38,0,37,4,18,24,0,21,17,23,33,19,24,8,31,30,23,22,36,32,31,0,38,26,24,33,25,23
2197,23,19,17,0,27,42,26,27,37,21,30,0,22,32,22,31,27,34,0,23,24,27,27,2,35,20,6,35,19,29,20,26,29,42,31,26,17,26,0,23,33,11,8,27,17,14,21,32,30,30,18,23,34,34,26,18,33,25,53,27,29,34,29,30,34,22,38,23,38,0,38,4,18,24,0,21,17,23,33,19,24,8,31,30,23,22,36,32,31,0,38,26,24,33,25,23
2198,23,19,18,0,27,42,26,27,37,21,30,0,22,32,22,31,27,34,0,23,24,27,27,2,35,20,6,35,19,29,20,26,29,42,31,26,17,26,0,24,33,11,8,27,17,14,21,32,30,30,18,23,34,34,26,18,33,25,53,27,29,34,29,30,34,22,38,23,38,0,38,4,18,24,0,21,17,23,33,19,24,8,31,30,23,22,36,32,31,0,38,26,24,33,25,23
2199,23,19,18,0,27,42,27,27,37,21,30,0,22,32,22,31,27,34,0,23,24,27,27,2,35,20,6,35,19,30,20,26,29,42,31,26,17,27,0,24,33,11,8,27,17,14,21,32,30,30,18,23,34,34,26,18,33,25,53,27,29,34,29,30,34,22,38,23,38,0,38,4,18,24,0,21,17,23,33,19,24,8,31,30,23,22,36,32,32,0,38,27,25,33,25,23
2200,23,19,18,0,27,42,27,27,37,21,30,0,22,32,22,31,27,34,0,23,24,27,27,2,35,20,6,36,19,30,20,26,29,42,31,26,17,27,0,24,33,11,8,27,17,14,21,32,30,30,18,23,34,34,26,18,33,25,54,27,29,34,29,30,34,23,38,23,38,0,38,4,18,24,0,21,17,23,33,19,24,8,31,30,23,22,36,32,32,0,38,27,25,33,25,23
2201,23,19,18,0,27,42,27,27,37,21,30,0,22,32,22,31,27,34,0,23,24,27,27,3,35,20,6,36,19,30,20,26,29,42,31,26,17,27,0,24,33,11,8,28,17,15,21,32,30,30,18,23,35,34,26,18,33,25,55,28,29,34,29,30,34,23,38,23,38,0,38,4,18,24,0,21,17,23,33,19,24,9,31,30,23,22,36,32,32,0,38,27,25,33,25,23
2202,23,19,18,0,27,42,27,27,37,21,30,0,22,32,22,31,27,34,0,23,24,27,27,3,35,20,6,36,19,30,20,26,29,43,31,26,17,27,0,24,33,11,8,29,17,15,21,32,30,30,18,23,35,34,26,18,33,25,55,28,29,34,29,30,34,23,38,23,39,0,38,4,18,24,0,21,17,23,33,19,24,9,31,30,23,22,36,32,32,0,38,27,25,33,25,23
2203,23,19,18,0,27,42,28,27,37,21,30,0,22,32,22,31,27,34,0,23,24,27,27,3,35,20,6,36,19,30,20,26,29,43,31,26,17,27,0,24,33,11,8,29,18,15,21,32,30,30,18,23,35,34,27,18,33,25,55,28,30,34,29,30,34,23,38,23,39,0,38,4,18,24,0,21,17,23,33,19,24,9,31,30,23,23,36,32,32,0,38,27,25,33,25,23
2204,23,19,18,0,27,42,28,27,37,21,30,0,22,32,22,31,27,34,0,23,24,27,27,3,36,20,6,36,19,30,20,27,29,43,31,26,17,27,0,24,33,11,8,29,18,15,21,32,30,30,18,23,35,34,27,18,33,25,55,28,30,34,29,30,34,23,38,23,39,0,38,4,18,24,0,21,17,23,33,19,24,9,31,30,23,23,36,32,32,0,38,28,25,33,25,23
2205,23,19,18,0,27,42,28,27,37,21,30,0,22,32,22,31,27,34,0,23,24,27,27,3,36,20,6,36,19,30,20,27,29,43,31,26,17,27,0,25,33,11,8,29,18,15,21,32,30,30,18,23,35,34,27,18,33,25,55,28,30,34,29,30,34,23,38,23,39,0,38,4,18,24,0,21,17,23,33,19,24,9,31,31,23,23,36,32,32,0,38,28,25,33,25,23
2206,23,19,18,0,27,42,28,27,37,21,30,0,22,32,22,31,27,34,0,23,24,27,27,3,36,20,6,36,19,30,20,27,29,43,31,26,17,27,0,25,33,11,8,29,18,15,21,32,30,30,18,23,35,34,27,18,33,25,55,28,30,34,29,30,34,23,38,23,39,0,38,4,19,24,0,21,17,23,33,19,24,9,31,31,23,24,36,32,32,0,38,29,25,33,25,23
2207,23,19,19,0,27,42,28,27,37,21,30,0,22,32,22,31,28,34,0,23,24,27,27,3,36,20,6,36,19,30,20,27,29,43,31,26,17,27,0,25,33,11,8,29,18,15,21,32,30,30,18,23,35,34,27,18,33,25,55,28,30,34,29,30,34,23,38,23,39,0,38,4,19,24,0,21,17,23,33,19,24,9,31,32,23,24,37,32,32,0,38,29,25,33,25,23
2208,23,19,19,0,27,42,28,27,37,21,30,0,22,32,22,31,28,34,0,23,24,27,27,3,36,20,6,36,19,30,20,27,29,43,31,26,17,27,0,25,33,11,8,29,18,15,21,32,30,30,18,23,35,34,27,18,33,25,55,29,30,34,29,30,34,23,38,23,39,0,38,4,19,24,0,21,17,23,33,19,24,9,31,32,23,24,37,32,32,0,38,29,25,33,25,23
2209,23,19,19,0,27,42,28,27,37,21,30,0,22,32,22,31,28,34,0,23,24,27,28,4,36,20,6,36,19,30,20,27,29,43,31,26,17,28,0,25,33,11,8,29,18,15,21,32,30,30,18,23,35,34,27,18,33,25,55,29,30,34,29,30,34,23,38,23,39,0,38,4,19,24,0,21,17,23,33,19,24,9,31,32,23,24,37,32,32,0,38,29,25,33,25,23
2210,23,19,19,0,27,42,28,27,37,21,30,0,22,32,22,31,28,34,0,23,24,27,28,4,36,20,6,36,19,30,21,27,29,43,31,26,17,28,0,25,33,11,8,29,18,15,21,32,30,30,18,23,35,35,27,18,33,25,56,30,30,34,29,30,34,23,38,23,39,0,38,4,19,24,0,21,17,23,33,19,24,9,31,32,23,24,37,32,32,0,38,29,25,33,25,23
2211,23,19,19,0,27,42,28,27,37,21,30,0,22,32,22,31,28,34,0,23,24,27,28,4,36,20,6,36,19,30,21,27,29,43,31,26,17,28,0,25,33,11,8,29,18,15,21,32,30,30,18,23,35,35,28,18,33,25,56,31,30,35,29,30,34,23,38,23,39,0,38,4,19,24,0,21,17,23,33,19,24,9,31,32,23,24,37,32,32,0,38,29,25,33,25,23
2212,23,19,19,0,27,42,28,27,37,21,30,0,22,32,22,32,28,34,0,23,24,27,28,5,36,20,6,36,19,30,21,27,29,43,31,26,18,28,0,25,33,11,8,29,18,15,21,32,30,30,18,23,36,35,28,18,33,25,56,31,30,35,29,30,34,23,38,23,39,0,38,4,19,24,0,21,17,23,33,19,24,9,31,32,23,24,37,32,32,0,38,29,25,33,25,23
2213,23,19,19,0,27,42,28,28,37,21,30,0,22,32,22,32,28,34,0,23,24,27,28,5,36,20,6,36,19,30,21,27,29,44,31,27,18,28,0,25,33,11,8,29,18,15,21,32,30,30,18,23,36,35,28,18,33,25,56,31,30,36,29,30,34,23,38,23,39,0,38,4,19,24,0,21,17,23,33,19,24,9,31,32,23,24,37,32,32,0,38,29,25,33,25,23
2214,24,19,19,0,27,42,28,28,38,21,31,0,22,32,22,32,28,34,0,23,25,27,28,5,36,20,6,36,19,30,21,27,29,44,31,27,18,28,0,25,33,11,8,29,18,15,21,32,30,30,18,23,37,35,28,18,33,25,56,31,31,36,29,30,34,23,38,23,39,0,38,4,19,24,0,22,17,23,33,19,24,9,31,32,23,24,37,32,33,0,38,29,25,33,25,23
2215,24,19,19,0,27,42,28,28,38,21,31,0,22,32,23,32,28,34,0,23,25,27,28,5,36,20,6,36,19,30,21,27,29,44,31,27,18,28,0,25,33,11,8,29,18,16,21,32,30,31,18,23,37,35,28,18,33,25,56,31,31,36,29,30,34,23,38,23,39,0,38,4,19,25,0,22,17,23,33,19,24,9,31,32,23,24,37,32,33,0,38,29,25,33,25,23
2216,24,19,19,0,27,42,28,28,38,22,31,0,22,32,23,32,28,34,0,24,25,27,28,5,36,20,6,37,19,30,21,27,29,44,31,27,18,28,0,25,33,11,8,29,18,16,21,32,30,31,18,23,37,35,28,18,33,25,56,31,31,36,30,30,34,23,38,23,39,0,38,4,20,25,0,22,17,23,33,19,24,9,31,32,23,24,38,32,33,0,38,29,25,33,25,23
2217,24,19,19,0,27,42,29,28,38,22,31,0,22,32,23,33,28,34,0,24,25,27,28,5,36,20,6,37,19,30,21,27,29,44,31,27,19,28,0,25,33,11,8,29,18,16,21,32,30,31,18,23,38,35,28,18,33,25,56,32,31,36,30,30,34,23,38,23,39,0,38,4,20,25,0,22,17,23,33,20,24,9,31,32,23,24,38,32,33,0,38,29,25,33,25,23
2218,24,19,19,0,27,42,29,28,38,22,31,0,23,32,23,33,28,34,0,24,25,27,28,5,36,20,6,37,19,30,21,27,29,44,31,27,19,28,0,25,33,11,8,29,19,16,21,32,30,31,18,23,38,35,29,18,33,25,56,32,31,36,30,30,34,23,38,23,39,0,38,4,20,25,0,22,17,23,34,20,24,9,31,32,23,24,38,32,33,0,38,29,25,33,25,23
2219,24,19,19,0,27,42,29,29,38,22,31,0,23,32,23,33,28,34,0,24,25,27,28,5,36,20,7,37,19,30,21,27,29,44,32,27,19,28,0,25,33,11,8,29,19,16,21,32,30,31,18,23,38,35,29,18,33,25,56,32,31,37,30,30,34,23,38,23,39,0,38,4,20,25,0,22,17,23,34,20,24,10,31,32,23,24,38,32,33,0,38,29,25,33,25,23
2220,24,19,19,0,27,42,29,29,38,22,31,0,23,32,23,33,28,34,0,24,25,27,28,5,36,20,7,37,19,30,21,27,29,44,32,27,19,28,0,25,33,11,8,29,19,16,21,32,30,31,18,23,38,35,29,18,33,25,56,32,31,37,30,30,34,23,38,24,39,0,38,4,20,25,0,22,17,23,34,20,24,10,31,32,23,24,38,32,33,0,38,29,25,33,25,23
2221,24,19,19,0,27,42,29,29,38,22,31,0,23,32,23,33,28,34,0,24,25,27,28,5,36,20,7,37,20,30,21,27,29,44,32,27,19,28,0,25,33,11,8,29,19,17,21,32,30,31,18,23,38,35,29,18,33,25,56,32,32,37,30,30,34,23,38,24,39,0,38,4,20,25,0,22,17,23,34,20,24,10,32,32,23,24,38,33,33,0,38,29,25,33,25,23
2222,24,19,19,0,27,42,29,29,39,22,31,0,23,32,23,33,28,34,0,24,25,27,28,5,36,20,7,37,20,30,21,27,29,44,32,27,19,28,0,25,33,11,8,29,19,17,21,33,31,31,18,23,38,35,29,18,33,25,56,32,32,37,30,30,34,23,38,24,39,0,38,4,21,25,0,22,17,24,34,20,24,10,32,32,23,24,38,33,33,0,38,29,25,33,25,23
2223,24,19,19,0,27,42,29,29,39,22,31,0,23,32,23,33,28,34,0,24,25,27,28,5,36,20,7,37,20,30,21,27,29,44,32,27,19,28,0,25,33,11,8,29,19,17,21,33,31,31,18,23,38,35,29,18,33,25,56,32,32,37,30,30,34,23,38,24,39,0,38,4,21,25,0,23,17,24,34,20,24,10,32,32,23,24,38,33,33,0,38,29,25,33,25,23
2224,24,19,19,0,27,42,29,29,39,22,31,0,23,32,23,33,28,34,0,24,25,27,28,5,36,20,7,37,20,30,21,27,29,44,32,27,19,28,0,25,33,11,8,30,19,17,21,33,31,31,18,23,38,35,29,18,33,25,56,32,32,37,30,30,34,23,38,24,39,0,38,4,21,25,0,23,17,24,34,20,24,10,32,32,23,24,38,33,33,0,38,29,25,33,25,23
2225,24,19,19,0,27,42,29,30,39,22,31,0,23,32,23,33,28,34,0,24,25,27,28,5,36,20,7,37,20,30,21,27,29,44,33,27,19,28,0,25,33,11,8,30,19,17,21,33,31,31,18,24,38,35,29,18,33,25,56,32,32,37,30,30,35,23,38,24,39,0,38,4,21,25,0,23,17,24,34,20,24,10,32,32,23,24,39,33,33,0,38,29,25,33,25,23
2226,24,19,19,0,27,42,29,31,39,22,31,0,23,32,23,33,28,34,0,24,25,27,28,5,36,20,7,37,20,30,21,27,29,44,33,27,19,28,0,25,33,11,8,30,19,17,21,33,31,31,18,24,38,35,29,18,33,25,56,32,32,37,30,30,35,23,38,24,39,0,38,4,21,25,0,23,17,24,34,20,24,10,32,32,23,25,39,33,33,0,38,29,25,33,25,23
2227,25,19,19,0,27,42,29,31,39,22,31,0,23,32,23,33,28,34,0,24,25,27,28,5,36,20,7,37,20,30,21,27,29,44,33,27,19,28,0,25,33,11,8,30,19,17,21,33,31,32,18,24,38,35,29,18,33,25,56,32,32,37,30,30,36,24,39,24,39,0,38,4,21,25,0,23,17,24,34,20,24,10,32,32,23,25,39,33,33,0,38,29,25,33,25,24
2228,25,19,19,0,27,42,29,31,39,22,31,0,23,32,23,33,28,34,0,24,25,27,28,5,36,20,7,37,20,30,21,27,29,44,33,27,19,28,0,25,34,11,8,30,19,17,21,33,31,32,18,24,38,35,29,18,33,25,56,32,32,37,30,30,36,24,39,24,40,0,38,4,21,25,0,23,17,24,34,20,24,10,32,32,24,25,39,33,33,0,38,29,25,33,25,24
2229,25,19,19,0,27,42,29,31,39,22,31,0,23,32,23,33,28,34,0,24,25,27,28,5,36,20,7,37,20,30,21,27,29,44,33,27,19,28,0,25,34,11,8,30,19,17,21,33,31,32,18,24,38,35,29,18,33,25,56,32,32,37,30,30,37,24,39,24,40,0,38,4,21,25,0,23,17,24,34,20,24,10,32,32,24,25,39,33,33,0,38,29,25,33,25,24
2230,25,19,19,0,27,42,29,31,39,22,31,0,23,33,23,33,28,34,0,24,25,27,28,5,36,20,7,37,20,30,21,27,29,44,33,27,19,28,0,25,34,11,9,30,19,17,21,33,31,32,18,24,38,35,29,18,33,25,56,32,32,37,30,30,37,24,39,24,40,0,38,4,21,25,0,23,17,24,34,20,24,10,32,32,24,25,39,33,33,0,39,29,25,33,25,24
2231,25,20,19,0,27,42,29,31,39,22,31,0,23,33,23,33,28,34,0,25,25,27,28,5,37,21,7,37,20,30,21,27,29,44,33,27,19,28,0,25,34,11,10,30,19,17,21,33,31,33,18,24,38,35,29,18,33,25,56,32,32,37,31,30,37,24,39,24,40,0,38,4,21,25,0,23,17,24,34,20,24,10,32,32,24,25,39,33,33,0,39,29,25,33,25,24
2232,25,21,19,0,27,42,29,31,39,22,31,0,23,33,23,33,28,34,0,25,25,27,28,5,37,22,7,37,20,30,21,28,29,44,33,27,19,28,0,25,34,11,10,31,19,17,21,34,31,33,18,24,38,35,29,18,33,25,56,32,32,37,31,30,37,24,39,24,40,0,38,4,21,25,0,23,17,24,35,20,24,10,32,32,24,26,39,33,33,0,39,29,25,33,25,25
2233,25,21,19,0,27,42,29,31,39,22,31,0,23,34,23,33,28,34,0,25,25,27,28,5,37,22,7,37,20,30,21,28,29,44,33,27,19,28,0,25,34,11,11,31,19,17,21,34,31,33,18,24,38,36,30,18,33,25,56,32,32,37,31,30,37,24,39,24,40,0,38,4,21,25,0,23,17,24,35,20,24,10,32,32,24,26,39,33,33,0,39,29,25,33,25,25
2234,25,21,19,0,27,42,29,31,39,22,32,0,23,34,23,33,28,34,0,25,25,28,28,5,37,22,7,37,20,30,21,28,29,44,33,27,19,28,0,25,34,11,11,31,19,17,22,34,31,33,18,24,38,36,30,18,33,25,56,32,32,37,31,31,37,24,39,24,40,0,38,4,21,25,0,23,17,25,35,20,24,10,32,32,24,26,39,33,33,0,39,29,25,33,25,25
2235,25,21,19,0,27,42,29,31,39,22,32,0,23,34,23,33,28,34,0,25,25,28,28,5,37,22,8,37,20,30,21,28,29,44,33,27,19,28,0,25,34,11,11,31,19,17,23,34,31,33,18,24,38,36,30,18,33,25,56,32,32,37,31,31,37,24,39,24,40,0,39,4,21,25,0,23,17,25,35,20,24,10,32,32,24,26,39,33,33,0,39,29,25,33,25,25
2236,25,21,19,0,27,42,29,31,39,22,32,0,23,34,23,33,28,34,0,25,26,28,28,5,37,22,8,37,20,30,21,28,29,44,33,27,19,28,0,26,34,11,11,31,19,17,23,34,31,33,18,24,38,36,30,18,33,26,56,32,32,37,31,31,37,24,39,24,40,0,39,4,21,25,0,23,17,25,35,21,24,10,32,32,24,26,39,33,33,0,39,29,25,33,25,25
2237,25,21,19,0,27,42,29,31,39,22,32,0,23,34,23,33,28,34,0,25,26,28,28,5,37,22,8,37,20,30,21,28,29,44,33,27,19,28,0,26,34,11,11,31,19,17,23,34,31,33,18,24,38,36,30,18,33,26,56,32,32,37,32,31,37,24,39,24,40,0,39,4,21,25,0,23,17,25,35,21,24,10,33,32,24,26,39,33,33,0,39,29,25,33,25,25
2238,25,21,19,0,27,43,29,31,39,22,32,0,23,34,23,33,28,34,0,25,27,28,28,5,37,22,8,37,20,30,21,29,29,44,33,27,19,28,0,26,34,11,11,31,19,18,23,34,31,33,18,24,38,36,30,18,33,26,56,32,32,37,32,31,37,25,39,24,41,0,39,4,21,26,0,23,17,25,35,21,24,10,33,32,24,26,39,33,33,0,39,29,25,33,25,25
2239,25,21,19,0,27,43,29,31,39,22,32,0,23,34,23,33,28,34,0,25,27,28,28,5,37,22,8,38,20,30,21,29,29,44,33,27,19,28,0,26,34,11,11,31,19,18,23,34,32,33,18,24,38,36,31,18,33,26,56,32,32,37,32,31,37,25,39,24,41,0,39,4,21,27,0,23,17,25,35,21,24,11,33,32,24,26,39,33,33,0,39,29,25,33,26,25
2240,26,21,19,0,27,43,29,31,39,22,32,0,24,34,23,33,28,34,0,25,27,29,28,5,37,22,8,38,20,30,21,29,29,44,33,27,19,28,0,26,34,11,11,31,19,18,23,34,32,33,18,24,38,36,31,18,33,26,56,32,32,37,33,31,37,25,39,24,41,0,39,4,21,27,0,23,17,25,35,21,24,11,33,32,24,26,39,33,33,0,39,29,25,33,26,25
2241,26,21,19,0,27,43,30,31,39,22,32,0,24,34,23,33,28,34,0,25,27,29,28,5,37,22,8,38,20,30,22,29,29,44,33,27,19,28,0,26,34,11,11,31,20,18,23,34,32,33,18,24,38,36,31,18,34,26,56,32,32,37,33,31,37,25,39,24,41,0,39,4,21,27,0,23,17,25,35,21,24,11,33,33,24,26,40,33,33,0,39,29,25,33,26,25
2242,26,21,19,0,27,43,30,31,39,22,32,0,24,34,23,33,28,34,0,25,27,29,28,5,37,22,9,38,20,30,22,29,29,44,34,27,19,28,0,26,34,11,11,31,21,18,23,34,32,33,18,24,38,36,31,18,34,26,56,32,32,37,33,31,37,25,39,24,41,0,39,4,21,27,0,23,17,25,35,21,24,11,33,33,24,26,40,33,33,0,39,30,25,33,26,25
2243,26,21,19,0,27,43,31,31,39,22,32,0,24,35,23,33,28,34,0,25,27,29,28,5,37,22,9,38,20,30,22,29,29,44,34,27,19,28,0,26,34,11,11,31,21,18,23,34,32,33,18,24,39,36,31,18,35,26,56,32,32,37,33,31,37,25,39,24,41,0,39,4,21,27,0,23,17,25,35,21,24,11,33,33,24,26,40,33,33,0,39,30,25,33,26,25
2244,26,21,19,0,27,43,31,31,39,22,32,0,24,35,23,33,28,34,0,25,27,29,28,5,37,22,9,38,20,30,22,29,29,44,34,27,19,28,0,26,34,11,11,31,21,18,23,34,32,33,18,24,39,36,31,18,35,26,56,32,32,37,33,31,37,25,39,24,41,0,39,4,21,27,0,23,17,25,36,21,24,11,33,33,24,26,40,33,33,0,39,30,25,33,26,25
2245,26,21,19,0,27,43,31,31,39,23,32,0,24,35,23,33,28,34,0,25,27,29,28,5,37,22,9,38,20,30,22,29,29,44,34,27,19,28,0,26,34,11,11,31,21,18,23,34,32,33,18,24,39,36,31,19,35,26,56,32,32,37,33,31,37,25,39,24,41,0,39,4,21,27,0,23,17,25,36,21,25,11,33,33,24,26,40,33,33,0,39,30,25,33,26,25
2246,26,21,19,0,27,43,31,31,39,23,32,0,24,35,23,33,28,34,0,25,27,29,28,5,37,22,9,38,21,30,22,29,29,44,34,27,19,28,0,26,34,11,11,31,21,18,23,34,32,34,18,24,39,36,31,19,36,26,56,32,32,37,33,31,37,25,39,24,41,0,39,4,22,27,0,23,17,25,36,21,25,11,33,33,24,26,40,33,33,0,39,30,25,33,26,25
2247,26,21,19,0,27,43,31,31,39,23,32,0,24,35,23,34,28,34,0,25,27,29,28,5,37,22,9,38,21,30,22,29,29,44,34,28,19,28,0,26,34,11,11,31,21,18,23,34,32,34,18,24,39,36,31,19,36,26,56,32,32,37,33,31,37,25,40,24,41,0,39,4,22,27,0,23,17,25,36,21,26,11,33,33,24,26,40,33,33,0,39,30,25,33,26,25
2248,26,21,19,0,27,43,31,31,39,23,32,0,24,35,23,34,28,34,0,25,27,29,28,5,37,23,9,38,21,30,22,29,29,44,34,28,19,28,0,26,34,11,11,31,21,18,23,34,32,34,18,24,39,36,31,19,36,26,56,32,32,37,33,31,37,25,40,24,41,0,40,4,22,27,0,23,17,25,36,21,26,11,33,33,24,26,40,33,33,0,39,30,25,33,26,25
2249,26,21,19,0,27,43,31,31,39,23,32,0,24,35,23,34,28,34,0,25,27,29,28,5,37,23,9,38,21,30,22,29,29,44,34,28,19,28,0,26,34,11,11,31,21,18,23,34,32,34,18,24,39,36,31,19,36,26,56,32,32,37,33,31,37,26,40,24,41,0,40,4,22,27,0,23,17,25,36,21,26,11,33,33,24,26,40,33,33,0,39,30,25,33,26,25
2250,26,21,19,0,27,43,31,31,39,23,32,0,24,35,23,34,28,34,0,25,27,29,28,5,37,23,9,38,21,30,22,29,29,44,34,28,19,28,0,26,34,11,11,31,21,18,23,34,32,34,18,24,39,36,31,19,36,26,56,32,32,37,33,31,37,26,40,24,41,0,40,4,22,27,0,23,17,25,36,22,27,11,33,33,24,26,40,33,33,0,39,30,25,33,26,25
2251,26,21,19,0,27,43,31,31,39,23,32,0,24,35,23,34,28,34,0,25,27,29,28,6,37,23,9,38,21,30,22,29,29,44,34,28,19,28,0,26,34,11,11,31,21,18,24,35,32,34,18,24,39,36,31,19,36,26,56,32,32,37,33,31,37,26,40,24,41,0,40,4,22,27,0,23,17,25,36,22,27,11,33,33,24,26,40,33,33,0,39,30,25,33,27,25
2252,26,21,19,0,27,43,31,31,39,23,32,0,24,35,23,34,28,34,0,25,27,29,28,6,37,23,9,38,21,30,22,29,29,44,34,29,19,28,0,26,34,11,11,31,21,18,24,35,32,34,19,24,39,36,31,19,36,26,56,32,32,37,33,31,37,26,40,24,41,0,40,4,22,27,0,23,17,25,36,22,27,11,33,33,24,26,40,33,33,0,39,30,25,33,27,25
2253,26,21,19,0,27,44,31,31,39,23,32,0,24,35,23,34,28,34,0,25,27,29,28,6,37,23,9,38,21,30,22,29,29,44,34,29,19,30,0,26,34,11,11,31,21,18,24,35,32,34,19,24,39,36,31,19,36,26,56,32,32,37,33,31,37,26,40,24,41,0,40,4,22,27,0,24,17,25,36,23,27,11,33,33,24,26,40,33,33,0,39,30,25,33,27,25
2254,26,21,19,0,27,44,31,31,39,23,32,0,24,35,23,34,28,34,0,25,27,30,28,6,37,23,9,38,21,30,22,29,29,44,34,29,19,30,0,26,34,11,11,31,21,18,24,35,32,34,19,24,39,36,31,19,36,26,56,32,32,37,33,31,37,26,40,24,41,0,40,4,22,28,0,24,17,25,36,23,27,11,33,33,24,26,40,33,33,0,39,30,25,33,27,25
2255,26,21,19,0,27,44,31,31,39,23,32,0,24,35,23,34,28,34,0,25,27,30,28,6,37,23,9,38,21,30,22,29,29,44,34,29,21,30,0,26,34,11,11,31,21,18,24,35,32,34,19,24,39,36,31,19,36,26,56,32,32,37,34,32,37,26,40,24,41,0,40,4,22,29,0,24,17,25,36,23,27,11,33,33,24,26,40,33,33,0,39,30,25,33,27,25
2256,26,21,19,0,27,44,31,31,39,23,33,0,24,35,23,34,28,34,0,25,27,30,28,6,37,23,9,38,21,30,22,29,29,44,34,29,21,30,0,26,34,11,11,31,21,18,24,35,32,34,19,25,39,36,31,19,36,26,56,32,32,37,34,32,37,26,40,24,43,0,40,4,22,29,0,24,18,25,36,23,27,11,33,33,24,26,40,33,33,0,39,30,25,33,27,25
2257,27,21,19,0,27,44,31,31,39,23,33,0,24,35,23,34,28,34,0,25,27,30,28,6,37,23,9,38,21,30,22,29,29,44,34,29,21,31,0,26,34,11,11,31,21,18,24,35,32,34,19,25,39,36,31,19,36,26,56,32,32,37,34,32,37,26,40,25,43,0,41,4,22,29,0,24,18,25,36,23,27,11,33,33,24,26,40,33,33,0,39,30,25,33,27,25
2258,27,21,19,0,27,44,31,31,39,23,33,0,24,35,23,34,29,34,0,25,27,30,28,6,37,23,9,38,21,30,22,29,29,44,34,29,21,31,0,26,34,11,11,31,21,18,24,35,32,34,19,25,39,36,31,19,36,26,56,32,32,37,34,32,37,26,40,25,43,0,41,4,22,29,0,24,18,25,36,24,27,11,33,33,24,26,40,33,33,0,39,30,26,33,27,25
2259,27,21,20,0,27,45,31,31,39,23,33,0,24,36,23,34,29,34,0,25,27,30,28,6,37,24,9,38,21,30,23,29,29,44,34,30,21,31,0,26,34,11,11,31,21,18,24,35,32,34,19,25,39,36,31,19,36,26,56,32,32,37,34,32,37,26,40,25,43,0,41,4,22,29,0,24,18,25,36,24,27,11,33,33,24,26,40,33,33,0,39,30,26,33,28,25
2260,27,21,20,0,27,45,31,31,40,23,33,0,24,36,23,34,29,34,0,25,27,30,28,6,37,24,9,38,21,30,23,29,29,44,34,30,21,31,0,26,34,12,11,31,21,18,24,35,32,34,19,25,39,36,31,19,36,26,56,32,32,37,34,32,37,26,40,25,43,0,41,4,22,29,0,24,18,25,36,24,27,11,33,33,24,26,40,33,33,0,39,30,26,33,28,25
2261,27,21,20,0,27,46,31,31,41,23,33,0,24,36,23,34,29,34,0,25,27,30,28,6,37,24,10,38,21,30,23,29,29,44,34,30,21,31,0,26,34,12,11,31,21,18,24,35,32,34,19,25,40,36,31,19,36,26,56,32,32,37,35,32,37,26,40,25,43,0,41,5,22,29,0,24,18,25,36,24,27,11,33,33,24,26,40,33,33,0,39,30,26,33,28,25
2262,27,21,20,0,27,46,31,31,41,23,33,0,24,36,23,34,29,34,0,25,27,30,28,6,37,24,10,38,21,30,23,30,29,45,34,30,21,31,0,26,34,12,11,31,21,18,24,35,32,34,19,25,40,36,31,19,36,26,56,32,32,37,35,32,37,26,40,25,43,0,41,5,22,29,0,24,18,25,37,24,27,11,33,33,24,26,40,33,33,0,39,30,26,33,28,25
2263,27,21,20,0,27,46,31,31,41,23,33,0,24,36,23,34,29,34,0,25,27,30,28,6,38,24,10,38,21,30,23,30,30,45,35,30,21,31,0,26,34,12,11,31,22,18,24,35,32,34,19,25,40,36,31,19,36,26,56,32,32,37,35,32,37,26,40,25,43,0,41,5,23,29,0,24,18,25,37,24,27,11,33,33,24,26,40,33,33,0,39,30,26,33,28,25
2264,27,21,20,0,27,46,31,31,41,23,33,0,24,36,23,34,29,34,0,25,27,30,28,6,38,24,10,38,21,30,23,30,30,45,35,30,21,31,0,26,34,12,11,31,22,18,24,35,32,34,19,25,40,36,31,19,36,26,56,32,32,37,35,32,37,26,40,25,43,0,41,5,23,29,0,26,18,25,37,24,27,11,33,33,24,26,40,34,33,0,39,30,26,33,28,26
2265,27,21,20,0,27,46,31,31,41,23,33,0,24,36,23,35,29,34,0,25,27,30,28,6,38,24,10,38,21,30,23,30,30,45,35,30,21,31,0,26,34,12,11,31,22,18,24,35,32,34,19,25,40,36,31,19,36,26,56,32,32,38,35,32,37,26,40,25,43,0,41,5,23,29,0,26,19,25,37,25,27,11,33,33,24,26,40,34,33,0,39,30,26,33,28,26
2266,27,21,20,0,27,46,32,31,41,23,33,0,24,36,23,35,29,34,0,25,27,30,28,6,38,25,10,39,21,30,23,30,30,45,35,30,21,31,0,26,34,12,12,31,22,18,24,35,32,34,19,25,40,36,31,19,36,26,56,32,32,38,35,32,37,26,40,25,43,0,41,5,23,29,0,26,19,25,37,25,27,11,33,33,24,26,40,34,33,0,39,30,26,33,28,26
2267,27,21,20,0,27,46,32,31,41,23,33,0,25,36,23,35,29,34,0,25,27,30,28,6,38,25,10,39,21,30,23,31,30,45,35,30,21,31,0,26,34,13,12,31,22,18,24,35,32,34,19,26,40,36,31,19,36,26,56,33,32,38,35,32,37,27,40,25,43,0,41,5,23,29,0,26,19,25,37,25,27,12,33,33,24,26,40,34,33,0,39,30,26,33,29,26
2268,27,21,20,0,27,46,32,31,41,23,33,0,25,36,23,35,29,34,0,25,27,30,28,6,38,25,10,39,21,30,23,31,30,45,36,30,21,31,0,26,34,13,12,31,23,18,24,35,32,34,19,26,40,36,31,19,36,27,56,33,32,38,35,32,37,27,40,25,43,0,41,5,23,29,0,26,19,25,37,25,27,12,33,33,24,26,40,34,33,0,39,30,26,33,29,26
2269,27,21,20,0,27,46,32,31,42,23,33,0,25,36,23,35,29,34,0,25,27,30,28,6,38,25,10,39,21,30,23,31,30,46,36,30,21,31,0,26,34,13,12,31,23,18,24,36,32,34,19,26,40,36,31,19,36,27,56,33,32,38,35,32,37,27,40,25,43,0,41,5,23,29,0,26,19,25,37,25,27,12,33,33,24,26,40,34,33,0,39,30,27,33,29,26
2270,27,21,20,0,27,46,32,31,42,23,33,0,25,36,23,35,29,34,0,25,27,30,29,6,38,26,10,39,21,30,23,31,30,46,36,30,21,31,0,26,34,13,12,32,23,18,24,36,32,34,19,26,40,36,31,19,36,27,57,34,33,39,35,32,37,27,40,25,43,0,41,5,23,29,0,26,19,25,37,25,27,12,33,33,24,26,40,34,33,0,39,30,27,33,29,26
2271,27,21,20,0,27,46,32,31,42,23,33,0,25,36,23,35,29,34,0,25,27,30,29,6,38,26,10,39,21,30,23,31,30,46,36,30,21,31,0,26,34,13,12,32,23,18,24,36,32,34,19,27,40,36,31,19,36,27,57,34,33,39,35,33,37,27,40,25,43,0,41,5,23,29,0,26,19,25,37,25,27,12,33,33,24,26,40,34,33,0,39,30,27,33,29,26
2272,27,21,20,0,27,46,32,31,42,23,33,0,25,36,23,35,29,34,0,25,27,30,29,6,38,26,10,39,21,30,23,31,30,46,36,30,21,32,0,26,34,13,12,32,23,18,24,37,32,34,19,28,40,36,31,19,36,27,57,34,33,39,35,33,37,27,40,25,43,0,41,5,23,29,0,26,19,25,37,25,27,12,33,33,24,26,40,34,33,0,39,30,27,33,29,27
2273,27,21,20,0,27,46,32,31,42,23,33,0,25,36,23,35,29,34,0,25,27,30,29,6,38,26,10,39,22,30,23,31,30,46,36,30,21,32,0,26,34,13,12,32,23,18,24,37,32,34,19,28,40,36,31,19,36,27,57,34,33,39,35,33,37,27,40,25,43,0,41,5,23,29,0,26,19,25,37,25,27,12,33,33,24,26,40,34,33,0,39,30,27,33,29,27
2274,27,21,20,0,27,46,32,31,42,23,33,0,25,36,24,35,29,34,0,25,27,30,29,6,38,26,10,39,22,30,23,31,30,46,36,30,21,32,0,26,34,13,12,32,23,19,24,37,32,34,19,28,40,36,31,19,36,27,57,34,33,39,35,33,37,27,40,25,43,0,41,5,23,29,0,26,20,25,37,25,27,12,33,33,24,26,40,34,33,0,39,31,27,33,29,27
2275,27,21,20,0,27,46,32,31,43,23,33,0,25,36,24,35,29,34,0,25,27,30,29,6,38,26,10,39,22,30,23,31,30,46,36,30,21,32,0,26,34,13,12,32,24,19,24,37,32,34,19,28,40,36,31,19,36,28,57,34,33,39,35,33,37,27,40,25,43,0,41,5,23,29,0,26,21,25,37,25,27,12,33,33,24,26,40,34,33,0,39,31,27,33,29,27
2276,27,22,20,0,27,46,32,31,43,23,33,0,25,36,24,35,29,34,0,25,27,30,29,6,38,26,10,39,22,30,23,31,30,46,36,30,21,32,0,26,34,13,12,32,24,19,24,37,32,35,19,28,40,36,31,19,36,28,57,34,33,39,35,33,37,27,41,25,43,0,41,5,23,30,0,26,21,25,37,25,27,12,33,33,24,26,40,35,33,0,39,31,27,33,29,27
2277,27,22,20,0,27,46,32,31,44,23,33,0,26,36,24,35,29,34,0,25,27,30,29,6,38,26,10,39,22,30,23,31,30,46,36,30,21,32,0,26,34,13,12,32,24,19,24,37,32,35,19,28,40,36,31,19,36,28,57,34,33,39,35,33,37,27,41,25,43,0,41,5,23,30,0,26,21,25,37,25,27,12,33,33,24,26,40,35,33,0,39,31,27,33,29,28
2278,27,22,20,0,27,46,32,31,44,23,33,0,27,36,24,35,29,34,0,25,27,30,29,6,38,26,10,39,22,30,23,31,30,46,36,30,21,32,0,26,34,13,12,32,24,20,24,37,32,35,19,28,40,36,31,20,36,28,57,34,33,39,35,33,37,27,41,25,43,0,41,5,23,30,0,26,21,25,37,25,27,12,33,33,24,26,40,35,33,0,39,31,27,33,29,28
2279,27,22,20,0,27,46,32,31,44,23,33,0,27,36,24,35,29,34,0,25,27,30,29,6,38,26,11,39,22,30,23,31,31,46,36,30,21,32,0,27,34,13,12,32,24,20,24,37,32,35,19,28,40,36,31,20,36,28,57,34,33,39,35,33,37,27,42,25,43,0,41,5,23,30,0,26,21,25,37,25,27,12,33,33,25,26,40,35,33,0,39,31,27,33,29,28
2280,27,22,20,0,27,46,32,31,44,23,33,0,27,36,25,35,29,34,0,25,27,30,29,6,38,26,11,39,22,30,23,31,31,46,36,30,21,32,0,27,34,13,12,32,24,20,24,37,32,35,19,28,40,36,31,20,36,28,57,34,33,39,35,33,37,27,42,25,43,0,42,5,23,30,0,26,21,25,37,25,27,12,33,33,25,26,40,35,33,0,39,31,27,33,29,28
2281,27,22,21,0,27,46,32,32,44,23,33,0,27,36,25,36,29,34,0,25,27,30,29,6,38,26,11,39,22,31,23,31,31,46,36,30,21,32,0,27,34,13,12,32,24,20,24,37,32,35,19,28,40,36,31,20,36,28,57,34,33,39,35,33,37,27,42,25,43,0,42,5,23,30,0,26,21,25,37,25,27,12,33,33,25,26,40,35,33,0,39,32,28,33,29,28
2282,27,22,21,0,27,46,32,32,44,23,34,0,28,36,25,36,29,34,0,25,27,30,29,6,38,26,11,39,22,31,23,31,31,46,36,30,21,32,0,27,34,13,12,32,25,20,24,37,33,35,19,28,40,36,31,20,37,28,57,34,33,39,35,33,37,27,42,25,43,0,42,5,23,30,0,26,21,25,37,25,27,12,33,33,25,26,40,35,33,0,39,32,28,33,29,28
2283,27,22,21,0,27,46,32,32,44,23,34,0,28,36,25,36,29,34,0,26,27,30,29,6,38,26,11,39,22,31,23,31,31,46,36,30,21,32,0,27,34,13,12,32,25,20,24,37,33,35,19,28,40,36,31,20,37,29,57,34,33,39,35,33,37,27,43,25,43,0,42,5,23,30,0,26,22,25,37,25,27,12,33,33,25,26,40,35,33,0,39,32,28,33,29,28
2284,27,22,21,0,27,46,32,32,44,23,34,0,28,36,25,36,29,34,0,26,27,31,29,6,38,26,11,39,22,31,23,31,31,46,36,30,21,32,0,27,34,13,12,32,25,20,24,38,33,35,19,28,40,36,31,20,37,29,57,34,33,39,35,33,37,27,43,25,43,0,42,5,23,30,0,26,22,25,38,25,27,12,33,34,25,26,40,35,33,0,39,32,28,33,29,28
2285,28,22,21,0,27,46,32,32,44,23,34,0,28,36,25,36,29,34,0,26,27,31,29,6,38,26,11,39,22,31,23,31,31,46,36,31,21,32,0,27,34,13,12,33,25,20,24,38,33,35,19,28,40,36,31,20,37,29,57,34,33,39,35,33,37,27,43,25,43,0,42,5,23,30,0,26,22,26,38,25,27,12,33,34,25,27,40,35,33,0,39,33,28,33,29,28
2286,29,22,21,0,27,46,32,32,44,23,34,0,28,36,25,36,29,34,0,26,27,31,29,6,38,27,11,39,22,31,23,31,31,46,36,31,21,32,0,27,34,13,12,33,25,21,24,38,33,35,19,29,40,36,31,20,37,29,57,34,33,39,35,33,37,27,43,25,43,0,42,5,23,30,0,26,22,26,38,25,27,12,33,34,25,27,40,35,33,0,39,33,28,33,29,28
2287,29,22,21,0,28,46,32,32,44,23,34,0,28,36,25,36,29,34,0,26,27,31,29,6,38,27,11,39,22,31,23,31,31,46,36,31,21,33,0,27,34,13,12,33,25,21,24,38,33,35,19,29,40,36,31,20,37,29,57,34,33,39,35,33,37,27,43,25,43,0,42,5,23,30,0,26,22,26,38,25,28,12,33,34,25,27,40,35,33,0,39,33,28,33,29,28
2288,29,22,21,0,28,46,32,32,44,23,34,0,28,36,25,36,29,34,0,26,27,31,29,6,38,27,12,39,22,31,23,31,31,46,36,31,21,33,0,27,34,13,12,33,25,21,24,38,33,35,19,29,40,36,31,20,37,29,57,34,33,39,35,33,37,27,43,26,43,0,42,5,23,30,0,26,22,26,38,25,28,12,33,34,25,27,40,36,33,0,39,33,28,33,29,28
2289,29,22,21,0,28,46,32,32,44,23,34,0,28,36,25,36,29,34,0,26,27,32,29,6,38,27,12,39,22,31,23,31,31,46,36,31,21,33,0,27,34,13,13,33,25,21,24,38,33,35,19,29,40,36,31,20,37,29,57,34,33,39,35,33,37,27,43,26,43,0,42,5,23,30,0,26,22,26,38,25,28,12,33,35,25,27,40,36,34,0,39,33,28,33,29,28
2290,29,22,21,0,28,46,32,32,44,24,34,0,28,36,25,36,29,34,0,26,27,32,29,6,38,27,13,39,22,31,23,31,31,46,36,31,21,33,0,27,34,13,13,33,25,21,24,38,33,35,19,29,40,36,31,20,37,29,57,34,33,39,35,33,37,27,43,26,43,0,42,5,23,30,0,26,22,26,38,25,29,12,33,35,25,27,40,36,34,0,39,33,28,33,29,28
2291,29,22,21,0,28,46,32,32,44,24,34,0,28,36,25,36,30,34,0,26,27,32,29,6,38,27,13,40,22,32,23,31,31,46,36,31,21,33,0,27,34,13,13,33,25,21,24,38,33,35,19,29,40,36,31,20,37,29,57,34,33,39,36,33,37,27,43,26,43,0,42,5,23,30,0,26,22,26,38,25,29,12,33,35,25,27,40,36,34,0,39,33,28,33,29,28
2292,29,22,21,0,28,46,33,32,44,24,34,0,29,36,25,36,30,34,0,26,27,32,29,6,38,27,13,40,22,32,23,31,31,46,36,31,21,33,0,27,34,13,13,33,25,21,24,38,33,35,19,29,40,36,31,20,37,29,57,34,33,39,36,33,37,28,43,26,43,0,42,5,23,30,0,26,22,26,38,25,29,13,33,35,26,27,40,36,34,0,39,33,28,33,29,28
2293,29,22,21,0,28,46,33,32,44,24,34,0,29,36,25,36,30,34,0,26,27,32,29,6,38,27,13,40,22,32,23,31,31,46,36,31,21,33,0,27,34,13,14,33,25,21,24,38,33,36,19,29,40,36,31,20,37,29,57,34,33,39,36,33,37,28,43,26,43,0,42,5,23,30,0,26,22,27,38,25,29,13,33,35,26,27,40,36,34,0,39,33,28,33,29,28
2294,30,22,22,0,29,46,33,32,44,24,35,0,29,37,25,36,30,34,0,26,27,32,29,6,38,28,13,40,22,32,23,31,31,46,36,31,21,33,0,27,34,13,14,33,25,21,24,38,33,36,19,29,40,36,31,20,37,29,57,34,33,39,36,33,37,28,43,26,43,0,43,5,23,30,0,26,23,27,38,26,29,13,33,35,26,27,40,36,34,0,39,34,28,33,29,28
2295,30,22,22,0,30,46,33,32,44,24,35,0,29,37,25,36,30,34,0,26,27,32,29,6,38,28,13,40,22,32,23,31,31,46,36,31,21,33,0,27,34,13,14,33,25,21,24,38,33,37,19,30,40,36,31,20,37,29,57,34,33,39,36,33,38,28,43,26,43,0,43,5,23,30,0,26,23,28,38,26,29,13,33,36,26,27,40,36,34,0,39,34,28,33,29,28
2296,30,22,22,0,30,46,33,32,44,24,35,0,29,37,25,36,30,34,0,26,27,32,29,6,38,28,13,40,22,32,24,31,31,46,36,32,21,33,0,27,34,13,14,33,25,21,24,38,33,37,19,30,40,36,31,20,37,29,57,34,34,39,36,34,38,29,43,26,43,0,43,5,23,30,0,26,23,28,38,26,30,13,33,36,26,27,40,36,34,0,39,34,28,34,29,28
2297,30,22,22,0,30,46,33,32,44,24,35,0,29,37,25,36,30,34,0,26,27,32,29,6,38,28,13,40,23,32,24,31,31,46,36,32,21,33,0,27,34,13,14,33,25,21,24,38,33,37,19,30,40,36,31,20,38,29,57,34,34,39,36,34,38,29,43,26,43,0,43,5,23,30,0,26,23,28,38,26,30,13,33,36,26,27,40,36,34,0,39,34,28,34,29,28
2298,30,22,22,0,30,46,33,32,44,24,35,0,29,37,25,36,31,34,0,26,27,32,29,6,38,28,14,40,23,32,24,31,31,46,36,32,21,33,0,27,34,13,14,33,25,21,24,38,33,37,19,30,40,36,31,20,38,29,57,34,34,39,37,34,38,29,43,26,43,0,43,5,23,30,0,27,23,28,38,26,30,13,33,36,26,27,40,36,34,0,39,34,28,34,29,28
2299,30,22,22,0,31,46,33,32,44,24,35,0,29,37,25,36,31,34,0,26,27,32,29,6,38,28,14,40,23,32,24,31,31,47,36,32,21,33,0,27,35,14,14,33,25,21,24,38,33,37,19,30,40,36,31,20,38,31,57,34,34,39,37,34,38,29,43,26,43,0,43,5,23,30,0,27,23,28,38,26,30,13,33,36,26,27,40,37,34,0,39,34,28,34,29,28
2300,30,22,22,0,31,46,33,32,44,24,35,0,29,37,25,36,31,34,0,26,27,33,29,6,38,28,14,40,23,32,24,31,31,47,36,32,21,33,0,27,35,14,14,33,25,21,24,38,33,37,20,30,41,36,31,20,38,32,57,35,34,39,37,34,38,29,43,26,43,0,43,5,23,30,0,27,23,28,38,26,30,13,33,36,26,27,40,37,34,0,39,35,28,34,29,28
2301,31,22,22,0,31,46,33,32,44,24,35,0,29,37,25,36,31,34,0,26,27,33,29,6,38,28,14,40,23,32,24,31,31,47,36,32,21,33,0,27,35,14,14,33,26,21,24,38,33,37,20,30,41,36,31,20,38,32,57,35,34,39,37,34,38,29,43,26,43,0,43,5,23,30,0,27,23,28,38,26,30,13,33,36,26,27,40,37,34,0,39,35,28,34,29,28
2302,31,22,22,0,31,46,33,32,44,24,35,0,29,37,26,36,31,34,0,26,27,34,29,6,38,28,15,40,23,32,24,31,31,47,36,32,21,33,0,27,35,14,14,33,26,21,24,38,34,37,20,30,41,36,31,20,38,32,58,35,34,39,37,34,38,29,43,26,43,0,44,5,23,30,0,27,23,28,38,26,30,13,33,36,26,27,41,37,34,0,39,35,28,34,29,28
2303,31,22,23,0,31,46,33,32,44,24,35,0,29,37,26,36,31,34,0,26,27,34,29,6,38,28,15,40,23,32,24,31,31,47,36,32,21,33,0,27,35,14,14,33,26,21,24,38,34,37,20,30,41,36,31,20,38,32,58,35,34,39,37,34,38,29,43,26,43,0,44,5,23,30,0,27,23,29,38,26,30,13,33,36,26,27,41,37,34,0,39,35,28,34,29,28
2304,31,22,23,0,31,46,33,32,44,25,35,0,29,37,26,36,31,34,0,26,27,34,29,6,38,28,15,40,23,32,24,31,31,47,36,33,21,33,0,28,35,14,14,33,26,21,24,38,34,37,20,30,41,36,31,20,39,32,58,35,34,39,37,34,38,29,43,26,43,0,44,5,23,30,0,27,23,29,38,26,30,13,33,36,26,27,41,37,34,0,39,35,28,34,29,28
2305,31,22,23,0,31,46,33,32,44,25,35,0,29,37,26,36,31,34,0,26,27,34,29,6,39,28,15,40,23,32,24,31,31,47,36,33,21,33,0,28,35,14,14,33,26,21,24,38,34,37,20,30,41,37,31,20,39,32,58,35,34,39,37,34,38,29,43,26,43,0,44,5,23,30,0,27,23,29,38,26,30,13,33,36,26,27,41,37,34,0,39,35,28,34,29,28
2306,31,22,23,0,31,46,33,32,44,25,35,0,29,37,26,36,31,34,0,26,27,34,29,6,39,28,15,40,23,32,24,31,31,47,36,33,21,33,0,28,35,14,14,33,26,21,24,38,34,37,20,30,41,37,31,20,39,32,58,35,34,39,37,34,38,29,43,26,43,0,44,5,24,30,0,27,23,29,38,26,30,13,33,36,26,27,41,37,35,0,39,35,28,34,29,28
2307,31,22,23,0,31,46,33,32,44,25,35,0,29,37,27,36,31,34,0,26,27,34,29,6,39,28,15,40,23,32,24,31,31,47,36,33,21,33,0,28,35,14,14,33,27,21,24,38,34,37,20,30,42,37,31,20,39,32,58,35,34,39,37,34,38,29,43,26,43,0,44,5,24,30,0,27,24,29,38,26,30,13,33,36,26,27,41,37,35,0,39,35,28,34,29,28
2308,32,22,23,0,31,46,33,32,44,25,35,0,29,37,27,36,31,34,0,26,27,34,29,6,39,29,15,40,23,32,24,31,31,47,36,33,21,33,0,29,35,14,14,33,27,21,24,38,34,37,20,30,42,37,31,20,39,32,58,35,34,39,37,34,38,29,43,26,43,0,44,5,24,30,0,27,25,29,38,26,30,13,33,36,26,27,41,37,35,0,39,35,28,34,29,28
2309,32,22,24,0,31,46,33,32,44,25,35,0,29,37,27,36,31,34,0,26,27,34,29,6,39,29,15,40,23,32,24,31,31,47,36,33,21,33,0,29,35,14,14,34,27,21,24,38,34,37,20,30,42,37,31,20,39,32,58,35,34,39,37,34,38,29,43,26,43,0,44,5,25,30,0,27,25,29,38,26,30,13,33,36,27,27,41,37,36,0,39,35,28,34,29,28
2310,32,22,24,0,31,46,33,33,44,25,35,0,29,37,27,36,31,34,0,26,27,34,29,6,39,29,15,40,23,32,24,31,31,47,36,33,21,34,0,29,35,14,14,34,28,21,24,38,34,37,20,30,42,37,31,20,39,32,58,35,34,39,37,34,38,29,43,26,43,0,44,5,25,30,0,27,25,29,38,27,30,13,33,36,27,27,41,37,36,0,39,35,28,34,29,28
2311,32,22,24,0,31,46,33,33,44,25,35,0,29,37,27,36,32,34,0,26,27,34,29,6,39,29,15,40,23,32,24,31,31,47,36,33,21,34,0,29,35,14,14,34,28,21,24,38,35,37,20,30,42,37,31,20,39,32,58,35,34,39,37,34,38,29,43,27,43,0,44,5,25,30,0,27,25,29,38,27,30,13,33,36,27,27,41,37,36,0,39,35,28,34,29,28
2312,32,22,24,0,31,46,33,33,44,25,35,0,29,37,27,36,32,34,0,26,27,34,29,6,39,29,15,40,23,32,24,31,31,47,36,33,21,34,0,29,36,14,14,34,28,22,24,38,35,37,20,30,42,37,31,20,39,34,58,37,34,39,37,34,38,29,43,27,43,0,44,5,25,30,0,27,26,30,38,27,30,13,33,36,27,28,41,37,37,0,39,35,28,34,30,28
2313,32,22,24,0,31,46,33,33,44,25,35,0,29,37,27,36,32,34,0,26,27,34,29,6,39,29,15,40,23,32,24,31,31,47,36,33,21,34,0,29,36,14,14,34,28,22,24,38,36,37,20,30,43,37,31,20,39,34,58,37,34,39,37,34,38,29,43,27,43,0,44,5,25,31,0,27,26,30,38,27,30,13,33,36,27,28,41,37,37,0,39,35,28,34,30,28
2314,32,22,24,0,31,46,33,33,44,25,35,0,29,37,28,36,32,34,0,26,27,34,29,6,39,29,15,40,23,32,24,31,31,47,36,33,21,34,0,29,36,14,14,34,29,22,24,38,36,38,20,30,43,37,31,20,39,34,58,38,34,39,37,34,38,29,43,28,43,0,44,5,25,31,0,27,26,30,38,27,30,13,33,36,27,28,41,37,37,0,39,35,28,34,30,28
2315,32,22,24,0,31,46,33,33,44,25,35,0,29,37,28,36,32,34,0,26,27,34,29,6,39,29,15,40,23,32,24,31,31,47,36,33,21,34,0,30,36,14,14,34,29,22,24,38,36,38,20,30,43,37,31,20,39,34,58,38,34,39,37,34,38,29,43,28,43,0,44,5,25,31,0,27,26,30,38,27,30,13,33,36,27,28,41,37,37,0,39,35,28,34,30,28
2316,32,22,24,0,31,46,33,33,44,25,35,0,29,37,28,36,32,34,0,26,27,34,29,6,39,29,15,40,23,32,24,31,31,47,36,33,21,34,0,30,36,14,14,34,29,22,25,38,36,38,20,30,43,37,31,20,39,34,58,38,34,39,37,34,38,29,43,28,43,0,44,5,25,31,0,27,26,30,38,27,30,13,33,36,27,28,41,37,37,0,39,35,28,34,30,28
2317,32,22,24,0,31,46,33,33,44,25,35,0,29,37,28,36,32,34,0,26,27,34,29,6,39,29,15,40,23,32,24,31,31,47,36,33,21,34,0,30,36,14,14,34,29,22,25,38,36,38,20,31,43,37,31,20,39,34,58,38,34,39,37,34,38,29,43,28,43,0,44,5,25,31,0,27,26,30,38,27,30,13,33,36,27,28,41,37,37,0,39,35,28,34,30,29
2318,32,22,24,0,31,46,33,33,44,25,35,0,29,37,28,36,32,34,0,26,27,34,29,6,39,29,15,40,23,32,24,31,31,47,36,33,21,34,0,30,36,14,14,34,29,22,25,38,36,38,20,31,43,37,31,20,39,34,58,38,34,39,37,34,38,29,43,28,43,0,44,5,25,31,0,28,26,30,38,27,30,13,33,36,27,28,41,37,37,0,39,35,28,35,31,29
2319,32,22,24,0,31,46,33,33,44,25,35,0,29,37,28,36,32,34,0,26,27,34,29,6,39,29,15,40,23,32,24,31,31,47,36,33,21,34,0,30,36,14,14,34,30,22,25,38,36,38,20,31,43,37,31,20,39,34,58,38,34,39,37,34,38,29,43,28,43,0,44,5,25,31,0,28,26,30,38,27,30,13,33,36,28,28,41,37,37,0,39,35,28,35,31,29
2320,32,22,25,0,31,46,33,33,44,26,35,0,29,37,29,36,32,34,0,26,27,34,29,6,39,29,15,40,23,32,24,31,31,47,36,33,21,34,0,30,36,14,14,34,30,22,25,38,36,38,20,31,43,37,31,20,39,34,58,38,34,39,37,34,38,29,43,28,43,0,44,5,25,31,0,28,26,30,38,27,30,13,33,36,28,28,41,37,38,0,39,35,28,35,31,29
2321,32,22,25,0,31,46,33,33,44,26,35,0,29,37,29,36,32,34,0,26,27,34,29,6,39,29,15,40,23,32,24,31,31,47,36,33,21,34,0,30,36,14,14,34,30,22,25,38,36,38,20,31,43,37,31,20,39,34,58,38,34,39,37,34,38,30,43,28,43,0,44,5,25,31,0,28,26,30,39,27,30,13,33,36,28,28,41,37,38,0,39,35,28,35,31,30
2322,32,22,25,0,31,46,33,33,44,26,35,0,29,37,29,36,32,34,0,26,27,34,29,6,39,29,15,40,23,32,24,31,31,47,36,33,21,34,0,30,36,14,14,34,30,22,25,38,36,39,20,31,43,37,31,20,39,34,58,38,34,39,37,34,38,31,43,28,43,0,44,5,25,31,0,28,26,30,39,27,30,13,33,36,28,28,41,37,38,0,39,35,28,35,31,30
2323,32,22,25,0,31,46,33,33,44,26,35,0,29,37,29,36,32,34,0,26,27,34,29,6,39,29,15,40,23,32,24,31,31,47,36,33,21,34,0,30,36,14,14,34,30,22,25,38,36,39,20,31,43,37,31,20,39,34,58,38,35,39,37,34,38,31,43,29,43,0,44,5,25,31,0,28,26,30,39,27,30,13,33,36,28,29,41,37,38,0,39,35,28,35,31,30
2324,32,22,25,0,31,46,33,33,44,26,35,0,29,37,29,36,32,34,0,26,27,35,29,6,39,29,15,40,23,32,25,31,31,47,36,33,21,34,0,31,36,14,14,34,30,22,25,38,36,39,21,31,43,37,31,20,39,34,58,38,35,39,37,34,38,31,43,29,43,0,44,5,25,31,0,28,26,30,39,27,30,13,33,36,28,29,41,37,38,0,39,35,28,35,31,31
2325,32,23,25,0,31,46,33,33,44,26,35,0,29,37,29,36,32,34,0,26,27,35,29,6,39,29,15,40,23,32,25,31,31,47,36,33,21,34,0,31,36,14,14,35,32,22,25,38,36,39,21,31,43,37,31,20,39,34,58,38,35,39,37,34,38,31,43,29,43,0,44,5,25,31,0,28,26,30,39,27,30,13,33,36,28,29,41,37,38,0,39,35,28,35,31,31
2326,32,23,25,0,31,46,33,33,44,26,35,0,29,37,29,36,32,34,0,26,27,35,30,6,39,29,15,40,23,32,25,31,31,47,36,33,21,34,0,31,36,15,14,35,32,22,25,38,36,39,21,31,43,37,31,20,39,34,58,38,35,39,37,34,38,31,43,29,43,0,44,5,25,31,0,28,26,30,39,27,30,13,33,36,28,29,41,37,38,0,40,35,29,35,31,31
2327,32,23,25,0,31,46,33,33,44,26,35,0,29,37,29,36,32,34,0,26,27,35,30,6,39,29,15,40,23,32,25,31,31,47,36,33,21,34,0,31,36,15,14,35,32,22,25,38,36,40,21,31,43,37,31,20,39,34,58,38,35,39,37,34,39,31,43,29,43,0,44,5,25,31,0,28,26,30,39,27,30,14,33,36,28,29,41,37,39,0,40,35,29,35,31,31
2328,32,23,25,0,31,46,33,33,44,26,35,0,29,37,29,36,32,34,0,26,27,35,30,6,39,29,15,40,23,32,25,31,31,47,36,33,21,34,0,31,36,15,14,35,32,22,25,38,36,40,22,31,43,37,31,20,39,34,58,38,35,39,37,34,39,31,43,29,43,0,44,6,26,31,0,28,26,30,39,27,30,14,33,36,28,29,41,37,39,0,40,35,29,35,31,31
2329,32,23,25,0,31,46,33,33,44,26,35,0,29,37,29,36,32,34,0,26,27,35,30,6,39,29,15,40,23,32,25,31,31,47,36,33,21,34,0,31,36,15,14,35,32,22,25,38,36,40,22,31,43,37,31,20,39,34,58,38,35,39,37,34,39,31,43,29,43,0,44,6,26,31,0,28,26,30,39,27,30,14,33,36,28,29,41,37,39,0,40,36,29,35,31,31
2330,33,23,25,0,31,46,33,33,44,26,35,0,29,37,29,36,32,34,0,26,27,35,30,6,39,31,15,40,23,32,25,31,31,47,36,33,21,34,0,31,36,15,14,35,32,22,25,38,36,40,22,31,43,37,31,20,39,34,58,38,35,40,37,34,39,31,44,29,43,0,45,6,26,31,0,28,26,30,40,27,31,14,33,36,28,29,41,37,39,0,40,36,29,35,31,31
2331,33,23,25,0,31,46,33,33,44,26,35,0,29,37,29,36,32,34,0,26,27,35,30,6,39,31,16,40,23,32,25,31,31,48,36,33,21,34,0,31,37,15,14,35,33,22,25,38,36,40,22,31,43,37,31,20,39,34,58,38,35,40,37,34,39,31,44,29,43,0,45,6,26,31,0,29,26,30,40,27,31,14,33,36,28,29,41,38,39,0,40,36,29,35,31,31
2332,33,23,25,0,31,46,33,33,44,26,35,0,29,37,29,36,32,34,0,26,27,35,30,6,39,31,16,40,23,32,25,31,31,48,36,33,21,34,0,31,37,16,14,35,33,22,25,38,36,40,22,31,43,37,31,20,39,34,58,38,35,40,37,34,39,32,44,29,43,0,45,6,26,31,0,29,26,30,40,27,31,14,33,36,28,30,41,38,39,0,40,36,29,35,31,31
2333,33,23,25,0,31,46,33,34,44,26,35,0,29,37,29,36,32,34,0,26,27,35,30,6,39,31,16,40,23,32,25,31,31,48,36,33,21,34,0,31,37,16,14,35,33,22,25,38,36,40,22,31,43,37,31,20,39,34,58,38,35,40,37,34,39,32,44,29,43,0,45,6,26,31,0,30,26,30,40,27,31,15,33,36,28,31,41,38,39,0,40,36,29,35,31,31
2334,33,23,25,0,31,46,33,34,44,26,35,0,29,37,29,36,32,34,0,26,27,35,30,6,39,31,16,40,23,32,25,31,31,48,36,33,21,34,0,31,37,16,14,35,33,22,25,38,36,40,22,31,43,37,31,20,39,34,58,38,35,40,37,34,39,32,44,29,43,0,45,6,26,31,0,30,26,30,40,27,31,15,33,36,28,31,41,38,40,0,40,36,29,35,31,31
2335,33,23,25,0,31,46,33,34,44,26,35,0,29,37,29,36,32,34,0,26,27,35,30,6,39,31,16,40,23,32,25,31,31,48,36,33,21,34,0,31,37,16,14,35,33,22,25,38,36,40,22,31,43,38,31,20,39,34,58,38,36,40,37,34,39,32,44,29,43,0,45,6,26,31,0,30,26,30,40,27,31,15,33,36,28,31,41,38,40,0,40,36,29,35,31,31
2336,33,23,25,0,31,46,33,34,44,26,35,0,29,37,29,36,32,34,0,26,27,35,30,6,39,31,16,40,23,32,25,31,31,48,36,33,21,34,0,32,37,16,14,35,33,22,25,38,36,40,22,31,43,38,31,20,39,34,58,38,36,40,37,34,39,32,44,29,43,0,45,6,26,31,0,30,26,30,40,27,31,15,33,36,28,31,41,38,40,0,40,36,29,35,31,31
2337,33,23,25,0,31,46,34,34,44,26,35,0,30,37,30,36,32,34,0,26,27,35,30,6,39,32,16,40,23,32,25,31,31,48,36,33,21,34,0,32,37,16,14,35,33,22,25,38,36,40,22,31,43,38,31,20,39,34,58,38,36,40,37,34,39,32,44,29,43,0,45,6,26,31,0,30,26,30,40,27,31,15,34,36,28,31,41,38,40,0,40,36,29,35,31,31
2338,33,23,25,0,31,46,34,34,44,26,35,0,30,37,30,36,32,34,0,26,27,35,30,6,39,32,16,40,23,32,25,31,31,48,36,33,21,34,0,32,37,16,14,35,33,22,25,38,36,40,22,31,43,38,31,20,39,34,58,38,36,40,37,34,39,32,44,29,44,0,45,6,27,31,0,30,26,30,40,27,31,15,34,36,28,31,42,38,40,0,40,36,29,35,31,31
2339,33,23,25,0,31,46,34,34,44,26,35,0,30,37,30,36,32,34,0,26,27,35,30,6,39,32,16,40,23,32,25,31,31,48,36,33,22,34,0,32,37,16,14,35,33,22,25,38,36,40,22,31,43,38,31,20,39,34,58,38,37,40,37,34,39,32,44,29,44,0,45,6,27,31,0,30,26,30,40,27,31,15,34,36,28,31,42,38,40,0,40,36,29,35,31,31
2340,33,23,25,0,31,46,34,34,44,26,36,0,30,37,30,36,32,34,0,26,27,35,30,6,39,32,16,40,23,32,25,31,31,48,36,33,22,34,0,32,37,16,14,35,33,22,25,38,36,40,22,31,43,38,31,20,40,34,58,38,37,40,37,34,39,32,44,29,44,0,45,6,27,31,0,30,26,30,40,27,31,15,34,36,28,31,42,38,41,0,40,36,29,35,31,31
2341,33,23,26,0,31,46,34,34,44,26,36,0,30,38,30,36,32,34,0,26,27,35,30,6,39,32,16,40,24,32,25,31,31,48,36,33,22,34,0,32,37,16,14,35,34,22,27,38,36,40,22,31,43,38,31,20,40,34,58,38,37,40,37,35,39,32,44,29,44,0,45,6,27,31,0,30,26,30,40,27,31,15,34,36,28,31,42,38,41,0,40,36,29,35,31,31
2342,33,23,26,0,31,46,34,34,44,26,36,0,30,38,30,36,32,34,0,26,27,35,31,6,39,32,16,40,24,33,25,31,31,48,36,33,22,34,0,32,37,16,14,35,34,22,27,38,36,40,22,31,43,39,31,20,40,34,58,38,37,40,37,35,39,32,44,29,44,0,45,6,27,31,0,30,26,30,40,28,32,15,34,36,28,31,42,38,41,0,40,36,29,35,31,31
2343,33,23,26,0,31,46,35,34,44,26,36,0,30,38,30,36,32,34,0,26,27,35,31,6,39,32,16,40,24,33,25,31,31,48,36,33,23,34,0,32,37,16,14,35,34,22,27,38,36,40,22,31,43,39,31,20,40,34,58,38,37,40,37,36,39,32,44,29,44,0,45,6,27,31,0,30,26,30,40,28,32,15,34,36,28,31,42,38,42,0,40,36,29,35,31,31
2344,33,23,26,0,31,46,35,34,44,26,36,0,30,38,30,36,32,34,0,26,27,35,31,6,39,32,16,40,24,33,25,31,31,48,36,33,23,34,0,32,37,16,14,35,34,22,27,38,36,40,22,31,43,39,31,20,40,34,59,38,37,40,37,36,39,32,44,29,44,0,45,6,27,31,0,30,26,30,40,28,32,15,34,37,28,31,42,38,42,0,40,36,29,35,31,31
2345,33,23,26,0,31,46,35,34,44,26,36,0,30,38,30,36,32,34,0,26,27,35,31,6,39,32,17,40,24,33,25,31,31,48,36,33,23,34,0,32,37,16,14,35,34,22,27,38,36,40,22,31,43,39,31,20,40,34,59,38,37,41,37,36,39,32,44,29,44,0,45,6,27,31,0,30,26,30,40,28,32,15,34,37,29,31,42,38,42,0,40,36,29,35,31,31
2346,33,23,26,0,31,46,35,34,44,26,36,0,30,38,30,36,32,34,0,26,27,35,31,7,39,32,17,40,25,33,25,31,31,48,36,34,23,35,0,32,37,16,14,35,34,22,27,38,36,40,22,31,43,39,31,20,40,34,59,38,37,41,37,36,39,32,44,29,44,0,45,6,27,31,0,30,26,30,40,28,32,15,34,37,29,31,42,38,42,0,40,36,29,35,31,31
2347,33,23,26,0,31,46,35,34,44,26,36,0,30,38,30,36,32,34,0,26,27,35,32,7,39,32,17,40,25,33,25,31,32,48,36,34,23,35,0,32,37,16,15,35,34,22,27,38,36,40,22,31,43,39,31,20,40,34,59,38,37,41,37,36,39,32,44,29,44,0,45,6,27,31,0,30,26,30,40,28,32,15,34,37,29,31,42,38,42,0,40,36,29,35,31,31
2348,33,23,26,0,31,46,36,34,44,26,36,0,30,38,30,36,32,34,0,26,27,35,32,7,39,32,17,40,25,33,25,31,32,48,36,34,23,35,0,32,37,16,15,35,34,22,27,38,36,40,22,31,43,39,31,20,40,35,59,38,37,41,37,36,39,32,44,29,44,0,45,6,28,31,0,30,27,30,40,28,32,15,34,37,29,31,42,38,42,0,40,36,29,35,31,31
2349,34,23,26,0,31,46,36,34,44,26,36,0,30,38,30,37,32,34,0,26,27,35,32,7,39,32,18,40,25,33,25,31,32,48,36,34,23,35,0,32,37,16,15,35,34,22,27,38,36,40,22,31,43,39,31,20,40,35,59,38,37,41,37,36,39,32,44,29,44,0,45,6,28,31,0,30,28,30,40,28,32,15,34,37,30,31,42,38,42,0,40,36,29,35,31,31
2350,34,23,26,0,31,46,37,34,44,26,36,0,32,38,30,37,32,34,0,26,27,35,32,7,39,32,18,40,25,33,25,31,32,48,36,34,23,35,0,32,37,16,15,35,34,22,27,38,36,40,22,31,43,40,31,21,40,35,59,38,37,41,37,36,39,32,44,29,44,0,45,6,28,31,0,30,28,30,40,28,32,15,34,37,30,31,42,38,42,0,40,36,29,35,31,31
2351,34,23,26,0,31,46,37,34,44,26,36,0,32,38,30,37,32,34,0,26,27,35,33,7,39,32,19,40,25,33,25,31,32,48,36,34,23,35,0,32,37,16,15,35,34,22,27,38,36,40,22,31,43,40,31,21,40,35,59,38,37,41,37,36,39,32,44,30,44,0,45,6,28,31,0,30,28,30,40,28,32,15,35,37,30,31,42,38,42,0,40,36,29,35,31,31
2352,34,23,26,0,31,46,37,34,44,26,36,0,32,38,30,37,32,34,0,26,28,35,33,7,39,32,19,40,25,33,26,31,32,48,36,34,23,36,0,32,37,16,15,35,34,22,27,38,36,41,22,31,43,41,31,21,40,35,59,38,37,41,37,36,39,32,44,30,44,0,45,6,28,31,0,30,28,30,40,28,32,15,35,37,31,31,42,38,43,0,40,36,29,35,31,31
2353,34,23,26,0,31,46,37,34,44,26,36,0,32,38,30,37,32,34,0,26,28,36,33,7,39,32,19,40,25,33,26,31,32,48,36,34,23,36,0,32,37,16,15,35,34,22,28,38,36,41,22,31,43,41,31,21,40,35,59,38,37,41,37,36,39,32,44,30,44,0,45,6,28,31,0,30,28,30,40,28,32,15,35,37,31,31,42,38,43,0,40,36,29,36,31,31
2354,34,23,26,0,31,46,37,34,44,27,36,0,32,39,30,37,32,34,0,26,28,36,33,7,39,32,19,40,25,33,26,31,32,48,36,34,23,36,0,32,38,16,15,35,34,22,28,38,36,41,22,31,43,41,31,21,40,35,59,38,37,41,37,36,39,32,44,30,44,0,45,6,28,31,0,30,28,30,40,28,32,15,35,37,31,31,42,38,43,0,40,36,29,36,31,31
2355,34,24,26,0,31,46,37,34,44,27,36,0,32,39,30,37,32,34,0,26,28,36,33,7,39,32,19,40,25,33,26,31,32,48,36,34,23,36,0,32,39,16,15,35,34,22,28,38,36,41,23,31,43,41,31,21,40,35,59,38,37,41,37,36,39,32,45,30,45,0,45,6,28,31,0,30,28,30,40,28,32,15,35,37,31,31,42,38,43,0,40,36,29,36,31,31
2356,34,24,26,0,31,46,38,34,44,27,36,0,32,39,30,37,32,34,0,26,28,36,33,7,39,32,19,40,25,33,26,31,32,48,36,34,23,36,0,32,39,16,15,35,34,22,28,38,36,41,23,31,43,41,31,21,40,35,59,38,37,41,37,36,39,32,46,30,45,0,45,7,28,31,0,30,28,30,40,28,32,15,35,37,31,31,42,38,43,0,40,36,29,36,31,31
2357,34,24,26,0,31,46,38,34,44,27,36,0,33,39,30,37,32,34,0,26,28,36,33,7,39,32,19,40,25,33,26,31,32,48,36,34,24,36,0,32,39,16,15,35,34,22,28,38,36,41,23,31,44,41,31,21,40,35,59,39,37,41,37,36,39,32,46,30,45,0,45,7,28,31,0,30,28,30,40,28,32,15,35,37,31,31,42,38,43,0,40,36,29,36,31,31
2358,34,24,26,0,31,46,38,34,44,27,36,0,33,39,30,37,32,34,0,26,28,36,33,7,39,32,19,40,25,33,26,31,32,48,36,34,24,36,0,32,39,16,15,35,34,22,28,38,36,41,23,31,45,41,31,21,40,35,59,39,37,42,37,36,39,32,46,30,45,0,46,7,28,31,0,30,28,30,40,28,32,15,35,37,31,31,42,38,43,0,40,36,29,36,31,31
2359,34,24,26,0,32,46,39,34,44,27,36,0,33,39,30,37,32,34,0,26,28,36,33,7,39,32,19,40,25,33,26,31,32,48,37,34,24,36,0,32,39,16,15,35,34,22,28,38,36,41,23,31,45,41,31,21,40,35,60,39,37,42,37,36,39,32,46,30,45,0,46,7,28,31,0,30,29,30,40,29,32,15,35,37,31,31,42,38,43,0,40,36,29,36,31,31
2360,34,24,26,0,32,46,39,34,44,27,36,0,33,39,30,37,32,34,0,26,28,36,33,7,39,32,19,40,25,33,26,31,32,48,37,34,24,37,0,32,39,16,15,35,34,23,28,38,36,41,23,31,45,41,31,21,40,35,60,39,37,42,37,36,39,32,46,30,45,0,46,7,29,31,0,30,29,30,40,29,32,15,35,37,31,31,42,38,43,0,40,36,29,36,31,31
2361,34,24,26,0,32,46,39,34,44,27,36,0,33,39,30,37,33,34,0,26,28,36,33,7,39,33,19,40,25,33,26,31,32,48,37,34,24,37,0,32,39,16,15,35,34,23,28,38,36,41,23,31,45,41,31,21,40,35,60,39,37,42,37,36,39,32,47,30,45,0,46,7,29,31,0,30,29,30,40,29,32,15,35,37,31,31,42,38,43,0,40,36,29,36,31,31
2362,34,24,26,0,32,46,39,34,44,27,36,0,33,39,30,37,33,34,0,26,28,36,33,7,39,33,19,40,25,33,26,31,32,48,37,34,24,37,0,32,39,17,15,35,34,23,28,38,36,41,23,31,45,41,31,21,41,35,60,39,37,42,37,36,39,32,47,30,45,0,46,7,29,31,0,30,29,30,40,29,32,15,36,37,31,31,42,38,43,0,40,36,29,36,31,31
2363,34,24,26,0,32,46,39,34,44,27,36,0,33,39,30,37,33,34,0,26,28,36,33,7,39,33,19,40,26,33,26,32,32,48,37,34,24,37,0,32,39,17,15,35,34,23,28,38,36,41,23,31,45,41,31,21,41,35,60,39,37,42,37,36,39,32,47,30,45,0,46,7,29,32,0,30,29,30,40,29,32,15,36,37,31,31,42,38,43,0,40,36,29,36,31,31
2364,34,24,26,0,32,46,40,34,44,27,36,0,33,39,30,37,33,34,0,26,28,36,33,7,39,33,19,40,26,33,26,32,32,48,37,34,24,37,0,32,39,17,15,35,34,23,28,38,36,41,23,31,45,41,31,21,41,35,60,39,37,42,37,36,39,32,47,30,45,0,46,7,29,33,0,30,29,30,40,29,32,16,36,37,31,31,42,38,43,0,40,36,29,36,31,31
2365,34,24,26,0,32,46,40,35,44,27,36,0,34,39,30,37,33,35,0,26,28,36,33,7,39,33,19,40,26,33,26,32,32,48,37,34,24,37,0,32,39,17,15,35,34,24,28,38,36,41,23,31,45,41,31,21,41,36,60,39,37,42,37,36,39,32,47,30,45,0,46,7,29,33,0,30,29,30,40,29,32,17,36,37,31,31,42,38,43,0,40,36,29,36,31,31
2366,34,24,26,0,32,46,40,35,44,27,36,0,34,39,30,37,33,35,0,26,28,36,33,7,39,33,19,40,26,33,26,32,32,48,37,34,24,37,0,32,39,17,15,36,34,24,28,38,36,41,23,31,45,41,32,21,41,36,60,39,37,42,37,36,39,32,47,30,45,0,46,7,29,33,0,30,29,30,40,29,32,17,36,37,31,31,42,38,43,0,40,36,29,36,31,31
2367,34,24,26,0,32,46,40,35,44,27,36,0,34,39,30,37,33,35,0,26,28,36,33,7,39,33,19,40,26,33,27,32,32,48,37,34,24,37,0,32,39,17,15,36,34,25,28,38,36,41,23,31,45,41,32,21,41,36,60,39,37,42,37,36,39,32,47,30,45,0,46,7,29,33,0,30,29,30,40,29,32,17,36,37,31,31,42,38,43,0,40,36,29,36,31,31
2368,35,24,26,0,32,46,41,35,44,27,36,0,34,39,31,37,33,35,0,26,29,36,33,8,39,33,20,40,26,33,27,32,32,48,37,34,24,38,0,32,40,17,15,36,34,25,28,38,36,41,23,31,45,41,32,21,41,36,60,39,37,42,37,36,40,32,47,30,45,0,46,7,29,33,0,30,29,30,40,29,32,17,36,37,31,31,42,38,43,0,40,36,29,36,31,31
2369,35,24,26,0,32,46,41,35,44,27,36,0,34,39,31,37,33,35,0,26,29,36,33,8,39,33,21,40,26,33,27,32,32,48,37,34,24,38,0,32,40,17,15,36,34,25,28,38,36,41,23,31,45,41,32,21,41,36,60,39,37,42,37,36,40,32,47,30,45,0,46,7,29,33,0,30,29,30,40,29,32,17,36,38,31,31,42,38,43,0,40,36,29,36,32,31
2370,35,25,26,0,32,46,41,35,44,27,36,0,34,39,31,37,33,35,0,26,29,37,33,8,39,33,21,40,26,33,27,32,32,48,37,34,24,38,0,32,40,17,15,36,34,25,28,38,36,41,23,31,45,41,32,21,41,36,60,39,37,42,37,36,40,32,47,30,45,0,46,7,29,34,0,30,29,30,41,29,32,17,36,39,31,31,42,38,43,0,40,36,29,36,32,31
2371,35,25,26,0,32,46,41,35,44,27,36,0,34,39,31,37,33,35,0,26,29,37,33,8,39,33,21,40,26,33,27,32,32,48,37,34,24,38,0,32,40,18,15,36,34,25,28,38,36,41,23,31,45,41,32,21,41,36,60,39,37,42,37,36,40,32,47,30,45,0,46,7,29,34,0,30,30,30,41,29,32,17,36,39,32,31,42,38,45,0,40,36,29,36,32,31
2372,35,25,26,0,32,46,41,35,44,27,36,0,34,39,31,37,33,35,0,26,29,37,33,8,39,33,21,40,26,33,27,32,32,48,37,34,24,38,0,32,40,18,15,36,34,25,28,38,36,41,23,31,45,41,32,21,41,36,60,39,37,42,37,36,40,32,47,30,45,0,46,7,29,34,0,30,31,30,42,29,32,17,36,39,32,31,42,38,45,0,40,36,29,36,32,31
2373,36,25,26,0,32,46,41,35,44,27,36,0,34,39,31,37,33,35,0,26,29,37,33,8,39,33,21,40,26,33,27,32,32,48,37,34,24,38,0,32,40,18,15,36,34,25,28,38,36,41,23,31,45,41,32,21,41,36,60,39,37,42,37,36,40,32,47,31,45,0,46,7,29,34,0,30,31,30,42,29,32,17,36,39,32,31,42,38,45,0,40,36,29,36,33,31
2374,36,25,26,0,33,46,41,35,44,27,36,0,34,39,31,37,33,35,0,26,29,37,33,8,39,33,21,40,26,33,27,32,32,48,37,34,24,38,0,32,40,18,15,36,34,25,29,38,36,41,23,31,45,41,32,21,41,36,60,39,37,42,37,36,40,32,47,31,45,0,46,7,29,34,0,30,31,30,42,29,32,17,36,39,32,31,42,39,45,0,40,36,29,36,33,31
2375,36,25,26,0,33,46,41,35,44,27,36,0,34,39,31,37,33,35,0,26,29,37,33,8,39,33,21,40,26,33,27,32,32,48,37,34,24,39,0,32,40,19,15,36,34,25,29,38,36,41,23,31,45,41,32,21,41,36,61,39,37,42,37,36,40,32,47,31,45,0,46,7,29,34,0,30,31,30,42,29,32,17,36,39,32,31,42,39,46,0,40,36,29,36,33,31
2376,36,25,26,0,33,46,41,35,44,27,36,0,34,39,31,37,33,35,0,26,29,37,34,8,39,33,21,40,26,33,27,32,32,48,37,34,24,39,0,32,40,19,15,36,34,25,29,38,36,41,23,31,45,41,32,21,41,36,61,39,37,42,37,36,40,32,47,31,45,0,46,7,29,34,0,30,31,30,42,29,32,17,36,39,32,31,42,39,47,0,40,36,29,36,33,31
2377,36,25,26,0,33,46,41,35,44,27,36,0,34,39,31,38,33,35,0,26,29,37,34,8,39,33,21,40,26,33,27,32,32,48,37,34,24,39,0,32,40,19,15,36,34,25,29,38,36,41,23,31,45,41,32,21,41,36,61,39,37,42,37,36,40,32,47,31,45,0,46,7,29,34,0,30,31,30,42,29,32,17,36,39,32,32,42,39,47,0,40,36,30,36,33,31
2378,36,25,26,0,33,46,41,35,44,27,36,0,34,40,31,38,33,35,0,26,29,37,34,8,39,33,21,40,26,33,27,32,32,48,37,34,24,39,0,32,40,19,15,36,34,25,29,38,36,41,23,31,45,41,32,21,41,36,61,39,37,42,37,36,40,32,47,31,45,0,46,7,29,34,0,30,31,30,42,29,32,17,36,39,32,32,42,39,47,0,41,36,30,36,33,31
2379,36,25,26,0,33,46,41,36,44,27,36,0,34,40,31,38,33,35,0,26,29,37,34,8,39,33,21,40,26,33,27,32,32,48,37,34,24,39,0,32,40,19,15,36,34,25,29,38,36,41,23,31,45,41,32,21,41,36,61,39,37,42,37,36,40,32,47,31,45,0,46,7,29,34,0,30,31,30,42,29,32,17,36,39,32,32,42,39,47,0,41,36,30,36,33,31
2380,36,25,26,0,33,46,41,36,44,27,36,0,34,40,31,38,33,35,0,26,29,37,34,9,39,33,21,40,26,33,27,32,32,48,37,34,24,39,0,32,40,19,15,36,34,26,29,38,36,41,23,31,45,41,32,21,41,36,62,39,37,42,37,36,40,33,47,31,45,0,46,7,29,34,0,30,31,30,42,29,32,17,36,39,32,32,42,39,47,0,41,36,30,37,33,31
2381,36,25,26,0,33,46,41,36,44,27,36,0,34,40,31,38,33,35,0,26,29,37,35,9,39,33,21,40,26,33,27,32,32,48,37,34,24,39,0,32,40,20,15,36,34,26,29,38,37,41,23,31,45,41,32,21,41,36,62,39,37,42,37,36,40,33,47,31,45,0,46,7,29,34,0,30,31,30,42,29,32,17,36,39,32,32,42,39,47,0,41,36,30,37,33,31
2382,36,25,26,0,33,46,41,36,44,27,36,0,34,40,32,38,33,35,0,26,29,37,35,9,39,33,21,40,26,33,27,32,32,48,37,34,24,39,0,32,40,20,15,36,34,26,29,38,37,41,23,31,45,41,32,21,42,36,62,39,37,42,38,36,40,33,47,31,45,0,46,7,29,34,0,30,31,30,43,29,32,17,36,39,32,32,42,39,47,0,41,37,30,37,33,31
2383,36,25,26,0,33,46,41,36,44,27,36,0,34,40,32,38,33,35,0,26,29,37,35,9,39,33,21,40,26,33,27,32,32,48,38,34,24,39,0,32,40,20,15,36,34,26,30,38,37,41,23,31,45,41,32,21,42,36,63,39,37,42,38,36,40,33,47,31,45,0,46,7,29,34,0,30,31,30,43,29,32,17,36,39,32,32,42,39,47,0,41,38,30,37,33,31
2384,36,25,27,0,33,46,41,36,44,27,36,0,34,40,32,38,33,35,0,26,29,37,35,9,39,33,21,40,26,33,27,32,32,48,38,34,24,39,0,32,40,20,15,36,34,26,30,38,37,41,23,31,45,41,32,21,42,36,63,39,37,42,38,36,40,33,47,31,45,0,46,7,29,34,0,30,31,30,43,29,32,17,36,39,32,32,42,39,48,0,41,38,30,37,33,31
2385,36,25,27,0,33,46,41,36,44,27,36,0,34,40,32,38,33,35,0,26,29,37,35,9,39,33,21,40,26,33,27,32,32,48,38,34,24,39,0,32,40,20,15,36,34,26,30,38,37,41,23,31,45,41,32,21,42,36,63,39,37,42,38,36,40,33,47,31,45,0,46,7,29,34,0,30,31,30,43,29,33,17,36,39,32,32,42,39,48,0,41,38,30,37,33,31
2386,36,25,27,0,33,46,41,36,44,27,36,0,34,40,32,38,33,35,0,26,29,37,35,9,39,33,21,40,26,33,28,32,32,48,38,34,24,39,0,32,40,21,15,36,34,26,30,38,37,41,23,31,45,41,32,21,42,36,63,39,37,42,38,36,40,33,47,31,45,0,46,7,29,34,0,30,31,30,43,29,33,17,36,39,32,32,42,39,48,0,41,38,30,37,33,31
2387,36,25,27,0,33,46,41,36,44,27,36,0,34,40,32,38,33,35,0,26,29,38,35,9,39,33,21,40,26,33,28,32,32,48,38,34,24,39,0,32,40,21,15,36,35,26,30,38,37,41,23,31,45,41,33,21,42,36,63,39,38,42,38,36,40,33,47,31,45,0,46,7,29,34,0,30,31,30,43,29,33,17,36,39,32,32,42,39,48,0,41,38,30,37,33,31
2388,36,25,27,0,33,46,41,36,44,27,36,0,34,40,32,38,33,35,0,26,29,38,35,9,39,33,21,40,26,33,29,32,32,48,38,34,24,39,0,32,40,21,15,36,35,26,30,38,37,41,23,31,45,41,33,21,42,36,63,39,38,42,38,36,40,33,47,31,45,0,46,7,29,34,0,30,31,30,43,29,33,17,36,39,32,32,42,39,48,0,41,38,30,37,33,31
2389,36,25,27,0,33,46,41,36,44,27,36,0,34,40,32,38,33,35,0,26,29,38,35,9,39,33,21,40,26,33,29,32,32,48,38,34,24,39,0,32,40,21,15,37,35,26,30,38,37,41,23,31,45,41,33,21,42,36,63,39,38,42,38,36,40,33,47,31,45,0,46,7,29,34,0,30,31,30,43,29,33,17,36,39,32,32,42,39,48,0,41,38,30,37,33,31
2390,36,26,27,0,33,46,41,36,44,27,36,0,34,40,32,38,33,35,0,26,29,38,35,9,39,33,21,40,26,33,29,32,32,48,38,34,24,39,0,32,40,21,15,37,35,27,30,38,37,41,23,31,45,41,33,21,42,36,63,40,38,42,38,36,40,33,47,31,45,0,46,7,29,34,0,30,31,30,43,29,33,17,36,39,32,32,42,39,48,0,41,38,30,37,33,31
2391,36,26,27,0,33,46,41,36,44,27,36,0,34,40,32,38,33,35,0,26,29,38,35,9,39,33,21,40,26,33,29,32,32,48,38,34,24,39,0,32,40,21,15,37,35,27,30,38,37,41,23,31,45,41,33,21,42,36,63,40,38,42,38,36,41,33,47,31,45,0,46,7,29,34,0,30,31,30,43,29,34,17,36,39,32,32,42,39,48,0,41,38,30,37,33,31
2392,36,26,27,0,33,46,41,36,44,28,36,0,34,40,33,39,33,35,0,26,29,38,35,9,39,33,21,40,26,33,29,32,32,48,38,34,24,39,0,32,40,21,15,37,35,27,30,38,38,41,23,31,45,42,33,21,42,36,63,40,38,42,39,36,41,33,47,32,45,0,46,7,29,34,0,30,31,30,43,29,34,17,36,39,32,32,42,39,48,0,41,38,30,37,33,31
2393,36,26,27,0,33,46,41,36,44,28,36,0,34,40,33,39,33,35,0,26,29,38,35,9,39,33,21,40,26,33,29,33,32,48,38,34,24,39,0,32,40,21,15,37,35,27,30,38,38,41,23,31,45,42,33,21,42,37,63,40,38,42,39,36,41,33,47,32,45,0,46,7,29,34,0,30,31,30,43,29,34,17,36,39,32,32,42,39,48,0,41,38,30,37,33,31
2394,36,26,27,0,33,46,41,36,44,28,36,0,34,40,33,40,34,35,0,26,29,38,35,9,39,33,21,40,26,33,29,33,32,48,38,34,24,39,0,32,40,21,15,37,35,27,30,38,38,41,23,31,45,42,33,21,42,37,63,40,38,42,39,36,41,33,47,32,45,0,46,7,29,34,0,30,31,30,43,29,34,17,36,39,32,32,42,39,48,0,41,38,30,37,33,31
2395,36,26,27,0,33,46,41,36,44,28,36,0,34,40,33,40,34,35,0,26,29,38,35,9,39,33,21,40,26,33,29,33,32,48,38,34,24,39,0,32,40,21,15,37,35,27,30,38,38,41,23,31,45,42,33,21,42,37,63,40,38,42,39,36,41,33,47,32,45,0,46,7,29,34,0,30,31,30,43,29,34,17,36,39,32,32,42,39,48,0,41,38,30,37,33,31
2396,36,26,27,0,33,46,41,36,44,28,36,0,34,40,33,40,34,36,0,26,29,38,35,9,39,33,21,40,26,33,29,33,32,48,38,34,24,39,0,32,40,21,15,37,35,27,30,38,38,41,23,31,45,42,33,21,42,37,63,40,38,42,39,36,41,33,47,32,45,0,46,7,29,34,0,30,31,30,43,29,34,17,37,39,32,32,42,39,48,0,41,38,30,37,33,31
2397,36,27,27,0,33,46,41,36,44,28,36,0,34,40,33,40,34,36,0,26,29,38,35,9,39,33,21,40,26,33,29,33,32,48,38,34,24,39,0,32,41,22,15,37,35,27,30,38,38,41,23,31,45,43,33,21,42,37,63,40,38,42,39,36,41,33,47,32,45,0,46,7,29,34,0,30,31,30,43,29,34,17,38,39,32,32,42,39,48,0,41,38,30,37,33,31
2398,36,27,27,0,33,46,41,36,44,28,36,0,34,40,33,40,34,36,0,26,29,38,35,9,39,33,21,40,26,33,29,33,32,48,38,34,24,40,0,32,41,22,15,37,35,27,30,38,38,41,23,31,45,43,33,21,42,37,63,40,39,42,39,36,41,33,47,32,45,0,46,7,29,34,0,30,31,30,43,29,34,17,38,39,32,32,42,39,48,0,41,38,30,37,33,31
2399,36,27,27,0,33,46,41,36,44,28,36,0,34,40,33,40,34,36,0,26,29,38,35,9,39,33,21,40,26,33,29,33,32,48,38,34,24,40,0,32,41,22,15,37,35,27,30,38,38,41,23,31,45,43,33,21,42,37,63,40,39,42,39,36,41,33,47,32,45,0,46,7,29,34,0,30,31,30,43,29,34,17,38,39,32,32,42,39,48,0,41,38,30,37,33,31
2400,36,28,27,0,33,46,41,36,44,28,36,0,34,40,33,40,35,36,0,26,29,38,35,9,39,33,21,40,26,33,29,33,32,48,38,34,24,40,0,32,41,22,15,37,35,27,31,39,38,41,23,31,45,43,33,21,42,37,63,40,39,42,39,36,41,33,47,32,45,0,46,7,29,34,0,30,31,30,43,29,34,17,38,39,32,32,42,39,48,0,41,38,30,37,33,31
2401,36,29,27,0,33,46,41,36,44,28,36,0,34,40,33,40,35,36,0,26,29,38,35,9,39,33,21,40,26,33,29,33,32,48,38,34,24,40,0,32,41,22,15,37,35,27,31,39,38,41,23,31,45,43,33,21,43,37,63,40,39,42,39,36,41,33,47,32,45,0,46,7,29,34,0,30,31,30,43,30,34,17,38,39,33,32,42,39,48,0,41,38,30,37,33,32
2402,36,29,27,0,33,46,41,36,44,28,36,0,34,40,33,40,35,37,0,26,29,38,35,9,39,33,21,40,27,33,29,33,32,48,38,34,24,40,0,33,41,22,15,37,35,27,31,39,38,41,23,31,45,43,33,21,43,37,63,40,39,42,39,36,41,34,47,32,45,0,46,7,29,34,0,30,31,30,43,30,34,17,38,39,33,32,42,39,48,0,41,38,30,37,33,32
2403,36,29,27,0,33,46,41,36,44,28,36,0,34,40,33,40,35,37,0,26,29,38,35,9,39,33,21,40,27,33,29,33,32,48,38,34,24,40,0,33,41,22,15,37,35,27,31,39,38,41,23,31,45,43,33,21,43,37,63,40,39,42,39,36,41,34,47,32,45,0,46,7,29,34,0,30,31,30,43,30,34,17,38,39,33,32,42,39,48,0,41,38,30,37,33,32
2404,36,29,27,0,33,46,41,36,44,28,36,0,34,40,33,40,35,37,0,26,29,38,35,9,39,33,21,40,27,33,30,33,32,48,38,34,24,40,0,33,41,22,15,37,35,27,31,39,38,41,23,31,45,43,33,21,43,37,63,40,39,42,39,36,41,34,47,32,45,0,46,7,29,34,0,30,31,30,43,30,34,17,38,39,33,32,42,39,48,0,41,38,30,37,33,32
2405,36,29,27,0,33,46,41,36,45,28,36,0,34,40,33,40,35,37,0,26,29,38,35,9,39,34,21,40,27,33,30,33,32,48,38,34,24,40,0,33,41,22,15,37,35,27,31,39,38,41,23,31,45,43,33,21,43,37,63,40,39,42,39,36,41,34,47,33,45,0,46,7,29,34,0,30,31,30,43,30,34,17,38,39,33,32,42,39,48,0,41,38,30,37,33,32
2406,36,29,27,0,33,46,41,36,45,28,36,0,34,40,33,40,35,37,0,26,29,38,35,9,39,34,21,40,27,33,30,34,32,48,38,34,24,40,0,33,41,22,15,37,35,27,31,39,38,41,23,31,45,43,33,22,43,37,63,40,39,42,39,36,41,35,47,33,45,0,46,7,29,34,0,31,31,30,43,30,34,17,38,40,33,33,43,39,48,0,41,38,30,37,33,32
2407,36,29,27,0,33,46,41,36,45,28,36,0,34,40,33,40,36,37,0,26,29,38,35,9,39,34,21,40,27,33,30,34,32,48,38,35,24,40,0,33,41,22,15,37,35,27,31,39,38,42,23,31,45,43,33,22,43,37,63,40,39,42,39,36,41,35,47,33,45,0,46,7,29,34,0,31,31,30,43,30,34,17,38,40,33,33,43,39,48,0,41,38,30,37,33,32
2408,36,29,27,0,33,46,41,36,45,28,37,0,34,40,34,40,36,37,0,26,29,39,35,9,39,34,21,40,27,33,30,34,32,48,38,35,24,40,0,33,41,22,15,37,35,27,31,39,38,42,23,31,45,44,33,22,43,37,63,40,39,42,39,36,41,35,47,33,45,0,46,7,29,34,0,31,31,30,43,30,34,17,38,40,33,34,44,39,48,0,41,38,30,37,33,32
2409,36,29,27,0,33,46,41,36,45,28,37,0,34,40,34,40,36,37,0,26,29,39,35,9,39,34,21,40,27,33,30,34,32,48,38,35,24,40,0,33,41,22,16,37,35,27,31,39,38,42,23,31,45,44,33,22,43,37,63,40,39,42,39,36,41,35,47,33,45,0,46,7,29,34,0,31,31,30,43,30,34,18,38,40,33,34,44,39,48,0,41,38,30,37,33,32
2410,36,29,27,0,33,46,41,36,45,28,37,0,35,40,34,40,37,37,0,27,29,39,35,9,39,34,21,40,27,33,30,34,32,48,38,35,24,40,0,33,41,22,16,37,35,27,31,39,38,42,23,31,45,44,33,22,43,37,63,40,39,42,39,36,41,35,47,33,45,0,46,7,29,34,0,31,31,30,43,30,34,18,38,40,33,34,44,39,48,0,41,38,30,37,33,32
2411,36,29,27,0,33,46,41,36,45,29,37,0,35,40,34,40,37,37,0,27,29,39,35,10,39,34,21,40,27,33,30,34,32,48,38,35,24,41,0,33,41,22,16,37,35,27,31,39,38,42,23,31,45,44,33,22,43,37,63,40,39,42,39,36,41,35,47,33,45,0,46,7,29,34,0,31,31,30,43,30,34,18,38,40,33,34,44,39,48,0,41,38,30,37,33,32
2412,36,29,27,0,33,46,41,36,45,30,37,0,35,40,34,40,37,37,0,27,29,39,35,10,39,34,21,40,27,33,30,34,32,48,38,35,24,41,0,33,41,22,16,37,35,27,31,39,38,42,24,31,46,44,33,22,43,37,63,40,39,42,39,36,41,35,47,33,45,0,46,7,29,34,0,31,31,30,43,30,34,18,38,40,33,34,44,39,48,0,41,38,30,37,33,32
2413,36,29,27,0,33,46,41,36,45,30,37,0,35,40,34,40,37,37,0,27,29,39,35,10,39,34,21,40,27,33,30,34,32,48,38,35,24,41,0,33,41,22,16,37,35,27,31,39,38,42,24,31,46,44,33,22,43,37,63,40,39,42,40,36,41,35,47,34,45,0,46,7,29,34,0,31,31,30,43,30,34,18,38,40,33,34,44,39,48,0,41,38,30,37,33,32
2414,36,29,27,0,33,46,41,36,45,30,37,0,35,40,34,40,37,37,0,27,29,39,35,10,39,34,21,40,27,33,30,34,32,48,38,35,24,41,0,33,41,22,16,37,35,27,31,39,38,42,24,31,46,44,33,22,43,37,63,40,39,42,40,36,41,35,47,34,45,0,46,7,29,34,0,31,31,30,43,30,34,18,38,40,33,34,44,39,48,0,41,38,30,37,33,32
2415,36,29,27,0,33,46,41,36,45,30,37,0,35,40,34,40,37,37,0,27,29,39,35,10,39,34,21,40,27,33,30,34,32,48,38,35,24,41,0,33,41,22,16,37,35,27,31,39,38,42,24,31,46,44,33,22,43,37,63,40,39,42,40,36,41,35,47,34,46,0,46,7,29,34,0,31,31,30,43,30,34,18,38,40,33,34,44,39,48,0,41,38,30,37,33,32
2416,36,29,27,0,33,46,41,36,45,30,37,0,35,40,34,40,37,37,0,27,29,39,35,10,39,34,21,40,27,33,30,34,32,48,38,35,24,41,0,33,41,22,17,37,35,27,31,39,38,42,24,31,46,44,33,22,43,37,63,40,39,42,40,36,41,35,47,34,47,0,46,7,29,34,0,31,31,30,43,30,34,18,38,40,33,34,44,39,48,0,41,38,30,37,33,32
2417,36,29,27,0,33,46,41,36,45,30,37,0,35,40,34,40,37,37,0,27,29,39,35,10,39,34,21,40,27,33,30,34,32,48,38,35,24,41,0,33,41,22,17,38,35,27,31,39,38,42,24,31,46,44,33,22,43,37,63,40,39,42,40,36,41,35,47,34,47,0,46,7,30,34,0,31,31,30,43,30,34,18,38,40,33,34,44,39,48,0,41,38,30,37,35,32
2418,36,29,27,0,33,46,41,36,45,30,37,0,35,40,34,40,37,37,0,28,29,39,35,10,39,34,21,40,27,33,30,35,32,48,38,35,24,41,0,33,41,22,17,38,35,27,31,39,38,42,24,31,46,44,33,22,43,37,63,40,39,42,40,36,41,35,47,34,47,0,46,7,31,34,0,31,31,30,43,30,34,18,39,40,33,34,44,39,48,0,41,38,30,37,35,32
2419,36,29,27,0,33,46,41,36,45,30,37,0,35,40,34,40,37,37,0,28,29,39,35,10,39,34,21,40,28,33,30,35,32,48,38,35,25,42,0,33,41,22,17,38,35,27,31,39,38,42,24,31,47,44,33,22,43,37,63,40,39,42,40,36,41,35,48,34,47,0,46,7,31,34,0,31,32,30,43,30,34,18,39,40,33,34,44,39,48,0,41,38,30,37,35,32
2420,36,29,27,0,33,46,41,36,45,30,37,0,35,40,34,40,37,37,0,28,29,39,35,10,39,34,21,40,28,33,30,35,32,48,39,35,25,42,0,34,41,22,17,39,35,27,31,39,38,42,24,31,47,44,33,23,43,37,63,40,39,42,40,36,41,35,48,34,47,0,46,7,31,34,0,31,32,30,43,30,34,18,39,40,33,34,44,39,48,0,41,38,30,37,35,32
2421,36,29,27,0,33,46,41,36,45,30,37,0,35,40,34,41,37,37,0,29,29,39,35,10,39,34,21,40,28,33,30,35,32,48,39,35,26,42,0,34,41,22,17,39,35,27,31,39,38,42,24,31,47,44,33,23,43,37,63,40,39,42,40,36,41,35,48,34,47,0,46,7,31,35,0,31,32,30,43,30,34,18,39,40,33,34,44,39,48,0,41,38,30,38,35,32
2422,36,29,27,0,33,46,41,36,45,30,37,0,35,40,34,41,37,37,0,29,29,40,35,10,39,34,21,40,28,33,30,35,32,48,39,35,26,42,0,34,41,22,17,39,35,27,31,39,38,42,24,31,47,44,33,23,43,37,63,40,39,42,40,36,41,35,48,34,48,0,46,7,31,35,0,31,32,30,43,30,34,18,39,40,33,35,44,39,48,0,41,38,30,38,35,32
2423,36,29,27,0,33,46,41,36,46,30,37,0,35,41,34,41,38,37,0,29,29,40,35,10,39,34,21,40,28,33,30,35,32,48,39,35,26,42,0,34,41,22,17,39,35,27,31,39,38,42,24,31,47,44,33,23,43,37,63,40,39,42,40,36,42,35,48,34,48,0,46,7,31,35,0,31,33,30,43,30,34,18,39,40,33,35,44,39,48,0,41,38,30,38,36,32
2424,36,29,27,0,33,46,41,36,46,30,37,0,35,41,34,41,38,37,0,29,29,40,35,10,39,34,21,40,28,33,30,35,32,48,39,35,26,42,0,34,42,22,18,39,35,27,31,39,38,42,24,31,47,44,33,23,43,37,63,40,39,42,40,36,42,35,48,34,48,0,46,7,31,35,0,31,33,30,43,30,34,18,39,40,33,35,44,39,48,0,41,38,30,38,36,32
2425,36,29,28,0,33,46,41,36,46,30,37,0,35,41,34,41,38,37,0,29,29,40,35,10,39,34,21,40,28,33,30,35,32,48,39,35,26,42,0,34,42,22,18,39,35,27,31,39,38,42,24,31,48,44,33,23,43,37,63,40,39,42,40,36,42,35,48,34,48,0,46,7,31,35,0,31,33,30,43,30,34,18,39,40,33,35,44,39,48,0,41,39,30,38,36,32
2426,36,29,28,0,33,46,41,36,46,30,37,0,35,41,34,41,38,37,0,29,29,40,36,10,39,34,21,40,28,33,30,35,32,48,39,35,26,42,0,34,42,22,18,39,35,27,31,39,38,42,24,31,48,44,33,23,43,38,63,40,39,42,40,36,42,35,48,34,48,0,46,8,31,35,0,32,33,30,43,30,34,18,39,40,33,35,44,39,48,0,41,39,30,38,36,32
2427,36,29,28,0,33,46,41,36,46,30,37,0,36,41,34,41,38,37,0,29,29,40,37,10,39,34,21,40,28,33,30,35,32,48,39,35,26,42,0,34,42,22,19,39,35,27,31,39,38,42,24,31,48,44,33,23,43,38,63,40,39,42,40,37,42,35,48,34,48,0,46,8,31,35,0,32,33,30,43,30,34,18,39,40,33,35,44,39,48,0,41,39,30,38,36,32
2428,36,29,28,0,33,46,41,36,46,30,37,0,36,41,34,41,38,37,0,29,29,40,37,10,39,34,21,40,28,33,30,35,32,48,39,35,26,42,0,34,42,22,19,39,35,27,31,39,38,42,24,31,48,44,33,23,43,38,63,40,39,42,40,37,42,35,48,35,48,0,46,8,31,35,0,32,33,30,43,30,34,18,39,40,33,35,44,39,48,0,41,39,30,38,37,32
2429,36,29,28,0,33,46,42,36,46,30,37,0,36,41,34,41,38,37,0,29,29,40,37,10,39,34,21,40,28,33,30,35,32,48,39,35,26,42,0,34,42,22,19,39,36,27,31,39,38,42,25,31,48,44,33,23,43,38,63,40,39,42,40,37,42,35,48,35,48,0,46,8,31,35,0,32,33,30,43,30,34,18,39,40,33,35,44,39,48,0,41,39,30,38,37,32
2430,36,29,28,0,33,46,42,36,46,30,37,0,36,41,34,41,38,37,0,29,29,40,37,10,39,34,21,40,28,33,30,36,32,48,40,35,26,42,0,34,42,22,19,39,36,27,31,39,38,42,25,31,48,44,33,23,43,38,63,40,39,42,40,37,42,35,48,35,48,0,46,8,31,35,0,32,33,30,43,30,34,18,39,40,33,35,44,39,48,0,41,39,30,38,37,32
2431,36,29,28,0,33,46,42,36,46,30,37,0,36,41,36,41,38,37,0,29,29,40,37,10,39,34,21,40,28,33,30,36,32,48,40,35,26,42,0,34,42,22,19,39,36,27,31,39,38,42,25,31,48,44,33,23,43,38,63,40,39,42,40,37,42,35,48,35,48,0,46,9,31,35,0,32,33,30,43,30,34,18,39,40,33,35,44,39,48,0,41,39,30,38,37,32
2432,36,29,28,0,33,46,42,36,46,30,37,0,36,41,36,41,38,37,0,29,29,40,37,10,39,34,21,40,28,33,30,36,32,48,40,35,26,42,0,34,42,22,19,39,36,27,31,39,38,42,26,31,48,44,33,23,43,38,63,40,39,42,40,37,42,35,48,35,48,0,46,9,31,35,0,32,34,30,43,30,34,18,39,40,33,35,44,39,48,0,41,39,30,38,37,32
2433,36,29,28,0,33,46,42,36,46,30,37,0,36,41,36,41,38,37,0,29,30,40,37,10,39,34,21,40,28,33,30,36,32,48,40,36,26,43,0,34,42,22,19,39,36,27,31,39,38,42,26,31,48,44,33,23,43,38,63,40,39,42,40,37,42,35,48,35,48,0,46,9,31,35,0,33,34,30,43,30,34,18,39,40,33,35,44,39,48,0,41,39,30,38,37,32
2434,37,29,28,0,33,46,42,36,46,30,37,0,36,41,36,41,38,37,0,29,30,40,37,10,39,34,21,40,28,33,30,36,32,48,40,36,26,43,0,34,42,22,19,39,36,27,31,39,38,42,26,31,48,44,33,23,43,38,63,40,39,42,40,37,42,35,48,35,48,0,46,9,31,35,0,33,34,30,43,30,34,18,39,40,33,35,44,39,48,0,41,39,30,38,37,32
2435,37,29,28,0,33,46,42,36,46,30,37,0,36,41,36,41,38,37,0,29,31,40,37,10,39,34,21,40,28,33,30,36,33,48,40,36,26,43,0,34,42,22,19,39,36,28,31,39,38,42,26,31,48,44,33,23,43,38,63,40,39,42,40,37,42,35,48,35,48,0,46,9,31,35,0,33,34,30,43,30,34,18,39,40,33,35,44,39,48,0,41,39,30,38,37,32
2436,37,29,29,0,33,46,42,36,46,30,37,0,36,41,36,41,38,37,0,29,31,40,37,10,39,34,21,40,28,33,30,36,33,48,40,36,26,43,0,34,42,22,19,39,36,28,31,39,38,42,26,31,48,44,33,23,43,38,63,40,39,42,40,37,42,35,48,35,48,0,46,9,31,35,0,33,34,30,43,30,34,18,39,40,33,35,44,39,48,0,41,39,30,38,37,32
2437,37,29,29,0,33,46,42,36,46,30,37,0,36,41,36,41,38,37,0,30,31,40,37,10,39,34,21,40,28,33,30,36,33,48,40,36,26,43,0,34,42,22,19,39,36,28,31,39,38,42,26,32,48,44,33,23,43,38,63,40,39,42,40,37,42,35,48,35,48,0,46,9,31,35,0,33,34,30,43,30,34,18,39,40,33,36,44,40,48,0,41,39,30,38,37,32
2438,37,29,29,0,33,46,42,36,46,30,37,0,36,41,36,41,38,37,0,31,31,40,37,10,39,34,21,40,28,33,30,36,33,48,40,36,26,43,0,34,42,22,19,39,36,28,31,39,38,42,26,32,48,44,33,23,44,38,63,40,39,42,40,37,42,35,48,35,48,0,46,9,31,35,0,33,34,30,43,30,34,18,39,40,33,36,44,40,48,0,41,39,30,38,37,32
2439,37,29,29,0,33,46,42,36,46,30,37,0,36,41,36,41,38,37,0,31,31,40,37,10,39,34,21,40,28,33,30,36,33,48,40,36,26,43,0,34,42,22,19,39,36,28,31,39,38,42,26,32,48,44,33,23,44,38,63,40,39,42,40,37,42,35,48,35,48,0,46,9,31,35,0,33,34,30,43,30,34,19,39,40,33,36,44,40,48,0,41,40,30,38,37,32
2440,37,30,29,0,33,46,42,36,46,30,37,0,36,41,36,42,38,37,0,31,32,40,37,10,39,34,21,40,29,33,30,36,33,48,40,36,26,43,0,34,42,22,19,39,36,28,31,39,38,42,26,32,49,44,33,23,44,38,63,40,39,42,40,37,42,35,48,35,48,0,46,9,31,35,0,33,34,30,43,30,34,19,39,40,33,37,44,40,48,0,41,41,30,38,37,32
2441,37,30,29,0,33,46,42,36,46,30,37,0,36,41,36,42,38,37,0,31,32,40,37,10,39,34,21,40,29,33,30,36,33,48,40,36,26,43,0,34,42,22,19,39,36,28,31,39,38,42,26,32,49,44,33,23,44,38,63,40,39,42,40,37,42,35,48,36,48,0,46,9,31,35,0,33,34,30,43,30,34,19,39,40,33,37,45,40,48,0,41,41,30,38,37,32
2442,37,30,30,0,33,46,42,36,46,30,37,0,36,41,36,42,38,37,0,31,32,40,37,10,39,34,21,40,29,33,30,36,33,48,40,36,26,43,0,34,42,22,19,39,37,28,31,39,38,42,26,32,49,44,33,23,44,38,63,40,39,42,40,37,42,35,48,36,48,0,46,9,31,35,0,33,34,30,43,30,34,19,39,40,33,37,45,40,48,0,41,41,30,38,37,32
2443,37,30,30,0,34,46,42,36,46,30,37,0,36,41,36,42,39,37,0,31,32,40,37,10,39,35,21,40,29,33,30,36,33,48,40,36,27,43,0,34,42,22,19,39,37,28,31,39,38,42,26,32,49,44,33,23,44,38,63,40,39,42,40,37,42,35,48,36,48,0,46,9,31,35,0,33,34,30,43,30,34,19,39,41,33,37,45,40,48,0,41,41,30,38,37,32
2444,37,30,30,0,34,46,42,36,46,30,37,0,36,41,36,42,39,37,0,31,32,40,37,10,39,35,21,40,29,33,30,36,33,48,40,36,27,43,0,34,42,22,19,39,38,28,31,39,38,42,26,32,49,44,33,23,44,38,63,40,39,42,40,37,42,35,48,36,48,0,46,9,31,35,0,33,34,30,43,30,34,19,39,41,33,37,45,40,48,0,41,41,30,38,37,32
2445,37,30,30,0,34,46,42,36,46,30,37,0,36,41,36,42,39,37,0,31,32,40,37,10,39,35,21,40,29,33,30,36,33,48,40,36,27,43,0,35,42,22,19,39,38,28,31,39,38,42,26,32,49,44,33,23,44,38,64,40,39,42,40,37,42,35,48,36,48,0,46,9,31,35,0,33,34,30,43,30,34,19,39,41,33,37,45,40,48,0,41,41,30,38,37,32
2446,37,30,30,0,34,46,42,36,46,30,37,0,36,41,36,42,39,37,0,31,32,40,37,10,39,35,21,40,29,33,30,36,33,48,40,36,27,43,0,35,42,22,19,39,38,29,31,39,38,42,26,32,49,45,33,23,44,38,64,40,39,42,40,37,42,36,48,36,48,0,46,9,31,35,0,33,34,31,43,30,34,19,39,41,33,37,45,40,48,0,41,41,30,38,37,32
2447,37,30,30,0,34,46,42,36,46,30,37,0,36,41,36,42,39,37,0,31,32,40,37,10,39,35,21,40,29,33,30,36,33,48,40,36,27,43,0,35,42,22,20,39,38,29,31,39,38,42,26,32,49,45,33,23,44,38,64,40,39,42,40,37,42,36,48,36,48,0,46,9,31,35,0,33,34,31,43,31,34,19,39,41,33,37,45,40,48,0,41,41,30,38,37,32
2448,37,30,30,0,34,46,42,36,46,30,37,0,37,41,36,42,39,37,0,31,32,40,37,10,39,36,21,40,29,33,30,36,33,48,40,37,28,43,0,35,42,22,20,39,38,29,31,39,38,42,26,32,49,45,33,23,44,38,64,40,40,42,40,37,42,36,48,36,48,0,46,9,31,35,0,33,34,31,43,31,34,19,39,41,33,37,45,40,48,0,41,41,30,38,38,32
2449,37,30,30,0,34,46,42,36,46,30,37,0,37,41,36,42,39,37,0,31,32,40,37,10,39,36,21,40,29,33,31,36,33,48,40,37,28,43,0,35,42,22,20,40,38,29,31,39,38,42,26,32,49,45,33,23,44,38,64,40,40,42,40,37,42,36,48,36,48,0,46,9,31,35,0,33,34,31,43,31,34,20,39,41,33,37,45,40,48,0,41,41,30,38,38,32
2450,37,30,30,0,34,46,42,36,46,30,37,0,37,41,36,42,39,37,0,31,32,40,37,10,39,36,21,40,29,33,31,36,33,48,40,37,28,43,0,35,42,22,20,40,39,29,31,39,38,42,26,32,49,45,33,23,44,38,64,40,40,42,40,37,42,36,48,36,48,0,46,9,31,35,0,33,34,31,43,31,34,20,39,41,33,37,45,40,48,0,41,41,30,38,38,32
2451,37,30,31,0,34,46,42,36,46,30,37,0,37,41,36,42,39,37,0,31,32,40,37,10,39,36,21,40,29,33,31,36,33,48,40,37,28,43,0,35,42,22,21,40,39,29,31,39,38,42,26,32,49,45,33,23,44,38,64,40,40,42,40,37,42,36,48,36,48,0,46,9,31,35,0,33,34,31,43,31,34,20,39,41,33,37,45,40,48,0,41,41,30,38,38,32
2452,37,30,31,0,34,46,42,36,46,30,38,0,37,41,36,42,39,37,0,31,32,40,37,10,39,36,21,40,29,33,31,36,33,48,40,37,28,43,0,35,42,22,21,40,39,29,31,39,38,42,26,32,49,45,33,23,44,39,64,40,40,42,40,37,42,36,48,36,48,0,46,9,31,35,0,33,34,31,43,31,34,20,39,41,33,37,45,40,48,0,41,41,30,38,38,32
2453,37,30,31,0,34,46,42,36,46,30,38,0,37,41,36,42,39,37,0,31,32,40,37,10,39,36,21,40,30,33,31,36,33,48,40,37,28,43,0,35,42,22,21,40,39,29,31,39,38,42,26,32,49,45,33,23,44,39,64,40,40,42,40,37,42,36,48,36,48,0,46,9,31,35,0,33,34,31,43,31,34,20,39,41,33,37,45,40,48,0,41,42,30,38,38,32
2454,37,30,31,0,34,46,42,36,46,30,38,0,37,41,36,42,39,37,0,31,32,40,37,10,39,36,21,40,30,33,31,37,33,48,40,37,29,43,0,35,42,22,21,40,39,29,31,39,38,42,26,32,49,45,33,23,45,39,64,40,40,42,40,37,42,36,48,36,48,0,46,9,31,35,0,33,34,31,43,31,35,20,40,41,33,37,45,40,48,0,41,42,30,38,38,32
2455,37,30,31,0,34,46,42,36,46,30,38,0,37,41,36,42,39,37,0,32,33,40,37,10,39,36,21,40,30,34,31,37,33,48,40,37,29,43,0,36,42,22,21,40,39,29,31,39,38,42,26,32,50,45,33,23,45,39,64,40,40,42,40,37,42,36,48,36,48,0,46,9,31,35,0,33,34,31,43,31,35,20,40,41,33,37,45,40,48,0,41,42,30,38,38,32
2456,37,30,31,0,34,46,42,36,46,30,38,0,37,41,36,42,39,37,0,32,33,40,37,10,39,36,21,40,30,34,31,37,33,49,40,37,29,43,0,36,43,22,21,40,39,29,31,39,38,42,26,32,50,45,34,23,45,39,64,40,40,42,40,37,42,36,48,36,48,0,46,9,31,35,0,33,34,31,43,31,36,20,40,41,33,37,45,40,48,0,41,42,30,38,38,33
2457,37,30,31,0,34,46,42,36,46,30,38,0,37,41,36,42,39,37,0,32,33,40,37,10,39,36,21,40,30,34,31,37,33,49,40,37,29,43,0,36,43,22,21,41,39,29,31,39,38,42,26,32,50,45,34,23,45,39,64,40,41,42,40,37,42,36,48,36,48,0,46,10,31,35,0,33,34,31,44,32,36,20,40,41,33,37,45,40,48,0,41,42,30,38,38,33
2458,37,30,31,0,35,46,42,36,46,30,38,0,37,41,36,42,39,37,0,32,33,40,37,10,39,36,22,40,30,34,31,37,33,49,40,37,29,43,0,36,43,22,21,41,39,29,31,39,38,42,26,32,50,45,34,23,45,39,64,40,41,42,40,37,42,36,48,36,48,0,46,10,31,35,0,33,34,31,44,32,36,20,40,41,33,37,45,40,48,0,41,42,30,38,38,33
2459,37,30,31,0,35,46,42,36,46,30,38,0,37,41,36,42,39,37,0,32,33,40,37,11,39,36,22,40,30,34,31,37,33,49,40,37,29,43,0,36,43,22,22,41,39,29,31,39,38,42,26,32,51,45,34,23,45,39,64,40,41,42,40,37,42,36,48,36,48,0,46,10,31,35,0,33,34,31,44,32,36,20,40,41,33,37,45,40,48,0,41,42,30,38,38,33
2460,37,30,31,0,36,46,42,36,46,31,39,0,37,41,36,42,39,37,0,32,33,40,37,11,39,36,23,40,30,34,31,37,33,49,40,37,29,44,0,36,43,23,22,41,39,29,31,39,39,42,26,32,51,45,34,23,45,39,64,41,41,42,40,37,42,36,48,36,48,0,46,10,31,35,0,33,34,31,44,32,36,20,40,41,33,37,45,40,48,0,41,42,30,38,38,33
2461,37,30,31,0,36,46,42,36,46,31,39,0,37,41,36,42,39,37,0,32,33,40,37,11,39,36,23,40,30,35,31,37,33,49,40,37,29,44,0,36,43,23,22,41,40,29,31,39,39,42,27,32,51,45,34,23,45,39,64,41,41,42,40,37,42,36,48,36,48,0,46,10,31,35,0,33,34,31,44,32,36,20,40,41,33,37,45,40,48,0,41,42,30,38,38,33
2462,37,30,31,0,36,46,42,36,46,31,39,0,37,41,36,42,39,37,0,32,33,40,37,11,39,36,23,40,30,35,31,37,33,49,40,37,29,44,0,36,43,23,22,41,40,29,31,39,39,42,27,32,51,45,34,23,45,39,64,41,41,42,40,37,42,36,48,36,48,0,46,10,31,35,0,33,35,31,44,32,36,20,41,41,33,37,45,40,48,0,41,42,30,38,38,34
2463,37,30,31,0,36,46,42,36,46,31,39,0,37,41,36,42,39,37,0,32,33,40,37,11,39,36,23,40,30,35,31,37,33,49,40,37,29,44,0,36,43,23,22,41,40,29,31,39,39,42,27,32,51,45,34,24,45,39,64,41,41,42,40,37,42,36,48,36,49,0,46,10,31,35,0,33,35,31,44,32,36,20,41,41,33,37,45,40,48,0,41,42,30,38,38,34
2464,37,30,31,0,36,46,42,36,46,31,39,0,37,41,36,42,39,37,0,32,33,40,37,11,40,37,24,40,30,35,31,37,33,49,40,37,29,44,0,36,43,23,22,41,40,29,31,39,39,42,27,32,51,45,34,24,45,39,64,41,41,42,40,37,42,36,48,36,49,0,46,10,31,36,0,33,35,31,44,32,36,20,41,41,33,37,45,40,48,0,41,42,30,38,39,34
2465,37,30,31,0,36,46,42,36,46,31,39,0,37,41,36,42,39,37,0,32,34,40,37,11,40,37,24,40,30,35,31,37,33,49,40,37,29,44,0,37,43,23,22,41,40,29,31,39,39,42,27,32,51,45,35,24,45,39,64,41,41,42,40,37,42,36,48,36,49,0,46,10,31,36,0,33,35,31,44,32,36,20,41,41,33,37,45,40,48,0,41,42,30,38,39,34
2466,37,30,32,0,36,46,42,36,46,31,39,0,37,41,36,42,40,37,0,32,34,40,37,11,40,37,24,40,30,35,31,37,33,49,40,37,29,44,0,37,43,23,22,41,40,29,31,39,39,42,27,32,51,45,35,24,45,39,64,41,41,42,40,37,42,36,48,36,49,0,46,10,31,36,0,33,35,31,44,32,36,20,41,41,33,37,45,40,48,0,41,42,30,38,39,34
2467,37,30,32,0,36,46,42,36,46,31,39,0,37,41,36,42,40,37,0,32,34,40,38,11,40,37,24,40,30,35,31,37,33,49,40,37,29,44,0,37,43,24,22,41,40,29,31,39,39,42,27,32,51,45,35,24,46,39,64,41,41,42,40,37,42,36,48,36,49,0,46,10,31,36,0,33,35,31,44,32,36,21,41,41,33,37,45,40,48,0,41,42,30,38,39,34
2468,37,30,32,0,36,46,42,36,46,31,39,0,37,41,36,43,40,37,0,32,34,40,38,11,40,37,24,40,30,35,31,37,33,49,40,37,29,44,0,37,43,24,22,41,40,29,31,39,39,42,27,32,51,45,35,24,46,39,64,41,41,42,40,37,42,36,48,36,49,0,46,10,31,36,0,33,35,32,44,32,36,21,41,41,33,37,45,40,48,0,41,42,30,38,39,34
2469,37,30,32,0,36,46,42,36,46,31,39,0,37,41,36,43,40,37,0,32,34,40,38,11,40,37,24,40,30,35,31,37,33,49,40,37,29,44,0,37,43,24,22,41,40,29,31,39,39,42,27,32,51,45,35,24,46,39,64,41,41,42,40,37,42,37,48,36,49,0,46,10,31,36,0,33,35,32,44,32,36,21,41,41,34,37,45,40,48,0,41,42,31,38,39,34
2470,37,30,32,0,36,46,42,36,46,31,39,0,37,41,36,43,40,37,0,32,34,40,38,11,40,37,24,40,30,35,31,37,33,49,40,37,29,44,0,37,43,24,22,41,40,29,31,39,39,42,27,32,51,46,35,24,46,39,64,41,41,42,40,37,42,37,48,36,49,0,46,10,31,36,0,33,35,32,44,32,36,21,41,41,34,37,45,40,48,0,41,42,31,38,39,34
2471,37,30,32,0,36,46,42,36,46,31,39,0,37,41,36,43,40,37,0,32,34,40,38,11,41,37,24,40,30,35,31,37,33,49,40,37,29,44,0,37,43,24,22,41,40,29,31,39,39,42,27,32,51,46,35,24,46,39,64,41,41,42,40,37,42,37,48,36,49,0,46,10,31,36,0,33,35,32,44,32,36,21,41,41,34,37,45,40,48,0,41,42,31,38,39,34
2472,37,30,32,0,36,46,42,36,46,31,39,0,37,41,36,43,40,37,0,32,34,40,38,11,41,37,24,40,30,35,31,37,33,49,40,38,30,44,0,37,43,24,22,41,40,29,31,39,39,42,27,32,51,46,35,24,46,39,64,41,41,42,40,37,42,37,48,37,49,0,46,10,31,36,0,33,35,32,44,32,36,21,41,41,34,37,45,40,48,0,41,42,31,38,39,34
2473,37,30,32,0,36,46,42,36,46,31,39,0,37,41,37,43,40,37,0,32,34,40,38,11,41,37,24,40,30,35,31,37,33,49,40,38,30,44,0,37,43,24,22,41,40,29,31,39,39,42,28,32,51,46,35,24,46,39,64,41,41,42,40,37,43,37,48,37,50,0,46,10,31,36,0,33,35,32,45,32,36,21,41,41,34,37,45,40,48,0,41,42,31,38,39,34
2474,37,31,32,0,36,46,42,36,46,31,39,0,37,41,37,43,40,37,0,32,34,40,38,11,41,37,24,40,30,35,31,37,33,49,40,38,30,44,0,37,43,25,22,41,40,29,31,39,39,42,28,32,51,46,35,24,47,39,64,41,41,42,40,37,44,37,48,37,50,0,46,10,31,36,0,33,35,32,45,32,36,21,41,41,34,37,45,40,48,0,41,42,31,38,39,34
2475,37,31,32,0,36,46,42,36,46,31,39,0,37,41,37,43,40,37,0,32,34,40,39,11,41,37,24,40,30,35,31,37,33,49,40,38,30,44,0,37,43,25,22,41,40,29,31,39,39,42,28,32,51,46,35,24,47,39,64,41,41,42,40,38,44,37,48,37,50,0,46,10,31,36,0,33,35,32,45,32,36,21,41,41,34,37,45,40,48,0,41,42,31,38,39,34
2476,37,31,32,0,36,46,42,36,46,31,39,0,37,41,37,44,40,37,0,32,34,40,39,11,41,38,24,40,30,35,31,37,33,49,40,38,30,44,0,37,44,25,22,41,40,29,31,39,39,43,28,32,52,46,35,24,47,39,65,41,41,42,40,38,44,37,48,37,50,0,46,10,31,36,0,33,35,33,45,32,36,21,41,41,34,37,45,40,48,0,41,42,32,38,39,34
2477,37,31,32,0,36,46,42,36,46,31,39,0,37,41,37,44,40,37,0,32,34,40,39,11,41,38,24,40,30,36,31,37,33,49,40,39,30,44,0,37,44,25,22,41,40,29,31,39,39,44,28,32,52,46,35,25,47,39,65,41,41,43,40,38,44,37,48,37,50,0,46,10,31,36,0,33,35,33,45,32,36,21,41,41,34,37,45,40,48,0,41,42,33,38,39,34
2478,37,31,32,0,36,46,42,36,46,31,39,0,37,41,37,44,40,37,0,32,35,40,39,11,41,38,24,40,30,36,31,37,33,49,40,39,30,44,0,37,44,25,22,41,40,29,31,39,39,44,28,32,52,46,35,25,47,39,65,41,41,43,40,38,44,37,48,37,50,0,46,10,31,36,0,33,35,33,45,32,36,21,41,42,34,37,45,40,48,0,41,42,33,38,39,34
2479,37,31,32,0,36,46,42,36,46,31,39,0,37,41,37,44,40,37,0,32,35,40,39,11,41,38,24,40,30,36,31,37,33,49,40,39,30,44,0,37,44,25,22,41,41,29,31,39,39,44,28,32,52,46,35,25,47,39,65,41,41,43,40,38,44,37,48,38,50,0,46,10,31,36,0,33,35,33,45,32,36,21,41,42,34,37,45,40,48,0,41,42,34,38,39,34
2480,37,31,32,0,36,47,42,36,46,31,39,0,37,41,37,44,40,37,0,32,35,40,39,11,41,38,24,40,30,36,31,37,33,49,40,39,30,44,0,37,44,25,22,41,41,29,31,39,39,44,28,32,52,46,35,25,47,39,65,41,41,43,40,38,44,37,48,38,50,0,46,10,31,36,0,33,35,33,45,32,36,21,41,42,36,37,45,41,48,0,41,42,34,38,39,34
2481,37,31,32,0,36,47,42,36,46,31,39,0,37,42,37,44,40,37,0,32,35,40,40,11,41,38,24,40,31,36,31,37,33,49,40,39,30,44,0,37,44,25,22,41,41,29,31,39,39,44,28,32,52,46,35,25,47,39,65,41,41,43,40,38,44,37,48,38,50,0,46,10,31,36,0,33,36,33,45,32,36,21,41,42,36,37,45,41,48,0,41,42,34,38,39,34
2482,37,31,32,0,36,47,42,36,46,32,39,0,37,42,37,44,40,37,0,32,35,40,40,11,41,38,24,40,31,36,31,37,33,49,40,39,30,44,0,37,44,25,22,41,41,29,31,39,39,44,28,32,52,46,35,25,47,39,66,41,41,43,40,38,44,37,48,38,50,0,46,10,31,36,0,33,36,33,45,32,36,22,41,42,36,37,45,41,48,0,41,42,34,38,39,34
2483,37,31,32,0,36,47,42,36,46,32,39,0,37,42,37,44,40,38,0,32,35,40,40,11,41,38,24,40,31,36,31,37,33,49,40,39,30,44,0,37,44,25,22,41,41,29,31,39,39,44,28,32,52,46,35,25,47,39,66,41,41,43,40,38,44,37,48,38,50,0,46,10,31,36,0,33,36,33,45,32,36,22,41,42,36,37,45,41,48,0,41,42,34,38,39,34
2484,37,31,32,0,36,47,42,36,46,32,39,0,37,42,37,44,40,38,0,32,35,40,40,11,41,38,24,40,31,36,31,37,33,49,40,39,30,44,0,37,44,25,22,41,41,29,31,39,39,44,28,32,52,46,35,25,47,39,66,41,41,43,40,38,44,37,48,38,50,0,46,10,31,36,0,33,36,33,45,33,36,22,41,42,36,37,45,41,48,0,41,42,34,38,39,34
2485,38,31,32,0,36,47,42,36,46,32,39,0,37,42,37,44,40,38,0,32,35,40,40,11,41,38,24,40,31,36,31,37,33,49,40,39,30,44,0,37,44,26,22,41,41,29,31,39,39,44,28,32,52,46,35,25,47,39,66,41,41,43,41,38,44,37,48,38,50,0,46,10,31,36,0,33,36,33,45,33,36,22,41,42,36,37,45,41,48,0,41,42,34,38,39,34
2486,38,31,32,0,36,47,42,36,46,32,39,0,37,42,37,44,40,38,0,32,35,40,40,11,41,38,24,40,31,36,31,37,33,49,40,39,30,44,0,37,45,26,22,41,41,29,31,39,39,44,28,32,52,46,35,25,47,39,66,41,41,43,41,38,44,37,48,38,50,0,46,10,31,36,0,33,36,33,45,33,36,22,41,42,36,38,45,41,48,0,41,42,34,38,39,34
2487,38,31,32,0,36,47,42,36,46,32,39,0,37,42,37,44,40,38,0,32,35,40,40,11,41,38,24,40,31,36,31,37,33,49,40,39,30,44,0,37,45,26,22,41,41,29,31,39,39,44,28,32,52,46,35,25,47,40,66,41,41,43,41,38,44,37,48,38,50,0,46,11,31,36,0,33,36,33,45,33,36,22,41,42,36,38,45,41,48,0,41,42,34,38,39,34
2488,38,31,32,0,36,47,42,36,46,32,39,0,37,42,37,44,40,38,0,32,35,40,40,11,41,38,24,40,31,36,31,37,33,49,40,39,30,44,0,37,45,26,22,41,41,29,31,39,39,44,28,32,52,46,35,25,47,40,66,41,41,43,41,38,44,37,48,38,50,0,46,11,31,36,0,33,37,33,45,33,36,22,41,42,36,38,45,41,48,0,41,42,34,38,39,34
2489,38,31,32,0,36,47,42,36,46,32,39,0,37,42,37,44,40,38,0,32,35,40,40,11,41,38,24,40,31,36,31,37,33,49,40,39,30,44,0,38,45,26,22,41,41,29,31,39,39,44,28,32,52,46,35,25,47,40,67,41,41,43,41,38,44,37,48,38,50,0,46,11,31,36,0,33,37,33,45,33,36,22,41,42,36,38,45,41,48,0,41,42,34,38,39,34
2490,38,31,32,0,36,47,42,36,46,32,39,0,37,42,37,44,40,38,0,32,35,40,40,11,41,38,24,40,31,36,31,37,33,49,40,39,30,44,0,38,46,27,22,41,41,29,31,39,39,44,28,32,52,46,35,26,47,40,67,41,41,43,41,38,44,37,48,38,50,0,46,11,31,37,0,34,37,33,45,33,36,22,41,42,36,38,45,41,48,0,41,42,34,38,39,34
2491,38,31,32,0,36,47,42,36,46,32,39,0,37,42,37,44,40,38,0,32,35,40,40,11,41,38,24,40,31,36,31,37,33,49,40,39,30,44,0,38,46,27,22,42,41,29,31,39,39,44,28,32,52,46,35,26,47,40,67,41,41,43,41,38,44,37,48,38,50,0,46,11,31,37,0,34,37,33,46,33,36,22,41,42,36,38,45,41,48,0,41,42,34,39,39,34
2492,38,31,32,0,36,47,43,36,46,32,39,0,37,42,37,44,40,38,0,32,35,40,40,11,41,38,24,40,31,36,31,37,33,49,40,39,30,44,0,38,46,27,22,43,41,29,31,39,39,44,28,32,52,46,35,27,47,40,67,41,41,43,41,38,44,37,48,38,50,0,46,11,31,37,0,34,37,33,46,33,36,22,41,42,36,38,45,41,48,0,41,42,34,39,39,34
2493,38,31,32,0,36,47,43,36,46,32,39,0,37,42,37,44,40,38,0,32,35,40,40,11,41,38,24,40,31,36,31,37,33,49,40,39,30,44,0,38,46,27,22,44,41,29,31,39,39,44,28,32,52,46,35,27,47,40,67,41,41,43,41,38,44,37,48,38,50,0,46,11,31,37,0,34,37,33,46,33,36,23,41,42,36,38,45,41,48,0,41,42,34,39,40,34
2494,38,31,32,0,36,47,43,36,46,32,39,0,37,42,37,44,40,38,0,32,35,40,40,11,41,38,24,40,31,36,31,37,33,49,40,39,30,44,0,38,46,27,22,45,41,29,31,39,40,44,28,32,52,46,35,27,47,40,67,41,42,43,41,38,44,37,48,38,50,0,46,11,31,37,0,34,37,33,46,33,36,23,41,42,36,38,45,41,48,0,41,42,34,39,40,34
2495,38,31,32,0,36,47,43,36,46,32,39,0,37,42,37,44,40,38,0,32,35,40,40,11,41,38,24,40,31,36,31,37,33,49,40,39,30,44,0,38,46,27,22,45,41,29,31,39,40,44,28,32,52,46,36,27,47,40,67,41,42,43,41,38,44,37,48,38,50,0,46,11,31,37,0,34,37,33,46,33,36,23,42,42,36,38,45,41,48,0,41,42,34,39,40,35
2496,38,31,32,0,36,47,43,36,46,32,39,0,37,42,37,44,40,38,0,32,36,40,40,11,41,38,24,40,31,36,31,37,33,49,40,39,30,44,0,38,46,27,22,45,41,29,31,39,40,44,28,32,52,46,36,27,47,40,67,41,42,43,41,38,44,37,48,38,50,0,46,11,31,37,0,34,37,33,46,33,36,23,42,42,36,38,45,41,48,0,41,42,34,39,40,35
2497,39,31,32,0,36,47,43,36,46,32,39,0,37,42,37,44,40,38,0,32,36,40,40,11,41,38,24,40,31,36,31,37,33,49,40,39,30,44,0,38,46,27,22,45,41,29,31,39,40,44,28,32,52,46,36,27,47,40,67,41,42,43,41,38,44,37,49,38,50,0,46,11,31,37,0,34,37,33,46,33,36,23,42,43,36,39,45,41,48,0,41,42,34,39,40,35
2498,39,31,32,0,36,47,43,36,46,32,39,0,37,42,37,44,40,38,0,32,37,40,40,11,41,38,24,40,31,36,31,37,33,49,40,39,30,44,0,38,46,27,22,45,41,29,31,39,40,44,28,32,52,46,36,27,47,40,67,41,42,43,41,38,44,37,49,38,50,0,46,11,31,37,0,34,37,33,46,33,36,23,42,43,36,39,45,41,48,0,41,42,34,39,40,35
2499,40,31,32,0,36,47,43,36,46,32,39,0,37,42,37,44,40,38,0,32,37,40,40,12,41,38,24,40,31,36,31,37,33,49,40,39,30,44,0,38,46,27,22,45,41,30,31,40,40,44,28,32,52,46,36,27,48,40,67,41,42,43,41,38,44,38,49,38,50,0,46,11,31,37,0,34,37,33,46,33,36,23,42,43,36,39,45,41,48,0,41,42,34,39,40,35
2500,40,31,32,0,36,47,43,36,47,32,39,0,37,42,37,44,40,39,0,32,37,40,40,12,41,38,24,40,31,36,31,37,33,49,40,39,30,44,0,38,46,27,22,45,41,30,31,40,40,44,28,32,53,46,36,27,48,40,67,41,42,43,41,38,44,38,50,38,50,0,46,11,31,37,0,34,37,33,46,33,36,23,42,43,36,39,45,41,48,0,41,42,34,39,40,35
2501,40,31,32,0,36,47,43,36,47,33,39,0,37,42,37,44,40,39,0,32,37,40,40,12,41,38,24,40,31,36,31,37,33,49,40,39,30,44,0,38,46,28,22,45,41,30,31,40,40,44,28,32,53,46,36,27,48,40,67,41,42,43,41,38,44,38,50,38,50,0,46,11,31,37,0,34,37,33,46,33,36,23,42,43,36,39,45,41,48,0,41,43,34,39,40,35
2502,40,31,32,0,36,47,43,36,47,33,39,0,37,42,37,44,40,39,0,32,37,40,40,12,41,38,24,40,31,36,31,37,33,49,40,39,30,44,0,38,46,28,22,45,41,30,31,40,40,44,28,32,53,46,36,27,48,40,67,41,42,43,41,38,44,38,50,38,50,0,46,11,31,37,0,34,37,33,46,33,36,24,42,43,36,39,45,41,48,0,41,43,34,39,40,35
2503,40,31,32,0,36,47,44,36,47,33,39,0,37,42,37,44,40,39,0,32,37,40,40,12,41,38,24,40,31,36,31,37,33,49,40,39,30,45,0,38,46,28,22,45,41,30,31,40,40,44,28,32,53,46,36,27,48,40,67,41,42,44,41,38,44,38,50,38,50,0,46,11,31,37,0,34,37,34,47,33,36,24,42,43,36,39,45,41,48,0,41,43,34,39,40,35
2504,41,31,32,0,36,47,44,36,47,33,39,0,37,42,37,44,40,39,0,32,37,40,40,12,41,38,24,40,31,36,31,37,33,49,40,39,30,45,0,38,46,28,22,45,41,30,31,40,40,44,28,32,53,46,36,27,48,40,67,41,42,44,41,38,44,38,50,38,50,0,46,11,31,37,0,34,37,34,47,33,36,24,42,43,36,39,45,41,48,0,41,43,34,39,40,35
2505,41,31,32,0,36,47,44,36,47,33,39,0,37,42,37,44,40,39,0,32,37,40,40,12,41,38,24,40,31,36,31,37,33,49,40,39,30,45,0,38,46,28,22,45,41,30,31,40,40,44,28,32,53,46,36,27,48,40,67,41,42,44,41,38,44,38,50,38,50,0,46,11,31,37,0,34,37,34,47,33,36,24,42,43,36,39,45,41,48,0,41,43,34,39,40,35
2506,41,31,33,0,36,47,44,36,47,33,39,0,37,42,37,44,41,39,0,32,37,40,40,12,41,39,24,40,31,36,31,37,33,49,40,39,30,45,0,38,46,28,22,45,41,30,31,40,40,44,28,32,53,46,36,27,48,40,67,41,42,44,41,38,44,38,50,38,50,0,46,11,32,37,0,34,38,34,47,33,36,24,42,43,36,39,45,41,48,0,41,43,34,39,40,35
2507,41,31,33,0,36,47,44,36,47,33,39,0,37,42,37,44,41,39,0,32,37,40,40,12,41,39,24,40,31,36,31,37,33,49,40,39,30,45,0,38,46,28,23,45,41,31,31,40,40,44,28,32,54,46,36,27,48,40,67,41,42,44,41,38,44,38,50,38,50,0,46,11,32,37,0,34,38,34,47,33,37,24,42,43,36,39,45,41,48,0,41,43,34,39,40,35
2508,41,31,33,0,36,47,44,36,47,33,39,0,38,42,37,44,41,39,0,32,37,40,40,12,41,40,24,40,31,36,31,37,33,49,40,39,30,45,0,38,46,28,23,45,41,31,31,40,40,44,28,32,54,46,36,27,48,40,67,41,42,44,41,38,44,38,50,38,50,0,46,11,32,37,0,34,38,34,47,33,37,24,42,43,36,39,45,41,48,0,41,44,34,39,40,35
2509,41,31,33,0,36,47,44,36,47,33,39,0,38,42,37,44,41,39,0,32,37,40,40,12,41,41,24,40,31,36,31,37,33,49,40,39,30,45,0,38,46,28,23,45,41,31,31,40,40,44,28,32,54,46,36,27,48,40,67,41,42,44,41,38,44,38,50,38,50,0,46,11,32,37,0,34,38,34,47,33,37,24,42,44,36,39,45,41,48,0,41,44,34,39,40,35
2510,41,31,33,0,36,47,44,36,47,33,39,0,38,42,37,44,41,39,0,32,37,40,40,12,41,41,24,40,31,36,31,37,33,49,40,39,30,45,0,38,46,28,23,45,42,32,31,40,40,44,28,32,54,46,36,27,48,40,67,41,42,44,41,38,44,38,50,38,50,0,46,11,32,37,0,34,38,34,47,33,37,24,42,44,36,39,45,41,48,0,41,44,34,39,40,35
2511,42,31,33,0,36,47,44,36,47,34,39,0,38,42,37,44,41,39,0,32,37,40,40,12,41,41,24,40,31,36,31,37,33,49,40,39,30,45,0,38,46,28,23,45,42,32,31,40,40,44,28,32,54,46,36,27,48,40,67,41,42,44,41,38,44,38,50,38,50,0,46,12,32,37,0,34,38,34,47,33,37,24,42,44,36,39,45,41,48,0,41,44,34,39,40,35
2512,42,31,33,0,36,47,44,36,47,34,39,0,38,42,37,44,41,39,0,32,37,40,40,12,41,41,24,40,31,36,31,37,33,49,40,39,30,45,0,38,46,28,24,45,42,32,31,40,40,44,28,32,54,46,36,27,48,40,67,41,42,44,41,38,44,38,50,38,50,0,46,12,32,37,0,34,38,34,47,33,37,24,42,44,36,39,45,41,48,0,41,44,34,39,40,35
2513,42,31,33,0,36,47,44,36,47,34,39,0,38,42,37,44,41,39,0,32,37,40,40,12,41,41,24,40,31,36,31,37,33,50,40,39,30,45,0,38,46,28,24,45,42,32,31,40,40,44,28,32,54,46,36,27,48,40,67,41,42,44,41,38,44,38,50,38,50,0,46,12,32,37,0,34,38,34,47,33,37,24,42,44,36,39,45,41,48,0,41,44,34,39,40,35
2514,42,31,33,0,36,47,44,36,47,34,39,0,38,42,37,44,41,39,0,32,37,40,40,12,41,41,24,40,31,36,31,37,33,50,40,39,30,45,0,38,46,28,24,45,42,32,31,40,40,44,28,32,54,46,36,27,48,40,67,41,42,44,41,38,44,38,50,38,50,0,46,12,32,37,0,34,38,34,47,33,37,24,42,44,36,39,45,41,48,0,41,44,34,39,40,35
2515,42,31,33,0,36,47,44,36,47,34,39,0,38,42,37,44,41,39,0,32,37,40,40,12,41,41,24,40,31,36,31,37,33,50,40,40,31,45,0,38,46,28,24,45,42,32,31,41,40,44,28,32,54,46,36,27,48,40,67,41,42,44,41,38,44,38,50,38,50,0,46,12,32,37,0,34,38,34,47,33,37,24,42,44,36,39,45,41,48,0,41,44,34,39,40,35
2516,42,31,33,0,36,47,44,36,47,34,39,0,38,42,37,45,41,39,0,32,37,40,40,12,41,41,24,40,31,36,31,37,33,50,40,40,31,45,0,38,46,28,24,45,42,32,31,41,40,44,28,32,54,46,36,27,48,40,67,41,42,44,41,38,44,38,50,38,50,0,46,12,32,37,0,34,38,34,47,33,37,24,42,44,36,39,45,41,48,0,41,44,34,39,40,35
2517,43,31,33,0,36,47,44,36,47,34,39,0,38,42,37,45,41,39,0,32,37,40,40,12,41,41,24,40,31,36,31,37,33,50,40,40,31,45,0,38,46,28,24,45,42,32,31,41,40,44,28,32,54,46,36,27,48,40,67,41,42,44,41,38,44,38,50,38,50,0,46,12,32,37,0,34,38,34,47,33,38,24,42,44,36,39,45,41,48,0,42,44,34,39,40,35
2518,43,31,33,0,36,47,44,36,47,34,39,0,38,43,37,45,41,39,0,32,37,40,40,12,41,41,24,40,31,36,31,37,33,50,40,40,31,45,0,38,46,28,24,45,42,32,31,41,40,44,28,32,54,46,36,27,48,40,67,41,42,44,41,38,44,38,50,39,50,0,46,13,32,37,0,35,38,34,47,33,38,24,42,44,36,39,45,41,48,0,42,44,34,39,40,35
2519,43,31,33,0,36,47,44,36,47,34,39,0,38,43,37,45,41,39,0,32,37,40,40,12,41,41,24,40,31,36,31,37,33,50,40,40,31,45,0,38,46,28,24,45,42,32,31,41,40,44,28,32,54,46,36,27,48,40,67,42,42,44,41,38,44,38,50,39,50,0,46,13,32,37,0,35,38,34,47,33,38,24,42,44,36,39,45,41,48,0,42,44,34,39,40,35
2520,43,31,33,0,36,47,44,36,47,34,39,0,38,43,37,45,41,39,0,32,37,40,40,12,41,41,24,40,31,36,31,37,33,50,40,40,32,45,0,38,46,28,24,45,42,32,31,41,40,44,28,32,54,46,36,27,48,40,67,42,42,44,41,39,44,38,50,39,50,0,46,14,33,37,0,35,38,34,47,33,38,24,42,44,36,39,45,41,48,0,42,44,34,39,40,36
2521,43,31,33,0,36,47,44,36,47,34,39,0,38,43,37,45,41,39,0,32,37,40,40,12,41,41,24,40,31,36,31,37,33,50,41,40,32,45,0,38,46,29,24,45,42,32,32,41,40,44,28,32,54,46,36,27,48,40,67,42,42,44,41,39,44,38,50,39,50,0,47,14,34,37,0,35,39,34,47,34,38,24,42,44,36,39,45,41,48,0,42,44,34,39,40,36
2522,43,31,33,0,36,47,44,36,47,34,39,0,38,43,37,45,41,39,0,32,37,40,40,12,41,41,24,40,31,36,31,37,33,50,41,40,32,45,0,38,46,29,24,45,42,32,32,41,40,44,28,32,54,46,36,27,48,40,67,42,42,44,41,39,44,38,50,39,50,0,47,14,34,37,0,35,39,34,47,34,38,24,42,44,36,39,45,41,48,0,42,44,34,39,40,36
2523,43,31,33,0,36,47,44,36,47,34,39,0,38,43,37,45,41,39,0,32,37,40,40,12,41,41,24,40,31,36,31,37,33,50,41,40,33,45,0,38,46,29,24,45,42,32,32,41,40,44,28,32,54,46,36,27,48,40,67,42,43,44,41,39,44,38,50,39,50,0,47,14,34,37,0,35,40,34,47,34,38,24,42,44,36,39,45,41,48,0,42,44,34,39,40,36
2524,43,31,33,0,36,47,44,36,47,34,39,0,38,43,37,45,41,39,0,32,37,42,40,12,41,41,24,40,31,36,31,37,33,50,41,40,33,45,0,38,46,29,24,45,42,32,32,41,40,44,28,32,54,46,36,27,48,40,67,42,43,44,41,39,44,38,50,40,50,0,47,14,34,37,0,35,40,34,47,34,38,24,42,44,36,39,45,41,48,0,42,44,34,39,40,36
2525,43,31,34,0,36,47,44,36,47,34,39,0,38,43,37,45,41,39,0,32,37,42,40,12,41,41,24,40,31,36,31,37,33,51,41,40,34,45,0,38,46,29,24,45,42,32,32,41,40,44,28,32,54,46,36,27,48,40,67,42,43,44,41,39,44,38,50,40,50,0,47,14,34,37,0,35,40,34,47,34,38,24,42,44,36,39,45,41,48,0,42,44,34,39,40,36
2526,43,31,34,0,36,47,45,36,47,34,39,0,38,43,37,45,41,39,0,32,37,42,41,12,41,41,24,40,31,36,31,37,33,51,41,40,34,45,0,38,46,29,24,45,42,32,32,41,40,44,28,33,54,46,37,27,48,40,67,42,43,45,41,39,44,38,50,40,50,0,47,14,34,37,0,35,40,34,47,34,38,24,42,44,36,39,46,41,48,0,42,44,34,39,40,36
2527,43,31,34,0,36,47,45,36,47,34,39,0,38,43,37,45,41,39,0,32,37,42,41,12,41,41,24,40,31,36,31,37,33,51,41,40,35,45,0,38,46,30,24,45,42,32,32,41,40,44,28,33,54,46,37,27,48,40,67,42,43,45,41,39,44,38,50,40,50,0,47,15,34,38,0,35,40,34,47,34,38,24,42,44,36,39,46,41,48,0,42,44,34,39,40,36
2528,43,31,34,0,36,47,45,36,47,34,39,0,38,43,37,45,41,39,0,32,37,43,41,12,41,41,24,40,31,36,31,37,33,51,41,40,35,45,0,38,46,30,24,45,42,32,32,41,40,44,28,33,54,46,37,27,48,40,67,42,43,45,41,40,44,38,50,40,50,0,47,15,34,38,0,35,40,34,47,34,38,24,42,45,36,39,46,41,48,0,42,44,34,39,40,36
2529,43,31,34,0,36,47,45,36,47,34,39,0,38,43,37,45,41,39,0,32,37,43,41,12,41,41,24,40,31,36,31,37,33,51,41,40,35,45,0,38,46,30,24,45,42,32,32,41,40,44,28,33,54,46,37,27,48,40,67,42,43,45,41,40,44,38,50,40,50,0,47,15,34,38,0,35,40,34,47,34,39,24,42,45,36,39,46,41,48,0,42,44,35,39,40,36
2530,43,31,34,0,36,47,45,36,47,34,39,0,38,43,37,45,41,39,0,32,37,43,41,12,41,41,24,40,31,36,31,37,33,51,41,40,35,45,0,38,46,30,24,45,42,32,32,41,40,44,28,33,54,46,37,27,48,40,67,42,43,45,41,40,44,38,50,40,50,0,47,15,34,38,0,35,40,34,47,34,39,24,42,45,36,39,46,41,48,0,42,44,35,39,40,36
2531,43,31,34,0,36,47,45,36,47,34,39,0,38,43,37,45,41,39,0,32,37,43,41,12,41,41,24,40,31,36,31,37,33,51,41,40,35,45,0,39,46,30,24,45,42,32,32,41,40,44,28,33,54,46,37,27,48,40,67,42,43,45,41,40,44,38,50,40,50,0,47,15,34,38,0,35,40,34,47,34,39,24,42,45,36,39,46,41,48,0,42,44,35,39,40,37
2532,43,31,34,0,36,47,45,36,47,34,39,0,38,43,37,45,41,39,0,32,37,43,41,12,41,41,24,40,31,36,31,37,33,51,41,40,35,45,0,39,46,30,24,45,42,32,32,41,40,44,28,33,54,46,37,27,48,40,67,42,43,45,41,40,44,39,50,40,50,0,47,15,34,38,0,35,40,34,47,34,39,24,42,45,36,39,46,41,48,0,42,44,35,39,40,37
2533,43,31,34,0,36,47,45,36,47,34,39,0,38,43,37,46,41,39,0,32,37,43,41,12,41,41,24,40,31,36,31,37,33,51,41,40,35,45,0,39,46,30,24,45,42,32,32,41,40,44,28,33,54,46,39,27,48,40,67,42,43,45,41,40,44,39,51,40,50,0,47,15,34,38,0,35,40,34,47,35,39,24,42,45,36,39,46,41,48,0,42,44,35,39,40,37
2534,43,31,34,0,36,48,45,36,47,34,39,0,38,43,37,46,41,39,0,32,37,43,41,12,41,41,24,40,31,36,31,37,33,51,41,40,35,45,0,40,46,30,24,45,42,32,32,41,40,44,28,33,54,46,39,27,48,40,67,42,43,45,41,40,44,39,51,40,50,0,47,15,34,38,0,35,40,34,47,35,39,25,42,45,36,39,46,41,48,0,42,44,35,39,40,37
2535,43,31,34,0,36,48,45,36,47,34,39,0,39,43,37,46,41,39,0,32,37,43,41,12,41,41,24,40,31,36,31,37,33,51,41,40,35,45,0,40,46,30,24,45,42,32,32,41,40,44,28,33,54,46,39,27,48,40,67,43,43,45,41,40,44,39,51,40,50,0,47,15,34,38,0,35,40,34,47,35,39,25,42,45,36,39,46,41,48,0,42,44,35,39,40,37
2536,43,31,34,0,36,48,45,36,47,34,39,0,39,43,37,46,41,39,0,33,37,43,41,12,41,41,24,41,31,36,31,37,33,51,41,40,35,45,0,40,46,30,24,45,42,32,32,41,40,44,28,33,54,46,39,27,48,40,67,43,43,45,41,40,44,39,51,40,50,0,47,15,34,38,0,35,40,34,48,35,39,25,42,45,36,39,46,41,48,0,42,45,35,39,40,37
2537,43,31,34,0,36,48,45,36,47,34,39,0,39,43,37,46,41,39,0,33,37,43,41,12,41,42,24,41,31,36,31,37,33,51,41,40,35,45,0,40,46,30,24,45,42,32,32,41,40,44,28,33,54,46,39,27,48,40,67,43,43,45,41,41,44,39,51,40,50,0,47,15,34,38,0,35,40,34,48,35,39,25,42,45,36,39,46,41,48,0,42,45,35,39,40,37
2538,43,31,34,0,36,48,45,36,47,34,39,0,39,43,37,46,41,39,0,33,37,43,41,12,41,42,24,41,31,36,31,37,33,51,41,40,35,45,0,40,46,30,24,45,42,32,32,41,40,44,28,33,54,46,39,27,48,40,67,43,43,45,41,41,44,39,51,40,50,0,47,15,34,38,0,35,40,34,48,35,39,27,42,45,36,39,46,41,48,0,42,45,35,39,40,37
2539,43,31,34,0,36,48,45,36,47,34,39,0,39,43,37,46,41,39,0,33,37,43,41,12,41,42,24,41,31,36,31,37,33,51,41,40,35,45,0,40,46,30,24,45,42,32,32,41,40,44,28,33,54,46,39,27,48,40,67,43,43,45,41,41,44,39,51,40,50,0,47,15,34,38,0,35,40,34,48,35,39,27,42,45,36,39,46,41,48,0,42,45,35,39,40,37
2540,43,31,34,0,36,48,45,36,47,34,39,0,39,43,38,46,41,39,0,33,37,43,41,12,41,42,24,41,31,36,31,37,33,51,41,40,35,45,0,40,46,30,24,45,43,32,32,41,40,44,28,33,54,46,40,27,48,40,67,43,43,45,41,41,44,39,51,40,50,0,47,15,34,38,0,35,40,34,48,35,39,27,42,45,36,39,46,41,48,0,42,45,35,39,40,37
2541,43,31,34,0,36,48,45,36,47,35,39,0,39,43,38,46,41,39,0,33,38,43,41,12,41,42,25,41,31,36,31,37,33,51,41,40,35,45,0,40,46,30,24,45,44,32,32,41,40,44,28,33,54,46,40,27,48,40,67,43,43,45,41,41,44,39,51,40,50,0,47,15,34,38,0,35,40,34,48,35,39,27,42,45,36,39,46,41,48,0,42,45,35,39,40,37
2542,43,31,34,0,36,48,45,36,47,35,39,0,39,43,38,46,41,39,0,33,38,44,41,12,41,42,25,41,31,36,31,37,33,51,41,40,35,45,0,40,46,30,24,45,44,32,32,41,41,44,28,33,54,46,40,28,48,40,67,43,43,45,41,41,44,39,51,40,50,0,47,15,34,38,0,35,40,34,48,35,39,27,42,45,36,39,46,41,48,0,42,45,35,39,40,37
2543,43,31,34,0,36,48,45,36,47,35,39,0,39,43,38,46,41,39,0,33,38,44,41,12,41,42,25,41,31,36,31,37,33,51,41,40,35,45,0,40,46,30,24,45,44,32,32,41,41,44,28,33,54,46,40,28,48,40,67,43,43,45,41,41,44,39,51,40,50,0,47,15,34,38,0,35,41,34,48,35,39,27,42,45,37,39,46,41,48,0,42,45,35,39,40,37
2544,43,31,34,0,36,48,45,36,47,35,39,0,39,43,38,46,41,39,0,33,38,44,41,12,41,42,25,41,31,36,32,37,33,51,41,40,35,45,0,40,46,30,24,45,44,32,32,41,41,44,28,33,54,46,40,28,48,40,67,43,43,45,41,41,44,39,51,40,50,0,47,15,34,38,0,35,41,34,48,35,39,27,42,45,37,39,46,41,48,0,42,45,35,39,40,37
2545,43,31,34,0,36,48,45,36,47,35,39,0,39,43,39,46,41,39,0,33,38,44,41,12,41,42,25,41,31,36,32,37,33,51,42,40,35,45,0,40,46,30,24,45,44,32,32,41,41,44,28,33,54,46,40,28,48,40,67,43,43,45,41,41,44,39,51,40,50,0,47,15,34,38,0,35,41,34,48,35,39,27,42,45,37,39,46,41,49,0,42,45,35,39,40,37
2546,43,31,34,0,36,48,45,36,47,35,39,0,39,43,39,46,41,39,0,33,38,44,41,12,41,42,25,41,31,36,32,37,33,51,42,40,35,45,0,40,46,30,24,45,44,32,32,41,41,44,28,33,54,46,40,28,48,40,67,43,43,45,41,41,44,39,51,40,50,0,47,15,34,38,0,35,41,34,48,35,39,27,42,45,37,39,46,41,49,0,42,45,35,39,40,37
2547,43,31,35,0,36,48,45,36,47,35,39,0,39,43,39,46,41,39,0,33,39,44,41,12,41,42,25,41,31,36,32,37,33,51,42,40,35,45,0,40,46,30,24,45,44,32,32,41,41,44,28,33,54,46,40,28,48,40,67,43,43,45,41,41,44,39,51,40,50,0,47,15,34,38,0,35,41,34,48,35,39,27,42,45,37,39,46,41,49,0,42,46,35,39,40,37
2548,43,31,35,0,36,48,45,36,47,35,39,0,39,43,39,46,41,39,0,33,39,44,41,12,41,42,26,42,32,36,32,37,33,51,42,40,35,45,0,40,46,30,24,45,44,32,32,41,41,44,28,33,54,46,40,28,48,41,67,43,43,45,41,41,44,39,51,40,50,0,47,15,34,38,0,35,41,34,48,35,39,27,42,45,37,39,46,41,49,0,42,46,35,39,40,37
2549,43,31,35,0,36,48,45,36,47,35,39,0,39,43,39,46,41,39,0,33,39,44,41,12,41,42,26,42,32,36,32,37,33,51,42,40,35,45,0,40,46,30,24,45,45,32,33,41,41,44,28,33,54,46,40,29,48,41,67,43,43,46,42,41,44,39,51,40,50,0,47,15,34,38,0,35,41,34,48,35,39,27,42,46,37,39,46,42,49,0,42,46,35,39,40,37
2550,43,31,35,0,36,48,45,36,47,35,39,0,39,43,39,46,41,39,0,33,39,44,41,12,41,42,26,42,32,36,33,37,33,51,42,40,35,45,0,40,46,30,24,45,45,32,33,41,41,44,29,33,54,46,40,29,48,41,67,43,43,46,42,41,44,39,51,40,50,0,47,15,34,39,0,35,41,34,48,35,39,27,42,46,37,39,46,42,49,0,42,46,35,39,40,37
2551,43,31,35,0,36,48,45,36,47,35,39,0,39,44,39,46,41,39,0,33,39,44,41,12,41,42,26,42,32,36,33,37,33,51,42,40,35,45,0,40,46,30,24,45,45,32,33,41,41,44,29,33,54,46,40,29,48,41,67,43,43,46,42,41,44,39,51,40,50,0,47,15,34,39,0,35,41,34,48,35,39,27,42,46,37,39,46,42,49,0,42,47,35,39,41,37
2552,43,31,35,0,36,48,45,37,47,35,39,0,39,44,39,46,41,39,0,33,39,44,41,12,41,42,26,42,32,36,33,37,33,51,42,40,35,45,0,40,46,30,24,45,45,32,33,41,41,44,29,33,54,46,40,29,48,41,67,43,43,46,42,41,44,39,51,40,50,0,47,15,34,39,0,35,41,34,48,35,39,27,42,46,37,39,46,42,49,0,42,47,35,39,41,37
2553,43,31,35,0,36,48,45,37,47,35,39,0,39,44,39,46,41,39,0,33,39,44,41,12,41,42,26,42,32,36,33,38,33,51,42,40,35,45,0,40,46,30,24,45,45,32,33,41,41,44,29,33,54,46,40,29,48,41,67,43,43,46,42,41,44,39,51,40,50,0,47,15,34,39,0,35,41,34,48,35,39,27,42,46,37,39,46,42,49,0,42,47,35,39,41,37
2554,43,31,35,0,36,49,45,37,47,35,39,0,39,44,39,46,41,39,0,33,39,44,41,12,41,43,26,42,32,36,33,38,33,51,42,40,36,45,0,40,46,30,24,45,45,32,33,41,41,44,29,33,54,46,40,29,48,41,67,43,43,46,42,41,44,39,51,40,50,0,47,15,34,39,0,35,41,34,48,35,39,27,42,46,38,39,46,42,49,0,42,47,35,39,41,37
2555,43,31,35,0,36,49,45,38,47,35,39,0,39,44,39,46,41,39,0,33,39,44,41,12,41,43,26,42,32,36,33,38,33,51,42,40,36,45,0,40,46,30,24,45,45,32,33,41,41,44,29,33,54,46,40,30,48,41,67,43,43,46,42,41,44,40,51,40,50,0,47,16,34,39,0,35,41,34,48,35,39,27,42,46,38,39,46,42,49,0,42,47,35,39,41,37
2556,43,31,35,0,36,49,45,38,48,35,39,0,39,44,39,46,41,39,0,33,39,44,41,12,41,43,26,42,32,36,33,38,33,51,42,40,36,45,0,40,46,30,24,45,45,32,33,41,41,44,29,33,54,46,40,30,48,41,67,43,43,46,42,41,44,40,51,40,50,0,47,16,34,39,0,35,41,34,48,35,39,27,42,46,38,39,46,42,49,0,42,47,35,39,41,37
2557,43,32,35,0,36,49,45,38,48,35,39,0,39,44,39,46,41,39,0,33,39,44,41,12,41,43,26,42,32,36,33,38,33,51,42,40,36,45,0,40,46,30,24,45,45,32,33,41,41,44,29,33,54,46,40,30,48,41,67,43,43,46,42,41,44,40,51,40,50,0,47,16,34,39,0,35,41,34,48,35,40,27,42,46,38,39,46,42,49,0,42,47,35,39,41,37
2558,43,32,35,0,36,49,45,38,48,35,39,0,39,44,39,46,41,39,0,33,39,44,41,12,41,43,26,42,32,36,33,38,33,51,43,40,36,45,0,40,46,30,24,45,45,32,33,41,41,44,29,33,54,46,40,30,48,41,67,43,43,46,42,41,44,40,51,41,50,0,47,16,34,39,0,35,41,34,48,35,40,27,42,46,38,39,46,42,49,0,42,47,35,39,41,37
2559,43,32,35,0,36,49,45,38,48,35,39,0,39,44,39,46,41,39,0,33,39,44,41,12,41,43,26,42,32,36,33,38,33,51,43,40,36,45,0,40,46,30,24,45,45,32,33,41,41,44,29,33,54,46,40,30,48,41,67,43,43,46,42,41,44,40,51,41,50,0,47,16,34,39,0,35,41,34,48,35,40,27,42,46,38,39,46,42,49,0,42,47,35,39,41,37
2560,43,32,35,0,36,49,45,38,48,35,39,0,39,44,39,46,41,39,0,33,39,44,41,12,41,43,26,42,32,36,33,38,33,51,43,40,37,45,0,40,46,30,24,45,45,32,33,41,41,44,29,33,54,46,40,30,48,41,67,43,43,46,42,41,44,40,51,41,50,0,47,16,34,39,0,35,41,34,48,35,40,27,42,46,38,39,46,42,49,0,42,47,35,39,41,37
2561,43,32,35,0,36,49,45,38,48,35,39,0,39,44,39,47,41,39,0,33,39,44,41,12,41,43,26,42,32,36,33,38,33,51,43,40,37,45,0,40,46,30,24,45,45,33,33,41,41,44,29,33,54,46,40,30,48,41,67,43,44,46,43,41,44,40,51,41,50,0,47,16,34,39,0,35,41,34,48,35,40,27,42,46,38,39,46,42,49,0,42,47,35,39,41,37
2562,43,32,35,0,36,49,45,38,48,35,39,0,39,44,39,47,41,39,0,33,39,44,41,12,41,43,26,42,32,36,33,38,33,51,43,40,37,45,0,40,46,30,24,45,45,33,33,41,41,44,29,33,54,46,40,30,48,41,67,43,44,46,43,41,44,40,51,41,50,0,47,16,34,39,0,35,41,34,49,35,40,27,42,46,38,39,46,42,49,0,42,47,35,39,41,37
2563,43,32,35,0,36,49,45,38,48,35,39,0,39,44,39,47,41,39,0,33,39,44,41,12,41,43,26,42,32,36,34,38,33,51,43,40,37,45,0,40,46,30,24,45,45,33,33,41,41,44,29,33,54,46,40,30,48,41,67,43,44,46,43,41,44,40,51,41,50,0,48,16,34,39,0,35,41,34,49,35,40,27,42,46,38,40,46,42,49,0,42,47,35,39,41,37
2564,43,32,35,0,36,49,45,38,48,35,39,0,39,44,39,47,41,39,0,33,39,44,41,12,41,43,27,42,32,36,34,38,33,51,43,40,37,45,0,40,46,30,24,45,45,33,33,41,41,44,29,34,54,46,41,30,48,41,67,43,44,46,43,41,44,40,51,41,50,0,48,16,34,39,0,35,41,34,49,35,40,27,42,46,38,40,46,42,49,0,42,47,35,39,41,37
2565,43,32,35,0,36,49,45,38,48,35,39,0,39,44,39,47,41,39,0,33,39,44,41,12,41,43,27,42,32,36,34,38,33,51,43,40,37,45,0,40,46,30,24,45,45,33,33,41,41,44,29,34,54,46,42,30,48,41,67,43,44,46,43,41,44,40,51,41,50,0,48,16,34,40,0,35,41,34,49,35,40,27,42,46,38,40,46,42,49,0,42,47,35,40,41,37
2566,43,32,35,0,36,49,45,38,48,35,39,0,39,44,39,47,41,39,0,33,39,44,41,12,41,43,27,42,32,36,34,38,33,51,43,40,37,45,0,40,46,30,24,45,45,33,33,41,41,44,29,34,54,46,42,30,48,41,67,43,44,46,43,41,44,40,51,41,50,0,48,16,34,40,0,35,41,34,49,35,40,27,42,46,38,40,46,42,49,0,42,47,35,40,41,37
2567,43,32,35,0,36,49,45,38,48,35,39,0,39,44,39,47,41,39,0,33,39,44,41,12,41,43,27,42,32,36,34,38,33,51,43,40,37,45,0,40,46,31,24,45,45,33,33,41,41,44,29,34,54,46,42,30,48,41,67,43,44,46,43,41,44,40,51,41,50,0,48,16,34,40,0,35,41,34,49,35,40,27,42,46,38,40,46,42,49,0,42,47,35,40,41,37
2568,43,32,35,0,36,49,45,38,48,35,39,0,39,44,39,47,41,39,0,33,39,44,41,12,41,43,27,42,32,36,34,38,33,51,43,40,37,45,0,40,46,31,24,45,45,33,33,41,41,44,29,34,54,46,42,30,48,41,67,43,44,46,43,41,44,40,51,41,50,0,48,16,34,40,0,35,41,34,49,35,40,27,42,46,38,40,46,42,49,0,42,47,35,40,41,38
2569,43,32,35,0,36,49,45,38,48,35,39,0,39,44,39,47,41,39,0,33,39,44,41,12,41,43,27,42,32,36,34,38,33,51,43,40,37,45,0,40,46,31,24,45,45,33,33,41,41,44,29,34,54,46,42,30,48,41,67,43,44,46,43,41,44,40,51,41,50,0,48,16,34,40,0,35,41,34,49,36,40,27,42,46,38,40,46,42,49,0,42,47,35,40,41,38
2570,43,32,35,0,36,49,45,38,48,35,39,0,39,44,39,47,41,39,0,33,39,44,42,12,42,43,27,42,32,36,34,38,33,51,43,40,37,45,0,40,46,31,24,45,46,33,33,41,41,44,29,34,54,46,42,30,48,41,67,43,44,46,43,41,44,40,51,41,50,0,48,16,34,41,0,35,41,34,50,36,40,27,42,46,38,40,46,42,49,0,42,47,35,40,41,38
2571,43,32,35,0,36,49,45,38,48,35,39,0,39,44,39,47,41,39,0,33,39,44,42,12,42,43,27,42,32,36,34,38,33,51,43,40,37,45,0,40,47,31,24,45,46,33,33,41,41,44,29,34,54,46,42,30,48,41,67,43,44,46,43,41,44,40,51,41,50,0,48,16,34,41,0,35,41,34,50,36,40,27,42,46,38,40,46,42,49,0,42,47,35,40,41,38
2572,43,32,35,0,36,49,45,38,48,35,39,0,39,44,39,47,41,39,0,33,39,44,42,12,42,43,27,42,32,36,35,38,33,51,43,40,37,45,0,40,47,31,24,45,46,33,33,41,41,44,29,34,54,46,42,30,48,41,67,43,44,46,43,41,44,40,51,41,50,0,48,16,34,41,0,35,41,34,50,36,40,27,42,46,38,40,46,42,49,0,42,47,35,40,41,38
2573,43,32,35,0,36,49,45,38,48,35,39,0,39,44,39,47,41,39,0,33,39,44,43,12,42,43,27,42,32,36,35,38,33,51,43,40,37,45,0,40,47,31,24,45,47,33,33,41,41,44,29,34,54,46,42,30,48,41,67,43,44,46,43,41,44,40,51,41,50,0,49,16,34,41,0,35,41,34,50,36,40,27,42,48,38,40,46,42,49,0,42,47,35,40,41,38
2574,43,32,35,0,36,49,45,38,48,35,39,0,39,44,39,47,41,39,0,33,39,44,43,12,42,43,27,42,32,36,35,38,33,51,43,40,37,45,0,40,47,31,24,45,47,33,33,41,41,44,29,34,54,46,42,30,48,41,67,43,44,46,43,41,44,40,51,41,50,0,49,16,35,41,0,35,41,34,50,36,40,27,42,48,38,40,46,42,49,0,42,47,35,40,41,38
2575,43,32,35,0,36,49,45,38,48,35,39,0,39,44,39,47,41,39,0,33,39,44,43,12,42,43,27,42,32,36,35,38,33,51,43,40,37,45,0,40,47,31,24,45,47,33,33,41,41,44,29,34,54,46,42,30,48,41,67,43,44,46,43,41,44,40,51,41,50,0,49,16,35,41,0,35,41,34,50,36,40,27,42,48,38,40,46,42,49,0,42,47,35,40,41,38
2576,43,32,35,0,36,49,45,38,48,35,39,0,39,44,39,47,41,39,0,33,39,44,43,12,42,43,27,42,32,36,36,38,33,51,43,40,37,45,0,40,47,31,24,45,47,33,33,41,41,44,29,34,54,46,42,30,48,41,67,43,44,46,43,41,44,40,51,41,50,0,49,16,35,41,0,35,41,34,50,36,40,27,42,48,38,40,46,42,49,0,42,47,35,40,41,38
2577,43,32,35,0,36,49,45,38,48,35,39,0,39,44,39,47,41,39,0,33,39,44,43,12,42,43,28,42,32,36,36,38,33,51,44,40,37,45,0,40,47,31,24,45,47,33,33,41,41,44,29,34,54,46,42,30,48,41,67,43,44,46,43,41,44,40,51,41,50,0,49,16,35,41,0,35,41,34,50,36,40,27,42,48,38,40,46,42,49,0,42,47,35,40,41,38
2578,43,32,35,0,36,49,45,38,48,35,39,0,39,44,39,47,41,39,0,33,39,44,43,12,42,43,28,42,32,36,36,38,33,51,44,40,37,45,0,40,47,31,24,45,47,33,33,41,41,44,29,34,54,46,42,30,48,41,67,43,44,46,43,41,44,40,51,41,50,0,49,16,35,41,0,35,41,34,50,36,40,27,42,48,38,40,46,42,49,0,42,47,35,40,41,38
2579,43,32,35,0,36,49,45,38,48,35,40,0,39,44,39,48,41,39,0,33,39,44,43,12,42,43,28,42,32,36,36,38,33,51,44,40,37,45,0,40,47,31,24,45,47,33,33,41,41,44,29,34,54,46,42,30,48,41,67,43,44,46,43,41,44,40,51,41,50,0,49,16,35,41,0,36,41,34,50,36,40,28,42,48,38,40,46,42,49,0,42,47,35,40,41,38
2580,43,32,35,0,36,49,45,38,48,35,40,0,39,44,39,48,41,39,0,33,39,44,43,12,42,43,28,42,32,36,36,38,33,51,44,40,37,45,0,40,47,31,24,45,47,33,33,41,41,44,29,34,54,46,42,30,48,42,67,43,44,46,43,41,44,40,51,41,50,0,49,16,35,41,0,36,41,34,50,36,40,28,42,48,38,40,46,42,49,0,42,47,35,40,41,38
2581,43,32,35,0,36,49,45,38,48,35,40,0,39,44,39,48,41,39,0,33,39,44,43,12,42,43,28,42,32,36,36,38,33,51,44,40,37,45,0,40,47,31,24,45,47,33,33,41,41,44,29,34,54,46,42,30,48,42,67,43,44,46,43,41,44,40,51,41,50,0,49,16,35,41,0,36,41,34,50,36,40,28,42,48,38,40,46,42,49,0,42,47,35,40,41,38
2582,43,32,35,0,36,49,45,38,48,35,40,0,39,44,39,48,41,39,0,33,39,44,43,12,42,43,28,42,32,36,36,38,33,51,44,40,37,45,0,40,47,31,24,45,47,33,33,41,41,44,29,34,54,46,42,30,48,42,67,43,44,46,43,41,44,40,51,41,50,0,49,16,35,41,0,36,41,34,50,36,40,28,42,49,38,40,46,42,49,0,42,47,35,40,41,39
2583,43,32,35,0,36,49,45,38,48,35,40,0,39,44,40,48,41,39,0,33,39,44,43,12,42,43,29,42,32,36,36,38,33,51,44,40,37,45,0,40,47,31,24,45,47,33,33,41,41,44,29,34,54,46,42,30,48,42,67,43,44,46,43,41,44,40,51,41,50,0,49,16,35,41,0,36,41,34,50,36,40,28,42,49,38,40,46,42,49,0,42,47,35,40,41,39
2584,43,32,35,0,36,49,45,38,48,35,40,0,40,44,40,48,41,39,0,33,39,44,43,12,42,43,29,42,32,36,36,38,33,51,44,40,37,45,0,40,48,31,24,45,47,34,33,41,41,44,29,34,54,46,42,30,48,42,67,43,44,46,43,41,44,40,51,41,50,0,49,16,35,41,0,36,41,34,50,36,40,28,42,49,38,40,46,42,49,0,42,47,35,40,41,39
2585,43,32,35,0,36,49,45,38,48,35,40,0,40,44,40,48,41,39,0,33,39,44,43,12,42,43,29,42,32,36,36,38,33,51,44,40,37,45,0,40,48,31,24,45,47,34,33,41,41,44,29,34,54,46,42,30,48,42,67,44,44,46,43,41,44,40,51,41,50,0,49,16,35,41,0,36,41,34,50,36,40,28,42,49,38,40,46,42,49,0,42,47,35,40,41,39
2586,43,32,35,0,36,49,45,38,48,35,40,0,40,44,40,48,41,39,0,33,39,44,43,13,42,43,29,42,32,36,36,38,33,51,44,40,37,45,0,40,48,32,24,45,47,34,33,41,41,44,29,34,54,46,42,30,48,42,67,44,44,46,43,41,44,40,51,41,50,0,49,16,35,42,0,36,41,34,50,36,40,28,42,49,38,40,46,42,49,0,42,47,35,40,41,39
2587,43,32,35,0,36,49,45,38,48,35,40,0,40,44,40,48,41,39,0,33,39,44,43,13,42,43,29,42,32,36,36,38,33,51,44,40,37,45,0,40,48,32,24,45,47,34,33,41,41,44,29,34,54,46,42,30,48,42,67,44,44,46,43,41,44,40,51,41,50,0,49,16,35,42,0,36,41,34,50,36,40,28,42,49,38,40,46,42,49,0,42,47,35,40,41,39
2588,43,33,35,0,36,49,45,38,49,35,40,0,40,44,40,48,41,39,0,33,39,44,43,13,42,43,29,42,32,36,36,38,33,51,44,40,37,45,0,40,48,32,24,45,47,34,33,41,41,44,29,34,54,46,42,30,48,42,67,44,44,46,43,41,44,40,51,41,50,0,49,16,35,42,0,36,41,34,50,36,40,29,42,49,38,41,46,42,49,0,42,48,35,40,41,39
2589,44,33,35,0,36,49,45,38,49,35,40,0,40,44,40,48,41,39,0,33,39,44,43,13,42,43,29,42,32,36,36,38,33,51,44,40,37,45,0,40,48,32,24,45,47,34,33,41,41,44,29,34,54,46,42,30,48,42,67,44,44,46,43,41,44,40,51,42,50,0,49,16,35,42,0,36,41,34,50,36,40,30,42,49,38,41,46,42,49,0,42,48,35,40,41,39
2590,44,33,35,0,36,49,45,39,49,35,40,0,40,44,40,48,41,39,0,33,39,44,43,13,42,43,29,42,32,36,36,38,33,51,44,40,37,45,0,40,48,32,24,45,47,34,33,41,41,44,29,34,54,46,42,30,48,42,68,44,44,46,43,41,44,40,52,42,50,0,49,16,35,42,0,36,41,34,50,36,40,30,42,49,38,41,46,42,49,0,42,48,35,40,41,39
2591,44,33,35,0,36,49,45,39,49,35,40,0,40,44,40,48,41,39,0,33,39,44,43,13,42,43,29,42,32,36,36,38,33,51,44,40,37,45,0,40,48,32,24,46,47,34,33,41,41,44,29,34,54,46,42,30,48,42,68,44,44,46,43,41,44,40,52,42,50,0,49,17,35,42,0,36,42,34,50,36,40,30,42,49,38,41,46,42,49,0,42,48,35,40,41,39
2592,44,33,35,0,36,49,45,39,49,35,40,0,40,44,40,48,42,39,0,33,39,44,43,13,42,43,30,42,32,36,36,38,33,51,44,40,37,45,0,40,48,32,25,46,47,34,33,41,41,44,29,34,54,46,42,30,48,42,68,44,44,46,43,41,44,40,52,42,50,0,49,17,35,42,0,36,42,34,50,36,41,30,42,49,38,41,46,42,49,0,42,48,35,40,41,39
2593,44,33,35,0,36,49,45,39,49,35,40,0,40,44,40,48,42,39,0,33,39,44,43,13,42,43,30,42,32,36,36,38,33,51,44,40,37,45,0,40,48,32,25,46,47,34,33,41,41,44,29,34,54,46,42,30,48,42,68,44,44,46,43,41,44,40,52,42,50,0,49,17,35,42,0,36,42,34,50,36,42,31,42,49,38,41,46,42,49,0,42,48,35,40,41,39
2594,44,33,35,0,36,49,45,39,49,35,40,0,40,44,40,48,42,39,0,33,39,44,43,13,42,43,30,42,32,36,36,38,33,51,44,40,37,45,0,40,48,32,25,46,47,34,33,41,41,44,29,34,54,46,42,30,48,43,68,44,44,46,43,41,44,40,52,42,50,0,49,18,35,42,0,36,42,34,50,36,42,31,42,49,38,41,46,42,49,0,42,48,35,40,41,39
2595,44,33,35,0,36,49,45,40,49,35,40,0,41,44,40,48,42,39,0,33,39,44,44,13,42,43,30,42,32,36,36,38,33,51,44,40,37,45,0,40,48,32,25,46,47,34,33,41,42,44,29,34,55,46,42,30,48,43,68,44,44,46,43,41,44,40,52,43,50,0,49,18,35,42,0,36,42,34,50,36,42,31,42,49,38,41,46,42,49,0,42,48,35,40,41,39
2596,44,33,35,0,36,49,45,40,49,35,40,0,41,44,40,48,42,39,0,33,39,44,44,13,42,43,30,42,32,36,36,38,33,51,44,40,37,45,0,40,48,32,25,46,47,34,33,41,42,45,30,34,55,46,42,31,48,43,68,44,44,46,43,41,44,40,52,43,50,0,49,18,35,42,0,36,42,34,50,36,42,31,42,49,38,41,46,42,49,0,42,48,35,40,41,39
2597,44,33,35,0,36,49,45,40,49,35,40,0,41,44,40,48,42,39,0,33,39,45,44,13,42,43,30,42,32,36,36,38,33,51,44,40,37,45,0,40,48,32,25,46,47,34,33,41,42,45,30,34,55,46,42,31,48,43,68,44,44,46,43,41,44,40,52,43,50,0,49,19,35,42,0,36,42,34,50,36,42,31,42,49,38,42,46,42,49,0,42,48,35,40,41,39
2598,44,33,35,0,36,49,45,40,49,35,40,0,41,44,40,48,42,39,0,33,39,45,44,13,42,43,30,42,32,36,36,39,33,51,44,41,37,45,0,40,48,32,25,46,47,34,33,41,42,45,30,34,55,46,42,31,48,43,68,44,44,46,43,41,44,40,52,43,50,0,49,19,35,42,0,36,42,34,50,36,42,31,42,49,38,42,46,42,49,0,42,48,35,40,41,39
2599,44,33,35,0,36,49,45,40,49,35,40,0,41,44,40,48,43,39,0,33,39,45,44,13,42,43,30,42,32,36,36,39,33,51,44,41,37,45,0,40,48,32,25,46,47,34,33,41,42,45,30,34,55,46,42,31,48,43,68,44,44,46,43,41,44,40,52,43,50,0,49,19,35,42,0,36,42,34,50,36,42,31,42,50,38,42,46,42,49,0,42,48,35,40,41,39
2600,44,33,35,0,36,49,45,40,49,35,40,0,41,44,40,48,43,39,0,33,39,45,44,13,42,43,30,42,32,36,37,39,33,51,44,41,37,45,0,40,48,32,25,46,47,34,33,41,42,45,30,34,55,46,42,31,48,43,68,44,44,47,43,41,44,40,52,43,50,0,49,19,35,42,0,36,42,34,50,36,42,31,42,50,38,42,46,42,49,0,42,48,35,40,41,39
2601,44,33,35,0,36,49,45,40,49,35,40,0,41,44,40,48,43,39,0,33,40,45,44,13,42,43,31,42,32,36,37,39,33,51,44,41,37,45,0,40,48,32,25,46,47,34,33,41,42,45,30,34,55,46,42,31,48,43,68,44,44,47,43,41,44,40,52,43,50,0,49,19,35,43,0,36,42,34,50,36,43,33,42,50,38,42,46,42,49,0,42,48,35,40,41,39
2602,44,33,35,0,36,49,45,40,49,35,40,0,41,44,40,49,43,39,0,33,40,45,44,13,42,43,31,42,32,36,37,39,33,51,44,41,37,45,0,40,48,32,25,46,48,35,33,41,42,45,30,34,55,46,42,31,48,43,68,44,45,47,43,41,44,40,52,43,50,0,49,19,35,43,0,36,42,34,50,36,43,33,42,50,38,43,46,42,49,0,42,48,35,40,41,39
2603,44,33,35,0,36,49,45,40,49,35,40,0,41,44,40,49,43,39,0,33,40,45,44,13,42,43,31,42,32,36,37,39,33,51,44,41,37,46,0,40,48,32,25,46,48,35,33,41,42,45,30,34,55,46,42,31,48,43,68,44,45,47,43,41,44,40,52,43,50,0,49,19,35,43,0,36,42,34,50,36,43,33,42,50,38,43,46,42,49,0,43,48,35,40,41,39
2604,44,33,35,0,36,49,45,40,49,35,40,0,41,44,40,49,43,39,0,33,40,45,44,13,42,43,31,42,32,36,37,39,33,51,44,41,37,46,0,40,48,32,26,46,48,35,33,41,42,45,30,34,55,46,42,31,48,43,68,44,45,47,43,41,44,40,52,43,50,0,49,19,35,43,0,36,42,34,50,36,43,33,42,50,38,43,46,42,49,0,43,48,35,40,41,39
2605,44,33,35,0,36,49,45,40,49,35,40,0,41,44,40,49,43,39,0,33,40,45,44,13,42,43,31,42,32,36,37,39,33,51,44,41,37,46,0,41,48,32,26,46,48,35,33,41,42,45,30,34,55,46,42,31,48,43,68,44,45,47,43,41,44,40,52,43,50,0,49,19,35,43,0,36,42,34,50,36,43,33,42,50,38,43,46,42,49,0,43,48,35,40,41,39
2606,44,33,35,0,36,49,45,40,49,35,40,0,41,44,40,49,43,39,0,33,40,45,44,13,42,43,31,42,32,36,37,39,33,51,44,41,37,46,0,41,49,32,26,47,48,35,33,41,42,45,30,34,55,46,42,31,48,43,68,44,45,47,43,41,44,40,52,43,50,0,49,19,35,43,0,36,42,34,50,36,43,33,42,51,38,43,46,42,49,0,43,48,35,40,41,39
2607,44,33,35,0,37,49,45,40,49,35,40,0,41,44,40,49,43,39,0,33,40,45,44,13,42,43,31,42,32,36,37,39,33,51,44,41,37,46,0,41,49,32,26,47,48,35,33,41,42,45,30,34,55,46,42,31,48,43,68,44,45,47,43,41,44,40,52,43,50,0,49,19,35,43,0,36,42,34,50,36,43,33,42,51,38,43,46,42,49,0,43,48,35,40,41,39
2608,44,33,35,0,37,49,45,40,49,36,40,0,41,44,40,49,43,39,0,33,40,45,44,13,42,43,31,42,32,36,37,40,33,51,44,41,38,46,0,41,49,32,26,47,48,35,33,41,42,45,30,34,55,46,42,32,48,43,68,44,45,47,43,41,44,40,52,43,50,0,49,19,35,43,0,36,42,34,50,36,43,33,42,51,38,43,46,42,49,0,43,48,35,40,41,39
2609,44,33,35,0,37,49,45,40,49,36,40,0,41,44,41,49,43,39,0,33,40,45,44,13,42,43,31,42,33,36,37,40,33,51,44,41,38,46,0,41,49,32,27,47,49,35,33,41,42,45,30,34,55,46,42,32,48,43,68,44,45,47,43,41,44,40,52,43,50,0,49,19,35,43,0,36,42,34,50,36,43,33,42,51,38,43,46,42,49,0,43,48,36,40,41,39
2610,44,34,35,0,37,49,46,40,49,36,40,0,41,44,41,49,43,39,0,33,40,45,44,13,42,43,31,42,34,36,37,40,33,51,44,41,38,46,0,41,49,32,27,47,49,35,33,41,42,45,30,34,55,46,42,32,48,43,68,44,45,47,43,42,44,40,52,43,50,0,49,19,35,43,0,36,42,34,50,36,43,33,42,51,38,43,46,42,49,0,43,49,36,40,41,39
2611,44,34,35,0,37,49,46,40,49,36,40,0,41,44,41,49,43,39,0,33,40,45,44,13,42,43,31,42,34,36,37,40,33,51,44,41,38,46,0,41,49,32,27,47,49,35,33,41,42,45,30,34,55,46,42,32,48,43,68,44,45,47,43,42,44,41,52,43,50,0,49,19,35,43,0,36,42,34,50,36,43,33,42,52,38,43,46,42,49,0,43,49,36,40,41,39
2612,44,34,35,0,37,49,46,40,50,36,40,0,41,44,41,49,44,39,0,33,40,45,44,13,42,43,31,43,34,36,37,40,33,51,44,41,38,46,0,41,49,32,27,47,49,35,33,41,42,45,30,34,55,46,42,32,48,43,68,44,45,47,43,42,44,41,52,43,50,0,49,19,35,43,0,36,42,34,50,36,43,33,42,52,38,43,46,42,49,0,43,49,36,40,42,39
2613,44,34,35,0,37,49,46,40,50,36,40,0,41,44,41,49,44,39,0,33,40,45,44,13,42,43,31,43,34,36,37,40,33,51,44,41,38,46,0,41,49,32,27,47,49,35,33,41,42,45,30,34,55,46,42,32,48,43,68,44,45,47,43,42,44,41,52,43,50,0,49,19,35,43,0,36,42,34,50,36,43,33,43,52,38,43,46,42,49,0,43,49,36,40,42,39
2614,44,34,35,0,37,49,46,40,50,36,40,0,41,44,41,49,44,39,0,33,40,45,44,13,42,43,31,43,34,36,37,40,33,51,44,41,38,46,0,41,49,32,27,47,50,35,33,41,42,45,30,34,55,46,42,32,48,43,68,45,45,47,43,42,44,41,52,43,50,0,49,19,35,43,0,36,42,34,50,36,43,33,43,52,38,43,46,42,49,0,43,49,36,40,42,39
2615,44,34,35,0,37,49,46,40,50,36,40,0,41,44,41,49,44,39,0,33,40,45,44,14,42,43,31,43,34,36,37,40,33,51,44,41,38,46,0,41,49,32,27,47,50,35,33,41,42,45,30,34,55,46,42,32,48,43,68,45,45,47,43,42,44,41,52,43,50,0,49,19,35,43,0,36,42,34,50,36,43,33,43,52,38,43,46,42,49,0,43,49,36,40,42,39
2616,44,34,35,0,37,49,46,40,50,36,40,0,41,44,41,49,44,39,0,33,40,45,44,14,42,43,31,43,34,36,37,40,33,51,44,41,38,46,0,41,49,33,27,47,50,35,33,41,42,45,30,34,55,46,42,32,48,43,68,45,45,47,43,42,44,41,52,43,51,0,49,19,35,43,0,36,42,34,50,36,43,33,43,52,38,43,46,42,49,0,43,49,36,40,42,39
2617,44,34,35,0,37,49,46,40,50,36,40,0,41,44,41,49,44,39,0,33,40,45,44,14,42,43,31,43,34,36,37,40,33,51,44,41,38,46,0,41,49,33,27,47,50,35,33,42,42,45,30,34,55,46,42,32,48,43,68,45,45,47,43,42,44,41,52,43,51,0,49,19,35,43,0,36,42,34,50,36,43,33,43,52,38,43,46,42,49,0,43,49,36,40,42,39
2618,44,34,35,0,37,49,46,40,50,36,40,0,41,44,41,49,44,39,0,33,41,45,44,14,42,43,31,43,34,36,37,40,33,51,44,41,38,46,0,41,49,33,27,48,50,35,33,42,42,45,30,34,55,46,42,32,48,43,68,45,45,47,43,42,44,41,52,43,51,0,49,19,35,43,0,36,42,34,50,36,43,33,43,52,38,43,46,42,49,0,43,49,36,40,42,39
2619,44,34,35,0,37,49,46,40,50,36,40,0,41,44,41,49,44,39,0,33,41,45,44,14,42,43,31,43,34,36,37,40,33,51,44,41,38,46,0,41,49,33,27,48,50,35,33,42,42,45,30,34,55,46,42,32,48,43,68,45,45,47,43,42,44,41,52,43,51,0,49,19,35,43,0,36,42,34,50,36,43,33,43,52,38,43,46,42,49,0,43,49,36,41,42,39
2620,44,34,35,0,37,49,46,40,50,36,40,0,41,44,41,49,44,39,0,33,41,45,44,14,42,43,31,43,34,36,37,40,33,51,44,41,38,46,0,41,49,33,27,48,50,35,34,42,42,45,30,34,55,46,42,32,48,43,68,45,45,47,43,42,44,41,52,43,51,0,50,19,35,43,0,36,42,34,50,36,43,34,43,52,38,43,46,42,49,0,43,49,36,41,42,39
2621,44,34,35,0,37,49,46,40,50,36,40,0,41,44,41,49,44,39,0,33,41,45,44,14,42,43,31,43,34,36,37,40,33,51,44,41,38,47,0,41,49,33,27,48,50,35,34,42,42,45,30,34,55,46,42,32,48,43,68,45,45,47,43,42,44,41,52,43,51,0,50,19,35,43,0,37,42,34,50,36,43,34,43,52,38,43,46,42,49,0,43,49,36,41,42,39
2622,44,34,35,0,37,49,46,40,50,36,40,0,41,44,41,49,44,39,0,33,41,45,44,14,42,43,31,43,34,36,37,40,33,51,44,41,38,47,0,41,49,34,27,48,50,35,34,42,42,45,30,34,55,46,42,32,48,43,68,45,45,47,43,42,44,41,52,43,51,0,50,19,35,43,0,37,42,34,50,36,43,34,43,52,38,43,46,42,49,0,43,49,36,41,42,39
2623,44,34,35,0,37,49,46,40,50,36,40,0,41,44,41,49,44,39,0,33,41,45,44,14,42,43,31,43,34,36,37,40,33,51,44,41,38,47,0,41,49,34,27,48,50,35,34,42,42,45,30,34,55,46,42,32,48,43,68,45,45,47,43,42,44,41,52,43,51,0,50,19,35,43,0,37,42,34,50,36,43,34,43,52,38,43,46,42,49,0,43,49,36,41,42,39
2624,44,34,35,0,37,49,46,40,50,36,40,0,41,44,41,49,44,39,0,33,41,45,44,14,42,43,31,43,34,36,37,40,33,51,44,41,38,47,0,41,49,34,28,48,50,35,34,42,42,45,30,34,55,46,42,32,48,43,68,45,45,47,43,42,44,41,52,43,51,0,50,19,35,43,0,37,42,34,50,36,43,34,43,52,38,43,46,42,49,0,43,49,36,41,42,39
2625,44,34,35,0,37,49,46,40,50,36,41,0,41,44,41,49,44,39,0,33,41,45,44,15,42,43,31,43,34,36,37,40,33,51,45,41,38,47,0,41,49,34,28,48,50,35,34,42,42,45,30,34,55,46,42,32,48,43,68,45,45,47,43,42,44,42,52,43,51,0,50,19,35,43,0,37,42,34,50,36,43,34,43,52,38,43,46,42,49,0,43,49,36,41,42,39
2626,44,34,35,0,37,49,46,40,50,36,41,0,41,44,41,49,44,39,0,33,41,46,44,15,43,43,31,43,34,36,38,40,33,51,45,41,38,47,0,41,49,34,29,48,50,35,34,42,42,45,30,34,55,46,42,32,48,43,68,45,45,47,43,42,44,42,52,43,51,0,50,19,35,43,0,37,42,34,50,36,43,34,43,52,38,43,46,42,49,0,43,49,36,41,42,39
2627,44,34,35,0,37,49,46,40,50,36,41,0,41,44,41,49,44,39,0,33,41,46,44,15,43,43,31,43,34,36,38,40,33,51,45,41,38,47,0,41,49,34,29,48,50,35,35,42,42,46,30,34,55,46,42,32,48,43,68,45,45,47,43,42,44,42,52,43,51,0,50,19,35,43,0,37,42,34,50,36,43,34,43,52,38,43,46,42,49,0,43,49,36,41,42,39
2628,44,34,35,0,37,49,46,40,50,36,41,0,41,44,41,49,44,39,0,33,41,46,44,15,43,43,31,43,34,36,38,40,33,51,45,42,38,47,0,41,49,34,29,48,50,35,35,42,42,46,30,34,55,46,42,32,48,43,68,45,45,47,43,42,44,42,52,43,51,0,50,19,35,43,0,37,42,34,50,36,43,34,43,52,38,43,46,42,49,0,43,49,36,41,42,39
2629,44,34,35,0,37,49,46,40,50,36,41,0,41,44,41,49,44,39,0,33,41,46,44,15,43,43,31,43,34,36,38,40,33,51,45,42,38,47,0,41,49,34,29,48,50,35,35,42,42,46,30,34,55,46,42,33,48,43,68,45,45,47,43,42,44,42,52,43,51,0,50,19,35,43,0,37,42,34,50,36,43,35,43,52,38,43,46,42,49,0,43,49,36,41,42,39
2630,44,34,35,0,37,49,46,40,50,36,41,0,41,44,41,49,44,39,0,33,41,46,44,15,43,43,31,43,34,36,38,40,33,51,45,42,38,47,0,41,49,34,29,48,50,35,35,42,42,46,30,34,55,46,42,33,48,43,69,45,45,47,43,42,44,42,52,43,51,0,50,19,35,43,0,37,42,34,50,36,43,35,43,52,38,43,46,42,49,0,43,49,36,41,42,39
2631,44,34,35,0,37,49,46,40,50,36,41,0,41,44,41,49,44,39,0,33,41,46,44,16,43,43,31,43,34,36,38,40,33,51,45,42,38,47,0,41,49,34,29,48,50,35,35,42,42,46,30,34,55,46,42,33,48,43,69,45,45,47,43,42,44,42,52,43,51,0,50,19,35,43,0,37,42,34,50,36,43,35,43,52,38,43,46,42,49,0,43,49,36,41,42,39
2632,44,34,35,0,37,49,46,40,50,36,41,0,41,44,41,49,44,39,0,33,41,46,44,16,43,43,31,43,34,36,38,40,33,51,45,42,38,47,0,41,49,34,29,48,50,35,35,42,42,46,30,34,55,46,42,33,48,43,69,45,45,47,43,42,44,42,52,43,51,0,50,19,35,43,0,37,42,34,50,36,43,35,43,52,38,43,46,42,49,0,43,49,36,41,42,39
2633,44,34,35,0,37,49,47,40,50,36,41,0,41,44,41,49,44,39,0,33,41,46,44,16,43,43,31,43,34,36,38,40,33,51,45,43,38,47,0,41,49,34,29,48,50,35,36,42,42,46,30,34,55,46,42,33,48,43,69,45,45,47,43,42,45,42,52,43,51,0,50,19,35,43,0,37,42,34,50,36,43,35,43,52,38,43,46,42,49,0,43,49,36,41,42,39
2634,44,34,35,0,37,49,47,40,50,36,41,0,41,44,41,49,44,39,0,33,41,46,44,16,43,43,31,43,34,36,38,40,33,51,45,43,38,47,0,41,49,34,29,48,50,35,36,42,42,46,30,34,55,46,42,33,48,43,69,45,45,47,43,42,45,42,52,43,51,0,50,19,36,43,0,37,42,34,50,36,43,35,43,52,38,43,46,42,49,0,43,49,36,41,42,39
2635,44,34,35,0,37,49,47,40,50,36,41,0,41,44,41,49,44,39,0,33,41,46,44,16,43,43,31,43,34,36,38,40,33,51,45,43,38,47,0,41,49,34,29,48,50,35,36,42,42,46,30,34,55,46,42,33,48,43,69,45,45,47,43,42,45,42,52,43,51,0,50,19,36,43,0,37,42,34,50,36,43,35,43,52,38,43,46,42,49,0,43,49,36,41,42,39
2636,44,34,35,0,37,49,47,40,50,36,41,0,41,44,41,49,44,39,0,33,41,46,44,16,43,43,32,43,34,36,38,40,33,51,45,43,38,47,0,41,49,34,29,48,50,35,36,42,42,47,30,34,55,46,42,33,48,43,69,45,45,47,43,42,45,43,52,43,51,0,50,19,36,43,0,37,42,34,50,36,43,36,43,52,38,43,46,42,49,0,43,49,36,41,42,39
2637,44,34,35,0,37,49,47,40,50,36,41,0,41,44,41,49,44,39,0,33,42,46,44,16,43,43,32,43,34,36,38,40,33,51,45,43,39,47,0,41,49,34,29,48,50,35,36,42,42,47,30,34,55,46,42,33,48,43,69,45,46,47,43,42,45,43,52,43,51,0,50,19,36,43,0,37,42,34,50,36,43,36,43,52,38,43,46,42,49,0,43,49,36,41,43,39
2638,44,34,35,0,37,49,47,40,50,36,41,0,41,44,41,49,44,39,0,33,42,46,44,16,43,43,32,43,34,36,38,40,33,51,45,43,39,47,0,41,49,34,29,48,50,35,36,42,42,47,30,34,55,46,42,33,48,43,69,45,46,47,43,42,45,44,52,43,51,0,50,19,36,43,0,37,42,35,50,36,43,36,43,52,38,43,46,42,49,0,44,49,36,41,43,39
2639,44,34,35,0,37,49,47,40,50,36,41,0,41,44,41,49,44,39,0,33,42,46,44,16,43,43,32,43,34,36,38,40,33,51,45,43,39,47,0,41,49,34,29,48,50,35,36,42,42,47,30,34,55,46,42,33,48,43,69,45,46,47,43,42,45,44,52,43,51,0,50,19,36,43,0,37,42,35,50,36,43,36,43,52,38,43,46,42,49,0,44,49,36,41,43,39
2640,44,34,35,0,37,49,47,40,50,36,41,0,41,44,41,49,44,39,0,33,42,46,44,16,43,43,32,43,34,36,38,40,33,51,45,43,39,47,0,41,49,34,29,48,50,35,36,42,42,47,30,34,55,46,42,33,48,43,69,45,46,47,43,42,45,44,52,43,51,0,50,19,36,43,0,37,42,35,50,36,43,36,43,52,38,43,46,42,49,0,44,49,36,41,43,39
2641,44,34,35,0,37,49,47,40,50,36,41,0,41,44,41,49,44,39,0,33,42,46,44,16,44,43,32,43,34,36,38,40,33,51,45,43,39,47,0,41,50,34,29,48,50,35,36,42,42,47,30,34,55,47,42,33,48,43,69,45,46,47,43,42,45,45,52,43,51,0,50,19,36,43,0,37,42,35,50,36,43,36,43,52,38,44,46,42,49,0,44,49,36,41,43,39
2642,44,34,35,0,37,49,47,40,50,36,41,0,41,44,41,49,44,39,0,33,42,46,44,16,44,43,32,43,34,36,38,40,33,51,45,43,39,47,0,41,50,34,29,48,50,35,36,42,42,47,30,34,55,47,42,33,49,43,69,45,46,47,43,42,45,45,52,43,51,0,50,19,36,43,0,37,42,35,50,36,43,36,43,52,38,44,46,42,49,0,44,49,36,41,43,39
2643,44,34,35,0,37,49,47,40,50,36,41,0,41,44,41,49,44,39,0,33,42,46,44,16,44,43,32,43,34,36,38,40,33,51,45,43,39,47,0,41,50,34,29,48,50,35,36,42,42,47,30,34,55,47,42,33,49,43,69,45,46,47,43,42,45,45,52,43,51,0,50,19,36,43,0,37,42,35,50,36,43,36,43,52,38,44,46,43,49,0,44,49,36,41,43,39
2644,44,34,35,0,37,49,47,40,50,36,41,0,41,44,41,49,44,39,0,33,42,46,44,16,44,43,32,43,34,36,38,40,33,51,45,43,39,47,0,41,50,34,30,48,50,35,36,42,42,47,30,34,55,47,42,33,49,43,69,45,46,47,43,42,45,45,52,43,51,0,50,19,36,43,0,37,42,35,50,36,43,36,43,52,38,44,46,43,49,0,44,49,36,41,43,39
2645,44,34,35,0,37,49,47,40,50,36,41,0,41,44,41,49,44,39,0,33,42,46,44,16,44,43,32,43,34,36,38,40,33,51,45,43,39,48,0,41,50,34,30,48,50,35,36,42,42,47,30,34,55,47,42,33,49,43,69,45,46,47,43,42,45,46,52,43,51,0,50,19,36,43,0,37,42,35,50,36,43,36,43,53,38,44,46,43,49,0,44,49,36,41,43,39
2646,44,34,35,0,37,49,47,40,50,36,41,0,41,44,41,49,44,39,0,33,42,46,44,16,44,43,32,43,34,36,38,40,33,51,45,43,39,48,0,41,50,34,30,48,50,35,36,42,42,47,30,34,55,47,43,33,49,43,69,45,46,47,43,42,45,46,52,43,51,0,50,19,38,43,0,37,42,35,50,36,43,36,43,53,38,44,46,43,49,0,44,49,36,41,43,39
2647,44,34,35,0,37,49,47,40,50,36,41,0,41,44,41,49,44,39,0,34,42,46,44,16,44,43,32,43,34,36,38,40,33,51,45,43,39,48,0,41,50,34,30,48,50,35,36,42,42,47,30,34,55,47,43,33,49,43,69,45,46,47,43,42,45,46,52,43,51,0,50,19,39,43,0,37,43,35,50,36,43,36,43,53,38,45,46,43,49,0,44,49,36,41,43,39
2648,44,34,35,0,37,49,47,40,50,36,41,0,41,44,41,49,44,39,0,34,42,46,44,16,44,43,32,43,34,36,38,40,33,51,45,43,39,48,0,41,50,34,30,48,50,35,36,42,42,47,30,34,55,47,43,33,49,43,69,45,46,47,43,42,45,46,52,43,51,0,50,19,39,43,0,37,43,35,50,36,43,36,43,53,39,45,46,43,49,0,45,49,37,41,43,39
2649,44,34,35,0,38,49,47,40,50,36,41,0,41,44,41,49,44,39,0,34,42,46,44,16,44,43,32,43,34,36,38,40,33,51,46,43,39,48,0,41,50,34,30,48,50,35,36,43,42,47,30,34,56,47,43,33,49,43,69,45,46,47,43,42,45,46,52,43,51,0,50,19,39,43,0,37,43,35,50,36,43,36,43,53,39,45,46,43,49,0,45,49,37,41,43,39
2650,44,34,35,0,38,49,47,40,50,36,41,0,41,44,41,49,44,39,0,34,42,46,44,17,44,44,32,43,34,36,38,40,33,51,46,43,40,48,0,41,50,34,30,48,50,35,36,43,42,47,30,34,56,47,43,33,49,43,69,45,46,47,43,42,45,46,52,43,51,0,50,19,39,43,0,37,43,35,50,36,43,36,44,53,39,45,46,43,49,0,45,49,37,41,43,39
2651,44,34,35,0,38,49,47,41,50,36,41,0,41,44,41,49,44,39,0,35,42,46,45,17,44,44,32,43,34,36,38,40,33,51,46,43,41,48,0,41,50,34,30,48,51,35,36,43,42,47,30,34,56,47,43,33,49,43,69,45,46,47,43,42,45,46,52,43,51,0,50,19,39,43,0,37,43,35,50,36,43,36,44,53,39,45,46,43,50,0,45,49,37,41,43,39
2652,44,34,35,0,38,49,47,41,50,36,41,0,42,44,41,49,44,39,0,35,42,46,45,17,44,44,32,43,34,36,38,40,33,51,46,43,41,48,0,41,50,34,31,48,51,35,37,43,42,47,30,34,57,47,43,33,49,43,69,45,46,47,43,42,45,46,52,43,51,0,50,19,39,43,0,37,43,35,50,37,43,36,44,53,39,45,46,43,50,0,45,49,37,41,43,39
2653,44,34,35,0,38,49,47,41,50,36,41,0,42,44,41,49,44,39,0,35,42,46,45,17,44,44,32,43,34,36,38,40,33,51,46,43,41,48,0,41,51,34,32,48,51,35,37,43,42,47,30,34,57,47,43,33,49,43,69,46,46,47,43,43,45,46,52,43,51,0,50,19,39,43,0,37,43,35,50,37,43,36,45,53,39,45,46,43,50,0,45,49,37,41,43,39
2654,44,34,35,0,38,49,47,41,50,36,41,0,42,44,41,49,44,39,0,35,42,46,45,17,44,45,32,43,34,36,38,40,33,51,46,43,41,48,0,41,51,34,32,48,51,35,37,43,42,47,30,34,57,47,43,33,49,43,69,46,46,47,43,43,45,46,52,43,51,0,50,19,39,43,0,37,43,35,50,37,43,36,45,53,39,45,46,43,50,0,45,49,37,41,43,39
2655,45,34,35,0,38,49,47,41,50,36,41,0,42,44,41,49,44,39,0,35,42,46,45,17,44,45,32,43,34,36,38,40,33,51,46,43,41,48,0,41,51,35,32,48,51,35,37,43,42,47,30,34,57,47,43,33,49,43,69,46,46,47,43,43,45,46,52,43,51,0,50,19,39,43,0,37,43,35,50,37,43,36,45,53,39,45,46,43,50,0,45,49,38,41,43,39
2656,45,34,35,0,38,49,47,41,50,36,41,0,42,44,41,49,44,39,0,35,42,46,46,17,44,45,32,43,34,36,38,41,33,51,46,43,41,48,0,41,51,35,32,48,51,35,37,43,42,47,30,34,57,47,43,33,49,43,69,46,46,47,43,43,45,46,52,43,51,0,50,19,39,43,0,37,43,35,50,37,43,36,45,53,39,45,46,43,50,0,45,49,38,41,43,39
2657,45,34,35,0,38,49,47,41,50,36,41,0,42,44,41,49,44,39,0,35,42,46,46,17,44,45,32,43,34,36,38,41,33,51,46,43,41,49,0,41,51,35,32,48,51,35,37,43,42,47,30,34,57,47,43,33,49,43,69,46,46,47,43,43,45,46,52,43,51,0,50,19,39,43,0,37,43,35,50,37,43,36,45,53,39,45,46,43,50,0,45,49,38,41,43,40
2658,45,34,35,0,38,49,47,41,50,36,41,0,42,44,42,49,44,39,0,35,42,46,46,17,44,45,32,43,34,36,38,41,33,51,46,43,41,50,0,41,51,35,32,48,51,35,37,43,42,47,30,34,57,47,43,33,49,43,69,46,46,47,43,43,45,46,52,43,51,0,50,19,39,43,0,37,43,35,50,37,43,36,45,53,39,45,46,43,50,0,45,49,38,41,43,40
2659,45,34,35,0,38,49,47,41,50,36,41,0,42,44,42,49,44,39,0,35,42,46,47,17,44,45,32,43,34,36,38,41,33,51,47,43,41,50,0,41,51,35,32,48,51,35,37,43,42,47,30,34,57,47,43,33,49,43,69,46,46,47,43,43,45,46,52,43,51,0,50,19,39,43,0,37,43,35,50,37,43,36,45,53,39,45,46,43,50,0,45,49,38,41,43,40
2660,45,34,35,0,38,49,47,41,50,36,41,0,42,44,42,49,44,39,0,35,42,46,47,17,44,45,32,43,34,36,38,41,33,51,47,43,41,50,0,41,51,35,32,48,51,35,37,43,42,47,30,34,57,47,43,33,49,43,69,46,46,47,43,43,45,46,52,43,51,0,50,19,39,43,0,37,43,35,50,37,43,36,45,53,39,45,46,43,50,0,45,49,38,41,43,40
2661,45,34,35,0,38,49,47,41,50,36,41,0,42,44,42,49,44,39,0,35,42,46,47,17,44,45,32,43,34,36,38,41,33,51,47,43,41,50,0,41,51,35,32,48,51,35,37,43,42,47,30,34,57,47,43,33,49,43,69,46,46,47,43,43,45,46,52,43,51,0,50,19,39,43,0,37,43,35,50,37,43,36,45,53,39,45,46,43,50,0,45,49,38,41,43,40
2662,45,34,35,0,38,49,47,41,50,36,41,0,42,44,42,49,44,39,0,35,42,46,47,17,44,45,32,43,34,36,38,41,33,51,47,43,41,51,0,41,51,35,32,48,51,35,37,43,42,47,30,34,57,47,43,33,49,43,69,46,46,47,43,43,45,46,52,43,51,0,50,19,40,43,0,37,43,35,50,37,43,36,45,53,39,45,46,43,50,0,45,49,38,41,43,40
2663,45,34,35,0,38,50,47,41,50,36,41,0,42,44,42,49,44,39,0,35,42,46,47,17,44,45,32,43,34,36,38,41,33,51,47,43,41,51,0,41,51,35,32,48,51,35,37,43,42,47,30,34,57,47,43,33,49,43,69,46,46,47,43,43,45,46,52,43,51,0,50,19,40,43,0,37,43,35,50,37,43,36,45,53,39,45,46,43,50,0,45,49,38,41,43,40
2664,45,34,35,0,38,50,47,41,50,36,41,0,42,44,42,49,44,39,0,35,42,46,47,17,44,45,33,44,34,36,38,41,33,51,47,43,41,51,0,41,51,35,32,48,51,35,37,43,42,47,30,34,57,47,43,33,49,43,69,46,46,47,43,43,45,46,52,43,51,0,50,19,40,43,0,37,43,35,50,37,43,36,45,53,39,45,46,43,50,0,45,49,38,41,43,40
2665,45,34,35,0,38,50,47,41,50,36,41,0,42,44,42,49,44,39,0,35,42,46,47,17,44,45,33,44,34,36,38,41,33,51,47,43,41,51,0,41,51,35,32,48,51,35,37,43,42,47,30,34,57,47,43,33,49,43,69,46,46,47,43,43,45,46,52,43,51,0,50,19,40,43,0,37,43,35,50,37,43,36,45,53,39,45,46,43,50,0,45,49,38,41,44,40
2666,45,34,35,0,38,50,47,41,50,36,41,0,42,44,42,49,44,39,0,35,42,46,47,17,44,45,33,44,34,36,38,41,33,51,47,43,41,51,0,41,51,35,32,48,51,35,37,43,42,47,30,34,57,47,43,33,49,43,69,46,46,47,43,43,45,46,52,43,51,0,51,19,40,43,0,37,43,35,50,37,43,36,45,53,39,45,46,43,50,0,45,49,38,41,44,40
2667,45,34,35,0,38,50,47,41,50,36,41,0,42,44,42,49,44,39,0,35,42,46,47,17,44,45,33,44,34,36,38,41,33,51,47,43,41,51,0,41,52,35,32,48,51,35,37,43,42,47,30,35,57,47,43,33,49,43,70,46,46,47,43,43,45,46,52,43,51,0,51,19,40,43,0,37,43,35,50,37,43,38,45,53,39,45,46,43,50,0,45,49,38,41,44,40
2668,45,34,35,0,38,50,47,41,50,36,41,0,43,44,42,49,44,39,0,35,42,46,47,17,44,45,33,44,34,36,38,41,33,51,47,43,41,51,0,41,52,35,32,48,51,35,37,43,42,47,30,35,57,47,43,33,49,43,70,46,46,47,43,43,45,47,52,43,51,0,51,19,41,43,0,37,43,35,50,37,43,38,45,53,39,45,46,43,50,0,45,49,38,41,44,40
2669,45,34,35,0,38,50,47,41,50,36,41,0,43,44,42,49,44,39,0,35,42,46,47,17,44,45,33,44,34,36,38,41,33,51,48,43,41,51,0,41,52,35,32,48,51,35,37,43,42,47,30,35,57,47,43,33,49,43,70,46,46,47,43,43,45,47,52,43,51,0,51,19,41,43,0,37,43,35,50,37,43,38,45,53,39,45,46,43,50,0,45,49,38,41,44,40
2670,45,34,35,0,38,50,47,41,50,36,41,0,43,44,42,49,44,39,0,35,42,46,47,17,44,45,33,44,34,36,38,41,33,51,48,43,41,51,0,41,52,35,32,48,51,35,37,43,42,47,30,35,58,47,43,33,49,43,70,46,46,47,43,43,45,48,52,43,51,0,51,19,41,43,0,37,43,35,50,37,43,38,45,53,39,45,46,43,50,0,45,49,39,41,44,40
2671,45,34,35,0,38,50,47,41,50,36,41,0,43,44,42,49,44,39,0,35,42,46,47,17,44,45,33,44,34,36,38,41,33,51,48,43,41,51,0,41,52,35,32,48,51,35,37,43,42,47,30,35,58,47,43,33,49,43,70,46,46,47,43,43,45,48,52,43,51,0,51,19,41,43,0,37,43,35,50,37,43,38,45,53,39,45,46,43,50,0,45,49,39,41,44,40
2672,46,34,35,0,38,50,47,41,50,36,41,0,43,44,42,49,44,39,0,35,42,47,47,17,44,45,33,44,34,36,38,41,33,51,48,43,41,51,0,41,52,35,32,48,51,35,37,43,42,47,30,35,58,47,43,33,49,43,70,46,46,47,43,43,45,48,52,43,51,0,51,19,41,43,0,37,43,35,50,37,43,38,45,53,39,45,46,43,50,0,45,49,39,41,44,40
2673,46,34,35,0,38,50,47,41,50,36,41,0,43,44,42,49,44,39,0,35,42,47,47,17,44,45,33,44,34,36,38,41,33,51,48,43,41,51,0,41,52,35,32,48,51,35,37,43,42,47,30,35,58,47,43,33,49,43,70,46,46,47,43,43,45,48,52,43,51,0,51,19,41,43,0,37,43,35,50,37,43,38,45,53,39,45,46,43,50,0,45,49,39,41,44,40
2674,46,34,35,0,38,50,47,41,50,36,41,0,43,44,42,49,44,39,0,35,42,47,47,17,44,45,33,44,34,36,38,41,33,51,48,43,41,51,0,41,52,35,32,48,51,35,37,43,42,47,30,35,58,47,43,33,49,43,70,46,46,47,43,43,45,48,52,44,51,0,51,19,41,43,0,37,43,35,50,37,43,38,45,53,39,45,46,43,50,0,45,49,39,41,44,40
2675,46,34,35,0,38,50,47,41,50,36,41,0,43,44,42,49,44,39,0,35,42,47,47,17,44,45,33,44,34,36,38,41,33,51,48,43,41,51,0,41,52,35,32,48,51,35,37,43,42,47,30,35,58,47,43,33,49,43,71,46,46,47,43,43,45,48,52,44,51,0,51,19,41,43,0,37,43,35,50,37,43,38,45,53,39,45,46,43,50,0,45,49,39,41,44,40
2676,46,34,36,0,38,50,47,41,50,36,41,0,43,44,42,49,44,39,0,35,42,47,47,17,44,45,33,44,34,36,38,41,33,51,48,43,41,51,0,41,52,35,32,48,51,35,37,43,42,47,30,35,58,47,43,33,49,43,71,46,46,47,43,43,45,48,52,44,51,0,51,19,41,43,0,37,43,35,50,37,43,38,45,53,39,45,46,43,50,0,45,49,39,41,44,40
2677,46,34,36,0,38,50,47,41,50,36,41,0,43,44,42,49,44,39,0,35,42,47,47,17,44,45,33,44,34,36,38,41,33,51,48,43,41,51,0,41,52,35,32,48,51,35,37,43,42,47,30,35,58,47,43,33,49,43,71,46,46,47,43,43,45,48,52,44,51,0,51,19,41,43,0,37,43,35,50,37,43,38,45,53,39,45,46,43,50,0,45,49,39,41,44,40
2678,46,34,36,0,38,50,47,41,50,36,41,0,43,44,42,49,44,39,0,35,42,47,47,17,44,45,33,44,34,36,38,41,33,51,48,43,41,51,0,41,52,35,32,48,51,35,37,43,42,47,30,35,58,47,43,33,49,43,71,46,46,47,43,43,45,48,52,44,51,0,51,19,41,43,0,38,43,35,50,37,43,38,45,53,39,45,46,43,50,0,45,49,39,41,44,40
2679,46,34,36,0,38,50,47,41,50,36,41,0,43,44,42,49,44,39,0,35,42,47,47,17,44,45,33,44,34,36,38,41,33,51,48,43,41,51,0,41,52,35,32,48,51,35,37,43,42,47,30,35,58,47,43,33,49,43,71,46,46,47,43,43,45,48,52,44,51,0,51,19,41,43,0,39,43,35,50,37,43,38,45,53,39,45,46,43,50,0,45,49,39,41,44,40
2680,46,34,36,0,38,51,47,41,50,36,41,0,43,44,42,50,44,39,0,35,42,47,47,17,44,45,33,44,34,36,38,41,33,51,48,43,41,51,0,41,52,35,32,48,51,35,37,43,42,47,30,35,58,47,43,33,49,43,71,46,46,47,43,43,45,48,52,44,51,0,51,19,41,43,0,39,43,35,50,37,43,38,45,53,39,45,46,43,50,0,45,49,39,41,44,40
2681,46,34,36,0,38,51,47,41,50,36,41,0,43,44,42,50,44,39,0,35,42,47,47,17,44,45,34,44,34,36,38,41,33,51,48,43,41,51,0,41,52,35,32,48,51,35,37,43,42,47,30,35,58,47,44,33,49,43,71,46,46,47,43,43,45,48,52,44,51,0,51,19,41,43,0,39,43,35,50,37,43,39,45,53,39,45,46,43,50,0,45,49,39,41,44,40
2682,46,34,36,0,38,51,47,41,50,36,41,0,43,44,42,50,44,39,0,35,42,47,47,17,44,45,34,44,34,36,38,41,33,51,48,43,41,51,0,41,52,35,32,48,52,35,37,43,42,47,30,35,58,47,44,33,49,43,71,46,46,47,43,43,45,48,52,44,51,0,51,19,41,43,0,39,43,35,50,37,43,39,45,53,39,45,46,43,50,0,45,50,39,41,44,40
2683,46,35,36,0,38,51,47,41,50,36,41,0,43,44,42,50,44,39,0,35,42,47,47,17,44,45,34,44,34,36,38,41,33,51,48,43,41,51,0,41,52,35,32,48,52,35,37,43,42,47,30,35,58,47,44,33,49,43,71,46,46,47,43,43,45,48,52,44,51,0,51,19,41,43,0,39,43,35,50,37,43,39,45,53,39,45,46,43,50,0,45,50,39,41,44,40
2684,46,35,36,0,38,51,47,41,50,36,41,0,43,44,42,50,44,39,0,35,42,47,47,17,44,45,34,44,34,36,38,41,33,51,48,43,41,51,0,41,53,35,32,48,52,35,37,43,42,47,30,35,58,47,44,33,49,43,71,46,46,47,43,43,45,48,52,44,51,0,51,19,41,43,0,39,43,35,50,37,43,39,45,53,39,45,46,44,50,0,45,50,39,41,44,40
2685,46,35,36,0,38,51,47,41,50,36,41,0,43,44,42,50,44,39,0,35,42,47,47,17,44,45,34,44,34,36,38,41,33,51,48,43,41,51,0,41,53,35,32,48,52,35,37,43,42,47,30,35,58,47,44,34,49,43,71,46,46,47,43,43,45,48,52,44,51,0,51,19,41,43,0,39,43,35,50,37,43,39,45,53,39,45,46,44,50,0,45,50,39,41,44,40
2686,46,35,36,0,38,51,47,41,50,36,41,0,43,44,42,51,44,39,0,35,42,47,47,17,44,45,34,44,34,36,38,41,33,51,48,43,41,51,0,41,53,35,32,48,52,35,38,43,42,47,30,35,59,47,44,34,49,43,71,46,46,47,43,43,45,48,52,44,51,0,51,19,41,43,0,39,43,35,50,37,43,39,45,53,39,45,46,44,50,0,45,50,39,41,44,40
2687,46,35,36,0,38,51,47,41,50,36,41,0,43,44,42,51,44,39,0,35,42,47,47,17,44,45,34,44,34,36,38,41,33,51,48,43,41,51,0,41,53,35,32,48,52,35,38,43,42,47,30,35,59,47,44,34,49,43,71,46,46,47,43,43,45,48,52,44,51,0,51,19,41,43,0,39,44,35,50,37,43,39,45,53,39,45,46,44,50,0,45,50,39,41,44,40
2688,46,35,36,0,38,51,47,41,50,36,41,0,43,44,42,51,44,39,0,35,42,47,47,17,44,45,35,44,34,36,38,41,33,51,48,43,41,51,0,41,53,35,32,48,52,35,38,43,42,47,30,35,59,47,44,34,49,43,71,46,46,47,43,43,45,48,53,44,51,0,51,19,41,43,0,39,44,35,50,37,43,39,45,53,39,45,46,44,50,0,45,50,39,41,44,40
2689,46,35,36,0,38,51,47,41,50,36,41,0,43,44,42,51,44,39,0,35,42,47,47,17,44,45,35,44,34,36,38,41,33,51,48,43,41,51,0,41,53,35,32,48,52,35,38,44,42,47,30,35,59,47,44,34,49,43,71,46,46,47,43,43,45,48,53,44,51,0,51,19,41,43,0,39,44,35,50,37,43,39,45,53,39,45,46,44,50,0,45,50,39,41,44,40
2690,46,35,36,0,38,51,47,41,50,36,41,0,43,44,42,51,44,39,0,35,42,47,47,17,44,45,35,44,34,36,38,41,33,51,48,43,41,51,0,41,53,35,32,48,52,35,38,44,42,47,30,35,59,47,44,34,49,43,71,46,46,47,43,43,45,48,53,44,51,0,51,19,41,43,0,39,44,35,50,37,43,39,45,53,39,46,46,44,50,0,45,50,39,41,44,40
2691,46,36,36,0,38,51,47,41,50,36,41,0,43,44,42,51,44,39,0,35,42,47,47,17,44,45,35,44,34,36,38,41,33,51,48,43,41,51,0,41,53,35,32,48,52,35,38,44,42,47,30,35,59,47,44,34,49,43,71,46,46,47,43,43,45,48,53,44,51,0,51,19,41,43,0,39,44,35,50,37,43,39,45,53,39,46,46,44,50,0,45,50,39,41,44,40
2692,46,36,36,0,38,51,47,41,50,36,41,0,44,44,42,51,44,39,0,35,42,47,47,17,44,45,35,44,34,36,38,41,33,51,48,43,41,51,0,41,53,35,32,48,52,35,38,44,42,47,30,35,59,47,44,34,50,43,71,46,46,47,43,43,46,48,53,44,51,0,51,19,41,43,0,39,44,35,50,37,43,39,45,53,39,46,46,44,50,0,45,50,39,41,44,40
2693,46,36,36,0,38,51,47,41,50,36,41,0,44,44,42,51,44,39,0,35,42,47,47,17,44,45,35,44,34,36,38,41,33,51,48,43,41,51,0,41,53,35,32,48,52,35,38,44,42,47,30,35,59,47,44,34,50,43,71,46,46,47,43,43,46,48,53,44,51,0,51,19,41,43,0,40,44,35,50,37,43,39,45,53,39,46,46,44,50,0,45,50,39,41,44,40
2694,46,36,36,0,38,51,47,41,50,36,41,0,44,44,42,51,44,40,0,35,42,47,47,17,44,45,36,44,34,36,38,41,33,51,48,43,41,51,0,41,53,35,32,48,52,35,38,44,42,47,30,35,60,47,44,34,50,43,71,46,46,47,43,43,46,48,53,44,51,0,51,19,41,43,0,40,44,35,51,37,43,39,45,53,39,47,46,44,50,0,45,50,39,41,44,40
2695,46,36,36,0,38,51,47,41,50,36,41,0,44,44,42,51,44,40,0,35,42,47,47,17,44,45,36,44,34,36,38,41,33,51,48,43,41,51,0,41,53,35,32,48,52,35,38,44,42,47,30,35,60,47,44,34,50,43,71,46,46,47,43,43,47,48,53,44,51,0,51,19,41,43,0,40,44,35,51,37,43,39,45,53,39,47,46,44,50,0,45,50,39,41,44,40
2696,46,36,36,0,38,51,47,41,50,36,41,0,44,44,42,51,44,40,0,35,42,47,47,17,44,45,36,44,34,36,38,41,33,51,48,43,41,51,0,41,53,35,32,48,52,35,38,44,42,47,30,35,60,47,44,34,50,43,71,46,46,47,43,43,47,48,53,44,51,0,51,19,41,43,0,41,44,35,51,37,43,39,45,53,39,47,46,44,50,0,45,50,39,41,44,40
2697,46,36,36,0,38,51,47,41,50,36,41,0,44,44,42,51,44,40,0,35,42,47,47,18,44,45,36,44,34,36,38,41,33,51,48,43,41,51,0,41,53,35,33,48,52,35,38,45,42,47,30,35,61,47,44,34,50,43,72,46,46,47,43,43,47,48,53,44,51,0,51,19,41,43,0,41,44,35,51,37,43,39,45,53,39,47,46,44,50,0,45,50,39,41,44,40
2698,46,36,36,0,38,51,47,41,50,36,41,0,44,44,42,51,44,40,0,35,42,47,47,18,44,45,36,44,34,36,38,41,33,51,48,43,41,51,0,41,53,35,33,48,52,35,38,45,42,47,30,35,61,47,44,34,50,43,72,46,46,47,43,43,47,48,53,44,51,0,51,19,41,43,0,41,44,35,51,37,43,39,45,53,39,47,46,44,50,0,45,50,39,41,44,40
2699,46,36,36,0,38,51,47,41,50,36,41,0,44,44,42,51,44,40,0,35,42,47,47,18,44,45,36,44,34,36,38,41,33,51,48,43,42,51,0,41,53,35,33,48,52,35,38,45,42,47,30,35,61,47,44,35,50,43,72,46,46,47,43,43,47,48,53,44,51,0,51,19,41,43,0,41,44,35,51,37,43,39,45,53,39,47,46,44,50,0,45,50,39,41,44,40
2700,46,36,36,0,38,51,47,41,50,36,41,0,44,44,42,51,44,40,0,35,42,47,47,18,44,45,36,44,34,36,38,41,33,51,48,43,42,51,0,41,53,35,34,48,52,35,38,45,42,47,30,35,61,47,44,35,50,43,72,46,46,47,43,43,47,48,53,44,51,0,51,19,41,43,0,41,44,35,51,37,43,39,45,53,39,47,46,44,50,0,45,50,39,41,44,40
2701,46,36,36,0,38,51,47,41,50,36,41,0,44,44,42,51,44,40,0,35,42,47,47,18,44,45,36,44,34,36,38,41,33,51,48,43,42,52,0,41,53,36,34,48,52,35,38,45,42,47,30,35,61,47,44,35,50,43,72,46,46,47,43,43,47,48,53,44,51,0,51,19,41,43,0,41,44,35,51,37,43,39,45,53,39,47,46,44,50,0,45,50,39,41,44,40
2702,46,36,36,0,38,51,47,41,50,36,41,0,44,44,42,51,44,40,0,35,43,47,47,18,44,45,36,44,34,36,38,41,33,51,48,43,42,52,0,41,53,36,34,48,52,35,38,45,42,47,30,35,61,47,44,35,50,43,72,46,46,47,43,43,47,49,53,44,51,0,51,19,41,43,0,41,44,35,51,37,43,40,45,53,39,47,46,44,50,0,45,50,39,41,44,40
2703,46,36,36,0,38,51,47,41,50,36,41,0,44,44,42,51,44,40,0,35,43,47,47,18,44,45,36,44,34,36,38,41,33,51,48,43,42,52,0,41,53,36,34,48,52,35,38,45,42,47,31,35,61,47,44,35,50,43,72,46,46,47,43,43,47,49,53,44,51,0,51,19,41,43,0,41,44,35,51,37,43,40,45,53,39,47,46,44,50,0,45,50,39,41,44,40
2704,46,36,36,0,38,51,47,41,50,36,41,0,44,44,43,51,44,40,0,35,44,47,47,19,44,45,36,44,34,36,38,41,33,51,48,43,42,52,0,41,53,36,34,48,52,35,38,45,42,47,31,35,61,47,44,35,50,43,72,46,46,47,43,43,47,49,53,44,51,0,51,19,41,43,0,41,44,35,51,37,43,40,45,53,39,47,46,44,50,0,45,50,39,41,44,40
2705,46,36,36,0,38,51,48,41,50,36,41,0,44,44,43,51,44,40,0,35,44,47,47,19,44,45,36,44,34,36,38,41,33,51,48,43,42,52,0,41,53,36,34,48,52,35,38,45,42,47,31,35,61,47,44,35,50,43,72,46,46,47,43,43,47,49,53,44,51,0,51,19,41,43,0,41,44,35,51,37,43,40,45,53,39,47,46,44,50,0,45,50,39,41,44,40
2706,46,36,36,0,38,51,48,41,50,36,41,0,44,44,43,51,44,40,0,35,44,47,47,19,44,45,36,44,34,36,38,41,33,51,48,43,42,52,0,41,53,36,34,48,52,35,38,45,42,47,31,35,61,47,44,35,50,43,72,46,46,47,43,43,47,49,53,45,51,0,51,19,41,43,0,41,44,35,51,37,43,40,45,53,39,47,46,44,50,0,45,50,39,41,44,40
2707,46,36,36,0,38,51,48,41,50,36,41,0,44,44,43,51,44,40,0,35,44,48,47,19,44,45,36,44,34,36,38,41,33,51,48,43,42,52,0,41,53,36,34,48,52,35,38,45,42,47,31,35,61,47,44,35,50,43,72,46,46,47,43,43,47,49,53,45,51,0,51,19,41,43,0,41,44,35,52,37,43,40,45,53,39,47,46,44,50,0,45,50,39,41,44,40
2708,46,36,36,0,38,51,48,41,50,36,41,0,44,44,43,51,44,40,0,35,44,48,47,19,44,45,37,44,34,36,38,41,33,51,48,43,42,52,0,41,53,36,34,48,52,35,38,45,42,47,31,35,61,47,44,35,50,43,72,46,46,47,43,43,47,50,53,45,51,0,51,19,41,43,0,41,44,35,52,37,43,40,45,53,39,47,46,44,50,0,45,50,39,41,44,40
2709,46,36,37,0,38,51,48,41,50,36,41,0,44,44,43,51,44,40,0,35,44,48,47,19,44,45,37,44,34,36,38,41,33,51,48,43,42,52,0,41,53,36,34,48,52,35,38,45,42,47,31,35,61,47,45,35,50,43,72,46,46,47,43,43,47,50,53,45,51,0,51,19,41,43,0,41,44,35,52,37,43,40,45,53,39,47,46,44,50,0,45,50,39,41,44,40
2710,46,36,37,0,38,51,48,41,50,36,41,0,44,44,43,51,44,40,0,35,44,48,47,19,44,45,37,44,34,36,38,41,34,51,48,43,42,52,0,41,53,36,35,48,52,35,38,45,42,47,31,35,61,47,45,35,50,43,72,46,46,47,44,43,47,50,53,45,52,0,51,19,41,43,0,41,44,36,52,37,43,40,45,53,39,47,46,44,50,0,45,50,39,41,44,40
2711,46,36,37,0,38,51,48,41,50,36,41,0,44,44,43,51,44,40,0,35,44,48,47,19,44,45,37,44,34,36,38,41,34,51,48,43,42,52,0,41,53,37,35,48,52,35,38,45,42,47,31,35,61,47,45,35,50,43,72,46,46,47,44,43,47,50,53,45,52,0,51,20,41,43,0,41,44,36,52,37,43,40,45,53,39,47,46,44,50,0,45,50,39,41,44,40
2712,46,36,37,0,38,51,48,41,50,36,41,0,44,44,43,51,44,40,0,35,44,48,47,19,44,45,37,44,34,36,38,41,34,51,48,43,42,52,0,41,53,37,35,48,52,35,38,45,42,47,31,35,61,47,45,35,50,43,72,46,46,47,44,44,47,50,53,45,52,0,51,20,41,43,0,41,44,36,52,37,43,40,45,53,39,47,46,44,50,0,46,50,39,41,44,40
2713,46,36,37,0,38,51,48,41,50,36,41,0,44,44,43,51,44,40,0,35,44,48,47,19,44,45,37,44,34,36,38,41,34,51,48,43,42,52,0,41,53,37,35,49,52,35,38,45,42,47,31,35,61,47,45,35,50,43,72,46,46,47,44,44,47,50,53,45,52,0,51,20,41,43,0,41,44,36,52,37,43,40,45,53,39,47,46,44,50,0,46,50,39,41,44,40
2714,46,36,37,0,38,51,48,41,50,36,41,0,44,44,43,51,44,40,0,35,44,48,47,19,44,45,37,44,34,36,38,41,34,51,48,43,42,52,0,41,53,37,35,49,52,35,38,45,42,47,31,35,61,47,45,35,50,43,72,46,46,47,44,44,47,50,53,45,52,0,51,20,41,43,0,41,44,36,52,37,43,40,45,53,39,47,46,44,50,0,47,50,39,41,44,40
2715,46,36,37,0,38,51,48,41,50,36,41,0,44,44,43,51,44,40,0,35,44,48,47,19,44,45,37,44,34,36,38,41,34,51,48,43,42,52,0,41,53,37,35,49,53,35,38,46,42,47,31,35,62,47,45,35,50,43,72,46,46,47,44,44,47,50,53,45,52,0,51,20,41,43,0,41,44,36,52,37,43,40,45,54,39,47,46,44,50,0,47,50,39,41,44,40
2716,46,36,37,0,38,51,48,41,50,36,41,0,44,44,43,51,44,40,0,35,44,48,47,19,44,45,37,44,34,36,38,41,34,51,48,43,42,52,0,41,53,37,35,49,53,35,38,46,42,47,31,35,62,47,45,35,50,43,72,46,46,47,44,44,47,50,53,45,52,0,51,20,41,43,0,41,44,36,52,37,43,40,45,54,39,47,46,44,50,0,47,50,39,41,44,40
2717,46,36,37,0,38,51,48,41,50,36,41,0,44,44,43,51,44,40,0,35,45,48,47,19,44,45,37,44,34,36,38,41,34,51,48,43,42,52,0,41,53,37,35,49,53,35,38,46,42,47,31,35,62,47,45,35,50,43,72,46,46,47,44,44,47,50,53,45,52,0,51,20,41,43,0,41,44,36,52,37,43,40,45,54,39,47,46,44,50,0,47,50,39,41,44,40
2718,46,36,37,0,38,51,48,41,50,36,41,0,44,44,43,51,44,40,0,35,45,48,47,19,44,45,37,44,34,36,38,41,34,51,48,43,42,52,0,41,53,37,35,49,53,35,38,46,42,47,31,35,62,47,45,35,50,43,72,46,46,47,44,45,47,50,53,45,52,0,51,20,41,43,0,41,44,36,52,37,43,40,45,54,39,47,46,44,50,0,47,50,39,41,44,40
2719,46,36,37,0,38,51,48,41,50,36,41,0,44,44,43,51,44,40,0,35,45,48,47,19,44,45,37,44,34,36,38,41,34,51,48,43,42,52,0,41,53,37,35,49,53,35,38,46,42,47,31,35,62,47,45,35,50,43,72,46,46,47,44,45,47,50,53,45,53,0,51,20,41,43,0,41,44,36,52,37,43,40,45,54,39,47,46,44,50,0,47,50,39,41,44,40
2720,46,36,37,0,38,51,48,41,50,36,41,0,44,44,43,51,44,40,0,35,45,48,47,19,44,45,37,44,34,36,39,41,34,51,48,43,42,52,0,41,53,37,35,49,53,35,38,46,42,47,31,35,62,47,45,35,50,43,72,46,46,47,44,45,47,50,53,46,54,0,51,20,41,43,0,41,44,36,52,37,43,40,45,54,39,47,46,44,50,0,47,50,39,41,44,40
2721,46,36,38,0,38,51,48,41,50,36,41,0,44,44,43,51,44,40,0,35,45,48,47,19,44,45,37,44,34,36,39,41,34,51,48,43,42,52,0,41,53,38,35,49,53,35,38,46,42,47,31,35,62,48,45,35,50,43,72,46,46,47,44,45,47,50,53,46,54,0,51,20,41,43,0,41,44,36,52,37,43,40,45,54,40,47,46,44,50,0,47,50,39,41,44,40
2722,46,36,38,0,38,51,48,41,50,36,41,0,44,44,43,51,44,40,0,35,45,48,47,19,44,45,37,44,34,36,39,41,34,51,48,43,42,52,0,41,53,38,35,49,53,35,38,46,42,47,31,35,62,48,45,35,50,43,72,46,46,47,44,45,47,50,53,46,54,0,51,20,41,44,0,41,44,36,52,37,43,40,45,54,40,47,46,44,50,0,47,51,39,41,44,40
2723,46,36,38,0,38,51,48,41,50,36,41,0,44,44,43,51,44,40,0,35,45,48,47,19,44,45,37,44,34,36,39,41,34,51,48,43,42,52,0,41,53,38,35,49,53,35,38,46,42,47,31,35,62,48,45,35,50,43,72,46,46,47,44,45,47,50,53,46,54,0,51,20,41,44,0,41,44,36,52,37,43,40,45,54,40,47,46,44,50,0,47,51,39,41,44,40
2724,46,36,38,0,38,51,48,41,50,36,41,0,44,44,43,51,44,40,0,35,45,49,47,20,44,45,37,44,35,36,39,41,34,51,48,43,42,52,0,41,53,38,35,49,53,35,38,46,42,47,31,35,62,48,45,35,51,43,72,46,46,47,44,45,47,50,53,46,54,0,51,20,41,44,0,41,44,36,52,37,43,40,45,55,40,47,46,44,50,0,47,51,39,41,44,40
2725,46,36,38,0,38,51,48,41,50,36,41,0,44,44,43,51,44,40,0,35,45,49,47,20,44,45,37,44,35,36,39,41,34,51,48,43,42,52,0,41,53,38,35,49,53,35,38,46,42,47,31,35,62,48,45,35,51,43,72,46,46,47,44,45,47,50,53,46,54,0,51,20,41,44,0,41,44,36,52,37,43,40,45,55,40,47,46,44,50,0,47,51,39,41,44,40
2726,46,36,38,0,38,51,48,41,50,36,41,0,44,44,43,51,44,40,0,35,45,49,47,20,44,45,37,44,35,36,39,41,34,51,48,43,42,52,0,41,53,38,35,49,53,35,38,46,42,47,31,35,62,48,45,35,51,43,72,46,46,47,44,45,47,50,53,46,54,0,51,20,41,44,0,41,44,36,52,37,43,40,45,55,40,47,46,44,50,0,47,51,39,41,44,40
2727,46,37,38,0,38,51,48,41,50,36,41,0,44,44,43,51,44,40,0,35,45,49,47,20,44,45,37,44,35,36,39,41,34,51,48,43,42,52,0,41,53,38,35,49,53,35,38,46,42,47,31,35,62,48,45,35,51,43,72,46,46,47,44,45,47,50,53,46,54,0,51,20,41,44,0,41,44,36,52,37,43,40,45,55,40,47,46,44,50,0,47,51,39,41,44,40
2728,46,37,38,0,38,51,48,41,50,36,41,0,44,44,43,51,44,40,0,35,45,49,47,20,44,45,37,44,35,36,39,41,34,51,48,43,42,52,0,41,53,38,35,49,54,35,38,46,42,47,31,35,62,48,45,35,51,43,72,46,46,47,44,45,47,50,53,46,54,0,51,20,41,44,0,41,44,36,52,37,43,40,45,55,40,47,46,44,50,0,47,51,39,41,44,40
2729,46,37,38,0,38,51,48,41,50,36,41,0,44,44,43,51,44,40,0,35,45,49,47,20,44,45,37,44,35,36,39,41,34,51,48,43,42,52,0,41,53,38,35,49,54,35,38,46,42,47,31,35,62,48,45,35,51,43,72,46,46,47,44,45,47,50,53,46,54,0,51,20,41,44,0,42,44,36,52,37,43,40,45,55,40,47,46,44,50,0,47,51,39,41,44,40
2730,46,37,38,0,38,51,48,41,50,36,41,0,44,44,43,51,44,40,0,35,45,49,47,20,44,45,37,44,35,36,39,41,34,51,48,43,42,52,0,41,53,38,35,49,54,35,38,47,42,47,31,35,62,48,45,35,51,43,72,46,46,47,44,45,47,50,53,46,54,0,51,20,41,44,0,42,44,36,52,37,43,40,45,55,40,47,46,44,50,0,47,51,39,41,44,40
2731,46,37,38,0,38,51,48,41,50,36,41,0,44,44,43,51,44,40,0,35,45,49,47,20,44,45,37,44,35,36,39,41,34,51,48,43,42,52,0,41,53,38,35,49,54,35,38,47,42,47,31,35,62,48,45,35,51,43,72,46,46,47,44,45,47,50,53,46,54,0,51,20,41,44,0,42,44,36,52,37,43,40,45,55,40,47,46,44,50,0,47,51,39,41,44,40
2732,46,37,38,0,38,51,48,41,50,36,41,0,44,44,43,51,44,40,0,35,45,49,47,20,44,45,37,44,35,36,39,41,34,51,48,43,42,52,0,41,53,38,35,49,54,35,38,48,42,47,31,35,62,48,45,35,51,43,72,46,46,47,44,45,47,50,53,46,54,0,51,20,41,44,0,42,44,36,52,37,43,40,45,55,40,47,46,44,50,0,47,51,39,41,44,40
2733,46,37,38,0,38,51,48,41,50,36,41,0,44,44,43,51,44,40,0,35,45,49,47,20,44,46,37,44,35,36,39,41,34,51,48,43,42,52,0,41,53,38,35,49,54,35,38,48,42,47,31,35,62,48,45,35,51,43,72,46,46,47,44,45,47,50,53,46,54,0,51,20,41,45,0,42,44,36,52,37,44,41,45,55,40,47,46,44,50,0,47,51,39,41,44,40
2734,46,37,38,0,38,51,48,41,50,36,41,0,44,44,43,51,44,40,0,35,45,49,47,20,44,46,37,44,35,36,39,41,34,51,48,43,42,52,0,41,53,38,35,49,54,35,38,48,42,47,31,35,62,48,45,35,51,43,72,46,46,47,44,45,47,50,53,46,54,0,51,20,41,45,0,42,44,36,52,37,44,41,45,55,40,47,46,44,50,0,47,51,39,41,44,40
2735,46,37,38,0,38,51,48,41,50,36,41,0,44,44,43,51,44,40,0,35,45,49,47,20,44,46,37,44,35,36,39,41,34,51,48,43,42,52,0,41,53,38,35,49,54,35,38,48,42,47,31,35,62,48,45,35,51,43,72,46,46,47,44,45,47,50,53,47,54,0,51,20,41,45,0,42,44,36,52,37,44,41,45,55,40,47,46,44,50,0,47,51,39,41,44,40
2736,46,37,38,0,38,51,48,41,50,36,41,0,44,44,43,51,44,40,0,35,45,49,47,20,44,46,37,44,35,36,39,41,34,51,48,43,42,52,0,41,53,39,35,49,54,35,38,48,42,47,31,35,62,48,45,35,51,43,72,46,46,47,44,45,47,50,53,47,54,0,51,20,41,45,0,42,44,36,52,37,44,41,45,55,40,47,46,44,50,0,47,51,39,41,44,40
2737,46,37,38,0,38,51,48,41,50,36,41,0,44,44,43,51,44,40,0,35,45,49,47,20,44,46,37,44,35,36,39,41,34,51,48,43,42,52,0,41,53,39,35,49,54,35,38,48,42,47,31,35,62,48,45,35,51,43,72,46,46,47,44,45,47,50,53,47,54,0,51,20,41,45,0,42,44,36,52,37,44,41,45,55,40,47,46,44,50,0,47,51,39,41,44,40
2738,46,37,38,0,38,51,48,41,50,36,41,0,44,44,43,51,44,40,0,35,45,49,47,20,44,46,37,44,35,36,39,41,34,51,48,43,42,52,0,41,53,39,35,49,54,35,38,48,42,47,31,35,62,48,45,35,51,43,72,46,46,47,44,45,47,50,53,47,54,0,51,20,41,45,0,42,44,36,52,37,44,41,45,55,40,47,46,44,50,0,47,51,39,41,44,40
2739,46,37,38,0,38,51,48,41,50,36,41,0,44,44,43,51,44,40,0,35,45,49,47,20,44,46,37,44,35,36,39,41,34,51,48,43,42,52,0,41,53,39,35,49,54,35,38,48,42,47,31,35,62,48,45,35,51,43,72,46,46,47,44,45,47,50,53,47,54,0,51,20,41,45,0,42,44,36,52,37,44,41,45,55,40,47,46,44,50,0,47,51,39,41,44,41
2740,46,37,38,0,38,51,48,41,50,36,41,0,44,44,43,51,44,40,0,35,45,49,47,20,44,46,38,44,35,36,39,41,34,51,48,43,42,52,0,41,53,39,35,49,54,35,38,48,42,47,31,35,62,48,45,35,51,43,72,46,46,47,44,45,47,50,53,48,54,0,51,20,41,45,0,42,44,36,52,37,44,41,45,55,40,47,46,44,50,0,47,51,39,41,44,41
2741,46,37,39,0,38,51,48,41,50,36,41,0,44,44,43,51,44,40,0,35,45,49,47,20,44,46,38,44,35,36,39,41,34,51,48,43,42,52,0,41,53,39,35,49,54,35,38,48,42,47,31,35,62,48,45,35,51,43,72,46,46,47,44,45,47,50,53,48,54,0,51,20,41,45,0,44,45,36,52,37,44,41,45,55,40,47,46,44,50,0,47,51,39,41,44,41
2742,46,37,39,0,38,51,48,41,50,36,41,0,44,44,43,51,44,40,0,35,45,49,47,20,44,46,38,44,35,36,39,41,34,51,48,43,42,52,0,41,53,39,35,49,54,36,38,48,42,47,31,35,62,48,45,35,51,43,72,46,46,47,44,45,47,50,53,48,54,0,51,20,41,45,0,45,45,36,52,37,44,41,45,55,40,47,46,44,50,0,47,51,39,41,44,41
2743,46,37,39,0,38,51,48,41,50,36,41,0,44,44,43,51,44,40,0,35,45,49,47,20,44,46,38,44,35,36,39,41,34,51,48,43,42,52,0,41,53,39,35,49,54,36,38,48,42,47,31,35,62,48,45,35,51,43,72,46,46,47,44,45,47,50,53,48,54,0,51,20,41,45,0,45,45,36,52,37,44,41,45,55,40,47,46,44,50,0,47,51,39,41,44,41
2744,46,37,39,0,38,51,48,41,50,36,41,0,44,44,43,51,44,40,0,35,45,49,47,20,44,46,38,44,35,36,39,41,34,51,48,43,42,52,0,41,53,39,35,49,54,36,38,48,42,47,31,35,62,48,45,35,51,43,72,46,46,47,44,45,47,50,53,48,54,0,51,20,41,45,0,45,45,36,52,37,44,41,45,55,40,47,46,44,50,0,47,51,39,41,44,41
2745,46,37,39,0,38,51,48,41,50,36,41,0,45,44,43,51,44,40,0,35,45,49,47,20,44,46,38,44,35,36,39,41,34,51,48,43,42,52,0,41,53,39,35,49,54,36,38,48,42,47,31,35,62,48,45,35,51,43,72,46,46,47,44,45,47,50,53,48,54,0,51,20,41,45,0,45,45,36,52,38,44,41,45,55,40,47,46,44,50,0,47,51,39,41,44,41
2746,46,37,39,0,38,51,48,42,50,36,41,0,45,44,43,51,44,40,0,35,45,49,47,20,44,46,38,44,35,36,39,41,34,51,48,43,42,52,0,41,53,39,35,49,54,36,38,48,42,47,31,35,62,48,45,35,51,43,72,46,46,47,44,45,47,50,53,48,54,0,51,20,41,45,0,45,45,36,52,38,44,41,45,55,40,47,46,44,50,0,47,51,39,41,44,41
2747,46,37,39,0,38,51,48,42,50,36,41,0,45,44,43,51,44,40,0,35,45,49,47,21,44,46,38,44,35,36,39,41,34,51,48,43,42,52,0,41,53,39,35,49,55,36,38,48,42,47,31,35,62,48,45,35,51,43,72,46,46,47,44,45,47,50,53,48,54,0,51,20,42,45,0,45,45,36,52,38,44,41,45,55,40,47,46,44,50,0,47,51,39,41,44,41
2748,46,37,39,0,38,51,48,42,50,36,41,0,45,44,43,52,44,40,0,35,45,49,47,21,44,46,38,44,35,36,39,41,34,51,48,43,42,52,0,41,53,39,35,49,55,36,38,48,42,47,31,35,62,48,45,35,51,43,72,46,46,47,44,45,48,50,53,48,54,0,51,20,42,45,0,45,45,36,52,38,44,41,45,55,40,47,46,45,50,0,47,51,39,41,44,41
2749,46,37,39,0,38,51,48,42,50,36,41,0,45,44,43,53,44,40,0,35,45,49,47,21,44,46,38,44,36,36,39,41,34,51,48,43,42,52,0,41,53,39,35,49,55,36,38,48,42,47,31,35,62,48,45,35,51,43,72,46,46,47,44,45,48,50,53,48,54,0,51,20,43,46,0,45,45,36,52,38,44,41,45,55,40,47,46,45,50,0,47,51,39,41,44,41
2750,46,37,39,0,38,51,48,42,50,36,41,0,45,44,43,53,44,40,0,35,45,49,47,21,44,46,38,44,36,36,39,41,34,51,48,43,42,52,0,41,53,39,35,50,55,36,38,48,42,47,31,35,62,49,45,35,51,43,72,46,46,47,44,45,48,50,53,48,54,0,51,20,43,46,0,45,45,36,52,38,44,41,45,55,40,47,46,45,50,0,47,51,39,41,44,41
2751,46,37,39,0,38,51,48,42,50,36,41,0,45,44,43,53,44,40,0,35,45,49,47,21,44,46,38,44,36,36,39,41,34,51,48,43,42,52,0,41,53,39,35,50,55,36,38,48,42,47,31,35,62,49,45,35,51,43,72,46,46,47,44,45,48,50,53,48,54,0,51,20,43,46,0,45,45,36,52,38,44,41,45,55,40,47,46,45,50,0,47,51,39,41,44,41
2752,46,37,40,0,38,51,48,42,50,36,41,0,45,44,43,53,44,40,0,35,45,49,47,21,44,46,38,44,36,36,39,41,34,51,48,43,42,52,0,41,53,39,35,50,55,36,38,48,42,47,31,35,62,49,45,35,51,43,72,46,46,47,44,45,48,50,53,48,54,0,51,20,43,46,0,45,45,36,52,38,44,41,45,55,40,47,46,45,50,0,47,51,39,41,44,41
2753,46,37,40,0,38,51,48,42,50,36,41,0,45,44,43,53,44,40,0,35,45,49,47,21,44,46,38,44,36,36,39,41,35,51,48,43,42,52,0,41,53,39,35,50,55,36,38,48,42,47,31,35,62,49,45,35,51,43,72,46,46,47,44,45,48,50,53,48,54,0,51,20,43,46,0,45,45,36,52,38,44,41,45,55,40,47,46,45,50,0,47,51,39,41,44,41
2754,46,37,40,0,38,51,48,42,50,36,41,0,45,44,43,53,44,40,0,35,45,49,47,21,44,46,38,44,36,36,39,41,35,51,48,43,42,52,0,41,53,39,35,50,55,36,38,48,42,47,31,35,62,49,45,35,51,43,72,46,47,47,44,45,48,50,53,48,54,0,51,20,43,46,0,45,45,36,52,38,44,41,45,55,40,47,46,45,50,0,47,51,39,41,44,41
2755,46,37,40,0,38,51,48,42,50,36,41,0,45,44,43,53,44,40,0,35,45,49,47,21,44,46,38,44,36,36,39,41,35,51,48,43,42,52,0,41,53,39,35,50,55,36,38,48,42,47,31,35,62,49,45,35,51,43,72,46,47,47,44,45,48,50,53,48,54,0,51,20,43,46,0,45,45,36,52,38,44,41,45,55,40,47,46,45,50,0,47,51,39,41,44,41
2756,46,37,40,0,38,51,48,42,50,36,41,0,45,44,43,53,44,40,0,35,45,49,47,21,44,46,38,44,36,36,39,41,35,51,48,43,42,52,0,41,53,39,35,50,55,36,38,48,42,47,31,35,62,49,45,35,51,43,72,46,47,47,44,45,48,50,53,48,54,0,51,20,43,46,0,45,45,36,52,38,44,41,45,55,40,47,46,45,50,0,47,51,39,41,44,41
2757,46,37,40,0,38,51,48,42,50,36,41,0,45,44,43,53,44,40,0,35,45,49,47,21,44,46,38,44,37,36,39,41,35,51,48,43,42,52,0,41,53,39,35,50,55,36,38,49,42,47,31,35,62,50,45,35,51,43,72,46,47,47,44,45,48,50,53,48,54,0,51,20,43,46,0,45,45,36,52,38,44,41,45,55,40,47,46,45,50,0,47,51,39,41,44,41
2758,46,37,40,0,38,51,48,42,50,36,41,0,45,44,43,53,44,40,0,35,45,49,47,21,44,46,38,44,37,36,39,41,35,51,48,43,43,52,0,41,53,39,35,50,55,36,38,49,42,47,31,35,62,50,45,35,51,43,72,46,47,47,44,45,48,50,53,48,54,0,51,20,43,46,0,45,45,36,52,38,44,41,45,55,40,47,46,45,50,0,47,51,39,41,44,41
2759,46,37,40,0,38,51,48,42,50,36,41,0,45,44,43,53,44,40,0,35,45,49,47,21,44,46,38,44,37,36,39,41,35,51,48,43,43,52,0,41,53,39,35,50,55,37,39,49,42,47,31,35,62,50,45,35,51,43,72,46,47,47,44,45,48,50,53,48,54,0,51,20,43,46,0,45,45,36,52,38,44,41,45,55,40,47,46,45,50,0,47,51,39,41,44,41
2760,46,37,40,0,38,51,48,42,50,36,41,0,45,44,43,53,44,40,0,35,45,49,47,21,44,46,38,44,37,36,39,41,35,51,48,43,43,52,0,41,53,39,35,50,55,37,39,49,42,47,31,35,62,50,45,35,51,43,72,46,47,47,44,45,48,50,53,48,54,0,51,20,43,46,0,45,45,36,52,38,44,41,45,55,40,47,46,45,50,0,47,51,39,41,44,41
2761,46,37,40,0,38,51,48,42,50,36,41,0,45,44,43,53,44,40,0,35,45,49,47,21,44,46,38,45,37,36,39,41,35,51,48,43,43,52,0,41,53,39,35,50,55,37,39,49,42,47,32,35,62,50,45,35,51,43,72,46,47,47,44,46,48,50,53,49,54,0,51,20,43,46,0,45,45,36,52,38,44,41,45,55,40,47,46,45,50,0,47,51,39,41,44,41
2762,46,37,40,0,38,51,48,42,50,36,41,0,45,44,43,53,44,40,0,35,45,49,47,22,44,46,39,45,37,36,39,41,35,51,48,43,43,52,0,41,53,39,35,50,55,37,39,49,42,47,32,35,62,50,45,35,51,43,72,46,47,47,44,46,48,50,53,49,54,0,51,20,43,46,0,45,45,36,52,38,44,41,45,55,40,47,46,46,50,0,47,51,39,41,44,41
2763,46,37,40,0,38,51,48,42,50,36,41,0,45,44,43,53,44,40,0,35,45,49,47,22,44,46,39,45,37,36,39,41,35,51,48,43,43,52,0,41,53,39,35,50,55,37,39,49,42,47,32,35,62,50,45,35,51,43,72,46,47,47,44,46,48,50,53,49,54,0,51,20,43,46,0,45,45,36,52,38,44,42,45,55,40,47,46,46,50,0,47,51,39,41,44,41
2764,46,37,40,0,38,52,48,42,50,36,41,0,45,44,43,53,44,40,0,35,45,49,47,22,44,46,39,45,37,36,39,41,35,51,48,43,43,52,0,41,53,39,35,50,55,37,39,49,42,47,32,35,62,50,45,35,51,43,72,46,47,47,44,46,48,50,53,49,54,0,51,20,43,46,0,45,45,36,52,38,44,42,45,55,40,47,46,46,50,0,47,51,39,41,44,41
2765,46,37,40,0,38,52,48,42,50,36,41,0,45,44,43,53,44,40,0,35,45,49,47,22,44,46,39,45,37,36,39,41,35,51,48,43,43,52,0,41,53,39,35,50,55,37,39,49,42,47,32,35,62,50,45,35,51,43,72,46,47,47,44,46,48,51,53,49,54,0,51,20,43,46,0,46,45,36,52,38,44,42,45,55,40,47,46,46,50,0,47,51,40,41,44,41
2766,46,37,40,0,38,52,48,42,50,36,41,0,45,44,43,53,44,40,0,35,45,49,47,23,44,46,39,45,37,36,39,41,35,51,48,43,43,53,0,41,53,39,35,50,55,37,39,49,42,47,32,35,62,50,45,35,51,43,72,46,47,47,44,46,48,51,53,49,54,0,51,20,43,46,0,46,45,36,52,38,44,42,45,55,40,47,46,46,50,0,47,51,40,41,44,41
2767,46,37,40,0,38,52,48,42,50,36,41,0,45,44,43,53,44,40,0,35,45,49,47,23,44,46,39,45,37,36,39,41,35,51,48,43,43,53,0,41,53,39,35,50,55,37,39,49,42,47,32,35,62,50,45,35,51,43,72,46,47,47,44,46,48,51,53,49,54,0,51,20,43,46,0,46,45,36,52,38,44,42,45,55,40,47,46,46,50,0,47,51,40,41,44,41
2768,46,37,40,0,38,52,48,42,50,36,41,0,45,45,43,53,44,40,0,35,45,49,47,23,44,46,40,45,37,36,39,41,35,51,48,43,43,53,0,41,53,39,35,50,55,37,39,49,42,47,32,35,62,50,45,35,51,43,72,46,47,47,44,46,48,51,53,49,54,0,51,20,44,46,0,46,45,36,52,38,44,42,45,55,40,47,46,46,50,0,47,52,40,41,44,41
2769,46,37,40,0,38,52,48,42,50,36,41,0,45,45,43,53,44,40,0,35,45,49,47,23,44,46,40,45,37,36,39,41,35,51,48,43,43,53,0,41,53,39,35,50,55,37,39,49,42,47,32,35,62,50,45,36,51,43,72,46,47,47,44,46,48,51,53,49,54,0,51,20,44,46,0,46,45,36,52,38,44,42,45,55,40,47,46,46,50,0,47,52,40,41,44,41
2770,46,37,40,0,38,52,48,42,50,36,41,0,45,45,43,53,44,40,0,35,45,49,47,23,44,46,40,45,37,36,39,42,35,51,48,43,43,53,0,41,53,39,35,50,55,37,39,49,42,47,32,35,62,50,45,36,51,43,72,46,47,47,44,46,48,51,53,49,54,0,51,20,44,47,0,46,45,36,52,38,44,42,45,56,40,47,46,46,50,0,47,52,40,41,44,41
2771,46,38,40,0,38,52,48,42,50,36,41,0,45,45,43,53,44,40,0,35,45,49,47,23,44,46,40,45,37,36,40,42,35,51,48,43,43,53,0,41,53,39,35,50,55,37,39,49,42,47,32,35,62,50,45,36,51,43,72,46,47,47,44,46,48,51,53,49,54,0,51,20,44,48,0,47,45,36,52,38,44,42,45,56,40,47,46,46,50,0,47,52,40,41,44,41
2772,46,38,40,0,38,52,48,42,50,36,41,0,45,45,43,53,45,40,0,35,45,49,47,23,44,46,40,45,37,36,40,42,35,51,48,43,44,53,0,41,53,39,35,50,55,37,39,49,42,47,32,35,62,50,45,36,51,43,72,46,47,47,44,46,48,51,53,49,54,0,51,20,44,48,0,47,45,36,52,38,44,42,45,56,40,47,46,46,50,0,47,52,40,41,44,41
2773,46,38,40,0,38,52,48,42,50,36,41,0,45,45,43,53,45,40,0,35,45,49,47,23,44,46,41,45,37,36,40,42,35,51,48,43,44,53,0,41,53,39,35,50,55,37,39,49,42,47,32,35,62,50,45,36,51,43,72,46,47,47,44,46,48,51,53,49,54,0,51,20,44,48,0,47,45,36,52,38,44,42,45,56,40,47,46,46,50,0,47,52,40,41,44,41
2774,46,38,40,0,38,52,48,42,50,36,41,0,45,45,43,53,45,40,0,35,45,49,47,23,44,46,41,45,37,36,40,42,35,51,48,43,45,53,0,41,53,39,35,50,55,37,39,49,42,47,32,35,62,50,45,36,51,43,72,46,47,47,44,46,48,51,53,49,54,0,51,20,44,48,0,47,45,36,52,38,44,42,45,56,40,47,46,46,50,0,47,52,40,41,44,41
2775,46,38,40,0,38,52,48,42,50,36,41,0,45,45,43,53,45,40,0,35,45,49,47,23,44,46,41,45,37,36,40,42,35,51,48,43,45,53,0,41,53,39,35,50,55,37,39,49,42,47,32,35,62,50,45,36,51,43,72,46,47,47,44,46,48,51,53,49,54,0,51,20,44,48,0,47,45,36,52,38,44,42,45,56,40,47,46,46,50,0,47,52,40,41,44,41
2776,46,38,40,0,38,52,48,42,50,36,41,0,45,45,43,53,45,40,0,35,45,49,47,23,44,46,41,45,37,36,40,42,35,51,48,43,45,53,0,41,53,39,35,50,55,37,39,49,42,47,32,35,62,50,45,36,51,43,72,46,47,47,44,46,48,51,53,49,54,0,51,21,44,48,0,47,45,36,52,38,44,42,45,56,40,48,46,46,50,0,47,52,40,41,44,41
2777,46,38,40,0,38,52,48,42,50,36,41,0,45,45,43,53,45,40,0,35,45,49,47,23,44,46,41,45,37,36,40,42,35,51,48,43,45,53,0,41,53,39,35,50,55,37,39,49,42,47,32,35,62,50,45,36,51,43,72,46,47,47,44,46,48,51,53,49,54,0,51,21,44,48,0,47,45,36,52,38,44,42,45,56,40,48,46,46,50,0,47,52,40,41,44,41
2778,46,38,40,0,38,52,48,42,50,36,41,0,45,45,43,53,45,40,0,35,45,49,47,23,45,46,41,45,37,36,40,42,35,51,48,43,45,53,0,41,53,39,35,50,55,37,39,49,42,47,32,35,62,50,45,36,51,43,72,46,47,47,44,46,48,51,53,49,54,0,52,21,44,48,0,47,45,36,52,38,44,42,45,56,40,48,46,46,50,0,47,52,40,41,44,41
2779,46,38,40,0,38,52,48,42,50,36,41,0,45,45,43,53,45,40,0,35,45,49,47,23,45,46,41,45,37,36,40,42,35,51,48,43,45,53,0,41,53,39,35,50,55,37,39,49,42,47,32,35,62,50,45,36,51,43,72,46,47,47,44,46,48,51,53,49,54,0,52,21,44,48,0,47,45,36,52,38,44,42,45,56,40,48,46,46,50,0,47,52,40,41,44,41
2780,46,38,40,0,38,52,48,42,50,36,41,0,45,46,44,53,45,40,0,35,45,49,47,23,45,46,42,45,37,36,40,42,35,51,48,43,45,53,0,41,53,39,35,50,55,37,39,49,42,47,32,35,62,50,45,36,51,43,72,46,47,47,44,46,48,51,53,49,54,0,52,21,44,48,0,47,45,36,52,38,44,42,45,56,40,48,46,46,50,0,47,52,40,41,44,41
2781,46,38,40,0,38,52,48,42,50,36,41,0,45,46,44,53,45,40,0,35,45,49,47,23,45,46,42,45,37,36,40,42,35,51,48,43,45,53,0,41,53,39,35,50,55,37,39,49,42,48,32,35,62,50,45,36,51,43,72,46,47,47,44,46,48,51,53,49,54,0,52,21,44,48,0,47,45,36,52,38,44,42,45,56,40,48,46,46,50,0,47,52,40,41,44,41
2782,47,38,40,0,38,52,48,42,50,36,41,0,45,46,44,53,45,40,0,35,45,49,47,23,45,46,42,45,37,36,40,42,35,51,48,43,45,53,0,41,53,39,35,50,55,37,39,49,42,48,32,35,62,50,45,36,51,43,72,46,48,47,44,46,48,51,53,49,54,0,52,21,44,48,0,47,45,36,52,38,44,42,45,56,40,49,46,46,50,0,47,52,40,41,44,41
2783,47,38,40,0,38,52,48,42,50,36,41,0,45,46,44,53,45,40,0,35,45,49,47,23,45,46,43,45,37,36,40,42,35,51,49,43,45,53,0,41,53,39,35,50,55,37,39,49,42,48,32,35,62,50,45,36,51,43,72,46,49,47,44,46,48,51,53,49,54,0,52,21,44,48,0,47,45,36,52,38,44,42,45,56,40,49,46,46,50,0,47,52,40,41,44,41
2784,47,38,40,0,38,52,48,42,50,36,41,0,45,46,44,53,45,40,0,35,45,49,47,23,45,46,43,45,37,36,40,42,35,51,49,43,45,53,0,41,53,39,35,50,55,37,39,49,42,48,32,35,62,50,45,36,51,43,72,46,49,47,44,46,48,51,53,49,54,0,52,21,44,48,0,47,45,36,52,38,44,42,45,56,40,49,46,46,50,0,47,52,40,41,44,41
2785,47,38,40,0,38,52,48,42,50,36,41,0,45,46,44,53,45,40,0,35,45,49,47,23,45,46,43,45,37,36,40,42,35,51,49,43,45,53,0,41,53,39,35,50,55,37,39,49,42,49,32,35,62,50,45,36,51,43,72,46,49,47,44,46,48,51,53,49,54,0,52,21,44,48,0,47,45,36,52,38,44,42,45,56,40,49,46,46,50,0,47,52,40,41,44,41
2786,47,38,40,0,38,52,48,42,50,36,41,0,45,46,44,53,45,40,0,35,45,49,47,23,45,46,43,45,37,36,40,42,35,51,49,43,45,53,0,41,53,39,35,50,55,37,39,49,42,49,32,35,62,50,45,36,51,43,72,46,49,47,44,46,48,51,53,49,54,0,52,21,44,48,0,47,45,36,52,38,44,42,45,56,40,49,46,46,50,0,47,52,40,41,44,41
2787,47,38,40,0,38,52,48,42,50,36,41,0,45,46,44,53,45,40,0,35,45,49,47,23,45,46,43,45,37,36,40,42,35,51,49,43,45,53,0,41,53,39,35,50,55,37,39,49,42,49,32,35,62,50,45,36,51,43,72,46,49,47,44,46,48,51,53,49,54,0,52,21,44,48,0,47,45,36,52,38,44,42,45,56,40,49,46,46,50,0,47,52,40,41,44,41
2788,47,38,40,0,38,52,48,42,50,36,41,0,45,46,44,53,45,40,0,35,45,49,47,23,45,46,43,45,37,36,40,42,35,51,49,43,45,53,0,41,53,39,35,50,55,37,39,49,42,49,32,35,62,50,45,36,51,43,72,46,49,47,44,46,48,51,53,49,54,0,52,21,44,48,0,47,45,36,52,38,44,42,45,56,40,49,46,46,50,0,47,52,40,41,44,41
2789,47,38,40,0,38,52,48,42,50,36,41,0,45,46,44,53,45,40,0,35,45,49,47,23,45,46,43,45,37,36,40,42,35,51,49,43,45,53,0,41,53,39,35,50,55,38,39,49,42,49,32,35,62,50,45,36,51,43,72,46,49,47,44,46,48,51,53,49,54,0,52,21,44,48,0,47,45,36,52,38,44,42,45,57,40,49,46,46,50,0,47,52,40,41,44,41
2790,47,38,40,0,38,52,48,42,50,36,41,0,45,46,44,53,45,40,0,35,45,49,47,23,45,46,43,45,37,36,40,42,35,51,49,43,45,53,0,41,53,39,35,50,55,38,39,49,42,49,32,35,62,50,45,36,51,43,72,46,49,47,44,46,48,51,53,49,54,0,52,21,44,48,0,47,45,36,52,38,44,42,45,57,40,49,46,46,50,0,47,52,40,41,44,41
2791,47,38,40,0,38,52,48,42,50,36,41,0,45,46,44,53,45,40,0,35,45,49,47,24,45,46,43,45,37,36,40,42,35,51,49,43,45,53,0,41,53,39,35,50,55,38,39,49,42,49,32,35,62,50,45,36,51,43,72,46,49,47,44,46,48,51,53,49,54,0,52,21,44,48,0,47,45,36,52,38,44,42,45,57,40,49,46,46,50,0,47,52,40,41,44,41
2792,47,38,40,0,38,52,48,42,50,36,41,0,45,46,44,53,45,40,0,35,45,49,47,24,45,46,43,45,37,36,40,42,35,51,49,43,45,53,0,41,53,39,35,50,55,38,39,49,42,49,32,35,62,50,45,37,51,43,72,46,49,47,44,46,48,51,53,49,54,0,52,21,44,48,0,47,45,36,52,38,44,42,45,57,40,50,46,46,50,0,47,52,40,41,44,42
2793,47,38,40,0,38,52,48,42,50,36,41,0,45,46,44,53,45,40,0,35,45,49,47,24,45,46,43,45,37,36,40,42,35,51,49,43,45,53,0,41,53,39,35,50,55,38,39,49,42,49,32,35,62,50,45,37,51,43,73,46,49,47,44,46,48,51,53,49,54,0,52,21,44,48,0,47,45,36,52,38,44,42,45,57,40,50,46,46,50,0,47,52,40,41,44,42
2794,47,38,40,0,38,52,48,42,50,36,41,0,46,46,44,53,45,40,0,35,45,49,47,24,45,46,43,45,37,36,40,42,35,51,49,43,45,53,0,41,53,39,35,50,55,38,39,49,42,49,32,35,62,50,45,37,51,43,73,46,49,47,44,46,48,51,53,49,54,0,52,21,44,48,0,47,45,36,52,38,44,42,45,57,40,50,46,46,50,0,47,52,40,41,44,42
2795,47,38,40,0,38,52,48,42,50,36,41,0,46,46,44,53,45,40,0,35,45,49,47,24,45,46,43,45,37,36,40,42,35,51,49,43,45,53,0,41,53,39,35,50,55,38,39,49,42,49,32,35,62,50,45,37,51,43,73,46,49,47,44,46,48,51,53,49,54,0,52,22,44,48,0,47,45,36,52,38,44,42,45,57,40,50,46,46,50,0,47,52,40,41,44,42
2796,47,38,40,0,38,52,48,42,50,36,41,0,46,46,44,53,45,40,0,35,45,49,47,24,45,46,44,45,37,36,40,42,35,51,49,43,45,53,0,41,53,39,35,50,55,38,40,49,42,49,32,35,62,50,45,37,51,43,73,46,49,48,44,46,48,51,53,49,54,0,52,22,44,48,0,47,45,36,52,38,44,42,45,57,40,50,46,46,50,0,47,52,40,41,44,42
2797,47,38,40,0,38,52,48,42,50,36,41,0,46,46,44,53,45,40,0,35,45,49,47,24,45,46,44,45,37,36,40,42,35,51,49,43,45,54,0,41,53,39,35,50,55,38,41,49,42,49,32,35,62,50,45,37,51,43,73,46,49,48,44,46,48,51,53,49,54,0,52,22,44,48,0,47,45,36,52,38,44,42,45,57,40,50,46,47,50,0,47,52,40,41,44,42
2798,47,38,41,0,38,52,48,42,50,36,41,0,46,46,44,53,45,40,0,35,45,49,47,24,45,46,44,45,37,36,40,42,35,51,49,43,45,54,0,41,53,39,35,50,55,38,41,49,42,49,32,35,62,50,45,37,51,43,73,46,49,48,44,46,48,51,53,49,54,0,52,22,44,48,0,47,45,36,52,38,44,42,45,57,40,50,46,47,50,0,47,52,40,41,44,42
2799,47,38,41,0,38,52,48,42,50,36,41,0,46,46,44,53,45,40,0,35,45,49,47,24,45,46,44,45,37,37,40,42,35,51,49,43,45,54,0,41,53,39,35,50,55,38,41,49,42,49,32,35,62,50,45,37,51,43,73,46,49,48,44,46,48,51,53,49,54,0,52,22,44,48,0,47,45,36,52,38,44,42,45,57,40,50,46,47,51,0,47,52,40,41,44,42
2800,47,38,41,0,38,52,49,42,50,36,41,0,46,46,44,53,45,40,0,35,45,49,47,24,45,46,44,45,37,37,40,42,35,51,49,43,45,54,0,41,53,39,35,50,55,38,41,49,42,49,33,35,62,50,45,37,51,43,73,46,49,48,44,46,48,51,53,49,54,0,52,22,44,48,0,47,45,36,52,38,44,42,45,57,40,50,46,47,51,0,47,52,40,41,45,42
2801,47,38,41,0,38,52,49,42,50,36,41,0,46,46,44,53,45,40,0,35,45,49,47,24,45,46,44,45,37,37,40,42,35,51,49,43,45,54,0,41,53,39,35,50,55,38,41,49,42,49,33,35,62,50,45,37,51,43,73,46,49,48,44,46,48,51,53,49,54,0,52,22,44,48,0,47,45,36,52,38,44,42,45,57,40,50,46,47,51,0,47,52,40,41,45,42
2802,47,38,41,0,38,52,49,42,50,36,41,0,46,46,44,53,45,40,0,35,45,49,47,24,45,46,44,45,37,37,40,42,35,51,49,43,45,54,0,41,53,39,35,50,55,38,41,49,42,49,33,35,62,50,45,37,51,43,73,46,49,48,44,46,48,51,53,49,54,0,52,22,44,48,0,47,45,36,52,38,44,42,45,57,40,50,47,47,51,0,47,52,40,41,45,42
2803,47,38,41,0,38,52,49,42,50,36,41,0,46,46,44,53,46,40,0,35,45,49,47,24,45,46,44,45,37,37,40,42,35,51,49,43,45,54,0,41,53,39,35,50,55,38,41,49,42,49,33,35,62,50,45,37,51,43,73,46,49,48,44,46,48,51,53,49,54,0,52,22,44,48,0,47,45,36,52,38,44,42,45,57,40,50,47,47,51,0,47,52,40,41,45,42
2804,47,38,41,0,38,52,49,42,50,36,41,0,47,46,44,53,46,40,0,35,45,49,47,24,45,46,44,45,37,37,40,42,35,51,49,43,45,54,0,41,53,40,35,50,55,38,41,49,42,49,33,35,62,50,45,37,51,44,73,46,49,48,44,46,48,51,53,49,54,0,52,22,44,48,0,47,45,36,52,38,44,42,45,57,40,50,47,47,51,0,47,52,40,41,45,42
2805,47,38,41,0,38,52,49,42,50,36,41,0,47,46,44,53,46,40,0,35,45,49,47,24,45,46,44,45,37,37,40,42,35,51,49,43,45,54,0,41,53,40,35,50,55,38,41,49,42,49,33,35,62,50,45,37,51,44,73,46,49,48,44,46,48,51,53,49,54,0,52,22,44,48,0,47,45,36,52,38,44,42,45,57,40,50,47,47,51,0,47,52,40,41,45,42
2806,47,38,41,0,38,52,49,42,50,36,41,0,47,46,44,53,46,40,0,35,45,49,47,24,45,46,44,45,37,37,40,42,35,51,49,43,45,54,0,41,53,40,35,50,56,38,41,49,42,49,33,35,62,50,46,37,51,44,73,46,49,48,44,46,48,51,53,49,54,0,52,22,44,48,0,47,45,36,52,38,44,42,45,57,40,50,47,47,51,0,47,52,40,41,45,42
2807,47,38,41,0,38,52,49,42,50,36,41,0,47,46,44,53,46,40,0,35,45,49,47,24,45,46,44,45,37,37,40,42,35,51,49,43,45,54,0,41,53,40,35,50,56,38,41,49,42,49,33,35,62,50,46,37,51,44,73,46,49,48,44,46,48,51,53,49,54,0,52,22,44,48,0,47,45,36,52,38,44,42,45,57,40,50,47,47,51,0,47,52,40,41,45,42
2808,47,38,41,0,38,52,49,42,50,36,41,0,47,46,44,53,46,40,0,35,45,49,47,25,45,46,45,45,37,37,40,42,35,51,49,43,45,54,0,41,53,40,35,50,56,38,41,49,42,49,33,35,62,50,46,37,51,44,73,46,49,48,44,46,48,51,53,49,54,0,52,22,44,48,0,47,45,36,52,38,44,42,45,57,40,50,47,47,51,0,47,52,40,41,45,42
2809,47,38,41,0,38,52,49,42,50,36,41,0,47,46,44,53,46,40,0,35,45,49,47,25,45,46,45,45,37,37,40,42,35,51,49,43,45,54,0,41,53,40,35,50,56,38,41,49,42,49,33,35,62,50,46,37,51,44,73,46,49,48,44,46,48,51,53,49,54,0,52,22,44,48,0,47,45,36,52,38,44,42,45,57,40,50,47,47,51,0,47,52,40,41,45,42
2810,47,38,41,0,38,52,49,42,50,36,41,0,47,46,44,53,46,40,0,35,45,49,47,25,45,46,45,45,37,37,40,42,35,51,49,43,45,54,0,41,53,40,35,50,56,38,41,49,42,49,33,35,62,50,46,37,51,44,73,46,49,48,44,46,48,52,53,49,54,0,52,22,44,48,0,47,45,36,52,38,44,42,45,57,40,50,47,47,51,0,47,52,40,41,45,42
2811,47,38,41,0,38,52,49,42,50,37,41,0,47,46,44,53,46,40,0,35,45,49,47,25,45,46,45,45,37,37,40,42,35,51,49,43,45,54,0,41,53,40,35,50,56,38,41,49,42,49,33,35,62,50,46,37,51,44,73,46,49,48,44,46,48,52,53,49,54,0,52,22,44,48,0,47,45,36,52,38,44,42,45,57,40,50,47,47,51,0,47,52,40,41,45,42
2812,47,38,41,0,38,52,49,42,50,37,41,0,47,46,44,53,46,40,0,35,45,49,47,25,45,46,45,45,37,37,40,42,35,51,49,43,45,54,0,41,53,40,35,50,56,38,41,49,42,49,33,35,62,50,46,37,51,44,73,46,49,48,44,46,48,52,53,49,54,0,52,22,45,48,0,47,45,36,52,38,44,42,45,57,40,50,47,47,51,0,47,52,40,41,45,42
2813,47,38,41,0,38,52,49,42,50,37,41,0,47,46,45,53,46,40,0,35,45,49,47,25,45,46,45,45,37,37,40,42,35,51,49,43,45,54,0,41,53,40,36,50,56,38,41,49,42,49,33,35,62,50,46,37,51,44,73,46,49,48,44,46,48,52,53,49,54,0,52,22,45,48,0,47,45,36,52,38,44,42,45,57,40,50,47,47,51,0,47,52,40,41,45,42
2814,47,38,41,0,38,52,49,42,50,37,42,0,47,46,45,53,46,40,0,35,45,49,47,25,45,46,45,45,37,37,40,42,35,51,49,43,45,54,0,41,53,40,36,50,56,38,41,49,42,49,33,35,62,50,46,37,51,44,73,46,49,48,44,46,48,52,53,49,54,0,52,22,45,48,0,47,45,36,52,38,44,42,45,57,40,50,47,47,51,0,47,52,40,41,45,42
2815,48,38,41,0,38,52,49,42,50,37,42,0,47,46,45,53,46,40,0,35,45,49,47,25,45,46,45,45,37,37,40,42,35,51,49,43,45,54,0,41,53,40,36,50,56,38,41,49,42,49,33,35,62,50,46,37,51,44,73,46,49,48,44,46,48,52,53,49,54,0,52,22,45,48,0,47,45,36,52,38,44,42,45,57,40,50,47,47,51,0,47,52,40,41,45,42
2816,48,38,41,0,38,52,49,42,50,37,42,0,47,46,45,53,46,40,0,35,45,49,47,25,45,46,45,45,37,37,40,42,35,51,49,43,45,54,0,41,53,40,36,50,56,38,41,49,42,49,33,35,63,50,46,37,51,44,73,46,49,48,44,46,48,52,53,49,54,0,52,22,45,48,0,47,45,36,52,38,44,43,45,57,40,50,47,47,51,0,47,52,40,41,45,42
2817,48,38,41,0,38,52,49,42,50,37,42,0,47,46,45,53,46,40,0,35,45,49,47,25,45,46,45,45,37,37,40,42,35,51,49,43,45,54,0,41,53,40,36,50,56,38,41,49,42,49,33,35,63,50,46,37,51,44,73,46,49,48,44,46,48,52,53,49,54,0,52,22,45,48,0,47,45,36,52,38,44,43,45,57,40,50,48,47,51,0,47,52,40,41,45,42
2818,48,38,41,0,38,52,49,42,50,37,42,0,47,46,45,53,46,40,0,35,45,49,47,25,45,46,45,45,37,37,40,42,35,51,49,43,45,54,0,41,53,40,36,50,56,38,41,49,42,49,33,35,63,50,46,37,51,44,73,46,49,48,44,46,48,52,53,49,54,0,52,22,45,48,0,48,45,36,52,38,44,43,45,57,40,50,48,47,51,0,47,52,40,41,45,42
2819,48,38,41,0,38,52,49,42,50,37,42,0,47,46,45,53,46,40,0,35,45,49,47,25,45,46,45,45,37,37,40,42,35,51,49,43,45,54,0,41,53,40,36,50,56,38,41,49,42,49,33,35,63,50,46,37,51,44,73,46,49,48,44,46,48,52,53,49,54,0,52,22,45,48,0,48,45,36,53,38,44,43,45,57,40,50,48,47,51,0,47,52,40,41,45,42
2820,48,38,41,0,38,52,49,42,50,37,42,0,47,46,45,53,46,40,0,35,45,49,47,25,45,46,45,45,37,37,40,42,35,51,49,43,45,54,0,41,53,40,36,50,56,38,41,49,42,49,33,35,63,50,46,37,51,44,73,46,49,48,44,46,48,52,53,49,54,0,52,22,45,48,0,48,45,36,53,38,44,43,45,57,40,50,48,47,51,0,47,52,40,41,45,42
2821,48,38,41,0,38,52,49,42,50,37,42,0,47,46,45,53,46,40,0,35,45,49,47,25,45,46,45,45,37,37,40,42,35,51,49,43,45,54,0,41,53,40,36,50,56,38,41,49,42,49,33,35,63,50,46,37,51,44,73,46,49,48,44,46,48,52,53,49,54,0,52,22,45,48,0,48,45,36,53,38,44,43,45,57,40,50,48,47,51,0,47,52,40,41,45,42
2822,48,38,41,0,38,52,49,42,50,37,42,0,47,46,45,53,46,40,0,35,45,49,47,25,45,46,45,45,37,37,40,42,36,51,49,43,45,54,0,41,53,40,36,50,56,38,41,49,42,49,33,35,63,50,46,37,51,44,73,46,49,48,44,46,48,52,53,49,54,0,52,22,45,48,0,48,45,36,53,38,44,43,45,57,40,51,48,47,51,0,47,52,40,41,45,42
2823,48,38,41,0,38,52,49,42,50,37,42,0,47,46,45,53,46,40,0,35,45,49,47,25,45,46,45,45,37,37,40,42,36,51,49,43,45,54,0,41,53,40,36,50,56,38,41,49,42,49,33,35,63,50,46,37,51,44,73,46,49,48,44,46,48,52,53,49,54,0,52,22,45,48,0,48,45,36,53,38,44,43,45,57,40,51,48,47,51,0,47,52,40,41,45,42
2824,48,38,41,0,38,52,49,42,50,37,42,0,47,46,45,53,46,40,0,35,45,49,47,25,45,46,45,45,37,37,40,42,36,51,49,43,45,54,0,41,53,40,36,50,56,38,41,49,42,49,33,35,63,50,46,37,51,44,73,46,49,48,44,46,48,52,53,49,54,0,52,22,45,48,0,48,45,36,53,38,44,43,45,57,40,51,48,47,51,0,47,52,40,41,45,42
2825,48,38,41,0,38,52,49,42,50,37,42,0,47,46,45,53,46,40,0,35,45,49,47,25,45,46,45,45,37,37,40,42,36,51,49,43,45,54,0,41,53,40,36,50,56,38,41,49,42,49,33,35,63,50,46,37,51,44,73,46,49,48,44,46,48,52,53,49,54,0,52,22,45,48,0,48,45,36,53,38,44,43,45,57,40,51,48,47,51,0,47,52,40,41,45,42
2826,48,38,41,0,38,52,49,43,50,37,42,0,47,46,45,53,46,40,0,35,45,49,47,25,45,46,46,45,37,37,40,42,36,51,49,43,45,54,0,41,53,40,36,50,56,38,41,49,42,49,33,35,63,50,46,37,51,44,73,46,49,48,44,46,48,52,53,49,54,0,52,22,45,48,0,48,45,36,53,38,44,43,45,57,40,51,48,47,51,0,47,52,40,41,45,42
2827,48,38,41,0,38,52,49,43,50,37,42,0,47,46,45,53,46,40,0,35,45,49,47,25,45,46,46,45,37,37,40,42,36,51,49,43,45,54,0,41,53,40,36,50,56,38,41,49,42,49,33,35,63,50,46,37,51,44,73,46,49,48,44,46,48,52,53,49,54,0,52,22,45,48,0,48,45,36,53,38,44,43,45,57,40,51,48,47,51,0,47,52,40,41,45,42
2828,48,38,41,0,38,52,49,43,50,37,42,0,47,46,45,53,46,40,0,35,45,49,47,25,45,46,46,45,37,37,40,42,36,51,49,43,45,54,0,41,53,40,36,50,56,38,41,49,42,49,33,35,63,50,46,37,51,44,73,46,49,48,44,46,48,52,53,49,54,0,52,23,45,48,0,48,45,36,53,38,44,43,45,57,41,51,48,47,51,0,47,52,40,41,45,42
2829,48,38,41,0,38,52,49,43,50,37,42,0,47,46,45,53,46,40,0,35,45,49,47,25,45,46,46,45,37,37,40,42,36,51,49,43,45,54,0,41,53,40,36,50,56,38,41,49,42,49,33,35,63,50,46,37,51,44,73,46,49,48,44,47,48,52,53,49,54,0,52,23,45,48,0,48,45,36,53,38,44,43,45,57,41,51,48,47,51,0,47,52,40,41,45,42
2830,48,38,41,0,38,52,49,43,50,37,42,0,47,46,45,53,46,40,0,35,45,49,47,25,45,46,46,45,37,37,40,42,36,51,49,43,45,54,0,41,53,40,36,50,56,38,41,49,42,49,33,35,63,50,46,37,51,44,73,46,49,48,44,47,48,52,53,49,55,0,52,23,45,48,0,48,45,36,53,38,44,43,45,57,41,51,48,47,51,0,47,52,40,41,45,42
2831,48,38,41,0,38,52,49,43,50,37,42,0,47,46,45,53,46,40,0,36,45,49,47,25,45,46,46,45,37,37,40,42,36,52,49,43,45,54,0,41,53,40,36,50,56,38,41,49,42,49,33,35,63,50,46,37,51,44,73,46,49,48,44,47,48,52,53,49,55,0,52,23,45,48,0,48,45,36,53,38,44,43,45,57,42,51,48,47,51,0,47,52,40,41,45,42
2832,48,38,41,0,38,52,49,43,50,37,42,0,47,46,45,53,46,40,0,36,45,49,47,25,45,46,46,45,37,37,40,42,36,52,49,43,45,54,0,41,53,40,36,50,56,38,41,49,42,49,33,35,63,50,46,37,51,44,73,46,49,48,44,47,48,52,53,49,55,0,52,23,45,48,0,48,45,36,53,38,44,43,45,57,42,51,48,47,51,0,47,52,40,41,45,42
2833,48,38,41,0,38,52,49,43,50,37,42,0,47,46,45,53,46,40,0,36,45,49,47,25,45,46,46,45,37,37,40,42,36,52,49,43,45,54,0,41,53,40,36,50,56,38,41,49,42,49,33,35,63,50,46,37,51,44,73,46,49,48,44,47,48,52,53,49,55,0,52,23,45,48,0,48,45,36,53,38,44,44,45,57,42,51,48,47,51,0,47,52,41,41,45,42
2834,49,38,41,0,38,52,49,43,50,37,42,0,47,46,45,53,46,40,0,36,45,49,47,25,45,46,46,45,37,37,40,42,36,52,49,43,45,54,0,41,53,40,36,50,56,38,41,49,42,49,33,35,63,50,46,37,51,44,73,46,49,48,44,47,48,52,53,49,55,0,52,23,45,48,0,48,45,36,53,38,44,44,45,57,42,51,48,47,51,0,47,52,41,41,45,42
2835,49,38,41,0,38,52,49,43,50,37,42,0,47,46,45,53,46,40,0,36,45,49,48,25,45,46,46,45,37,37,40,42,36,52,49,43,45,54,0,41,53,40,36,50,56,38,41,49,42,49,33,35,63,50,46,37,51,44,73,46,49,48,44,47,48,52,53,49,55,0,52,23,45,48,0,48,45,36,53,38,44,44,45,57,42,51,48,47,51,0,47,52,41,41,45,42
2836,49,38,41,0,38,52,49,43,50,37,42,0,47,46,45,53,46,40,0,36,45,49,48,25,45,46,46,45,37,37,40,42,36,52,49,43,45,54,0,41,53,40,36,50,56,38,41,49,42,49,33,35,63,50,46,37,51,44,73,46,49,48,44,47,48,52,53,49,55,0,52,23,45,48,0,48,45,36,53,38,44,44,45,57,42,51,48,47,51,0,47,52,41,41,45,42
2837,49,38,41,0,38,52,49,43,50,37,42,0,47,46,45,53,46,40,0,36,45,49,48,25,45,47,46,45,37,37,40,42,36,52,49,43,45,54,0,41,53,40,36,50,56,38,41,49,42,49,33,35,63,50,46,37,51,44,73,46,49,48,44,47,48,52,53,49,55,0,52,23,45,48,0,48,45,36,53,38,44,44,45,58,42,51,48,47,51,0,47,52,41,41,45,42
2838,49,38,41,0,38,52,49,43,50,37,42,0,47,46,45,53,46,40,0,36,45,49,48,25,45,47,46,45,37,37,41,42,36,52,49,43,45,54,0,41,53,40,36,50,56,38,41,49,42,49,33,35,63,50,46,37,51,44,73,46,49,48,44,47,48,52,53,49,55,0,52,23,45,48,0,48,45,36,53,38,44,44,45,58,42,51,48,47,51,0,47,52,41,41,45,42
2839,49,38,41,0,38,52,49,43,50,37,42,0,47,46,45,53,46,40,0,36,45,49,48,25,45,47,46,45,37,37,41,42,36,52,49,43,45,54,0,41,53,40,36,50,56,38,41,49,42,49,33,35,63,50,46,37,51,44,73,46,49,48,44,47,48,52,53,49,55,0,52,23,45,48,0,48,45,36,53,38,44,44,45,58,42,51,48,47,51,0,47,52,41,41,45,42
2840,49,38,41,0,38,52,49,43,50,37,42,0,47,46,45,53,46,40,0,36,45,49,48,25,45,47,46,45,37,37,41,42,36,52,49,43,45,54,0,41,53,40,36,50,56,38,41,49,42,49,33,35,63,50,46,37,51,44,73,46,49,48,44,47,48,52,53,49,55,0,52,23,45,48,0,48,45,36,53,38,44,44,45,58,42,51,48,47,51,0,47,53,41,41,45,42
2841,49,38,41,0,38,53,49,43,50,37,42,0,47,46,45,53,46,40,0,36,45,49,48,25,45,47,46,45,37,37,41,42,36,52,49,43,45,54,0,41,53,40,36,50,56,38,41,49,42,49,33,36,63,50,46,37,51,44,73,46,49,48,44,47,48,52,53,49,55,0,52,23,45,48,0,48,45,36,53,38,44,44,45,58,42,51,48,47,51,0,47,53,41,41,45,42
2842,49,39,41,0,38,53,49,43,50,37,42,0,47,46,45,53,46,40,0,36,45,49,48,25,45,47,46,45,37,37,41,42,36,52,49,43,45,54,0,42,53,40,36,50,56,38,41,49,42,49,33,36,63,50,46,37,51,44,73,46,49,48,44,47,48,52,53,49,55,0,52,23,45,48,0,48,45,36,54,38,44,44,45,58,42,51,48,47,51,0,47,53,41,41,45,42
2843,49,39,41,0,38,53,49,43,50,37,42,0,47,46,45,53,46,40,0,36,45,49,48,25,45,47,46,45,37,37,41,42,36,52,49,43,45,54,0,42,53,40,36,50,56,38,41,49,42,49,33,36,63,50,46,37,51,44,73,46,49,48,44,47,48,52,53,49,55,0,52,23,45,48,0,48,45,36,54,38,44,44,45,58,42,51,48,47,51,0,47,53,41,41,45,42
2844,49,39,41,0,38,53,49,43,50,37,42,0,47,46,45,53,46,40,0,36,45,49,48,25,45,47,46,45,37,37,41,42,36,52,49,43,45,54,0,42,54,40,36,50,56,38,41,49,42,49,33,36,63,50,46,37,51,44,73,46,49,48,44,47,48,52,53,49,55,0,52,23,45,48,0,48,45,36,54,38,44,45,45,58,42,51,48,47,51,0,47,53,41,41,45,42
2845,49,39,41,0,38,54,49,43,50,37,42,0,47,46,45,53,46,40,0,36,45,49,48,25,45,47,46,45,37,37,41,42,36,52,49,43,45,54,0,42,54,40,36,50,56,38,41,49,42,49,33,37,63,50,46,37,51,44,73,46,49,48,44,47,48,52,53,49,55,0,52,23,45,48,0,48,45,36,54,38,44,45,45,58,42,51,48,47,51,0,47,53,41,41,45,42
2846,49,39,41,0,38,54,49,43,50,37,42,0,47,46,45,53,46,40,0,36,45,49,48,25,45,48,46,45,37,37,41,42,36,52,49,43,45,54,0,42,54,40,36,50,56,38,41,49,42,49,33,37,63,50,46,37,51,44,73,46,49,48,44,47,48,52,53,49,55,0,52,23,45,48,0,48,45,36,54,38,44,45,45,58,42,51,48,47,51,0,47,53,41,41,45,42
2847,49,39,41,0,38,54,49,43,50,37,42,0,47,46,45,53,47,40,0,36,45,49,48,25,45,48,46,45,37,37,41,42,36,52,49,43,45,54,0,42,54,40,36,50,56,38,41,49,42,49,33,37,63,50,46,37,51,44,73,46,49,48,44,47,48,52,53,49,55,0,52,23,45,48,0,48,45,36,54,38,44,45,45,58,42,51,48,47,51,0,48,53,41,41,45,42
2848,49,39,41,0,38,54,49,43,50,37,42,0,47,46,45,53,47,40,0,36,45,49,48,25,45,48,46,45,37,37,41,42,36,52,49,43,45,54,0,42,54,40,36,50,56,39,41,49,42,49,33,37,63,50,46,37,51,44,73,46,49,48,44,47,48,52,53,49,55,0,52,23,45,48,0,48,45,36,54,38,44,45,45,58,42,51,48,47,51,0,48,53,41,41,45,42
2849,49,39,41,0,38,54,50,43,50,37,42,0,47,46,45,53,47,40,0,36,45,49,48,25,45,48,46,45,37,37,41,42,36,52,49,43,45,54,0,42,54,40,36,50,56,39,41,49,42,49,33,37,63,50,46,37,51,44,73,46,49,48,44,47,48,52,53,49,55,0,52,23,45,48,0,48,45,36,54,38,44,45,45,58,42,51,48,47,51,0,48,53,41,41,45,42
2850,49,39,41,0,38,54,50,43,50,38,42,0,47,46,45,53,47,40,0,36,45,49,48,25,45,48,46,45,37,37,41,42,36,52,49,43,45,54,0,42,54,40,36,50,56,39,41,49,42,49,33,37,63,50,46,37,51,44,73,46,49,48,44,47,48,52,53,49,55,0,52,23,45,48,0,48,45,36,54,38,44,45,45,58,42,51,48,47,51,0,48,53,41,41,45,42
2851,49,39,41,0,38,54,50,43,50,38,42,0,47,46,45,53,47,40,0,36,45,49,48,25,45,48,46,45,37,37,41,42,36,52,49,43,45,54,0,42,54,40,36,50,56,39,41,49,42,49,33,37,63,50,46,37,51,44,73,46,49,48,44,47,49,52,53,49,55,0,52,23,45,48,0,48,45,36,54,38,44,45,45,58,42,51,48,47,51,0,48,53,41,41,45,42
2852,49,39,41,0,38,54,50,43,50,38,42,0,47,46,45,53,47,40,0,36,45,49,48,25,45,48,46,45,37,37,41,42,36,52,49,43,45,54,0,42,54,40,36,50,56,39,41,49,42,49,33,37,63,50,46,37,51,44,73,46,49,48,44,47,49,52,53,49,55,0,52,23,45,48,0,48,45,36,54,38,44,45,45,58,42,51,48,47,51,0,48,53,41,41,45,42
2853,49,39,41,0,38,54,50,43,50,38,42,0,47,46,45,53,47,40,0,36,45,49,48,25,45,48,46,45,37,37,41,42,36,52,49,43,45,54,0,42,54,40,36,50,56,39,41,49,42,49,33,37,63,50,46,37,51,44,73,46,49,48,44,47,49,52,53,49,55,0,52,23,45,48,0,48,45,36,54,38,44,45,45,58,42,51,48,47,51,0,48,53,41,41,45,42
2854,49,39,41,0,38,54,50,43,50,38,42,0,47,46,45,53,47,40,0,36,45,49,48,25,45,48,46,45,37,37,41,42,36,52,49,43,45,54,0,42,54,40,36,50,56,39,41,49,42,49,33,37,63,50,46,37,51,44,73,46,50,48,44,47,49,52,53,49,55,0,52,23,45,48,0,48,45,36,54,38,44,45,45,58,42,51,48,47,51,0,48,53,41,41,45,42
2855,49,39,41,0,38,54,50,43,50,38,42,0,47,46,45,53,47,40,0,36,45,49,48,25,45,48,46,45,37,37,41,42,36,52,49,43,45,54,0,42,54,40,36,50,56,39,41,49,42,49,33,37,63,50,46,37,51,44,73,46,50,48,44,47,49,52,53,49,55,0,52,23,45,48,0,48,45,36,54,38,44,45,45,58,42,51,48,47,51,0,48,53,41,42,45,42
2856,49,39,41,0,38,54,50,43,50,38,42,0,47,46,45,53,47,40,0,36,45,49,48,25,45,48,46,45,37,37,41,42,36,52,49,43,45,54,0,42,54,40,36,50,56,39,41,49,42,49,33,37,63,50,46,37,51,44,73,46,50,48,44,47,49,52,53,49,55,0,52,23,46,48,0,48,45,36,54,38,44,45,45,58,42,51,48,47,51,0,48,53,41,42,45,42
2857,49,39,41,0,38,54,50,43,50,38,42,0,47,46,45,53,47,40,0,37,45,49,48,25,45,48,46,45,37,37,41,42,36,52,49,43,46,54,0,42,54,40,36,50,56,39,41,49,42,49,33,37,63,50,46,37,51,44,73,46,50,48,44,47,49,52,53,49,55,0,52,23,46,48,0,48,45,36,54,38,44,45,45,58,42,51,48,47,51,0,48,54,41,42,45,42
2858,49,39,41,0,38,54,50,43,50,38,42,0,47,46,45,53,47,40,0,37,45,49,48,25,45,48,46,45,37,37,41,42,36,52,49,43,46,54,0,42,54,40,36,50,56,39,41,49,42,49,33,37,63,50,46,37,51,44,73,46,50,48,44,47,49,52,53,49,55,0,52,23,46,48,0,48,45,36,54,38,44,45,45,58,42,51,48,47,51,0,48,54,41,42,45,42
2859,49,39,41,0,38,54,50,43,50,38,42,0,47,46,45,53,47,40,0,37,46,49,48,25,45,48,46,45,37,37,41,42,36,52,49,43,46,54,0,42,54,40,36,50,56,39,41,49,42,49,33,37,63,50,46,37,51,44,73,46,50,48,44,47,49,52,53,49,55,0,52,23,46,48,0,48,45,36,54,38,44,45,45,58,42,51,48,47,51,0,48,54,41,42,45,42
2860,49,39,41,0,38,54,50,43,50,38,42,0,47,46,45,53,47,40,0,37,46,49,48,25,45,48,46,45,37,37,41,42,36,52,49,43,46,54,0,42,54,40,36,50,56,39,41,49,42,49,33,37,63,50,46,37,51,44,73,46,50,48,44,47,49,52,53,49,55,0,52,23,46,48,0,48,45,36,54,38,44,45,45,58,42,51,48,47,51,0,48,54,41,42,45,42
2861,49,39,41,0,38,54,50,43,50,38,42,0,47,46,45,53,47,40,0,37,46,49,48,25,45,48,46,45,37,37,41,42,36,52,49,43,46,54,0,42,54,40,36,50,56,39,41,49,42,49,33,37,63,50,46,37,51,44,73,46,50,48,44,47,49,52,53,49,55,0,52,23,46,49,0,48,45,36,54,38,44,45,45,58,42,51,48,47,51,0,48,54,41,42,45,42
2862,49,39,41,0,38,54,50,43,50,38,42,0,47,46,45,54,47,40,0,37,46,49,48,25,45,48,46,45,37,37,41,42,36,52,49,43,46,54,0,42,54,40,36,50,56,39,41,49,42,49,33,37,63,50,46,37,51,44,73,46,50,48,44,47,49,52,53,49,55,0,52,23,46,49,0,48,45,36,54,38,44,45,45,58,42,51,48,47,51,0,48,54,41,42,45,42
2863,49,39,41,0,38,54,50,43,50,39,42,0,47,46,45,54,47,40,0,37,46,49,48,25,45,48,46,45,37,37,41,42,36,52,49,43,46,54,0,42,54,40,36,50,56,39,41,49,42,49,33,37,63,50,46,37,51,44,73,46,50,48,44,47,49,52,53,49,55,0,52,23,46,49,0,48,45,36,54,38,45,45,45,58,42,51,48,47,51,0,48,54,41,42,45,42
2864,49,39,41,0,38,54,50,43,50,39,42,0,47,46,45,54,47,40,0,37,46,49,48,25,45,48,46,45,37,37,41,42,36,52,49,43,47,54,0,42,54,40,36,50,56,40,41,49,42,49,33,37,63,50,46,37,51,44,73,46,50,48,44,47,49,52,53,49,55,0,52,23,46,49,0,48,45,36,54,38,45,45,45,58,42,51,48,47,51,0,48,54,41,42,45,42
2865,49,39,41,0,38,54,50,43,50,39,42,0,47,46,45,54,47,40,0,37,46,49,48,25,45,48,46,45,37,37,41,42,36,52,49,43,47,54,0,42,54,40,36,50,56,40,41,49,42,49,33,37,63,50,46,37,51,44,73,46,50,48,44,47,49,52,53,49,55,0,52,23,46,49,0,48,45,36,54,38,45,45,45,58,42,51,48,47,51,0,48,54,41,42,45,42
2866,49,39,41,0,38,54,50,43,50,39,42,0,47,46,45,54,47,40,0,37,46,49,48,25,45,48,46,45,37,37,41,42,37,52,49,43,47,54,0,42,54,40,36,50,56,40,41,49,42,49,33,37,63,50,46,37,51,44,73,46,50,48,44,47,49,52,53,49,55,0,52,23,46,49,0,48,45,36,54,38,45,45,45,58,42,51,48,47,51,0,48,54,41,42,45,42
2867,49,39,41,0,38,54,50,43,50,39,42,0,47,46,45,54,47,40,0,37,46,49,48,25,45,48,46,45,37,37,41,42,37,52,49,43,47,54,0,42,54,40,36,50,56,40,41,49,42,49,33,37,63,50,46,37,51,44,73,46,50,48,44,47,49,52,53,49,55,0,52,23,46,49,0,48,45,36,54,38,45,45,45,58,42,51,48,47,51,0,48,54,41,42,45,42
2868,49,39,41,0,38,54,50,43,50,39,42,0,47,46,45,54,47,40,0,37,46,50,48,25,45,48,46,45,37,37,41,42,37,52,49,43,47,54,0,42,54,40,36,50,56,40,41,49,42,49,33,37,63,50,46,37,51,44,73,46,50,48,44,47,49,52,53,49,55,0,52,23,46,49,0,48,45,36,54,38,45,45,45,58,42,51,48,47,51,0,48,54,41,42,45,42
2869,49,39,41,0,38,54,50,43,50,39,42,0,47,46,45,54,47,40,0,37,46,50,48,25,45,49,46,45,37,37,41,42,37,52,49,43,47,54,0,42,54,40,36,50,56,40,41,49,42,49,33,37,63,50,46,37,51,44,73,46,50,48,44,47,49,52,53,50,55,0,52,23,46,49,0,48,46,36,54,38,45,45,45,58,42,51,48,47,51,0,48,54,41,42,45,42
2870,49,39,41,0,38,54,50,43,50,39,42,0,47,46,45,54,47,40,0,37,46,50,48,26,45,49,46,45,37,37,41,42,37,52,49,43,47,54,0,42,54,40,36,50,56,40,41,49,42,49,33,37,63,50,46,37,51,44,73,46,50,48,44,47,49,52,53,50,55,0,52,23,46,49,0,48,46,36,54,38,45,45,45,59,42,51,48,47,51,0,48,54,41,42,45,42
2871,49,39,41,0,38,54,50,43,50,39,42,0,47,46,45,54,47,40,0,37,46,50,48,26,45,49,46,45,37,37,41,42,37,52,49,43,47,54,0,42,54,40,36,50,56,40,41,49,42,49,33,37,63,50,46,37,51,44,73,46,50,48,44,47,49,52,53,50,55,0,52,23,46,49,0,48,46,36,54,38,45,45,45,59,42,51,48,47,51,0,48,54,41,42,45,42
2872,49,39,41,0,38,54,50,43,50,39,42,0,47,46,45,54,47,40,0,37,46,50,48,26,45,49,47,45,37,37,41,42,37,52,49,43,47,54,0,42,54,40,36,50,57,40,41,49,42,49,33,37,63,50,46,37,51,44,73,46,50,48,44,47,49,52,53,50,55,0,52,23,46,49,0,48,46,36,54,38,45,45,45,59,42,51,48,47,51,0,48,54,42,42,45,42
2873,49,39,41,0,38,54,50,43,50,39,42,0,47,46,45,54,47,40,0,37,46,50,48,26,45,49,47,45,37,37,41,43,37,52,49,43,47,54,0,42,54,40,36,50,57,40,41,49,42,49,33,37,63,50,46,37,51,44,73,46,50,48,44,47,49,52,53,50,55,0,52,23,46,49,0,48,46,36,54,38,45,46,45,59,42,51,48,47,51,0,48,54,42,42,45,42
2874,49,39,41,0,38,54,50,43,50,39,42,0,47,46,45,54,47,40,0,37,46,50,48,26,45,49,47,45,37,37,41,43,37,52,49,43,47,54,0,42,54,40,36,50,57,40,41,49,42,49,33,37,63,50,46,37,51,44,73,46,50,48,44,47,49,52,53,50,55,0,52,23,46,49,0,48,46,36,54,38,45,46,45,59,42,51,48,47,51,0,48,54,42,42,45,42
2875,49,39,41,0,38,54,50,43,50,39,42,0,47,46,45,54,47,40,0,37,46,50,48,26,45,49,47,45,37,37,41,43,37,52,49,43,47,54,0,42,54,40,36,50,57,40,41,49,42,49,33,37,63,50,46,37,51,44,73,46,50,48,44,47,49,52,53,50,55,0,52,23,46,49,0,48,46,36,54,38,45,46,45,59,42,51,48,47,52,0,48,54,42,42,45,42
2876,49,39,41,0,38,54,50,43,50,39,42,0,47,46,45,54,47,40,0,37,46,50,48,26,45,49,48,45,37,37,41,43,37,52,49,43,47,54,0,42,54,40,36,50,57,40,41,49,42,49,33,37,63,50,46,37,51,44,73,46,50,48,44,47,49,52,53,50,55,0,52,23,46,49,0,48,46,36,54,38,45,46,45,59,42,51,48,47,52,0,48,54,42,42,45,42
2877,49,39,41,0,38,54,50,43,50,39,42,0,47,46,45,54,47,40,0,37,46,50,48,26,45,49,48,45,37,37,41,43,37,52,49,43,47,54,0,42,54,40,36,50,57,40,41,49,42,49,33,37,63,50,46,37,51,44,73,46,50,48,44,47,49,52,53,50,55,0,52,23,46,49,0,48,46,36,54,38,45,46,45,59,42,51,48,47,52,0,48,54,42,42,45,42
2878,49,39,41,0,38,54,50,43,50,39,42,0,47,46,45,54,47,40,0,37,46,50,48,26,45,49,48,45,37,37,41,43,37,52,49,43,47,54,0,42,54,40,36,50,57,40,41,49,42,49,33,37,63,50,46,37,51,44,73,46,50,48,44,47,49,52,53,50,55,0,52,24,46,49,0,48,46,36,54,38,45,46,45,59,42,51,48,47,52,0,48,54,42,42,45,42
2879,49,39,41,0,38,54,50,43,50,39,42,0,47,46,45,54,47,40,0,37,46,50,48,26,45,49,48,45,37,37,41,43,37,52,49,43,47,54,0,42,54,40,36,50,57,40,41,49,42,49,33,37,63,50,46,37,51,44,73,46,50,48,44,47,49,52,53,50,55,0,52,24,46,49,0,48,46,36,54,38,45,46,45,59,42,51,48,47,52,0,48,54,42,42,45,42
2880,49,39,41,0,38,54,50,43,50,39,42,0,47,46,45,54,47,40,0,37,46,50,48,26,45,49,48,45,37,37,41,43,37,52,49,44,48,54,0,42,54,40,36,50,57,40,41,49,42,49,33,37,63,50,46,37,51,44,73,46,50,48,44,47,49,52,53,50,55,0,52,24,46,50,0,48,46,36,54,38,45,46,45,59,42,51,48,47,52,0,48,54,42,42,45,42
2881,49,39,41,0,38,54,50,43,50,39,42,0,47,46,45,54,47,40,0,37,46,50,48,26,45,49,48,45,37,37,41,44,37,52,49,44,48,54,0,42,54,40,36,50,57,40,41,49,42,49,33,37,63,50,46,37,51,44,73,46,50,48,44,47,49,52,53,50,55,0,52,24,46,50,0,48,46,36,54,38,45,46,45,59,42,51,48,47,52,0,48,54,42,42,45,42
2882,49,39,41,0,38,54,50,43,50,39,42,0,47,46,45,54,47,40,0,37,46,50,48,26,45,49,48,45,37,37,41,44,37,52,49,44,48,54,0,42,54,40,36,50,57,40,41,49,42,49,33,37,63,50,46,37,51,44,73,46,50,48,44,47,49,52,53,50,55,0,52,24,46,50,0,48,46,36,54,38,45,46,45,59,42,51,48,47,52,0,48,54,42,42,45,42
2883,49,39,41,0,38,54,51,43,50,39,42,0,47,46,45,54,47,40,0,37,46,50,48,26,45,49,48,45,37,37,41,44,37,52,49,44,48,54,0,42,54,40,36,50,57,40,41,49,42,49,33,37,63,50,46,37,51,44,73,46,50,48,44,47,49,52,53,50,55,0,52,24,46,50,0,48,46,36,54,38,45,46,45,59,42,51,48,47,52,0,48,54,42,42,45,42
2884,49,39,41,0,38,54,51,43,50,39,42,0,47,46,45,54,47,40,0,37,46,50,48,26,45,49,48,45,37,37,41,44,37,52,49,44,48,54,0,42,54,40,36,50,57,40,41,49,42,49,33,37,63,50,46,37,51,44,73,46,50,48,44,47,49,52,53,50,55,0,52,24,46,50,0,48,46,36,54,38,45,46,45,60,42,51,48,47,52,0,48,54,42,42,45,42
2885,49,39,41,0,38,54,51,43,50,39,42,0,47,46,45,54,47,40,0,37,46,50,48,26,45,49,48,45,37,37,41,44,37,53,49,44,48,54,0,42,54,40,36,50,57,40,41,49,42,49,33,37,63,50,46,37,51,44,73,46,50,48,44,47,49,52,53,50,55,0,52,24,46,50,0,48,46,36,54,38,45,46,45,60,42,51,48,47,52,0,48,54,42,42,45,42
2886,49,39,41,0,38,54,51,43,50,39,42,0,47,46,45,54,47,40,0,37,46,50,48,26,45,49,48,45,37,37,41,44,37,53,49,44,48,54,0,42,54,40,36,50,57,40,41,49,42,49,33,37,63,50,46,37,51,44,73,46,50,48,44,47,49,53,53,50,55,0,52,24,48,50,0,48,46,36,54,38,45,46,45,60,42,51,48,47,52,0,48,54,42,42,45,42
2887,49,39,41,0,38,54,51,43,51,39,42,0,47,46,45,54,47,40,0,37,46,50,48,26,45,49,48,45,37,37,41,44,37,53,49,44,48,54,0,42,54,40,36,50,57,40,41,49,42,49,33,37,63,50,46,37,51,44,73,46,50,48,44,47,49,53,53,50,55,0,52,24,48,50,0,48,46,36,54,38,45,46,45,60,42,51,48,47,52,0,48,54,42,42,45,42
2888,49,39,41,0,38,54,51,43,51,39,42,0,47,46,45,54,47,40,0,37,46,50,48,26,45,49,48,45,37,37,41,44,37,53,49,44,48,54,0,42,54,40,36,50,57,40,41,49,42,49,34,37,63,50,46,37,51,44,73,46,50,48,44,47,49,53,53,50,55,0,52,24,48,51,0,48,46,36,54,38,45,46,45,60,42,51,48,47,52,0,48,55,42,42,45,42
2889,49,39,41,0,38,54,51,43,51,39,42,0,48,46,45,54,47,40,0,37,46,50,48,26,45,49,49,45,37,37,41,44,37,53,49,44,48,54,0,42,54,40,36,50,57,40,41,49,42,49,34,37,63,50,46,37,51,44,73,46,50,48,44,47,49,53,53,50,55,0,52,24,48,51,0,48,46,36,54,38,45,46,45,60,42,51,48,47,52,0,48,55,42,42,45,42
2890,49,39,41,0,38,54,51,43,51,39,42,0,48,46,45,54,47,40,0,37,46,50,48,26,45,49,49,45,37,37,41,44,37,53,49,44,48,54,0,42,54,40,36,50,57,40,41,49,42,49,34,37,63,50,46,37,51,44,73,46,50,48,44,47,49,53,53,50,55,0,52,25,48,51,0,49,46,36,54,38,45,46,45,60,42,51,48,47,52,0,48,55,42,42,45,42
2891,49,39,41,0,38,54,51,43,51,39,42,0,48,46,45,54,47,40,0,37,46,50,48,26,45,49,49,45,37,37,41,44,37,53,49,44,48,54,0,42,54,40,36,50,57,40,41,49,42,49,34,37,63,50,46,37,51,44,73,46,50,48,44,47,49,53,53,50,55,0,52,25,48,51,0,49,46,36,54,38,45,46,45,60,42,51,48,47,52,0,48,55,42,42,45,42
2892,49,39,41,0,38,54,51,43,51,39,42,0,48,46,46,54,47,40,0,37,46,50,48,26,45,49,49,45,37,37,41,44,37,53,49,44,48,54,0,42,54,40,36,50,57,40,41,49,42,49,35,37,63,50,46,37,51,44,73,47,50,48,44,47,49,53,53,50,55,0,52,25,48,51,0,49,46,36,54,38,45,46,45,60,42,51,48,47,52,0,48,55,42,42,45,42
2893,49,39,41,0,38,54,51,43,51,39,42,0,48,46,46,54,47,40,0,37,46,50,48,26,45,49,49,45,37,37,41,44,37,53,49,44,48,54,0,42,54,40,36,50,57,40,41,49,42,49,35,37,63,50,46,37,51,44,73,47,50,48,44,47,49,53,53,50,55,0,52,25,48,51,0,49,46,36,54,38,45,46,45,60,42,51,48,47,52,0,48,55,42,42,45,42
2894,49,39,41,0,38,54,51,43,51,39,42,0,48,46,46,54,47,40,0,37,46,50,48,26,45,49,49,45,37,37,41,44,37,53,49,44,48,54,0,42,54,40,36,50,57,40,41,49,42,49,35,37,63,50,46,37,51,44,73,47,50,48,44,47,49,53,53,50,55,0,52,26,49,51,0,49,46,36,54,38,45,46,45,60,42,51,48,48,52,0,48,55,42,42,45,42
2895,49,39,41,0,38,54,51,43,51,39,42,0,48,46,46,54,47,40,0,37,46,50,48,26,45,49,49,45,37,37,41,44,37,53,49,44,48,54,0,42,54,40,36,50,57,40,41,49,42,49,35,37,63,50,46,37,51,44,73,47,50,48,44,47,49,53,53,50,55,0,52,26,49,51,0,49,46,36,54,38,45,46,45,60,42,51,48,48,52,0,48,55,42,42,45,42
2896,49,39,41,0,38,54,51,43,51,39,42,0,48,46,46,54,47,40,0,37,46,50,48,26,45,49,49,45,37,37,41,44,37,53,49,44,48,54,0,42,54,40,36,50,57,40,41,49,42,49,35,37,63,50,46,37,51,44,73,47,50,48,44,47,49,53,53,50,55,0,52,26,49,51,0,49,46,36,54,38,45,47,45,60,42,51,48,48,52,0,48,55,42,42,45,42
2897,49,39,41,0,38,54,51,43,51,39,42,0,48,46,46,54,47,40,0,37,46,50,48,26,45,49,49,45,37,37,41,44,37,53,49,44,48,54,0,42,54,40,36,50,57,40,41,49,42,49,35,37,63,50,46,37,51,44,73,47,50,48,44,47,49,53,53,50,55,0,52,26,49,51,0,49,46,36,54,38,45,47,45,60,42,51,48,48,52,0,48,55,42,42,45,42
2898,49,40,41,0,38,54,51,43,51,39,42,0,48,46,46,54,47,40,0,37,46,50,48,26,45,49,49,45,37,37,41,44,37,53,49,44,48,54,0,42,54,40,36,50,57,40,41,49,42,49,35,37,63,50,46,37,51,44,73,47,50,49,44,47,49,53,53,50,55,0,52,26,49,51,0,49,46,36,54,38,45,47,45,60,42,51,48,48,52,0,48,55,42,42,45,42
2899,49,40,41,0,38,54,51,43,51,39,42,0,48,46,46,54,47,40,0,37,46,50,48,26,45,49,49,45,37,37,41,44,37,53,49,44,48,54,0,42,54,40,36,50,57,40,41,49,42,49,35,37,63,50,46,37,51,44,73,47,50,49,44,47,49,53,53,50,55,0,52,26,49,51,0,49,46,36,54,38,45,47,45,60,42,51,48,48,52,0,48,55,42,42,45,42
2900,49,40,41,0,38,54,51,43,51,39,42,0,48,46,46,54,47,40,0,37,46,50,48,26,45,49,49,45,37,37,41,44,37,53,49,44,48,54,0,42,54,40,36,50,57,40,41,49,42,49,35,37,63,50,46,37,51,44,73,47,50,49,44,47,49,53,53,50,55,0,52,26,49,51,0,49,46,36,54,38,45,47,45,60,42,51,48,48,52,0,48,55,42,42,45,42
2901,49,40,41,0,38,54,51,43,51,39,42,0,48,46,46,54,47,40,0,37,46,50,48,26,45,49,49,45,37,37,41,44,37,53,49,44,48,54,0,42,54,40,36,50,57,40,41,49,42,49,35,37,63,50,46,37,51,44,73,47,50,49,44,47,49,53,53,50,55,0,52,26,49,51,0,49,46,36,54,38,45,47,45,60,42,51,48,48,52,0,48,55,42,42,45,42
2902,49,40,41,0,38,54,51,43,51,40,43,0,48,46,46,54,47,40,0,37,46,50,48,26,45,49,49,45,37,37,41,44,37,53,49,44,48,54,0,42,54,40,36,50,57,40,41,49,42,49,35,37,63,50,46,37,51,44,73,47,50,49,44,47,49,53,53,50,55,0,52,26,49,51,0,49,46,36,54,38,45,47,45,60,42,51,48,48,52,0,48,55,42,42,45,42
2903,49,40,41,0,38,54,51,43,51,40,43,0,48,46,46,54,47,40,0,37,46,50,48,26,45,49,49,45,37,37,41,44,37,53,49,44,48,54,0,42,54,40,36,50,57,40,41,49,42,49,35,37,63,50,46,37,51,44,73,47,50,49,44,47,49,53,53,50,55,0,52,26,49,51,0,49,46,36,54,38,45,47,45,60,42,51,48,48,52,0,48,55,42,42,45,42
2904,49,40,41,0,38,54,51,43,51,40,43,0,48,46,46,54,47,40,0,37,46,50,48,26,45,49,49,45,37,37,41,44,37,53,49,44,48,54,0,42,54,40,36,50,57,40,41,49,42,49,35,37,63,50,46,37,51,44,73,47,50,49,44,47,49,53,53,50,55,0,52,26,49,51,0,49,46,36,54,38,45,47,45,60,42,51,48,48,52,0,48,55,42,42,45,42
2905,49,40,41,0,38,54,51,43,51,40,43,0,48,46,46,54,47,40,0,37,46,50,48,26,45,49,50,45,37,37,41,44,37,53,49,44,48,54,0,42,54,40,36,50,57,40,41,49,42,49,35,37,63,50,46,37,51,44,73,47,50,49,44,47,49,53,53,50,55,0,52,26,50,51,0,49,46,36,54,38,45,47,45,60,42,51,48,48,52,0,48,55,43,42,45,42
2906,49,40,41,0,38,54,51,43,51,40,43,0,48,46,46,54,47,40,0,37,46,50,48,26,45,49,50,45,37,37,41,44,37,53,49,44,48,54,0,42,54,40,36,50,57,40,41,49,42,49,35,37,63,50,46,37,51,44,73,47,50,49,44,47,49,53,53,50,55,0,52,26,50,51,0,49,46,36,54,38,45,47,45,60,42,51,48,48,52,0,48,55,43,42,45,42
2907,49,40,41,0,38,54,51,43,51,40,43,0,48,46,46,54,47,40,0,37,46,50,48,26,45,49,50,45,37,37,41,44,37,53,49,44,48,54,0,42,54,40,36,50,57,40,41,49,42,49,35,37,63,50,46,37,51,44,73,47,50,49,44,47,49,53,53,50,55,0,52,26,50,51,0,49,46,36,54,38,45,47,45,60,42,51,48,48,52,0,48,55,43,42,45,42
2908,49,40,41,0,38,54,51,43,51,40,43,0,48,46,46,54,47,40,0,37,46,50,48,26,45,49,50,45,37,37,41,44,37,53,49,44,48,54,0,42,54,40,36,50,57,40,41,49,42,49,35,37,63,50,46,37,51,44,73,47,50,49,44,47,49,53,53,50,55,0,52,26,50,51,0,49,46,36,54,38,45,47,45,60,42,51,48,48,52,0,48,55,43,42,46,42
2909,49,40,41,0,38,54,51,43,51,40,43,0,48,46,46,54,47,40,0,37,46,50,48,26,45,49,50,45,37,37,41,44,37,53,49,44,48,54,0,42,54,40,36,50,57,40,41,49,42,49,35,37,63,50,46,37,51,44,73,47,50,49,44,47,49,53,53,50,55,0,52,26,50,51,0,49,46,36,54,38,45,47,45,60,42,51,48,48,52,0,48,55,43,42,46,42
2910,49,40,41,0,38,54,51,43,51,40,43,0,48,46,46,54,47,40,0,37,46,50,48,26,45,49,50,45,37,37,41,44,37,53,49,44,48,54,0,42,54,40,36,50,57,40,41,49,42,49,35,37,63,50,46,37,51,44,73,47,50,49,44,47,49,53,53,50,55,0,52,27,50,51,0,49,46,36,54,38,45,47,45,60,42,51,48,48,52,0,48,55,43,42,46,42
2911,49,40,41,0,38,54,51,43,51,40,44,0,48,46,46,54,47,40,0,37,46,50,48,26,45,49,50,45,37,37,41,44,37,53,49,44,48,54,0,42,54,40,36,50,57,40,41,49,42,49,36,37,63,50,46,37,51,44,73,47,50,49,44,47,49,53,53,50,55,0,52,27,50,51,0,49,46,36,54,38,45,47,45,60,42,51,48,48,52,0,48,55,43,42,46,42
2912,49,40,41,0,38,54,51,43,51,40,44,0,48,46,46,54,47,40,0,37,46,50,48,26,45,49,50,45,37,37,41,44,37,53,49,44,48,54,0,42,54,40,36,50,57,40,41,49,42,49,36,37,63,50,46,37,51,44,73,47,50,49,44,47,49,53,53,50,55,0,52,27,50,51,0,49,46,36,54,38,45,47,45,60,42,51,48,48,52,0,48,55,43,42,46,42
2913,49,40,41,0,38,54,51,43,51,40,44,0,48,46,46,54,47,40,0,37,46,50,48,26,45,49,50,45,37,37,41,44,37,53,49,44,48,54,0,43,54,40,36,50,57,40,41,49,42,49,36,37,63,50,46,37,51,44,73,47,50,49,44,47,49,53,53,50,55,0,52,27,50,51,0,49,46,36,54,38,45,47,46,60,42,51,48,48,52,0,48,55,43,42,46,42
2914,49,40,41,0,38,54,51,43,51,40,44,0,48,46,46,54,47,40,0,37,46,50,48,26,45,49,50,45,37,37,41,44,37,53,49,44,48,54,0,43,54,40,36,50,57,40,41,49,42,49,36,37,63,50,46,37,51,44,73,47,50,49,44,47,49,53,53,50,55,0,52,27,50,51,0,49,46,36,54,38,45,47,46,60,42,51,48,48,52,0,48,55,43,42,46,42
2915,49,40,41,0,38,54,51,43,51,40,44,0,48,46,46,54,47,40,0,37,46,50,48,26,45,49,50,45,37,37,41,44,37,53,49,44,48,54,0,43,54,40,36,50,57,40,41,49,42,49,36,37,63,50,46,37,51,44,73,47,50,49,44,47,49,53,53,50,55,0,52,27,50,51,0,49,46,36,54,38,45,47,46,60,42,51,48,48,52,0,48,55,43,42,46,42
2916,49,40,41,0,38,54,51,43,51,40,44,0,48,46,46,54,47,40,0,37,46,50,48,26,45,49,50,45,37,37,41,44,37,53,49,44,48,54,0,43,54,40,36,50,57,40,41,49,42,49,36,37,63,50,46,37,51,44,73,47,50,49,44,47,49,53,53,50,55,0,52,27,50,51,0,49,46,36,54,38,45,47,46,60,42,51,48,48,52,0,48,55,43,42,46,42
2917,49,40,41,0,38,54,51,43,51,40,44,0,48,46,46,54,47,40,0,37,46,50,48,26,45,49,50,45,37,37,41,44,37,53,49,44,48,54,0,43,54,40,36,50,57,40,41,49,42,49,36,37,63,50,46,37,51,44,73,47,50,49,44,47,49,53,53,50,55,0,52,27,50,51,0,49,46,37,54,38,45,47,46,60,42,51,48,48,52,0,48,55,43,42,46,42
2918,49,40,41,0,38,54,51,43,51,40,44,0,48,46,46,54,47,40,0,37,46,50,48,26,45,49,50,45,37,37,41,44,37,53,49,44,48,54,0,43,54,40,36,50,57,40,41,49,42,49,36,37,63,50,46,37,51,44,73,47,50,49,44,47,49,53,53,50,55,0,52,27,50,51,0,49,46,37,54,38,45,47,46,60,42,51,48,48,52,0,48,55,43,42,46,42
2919,49,40,41,0,38,54,51,43,51,40,44,0,48,46,46,54,47,40,0,37,46,50,48,26,45,49,50,45,37,37,41,44,37,53,49,44,48,54,0,43,54,40,36,50,57,40,41,49,42,49,36,37,63,50,46,37,51,44,73,47,50,49,44,47,49,53,53,50,55,0,52,27,50,51,0,49,46,37,54,38,45,47,46,60,42,51,48,48,52,0,48,55,43,42,46,42
2920,49,40,41,0,38,54,51,43,51,40,44,0,48,46,46,54,47,40,0,37,46,50,48,26,45,49,50,45,37,37,41,44,37,53,49,44,48,54,0,43,54,40,37,50,57,40,41,49,42,49,36,37,63,50,46,37,51,44,73,47,50,49,44,47,49,53,53,50,55,0,52,27,50,51,0,49,46,37,54,38,45,47,46,60,42,51,48,48,52,0,48,55,43,42,46,42
2921,49,40,41,0,38,54,51,43,51,40,44,0,48,46,46,54,47,40,0,37,46,50,48,26,45,49,50,45,37,37,41,44,37,53,49,44,48,54,0,43,54,40,37,50,57,40,41,49,42,49,36,37,63,50,46,37,51,44,73,47,50,49,44,47,49,53,53,50,55,0,52,27,51,51,0,49,46,37,54,38,45,47,46,60,42,51,48,48,52,0,48,55,43,42,46,42
2922,49,40,41,0,38,54,51,43,51,40,44,0,48,46,46,54,47,40,0,37,46,50,48,27,45,49,50,45,37,37,41,44,37,53,49,44,48,54,0,43,54,40,37,50,57,40,41,49,42,49,36,37,63,50,46,37,51,44,73,47,50,49,44,47,49,53,53,50,55,0,52,27,51,51,0,49,46,37,54,38,45,47,46,60,42,51,48,48,52,0,48,55,43,42,46,42
2923,49,40,41,0,38,54,52,43,51,40,44,0,48,46,46,54,47,40,0,37,46,50,48,27,45,49,50,45,37,37,41,44,37,53,49,44,48,54,0,43,54,40,37,50,57,40,41,49,42,49,36,37,63,50,46,37,51,44,73,47,50,49,44,47,49,53,53,50,55,0,52,27,51,51,0,49,46,37,54,38,45,47,46,60,42,51,48,48,52,0,48,55,43,42,46,42
2924,49,40,41,0,39,54,52,43,51,40,44,0,48,46,46,54,47,40,0,37,46,50,48,27,45,49,50,45,37,37,41,44,37,53,49,44,48,54,0,43,54,40,37,50,57,40,41,49,42,49,36,37,63,50,46,37,51,44,73,47,50,49,44,47,49,53,53,50,55,0,52,27,51,51,0,49,46,37,54,38,45,47,46,60,42,51,48,48,52,0,48,55,43,42,46,42
2925,49,40,41,0,39,54,52,43,51,40,44,0,48,46,46,54,47,40,0,37,46,50,48,27,45,49,50,45,37,37,41,44,37,53,49,44,48,54,0,43,54,40,37,50,57,40,41,49,42,49,36,37,63,50,46,37,51,44,73,47,50,49,44,47,49,53,53,50,55,0,52,27,51,51,0,49,46,37,54,38,45,47,46,60,42,51,48,49,52,0,48,55,43,42,46,42
2926,49,40,41,0,39,54,52,43,51,40,44,0,48,46,46,54,47,40,0,37,46,50,48,27,45,49,50,45,37,37,41,44,37,53,49,44,48,54,0,43,54,40,37,50,57,40,41,49,42,49,36,37,63,50,46,37,51,44,73,47,50,49,44,47,49,53,53,50,55,0,52,27,51,51,0,49,46,37,54,38,45,47,46,60,42,51,48,49,52,0,48,55,43,42,46,42
2927,49,40,41,0,39,54,52,43,51,40,44,0,48,46,46,54,47,40,0,37,46,50,48,27,45,49,50,45,37,37,41,44,37,53,49,44,48,54,0,43,54,40,37,50,57,40,41,49,42,49,36,37,63,50,46,37,51,44,73,47,50,49,44,47,49,53,53,50,55,0,52,27,51,51,0,49,46,37,54,38,45,47,46,60,42,51,48,49,52,0,48,55,43,42,46,42
2928,49,40,41,0,39,54,52,43,51,40,44,0,48,46,46,54,47,40,0,37,46,50,48,27,45,49,50,45,37,38,41,44,37,53,49,44,48,54,0,43,54,40,37,50,57,40,41,49,42,49,36,37,63,50,46,37,51,44,73,47,50,49,44,47,49,53,53,50,55,0,52,28,51,51,0,49,46,37,54,38,45,47,46,60,42,51,48,49,52,0,48,55,43,42,46,42
2929,49,40,41,0,39,54,52,43,51,40,44,0,48,46,46,54,47,40,0,37,46,50,48,27,45,49,50,45,37,38,41,44,37,53,49,44,48,54,0,43,54,40,37,50,57,40,41,49,42,49,36,37,63,50,46,37,51,44,73,47,50,49,44,47,49,53,53,50,55,0,52,28,51,51,0,49,46,37,54,38,45,47,46,60,42,51,48,49,52,0,48,55,43,42,46,42
2930,49,40,41,0,39,54,52,43,51,40,44,0,48,46,46,54,47,40,0,37,46,50,48,27,45,49,50,45,37,38,41,44,37,53,49,44,48,54,0,43,54,40,37,50,57,40,41,49,42,49,36,37,63,50,46,37,51,45,73,47,50,49,44,47,49,53,53,50,55,0,52,28,51,51,0,49,46,37,54,38,45,47,46,60,42,51,48,49,52,0,48,55,43,42,46,42
2931,49,40,41,0,39,54,52,43,51,40,44,0,48,46,46,54,47,40,0,37,46,50,48,27,45,49,50,45,37,38,41,44,37,53,49,44,48,54,0,43,54,40,37,50,57,40,41,49,42,49,36,37,63,50,46,37,51,45,73,47,50,49,44,47,49,53,53,50,55,0,52,28,51,51,0,49,46,37,54,38,45,47,46,60,42,51,48,49,52,0,48,55,43,42,46,42
2932,49,40,41,0,39,54,52,43,51,40,44,0,48,46,46,54,47,40,0,37,46,50,48,27,45,50,50,45,37,38,41,44,37,53,49,44,48,54,0,43,54,40,37,50,57,40,41,49,42,49,36,37,63,50,46,37,51,45,73,47,50,49,44,47,49,53,53,50,55,0,52,28,51,51,0,49,46,37,54,38,45,47,46,60,42,51,48,49,52,0,48,55,43,42,46,42
2933,49,40,41,0,39,54,52,43,51,40,44,0,48,46,46,54,47,40,0,37,46,50,48,27,45,50,50,45,37,38,41,44,37,53,49,44,48,54,0,43,54,41,37,50,57,40,41,49,42,49,36,37,63,50,46,37,51,45,73,47,50,49,44,47,49,53,53,50,55,0,52,28,51,51,0,49,46,37,54,38,45,47,46,60,42,51,48,49,52,0,48,55,43,42,46,42
2934,49,40,41,0,39,54,52,43,51,40,44,0,48,46,46,54,47,40,0,37,46,50,48,27,45,50,50,45,37,38,41,44,37,53,49,44,48,54,0,43,54,41,37,50,57,40,41,49,42,49,36,37,63,50,46,37,51,45,73,47,50,49,44,47,49,53,53,50,55,0,52,28,51,51,0,49,46,37,54,38,45,47,46,60,42,51,48,49,52,0,48,55,43,42,46,42
2935,49,40,41,0,39,54,52,43,51,40,44,0,48,46,46,54,47,40,0,37,46,50,48,27,45,50,50,45,37,38,41,44,37,53,49,44,48,54,0,43,54,41,37,50,57,40,41,49,42,49,36,37,63,50,46,37,51,45,73,47,50,49,44,47,49,53,53,50,55,0,52,28,51,51,0,49,46,37,54,38,45,47,46,60,42,51,48,49,52,0,48,55,43,42,46,42
2936,49,40,41,0,39,54,52,43,51,40,44,0,48,46,46,54,47,40,0,37,46,50,48,27,45,50,50,45,37,38,41,44,37,53,49,44,48,54,0,43,54,41,37,50,57,40,41,49,42,49,36,37,63,50,46,37,51,45,73,47,50,49,44,47,49,53,53,50,55,0,52,28,51,51,0,49,46,37,54,38,45,47,46,60,42,51,48,49,52,0,48,55,43,42,46,42
2937,49,40,41,0,39,54,52,43,51,40,44,0,48,46,46,54,47,40,0,37,46,50,48,27,45,50,50,45,37,38,41,44,37,53,49,44,48,54,0,43,54,42,37,50,57,40,41,49,42,49,36,37,63,50,46,37,51,45,73,47,50,49,44,47,49,53,53,50,55,0,52,28,51,51,0,49,46,37,54,38,45,47,46,60,42,51,48,49,52,0,48,55,43,42,46,42
2938,49,40,41,0,39,54,52,43,51,40,44,0,48,46,46,54,47,40,0,37,46,50,48,27,45,50,50,45,37,38,41,44,37,53,49,44,48,54,0,43,54,42,37,50,57,40,41,49,42,49,36,37,63,50,46,37,51,45,73,47,50,49,44,47,49,53,53,50,55,0,52,28,51,51,0,49,46,37,54,38,45,47,46,60,42,51,48,49,52,0,48,55,43,42,46,42
2939,49,40,41,0,39,54,52,43,51,40,44,0,48,46,46,54,47,40,0,37,46,50,48,27,45,50,50,45,37,38,41,44,37,53,49,44,48,54,0,43,54,42,37,50,57,40,41,49,42,49,36,37,63,50,46,37,51,45,73,47,50,49,44,47,49,53,53,50,55,0,52,29,51,51,0,49,46,37,54,38,45,47,46,60,42,51,48,49,52,0,48,55,43,42,46,42
2940,49,40,41,0,39,54,52,43,51,40,44,0,48,46,46,54,47,40,0,37,46,50,48,27,45,50,50,45,37,38,41,44,37,53,49,44,48,54,0,43,54,42,37,50,57,40,41,49,42,49,36,37,63,50,46,37,51,45,73,47,50,49,44,47,49,53,53,50,55,0,52,30,51,51,0,49,46,37,54,38,45,48,46,60,42,51,48,49,52,0,48,55,43,42,46,42
2941,49,40,41,0,39,54,52,43,51,40,44,0,48,46,46,54,47,40,0,37,46,50,48,27,45,50,50,45,37,38,41,44,37,53,49,44,48,54,0,43,54,42,37,50,57,40,41,49,42,49,36,37,63,50,46,37,51,45,73,47,50,49,44,47,49,53,53,50,55,0,52,30,51,51,0,49,46,37,54,38,45,48,46,60,42,51,48,49,52,0,48,55,43,42,46,42
2942,49,40,41,0,39,54,52,43,51,40,44,0,48,46,46,54,47,40,0,37,46,50,48,27,45,50,50,45,37,38,41,44,37,53,49,44,48,54,0,43,54,42,37,50,57,40,41,49,42,49,36,37,63,50,46,37,51,45,73,47,50,49,44,47,49,53,53,50,55,0,52,30,51,51,0,49,46,37,54,38,45,48,46,60,42,51,48,49,52,0,48,55,43,42,46,42
2943,49,40,41,0,39,54,52,43,51,40,44,0,48,46,46,54,47,40,0,37,46,50,48,27,45,50,50,45,37,38,41,44,37,53,49,44,48,54,0,43,54,42,37,50,57,40,41,49,42,49,36,37,63,50,46,37,51,45,73,47,50,49,44,47,49,53,53,50,55,0,52,30,51,52,0,49,46,37,54,38,45,48,46,60,42,51,48,49,52,0,48,55,43,42,46,42
2944,49,40,41,0,39,54,52,43,51,40,44,0,48,46,46,54,47,40,0,37,46,50,48,27,45,50,50,45,37,38,41,44,37,53,49,44,48,54,0,43,54,42,37,50,57,40,41,49,42,49,36,37,63,50,46,37,51,45,73,47,50,49,44,47,49,53,53,50,55,0,52,30,51,52,0,49,46,37,54,38,45,48,46,60,42,51,48,49,52,0,48,55,43,42,46,42
2945,49,40,41,0,39,54,52,43,51,40,44,0,48,46,46,54,47,40,0,37,46,50,48,27,45,50,50,45,37,38,41,44,37,53,49,44,48,54,0,43,54,42,37,50,57,40,41,49,42,49,36,37,63,50,46,37,51,45,73,47,50,49,44,47,49,53,53,50,55,0,52,30,51,52,0,49,46,37,54,38,45,48,46,60,42,51,48,49,52,0,48,55,43,42,46,42
2946,49,40,41,0,39,54,52,43,51,40,44,0,48,46,46,54,47,40,0,37,46,50,48,27,45,50,50,45,37,38,41,44,37,53,49,44,48,54,0,43,54,42,37,50,57,40,41,49,42,49,36,37,63,50,46,37,51,45,73,47,50,49,44,47,49,53,53,50,55,0,52,30,51,52,0,49,46,37,54,38,45,48,46,60,42,51,48,49,52,0,48,55,43,42,46,42
2947,49,40,41,0,39,54,52,43,51,40,44,0,48,46,46,54,47,40,0,37,46,50,48,27,45,50,50,45,37,38,41,44,37,53,49,44,48,54,0,43,54,42,37,50,57,40,41,49,42,49,36,37,63,50,46,37,51,45,73,47,50,49,44,47,49,53,53,50,55,0,52,30,51,52,0,49,46,37,54,38,45,48,46,60,42,52,48,49,52,0,48,55,43,42,46,42
2948,49,40,41,0,39,54,52,43,51,40,44,0,48,46,46,54,47,40,0,37,46,50,49,27,45,50,50,45,37,38,41,44,37,53,49,44,49,54,0,43,54,42,38,50,57,40,41,49,42,49,36,37,63,50,46,37,51,45,73,47,50,49,44,47,49,53,53,50,55,0,52,30,51,52,0,49,46,37,54,38,45,48,46,61,42,52,48,49,52,0,48,55,43,42,46,42
2949,49,40,41,0,39,54,52,43,51,40,44,0,48,46,46,54,47,40,0,37,46,50,49,27,45,50,50,45,37,38,41,44,37,53,49,44,49,54,0,43,54,42,38,50,57,40,41,49,42,49,36,37,63,50,46,37,51,46,73,47,50,49,44,47,49,53,53,50,55,0,52,30,52,52,0,49,46,37,54,38,45,48,46,61,42,52,48,49,52,0,48,55,43,42,46,42
2950,49,40,41,0,39,54,52,43,51,40,44,0,48,46,46,54,47,40,0,37,46,50,49,27,45,50,50,45,37,38,41,44,37,53,49,44,49,54,0,43,54,42,38,50,57,40,41,49,42,49,36,37,63,50,46,37,51,46,73,47,50,49,44,47,49,53,53,50,55,0,52,30,52,52,0,49,46,37,54,38,45,48,46,61,42,52,48,49,52,0,48,55,43,42,46,42
2951,49,40,41,0,39,54,52,43,51,40,44,0,48,46,46,54,47,40,0,37,46,50,49,27,45,50,50,45,37,38,41,44,37,53,49,44,49,54,0,43,54,42,38,50,57,40,41,49,42,49,36,37,63,50,46,37,51,46,73,47,50,49,44,47,49,53,53,50,55,0,52,30,52,52,0,49,46,37,54,38,45,48,46,61,42,52,48,49,52,0,48,55,43,42,46,42
2952,49,40,41,0,39,54,52,43,51,40,44,0,48,46,46,54,47,40,0,37,46,50,49,27,45,50,50,45,37,38,41,44,37,53,49,44,49,54,0,43,54,42,38,50,57,40,41,49,42,49,36,37,63,50,46,37,51,46,73,47,50,49,44,47,49,53,53,50,55,0,52,30,52,52,0,49,46,37,54,38,46,48,46,61,42,52,48,49,52,0,48,55,43,42,47,42
2953,49,40,41,0,39,54,52,43,51,40,44,0,48,46,46,54,47,40,0,37,46,50,49,27,45,50,50,45,37,38,41,44,37,53,49,44,49,54,0,43,54,42,38,50,57,40,41,49,42,49,36,37,63,50,46,37,51,46,73,47,50,49,44,47,49,53,53,50,55,0,52,30,52,52,0,49,46,37,54,38,46,48,46,61,42,52,48,49,52,0,48,55,43,42,47,42
2954,49,40,41,0,39,54,52,43,51,40,44,0,48,46,46,54,47,40,0,37,46,50,49,27,45,50,50,45,37,38,41,44,37,53,49,44,49,54,0,43,54,42,38,50,57,40,41,49,42,49,36,37,63,50,46,37,51,46,73,47,50,49,44,47,49,53,53,50,55,0,52,30,52,52,0,49,46,37,54,38,46,48,46,61,42,52,48,49,52,0,48,55,43,42,47,42
2955,49,40,41,0,39,54,52,43,51,40,44,0,48,46,46,54,47,40,0,37,46,50,49,27,45,50,50,45,37,38,41,44,37,53,49,44,49,54,0,43,54,42,38,50,57,40,41,49,42,49,36,37,63,50,46,37,52,46,73,47,50,49,44,47,49,53,53,50,55,0,52,31,52,52,0,49,46,37,54,38,46,48,46,61,42,52,48,49,52,0,48,55,43,42,47,42
2956,49,40,41,0,39,54,52,43,51,40,44,0,48,46,46,54,47,40,0,37,46,50,49,27,45,50,50,45,37,38,41,44,37,53,49,44,49,54,0,43,54,42,38,50,57,40,41,49,42,49,36,37,63,50,46,37,53,46,73,47,50,49,44,47,49,53,53,50,55,0,52,31,52,53,0,49,46,37,54,38,46,48,46,61,42,52,48,49,52,0,48,55,43,42,47,42
2957,49,40,41,0,39,54,52,43,51,40,44,0,48,46,46,54,47,40,0,37,46,50,49,27,45,50,50,45,37,38,41,44,37,53,49,44,49,54,0,43,54,42,38,50,57,40,41,49,42,49,36,37,63,50,46,37,53,46,73,47,50,49,44,47,49,53,53,50,55,0,52,31,52,53,0,49,46,37,54,38,46,48,46,61,42,52,48,49,52,0,48,55,43,42,47,42
2958,49,40,41,0,39,54,52,43,51,40,44,0,48,46,46,54,47,40,0,37,46,50,49,27,45,50,50,45,37,38,41,44,37,53,49,44,49,54,0,43,54,42,38,50,57,40,41,49,42,50,36,37,63,50,46,37,53,46,73,47,50,49,44,47,49,53,53,50,55,0,52,31,52,53,0,49,46,37,54,38,46,48,46,61,42,52,48,49,52,0,48,55,43,42,47,42
2959,49,40,41,0,39,54,52,43,51,40,44,0,48,46,46,54,47,40,0,37,46,50,49,27,45,50,50,45,37,38,41,44,37,53,49,44,49,54,0,43,54,42,38,50,57,40,41,49,42,50,36,37,63,50,46,37,53,46,73,47,50,49,44,47,49,53,53,50,55,0,52,31,52,53,0,49,46,37,54,38,46,48,46,61,42,52,48,49,52,0,48,55,43,42,47,42
2960,49,40,41,0,39,54,52,43,51,40,44,0,48,46,46,54,47,40,0,37,46,50,49,27,45,50,50,45,37,38,41,44,37,53,49,44,49,54,0,43,54,42,38,50,57,40,41,49,42,50,36,37,63,50,46,37,53,46,73,47,50,49,44,47,49,53,53,50,55,0,52,31,52,53,0,49,46,37,54,38,46,48,46,61,42,52,48,49,52,0,48,55,43,42,47,42
2961,49,40,41,0,39,54,52,43,51,40,44,0,48,46,46,54,47,40,0,37,46,50,49,27,45,50,50,45,37,38,41,44,37,53,49,44,49,54,0,43,54,42,38,50,57,40,41,49,42,50,36,37,63,50,46,37,53,46,73,47,50,49,44,47,49,53,53,50,55,0,52,31,52,53,0,49,46,37,54,38,46,48,46,61,43,52,48,49,52,0,48,55,43,42,47,42
2962,49,40,41,0,39,54,52,43,51,40,44,0,48,46,46,54,47,40,0,37,46,50,49,27,45,50,50,45,37,38,41,44,37,53,49,44,49,54,0,43,54,42,38,50,57,40,41,49,42,50,36,37,63,50,46,37,53,46,73,47,50,49,44,47,49,53,53,50,55,0,52,31,52,53,0,49,46,37,54,38,46,48,46,61,43,52,48,49,52,0,48,55,43,42,47,42
2963,49,40,41,0,39,54,52,43,51,40,44,0,48,46,46,54,47,40,0,37,46,50,49,27,45,50,50,45,37,38,41,44,37,53,49,44,49,54,0,43,54,42,38,50,57,40,41,49,42,50,36,37,63,50,46,37,53,46,73,47,50,49,44,47,49,53,53,50,55,0,52,31,52,53,0,49,46,37,54,38,46,48,46,61,43,52,48,49,52,0,48,55,43,42,47,42
2964,49,40,41,0,39,54,52,43,51,40,44,0,48,46,46,54,47,40,0,37,46,50,49,27,45,50,50,45,37,38,41,44,37,53,49,44,49,54,0,43,54,42,38,50,57,40,41,49,42,50,36,37,63,50,46,37,53,46,73,47,50,49,44,47,49,53,53,50,55,0,52,32,52,53,0,49,46,37,54,38,46,48,46,61,43,52,48,49,52,0,48,55,43,42,47,42
2965,49,40,41,0,39,54,52,43,51,40,44,0,48,46,46,54,47,40,0,37,46,50,49,27,45,50,50,45,37,38,41,44,37,53,49,44,49,54,0,43,54,42,38,50,57,40,41,49,42,50,36,37,63,50,46,37,53,46,73,47,50,49,44,47,49,53,53,50,55,0,52,32,52,53,0,49,46,37,54,38,46,48,46,61,43,52,48,49,52,0,48,55,43,42,47,42
2966,49,40,41,0,39,54,52,43,51,40,44,0,48,46,46,54,47,40,0,37,46,51,49,27,45,50,50,45,37,38,41,44,37,53,49,44,49,54,0,43,54,42,38,50,57,40,41,49,42,50,36,37,63,50,46,37,53,46,73,47,50,49,44,47,49,53,53,50,55,0,52,32,52,53,0,49,46,37,54,38,46,48,46,61,43,52,48,49,52,0,48,55,43,42,47,42
2967,49,40,41,0,39,54,52,43,51,40,44,0,48,46,46,54,47,40,0,37,46,51,49,27,45,50,50,45,37,38,41,44,37,53,49,44,49,54,0,43,54,42,38,50,57,40,41,49,42,50,36,37,63,50,46,37,53,46,73,47,50,49,44,47,49,53,53,50,55,0,52,32,52,53,0,49,46,37,54,38,46,48,46,61,43,52,48,49,52,0,48,55,43,42,47,42
2968,49,40,41,0,39,54,52,43,51,40,44,0,48,46,46,54,47,40,0,37,46,51,49,27,45,50,50,45,37,38,41,44,37,53,49,44,49,54,0,43,54,42,38,50,57,40,41,49,42,50,36,37,63,50,46,37,53,46,73,47,50,49,44,47,49,53,53,50,55,0,52,32,52,53,0,49,46,37,54,38,46,49,46,61,43,52,48,49,52,0,48,55,43,42,47,42
2969,49,40,41,0,39,54,52,43,51,40,44,0,48,46,46,54,47,40,0,37,46,51,49,27,45,50,50,45,37,38,41,44,37,53,49,44,49,54,0,43,54,42,38,50,58,40,41,49,42,50,36,37,63,50,46,37,53,46,73,47,50,49,44,47,49,53,53,50,55,0,52,32,52,53,0,49,46,37,54,38,46,49,46,61,43,52,48,50,52,0,48,55,43,42,47,42
2970,49,40,41,0,39,54,52,43,51,40,44,0,48,46,46,55,47,40,0,37,46,51,49,27,45,50,50,45,37,38,41,44,37,53,49,44,49,54,0,43,54,42,38,50,58,40,41,49,42,50,36,37,63,50,46,37,53,46,73,47,50,49,44,47,49,53,53,50,55,0,52,32,52,53,0,49,46,37,54,38,46,49,46,61,43,52,48,50,52,0,48,55,43,42,47,42
2971,49,40,41,0,39,54,52,43,51,40,44,0,48,46,46,55,47,40,0,37,46,51,49,27,45,50,50,45,37,38,41,44,37,53,49,44,49,54,0,43,54,42,38,50,58,40,41,49,42,50,36,37,63,50,46,37,53,47,73,47,50,49,44,47,49,53,53,50,55,0,52,32,52,53,0,49,46,37,54,38,46,49,46,61,43,53,48,50,52,0,48,55,43,42,47,42
2972,49,40,41,0,39,54,53,43,51,40,44,0,48,46,46,55,47,40,0,37,46,51,49,27,45,50,50,45,37,38,41,44,37,53,49,44,49,54,0,43,54,42,38,50,58,40,41,49,42,50,36,37,63,50,46,37,53,47,73,47,50,49,44,47,49,53,53,50,55,0,52,32,52,53,0,49,46,37,54,38,46,49,46,61,43,53,48,50,52,0,48,55,43,42,47,42
2973,49,40,41,0,39,54,53,43,51,40,44,0,48,46,46,55,47,40,0,37,46,51,49,27,45,50,50,45,37,38,41,44,37,53,49,44,49,54,0,43,54,42,38,50,58,40,41,49,42,50,36,37,63,50,46,37,53,47,73,47,50,49,44,47,49,53,53,50,55,0,52,32,52,53,0,49,46,37,54,38,46,49,46,61,43,53,48,50,52,0,48,55,43,42,47,42
2974,49,40,41,0,39,54,53,43,51,40,44,0,48,46,46,55,47,40,0,37,46,51,49,27,45,50,50,45,37,38,41,44,37,53,49,44,49,54,0,43,54,42,38,50,58,40,41,49,42,50,36,37,63,50,46,37,53,47,73,47,50,49,44,47,49,53,53,50,55,0,52,32,52,53,0,49,46,37,54,38,46,49,46,61,43,53,48,50,52,0,48,55,43,42,47,42
2975,49,40,41,0,39,54,53,43,51,40,44,0,48,46,46,55,47,40,0,37,46,51,49,27,45,50,50,45,37,38,41,44,37,53,49,44,49,54,0,43,54,42,38,50,58,40,41,49,42,50,36,37,63,50,46,37,53,47,73,47,50,49,44,47,49,53,53,50,55,0,52,32,52,54,0,49,46,37,54,38,46,49,46,61,43,53,48,50,52,0,48,55,43,42,47,42
2976,49,40,41,0,39,54,53,43,51,40,44,0,48,46,46,55,47,40,0,37,46,51,49,27,45,50,50,45,37,38,41,44,37,53,49,44,49,54,0,43,54,42,38,50,58,41,41,49,42,50,36,37,63,50,46,37,53,47,73,47,50,49,44,47,49,53,53,50,55,0,52,32,52,54,0,49,46,37,54,38,46,49,46,61,43,53,48,50,52,0,48,55,43,42,47,42
2977,49,40,41,0,39,54,53,43,51,40,44,0,48,46,46,55,47,40,0,37,46,51,49,27,45,50,50,45,37,38,41,44,37,53,49,44,49,54,0,43,54,42,39,50,58,41,41,49,42,50,36,37,63,50,46,37,53,47,73,47,50,49,44,47,49,54,53,50,55,0,52,32,52,54,0,49,46,37,54,38,46,49,46,61,43,53,48,50,52,0,48,55,43,42,47,42
2978,49,40,41,0,39,54,53,43,51,40,44,0,48,46,46,55,47,40,0,37,46,51,49,27,45,50,50,45,37,38,41,44,37,53,49,44,49,54,0,43,54,42,39,50,58,41,41,49,42,50,36,37,63,50,46,37,53,47,73,47,50,49,44,47,49,54,53,50,55,0,52,32,52,54,0,49,46,37,54,38,46,49,46,61,43,53,48,50,52,0,48,55,43,42,47,42
2979,49,40,41,0,39,54,53,43,51,40,44,0,48,46,46,55,47,40,0,37,46,51,49,27,45,50,50,45,37,38,41,44,37,53,49,44,49,54,0,43,54,42,39,50,58,41,41,49,42,50,36,37,63,50,46,37,53,47,73,47,50,49,44,47,49,54,53,50,55,0,52,32,52,54,0,49,46,37,54,38,46,49,46,61,43,53,48,50,52,0,48,55,43,42,47,42
2980,49,40,41,0,39,54,53,43,51,40,45,0,48,46,46,55,47,40,0,37,46,51,49,27,45,50,50,45,37,38,41,44,37,53,49,44,49,54,0,43,54,42,39,50,58,41,41,49,42,50,36,37,63,50,46,37,53,47,73,47,50,49,44,47,49,54,53,50,55,0,52,32,52,54,0,49,46,37,54,38,46,49,46,61,43,53,48,50,52,0,48,55,43,42,47,42
2981,49,40,41,0,39,54,53,43,51,40,45,0,48,46,46,55,47,40,0,37,46,51,49,27,45,50,50,45,37,38,41,44,37,53,49,44,49,54,0,43,54,42,39,50,58,41,41,49,42,50,36,37,63,50,46,37,53,47,73,47,50,49,44,47,49,54,53,50,55,0,52,32,52,54,0,49,46,37,54,38,46,49,46,61,43,53,48,50,52,0,48,55,43,42,47,42
2982,49,40,41,0,39,54,53,43,51,40,45,0,48,46,46,55,47,40,0,37,46,51,49,27,45,50,50,45,37,38,41,44,37,53,49,44,49,54,0,43,54,42,39,50,58,41,41,49,42,50,36,37,63,50,46,37,53,47,73,47,50,49,44,47,49,54,53,50,55,0,52,32,52,54,0,49,46,37,54,38,46,49,46,61,43,53,48,50,52,0,48,55,43,42,47,42
2983,49,40,41,0,39,54,53,43,51,40,45,0,48,46,46,55,47,40,0,37,46,51,49,27,45,50,50,45,37,38,41,44,37,53,49,44,49,54,0,43,54,42,39,50,58,41,41,49,42,50,36,37,63,50,46,37,53,47,73,47,50,49,44,47,49,54,53,50,55,0,52,32,52,54,0,49,46,37,54,38,46,49,46,61,43,53,48,50,52,0,48,55,43,42,47,42
2984,49,40,41,0,39,54,53,43,51,40,45,0,48,46,46,55,47,40,0,37,46,51,49,27,45,50,50,45,37,38,41,44,37,53,49,44,49,54,0,43,54,42,39,50,58,41,41,49,42,50,36,37,63,50,46,37,53,47,73,47,50,49,44,47,49,54,53,50,55,0,52,32,52,54,0,49,46,37,54,38,46,49,46,61,43,53,48,50,52,0,48,55,43,42,47,42
2985,49,40,41,0,39,54,53,43,51,41,45,0,48,46,46,55,47,40,0,37,46,51,49,27,45,50,50,45,37,38,41,44,37,53,49,44,49,54,0,43,54,42,39,50,58,41,41,49,42,50,36,37,63,50,46,37,53,47,73,47,50,49,44,47,49,54,53,50,55,0,52,32,52,54,0,49,46,37,54,38,46,49,46,61,43,53,48,50,52,0,48,55,43,42,47,42
2986,49,40,41,0,39,54,53,43,51,41,45,0,48,46,46,55,47,40,0,37,46,51,49,27,45,50,50,45,37,38,41,44,37,53,49,44,49,54,0,43,54,42,39,50,58,41,41,49,42,50,36,37,63,50,46,37,53,47,73,47,50,49,44,47,49,54,53,50,55,0,52,32,52,54,0,49,46,37,54,38,46,49,46,61,43,53,48,50,52,0,48,55,43,42,47,42
2987,49,40,41,0,39,54,53,43,51,41,45,0,48,46,46,55,47,40,0,37,46,51,49,27,45,50,50,45,37,38,41,44,37,53,49,44,49,54,0,43,54,42,39,50,58,41,41,49,42,50,36,37,63,50,46,37,53,47,73,47,50,49,44,47,49,54,53,50,55,0,52,32,52,54,0,49,46,37,54,38,46,49,46,61,43,53,48,50,52,0,48,55,43,42,47,42
2988,49,40,41,0,39,54,53,43,51,41,45,0,48,46,46,55,47,40,0,37,46,51,49,27,45,50,50,45,37,38,41,44,37,53,49,44,49,54,0,43,54,42,39,50,58,41,41,49,42,50,36,37,63,50,46,37,53,47,73,47,50,49,44,47,49,54,53,50,55,0,52,33,52,54,0,49,46,37,54,38,46,49,46,61,43,53,48,50,52,0,48,55,43,42,47,42
2989,49,40,41,0,39,54,53,43,51,41,45,0,48,46,46,55,47,40,0,37,46,51,49,27,45,50,50,45,37,38,41,44,37,53,49,44,49,54,0,43,54,42,39,50,58,41,41,49,42,50,36,37,63,50,46,37,53,47,73,47,50,49,44,47,49,54,53,50,55,0,52,33,52,54,0,49,46,37,54,38,46,49,46,61,43,53,48,50,52,0,48,55,43,42,47,42
2990,49,41,41,0,39,54,53,43,51,41,45,0,48,46,46,55,47,40,0,37,46,51,49,27,45,50,50,45,37,38,41,44,37,53,49,44,49,54,0,43,54,42,39,50,58,41,41,49,42,50,36,37,63,50,46,37,53,47,73,47,50,49,44,47,49,54,53,50,55,0,52,33,52,54,0,49,46,37,54,38,46,49,46,61,43,53,48,50,52,0,48,55,43,42,47,42
2991,49,41,41,0,39,54,53,43,51,41,45,0,48,46,46,55,47,40,0,37,46,51,49,27,45,50,50,45,37,38,41,44,37,53,49,44,49,54,0,43,54,42,39,50,58,41,41,49,42,50,36,37,63,50,46,37,53,47,73,47,50,49,44,47,49,54,53,50,55,0,52,33,52,54,0,49,46,37,54,38,46,49,46,61,43,53,48,50,52,0,48,55,43,42,47,42
2992,49,41,41,0,39,54,53,43,51,41,45,0,48,46,46,55,47,40,0,37,46,51,49,27,45,50,50,45,37,38,41,44,37,53,49,44,49,54,0,43,54,42,39,50,58,41,41,49,42,50,36,37,63,50,46,37,53,47,73,47,50,49,44,47,49,54,53,50,55,0,52,33,52,54,0,49,46,37,54,38,46,49,46,61,43,53,48,50,52,0,48,55,43,42,47,42
2993,49,41,41,0,39,54,53,43,51,41,45,0,48,46,46,55,47,40,0,37,46,51,49,27,45,50,50,45,37,38,41,44,37,53,49,44,49,54,0,43,54,42,39,50,58,41,41,49,42,50,36,37,63,50,46,37,53,47,73,47,50,49,44,47,49,54,53,50,55,0,52,33,52,54,0,49,46,37,54,38,46,49,46,61,43,53,48,50,52,0,48,55,43,42,47,42
2994,49,41,41,0,39,54,53,43,51,41,45,0,48,46,46,55,47,40,0,37,46,51,49,27,45,50,50,45,37,38,41,44,37,53,49,44,49,54,0,43,54,42,39,50,58,41,41,49,42,50,36,37,63,50,46,37,53,47,73,47,50,49,44,47,49,54,53,50,55,0,52,33,52,54,0,49,46,37,54,38,46,49,46,61,43,53,48,50,52,0,48,55,43,42,47,42
2995,49,41,41,0,39,54,53,43,51,41,45,0,48,46,46,55,47,40,0,37,46,51,49,28,45,50,50,45,37,38,41,44,37,53,49,44,49,54,0,43,54,42,39,50,58,41,41,49,42,50,36,37,63,50,46,37,53,47,73,47,50,49,44,47,49,54,53,50,55,0,52,33,52,54,0,49,46,37,54,38,46,50,46,61,43,53,48,50,52,0,48,55,43,42,47,42
2996,49,41,41,0,39,54,53,43,51,41,45,0,48,46,46,55,47,40,0,37,46,51,49,28,45,50,50,45,37,38,41,44,37,53,49,44,49,54,0,43,54,42,39,50,58,41,41,49,42,50,36,37,63,50,46,37,53,47,73,47,50,49,44,47,49,54,53,50,55,0,52,33,52,54,0,49,46,37,54,38,46,50,46,61,43,53,48,50,52,0,48,55,43,42,47,42
2997,49,41,41,0,39,54,53,43,51,41,45,0,48,46,46,55,47,40,0,37,46,51,49,28,45,50,50,45,37,38,41,44,37,53,49,44,49,54,0,43,54,42,39,50,58,41,41,49,42,50,36,37,63,50,46,37,53,47,73,47,50,49,44,47,49,54,53,50,55,0,52,33,52,54,0,49,46,37,54,38,46,50,46,61,43,53,48,50,52,0,48,55,43,42,47,42
2998,49,41,41,0,39,54,53,43,51,41,45,0,48,46,46,55,47,40,0,37,46,51,49,28,45,50,50,45,37,38,41,44,37,53,49,44,49,54,0,43,54,42,39,50,58,41,41,49,42,50,36,37,63,50,46,37,53,47,73,47,50,49,44,47,49,54,53,50,55,0,52,33,52,54,0,49,46,37,54,38,46,50,46,61,43,53,48,50,52,0,48,55,43,42,47,42
2999,49,41,41,0,39,54,53,43,51,41,45,0,48,46,46,55,47,40,0,37,46,51,49,28,45,50,50,45,37,38,41,44,37,53,49,44,49,54,0,43,54,42,39,50,58,41,41,49,42,50,36,37,63,50,46,37,53,47,73,47,50,49,44,47,49,54,53,50,55,0,52,33,52,54,0,49,46,37,54,38,46,50,46,61,43,53,48,50,52,0,48,55,43,42,47,42
3000,49,41,41,0,39,54,53,43,51,41,45,0,48,46,46,55,47,40,0,37,46,51,49,28,45,50,50,45,37,38,41,44,37,53,49,44,49,54,0,43,54,42,39,50,58,41,41,49,42,50,36,37,63,50,46,37,53,47,73,47,50,49,44,47,49,54,53,50,55,0,52,33,52,54,0,49,46,37,54,38,46,50,46,61,43,53,48,50,52,0,48,55,43,42,47,42
3001,49,41,41,0,39,54,53,43,51,41,45,0,48,46,46,55,47,40,0,37,46,51,49,28,45,50,50,45,37,38,41,44,37,53,49,44,49,54,0,43,54,42,39,50,58,41,41,49,42,50,36,37,63,50,46,37,53,47,73,47,50,49,44,47,49,54,53,50,55,0,52,33,52,54,0,49,46,37,54,38,46,50,46,61,43,53,48,50,52,0,48,55,43,42,47,42
3002,49,41,41,0,39,54,53,43,51,41,45,0,48,46,46,55,47,40,0,37,46,51,49,28,45,50,50,45,37,38,41,44,37,53,49,44,49,54,0,43,54,42,39,50,58,41,41,49,42,50,36,37,63,50,46,37,53,47,73,47,50,49,44,47,49,54,53,50,55,0,52,33,52,54,0,49,46,37,54,38,46,50,46,61,43,53,48,50,52,0,48,55,43,42,47,42
3003,49,41,41,0,39,54,53,43,51,41,45,0,48,46,46,55,47,40,0,37,46,51,49,28,45,50,50,45,37,38,41,44,37,53,49,44,49,54,0,43,54,42,39,50,58,41,41,49,42,50,36,37,63,50,46,37,53,47,73,47,50,49,44,47,49,54,53,50,55,0,52,33,52,54,0,49,46,37,54,38,46,50,46,61,43,53,48,50,52,0,48,55,43,42,47,42
3004,49,41,41,0,39,54,53,43,51,41,45,0,48,46,46,55,47,40,0,37,46,51,49,28,45,50,50,45,37,38,41,44,37,53,49,44,49,54,0,43,54,42,39,50,58,41,41,49,42,50,36,37,63,50,46,37,53,47,73,47,50,49,44,47,49,54,53,50,55,0,52,33,52,54,0,49,46,37,54,38,46,50,46,61,43,53,48,50,52,0,48,55,43,42,47,42
3005,49,41,41,0,39,54,53,43,51,41,45,0,48,46,46,55,47,40,0,37,46,51,49,28,45,50,50,45,37,38,41,44,37,53,49,44,49,54,0,43,54,42,39,50,58,41,41,49,42,50,36,37,63,50,46,37,53,47,73,47,50,49,44,47,49,54,53,50,55,0,52,33,52,54,0,49,46,37,54,38,46,50,46,61,43,53,48,50,52,0,48,55,43,42,47,42
3006,49,41,41,0,39,54,53,43,51,41,45,0,48,46,46,55,47,40,0,37,46,51,49,28,45,50,50,45,37,38,41,44,37,53,49,44,49,54,0,43,54,42,39,50,58,41,41,49,42,50,36,37,63,50,46,37,53,47,73,47,50,49,44,47,49,54,53,50,55,0,52,33,52,54,0,49,46,37,54,38,46,50,46,61,43,53,48,50,52,0,48,55,43,42,47,42
3007,49,41,41,0,39,54,53,43,51,41,45,0,48,46,46,55,47,40,0,37,46,51,49,29,45,50,50,45,37,38,41,44,37,53,49,44,49,54,0,43,54,42,39,50,58,41,41,49,42,50,36,37,63,50,46,37,53,47,73,47,50,49,44,47,49,54,53,50,55,0,52,33,52,54,0,49,46,37,54,38,46,50,46,61,43,53,48,50,52,0,48,55,43,42,47,42
3008,49,41,41,0,39,54,53,43,51,41,45,0,48,46,46,55,47,41,0,37,46,51,49,29,45,50,50,45,37,38,41,44,37,53,49,44,49,54,0,43,54,42,39,50,58,41,41,49,42,50,36,37,63,50,46,37,53,47,73,47,50,49,44,47,49,54,53,50,55,0,52,33,52,54,0,49,46,37,54,38,46,50,46,61,43,53,48,50,52,0,48,55,43,42,47,42
3009,49,41,41,0,39,54,53,43,51,41,45,0,48,46,46,55,47,41,0,37,46,51,49,29,45,50,50,45,37,38,41,44,37,53,49,44,49,54,0,43,54,42,39,50,58,41,41,49,42,50,36,37,63,50,46,37,53,47,73,47,50,49,44,47,49,54,53,50,55,0,52,33,52,54,0,49,46,37,54,38,46,50,46,61,43,53,48,50,52,0,48,55,43,42,47,42
3010,49,41,41,0,39,54,53,43,51,41,45,0,48,46,46,55,47,41,0,37,46,51,49,29,45,50,50,45,37,38,41,44,37,53,49,44,50,54,0,43,54,42,39,50,58,41,41,49,42,50,36,37,63,50,46,37,53,47,73,47,50,49,44,47,49,54,53,50,55,0,52,33,52,54,0,49,46,37,54,38,46,50,46,61,43,53,48,50,52,0,48,55,43,42,47,42
3011,49,41,41,0,39,54,53,43,51,41,45,0,48,46,46,55,47,41,0,37,46,51,49,29,45,50,50,45,37,38,41,44,37,53,49,44,50,54,0,43,54,42,39,50,58,41,41,49,42,50,36,37,63,50,46,37,53,47,73,47,50,49,44,47,49,54,53,50,55,0,52,33,52,54,0,49,46,37,54,38,46,50,46,61,43,54,48,50,52,0,48,55,43,42,47,42
3012,49,41,41,0,39,54,53,43,51,41,45,0,48,46,46,55,47,41,0,37,46,51,49,29,45,50,50,45,37,38,41,44,37,53,49,44,50,54,0,43,54,42,39,50,58,41,41,49,42,50,36,37,63,50,46,37,53,47,73,47,50,49,44,47,49,54,53,50,55,0,52,33,52,54,0,49,46,37,54,38,46,50,46,61,43,54,48,50,52,0,48,55,43,42,47,42
3013,49,41,41,0,39,54,53,43,51,41,45,0,48,46,46,55,47,41,0,37,46,51,49,29,45,50,50,45,37,38,41,44,37,53,49,44,50,54,0,43,54,42,39,50,58,41,41,49,42,50,36,37,63,50,46,37,53,47,73,47,50,49,44,47,49,54,53,50,55,0,52,33,52,54,0,49,46,37,54,38,46,50,46,61,43,54,48,50,52,0,48,55,43,42,47,42
3014,49,41,41,0,39,54,53,43,51,41,45,0,48,46,46,55,47,41,0,37,46,51,49,30,45,50,50,45,37,38,41,44,37,53,49,44,50,54,0,43,54,42,39,50,58,41,41,49,42,50,36,37,64,50,46,37,53,47,73,48,50,49,44,47,49,54,53,50,55,0,52,33,52,54,0,49,46,37,54,38,46,50,46,61,43,54,48,50,52,0,48,55,43,42,47,42
3015,49,41,41,0,39,54,53,43,51,41,45,0,48,46,46,55,47,41,0,37,46,51,49,30,45,50,50,45,37,38,41,44,37,53,49,44,50,54,0,43,54,42,39,50,58,41,41,49,42,50,36,37,64,50,46,37,53,47,73,48,50,49,44,47,49,54,53,50,55,0,52,33,52,54,0,49,46,37,54,38,46,50,46,61,43,54,48,50,52,0,48,55,43,42,47,42
3016,49,41,41,0,39,54,53,43,51,41,45,0,48,46,46,55,47,41,0,37,46,51,49,30,45,50,50,45,37,38,41,44,37,53,49,44,50,54,0,43,54,42,39,50,58,41,41,49,42,50,36,37,64,50,46,37,53,47,73,48,50,49,44,47,49,54,53,50,55,0,52,33,52,54,0,49,46,37,54,38,46,50,46,61,43,54,48,50,52,0,48,55,43,42,47,42
3017,49,41,41,0,39,54,53,43,51,41,45,0,48,46,46,55,47,41,0,37,46,51,49,30,45,50,50,45,37,38,41,44,37,53,49,44,50,54,0,43,54,42,39,50,58,41,41,49,42,50,36,37,64,50,46,37,53,47,73,48,50,49,44,47,49,54,53,50,55,0,52,33,52,54,0,49,46,37,54,38,46,50,46,61,43,54,48,50,52,0,48,55,43,42,47,42
3018,49,41,41,0,39,54,53,43,51,41,45,0,48,46,46,55,47,41,0,38,46,51,49,30,45,50,50,45,37,38,41,44,37,53,49,44,50,54,0,43,54,42,39,50,58,41,41,49,42,50,36,37,64,50,46,37,53,47,73,48,50,49,44,47,49,54,53,50,55,0,52,33,52,54,0,49,46,37,54,38,46,50,46,61,43,54,48,50,52,0,48,55,43,42,47,42
3019,49,41,41,0,39,54,53,43,51,41,45,0,48,46,46,55,47,41,0,38,46,51,49,30,45,50,50,45,37,38,41,44,37,53,49,44,50,54,0,43,54,42,39,50,58,41,41,49,42,50,36,37,64,50,46,37,53,47,73,48,50,49,44,47,49,54,53,50,55,0,52,33,52,54,0,49,46,37,54,38,46,50,46,61,43,54,48,50,52,0,48,55,43,42,47,42
3020,49,41,41,0,39,54,53,43,51,41,45,0,48,46,46,55,47,41,0,38,46,51,49,30,45,50,50,45,37,38,41,44,37,53,49,44,50,54,0,43,54,42,39,50,58,41,41,49,42,50,36,37,64,50,46,37,53,47,73,48,50,49,44,47,49,54,53,50,55,0,52,33,52,54,0,49,46,37,54,38,46,50,46,61,43,54,48,50,52,0,48,55,43,42,47,42
3021,49,41,41,0,39,54,53,43,51,41,45,0,48,46,46,55,47,41,0,38,46,51,49,30,45,50,50,45,37,38,41,44,37,53,49,44,50,54,0,43,54,42,39,50,58,41,41,49,42,50,36,37,64,50,46,37,53,47,73,48,50,49,44,47,49,54,53,50,55,0,52,33,52,54,0,49,46,37,54,38,46,50,46,61,43,54,48,50,52,0,48,55,43,42,47,42
3022,49,41,41,0,39,54,53,43,51,41,45,0,48,46,46,55,47,41,0,38,46,51,49,30,45,50,50,45,37,38,41,44,37,53,49,44,51,54,0,43,54,42,39,50,58,41,41,49,42,50,36,37,64,50,46,37,53,47,73,48,50,49,44,47,49,54,53,51,55,0,52,33,52,54,0,49,46,37,54,38,46,51,46,61,43,54,48,50,52,0,48,55,43,42,47,42
3023,49,41,41,0,39,54,53,43,51,41,45,0,48,46,46,55,47,41,0,38,46,51,49,30,45,50,50,45,37,38,41,44,37,53,49,44,51,54,0,43,54,42,39,50,58,41,41,49,42,50,36,37,64,50,46,37,53,47,73,48,50,49,44,47,49,54,53,51,55,0,52,33,52,54,0,49,46,37,54,38,46,51,46,61,43,54,48,50,52,0,48,55,43,42,47,42
3024,49,41,41,0,39,54,53,43,51,41,45,0,48,46,46,55,47,41,0,38,46,51,49,30,45,50,50,45,37,38,41,44,37,53,49,44,51,54,0,43,54,42,39,50,58,41,41,49,42,50,36,37,64,50,46,37,53,47,73,48,50,49,44,47,49,54,53,51,55,0,52,33,52,54,0,49,46,37,54,38,46,51,46,61,43,54,48,50,52,0,48,55,43,42,47,42
