,H0,H1,H2,H3,H4,H5,H6,H7,H8,H9,H10,H11,H12,H13,H14,H15,H16,H17,H18,H19,H20,H21,H22,H23,H24,H25,H26,H27,H28,H29,H30,H31,H32,H33,H34,H35,H36,H37,H38,H39,H40,H41,H42,H43,H44,H45,H46,H47,H48,H49,H50,H51,H52,H53,H54,H55,H56,H57,H58,H59,H60,H61,H62,H63,H64,H65,H66,H67,H68,H69,H70,H71,H72,H73,H74,H75,H76,H77,H78,H79,H80,H81,H82,H83,H84,H85,H86,H87,H88,H89,H90,H91,H92,H93,H94,H95
0,0,0,0,0,0,0,0,0,0,0,0,0,0,0,0,0,0,0,0,0,0,0,0,0,0,0,0,0,0,0,0,0,0,0,0,0,0,0,0,0,0,0,0,0,0,0,0,0,0,0,0,0,0,0,0,0,0,0,0,0,0,0,0,0,0,0,0,0,0,0,0,0,0,0,0,0,0,0,0,0,0,0,0,0,0,0,0,0,0,0,0,0,0,0,0,0
1,0,0,0,0,0,0,0,0,0,0,0,0,0,0,0,0,0,0,0,0,0,0,0,0,0,0,0,0,0,0,0,0,0,0,0,0,0,0,0,0,0,0,0,0,0,0,0,0,0,0,0,0,0,0,0,0,0,0,0,0,0,0,0,0,0,0,0,0,0,0,0,0,0,0,0,0,0,0,0,0,0,0,0,0,0,0,0,0,0,0,0,0,0,0,0,0
2,0,0,0,0,0,0,0,0,0,0,0,0,0,0,0,0,0,0,0,0,0,0,0,0,0,0,0,0,0,0,0,0,0,0,0,0,0,0,0,0,0,0,0,0,0,0,0,0,0,0,0,0,0,0,0,0,0,0,0,0,0,0,0,0,0,0,0,0,0,0,0,0,0,0,0,0,0,0,0,0,0,0,0,0,0,0,0,0,0,0,0,0,0,0,0,0
3,0,0,0,0,0,0,0,0,0,0,0,0,0,0,0,0,0,0,0,0,0,0,0,0,0,0,0,0,0,0,0,0,0,0,0,0,0,0,0,0,0,0,0,0,0,0,0,0,0,0,0,0,0,0,0,0,0,0,0,0,0,0,0,0,0,0,0,0,0,0,0,0,0,0,0,0,0,0,0,0,0,0,0,0,0,0,0,0,0,0,0,0,0,0,0,0
4,0,0,0,0,0,0,0,0,0,0,0,0,0,0,0,0,0,0,0,0,0,0,0,0,0,0,0,0,0,0,0,0,0,0,0,0,0,0,0,0,0,0,0,0,0,0,0,0,0,0,0,0,0,0,0,0,0,0,0,0,0,0,0,0,0,0,0,0,0,0,0,0,0,0,0,0,0,0,0,0,0,0,0,0,0,0,0,0,0,0,0,0,0,0,0,0
5,0,0,0,0,0,0,0,0,0,0,0,0,0,0,0,0,0,0,0,0,0,0,0,0,0,0,0,0,0,0,0,0,0,0,0,0,0,0,0,0,0,0,0,0,0,0,0,0,0,0,0,0,0,0,0,0,0,0,0,0,0,0,0,0,0,0,0,0,0,0,0,0,0,0,0,0,0,0,0,0,0,0,0,0,0,0,0,0,0,0,0,0,0,0,0,0
6,0,0,0,0,0,0,0,0,0,0,0,0,0,0,0,0,0,0,0,0,0,0,0,0,0,0,0,0,0,0,0,0,0,0,0,0,0,0,0,0,0,0,0,0,0,0,0,0,0,0,0,0,0,0,0,0,0,0,0,0,0,0,0,0,0,0,0,0,0,0,0,0,0,0,0,0,0,0,0,0,0,0,0,0,0,0,0,0,0,0,0,0,0,0,0,0
7,0,0,0,0,0,0,0,0,0,0,0,0,0,0,0,0,0,0,0,0,0,0,0,0,0,0,0,0,0,0,0,0,0,0,0,0,0,0,0,0,0,0,0,0,0,0,0,0,0,0,0,0,0,0,0,0,0,0,0,0,0,0,0,0,0,0,0,0,0,0,0,0,0,0,0,0,0,0,0,0,0,0,0,0,0,0,0,0,0,0,0,0,0,0,0,0
8,0,0,0,0,0,0,0,0,0,0,0,0,0,0,0,0,0,0,0,0,0,0,0,0,0,0,0,0,0,0,0,0,0,0,0,0,0,0,0,0,0,0,0,0,0,0,0,0,0,0,0,0,0,0,0,0,0,0,0,0,0,0,0,0,0,0,0,0,0,0,0,0,0,0,0,0,0,0,0,0,0,0,0,0,0,0,0,0,0,0,0,0,0,0,0,0
9,0,0,0,0,0,0,0,0,0,0,0,0,0,0,0,0,0,0,0,0,0,0,0,0,0,0,0,0,0,0,0,0,0,0,0,0,0,0,0,0,0,0,0,0,0,0,0,0,0,0,0,0,0,0,0,0,0,0,0,0,0,0,0,0,0,0,0,0,0,0,0,0,0,0,0,0,0,0,0,0,0,0,0,0,0,0,0,0,0,0,0,0,0,0,0,0
10,0,0,0,0,0,0,0,0,0,0,0,0,0,0,0,0,0,0,0,0,0,0,0,0,0,0,0,0,0,0,0,0,0,0,0,0,0,0,0,0,0,0,0,0,0,0,0,0,0,0,0,0,0,0,0,0,0,0,0,0,0,0,0,0,0,0,0,0,0,0,0,0,0,0,0,0,0,0,0,0,0,0,0,0,0,0,0,0,0,0,0,0,0,0,0,0
11,0,0,0,0,0,0,0,0,0,0,0,0,0,0,0,0,0,0,0,0,0,0,0,0,0,0,0,0,0,0,0,0,0,0,0,0,0,0,0,0,0,0,0,0,0,0,0,0,0,0,0,0,0,0,0,0,0,0,0,0,0,0,0,0,0,0,0,0,0,0,0,0,0,0,0,0,0,0,0,0,0,0,0,0,0,0,0,0,0,0,0,0,0,0,0,0
12,0,0,0,0,0,0,0,0,0,0,0,0,0,0,0,0,0,0,0,0,0,0,0,0,0,0,0,0,0,0,0,0,0,0,0,0,0,0,0,0,0,0,0,0,0,0,0,0,0,0,0,0,0,0,0,0,0,0,0,0,0,0,0,0,0,0,0,0,0,0,0,0,0,0,0,0,0,0,0,0,0,0,0,0,0,0,0,0,0,0,0,0,0,0,0,0
13,0,0,0,0,0,0,0,0,0,0,0,0,0,0,0,0,0,0,0,0,0,0,0,0,0,0,0,0,0,0,0,0,0,0,0,0,0,0,0,0,0,0,0,0,0,0,0,0,0,0,0,0,0,0,0,0,0,0,0,0,0,0,0,0,0,0,0,0,0,0,0,0,0,0,0,0,0,0,0,0,0,0,0,0,0,0,0,0,0,0,0,0,0,0,0,0
14,0,0,0,0,0,0,0,0,0,0,0,0,0,0,0,0,0,0,0,0,0,0,0,0,0,0,0,0,0,0,0,0,0,0,0,0,0,0,0,0,0,0,0,0,0,0,0,0,0,0,0,0,0,0,0,0,0,0,0,0,0,0,0,0,0,0,0,0,0,0,0,0,0,0,0,0,0,0,0,0,0,0,0,0,0,0,0,0,0,0,0,0,0,0,0,0
15,0,0,0,0,0,0,0,0,0,0,0,0,0,0,0,0,0,0,0,0,0,0,0,0,0,0,0,0,0,0,0,0,0,0,0,0,0,0,0,0,0,0,0,0,0,0,0,0,0,0,0,0,0,0,0,0,0,0,0,0,0,0,0,0,0,0,0,0,0,0,0,0,0,0,0,0,0,0,0,0,0,0,0,0,0,0,0,0,0,0,0,0,0,0,0,0
16,0,0,0,0,0,0,0,0,0,0,0,0,0,0,0,0,0,0,0,0,0,0,0,0,0,0,0,0,0,0,0,0,0,0,0,0,0,0,0,0,0,0,0,0,0,0,0,0,0,0,0,0,0,0,0,0,0,0,0,0,0,0,0,0,0,0,0,0,0,0,0,0,0,0,0,0,0,0,0,0,0,0,0,0,0,0,0,0,0,0,0,0,0,0,0,0
17,0,0,0,0,0,0,0,0,0,0,0,0,0,0,0,0,0,0,0,0,0,0,0,0,0,0,0,0,0,0,0,0,0,0,0,0,0,0,0,0,0,0,0,0,0,0,0,0,0,0,0,0,0,0,0,0,0,0,0,0,0,0,0,0,0,0,0,0,0,0,0,0,0,0,0,0,0,0,0,0,0,0,0,0,0,0,0,0,0,0,0,0,0,0,0,0
18,0,0,0,0,0,0,0,0,0,0,0,0,0,0,0,0,0,0,0,0,0,0,0,0,0,0,0,0,0,0,0,0,0,0,0,0,0,0,0,0,0,0,0,0,0,0,0,0,0,0,0,0,0,0,0,0,0,0,0,0,0,0,0,0,0,0,0,0,0,0,0,0,0,0,0,0,0,0,0,0,0,0,0,0,0,0,0,0,0,0,0,0,0,0,0,0
19,0,0,0,0,0,0,0,0,0,0,0,0,0,0,0,0,0,0,0,0,0,0,0,0,0,0,0,0,0,0,0,0,0,0,0,0,0,0,0,0,0,0,0,0,0,0,0,0,0,0,0,0,0,0,0,0,0,0,0,0,0,0,0,0,0,0,0,0,0,0,0,0,0,0,0,0,0,0,0,0,0,0,0,0,0,0,0,0,0,0,0,0,0,0,0,0
20,0,0,0,0,0,0,0,0,0,0,0,0,0,0,0,0,0,0,0,0,0,0,0,0,0,0,0,0,0,0,0,0,0,0,0,0,0,0,0,0,0,0,0,0,0,0,0,0,0,0,0,0,0,0,0,0,0,0,0,0,0,0,0,0,0,0,0,0,0,0,0,0,0,0,0,0,0,0,0,0,0,0,0,0,0,0,0,0,0,0,0,0,0,0,0,0
21,0,0,0,0,0,0,0,0,0,0,0,0,0,0,0,0,0,0,0,0,0,0,0,0,0,0,0,0,0,0,0,0,0,0,0,0,0,0,0,0,0,0,0,0,0,0,0,0,0,0,0,0,0,0,0,0,0,0,0,0,0,0,0,0,0,0,0,0,0,0,0,0,0,0,0,0,0,0,0,0,0,0,0,0,0,0,0,0,0,0,0,0,0,0,0,0
22,0,0,0,0,0,0,0,0,0,0,0,0,0,0,0,0,0,0,0,0,0,0,0,0,0,0,0,0,0,0,0,0,0,0,0,0,0,0,0,0,0,0,0,0,0,0,0,0,0,0,0,0,0,0,0,0,0,0,0,0,0,0,0,0,0,0,0,0,0,0,0,0,0,0,0,0,0,0,0,0,0,0,0,0,0,0,0,0,0,0,0,0,0,0,0,0
23,0,0,0,0,0,0,0,0,0,0,0,0,0,0,0,0,0,0,0,0,0,0,0,0,0,0,0,0,0,0,0,0,0,0,0,0,0,0,0,0,0,0,0,0,0,0,0,0,0,0,0,0,0,0,0,0,0,0,0,0,0,0,0,0,0,0,0,0,0,0,0,0,0,0,0,0,0,0,0,0,0,0,0,0,0,0,0,0,0,0,0,0,0,0,0,0
24,0,0,0,0,0,0,0,0,0,0,0,0,0,0,0,0,0,0,0,0,0,0,0,0,0,0,0,0,0,0,0,0,0,0,0,0,0,0,0,0,0,0,0,0,0,0,0,0,0,0,0,0,0,0,0,0,0,0,0,0,0,0,0,0,0,0,0,0,0,0,0,0,0,0,0,0,0,0,0,0,0,0,0,0,0,0,0,0,0,0,0,0,0,0,0,0
25,0,0,0,0,0,0,0,0,0,0,0,0,0,0,0,0,0,0,0,0,0,0,0,0,0,0,0,0,0,0,0,0,0,0,0,0,0,0,0,0,0,0,0,0,0,0,0,0,0,0,0,0,0,0,0,0,0,0,0,0,0,0,0,0,0,0,0,0,0,0,0,0,0,0,0,0,0,0,0,0,0,0,0,0,0,0,0,0,0,0,0,0,0,0,0,0
26,0,0,0,0,0,0,0,0,0,0,0,0,0,0,0,0,0,0,0,0,0,0,0,0,0,0,0,0,0,0,0,0,0,0,0,0,0,0,0,0,0,0,0,0,0,0,0,0,0,0,0,0,0,0,0,0,0,0,0,0,0,0,0,0,0,0,0,0,0,0,0,0,0,0,0,0,0,0,0,0,0,0,0,0,0,0,0,0,0,0,0,0,0,0,0,0
27,0,0,0,0,0,0,0,0,0,0,0,0,0,0,0,0,0,0,0,0,0,0,0,0,0,0,0,0,0,0,0,0,0,0,0,0,0,0,0,0,0,0,0,0,0,0,0,0,0,0,0,0,0,0,0,0,0,0,0,0,0,0,0,0,0,0,0,0,0,0,0,0,0,0,0,0,0,0,0,0,0,0,0,0,0,0,0,0,0,0,0,0,0,0,0,0
28,0,0,0,0,0,0,0,0,0,0,0,0,0,0,0,0,0,0,0,0,0,0,0,0,0,0,0,0,0,0,0,0,0,0,0,0,0,0,0,0,0,0,0,0,0,0,0,0,0,0,0,0,0,0,0,0,0,0,0,0,0,0,0,0,0,0,0,0,0,0,0,0,0,0,0,0,0,0,0,0,0,0,0,0,0,0,0,0,0,0,0,0,0,0,0,0
29,0,0,0,0,0,0,0,0,0,0,0,0,0,0,0,0,0,0,0,0,0,0,0,0,0,0,0,0,0,0,0,0,0,0,0,0,0,0,0,0,0,0,0,0,0,0,0,0,0,0,0,0,0,0,0,0,0,0,0,0,0,0,0,0,0,0,0,0,0,0,0,0,0,0,0,0,0,0,0,0,0,0,0,0,0,0,0,0,0,0,0,0,0,0,0,0
30,0,0,0,0,0,0,0,0,0,0,0,0,0,0,0,0,0,0,0,0,0,0,0,0,0,0,0,0,0,0,0,0,0,0,0,0,0,0,0,0,0,0,0,0,0,0,0,0,0,0,0,0,0,0,0,0,0,0,0,0,0,0,0,0,0,0,0,0,0,0,0,0,0,0,0,0,0,0,0,0,0,0,0,0,0,0,0,0,0,0,0,0,0,0,0,0
31,0,0,0,0,0,0,0,0,0,0,0,0,0,0,0,0,0,0,0,0,0,0,0,0,0,0,0,0,0,0,0,0,0,0,0,0,0,0,0,0,0,0,0,0,0,0,0,0,0,0,0,0,0,0,0,0,0,0,0,0,0,0,0,0,0,0,0,0,0,0,0,0,0,0,0,0,0,0,0,0,0,0,0,0,0,0,0,0,0,0,0,0,0,0,0,0
32,0,0,0,0,0,0,0,0,0,0,0,0,0,0,0,0,0,0,0,0,0,0,0,0,0,0,0,0,0,0,0,0,0,0,0,0,0,0,0,0,0,0,0,0,0,0,0,0,0,0,0,0,0,0,0,0,0,0,0,0,0,0,0,0,0,0,0,0,0,0,0,0,0,0,0,0,0,0,0,0,0,0,0,0,0,0,0,0,0,0,0,0,0,0,0,0
33,0,0,0,0,0,0,0,0,0,0,0,0,0,0,0,0,0,0,0,0,0,0,0,0,0,0,0,0,0,0,0,0,0,0,0,0,0,0,0,0,0,0,0,0,0,0,0,0,0,0,0,0,0,0,0,0,0,0,0,0,0,0,0,0,0,0,0,0,0,0,0,0,0,0,0,0,0,0,0,0,0,0,0,0,0,0,0,0,0,0,0,0,0,0,0,0
34,0,0,0,0,0,0,0,0,0,0,0,0,0,0,0,0,0,0,0,0,0,0,0,0,0,0,0,0,0,0,0,0,0,0,0,0,0,0,0,0,0,0,0,0,0,0,0,0,0,0,0,0,0,0,0,0,0,0,0,0,0,0,0,0,0,0,0,0,0,0,0,0,0,0,0,0,0,0,0,0,0,0,0,0,0,0,0,0,0,0,0,0,0,0,0,0
35,0,0,0,0,0,0,0,0,0,0,0,0,0,0,0,0,0,0,0,0,0,0,0,0,0,0,0,0,0,0,0,0,0,0,0,0,0,0,0,0,0,0,0,0,0,0,0,0,0,0,0,0,0,0,0,0,0,0,0,0,0,0,0,0,0,0,0,0,0,0,0,0,0,0,0,0,0,0,0,0,0,0,0,0,0,0,0,0,0,0,0,0,0,0,0,0
36,0,0,0,0,0,0,0,0,0,0,0,0,0,0,0,0,0,0,0,0,0,0,0,0,0,0,0,0,0,0,0,0,0,0,0,0,0,0,0,0,0,0,0,0,0,0,0,0,0,0,0,0,0,0,0,0,0,0,0,0,0,0,0,0,0,0,0,0,0,0,0,0,0,0,0,0,0,0,0,0,0,0,0,0,0,0,0,0,0,0,0,0,0,0,0,0
37,0,0,0,0,0,0,0,0,0,0,0,0,0,0,0,0,0,0,0,0,0,0,0,0,0,0,0,0,0,0,0,0,0,0,0,0,0,0,0,0,0,0,0,0,0,0,0,0,0,0,0,0,0,0,0,0,0,0,0,0,0,0,0,0,0,0,0,0,0,0,0,0,0,0,0,0,0,0,0,0,0,0,0,0,0,0,0,0,0,0,0,0,0,0,0,0
38,0,0,0,0,0,0,0,0,0,0,0,0,0,0,0,0,0,0,0,0,0,0,0,0,0,0,0,0,0,0,0,0,0,0,0,0,0,0,0,0,0,0,0,0,0,0,0,0,0,0,0,0,0,0,0,0,0,0,0,0,0,0,0,0,0,0,0,0,0,0,0,0,0,0,0,0,0,0,0,0,0,0,0,0,0,0,0,0,0,0,0,0,0,0,0,0
39,0,0,0,0,0,0,0,0,0,0,0,0,0,0,0,0,0,0,0,0,0,0,0,0,0,0,0,0,0,0,0,0,0,0,0,0,0,0,0,0,0,0,0,0,0,0,0,0,0,0,0,0,0,0,0,0,0,0,0,0,0,0,0,0,0,0,0,0,0,0,0,0,0,0,0,0,0,0,0,0,0,0,0,0,0,0,0,0,0,0,0,0,0,0,0,0
40,0,0,0,0,0,0,0,0,0,0,0,0,0,0,0,0,0,0,0,0,0,0,0,0,0,0,0,0,0,0,0,0,0,0,0,0,0,0,0,0,0,0,0,0,0,0,0,0,0,0,0,0,0,0,0,0,0,0,0,0,0,0,0,0,0,0,0,0,0,0,0,0,0,0,0,0,0,0,0,0,0,0,0,0,0,0,0,0,0,0,0,0,0,0,0,0
41,0,0,0,0,0,0,0,0,0,0,0,0,0,0,0,0,0,0,0,0,0,0,0,0,0,0,0,0,0,0,0,0,0,0,0,0,0,0,0,0,0,0,0,0,0,0,0,0,0,0,0,0,0,0,0,0,0,0,0,0,0,0,0,0,0,0,0,0,0,0,0,0,0,0,0,0,0,0,0,0,0,0,0,0,0,0,0,0,0,0,0,0,0,0,0,0
42,0,0,0,0,0,0,0,0,0,0,0,0,0,0,0,0,0,0,0,0,0,0,0,0,0,0,0,0,0,0,0,0,0,0,0,0,0,0,0,0,0,0,0,0,0,0,0,0,0,0,0,0,0,0,0,0,0,0,0,0,0,0,0,0,0,0,0,0,0,0,0,0,0,0,0,0,0,0,0,0,0,0,0,0,0,0,0,0,0,0,0,0,0,0,0,0
43,0,0,0,0,0,0,0,0,0,0,0,0,0,0,0,0,0,0,0,0,0,0,0,0,0,0,0,0,0,0,0,0,0,0,0,0,0,0,0,0,0,0,0,0,0,0,0,0,0,0,0,0,0,0,0,0,0,0,0,0,0,0,0,0,0,0,0,0,0,0,0,0,0,0,0,0,0,0,0,0,0,0,0,0,0,0,0,0,0,0,0,0,0,0,0,0
44,0,0,0,0,0,0,0,0,0,0,0,0,0,0,0,0,0,0,0,0,0,0,0,0,0,0,0,0,0,0,0,0,0,0,0,0,0,0,0,0,0,0,0,0,0,0,0,0,0,0,0,0,0,0,0,0,0,0,0,0,0,0,0,0,0,0,0,0,0,0,0,0,0,0,0,0,0,0,0,0,0,0,0,0,0,0,0,0,0,0,0,0,0,0,0,0
45,0,0,0,0,0,0,0,0,0,0,0,0,0,0,0,0,0,0,0,0,0,0,0,0,0,0,0,0,0,0,0,0,0,0,0,0,0,0,0,0,0,0,0,0,0,0,0,0,0,0,0,0,0,0,0,0,0,0,0,0,0,0,0,0,0,0,0,0,0,0,0,0,0,0,0,0,0,0,0,0,0,0,0,0,0,0,0,0,0,0,0,0,0,0,0,0
46,0,0,0,0,0,0,0,0,0,0,0,0,0,0,0,0,0,0,0,0,0,0,0,0,0,0,0,0,0,0,0,0,0,0,0,0,0,0,0,0,0,0,0,0,0,0,0,0,0,0,0,0,0,0,0,0,0,0,0,0,0,0,0,0,0,0,0,0,0,0,0,0,0,0,0,0,0,0,0,0,0,0,0,0,0,0,0,0,0,0,0,0,0,0,0,0
47,0,0,0,0,0,0,0,0,0,0,0,0,0,0,0,0,0,0,0,0,0,0,0,0,0,0,0,0,0,0,0,0,0,0,0,0,0,0,0,0,0,0,0,0,0,0,0,0,0,0,0,0,0,0,0,0,0,0,0,0,0,0,0,0,0,0,0,0,0,0,0,0,0,0,0,0,0,0,0,0,0,0,0,0,0,0,0,0,0,0,0,0,0,0,0,0
48,0,0,0,0,0,0,0,0,0,0,0,0,0,0,0,0,0,0,0,0,0,0,0,0,0,0,0,0,0,0,0,0,0,0,0,0,0,0,0,0,0,0,0,0,0,0,0,0,0,0,0,0,0,0,0,0,0,0,0,0,0,0,0,0,0,0,0,0,0,0,0,0,0,0,0,0,0,0,0,0,0,0,0,0,0,0,0,0,0,0,0,0,0,0,0,0
49,0,0,0,0,0,0,0,0,0,0,0,0,0,0,0,0,0,0,0,0,0,0,0,0,0,0,0,0,0,0,0,0,0,0,0,0,0,0,0,0,0,0,0,0,0,0,0,0,0,0,0,0,0,0,0,0,0,0,0,0,0,0,0,0,0,0,0,0,0,0,0,0,0,0,0,0,0,0,0,0,0,0,0,0,0,0,0,0,0,0,0,0,0,0,0,0
50,0,0,0,0,0,0,0,0,0,0,0,0,0,0,0,0,0,0,0,0,0,0,0,0,0,0,0,0,0,0,0,0,0,0,0,0,0,0,0,0,0,0,0,0,0,0,0,0,0,0,0,0,0,0,0,0,0,0,0,0,0,0,0,0,0,0,0,0,0,0,0,0,0,0,0,0,0,0,0,0,0,0,0,0,0,0,0,0,0,0,0,0,0,0,0,0
51,0,0,0,0,0,0,0,0,0,0,0,0,0,0,0,0,0,0,0,0,0,0,0,0,0,0,0,0,0,0,0,0,0,0,0,0,0,0,0,0,0,0,0,0,0,0,0,0,0,0,0,0,0,0,0,0,0,0,0,0,0,0,0,0,0,0,0,0,0,0,0,0,0,0,0,0,0,0,0,0,0,0,0,0,0,0,0,0,0,0,0,0,0,0,0,0
52,0,0,0,0,0,0,0,0,0,0,0,0,0,0,0,0,0,0,0,0,0,0,0,0,0,0,0,0,0,0,0,0,0,0,0,0,0,0,0,0,0,0,0,0,0,0,0,0,0,0,0,0,0,0,0,0,0,0,0,0,0,0,0,0,0,0,0,0,0,0,0,0,0,0,0,0,0,0,0,0,0,0,0,0,0,0,0,0,0,0,0,0,0,0,0,0
53,0,0,0,0,0,0,0,0,0,0,0,0,0,0,0,0,0,0,0,0,0,0,0,0,0,0,0,0,0,0,0,0,0,0,0,0,0,0,0,0,0,0,0,0,0,0,0,0,0,0,0,0,0,0,0,0,0,0,0,0,0,0,0,0,0,0,0,0,0,0,0,0,0,0,0,0,0,0,0,0,0,0,0,0,0,0,0,0,0,0,0,0,0,0,0,0
54,0,0,0,0,0,0,0,0,0,0,0,0,0,0,0,0,0,0,0,0,0,0,0,0,0,0,0,0,0,0,0,0,0,0,0,0,0,0,0,0,0,0,0,0,0,0,0,0,0,0,0,0,0,0,0,0,0,0,0,0,0,0,0,0,0,0,0,0,0,0,0,0,0,0,0,0,0,0,0,0,0,0,0,0,0,0,0,0,0,0,0,0,0,0,0,0
55,0,0,0,0,0,0,0,0,0,0,0,0,0,0,0,0,0,0,0,0,0,0,0,0,0,0,0,0,0,0,0,0,0,0,0,0,0,0,0,0,0,0,0,0,0,0,0,0,0,0,0,0,0,0,0,0,0,0,0,0,0,0,0,0,0,0,0,0,0,0,0,0,0,0,0,0,0,0,0,0,0,0,0,0,0,0,0,0,0,0,0,0,0,0,0,0
56,0,0,0,0,0,0,0,0,0,0,0,0,0,0,0,0,0,0,0,0,0,0,0,0,0,0,0,0,0,0,0,0,0,0,0,0,0,0,0,0,0,0,0,0,0,0,0,0,0,0,0,0,0,0,0,0,0,0,0,0,0,0,0,0,0,0,0,0,0,0,0,0,0,0,0,0,0,0,0,0,0,0,0,0,0,0,0,0,0,0,0,0,0,0,0,0
57,0,0,0,0,0,0,0,0,0,0,0,0,0,0,0,0,0,0,0,0,0,0,0,0,0,0,0,0,0,0,0,0,0,0,0,0,0,0,0,0,0,0,0,0,0,0,0,0,0,0,0,0,0,0,0,0,0,0,0,0,0,0,0,0,0,0,0,0,0,0,0,0,0,0,0,0,0,0,0,0,0,0,0,0,0,0,0,0,0,0,0,0,0,0,0,0
58,0,0,0,0,0,0,0,0,0,0,0,0,0,0,0,0,0,0,0,0,0,0,0,0,0,0,0,0,0,0,0,0,0,0,0,0,0,0,0,0,0,0,0,0,0,0,0,0,0,0,0,0,0,0,0,0,0,0,0,0,0,0,0,0,0,0,0,0,0,0,0,0,0,0,0,0,0,0,0,0,0,0,0,0,0,0,0,0,0,0,0,0,0,0,0,0
59,0,0,0,0,0,0,0,0,0,0,0,0,0,0,0,0,0,0,0,0,0,0,0,0,0,0,0,0,0,0,0,0,0,0,0,0,0,0,0,0,0,0,0,0,0,0,0,0,0,0,0,0,0,0,0,0,0,0,0,0,0,0,0,0,0,0,0,0,0,0,0,0,0,0,0,0,0,0,0,0,0,0,0,0,0,0,0,0,0,0,0,0,0,0,0,0
60,0,0,0,0,0,0,0,0,0,0,0,0,0,0,0,0,0,0,0,0,0,0,0,0,0,0,0,0,0,0,0,0,0,0,0,0,0,0,0,0,0,0,0,0,0,0,0,0,0,0,0,0,0,0,0,0,0,0,0,0,0,0,0,0,0,0,0,0,0,0,0,0,0,0,0,0,0,0,0,0,0,0,0,0,0,0,0,0,0,0,0,0,0,0,0,0
61,0,0,0,0,0,0,0,0,0,0,0,0,0,0,0,0,0,0,0,0,0,0,0,0,0,0,0,0,0,0,0,0,0,0,0,0,0,0,0,0,0,0,0,0,0,0,0,0,0,0,0,0,0,0,0,0,0,0,0,0,0,0,0,0,0,0,0,0,0,0,0,0,0,0,0,0,0,0,0,0,0,0,0,0,0,0,0,0,0,0,0,0,0,0,0,0
62,0,0,0,0,0,0,0,0,0,0,0,0,0,0,0,0,0,0,0,0,0,0,0,0,0,0,0,0,0,0,0,0,0,0,0,0,0,0,0,0,0,0,0,0,0,0,0,0,0,0,0,0,0,0,0,0,0,0,0,0,0,0,0,0,0,0,0,0,0,0,0,0,0,0,0,0,0,0,0,0,0,0,0,0,0,0,0,0,0,0,0,0,0,0,0,0
63,0,0,0,0,0,0,0,0,0,0,0,0,0,0,0,0,0,0,0,0,0,0,0,0,0,0,0,0,0,0,0,0,0,0,0,0,0,0,0,0,0,0,0,0,0,0,0,0,0,0,0,0,0,0,0,0,0,0,0,0,0,0,0,0,0,0,0,0,0,0,0,0,0,0,0,0,0,0,0,0,0,0,0,0,0,0,0,0,0,0,0,0,0,0,0,0
64,0,0,0,0,0,0,0,0,0,0,0,0,0,0,0,0,0,0,0,0,0,0,0,0,0,0,0,0,0,0,0,0,0,0,0,0,0,0,0,0,0,0,0,0,0,0,0,0,0,0,0,0,0,0,0,0,0,0,0,0,0,0,0,0,0,0,0,0,0,0,0,0,0,0,0,0,0,0,0,0,0,0,0,0,0,0,0,0,0,0,0,0,0,0,0,0
65,0,0,0,0,0,0,0,0,0,0,0,0,0,0,0,0,0,0,0,0,0,0,0,0,0,0,0,0,0,0,0,0,0,0,0,0,0,0,0,0,0,0,0,0,0,0,0,0,0,0,0,0,0,0,0,0,0,0,0,0,0,0,0,0,0,0,0,0,0,0,0,0,0,0,0,0,0,0,0,0,0,0,0,0,0,0,0,0,0,0,0,0,0,0,0,0
66,0,0,0,0,0,0,0,0,0,0,0,0,0,0,0,0,0,0,0,0,0,0,0,0,0,0,0,0,0,0,0,0,0,0,0,0,0,0,0,0,0,0,0,0,0,0,0,0,0,0,0,0,0,0,0,0,0,0,0,0,0,0,0,0,0,0,0,0,0,0,0,0,0,0,0,0,0,0,0,0,0,0,0,0,0,0,0,0,0,0,0,0,0,0,0,0
67,0,0,0,0,0,0,0,0,0,0,0,0,0,0,0,0,0,0,0,0,0,0,0,0,0,0,0,0,0,0,0,0,0,0,0,0,0,0,0,0,0,0,0,0,0,0,0,0,0,0,0,0,0,0,0,0,0,0,0,0,0,0,0,0,0,0,0,0,0,0,0,0,0,0,0,0,0,0,0,0,0,0,0,0,0,0,0,0,0,0,0,0,0,0,0,0
68,0,0,0,0,0,0,0,0,0,0,0,0,0,0,0,0,0,0,0,0,0,0,0,0,0,0,0,0,0,0,0,0,0,0,0,0,0,0,0,0,0,0,0,0,0,0,0,0,0,0,0,0,0,0,0,0,0,0,0,0,0,0,0,0,0,0,0,0,0,0,0,0,0,0,0,0,0,0,0,0,0,0,0,0,0,0,0,0,0,0,0,0,0,0,0,0
69,0,0,0,0,0,0,0,0,0,0,0,0,0,0,0,0,0,0,0,0,0,0,0,0,0,0,0,0,0,0,0,0,0,0,0,0,0,0,0,0,0,0,0,0,0,0,0,0,0,0,0,0,0,0,0,0,0,0,0,0,0,0,0,0,0,0,0,0,0,0,0,0,0,0,0,0,0,0,0,0,0,0,0,0,0,0,0,0,0,0,0,0,0,0,0,0
70,0,0,0,0,0,0,0,0,0,0,0,0,0,0,0,0,0,0,0,0,0,0,0,0,0,0,0,0,0,0,0,0,0,0,0,0,0,0,0,0,0,0,0,0,0,0,0,0,0,0,0,0,0,0,0,0,0,0,0,0,0,0,0,0,0,0,0,0,0,0,0,0,0,0,0,0,0,0,0,0,0,0,0,0,0,0,0,0,0,0,0,0,0,0,0,0
71,0,0,0,0,0,0,0,0,0,0,0,0,0,0,0,0,0,0,0,0,0,0,0,0,0,0,0,0,0,0,0,0,0,0,0,0,0,0,0,0,0,0,0,0,0,0,0,0,0,0,0,0,0,0,0,0,0,0,0,0,0,0,0,0,0,0,0,0,0,0,0,0,0,0,0,0,0,0,0,0,0,0,0,0,0,0,0,0,0,0,0,0,0,0,0,0
72,0,0,0,0,0,0,0,0,0,0,0,0,0,0,0,0,0,0,0,0,0,0,0,0,0,0,0,0,0,0,0,0,0,0,0,0,0,0,0,0,0,0,0,0,0,0,0,0,0,0,0,0,0,0,0,0,0,0,0,0,0,0,0,0,0,0,0,0,0,0,0,0,0,0,0,0,0,0,0,0,0,0,0,0,0,0,0,0,0,0,0,0,0,0,0,0
73,0,0,0,0,0,0,0,0,0,0,0,0,0,0,0,0,0,0,0,0,0,0,0,0,0,0,0,0,0,0,0,0,0,0,0,0,0,0,0,0,0,0,0,0,0,0,0,0,0,0,0,0,0,0,0,0,0,0,0,0,0,0,0,0,0,0,0,0,0,0,0,0,0,0,0,0,0,0,0,0,0,0,0,0,0,0,0,0,0,0,0,0,0,0,0,0
74,0,0,0,0,0,0,0,0,0,0,0,0,0,0,0,0,0,0,0,0,0,0,0,0,0,0,0,0,0,0,0,0,0,0,0,0,0,0,0,0,0,0,0,0,0,0,0,0,0,0,0,0,0,0,0,0,0,0,0,0,0,0,0,0,0,0,0,0,0,0,0,0,0,0,0,0,0,0,0,0,0,0,0,0,0,0,0,0,0,0,0,0,0,0,0,0
75,0,0,0,0,0,0,0,0,0,0,0,0,0,0,0,0,0,0,0,0,0,0,0,0,0,0,0,0,0,0,0,0,0,0,0,0,0,0,0,0,0,0,0,0,0,0,0,0,0,0,0,0,0,0,0,0,0,0,0,0,0,0,0,0,0,0,0,0,0,0,0,0,0,0,0,0,0,0,0,0,0,0,0,0,0,0,0,0,0,0,0,0,0,0,0,0
76,0,0,0,0,0,0,0,0,0,0,0,0,0,0,0,0,0,0,0,0,0,0,0,0,0,0,0,0,0,0,0,0,0,0,0,0,0,0,0,0,0,0,0,0,0,0,0,0,0,0,0,0,0,0,0,0,0,0,0,0,0,0,0,0,0,0,0,0,0,0,0,0,0,0,0,0,0,0,0,0,0,0,0,0,0,0,0,0,0,0,0,0,0,0,0,0
77,0,0,0,0,0,0,0,0,0,0,0,0,0,0,0,0,0,0,0,0,0,0,0,0,0,0,0,0,0,0,0,0,0,0,0,0,0,0,0,0,0,0,0,0,0,0,0,0,0,0,0,0,0,0,0,0,0,0,0,0,0,0,0,0,0,0,0,0,0,0,0,0,0,0,0,0,0,0,0,0,0,0,0,0,0,0,0,0,0,0,0,0,0,0,0,0
78,0,0,0,0,0,0,0,0,0,0,0,0,0,0,0,0,0,0,0,0,0,0,0,0,0,0,0,0,0,0,0,0,0,0,0,0,0,0,0,0,0,0,0,0,0,0,0,0,0,0,0,0,0,0,0,0,0,0,0,0,0,0,0,0,0,0,0,0,0,0,0,0,0,0,0,0,0,0,0,0,0,0,0,0,0,0,0,0,0,0,0,0,0,0,0,0
79,0,0,0,0,0,0,0,0,0,0,0,0,0,0,0,0,0,0,0,0,0,0,0,0,0,0,0,0,0,0,0,0,0,0,0,0,0,0,0,0,0,0,0,0,0,0,0,0,0,0,0,0,0,0,0,0,0,0,0,0,0,0,0,0,0,0,0,0,0,0,0,0,0,0,0,0,0,0,0,0,0,0,0,0,0,0,0,0,0,0,0,0,0,0,0,0
80,0,0,0,0,0,0,0,0,0,0,0,0,0,0,0,0,0,0,0,0,0,0,0,0,0,0,0,0,0,0,0,0,0,0,0,0,0,0,0,0,0,0,0,0,0,0,0,0,0,0,0,0,0,0,0,0,0,0,0,0,0,0,0,0,0,0,0,0,0,0,0,0,0,0,0,0,0,0,0,0,0,0,0,0,0,0,0,0,0,0,0,0,0,0,0,0
81,0,0,0,0,0,0,0,0,0,0,0,0,0,0,0,0,0,0,0,0,0,0,0,0,0,0,0,0,0,0,0,0,0,0,0,0,0,0,0,0,0,0,0,0,0,0,0,0,0,0,0,0,0,0,0,0,0,0,0,0,0,0,0,0,0,0,0,0,0,0,0,0,0,0,0,0,0,0,0,0,0,0,0,0,0,0,0,0,0,0,0,0,0,0,0,0
82,0,0,0,0,0,0,0,0,0,0,0,0,0,0,0,0,0,0,0,0,0,0,0,0,0,0,0,0,0,0,0,0,0,0,0,0,0,0,0,0,0,0,0,0,0,0,0,0,0,0,0,0,0,0,0,0,0,0,0,0,0,0,0,0,0,0,0,0,0,0,0,0,0,0,0,0,0,0,0,0,0,0,0,0,0,0,0,0,0,0,0,0,0,0,0,0
83,0,0,0,0,0,0,0,0,0,0,0,0,0,0,0,0,0,0,0,0,0,0,0,0,0,0,0,0,0,0,0,0,0,0,0,0,0,0,0,0,0,0,0,0,0,0,0,0,0,0,0,0,0,0,0,0,0,0,0,0,0,0,0,0,0,0,0,0,0,0,0,0,0,0,0,0,0,0,0,0,0,0,0,0,0,0,0,0,0,0,0,0,0,0,0,0
84,0,0,0,0,0,0,0,0,0,0,0,0,0,0,0,0,0,0,0,0,0,0,0,0,0,0,0,0,0,0,0,0,0,0,0,0,0,0,0,0,0,0,0,0,0,0,0,0,0,0,0,0,0,0,0,0,0,0,0,0,0,0,0,0,0,0,0,0,0,0,0,0,0,0,0,0,0,0,0,0,0,0,0,0,0,0,0,0,0,0,0,0,0,0,0,0
85,0,0,0,0,0,0,0,0,0,0,0,0,0,0,0,0,0,0,0,0,0,0,0,0,0,0,0,0,0,0,0,0,0,0,0,0,0,0,0,0,0,0,0,0,0,0,0,0,0,0,0,0,0,0,0,0,0,0,0,0,0,0,0,0,0,0,0,0,0,0,0,0,0,0,0,0,0,0,0,0,0,0,0,0,0,0,0,0,0,0,0,0,0,0,0,0
86,0,0,0,0,0,0,0,0,0,0,0,0,0,0,0,0,0,0,0,0,0,0,0,0,0,0,0,0,0,0,0,0,0,0,0,0,0,0,0,0,0,0,0,0,0,0,0,0,0,0,0,0,0,0,0,0,0,0,0,0,0,0,0,0,0,0,0,0,0,0,0,0,0,0,0,0,0,0,0,0,0,0,0,0,0,0,0,0,0,0,0,0,0,0,0,0
87,0,0,0,0,0,0,0,0,0,0,0,0,0,0,0,0,0,0,0,0,0,0,0,0,0,0,0,0,0,0,0,0,0,0,0,0,0,0,0,0,0,0,0,0,0,0,0,0,0,0,0,0,0,0,0,0,0,0,0,0,0,0,0,0,0,0,0,0,0,0,0,0,0,0,0,0,0,0,0,0,0,0,0,0,0,0,0,0,0,0,0,0,0,0,0,0
88,0,0,0,0,0,0,0,0,0,0,0,0,0,0,0,0,0,0,0,0,0,0,0,0,0,0,0,0,0,0,0,0,0,0,0,0,0,0,0,0,0,0,0,0,0,0,0,0,0,0,0,0,0,0,0,0,0,0,0,0,0,0,0,0,0,0,0,0,0,0,0,0,0,0,0,0,0,0,0,0,0,0,0,0,0,0,0,0,0,0,0,0,0,0,0,0
89,0,0,0,0,0,0,0,0,0,0,0,0,0,0,0,0,0,0,0,0,0,0,0,0,0,0,0,0,0,0,0,0,0,0,0,0,0,0,0,0,0,0,0,0,0,0,0,0,0,0,0,0,0,0,0,0,0,0,0,0,0,0,0,0,0,0,0,0,0,0,0,0,0,0,0,0,0,0,0,0,0,0,0,0,0,0,0,0,0,0,0,0,0,0,0,0
90,0,0,0,0,0,0,0,0,0,0,0,0,0,1,0,0,0,0,0,0,0,0,0,0,0,0,0,0,0,0,0,0,0,0,0,0,0,0,0,0,0,0,0,0,0,0,0,0,0,0,0,0,0,0,0,0,0,0,0,0,0,0,0,0,0,0,0,0,0,0,0,0,0,0,0,0,0,0,0,0,0,0,0,0,0,0,0,0,0,0,0,0,0,0,0,0
91,0,0,0,0,0,0,0,0,0,0,0,0,0,1,0,0,0,0,0,0,0,0,0,0,0,0,0,0,0,0,0,0,0,0,0,0,0,0,0,0,0,0,0,0,0,0,0,0,0,0,0,0,0,0,0,0,0,0,0,0,0,0,0,0,0,0,0,0,0,0,0,0,0,0,0,0,0,0,0,0,0,0,0,0,0,0,0,0,0,0,0,0,0,0,0,0
92,0,0,0,0,0,0,0,0,0,0,0,0,0,1,0,0,0,0,0,0,0,0,0,0,0,0,0,0,0,0,0,0,0,0,0,0,0,0,0,0,0,0,0,0,0,0,0,0,0,0,0,0,0,0,0,0,0,0,0,0,0,0,0,0,0,0,0,0,0,0,0,0,0,0,0,0,0,0,0,0,0,0,0,0,0,0,0,0,0,0,0,0,0,0,0,0
93,0,0,0,0,0,0,0,0,0,0,0,0,0,1,0,0,0,0,0,0,0,0,0,0,0,0,0,0,0,0,0,0,0,0,0,0,0,0,0,0,0,0,0,0,0,0,0,0,0,0,0,0,0,0,0,0,0,0,0,0,0,0,0,0,0,0,0,0,0,0,0,0,0,0,0,0,0,0,0,0,0,0,0,0,0,0,0,0,0,0,0,0,0,0,0,0
94,0,0,0,0,0,0,0,0,0,0,0,0,0,1,0,0,0,0,0,0,0,0,0,0,0,0,0,0,0,0,0,0,0,0,0,0,0,0,0,0,0,0,0,0,0,0,0,0,0,0,0,0,0,0,0,0,0,0,0,0,0,0,0,0,0,0,0,0,0,0,0,0,0,0,0,0,0,0,0,0,0,0,0,0,0,0,0,0,0,0,0,0,0,0,0,0
95,0,0,0,0,0,0,0,0,0,0,0,0,0,1,0,0,0,0,0,0,0,0,0,0,0,0,0,0,0,0,0,0,0,0,0,0,0,0,0,0,0,0,0,0,0,0,0,0,0,0,0,0,0,0,0,0,0,0,0,0,0,0,0,0,0,0,0,0,0,0,0,0,0,0,0,0,0,0,0,0,0,0,0,0,0,0,0,0,0,0,0,0,0,0,0,0
96,0,0,0,0,0,0,0,0,0,0,0,0,0,1,0,0,0,0,0,0,0,0,0,0,0,0,0,0,0,0,0,0,0,0,0,0,0,0,0,0,0,0,0,0,0,0,0,0,0,0,0,0,0,0,0,0,0,0,0,0,0,0,0,0,0,0,0,0,0,0,0,0,0,0,0,0,0,0,0,0,0,0,0,0,0,0,0,0,0,0,0,0,0,0,0,0
97,0,0,0,0,0,0,0,0,0,0,0,0,0,1,0,0,0,0,0,0,0,0,0,0,0,0,0,0,0,0,0,0,0,0,0,0,0,0,0,0,0,0,0,0,0,0,0,0,0,0,0,0,0,0,0,0,0,0,0,0,0,0,0,0,0,0,0,0,0,0,0,0,0,0,0,0,0,0,0,0,0,0,0,0,0,0,0,0,0,0,0,0,0,0,0,0
98,0,0,0,0,0,0,0,0,0,0,0,0,0,1,0,0,0,0,0,0,0,0,0,0,0,0,0,0,0,0,0,0,0,0,0,0,0,0,0,0,0,0,0,0,0,0,0,0,0,0,0,0,0,0,0,0,0,0,0,0,0,0,0,0,0,0,0,0,0,0,0,0,0,0,0,0,0,0,0,0,0,0,0,0,0,0,0,0,0,0,0,0,0,0,0,0
99,0,0,0,0,0,0,0,0,0,0,0,0,0,1,0,0,0,0,0,0,0,0,0,0,0,0,0,0,0,0,0,0,0,0,0,0,0,0,0,0,0,0,0,0,0,0,0,0,0,0,0,0,0,0,0,0,0,0,0,0,0,0,0,0,0,0,0,0,0,0,0,0,0,0,0,0,0,0,0,0,0,0,0,0,0,0,0,0,0,0,0,0,0,0,0,0
100,0,0,0,0,0,0,0,0,0,0,0,0,0,1,0,0,0,0,0,0,0,0,0,0,0,0,0,0,0,0,0,0,0,0,0,0,0,0,0,0,0,0,0,0,0,0,0,0,0,0,0,0,0,0,0,0,0,0,0,0,0,0,0,0,0,0,0,0,0,0,0,0,0,0,0,0,0,0,0,0,0,0,0,0,0,0,0,0,0,0,0,0,0,0,0,0
101,0,0,0,0,0,0,0,0,0,0,0,0,0,1,0,0,0,0,0,0,0,0,0,0,0,0,0,0,0,0,0,0,0,0,0,0,0,0,0,0,0,0,0,0,0,0,0,0,0,0,0,0,0,0,0,0,0,0,0,0,0,0,0,0,0,0,0,0,0,0,0,0,0,0,0,0,0,0,0,0,0,0,0,0,0,0,0,0,0,0,0,0,0,0,0,0
102,0,0,0,0,0,0,0,0,0,0,0,0,0,1,0,0,0,0,0,0,0,0,0,0,0,0,0,0,0,0,0,0,0,0,0,0,0,0,0,0,0,0,0,0,0,0,0,0,0,0,0,0,0,0,0,0,0,0,0,0,0,0,0,0,0,0,0,0,0,0,0,0,0,0,0,0,0,0,0,0,0,0,0,0,0,0,0,0,0,0,0,0,0,0,0,0
103,0,0,0,0,0,0,0,0,0,0,0,0,0,1,0,0,0,0,0,0,0,0,0,0,0,0,0,0,0,0,0,0,0,0,0,0,0,0,0,0,0,0,0,0,0,0,0,0,0,0,0,0,0,0,0,0,0,0,0,0,0,0,0,0,0,0,0,0,0,0,0,0,0,0,0,0,0,0,0,0,0,0,0,0,0,0,0,0,0,0,0,0,0,0,0,0
104,0,0,0,0,0,0,0,0,0,0,0,0,0,1,0,0,0,0,0,0,0,0,0,0,0,0,0,0,0,0,0,0,0,0,0,0,0,0,0,0,0,0,0,0,0,0,0,0,0,0,0,0,0,0,0,0,0,0,0,0,0,0,0,0,0,0,0,0,0,0,0,0,0,0,0,0,0,0,0,0,0,0,0,0,0,0,0,0,0,0,0,0,0,0,0,0
105,0,0,0,0,0,0,0,0,0,0,0,0,0,1,0,0,0,0,0,0,0,0,0,0,0,0,0,0,0,0,0,0,0,0,0,0,0,0,0,0,0,0,0,0,0,0,0,0,0,0,0,0,0,0,0,0,0,0,0,0,0,0,0,0,0,0,0,0,0,0,0,0,0,0,0,0,0,0,0,0,0,0,0,0,0,0,0,0,0,0,0,0,0,0,0,0
106,0,0,0,0,0,0,0,0,0,0,0,0,0,1,0,0,0,0,0,0,0,0,0,0,0,0,0,0,0,0,0,0,0,0,0,0,0,0,0,0,0,0,0,0,0,0,0,0,0,0,0,0,0,0,0,0,0,0,0,0,0,0,0,0,0,0,0,0,0,0,0,0,0,0,0,0,0,0,0,0,0,0,0,0,0,0,0,0,0,0,0,0,0,0,0,0
107,0,0,0,0,0,0,0,0,0,0,0,0,0,1,0,0,0,0,0,0,0,0,0,0,0,0,0,0,0,0,0,0,0,0,0,0,0,0,0,0,0,0,0,0,0,0,0,0,0,0,0,0,0,0,0,0,0,0,0,0,0,0,0,0,0,0,0,0,0,0,0,0,0,0,0,0,0,0,0,0,0,0,0,0,0,0,0,0,0,0,0,0,0,0,0,0
108,0,0,0,0,0,0,0,0,0,0,0,0,0,1,0,0,0,0,0,0,0,0,0,0,0,0,0,0,0,0,0,0,0,0,0,0,0,0,0,0,0,0,0,0,0,0,0,0,0,0,0,0,0,0,0,0,0,0,0,0,0,0,0,0,0,0,0,0,0,0,0,0,0,0,0,0,0,0,0,0,0,0,0,0,0,0,0,0,0,0,0,0,0,0,0,0
109,0,0,0,0,0,0,0,0,0,0,0,0,0,1,0,0,0,0,0,0,0,0,0,0,0,0,0,0,0,0,0,0,0,0,0,0,0,0,0,0,0,0,0,0,0,0,0,0,0,0,0,0,0,0,0,0,0,0,0,0,0,0,0,0,0,0,0,0,0,0,0,0,0,0,0,0,0,0,0,0,0,0,0,0,0,0,0,0,0,0,0,0,0,0,0,0
110,0,0,0,0,0,0,0,0,0,0,0,0,0,1,0,0,0,0,0,0,0,0,0,0,0,0,0,0,0,0,0,0,0,0,0,0,0,0,0,0,0,0,0,0,0,0,0,0,0,0,0,0,0,0,0,0,0,0,0,0,0,0,0,0,0,0,0,0,0,0,0,0,0,0,0,0,0,0,0,0,0,0,0,0,0,0,0,0,0,0,0,0,0,0,0,0
111,0,0,0,0,0,0,0,0,0,0,0,0,0,1,0,0,0,0,0,0,0,0,0,0,0,0,0,0,0,0,0,0,0,0,0,0,0,0,0,0,0,0,0,0,0,0,0,0,0,0,0,0,0,0,0,0,0,0,0,0,0,0,0,0,0,0,0,0,0,0,0,0,0,0,0,0,0,0,0,0,0,0,0,0,0,0,0,0,0,0,0,0,0,0,0,0
112,0,0,0,0,0,0,0,0,0,0,0,0,0,1,0,0,0,0,0,0,0,0,0,0,0,0,0,0,0,0,0,0,0,0,0,0,0,0,0,0,0,0,0,0,0,0,0,0,0,0,0,0,0,0,0,0,0,0,0,0,0,0,0,0,0,0,0,0,0,0,0,0,0,0,0,0,0,0,0,0,0,0,0,0,0,0,0,0,0,0,0,0,0,0,0,0
113,0,0,0,0,0,0,0,0,0,0,0,0,0,1,0,0,0,0,0,0,0,0,0,0,0,0,0,0,0,0,0,0,0,0,0,0,0,0,0,0,0,0,0,0,0,0,0,0,0,0,0,0,0,0,0,0,0,0,0,0,0,0,0,0,0,0,0,0,0,0,0,0,0,0,0,0,0,0,0,0,0,0,0,0,0,0,0,0,0,0,0,0,0,0,0,0
114,0,0,0,0,0,0,0,0,0,0,0,0,0,1,0,0,0,0,0,0,0,0,0,0,0,0,0,0,0,0,0,0,0,0,0,0,0,0,0,0,0,0,0,0,0,0,0,0,0,0,0,0,0,0,0,0,0,0,0,0,0,0,0,0,0,0,0,0,0,0,0,0,0,0,0,0,0,0,0,0,0,0,0,0,0,0,0,0,0,0,0,0,0,0,0,0
115,0,0,0,0,0,0,0,0,0,0,0,0,0,1,0,0,0,0,0,0,0,0,0,0,0,0,0,0,0,0,0,0,0,0,0,0,0,0,0,0,0,0,0,0,0,0,0,0,0,0,0,0,0,0,0,0,0,0,0,0,0,0,0,0,0,0,0,0,0,0,0,0,0,0,0,0,0,0,0,0,0,0,0,0,0,0,0,0,0,0,0,0,0,0,0,0
116,0,0,0,0,0,0,0,0,0,0,0,0,0,1,0,0,0,0,0,0,0,0,0,0,0,0,0,0,0,0,0,0,0,0,0,0,0,0,0,0,0,0,0,0,0,0,0,0,0,0,0,0,0,0,0,0,0,0,0,0,0,0,0,0,0,0,0,0,0,0,0,0,0,0,0,0,0,0,0,0,0,0,0,0,0,0,0,0,0,0,0,0,0,0,0,0
117,0,0,0,0,0,0,0,0,0,0,0,0,0,1,0,0,0,0,0,0,0,0,0,0,0,0,0,0,0,0,0,0,0,0,0,0,0,0,0,0,0,0,0,0,0,0,0,0,0,0,0,0,0,0,0,0,0,0,0,0,0,0,0,0,0,0,0,0,0,0,0,0,0,0,0,0,0,0,0,0,0,0,0,0,0,0,0,0,0,0,0,0,0,0,0,0
118,0,0,0,0,0,0,0,0,0,0,0,0,0,1,0,0,0,0,0,0,0,0,0,0,0,0,0,0,0,0,0,0,0,0,0,0,0,0,0,0,0,0,0,0,0,0,0,0,0,0,0,0,0,0,0,0,0,0,0,0,0,0,0,0,0,0,0,0,0,0,0,0,0,0,0,0,0,0,0,0,0,0,0,0,0,0,0,0,0,0,0,0,0,0,0,0
119,0,0,0,0,0,0,0,0,0,0,0,0,0,1,0,0,0,0,0,0,0,0,0,0,0,0,0,0,0,0,0,0,0,0,0,0,0,0,0,0,0,0,0,0,0,0,0,0,0,0,0,0,0,0,0,0,0,0,0,0,0,0,0,0,0,0,0,0,0,0,0,0,0,0,0,0,0,0,0,0,0,0,0,0,0,0,0,0,0,0,0,0,0,0,0,0
120,0,0,0,0,0,0,0,0,0,0,0,0,0,1,0,0,0,0,0,0,0,0,0,0,0,0,0,0,0,0,0,0,0,0,0,0,0,0,0,0,0,0,0,0,0,0,0,0,0,0,0,0,0,0,0,0,0,0,0,0,0,0,0,0,0,0,0,0,0,0,0,0,0,0,0,0,0,0,0,0,0,0,0,0,0,0,0,0,0,0,0,0,0,0,0,0
121,0,0,0,0,0,0,0,0,0,0,0,0,0,1,0,0,0,0,0,0,0,0,0,0,0,0,0,0,0,0,0,0,0,0,0,0,0,0,0,0,0,0,0,0,0,0,0,0,0,0,0,0,0,0,0,0,0,0,0,0,0,0,0,0,0,0,0,0,0,0,0,0,0,0,0,0,0,0,0,0,0,0,0,0,0,0,0,0,0,0,0,0,0,0,0,0
122,0,0,0,0,0,0,0,0,0,0,0,0,0,1,0,0,0,0,0,0,0,0,0,0,0,0,0,0,0,0,0,0,0,0,0,0,0,0,0,0,0,0,0,0,0,0,0,0,0,0,0,0,0,0,0,0,0,0,0,0,0,0,0,0,0,0,0,0,0,0,0,0,0,0,0,0,0,0,0,0,0,0,0,0,0,0,0,0,0,0,0,0,0,0,0,0
123,0,0,0,0,0,0,0,0,0,0,0,0,0,1,0,0,0,0,0,0,0,0,0,0,0,0,0,0,0,0,0,0,0,0,0,0,0,0,0,0,0,0,0,0,0,0,0,0,0,0,0,0,0,0,0,0,0,0,0,0,0,0,0,0,0,0,0,0,0,0,0,0,0,0,0,0,0,0,0,0,0,0,0,0,0,0,0,0,0,0,0,0,0,0,0,0
124,0,0,0,0,0,0,0,0,0,0,0,0,0,1,0,0,0,0,0,0,0,0,0,0,0,0,0,0,0,0,0,0,0,0,0,0,0,0,0,0,0,0,0,0,0,0,0,0,0,0,0,0,0,0,0,0,0,0,0,0,0,0,0,0,0,0,0,0,0,0,0,0,0,0,0,0,0,0,0,0,0,0,0,0,0,0,0,0,0,0,0,0,0,0,0,0
125,0,0,0,0,0,0,0,0,0,0,0,0,0,1,0,0,0,0,0,0,0,0,0,0,0,0,0,0,0,0,0,0,0,0,0,0,0,0,0,0,0,0,0,0,0,0,0,0,0,0,0,0,0,0,0,0,0,0,0,0,0,0,0,0,0,0,0,0,0,0,0,0,0,0,0,0,0,0,0,0,0,0,0,0,0,0,0,0,0,0,0,0,0,0,0,0
126,0,0,0,0,0,0,0,0,0,0,0,0,0,1,0,0,0,0,0,0,0,0,0,0,0,0,0,0,0,0,0,0,0,0,0,0,0,0,0,0,0,0,0,0,0,0,0,0,0,0,0,0,0,0,0,0,0,0,0,0,0,0,0,0,0,0,0,0,0,0,0,0,0,0,0,0,0,0,0,0,0,0,0,0,0,0,0,0,0,0,0,0,0,0,0,0
127,0,0,0,0,0,0,0,0,0,0,0,0,0,1,0,0,0,0,0,0,0,0,0,0,0,0,0,0,0,0,0,0,0,0,0,0,0,0,0,0,0,0,0,0,0,0,0,0,0,0,0,0,0,0,0,0,0,0,0,0,0,0,0,0,0,0,0,0,0,0,0,0,0,0,0,0,0,0,0,0,0,0,0,0,0,0,0,0,0,0,0,0,0,0,0,0
128,0,0,0,0,0,0,0,0,0,0,0,0,0,1,0,0,0,0,0,0,0,0,0,0,0,0,0,0,0,0,0,0,0,0,0,0,0,0,0,0,0,0,0,0,0,0,0,0,0,0,0,0,0,0,0,0,0,0,0,0,0,0,0,0,0,0,0,0,0,0,0,0,0,0,0,0,0,0,0,0,0,0,0,0,0,0,0,0,0,0,0,0,0,0,0,0
129,0,0,0,0,0,0,0,0,0,0,0,0,0,1,0,0,0,0,0,0,0,0,0,0,0,0,0,0,0,0,0,0,0,0,0,0,0,0,0,0,0,0,0,0,0,0,0,0,0,0,0,0,0,0,0,0,0,0,0,0,0,0,0,0,0,0,0,0,0,0,0,0,0,0,0,0,0,0,0,0,0,0,0,0,0,0,0,0,0,0,0,0,0,0,0,0
130,0,0,0,0,0,0,0,0,0,0,0,0,0,1,0,0,0,0,0,0,0,0,0,0,0,0,0,0,0,0,0,0,0,0,0,0,0,0,0,0,0,0,0,0,0,0,0,0,0,0,0,0,0,0,0,0,0,0,0,0,0,0,0,0,0,0,0,0,0,0,0,0,0,0,0,0,0,0,0,0,0,0,0,0,0,0,0,0,0,0,0,0,0,0,0,0
131,0,0,0,0,0,0,0,0,0,0,0,0,0,1,0,0,0,0,0,0,0,0,0,0,0,0,0,0,0,0,0,0,0,0,0,0,0,0,0,0,0,0,0,0,0,0,0,0,0,0,0,0,0,0,0,0,0,0,0,0,0,0,0,0,0,0,0,0,0,0,0,0,0,0,0,0,0,0,0,0,0,0,0,0,0,0,0,0,0,0,0,0,0,0,0,0
132,0,0,0,0,0,0,0,0,0,0,0,0,0,1,0,0,0,0,0,0,0,0,0,0,0,0,0,0,0,0,0,0,0,0,0,0,0,0,0,0,0,0,0,0,0,0,0,0,0,0,0,0,0,0,0,0,0,0,0,0,0,0,0,0,0,0,0,0,0,0,0,0,0,0,0,0,0,0,0,0,0,0,0,0,0,0,0,0,0,0,0,0,0,0,0,0
133,0,0,0,0,0,0,0,0,0,0,0,0,0,1,0,0,0,0,0,0,0,0,0,0,0,0,0,0,0,0,0,0,0,0,0,0,0,0,0,0,0,0,0,0,0,0,0,0,0,0,0,0,0,0,0,0,0,0,0,0,0,0,0,0,0,0,0,0,0,0,0,0,0,0,0,0,0,0,0,0,0,0,0,0,0,0,0,0,0,0,0,0,0,0,0,0
134,0,0,0,0,0,0,0,0,0,0,0,0,0,1,0,0,0,0,0,0,0,0,0,0,0,0,0,0,0,0,0,0,0,0,0,0,0,0,0,0,0,0,0,0,0,0,0,0,0,0,0,0,0,0,0,0,0,0,0,0,0,0,0,0,0,0,0,0,0,0,0,0,0,0,0,0,0,0,0,0,0,0,0,0,0,0,0,0,0,0,0,0,0,0,0,0
135,0,0,0,0,0,0,0,0,0,0,0,0,0,1,0,0,0,0,0,0,0,0,0,0,0,0,0,0,0,0,0,0,0,0,0,0,0,0,0,0,0,0,0,0,0,0,0,0,0,0,0,0,0,0,0,0,0,0,0,0,0,0,0,0,0,0,0,0,0,0,0,0,0,0,0,0,0,0,0,0,0,0,0,0,0,0,0,0,0,0,0,0,0,0,0,0
136,0,0,0,0,0,0,0,0,0,0,0,0,0,1,0,0,0,0,0,0,0,0,0,0,0,0,0,0,0,0,0,0,0,0,0,0,0,0,0,0,0,0,0,0,0,0,0,0,0,0,0,0,0,0,0,0,0,0,0,0,0,0,0,0,0,0,0,0,0,0,0,0,0,0,0,0,0,0,0,0,0,0,0,0,0,0,0,0,0,0,0,0,0,0,0,0
137,0,0,0,0,0,0,0,0,0,0,0,0,0,1,0,0,0,0,0,0,0,0,0,0,0,0,0,0,0,0,0,0,0,0,0,0,0,0,0,0,0,0,0,0,0,0,0,0,0,0,0,0,0,0,0,0,0,0,0,0,0,0,0,0,0,0,0,0,0,0,0,0,0,0,0,0,0,0,0,0,0,0,0,0,0,0,0,0,0,0,0,0,0,0,0,0
138,0,0,0,0,0,0,0,0,0,0,0,0,0,1,0,0,0,0,0,0,0,0,0,0,0,0,0,0,0,0,0,0,0,0,0,0,0,0,0,0,0,0,0,0,0,0,0,0,0,0,0,0,0,0,0,0,0,0,0,0,0,0,0,0,0,0,0,0,0,0,0,0,0,0,0,0,0,0,0,0,0,0,0,0,0,0,0,0,0,0,0,0,0,0,0,0
139,0,0,0,0,0,0,0,0,0,0,0,0,0,1,0,0,0,0,0,0,0,0,0,0,0,0,0,0,0,0,0,0,0,0,0,0,0,0,0,0,0,0,0,0,0,0,0,0,0,0,0,0,0,0,0,0,0,0,0,0,0,0,0,0,0,0,0,0,0,0,0,0,0,0,0,0,0,0,0,0,0,0,0,0,0,0,0,0,0,0,0,0,0,0,0,0
140,0,0,0,0,0,0,0,0,0,0,0,0,0,1,0,0,0,0,0,0,0,0,0,0,0,0,0,0,0,0,0,0,0,0,0,0,0,0,0,0,0,0,0,0,0,0,0,0,0,0,0,0,0,0,0,0,0,0,0,0,0,0,0,0,0,0,0,0,0,0,0,0,0,0,0,0,0,0,0,0,0,0,0,0,0,0,0,0,0,0,0,0,0,0,0,0
141,0,0,0,0,0,0,0,0,0,0,0,0,0,1,0,0,0,0,0,0,0,0,0,0,0,0,0,0,0,0,0,0,0,0,0,0,0,0,0,0,0,0,0,0,0,0,0,0,0,0,0,0,0,0,0,0,0,0,0,0,0,0,0,0,0,0,0,0,0,0,0,0,0,0,0,0,0,0,0,0,0,0,0,0,0,0,0,0,0,0,0,0,0,0,0,0
142,0,0,0,0,0,0,0,0,0,0,0,0,0,1,0,0,0,0,0,0,0,0,0,0,0,0,0,0,0,0,0,0,0,0,0,0,0,0,0,0,0,0,0,0,0,0,0,0,0,0,0,0,0,0,0,0,0,0,0,0,0,0,0,0,0,0,0,0,0,0,0,0,0,0,0,0,0,0,0,0,0,0,0,0,0,0,0,0,0,0,0,0,0,0,0,0
143,0,0,0,0,0,0,0,0,0,0,0,0,0,1,0,0,0,0,0,0,0,0,0,0,0,0,0,0,0,0,0,0,0,0,0,0,0,0,0,0,0,0,0,0,0,0,0,0,0,0,0,0,0,0,0,0,0,0,0,0,0,0,0,0,0,0,0,0,0,0,0,0,0,0,0,0,0,0,0,0,0,0,0,0,0,0,0,0,0,0,0,0,0,0,0,0
144,0,0,0,0,0,0,0,0,0,0,0,0,0,1,0,0,0,0,0,0,0,0,0,0,0,0,0,0,0,0,0,0,0,0,0,0,0,0,0,0,0,0,0,0,0,0,0,0,0,0,0,0,0,0,0,0,0,0,0,0,0,0,0,0,0,0,0,0,0,0,0,0,0,0,0,0,0,0,0,0,0,0,0,0,0,0,0,0,0,0,0,0,0,0,0,0
145,0,0,0,0,0,0,0,0,0,0,0,0,0,1,0,0,0,0,0,0,0,0,0,0,0,0,0,0,0,0,0,0,0,0,0,0,0,0,0,0,0,0,0,0,0,0,0,0,0,0,0,0,0,0,0,0,0,0,0,0,0,0,0,0,0,0,0,0,0,0,0,0,0,0,0,0,0,0,0,0,0,0,0,0,0,0,0,0,0,0,0,0,0,0,0,0
146,0,0,0,0,0,0,0,0,0,0,0,0,0,1,0,0,0,0,0,0,0,0,0,0,0,0,0,0,0,0,0,0,0,0,0,0,0,0,0,0,0,0,0,0,0,0,0,0,0,0,0,0,0,0,0,0,0,0,0,0,0,0,0,0,0,0,0,0,0,0,0,0,0,0,0,0,0,0,0,0,0,0,0,0,0,0,0,0,0,0,0,0,0,0,0,0
147,0,0,0,0,0,0,0,0,0,0,0,0,0,1,0,0,0,0,0,0,0,0,0,0,0,0,0,0,0,0,0,0,0,0,0,0,0,0,0,0,0,0,0,0,0,0,0,0,0,0,0,0,0,0,0,0,0,0,0,0,0,0,0,0,0,0,0,0,0,0,0,0,0,0,0,0,0,0,0,0,0,0,0,0,0,0,0,0,0,0,0,0,0,0,0,0
148,0,0,0,0,0,0,0,0,0,0,0,0,0,1,0,0,0,0,0,0,0,0,0,0,0,0,0,0,0,0,0,0,0,0,0,0,0,0,0,0,0,0,0,0,0,0,0,0,0,0,0,0,0,0,0,0,0,0,0,0,0,0,0,0,0,0,0,0,0,0,0,0,0,0,0,0,0,0,0,0,0,0,0,0,0,0,0,0,0,0,0,0,0,0,0,0
149,0,0,0,0,0,0,0,0,0,0,0,0,0,1,0,0,0,0,0,0,0,0,0,0,0,0,0,0,0,0,0,0,0,0,0,0,0,0,0,0,0,0,0,0,0,0,0,0,0,0,0,0,0,0,0,0,0,0,0,0,0,0,0,0,0,0,0,0,0,0,0,0,0,0,0,0,0,0,0,0,0,0,0,0,0,0,0,0,0,0,0,0,0,0,0,0
150,0,0,0,0,0,0,0,0,0,0,0,0,0,1,0,0,0,0,0,0,0,0,0,0,0,0,0,0,0,0,0,0,0,0,0,0,0,0,0,0,0,0,0,0,0,0,0,0,0,0,0,0,0,0,0,0,0,0,0,0,0,0,0,0,0,0,0,0,0,0,0,0,0,0,0,0,0,0,0,0,0,0,0,0,0,0,0,0,0,0,0,0,0,0,0,0
151,0,0,0,0,0,0,0,0,0,0,0,0,0,1,0,0,0,0,0,0,0,0,0,0,0,0,0,0,0,0,0,0,0,0,0,0,0,0,0,0,0,0,0,0,0,0,0,0,0,0,0,0,0,0,0,0,0,0,0,0,0,0,0,0,0,0,0,0,0,0,0,0,0,0,0,0,0,0,0,0,0,0,0,0,0,0,0,0,0,0,0,0,0,0,0,0
152,0,0,0,0,0,0,0,0,0,0,0,0,0,1,0,0,0,0,0,0,0,0,0,0,0,0,0,0,0,0,0,0,0,0,0,0,0,0,0,0,0,0,0,0,0,0,0,0,0,0,0,0,0,0,0,0,0,0,0,0,0,0,0,0,0,0,0,0,0,0,0,0,0,0,0,0,0,0,0,0,0,0,0,0,0,0,0,0,0,0,0,0,0,0,0,0
153,0,0,0,0,0,0,0,0,0,0,0,0,0,1,0,0,0,0,0,0,0,0,0,0,0,0,0,0,0,0,0,0,0,0,0,0,0,0,0,0,0,0,0,0,0,0,0,0,0,0,0,0,0,0,0,0,0,0,0,0,0,0,0,0,0,0,0,0,0,0,0,0,0,0,0,0,0,0,0,0,0,0,0,0,0,0,0,0,0,0,0,0,0,0,0,0
154,0,0,0,0,0,0,0,0,0,0,0,0,0,1,0,0,0,0,0,0,0,0,0,0,0,0,0,0,0,0,0,0,0,0,0,0,0,0,0,0,0,0,0,0,0,0,0,0,0,0,0,0,0,0,0,0,0,0,0,0,0,0,0,0,0,0,0,0,0,0,0,0,0,0,0,0,0,0,0,0,0,0,0,0,0,0,0,0,0,0,0,0,0,0,0,0
155,0,0,0,0,0,0,0,0,0,0,0,0,0,1,0,0,0,0,0,0,0,0,0,0,0,0,0,0,0,0,0,0,0,0,0,0,0,0,0,0,0,0,0,0,0,0,0,0,0,0,0,0,0,0,0,0,0,0,0,0,0,0,0,0,0,0,0,0,0,0,0,0,0,0,0,0,0,0,0,0,0,0,0,0,0,0,0,0,0,0,0,0,0,0,0,0
156,0,0,0,0,0,0,0,0,0,0,0,0,0,1,0,0,0,0,0,0,0,0,0,0,0,0,0,0,0,0,0,0,0,0,0,0,0,0,0,0,0,0,0,0,0,0,0,0,0,0,0,0,0,0,0,0,0,0,0,0,0,0,0,0,0,0,0,0,0,0,0,0,0,0,0,0,0,0,0,0,0,0,0,0,0,0,0,0,0,0,0,0,0,0,0,0
157,0,0,0,0,0,0,0,0,0,0,0,0,0,1,0,0,0,0,0,0,0,0,0,0,0,0,0,0,0,0,0,0,0,0,0,0,0,0,0,0,0,0,0,0,0,0,0,0,0,0,0,0,0,0,0,0,0,0,0,0,0,0,0,0,0,0,0,0,0,0,0,0,0,0,0,0,0,0,0,0,0,0,0,0,0,0,0,0,0,0,0,0,0,0,0,0
158,0,0,0,0,0,0,0,0,0,0,0,0,0,1,0,0,0,0,0,0,0,0,0,0,0,0,0,0,0,0,0,0,0,0,0,0,0,0,0,0,0,0,0,0,0,0,0,0,0,0,0,0,0,0,0,0,0,0,0,0,0,0,0,0,0,0,0,0,0,0,0,0,0,0,0,0,0,0,0,0,0,0,0,0,0,0,0,0,0,0,0,0,0,0,0,0
159,0,0,0,0,0,0,0,0,0,0,0,0,0,1,0,0,0,0,0,0,0,0,0,0,0,0,0,0,0,0,0,0,0,0,0,0,0,0,0,0,0,0,0,0,0,0,0,0,0,0,0,0,0,0,0,0,0,0,0,0,0,0,0,0,0,0,0,0,0,0,0,0,0,0,0,0,0,0,0,0,0,0,0,0,0,0,0,0,0,0,0,0,0,0,0,0
160,0,0,0,0,0,0,0,0,0,0,0,0,0,1,0,0,0,0,0,0,0,0,0,0,0,0,0,0,0,0,0,0,0,0,0,0,0,0,0,0,0,0,0,0,0,0,0,0,0,0,0,0,0,0,0,0,0,0,0,0,0,0,0,0,0,0,0,0,0,0,0,0,0,0,0,0,0,0,0,0,0,0,0,0,0,0,0,0,0,0,0,0,0,0,0,0
161,0,0,0,0,0,0,0,0,0,0,0,0,0,1,0,0,0,0,0,0,0,0,0,0,0,0,0,0,0,0,0,0,0,0,0,0,0,0,0,0,0,0,0,0,0,0,0,0,0,0,0,0,0,0,0,0,0,0,0,0,0,0,0,0,0,0,0,0,0,0,0,0,0,0,0,0,0,0,0,0,0,0,0,0,0,0,0,0,0,0,0,0,0,0,0,0
162,0,0,0,0,0,0,0,0,0,0,0,0,0,1,0,0,0,0,0,0,0,0,0,0,0,0,0,0,0,0,0,0,0,0,0,0,0,0,0,0,0,0,0,0,0,0,0,0,0,0,0,0,0,0,0,0,0,0,0,0,0,0,0,0,0,0,0,0,0,0,0,0,0,0,0,0,0,0,0,0,0,0,0,0,0,0,0,0,0,0,0,0,0,0,0,0
163,0,0,0,0,0,0,0,0,0,0,0,0,0,1,0,0,0,0,0,0,0,0,0,0,0,0,0,0,0,0,0,0,0,0,0,0,0,0,0,0,0,0,0,0,0,0,0,0,0,0,0,0,0,0,0,0,0,0,0,0,0,0,0,0,0,0,0,0,0,0,0,0,0,0,0,0,0,0,0,0,0,0,0,0,0,0,0,0,0,0,0,0,0,0,0,0
164,0,0,0,0,0,0,0,0,0,0,0,0,0,1,0,0,0,0,0,0,0,0,0,0,0,0,0,0,0,0,0,0,0,0,0,0,0,0,0,0,0,0,0,0,0,0,0,0,0,0,0,0,0,0,0,0,0,0,0,0,0,0,0,0,0,0,0,0,0,0,0,0,0,0,0,0,0,0,0,0,0,0,0,0,0,0,0,0,0,0,0,0,0,0,0,0
165,0,0,0,0,0,0,0,0,0,0,0,0,0,1,0,0,0,0,0,0,0,0,0,0,0,0,0,0,0,0,0,0,0,0,0,0,0,0,0,0,0,0,0,0,0,0,0,0,0,0,0,0,0,0,0,0,0,0,0,0,0,0,0,0,0,0,0,0,0,0,0,0,0,0,0,0,0,0,0,0,0,0,0,0,0,0,0,0,0,0,0,0,0,0,0,0
166,0,0,0,0,0,0,0,0,0,0,0,0,0,1,0,0,0,0,0,0,0,0,0,0,0,0,0,0,0,0,0,0,0,0,0,0,0,0,0,0,0,0,0,0,0,0,0,0,0,0,0,0,0,0,0,0,0,0,0,0,0,0,0,0,0,0,0,0,0,0,0,0,0,0,0,0,0,0,0,0,0,0,0,0,0,0,0,0,0,0,0,0,0,0,0,0
167,0,0,0,0,0,0,0,0,0,0,0,0,0,1,0,0,0,0,0,0,0,0,0,0,0,0,0,0,0,0,0,0,0,0,0,0,0,0,0,0,0,0,0,0,0,0,0,0,0,0,0,0,0,0,0,0,0,0,0,0,0,0,0,0,0,0,0,0,0,0,0,0,0,0,0,0,0,0,0,0,0,0,0,0,0,0,0,0,0,0,0,0,0,0,0,0
168,0,0,0,0,0,0,0,0,0,0,0,0,0,1,0,0,0,0,0,0,0,0,0,0,0,0,0,0,0,0,0,0,0,0,0,0,0,0,0,0,0,0,0,0,0,0,0,0,0,0,0,0,0,0,0,0,0,0,0,0,0,0,0,0,0,0,0,0,0,0,0,0,0,0,0,0,0,0,0,0,0,0,0,0,0,0,0,0,0,0,0,0,0,0,0,0
169,0,0,0,0,0,0,0,0,0,0,0,0,0,1,0,0,0,0,0,0,0,0,0,0,0,0,0,0,0,0,0,0,0,0,0,0,0,0,0,0,0,0,0,0,0,0,0,0,0,0,0,0,0,0,0,0,0,0,0,0,0,0,0,0,0,0,0,0,0,0,0,0,0,0,0,0,0,0,0,0,0,0,0,0,0,0,0,0,0,0,0,0,0,0,0,0
170,0,0,0,0,0,0,0,0,0,0,0,0,0,1,0,0,0,0,0,0,0,0,0,0,0,0,0,0,0,0,0,0,0,0,0,0,0,0,0,0,0,0,0,0,0,0,0,0,0,0,0,0,0,0,0,0,0,0,0,0,0,0,0,0,0,0,0,0,0,0,0,0,0,0,0,0,0,0,0,0,0,0,0,0,0,0,0,0,0,0,0,0,0,0,0,0
171,0,0,0,0,0,0,0,0,0,0,0,0,0,1,0,0,0,0,0,0,0,0,0,0,0,0,0,0,0,0,0,0,0,0,0,0,0,0,0,0,0,0,0,0,0,0,0,0,0,0,0,0,0,0,0,0,0,0,0,0,0,0,0,0,0,0,0,0,0,0,0,0,0,0,0,0,0,0,0,0,0,0,0,0,0,0,0,0,0,0,0,0,0,0,0,0
172,0,0,0,0,0,0,0,0,0,0,0,0,0,1,0,0,0,0,0,0,0,0,0,0,0,0,0,0,0,0,0,0,0,0,0,0,0,0,0,0,0,0,0,0,0,0,0,0,0,0,0,0,0,0,0,0,0,0,0,0,0,0,0,0,0,0,0,0,0,0,0,0,0,0,0,0,0,0,0,0,0,0,0,0,0,0,0,0,0,0,0,0,0,0,0,0
173,0,0,0,0,0,0,0,0,0,0,0,0,0,1,0,0,0,0,0,0,0,0,0,0,0,0,0,0,0,0,0,0,0,0,0,0,0,0,0,0,0,0,0,0,0,0,0,0,0,0,0,0,0,0,0,0,0,0,0,0,0,0,0,0,0,0,0,0,0,0,0,0,0,0,0,0,0,0,0,0,0,0,0,0,0,0,0,0,0,0,0,0,0,0,0,0
174,0,0,0,0,0,0,0,0,0,0,1,0,0,1,0,0,0,0,0,0,0,0,0,0,0,0,0,0,0,0,0,0,0,0,0,0,0,0,0,0,0,0,0,0,0,0,0,0,0,0,0,0,0,0,0,0,0,0,0,0,0,0,0,0,0,0,0,0,0,0,0,0,0,0,0,0,0,0,0,0,0,0,0,0,0,0,0,0,0,0,0,0,0,0,0,0
175,0,0,0,0,0,0,0,0,0,0,1,0,0,1,0,0,0,0,0,0,0,0,0,0,0,0,0,0,0,0,0,0,0,0,0,0,0,0,0,0,0,0,0,0,0,0,0,0,0,0,0,0,0,0,0,0,0,0,0,0,0,0,0,0,0,0,0,0,0,0,0,0,0,0,0,0,0,0,0,0,0,0,0,0,0,0,0,0,0,0,0,0,0,0,0,0
176,0,0,0,0,0,0,0,0,0,0,1,0,0,1,0,0,0,0,0,0,0,0,0,0,0,0,0,0,0,0,0,0,0,0,0,0,0,0,0,0,0,0,0,0,0,0,0,0,0,0,0,0,0,0,0,0,0,0,0,0,0,0,0,0,0,0,0,0,0,0,0,0,0,0,0,0,0,0,0,0,0,0,0,0,0,0,0,0,0,0,0,0,0,0,0,0
177,0,0,0,0,0,0,0,0,0,0,1,1,0,1,0,0,0,0,0,0,0,0,0,0,0,0,0,0,0,0,0,0,0,0,0,0,0,0,0,0,0,0,0,0,0,0,0,0,0,0,0,0,0,0,0,0,0,0,0,0,0,0,0,0,0,0,0,0,0,0,0,0,0,0,0,0,0,0,0,0,0,0,0,0,0,0,0,0,0,0,0,0,0,0,0,0
178,0,0,0,0,0,0,0,0,0,0,1,1,0,1,0,0,0,0,0,0,0,0,0,0,0,0,0,0,0,0,0,0,0,0,0,0,0,0,0,0,0,0,0,0,0,0,0,0,0,0,0,0,0,0,0,0,0,0,0,0,0,0,0,0,0,0,0,0,0,0,0,0,0,0,0,0,0,0,0,0,0,0,0,0,0,0,0,0,0,0,0,0,0,0,0,0
179,0,0,0,0,0,0,0,0,0,0,1,1,0,1,0,0,0,0,0,0,0,0,0,0,0,0,0,0,0,0,0,0,0,0,0,0,0,0,0,0,0,0,0,0,0,0,0,0,0,0,0,0,0,0,0,0,0,0,0,0,0,0,0,0,0,0,0,0,0,0,0,0,0,0,0,0,0,0,0,0,0,0,0,0,0,0,0,0,0,0,0,0,0,0,0,0
180,0,0,0,0,0,0,0,0,0,0,1,1,0,1,0,0,0,0,0,0,0,0,0,0,0,0,0,0,0,0,0,0,0,0,0,0,0,0,0,0,0,0,0,0,0,0,0,0,0,0,0,0,0,0,0,0,0,0,0,0,0,0,0,0,0,0,0,0,0,0,0,0,0,0,0,0,0,0,0,0,0,0,0,0,0,0,0,0,0,0,0,0,0,0,0,0
181,0,0,0,0,0,0,0,0,0,0,1,1,0,1,0,0,0,0,0,0,0,0,0,0,0,0,0,0,0,0,0,0,0,0,0,0,0,0,0,0,0,0,0,0,0,0,0,0,0,0,0,0,0,0,0,0,0,0,0,0,0,0,0,0,0,0,0,0,0,0,0,0,0,0,0,0,0,0,0,0,0,0,0,0,0,0,0,0,0,0,0,0,0,0,0,0
182,0,0,0,0,0,0,0,0,0,0,1,1,0,1,0,0,0,0,0,0,0,0,0,0,0,0,0,0,0,0,0,0,0,0,0,0,0,0,0,0,0,0,0,0,0,0,0,0,0,0,0,0,0,0,0,0,0,0,0,0,0,0,0,0,0,0,0,0,0,0,0,0,0,0,0,0,0,0,0,0,0,0,0,0,0,0,0,0,0,0,0,0,0,0,0,0
183,0,0,0,0,0,0,0,0,0,0,1,1,0,1,0,0,0,0,0,0,0,0,0,0,0,0,0,0,0,0,0,0,0,0,0,0,0,0,0,0,0,0,0,0,0,0,0,0,0,0,0,0,0,0,0,0,0,0,0,0,0,0,0,0,0,0,0,0,0,0,0,0,0,0,0,0,0,0,0,0,0,0,0,0,0,0,0,0,0,0,0,0,0,0,0,0
184,0,0,0,0,0,0,0,0,0,0,1,1,0,1,0,0,0,0,0,0,0,0,0,0,0,0,0,0,0,0,0,0,0,0,0,0,0,0,0,0,0,0,0,0,0,0,0,0,0,0,0,0,0,0,0,0,0,0,0,0,0,0,0,0,0,0,0,0,0,0,0,0,0,0,0,0,0,0,0,0,0,0,0,0,0,0,0,0,0,0,0,0,0,0,0,0
185,0,0,0,0,0,0,0,0,0,0,1,1,0,1,0,0,0,0,0,0,0,0,0,0,0,0,0,0,0,0,0,0,0,0,0,0,0,0,0,0,0,0,0,0,0,0,0,0,0,0,0,0,0,0,0,0,0,0,0,0,0,0,0,0,0,0,0,0,0,0,0,0,0,0,0,0,0,0,0,0,0,0,0,0,0,0,0,0,0,0,0,0,0,0,0,0
186,0,0,0,0,0,0,0,0,0,0,1,1,0,1,0,0,0,0,0,0,0,0,0,0,0,0,0,0,0,0,0,0,0,0,0,0,0,0,0,0,0,0,0,0,0,0,0,0,0,0,0,0,0,0,0,0,0,0,0,0,0,0,0,0,0,0,0,0,0,0,0,0,0,0,0,0,0,0,0,0,0,0,0,0,0,0,0,0,0,0,0,0,0,0,0,0
187,0,0,0,0,0,0,0,0,0,0,1,1,0,1,0,0,0,0,0,0,0,0,0,0,0,0,0,0,0,0,0,0,0,0,0,0,0,0,0,0,0,0,0,0,0,0,0,0,0,0,0,0,0,0,0,0,0,0,0,0,0,0,0,0,0,0,0,0,0,0,0,0,0,0,0,0,0,0,0,0,0,0,0,0,0,0,0,0,0,0,0,0,0,0,0,0
188,0,0,0,0,0,0,0,0,0,0,1,1,0,1,0,0,0,0,0,0,0,0,0,0,0,0,0,0,0,0,0,0,0,0,0,0,0,0,0,0,0,0,0,0,0,0,0,0,0,0,0,0,0,0,0,0,0,0,0,0,0,0,0,0,0,0,0,0,0,0,0,0,0,0,0,0,0,0,0,0,0,0,0,0,0,0,0,0,0,0,0,0,0,0,0,0
189,0,0,0,0,0,0,0,0,0,0,1,1,0,1,0,0,0,0,0,0,0,0,0,0,0,0,0,0,0,0,0,0,0,0,0,0,0,0,0,0,0,0,0,0,0,0,0,0,0,0,0,0,0,0,0,0,0,0,0,0,0,0,0,0,0,0,0,0,0,0,0,0,0,0,0,0,0,0,0,0,0,0,0,0,0,0,0,0,0,0,0,0,0,0,0,0
190,0,0,0,0,0,0,0,0,0,0,1,1,0,1,0,0,0,0,0,0,0,0,0,0,0,0,0,0,0,0,0,0,0,0,0,0,0,0,0,0,0,0,0,0,0,0,0,0,0,0,0,0,0,0,0,0,0,0,0,0,0,0,0,0,0,0,0,0,0,0,0,0,0,0,0,0,0,0,0,0,0,0,0,0,0,0,0,0,0,0,0,0,0,0,0,0
191,0,0,0,0,0,0,0,0,0,0,1,1,0,1,0,0,0,0,0,0,0,0,0,0,0,0,0,0,0,0,0,0,0,0,0,0,0,0,0,0,0,0,0,0,0,0,0,0,0,0,0,0,0,0,0,0,0,0,0,0,0,0,0,0,0,0,0,0,0,0,0,0,0,0,0,0,0,0,0,0,0,0,0,0,0,0,0,0,0,0,0,0,0,0,0,0
192,0,0,0,0,0,0,0,0,0,0,1,1,0,1,0,0,0,0,0,0,0,0,0,0,0,0,0,0,0,0,0,0,0,0,0,0,0,0,0,0,0,0,0,0,0,0,0,0,0,0,0,0,0,0,0,0,0,0,0,0,0,0,0,0,0,0,0,0,0,0,0,0,0,0,0,0,0,0,0,0,0,0,0,0,0,0,0,0,0,0,0,0,0,0,0,0
193,0,0,0,0,0,0,0,0,0,0,1,1,0,1,0,0,0,0,0,0,0,0,0,0,0,0,0,0,0,0,0,0,0,0,0,0,0,0,0,0,0,0,0,0,0,0,0,0,0,0,0,0,0,0,0,0,0,0,0,0,0,0,0,0,0,0,0,0,0,0,0,0,0,0,0,0,0,0,0,0,0,0,0,0,0,0,0,0,0,0,0,0,0,0,0,0
194,0,0,0,0,0,0,0,0,0,0,1,1,0,1,0,0,0,0,0,0,0,0,0,0,0,0,0,0,0,0,0,0,0,0,0,0,0,0,0,0,0,0,0,0,0,0,0,0,0,0,0,0,0,0,0,0,0,0,0,0,0,0,0,0,0,0,0,0,0,0,0,0,0,0,0,0,0,0,0,0,0,0,0,0,0,0,0,0,0,0,0,0,0,0,0,0
195,0,0,0,0,0,0,0,0,0,0,1,1,0,1,0,0,0,0,0,0,0,0,0,0,0,0,0,0,0,0,0,0,0,0,0,0,0,0,0,0,0,0,0,0,0,0,0,0,0,0,0,0,0,0,0,0,0,0,0,0,0,0,0,0,0,0,0,0,0,0,0,0,0,0,0,0,0,0,0,0,0,0,0,0,0,0,0,0,0,0,0,0,0,0,0,0
196,0,0,0,0,0,0,0,0,0,0,1,1,0,1,0,0,0,0,0,0,0,0,0,0,0,0,0,0,0,0,0,0,0,0,0,0,0,0,0,0,0,0,0,0,0,0,0,0,0,0,0,0,0,0,0,0,0,0,0,0,0,0,0,0,0,0,0,0,0,0,0,0,0,0,0,0,0,0,0,0,0,0,0,0,0,0,0,0,0,0,0,0,0,0,0,0
197,0,0,0,0,0,0,0,0,0,0,1,1,0,1,0,0,0,0,0,0,0,0,0,0,0,0,0,0,0,0,0,0,0,0,0,0,0,0,0,0,0,0,0,0,0,0,0,0,0,0,0,0,0,0,0,0,0,0,0,0,0,0,0,0,0,0,0,0,0,0,0,0,0,0,0,0,0,0,0,0,0,0,0,0,0,0,0,0,0,0,0,0,0,0,0,0
198,0,0,0,0,0,0,0,0,0,0,1,1,0,1,0,0,0,0,0,0,0,0,0,0,0,0,0,0,0,0,0,0,0,0,0,0,0,0,0,0,0,0,0,0,0,0,0,0,0,0,0,0,0,0,0,0,0,0,0,0,0,0,0,0,0,0,0,0,0,0,0,0,0,0,0,0,0,0,0,0,0,0,0,0,0,0,0,0,0,0,0,0,0,0,0,0
199,0,0,0,0,0,0,0,0,0,0,1,1,0,1,0,0,0,0,0,0,0,0,0,0,0,0,0,0,0,0,0,0,0,0,0,0,0,0,0,0,0,0,0,0,0,0,0,0,0,0,0,0,0,0,0,0,0,0,0,0,0,0,0,0,0,0,0,0,0,0,0,0,0,0,0,0,0,0,0,0,0,0,0,0,0,0,0,0,0,0,0,0,0,0,0,0
200,0,0,0,0,0,0,0,0,0,0,1,1,0,1,0,0,0,0,0,0,0,0,0,0,0,0,0,0,0,0,0,0,0,0,0,0,0,0,0,0,0,0,0,0,0,0,0,0,0,0,0,0,0,0,0,0,0,0,0,0,0,0,0,0,0,0,0,0,0,0,0,0,0,0,0,0,0,0,0,0,0,0,0,0,0,0,0,0,0,0,0,0,0,0,0,0
201,0,0,0,0,0,0,0,0,0,0,1,1,0,1,0,0,0,0,0,0,0,0,0,0,0,0,0,0,0,0,0,0,0,0,0,0,0,0,0,0,0,0,0,0,0,0,0,0,0,0,0,0,0,0,0,0,0,0,0,0,0,0,0,0,0,0,0,0,0,0,0,0,0,0,0,0,0,0,0,0,0,0,0,0,0,0,0,0,0,0,0,0,0,0,0,0
202,0,0,0,0,0,0,0,0,0,0,1,1,0,1,0,0,0,0,0,0,0,0,0,0,0,0,0,0,0,0,0,0,0,0,0,0,0,0,0,0,0,0,0,0,0,0,0,0,0,0,0,0,0,0,0,0,0,0,0,0,0,0,0,0,0,0,0,0,0,0,0,0,0,0,0,0,0,0,0,0,0,0,0,0,0,0,0,0,1,0,0,0,0,0,0,0
203,0,0,0,0,0,0,0,0,0,0,1,1,0,1,0,0,0,0,0,0,0,0,0,0,0,0,0,0,0,0,0,0,0,0,0,0,0,0,0,0,0,0,0,0,0,0,0,0,0,0,0,0,0,0,0,0,0,0,0,0,0,0,0,0,0,0,0,0,0,0,0,0,0,0,0,0,0,0,0,0,0,0,0,0,0,0,0,0,1,0,0,0,0,0,0,0
204,0,0,0,0,0,0,0,0,0,0,1,1,0,1,0,0,0,0,0,0,0,0,0,0,0,0,0,0,0,0,0,0,0,1,0,0,0,0,0,0,0,0,0,0,0,0,0,0,0,0,0,0,0,0,0,0,0,0,0,0,0,0,0,0,0,0,0,0,0,0,0,0,0,0,0,0,0,0,0,0,0,0,1,0,0,0,0,0,1,0,0,0,0,0,0,0
205,0,0,0,0,0,0,0,0,0,0,1,1,0,1,0,0,0,0,0,0,0,0,0,0,0,0,0,0,0,0,0,0,0,1,0,0,0,0,0,0,0,0,0,0,0,0,0,0,0,0,0,0,0,0,0,0,0,0,0,0,0,0,0,0,0,0,0,0,0,0,0,0,0,0,0,0,0,0,0,0,0,0,1,0,0,0,0,0,1,0,0,0,0,0,0,0
206,0,0,0,0,0,0,0,0,0,0,1,1,0,1,0,0,0,0,0,0,0,0,0,0,0,0,0,0,0,0,0,0,0,1,0,0,0,0,0,0,0,0,0,0,0,0,0,0,0,0,0,0,0,0,0,0,0,0,0,0,0,0,0,0,0,0,0,0,0,0,0,0,0,0,0,0,0,0,0,0,0,0,1,0,0,0,0,0,1,0,0,0,0,0,0,0
207,0,0,0,0,0,0,0,0,0,0,1,1,0,1,0,0,0,0,0,0,0,0,0,0,0,0,0,0,0,0,0,0,0,1,0,0,0,0,0,0,0,0,0,0,0,0,0,0,0,0,0,0,0,0,0,0,0,0,0,0,0,0,0,0,0,0,0,0,0,0,0,0,0,0,0,0,0,0,0,0,0,0,1,0,0,0,0,0,1,0,0,0,0,0,0,0
208,0,0,0,0,0,0,0,0,0,0,1,1,0,1,0,0,0,0,0,0,0,0,0,0,0,0,0,0,0,0,0,0,0,1,0,0,0,0,0,0,0,0,0,0,0,0,0,0,0,0,0,0,0,0,0,0,0,0,0,0,0,0,0,0,0,0,0,0,0,0,0,0,0,0,0,0,0,0,0,0,0,0,1,0,0,0,0,0,1,0,0,0,0,0,0,0
209,0,0,0,0,0,0,0,0,0,0,1,1,0,1,0,0,0,0,0,0,0,0,0,0,0,0,0,0,0,0,0,0,0,1,0,0,0,0,0,0,0,0,0,0,0,0,0,0,0,0,0,0,0,0,0,0,0,0,0,0,0,0,0,0,0,0,0,0,0,0,0,0,0,0,0,0,0,0,0,0,0,0,1,0,0,0,0,0,1,0,0,0,0,0,0,0
210,0,0,0,0,0,0,0,0,0,0,1,1,0,1,0,0,0,0,0,0,0,0,0,0,0,0,0,0,0,0,0,0,0,1,0,0,0,0,0,0,0,0,0,0,0,0,0,0,0,0,0,0,0,0,0,0,0,0,0,0,0,0,0,0,0,0,0,0,0,0,0,0,0,0,0,0,0,0,0,0,0,0,1,0,0,0,0,0,1,0,0,0,0,0,0,0
211,0,0,0,0,0,0,0,0,0,0,1,1,0,1,0,0,0,0,0,0,0,0,0,0,0,0,0,0,0,0,0,0,0,1,0,0,0,0,0,0,0,0,0,0,1,0,0,0,0,0,0,0,0,0,0,0,0,0,0,0,0,0,0,0,0,0,0,0,0,0,0,0,0,0,0,0,0,0,0,0,0,0,1,0,0,0,0,0,1,0,0,0,0,0,0,0
212,0,0,0,0,0,0,0,0,0,0,1,1,0,1,0,0,0,0,0,0,0,0,0,0,0,0,0,0,0,0,0,0,0,1,0,0,0,0,0,0,0,0,0,0,1,0,0,0,0,0,0,0,0,0,0,0,0,0,0,0,0,0,0,0,0,0,0,0,0,0,0,0,0,0,0,0,0,0,0,0,0,0,1,0,0,0,0,0,1,0,0,0,0,0,0,0
213,0,0,0,0,0,0,0,0,0,0,1,1,0,1,0,0,0,0,0,0,0,0,0,0,0,0,0,0,0,0,0,0,0,1,0,0,0,0,0,0,0,0,0,0,1,0,0,0,0,0,0,0,0,0,0,0,0,0,0,0,0,0,0,0,0,0,0,0,0,0,0,0,0,0,0,0,0,0,0,0,0,0,1,0,0,0,0,0,1,0,0,0,0,0,0,0
214,0,0,0,0,0,0,0,0,0,0,1,1,0,1,0,0,0,0,0,0,0,0,0,0,0,0,0,0,0,0,0,0,0,1,0,0,0,0,0,0,0,0,0,0,1,0,0,0,0,0,0,0,0,0,0,0,0,0,0,0,0,0,0,0,0,0,0,0,0,0,0,0,0,0,0,0,0,0,0,0,0,0,1,0,0,0,0,0,1,0,0,0,0,0,0,0
215,0,0,0,0,0,0,0,0,0,0,1,1,0,1,0,0,0,0,0,0,0,0,0,0,0,0,0,0,0,0,0,0,0,1,0,0,0,0,0,0,0,0,0,0,1,0,0,0,0,0,0,0,0,0,0,0,0,0,0,0,0,0,0,0,0,0,0,0,0,0,0,0,0,0,0,0,0,0,0,0,0,0,1,0,0,0,0,0,1,0,0,0,0,0,0,0
216,0,0,0,0,0,0,0,0,0,0,1,1,0,1,0,0,0,0,0,0,0,0,0,0,0,0,0,0,0,0,0,0,0,1,0,0,0,0,0,0,0,0,0,0,1,0,0,0,0,0,0,0,0,0,0,0,0,0,0,0,0,0,0,0,0,0,0,0,0,0,0,0,0,0,0,0,0,0,0,0,0,0,1,0,0,0,0,0,1,0,0,0,0,0,0,0
217,0,0,0,0,0,0,0,0,0,0,1,1,0,1,0,0,0,0,0,0,0,0,0,0,0,0,0,0,0,0,0,0,0,1,0,0,0,0,0,0,0,0,0,0,1,0,0,0,0,0,0,0,0,0,0,0,0,0,0,0,0,0,0,0,0,0,0,0,0,0,0,0,0,0,0,0,0,0,0,0,0,0,1,0,0,0,0,0,1,0,0,0,0,0,0,0
218,0,0,0,0,0,0,0,0,0,0,1,1,0,1,0,0,0,0,0,0,0,0,0,0,0,0,0,0,0,0,0,0,0,1,0,0,0,0,0,0,0,0,0,0,1,0,0,0,0,0,0,0,0,0,0,0,0,0,0,0,0,0,0,0,0,0,0,0,0,0,0,0,0,0,0,0,0,0,0,0,0,0,1,0,0,0,0,0,1,0,0,0,0,0,0,0
219,0,0,0,0,0,0,0,0,0,0,1,1,0,1,0,0,0,0,0,0,0,0,0,0,0,0,0,0,0,0,0,0,0,1,0,0,0,0,0,0,0,0,0,0,1,0,0,0,0,0,0,0,0,0,0,0,0,0,0,0,0,0,0,0,0,0,0,0,0,0,0,0,0,0,0,0,0,0,0,0,0,0,1,0,0,0,0,0,1,0,0,0,0,0,0,0
220,0,0,0,0,0,0,0,0,0,0,1,1,0,1,0,0,0,0,0,0,0,0,0,0,0,0,0,0,0,0,0,0,0,1,0,0,0,0,0,0,0,0,0,0,1,0,0,0,0,0,0,0,0,0,0,0,0,0,0,0,0,0,0,0,0,0,0,0,0,0,0,0,0,0,0,0,0,0,0,0,0,0,1,0,0,0,0,0,1,0,0,0,0,0,0,0
221,0,0,0,0,0,0,0,0,0,0,1,1,0,1,0,0,0,0,0,0,0,0,0,0,0,0,0,0,0,0,0,0,0,1,0,0,0,0,0,0,0,0,0,0,1,0,0,0,0,0,0,0,0,0,0,0,0,0,0,0,0,0,0,0,0,0,0,0,0,0,0,0,0,0,0,0,0,0,0,0,0,0,1,0,0,0,0,0,1,0,0,0,0,0,0,0
222,0,0,0,0,0,0,0,0,0,0,1,1,0,1,0,0,0,0,0,0,0,0,0,0,0,0,0,0,0,0,0,0,0,1,0,0,0,0,0,0,0,0,0,0,1,0,0,0,0,0,0,0,0,0,0,0,0,0,0,0,0,0,0,0,0,0,0,0,0,0,0,0,0,0,0,0,0,0,0,0,0,0,1,0,0,0,0,0,1,0,0,0,0,0,0,0
223,0,0,0,0,0,0,0,0,0,0,1,1,0,1,0,0,0,0,0,0,0,0,0,0,0,0,0,0,0,0,0,0,0,1,0,0,0,0,0,0,0,0,0,0,1,0,0,0,0,0,0,0,0,0,0,0,0,0,0,0,0,0,0,0,0,0,0,0,0,0,0,0,0,0,0,0,0,0,0,0,0,0,1,0,0,0,0,0,1,0,0,0,0,0,0,0
224,0,0,0,0,0,0,0,0,0,0,1,1,0,1,0,0,0,0,0,0,0,0,0,0,0,0,0,0,0,0,0,0,0,1,0,0,0,0,0,0,0,0,0,0,1,0,0,0,0,0,0,0,0,0,0,0,0,0,0,0,0,0,0,0,0,0,0,0,0,0,0,0,0,0,0,0,0,0,0,0,0,0,1,0,0,0,0,0,1,0,0,0,0,0,0,0
225,0,0,0,0,0,0,0,0,0,0,1,1,0,1,0,0,0,0,0,0,0,0,0,0,0,0,0,0,0,0,0,0,0,1,0,0,0,0,0,0,0,0,0,0,1,0,0,0,0,0,0,0,0,0,0,0,0,0,0,0,0,0,0,0,0,0,0,0,0,0,0,0,0,0,0,0,0,0,0,0,0,0,1,0,0,0,0,0,1,0,0,0,0,0,0,0
226,0,0,0,0,0,0,0,0,0,0,1,1,0,1,0,0,0,0,0,0,0,0,0,0,0,0,0,0,0,0,0,0,0,1,0,0,0,0,0,0,0,0,0,0,1,0,0,0,0,0,0,0,0,0,0,0,0,0,0,0,0,0,0,0,0,0,0,0,0,0,0,0,0,0,0,0,0,0,0,0,0,0,1,0,0,0,0,0,1,0,0,0,0,0,0,0
227,0,0,0,0,0,0,0,0,0,0,1,1,0,1,0,0,0,0,0,0,0,0,0,0,0,0,0,0,0,0,0,0,0,1,0,0,0,0,0,0,0,0,0,0,1,0,0,0,0,0,0,0,0,0,0,0,0,0,0,0,0,0,0,0,0,0,0,0,0,0,0,0,0,0,0,0,0,0,0,0,0,0,1,0,0,0,0,0,1,0,0,0,0,0,0,0
228,0,0,0,0,0,0,0,0,0,0,1,1,0,1,0,0,0,0,0,0,0,0,0,0,0,0,0,0,0,0,0,0,0,1,0,0,0,0,0,0,0,0,0,0,1,0,0,0,0,0,0,0,0,0,0,0,0,0,0,0,0,0,0,0,0,0,0,0,0,0,0,0,0,0,0,0,0,0,0,0,0,0,1,0,0,0,0,0,1,0,0,0,0,0,0,0
229,0,0,0,0,0,0,0,0,0,0,1,1,0,1,0,0,0,0,0,0,0,0,0,0,0,0,0,0,0,0,0,0,0,1,0,0,0,0,0,0,0,0,0,0,1,0,0,0,0,0,0,0,0,0,0,0,0,0,0,0,0,0,0,0,0,0,0,0,0,0,0,0,0,0,0,0,0,0,0,0,0,0,1,0,0,0,0,0,1,0,0,0,0,0,0,0
230,0,0,0,0,0,0,0,0,0,0,1,1,0,1,0,0,0,0,0,0,0,0,0,0,0,0,0,0,0,0,0,0,0,1,0,0,0,0,0,0,0,0,0,0,1,0,0,0,0,0,0,0,0,0,0,0,0,0,0,0,0,0,0,0,0,0,0,0,0,0,0,0,0,0,0,0,0,0,0,0,0,0,1,0,0,0,0,0,1,0,0,0,0,0,0,0
231,0,0,0,0,0,0,0,0,0,0,1,1,0,1,0,0,0,0,0,0,0,0,0,0,0,0,0,0,0,0,0,0,0,1,0,0,0,0,0,0,0,0,0,0,1,0,0,0,0,0,0,0,0,0,0,0,0,0,0,0,0,0,0,0,0,0,0,0,0,0,0,0,0,0,0,0,0,0,0,0,0,0,1,0,0,0,0,0,1,0,0,0,0,0,0,0
232,0,0,0,0,0,0,0,0,0,0,1,1,0,1,0,0,0,0,0,0,0,0,0,0,0,0,0,0,0,0,0,0,0,1,0,0,0,0,0,0,0,0,0,0,1,0,0,0,0,0,0,0,0,0,0,0,0,0,0,0,0,0,0,0,0,0,0,0,0,0,0,0,0,0,0,0,0,0,0,0,0,0,1,0,0,0,0,0,1,0,0,0,0,0,0,0
233,0,0,0,0,0,0,0,0,0,0,1,1,0,1,0,0,0,0,0,0,0,0,0,0,0,0,0,0,0,0,0,0,0,1,0,0,0,0,0,0,0,0,0,0,1,0,0,0,0,0,0,0,0,0,0,0,0,0,0,0,0,0,0,0,0,0,0,0,0,0,0,0,0,0,0,0,0,0,0,0,0,0,1,0,0,0,0,0,1,0,0,0,0,0,0,0
234,0,0,0,0,0,0,0,0,0,0,1,1,0,1,0,0,0,0,0,0,0,0,0,0,0,0,0,0,0,0,0,0,0,1,0,0,0,0,0,0,0,0,0,0,1,0,0,0,0,0,0,0,0,0,0,0,0,0,0,0,0,0,0,0,0,0,0,0,0,0,0,0,0,0,0,0,0,0,0,0,0,0,1,0,0,0,0,0,1,0,0,0,0,0,0,0
235,0,0,0,0,0,0,0,0,0,0,1,1,0,1,0,0,0,0,0,0,0,0,0,0,0,0,0,0,0,0,0,0,0,1,0,0,0,0,0,0,0,0,0,0,1,0,0,0,0,0,0,0,0,0,0,0,0,0,0,0,0,0,0,0,0,0,0,0,0,0,0,0,0,0,0,0,0,0,0,0,0,0,1,0,0,0,0,0,1,0,0,0,0,0,0,0
236,0,0,0,0,0,0,0,0,0,0,1,1,0,1,0,0,0,0,0,0,0,0,0,0,0,0,0,0,0,0,0,0,0,1,0,0,0,0,0,0,0,0,0,0,1,0,0,0,0,0,0,0,0,0,0,0,0,0,0,0,0,0,0,0,0,0,0,0,0,0,0,0,0,0,0,0,0,0,0,0,0,0,1,0,0,0,0,0,1,0,0,0,0,0,0,0
237,0,0,0,0,0,0,0,0,0,0,1,1,0,1,0,0,0,0,0,0,0,0,0,0,0,0,0,0,0,0,0,0,0,1,0,0,0,0,0,0,0,0,0,0,1,0,0,0,0,0,0,0,0,0,0,0,0,0,0,0,0,0,0,0,0,0,0,0,0,0,0,0,0,0,0,0,0,0,0,0,0,0,1,0,0,0,0,0,1,0,0,0,0,0,0,0
238,0,0,0,0,0,0,0,0,0,0,1,1,0,1,0,0,0,0,0,0,0,0,0,0,0,0,0,0,0,0,0,0,0,1,0,0,0,0,0,0,0,0,0,0,1,0,0,0,0,0,0,0,0,0,0,0,0,0,0,0,0,0,0,0,0,0,0,0,0,0,0,0,0,0,0,0,0,0,0,0,0,0,1,0,0,0,0,0,1,0,0,0,0,0,0,0
239,0,0,0,0,0,0,0,0,0,0,1,1,0,1,0,0,0,0,0,0,0,0,0,0,0,0,0,0,0,0,0,0,0,1,0,0,0,0,0,0,0,0,0,0,1,0,0,0,0,0,0,0,0,0,0,0,0,0,0,0,0,0,0,0,0,0,0,0,0,0,0,0,0,0,0,0,0,0,0,0,0,0,1,0,0,0,0,0,1,0,0,0,0,0,0,0
240,0,0,0,0,0,0,0,0,0,0,1,1,0,1,0,0,0,0,0,0,0,0,0,0,0,0,0,0,0,0,0,0,0,1,0,0,0,0,0,0,0,0,0,0,1,0,0,0,0,0,0,0,0,0,0,0,0,0,0,0,0,0,0,0,0,0,0,0,0,0,0,0,0,0,0,0,0,0,0,0,0,0,1,0,0,0,0,0,1,0,0,0,0,0,0,0
241,0,0,0,0,0,0,0,0,0,0,1,1,0,1,0,0,0,0,0,0,0,0,0,0,0,0,0,0,0,0,0,0,0,1,0,0,0,0,0,0,0,0,0,0,1,0,0,0,0,0,0,0,0,0,0,0,0,0,0,0,0,0,0,0,0,0,0,0,0,0,0,0,0,0,0,0,0,0,0,0,0,0,1,0,0,0,0,0,1,0,0,0,0,0,0,0
242,0,0,0,0,0,0,0,0,0,0,1,1,0,1,0,0,0,0,0,0,0,0,0,0,0,0,0,0,0,0,0,0,0,1,0,0,0,0,0,0,0,0,0,0,1,0,0,0,0,0,0,0,0,0,0,0,0,0,0,0,0,0,0,0,0,0,0,0,0,0,0,0,0,0,0,0,0,0,0,0,0,0,1,0,0,0,0,0,1,0,0,0,0,0,0,0
243,0,0,0,0,0,0,0,0,0,0,1,1,0,1,0,0,0,0,0,0,0,0,0,0,0,0,0,0,0,0,0,0,0,1,0,0,0,0,0,0,0,0,0,0,1,0,0,0,0,0,0,0,0,0,0,0,0,0,0,0,0,0,0,0,0,0,0,0,0,0,0,0,0,0,0,0,0,0,0,0,0,0,1,0,0,0,0,0,1,0,0,0,0,0,0,0
244,0,0,0,0,0,0,0,0,0,0,1,1,0,1,0,0,0,0,0,0,0,0,0,0,0,0,0,0,0,0,0,0,0,1,0,0,0,0,0,0,0,0,0,0,1,0,0,0,0,0,0,0,0,0,0,0,0,0,0,0,0,0,0,0,0,0,0,0,0,0,0,0,0,0,0,0,0,0,0,0,0,0,1,0,0,0,0,0,1,0,0,0,0,0,0,0
245,0,0,0,0,0,0,0,0,0,0,1,1,0,1,0,0,0,0,0,0,0,0,0,0,0,0,0,0,0,0,0,0,0,1,0,0,0,0,0,0,0,0,0,0,1,0,0,0,0,0,0,0,0,0,0,0,0,0,0,0,0,0,0,0,0,0,0,0,0,0,0,0,0,0,0,0,0,0,0,0,0,0,1,0,0,0,0,0,1,0,0,0,0,0,0,0
246,0,0,0,0,0,0,0,0,0,0,1,1,0,1,0,0,0,0,0,0,0,0,0,0,0,0,0,0,0,0,0,0,0,1,0,0,0,0,0,0,0,0,0,0,1,0,0,0,0,0,0,0,0,0,0,0,0,0,0,0,0,0,0,0,0,0,0,0,0,0,0,0,0,0,0,0,0,0,0,0,0,0,1,0,0,0,0,0,1,0,0,0,0,0,0,0
247,0,0,0,0,0,0,0,0,0,0,1,1,0,1,0,0,0,0,0,0,0,0,0,0,0,0,0,0,0,0,0,0,0,1,0,0,0,0,0,0,0,0,0,0,1,0,0,0,0,0,0,0,0,0,0,0,0,0,0,0,0,0,0,0,0,0,0,0,0,0,0,0,0,0,0,0,0,0,0,0,0,0,1,0,0,0,0,0,1,0,0,0,0,0,0,0
248,0,0,0,0,0,0,0,0,0,0,1,1,0,1,0,0,0,0,0,0,0,0,0,0,0,0,0,0,0,0,0,0,0,1,0,0,0,0,0,0,0,0,0,0,1,0,0,0,0,0,0,0,0,0,0,0,0,0,0,0,0,0,0,0,0,0,0,0,0,0,0,0,0,0,0,0,0,0,0,0,0,0,1,0,0,0,0,0,1,0,0,0,0,0,0,0
249,0,0,0,0,0,0,0,0,0,0,1,1,0,1,0,0,0,0,0,0,0,0,0,0,0,0,0,0,0,0,0,0,0,1,0,0,0,0,0,0,0,0,0,0,1,0,0,0,0,0,0,0,0,0,0,0,0,0,0,0,0,0,0,0,0,0,0,0,0,0,0,0,0,0,0,0,0,0,0,0,0,0,1,0,0,0,0,0,1,0,0,0,0,0,0,0
250,0,0,0,0,0,0,0,0,0,0,1,1,0,1,0,0,0,0,0,0,0,0,0,0,0,0,0,0,0,0,0,0,0,1,0,0,0,0,0,0,0,0,0,0,1,0,0,0,0,0,0,0,0,0,0,0,0,0,0,0,0,0,0,0,0,0,0,0,0,0,0,0,0,0,0,0,0,0,0,0,0,0,1,0,0,0,0,0,1,0,0,0,0,0,0,0
251,0,0,0,0,0,0,0,0,0,0,1,1,0,1,0,0,0,0,0,0,0,0,0,0,0,0,0,0,0,0,0,0,0,1,0,0,0,0,0,1,0,0,0,0,1,0,0,0,0,0,0,0,0,0,0,0,0,0,0,0,0,0,0,0,0,0,0,0,0,0,0,0,0,0,0,0,0,0,0,0,0,0,1,0,0,0,0,0,1,0,0,0,0,0,0,0
252,0,0,0,0,0,0,0,0,0,0,1,1,0,1,0,0,0,0,0,0,0,0,0,0,0,0,0,0,0,0,0,0,0,1,0,0,0,0,0,1,0,0,0,0,1,0,0,0,0,0,0,0,0,0,0,0,0,0,0,0,0,0,0,0,0,0,0,0,0,0,0,0,0,0,0,0,0,0,0,0,0,0,1,0,0,0,0,0,1,0,0,0,0,0,0,0
253,0,0,0,0,0,0,0,0,0,0,1,1,0,1,0,0,0,0,0,0,0,0,0,0,0,0,0,0,0,0,0,0,0,1,0,0,0,0,0,1,0,0,0,0,1,0,0,0,0,0,0,0,0,0,0,0,0,0,0,0,0,0,0,0,0,0,0,0,0,0,0,0,0,0,0,0,0,0,0,0,0,0,1,0,0,0,0,0,1,0,0,0,0,0,0,0
254,0,0,0,0,0,0,0,0,0,0,1,1,0,1,0,0,0,0,0,0,0,0,0,0,0,0,0,0,0,0,0,0,0,1,0,0,0,0,0,1,0,0,0,0,1,0,0,0,0,0,0,0,0,0,0,0,0,0,0,0,0,0,0,0,0,0,0,0,0,0,0,0,0,0,0,0,0,0,0,0,0,0,1,0,0,0,0,0,1,0,0,0,0,0,0,0
255,0,0,0,0,0,0,0,0,0,0,1,1,0,1,0,0,0,0,0,0,0,0,0,0,0,0,0,0,0,0,0,0,0,1,0,0,0,0,0,1,0,0,0,0,1,0,0,0,0,0,0,0,0,0,0,0,0,0,0,0,0,0,0,0,0,0,0,0,0,0,0,0,0,0,0,0,0,0,0,0,0,0,1,0,0,0,0,0,1,0,0,0,0,0,0,0
256,0,0,0,0,0,0,0,0,0,0,1,1,0,1,0,0,0,0,0,0,0,0,0,0,0,0,0,0,0,0,0,0,0,1,0,0,0,0,0,1,0,0,0,0,1,0,0,0,0,0,0,0,0,0,0,0,0,0,0,0,0,0,0,0,0,0,0,0,0,0,0,0,0,0,0,0,0,0,0,0,0,0,1,0,0,0,0,0,1,0,0,0,0,0,0,0
257,0,0,0,0,0,0,0,0,0,0,1,1,0,1,0,0,0,0,0,0,0,0,0,0,0,0,0,0,0,0,0,0,0,1,0,0,0,0,0,1,0,0,0,0,1,0,0,0,0,0,0,0,0,0,0,0,0,0,0,0,0,0,0,0,0,0,0,0,0,0,0,0,0,0,0,0,0,0,0,0,0,0,1,0,0,0,0,0,1,0,0,0,0,0,0,0
258,0,0,0,0,0,0,0,0,0,0,1,1,0,1,0,0,0,0,0,0,0,0,0,0,0,0,0,0,0,0,0,0,0,1,0,0,0,0,0,1,0,0,0,0,1,0,0,0,0,0,0,0,0,0,0,0,0,0,0,0,0,0,0,0,0,0,0,0,0,0,0,0,0,0,0,0,0,0,0,0,0,0,1,0,0,0,0,0,1,0,0,0,0,0,0,0
259,0,0,0,0,0,0,0,0,0,0,1,1,0,1,0,0,0,0,0,0,0,0,0,0,0,0,0,0,0,0,0,0,0,1,0,0,0,0,0,1,0,0,0,0,1,0,0,0,0,0,0,0,0,0,0,0,0,0,0,0,0,0,0,0,0,0,0,0,0,0,0,0,0,0,0,0,0,0,0,0,0,0,1,0,0,0,0,0,1,0,0,0,0,0,0,0
260,0,0,0,0,0,0,0,0,0,0,1,1,0,1,0,0,0,0,0,0,0,0,0,0,0,0,0,0,0,0,0,0,0,1,0,0,0,0,0,1,0,0,0,0,1,0,0,0,0,0,0,0,0,0,0,0,0,0,0,0,0,0,0,0,0,0,0,0,0,0,0,0,0,0,0,0,0,0,0,0,0,0,1,0,0,0,0,0,1,0,0,0,0,0,0,0
261,0,0,0,0,0,0,0,0,0,0,1,1,0,1,0,0,0,0,0,0,0,0,0,0,0,0,0,0,0,0,0,0,0,1,0,0,0,0,0,1,0,0,0,0,1,0,0,0,0,0,0,0,0,0,0,0,0,0,0,0,0,0,0,0,0,0,0,0,0,0,0,0,0,0,0,0,0,0,0,0,0,0,1,0,0,0,0,0,1,0,0,0,0,0,0,0
262,0,0,0,0,0,0,0,0,0,0,1,1,0,1,0,0,0,0,0,0,0,0,0,0,0,0,0,0,0,0,0,0,0,1,0,0,0,0,0,1,0,0,0,0,1,0,0,0,0,0,0,0,0,0,0,0,0,0,0,0,0,0,0,0,0,0,0,0,0,0,0,0,0,0,0,0,0,0,0,0,0,0,1,0,0,0,0,0,1,0,0,0,0,0,0,0
263,0,0,0,0,0,0,0,0,0,0,1,1,0,1,0,0,0,0,0,0,0,0,0,0,0,0,0,0,0,0,0,0,0,1,0,0,0,0,0,1,0,0,0,0,1,0,0,0,0,0,0,0,0,0,0,0,0,0,0,0,0,0,0,0,0,0,0,0,0,0,0,0,0,0,0,0,0,0,0,0,0,0,1,0,0,0,0,0,1,0,0,0,0,0,0,0
264,0,0,0,0,0,0,0,0,0,0,1,1,0,1,0,0,0,0,0,0,0,0,0,0,0,0,0,0,0,0,0,0,0,1,0,0,0,0,0,1,0,0,0,0,1,0,0,0,0,0,0,0,0,0,0,0,0,0,0,0,0,0,0,0,0,0,0,0,0,0,0,0,0,0,0,0,0,0,0,0,0,0,1,0,0,0,0,0,1,0,0,0,0,0,0,0
265,0,0,0,0,0,0,0,0,0,0,1,1,0,1,0,0,0,0,0,0,0,0,0,0,0,0,0,0,0,0,0,0,0,1,0,0,0,0,0,1,0,0,0,0,1,0,0,0,0,0,0,0,0,0,0,0,0,0,0,0,0,0,0,0,0,0,0,0,0,0,0,0,0,0,0,0,0,0,0,0,0,0,1,0,0,0,0,0,1,0,0,0,0,0,0,0
266,0,0,0,0,0,0,0,0,0,0,1,1,0,1,0,0,0,0,0,0,0,0,0,0,0,0,0,0,0,0,0,0,0,1,0,0,0,0,0,1,0,0,0,0,1,0,0,0,0,0,0,0,0,0,0,0,0,0,0,0,0,0,0,0,0,0,0,0,0,0,0,0,0,0,0,0,0,0,0,0,0,0,1,0,0,0,0,0,1,0,0,0,0,0,0,0
267,0,0,0,0,0,0,0,0,0,0,1,1,0,1,0,0,0,0,0,0,0,0,0,0,0,0,0,0,0,0,0,0,0,1,0,0,0,0,0,1,0,0,0,0,1,0,0,0,0,0,0,0,0,0,0,0,0,0,0,0,0,0,0,0,0,0,0,0,0,0,0,0,0,0,0,0,0,0,0,0,0,0,1,0,0,0,0,0,1,0,0,0,0,0,0,0
268,0,0,0,0,0,0,0,0,0,0,1,1,0,1,0,0,0,0,0,0,0,0,0,0,0,0,0,0,0,0,0,0,0,1,0,0,0,0,0,1,0,0,0,0,1,0,0,0,0,0,0,0,0,0,0,0,0,0,0,0,0,0,0,0,0,0,0,0,0,0,0,0,0,0,0,0,0,0,0,0,0,0,1,0,0,0,0,0,1,0,0,0,0,0,0,0
269,0,0,0,0,0,0,0,0,0,0,1,1,0,1,0,0,0,0,0,0,0,0,0,0,0,0,0,0,0,0,0,0,0,1,0,0,0,0,0,1,0,0,0,0,1,0,0,0,0,0,0,0,0,0,0,0,0,0,0,0,0,0,0,0,0,0,0,0,0,0,0,0,0,0,0,0,0,0,0,0,0,0,1,0,0,0,0,0,1,0,0,0,0,0,0,0
270,0,0,0,0,0,0,0,0,0,0,1,1,0,1,0,0,0,0,0,0,0,0,0,0,0,0,0,0,0,0,0,0,0,1,0,0,0,0,0,1,0,0,0,0,1,0,0,0,0,0,0,0,0,0,0,0,0,0,0,0,0,0,0,0,0,0,0,0,0,0,0,0,0,0,0,0,0,0,0,0,0,0,1,0,0,0,0,0,1,0,0,0,0,0,0,0
271,0,0,0,0,0,0,0,0,0,0,1,1,0,1,0,0,0,0,0,0,0,0,0,0,0,0,0,0,0,0,0,0,0,1,0,0,0,0,0,1,0,0,0,0,1,0,0,0,0,0,0,0,0,0,0,0,0,0,0,0,0,0,0,0,0,0,0,0,1,0,0,0,0,0,0,0,0,0,0,0,0,0,1,0,0,0,0,0,1,0,0,0,0,0,0,0
272,0,0,0,0,0,0,0,0,0,0,1,1,0,1,0,0,0,0,0,0,0,0,0,0,0,0,0,0,0,0,0,0,0,1,0,0,0,0,0,1,0,0,0,0,1,0,0,0,0,0,0,0,0,0,0,0,0,0,0,0,0,0,0,0,0,0,0,0,1,0,0,0,0,0,0,0,0,0,0,0,0,0,1,0,0,0,0,0,1,0,0,0,0,0,0,0
273,0,0,0,0,0,0,0,0,0,0,1,1,0,1,0,0,0,0,0,0,0,0,0,0,0,0,0,0,0,0,0,0,0,1,0,0,0,0,0,1,0,0,0,0,1,0,0,0,0,0,0,0,0,0,0,0,0,0,0,0,0,0,0,0,0,0,0,0,1,0,0,0,0,0,0,0,0,0,0,0,0,0,1,0,0,0,0,0,1,0,0,0,0,0,0,0
274,0,0,0,0,0,0,0,0,0,0,1,1,0,1,0,0,0,0,0,0,0,0,0,0,0,0,0,0,0,0,0,0,0,1,0,0,0,0,0,1,0,0,0,0,1,0,0,0,0,0,0,0,0,0,0,0,0,0,0,0,0,0,0,0,0,0,0,0,1,0,0,0,0,0,0,0,0,0,0,0,0,0,1,0,0,0,0,0,1,0,0,0,0,0,0,0
275,0,0,0,0,0,0,0,0,0,0,1,1,0,1,0,0,0,0,0,0,0,0,0,0,0,0,0,0,0,0,0,0,0,1,0,0,0,0,0,1,0,0,0,0,1,0,0,0,0,0,0,0,0,0,0,0,0,0,0,0,0,0,0,0,0,0,0,0,1,0,0,0,0,0,0,0,0,0,0,0,0,0,1,0,0,0,0,0,1,0,0,0,0,0,0,0
276,0,0,0,0,0,0,0,0,0,0,1,1,0,1,0,0,0,0,0,0,0,0,0,0,0,0,0,0,0,0,0,0,0,1,0,0,0,0,0,1,0,0,0,0,1,0,0,0,0,0,0,0,0,0,0,0,0,0,0,0,0,0,0,0,0,0,0,0,1,0,0,0,0,0,0,0,0,0,0,0,0,0,1,0,0,0,0,0,1,0,0,0,0,0,0,0
277,0,0,0,0,0,0,0,0,0,0,1,1,0,1,0,0,0,0,0,0,0,0,0,0,0,0,0,0,0,0,0,0,0,1,0,0,0,0,0,1,0,0,0,0,1,0,0,0,0,0,0,0,0,0,0,0,0,0,0,0,0,0,0,0,0,0,0,0,1,0,0,0,0,0,0,0,0,0,0,0,0,0,1,0,0,0,0,0,1,0,0,0,0,0,0,0
278,0,0,0,0,0,0,0,0,0,0,1,1,0,1,0,0,0,0,0,0,0,0,0,0,0,0,0,0,0,0,0,0,0,1,0,0,0,0,0,1,0,0,0,0,1,0,0,0,0,0,0,0,0,0,0,0,0,0,0,0,0,0,0,0,0,0,0,0,1,0,0,0,0,0,0,0,0,0,0,0,0,0,1,0,0,0,0,0,1,0,0,0,0,0,0,0
279,0,0,0,0,0,0,0,0,0,0,1,1,0,1,0,0,0,0,0,0,0,0,0,0,0,0,0,0,0,0,0,0,0,1,0,0,0,0,0,1,0,0,0,0,1,0,0,0,0,0,0,0,0,0,0,0,0,0,0,0,0,0,0,0,0,0,0,0,1,0,0,0,0,0,0,0,0,0,0,0,0,0,1,0,0,0,0,0,1,0,0,0,0,0,0,0
280,0,0,0,1,0,0,0,0,0,0,1,1,0,1,0,0,0,0,0,0,0,0,0,0,0,0,0,0,0,0,0,0,0,1,0,0,0,0,0,1,0,0,0,0,1,0,0,0,0,0,0,0,0,0,0,0,0,0,0,0,0,0,0,0,0,0,0,0,1,0,0,0,0,0,0,0,0,0,0,0,0,0,1,0,0,0,0,0,1,0,0,0,0,0,0,0
281,0,0,0,1,0,0,0,0,0,0,1,1,0,1,0,0,0,0,0,0,0,0,0,0,0,0,0,0,0,0,0,0,0,1,0,0,0,0,0,1,0,0,0,0,1,0,0,0,0,0,0,0,0,0,0,0,0,0,0,0,0,0,0,0,0,0,0,0,1,0,0,0,0,0,0,0,0,0,0,0,0,0,1,0,0,0,0,0,1,0,0,0,0,0,0,0
282,0,0,0,1,0,0,0,0,0,0,1,1,0,1,0,0,0,0,0,0,0,0,0,0,0,0,0,0,0,0,0,0,0,1,0,0,0,0,0,1,0,0,0,0,1,0,0,0,0,0,0,0,0,0,0,0,0,0,0,0,0,0,0,0,0,0,0,0,1,0,0,0,0,0,0,0,0,0,0,0,0,0,1,0,0,0,0,0,1,0,0,0,0,0,0,0
283,0,0,0,1,0,0,0,0,0,0,1,1,0,1,0,0,0,0,0,0,0,0,0,0,0,0,0,0,0,0,0,0,0,1,0,0,0,0,0,1,0,0,0,0,1,0,0,0,0,0,0,0,0,0,0,0,0,0,0,0,0,0,0,0,0,0,0,0,1,0,0,0,0,0,0,0,0,0,0,0,0,0,1,1,0,0,0,0,1,0,0,0,0,0,0,0
284,0,0,0,1,0,0,0,0,0,0,1,1,0,1,0,0,0,0,0,0,0,0,0,0,0,0,0,0,0,0,0,0,0,1,0,0,0,0,0,1,0,0,0,0,1,0,0,0,0,0,0,0,0,0,0,0,0,0,0,0,0,0,0,0,0,0,0,0,1,0,0,0,0,0,0,0,0,0,0,0,0,0,1,1,0,0,0,0,1,0,0,0,0,0,0,0
285,0,0,0,1,0,0,0,0,0,0,1,1,0,1,0,0,0,0,0,0,0,0,0,0,0,0,0,0,0,0,0,0,0,1,0,0,0,0,0,1,0,0,0,0,1,0,0,0,0,0,0,0,0,0,0,0,0,0,0,0,0,0,0,0,0,0,0,0,1,0,0,0,0,0,0,0,0,0,0,0,0,0,1,1,0,0,0,0,1,0,0,0,0,0,0,0
286,0,0,0,1,0,0,0,0,0,0,1,1,0,1,0,0,0,0,0,0,0,0,0,0,0,0,0,0,0,0,0,0,0,1,0,0,0,0,0,1,0,0,0,0,1,0,0,0,0,0,0,0,0,0,0,0,0,0,0,0,0,0,0,0,0,0,0,0,1,0,0,0,0,0,0,0,0,0,0,0,0,0,1,1,0,0,0,0,1,0,0,0,0,0,0,0
287,0,0,0,1,0,0,0,0,0,0,1,1,0,1,0,0,0,0,0,0,0,0,0,0,0,0,0,0,0,0,0,0,0,1,0,0,0,0,0,1,0,0,0,0,1,0,0,0,0,0,0,0,0,0,0,0,0,0,0,0,0,0,0,0,0,0,0,0,1,0,0,0,0,0,0,0,0,0,0,0,0,0,1,1,0,0,0,0,1,0,0,0,0,0,0,0
288,0,0,0,1,0,0,0,0,0,0,1,1,0,1,0,0,0,0,0,0,0,0,0,0,0,0,0,0,0,0,0,0,0,1,0,0,0,0,0,1,0,0,0,0,1,0,0,0,0,0,0,0,0,0,0,0,0,0,0,0,0,0,0,0,0,0,0,0,1,0,0,0,0,0,0,0,0,0,0,0,0,0,1,1,0,0,0,0,1,0,0,0,0,0,0,0
289,0,0,0,1,0,0,0,0,0,0,1,1,0,1,0,0,0,0,0,0,0,0,0,0,0,0,0,0,0,0,0,0,0,1,0,0,0,0,0,1,0,0,0,0,1,0,0,0,0,0,0,0,0,0,0,0,0,0,0,0,0,0,0,0,0,0,0,0,1,0,0,0,0,0,0,0,0,0,0,0,0,0,1,1,0,0,0,0,1,0,0,0,0,0,0,0
290,0,0,0,1,0,0,0,0,0,0,1,1,0,1,0,0,0,0,0,0,0,0,0,0,0,0,0,0,0,0,0,0,0,1,0,0,0,0,1,1,0,0,0,0,1,0,0,0,0,0,0,0,0,0,0,0,0,0,0,0,0,0,0,0,0,0,0,0,1,0,0,0,0,0,0,0,0,0,0,0,0,0,1,1,0,0,0,0,1,0,0,0,0,0,0,0
291,0,0,0,1,0,0,0,0,0,0,1,1,0,1,0,0,0,0,0,0,0,0,0,0,0,0,0,0,0,0,0,0,0,1,0,0,0,0,1,1,0,0,0,0,1,0,0,0,0,0,0,0,0,0,0,0,0,0,0,0,0,0,0,0,0,0,0,0,1,0,0,0,0,0,0,0,0,0,0,0,0,0,1,1,0,0,0,0,1,0,0,0,0,0,0,0
292,0,0,0,1,0,0,0,0,0,0,1,1,0,1,0,0,0,0,0,0,0,0,0,0,0,0,0,0,0,0,0,0,0,1,0,0,0,0,1,1,0,0,0,0,1,0,0,0,0,0,0,0,0,0,0,0,0,0,0,0,0,0,0,0,0,0,0,0,1,0,0,0,0,0,0,0,0,0,0,0,0,0,1,1,0,0,0,0,1,0,0,0,0,0,0,0
293,0,0,0,1,0,0,0,0,0,0,1,1,0,1,0,0,0,0,0,0,0,0,0,0,0,0,0,0,0,0,0,0,0,1,0,0,0,0,1,1,0,0,0,0,1,0,0,0,0,0,0,0,0,0,0,0,0,0,0,0,0,0,0,0,0,0,0,0,1,0,0,0,0,0,0,0,0,0,0,0,0,0,1,1,0,0,0,0,1,0,0,0,0,0,0,0
294,0,0,0,1,0,0,0,0,0,0,1,1,0,1,0,0,0,0,0,0,0,0,0,0,0,0,0,0,0,0,0,0,0,1,0,0,0,0,1,1,0,0,0,0,1,0,0,0,0,0,0,0,0,0,0,0,0,0,0,0,0,0,0,0,0,0,0,0,1,0,0,0,0,0,0,0,0,0,0,0,0,0,1,1,0,0,0,0,1,0,0,0,0,0,0,0
295,0,0,0,1,0,0,0,0,0,0,1,1,0,1,0,0,0,0,0,0,0,0,0,0,0,0,0,0,0,0,0,0,0,1,0,0,0,0,1,1,0,0,0,0,1,0,0,0,0,0,0,0,0,0,0,0,0,0,0,0,0,0,0,0,0,0,0,0,1,0,0,0,0,0,0,0,0,0,0,0,0,0,1,1,0,0,0,0,1,0,0,0,0,0,0,0
296,0,0,0,1,0,0,0,0,0,0,1,1,0,1,0,0,0,0,0,0,0,0,0,0,0,0,0,0,0,0,0,0,0,1,0,0,0,0,1,1,0,0,0,0,1,0,0,0,0,0,0,0,0,0,0,0,0,0,0,0,0,0,0,0,0,0,0,0,1,0,0,0,0,0,0,0,0,0,0,0,0,0,1,1,0,0,0,0,1,0,0,0,0,0,0,0
297,0,0,0,1,0,0,0,0,0,0,1,1,0,1,0,0,0,0,0,0,0,0,0,0,0,0,0,0,0,0,0,0,0,1,0,0,0,0,1,1,0,0,0,0,1,0,0,0,0,0,0,0,0,0,0,0,0,0,0,0,0,0,0,0,0,0,0,0,1,0,0,0,0,0,0,0,0,0,0,0,0,0,1,1,0,0,0,0,1,0,0,0,0,0,0,0
298,0,0,0,1,0,0,0,0,0,0,1,1,0,1,0,0,0,0,0,0,0,0,0,0,0,0,0,0,0,0,0,0,0,1,0,0,0,0,1,1,0,0,0,0,1,0,0,0,0,0,0,0,0,0,0,0,0,0,0,0,0,0,0,0,0,0,0,0,1,0,0,0,0,0,0,0,0,0,0,0,0,0,1,1,0,0,0,0,1,0,0,0,0,0,0,0
299,0,0,0,1,0,0,0,0,0,0,1,1,0,1,0,0,0,0,0,0,0,0,0,0,0,0,0,0,0,0,0,0,0,1,0,0,0,0,1,1,0,0,0,0,1,0,0,0,0,0,0,0,0,0,0,0,0,0,0,0,0,0,0,0,0,0,0,0,1,0,0,0,0,0,0,0,0,0,0,0,0,0,1,1,0,0,0,0,1,0,0,0,0,0,0,0
300,0,0,0,1,0,0,0,0,0,0,1,1,0,1,0,0,0,0,0,0,0,0,0,0,0,0,0,0,0,0,0,0,0,1,0,0,0,0,1,1,0,0,0,0,1,0,0,0,0,0,0,0,0,0,0,0,0,0,0,0,0,0,0,0,0,0,0,0,1,0,0,0,0,0,0,0,0,0,0,0,0,0,1,1,0,0,0,0,1,0,0,0,0,0,0,0
301,0,0,0,1,0,0,0,0,0,0,1,1,0,1,0,0,0,0,0,0,0,0,0,0,0,0,0,0,0,0,0,0,0,1,0,0,0,0,1,1,0,0,0,0,1,0,0,0,0,0,0,0,0,0,0,0,0,0,0,0,0,0,0,0,0,0,0,0,1,0,0,0,0,0,0,0,0,0,0,0,0,0,1,1,0,0,0,0,1,0,0,0,0,0,0,0
302,0,0,0,1,0,0,0,0,0,0,1,1,0,1,0,0,0,0,0,0,0,0,0,0,0,0,0,0,0,0,0,0,0,1,0,0,0,0,1,1,0,0,0,0,1,0,0,0,0,0,0,0,0,0,0,0,0,0,0,0,0,0,0,0,0,0,0,0,1,0,0,0,0,0,0,0,0,0,0,0,0,0,1,1,0,0,0,0,1,0,0,0,0,0,0,0
303,0,0,0,1,0,0,0,0,0,0,1,1,0,1,0,0,0,0,0,0,0,0,0,0,0,0,0,0,0,0,0,0,0,1,0,0,0,0,1,1,0,0,0,0,1,0,0,0,0,0,0,0,0,0,0,0,0,0,0,0,0,0,0,0,0,0,0,0,1,0,0,0,0,0,0,0,0,0,0,0,0,0,1,1,0,0,0,0,1,0,0,0,0,0,0,0
304,0,0,0,1,0,0,0,0,0,0,1,1,0,1,0,0,0,0,0,0,0,0,0,0,0,0,0,0,0,0,0,0,0,1,0,0,0,0,1,1,0,0,0,0,1,0,0,0,0,0,0,0,0,0,0,0,0,0,0,0,0,0,0,0,0,0,0,0,1,0,0,0,0,0,0,0,0,0,0,0,0,0,1,1,0,0,0,0,1,0,0,0,0,0,0,0
305,0,0,0,1,0,0,0,0,0,0,1,1,0,1,0,0,0,0,0,0,0,0,0,0,0,0,0,0,0,0,0,0,0,1,0,0,0,0,1,1,0,0,0,0,1,0,0,0,0,0,0,0,0,0,0,0,0,0,0,0,0,0,0,0,0,0,0,0,1,0,0,0,0,0,0,0,0,0,0,0,0,0,1,1,0,0,0,0,1,0,0,0,0,0,0,0
306,0,0,0,1,0,0,0,0,0,0,1,1,0,1,0,0,0,0,0,0,0,0,0,0,0,0,0,0,0,0,0,0,0,1,0,0,0,0,1,1,0,0,0,0,1,0,0,0,0,0,0,0,0,0,0,0,0,0,0,0,0,0,0,0,0,0,0,0,1,0,0,0,0,0,0,0,0,0,0,0,0,0,1,1,0,0,0,0,1,0,0,0,0,0,0,0
307,0,0,0,1,0,0,0,0,0,0,1,1,0,1,0,0,0,0,0,0,0,0,0,0,0,0,0,0,0,0,0,0,0,1,0,0,0,0,1,1,0,0,0,0,1,0,0,0,0,0,0,0,0,0,0,0,0,0,0,0,0,0,0,0,0,0,0,0,1,0,0,0,0,0,0,0,0,0,0,0,0,0,1,1,0,0,0,0,1,0,0,0,0,0,0,0
308,0,0,0,1,0,0,0,0,0,0,1,1,0,1,0,0,0,0,0,0,0,0,0,0,0,0,0,0,0,0,0,0,0,1,0,0,0,0,1,1,0,0,0,0,1,0,0,0,0,0,0,0,0,0,0,0,0,0,0,0,0,0,0,0,0,0,0,0,1,0,0,0,0,0,0,0,0,0,0,0,0,0,1,1,0,0,0,0,1,0,0,0,0,0,0,0
309,0,0,0,1,0,0,0,0,0,0,1,1,0,1,0,0,0,0,0,0,0,0,0,0,0,0,0,0,0,0,0,0,0,1,0,0,0,0,1,1,0,0,0,0,1,0,0,0,0,0,0,0,0,0,0,0,0,0,0,0,0,0,0,0,0,0,0,0,1,0,0,0,0,0,0,0,0,0,0,0,0,0,1,1,0,0,0,0,1,0,0,0,0,0,0,0
310,0,0,0,1,0,0,0,0,0,0,1,1,0,1,0,0,0,0,0,0,0,0,0,0,0,0,0,0,0,0,0,0,0,1,0,0,0,0,1,1,0,0,0,0,1,0,0,0,0,0,0,0,0,0,0,0,0,0,0,0,0,0,0,0,0,0,0,0,1,0,0,0,0,0,0,0,0,0,0,0,0,0,1,1,0,0,0,0,1,0,0,0,0,0,0,0
311,0,0,0,1,0,0,0,0,0,0,1,1,0,1,0,0,0,0,0,0,0,0,0,0,0,0,0,0,0,0,0,0,0,1,0,0,0,0,1,1,0,0,0,0,1,0,0,0,0,0,0,0,0,0,0,0,0,0,0,0,0,0,0,0,0,0,0,0,1,0,0,0,0,0,0,0,0,0,0,0,0,0,1,1,0,0,0,0,1,0,0,0,0,0,0,0
312,0,0,0,1,0,0,0,0,0,0,1,1,0,1,0,0,0,0,0,0,0,0,0,0,0,0,0,0,0,0,0,0,0,1,0,0,0,0,1,1,0,0,0,0,1,0,0,0,0,0,0,0,0,0,0,0,0,0,0,0,0,0,0,0,0,0,0,0,1,0,0,0,0,0,0,0,0,0,0,0,0,0,1,1,0,0,0,0,1,0,0,0,0,0,0,0
313,0,0,0,1,0,0,0,0,0,0,1,1,0,1,0,0,0,0,0,0,0,0,0,0,0,0,0,0,0,0,0,0,0,1,0,0,0,0,1,1,0,0,0,0,1,0,0,0,0,0,0,0,0,0,0,0,0,0,0,0,0,0,0,0,0,0,0,0,1,0,0,0,0,0,0,0,0,0,0,0,0,0,1,1,0,0,0,0,1,0,0,0,0,0,0,0
314,0,0,0,1,0,0,0,0,0,0,1,1,0,1,0,0,0,0,0,0,0,0,0,0,0,0,0,0,0,0,0,0,0,1,0,0,0,0,1,1,0,0,0,0,1,0,0,0,0,0,0,0,0,0,0,0,0,0,0,0,0,0,0,0,0,0,0,0,1,0,0,0,0,0,0,0,0,0,0,0,0,0,1,1,0,0,0,0,1,0,0,0,0,0,0,0
315,0,0,0,1,0,0,0,0,0,0,1,1,0,1,0,0,0,0,0,0,0,0,0,0,0,0,0,0,0,0,0,0,0,1,0,0,0,0,1,1,0,0,0,0,1,0,0,0,0,0,0,0,0,0,0,0,0,0,0,0,0,0,0,0,0,0,0,0,1,0,0,0,0,0,0,0,0,0,0,0,0,0,1,1,0,0,0,0,0,0,0,0,0,0,0,0
316,0,0,0,1,0,0,0,0,0,0,1,1,0,1,0,0,0,0,0,0,0,0,0,0,0,0,0,0,0,0,0,0,0,1,0,0,0,0,1,1,0,0,0,0,1,0,0,0,0,0,0,0,0,0,0,0,0,0,0,0,0,0,0,0,0,0,0,0,1,0,0,0,0,0,0,0,0,0,0,0,0,0,1,1,0,0,0,0,0,0,0,0,0,0,0,0
317,0,0,0,1,0,0,0,0,0,0,1,1,0,1,0,0,0,0,0,0,0,0,0,0,0,0,0,0,0,0,0,0,0,1,0,0,0,0,1,1,0,0,0,0,1,0,0,0,0,0,0,0,0,0,0,0,0,0,0,0,0,0,0,0,0,0,0,0,1,0,0,0,0,0,0,0,0,0,0,0,0,0,1,1,0,0,0,0,0,0,0,0,0,0,0,0
318,0,0,0,1,0,0,0,0,0,0,1,1,0,1,0,0,0,0,0,0,0,0,0,0,0,0,0,0,0,0,0,0,0,1,0,0,0,0,1,1,0,0,0,0,1,0,0,0,0,0,0,0,0,0,0,0,0,0,0,0,0,0,0,0,0,0,0,0,1,0,0,0,0,0,0,0,0,0,0,0,0,0,1,1,0,0,0,0,0,0,0,0,0,0,0,0
319,0,0,0,1,0,0,0,0,0,0,1,1,0,1,0,0,0,0,0,0,0,0,0,0,0,0,0,0,0,0,0,0,0,1,0,0,0,0,1,1,0,0,0,0,1,0,0,0,0,0,0,0,0,0,0,0,0,0,0,0,0,0,0,0,0,0,0,0,1,0,0,0,0,0,0,0,0,0,0,0,0,0,1,1,0,0,0,0,0,0,0,0,0,0,0,0
320,0,0,0,1,0,0,0,0,0,0,1,1,0,1,0,0,0,0,0,0,0,0,0,0,0,0,0,0,0,0,0,0,0,1,0,0,0,0,1,1,0,0,0,0,1,0,0,0,0,0,0,0,0,0,0,0,0,0,0,0,0,0,0,0,0,0,0,0,1,0,0,0,0,0,0,0,0,0,0,0,0,0,1,1,0,0,0,0,0,0,0,0,0,0,0,0
321,0,0,0,1,0,0,0,0,0,0,1,1,0,1,0,0,0,0,0,0,0,0,0,0,0,0,0,0,0,0,0,0,0,1,0,0,0,0,1,1,0,0,0,0,1,0,0,0,0,0,0,0,0,0,0,0,0,0,0,0,0,0,0,0,0,0,0,0,1,0,0,0,0,0,0,0,0,0,0,0,0,0,1,1,0,0,0,0,0,0,0,0,0,0,0,0
322,0,0,0,1,0,0,0,0,0,0,1,1,0,1,0,0,0,0,0,0,0,0,0,0,0,0,0,0,0,0,0,0,0,1,0,0,0,0,1,1,0,0,0,0,1,0,0,0,0,0,0,0,0,0,0,0,0,0,0,0,0,0,0,0,0,0,0,0,1,0,0,0,0,0,0,0,0,0,0,0,0,0,1,1,0,0,0,0,0,0,0,0,0,0,0,0
323,0,0,0,1,0,0,0,0,0,0,1,1,0,1,0,0,0,0,0,0,0,0,0,0,0,0,0,0,0,0,0,0,0,1,0,0,0,0,1,1,0,0,0,0,1,0,0,0,0,0,0,0,0,0,0,0,0,0,0,0,0,0,0,0,0,0,0,0,1,0,0,0,0,0,0,0,0,0,0,0,0,0,1,1,0,0,0,0,0,0,0,0,0,0,0,0
324,0,0,0,1,0,0,0,0,0,0,1,1,0,1,0,0,0,0,0,0,0,0,0,0,0,0,0,0,0,0,0,0,0,1,0,0,0,0,1,1,0,0,0,0,1,0,0,0,0,0,0,0,0,0,0,0,0,0,0,0,0,0,0,0,0,0,0,0,1,0,0,0,0,0,0,0,0,0,0,0,0,0,1,1,0,0,0,0,0,0,0,0,0,0,0,0
325,0,0,0,1,0,0,0,0,0,0,1,1,0,1,0,0,0,0,0,0,0,0,0,0,0,0,0,0,0,0,0,0,0,1,0,0,0,0,1,1,0,0,0,0,1,0,0,0,0,0,0,0,0,0,0,0,0,0,0,0,0,0,0,0,0,0,0,0,1,0,0,0,0,0,0,0,0,0,0,0,0,0,1,1,0,0,0,0,0,0,0,0,0,0,0,0
326,0,0,0,1,0,0,0,0,0,0,1,1,0,1,0,0,0,0,0,0,0,0,0,0,0,0,0,0,0,0,0,0,0,1,0,0,0,0,1,1,0,0,0,0,1,0,0,0,0,0,0,0,0,0,0,0,0,0,0,0,0,0,0,0,0,0,0,0,1,0,0,0,0,0,0,0,0,0,0,0,0,0,1,1,0,0,0,0,0,0,0,0,0,0,0,0
327,0,0,0,1,0,0,0,0,0,0,1,1,0,1,0,0,0,0,0,0,0,0,0,0,0,0,0,0,0,0,0,0,0,1,0,0,0,0,1,1,0,0,0,0,1,0,0,0,0,0,0,0,0,0,0,0,0,0,0,0,0,0,0,0,0,0,0,0,1,0,0,0,0,0,0,0,0,0,0,0,0,0,1,1,0,0,0,0,0,0,0,0,0,0,0,0
328,0,0,0,1,0,0,0,0,0,0,1,1,0,1,0,0,0,0,0,0,0,0,0,0,0,0,0,0,0,0,0,0,0,1,0,0,0,0,1,1,0,0,0,0,1,0,0,0,0,0,0,0,0,0,0,0,0,0,0,0,0,0,0,0,0,0,0,0,1,0,0,0,0,0,0,0,0,0,0,0,0,0,1,1,0,0,0,0,0,0,0,0,0,0,0,0
329,0,0,0,1,0,0,0,0,0,0,1,1,0,1,0,0,0,0,0,0,0,0,0,0,0,0,0,0,0,0,0,0,0,1,0,0,0,0,1,1,0,0,0,0,1,0,0,0,0,0,0,0,0,0,0,0,0,0,0,0,0,0,0,0,0,0,0,0,1,0,0,0,0,0,0,0,0,0,0,0,0,0,1,1,0,0,0,0,0,0,0,0,0,0,0,0
330,0,0,0,1,0,0,0,0,0,0,1,1,0,1,0,0,0,0,0,0,0,0,0,0,0,0,0,0,0,0,0,0,0,1,0,0,0,0,1,1,0,0,0,0,1,0,0,0,0,0,0,0,0,0,0,0,0,0,0,0,0,0,0,0,0,0,0,0,1,0,0,0,0,0,0,0,0,0,0,0,0,0,1,1,0,0,0,0,0,0,0,0,0,0,0,0
331,0,0,0,1,0,0,0,0,0,0,1,1,0,1,0,0,0,0,0,0,0,0,0,0,0,0,0,0,0,0,0,0,0,1,0,0,0,0,1,1,0,0,0,0,1,0,0,0,0,0,0,0,0,0,0,0,0,0,0,0,0,0,0,0,0,0,0,0,1,0,0,0,0,0,0,0,0,0,0,0,0,0,1,1,0,0,0,0,0,0,0,0,0,0,0,0
332,0,0,0,1,0,0,0,0,0,0,1,1,0,1,0,0,0,0,0,0,0,0,0,0,0,0,0,0,0,0,0,0,0,1,0,0,0,0,1,1,0,0,0,0,1,0,0,0,0,0,0,0,0,0,0,0,0,0,0,0,0,0,0,0,0,0,0,0,1,0,0,0,0,0,0,0,0,0,0,0,0,0,1,1,0,0,0,0,0,0,0,0,0,0,0,0
333,0,0,0,1,0,0,0,0,0,0,1,1,0,1,0,0,0,0,0,0,0,0,0,0,0,0,0,0,0,0,0,0,0,1,0,0,0,0,1,1,0,0,0,0,1,0,0,0,0,0,0,0,0,0,0,0,0,0,0,0,0,0,0,0,0,0,0,0,1,0,0,0,0,0,0,0,0,0,0,0,0,0,1,1,0,0,0,0,0,0,0,0,0,0,0,0
334,0,0,0,1,0,0,0,0,0,0,1,1,0,1,0,0,0,0,0,0,0,0,0,0,0,0,0,0,0,0,0,0,0,1,0,0,0,0,1,1,0,0,0,0,1,0,0,0,0,0,0,0,0,0,0,0,0,0,0,0,0,0,0,0,0,0,0,0,1,0,0,0,0,0,0,0,0,0,0,0,0,0,1,1,0,0,0,0,0,0,0,0,0,0,0,0
335,0,0,0,1,0,0,0,0,0,0,1,1,0,1,0,0,0,0,0,0,0,0,0,0,0,0,0,0,0,0,0,0,0,1,0,0,0,0,1,1,0,0,0,0,1,1,0,0,0,0,0,0,0,0,0,0,0,0,0,0,0,0,0,0,0,0,0,0,1,0,0,0,0,0,0,0,0,0,0,0,0,0,1,1,0,0,0,0,0,0,0,0,0,0,0,0
336,0,0,0,1,0,0,0,0,0,0,1,1,0,1,0,0,0,0,0,0,0,0,0,0,0,0,0,0,0,0,0,0,0,1,0,0,0,0,1,1,0,0,0,0,1,1,0,0,0,0,0,0,0,0,0,0,0,0,0,0,0,0,0,0,0,0,0,0,1,0,0,0,0,0,0,0,0,0,0,0,0,0,1,1,0,0,0,0,0,0,0,0,0,0,0,0
337,0,0,0,1,0,0,0,0,0,0,1,1,0,1,0,0,0,0,0,0,0,0,0,0,0,0,0,0,0,0,0,0,0,1,0,0,0,0,1,1,0,0,0,0,1,1,0,0,0,0,0,0,0,0,0,0,0,0,0,0,0,0,0,0,0,0,0,0,1,0,0,0,0,0,0,0,0,0,0,0,0,0,1,1,0,0,0,0,0,0,0,0,0,0,0,0
338,0,0,0,1,0,0,0,0,0,0,1,1,0,1,0,0,0,0,0,0,0,0,0,0,0,0,0,0,0,0,0,0,0,1,0,0,0,0,1,1,0,0,0,0,1,1,0,0,0,0,0,0,0,0,0,0,0,0,0,0,0,0,0,0,0,0,0,0,1,0,0,0,0,0,0,0,0,0,0,0,0,0,1,1,0,0,0,0,0,0,0,0,0,0,0,0
339,0,0,0,1,0,0,0,0,0,0,1,1,0,1,0,0,0,0,0,0,0,0,0,0,0,0,0,0,0,0,0,0,0,1,0,0,0,0,1,1,0,0,0,0,1,1,0,0,0,0,0,0,0,0,0,0,0,0,0,0,0,0,0,0,0,0,0,0,1,0,0,0,0,0,0,0,0,1,0,0,0,0,1,1,0,0,0,0,0,0,0,0,0,0,0,0
340,0,0,0,1,0,0,0,0,0,0,1,1,0,1,0,0,0,0,0,0,0,0,0,0,0,0,0,0,0,0,0,0,0,1,0,0,0,0,1,1,0,0,0,0,1,1,0,0,0,0,0,0,0,0,0,0,0,0,0,0,0,0,0,0,0,0,0,0,1,0,0,0,0,0,0,0,0,1,0,0,0,0,1,1,0,0,0,0,0,0,0,0,0,0,0,0
341,0,0,0,1,0,0,0,0,0,0,1,1,0,1,0,0,0,0,1,0,0,0,0,0,0,0,0,0,0,0,0,0,0,1,0,0,0,0,1,1,0,0,0,0,1,1,0,0,0,0,0,0,0,0,0,0,0,0,0,0,0,0,0,0,0,0,0,0,1,0,0,0,0,0,0,0,0,1,0,0,0,0,1,1,0,0,0,0,0,0,0,0,0,0,0,0
342,0,0,0,1,0,0,0,0,0,0,1,1,0,1,0,0,0,0,1,0,0,0,0,0,0,0,0,0,0,0,0,0,0,1,0,0,0,0,1,1,0,0,0,0,1,1,0,0,0,0,0,0,0,0,0,0,0,0,0,0,0,0,0,0,0,0,0,0,1,0,0,0,0,0,0,0,0,1,0,0,0,0,1,1,0,0,0,0,0,0,0,0,0,0,0,0
343,0,0,0,1,0,0,0,0,0,0,1,1,0,1,0,0,0,0,1,0,0,0,0,0,0,0,0,0,0,0,0,0,0,1,0,0,0,0,1,1,0,0,0,0,1,1,0,0,0,0,0,0,0,0,0,0,0,0,0,0,0,0,0,0,0,0,0,0,1,0,0,0,0,0,0,0,0,1,0,0,0,0,1,1,0,0,0,0,0,0,0,0,0,0,0,0
344,0,0,0,1,0,0,0,0,0,0,1,1,0,1,0,0,0,0,1,0,0,0,0,0,0,0,0,0,0,0,0,0,0,1,0,0,0,0,1,1,0,0,0,0,1,1,0,0,0,0,0,0,0,0,0,0,0,0,0,0,0,0,0,0,0,0,0,0,1,0,0,0,0,0,0,0,0,1,0,0,0,0,1,1,0,0,0,0,0,0,0,0,0,0,0,0
345,0,0,0,1,0,0,0,0,0,0,1,1,0,1,0,0,0,0,1,0,0,0,0,0,0,0,0,0,0,0,0,0,0,1,0,0,0,0,1,1,0,0,0,0,1,1,0,0,0,0,0,0,0,0,0,0,0,0,0,0,0,0,0,0,0,0,0,0,1,0,0,0,0,0,0,0,0,1,0,0,0,0,1,1,0,0,0,0,0,0,0,0,0,0,0,0
346,0,0,0,1,0,0,0,0,0,0,1,1,0,1,0,0,0,0,1,0,0,0,0,0,0,0,0,0,0,0,0,0,0,1,0,0,0,0,1,1,0,0,0,0,1,1,0,0,0,0,0,0,0,0,0,0,0,0,0,0,0,0,0,0,0,1,0,0,1,0,0,0,0,0,0,0,0,1,0,0,0,0,1,1,0,0,0,0,0,0,0,0,0,0,0,0
347,0,0,0,1,0,0,0,0,0,0,1,1,0,1,0,0,0,0,1,0,0,0,0,0,0,0,0,0,0,0,0,0,0,1,0,0,0,0,1,1,0,0,0,0,1,1,0,0,0,0,0,0,0,0,0,0,0,0,0,0,0,0,0,0,0,1,0,0,1,0,0,0,0,0,0,0,0,1,0,0,0,0,1,1,0,0,0,0,0,0,0,0,0,0,0,0
348,0,0,0,1,0,0,0,0,0,0,1,1,0,1,0,0,0,0,1,0,0,0,0,0,0,0,0,0,0,0,0,0,0,1,0,0,0,0,1,1,0,0,0,0,1,1,0,0,0,0,0,0,0,0,0,0,0,0,0,0,0,0,0,0,0,1,0,0,1,0,0,0,0,0,0,0,0,1,0,0,0,0,1,1,0,0,0,0,0,0,0,0,0,0,0,0
349,0,0,0,1,0,0,0,0,0,0,1,1,0,1,0,0,0,0,1,0,0,0,0,0,0,0,0,0,0,0,1,0,0,1,0,0,0,0,1,1,0,0,0,0,1,1,0,0,0,0,0,0,0,0,0,0,0,0,0,0,0,0,0,0,0,1,0,0,1,0,0,0,0,0,0,0,0,1,0,0,0,0,1,1,0,0,0,0,0,0,0,0,0,0,0,0
350,0,0,0,1,0,0,0,0,0,0,1,1,0,1,0,0,0,0,1,0,0,0,0,0,0,0,0,0,0,0,1,0,0,1,0,0,0,0,1,1,0,0,0,0,1,1,0,0,0,0,0,0,0,0,0,0,0,0,0,0,0,0,0,0,0,1,0,0,1,0,0,0,0,0,0,0,0,1,0,0,0,0,1,1,0,0,0,0,0,0,0,0,0,0,0,0
351,0,0,0,1,0,0,0,0,0,0,1,2,0,1,0,0,0,0,1,0,0,0,0,0,0,0,0,0,0,0,1,0,0,1,0,0,0,0,1,1,0,0,0,0,1,1,0,0,0,0,0,0,0,0,0,0,0,0,0,0,0,0,0,0,0,1,0,0,1,0,0,0,0,0,0,0,0,1,0,0,0,0,1,1,0,0,0,0,0,0,0,0,0,0,0,0
352,0,0,0,1,0,0,0,0,0,0,1,2,0,1,0,0,0,0,1,0,0,0,0,0,0,0,0,0,0,0,1,0,0,1,0,0,0,0,1,1,0,0,0,0,1,1,0,0,0,0,0,0,0,0,0,0,0,0,0,0,0,0,0,0,0,1,0,0,1,0,0,0,0,0,0,0,0,1,0,0,0,0,1,1,0,0,0,0,0,0,0,0,0,0,0,0
353,0,0,0,1,0,0,0,0,0,0,1,2,0,1,0,0,0,0,1,0,0,0,0,0,0,0,0,0,0,0,1,0,0,1,0,0,0,0,1,1,0,0,0,0,1,1,0,0,0,0,0,0,0,0,0,0,0,0,0,0,0,0,0,0,0,1,0,0,1,0,0,0,0,0,0,0,0,1,0,0,0,0,1,1,0,0,0,0,0,0,0,0,0,0,0,0
354,0,0,0,1,0,0,0,0,0,0,1,2,0,1,0,0,0,0,1,0,0,0,0,0,0,0,0,0,0,0,1,0,0,1,0,0,0,0,1,1,0,0,0,0,1,1,0,0,0,0,0,0,0,0,0,0,0,0,0,0,0,0,0,0,0,1,0,0,1,0,0,0,0,0,0,0,0,1,0,0,0,0,1,1,0,0,0,0,0,0,0,0,0,0,0,0
355,0,0,0,1,0,0,0,0,0,0,1,2,0,1,0,0,0,0,1,0,0,0,0,0,0,0,0,0,0,0,1,0,0,1,0,0,0,0,1,1,0,0,0,0,1,1,0,0,0,0,0,0,0,0,0,0,0,0,0,0,0,0,0,0,0,1,0,0,1,0,0,0,0,0,0,0,0,1,0,0,0,0,1,1,0,0,0,0,0,0,0,0,0,0,0,0
356,0,0,0,1,0,0,0,0,0,0,1,2,0,1,0,0,0,0,1,0,0,0,0,0,0,0,0,0,0,0,1,0,0,1,0,0,0,0,1,1,0,0,0,0,1,1,0,0,0,0,0,0,0,0,0,0,0,0,0,0,0,0,0,0,0,1,0,0,1,0,0,0,0,0,0,0,0,1,0,0,0,0,1,1,0,0,0,0,0,0,0,0,0,0,0,0
357,0,0,0,1,0,0,0,0,0,0,1,2,0,1,0,0,0,0,1,0,0,0,0,0,0,0,0,0,0,0,1,0,0,1,0,0,0,0,1,1,0,0,0,0,1,1,0,0,0,0,0,0,0,0,0,0,0,0,0,0,0,0,0,0,0,1,0,0,1,0,0,0,0,0,0,0,0,1,0,0,0,0,1,1,0,0,0,0,0,0,0,0,0,0,0,0
358,0,0,0,1,0,0,0,0,0,0,1,2,0,1,0,0,0,0,1,0,0,0,0,0,0,0,0,0,0,0,1,0,0,1,0,0,0,0,1,1,0,0,0,0,1,1,0,0,0,0,0,0,0,0,0,0,0,0,0,0,0,0,0,0,0,1,0,0,1,0,0,0,0,0,0,0,0,1,0,0,0,0,1,1,0,0,0,0,0,0,0,0,0,0,0,0
359,0,0,0,1,0,0,0,0,0,0,1,2,0,1,0,0,0,0,1,0,0,0,0,0,0,0,0,0,0,0,1,0,0,1,0,0,0,0,1,1,0,0,0,0,1,1,0,0,0,0,0,0,0,0,0,0,0,0,0,0,0,0,0,0,0,1,0,0,1,0,0,0,0,0,0,0,0,1,0,0,0,0,1,1,0,0,0,0,0,0,0,0,0,0,0,0
360,0,0,0,1,0,0,0,0,0,0,1,2,0,1,0,0,0,0,1,0,0,0,0,0,0,0,0,0,0,0,1,0,0,1,0,0,0,0,1,1,0,0,0,0,1,1,0,0,0,0,0,0,0,0,0,0,0,0,0,0,0,0,0,0,0,1,0,0,1,0,0,0,0,0,0,0,0,1,0,0,0,0,1,1,0,0,0,0,0,0,0,0,0,0,0,0
361,0,0,0,1,0,0,0,0,0,0,1,2,0,1,0,0,0,0,1,0,0,0,0,0,0,0,0,0,0,0,1,0,0,1,0,0,0,0,1,1,0,0,0,0,1,1,0,0,0,0,0,0,0,0,0,0,0,0,0,0,0,0,0,0,0,1,0,0,1,0,0,0,0,0,0,0,0,1,0,0,0,0,1,1,0,0,0,0,0,0,0,0,0,0,0,0
362,0,0,0,1,0,0,0,0,0,0,1,2,0,1,0,0,0,0,1,0,0,0,0,0,0,0,0,0,0,0,1,0,0,1,0,0,0,0,1,1,0,0,0,0,1,1,0,0,0,0,0,0,0,0,0,0,0,0,0,0,0,0,0,0,0,1,0,0,1,0,0,0,0,0,0,0,0,1,0,0,0,0,1,1,0,0,0,0,0,0,0,0,0,0,0,0
363,0,0,0,1,0,0,0,0,0,0,1,2,0,1,0,0,0,0,1,0,0,0,0,0,0,0,0,0,0,0,1,0,0,1,0,0,0,0,1,1,0,0,0,0,1,1,0,0,0,0,0,0,0,0,0,0,0,0,0,0,0,0,0,0,0,1,0,0,1,0,0,0,0,0,0,0,0,1,0,0,0,0,1,1,0,0,0,0,0,0,0,0,0,0,0,0
364,0,0,0,1,0,0,0,0,0,0,1,2,0,1,0,0,0,0,1,0,0,0,0,0,0,0,0,0,0,0,1,0,0,1,0,0,0,0,1,1,0,0,0,0,1,1,0,0,0,0,0,0,0,0,0,0,0,0,0,0,0,0,0,0,0,1,0,0,1,0,0,0,0,0,0,0,0,1,0,0,0,0,1,1,0,0,0,0,0,0,0,0,0,0,0,0
365,0,0,0,1,0,0,0,0,0,0,1,2,0,1,0,0,0,0,1,0,0,0,0,0,0,0,0,0,0,0,1,0,0,1,0,0,0,0,1,1,0,0,0,0,1,1,0,0,0,0,0,0,0,0,0,0,0,0,0,0,0,0,0,0,0,1,0,0,1,0,0,0,0,0,0,0,0,1,0,0,0,0,1,1,0,0,0,0,0,0,0,0,0,0,0,0
366,0,0,0,1,0,0,0,0,0,0,1,2,0,1,0,0,0,0,1,0,0,0,0,0,0,0,0,0,0,0,1,0,0,1,0,0,0,0,1,1,0,0,0,0,1,1,0,0,0,0,0,0,0,0,0,0,0,0,0,0,0,0,0,0,0,1,0,0,1,0,0,0,0,0,0,0,0,1,0,0,0,0,1,1,0,0,0,0,0,0,0,0,0,0,0,0
367,0,0,0,1,0,0,0,0,0,0,1,2,0,1,0,0,0,0,1,0,0,0,0,0,0,0,0,0,0,0,1,0,0,1,0,0,0,0,1,1,0,0,0,0,1,1,0,0,0,0,0,0,0,0,0,0,0,0,0,0,0,0,0,0,0,1,0,0,1,0,0,0,0,0,0,0,0,1,0,0,0,0,1,1,0,0,0,0,0,0,0,0,0,0,0,0
368,0,0,0,1,0,0,0,0,0,0,1,2,0,1,0,0,0,0,1,0,0,0,0,0,0,0,0,0,0,0,1,0,0,1,0,0,0,0,1,1,0,0,0,0,1,1,0,0,0,0,0,0,0,0,0,0,0,0,0,0,0,0,0,0,0,1,0,0,1,0,0,0,0,0,0,0,0,1,0,0,0,0,1,1,0,0,0,0,0,0,0,0,0,0,0,0
369,0,0,0,1,0,0,0,0,0,0,1,2,0,1,0,0,0,0,1,0,0,0,0,0,0,0,0,0,0,0,1,0,0,1,0,0,0,0,1,1,0,0,0,0,1,1,0,0,0,0,0,0,0,0,0,0,0,0,0,0,0,0,0,0,0,1,0,0,1,0,0,0,0,0,0,0,0,1,0,0,0,0,1,1,0,0,0,0,0,0,0,0,0,0,0,0
370,0,0,0,1,0,0,0,0,0,0,1,2,0,1,0,0,0,0,1,0,0,0,0,0,0,0,0,0,0,0,1,0,0,1,0,0,0,0,1,1,0,0,0,0,1,1,0,0,0,0,0,0,0,0,0,0,0,0,0,0,0,0,0,0,0,1,0,0,1,0,0,0,0,0,0,0,0,1,0,0,0,0,1,1,0,0,0,0,0,0,0,0,0,0,0,0
371,0,0,0,1,0,0,0,0,0,0,1,2,0,1,0,0,0,0,1,0,0,0,0,0,0,0,0,0,0,0,1,0,0,1,0,0,0,0,1,1,0,0,0,0,1,1,0,0,0,0,0,0,0,0,0,0,0,0,0,0,0,0,0,0,0,1,0,0,1,0,0,0,0,0,0,0,0,1,0,0,0,0,1,1,0,0,0,0,0,0,0,0,0,0,0,0
372,0,0,0,1,0,0,0,0,0,0,1,2,0,1,0,0,0,0,1,0,0,0,0,0,0,0,0,0,0,0,1,0,0,1,0,0,0,0,1,1,0,0,0,0,1,1,0,0,0,0,0,0,0,0,0,0,0,0,0,0,0,0,0,0,0,1,0,0,1,0,0,0,0,0,0,0,0,1,0,0,0,0,1,1,0,0,0,0,0,0,0,0,0,0,0,0
373,0,0,0,1,0,0,0,0,0,0,1,2,0,1,0,0,0,0,1,0,0,0,0,0,0,0,0,0,0,0,1,0,0,1,0,0,0,0,1,1,0,0,0,0,1,1,0,0,0,0,0,0,0,0,0,0,0,0,0,0,0,0,0,0,0,1,0,0,1,0,0,0,0,0,0,0,0,1,0,0,0,0,1,1,0,0,0,0,0,0,0,0,0,0,0,0
374,0,0,0,1,0,0,0,0,0,0,1,2,0,1,0,0,0,0,1,0,0,0,0,0,0,0,0,0,0,0,1,0,0,1,0,0,0,0,1,1,0,0,0,0,1,1,0,0,0,0,0,0,0,0,0,0,0,0,0,0,0,0,0,0,0,1,0,0,1,0,0,0,0,0,0,0,0,1,0,0,0,0,1,1,0,0,0,0,0,0,0,0,0,0,0,0
375,0,0,0,1,0,0,0,0,0,0,1,2,0,1,0,0,0,0,1,0,0,0,0,0,0,0,0,0,0,0,1,0,0,1,0,0,0,0,1,1,0,0,0,0,1,1,0,0,0,0,0,0,0,0,0,0,0,0,0,0,0,0,0,0,0,1,0,0,1,0,0,0,0,0,0,0,0,1,0,0,0,0,1,1,0,0,0,0,0,0,0,0,0,0,0,0
376,0,0,0,1,0,0,0,0,0,0,1,2,0,1,0,0,0,0,1,0,0,0,0,0,0,0,0,0,0,0,1,0,0,1,0,0,0,0,1,1,0,0,0,0,1,1,1,0,0,0,0,0,0,0,0,0,0,0,0,0,0,0,0,0,0,1,0,0,1,0,0,0,0,0,0,0,0,1,0,0,0,0,1,1,0,0,0,0,0,0,0,0,0,0,0,0
377,0,0,0,1,0,0,0,0,0,0,1,2,0,1,0,0,0,0,1,0,0,0,0,0,0,0,0,0,0,0,1,0,0,1,0,0,0,0,1,1,0,0,0,0,1,1,1,0,0,0,0,0,0,0,0,0,0,0,0,0,0,0,0,0,0,1,0,0,1,0,0,0,0,0,0,0,0,1,0,0,0,0,1,1,0,0,0,0,0,0,0,0,0,0,0,0
378,0,0,0,1,0,0,0,0,0,0,1,2,0,1,0,0,0,0,1,0,0,0,0,0,0,0,0,0,0,0,1,0,0,1,0,0,0,0,1,1,0,0,0,0,1,1,1,0,0,0,0,0,0,0,0,0,0,0,0,0,0,0,0,0,0,1,0,0,1,0,0,0,0,0,0,0,0,1,0,0,0,0,1,1,0,0,0,0,0,0,0,0,0,0,0,0
379,0,0,0,1,0,0,0,0,0,0,1,2,0,1,0,0,0,0,1,0,0,0,0,0,0,0,0,0,0,0,1,0,0,1,0,0,0,0,1,1,0,0,0,0,1,1,1,0,0,0,0,0,0,0,0,0,0,0,0,0,0,0,0,0,0,1,0,0,1,0,0,0,0,0,0,0,0,1,0,0,0,0,1,1,0,0,0,0,0,0,0,0,0,0,0,0
380,0,0,0,1,0,0,0,0,0,0,1,2,0,1,0,0,0,0,1,0,0,0,0,0,0,0,0,0,0,0,1,0,0,1,0,0,0,0,1,1,0,0,0,0,1,1,1,0,0,0,0,0,0,0,0,0,0,0,0,0,0,0,0,0,0,1,0,0,1,0,0,0,0,0,0,0,0,1,0,0,0,0,1,1,0,0,0,0,0,0,0,0,0,0,0,0
381,0,0,0,1,0,0,0,0,0,0,1,2,0,1,0,0,0,0,1,0,0,0,0,0,0,0,0,0,0,0,1,0,0,1,0,0,0,0,1,1,0,0,0,0,1,1,1,0,0,0,0,0,0,0,0,0,0,0,0,0,0,0,0,0,0,1,0,0,1,0,0,0,0,0,0,0,0,1,0,0,0,0,1,1,0,0,0,0,0,0,0,0,0,0,0,0
382,0,0,0,1,0,0,0,0,0,0,1,2,0,1,0,0,0,0,1,0,0,0,0,0,0,0,0,0,0,0,1,0,0,1,0,0,0,0,1,1,0,0,0,0,1,1,1,0,0,0,0,0,0,0,0,0,0,0,0,0,0,0,0,0,0,1,0,0,1,0,0,0,0,0,0,0,0,1,0,0,0,0,1,1,0,0,0,0,0,0,0,0,0,0,0,0
383,0,0,0,1,0,0,0,0,0,0,1,2,0,1,0,0,0,0,1,0,0,0,0,0,0,0,0,0,0,0,1,0,0,1,0,0,0,0,1,1,0,0,0,0,1,1,1,0,0,0,0,0,0,0,0,0,0,0,0,0,0,0,0,0,0,1,0,0,1,0,0,0,0,0,0,0,0,1,0,0,0,0,1,1,0,0,0,0,0,0,0,0,0,0,0,0
384,0,0,0,1,0,0,0,0,0,0,1,2,0,1,0,0,0,0,1,0,0,0,0,0,0,0,0,0,0,0,1,0,0,1,0,0,0,0,1,1,0,0,0,0,1,1,1,0,0,0,0,0,0,0,0,0,0,0,0,0,0,0,0,0,0,1,0,0,1,0,0,0,0,0,0,0,0,1,0,0,0,0,1,1,0,0,0,0,0,0,0,0,0,0,0,0
385,0,0,0,1,0,0,0,0,0,0,1,2,0,1,0,0,0,0,1,0,0,0,0,0,0,0,0,0,0,0,1,0,0,1,0,0,0,0,1,1,0,0,0,0,1,1,1,0,0,0,0,0,0,0,0,0,0,0,0,0,0,0,0,0,0,1,0,0,1,0,0,0,0,0,0,0,0,1,0,0,0,0,1,1,0,0,0,0,0,0,0,0,0,0,0,0
386,0,0,0,1,0,0,0,0,0,0,1,2,0,1,0,0,0,0,1,0,0,0,0,0,0,0,0,0,0,0,1,0,0,1,0,0,0,0,1,1,0,0,0,0,1,1,1,0,0,0,0,0,0,0,0,0,0,0,0,0,0,0,0,0,0,1,0,0,1,0,0,0,0,0,0,0,0,1,0,0,0,0,1,1,0,0,0,0,0,0,0,0,0,0,0,0
387,0,0,0,1,0,0,0,0,0,0,1,2,0,1,0,0,0,0,1,0,0,0,0,0,0,0,0,0,0,0,1,0,0,1,0,0,0,0,1,1,0,0,0,0,1,1,1,0,0,0,0,0,0,0,0,0,0,0,0,0,0,0,0,0,0,1,0,0,1,0,0,0,0,0,0,0,0,1,0,0,0,0,1,1,0,0,0,0,0,0,0,0,0,0,0,0
388,0,0,0,1,0,0,0,0,0,0,1,2,0,1,0,0,0,0,1,0,0,0,0,0,0,0,0,0,0,0,1,0,0,1,0,0,0,0,1,1,0,0,0,0,1,1,1,0,0,0,0,0,0,0,0,0,0,0,0,0,0,0,0,0,0,1,0,0,1,0,0,0,0,0,0,0,0,1,0,0,0,0,1,1,0,0,0,0,0,0,0,0,0,0,0,0
389,0,0,0,1,0,0,0,0,0,0,1,2,0,1,0,0,0,0,1,0,0,0,0,0,0,0,0,0,1,0,1,0,0,1,0,0,0,0,1,1,0,0,0,0,1,1,1,0,0,0,0,0,0,0,0,0,0,0,0,0,0,0,0,0,0,1,0,0,1,0,0,0,0,0,0,0,0,1,0,0,0,0,1,1,0,0,0,0,0,0,0,0,0,0,0,0
390,0,0,0,1,0,0,0,0,0,0,1,2,0,1,0,0,0,0,1,0,0,0,0,0,0,0,0,0,1,0,1,0,0,1,0,0,0,0,1,1,0,0,0,0,1,1,1,0,0,0,0,0,0,0,0,0,0,0,0,0,0,0,0,0,0,1,0,0,1,0,0,0,0,0,0,0,0,1,0,0,0,0,1,1,0,0,0,0,0,0,0,0,0,0,0,0
391,0,0,0,1,0,0,0,0,0,0,1,2,0,1,0,0,0,0,1,0,0,0,0,0,0,0,0,0,1,0,1,0,0,1,0,0,0,0,1,1,0,0,0,0,1,1,1,0,0,0,0,0,0,0,0,0,0,0,0,0,0,0,0,0,0,1,0,0,1,0,0,0,0,0,0,0,0,1,0,0,0,0,1,1,0,0,0,0,0,0,0,0,0,0,0,0
392,0,0,0,1,0,0,0,0,0,0,1,2,0,1,0,0,0,0,1,0,0,0,0,0,0,0,0,0,1,0,1,0,0,1,0,0,0,0,1,1,0,0,0,0,1,1,1,0,0,0,0,0,0,0,0,0,0,0,0,0,0,0,0,0,0,1,0,0,1,0,0,0,0,0,0,0,0,1,0,0,0,0,1,1,0,0,0,0,0,0,0,0,0,0,0,0
393,0,0,0,1,0,0,0,0,0,0,1,2,0,1,0,0,0,0,1,0,0,0,0,0,0,0,0,0,1,0,1,0,0,1,0,0,0,0,1,1,0,0,0,0,1,1,1,0,0,0,0,0,0,0,0,0,0,0,0,0,0,0,0,0,0,1,0,0,1,0,0,0,0,0,0,0,0,1,0,0,0,0,1,1,0,0,0,0,0,0,0,0,0,0,0,0
394,0,0,0,1,0,0,0,0,0,0,1,2,0,1,0,0,0,0,1,0,0,0,0,0,0,0,0,0,1,0,1,0,0,1,0,0,0,0,1,1,0,0,0,0,1,1,1,0,0,0,0,0,0,0,0,0,0,0,0,0,0,0,0,0,0,1,0,0,1,0,0,0,0,0,0,0,0,1,0,0,0,0,1,1,0,0,0,0,0,0,0,0,0,0,0,0
395,0,0,0,1,0,0,0,0,0,0,1,2,0,1,0,0,0,0,1,0,0,0,0,0,0,0,0,0,1,0,1,0,0,1,0,0,1,0,1,1,0,0,0,0,1,1,1,0,0,0,0,0,0,0,0,0,0,0,0,0,0,0,0,0,0,1,0,0,1,0,0,0,0,0,0,0,0,1,0,0,0,0,1,1,0,0,0,0,0,0,0,0,0,0,0,0
396,0,0,0,1,0,0,0,0,0,0,1,2,0,1,0,0,0,0,1,0,0,0,0,0,0,0,0,0,1,0,1,0,0,1,0,0,1,0,1,1,0,0,0,0,1,1,1,0,0,0,0,0,0,0,0,0,0,0,0,0,0,0,0,0,0,1,0,0,1,0,0,0,0,0,0,0,0,1,0,0,0,0,1,1,0,0,0,0,0,0,0,0,0,0,0,0
397,0,0,0,1,0,0,0,0,0,0,1,2,0,1,0,0,0,0,1,0,0,0,0,0,0,0,0,0,1,0,1,0,0,1,0,0,1,0,1,1,0,0,0,0,1,1,1,0,0,0,0,0,0,0,0,0,0,0,0,0,0,0,0,0,0,1,0,0,1,0,0,0,0,0,0,0,0,1,0,0,0,0,1,1,0,0,0,0,0,0,0,0,0,0,0,0
398,0,0,0,1,0,0,0,0,0,0,1,2,0,1,0,0,0,0,1,0,0,0,0,0,0,0,0,0,1,0,1,0,0,1,0,0,1,0,1,1,0,0,0,0,1,1,1,0,0,0,0,0,0,0,0,0,0,0,0,0,0,0,0,0,0,1,0,0,1,0,0,0,0,0,0,0,0,1,0,0,0,0,1,1,0,0,0,0,0,0,0,0,0,0,0,0
399,0,0,0,1,0,0,0,0,0,0,1,2,0,1,0,0,0,0,1,0,0,0,0,0,0,0,0,0,1,0,1,0,0,1,0,0,1,0,1,1,0,0,0,0,1,1,1,0,0,0,0,0,0,0,0,0,0,0,0,0,0,0,0,0,0,1,0,0,1,0,0,0,0,0,0,0,0,1,0,0,0,0,1,1,0,0,0,0,0,0,0,0,0,0,0,0
400,0,0,0,1,0,0,0,0,0,0,1,2,0,1,1,0,0,0,1,0,0,0,0,0,0,0,0,0,1,0,1,0,0,1,0,0,1,0,1,1,0,0,0,0,1,1,1,0,0,0,0,0,0,0,0,0,0,0,0,0,0,0,0,0,0,1,0,0,1,0,0,0,0,0,0,0,0,1,0,0,0,0,1,1,0,0,0,0,0,0,0,0,0,0,0,0
401,0,0,0,1,0,0,0,0,0,0,1,2,0,1,1,0,0,0,1,0,0,0,0,0,0,0,0,0,1,0,1,0,0,1,0,0,1,0,1,1,0,0,0,0,1,1,1,0,0,0,0,0,0,0,0,0,0,0,0,0,0,0,0,0,0,1,0,0,1,0,0,0,0,0,0,0,0,1,0,0,0,0,1,1,0,0,0,0,0,0,0,0,0,0,0,0
402,0,0,0,1,0,0,0,0,0,0,1,2,0,1,1,0,0,0,1,0,0,0,0,0,0,0,0,0,1,0,1,0,0,1,0,0,1,0,1,1,0,0,0,0,1,1,1,0,0,0,0,0,0,0,0,0,0,0,0,0,0,0,0,0,0,1,0,0,1,0,0,0,0,0,0,0,0,1,0,0,0,0,1,1,0,0,0,0,0,0,0,0,0,0,0,0
403,0,0,0,1,0,0,0,0,0,0,1,2,0,1,1,0,0,0,1,0,0,0,0,0,0,0,0,0,1,0,1,0,0,1,0,0,1,0,1,1,0,0,0,0,1,1,1,0,0,0,0,0,0,0,0,0,0,0,0,0,0,0,0,0,0,1,0,0,1,0,0,0,0,0,0,0,0,1,0,0,0,0,1,1,0,0,0,0,0,0,0,0,0,0,0,0
404,0,0,0,1,0,0,0,0,0,0,1,2,0,1,1,0,0,0,1,0,0,0,0,0,0,0,0,0,1,0,1,0,0,1,0,0,1,0,1,1,0,0,0,0,1,1,1,0,0,0,0,0,0,0,0,0,0,0,0,0,0,0,0,0,0,1,0,0,1,0,0,0,0,0,0,0,0,1,0,0,0,0,1,1,0,0,0,0,0,0,0,0,0,0,0,0
405,0,0,0,1,0,0,0,0,0,0,1,2,0,1,1,0,0,0,1,0,0,0,0,0,0,0,0,0,1,0,1,0,0,1,0,0,1,0,1,1,0,0,0,0,1,1,1,0,0,0,0,0,0,0,0,0,0,0,0,0,0,0,0,0,0,1,0,0,1,0,0,0,0,0,0,0,0,1,0,0,0,1,1,1,0,0,0,0,0,0,0,0,0,0,0,0
406,0,0,0,1,0,0,0,0,0,0,1,2,0,1,1,0,0,0,1,0,0,0,0,0,0,0,0,0,1,0,1,0,0,1,0,0,1,0,1,1,0,0,0,0,1,1,1,0,0,0,0,0,0,0,0,0,0,0,0,0,0,0,0,1,1,1,0,0,1,0,0,0,0,0,0,0,0,1,0,0,0,1,1,1,0,0,0,0,0,0,0,0,0,0,0,0
407,0,0,0,1,0,0,0,0,0,0,1,2,0,1,1,0,0,0,1,0,0,0,0,0,0,1,0,0,1,0,1,0,0,1,0,0,1,0,1,1,0,0,0,0,1,1,1,0,0,0,0,0,0,0,0,0,0,0,0,0,0,0,0,1,1,1,0,0,1,0,0,0,0,0,0,0,0,1,0,0,0,1,1,1,0,0,0,0,0,0,0,0,0,0,0,0
408,0,1,0,1,0,0,0,0,0,0,1,2,0,1,1,0,0,0,1,0,0,0,0,0,0,1,0,0,1,0,1,0,0,1,0,0,1,0,1,1,0,0,0,0,1,1,1,0,0,0,0,0,0,0,0,0,0,0,0,0,0,0,0,1,1,1,0,0,1,0,0,0,0,0,0,0,0,1,0,0,0,1,1,1,0,0,0,0,0,0,0,0,0,0,0,0
409,0,1,0,1,0,0,0,0,0,0,1,2,0,1,1,0,0,0,1,0,0,0,0,0,0,1,0,0,1,0,1,0,0,1,0,0,1,0,1,1,0,0,0,0,1,1,1,0,0,0,0,0,0,0,0,0,0,0,0,0,0,0,0,1,1,1,0,0,1,0,0,0,0,0,0,0,0,1,0,0,0,1,1,1,0,0,0,0,0,0,0,0,0,0,0,0
410,0,1,0,1,0,0,0,0,0,0,1,2,0,1,1,0,0,0,1,0,0,0,0,0,0,1,0,0,1,0,1,0,0,1,0,0,1,0,1,1,0,0,0,0,1,1,1,0,0,0,0,0,0,0,0,0,0,0,0,0,0,0,0,1,1,1,0,0,1,0,0,0,0,0,0,0,0,1,0,0,0,1,1,1,0,0,0,0,0,0,0,0,0,0,0,0
411,0,1,0,1,0,0,0,0,0,0,1,2,0,1,1,0,0,0,1,0,0,0,0,0,0,1,0,0,1,0,1,0,0,1,0,0,1,0,1,1,0,0,0,0,1,1,1,0,0,0,0,0,0,0,0,0,0,0,0,0,0,0,0,1,1,1,0,0,1,0,0,0,0,0,0,0,0,1,0,0,0,1,1,1,0,0,0,0,0,0,0,0,0,0,0,0
412,0,1,0,1,0,0,0,0,0,0,1,2,0,1,1,0,0,0,1,0,0,0,0,0,0,1,0,0,1,0,1,0,0,1,0,0,1,0,1,1,0,0,0,0,1,1,1,0,0,0,0,0,0,0,0,0,0,0,0,0,0,0,0,1,1,1,0,0,1,0,0,0,0,0,0,0,0,1,0,0,0,1,1,1,0,0,0,0,0,0,0,0,0,0,0,0
413,0,1,0,1,0,0,0,0,0,0,1,2,0,1,1,0,0,0,1,0,0,0,0,0,0,1,0,0,1,0,1,0,0,1,0,0,1,0,1,1,0,0,0,0,1,1,1,0,0,0,0,0,0,0,0,0,0,0,0,0,0,0,0,1,1,1,0,0,1,0,0,0,0,0,0,0,0,1,0,0,0,1,1,1,0,0,0,0,0,0,0,0,0,0,0,0
414,0,1,0,1,0,0,0,0,0,0,1,2,0,1,1,0,0,0,1,0,0,0,0,0,0,1,0,0,1,0,1,0,0,1,0,0,1,0,1,1,0,0,0,0,1,1,1,0,0,0,0,0,0,0,0,0,0,0,0,0,0,0,0,1,1,1,0,0,1,0,0,0,0,0,0,0,0,1,0,0,0,1,1,1,0,0,0,0,0,0,0,0,0,0,0,0
415,0,1,0,1,0,0,0,0,0,0,1,2,0,1,1,0,0,0,1,0,0,0,0,0,0,1,0,0,1,0,1,0,0,2,0,0,1,0,1,1,0,0,0,0,1,1,1,0,0,0,0,0,0,0,0,0,0,0,1,0,0,0,0,1,1,1,0,0,1,0,0,0,0,0,0,0,0,1,0,0,0,1,1,1,0,0,0,0,0,0,0,0,0,0,0,0
416,0,1,0,1,0,0,0,0,0,0,1,2,0,1,1,0,0,0,1,0,0,0,0,0,0,1,0,0,1,0,1,0,0,2,0,0,1,0,1,1,0,0,0,0,1,1,1,0,0,0,0,0,0,0,0,0,0,0,1,0,0,0,0,1,1,1,1,0,1,0,0,0,0,0,0,0,0,1,0,0,0,1,1,1,0,0,0,0,0,0,0,0,0,0,0,0
417,0,1,0,1,0,0,0,0,0,0,1,2,0,1,1,0,0,0,1,0,0,0,0,0,0,1,0,0,1,0,1,0,0,2,0,0,1,0,1,1,0,0,0,0,1,1,1,0,0,0,0,0,0,0,0,0,0,0,1,0,0,0,0,1,1,1,1,0,1,0,0,0,0,0,0,0,0,1,0,0,0,1,1,1,0,0,0,0,0,0,0,0,0,0,0,0
418,0,1,0,1,0,0,0,0,0,0,1,2,0,1,1,0,0,0,1,0,0,0,0,0,0,1,0,0,1,0,1,0,0,2,0,0,1,0,1,1,0,0,0,0,1,1,1,0,0,0,0,0,0,0,0,0,0,0,1,0,0,0,0,1,2,1,1,0,1,0,0,0,0,0,0,0,0,1,0,0,0,1,1,1,0,0,0,0,0,0,0,0,0,0,0,0
419,0,1,0,1,0,0,0,0,0,0,1,2,0,1,1,0,0,0,1,0,0,0,0,0,0,1,0,0,1,0,1,0,0,2,0,0,1,0,1,1,0,0,0,0,1,1,1,0,0,0,0,0,0,0,0,0,0,0,1,0,0,0,0,1,2,1,1,0,1,0,0,0,0,0,0,0,0,1,0,0,0,1,1,1,0,0,0,0,0,0,0,0,0,0,0,0
420,0,1,0,1,0,0,0,0,0,0,1,2,0,1,1,0,0,0,1,0,0,0,0,0,0,1,0,0,1,0,1,0,0,2,0,0,1,0,1,1,0,0,0,0,1,1,1,0,0,0,0,0,0,0,0,0,0,0,1,0,0,0,0,1,2,1,1,0,1,0,0,0,0,0,0,0,0,1,0,0,0,1,1,1,0,0,0,0,0,0,0,0,0,0,0,0
421,0,1,0,1,0,0,0,0,0,0,1,2,0,1,1,0,0,0,1,0,0,0,0,0,0,1,0,0,1,0,1,0,0,2,0,0,1,0,1,1,0,0,0,0,1,1,1,0,0,0,0,0,0,0,0,0,0,0,1,0,0,0,0,1,2,1,1,0,1,0,0,0,0,0,0,0,0,1,0,0,0,1,1,1,0,0,0,0,0,0,0,0,0,0,0,0
422,0,1,0,1,0,0,0,0,0,0,1,2,0,1,1,0,0,0,1,0,0,0,0,0,0,1,0,0,1,0,1,0,0,2,0,0,1,0,1,1,0,0,0,0,1,1,1,0,0,0,0,0,0,0,0,0,0,0,1,0,0,0,0,1,2,1,1,0,1,0,0,0,0,0,0,0,0,1,0,0,0,1,1,1,0,0,0,0,0,0,0,0,0,0,0,0
423,0,1,0,1,0,0,0,0,0,0,1,2,0,1,1,0,0,0,1,0,0,0,0,0,0,1,0,0,1,0,1,0,0,2,0,0,1,0,1,1,0,0,0,0,1,1,1,0,0,0,0,0,0,0,0,0,0,0,1,0,0,0,0,1,2,1,1,0,1,0,0,0,0,0,0,0,0,1,0,0,0,1,1,1,0,0,0,0,0,0,0,0,0,0,0,0
424,0,1,0,2,0,0,0,0,0,0,1,2,0,1,1,0,0,0,1,0,0,0,0,0,0,1,0,0,1,0,1,0,0,2,0,0,1,0,1,1,0,0,0,0,1,1,1,0,0,0,0,0,0,0,0,0,0,0,1,0,0,0,0,1,2,1,1,0,1,0,0,0,0,0,0,0,0,1,0,0,0,1,1,1,0,0,0,0,0,0,0,0,0,0,0,0
425,0,1,0,2,0,0,0,0,0,0,1,2,0,1,1,0,0,0,1,0,0,0,0,0,0,1,0,0,1,0,1,0,0,2,0,0,1,0,1,1,0,0,0,0,1,1,1,0,0,0,0,0,0,0,0,0,0,0,1,0,0,0,0,1,2,1,1,0,1,0,0,0,0,0,0,0,0,1,0,0,0,1,1,1,0,0,0,0,0,0,0,0,0,1,0,0
426,0,1,0,2,0,0,0,0,0,0,1,2,0,1,1,0,0,0,1,0,0,0,0,0,0,1,0,0,1,0,1,0,0,2,0,0,1,0,1,1,0,0,0,0,1,1,1,0,0,0,0,0,0,0,0,0,0,0,1,0,0,0,0,1,2,1,1,0,1,0,0,0,0,0,0,0,0,1,0,0,0,1,1,1,0,0,0,0,0,0,0,0,0,1,0,0
427,0,1,0,2,0,0,0,0,0,0,1,2,0,1,1,0,0,0,1,0,0,0,0,0,0,1,0,0,1,0,1,0,0,2,0,0,1,0,1,1,0,0,0,0,1,1,1,0,0,0,0,0,0,0,0,0,0,0,1,0,0,0,0,1,2,1,1,0,1,0,0,0,0,0,0,0,0,1,0,0,0,1,1,1,0,0,0,0,0,0,0,0,0,1,0,0
428,0,1,0,2,0,0,0,0,0,0,1,2,0,1,1,0,0,0,1,0,0,0,0,0,0,1,0,0,1,0,1,0,0,2,0,0,1,0,1,1,0,0,0,0,1,1,1,0,0,0,0,0,0,0,0,0,0,0,1,0,0,0,0,1,2,1,1,0,1,0,0,0,0,0,0,0,0,1,0,0,0,1,1,1,0,0,0,0,0,0,0,0,0,1,0,0
429,0,1,0,2,0,0,0,0,0,0,1,2,0,1,1,0,0,0,1,0,0,0,0,0,0,1,0,0,1,0,1,0,0,2,0,0,1,0,1,1,0,0,0,0,1,1,1,0,0,0,0,0,0,0,0,0,0,0,1,0,0,0,0,1,2,1,1,0,1,0,0,0,0,0,0,0,0,1,0,0,0,1,1,1,0,0,0,0,0,0,0,0,0,1,0,0
430,0,1,0,2,0,0,0,0,0,0,1,2,0,1,1,0,0,0,1,0,0,0,0,0,0,1,0,0,1,0,1,0,0,2,0,0,1,0,1,1,0,0,0,0,1,1,1,0,0,0,0,0,0,0,0,0,0,0,1,0,0,0,0,1,2,1,1,0,1,0,0,0,0,0,0,0,0,1,0,0,0,1,1,1,0,0,0,0,0,0,0,0,0,1,0,0
431,0,1,0,2,0,0,0,0,0,0,1,2,0,1,1,0,0,0,1,0,0,0,0,0,0,1,0,0,1,0,1,0,0,2,0,0,1,0,1,1,0,0,0,0,1,1,1,0,0,0,0,0,0,0,0,0,0,0,1,0,0,0,0,1,2,1,1,0,1,0,0,0,0,0,0,0,0,1,0,0,0,1,1,1,0,0,0,0,0,0,0,0,0,1,0,0
432,0,1,0,2,0,0,0,0,0,0,1,2,0,1,1,0,0,0,1,0,0,0,0,0,0,1,0,0,1,1,1,0,0,2,0,0,1,0,1,1,0,0,0,0,1,1,1,0,0,0,0,0,0,0,0,0,0,0,1,0,0,0,0,1,2,1,1,0,1,0,0,0,0,0,0,0,0,1,0,0,0,1,1,1,0,0,0,0,0,0,0,0,0,1,0,0
433,0,1,0,2,0,0,0,0,0,0,1,2,0,1,1,0,0,0,1,0,0,0,0,0,0,1,0,0,1,1,1,0,0,2,0,0,1,0,1,1,0,0,0,0,1,1,1,0,0,0,0,0,0,0,0,0,0,0,1,0,0,0,0,1,2,1,1,0,1,0,0,0,0,0,0,0,0,1,0,0,0,1,1,1,0,0,0,0,0,0,0,0,0,1,0,0
434,0,1,0,2,0,0,0,0,0,0,1,2,0,1,1,0,0,0,1,0,0,0,0,0,0,1,0,0,1,1,1,0,0,2,0,0,1,0,1,1,0,0,0,0,1,1,1,0,0,0,0,0,0,0,0,0,0,0,1,0,0,0,0,1,2,1,1,0,1,0,0,0,0,0,0,0,0,1,0,0,0,1,1,1,0,0,0,0,0,0,0,0,0,1,0,0
435,0,1,0,2,0,0,0,0,0,0,1,2,0,1,1,0,0,0,1,0,0,0,0,0,0,1,0,0,1,1,1,0,0,2,0,0,1,0,1,1,0,0,0,0,1,1,1,0,0,0,0,0,0,0,0,0,0,0,1,0,0,0,0,1,2,1,1,0,1,0,0,0,0,0,0,0,0,1,0,0,0,1,1,1,0,0,0,0,0,0,0,0,0,1,0,0
436,0,1,0,2,0,0,0,0,0,0,1,2,0,1,1,0,0,0,1,0,0,0,0,0,0,1,0,0,1,1,1,0,0,2,0,0,1,0,1,1,0,0,0,0,1,1,1,0,0,0,0,0,0,0,0,0,0,0,1,0,0,0,0,1,1,1,1,0,1,0,0,0,0,0,0,0,0,1,0,0,0,1,1,1,0,0,0,0,0,0,0,0,0,1,0,0
437,0,1,0,2,0,0,0,0,0,0,1,2,0,1,1,0,0,0,1,0,0,0,0,0,0,1,0,0,1,1,1,0,0,2,0,0,1,0,1,1,0,0,0,0,1,1,1,0,0,0,0,0,0,0,0,0,0,0,1,0,0,0,0,1,1,1,1,0,1,0,0,0,0,0,0,0,0,1,0,0,0,1,1,1,0,0,0,0,0,0,0,0,0,1,0,0
438,0,1,0,2,0,0,0,0,0,0,1,2,0,1,1,0,0,0,1,0,0,0,0,0,0,1,0,0,1,1,1,0,0,2,0,0,1,0,1,1,0,0,0,0,1,1,1,0,0,0,0,0,0,0,0,0,0,0,1,0,0,0,0,1,1,1,1,0,1,0,0,0,0,0,0,0,0,1,0,0,0,1,1,1,0,0,0,0,0,0,0,0,0,1,0,0
439,0,1,0,2,0,0,0,0,0,0,1,2,0,1,1,0,0,0,1,0,0,0,0,0,0,1,0,0,1,1,1,0,0,2,0,0,1,0,1,1,0,0,0,0,1,1,1,0,0,0,0,0,0,0,0,0,0,0,1,0,0,0,0,1,1,1,1,0,1,0,0,0,0,0,0,0,0,1,0,0,0,1,1,1,0,0,0,0,0,0,0,0,0,1,0,0
440,0,1,0,2,0,0,0,0,0,0,1,2,0,1,1,0,0,0,1,0,0,0,0,0,0,1,0,0,1,1,1,0,0,2,0,0,1,0,1,1,0,0,0,0,1,1,1,0,0,0,0,0,0,0,0,0,0,0,1,0,0,0,0,1,1,1,1,0,1,0,0,0,0,0,0,0,0,1,0,0,0,1,1,1,0,0,0,0,0,0,0,0,0,1,0,0
441,0,1,0,2,0,0,0,0,0,0,1,2,0,1,1,0,0,0,1,0,0,0,0,0,0,1,0,0,1,1,1,0,0,2,0,0,1,0,1,1,0,0,0,0,1,1,1,0,0,0,0,0,0,0,0,0,0,0,1,0,0,0,0,1,1,1,1,0,1,0,0,0,0,0,0,0,0,1,1,0,0,1,1,1,0,0,0,0,0,0,0,0,0,1,0,0
442,0,1,0,2,0,0,0,0,0,0,1,2,0,1,1,0,0,0,1,0,0,0,0,0,0,1,0,0,1,1,1,0,0,2,0,0,1,0,1,1,0,0,0,0,1,1,1,0,0,0,0,0,0,0,0,0,0,0,1,0,0,0,0,1,1,1,1,0,1,0,0,0,0,0,0,0,0,1,1,0,0,1,1,1,0,0,0,0,0,0,0,0,1,1,0,0
443,0,1,0,2,0,0,0,0,0,0,1,2,0,1,1,0,0,0,1,0,0,0,0,0,0,1,0,0,1,1,1,0,0,2,0,0,1,0,1,1,0,0,0,0,1,1,1,0,0,0,0,0,0,0,0,0,0,0,1,0,0,0,0,1,1,1,1,0,1,0,0,0,0,0,0,0,0,1,1,0,0,1,1,1,0,0,0,0,0,0,0,0,1,1,0,0
444,0,1,0,2,0,0,0,0,0,0,1,2,0,1,1,0,0,0,1,0,0,0,1,0,0,1,0,0,1,1,1,0,0,2,0,0,1,0,1,1,0,0,0,0,1,1,1,0,0,0,0,0,0,0,0,0,0,0,1,0,0,0,0,1,1,1,1,0,1,0,0,0,0,0,0,0,0,1,1,0,0,1,1,1,0,0,0,0,0,0,0,0,1,1,0,0
445,0,1,0,2,0,0,0,0,0,0,1,2,1,1,1,0,0,0,1,0,0,0,1,0,0,1,0,0,1,1,1,0,0,2,0,0,1,0,1,1,0,0,0,0,1,1,1,0,0,0,0,0,0,0,0,0,0,0,1,0,0,0,0,1,1,1,1,0,1,0,0,0,0,0,0,0,0,1,1,0,0,1,1,1,0,0,0,0,0,0,0,0,1,1,0,0
446,0,1,0,2,0,0,0,0,1,0,1,2,1,1,1,0,0,0,1,0,0,0,1,0,0,1,0,0,1,1,1,0,0,2,0,0,1,0,1,1,0,0,0,0,1,1,1,0,0,0,0,0,0,0,0,0,0,0,1,0,0,0,0,1,1,0,1,0,1,0,0,0,0,0,0,0,0,1,1,0,0,1,1,1,0,0,0,0,0,1,0,0,1,1,0,0
447,0,1,0,2,0,0,0,0,1,0,1,2,1,1,1,0,0,0,1,0,0,0,1,0,0,1,0,0,1,1,1,0,0,2,0,0,1,0,1,1,0,0,0,0,1,1,1,0,0,0,0,0,0,1,1,0,0,0,1,0,0,0,0,1,1,0,1,0,1,0,0,0,0,0,0,0,0,1,1,0,0,1,1,1,0,0,0,0,0,1,0,0,1,1,0,0
448,0,1,0,2,0,0,0,0,1,0,1,2,1,1,1,0,0,0,1,0,0,0,1,0,0,1,0,0,1,1,1,0,0,2,0,0,1,0,1,1,0,0,0,0,1,1,1,0,0,0,0,0,0,1,1,0,0,0,1,0,0,0,0,1,1,0,1,0,1,0,0,0,0,0,0,0,0,1,1,0,0,1,1,1,0,0,0,0,0,1,0,0,1,1,0,0
449,0,1,0,2,0,0,0,0,1,0,1,2,1,1,1,0,0,0,1,0,0,0,1,0,0,1,0,0,1,1,1,0,0,2,0,0,1,0,1,1,0,0,0,0,1,1,1,0,0,0,0,0,0,1,1,0,0,0,1,0,0,0,0,1,1,0,1,0,1,0,0,0,0,0,0,0,0,1,1,0,0,1,1,1,0,0,0,0,0,1,0,0,1,1,0,0
450,0,1,0,2,0,0,0,0,1,0,1,2,1,1,1,0,0,0,1,0,0,0,1,0,0,1,0,0,1,1,1,0,0,2,0,0,1,0,1,1,0,0,0,0,1,1,1,0,0,0,0,0,0,1,1,0,0,0,1,0,0,0,0,1,1,0,1,0,1,0,0,0,0,0,0,0,0,1,1,0,0,1,1,1,0,0,0,0,0,1,0,0,1,1,0,0
451,0,1,0,2,0,0,0,0,1,0,1,2,1,1,1,0,0,0,1,0,0,0,1,0,0,1,0,0,1,1,1,0,0,2,0,0,1,0,1,1,0,0,0,0,1,1,1,0,0,0,0,0,0,1,1,0,0,0,1,0,0,0,0,1,1,0,1,0,1,0,0,0,0,0,0,0,0,1,1,0,0,1,1,1,0,0,0,0,0,1,0,0,1,1,0,0
452,0,1,0,2,0,0,0,0,1,0,1,2,1,1,1,0,0,0,0,0,0,0,1,0,0,1,0,0,1,1,1,0,0,2,0,0,1,0,1,1,0,0,0,0,1,1,1,0,0,0,0,0,0,1,1,0,0,0,1,0,0,0,0,1,1,0,1,0,1,0,0,0,0,0,0,0,0,1,1,0,0,1,1,1,0,0,0,0,0,1,0,0,1,1,0,0
453,0,1,0,2,0,0,0,0,1,0,1,2,1,1,1,0,0,0,0,0,0,0,1,0,0,1,0,0,1,1,1,0,1,2,0,0,1,0,1,1,0,0,0,0,1,1,1,0,0,0,0,0,0,1,1,0,0,0,1,0,0,0,0,1,1,0,1,0,1,0,0,0,0,0,0,0,0,1,1,0,0,1,1,1,0,0,0,0,0,1,0,0,1,1,0,0
454,0,1,0,2,0,0,0,0,1,0,1,2,1,1,1,0,1,0,0,0,0,0,1,0,0,1,0,0,1,1,1,0,1,3,0,0,1,0,1,1,0,0,0,0,1,1,1,0,0,0,0,0,0,1,1,0,0,0,1,0,0,0,0,1,1,0,1,0,1,0,0,0,0,0,0,0,0,1,1,0,0,1,1,1,0,0,0,0,0,1,0,0,1,1,0,0
455,0,1,0,2,0,0,0,0,1,0,1,2,1,1,1,0,1,0,0,0,0,0,1,0,0,1,0,0,1,1,0,0,1,3,0,0,1,0,1,1,0,0,0,0,1,1,1,0,0,0,0,0,0,1,1,0,0,0,1,0,0,0,0,1,1,0,1,0,1,0,0,0,1,0,0,0,0,1,1,0,0,1,1,1,0,0,0,0,0,1,0,0,1,1,0,0
456,0,1,0,2,0,0,0,0,1,0,1,2,1,1,1,0,1,0,0,0,0,0,1,0,0,1,0,0,1,1,0,0,1,3,0,0,1,0,1,1,0,0,0,0,1,1,1,0,0,0,0,0,0,1,1,0,0,0,1,0,0,0,0,1,1,0,1,0,1,0,0,0,1,0,0,0,0,1,1,0,0,1,1,1,0,0,0,0,0,1,0,0,1,1,0,0
457,0,1,0,2,0,0,0,0,1,0,1,2,1,1,1,0,1,0,0,0,0,0,1,0,0,1,0,0,1,1,0,0,1,3,0,0,1,0,1,1,0,1,0,0,1,1,1,0,0,0,0,0,0,1,1,0,0,0,1,0,0,0,0,1,1,0,1,0,1,0,0,0,1,0,0,0,0,1,1,0,0,1,1,1,0,0,0,0,0,1,0,0,1,1,0,0
458,0,1,0,2,0,0,0,0,1,0,1,2,1,1,1,0,1,0,0,0,0,0,1,0,0,1,0,0,1,1,0,0,1,3,0,0,1,0,1,1,0,1,0,0,1,1,1,0,0,0,0,0,0,1,1,0,0,0,1,0,0,0,0,1,1,0,1,0,1,0,0,0,1,0,0,0,0,1,1,0,0,1,1,1,0,0,0,0,0,1,0,0,1,1,0,0
459,0,1,0,2,0,0,0,0,1,0,1,2,1,1,1,0,1,0,0,0,0,0,1,0,0,1,0,1,1,1,0,0,1,3,0,0,1,0,1,1,0,1,0,0,1,1,1,0,0,0,0,0,0,1,1,0,0,0,1,0,0,0,0,1,1,0,1,0,1,0,0,0,1,0,0,0,0,1,1,0,0,1,1,1,0,0,0,0,0,1,0,0,2,1,0,0
460,0,1,0,2,0,0,0,0,1,0,1,2,1,1,1,0,1,0,0,0,0,0,1,0,0,1,0,1,1,1,0,0,1,3,0,0,1,0,1,1,0,1,0,0,1,1,1,0,0,0,0,0,0,1,1,0,0,0,1,0,0,0,0,1,1,0,1,0,1,0,0,0,1,0,0,0,0,1,1,0,0,1,1,1,0,0,0,0,0,1,0,0,2,1,0,0
461,0,1,0,2,0,0,0,0,1,0,1,2,1,1,1,0,1,0,0,0,0,0,1,0,0,1,0,1,1,1,0,0,1,3,0,0,1,0,1,1,0,1,0,0,1,1,1,0,0,0,0,0,0,1,1,0,0,0,1,0,0,0,0,1,1,0,1,0,1,0,0,0,1,0,0,0,0,1,1,0,0,1,1,1,0,0,0,0,0,1,0,0,2,1,0,0
462,0,1,0,2,0,0,0,0,1,0,1,2,1,1,1,0,1,0,1,0,0,0,1,0,0,2,0,1,1,1,0,0,1,3,0,0,1,0,1,1,0,1,0,0,1,1,1,0,0,0,0,0,0,1,1,0,0,0,1,0,0,0,0,1,1,0,1,0,1,0,0,0,1,0,0,0,0,1,1,0,0,1,1,1,0,0,0,0,0,1,0,0,2,1,0,0
463,0,1,0,2,0,0,0,0,1,0,1,2,1,1,1,0,1,0,1,0,0,0,1,0,0,2,0,1,1,1,0,0,1,3,0,0,1,0,1,1,0,1,0,0,1,1,1,0,0,0,0,0,0,1,1,0,0,0,1,0,0,0,0,1,1,0,1,0,1,0,0,0,1,1,0,0,0,1,1,0,0,1,1,1,0,0,0,0,0,1,0,0,2,1,0,0
464,0,1,0,2,0,0,0,0,1,0,1,2,1,1,1,0,1,0,1,0,0,0,1,0,0,2,0,1,1,1,0,0,1,3,0,0,1,0,1,1,0,1,0,0,1,1,1,0,0,0,0,0,0,1,1,0,0,0,1,0,0,0,0,1,1,0,1,0,1,0,0,0,1,1,0,0,0,1,1,0,0,1,1,1,0,0,0,0,0,1,0,0,2,1,0,0
465,0,1,0,2,0,0,0,0,1,0,1,2,1,1,1,0,1,0,1,0,0,0,1,0,0,2,0,1,1,1,0,0,1,3,0,0,1,0,1,1,0,1,0,0,1,1,1,0,0,0,0,0,0,1,1,0,0,0,1,0,0,0,0,1,1,0,1,0,1,0,0,0,1,1,0,0,0,2,1,0,0,1,1,1,0,0,0,0,0,1,0,0,2,1,0,0
466,0,1,0,2,0,1,0,0,1,0,1,2,1,1,1,0,1,0,1,0,0,0,1,0,0,2,0,1,1,1,0,0,1,3,0,0,1,0,1,1,0,1,0,0,1,1,1,0,0,0,0,0,0,1,1,0,0,0,1,0,0,0,0,1,1,0,1,0,1,0,0,0,1,1,0,0,0,2,1,0,0,1,1,1,0,0,0,0,0,1,0,0,2,1,0,0
467,0,1,0,2,0,1,0,0,1,0,1,2,1,1,1,0,1,0,1,0,0,0,1,0,0,2,0,1,1,1,0,0,1,3,0,0,1,0,1,1,0,1,0,0,1,1,1,0,0,0,0,0,0,1,1,0,0,0,1,0,0,0,0,1,1,0,1,0,1,0,0,0,1,1,0,0,0,2,1,0,0,1,1,1,0,0,0,0,0,1,0,0,2,1,0,0
468,0,1,0,2,0,1,0,0,1,0,1,2,1,1,1,0,1,0,1,0,0,0,1,0,0,2,0,1,1,1,0,0,1,3,0,0,2,0,0,1,0,1,0,0,1,1,1,0,0,0,0,0,0,1,1,0,0,0,1,0,0,0,0,1,1,0,1,0,1,0,0,0,1,1,0,0,0,2,1,0,0,1,1,1,0,0,0,0,0,1,0,0,2,1,0,0
469,0,1,0,2,0,1,0,0,1,0,1,2,1,1,1,0,1,0,1,0,0,0,1,0,0,2,0,1,1,1,0,0,1,3,0,0,2,0,0,1,0,1,0,0,1,1,1,0,0,0,0,0,0,1,1,0,0,0,1,0,0,0,0,1,1,0,1,0,1,0,1,0,1,1,0,0,0,2,1,0,0,1,1,1,0,0,0,0,0,1,0,0,2,1,0,0
470,0,2,0,2,0,1,0,0,1,0,1,2,1,0,1,0,1,0,1,0,0,0,1,0,0,2,0,1,1,1,0,0,1,3,0,0,2,0,0,1,0,1,0,0,1,1,1,0,0,0,0,0,0,1,1,0,0,0,1,0,0,0,0,1,1,0,1,0,1,0,1,0,1,1,0,0,0,2,1,0,0,1,1,1,0,0,0,0,0,1,0,0,2,1,0,0
471,0,2,0,2,0,1,0,0,1,0,1,2,1,0,1,0,1,0,1,0,0,0,1,0,0,2,0,1,2,1,0,0,1,3,0,0,2,0,0,1,0,1,0,0,1,1,1,0,0,0,0,0,0,1,1,0,0,0,1,0,0,0,0,1,1,0,1,0,1,0,1,0,1,1,0,0,0,2,1,0,0,1,1,1,0,0,0,0,0,1,0,0,2,1,0,0
472,0,2,0,2,0,1,0,0,1,0,1,2,1,0,1,0,1,0,1,0,0,0,1,0,0,2,0,1,2,1,0,0,1,3,0,0,2,0,0,1,0,1,0,0,1,1,1,0,0,0,0,0,0,1,1,0,0,0,1,0,0,0,0,1,1,0,1,0,1,0,1,0,1,1,0,0,0,2,1,0,0,1,1,1,0,0,0,0,0,1,0,0,2,1,0,0
473,0,2,0,2,0,1,0,0,1,0,1,2,1,0,1,0,1,0,1,0,0,0,1,0,0,2,0,1,2,1,0,0,1,3,0,0,2,0,0,1,0,1,0,1,1,1,1,0,0,0,0,0,0,1,1,0,0,0,1,0,0,0,0,1,1,0,1,0,1,0,1,0,1,1,0,0,0,2,1,0,0,1,1,1,0,0,0,0,0,1,0,0,2,1,0,0
474,0,2,0,2,0,1,0,0,1,0,1,2,1,0,1,0,1,0,1,0,0,0,1,0,0,2,0,1,2,1,0,0,1,3,0,0,2,0,0,1,0,1,0,1,1,1,1,0,0,0,1,0,0,1,1,0,0,0,2,0,1,0,0,1,1,0,1,0,1,0,1,0,1,1,0,0,0,2,1,0,0,1,1,1,0,0,0,0,0,1,0,0,2,1,0,0
475,0,2,0,2,0,1,0,0,1,0,1,2,1,0,1,0,1,0,1,0,0,0,1,0,0,2,0,1,2,1,0,0,1,3,0,0,2,0,0,1,0,2,0,1,1,1,1,0,0,0,1,0,0,1,1,0,0,0,2,0,1,0,0,1,1,0,1,0,1,0,1,0,1,1,0,0,0,2,1,0,0,1,1,1,0,0,0,0,0,1,0,0,2,1,0,0
476,0,2,0,2,0,1,0,0,1,0,1,2,1,0,1,0,1,0,1,0,0,0,1,0,0,2,0,1,2,1,0,0,1,3,0,0,2,0,0,1,0,2,0,1,1,1,1,0,0,0,1,0,0,1,1,0,0,0,2,1,1,0,0,1,1,0,1,0,1,0,1,0,1,1,0,0,0,2,1,0,0,1,1,1,0,0,0,0,0,1,0,0,2,1,0,0
477,0,2,0,2,0,1,0,0,1,0,1,2,1,0,1,0,1,0,1,0,0,0,1,0,0,2,0,1,2,1,0,0,1,3,0,0,2,0,0,1,0,2,0,1,1,1,1,0,0,0,1,0,0,1,1,0,0,0,2,1,1,0,0,1,1,0,1,0,1,0,1,0,1,1,0,0,0,2,1,0,0,1,1,1,0,0,0,0,0,1,0,0,2,1,0,0
478,0,2,0,2,0,1,0,0,1,0,1,2,1,0,1,0,1,0,1,0,0,0,1,0,1,2,0,1,2,1,0,0,1,3,0,0,2,0,0,1,0,2,0,1,1,1,1,0,0,0,1,0,0,1,1,0,0,0,2,1,1,0,0,1,1,0,1,0,1,0,1,0,1,1,0,0,0,2,1,0,0,1,1,1,0,0,0,0,0,1,0,0,2,1,0,0
479,0,2,0,2,0,1,0,0,1,0,1,2,1,0,1,0,1,0,1,0,0,0,1,0,1,2,0,1,2,1,0,0,1,3,0,0,2,0,0,1,0,2,0,1,1,1,1,0,0,0,1,0,0,1,1,0,0,0,2,1,1,0,0,1,1,0,1,0,1,0,1,0,1,1,0,0,0,2,1,0,0,1,1,1,0,0,0,0,0,1,0,0,2,1,0,0
480,0,2,0,2,0,1,0,0,1,0,1,2,1,0,1,0,1,0,1,0,0,0,1,0,1,2,0,1,2,1,0,0,1,3,0,0,2,0,0,1,0,2,0,1,1,1,1,0,0,0,1,0,0,1,1,0,0,0,2,1,1,0,0,1,1,0,1,0,1,0,1,0,1,1,0,0,0,2,1,0,0,1,1,1,0,0,0,0,0,1,0,0,2,1,0,0
481,0,2,0,2,0,1,0,0,1,0,1,2,1,0,1,0,1,0,1,0,0,0,1,0,1,2,0,1,2,1,0,0,1,3,0,0,2,0,0,1,0,2,0,1,1,1,1,0,0,0,1,0,0,1,1,0,0,0,2,1,1,0,0,1,1,0,1,0,1,0,1,0,1,1,0,0,0,2,1,0,0,1,1,1,0,0,0,0,0,1,0,0,2,1,0,0
482,0,2,0,2,0,1,0,0,1,0,1,2,1,0,1,1,1,0,1,0,0,0,1,0,1,2,0,1,3,1,0,0,1,3,0,0,2,0,0,1,0,2,0,1,1,1,1,0,0,0,1,0,0,1,1,0,0,0,2,1,1,0,0,1,1,0,1,0,1,0,1,0,1,1,0,0,0,2,1,0,0,1,1,1,0,0,0,0,0,1,0,0,2,1,0,0
483,0,2,0,2,0,1,0,0,1,0,1,2,1,0,1,1,1,0,1,0,0,0,1,0,1,2,0,1,3,1,0,0,1,3,0,0,2,0,0,1,0,2,0,1,1,1,1,0,0,0,1,0,0,1,1,0,0,0,2,1,1,0,0,2,1,0,1,0,1,0,1,0,1,1,0,0,0,2,1,0,0,1,1,1,0,0,0,0,0,1,0,0,2,1,0,0
484,0,2,0,2,0,1,0,0,1,0,1,2,1,0,1,1,1,0,1,0,0,0,1,0,1,2,0,1,3,1,0,0,1,3,0,0,2,0,0,1,0,2,0,1,1,1,1,0,0,0,1,0,0,1,1,0,0,0,2,1,1,0,0,2,1,0,1,0,1,0,1,0,1,1,0,0,0,2,1,0,0,1,1,1,0,0,0,0,0,1,0,0,2,1,0,0
485,0,2,0,2,0,1,0,0,1,0,1,2,1,0,1,1,1,0,1,0,0,0,1,0,1,2,0,1,3,1,0,0,1,3,0,0,2,0,0,1,0,2,0,1,1,1,1,0,0,0,1,0,0,1,1,0,0,0,2,1,1,0,0,2,1,0,1,0,1,0,1,0,1,1,0,0,0,2,1,0,0,1,1,1,0,0,0,0,0,1,0,0,2,1,0,0
486,0,2,0,2,0,1,0,0,1,0,1,2,1,0,1,1,1,0,1,0,0,0,1,0,1,2,0,1,3,1,0,0,1,3,0,0,2,0,0,1,0,2,0,1,1,1,1,0,0,0,1,0,0,1,1,0,0,0,2,1,1,0,0,2,1,0,1,0,1,0,1,0,1,1,0,0,0,2,1,0,0,1,1,1,0,0,0,0,0,1,0,0,2,1,0,0
487,0,2,0,2,0,1,0,0,1,0,1,2,1,0,1,1,1,0,1,0,0,0,1,0,1,2,0,1,3,1,0,0,1,3,0,1,2,0,0,1,0,2,0,1,1,1,1,0,0,0,1,0,0,1,1,0,0,0,2,1,1,0,0,2,1,0,1,0,1,0,1,0,1,1,0,0,0,2,1,0,0,1,1,1,0,0,0,0,0,1,0,0,2,1,0,0
488,1,2,0,2,0,1,0,0,1,0,1,2,1,0,1,1,1,0,1,0,0,0,1,0,1,2,0,1,3,1,0,0,1,3,0,1,2,0,0,1,0,2,0,1,1,1,1,0,0,0,1,0,0,1,1,0,0,0,2,1,1,0,0,2,1,0,1,0,1,0,1,0,1,1,0,0,0,2,1,0,0,1,1,1,0,0,0,0,0,1,0,0,2,1,0,0
489,1,2,0,2,0,1,0,0,1,0,1,2,1,0,1,1,1,0,1,0,0,0,1,0,1,2,0,1,3,1,0,0,1,3,0,1,2,0,0,1,0,2,0,1,1,1,1,0,0,0,1,0,0,1,1,0,0,0,2,1,1,0,0,2,1,0,1,0,1,0,1,0,1,1,0,0,0,2,1,0,0,1,1,1,0,0,0,0,0,1,0,0,2,1,0,0
490,1,2,0,2,0,1,0,0,1,0,1,2,1,0,1,1,1,0,1,0,0,0,1,0,1,2,0,1,3,1,0,0,1,3,0,1,2,0,0,1,0,2,0,1,1,1,1,0,0,0,1,0,0,1,1,0,0,0,2,1,1,0,0,2,1,0,1,0,1,0,1,0,1,1,0,0,0,2,1,0,0,1,1,1,0,0,0,0,0,1,0,0,2,1,0,0
491,1,2,0,2,0,1,0,0,1,0,1,2,1,0,1,1,1,0,1,0,0,0,1,0,1,2,0,1,3,1,0,0,1,3,0,1,2,0,0,1,0,2,0,1,1,1,1,0,0,0,1,0,0,1,1,0,0,0,2,1,1,1,0,2,1,0,1,0,1,0,1,0,1,1,0,0,0,2,1,0,0,1,1,1,0,0,0,0,0,1,0,0,2,1,0,0
492,1,2,0,2,0,1,0,0,1,0,1,2,1,0,1,1,1,0,1,0,0,0,1,0,1,2,0,1,3,1,0,0,1,3,0,1,2,0,0,1,0,2,0,1,1,1,1,0,0,0,1,0,0,1,1,0,0,0,2,1,1,1,0,2,1,0,1,0,1,0,1,0,1,1,0,0,0,2,1,0,0,1,1,1,0,0,0,0,0,1,0,0,2,1,0,0
493,1,2,0,2,0,1,0,0,1,0,1,2,1,0,1,1,1,0,1,0,0,0,1,0,1,2,0,1,3,1,0,0,1,3,0,1,2,0,0,1,0,2,0,1,1,1,1,0,0,0,1,0,0,1,1,0,0,0,2,1,1,1,0,2,1,0,1,0,1,0,1,0,1,1,0,0,0,2,1,0,0,1,1,1,0,0,0,0,0,1,0,0,2,1,0,0
494,1,2,0,2,0,1,0,0,1,0,1,2,1,0,1,1,1,0,1,0,0,0,1,0,1,2,0,1,3,1,0,0,1,3,0,1,2,0,0,1,0,2,0,1,1,1,1,0,0,0,1,0,0,1,1,0,0,0,2,1,1,1,0,2,1,0,1,0,1,0,1,0,1,1,0,0,0,2,1,0,0,1,1,1,0,0,0,0,0,1,0,0,2,1,0,0
495,1,2,0,2,0,1,0,0,1,0,1,2,1,0,1,1,1,0,1,0,0,0,1,0,1,2,0,1,3,1,0,0,1,3,0,1,2,0,0,1,0,2,0,1,1,1,1,0,0,0,1,0,0,1,1,0,0,0,2,1,1,1,0,2,1,0,1,0,1,0,1,0,1,1,0,0,0,2,1,0,0,1,1,1,0,0,0,0,0,1,0,0,2,1,0,0
496,1,2,0,2,0,1,0,0,1,0,2,2,1,0,1,1,1,0,1,0,0,0,1,0,1,2,0,1,3,1,0,0,0,3,0,1,2,0,0,1,0,2,0,1,1,1,1,0,0,0,1,0,0,1,1,0,0,0,2,1,1,1,0,2,1,0,1,0,1,0,1,0,1,1,0,0,0,2,1,0,0,1,1,1,0,0,0,0,0,1,0,0,1,1,0,0
497,1,2,0,2,0,1,0,0,1,0,2,2,1,0,1,1,1,0,1,0,0,0,1,0,1,2,0,1,3,1,0,0,0,3,0,1,2,0,0,1,0,1,0,1,1,1,1,0,0,0,1,0,0,1,1,0,0,0,2,1,1,1,0,2,1,0,1,0,1,0,1,0,1,1,0,0,0,2,1,0,0,1,1,1,0,0,0,0,0,1,0,0,1,1,0,0
498,1,2,0,2,0,1,0,0,1,0,2,2,1,0,1,1,1,0,1,0,0,0,1,0,1,2,0,1,3,1,0,0,0,3,0,1,2,0,0,1,0,1,0,1,1,1,1,0,0,0,1,0,0,1,1,0,0,0,2,1,1,1,0,2,1,0,1,0,1,0,1,0,1,1,0,0,0,2,1,0,0,1,1,1,0,0,0,0,0,1,0,0,1,1,0,0
499,1,3,0,2,0,1,0,0,1,0,2,2,1,0,1,1,1,0,1,0,0,0,1,0,1,2,0,1,3,1,0,0,0,3,0,1,2,0,0,1,0,1,0,1,1,1,1,0,0,0,1,0,0,1,1,0,0,0,2,1,1,1,0,2,1,0,1,0,1,0,1,0,1,1,0,0,0,2,1,0,0,1,1,1,0,0,0,0,0,1,0,0,1,1,0,0
500,1,3,0,2,0,1,0,0,1,0,2,2,1,0,1,1,1,0,1,0,0,0,1,0,1,2,0,1,3,1,0,0,0,3,0,1,2,0,0,1,0,1,0,1,1,1,1,0,0,0,1,0,0,1,1,0,0,0,2,1,1,1,0,2,1,0,1,0,1,0,1,0,1,1,0,0,0,2,1,0,0,1,1,1,0,0,0,0,0,1,0,0,1,1,0,0
501,1,3,0,2,0,1,0,0,1,0,2,2,1,0,1,1,1,0,1,0,0,0,1,0,1,2,0,1,3,1,0,0,0,3,0,1,2,0,0,1,0,1,0,1,1,1,1,0,0,0,1,0,0,1,1,0,0,0,2,1,1,1,0,2,1,0,1,0,1,0,1,0,1,1,0,0,0,2,1,0,0,1,1,1,0,0,0,0,0,1,0,0,1,1,0,0
502,1,3,0,2,0,1,0,0,1,0,2,2,1,0,1,1,1,0,1,0,0,0,1,0,1,2,0,1,3,1,0,0,0,3,0,1,2,0,0,1,0,1,0,1,1,1,1,0,0,1,1,0,0,1,1,0,0,0,2,1,1,1,0,2,1,0,1,0,1,0,1,0,1,1,0,0,0,2,1,0,0,1,1,1,0,0,0,0,0,1,0,0,1,1,0,0
503,1,3,0,2,0,1,0,0,1,0,2,2,1,0,1,1,1,0,1,0,0,0,1,0,1,2,0,1,3,1,0,0,0,3,0,1,2,0,0,1,0,1,0,1,1,1,1,0,0,1,1,0,0,1,1,0,0,0,2,1,1,1,0,2,1,0,1,0,1,0,1,0,1,1,0,0,0,2,1,0,0,1,2,1,0,0,0,0,0,1,0,0,1,1,0,0
504,1,3,0,2,0,2,0,0,1,0,2,2,1,0,1,1,1,0,1,0,0,0,1,0,1,2,0,1,3,1,0,0,0,3,0,1,2,0,0,1,0,1,0,1,1,1,1,0,0,1,1,0,0,1,1,0,0,0,2,1,1,1,0,2,1,0,1,0,1,0,1,0,1,1,0,0,0,2,1,0,0,1,2,1,0,0,0,0,0,1,0,0,1,1,0,0
505,1,3,0,2,0,2,0,0,1,0,2,2,1,0,1,1,1,0,1,0,0,0,1,0,1,2,0,1,3,1,0,0,0,3,0,1,2,0,0,1,0,1,0,1,1,1,1,0,0,1,1,0,0,1,1,0,0,0,2,1,1,1,0,2,1,0,1,0,1,0,1,0,1,1,0,0,0,2,1,0,0,1,2,1,0,0,0,0,0,1,0,0,1,1,0,0
506,1,3,0,2,0,2,0,0,1,0,2,2,1,0,1,1,1,0,1,0,0,0,1,0,1,2,0,1,3,1,0,0,0,3,0,1,2,0,0,1,0,1,0,1,1,1,1,0,0,1,1,0,0,1,1,0,0,0,2,1,1,1,0,2,1,0,1,0,1,0,1,0,1,1,0,0,0,2,1,0,0,1,2,1,0,0,0,0,0,1,0,0,1,1,0,0
507,1,3,0,2,0,2,0,0,1,0,2,2,1,0,1,1,1,0,1,0,0,0,1,0,1,2,0,1,3,1,0,0,1,3,0,1,2,0,0,1,0,1,0,1,1,1,1,0,0,1,1,0,0,1,1,0,0,0,2,1,1,1,0,2,1,0,1,0,1,0,1,0,1,1,0,0,0,2,1,0,0,1,2,1,0,0,0,0,0,1,0,0,1,1,0,0
508,1,3,0,2,0,2,0,0,1,0,2,2,1,0,1,1,1,0,1,0,0,0,1,0,1,2,0,1,3,1,0,0,1,3,0,1,2,0,0,1,0,1,0,1,1,1,1,0,0,1,1,0,0,1,1,0,0,0,2,1,1,1,0,2,1,0,1,0,1,0,1,0,1,1,0,0,0,2,1,0,0,1,2,1,0,0,0,0,0,1,0,0,1,1,0,0
509,1,3,0,2,0,2,0,0,1,0,2,2,1,0,1,1,1,0,1,0,0,0,1,0,1,2,0,1,3,1,0,0,1,3,0,1,2,0,0,2,0,1,0,1,1,1,1,0,0,1,1,0,1,1,1,0,0,0,2,1,1,1,0,2,1,0,1,0,1,0,1,0,1,1,0,0,0,2,1,0,0,1,2,2,0,0,0,0,0,1,0,0,1,1,0,0
510,1,3,0,2,0,2,0,0,1,0,2,2,2,0,1,1,1,0,1,0,0,0,1,0,1,2,0,1,3,1,0,0,1,3,0,1,2,0,0,2,0,1,0,1,1,1,1,0,0,1,1,0,1,1,1,0,0,0,2,1,1,2,0,2,1,0,1,0,1,0,1,0,1,1,0,0,0,2,1,0,0,1,2,2,0,0,0,0,0,1,0,0,1,1,0,0
511,1,4,0,2,0,2,0,0,1,0,2,2,2,0,1,1,1,0,1,0,0,0,1,0,1,2,0,1,3,1,0,0,1,3,0,1,3,0,0,2,0,1,0,1,1,1,1,0,0,1,1,0,1,1,1,0,0,0,2,1,1,3,0,2,1,0,1,0,1,0,1,0,1,1,0,0,0,2,1,0,0,1,2,2,0,0,0,0,0,1,0,0,1,1,0,0
512,1,4,0,2,0,2,0,0,1,0,2,2,2,0,1,1,1,0,1,0,0,0,1,0,1,2,0,1,3,1,0,0,1,3,0,1,3,0,0,2,0,1,0,1,1,1,1,0,0,1,1,0,1,1,1,0,0,0,2,1,1,3,0,2,1,0,1,0,1,0,1,0,1,1,0,0,0,2,1,0,0,1,2,2,0,0,0,0,0,1,0,0,1,1,0,0
513,1,4,0,2,0,2,0,0,1,0,2,2,2,0,1,1,1,0,1,0,0,0,1,0,1,2,0,1,3,1,0,0,1,3,0,1,3,0,0,2,0,1,0,1,1,1,1,0,0,1,1,0,1,1,1,0,0,0,2,1,1,3,0,2,1,0,1,0,1,0,1,0,1,1,0,0,0,2,1,0,0,1,2,2,0,0,0,0,0,1,0,0,1,1,0,0
514,1,4,0,2,0,2,0,0,1,0,2,2,2,0,1,1,1,0,1,0,0,0,1,0,1,2,0,1,3,1,0,0,1,3,0,1,3,0,0,2,0,1,0,1,1,1,1,0,0,1,1,0,1,1,1,0,0,0,2,1,1,3,0,2,1,0,1,0,1,0,1,0,1,1,0,0,0,2,1,0,0,1,2,2,0,0,0,0,0,1,0,0,1,1,0,0
515,1,4,0,2,0,2,0,0,1,0,2,2,2,0,1,1,1,0,1,0,0,0,1,0,1,2,0,1,3,1,0,0,1,4,0,1,3,0,0,2,0,1,0,1,1,1,1,0,0,1,1,0,1,1,1,0,0,0,2,1,1,3,0,2,1,0,0,0,1,0,1,0,1,1,0,0,0,2,1,0,0,1,2,2,0,0,0,0,0,1,0,0,1,1,0,0
516,1,4,0,2,0,2,0,0,1,0,2,2,2,0,1,1,1,0,1,0,0,0,1,0,1,2,0,1,3,1,0,0,1,4,0,1,3,0,0,2,0,1,0,1,1,1,1,0,0,1,1,0,1,1,1,0,0,0,2,1,1,3,0,2,1,0,0,0,1,0,1,0,1,1,0,0,0,2,1,0,0,1,2,2,0,0,0,0,0,1,0,0,1,1,0,0
517,1,4,0,2,0,2,0,0,1,0,3,2,2,0,1,1,1,0,1,0,0,0,1,0,1,2,0,1,3,1,0,0,1,4,0,1,3,0,0,2,1,1,0,1,1,1,1,0,0,1,1,0,1,1,1,0,0,0,2,1,1,3,0,2,1,0,0,0,1,0,1,0,1,1,0,0,0,2,1,0,0,1,2,2,0,0,0,0,0,1,0,0,1,1,0,0
518,1,4,0,2,0,2,0,0,1,0,3,2,2,0,1,1,1,0,1,0,0,0,1,0,1,2,0,1,3,1,0,0,1,4,0,1,3,0,0,1,1,1,0,1,1,1,1,0,0,1,1,0,1,1,2,0,0,0,2,1,1,3,0,2,1,0,0,0,1,0,1,0,1,1,0,0,0,2,1,0,0,1,2,2,0,0,0,0,0,1,0,0,1,1,0,0
519,1,4,0,2,0,2,0,0,1,0,3,2,2,0,1,1,1,0,1,0,0,0,1,0,1,2,0,1,3,1,0,0,1,4,0,1,3,0,0,1,1,1,0,1,1,1,1,0,0,1,1,0,1,1,2,0,0,0,2,1,1,3,0,2,1,0,0,0,1,0,1,0,1,1,0,0,0,2,1,0,0,1,2,2,0,0,0,0,0,1,0,0,1,1,0,0
520,1,4,0,2,0,2,0,0,1,0,3,2,2,0,1,1,1,0,1,0,0,0,1,0,1,2,0,1,3,1,0,0,1,4,0,1,3,0,0,1,1,1,0,1,1,1,1,0,0,1,1,0,1,1,2,0,0,0,2,1,1,3,0,2,1,0,0,0,1,0,1,0,1,1,0,0,0,2,1,0,0,1,2,2,0,0,0,0,0,1,0,0,1,1,0,0
521,1,4,0,2,0,2,0,0,1,0,3,2,2,0,1,1,1,0,1,0,0,0,1,0,1,2,0,2,3,1,0,0,1,4,0,1,3,0,0,1,1,1,0,1,1,1,1,0,0,1,1,0,1,1,2,0,0,0,2,1,1,3,0,2,1,0,0,0,1,0,1,0,1,1,0,0,0,2,1,0,0,1,2,2,0,0,0,0,0,1,0,0,1,1,0,0
522,1,4,0,2,0,2,0,0,1,0,3,2,2,0,1,1,1,0,1,0,1,0,1,0,1,2,0,2,3,1,0,0,1,4,0,1,3,0,0,1,1,1,0,1,1,1,1,0,0,1,1,0,1,1,2,0,0,0,2,1,1,3,0,2,1,0,0,0,1,0,1,0,1,1,0,0,0,2,1,0,0,1,2,2,0,0,0,0,0,1,0,0,1,1,0,0
523,1,4,0,2,0,2,0,0,1,0,3,2,2,0,1,1,1,0,1,0,1,0,1,0,1,2,0,2,3,1,0,0,1,4,0,1,4,0,0,1,1,1,0,1,1,1,1,0,0,1,1,0,1,2,2,0,0,0,2,1,1,3,0,2,1,0,0,0,1,0,1,0,1,1,0,0,0,2,1,0,0,1,2,2,0,0,0,0,0,1,0,0,1,2,0,0
524,1,4,0,2,0,2,0,0,1,0,3,2,2,0,1,1,1,0,1,0,1,0,1,0,1,2,0,2,3,1,0,0,1,4,0,1,4,0,0,1,1,1,0,1,1,1,1,0,0,1,1,0,1,2,2,0,0,0,2,1,1,3,0,2,1,0,0,0,2,0,1,0,1,1,0,0,0,2,1,0,0,1,2,2,0,0,0,0,0,1,0,0,1,2,0,0
525,1,4,0,2,0,2,0,0,1,0,3,2,2,0,1,1,1,0,1,0,1,1,1,0,1,2,0,2,3,1,0,0,1,4,0,1,4,0,0,1,1,1,0,1,1,1,1,0,0,1,1,0,1,2,2,0,0,0,2,1,1,3,0,2,1,0,0,0,2,0,1,0,1,1,0,0,0,2,1,0,0,1,2,2,0,0,0,0,0,1,0,0,1,2,0,0
526,1,4,0,2,0,2,0,0,1,0,3,2,2,0,1,1,1,0,1,0,1,1,1,0,1,2,0,2,3,1,0,0,1,4,0,1,4,0,0,1,1,1,0,1,1,1,1,0,0,1,1,0,1,2,2,0,0,0,2,1,1,3,0,2,1,0,0,0,2,0,1,0,1,1,0,0,0,2,1,0,0,1,2,2,0,0,0,0,0,1,0,0,1,2,0,0
527,1,4,0,2,0,2,0,0,1,0,3,2,2,0,1,1,1,0,1,0,1,1,1,0,1,3,0,2,3,1,0,0,1,4,0,1,4,0,0,1,1,1,0,1,1,1,1,0,0,1,1,0,1,2,2,0,0,0,2,1,1,3,0,2,1,0,0,0,2,0,1,0,1,1,0,0,0,2,1,1,0,1,2,2,0,0,0,0,0,1,0,0,1,2,0,0
528,1,4,0,2,0,2,0,0,1,0,3,2,2,0,1,1,1,0,1,0,1,1,1,0,1,3,0,2,3,1,0,0,1,4,0,1,4,0,0,1,1,1,0,1,1,1,1,0,0,1,1,0,1,2,2,0,0,0,2,1,1,3,0,2,1,0,1,0,2,0,1,0,1,1,0,0,0,2,1,1,0,1,2,2,0,0,0,0,0,1,0,0,1,2,1,0
529,1,4,0,2,0,2,0,0,1,0,3,2,2,0,1,1,1,0,1,0,1,1,1,0,1,3,0,2,3,1,0,0,1,4,0,1,4,0,0,1,1,1,0,1,1,1,1,0,0,1,1,0,1,2,2,0,0,0,2,1,1,3,0,2,1,0,1,0,2,0,1,0,1,1,0,0,0,2,1,1,0,1,2,2,0,0,0,0,0,1,1,0,1,2,1,0
530,1,4,0,2,0,2,0,0,1,0,3,2,2,0,1,1,1,0,1,0,1,1,1,0,2,3,0,2,3,1,0,0,1,4,0,1,4,0,0,1,1,1,0,1,1,1,1,0,0,1,1,0,1,2,2,0,0,0,2,1,2,3,0,2,1,0,1,0,2,0,1,0,1,1,0,0,0,2,1,1,0,1,2,2,0,0,0,0,0,1,1,0,1,2,1,0
531,1,4,0,2,0,2,0,0,1,0,3,2,2,0,1,1,1,0,1,0,1,2,1,0,2,3,0,2,3,1,0,0,1,4,0,1,4,0,0,1,1,1,0,1,1,1,1,0,0,1,1,0,1,2,2,0,0,0,2,1,2,3,0,2,1,0,1,0,2,0,1,0,1,1,0,0,0,2,1,1,0,1,2,2,0,0,0,0,0,1,1,0,1,2,1,0
532,1,4,0,2,0,2,0,0,1,0,3,2,2,0,1,1,1,0,1,0,1,2,1,0,2,3,0,2,3,1,0,0,1,4,0,1,4,0,0,1,1,1,0,1,1,1,1,0,0,1,1,0,1,2,2,0,0,0,2,1,2,3,0,2,1,0,1,0,2,0,1,0,1,1,0,0,0,2,1,1,0,1,2,2,0,0,0,0,0,1,1,0,1,2,1,0
533,1,4,0,2,0,2,0,0,1,0,3,2,2,0,1,1,1,0,1,0,1,2,1,0,2,3,0,2,3,1,0,0,1,4,0,1,4,0,0,1,1,1,0,1,1,1,1,0,0,1,1,0,1,2,2,0,0,0,2,1,2,3,0,2,1,0,1,0,2,0,1,0,1,1,0,0,0,2,1,1,0,1,2,2,0,0,0,0,0,1,1,0,1,2,1,0
534,1,4,0,2,0,2,0,0,1,0,3,2,2,0,1,1,1,0,1,0,1,2,1,0,2,3,0,2,3,1,0,0,1,4,0,1,4,0,0,1,1,1,0,1,1,1,1,0,0,1,1,0,1,2,2,0,0,0,2,1,3,3,0,2,1,0,1,0,2,0,1,0,1,1,0,0,0,2,1,1,0,1,2,2,0,0,0,0,0,1,1,0,1,2,1,0
535,1,4,0,2,0,2,0,0,1,0,3,2,2,0,1,1,1,0,1,0,1,2,1,0,2,3,0,2,3,1,0,0,1,4,0,1,4,0,0,1,1,1,0,1,1,1,1,0,0,1,1,0,1,2,2,0,0,0,2,1,3,3,0,2,1,0,1,0,2,0,1,0,1,1,0,0,0,2,1,1,0,1,2,2,0,0,0,0,0,1,1,0,1,2,1,0
536,1,4,0,2,0,2,0,0,1,0,3,2,2,0,1,1,1,0,1,0,1,2,1,0,2,3,0,2,3,1,0,0,1,4,0,1,4,0,0,1,1,1,0,1,1,1,1,0,0,1,1,0,1,2,2,0,0,0,2,1,3,3,0,2,1,0,1,0,2,0,1,0,1,1,0,0,0,2,1,1,0,1,2,2,0,0,0,0,0,1,1,0,1,2,1,0
537,1,4,0,2,0,2,0,0,1,0,3,2,2,0,1,1,1,0,1,0,1,2,2,0,2,3,0,2,3,1,0,0,2,4,0,1,4,0,0,1,1,1,0,1,1,1,1,0,0,1,1,0,1,2,2,0,0,0,2,1,3,3,0,2,1,0,1,0,2,0,1,0,1,1,0,0,0,2,1,1,0,1,2,2,0,0,0,0,0,1,1,0,1,2,1,0
538,1,4,0,2,0,2,0,0,1,0,3,2,2,0,1,1,1,0,1,0,1,2,2,0,2,3,0,2,3,1,0,0,2,4,0,1,4,0,0,1,1,1,0,1,1,1,1,0,0,1,1,0,1,2,2,0,0,0,2,1,3,3,0,2,1,0,1,0,2,0,1,0,1,1,0,0,0,2,1,1,0,1,2,2,0,0,0,0,0,1,1,0,1,2,1,0
539,1,4,0,2,0,2,0,0,1,0,3,2,2,0,1,1,1,0,1,0,1,2,2,0,2,3,0,2,3,1,0,0,2,4,0,1,4,0,0,1,1,1,0,1,1,1,1,0,0,1,1,0,1,2,2,0,0,1,2,1,3,3,0,2,1,0,1,0,2,0,1,0,1,1,0,0,0,2,1,1,0,1,2,2,0,0,0,0,0,1,1,0,1,2,1,0
540,1,4,1,2,0,2,0,0,1,0,3,2,3,0,1,1,1,0,1,0,1,2,2,0,2,3,0,2,3,1,0,0,2,4,0,1,4,0,0,1,1,1,0,1,1,1,1,0,0,1,1,0,1,2,2,0,0,1,2,1,3,3,0,2,1,0,1,0,2,0,1,0,1,1,0,0,0,2,1,1,0,1,2,2,0,0,0,0,0,1,1,0,1,2,1,0
541,1,4,1,2,0,2,0,1,1,0,3,2,3,0,1,1,1,0,1,0,1,2,2,0,2,3,0,2,3,1,0,0,2,4,0,1,4,0,0,1,1,1,0,1,1,1,1,0,0,1,1,0,1,2,2,0,0,1,2,1,3,3,0,2,1,0,1,0,2,0,2,0,1,2,0,0,0,2,1,1,0,1,2,2,0,0,0,0,0,1,1,0,1,2,1,0
542,1,4,1,2,0,2,0,1,1,0,3,2,3,0,1,1,1,0,1,0,1,2,2,0,2,3,0,2,3,1,0,0,2,4,0,1,4,0,0,1,1,1,0,1,1,1,1,0,0,1,1,0,1,2,2,0,0,1,2,1,3,3,0,2,1,0,1,0,2,0,2,0,1,2,0,0,0,2,1,1,0,1,2,2,0,0,0,0,0,1,1,0,1,2,1,0
543,1,4,1,2,0,2,0,1,1,0,3,2,3,0,1,1,1,0,1,0,1,2,2,0,2,3,0,2,3,1,0,0,2,4,0,1,4,0,0,1,1,1,0,1,1,1,1,0,0,1,1,0,1,2,2,0,0,1,2,1,3,3,0,2,1,0,1,0,2,0,2,0,1,2,0,0,0,2,1,1,0,1,2,2,0,0,0,0,0,1,1,0,1,2,1,0
544,1,4,1,2,0,2,0,1,1,0,3,2,3,0,1,1,1,0,1,0,1,2,2,0,2,3,0,2,3,1,0,0,2,4,0,1,4,0,0,1,1,1,0,1,1,1,1,0,1,1,1,0,1,2,2,0,0,1,2,1,3,3,0,2,1,0,1,0,2,0,2,0,1,2,0,0,0,2,1,1,0,1,2,2,0,0,0,0,0,1,1,0,1,2,1,0
545,1,4,1,2,0,2,0,1,1,0,3,2,3,0,1,1,1,0,1,0,2,2,2,0,2,3,0,2,3,1,0,0,2,4,0,1,4,0,0,1,1,1,0,1,1,1,1,0,1,1,1,0,1,2,2,0,0,1,2,1,3,3,0,2,1,0,1,0,2,0,2,1,1,2,0,0,0,2,1,1,0,1,2,2,0,0,0,0,0,1,1,0,1,2,1,0
546,1,4,1,2,0,2,0,1,1,0,3,2,3,0,1,1,1,1,1,0,2,2,2,0,2,3,0,2,3,1,0,0,2,4,0,1,4,0,0,1,1,1,0,1,1,1,1,0,1,1,1,0,2,2,2,0,0,1,2,1,3,3,0,2,1,0,1,0,2,0,2,1,1,2,0,0,0,2,1,1,0,1,2,2,0,0,0,0,0,1,1,0,1,2,1,0
547,1,4,1,2,0,2,0,1,1,0,3,2,3,0,1,1,1,1,1,0,2,2,2,0,2,3,0,2,3,1,1,0,2,4,0,1,4,0,0,1,1,1,0,1,1,1,1,0,1,1,1,0,2,2,2,0,0,1,2,1,3,3,0,2,1,0,1,0,2,0,2,1,1,2,0,0,0,2,1,1,0,1,2,2,0,0,0,0,0,1,1,0,1,2,1,0
548,1,4,1,2,0,2,0,1,1,0,3,2,3,0,1,1,1,1,1,0,2,2,2,0,2,3,0,2,3,1,1,0,2,4,0,1,4,0,0,1,1,1,0,1,1,1,1,0,1,1,1,1,2,2,2,0,0,1,2,1,3,4,0,2,1,0,1,0,2,0,2,1,1,2,0,0,0,2,1,1,0,1,2,2,0,0,0,0,0,1,1,0,1,2,1,0
549,1,4,1,2,0,2,0,1,1,0,3,2,3,0,1,1,1,1,1,0,2,2,2,0,2,3,0,2,3,1,1,0,2,4,0,1,4,0,0,1,1,1,0,1,1,1,1,0,1,1,1,1,2,2,2,0,0,1,2,1,3,4,0,2,1,0,1,0,2,0,3,1,1,2,0,0,0,2,1,1,0,1,2,2,0,0,0,0,0,1,1,1,1,2,1,0
550,1,4,1,2,0,2,0,1,1,0,3,2,3,0,1,1,1,1,1,0,2,2,2,0,2,3,0,2,3,1,1,0,2,4,0,1,4,0,0,1,1,1,0,1,1,1,1,0,1,1,1,1,2,2,2,1,0,1,2,1,3,4,0,2,1,0,1,0,2,0,3,1,1,2,0,0,0,2,1,1,0,1,2,2,0,0,0,0,0,1,1,1,1,2,1,0
551,1,4,1,2,0,2,0,1,1,0,3,2,3,0,1,1,1,1,1,0,2,2,2,0,2,3,0,2,3,1,1,0,2,4,0,1,4,0,0,1,1,1,0,1,1,1,1,0,1,1,1,1,2,2,2,1,0,1,2,1,3,4,0,2,1,0,1,0,2,0,3,1,1,2,0,0,0,2,1,1,0,1,2,2,0,0,0,0,0,1,1,1,1,2,1,0
552,1,4,1,2,0,2,0,1,1,0,3,2,3,0,1,1,1,1,1,0,2,2,2,0,3,3,0,2,3,1,1,0,2,4,0,1,4,0,0,1,1,2,0,1,1,1,1,0,1,1,1,1,2,2,2,1,0,1,2,1,3,3,0,2,1,0,1,0,2,0,3,1,1,1,0,0,0,2,1,1,0,1,2,2,0,0,0,0,0,1,1,1,1,2,1,0
553,1,4,1,2,0,2,0,1,1,0,3,2,3,0,1,1,1,1,1,0,2,2,2,0,3,3,0,2,3,1,1,0,2,4,0,1,4,0,0,1,1,2,0,1,1,1,1,0,1,1,1,1,2,2,2,1,0,1,2,1,3,4,0,2,1,0,1,0,2,0,3,1,1,1,0,0,0,2,1,1,0,1,2,2,0,0,0,0,0,1,1,1,1,2,1,0
554,1,4,1,2,0,1,0,1,2,0,3,2,3,0,1,1,1,1,1,0,2,2,3,0,3,3,0,2,3,1,1,0,2,4,0,1,4,0,0,1,2,2,0,1,1,1,1,0,1,1,1,1,2,2,2,1,0,1,2,1,3,4,0,2,1,0,1,0,2,0,3,1,1,1,0,0,0,2,1,1,0,1,2,2,0,0,0,0,0,1,1,1,1,2,1,0
555,1,4,1,2,0,1,0,1,2,0,3,2,3,0,1,1,1,1,1,0,2,2,3,0,3,3,0,2,3,1,1,0,2,4,0,1,4,0,0,1,2,2,0,1,1,1,1,0,1,1,1,1,2,2,2,1,1,1,2,1,3,4,0,2,1,0,1,0,2,0,3,1,1,1,0,0,0,2,1,1,0,1,2,2,0,0,0,0,0,1,1,1,1,2,1,0
556,1,4,1,2,0,1,0,1,2,0,3,2,3,0,1,1,1,1,1,0,2,2,3,0,3,3,0,2,3,1,1,1,2,4,0,1,4,0,0,1,2,2,0,1,1,1,1,0,1,1,1,1,2,2,2,1,1,1,2,1,3,4,0,3,1,0,1,0,2,0,3,1,1,1,0,0,0,2,1,1,0,1,2,2,0,0,0,0,0,1,1,1,1,2,1,0
557,1,4,1,2,0,1,0,1,2,0,3,2,3,0,1,1,1,1,1,0,2,2,3,0,3,3,0,2,3,1,1,1,2,4,0,1,4,0,0,1,2,2,0,1,1,1,1,0,1,1,1,1,2,2,2,1,1,1,2,1,3,4,0,3,1,0,1,0,2,0,3,1,1,1,0,0,0,2,1,1,0,1,2,2,0,0,0,0,0,1,1,1,1,2,1,1
558,1,4,1,2,0,1,0,1,2,0,3,2,3,0,1,1,1,1,1,0,2,2,3,0,3,3,0,2,3,1,1,1,2,4,0,1,4,0,0,1,2,2,0,1,1,1,1,0,1,1,1,1,2,2,2,1,1,1,2,1,3,4,0,3,1,0,1,0,2,0,3,1,1,1,0,0,0,2,1,1,0,1,2,2,0,0,0,0,0,1,1,1,1,2,2,1
559,1,4,1,2,0,1,0,1,2,0,3,2,3,0,1,1,1,1,1,0,2,2,3,0,3,3,0,2,3,1,1,1,2,4,0,1,4,0,0,1,2,2,0,1,1,1,1,0,1,1,1,1,2,2,2,1,1,1,2,1,3,4,0,3,1,0,1,0,2,0,3,1,1,1,0,0,0,2,1,1,0,1,2,2,0,0,0,0,0,1,1,1,1,2,2,1
560,1,4,1,2,0,1,0,1,2,0,3,2,3,0,1,2,1,1,1,0,2,2,3,0,4,3,0,2,3,1,1,1,2,4,0,1,4,0,0,1,2,2,0,1,1,1,1,0,1,1,1,1,2,2,2,1,1,1,2,1,3,4,0,3,1,0,1,0,2,1,3,1,1,1,0,0,0,2,1,1,0,1,2,2,0,0,0,1,0,1,1,1,1,2,2,1
561,1,4,1,2,0,1,0,1,2,0,3,2,3,0,1,2,1,1,1,0,2,2,3,0,4,3,0,2,3,1,1,1,2,4,0,1,4,0,0,1,2,2,0,1,1,1,1,0,1,1,1,1,3,2,2,1,1,1,2,1,3,4,0,3,1,0,1,0,2,1,3,1,1,1,0,0,0,2,1,1,0,1,2,2,0,0,0,1,0,1,1,1,1,2,2,1
562,1,4,1,2,0,1,0,1,2,0,3,2,3,0,1,2,1,1,1,0,2,2,3,0,4,3,0,2,3,1,1,1,2,4,0,1,4,0,0,1,2,2,0,1,1,1,1,0,1,1,1,1,3,2,2,1,1,1,2,1,3,4,0,3,1,0,1,0,2,1,3,1,1,1,0,0,0,2,1,1,0,1,2,2,0,0,0,1,0,1,1,1,1,2,2,1
563,1,4,1,2,0,1,0,1,2,0,3,2,3,0,1,2,1,1,1,0,2,2,3,0,4,3,0,2,3,1,1,1,2,4,0,1,4,0,0,1,2,2,0,1,1,1,1,0,1,1,1,1,3,2,2,1,1,1,2,1,3,4,0,3,1,0,1,0,2,1,3,1,1,1,1,0,0,2,1,1,0,1,2,2,0,0,0,1,0,1,1,1,1,2,2,1
564,1,4,1,2,0,1,0,1,2,0,3,2,3,0,1,2,1,1,1,0,2,2,3,0,4,3,0,2,3,1,1,1,2,4,0,1,4,0,0,1,2,2,0,1,1,1,1,0,1,1,1,1,3,2,2,1,1,1,2,1,3,4,0,3,1,0,1,0,2,1,4,1,1,1,1,0,0,2,1,1,0,1,2,2,1,0,0,1,0,1,1,1,1,2,2,1
565,1,4,1,2,0,1,0,1,2,0,3,2,3,0,1,2,1,1,1,0,2,2,3,0,4,3,0,2,3,1,1,1,2,4,0,1,4,0,0,1,2,2,0,1,1,1,1,0,1,1,1,1,3,2,2,1,1,1,2,1,3,4,0,3,1,0,1,0,2,1,4,1,1,1,1,0,0,2,1,1,0,1,2,2,1,0,0,1,0,1,1,1,1,2,2,1
566,1,4,1,2,0,1,0,1,2,0,3,2,3,0,1,2,1,1,1,0,2,2,3,0,4,3,0,2,3,1,1,1,2,4,0,1,4,1,0,1,2,2,0,1,1,1,1,0,1,1,1,1,3,2,2,1,1,1,2,1,3,4,0,3,1,0,1,0,2,1,4,1,1,1,1,0,0,2,1,1,0,1,2,2,1,0,0,1,0,1,1,1,1,2,2,1
567,1,4,1,2,0,1,0,1,2,0,3,2,4,0,1,2,1,1,1,0,2,2,3,0,4,3,0,2,3,1,1,1,2,4,0,1,4,1,0,1,2,2,0,1,1,1,1,0,1,1,2,1,3,3,2,1,1,1,2,1,3,4,0,3,1,0,1,0,2,1,4,1,1,1,1,0,0,2,1,1,0,1,2,2,1,0,0,1,0,1,1,1,1,2,2,1
568,1,4,1,2,0,1,0,1,2,0,3,2,4,0,1,2,1,1,1,0,2,2,3,0,4,3,0,2,3,1,1,1,2,4,1,1,4,1,0,1,2,2,0,1,1,1,1,0,1,1,2,1,4,3,2,1,1,1,2,1,3,4,0,3,1,0,1,0,2,1,4,1,1,1,1,0,1,2,1,1,0,1,2,2,1,0,0,1,0,1,1,1,1,2,2,1
569,1,4,1,2,0,1,0,1,2,0,3,2,4,0,1,2,1,1,1,0,2,2,3,0,4,3,0,2,3,1,1,1,2,4,1,1,4,1,0,1,2,2,0,1,1,1,1,0,1,1,3,1,5,3,2,1,1,1,2,1,3,4,0,3,1,0,1,0,2,1,4,1,1,1,1,0,1,2,1,1,0,1,2,2,1,0,0,1,0,1,1,1,1,2,2,1
570,1,4,1,2,0,1,0,1,2,0,3,2,4,0,1,2,1,1,1,0,2,2,3,0,4,3,0,2,3,1,1,1,2,4,1,1,5,1,0,1,2,2,0,1,1,1,1,0,1,1,3,1,5,3,2,1,1,1,2,1,3,4,0,3,1,0,1,0,2,1,4,1,1,1,1,0,1,2,1,1,0,1,2,2,1,0,0,1,0,1,1,1,1,2,2,1
571,1,4,1,2,0,1,0,1,2,0,3,2,4,0,1,2,1,1,1,0,2,2,3,0,4,3,0,2,3,1,1,1,2,4,1,1,5,1,0,1,2,2,0,1,1,1,1,0,1,1,3,1,5,3,2,1,1,1,2,1,3,4,0,3,1,0,1,0,2,1,4,1,1,1,1,0,1,2,1,1,0,1,2,2,1,0,0,1,0,1,1,1,1,2,2,1
572,1,4,1,2,0,1,0,1,2,0,3,2,4,0,1,2,1,1,1,0,2,2,3,0,4,3,0,2,3,1,1,1,2,4,1,1,5,1,0,1,2,2,0,1,1,2,1,0,1,1,3,1,5,3,2,1,1,1,3,1,3,4,0,3,1,0,1,0,2,1,4,1,1,1,1,0,1,2,1,1,0,1,2,2,1,0,0,1,0,1,1,1,1,2,2,2
573,1,4,1,2,0,1,0,1,2,0,3,2,4,0,1,2,1,1,1,0,2,2,3,0,4,3,0,2,3,1,1,1,2,4,1,1,5,1,0,1,2,2,0,1,1,2,1,0,1,1,3,1,5,3,2,1,1,1,3,1,3,4,0,3,1,0,1,0,2,1,4,1,1,1,1,0,2,2,1,1,0,1,2,2,1,0,0,1,0,1,1,1,1,2,2,2
574,1,4,1,2,0,1,0,1,2,0,3,2,4,0,1,2,1,1,1,0,2,2,3,0,4,3,0,2,3,1,1,1,2,4,1,1,5,1,0,1,2,3,0,1,1,2,1,0,1,1,3,1,5,4,2,1,1,1,3,1,3,4,0,3,1,0,1,0,2,1,4,1,1,1,1,0,2,2,1,1,0,1,2,2,1,0,0,1,0,1,1,1,1,2,2,2
575,1,4,1,2,0,1,0,1,2,0,3,2,4,0,1,2,1,1,2,0,2,2,3,0,4,3,0,2,3,1,1,1,2,4,1,1,5,1,0,1,2,3,0,1,1,2,1,0,1,1,3,1,5,4,2,1,1,1,3,1,3,4,0,3,1,0,1,0,2,1,4,1,1,1,1,0,2,2,1,1,0,1,2,2,1,0,0,1,0,1,1,1,1,2,2,2
576,1,4,1,2,0,1,0,1,2,0,3,2,4,0,1,2,1,1,2,0,2,2,3,0,5,3,0,2,3,1,1,1,2,4,1,1,5,1,0,1,2,3,0,1,1,2,1,0,1,1,3,1,5,4,2,1,1,1,3,1,3,4,0,3,1,0,1,0,2,1,4,1,1,1,1,0,2,3,1,1,0,1,2,2,1,0,0,1,0,1,1,1,1,2,2,2
577,1,4,1,2,0,1,0,1,2,0,3,2,4,0,1,2,1,1,2,0,2,2,3,0,5,3,0,2,3,1,1,1,2,4,1,1,5,1,0,1,2,3,0,1,1,2,1,0,1,1,3,1,5,4,2,1,1,1,3,1,3,4,0,3,1,0,1,0,2,1,4,1,1,1,1,0,2,3,1,1,0,1,2,2,1,0,0,1,0,1,1,1,1,2,2,2
578,1,4,1,2,0,1,0,1,2,0,3,2,4,0,1,2,1,1,2,0,2,2,3,0,5,3,0,2,3,1,1,1,2,4,1,1,5,1,0,1,2,3,0,1,1,2,1,0,1,1,3,1,5,4,2,1,1,1,3,1,3,4,0,3,1,0,1,0,2,1,4,1,1,1,1,0,2,3,1,1,0,1,2,2,2,0,0,1,0,1,1,1,1,2,2,2
579,1,4,1,2,0,1,0,1,2,0,3,2,4,0,1,2,1,1,2,0,2,2,3,0,5,3,0,2,3,1,1,1,2,4,1,1,5,1,0,1,2,3,0,1,1,2,1,0,1,1,3,1,5,4,2,1,1,1,3,1,3,4,0,3,1,0,1,0,2,1,4,1,1,1,1,0,2,3,1,1,0,1,2,2,2,0,0,1,0,1,1,1,1,2,2,2
580,1,4,1,2,0,1,0,1,2,0,3,2,4,0,1,2,1,1,2,0,2,2,3,0,5,3,0,2,3,1,1,1,2,4,1,1,5,1,0,1,2,3,0,1,1,2,1,0,1,1,3,1,5,4,2,1,1,1,3,1,3,5,0,3,1,0,1,0,2,1,4,1,1,2,1,0,2,3,1,1,0,2,2,2,2,0,0,1,0,1,1,1,1,2,2,2
581,1,4,1,2,0,1,0,2,2,0,3,2,4,0,1,2,1,1,2,0,2,2,3,0,5,3,0,2,3,1,1,1,2,4,1,1,5,1,0,1,2,3,0,1,1,2,1,0,1,1,3,1,5,4,2,1,1,1,3,1,3,5,0,3,1,0,1,0,2,1,4,1,1,3,1,0,2,3,1,1,0,2,2,2,2,0,0,1,0,1,1,1,2,2,2,2
582,1,5,1,2,0,1,0,2,2,0,3,2,4,0,1,2,1,1,2,0,2,2,3,0,5,3,0,2,3,1,1,1,2,4,1,1,5,1,0,1,2,3,0,1,1,2,1,0,1,1,3,1,5,4,2,1,1,1,3,1,3,5,0,3,1,0,1,0,2,1,4,1,1,3,1,0,2,3,1,1,0,2,2,2,2,0,0,1,0,1,1,1,2,2,2,2
583,1,5,1,2,0,1,0,2,2,0,3,2,4,0,1,2,1,1,2,0,2,2,3,0,5,3,0,2,4,1,1,1,2,4,1,1,5,1,0,1,2,3,0,1,1,2,1,0,1,1,3,1,5,4,2,1,1,1,3,1,3,5,0,3,1,0,1,0,2,1,4,1,1,3,2,0,2,3,1,1,0,2,2,2,2,0,0,1,0,1,1,1,2,2,2,2
584,1,5,1,2,0,1,1,2,2,0,3,2,4,0,1,2,1,1,2,0,2,2,3,0,5,3,0,2,4,1,1,1,2,4,1,1,6,1,0,1,2,3,0,1,1,2,1,0,1,1,3,1,5,4,2,1,1,1,3,1,3,5,0,3,1,0,1,0,2,1,4,1,1,3,2,0,2,3,1,1,0,2,2,2,2,0,0,1,0,1,1,1,2,2,2,2
585,1,5,1,2,0,1,1,2,2,0,3,2,4,0,1,2,1,1,2,0,2,2,3,0,5,3,0,2,4,1,1,1,2,4,1,1,6,1,0,1,2,3,0,1,1,2,1,0,1,0,3,1,5,4,2,1,1,1,3,1,3,5,0,3,1,0,1,0,2,1,4,1,1,3,2,1,2,3,1,1,0,2,2,2,2,0,0,1,0,2,1,1,2,2,2,2
586,1,5,1,2,0,1,1,2,2,0,3,2,4,1,1,2,2,1,2,0,2,2,3,0,5,3,0,2,4,2,2,1,2,4,1,1,6,1,0,1,2,3,0,1,1,2,0,0,1,0,3,1,5,4,2,1,1,1,3,1,3,5,0,3,1,0,1,0,2,1,4,1,1,3,2,1,2,3,1,1,0,2,2,2,2,0,0,1,0,2,1,1,2,2,2,2
587,1,5,1,2,0,1,1,2,2,0,3,2,4,1,1,2,2,1,2,0,2,2,3,0,5,3,0,2,4,2,2,1,2,3,1,1,6,1,0,1,2,3,0,1,1,2,0,0,1,0,3,1,5,4,2,1,1,1,3,1,3,6,0,3,1,0,1,0,2,1,4,1,1,3,2,1,2,3,1,1,0,2,2,2,2,0,0,1,0,2,1,1,2,2,2,2
588,1,5,1,2,0,1,1,2,2,0,3,2,4,1,1,2,2,1,2,0,2,2,3,0,5,3,0,2,4,2,2,1,2,3,1,1,6,1,0,1,2,3,0,1,1,2,0,1,1,0,3,1,5,4,2,1,1,1,3,1,3,6,0,3,1,0,1,0,2,2,4,1,1,3,2,1,2,3,1,1,0,2,2,2,2,0,0,1,0,2,1,1,2,2,2,2
589,1,5,1,2,0,1,1,2,2,0,3,2,4,1,1,2,2,1,2,0,2,2,3,0,5,3,0,2,4,2,2,1,2,3,1,1,6,1,0,1,2,3,0,1,1,2,0,1,1,0,3,1,5,4,2,1,1,1,3,1,3,6,0,3,1,0,1,0,2,2,4,1,1,3,2,1,2,3,1,1,0,2,2,2,2,0,0,1,0,2,1,1,2,2,2,2
590,1,5,1,2,0,1,1,2,3,0,3,2,4,1,1,2,2,1,2,0,2,2,3,0,5,3,0,2,4,2,2,1,2,3,1,1,6,1,0,1,2,3,0,1,1,2,0,1,1,0,3,1,5,4,2,1,1,1,3,1,3,6,0,3,1,0,1,1,2,2,4,1,1,3,2,1,2,3,1,1,0,2,2,2,2,0,0,1,0,2,1,1,2,2,2,2
591,1,5,1,2,0,2,1,2,3,0,3,2,4,1,1,2,2,1,2,0,2,2,3,0,5,3,0,2,4,2,2,1,2,3,1,1,6,1,0,1,2,3,0,1,1,2,0,1,1,0,3,1,5,4,2,1,1,1,3,1,3,6,0,3,1,0,1,1,2,2,4,1,1,3,2,1,2,3,1,1,0,2,2,2,2,0,0,1,0,2,1,1,2,3,2,2
592,1,5,1,2,0,2,1,2,3,0,3,2,4,1,1,2,2,1,2,0,2,2,3,0,5,3,0,2,4,2,2,1,2,3,1,1,6,1,0,1,2,3,0,1,1,2,0,1,1,0,3,1,5,4,2,1,1,1,3,1,3,6,0,3,1,0,1,1,2,2,4,2,1,3,2,1,2,3,1,1,0,2,2,2,2,0,0,1,0,2,1,1,2,3,2,2
593,1,5,1,2,0,2,1,2,3,0,3,2,4,1,1,2,2,1,2,0,2,2,3,0,5,3,0,2,4,2,2,1,2,3,1,1,6,1,0,1,2,3,0,1,1,2,0,1,1,0,3,1,5,4,2,1,1,1,3,1,3,6,0,3,1,0,1,1,2,2,4,2,1,3,2,1,2,3,1,1,0,2,2,2,3,0,0,1,0,2,1,1,2,3,2,2
594,1,5,1,2,0,2,1,2,3,0,3,2,4,1,1,2,2,1,2,0,2,2,3,0,5,3,0,2,4,2,2,1,2,3,1,1,6,1,0,1,2,3,0,1,1,2,0,1,1,0,3,1,5,4,2,2,1,1,3,1,3,6,0,3,1,0,1,1,2,2,4,2,1,3,2,1,2,3,1,1,0,2,2,2,3,0,0,1,0,3,1,1,2,3,3,2
595,1,5,1,2,0,2,1,2,3,0,3,2,4,1,1,2,2,1,2,0,2,2,3,0,5,3,0,2,4,2,2,1,2,3,1,1,6,1,0,1,2,3,0,1,1,2,1,1,1,0,3,1,5,4,2,2,1,1,3,1,3,7,0,3,1,0,1,1,2,2,4,2,1,3,2,1,2,3,1,1,0,2,2,2,3,0,0,1,0,3,1,1,2,3,3,2
596,1,5,1,2,0,2,1,2,3,0,3,2,4,1,1,2,2,1,2,0,2,2,3,0,5,3,0,2,4,2,2,1,2,3,1,1,6,1,0,1,2,3,0,1,1,2,1,1,1,0,3,1,5,4,2,2,1,1,3,1,3,7,0,3,1,0,1,1,2,2,4,2,1,3,2,1,2,3,1,1,0,2,2,2,3,0,0,2,0,3,1,1,2,3,3,2
597,1,5,1,2,0,2,1,2,3,0,3,2,4,1,1,2,2,1,2,0,2,2,3,0,5,3,0,2,4,2,2,1,2,3,1,1,6,1,0,1,2,3,0,1,1,2,1,1,1,0,3,1,5,4,2,2,1,2,3,1,3,7,0,3,1,0,1,1,2,3,4,2,1,3,2,1,2,4,1,1,0,2,2,2,3,0,0,2,0,3,1,1,2,3,3,2
598,1,5,1,2,0,2,1,2,3,0,3,2,4,1,1,2,2,1,2,0,2,2,3,0,5,3,0,2,4,2,2,1,2,3,1,1,6,1,0,1,2,3,0,1,1,2,1,1,1,0,3,1,5,4,2,2,1,2,3,1,3,7,0,3,1,0,1,1,2,3,3,2,1,3,2,1,2,4,1,1,0,2,2,2,3,0,0,2,0,4,1,2,2,3,3,2
599,1,5,1,2,0,2,1,2,3,0,3,2,4,1,1,2,2,1,2,0,2,2,3,0,6,3,0,2,4,2,2,1,2,3,1,1,6,1,0,1,2,3,0,1,1,2,1,1,1,0,3,1,6,4,2,2,1,2,3,1,3,7,0,3,1,0,1,1,2,3,3,2,1,3,2,1,2,4,1,1,0,2,2,2,3,0,0,2,0,4,1,2,2,3,3,2
600,1,5,1,2,0,2,1,2,3,0,3,2,4,1,1,2,2,1,2,0,2,2,3,0,6,3,0,2,4,2,2,1,2,3,1,1,6,1,0,1,2,3,0,1,1,2,1,1,1,0,3,1,6,4,2,2,1,2,3,1,3,7,0,3,1,0,1,1,2,3,3,2,1,3,2,1,2,4,2,1,0,2,2,2,3,0,0,2,0,4,1,2,2,3,3,2
601,1,5,1,2,0,2,1,2,3,0,3,2,4,1,1,2,2,1,2,0,2,2,3,0,6,3,0,2,4,2,2,2,2,3,1,1,6,1,0,1,2,3,0,1,1,2,1,1,1,0,3,1,6,4,2,2,1,2,3,1,3,7,0,3,1,0,1,1,2,3,3,2,1,3,2,1,2,4,2,1,0,2,2,2,3,0,0,2,0,4,1,2,2,3,3,2
602,1,5,1,2,0,2,1,2,3,0,3,2,4,1,1,2,2,1,2,0,2,2,3,0,6,3,0,2,4,2,2,2,2,3,1,1,6,1,0,1,2,3,0,1,1,2,1,1,1,0,3,1,7,4,2,2,1,2,3,1,3,7,0,3,1,0,1,1,2,3,3,2,1,3,2,1,2,4,2,1,0,2,2,2,3,0,0,2,0,4,1,2,2,3,3,2
603,1,5,1,2,0,2,1,2,3,0,3,2,4,1,1,2,2,1,2,0,2,2,3,0,6,3,0,2,4,2,2,2,2,3,1,1,6,1,0,2,2,3,0,1,1,2,1,1,1,0,3,1,7,4,2,2,1,2,3,1,3,7,0,3,1,0,1,1,2,3,3,2,1,3,2,1,2,4,2,2,0,2,2,2,3,0,0,2,0,4,1,2,2,3,3,2
604,1,5,1,2,0,2,1,2,3,0,3,2,4,1,1,2,2,1,2,0,2,2,3,0,6,3,0,2,4,2,2,2,2,3,1,1,6,1,0,2,2,3,0,1,1,2,1,1,1,0,3,1,7,4,2,2,1,2,3,1,3,7,0,3,1,0,1,1,2,3,3,2,1,3,2,1,2,4,3,2,0,2,2,2,3,0,0,2,0,4,1,2,2,3,3,2
605,1,5,1,2,0,2,1,2,3,0,3,2,4,1,1,2,2,1,2,0,2,2,3,0,6,3,0,2,4,3,2,2,2,3,1,1,6,1,0,2,2,3,1,1,1,2,1,1,1,0,3,1,7,4,2,2,1,2,3,1,3,8,0,3,1,0,1,1,2,3,3,2,1,3,2,1,2,4,4,2,0,2,2,2,3,0,0,2,0,4,1,2,2,3,3,2
606,1,5,1,2,0,2,1,2,3,0,3,2,4,1,1,2,2,1,2,0,2,2,3,0,7,3,0,2,4,3,2,2,2,3,1,1,6,1,0,2,2,3,1,1,1,2,1,1,1,0,3,1,7,4,2,2,1,2,3,1,3,8,0,3,1,0,1,1,2,3,3,2,1,3,2,2,3,4,4,2,0,2,2,2,3,0,0,2,0,4,1,2,2,3,3,2
607,1,5,1,2,0,2,1,2,3,0,3,2,4,1,1,2,2,2,2,0,2,2,3,0,7,3,0,2,4,3,2,2,2,3,1,1,6,1,0,2,2,3,1,1,1,2,1,1,1,0,3,1,7,4,2,2,1,2,3,1,3,8,0,3,1,0,1,1,2,3,3,2,1,3,2,2,3,4,4,2,0,2,2,2,3,0,0,2,0,4,1,2,2,3,3,2
608,1,5,1,2,0,2,1,2,3,0,3,2,4,1,1,2,2,2,2,0,2,2,4,0,7,3,0,2,4,3,2,2,2,3,1,1,6,1,0,2,2,3,1,1,1,2,1,1,1,0,3,1,7,4,2,2,1,2,3,1,3,8,0,3,1,0,1,1,2,3,3,2,1,3,2,2,3,4,4,2,0,2,2,2,3,0,0,2,0,4,1,2,2,3,3,2
609,1,5,1,2,0,2,1,2,3,0,3,2,4,1,1,2,2,2,2,0,2,2,4,0,7,3,0,2,4,3,2,2,2,3,1,1,6,1,0,2,2,3,1,1,1,2,1,1,2,0,3,1,7,4,2,2,1,2,3,1,3,8,0,3,1,0,1,1,2,3,3,2,1,3,2,2,3,5,4,2,0,2,2,2,3,0,0,2,0,4,1,2,2,3,3,2
610,1,5,1,2,0,2,1,2,4,0,3,2,4,1,1,2,2,2,2,0,2,2,4,0,7,3,0,2,4,3,2,2,2,3,1,1,6,1,0,2,2,3,1,1,1,2,1,1,2,0,3,1,7,5,2,2,1,2,3,1,3,8,0,3,1,0,1,1,2,3,3,2,2,3,2,2,3,5,4,2,0,2,2,3,3,0,0,2,0,4,1,2,2,3,3,2
611,1,5,1,2,0,2,1,2,4,0,3,2,4,1,1,2,2,2,2,0,2,2,4,0,7,3,0,2,4,3,2,2,2,3,1,1,6,1,0,2,2,3,1,1,1,2,1,1,2,0,4,1,7,5,2,2,1,2,3,1,3,8,0,3,1,0,1,1,2,3,3,2,2,3,2,2,3,5,4,2,0,2,2,3,3,0,0,2,0,4,1,2,2,3,3,2
612,1,5,1,2,0,2,1,2,4,0,3,2,4,1,1,2,2,2,2,0,2,2,4,0,7,3,0,2,4,3,2,2,2,3,1,1,6,1,0,2,2,3,1,1,1,2,2,1,2,0,4,1,7,5,2,2,1,2,3,1,3,8,0,3,1,0,1,1,2,3,3,2,2,3,2,2,3,5,4,2,0,2,2,3,3,0,0,2,0,4,1,2,2,3,3,2
613,1,5,1,2,0,2,1,2,4,0,3,2,4,1,1,2,2,2,2,0,2,2,4,0,8,3,0,2,4,3,2,2,2,4,1,1,7,1,0,2,2,3,1,1,1,2,2,1,2,0,4,1,7,5,2,2,1,2,3,1,3,9,0,3,1,0,1,1,2,3,3,2,2,3,2,2,3,5,4,2,0,2,2,3,3,0,0,2,0,4,1,2,2,3,3,2
614,1,5,1,2,0,2,1,2,4,0,3,2,4,1,2,2,2,2,2,0,2,2,4,0,8,3,0,2,4,3,2,2,2,4,1,1,7,1,0,2,2,3,1,1,1,2,2,1,2,0,4,1,7,5,2,2,1,2,3,1,3,9,1,3,1,0,1,1,2,3,3,2,2,3,2,2,3,5,4,2,0,2,2,3,4,0,0,2,0,4,1,2,2,3,3,2
615,1,5,1,2,0,2,1,2,4,0,3,2,4,1,2,2,2,2,2,0,2,2,4,0,8,3,0,2,4,3,2,2,2,4,1,1,7,1,0,2,2,3,1,1,1,2,2,1,2,1,4,1,7,5,2,2,1,2,3,1,3,9,1,3,1,1,1,1,2,3,3,2,2,3,2,2,3,5,4,2,0,2,2,3,4,0,0,2,0,4,1,2,2,3,3,2
616,1,5,1,2,0,2,1,2,4,0,3,2,4,1,2,2,2,2,2,0,2,2,4,0,8,3,0,2,4,3,2,2,2,4,1,1,7,1,0,2,2,3,1,1,1,2,2,1,2,1,4,1,7,5,2,2,1,2,3,1,3,9,1,3,1,1,1,1,2,3,3,2,2,2,3,2,3,5,4,2,0,2,2,3,4,0,0,2,0,5,1,2,2,3,3,2
617,1,5,1,2,0,2,1,2,4,0,3,2,4,1,2,2,2,2,2,0,2,2,4,0,8,3,0,2,4,3,2,2,2,4,1,1,7,2,0,2,2,3,1,1,1,2,2,1,2,1,4,1,6,5,2,2,1,2,3,1,3,9,1,3,1,1,1,1,2,3,3,2,2,2,3,2,3,5,4,2,0,2,2,3,4,0,0,2,0,5,1,2,2,3,3,2
618,1,5,1,2,0,2,1,2,4,0,3,2,4,1,2,3,2,2,2,0,2,2,4,0,8,3,0,2,4,3,2,2,2,4,1,1,7,2,0,2,2,4,2,1,1,2,2,1,2,1,4,1,6,5,2,2,1,2,3,1,3,9,1,3,2,1,1,1,2,3,3,2,2,2,3,2,3,5,4,2,0,2,2,3,4,0,0,2,0,5,1,2,2,3,3,2
619,1,5,1,2,0,2,1,2,4,0,3,2,4,1,2,3,2,2,2,0,2,2,4,0,8,3,0,2,4,3,2,2,2,4,1,1,7,2,0,2,2,4,2,1,1,2,2,1,2,1,4,1,6,5,2,2,1,2,3,1,3,9,1,3,2,1,1,1,2,3,3,2,2,2,3,2,3,5,4,2,0,2,2,3,4,0,0,2,0,5,1,2,2,3,3,2
620,1,5,1,2,0,2,1,2,4,0,3,2,4,1,2,3,2,2,2,0,2,2,4,0,8,3,0,2,4,3,2,2,2,4,1,1,7,2,0,2,2,4,2,1,1,2,2,1,2,0,4,1,6,5,2,2,1,2,3,1,3,9,1,3,2,1,1,1,2,3,3,2,2,2,3,2,3,5,4,2,0,2,2,3,4,0,0,2,0,5,1,2,2,3,3,2
621,1,5,1,2,0,2,1,2,4,0,3,2,5,1,2,3,2,2,2,0,2,2,4,0,8,3,0,2,4,3,2,2,2,4,1,1,8,2,0,2,2,4,2,1,1,2,2,1,2,0,4,1,6,5,2,2,1,2,3,1,3,9,1,3,2,1,1,1,2,3,3,2,2,2,3,2,3,5,4,2,1,2,2,3,4,0,0,2,0,5,1,2,2,3,3,2
622,1,5,1,2,0,2,1,2,4,0,3,2,5,1,2,2,2,2,2,0,2,2,4,0,8,3,0,2,4,3,2,2,2,4,1,1,8,2,0,2,2,4,2,1,1,2,2,2,2,0,4,1,6,6,2,2,1,2,3,1,3,9,1,2,2,1,1,1,2,3,3,2,2,2,3,2,3,5,4,2,1,2,2,3,4,0,0,2,0,5,1,2,2,3,3,2
623,1,5,1,2,0,3,1,2,4,0,3,2,5,1,2,2,2,2,2,0,2,2,4,0,8,3,0,2,4,3,2,2,2,4,1,1,8,2,0,2,2,4,2,1,1,2,2,2,2,0,4,1,6,6,2,2,1,2,3,1,3,9,1,2,2,1,1,1,2,3,3,2,2,2,3,2,3,5,4,2,1,2,2,3,4,0,0,2,0,5,1,2,2,3,3,2
624,1,5,1,2,0,3,1,2,4,0,3,2,5,1,3,2,2,2,2,0,2,2,4,0,10,3,0,2,4,3,2,2,2,4,1,1,8,2,0,2,2,4,2,1,1,2,2,2,2,0,4,1,6,6,2,2,1,2,3,1,3,9,1,2,2,1,1,1,2,3,3,2,2,2,3,2,3,5,4,2,1,2,2,3,4,0,0,2,0,5,1,2,2,3,3,2
625,1,5,1,2,0,3,1,2,4,0,3,2,5,1,3,2,2,2,2,0,2,2,4,0,10,3,0,2,4,3,2,2,2,4,1,1,8,2,0,2,2,4,2,1,1,2,2,2,2,0,4,1,6,6,2,2,1,2,3,1,3,9,1,2,2,1,1,1,2,3,3,2,2,2,3,2,3,5,4,2,1,2,2,3,4,0,0,2,0,5,1,3,2,3,3,2
626,1,5,1,2,0,3,1,2,4,0,3,2,5,1,3,2,2,2,2,0,2,2,4,0,10,3,0,2,4,3,2,2,2,4,1,1,8,2,0,2,2,4,2,1,1,2,2,2,2,0,4,1,6,6,2,2,1,2,3,1,3,9,1,2,2,1,1,1,2,3,3,2,2,2,3,2,3,5,5,2,1,2,3,3,4,0,0,2,0,5,1,3,2,4,3,2
627,1,5,1,2,0,3,1,2,4,0,3,2,5,1,3,2,2,2,2,0,2,2,4,0,11,3,0,2,4,3,2,2,2,4,1,1,8,2,0,2,2,4,2,1,1,2,2,2,2,0,4,1,6,6,2,2,1,2,3,1,3,9,1,2,2,1,1,1,2,3,3,2,2,2,3,2,5,5,5,2,1,3,3,3,4,0,0,2,0,5,1,3,2,4,3,2
628,1,5,1,2,0,3,1,2,4,0,3,2,5,1,3,2,2,2,2,0,2,2,4,0,11,3,0,3,4,3,2,2,2,4,1,1,8,2,0,2,2,4,2,1,1,2,2,2,2,0,4,1,6,6,2,2,1,2,3,1,3,9,1,2,2,1,1,1,2,3,3,2,2,2,3,2,5,5,5,2,1,3,3,3,5,0,0,2,0,5,1,3,2,4,3,2
629,1,5,1,2,0,3,1,2,4,0,3,2,5,1,3,2,2,2,2,0,2,2,4,0,11,3,0,3,4,3,2,2,2,4,1,1,8,2,1,2,2,4,2,1,1,2,2,2,2,0,4,1,6,6,2,2,1,2,3,1,3,9,2,2,2,1,1,1,2,3,3,2,2,2,3,2,5,6,5,2,1,4,3,3,5,0,0,2,0,5,1,3,2,4,3,2
630,1,5,2,2,0,3,1,2,4,0,3,2,5,1,3,2,2,2,2,0,2,2,4,0,11,3,0,3,4,3,2,2,2,4,1,1,8,2,1,2,2,4,2,1,1,2,2,2,2,0,4,1,6,6,2,2,1,2,3,1,3,9,2,2,2,1,2,1,3,3,3,2,2,2,4,2,5,6,5,2,1,4,3,3,5,0,0,2,0,5,1,3,2,4,3,2
631,1,5,2,2,0,3,1,3,4,0,4,2,5,1,3,2,2,2,2,0,2,2,4,0,10,3,0,3,4,3,2,2,2,4,1,1,8,3,1,2,2,5,2,1,1,2,2,2,2,0,4,1,6,6,2,2,1,2,3,1,3,9,1,2,2,1,2,1,3,3,3,2,2,2,4,2,5,6,5,2,1,4,3,3,6,0,0,2,0,5,1,3,2,4,3,2
632,1,5,2,2,0,3,1,3,4,0,4,2,5,1,3,2,2,2,2,0,2,2,4,0,10,3,0,3,4,3,2,2,2,4,1,1,8,3,1,2,2,5,2,1,1,2,2,2,2,0,4,1,6,6,2,2,1,2,3,1,3,9,1,2,2,1,2,1,3,3,3,2,2,2,4,2,5,6,5,2,1,4,3,3,6,0,0,2,0,5,1,3,2,4,4,2
633,1,5,2,2,0,4,1,3,4,0,4,2,5,1,3,2,2,2,2,0,2,2,4,0,10,3,0,3,4,3,2,2,2,4,1,1,8,3,1,2,2,5,2,1,1,2,2,2,2,0,4,1,6,6,2,2,1,2,3,1,3,9,1,2,2,1,2,1,3,3,4,2,2,2,4,2,5,6,5,2,1,4,3,3,6,0,0,2,0,5,1,3,2,4,4,2
634,1,6,2,3,0,4,1,3,4,0,4,2,5,1,3,2,2,2,2,0,2,2,4,0,10,3,0,3,4,3,2,2,2,4,1,1,7,3,1,2,2,5,2,1,1,2,2,2,2,0,4,1,6,7,2,2,1,2,3,1,3,9,1,2,2,1,2,1,3,3,4,2,2,2,4,2,5,6,5,2,1,4,3,3,6,0,0,3,0,5,1,3,2,4,4,2
635,1,6,2,3,0,4,1,3,4,0,4,2,5,1,3,2,2,2,2,0,2,2,4,0,10,3,0,3,4,3,2,2,2,5,1,1,7,3,1,2,2,5,2,1,1,2,2,2,2,0,4,1,7,7,2,2,1,2,3,1,3,9,1,2,2,1,2,1,3,3,4,2,2,2,4,2,5,6,5,2,1,4,3,3,6,0,0,3,0,5,1,3,2,4,4,2
636,1,6,2,4,0,4,1,3,4,0,4,2,6,1,3,2,2,2,2,0,2,2,4,0,10,3,0,3,4,3,2,2,2,5,1,1,7,3,1,2,2,5,2,1,1,2,2,2,2,0,4,1,7,7,2,2,1,2,3,1,3,9,1,2,2,1,2,1,3,3,4,2,2,2,4,2,6,6,5,2,1,4,3,3,6,0,0,3,0,5,1,3,2,4,4,2
637,1,6,2,4,0,4,1,3,4,0,4,2,6,1,3,2,2,2,2,0,2,2,5,0,10,3,0,3,4,3,2,2,2,5,1,1,7,3,1,2,2,5,2,1,1,2,2,2,2,0,5,1,7,7,2,2,1,2,3,1,3,9,1,2,2,1,2,1,3,3,4,2,2,2,4,3,6,6,5,2,1,4,3,3,6,0,0,3,0,5,1,3,2,4,4,2
638,1,5,2,4,0,4,1,3,4,0,5,2,6,1,3,2,2,2,2,0,2,2,5,0,10,3,0,3,4,3,2,2,2,5,1,1,7,3,1,2,2,5,2,1,1,2,2,2,2,0,5,1,7,7,1,2,1,2,3,1,3,9,2,2,2,1,2,1,3,3,4,2,2,2,4,3,6,6,5,2,1,4,3,3,6,0,0,3,0,5,1,3,2,4,4,2
639,1,5,2,4,0,4,1,3,4,0,5,2,6,1,3,2,2,2,2,0,2,2,5,0,10,3,0,3,4,3,2,2,2,5,1,1,7,3,1,2,2,5,2,1,1,2,2,2,2,0,5,1,7,7,1,2,1,2,3,1,3,9,2,2,2,1,2,1,3,3,4,3,2,3,4,3,6,6,5,2,1,4,3,3,6,0,0,3,0,5,1,3,2,4,4,2
640,1,5,2,4,0,4,1,3,4,0,5,2,6,1,3,2,2,2,2,0,2,2,5,0,10,3,0,3,4,4,2,2,2,5,1,1,7,3,1,2,2,5,2,1,1,2,2,2,2,0,5,1,7,7,1,2,1,2,3,1,3,9,2,2,2,1,2,1,3,3,4,3,2,3,4,3,6,6,5,2,1,4,3,3,6,0,0,3,0,5,1,3,2,4,4,2
641,1,5,2,4,0,4,1,3,4,0,5,2,6,1,3,2,2,2,2,0,2,2,5,0,10,3,0,3,4,4,2,2,2,5,2,1,7,3,1,2,2,5,2,1,1,2,2,3,2,0,5,1,7,7,1,2,1,2,3,1,3,9,2,2,2,1,2,1,3,3,4,3,2,3,4,3,7,6,5,2,1,5,3,3,6,0,0,3,0,5,1,3,2,4,4,2
642,1,5,2,4,0,4,1,3,4,0,5,2,6,1,3,2,1,2,2,0,2,3,5,0,10,3,0,3,4,4,2,2,2,5,2,1,7,3,1,2,2,5,2,1,1,2,2,3,2,1,5,1,7,7,1,2,1,2,3,1,3,9,2,2,2,1,2,1,3,3,4,3,2,3,4,3,7,6,5,2,1,6,3,3,6,0,0,3,0,5,1,3,2,4,4,2
643,1,5,2,4,0,5,1,3,4,0,6,2,7,1,3,2,1,2,2,0,2,3,5,0,10,3,0,3,4,4,2,2,2,5,2,1,7,3,1,2,2,5,2,1,1,2,2,3,2,1,5,1,7,7,1,2,1,2,4,2,3,9,2,2,2,1,2,1,3,3,4,3,2,3,4,3,7,6,6,2,1,6,3,3,6,0,0,3,0,5,1,3,2,4,4,2
644,1,5,2,4,0,5,1,3,4,1,6,2,7,1,3,2,1,3,2,0,2,3,5,0,10,3,0,3,4,4,2,2,2,5,2,1,7,3,1,2,2,5,2,1,1,2,2,3,2,1,5,1,7,7,1,2,1,2,4,3,3,9,2,2,2,1,2,1,3,3,4,3,2,3,4,3,7,6,6,2,1,6,3,3,6,0,0,3,0,5,1,3,2,4,4,2
645,1,5,2,4,0,5,1,3,4,1,6,2,7,1,3,2,1,3,2,0,2,3,5,0,12,3,0,3,4,4,2,2,2,5,2,1,7,3,1,2,2,5,2,1,1,2,2,3,2,1,5,1,7,7,1,2,1,2,4,3,3,9,2,2,2,1,2,1,3,3,4,3,2,4,4,3,7,6,6,2,1,6,3,3,6,0,0,3,0,5,1,3,2,4,4,2
646,1,5,2,4,0,5,1,3,4,1,6,2,7,1,3,2,1,3,2,0,2,3,5,0,12,4,0,3,4,4,2,2,2,6,2,1,8,3,1,2,2,5,2,1,1,2,2,3,2,3,5,1,7,7,1,2,1,2,5,3,3,10,2,2,2,1,2,1,3,3,4,3,2,4,4,4,7,6,6,2,1,6,3,3,6,0,0,3,0,5,1,3,2,4,4,2
647,1,5,2,3,0,5,1,3,4,1,6,2,7,1,3,2,1,3,2,0,2,3,5,0,12,4,0,3,4,4,2,3,2,6,2,1,8,3,1,2,2,5,2,1,1,2,2,3,2,3,5,1,7,7,1,2,1,2,5,3,3,10,2,2,2,1,2,1,3,3,4,3,2,4,4,4,7,6,6,2,1,6,3,3,6,0,0,3,0,5,1,3,2,4,4,2
648,1,5,2,3,0,5,1,3,4,1,6,2,7,1,3,2,1,3,2,0,2,3,5,0,12,4,0,3,4,4,2,3,2,6,2,1,9,3,1,2,3,5,3,2,1,2,2,3,2,3,5,1,7,7,1,2,1,2,5,3,3,10,2,2,2,1,2,1,3,3,4,3,2,4,4,4,7,6,6,2,1,6,3,3,6,0,0,3,0,5,2,3,2,4,4,2
649,1,5,2,3,0,5,1,3,4,1,6,2,7,1,3,2,1,3,2,0,2,3,5,0,12,4,0,3,4,4,2,3,2,6,2,1,9,3,1,2,3,5,3,2,1,2,2,3,2,3,5,1,7,8,1,2,1,2,5,3,3,10,2,2,2,1,2,1,3,3,4,3,3,5,4,4,7,6,6,2,1,6,3,3,6,0,0,3,0,5,2,3,2,4,4,2
650,1,4,2,3,0,5,1,3,4,1,6,2,7,1,3,2,1,3,2,0,2,3,5,0,12,4,0,3,4,4,2,3,2,6,2,1,9,3,1,2,3,5,3,2,1,2,2,3,2,3,5,1,7,8,1,2,1,2,5,3,3,10,2,2,2,1,2,1,3,3,4,3,3,5,4,4,7,6,6,2,1,6,3,3,6,0,1,3,0,5,2,3,2,4,4,2
651,1,4,2,3,0,5,1,3,4,1,6,2,7,1,3,2,1,3,2,0,2,3,5,1,12,4,0,3,4,4,2,3,2,6,2,1,9,3,1,2,3,5,3,2,1,2,2,3,2,3,5,1,7,8,1,2,1,2,5,3,3,10,2,3,2,1,2,1,3,3,4,3,3,5,4,4,7,6,6,2,1,6,3,3,6,0,2,3,0,5,2,3,2,4,4,2
652,1,4,2,3,0,5,1,3,4,1,6,2,7,1,3,2,1,3,2,0,2,3,5,1,11,4,0,3,4,4,3,3,2,6,2,1,9,3,1,2,3,5,3,2,1,2,2,3,2,3,5,1,7,8,1,2,2,2,5,3,3,10,2,3,2,1,2,1,3,3,4,3,3,5,4,4,7,6,6,2,1,6,3,3,6,0,2,3,0,5,2,3,2,4,4,2
653,1,4,2,3,0,5,1,3,5,1,6,2,7,1,3,2,1,3,2,0,2,3,5,1,11,4,0,3,4,4,3,3,2,6,2,1,9,3,1,2,3,5,3,2,2,2,2,3,2,3,5,1,7,8,1,2,2,2,5,3,3,10,2,3,2,1,2,1,3,3,4,3,3,5,4,4,7,6,6,2,1,6,3,3,6,0,2,3,0,5,2,3,2,4,4,2
654,1,4,2,3,0,5,1,3,5,1,6,2,7,1,3,2,1,3,2,0,2,3,5,1,11,4,0,3,4,4,3,3,2,6,2,1,9,3,1,2,3,5,3,2,2,2,2,3,2,3,5,1,7,8,1,2,2,2,5,3,3,10,2,3,2,1,2,1,3,3,4,3,3,5,5,4,7,6,7,2,1,6,3,3,6,0,2,3,0,5,2,3,2,4,4,2
655,1,4,2,3,0,5,1,3,5,1,6,2,7,1,3,2,1,3,2,0,2,3,5,1,11,4,0,3,4,4,3,3,2,6,2,1,9,3,1,2,3,5,3,2,2,2,2,3,2,3,5,1,7,8,1,2,2,2,5,3,3,10,2,3,3,1,2,1,3,3,4,3,3,5,5,4,7,6,7,2,1,6,3,3,6,0,2,3,0,5,2,3,2,4,4,2
656,1,4,2,3,0,5,1,3,5,1,6,2,7,1,3,2,1,3,2,0,2,3,5,1,11,4,0,3,4,4,3,3,2,6,2,1,9,4,1,2,3,5,3,2,2,2,2,3,2,3,5,1,7,8,1,2,2,2,5,4,3,10,2,3,3,1,2,2,3,3,4,3,3,5,5,4,7,6,7,2,1,6,3,3,6,0,2,3,0,6,2,3,2,4,4,2
657,1,4,2,3,0,5,1,3,5,1,6,2,7,1,3,2,1,3,2,0,2,3,5,1,11,4,0,3,4,4,3,3,2,6,2,1,9,4,1,2,3,5,3,2,2,2,2,3,2,3,5,1,7,8,1,2,2,2,5,4,3,10,2,3,3,1,2,2,4,3,4,3,3,6,5,4,7,6,7,2,1,6,3,4,6,0,2,3,0,6,2,3,2,4,4,2
658,1,4,2,3,0,5,1,3,5,1,6,2,7,1,3,2,1,3,2,0,2,3,5,1,11,4,0,3,4,4,3,3,2,6,2,1,9,4,1,2,3,5,3,2,2,2,2,3,2,3,5,1,7,8,1,2,2,2,5,4,3,10,2,3,3,1,2,2,4,3,4,3,3,6,5,4,7,6,7,2,1,6,3,4,6,0,2,3,0,6,2,3,2,4,4,2
659,1,4,2,3,0,5,1,4,5,1,6,2,7,1,4,2,1,3,2,0,2,3,5,1,12,4,0,3,4,4,4,3,2,7,2,1,9,4,1,2,3,5,3,2,2,2,2,4,2,3,5,1,7,8,1,2,2,2,5,4,3,10,2,3,3,1,2,2,4,3,4,3,3,7,5,4,7,6,7,2,1,6,3,4,6,0,2,3,0,6,2,3,2,4,4,2
660,1,4,2,4,0,5,1,4,5,1,6,2,7,1,4,2,1,3,2,0,2,3,5,1,12,5,0,4,4,4,4,3,2,7,2,1,10,4,1,2,3,5,3,2,2,2,2,4,2,3,5,1,7,8,1,2,2,2,5,4,3,10,2,3,3,2,2,2,4,3,4,3,3,7,5,4,7,6,7,2,1,6,3,4,6,0,2,3,0,6,2,3,2,4,5,2
661,1,4,2,4,0,5,1,4,5,1,6,2,7,1,4,2,1,3,2,0,2,3,5,1,12,5,0,4,4,4,4,3,2,8,2,1,10,4,1,2,3,5,3,2,2,2,2,4,2,3,5,1,7,8,1,2,2,2,5,4,3,10,2,3,3,2,2,2,4,3,4,4,3,7,5,4,7,6,8,2,1,6,3,4,7,0,2,3,0,6,2,3,2,4,5,2
662,2,4,2,4,0,5,1,4,5,1,6,2,7,1,4,2,1,3,2,0,2,3,5,1,12,5,0,4,4,4,4,3,2,8,2,1,10,4,1,2,3,5,3,2,2,2,2,4,2,3,5,2,7,8,1,2,2,2,5,4,3,10,2,3,3,2,2,2,4,3,4,4,3,7,5,4,7,6,8,2,1,6,3,4,7,0,2,3,0,6,3,4,2,4,5,2
663,2,4,2,4,0,5,1,4,5,1,6,2,7,1,4,2,1,3,2,0,2,3,5,1,12,5,0,4,4,4,4,3,2,8,2,1,10,4,1,2,3,5,3,2,2,2,2,4,2,3,5,2,7,8,1,2,2,2,5,4,3,10,2,3,3,2,2,2,4,3,4,4,3,7,5,4,7,5,8,2,1,6,3,4,8,0,2,3,0,6,3,4,2,4,5,2
664,2,4,2,4,0,5,1,4,5,1,6,2,8,1,4,2,1,3,2,0,2,3,5,1,13,5,0,4,4,4,4,3,2,8,2,1,10,4,1,2,3,5,3,2,2,2,2,4,2,3,5,2,7,8,1,2,2,2,5,4,3,10,3,3,3,2,2,2,4,3,4,4,3,7,5,4,7,5,8,2,1,6,3,4,8,0,2,3,0,6,3,5,2,4,5,2
665,2,4,2,4,0,5,1,4,5,1,6,2,8,1,4,2,1,3,2,0,2,3,5,1,13,5,0,4,4,4,4,3,2,8,2,1,11,5,1,2,3,5,3,2,3,2,2,4,2,3,5,2,7,8,1,2,2,2,5,4,3,10,3,3,3,2,2,2,4,3,4,4,3,7,5,4,7,5,8,2,1,6,3,4,8,0,2,3,0,6,3,5,2,4,5,2
666,2,4,2,4,0,5,1,4,5,1,6,2,8,1,4,2,1,3,2,0,4,3,5,1,13,5,0,4,4,4,4,3,3,8,2,1,11,5,1,2,3,5,3,2,4,2,2,5,2,3,5,2,7,8,1,2,2,2,5,4,3,10,3,3,3,3,2,2,4,3,4,4,3,7,5,5,6,5,8,2,1,6,3,4,8,0,2,3,0,6,3,5,2,4,5,2
667,2,4,2,4,0,5,1,4,5,1,6,2,8,1,4,2,1,3,2,0,4,3,5,1,13,5,0,4,4,4,4,3,3,8,2,2,11,5,1,2,3,5,3,2,4,2,2,5,2,3,5,2,7,8,1,2,2,2,5,4,3,10,3,3,3,3,2,2,5,3,4,4,3,7,5,5,6,5,8,2,1,6,3,4,8,0,2,3,0,6,3,5,2,4,5,2
668,2,4,2,4,0,5,1,4,6,1,6,2,8,1,4,2,1,3,2,0,4,3,5,1,13,5,0,4,5,4,4,3,3,8,2,2,11,5,1,2,3,5,3,2,4,2,2,5,2,3,5,2,7,8,1,2,2,2,5,4,3,10,3,3,3,3,2,2,5,3,4,4,3,7,5,5,6,5,9,2,1,6,3,4,8,0,2,3,0,6,3,5,2,5,5,2
669,2,4,2,5,0,6,1,4,6,1,6,2,8,1,5,2,1,3,2,0,4,3,5,1,13,5,0,4,5,4,4,3,3,8,2,2,11,5,1,2,3,5,3,2,4,2,2,5,2,3,5,2,7,8,1,2,2,2,5,3,3,10,3,3,3,3,2,2,5,3,4,4,3,7,5,5,6,5,9,2,1,6,3,4,8,0,2,3,0,6,3,5,2,5,5,2
670,2,4,2,5,0,6,1,4,6,1,6,2,8,1,5,2,1,3,2,0,4,3,5,1,13,6,0,5,5,4,4,3,3,8,2,2,11,5,1,2,3,5,3,2,4,2,2,5,2,3,5,2,7,8,1,2,2,2,5,3,3,10,3,3,3,3,2,2,5,3,4,4,3,8,6,5,6,5,9,2,1,6,3,4,8,0,2,3,0,6,4,5,2,5,6,2
671,2,4,2,5,0,6,1,4,6,1,6,2,8,1,5,2,1,3,2,0,4,3,5,1,13,6,0,6,5,4,4,3,3,8,2,2,11,5,1,2,3,5,3,2,4,2,2,5,2,3,5,2,7,8,1,2,2,2,5,3,3,10,3,3,3,3,2,2,5,3,4,4,3,8,6,5,6,5,9,2,1,6,3,4,8,0,2,4,0,6,4,6,2,5,6,2
672,2,5,2,5,0,6,1,4,6,1,6,2,8,1,5,2,1,3,2,0,3,3,5,1,13,6,0,6,6,4,4,3,3,8,2,2,11,5,1,2,3,5,3,2,4,2,2,5,2,3,5,2,7,8,1,2,2,2,5,3,3,10,3,3,3,3,2,2,5,3,4,4,3,8,6,5,6,5,9,2,1,6,3,4,8,0,3,4,0,6,4,6,2,5,6,2
673,2,5,2,5,0,6,1,4,6,1,6,2,8,1,5,2,1,3,2,0,3,3,5,1,13,6,0,6,6,4,4,3,3,9,2,2,11,5,1,2,3,5,3,2,4,2,2,5,2,3,5,2,7,8,1,2,1,2,5,3,3,11,3,3,3,3,2,2,5,3,4,4,3,8,6,5,6,5,9,2,1,7,3,4,8,0,3,4,0,6,4,6,2,5,6,2
674,2,5,2,5,0,7,1,4,6,1,6,2,8,1,5,2,1,3,2,0,3,3,5,1,13,6,0,6,6,4,4,3,3,9,2,2,11,6,1,2,3,5,3,2,4,2,2,5,2,3,5,2,7,9,1,2,1,2,5,3,3,11,3,3,3,3,2,2,5,3,4,4,3,8,6,5,6,5,9,3,1,7,3,4,8,0,3,4,0,6,4,7,2,5,7,2
675,2,5,2,5,0,7,1,4,7,1,6,2,8,1,5,2,1,3,2,0,3,3,5,1,13,6,0,6,6,4,4,3,3,9,2,2,11,6,1,3,3,5,3,2,4,2,2,5,2,3,5,2,7,9,1,2,1,2,5,3,3,11,3,3,3,3,2,2,5,3,4,4,3,8,6,5,6,5,9,3,2,7,2,3,8,0,3,4,0,6,4,7,2,5,7,2
676,2,5,2,5,0,7,1,4,7,1,6,2,8,1,5,2,1,3,2,0,3,3,5,1,13,6,0,6,6,4,4,3,3,10,2,2,11,6,1,3,3,5,3,2,4,2,2,5,2,3,5,2,7,9,1,2,1,2,5,3,3,11,3,3,3,3,2,2,5,3,4,4,3,9,6,5,6,6,9,3,2,7,2,3,8,0,3,4,0,6,4,7,2,5,7,2
677,2,5,2,5,0,7,1,4,7,1,6,2,8,1,5,2,1,3,2,0,3,3,5,1,13,6,0,6,6,4,4,3,3,10,2,2,12,6,1,3,3,5,3,2,4,2,2,5,2,3,5,2,7,9,1,2,1,2,5,3,3,11,3,3,3,3,2,2,5,3,4,4,3,9,5,5,6,6,9,3,2,7,2,3,8,0,3,4,0,6,4,7,2,5,7,2
678,2,5,2,5,0,7,1,4,7,1,6,2,8,1,5,2,1,3,2,0,3,4,5,1,13,6,0,6,6,4,4,3,4,9,2,2,12,6,1,3,3,5,3,2,4,2,2,5,2,3,5,2,7,10,1,2,1,2,5,3,3,11,3,3,3,3,2,2,5,3,4,4,3,9,5,5,6,6,9,3,2,7,2,3,8,0,3,4,0,6,4,7,2,6,7,2
679,2,5,2,5,0,7,1,4,8,1,6,2,8,1,5,2,1,3,2,0,3,4,5,1,13,6,0,6,6,4,4,3,4,9,2,2,12,6,1,3,3,5,3,2,4,2,2,5,2,3,5,2,7,11,1,2,1,2,5,3,3,11,3,3,3,3,2,2,5,3,4,4,3,9,5,5,6,6,9,3,2,7,2,3,8,0,3,4,0,6,4,7,2,6,7,2
680,2,5,2,5,0,7,1,4,8,1,6,2,8,1,5,2,1,3,2,0,3,5,5,1,13,6,0,6,6,4,4,3,4,9,2,2,12,5,1,3,3,5,3,2,4,2,2,5,2,3,5,2,8,11,1,2,1,2,6,3,3,11,3,3,3,3,2,2,5,3,4,4,3,9,5,5,6,6,9,3,2,7,2,3,8,0,3,4,0,6,4,7,2,6,7,2
681,2,5,2,5,0,7,1,5,8,1,6,2,8,1,5,2,1,3,2,0,3,5,5,1,13,6,0,6,6,5,4,3,4,9,2,2,12,5,1,3,3,5,3,2,4,2,2,5,2,4,5,2,8,11,1,3,1,2,6,3,3,11,3,3,3,3,2,2,6,3,4,4,3,9,5,5,6,6,9,4,2,7,2,3,8,0,3,4,0,6,4,7,2,6,7,2
682,2,5,2,5,0,7,1,5,8,2,6,2,8,1,5,2,1,3,2,0,3,5,5,1,13,6,0,6,7,5,4,3,4,9,3,2,12,5,1,3,3,5,3,2,4,2,2,5,2,4,5,2,8,11,1,3,1,2,6,3,3,11,3,3,3,3,2,2,6,3,4,4,3,9,5,5,6,6,9,4,2,8,2,3,8,0,3,4,0,6,4,7,2,6,7,2
683,2,5,2,5,0,7,1,5,8,2,7,2,8,1,5,2,1,3,2,0,3,5,5,2,13,6,0,6,7,5,4,3,4,9,3,2,12,5,1,3,3,5,3,2,4,2,2,5,2,4,5,2,8,11,1,3,1,2,6,3,3,11,3,3,3,3,2,2,6,4,4,4,3,9,5,5,6,7,9,4,2,8,2,3,9,0,3,4,0,6,4,7,2,6,7,2
684,2,5,2,5,0,7,1,5,8,2,7,2,8,1,5,2,1,3,2,0,3,5,4,2,13,6,0,6,7,5,4,3,4,9,3,2,12,5,1,3,3,5,3,2,4,2,2,5,2,4,5,2,8,11,1,3,1,2,6,3,3,11,3,3,3,3,2,2,6,5,4,4,3,9,5,5,6,7,9,4,2,8,2,3,9,0,3,4,0,6,4,8,2,6,7,2
685,2,5,2,5,0,7,1,5,8,3,7,2,8,1,5,2,1,3,2,0,3,6,4,2,14,6,0,6,7,5,6,3,4,9,3,2,12,5,1,3,3,5,3,2,4,2,2,5,2,4,5,2,8,11,1,3,1,2,6,3,3,11,3,3,3,3,2,2,6,5,4,4,3,9,5,5,6,7,9,4,2,8,2,3,9,0,3,4,0,6,4,8,2,6,7,2
686,2,5,2,5,0,8,1,5,8,3,7,2,8,1,5,2,1,3,2,0,3,6,4,2,14,6,0,6,7,5,6,3,5,10,3,2,12,5,1,3,3,5,3,2,4,2,2,5,2,4,5,2,8,12,1,3,1,2,6,3,3,12,3,3,3,3,2,2,6,5,4,4,3,9,5,5,6,7,10,4,2,8,2,3,9,0,3,4,0,6,4,8,2,6,7,2
687,2,5,2,5,0,8,1,5,8,3,7,2,8,1,5,2,1,3,2,0,3,6,4,2,15,6,0,6,7,5,6,3,5,10,3,2,12,6,1,3,3,5,4,2,4,2,2,5,2,4,5,2,8,12,1,3,1,2,6,3,3,12,3,3,3,3,2,2,6,5,4,4,3,9,5,5,6,8,10,4,2,8,2,4,9,0,3,4,0,6,4,8,2,6,7,2
688,2,5,2,5,1,8,1,5,8,3,7,2,8,1,5,2,1,3,2,0,3,7,5,2,15,6,0,7,7,5,6,3,5,10,3,2,12,6,1,3,4,5,4,2,4,2,2,5,2,4,5,2,8,12,1,3,1,2,6,3,3,12,3,3,3,3,2,2,6,5,4,4,3,9,5,5,6,8,10,4,2,8,2,4,9,0,3,4,0,6,4,8,2,6,7,2
689,2,5,2,5,1,8,1,5,8,3,7,2,8,1,5,2,1,3,2,0,3,7,5,2,15,6,0,8,7,5,6,3,5,10,3,2,12,6,1,3,4,5,4,2,4,3,2,5,2,4,5,2,8,12,1,3,1,2,6,3,3,12,3,3,3,3,2,2,6,5,4,4,3,9,5,5,6,8,10,4,2,8,2,4,9,0,3,4,0,6,4,8,2,6,7,2
690,2,5,2,5,1,8,1,5,8,3,7,2,8,1,5,2,1,3,2,0,3,7,5,2,15,6,0,8,7,5,6,3,5,11,3,2,12,6,1,3,4,5,4,2,4,3,2,5,2,4,5,3,8,12,1,3,1,2,6,3,3,12,4,3,3,3,2,2,6,5,4,4,3,9,5,5,6,8,10,4,2,8,2,4,9,0,3,4,0,6,4,8,2,6,7,2
691,2,5,2,5,1,8,1,5,8,3,7,2,9,1,5,2,1,3,2,0,3,7,5,2,15,6,0,8,7,5,7,4,5,11,3,2,12,6,1,3,4,5,4,3,5,3,2,5,2,4,5,3,8,12,1,3,1,2,6,3,3,12,4,3,3,3,2,2,6,5,4,4,4,9,5,5,6,8,10,4,2,8,2,4,9,0,3,5,0,6,4,8,2,6,7,2
692,2,5,2,5,1,8,1,5,8,3,7,2,9,1,5,2,1,3,2,0,3,7,5,2,15,6,0,8,7,6,7,4,5,11,3,2,12,6,1,3,4,5,4,3,5,3,2,5,2,4,5,3,9,12,1,3,1,2,6,3,3,12,4,3,3,3,2,2,6,5,4,4,4,9,5,5,6,8,10,4,2,8,2,4,9,0,3,5,0,6,4,8,3,6,7,2
693,2,5,2,6,1,8,1,5,8,3,7,2,9,1,5,2,1,3,2,0,3,6,5,2,15,6,0,8,7,6,7,4,5,11,3,2,12,6,1,3,4,5,4,3,5,3,3,5,2,4,5,4,9,12,1,3,1,2,6,3,3,12,4,3,3,3,2,2,6,5,4,4,4,9,5,5,6,8,10,4,2,8,2,4,9,0,3,5,0,6,4,8,3,6,7,2
694,2,5,2,6,1,8,1,5,8,3,7,2,9,1,5,2,1,3,2,0,3,6,5,2,15,6,0,8,7,6,7,4,5,11,3,2,13,6,1,3,4,5,4,3,5,3,3,5,2,4,5,4,9,12,1,3,1,2,6,3,4,12,4,3,3,3,2,2,6,5,4,4,4,9,5,5,6,8,10,4,2,8,2,4,9,0,3,5,0,6,4,8,3,6,7,2
695,2,5,2,6,1,8,1,5,8,3,7,2,9,1,5,2,1,4,2,0,3,6,5,2,15,6,0,8,7,6,7,4,5,11,3,2,13,6,1,3,4,5,4,3,5,4,3,5,2,4,5,4,9,12,1,3,1,2,6,3,4,12,4,3,3,3,2,2,6,5,4,4,4,9,5,5,7,9,10,4,2,8,2,4,9,0,3,5,0,6,4,8,3,6,7,2
696,2,5,2,6,1,8,1,5,8,3,7,2,9,1,5,2,1,4,2,0,3,6,5,2,15,6,0,8,7,6,7,4,5,11,3,2,13,6,1,3,4,5,4,3,5,4,3,5,2,4,5,5,9,12,1,3,1,2,7,3,4,12,4,3,3,3,2,2,6,5,4,4,4,9,5,5,7,9,10,4,2,8,2,5,9,0,3,5,0,6,4,8,3,7,7,2
697,2,5,2,6,1,8,1,5,8,3,7,2,8,1,5,2,1,4,2,0,3,6,5,2,15,6,0,8,7,7,7,4,5,11,3,2,13,6,1,3,4,5,4,3,5,4,3,5,2,4,5,5,9,12,1,3,1,3,7,3,4,12,4,3,3,3,3,2,6,5,4,4,4,9,5,5,7,9,10,4,2,9,2,5,9,0,3,5,0,6,4,8,3,7,7,2
698,2,5,2,6,1,8,1,5,8,3,7,2,9,1,5,2,1,4,2,0,3,6,5,2,15,6,0,8,7,7,7,4,5,11,3,2,13,6,1,3,4,5,4,3,5,4,3,5,2,4,5,5,9,12,1,3,1,3,7,3,4,12,4,3,3,3,3,2,6,5,4,4,4,9,5,5,7,9,10,4,2,9,2,5,9,0,3,5,0,6,5,8,3,7,7,2
699,2,5,2,6,1,8,1,5,8,3,7,2,9,1,5,2,1,3,2,0,3,6,5,2,15,6,0,8,7,7,7,4,5,11,3,2,13,6,1,3,4,5,4,3,5,4,3,5,2,4,5,5,9,12,1,3,1,3,7,3,4,12,4,3,3,3,3,2,6,5,4,4,4,10,5,6,7,9,11,4,2,9,2,5,9,0,3,5,0,6,5,8,3,7,7,2
700,2,5,2,7,1,9,1,5,8,3,7,2,9,1,5,2,1,3,2,0,3,6,5,2,15,6,0,8,7,7,7,4,5,11,3,2,13,6,1,3,4,5,4,3,5,4,3,5,2,4,5,5,9,12,1,3,1,3,7,3,4,12,4,3,3,3,3,2,6,5,4,4,4,10,5,6,7,9,11,4,2,9,2,6,10,0,3,5,0,6,5,8,4,7,7,2
701,2,5,2,7,1,9,1,5,8,3,7,2,9,1,5,2,1,3,2,0,3,6,5,2,15,6,0,8,7,7,7,4,5,11,3,2,13,6,1,3,4,5,4,3,5,4,3,5,2,4,5,5,9,12,1,3,1,3,7,3,4,12,4,3,3,3,3,2,6,5,4,4,4,10,5,6,7,9,11,4,2,9,2,6,10,0,3,5,0,7,5,9,4,7,7,2
702,2,5,2,7,1,9,1,5,8,3,7,2,9,1,5,2,1,3,2,0,3,6,5,2,15,6,0,8,7,7,7,4,5,11,3,2,13,6,1,3,4,5,4,3,5,4,3,5,2,4,5,6,9,13,1,3,1,3,8,3,4,12,4,3,3,3,3,2,6,5,4,4,4,10,5,6,7,9,11,4,2,9,2,6,10,0,3,5,0,7,5,10,4,7,7,2
703,3,5,2,8,1,9,1,5,8,3,7,2,9,1,5,2,1,3,2,0,3,6,5,3,15,6,0,8,7,7,7,4,5,11,3,2,13,6,1,3,4,5,4,3,5,4,3,5,2,4,5,6,9,13,1,3,1,3,8,3,4,13,4,3,3,3,3,2,6,5,4,4,4,10,5,6,7,9,11,4,2,9,2,6,10,0,3,5,0,7,5,10,4,7,7,2
704,3,5,2,8,1,9,1,5,9,3,7,2,9,1,5,2,1,3,2,0,3,6,5,3,15,6,0,8,7,7,7,4,6,11,3,2,14,6,1,3,4,5,4,3,5,4,3,5,2,4,5,6,9,13,1,3,1,3,8,3,4,13,4,3,3,3,3,2,6,5,4,5,4,10,5,6,7,9,11,4,2,9,1,6,10,0,3,5,0,7,5,10,4,7,7,2
705,3,6,2,8,1,9,1,5,9,4,7,2,9,1,5,2,1,3,4,0,3,6,5,3,15,6,0,8,7,7,7,4,6,11,3,3,14,6,1,3,4,5,4,3,5,4,3,5,2,4,5,6,9,13,1,3,1,3,8,3,4,13,4,3,3,3,3,2,6,5,4,5,4,10,5,6,7,9,11,4,2,9,1,6,10,0,3,5,0,7,5,10,4,7,7,2
706,3,6,2,8,1,9,1,5,9,4,7,2,9,1,5,2,1,3,4,0,3,6,5,3,15,6,0,8,7,7,7,4,6,11,3,3,14,6,1,3,4,6,4,3,5,4,3,5,2,4,5,7,10,13,1,3,1,3,8,3,4,13,4,3,3,2,3,2,7,5,4,5,4,10,5,6,7,9,11,4,2,9,1,6,10,0,3,5,0,7,5,10,4,7,7,2
707,3,6,2,8,1,9,2,5,9,4,7,2,9,2,5,2,1,3,4,0,3,6,4,3,16,6,0,8,7,7,7,4,6,11,4,3,14,6,1,3,4,6,4,3,5,4,3,5,2,4,5,7,10,13,1,3,1,3,8,3,4,13,4,3,3,2,3,2,7,5,4,5,4,10,5,6,7,9,11,4,2,9,1,6,10,0,5,5,0,7,5,10,4,7,7,2
708,3,6,2,8,1,9,2,5,9,4,7,2,9,2,5,2,1,3,4,0,3,6,4,3,16,6,0,7,7,7,7,4,6,11,4,3,14,6,1,3,5,6,4,3,5,4,3,5,2,4,5,7,10,13,1,3,1,3,8,3,4,13,4,3,3,2,3,2,7,5,5,5,4,11,5,6,7,9,11,4,2,9,1,6,10,0,5,5,0,9,5,10,4,7,7,2
709,3,6,2,8,1,9,2,5,9,4,7,2,9,2,5,2,1,3,4,0,3,6,4,3,16,6,0,7,7,7,7,4,6,11,4,3,14,7,1,3,5,6,4,3,5,4,3,5,2,4,5,7,10,13,1,3,1,3,9,3,4,13,4,3,3,2,3,2,7,5,6,5,4,11,5,6,7,9,11,5,2,9,1,6,10,0,5,5,0,9,5,10,4,7,7,2
710,3,6,2,8,1,9,2,5,9,4,7,2,9,2,5,2,1,3,4,0,3,6,4,3,16,6,0,7,7,7,7,4,6,12,4,3,14,7,1,3,5,6,4,3,5,4,3,5,2,4,5,7,10,13,1,3,1,3,9,3,4,13,4,3,3,2,3,2,7,5,6,5,4,11,5,6,7,9,11,5,2,9,1,6,10,0,5,5,0,9,5,10,4,7,7,2
711,3,6,2,8,1,10,2,5,9,4,7,2,9,2,5,2,1,3,4,0,3,6,4,3,16,6,0,7,7,7,7,4,6,12,4,3,14,7,1,3,5,6,4,3,5,4,3,5,2,4,6,7,10,13,1,3,1,3,9,3,3,13,4,3,3,2,3,2,7,5,6,5,4,11,5,6,7,9,11,5,2,9,1,6,11,0,5,5,0,9,5,10,4,7,8,2
712,3,6,1,8,1,9,2,5,9,4,7,2,9,2,5,2,1,3,4,0,3,6,4,3,16,6,0,7,7,8,7,4,6,12,4,3,15,7,1,3,6,6,4,3,5,4,3,5,2,4,6,7,10,13,1,3,1,3,9,4,3,14,4,3,3,2,3,2,7,5,6,5,4,11,5,7,7,10,11,5,2,9,1,6,11,0,5,5,0,9,5,10,4,7,8,3
713,3,6,1,8,1,9,2,5,9,4,7,2,9,2,5,2,1,3,4,0,3,6,4,3,16,6,0,7,7,8,7,4,6,12,4,3,15,7,1,3,6,7,4,3,5,4,3,5,2,4,6,7,10,13,1,3,1,3,9,4,3,14,4,3,3,2,3,2,7,5,6,5,4,11,5,7,7,10,12,5,2,9,1,6,12,0,5,4,0,10,5,10,4,7,8,3
714,3,6,1,8,1,9,2,5,9,4,7,2,9,2,5,2,1,3,4,0,3,6,4,3,16,6,1,7,7,8,7,4,6,12,4,3,15,7,1,3,6,7,4,3,5,4,3,5,2,4,6,8,10,13,1,3,1,3,9,4,3,14,4,3,3,2,3,2,7,5,6,5,4,12,5,7,7,10,12,5,2,9,1,6,12,0,5,4,0,10,5,10,4,7,8,4
715,3,6,1,8,1,9,2,6,9,4,7,3,9,2,5,3,1,4,4,0,3,6,4,3,16,6,1,7,7,8,7,4,6,13,4,3,15,7,1,4,6,7,4,3,5,4,3,5,2,5,6,8,10,13,1,3,1,3,10,5,3,14,4,3,3,2,3,2,7,5,6,5,4,12,5,7,7,10,12,5,2,9,1,6,13,0,5,4,0,11,5,10,4,7,8,5
716,3,6,1,8,1,9,2,6,9,4,7,3,9,2,5,4,1,4,4,0,3,6,4,3,16,6,1,7,7,8,7,4,6,13,4,3,15,7,1,4,6,7,4,3,5,4,3,5,2,5,7,8,10,13,1,3,1,3,10,5,3,14,4,3,3,2,3,2,7,5,6,5,4,12,6,7,7,10,13,5,2,9,1,6,14,0,5,4,0,11,5,10,5,7,8,5
717,3,6,1,8,1,9,2,7,9,4,7,3,9,2,5,4,1,4,4,0,3,6,4,3,16,6,1,7,7,8,7,4,6,13,4,3,15,7,1,4,6,7,4,3,5,5,3,5,2,5,7,9,11,13,1,3,1,3,10,5,3,13,4,3,3,2,3,2,7,5,6,5,4,12,6,7,7,10,13,5,2,9,1,6,14,0,5,4,0,11,5,10,5,7,8,5
718,3,6,1,8,1,9,2,7,9,4,7,3,9,2,5,4,1,4,4,0,3,6,4,3,16,6,1,7,7,8,7,4,6,13,4,3,15,7,1,4,6,7,4,3,4,5,3,5,2,5,7,9,11,14,1,3,1,3,10,5,3,13,4,3,3,3,3,2,7,5,6,5,4,12,6,7,7,10,13,5,2,9,1,6,14,0,5,4,0,11,5,10,5,7,8,5
719,3,6,1,8,1,10,2,7,9,5,7,3,9,2,5,4,1,4,4,0,3,7,4,3,16,6,1,8,7,8,7,4,6,13,4,3,15,7,1,4,6,7,4,3,4,5,3,5,2,5,7,9,11,14,1,3,1,3,10,5,3,13,4,3,3,3,3,2,7,6,6,5,4,12,6,7,7,10,13,5,2,9,1,6,14,0,5,4,0,11,5,10,5,7,8,5
720,3,6,1,8,1,10,2,7,10,5,7,3,9,2,5,4,1,4,4,0,3,7,4,3,16,6,1,8,8,8,7,4,6,13,4,3,15,7,1,4,6,7,4,3,4,5,3,5,2,5,7,9,12,14,1,3,1,3,10,6,3,14,4,3,3,3,3,2,7,6,6,5,4,12,6,7,7,10,13,5,2,9,1,6,14,0,5,4,0,11,5,10,5,7,8,5
721,3,6,1,8,1,10,2,8,10,5,7,3,9,2,5,4,1,4,4,0,3,7,4,3,16,6,1,8,8,8,7,4,6,13,4,3,16,7,2,4,6,7,4,3,4,5,3,5,2,5,7,9,12,14,1,3,1,3,10,6,3,14,4,3,3,3,4,2,7,6,6,5,4,12,6,7,8,10,13,5,2,9,2,6,15,0,5,4,0,11,5,10,5,7,9,5
722,3,6,1,8,2,10,2,8,10,5,7,3,9,2,5,4,1,4,4,0,3,7,4,3,16,6,1,8,8,8,7,4,6,13,4,3,16,8,2,3,6,7,4,3,4,5,3,5,2,5,7,9,12,14,1,3,1,3,10,6,3,14,4,3,3,3,4,2,7,6,6,5,4,12,6,7,8,11,13,5,2,9,2,6,15,0,5,4,0,11,5,10,5,7,9,5
723,3,6,1,8,2,10,2,8,10,5,7,3,9,2,5,4,1,5,4,0,3,7,4,3,16,6,1,8,8,8,7,4,6,13,4,3,16,8,2,3,6,7,4,3,4,5,3,5,2,5,6,9,13,14,1,3,1,3,10,6,3,14,4,3,3,3,4,2,7,6,6,5,4,11,6,7,8,11,13,5,2,9,2,6,15,0,5,4,0,11,5,10,5,7,9,5
724,3,6,1,8,2,10,2,8,10,5,7,3,9,2,5,4,1,5,4,0,3,8,4,3,16,6,1,8,8,8,7,4,6,13,4,3,16,8,2,3,6,7,4,3,4,5,3,5,2,5,6,9,13,14,1,3,1,3,10,6,3,14,4,3,3,3,4,2,7,6,6,5,4,11,6,7,8,11,13,5,2,9,3,6,16,0,5,4,0,11,5,10,5,6,9,6
725,3,6,1,8,2,10,2,8,10,5,7,3,9,2,6,4,1,5,4,0,3,8,4,3,16,6,1,8,8,8,7,4,6,13,4,3,16,8,2,3,6,7,5,3,4,5,3,5,2,5,6,9,13,14,1,3,1,3,10,6,3,15,4,3,3,3,4,3,7,6,6,5,4,11,7,7,8,12,13,5,2,9,3,6,16,0,5,4,0,11,5,10,5,6,9,6
726,3,6,1,8,2,10,2,8,10,5,7,3,9,2,6,4,1,5,4,0,3,8,5,3,16,6,1,8,9,8,7,4,6,13,4,3,16,8,2,3,6,8,6,3,4,5,3,5,2,5,6,9,13,14,1,3,1,3,10,6,3,15,4,3,3,3,4,3,7,6,6,5,4,11,7,7,8,11,13,5,2,9,3,6,16,0,5,4,0,11,5,10,5,6,9,6
727,3,6,1,8,2,10,2,8,10,5,7,3,9,2,6,4,1,5,4,0,3,8,5,3,16,6,1,8,9,8,6,4,6,13,4,3,16,8,2,3,6,8,6,3,4,5,3,5,2,4,6,9,13,14,1,3,1,3,10,6,3,15,4,3,3,3,4,3,7,6,6,5,4,12,7,7,8,11,13,5,2,9,3,7,16,0,5,4,0,11,5,10,5,6,9,6
728,3,6,1,8,2,10,2,8,10,5,7,3,8,2,6,4,1,5,4,0,3,8,5,3,16,6,1,8,9,9,6,4,6,13,4,3,16,8,2,3,6,10,6,3,4,5,3,5,2,4,6,9,14,15,1,3,1,3,10,6,3,15,4,3,3,4,4,3,7,6,6,5,4,12,7,7,8,11,13,5,4,9,3,7,16,0,5,4,0,11,5,10,5,6,10,6
729,3,6,1,8,2,10,2,7,10,5,7,3,8,2,6,4,1,5,4,0,3,8,5,3,16,6,1,8,9,9,6,4,6,14,4,3,16,8,2,3,6,10,6,3,4,5,3,5,2,4,6,9,14,15,1,3,1,3,10,6,3,15,4,3,3,4,4,3,7,6,6,5,4,12,7,7,8,11,13,5,4,9,3,7,16,0,5,4,0,11,5,10,5,6,10,6
730,3,6,2,8,2,10,2,7,10,5,8,3,8,2,6,4,1,5,4,0,3,8,5,3,16,6,1,8,9,9,6,4,6,14,4,3,16,8,2,4,6,10,6,3,4,5,3,5,2,5,7,9,14,15,1,3,1,3,10,6,4,15,4,3,3,4,4,3,7,6,6,5,4,13,7,7,9,11,13,5,4,9,3,7,16,0,5,4,0,11,5,10,5,6,10,6
731,3,6,2,8,2,10,2,7,10,5,8,3,8,2,6,4,1,5,4,0,3,8,5,3,16,6,1,8,9,9,6,4,6,14,4,3,16,8,3,4,6,10,6,3,4,5,3,5,2,5,7,9,14,16,1,3,2,3,10,6,4,15,4,3,4,4,4,3,7,6,6,5,4,13,7,7,9,11,13,5,4,9,3,7,16,0,5,4,0,11,5,10,6,6,10,6
732,3,6,2,8,2,10,2,7,10,5,8,3,8,2,6,4,1,5,4,0,3,8,5,3,16,6,1,8,9,9,6,4,6,14,4,4,16,8,3,4,6,10,6,3,4,5,3,5,2,5,7,9,15,16,1,3,2,3,10,6,4,15,4,3,4,4,4,3,8,6,6,5,4,14,7,7,9,11,13,5,4,9,3,7,16,0,5,4,0,11,5,10,6,6,10,7
733,3,6,2,9,2,10,3,7,10,5,8,3,8,3,6,4,1,5,4,0,3,8,5,3,16,6,1,8,9,9,6,4,6,14,4,4,16,8,3,4,6,10,6,3,4,5,3,5,2,6,7,10,15,16,1,3,2,3,10,6,4,15,4,3,4,4,4,3,8,6,6,5,4,15,7,7,10,11,13,5,4,9,3,7,16,0,5,4,0,11,5,10,6,6,10,7
734,4,6,3,9,2,10,3,7,10,5,8,3,8,3,6,5,1,5,4,0,3,8,5,3,16,6,1,8,9,8,6,4,6,13,4,4,16,9,3,4,6,10,6,3,4,5,3,5,2,6,7,10,15,16,1,3,2,3,11,6,4,16,4,3,4,4,4,3,8,6,6,5,4,15,7,7,10,11,14,5,4,9,3,7,16,0,5,4,0,12,5,10,6,7,10,7
735,4,6,3,9,2,10,3,8,10,5,8,3,8,3,6,5,1,5,4,0,3,8,5,3,16,6,1,8,9,8,6,4,6,13,4,4,16,9,3,4,6,10,6,3,4,5,3,5,2,6,7,11,15,16,1,3,2,3,11,6,4,16,4,3,4,4,4,3,8,6,6,5,4,15,7,7,11,11,14,5,4,9,3,7,17,0,5,4,0,13,5,11,6,7,11,7
736,4,6,3,9,2,10,3,8,10,5,8,3,8,3,6,5,1,5,4,0,3,8,5,3,16,6,1,8,9,8,6,4,7,13,4,4,16,9,3,4,7,10,6,3,4,5,3,5,2,6,7,11,15,16,1,3,2,3,11,6,4,16,4,3,4,4,4,3,8,6,6,5,4,15,8,7,11,11,14,5,4,9,3,7,17,0,5,4,0,13,5,11,6,7,12,7
737,4,6,3,9,2,10,4,8,10,5,8,3,8,3,6,5,1,5,4,0,3,8,5,3,15,6,1,8,9,8,6,4,8,13,4,4,16,9,3,4,7,10,6,3,4,5,3,5,3,6,7,11,15,16,1,3,2,3,11,6,4,16,4,3,5,4,4,3,8,6,6,5,4,16,9,7,11,11,14,5,4,9,3,7,17,0,5,5,0,13,6,11,6,7,12,7
738,4,6,3,9,2,10,4,8,10,5,8,3,8,3,6,5,1,5,4,0,3,8,5,3,15,6,1,8,9,8,6,4,8,13,4,4,16,9,3,4,7,10,6,3,4,5,3,5,4,6,7,11,15,16,1,3,2,3,11,6,4,16,4,4,5,4,4,3,8,6,6,5,4,16,9,7,11,11,14,6,4,9,3,7,17,0,5,5,0,13,6,11,6,7,12,7
739,4,6,3,10,2,10,4,8,10,5,8,3,8,3,6,5,1,5,4,0,3,8,5,3,15,6,1,8,9,8,6,4,8,13,3,4,16,9,3,4,7,12,6,3,4,5,3,5,4,6,7,11,15,16,1,3,2,3,11,6,4,17,4,4,5,4,4,3,8,6,6,5,4,16,9,7,11,11,14,6,4,9,3,7,17,0,5,5,0,13,6,11,6,7,12,7
740,4,6,3,10,2,10,4,8,10,5,8,3,8,3,6,5,1,5,4,0,3,8,5,3,15,6,1,8,9,8,6,4,8,13,3,4,17,9,3,4,7,12,6,3,4,5,3,5,4,6,7,11,15,16,1,3,2,3,11,6,4,17,4,4,5,4,4,3,8,6,6,5,4,16,9,7,11,12,14,6,4,9,3,7,18,0,5,5,0,13,7,11,6,7,12,7
741,4,6,3,10,2,10,4,8,10,5,8,3,8,3,6,5,1,5,4,0,3,8,5,3,15,6,1,8,9,8,6,4,8,13,3,3,17,9,4,4,8,12,6,3,5,5,3,5,4,6,8,11,15,16,1,3,3,3,11,6,4,17,4,4,5,4,4,3,8,6,6,5,4,16,9,7,11,13,14,6,4,9,3,7,18,0,5,5,0,13,7,10,7,7,12,7
742,4,7,3,11,2,10,4,8,10,5,8,3,8,3,6,5,1,5,4,0,3,9,5,3,15,6,1,8,9,9,6,4,8,13,3,3,18,9,4,4,8,12,6,3,5,6,3,5,4,6,9,11,15,16,1,3,3,3,11,6,4,17,4,4,5,4,5,3,8,6,6,5,4,16,10,7,11,13,14,7,4,9,3,7,18,0,5,5,0,13,7,10,7,7,12,7
743,4,7,3,11,2,10,4,8,10,5,8,3,8,3,6,5,1,5,4,0,3,9,5,3,15,6,1,8,9,9,7,4,8,13,3,3,18,9,4,4,8,12,6,3,5,6,3,5,4,6,9,11,15,16,1,3,3,3,11,6,4,17,4,4,5,4,5,3,8,6,6,5,4,16,10,7,11,13,15,8,4,9,3,7,18,0,5,5,0,13,7,10,8,7,12,7
744,4,8,3,11,2,10,4,8,10,6,8,3,8,3,6,5,1,5,4,0,3,9,5,3,15,6,1,8,9,9,7,4,8,13,3,3,18,9,4,4,8,12,6,3,5,6,3,5,4,6,9,11,15,16,2,3,3,3,11,6,4,17,4,4,6,4,5,3,8,6,6,5,4,16,10,7,11,13,15,8,4,9,3,7,17,0,5,5,0,13,7,10,8,8,12,7
745,4,8,3,11,2,10,4,8,10,6,8,3,8,3,6,5,1,5,4,1,3,9,5,3,15,6,1,8,9,9,7,4,8,13,3,3,18,9,4,4,8,12,6,3,5,6,3,5,4,6,9,11,15,16,2,3,3,3,11,6,4,17,4,4,6,4,5,3,8,6,6,5,4,16,10,7,11,13,15,8,4,9,3,7,17,0,5,5,0,13,7,10,8,8,12,7
746,3,8,3,11,2,10,4,8,10,6,8,3,9,3,6,5,1,5,4,1,3,9,5,3,15,6,1,8,9,9,7,4,8,13,3,3,19,9,4,4,8,12,6,3,5,6,3,5,4,6,10,11,15,17,2,3,3,3,11,6,4,17,4,4,6,4,5,3,9,6,7,5,5,16,10,7,11,13,14,8,4,9,3,7,17,0,5,5,0,13,7,10,8,8,12,7
747,3,8,3,11,2,10,4,8,10,6,8,3,9,3,6,5,1,5,4,1,3,9,5,3,15,6,1,8,9,9,7,4,8,13,3,3,19,9,4,4,8,12,6,3,5,6,3,5,4,8,10,11,15,17,2,3,3,3,11,6,4,17,4,4,6,4,5,3,9,6,7,5,5,16,10,7,11,13,14,8,4,9,3,7,17,0,5,5,0,14,7,10,8,8,12,7
748,3,8,3,11,2,10,4,8,10,7,8,3,9,3,6,6,1,5,4,1,3,9,5,3,15,6,1,9,9,9,7,5,8,13,3,3,19,9,4,4,8,12,6,3,5,6,3,5,4,8,10,11,15,17,2,3,3,3,11,7,4,17,4,4,6,4,5,3,9,6,7,5,5,16,11,7,11,13,14,8,4,9,3,7,17,0,5,5,0,14,7,10,8,8,12,7
749,3,8,3,12,2,10,4,8,10,7,8,3,9,2,6,6,1,4,5,1,3,9,5,3,16,7,1,9,9,10,7,5,8,13,3,3,19,9,4,4,8,12,6,3,5,6,3,5,4,8,10,11,15,17,2,3,3,3,11,7,4,18,4,4,6,4,6,3,9,6,7,5,5,16,11,7,11,13,13,8,4,9,3,7,18,0,5,5,0,15,7,10,8,8,13,7
750,3,8,3,12,2,11,4,8,10,7,8,3,9,2,6,6,1,4,5,1,3,9,5,3,16,7,1,10,9,11,7,5,8,13,3,3,19,9,4,4,8,12,6,3,5,6,3,5,4,8,10,11,15,17,2,4,3,3,11,7,4,18,4,4,6,4,7,3,9,6,7,5,5,17,11,7,11,14,13,8,4,9,3,7,18,0,5,5,0,15,7,10,8,8,13,7
751,3,8,3,12,2,11,4,8,11,7,8,3,9,2,6,6,1,4,5,1,3,9,5,3,16,7,1,10,9,11,7,5,8,13,3,3,19,9,4,4,8,12,6,3,5,6,3,5,4,8,10,11,15,17,2,5,3,3,11,7,4,18,4,4,6,4,7,3,10,6,7,5,6,17,11,7,11,14,13,9,4,9,3,7,18,0,5,5,0,15,7,10,8,8,13,8
752,3,8,3,12,2,11,4,8,11,7,8,3,9,2,6,6,1,4,5,1,3,9,6,3,16,7,2,11,9,11,7,5,8,13,3,4,19,9,4,4,8,12,6,3,5,6,3,5,4,8,10,11,15,17,2,5,3,3,11,7,4,18,4,4,6,4,7,3,10,6,7,5,6,17,11,7,11,14,13,9,4,9,3,7,18,0,5,5,0,15,7,10,8,8,14,8
753,3,8,3,12,2,11,4,8,11,7,8,3,9,2,6,6,1,4,5,1,3,9,6,3,16,7,2,11,9,11,7,5,9,13,3,4,19,9,4,4,8,12,6,3,5,6,3,5,4,8,10,11,15,17,2,5,3,3,11,7,4,19,4,4,7,4,7,3,10,6,7,5,6,17,12,7,11,14,13,9,5,9,3,7,18,0,5,6,0,15,7,10,8,8,14,8
754,3,8,3,12,2,11,4,9,11,7,8,3,9,2,6,6,1,4,5,1,3,9,6,3,16,7,2,11,9,11,7,5,9,13,3,4,19,9,4,4,8,12,6,3,5,6,3,5,4,8,10,11,15,17,2,5,3,3,11,7,4,19,4,4,7,4,8,3,10,6,7,6,6,17,12,7,11,14,13,9,5,9,3,7,18,0,5,5,0,15,7,10,8,8,14,8
755,3,8,3,12,2,11,4,9,11,7,8,3,9,2,6,6,1,4,5,1,3,9,6,3,16,7,2,11,9,11,7,5,8,13,3,4,19,9,4,4,8,12,7,4,5,6,3,5,4,8,10,11,15,17,2,5,3,3,11,7,4,19,4,4,7,4,8,3,10,6,7,6,5,17,12,7,11,14,13,9,5,9,3,7,18,0,5,5,0,15,7,10,8,8,14,7
756,3,8,3,12,2,11,4,9,11,7,8,3,9,3,6,6,1,4,5,1,3,9,6,3,17,7,2,11,9,11,7,5,8,14,3,4,19,8,4,4,8,12,7,4,5,6,3,5,4,8,10,11,15,17,2,5,3,3,11,7,4,19,4,4,8,5,8,3,10,6,7,6,5,17,12,7,11,15,13,9,5,9,3,7,18,0,5,5,0,15,7,10,8,8,14,7
757,3,8,3,12,2,12,4,9,11,7,8,3,9,3,6,6,1,4,5,1,3,9,6,3,17,7,2,12,9,11,7,5,8,14,3,4,19,8,4,4,8,12,7,4,5,6,3,5,5,8,10,11,15,17,2,5,3,3,12,7,4,19,4,4,8,6,8,3,10,5,7,6,5,17,12,7,11,15,13,9,5,9,3,7,18,0,5,5,0,15,7,10,8,8,15,7
758,3,9,3,12,2,12,4,9,11,7,8,3,9,3,6,6,1,4,5,1,3,9,6,3,17,7,2,12,9,11,7,5,8,14,3,4,20,8,4,4,8,12,7,4,5,6,4,5,5,8,11,11,15,17,2,5,3,3,12,7,4,19,4,4,8,6,8,3,10,5,7,6,5,17,12,7,11,15,13,9,5,9,3,7,18,0,5,5,0,15,7,11,8,8,15,8
759,3,9,3,12,2,12,4,9,11,7,8,3,9,3,6,6,1,4,5,1,3,9,6,3,18,7,2,12,9,12,7,5,8,14,3,4,20,8,5,4,8,12,7,4,5,6,4,5,5,8,11,11,15,17,2,5,3,3,12,7,4,19,4,4,8,6,8,3,10,5,7,6,5,17,12,7,11,15,13,10,5,9,3,7,18,0,5,5,0,15,8,12,8,8,16,8
760,4,9,3,12,2,12,4,9,11,7,7,3,9,3,6,6,1,4,5,1,3,9,6,3,18,7,2,12,9,12,7,5,8,14,3,4,20,8,5,4,8,12,7,4,5,6,4,5,6,8,11,11,15,17,2,5,3,4,12,7,5,19,4,4,8,6,8,3,10,5,7,7,5,17,12,7,11,15,14,10,5,9,3,7,18,0,5,5,0,15,8,12,8,8,16,8
761,5,10,3,12,2,12,4,9,11,7,7,3,9,3,6,6,1,4,5,1,3,9,6,3,18,7,2,12,9,12,7,5,8,15,3,4,19,8,5,4,8,12,8,4,5,6,4,5,6,8,12,11,15,17,2,5,3,4,12,7,5,19,4,4,8,6,8,3,10,5,7,7,5,17,12,7,11,15,14,10,5,9,3,7,18,0,5,5,0,15,8,12,8,8,16,7
762,5,10,3,12,2,12,4,9,11,7,7,3,9,3,6,6,1,4,5,1,3,9,6,3,18,7,2,13,9,12,7,5,8,15,3,4,19,8,5,4,8,12,9,4,5,6,4,5,6,8,12,11,15,17,2,5,3,4,12,7,5,19,4,4,8,6,8,3,10,5,7,7,5,17,12,7,11,15,14,10,5,9,3,7,18,0,5,5,0,15,8,12,8,8,16,7
763,6,10,3,12,2,12,4,9,11,7,7,3,9,3,6,6,1,4,5,1,3,9,6,3,17,7,2,13,9,12,7,5,7,15,3,4,19,8,5,4,9,12,9,4,5,6,4,5,6,8,12,11,15,17,2,5,3,4,12,7,5,19,4,4,8,6,8,3,10,5,7,7,5,17,13,7,11,15,14,10,5,9,3,7,18,0,5,5,0,15,8,12,8,8,16,7
764,6,10,3,12,2,12,4,9,11,7,7,3,9,3,6,6,1,4,5,1,3,9,6,3,17,7,2,13,9,12,7,5,8,15,3,4,19,8,5,4,9,12,9,4,5,6,4,6,6,8,12,11,15,17,2,5,3,4,12,7,5,19,4,4,8,6,8,3,10,5,7,7,5,17,13,7,11,16,14,10,5,9,3,7,18,0,5,5,0,15,8,12,8,8,16,7
765,6,11,3,12,2,13,4,9,11,7,7,3,9,3,6,6,1,4,5,2,3,9,7,3,17,7,2,13,9,12,7,5,8,15,3,4,19,8,5,4,9,12,9,4,5,6,4,6,6,8,12,11,16,17,2,6,3,4,12,7,5,19,4,4,8,6,8,3,10,5,7,8,5,17,13,7,11,16,15,10,5,9,3,7,18,0,5,5,0,15,8,12,8,8,16,7
766,6,11,3,12,2,13,4,9,12,7,7,3,9,3,6,7,1,4,5,2,3,9,7,3,17,7,2,13,9,12,7,5,8,15,3,4,19,8,5,4,9,12,9,4,5,7,4,6,6,8,12,11,16,17,2,6,3,4,12,7,6,19,4,4,8,6,8,3,10,5,7,8,5,17,14,7,11,16,15,10,5,9,3,7,19,0,5,5,1,16,8,12,8,8,16,7
767,6,11,3,12,2,13,4,9,12,7,8,3,9,3,6,7,1,4,5,2,3,9,7,3,17,7,2,13,9,12,7,5,8,15,3,4,19,8,5,4,9,12,9,4,5,7,4,6,6,8,12,11,16,17,2,6,3,4,12,7,8,19,4,4,8,6,8,3,10,5,7,9,5,17,14,7,12,16,15,10,5,9,3,7,19,0,5,5,1,16,8,12,8,8,16,7
768,6,11,3,12,2,14,4,9,12,7,8,3,9,3,6,7,1,4,5,2,3,9,7,3,17,7,2,14,9,12,7,5,8,15,3,4,19,8,5,4,9,12,9,4,5,8,4,6,6,8,12,11,16,17,2,6,3,4,12,7,8,19,4,4,8,6,8,3,10,5,7,9,5,17,14,7,13,16,15,10,5,9,3,7,19,0,5,5,1,16,8,12,8,8,16,7
769,6,11,3,12,2,14,5,9,12,7,8,3,9,3,6,7,1,4,5,2,3,9,7,4,17,7,2,14,9,12,7,5,8,15,3,4,19,8,5,4,9,12,9,4,5,8,4,6,6,8,12,11,16,17,2,6,3,4,12,7,8,19,5,5,8,6,8,3,10,5,7,9,5,17,14,7,13,16,15,10,5,9,3,7,19,0,5,5,1,16,8,12,8,8,16,7
770,6,11,3,12,2,14,6,9,12,7,8,3,9,3,6,7,1,4,5,2,3,9,8,4,17,7,2,14,9,13,7,5,8,15,3,4,19,8,5,4,9,12,9,4,5,8,4,6,6,8,13,11,17,17,2,6,3,4,12,7,8,19,5,5,8,6,8,3,10,5,7,9,5,17,14,7,14,16,15,10,5,9,3,7,20,0,5,5,1,16,8,12,8,8,16,7
771,6,11,3,12,2,14,6,9,12,7,8,3,9,3,6,7,1,4,5,2,3,9,8,4,17,7,2,14,9,13,8,5,8,16,3,4,19,8,5,4,9,12,9,4,5,8,4,6,6,8,13,11,17,17,2,6,3,4,12,7,8,19,5,5,8,6,8,3,10,5,7,9,5,17,14,7,14,16,15,10,5,9,3,7,19,0,5,5,1,16,8,12,8,8,17,7
772,6,11,3,12,2,14,6,9,12,7,8,3,9,3,6,7,1,4,5,2,3,9,8,5,17,7,2,14,9,13,8,5,8,16,3,4,19,8,5,4,9,12,9,4,4,8,4,6,6,8,13,11,17,17,2,6,3,4,12,7,8,19,5,5,8,6,9,3,10,5,7,9,5,17,14,7,14,16,15,10,5,9,3,7,19,0,5,5,1,16,8,12,8,9,17,8
773,6,11,3,12,2,14,6,9,12,8,8,3,9,3,6,7,1,4,5,2,3,9,8,5,18,7,2,14,8,13,8,5,10,16,3,4,19,8,5,4,9,12,9,4,4,8,4,6,6,8,13,11,17,17,2,6,3,4,12,7,8,20,5,5,8,6,9,3,10,5,7,9,5,17,14,8,14,16,15,10,6,9,3,7,19,0,5,5,2,16,8,12,8,9,17,8
774,6,11,3,12,2,14,6,9,12,8,8,3,10,3,6,7,1,4,5,2,3,9,8,5,18,7,2,14,10,13,8,5,10,16,3,4,19,8,5,4,9,12,9,4,4,8,4,6,6,8,13,11,17,17,3,6,3,4,12,7,8,20,5,5,8,6,9,3,10,5,7,9,5,17,14,8,14,16,15,10,6,9,3,7,20,0,5,5,2,16,8,12,9,9,17,8
775,6,11,3,12,2,14,6,9,12,8,8,3,10,3,6,7,1,4,5,2,3,9,8,5,19,7,2,14,10,13,8,5,10,16,3,4,19,8,5,4,9,12,9,4,4,8,4,6,6,8,13,11,17,17,3,6,3,4,12,7,8,20,6,5,8,6,9,3,10,5,7,9,5,17,14,8,14,16,15,10,6,9,3,7,20,0,5,5,2,17,8,12,9,9,17,8
776,6,11,3,12,2,14,6,9,12,8,8,3,10,3,6,7,1,4,5,2,3,9,8,5,19,7,2,14,10,13,8,5,10,16,3,4,19,8,5,4,9,12,9,4,4,8,4,6,6,8,13,11,17,17,4,6,3,4,12,7,8,21,6,5,8,6,9,3,11,5,7,9,5,18,15,9,14,16,15,10,6,9,3,7,20,0,5,5,2,16,8,12,9,9,17,8
777,6,11,3,13,2,14,6,9,12,8,8,3,10,3,6,7,1,4,5,2,3,9,8,5,19,7,2,14,10,13,8,5,10,16,3,4,19,8,5,4,9,12,9,4,4,8,4,6,6,8,13,11,17,17,4,6,3,4,12,7,8,21,7,5,8,6,9,3,11,5,7,9,5,18,15,9,14,16,15,11,6,9,3,7,20,0,5,5,2,16,8,12,11,9,17,8
778,6,11,3,13,2,14,6,9,12,8,8,3,10,3,6,7,1,5,5,2,3,9,8,5,19,7,2,14,10,13,8,5,11,16,3,4,19,8,5,4,9,12,9,4,4,8,4,6,6,7,13,11,17,17,3,6,3,4,12,7,8,21,8,5,8,6,9,3,11,5,7,9,5,18,15,9,14,16,15,11,6,9,3,7,21,0,5,5,2,16,8,13,11,9,17,8
779,6,11,4,13,2,14,6,9,12,8,8,3,10,3,6,7,1,5,5,2,3,9,8,5,19,7,2,14,10,13,8,5,12,16,3,4,19,8,5,4,9,12,9,4,4,8,4,6,6,8,13,11,17,17,3,6,3,4,12,7,8,21,8,5,8,6,10,3,11,5,7,9,5,18,15,9,14,16,15,11,6,9,3,8,21,0,5,5,2,15,8,13,11,9,17,8
780,6,11,4,13,2,15,6,9,12,8,8,3,10,3,6,7,1,5,5,2,3,9,8,5,19,7,2,14,10,13,8,5,13,16,3,4,19,8,5,4,9,12,9,4,4,8,4,6,6,8,14,11,18,17,3,6,3,4,12,7,8,21,8,5,8,6,10,3,11,5,7,9,5,18,15,9,14,16,15,11,6,9,3,8,21,0,5,5,2,15,8,13,11,9,17,8
781,6,11,4,13,3,15,6,9,13,8,8,3,11,3,6,7,1,5,5,2,3,10,8,5,19,7,2,15,11,13,8,5,13,17,3,4,19,8,6,4,9,13,9,4,5,8,4,6,7,8,15,11,18,17,3,6,3,4,12,7,8,21,8,5,8,6,10,3,11,5,7,9,5,19,15,9,15,16,15,11,6,9,3,8,22,0,5,5,2,15,8,13,11,9,17,8
782,6,11,4,13,3,16,6,9,13,8,9,3,11,3,6,7,1,5,5,2,3,10,8,5,19,7,2,15,11,13,8,5,13,17,3,4,19,8,6,4,9,14,9,4,5,7,4,6,7,8,15,11,19,17,3,6,3,4,12,7,9,21,8,5,8,6,10,3,10,5,7,9,5,19,15,9,15,16,15,11,7,9,3,8,22,0,5,5,2,15,8,13,11,9,17,8
783,6,10,4,13,3,16,6,9,13,8,9,3,11,3,6,7,1,5,5,2,3,10,8,5,20,7,3,15,11,13,8,5,14,17,3,4,19,8,6,4,9,14,9,4,5,8,4,6,7,8,15,11,19,17,3,6,3,4,12,6,9,22,8,5,8,6,10,3,10,5,7,9,5,19,15,9,15,16,15,11,7,9,3,8,22,0,5,5,2,15,8,13,11,9,17,8
784,6,10,4,12,3,15,6,9,13,8,8,3,11,3,6,7,1,5,4,2,3,10,8,5,21,7,3,15,11,13,8,5,14,17,3,4,20,8,6,4,9,14,9,4,5,8,4,6,7,8,15,11,19,17,3,6,3,4,12,6,9,22,8,5,8,6,10,3,10,5,8,9,5,19,15,9,15,16,15,11,7,9,3,8,22,0,5,6,2,15,8,13,11,9,18,8
785,6,10,4,13,3,16,6,9,13,8,9,3,11,3,6,7,1,5,4,2,3,10,8,5,21,7,3,15,11,13,8,5,13,17,3,4,20,8,6,4,9,14,9,4,5,9,4,6,7,8,15,11,19,17,3,6,3,4,11,6,9,23,8,5,8,6,10,3,10,5,8,9,5,19,15,9,15,16,15,11,7,9,3,9,22,0,5,6,2,15,8,13,11,9,19,8
786,6,10,4,13,3,16,6,9,13,8,9,3,11,3,6,7,1,5,4,2,3,10,8,5,21,7,3,15,11,15,8,5,13,17,3,4,20,7,6,4,10,14,9,4,5,9,4,6,7,8,15,11,19,17,3,6,3,4,11,6,9,23,8,5,8,7,10,3,10,5,8,9,5,19,15,9,15,16,15,11,7,9,3,9,22,0,5,6,2,15,8,13,11,9,20,9
787,6,10,5,13,3,16,6,9,13,8,9,3,11,3,7,7,1,5,4,2,3,10,8,5,21,7,3,15,11,15,8,5,13,17,3,4,20,7,6,4,10,14,9,4,5,9,4,7,7,8,16,11,19,17,3,6,3,4,11,6,9,23,8,5,8,7,10,3,10,5,9,9,5,19,15,9,15,16,15,11,7,9,3,9,22,0,5,6,3,15,8,13,11,9,20,9
788,6,10,5,13,3,17,6,9,13,8,10,3,12,3,7,7,1,5,4,2,3,10,9,5,21,7,3,15,12,15,9,5,13,17,3,4,21,7,6,4,10,15,9,4,5,9,4,7,7,8,16,11,19,17,3,6,3,4,11,6,9,23,9,5,8,7,10,3,10,5,9,9,5,19,15,9,17,16,15,11,7,9,3,9,22,0,6,6,3,15,8,13,11,9,20,9
789,6,10,5,13,3,18,6,9,14,9,10,3,14,3,7,7,1,5,4,2,3,11,8,5,22,7,3,15,12,15,9,5,13,17,4,4,21,7,6,4,10,16,9,4,5,9,4,8,7,9,16,12,19,17,3,6,3,4,11,6,9,23,9,6,8,7,10,3,10,5,10,10,5,19,15,9,17,16,15,11,7,9,4,9,22,0,6,6,3,15,8,13,11,9,20,9
790,6,10,5,13,3,18,6,9,14,9,10,3,14,3,7,7,1,5,4,2,3,12,8,5,22,7,3,15,12,15,10,5,13,17,4,4,21,11,6,4,9,16,9,5,5,9,4,8,7,9,16,12,19,17,3,6,3,4,11,6,9,23,9,6,8,7,10,3,10,5,10,10,5,19,15,10,17,16,15,11,7,9,4,9,22,0,6,6,3,15,8,13,11,9,20,9
791,6,10,5,13,3,18,6,9,14,9,10,3,14,3,7,7,1,5,4,2,3,12,8,5,22,7,3,15,12,15,10,5,13,18,4,4,21,11,6,4,9,16,9,5,5,9,4,8,7,9,16,11,19,17,3,6,3,4,11,6,9,23,9,6,8,7,10,3,10,5,10,10,5,19,15,10,17,16,15,11,7,9,4,9,22,0,6,6,3,15,9,13,11,10,20,9
792,6,10,5,13,3,18,6,9,15,9,10,4,14,3,7,7,1,5,4,2,3,12,8,5,22,7,3,15,12,15,10,5,13,18,4,4,21,10,6,4,9,16,9,5,5,9,4,8,7,9,16,11,19,18,3,6,3,4,11,6,9,23,9,6,8,7,10,3,10,5,10,10,5,19,15,10,17,16,15,11,7,9,4,9,22,0,6,6,3,15,9,13,11,10,20,9
793,6,10,5,14,3,18,6,9,15,9,10,4,14,3,7,7,1,5,4,2,3,12,8,5,22,7,3,15,13,15,10,5,13,18,4,4,21,10,6,4,9,16,9,5,5,9,4,8,7,9,16,12,19,18,3,6,4,4,11,6,9,23,9,6,8,7,10,3,11,5,10,10,5,19,15,10,17,16,16,11,7,10,4,9,22,0,6,6,3,16,9,13,11,10,20,9
794,6,10,5,15,3,18,6,9,15,9,10,4,14,3,7,7,1,5,4,2,3,12,8,5,22,7,3,15,14,16,11,5,13,18,4,4,21,10,6,4,9,16,9,5,5,9,4,8,7,9,16,12,19,18,3,6,4,4,11,6,9,23,9,6,8,7,10,3,11,5,11,10,5,19,15,10,17,16,16,11,7,10,4,9,23,0,6,6,3,16,10,13,11,10,20,9
795,6,10,5,15,3,18,6,9,15,9,10,4,14,3,7,7,1,5,4,2,3,12,8,5,22,7,3,15,14,16,11,5,14,18,4,4,21,11,7,4,9,16,9,5,5,9,4,8,7,9,16,12,19,19,3,6,4,4,11,6,9,23,9,6,8,7,10,3,11,5,11,10,5,19,15,10,17,17,16,11,7,11,4,9,25,0,6,6,3,16,10,13,11,10,20,9
796,6,10,5,15,3,18,6,9,15,9,10,4,14,3,7,7,1,5,4,2,3,13,8,5,22,7,3,15,14,16,11,5,14,18,4,4,21,11,7,4,9,16,9,5,5,9,4,8,8,9,16,12,20,19,3,6,4,4,11,6,9,23,9,6,8,7,10,3,11,5,11,10,5,19,15,10,17,17,16,11,7,11,4,9,25,0,6,6,3,16,10,14,12,10,20,9
797,6,10,5,15,3,18,6,9,16,9,10,4,14,3,7,7,1,5,4,2,3,13,8,5,22,7,3,15,14,16,11,5,14,18,4,4,21,12,7,4,9,16,9,5,5,9,4,8,8,9,16,12,20,21,3,6,4,4,11,6,9,23,9,6,8,7,10,3,11,5,11,10,5,19,15,10,17,17,16,11,7,11,4,9,25,0,6,6,3,16,10,14,12,10,20,9
798,6,10,5,15,3,18,6,9,16,9,11,4,15,3,7,7,1,5,4,2,3,13,8,5,22,8,3,15,14,16,12,5,14,19,4,4,21,12,7,4,9,16,9,6,5,9,4,8,8,9,16,12,20,20,3,6,4,4,11,6,9,23,9,6,8,7,10,3,11,6,11,10,5,19,15,10,17,17,16,11,7,11,5,9,25,0,6,6,3,16,10,14,12,10,20,9
799,7,10,5,15,3,18,6,9,16,9,11,4,15,3,7,7,1,5,4,2,3,13,8,5,22,8,3,15,14,16,12,5,14,19,4,4,21,12,7,4,9,17,9,6,5,9,4,8,9,9,16,12,20,20,3,6,4,4,11,6,9,23,9,6,8,8,10,3,12,6,11,10,5,20,15,10,17,17,16,11,7,11,5,10,25,0,6,6,3,16,10,14,12,10,20,9
800,7,10,5,15,3,18,6,9,16,9,11,4,15,3,7,7,1,5,4,2,3,14,8,5,22,8,3,15,14,16,13,5,14,19,4,4,21,12,7,4,9,17,9,6,5,9,4,8,9,9,16,12,20,20,3,6,4,4,11,6,9,24,9,6,8,8,10,3,12,6,11,10,5,20,15,10,17,18,16,12,7,11,5,10,26,0,7,6,3,17,10,14,12,10,20,9
801,8,11,5,15,3,18,6,9,16,9,11,4,15,3,7,7,1,5,4,2,2,14,9,5,22,8,3,15,14,16,13,5,14,19,4,4,21,12,7,4,9,17,9,6,5,9,4,8,10,9,16,12,20,20,3,6,4,4,11,6,9,24,9,6,8,8,11,3,12,6,12,11,5,20,15,10,18,18,16,12,7,11,5,10,26,0,7,6,3,17,10,14,13,10,20,9
802,8,12,5,15,3,18,6,9,16,9,11,4,15,3,7,8,1,6,4,2,2,14,9,5,22,8,3,15,14,16,13,5,16,19,4,4,21,12,8,4,9,18,9,6,5,9,4,8,10,9,16,13,20,21,4,6,4,4,10,6,9,25,9,7,8,8,11,3,12,6,12,11,5,21,15,10,18,18,17,12,7,11,5,10,26,0,7,6,3,17,10,14,14,10,20,9
803,8,12,5,15,3,19,6,9,16,9,11,4,15,3,7,8,1,6,5,2,2,14,10,5,22,8,3,15,14,16,13,5,16,19,4,4,21,12,9,4,9,18,9,6,6,10,4,8,10,10,16,13,20,21,4,6,4,4,10,6,9,25,9,7,8,8,11,3,12,6,12,11,5,21,15,10,18,18,17,12,7,11,5,10,26,0,7,6,3,17,10,14,14,10,20,9
804,8,12,5,15,3,19,6,9,16,9,11,4,15,3,7,8,1,6,5,2,2,14,10,5,22,8,3,15,14,16,13,5,16,18,4,4,21,12,9,4,9,18,9,6,6,10,4,9,11,10,16,13,20,21,4,6,4,4,10,6,9,25,8,7,8,10,11,3,12,6,12,11,5,21,15,10,19,18,17,12,7,11,5,10,26,0,7,6,3,17,10,14,14,10,22,9
805,9,12,5,15,3,22,6,9,16,9,11,4,15,3,7,8,2,6,5,2,2,14,10,5,22,8,3,15,14,16,13,5,16,19,4,4,21,12,9,4,9,18,9,6,6,9,4,9,11,10,16,13,20,21,4,6,4,4,10,6,9,25,8,7,8,10,11,3,12,6,12,11,5,21,15,10,19,19,17,12,7,11,5,10,26,0,7,6,3,17,10,14,14,10,22,9
806,9,12,5,15,3,22,6,9,16,9,11,4,15,3,7,8,2,6,5,2,2,14,10,5,22,8,3,15,14,16,13,5,16,19,4,4,21,12,9,4,9,18,9,6,6,9,4,9,12,10,16,13,20,22,4,6,4,4,10,6,9,25,8,7,7,10,11,3,12,6,12,12,5,22,15,10,19,19,17,12,8,11,5,10,26,0,8,6,3,18,10,14,14,11,22,9
807,9,13,5,15,3,22,6,9,16,9,11,4,16,3,7,8,2,6,5,2,2,14,10,5,22,8,3,15,15,16,13,5,16,19,4,4,21,12,9,4,9,17,9,6,6,9,4,9,12,10,16,13,20,22,4,6,4,4,10,6,9,25,8,6,7,10,11,3,12,6,12,12,5,22,15,10,19,19,17,12,8,11,5,10,26,0,8,6,3,18,10,14,14,11,22,9
808,9,13,5,16,3,22,6,9,16,9,11,4,16,3,7,8,2,6,5,2,3,14,10,5,25,8,3,15,15,16,13,5,16,19,4,4,21,12,9,4,9,17,9,6,6,10,4,9,12,10,16,13,20,22,4,6,4,4,10,6,9,25,8,6,7,10,11,3,12,6,12,12,5,22,15,10,19,20,17,12,8,11,6,10,27,0,8,6,3,18,10,14,14,11,22,9
809,9,13,5,16,3,22,6,9,17,9,11,4,16,3,7,8,2,6,5,2,4,14,10,5,25,8,3,15,15,16,13,5,16,19,4,4,21,12,9,4,9,17,9,6,6,10,4,9,12,10,16,13,21,22,4,6,4,4,10,7,9,25,8,6,7,10,11,3,12,6,12,12,5,22,15,10,19,20,17,13,8,11,6,10,27,0,9,6,3,18,10,14,14,11,22,9
810,9,13,5,16,3,22,6,9,17,9,11,4,16,3,7,8,2,6,5,2,4,14,10,4,25,8,3,16,15,16,13,5,16,19,4,4,22,12,9,4,10,17,9,6,7,10,4,9,12,10,16,15,21,22,4,6,4,4,10,7,9,25,8,6,7,11,11,3,12,6,12,12,5,22,15,10,19,20,17,13,8,11,6,10,27,0,9,6,3,19,10,14,14,11,22,9
811,9,13,5,16,3,22,6,9,17,9,11,4,16,3,7,8,3,6,5,2,4,14,11,5,25,8,3,16,15,16,13,5,17,19,4,4,22,12,9,4,10,17,9,6,7,10,4,9,12,10,17,15,21,23,4,6,4,4,10,7,8,25,8,6,7,11,11,3,12,6,12,12,5,22,15,10,19,21,17,13,8,11,6,10,27,0,9,6,3,19,10,14,14,11,22,9
812,9,13,5,16,2,22,6,10,17,9,11,4,16,3,7,8,3,6,5,2,4,14,11,6,25,8,3,16,15,16,13,5,17,19,4,4,22,12,9,4,10,17,9,7,7,10,4,9,12,10,17,15,21,23,4,6,4,4,10,7,8,25,8,6,7,11,11,3,12,6,12,12,5,22,15,10,19,21,17,13,8,11,7,10,27,0,9,6,3,19,10,14,15,11,22,9
813,10,13,5,17,2,22,6,10,18,9,11,4,17,3,7,8,3,6,5,2,5,14,11,6,26,8,3,16,15,18,13,5,17,19,4,4,22,12,9,4,10,18,9,7,7,10,4,9,13,10,17,15,21,23,4,6,4,4,10,7,8,25,8,6,7,11,11,3,12,6,12,12,5,22,15,10,20,21,17,13,8,11,7,10,27,0,9,6,3,19,10,14,15,11,22,9
814,10,13,6,17,2,22,6,10,18,9,11,4,18,3,7,8,3,6,5,2,5,14,11,6,27,8,3,16,15,18,13,5,17,19,4,4,22,12,9,4,10,18,9,7,7,10,4,9,13,10,17,15,22,23,4,6,4,4,10,7,8,25,8,6,7,11,11,3,12,6,13,12,5,22,15,10,20,21,18,14,8,11,7,10,27,0,9,6,3,19,10,15,15,11,22,9
815,10,13,6,17,2,23,6,10,18,9,11,4,18,3,7,8,3,6,5,2,5,14,11,6,28,8,3,16,15,18,13,5,17,19,4,4,22,12,9,4,10,18,9,7,7,10,4,9,13,10,17,15,22,23,4,6,4,4,10,7,8,25,8,6,7,11,11,3,13,6,13,12,5,22,16,10,19,21,18,14,8,11,7,10,27,0,10,6,3,18,10,16,15,11,22,9
816,11,13,6,17,2,22,6,10,18,10,11,4,18,3,7,8,3,6,5,2,5,15,11,6,28,8,3,17,15,18,13,6,17,19,4,4,23,12,9,4,10,18,10,7,7,10,4,9,13,10,17,15,22,23,4,6,4,4,10,7,8,25,8,6,8,11,11,3,13,6,13,12,5,22,16,10,19,21,18,14,9,11,7,10,27,0,10,6,3,18,10,16,15,11,22,9
817,11,13,6,17,2,22,6,10,18,10,11,4,18,3,7,8,3,6,5,2,5,15,11,6,28,8,3,17,15,18,13,6,17,19,4,4,23,12,9,5,10,18,10,7,7,10,4,9,13,10,17,15,21,23,5,6,4,4,10,8,8,25,8,6,8,11,11,3,14,6,13,12,5,22,16,10,19,23,18,15,9,11,7,11,27,0,10,6,3,18,10,16,15,11,23,9
818,11,13,6,17,2,22,7,10,18,10,11,4,18,3,7,8,3,6,5,2,5,15,11,6,29,9,3,18,15,18,14,6,17,19,4,4,23,12,10,5,10,19,10,7,7,10,4,9,13,10,17,15,21,23,5,6,4,4,10,8,8,25,8,6,8,11,11,3,14,6,13,12,5,22,16,10,19,23,18,15,9,11,6,11,27,0,10,6,3,19,10,17,15,11,23,9
819,11,13,6,17,2,22,8,10,18,10,11,4,18,3,7,8,3,6,5,2,6,15,11,6,29,9,3,18,15,18,14,6,17,19,4,4,23,12,10,5,10,19,10,7,7,10,4,9,13,10,17,15,21,23,5,6,4,4,10,8,8,24,8,6,8,11,11,3,14,6,13,13,5,22,16,10,19,24,18,15,9,11,6,12,27,0,10,6,3,19,10,17,15,11,23,9
820,11,13,6,17,2,22,8,10,18,10,11,4,18,3,7,8,3,6,5,2,6,15,11,6,28,9,3,18,15,18,14,6,17,19,4,4,23,12,10,5,11,20,10,7,7,10,4,9,13,10,17,15,21,23,5,6,4,4,10,8,8,24,9,7,8,12,11,3,14,7,13,13,6,22,16,10,19,24,18,16,9,11,6,13,27,0,10,6,3,19,10,17,15,11,23,9
821,11,13,6,17,2,22,8,11,18,10,11,4,17,3,7,8,3,6,5,2,6,15,11,6,28,9,3,18,15,18,14,6,17,19,4,4,23,12,11,5,11,21,10,7,7,10,4,9,13,10,17,15,21,23,5,6,4,4,10,8,8,24,9,7,8,12,11,3,14,7,13,12,6,22,16,10,19,24,18,16,9,11,6,13,27,0,10,6,3,19,10,17,15,11,23,9
822,11,12,6,17,2,22,8,11,18,10,11,4,17,3,7,8,3,6,5,2,6,15,11,6,28,9,3,18,15,18,14,6,17,19,4,4,23,12,11,5,11,21,10,7,7,10,4,9,14,10,17,15,21,23,5,6,4,4,10,8,8,24,8,7,9,12,11,3,14,7,13,13,6,22,16,10,19,24,18,16,8,11,7,14,27,0,10,6,3,19,10,17,15,11,23,9
823,11,12,6,17,2,22,8,11,18,10,11,4,17,3,7,8,3,6,5,2,6,15,11,6,28,9,3,18,14,18,14,6,17,19,4,4,23,12,11,5,11,21,10,7,7,10,4,9,14,10,17,15,21,23,5,6,3,4,10,8,8,24,8,7,10,12,12,3,14,7,13,13,7,22,16,10,19,24,18,16,8,11,7,14,26,0,10,6,3,20,10,17,16,11,23,9
824,11,12,6,17,2,22,8,11,18,11,11,4,17,3,7,8,3,6,5,2,6,15,11,6,28,9,3,18,14,17,14,6,17,19,4,4,23,12,11,5,11,21,10,7,7,10,4,9,14,10,17,15,21,23,5,6,3,5,10,8,8,24,8,7,10,12,12,3,14,7,13,13,7,22,16,10,20,24,18,16,8,11,8,14,26,0,10,6,3,20,11,17,16,12,23,9
825,11,12,6,17,2,22,8,11,18,12,11,4,17,4,7,8,3,6,5,2,6,15,11,6,28,9,3,18,14,17,14,7,17,19,4,4,23,12,11,5,11,21,10,7,7,10,4,9,14,10,17,15,22,24,5,6,3,5,10,8,8,24,8,7,10,12,12,3,14,7,13,13,7,22,16,10,20,24,18,16,9,11,8,14,26,0,10,6,3,20,11,18,16,12,23,9
826,11,12,6,17,2,22,8,11,18,12,12,4,17,4,7,8,3,6,6,2,6,15,11,6,28,9,3,18,14,17,14,7,17,19,4,4,23,12,11,5,11,21,10,7,7,10,4,9,15,10,17,15,22,24,5,6,3,5,10,8,9,25,8,7,10,12,12,3,13,8,13,13,7,22,16,10,20,24,18,16,9,11,8,14,26,0,10,6,3,20,11,18,17,12,23,9
827,11,12,6,17,2,22,8,10,18,12,12,4,17,4,7,8,3,6,6,2,6,15,11,6,28,9,3,18,15,17,14,7,17,19,4,4,23,13,11,5,11,21,10,7,7,10,4,9,15,10,17,15,22,24,5,6,3,5,10,8,9,25,9,7,10,12,13,3,13,8,13,13,7,23,16,10,20,24,18,16,9,11,8,14,26,0,10,6,3,20,11,18,17,12,23,9
828,11,12,6,17,2,22,8,10,19,12,12,4,17,4,7,9,3,6,6,2,6,15,11,6,28,9,3,18,15,17,14,7,18,19,4,4,24,13,11,5,12,21,10,7,7,11,4,9,15,10,17,15,23,24,5,6,2,5,10,9,9,25,9,7,10,12,13,3,13,8,13,13,7,23,17,10,20,24,18,16,9,11,8,14,24,0,10,6,3,20,11,18,17,12,23,9
829,11,12,6,17,2,22,8,10,19,12,13,4,17,4,7,9,3,6,6,2,6,15,11,5,28,9,3,19,15,17,15,7,19,19,4,4,24,13,11,5,12,21,10,8,7,11,4,9,15,10,17,15,23,24,5,6,2,5,10,9,9,25,9,7,10,12,13,3,13,8,13,13,7,23,17,10,20,24,18,17,10,11,8,14,24,0,10,6,3,21,11,18,17,12,23,9
830,11,12,6,17,2,22,8,11,19,12,13,4,17,4,7,9,3,7,6,2,6,15,11,5,28,9,3,19,15,18,15,7,19,20,4,4,25,14,11,5,12,21,10,8,7,11,4,10,15,10,17,15,23,24,5,6,2,5,10,9,9,26,9,8,10,12,13,3,14,8,13,13,7,24,17,10,21,24,18,17,10,12,8,14,24,0,10,6,3,21,11,18,17,12,23,9
831,11,12,6,17,2,22,8,12,19,12,13,4,17,4,7,8,3,7,6,2,6,14,11,5,28,10,3,19,15,18,15,7,19,20,4,4,25,15,11,5,12,21,10,9,7,11,4,11,15,10,17,16,23,24,5,6,2,5,10,9,9,26,10,8,10,12,13,3,14,9,13,13,7,24,17,10,20,24,18,17,12,12,8,16,24,0,10,6,3,21,11,18,17,12,23,9
832,11,12,6,17,2,22,8,12,20,11,13,4,17,4,7,8,3,7,6,2,6,15,11,5,29,10,3,19,15,18,16,7,19,20,4,4,25,16,11,5,12,21,10,9,7,11,4,11,15,10,17,16,23,24,5,6,2,5,10,9,10,26,10,8,10,12,13,3,14,9,13,13,7,24,17,10,20,24,18,17,12,12,8,16,24,0,10,6,3,21,11,18,17,12,23,9
833,11,12,7,17,2,22,8,12,20,11,13,3,17,4,7,8,3,7,6,3,6,15,11,5,29,10,3,19,15,18,16,7,19,20,4,4,25,16,11,5,12,21,10,9,7,11,4,11,15,10,17,16,23,25,5,7,3,5,10,9,10,26,10,8,10,12,13,3,14,10,13,13,7,25,18,10,20,24,18,17,12,12,9,16,25,0,10,6,3,21,11,19,18,12,23,9
834,11,12,7,17,2,23,8,12,20,11,13,3,18,4,7,8,3,7,6,3,7,16,11,5,29,10,3,19,15,18,16,7,19,20,4,4,26,16,11,5,12,21,9,9,7,11,4,11,15,10,17,16,23,25,5,7,3,5,10,9,10,26,10,8,10,12,13,2,14,10,13,13,8,26,18,10,20,24,18,17,12,13,9,16,25,0,10,6,3,21,11,19,18,12,23,9
835,11,12,7,17,2,22,8,12,20,12,13,3,18,4,7,8,3,7,6,3,7,16,11,5,29,10,3,19,15,18,16,7,20,20,4,4,26,16,11,5,12,21,9,9,7,11,4,12,15,10,17,16,23,25,5,7,3,5,10,9,10,26,10,8,10,12,13,2,14,10,13,13,8,26,18,10,20,24,18,17,12,13,9,16,25,0,10,7,3,21,11,19,18,12,23,9
836,11,12,7,17,2,22,8,12,20,12,13,3,18,4,7,8,3,7,6,3,7,16,11,5,30,11,3,19,15,18,16,7,21,20,4,5,26,16,11,5,12,21,9,9,7,11,4,13,15,10,17,16,23,26,5,7,3,5,10,9,10,26,10,8,10,12,13,2,14,10,13,14,8,27,18,10,21,24,18,17,11,14,9,16,25,0,10,7,3,21,11,19,18,12,24,9
837,11,12,7,17,2,22,8,12,21,12,13,3,18,4,7,8,3,7,7,3,7,16,11,5,30,11,3,19,15,18,16,7,21,20,4,5,26,16,11,5,12,21,9,9,7,11,4,13,16,10,17,16,23,26,6,7,3,5,10,9,10,26,11,8,10,12,13,2,14,10,13,14,9,27,18,10,21,23,18,17,11,14,9,16,25,0,11,7,3,21,11,19,18,12,24,9
838,11,12,6,18,3,22,9,12,21,12,13,3,18,4,7,8,4,7,7,3,7,16,11,5,30,12,3,19,15,18,17,7,21,20,4,5,28,16,11,5,13,22,9,9,7,11,4,13,16,9,17,16,23,26,7,7,3,5,10,8,10,28,11,8,10,12,13,2,14,10,13,15,9,28,18,11,21,23,18,17,11,14,9,16,25,0,11,7,3,21,11,19,18,12,24,9
839,11,12,6,17,3,22,9,12,21,12,13,3,18,4,7,8,4,8,7,3,7,16,11,5,30,12,3,18,15,18,17,7,21,20,4,5,28,16,11,5,14,22,9,9,7,11,4,13,16,10,17,16,23,26,7,7,3,5,10,8,11,28,11,8,11,12,13,2,14,10,13,14,9,28,18,11,21,23,18,17,11,14,9,16,25,0,11,7,3,23,11,19,19,12,24,9
840,11,12,6,17,3,23,9,12,21,12,13,3,18,4,7,8,4,8,7,3,7,17,11,5,30,12,3,18,15,18,17,7,23,20,5,5,28,16,11,5,14,21,9,10,7,11,4,13,16,10,17,17,23,26,7,7,3,5,10,8,11,28,12,8,11,12,13,2,14,11,13,14,9,28,18,11,21,23,18,17,11,14,9,16,25,0,12,7,3,23,11,19,19,12,25,9
841,11,12,6,18,3,23,9,12,21,12,13,3,18,4,7,8,4,8,7,3,7,17,13,5,30,12,2,19,15,18,17,7,23,20,5,6,28,16,11,5,14,21,9,10,7,11,4,13,16,10,17,17,23,26,7,7,3,5,10,8,11,28,12,8,11,12,13,2,14,11,13,14,9,28,18,11,21,23,18,17,11,14,9,17,25,0,12,7,3,23,11,19,19,12,25,9
842,11,12,6,18,3,23,9,12,21,12,14,3,18,4,7,8,4,8,7,3,7,18,13,5,31,12,2,18,14,18,17,7,23,20,5,6,28,16,11,5,14,21,9,10,7,11,4,14,16,10,17,17,23,26,7,7,4,5,10,8,11,28,12,8,10,12,13,2,14,11,13,14,9,29,19,11,21,23,18,17,11,14,9,17,25,0,12,7,3,23,11,19,19,12,25,9
843,11,12,6,18,3,23,10,12,21,12,14,3,18,4,7,9,4,8,7,3,7,18,13,5,31,12,2,18,14,18,17,7,23,20,5,6,28,16,11,5,14,21,9,11,7,11,4,14,17,10,17,17,23,26,7,8,4,5,10,8,11,28,12,8,10,12,13,2,14,11,14,14,9,30,19,11,21,24,18,17,11,14,9,17,25,0,13,7,3,23,11,19,19,12,24,9
844,11,12,6,19,3,25,10,12,21,12,15,3,18,4,7,9,4,8,8,3,7,18,13,5,32,12,2,18,14,18,17,8,23,20,5,6,28,16,11,5,14,22,9,11,7,11,4,14,17,10,17,17,23,26,7,8,4,5,10,8,11,28,12,8,10,12,13,2,14,11,14,14,9,30,19,11,22,24,18,17,11,14,10,17,25,0,13,7,3,23,11,19,19,13,24,9
845,11,12,6,20,3,25,10,12,22,12,15,3,18,4,8,9,4,8,8,3,7,19,13,5,33,12,2,18,14,18,17,8,23,20,5,6,29,16,11,5,14,22,9,11,7,11,5,14,17,10,17,17,24,27,7,8,4,5,10,8,11,28,12,9,10,12,14,1,14,11,14,14,9,30,19,11,22,24,18,17,11,14,10,17,25,0,13,7,3,23,11,19,19,13,24,9
846,11,13,8,21,3,25,10,12,22,12,16,3,18,4,8,9,4,9,9,3,7,20,14,5,32,12,2,18,14,18,17,8,23,20,5,6,29,16,11,5,14,22,11,11,7,11,5,14,17,10,17,17,24,27,7,8,4,5,10,8,11,28,12,9,10,13,14,1,14,11,14,14,9,30,19,11,22,24,18,19,11,14,10,17,25,0,13,7,3,23,11,19,19,13,24,9
847,11,13,8,21,3,24,10,12,22,13,16,3,18,4,8,9,4,9,9,3,7,20,14,5,32,12,2,18,14,18,17,8,23,20,5,6,28,16,11,5,14,23,11,11,7,11,5,14,17,10,17,17,25,27,7,8,4,5,11,8,11,28,12,9,10,13,14,1,14,11,14,14,9,30,19,11,22,24,18,19,11,14,10,17,25,0,13,8,3,23,11,19,19,13,24,9
848,11,13,8,21,3,24,10,12,22,13,16,3,18,4,8,9,4,9,9,3,7,20,14,5,32,12,2,18,14,18,17,7,23,20,5,6,28,16,11,6,14,23,12,11,7,12,5,14,17,10,18,17,25,28,7,8,4,6,11,8,11,28,12,9,10,13,14,2,14,11,14,14,10,30,19,11,22,24,18,19,11,14,10,17,25,0,13,8,3,23,11,19,19,13,24,9
849,11,13,8,21,4,24,10,12,22,13,16,3,18,4,8,9,4,9,9,3,7,20,14,5,32,12,2,18,15,18,18,7,24,20,5,6,28,16,11,6,14,24,12,11,7,12,5,14,17,10,18,18,25,28,7,8,4,6,11,8,11,26,12,9,10,13,14,2,14,11,14,14,10,30,19,11,22,24,17,20,11,16,10,17,25,0,13,8,3,23,11,19,19,13,23,9
850,11,13,8,21,4,24,10,12,22,13,16,3,18,4,8,9,4,9,9,3,7,21,14,5,33,12,2,19,15,19,18,7,26,20,4,6,27,17,11,6,14,24,12,11,7,12,5,14,17,10,18,20,25,28,7,8,4,6,11,8,11,26,12,9,10,13,14,2,15,11,14,14,10,30,19,12,21,24,17,20,11,16,10,17,26,0,13,8,3,23,11,19,19,13,23,10
851,11,13,8,21,4,24,10,12,22,13,16,3,18,4,8,9,4,9,9,3,7,22,14,5,34,12,2,19,15,19,18,7,26,20,4,6,27,17,11,6,14,25,12,11,7,12,5,14,17,10,19,20,25,27,8,8,4,6,11,8,11,25,12,9,10,13,14,2,15,11,14,15,10,31,19,12,20,25,18,20,11,17,10,17,26,0,13,8,3,24,11,19,19,13,23,10
852,11,14,8,21,4,24,10,12,22,13,16,2,18,4,8,9,4,9,9,3,7,22,14,5,33,12,2,19,15,19,18,7,26,20,4,6,27,17,11,6,14,25,12,11,7,12,5,14,17,10,20,20,25,27,8,8,4,6,12,8,11,25,12,9,10,13,14,2,15,11,14,16,10,31,19,12,20,24,18,20,11,18,10,17,26,0,13,8,3,24,11,19,19,13,23,10
853,11,14,8,21,4,24,10,12,22,13,16,2,18,4,8,9,4,9,9,3,7,22,14,5,33,13,2,19,15,19,18,7,27,21,4,6,27,17,11,6,14,25,13,11,7,12,5,14,17,10,20,20,25,27,8,8,4,6,12,8,11,26,12,9,10,13,14,2,15,11,14,16,10,31,19,12,20,24,18,19,11,18,10,17,26,0,13,8,3,24,11,19,19,13,23,10
854,11,14,8,21,4,24,10,12,22,13,16,2,18,4,8,9,4,9,9,3,7,24,14,5,33,13,2,19,15,19,18,7,28,21,4,6,27,17,11,6,14,25,13,11,6,12,5,14,17,10,20,20,26,27,8,8,4,6,12,8,12,26,12,9,10,13,14,2,15,11,14,16,10,31,19,12,20,24,19,19,11,18,10,17,26,0,13,9,3,24,11,19,19,13,23,10
855,11,15,8,21,4,24,10,12,22,13,16,2,18,4,8,10,4,9,9,3,7,24,14,5,33,13,2,19,15,18,18,7,28,22,4,6,27,17,12,6,15,24,13,11,6,12,5,14,17,10,20,20,26,27,8,8,4,6,12,8,12,25,12,9,10,13,14,2,15,11,14,16,10,31,19,12,20,24,19,19,11,19,10,17,27,0,13,9,3,24,11,19,19,13,22,10
856,11,15,8,21,4,25,10,12,22,13,16,2,18,5,8,10,4,9,9,3,7,24,14,5,33,13,2,20,15,18,18,7,28,23,4,6,27,17,12,6,15,24,13,11,6,12,5,14,17,10,20,20,26,27,8,8,4,6,13,8,12,25,12,10,10,13,14,2,15,11,14,16,10,31,19,12,20,24,19,19,12,19,10,17,27,0,13,10,3,24,11,19,19,13,22,10
857,11,15,8,21,4,25,10,12,22,13,16,2,18,5,9,10,4,9,9,3,7,24,14,5,33,13,2,20,15,18,18,7,28,24,4,6,27,17,12,6,15,25,12,11,6,12,5,15,17,10,20,21,26,27,8,8,4,6,13,8,12,25,12,10,10,14,14,2,15,11,14,16,10,31,20,12,20,24,19,19,11,19,10,17,27,0,13,10,3,24,12,19,19,13,22,9
858,11,15,8,21,5,26,10,12,22,13,16,2,18,5,9,10,4,9,9,3,7,24,14,5,33,13,2,21,15,19,18,7,28,25,5,6,27,17,12,6,15,25,12,11,6,12,5,15,17,10,20,21,26,27,9,8,4,7,13,8,12,25,12,10,10,14,14,2,15,11,14,16,10,31,20,12,20,24,19,19,11,19,10,17,27,0,13,10,3,24,12,20,19,13,21,9
859,11,14,8,21,5,26,11,12,22,13,18,2,18,5,9,10,4,9,9,3,7,24,14,5,34,13,2,21,15,19,18,7,28,25,5,6,27,17,12,6,15,25,13,11,6,12,5,15,17,10,20,22,26,27,9,9,4,7,13,8,12,25,12,10,11,14,14,2,15,11,14,16,10,31,20,12,20,24,19,19,11,19,10,17,27,0,13,10,3,24,12,22,20,13,21,9
860,11,14,8,21,5,25,11,12,22,13,18,2,18,5,9,10,5,9,9,3,7,24,14,5,34,13,2,21,15,19,18,8,28,25,5,6,27,17,12,6,15,25,13,11,6,12,5,16,17,10,21,22,26,27,9,9,5,7,13,8,12,25,12,10,11,14,14,2,15,11,14,16,10,32,20,12,20,24,19,19,11,18,10,18,28,0,13,10,3,24,12,22,20,13,21,9
861,11,14,9,21,5,25,11,12,22,13,18,2,19,5,9,9,5,9,9,3,7,24,15,5,34,13,2,21,15,19,18,8,29,25,6,6,27,17,12,6,15,25,13,11,6,12,5,16,17,10,21,22,26,27,10,9,5,7,13,8,12,25,12,10,11,15,14,2,15,11,14,16,10,32,20,12,20,24,19,19,11,18,10,18,28,0,13,10,3,24,12,22,21,14,21,9
862,11,14,9,21,5,25,11,12,21,16,18,2,19,5,9,9,5,8,9,3,7,24,15,5,34,13,2,21,15,19,18,8,29,25,6,6,27,17,12,6,15,25,13,11,6,12,5,16,17,10,21,22,26,27,10,9,5,7,13,8,12,25,12,10,11,15,14,2,15,11,14,16,10,32,20,13,20,25,19,19,11,18,10,18,28,0,13,10,3,24,12,22,21,14,21,9
863,11,14,9,21,5,25,11,12,22,16,18,2,20,5,9,9,5,8,9,3,7,24,15,5,34,13,2,21,15,19,18,8,28,25,6,6,27,17,12,6,15,25,13,11,6,12,5,16,17,10,20,22,26,27,10,9,5,7,13,8,12,25,12,10,11,15,14,2,15,12,14,16,10,32,20,14,20,24,20,19,11,18,10,18,28,0,13,11,3,24,12,22,21,14,21,9
864,11,14,9,21,5,25,11,12,22,17,19,2,20,5,9,9,5,7,9,3,7,24,15,5,34,13,2,21,15,19,18,8,28,25,6,6,29,17,13,6,15,25,13,10,6,12,5,16,17,11,20,23,26,26,10,9,5,7,13,8,12,26,12,10,11,15,14,2,15,12,14,16,10,32,20,14,20,24,20,19,11,18,10,18,28,0,13,10,3,24,12,22,21,14,22,9
865,11,14,9,21,5,25,11,13,22,17,19,3,20,5,9,9,5,7,9,4,7,24,15,5,34,13,2,21,15,19,18,8,28,25,6,6,30,17,13,6,15,25,13,10,6,12,5,16,17,11,20,23,26,26,10,9,5,7,12,8,12,26,12,10,11,15,14,2,16,12,14,16,10,32,21,14,20,24,20,19,11,18,11,18,28,0,13,10,3,24,12,23,21,14,22,9
866,12,14,9,21,5,25,11,13,22,17,19,3,20,5,9,9,5,7,10,4,7,24,15,5,35,13,2,22,15,19,18,8,28,25,7,6,30,17,13,6,15,26,13,10,6,12,5,16,17,11,20,23,27,27,10,9,5,8,12,8,12,26,12,10,11,15,14,2,16,12,14,16,10,32,21,14,20,24,20,20,11,18,11,19,29,0,13,10,3,24,12,23,22,14,22,9
867,12,14,9,21,5,25,11,13,22,17,19,3,20,5,9,9,5,7,10,4,8,25,15,6,35,13,2,22,15,19,18,8,30,25,7,6,30,17,13,6,16,26,13,10,6,13,5,16,17,11,21,23,27,28,10,9,5,8,12,9,12,27,13,10,11,15,14,2,16,12,14,16,10,32,21,14,20,25,20,20,12,18,11,19,29,0,13,10,3,24,12,24,23,14,22,9
868,13,14,10,21,5,25,11,13,22,18,19,3,20,5,8,9,5,7,10,4,8,26,15,6,35,13,2,22,15,19,18,8,30,25,7,6,30,17,13,6,16,26,13,10,6,14,5,16,17,11,22,24,27,28,10,9,5,8,12,9,12,27,13,10,11,15,14,2,16,12,14,17,10,31,21,15,20,25,20,20,12,18,11,19,29,0,13,10,3,24,12,24,23,14,22,9
869,13,14,10,21,5,25,12,13,23,18,19,3,21,5,8,9,5,7,11,4,8,26,15,6,35,12,2,22,15,19,19,8,30,25,7,5,30,17,13,6,16,26,13,10,6,14,5,16,17,11,21,24,27,28,10,8,5,8,12,9,12,27,13,10,11,15,14,2,16,12,14,17,10,31,21,16,20,25,20,21,12,18,11,19,29,0,13,10,3,24,12,24,23,15,22,9
870,13,14,10,21,5,25,12,13,23,19,19,3,21,5,8,9,5,7,11,4,9,26,15,6,35,12,2,22,15,19,19,8,31,25,7,5,30,17,13,6,16,27,13,10,6,14,5,16,17,12,21,24,27,29,10,8,5,8,12,9,12,27,13,10,11,15,14,2,17,12,14,17,10,31,21,16,20,25,20,21,12,18,11,19,29,0,13,10,3,24,12,24,23,15,21,9
871,13,14,10,21,5,25,12,13,23,19,19,3,21,5,8,9,5,7,12,4,8,26,15,6,35,12,2,22,15,19,19,8,32,25,7,5,30,17,13,6,16,27,13,10,6,14,5,16,17,12,21,24,27,29,10,8,4,8,12,9,12,27,13,10,11,16,14,2,17,12,14,17,10,31,21,16,20,25,20,21,12,18,11,19,29,0,13,10,3,25,12,24,23,15,21,9
872,13,13,10,21,4,25,12,13,24,19,19,3,21,5,8,9,5,7,12,4,8,27,15,7,35,12,2,22,15,19,20,8,32,25,7,5,31,17,13,6,16,27,13,10,6,14,5,16,17,12,21,24,27,29,9,8,4,8,12,9,12,27,13,10,11,16,14,2,17,12,14,17,10,31,20,16,20,26,20,21,12,18,12,19,29,0,13,11,3,25,13,24,23,15,21,9
873,13,13,11,21,4,27,12,13,24,19,19,3,22,5,8,9,5,7,12,4,8,27,15,7,35,12,2,22,15,19,20,8,32,25,8,5,31,17,13,6,17,28,13,10,6,14,5,16,17,12,21,24,27,29,9,9,4,8,12,9,12,27,13,10,11,16,14,2,17,12,14,17,10,31,21,16,20,26,20,21,12,18,12,19,29,0,13,11,3,25,13,24,24,15,21,9
874,13,13,12,21,4,28,12,13,24,19,19,3,22,5,8,9,5,7,12,4,8,27,15,7,35,12,2,22,15,19,21,8,32,25,8,5,30,18,13,7,18,29,14,10,6,14,5,16,17,12,21,24,27,29,9,9,4,8,13,9,12,28,13,10,11,16,14,3,17,12,14,17,10,31,21,16,20,26,20,21,12,18,12,19,29,0,13,11,3,26,13,24,24,15,21,9
875,13,13,12,21,4,28,12,13,24,19,19,3,22,5,9,9,5,8,12,4,8,27,15,7,35,12,2,22,15,19,21,8,32,25,8,5,29,19,13,7,18,29,14,10,6,14,5,17,17,12,21,24,27,29,9,9,4,8,13,9,12,28,13,10,11,16,14,3,17,12,14,17,10,32,21,16,20,26,20,21,12,18,12,19,29,0,13,11,3,26,13,25,24,15,21,9
876,13,13,11,21,4,27,13,13,24,19,21,3,22,5,9,9,5,8,12,4,8,27,15,7,36,12,2,22,15,20,21,8,32,25,9,5,30,19,13,7,19,29,14,10,7,14,5,17,17,12,21,24,27,30,10,9,4,8,13,9,12,28,13,11,11,17,14,3,17,12,14,17,10,32,21,16,20,26,20,21,12,18,12,19,29,0,13,11,3,26,13,25,24,15,22,9
877,13,13,11,21,4,27,13,13,24,19,21,3,22,5,9,9,5,8,12,4,8,28,15,7,36,12,2,22,15,20,21,8,33,25,9,5,29,19,13,7,19,29,14,10,7,14,5,17,18,12,23,23,27,31,11,9,4,8,14,9,12,28,13,11,11,17,14,3,17,12,14,17,10,32,21,16,21,26,20,21,12,18,12,18,29,0,13,11,3,27,13,25,24,15,23,9
878,13,13,12,21,4,27,13,13,24,19,21,3,22,5,9,9,5,8,12,4,8,28,15,7,37,12,2,22,15,20,22,9,33,25,10,5,29,18,13,7,19,30,14,10,7,14,5,17,18,12,23,24,27,33,11,9,4,8,14,9,12,28,13,11,11,17,14,3,17,12,14,17,10,32,21,16,21,26,20,22,12,18,12,18,29,0,13,11,3,27,13,25,24,15,23,9
879,13,13,12,21,4,27,13,13,24,19,21,3,22,5,9,9,5,8,13,4,8,28,15,7,37,11,2,22,15,20,22,9,35,25,10,5,29,18,13,7,19,30,14,10,7,14,5,17,18,12,23,24,27,34,12,9,4,8,14,9,12,28,14,11,11,17,14,3,17,12,14,17,10,32,22,16,21,26,21,22,12,18,12,18,30,0,13,11,3,27,14,25,24,15,23,9
880,13,13,12,21,4,28,13,13,24,19,21,3,22,5,9,9,5,8,12,4,9,28,15,7,37,11,2,22,15,20,22,9,35,26,10,5,30,18,13,7,19,30,14,10,7,14,5,17,19,12,23,24,27,34,12,9,4,8,14,9,12,28,14,11,11,17,14,3,17,12,14,18,10,31,22,16,22,27,21,22,12,18,13,18,31,0,13,11,3,27,14,25,24,15,23,9
881,13,13,12,21,4,28,13,12,24,19,21,3,23,5,9,9,5,8,13,4,9,28,15,7,37,12,2,23,16,20,22,10,35,27,10,5,30,18,13,7,19,30,14,10,7,14,5,17,19,12,23,24,27,34,13,9,4,8,14,8,12,30,14,11,10,17,14,3,17,12,14,18,10,31,22,16,22,26,21,22,12,18,13,18,32,0,13,12,3,27,14,25,24,16,23,9
882,13,13,13,21,4,29,13,12,24,19,21,3,23,5,9,10,5,8,13,4,9,28,15,7,37,12,2,23,16,20,22,10,34,27,11,5,30,18,13,7,19,30,14,10,7,14,5,17,19,12,24,24,27,34,13,9,4,8,14,8,12,30,14,11,10,17,14,3,17,12,13,18,11,31,22,16,22,26,21,22,12,18,13,18,32,0,13,12,3,27,14,25,24,16,23,9
883,13,13,13,21,4,29,13,12,24,19,21,3,23,5,9,10,5,9,13,4,9,28,16,7,37,12,2,24,16,20,22,10,35,27,11,5,30,20,13,7,20,30,14,10,7,14,5,17,19,12,24,25,27,35,13,9,4,9,14,8,12,31,14,11,10,17,14,3,17,12,13,18,11,31,22,16,20,26,21,22,12,18,13,18,32,0,13,12,3,27,14,26,24,16,23,9
884,13,13,13,21,4,29,13,12,24,20,21,3,23,5,9,11,5,10,13,4,9,28,16,7,38,13,2,24,16,20,22,11,35,27,11,5,30,20,12,7,20,31,14,10,7,14,5,17,19,12,24,25,27,35,13,9,4,9,14,8,11,31,14,11,11,17,14,3,17,12,13,18,11,31,22,16,20,26,21,22,13,18,13,18,32,0,14,12,3,27,14,26,25,16,23,10
885,13,13,13,21,4,29,13,12,25,20,21,4,23,5,10,12,5,10,13,4,9,28,16,7,38,13,2,24,16,20,22,11,35,28,11,5,30,20,13,7,20,31,14,10,7,14,5,17,19,12,24,25,27,35,13,9,4,9,14,8,11,31,13,11,11,17,14,3,17,12,13,18,11,30,22,16,20,26,21,23,14,18,13,18,32,0,14,12,3,27,14,26,25,16,23,11
886,13,13,13,21,4,30,13,12,24,20,20,4,23,5,10,12,5,10,13,4,9,28,16,7,38,13,2,25,16,20,22,11,36,28,11,5,30,20,13,7,20,30,14,10,7,14,5,17,19,12,24,25,27,35,13,9,4,9,14,8,11,31,13,11,11,17,14,3,17,12,12,18,11,30,23,16,20,26,21,23,14,18,13,18,32,0,14,12,3,27,14,26,25,16,23,11
887,14,13,13,21,4,30,13,12,25,20,20,4,23,5,10,12,5,11,13,4,9,28,16,7,38,13,2,25,16,19,23,11,36,29,11,5,30,20,14,7,20,30,14,10,7,14,5,17,19,12,24,25,27,35,13,9,4,9,14,9,11,32,13,11,12,17,14,3,17,12,12,20,11,30,23,16,20,27,22,24,14,18,13,18,32,0,14,12,3,27,14,26,25,17,23,11
888,14,13,13,22,4,31,13,12,25,20,20,4,23,5,10,12,5,11,13,4,9,28,16,7,38,13,2,25,16,19,23,11,36,29,11,6,30,20,14,7,20,31,14,10,7,14,5,17,19,12,24,25,27,35,13,9,4,9,14,9,11,32,13,11,12,17,14,3,17,12,12,20,11,30,23,16,20,27,22,24,14,18,13,18,32,0,14,12,3,27,15,26,25,17,23,11
889,14,13,13,22,4,31,13,12,26,20,20,4,23,5,11,12,5,11,13,4,9,28,16,7,38,13,2,25,16,20,23,11,37,29,11,6,30,19,14,7,21,31,14,10,7,14,5,17,19,13,25,25,27,35,13,9,4,9,14,8,12,32,13,11,12,19,15,3,17,12,12,21,11,30,23,16,20,26,22,24,14,18,13,18,32,0,14,12,3,27,15,26,25,17,24,11
890,14,13,13,22,4,31,13,12,26,20,20,4,24,5,11,12,6,11,13,4,9,29,16,7,39,13,3,25,16,21,23,11,37,29,11,6,30,19,14,7,22,31,15,11,7,14,5,17,19,13,25,25,27,35,13,9,4,9,14,8,13,32,13,11,12,20,15,3,17,12,12,21,11,30,23,16,20,26,23,24,14,18,14,18,32,0,14,12,3,27,15,26,25,17,24,11
891,14,13,13,24,4,32,13,13,26,20,20,4,24,5,11,12,6,11,13,4,9,29,16,7,39,14,3,25,16,22,23,11,38,29,11,6,30,19,15,7,22,31,15,11,7,14,5,17,19,13,26,25,27,35,13,9,4,9,14,8,13,33,13,11,13,20,15,3,17,12,12,21,11,30,23,15,20,26,24,24,14,18,14,18,32,0,16,12,3,27,17,26,25,17,24,11
892,14,13,13,24,4,32,13,13,26,21,20,4,24,5,11,12,6,11,13,4,9,30,16,7,39,14,3,25,16,22,23,11,38,30,11,6,31,21,15,7,22,31,15,11,7,14,5,17,20,13,26,25,27,35,14,9,4,9,15,8,13,33,13,11,13,21,15,3,18,12,12,22,11,30,23,15,20,26,24,24,14,18,14,18,32,0,15,12,4,27,17,27,25,18,24,11
893,14,13,13,24,4,32,14,13,26,21,20,4,24,5,11,12,6,11,13,4,9,30,16,7,39,14,3,24,17,23,23,11,38,30,11,6,31,21,15,7,22,31,15,11,7,14,5,17,21,13,29,25,27,35,14,9,4,9,15,8,13,33,13,11,13,21,15,3,18,12,13,22,11,31,23,15,20,26,24,24,14,18,15,17,32,0,16,12,4,27,17,27,25,18,24,11
894,14,13,13,23,4,32,14,13,27,21,20,4,24,5,11,12,6,11,13,4,10,30,17,7,39,14,3,25,18,23,24,11,39,31,11,6,31,21,15,8,22,31,15,11,7,14,5,18,21,13,29,25,27,35,14,9,4,9,15,8,13,33,13,11,13,21,16,3,18,12,13,22,13,32,23,15,20,26,24,24,14,20,15,17,32,0,16,12,4,27,17,27,25,18,24,11
895,15,13,13,24,4,32,14,13,26,21,20,4,24,5,11,12,6,11,13,4,10,30,17,7,39,15,3,26,18,23,24,11,40,31,11,6,31,21,15,8,22,31,15,11,7,14,5,18,21,13,29,25,27,35,14,9,4,9,15,8,15,34,13,11,14,21,15,3,18,12,13,22,13,32,23,15,20,26,24,24,14,20,15,17,32,0,16,12,4,27,17,27,25,18,24,11
896,15,13,13,24,4,32,14,13,26,21,20,4,25,5,11,12,6,11,13,4,10,31,17,7,41,15,3,26,18,23,24,11,40,31,11,6,31,21,15,8,23,31,15,11,7,14,5,18,21,13,29,24,27,35,15,9,4,9,15,8,16,34,13,11,14,21,15,3,18,12,13,22,13,32,23,15,20,26,25,24,14,20,15,17,31,0,16,12,4,27,17,27,25,18,24,11
897,15,13,13,24,4,32,15,13,26,22,20,4,25,5,11,12,6,11,13,4,10,31,17,7,41,16,3,26,18,23,24,11,40,31,11,6,31,21,15,8,24,31,15,11,7,14,5,18,21,13,29,25,27,35,15,9,4,9,15,9,16,34,13,11,14,21,15,3,18,12,13,22,13,32,23,15,20,26,25,24,14,20,15,17,31,0,16,12,4,27,17,27,25,18,24,11
898,15,13,13,24,4,32,16,13,26,22,20,4,25,5,11,12,6,11,13,5,10,31,17,7,41,16,3,27,18,23,24,11,40,31,11,6,31,21,15,8,24,31,15,11,7,14,5,18,22,13,29,25,28,35,14,9,4,9,16,9,16,34,13,11,14,21,15,3,18,12,13,23,13,32,23,15,20,26,25,24,14,20,15,17,32,0,16,13,4,27,17,27,25,18,24,11
899,15,13,13,25,4,32,16,13,26,22,20,4,26,5,11,12,6,12,13,5,10,31,17,7,41,17,3,27,18,23,24,12,41,31,11,6,32,22,15,8,24,31,16,12,7,14,5,18,22,13,29,25,28,35,14,9,4,9,16,9,16,34,13,11,14,21,15,3,18,12,13,23,13,33,24,15,21,26,25,24,14,21,15,17,32,0,18,13,4,28,17,27,25,18,24,11
900,15,13,13,25,4,33,16,13,26,22,20,4,26,5,11,12,6,12,13,5,10,31,17,7,42,17,3,27,18,24,24,12,41,31,11,6,32,22,15,8,24,31,16,12,7,14,5,18,22,13,29,25,28,34,14,9,4,9,16,9,15,34,13,11,14,21,15,3,18,12,13,24,13,33,24,15,21,26,26,24,14,21,15,17,32,0,18,13,4,29,17,28,25,18,24,11
901,15,13,13,25,4,33,16,13,26,22,20,4,26,5,11,12,6,12,13,5,10,31,17,7,41,17,3,27,19,24,24,12,41,31,12,6,32,22,15,8,24,31,16,12,7,14,5,18,22,13,29,25,28,34,14,9,4,9,16,9,15,36,14,11,15,21,15,3,21,12,13,24,13,33,24,15,21,25,27,24,14,21,15,18,32,0,18,13,4,29,17,28,25,18,24,11
902,15,13,13,26,4,33,16,13,26,22,20,4,27,5,11,14,6,12,13,5,10,30,17,7,40,17,3,27,19,24,24,13,41,31,12,6,35,22,16,8,24,31,16,12,7,14,5,19,22,13,29,25,29,34,14,9,4,9,16,9,15,36,14,11,15,21,14,3,22,12,13,24,13,33,25,15,21,25,27,24,14,21,15,18,33,0,19,13,4,29,17,29,25,18,24,11
903,15,13,13,26,4,33,15,13,26,22,21,4,27,5,11,14,6,13,13,6,11,29,17,7,40,17,3,28,19,24,24,13,41,31,12,6,36,22,16,9,25,31,18,12,7,14,5,19,22,13,29,25,28,34,14,9,4,9,15,9,15,36,14,11,15,22,14,3,22,12,13,24,13,33,25,15,21,26,27,24,14,21,15,18,33,0,19,13,4,29,17,29,25,18,24,11
904,15,14,13,26,4,34,15,13,26,22,21,4,27,5,12,14,6,13,13,6,11,29,17,7,40,17,4,28,19,24,25,14,41,31,12,6,36,22,16,9,25,31,18,12,7,14,6,19,22,13,29,25,28,34,15,9,5,9,15,9,15,36,14,11,15,22,14,3,22,12,13,24,13,34,26,15,21,26,27,25,15,21,15,18,33,0,19,13,4,29,17,29,25,18,25,11
905,15,14,13,26,4,34,15,13,25,22,21,5,27,5,12,14,6,14,13,6,13,29,17,7,40,17,5,28,21,24,25,14,41,31,12,6,36,23,16,9,25,31,18,12,7,14,6,19,22,13,29,25,29,34,15,9,5,9,15,9,15,37,14,11,15,23,14,3,22,12,13,24,13,34,26,15,21,26,27,25,15,22,15,18,33,0,19,13,4,28,17,30,25,18,25,11
906,15,16,13,26,4,34,15,13,26,21,21,5,27,5,12,14,6,14,13,6,13,29,17,7,40,18,5,28,21,24,25,14,41,32,12,6,36,23,16,9,25,32,18,12,8,14,6,19,23,13,29,25,29,35,16,9,5,9,15,9,15,37,14,11,15,23,14,3,22,12,13,24,13,34,26,15,21,26,27,25,15,22,15,18,32,0,19,14,4,28,17,30,25,18,25,11
907,16,16,13,27,4,34,15,13,28,21,21,5,28,5,12,14,6,14,13,6,13,29,17,7,40,18,5,28,21,24,25,14,41,31,12,6,36,23,16,9,25,32,18,12,8,14,6,19,23,13,29,24,29,35,16,9,5,9,15,9,15,37,14,11,15,23,14,3,22,12,13,24,13,34,27,15,21,26,27,25,15,21,15,19,32,0,19,14,5,27,17,30,25,18,26,11
908,16,16,13,27,4,34,15,14,28,21,21,5,28,5,12,14,6,15,13,6,13,30,17,7,40,18,5,28,21,24,25,15,41,31,12,6,36,23,16,9,25,32,18,13,8,15,6,19,24,13,29,23,29,35,16,9,5,9,15,9,15,38,14,12,15,23,14,3,22,12,13,24,13,35,28,15,21,26,27,25,15,21,15,19,32,0,19,14,5,26,17,30,25,18,26,12
909,16,17,13,28,4,34,15,14,28,21,21,5,28,5,13,14,6,15,13,6,13,31,17,7,40,18,5,29,20,25,25,15,41,32,12,6,36,23,16,9,25,32,18,13,8,16,6,19,24,13,29,23,29,36,16,9,4,9,15,9,15,38,14,12,15,23,14,3,22,12,13,25,13,35,28,15,21,26,27,25,15,21,15,20,32,0,19,14,5,26,17,30,25,18,27,12
910,16,17,13,28,4,35,15,14,28,21,21,5,28,5,13,14,6,15,13,6,14,31,17,7,41,18,5,29,20,26,25,15,41,32,12,6,36,23,16,9,25,31,18,13,8,16,6,19,24,13,29,23,30,36,16,9,4,9,15,9,16,41,14,12,16,23,14,3,23,12,13,25,13,35,28,15,21,26,28,25,15,21,15,20,32,0,19,14,5,26,17,30,26,18,27,12
911,16,17,13,28,4,35,15,14,28,21,21,5,28,6,13,14,6,15,13,6,14,32,17,7,41,18,5,29,19,26,25,15,41,32,12,6,36,23,16,9,26,31,19,13,8,16,6,19,24,13,29,24,30,37,16,9,4,9,16,9,15,43,14,12,16,23,14,3,23,12,13,25,13,35,28,15,21,26,29,25,15,21,15,20,32,0,19,14,5,25,17,30,26,18,27,12
912,16,17,13,28,4,35,16,14,29,21,21,5,28,6,13,14,6,15,13,6,14,32,17,7,41,18,5,29,19,26,25,15,42,32,12,6,36,23,16,10,26,31,19,13,8,17,6,19,24,13,29,24,30,37,16,9,4,9,16,9,16,43,14,12,17,23,14,3,23,12,13,25,13,35,28,15,21,26,29,25,15,21,16,20,32,0,19,14,5,25,17,30,26,18,27,12
913,16,17,14,27,4,35,16,14,29,22,20,5,28,6,13,14,6,15,13,6,14,32,18,8,41,18,5,30,20,26,25,15,42,32,12,6,36,23,16,10,26,31,19,13,8,18,6,19,24,14,29,24,30,37,16,9,4,9,17,9,17,43,14,12,17,23,14,3,23,12,13,26,13,35,28,15,22,27,29,25,15,21,16,20,32,0,19,14,5,25,17,30,26,18,27,12
914,18,18,15,27,4,36,16,15,29,22,20,5,28,6,13,14,6,15,14,6,14,32,19,8,42,19,5,30,20,26,25,15,42,33,12,6,36,23,16,10,26,31,20,13,8,18,6,20,24,14,29,25,30,37,16,9,4,9,17,9,17,43,14,12,17,24,14,3,23,12,13,26,13,35,28,15,22,27,29,25,15,21,16,20,32,0,19,14,5,26,17,30,27,18,28,12
915,19,18,15,27,4,36,16,16,29,22,20,5,28,6,13,14,6,15,14,6,14,33,19,8,42,19,5,30,20,28,25,15,42,33,13,6,37,23,17,10,27,31,20,13,8,19,6,20,24,14,30,25,30,37,16,9,4,9,17,9,16,45,14,12,17,24,14,3,23,12,13,26,13,35,27,15,23,28,29,25,15,21,16,20,32,0,19,14,5,25,17,30,27,18,28,11
916,19,18,15,27,4,37,16,16,28,22,20,5,29,6,13,14,6,15,14,6,14,33,19,8,43,19,5,30,20,28,25,16,42,33,13,6,37,23,17,10,28,34,21,13,8,19,6,20,24,14,30,25,30,37,16,9,4,9,17,9,16,46,15,12,17,24,14,3,22,12,14,26,13,35,27,15,23,28,28,25,15,21,16,20,32,0,19,13,5,25,17,30,27,18,28,11
917,20,19,15,27,4,37,16,17,28,22,21,5,29,6,13,14,6,15,14,6,14,33,19,8,43,19,5,31,20,28,25,16,42,33,13,6,37,23,17,10,29,35,21,13,8,19,6,20,24,14,32,25,30,38,16,9,4,9,17,9,16,46,15,13,17,24,14,3,22,12,14,26,13,35,27,15,23,28,29,25,15,21,16,20,32,0,19,13,5,26,17,30,27,18,28,11
918,20,19,15,27,4,38,16,17,28,22,21,6,29,6,13,14,6,15,14,6,14,32,19,8,42,19,5,31,20,28,25,15,42,33,13,6,37,22,17,10,29,36,21,13,8,19,6,20,24,14,32,25,31,39,16,9,4,9,17,9,16,47,15,13,17,24,14,3,22,12,14,27,13,35,27,15,23,28,30,25,15,22,16,21,32,0,19,13,5,26,17,29,28,18,28,11
919,21,19,15,29,4,38,16,17,28,22,21,6,30,6,13,13,7,15,14,6,14,32,19,9,43,19,5,31,20,28,25,15,41,34,13,6,37,22,17,11,29,36,21,13,8,19,6,21,25,14,32,25,31,39,16,9,4,9,17,9,16,48,15,13,17,24,14,3,22,12,15,26,13,35,27,15,23,28,30,25,15,22,16,21,32,0,19,13,5,26,17,29,29,18,28,11
920,21,19,15,29,4,38,16,17,29,22,22,6,30,6,14,13,7,15,14,6,14,32,19,9,43,17,5,31,20,28,24,15,41,35,13,6,38,22,17,11,28,36,20,13,8,20,6,21,25,14,32,25,31,41,16,10,4,9,17,9,16,49,16,13,18,24,14,3,24,12,15,26,13,37,27,15,23,28,30,25,15,22,16,21,32,0,19,14,5,27,16,30,29,18,28,11
921,21,19,15,30,4,39,16,17,29,22,22,6,30,7,15,14,7,15,14,6,14,32,19,9,43,18,5,31,20,28,24,15,41,34,13,6,38,22,17,11,29,36,20,13,8,20,6,21,25,14,32,26,31,42,16,10,4,9,18,9,16,49,16,13,18,25,14,3,24,12,15,26,13,38,28,15,23,28,30,25,15,21,15,21,33,0,20,14,6,27,17,30,29,18,28,11
922,21,19,15,30,5,39,16,17,30,22,22,6,31,7,15,14,7,15,15,6,14,32,19,9,43,18,5,31,20,27,24,15,40,34,14,6,38,22,18,11,29,36,20,13,8,20,5,21,25,14,33,26,31,42,16,10,4,9,18,9,17,50,16,13,19,26,14,3,24,12,15,26,13,38,28,15,23,28,31,25,16,21,16,21,33,0,20,14,6,27,17,30,29,18,28,11
923,22,20,15,30,5,39,15,17,31,23,22,6,32,7,15,14,8,16,15,6,14,31,19,9,43,18,5,31,21,27,24,15,40,33,14,6,38,22,19,11,29,37,20,13,8,20,5,21,26,14,33,26,31,42,16,10,4,9,17,9,17,51,16,13,19,26,15,3,24,13,15,27,13,39,28,15,22,28,32,25,16,21,16,21,33,0,21,14,6,27,18,30,29,18,29,11
924,22,20,15,30,5,39,15,17,31,23,22,7,32,7,15,14,8,16,15,6,14,31,20,9,43,18,5,31,21,27,24,15,40,33,14,6,38,22,19,11,29,37,20,13,8,20,5,21,26,14,34,26,31,42,16,10,4,10,17,9,18,51,16,13,20,26,15,3,25,13,15,27,13,38,28,15,22,28,33,26,16,21,16,21,33,0,21,14,6,27,19,30,29,18,29,11
925,22,21,15,30,5,39,15,17,31,23,22,7,32,7,16,15,8,16,15,7,15,31,20,9,43,18,4,32,21,27,25,15,40,33,14,6,38,22,19,11,29,38,20,13,8,20,5,21,26,14,34,27,30,42,16,10,4,10,17,9,17,51,16,13,20,26,15,3,26,13,15,27,13,38,28,15,22,28,34,27,16,21,17,22,33,0,22,14,6,27,19,30,29,18,29,12
926,22,21,15,30,5,39,15,17,31,23,22,7,32,7,16,16,8,16,15,7,15,33,20,9,44,18,4,32,23,27,25,15,40,33,14,6,40,22,19,11,29,38,20,13,8,20,5,21,26,14,34,26,30,42,16,10,4,10,18,9,17,52,16,13,20,26,16,3,26,13,15,28,13,38,29,15,22,28,34,27,16,21,17,22,33,0,22,14,6,27,19,30,29,19,29,12
927,22,21,15,30,5,38,15,17,31,23,22,7,32,7,16,17,8,16,15,7,15,33,20,9,44,18,4,32,23,26,24,15,40,33,14,7,40,22,19,11,29,38,20,14,8,20,5,21,26,14,34,26,30,42,16,10,4,10,19,9,17,52,16,13,20,26,16,3,27,13,15,28,13,38,29,15,22,28,34,27,16,21,17,22,33,0,22,14,6,27,19,30,29,19,29,12
928,23,21,15,30,5,38,15,17,31,23,22,7,32,8,16,17,8,16,15,7,15,33,20,9,45,18,4,32,23,26,24,15,41,33,14,7,40,22,19,11,29,38,20,14,8,20,5,21,26,14,34,26,31,42,16,9,4,10,19,8,17,52,16,13,21,26,16,3,27,14,15,28,13,38,29,15,22,28,34,27,16,21,17,22,34,0,22,14,6,27,19,30,29,19,29,12
929,23,21,15,30,5,38,15,17,31,23,22,7,32,8,16,17,8,16,15,7,15,33,20,9,45,18,4,32,23,26,24,15,41,34,14,7,40,22,19,11,29,37,20,14,9,20,5,21,26,14,34,27,32,42,16,9,4,10,19,8,17,52,16,14,21,28,16,3,26,14,15,27,13,39,29,15,22,30,34,27,16,22,17,23,34,0,22,14,6,27,19,30,30,19,29,12
930,23,22,16,30,5,38,15,17,31,23,22,7,32,8,16,17,8,16,15,7,15,33,20,9,46,18,4,31,23,26,25,15,41,34,14,7,40,22,19,11,29,37,20,15,9,20,5,22,26,14,34,28,34,42,16,10,4,10,19,8,17,52,16,14,21,28,16,3,26,14,15,27,13,38,29,15,22,30,35,27,17,22,17,23,34,0,22,14,7,27,19,30,30,19,29,12
931,23,22,16,30,5,38,15,17,31,23,22,7,32,8,16,17,8,16,15,7,15,33,21,9,45,18,4,31,23,26,25,15,41,34,14,7,40,21,19,11,29,37,20,15,9,20,5,22,26,14,33,28,34,42,16,10,4,10,20,8,17,52,16,14,21,27,16,3,26,14,15,27,13,38,30,15,22,29,35,27,17,22,18,24,34,0,22,14,7,27,19,30,29,20,29,12
932,23,23,17,30,5,38,15,17,31,23,22,7,32,8,16,17,9,17,15,7,15,33,20,9,45,18,4,31,23,27,25,15,41,34,14,8,40,21,19,11,30,37,20,15,9,20,5,22,26,14,33,28,34,43,16,10,4,10,20,8,17,52,16,13,21,27,16,3,26,14,15,27,13,39,30,15,22,31,35,27,18,22,18,24,34,0,22,14,7,26,19,31,29,20,29,13
933,23,23,17,31,5,38,15,17,31,23,22,7,32,9,16,17,9,17,16,7,15,33,20,9,46,18,5,31,23,27,25,14,41,34,15,8,40,23,19,11,31,38,20,16,9,21,5,22,26,14,33,28,34,43,16,10,4,11,20,8,17,52,16,13,21,27,17,3,27,14,15,27,13,39,31,15,22,31,35,27,18,23,18,24,34,0,23,14,7,26,19,32,30,20,29,13
934,23,23,17,30,5,37,15,17,31,23,22,7,33,9,16,17,9,18,16,7,15,33,20,9,47,18,5,31,23,27,25,14,41,34,15,8,40,23,18,10,32,38,20,16,9,21,5,22,26,14,33,28,34,43,17,10,4,11,20,8,17,52,16,13,21,28,17,3,27,14,15,27,13,39,31,15,22,31,35,28,18,23,18,24,34,0,23,14,7,26,19,32,30,20,29,13
935,23,22,17,30,5,37,15,17,32,23,22,7,34,9,16,17,9,18,17,7,15,33,21,9,47,18,5,31,25,27,26,14,41,34,15,8,40,23,18,10,32,38,21,16,9,21,5,22,27,14,33,28,34,44,17,10,4,11,20,8,17,51,16,12,21,29,17,3,28,14,15,28,13,39,31,15,22,31,35,28,18,24,18,24,34,0,23,14,7,27,19,32,30,20,29,13
936,23,22,17,30,6,37,15,17,32,23,22,7,34,9,16,17,9,19,17,7,15,33,21,9,47,18,5,31,25,27,27,14,41,34,15,8,39,23,18,10,33,38,21,16,9,22,5,22,27,14,34,28,34,45,17,10,4,11,20,8,17,51,16,12,21,29,17,3,28,14,15,28,13,40,31,15,22,31,36,28,18,24,18,24,34,0,24,14,7,27,19,32,31,20,29,13
937,23,21,17,30,6,37,16,17,33,23,22,7,34,9,15,17,9,19,17,8,15,33,21,10,47,18,5,31,25,27,27,14,41,34,15,8,39,24,18,10,33,38,21,16,9,22,5,22,27,14,34,28,34,45,17,10,4,11,20,8,17,51,16,12,21,29,17,3,27,14,15,27,13,40,32,15,23,31,36,28,18,24,18,24,34,0,25,14,7,27,19,32,31,20,29,13
938,23,21,17,30,6,37,16,17,33,23,23,7,34,9,15,17,9,21,18,8,15,33,22,10,47,18,6,31,25,27,27,14,41,34,15,8,39,24,18,10,33,38,22,15,10,22,6,22,27,14,34,28,34,47,17,10,4,11,21,8,17,51,16,12,21,29,17,3,27,14,15,28,13,39,32,15,23,31,36,29,18,24,18,24,34,0,25,14,7,27,20,33,31,20,31,13
939,24,21,17,30,6,37,16,17,33,24,23,8,34,9,15,17,9,22,18,8,15,33,22,10,47,18,6,30,25,27,27,15,41,34,16,8,39,24,18,10,33,38,23,15,10,22,6,22,27,15,34,29,33,47,17,10,4,11,21,8,17,52,16,12,21,29,17,3,27,14,15,28,13,39,32,15,23,32,36,29,18,24,18,24,34,0,25,14,7,27,19,33,31,20,31,13
940,25,21,17,30,6,37,16,17,32,24,23,8,34,9,17,17,9,22,18,8,15,33,22,11,47,18,6,30,25,28,27,15,41,34,16,8,39,25,18,10,33,39,23,15,10,23,6,22,27,15,35,30,34,47,17,10,4,11,21,8,17,52,16,12,22,29,17,3,27,14,15,28,13,39,33,15,23,33,35,29,18,24,18,24,34,0,26,14,7,28,19,33,31,20,31,13
941,25,21,17,31,6,37,16,17,32,24,23,8,33,9,17,17,9,22,18,8,15,34,22,11,47,18,6,30,25,28,27,15,40,34,17,8,39,25,18,10,33,39,23,15,10,23,6,22,26,15,34,30,34,47,17,10,4,12,21,7,17,52,16,12,22,29,17,3,28,13,15,29,13,39,34,16,23,33,35,29,18,24,19,25,34,0,26,14,7,29,19,33,31,19,31,14
942,25,21,17,31,7,37,16,17,32,24,23,8,33,9,17,17,9,24,20,8,15,34,22,11,47,18,6,30,25,28,28,15,40,34,17,8,39,25,18,10,33,39,23,15,10,23,6,22,26,15,35,30,34,47,17,10,6,12,21,7,17,53,16,11,23,30,17,3,28,13,15,29,13,41,33,16,22,34,35,29,18,24,19,25,34,0,26,14,7,29,19,33,31,19,31,14
943,25,21,17,30,7,37,16,17,32,24,23,8,33,9,17,17,9,24,20,8,15,34,22,11,47,18,6,30,24,28,28,15,40,34,17,8,39,25,18,10,33,39,24,15,10,23,6,22,26,16,34,30,36,47,17,11,6,12,21,7,17,53,16,11,23,30,17,3,28,13,16,29,13,41,34,16,23,34,35,29,18,24,19,25,35,0,26,14,7,29,20,33,29,19,31,14
944,25,21,17,30,7,37,16,17,32,24,23,8,33,9,17,18,9,24,20,9,15,34,22,11,47,18,6,31,24,28,28,15,40,34,17,8,39,25,18,10,33,39,24,15,10,23,6,22,26,16,35,31,36,47,18,11,6,12,22,7,17,53,16,11,23,30,17,3,26,13,16,29,13,42,36,16,23,34,36,29,18,24,19,25,36,0,26,14,7,29,21,33,30,19,31,14
945,24,21,17,30,7,37,16,17,32,24,23,8,33,9,17,19,9,24,20,9,15,34,23,11,47,18,6,31,24,28,29,15,39,34,17,8,39,25,19,10,33,39,24,15,10,23,6,22,26,16,37,31,36,47,18,11,6,12,23,7,17,53,16,11,23,30,17,3,27,13,16,29,13,42,36,16,23,34,36,29,18,24,19,25,36,0,26,14,7,29,21,33,30,20,31,14
946,24,21,17,29,7,37,16,17,31,24,23,8,33,9,17,19,10,24,20,10,15,35,23,11,48,18,6,30,24,28,29,15,39,34,17,8,39,25,19,10,34,38,24,15,9,23,6,22,26,16,39,31,37,47,18,11,6,12,23,7,18,54,16,11,24,30,17,3,27,13,16,29,13,42,36,16,23,34,36,29,18,24,19,25,36,0,26,14,7,29,21,34,30,20,30,15
947,24,21,17,29,7,37,16,17,31,24,23,8,33,9,17,20,10,24,20,10,15,35,23,11,48,18,6,31,24,29,29,15,39,34,17,8,39,26,19,10,34,38,24,15,9,22,6,22,26,16,40,31,37,48,18,11,6,12,23,7,18,54,16,11,24,30,17,3,27,14,16,31,13,42,36,17,23,34,36,29,18,24,19,25,36,0,26,15,7,29,21,33,30,20,30,15
948,24,21,18,29,7,37,16,17,31,24,23,8,33,9,17,21,11,24,20,10,15,35,23,11,48,18,6,32,25,30,30,15,39,34,17,8,41,26,19,10,34,38,24,15,9,22,6,22,26,17,40,31,37,48,18,11,6,12,23,7,18,54,16,11,24,30,17,3,27,14,16,31,13,42,37,17,23,34,36,29,18,24,19,26,36,0,26,15,7,30,22,33,30,20,30,15
949,24,21,18,29,7,37,16,17,31,23,23,8,32,9,17,21,11,24,20,10,15,35,23,11,48,18,6,32,25,30,30,15,39,33,17,8,41,26,19,10,34,38,23,15,9,22,6,22,27,17,39,31,38,48,18,12,6,12,23,7,19,54,16,11,25,31,17,3,27,14,18,32,13,43,38,17,24,34,36,29,18,24,19,26,36,0,26,16,7,30,23,33,30,20,30,15
950,24,21,19,29,7,37,16,17,31,23,23,8,32,9,17,22,11,24,20,10,16,36,23,11,48,18,6,33,25,29,30,15,39,33,17,8,41,26,19,10,34,38,23,15,10,22,6,22,27,17,39,31,38,48,18,12,6,12,23,7,19,53,16,11,26,31,17,3,27,14,18,32,13,42,38,17,24,34,35,29,18,24,19,26,36,0,25,16,7,30,23,34,30,20,31,15
951,24,21,20,29,7,38,16,17,31,23,23,8,32,9,17,22,11,24,20,10,16,36,23,11,48,18,6,33,25,29,30,15,39,33,17,8,42,26,19,10,34,38,23,15,10,22,6,22,27,17,39,31,38,48,19,12,6,12,23,7,21,53,16,11,26,31,17,3,27,14,18,32,13,42,38,17,24,34,35,29,18,24,19,27,35,0,25,16,7,30,23,33,30,20,31,15
952,24,21,21,29,7,38,17,17,32,23,23,8,32,9,17,22,11,24,20,10,16,36,23,11,48,18,6,33,26,29,30,15,39,34,17,8,41,26,19,10,36,38,24,15,9,22,6,23,27,17,39,31,38,48,19,12,6,12,23,7,21,54,16,12,27,31,17,3,27,14,19,32,13,43,38,17,24,34,35,29,18,24,19,27,35,0,25,17,7,30,23,33,31,21,31,15
953,24,22,21,29,7,38,19,17,32,23,23,8,32,10,17,22,11,23,21,10,16,35,23,11,48,19,6,33,26,29,30,15,39,33,17,8,41,26,20,10,36,38,24,15,9,22,6,24,27,18,39,32,38,49,19,12,6,12,24,7,21,54,16,12,26,31,17,3,27,14,19,33,14,43,39,17,23,35,36,29,18,24,19,27,35,0,25,17,7,30,23,33,31,21,32,15
954,24,23,21,30,7,38,20,17,32,23,23,8,32,10,17,22,11,23,21,10,16,35,23,11,48,19,6,33,26,30,30,15,39,33,17,8,41,26,20,10,36,38,25,16,9,22,6,24,27,18,40,31,38,49,19,12,8,12,24,7,21,56,16,12,25,31,17,3,27,14,19,34,14,43,39,17,23,35,36,29,18,24,19,28,35,0,25,17,7,30,23,33,31,21,32,15
955,24,23,21,31,7,38,20,17,32,23,23,8,32,10,17,22,11,23,21,10,16,35,23,11,48,19,6,33,26,31,30,15,39,33,17,8,41,26,20,10,37,38,25,17,9,22,6,24,28,18,40,31,38,49,19,12,8,12,24,7,22,56,16,13,25,31,17,3,28,14,19,34,14,43,39,17,24,35,36,29,18,24,19,28,35,0,25,17,7,30,23,33,31,22,32,15
956,25,23,21,30,7,38,20,17,31,23,23,8,32,10,17,22,11,23,21,10,17,35,23,11,48,19,6,33,26,31,30,15,39,33,17,8,41,26,20,10,37,38,25,17,9,22,5,24,28,18,40,31,38,49,19,12,8,12,24,7,22,56,16,15,25,31,17,3,28,14,19,34,14,43,39,17,24,35,36,29,18,24,19,29,35,0,24,17,7,32,23,33,31,23,32,15
957,25,23,21,30,7,38,20,18,31,23,24,8,32,10,17,22,11,23,21,10,17,36,23,11,48,19,6,33,26,31,30,15,39,33,17,8,41,26,20,10,37,37,25,17,9,22,5,24,29,19,41,31,38,49,19,12,8,12,24,7,22,55,16,16,25,31,18,3,29,14,20,34,14,43,39,17,24,35,36,28,18,24,19,29,35,0,24,17,7,32,24,33,31,23,32,15
958,25,23,21,30,7,40,20,18,31,23,24,8,32,10,17,23,11,23,21,10,18,36,23,11,48,19,6,33,26,31,30,15,40,33,17,8,41,27,20,10,37,37,25,18,9,23,5,24,29,18,41,31,38,49,19,12,8,12,24,7,22,55,16,16,25,31,18,3,29,14,20,34,14,44,39,17,24,35,36,29,19,24,19,29,35,0,24,18,7,33,24,33,31,23,32,15
959,25,23,21,31,7,40,21,18,32,23,24,9,32,10,17,23,11,23,20,11,18,36,23,11,48,19,6,33,26,31,30,15,40,33,17,8,41,27,20,10,37,37,25,17,9,23,6,24,29,18,41,31,38,49,19,12,9,12,24,7,23,56,16,16,25,31,18,3,29,14,20,34,14,45,40,17,24,35,37,29,19,24,19,29,35,0,24,18,7,33,24,33,31,23,32,16
960,25,23,21,31,7,40,21,18,32,23,25,9,33,10,17,23,11,24,20,11,18,37,24,11,48,19,6,33,26,31,30,15,40,33,17,8,41,27,20,10,37,37,25,17,9,23,6,24,28,18,41,32,38,50,19,12,9,12,24,7,23,55,16,16,25,31,18,3,29,14,20,34,14,45,40,17,24,35,37,29,20,24,20,29,35,0,24,18,7,33,24,34,31,24,31,16
961,25,24,21,31,7,40,21,19,33,23,26,10,33,10,18,23,11,24,20,11,18,37,25,11,48,19,6,33,26,31,30,15,40,33,18,8,41,27,20,10,37,37,25,17,9,23,6,24,28,18,41,32,38,50,19,12,10,12,24,7,23,56,16,15,25,31,18,3,29,14,20,35,14,45,40,17,24,36,37,29,20,25,20,29,36,0,24,18,7,33,24,35,30,24,31,16
962,24,24,21,31,7,40,21,19,33,24,26,10,33,9,18,23,11,24,20,11,18,38,25,11,48,20,6,33,26,32,30,15,40,33,18,8,41,27,20,10,38,39,25,18,10,23,6,24,28,18,41,32,38,50,19,13,10,12,24,7,24,56,16,15,25,31,18,3,31,14,21,35,14,45,40,17,24,36,37,28,20,25,20,29,37,0,24,18,7,33,24,35,30,25,32,16
963,24,24,23,31,7,39,21,19,33,24,28,10,33,9,18,23,11,24,20,11,18,39,25,12,48,20,6,32,27,32,30,15,40,33,18,8,41,27,20,10,38,39,25,18,10,23,7,24,29,18,42,32,38,51,20,14,10,12,24,7,24,56,16,15,25,31,19,3,31,15,21,35,14,45,39,18,24,36,37,28,20,25,20,29,37,0,24,18,7,33,25,35,30,25,31,16
964,25,24,23,31,7,39,21,19,33,24,28,10,33,9,18,23,11,24,20,11,18,39,25,12,48,20,6,32,27,32,30,15,40,34,18,8,41,27,20,10,38,39,25,19,10,23,7,24,29,18,42,32,39,49,19,14,10,12,24,7,24,56,18,16,27,31,20,4,32,15,22,35,14,45,41,18,24,37,37,28,20,25,20,29,37,0,24,18,7,33,25,35,30,25,31,17
965,25,25,23,31,7,39,21,19,32,24,29,10,33,9,18,23,11,24,20,11,19,40,25,12,48,20,6,32,27,32,30,15,40,34,18,8,40,28,20,10,38,40,25,19,10,23,7,25,29,18,42,32,40,49,20,14,10,12,24,7,24,56,18,17,27,31,20,4,32,15,22,36,14,45,42,18,24,36,38,28,20,25,20,30,37,0,24,18,7,33,26,35,30,25,31,17
966,27,25,23,32,8,39,22,19,33,25,29,10,33,9,18,23,11,24,20,12,19,41,26,12,48,20,6,32,27,32,30,16,40,34,18,8,42,28,20,10,38,39,25,19,10,23,7,25,29,18,42,32,40,49,21,14,10,12,24,7,24,56,18,17,27,31,20,4,33,16,22,36,14,45,42,18,24,38,38,29,20,25,21,30,37,0,24,18,7,34,26,35,30,25,31,18
967,27,25,23,32,8,39,22,19,33,24,29,10,33,9,19,23,10,24,21,13,19,41,26,12,48,21,6,32,27,32,30,16,40,34,18,8,42,28,20,10,37,39,25,19,10,23,7,25,29,18,43,33,40,49,21,14,10,12,24,7,24,56,17,17,27,31,20,4,33,16,22,37,14,45,42,18,24,38,38,29,20,25,21,30,37,0,24,18,7,34,25,35,31,25,31,18
968,27,25,23,32,8,39,22,19,35,23,30,10,32,9,19,23,10,24,22,13,19,42,28,12,48,21,6,32,27,32,30,16,41,34,18,8,42,28,20,10,37,39,25,19,10,23,7,26,29,18,42,33,40,49,21,14,10,12,24,7,24,57,17,17,27,31,20,4,33,16,22,38,14,45,42,17,24,38,38,29,20,25,22,30,37,0,24,18,7,35,25,34,31,25,31,18
969,27,25,24,32,8,39,22,18,36,23,30,10,33,9,19,23,10,24,22,13,19,43,28,12,48,21,6,32,26,32,30,16,41,34,18,8,42,28,20,10,37,39,26,19,10,23,7,26,29,18,43,33,41,49,21,14,10,12,25,7,24,57,17,17,27,31,20,4,33,16,22,38,14,44,43,18,25,38,38,30,20,25,22,30,37,0,24,18,7,35,25,35,31,25,31,18
970,27,27,24,32,9,39,22,18,36,24,30,10,33,9,18,23,10,23,22,13,19,43,28,12,48,21,6,33,26,32,30,17,41,34,18,8,43,28,20,10,38,39,26,19,10,23,7,26,29,18,43,33,41,49,21,14,10,12,25,7,24,57,17,17,28,31,20,4,33,16,22,38,14,44,43,18,25,38,38,30,20,25,23,30,40,0,24,18,7,36,25,35,31,25,31,18
971,27,27,24,32,9,40,22,18,36,24,29,10,33,9,18,24,10,23,22,13,19,42,27,12,48,21,6,34,26,32,30,17,42,34,18,8,43,28,20,10,38,39,26,19,10,23,7,26,29,18,43,33,41,49,21,14,10,12,26,7,24,57,17,18,28,31,20,4,34,16,22,38,15,44,44,19,25,38,39,30,22,26,23,31,40,0,24,19,7,36,25,35,31,25,31,18
972,27,27,24,32,9,40,22,18,36,24,29,10,33,9,18,24,10,23,22,13,19,42,27,12,49,21,6,35,26,32,30,18,42,34,19,8,43,28,20,10,38,39,26,19,10,23,7,27,28,18,43,34,42,49,21,14,10,12,27,7,24,58,17,18,28,31,20,3,34,16,22,38,15,44,44,19,25,38,39,30,22,27,25,31,40,0,25,19,7,36,25,36,31,25,32,18
973,29,27,24,32,9,40,22,18,36,25,29,10,33,9,18,24,10,23,22,13,20,42,27,12,48,21,6,35,26,32,30,18,42,35,19,8,43,28,20,10,38,39,27,19,10,23,7,28,28,18,43,34,43,49,21,14,10,12,27,7,24,58,17,18,29,31,20,3,34,16,22,38,15,44,44,19,25,38,39,30,22,28,25,31,41,0,25,19,7,36,25,36,31,25,32,18
974,29,27,24,32,9,40,22,18,36,25,29,10,33,9,18,24,10,24,22,13,20,42,27,12,50,21,6,35,27,32,30,18,42,35,19,8,43,28,20,10,38,39,27,19,10,23,7,28,28,18,43,34,43,49,21,14,10,12,27,7,24,59,17,18,29,31,20,3,34,16,22,38,16,44,44,20,25,38,39,30,22,28,25,32,41,0,25,20,7,36,25,36,31,25,32,19
975,29,28,24,32,9,40,22,18,36,25,30,10,33,10,19,24,10,24,23,13,20,42,27,12,51,21,6,36,27,32,29,18,42,35,19,8,43,28,19,10,38,39,27,19,10,22,7,28,28,18,43,33,43,49,21,14,10,12,27,7,24,60,17,17,29,31,20,3,35,16,22,38,16,44,45,20,25,39,39,30,22,29,25,32,41,0,25,20,7,36,25,37,31,25,32,20
976,30,28,24,32,9,41,22,18,38,25,32,10,33,11,19,24,10,24,23,13,20,42,27,12,51,22,6,37,27,33,29,18,42,35,19,8,43,29,19,10,38,39,27,19,10,21,7,29,28,19,43,33,43,49,21,14,11,12,27,7,24,60,17,17,30,31,20,4,34,15,22,38,16,44,44,20,25,39,39,31,22,29,25,32,40,0,25,20,7,36,25,37,31,25,32,21
977,30,28,24,32,9,41,22,18,39,25,32,11,32,11,19,24,11,24,23,13,21,42,27,12,52,24,6,37,27,33,29,18,42,34,20,8,43,29,19,10,38,39,27,19,10,21,7,29,28,19,43,33,43,49,21,14,11,12,27,7,24,60,17,18,29,31,20,4,34,15,22,38,16,44,44,20,25,40,39,32,22,29,25,32,40,0,25,21,7,36,25,37,31,25,32,21
978,30,28,24,32,9,41,23,18,39,25,32,11,32,11,19,24,11,24,23,13,21,42,27,12,52,24,6,37,27,33,29,20,42,34,21,8,43,29,19,10,39,39,27,19,10,21,7,29,29,19,43,33,43,48,21,14,11,12,27,7,24,61,17,18,30,31,20,4,34,15,22,38,16,45,44,20,25,40,39,32,22,29,26,33,40,0,25,21,7,36,25,38,31,25,32,21
979,30,28,24,32,9,41,23,18,39,25,32,11,32,11,19,24,11,24,23,13,21,42,27,12,52,24,7,37,27,33,29,21,42,34,21,8,44,29,19,9,39,40,27,19,10,21,8,29,29,19,43,33,43,48,21,14,11,12,27,7,24,60,17,18,30,31,21,4,34,15,23,38,16,45,44,20,25,40,39,32,22,29,26,33,41,0,25,21,7,37,26,38,32,25,32,21
980,30,28,24,32,9,41,23,18,39,25,32,11,32,11,19,24,11,24,23,13,21,42,27,12,52,24,7,37,27,33,29,21,42,34,21,8,44,30,19,9,39,40,27,19,10,21,8,30,30,20,43,33,43,46,21,15,11,12,27,7,25,60,17,18,30,31,21,4,34,16,23,38,16,46,44,20,25,40,39,31,22,29,26,34,41,0,25,21,7,37,26,38,32,25,33,21
981,30,28,24,32,9,41,23,18,39,25,32,11,32,11,19,24,11,24,23,13,21,42,27,12,51,24,7,37,28,33,29,21,42,34,21,8,43,30,20,9,40,41,28,19,10,21,8,30,30,20,43,33,42,46,21,16,11,12,28,7,25,62,17,18,31,30,21,4,34,16,22,38,16,46,44,20,25,40,39,31,22,30,26,34,41,0,24,21,7,37,26,38,32,26,33,21
982,30,28,24,32,9,41,23,18,38,25,32,11,32,11,19,23,11,24,23,13,21,42,27,12,51,24,7,37,28,33,29,21,42,34,21,8,43,30,20,10,39,40,29,19,11,21,8,30,30,20,43,32,42,46,21,18,11,12,28,7,25,63,17,18,31,30,21,4,34,16,22,39,16,46,43,20,25,40,39,31,22,30,26,34,41,0,24,21,7,37,26,38,32,26,33,21
983,30,28,24,33,9,41,23,18,39,26,32,11,32,11,20,24,12,24,23,13,21,42,27,12,51,24,7,36,28,33,29,21,42,34,21,8,43,30,20,11,39,40,29,19,11,21,8,30,31,20,43,32,42,46,21,18,11,12,28,7,25,63,16,18,31,30,21,4,34,16,22,39,16,46,43,20,25,40,39,31,22,30,26,34,42,0,24,21,7,37,26,38,33,26,33,21
984,30,28,25,33,9,41,23,18,39,26,32,12,32,11,20,24,12,24,23,13,21,42,27,13,51,24,7,35,28,34,29,21,42,33,22,8,43,30,20,12,40,40,29,19,11,21,8,31,31,21,43,33,41,46,21,18,11,12,28,7,26,63,16,18,31,30,21,4,34,16,23,39,16,46,43,20,25,41,39,31,22,30,26,35,42,0,24,21,7,37,26,38,33,26,33,22
985,30,27,25,33,9,41,23,18,39,25,33,12,32,11,20,24,12,24,24,13,21,42,27,13,51,24,7,35,28,34,29,21,43,33,22,8,43,30,20,12,41,40,29,19,12,21,8,31,31,21,43,34,40,46,21,18,11,12,28,7,26,62,16,18,31,30,21,4,34,16,23,39,16,46,43,20,25,41,39,31,22,30,26,35,42,0,24,22,7,37,26,38,33,26,33,22
986,30,27,25,34,9,42,23,18,39,25,33,12,32,11,20,24,12,24,24,13,21,42,28,13,51,24,7,36,28,34,29,22,43,34,22,8,43,30,20,12,41,41,29,20,12,21,8,31,31,21,43,35,40,46,22,18,11,12,29,7,26,62,16,18,31,30,21,4,34,16,23,39,16,48,44,20,25,40,38,30,24,30,26,35,42,0,24,22,6,37,26,38,33,26,33,22
987,30,27,25,35,9,42,23,18,39,25,33,12,32,11,21,24,12,24,23,13,21,42,28,13,51,24,7,36,28,34,29,22,44,34,22,8,43,30,21,12,41,41,29,20,12,20,8,31,31,21,44,35,40,46,22,18,12,12,29,7,27,62,15,18,32,30,21,4,34,16,23,39,16,48,44,20,25,40,38,31,24,31,26,35,42,0,24,22,7,37,25,38,34,26,33,22
988,30,27,26,35,9,42,23,18,38,25,33,12,32,11,21,24,12,24,23,13,21,42,28,13,51,24,7,36,28,34,30,22,44,34,22,8,43,30,21,12,41,41,29,20,13,20,8,31,31,21,44,35,40,45,22,18,12,12,29,7,27,63,15,18,32,30,21,4,34,16,24,39,16,48,44,20,25,40,38,31,25,31,26,35,43,0,24,22,7,37,25,38,34,26,33,23
989,30,27,26,35,9,42,23,18,38,26,33,12,32,11,21,24,12,24,23,13,21,42,28,13,51,24,7,37,28,34,30,22,44,36,22,8,43,30,21,12,41,41,29,20,13,20,8,31,31,22,44,35,40,45,24,18,12,12,29,7,27,63,15,19,32,30,21,4,34,16,24,39,16,48,44,21,25,40,39,31,25,31,26,35,43,0,25,23,7,37,26,38,34,27,34,23
990,30,27,26,36,9,44,23,18,38,26,33,12,33,11,22,25,12,24,23,13,21,42,28,13,51,24,7,37,28,33,30,22,44,36,22,8,43,30,22,12,41,41,29,21,13,20,8,31,31,22,44,35,40,45,24,18,12,12,29,7,27,63,15,19,33,30,21,4,34,16,24,39,16,49,44,22,25,40,39,31,25,31,26,35,43,0,25,23,7,38,26,39,34,27,33,24
991,31,26,26,36,9,44,23,18,38,26,33,12,33,11,22,25,12,24,23,13,21,43,28,13,51,24,7,37,28,33,30,22,44,36,22,8,42,30,22,12,41,41,30,21,13,21,8,31,31,22,45,36,41,45,24,18,12,12,29,7,26,63,15,19,33,30,21,4,34,16,24,39,16,49,44,22,25,40,39,31,25,31,25,35,43,0,25,23,7,38,26,39,35,27,33,24
992,31,27,27,37,9,45,23,18,39,26,33,12,33,11,22,25,12,24,23,13,21,45,29,13,51,25,7,37,29,33,30,22,44,36,22,8,42,30,23,12,41,41,30,21,13,21,8,31,31,21,45,36,41,46,24,18,12,12,29,8,26,63,15,19,34,30,21,4,35,16,25,40,16,49,44,22,25,40,39,31,26,32,25,35,43,0,25,23,7,38,26,39,35,27,33,24
993,31,27,27,37,8,45,23,18,39,27,33,12,33,11,22,26,12,24,23,13,21,45,29,13,51,25,7,37,29,33,30,23,44,36,22,8,42,30,23,12,41,42,30,21,13,22,8,31,31,21,45,36,41,46,24,18,13,12,29,8,26,63,15,19,34,30,21,4,35,16,25,40,16,50,44,23,25,40,39,31,26,32,27,35,43,0,25,23,7,38,26,39,35,27,34,24
994,31,28,27,37,8,45,24,18,40,27,33,13,33,11,22,27,12,24,23,13,21,45,29,13,51,25,7,37,29,33,30,23,44,36,24,8,42,30,22,13,42,42,30,21,13,22,8,32,31,22,45,36,41,46,24,18,13,12,29,8,26,63,15,19,34,31,22,4,35,16,25,40,16,51,44,22,26,41,40,31,26,32,27,35,43,0,25,23,7,38,26,39,35,27,34,24
995,31,29,26,37,8,45,24,18,40,27,33,13,33,11,22,27,12,24,24,13,21,45,29,13,50,25,7,37,29,33,30,23,44,36,24,9,42,31,22,13,42,41,31,21,13,22,8,33,31,22,45,37,41,46,24,18,13,11,29,8,26,63,15,19,34,32,22,4,36,17,25,40,16,51,44,22,26,41,40,31,27,32,28,35,43,0,25,23,7,39,26,39,35,27,34,24
996,31,29,26,37,8,45,24,18,40,27,33,13,33,11,22,27,12,24,27,14,21,45,29,13,50,26,8,37,29,33,30,22,46,36,24,9,42,31,22,13,42,42,33,21,13,22,8,33,32,22,45,38,41,47,24,18,13,11,29,8,26,65,15,19,34,32,22,4,36,17,25,40,16,52,45,22,25,41,40,31,26,32,28,35,43,0,25,23,7,39,27,39,34,27,34,24
997,31,29,26,38,8,45,24,18,41,27,33,13,34,12,22,27,12,24,27,14,21,46,29,13,50,27,8,37,29,33,30,22,46,36,24,9,43,31,22,14,42,42,33,21,13,23,8,33,32,22,44,39,41,47,24,18,13,11,29,8,26,65,15,20,34,32,23,4,35,17,25,41,16,52,45,22,25,41,40,31,26,32,28,36,43,0,25,23,7,40,27,39,35,27,34,24
998,31,29,26,39,8,45,24,18,41,27,33,13,34,12,22,28,12,24,27,14,21,46,29,13,50,27,8,37,29,33,30,23,46,37,24,8,43,31,22,14,42,43,33,21,13,23,8,33,32,22,44,39,41,46,24,18,13,11,29,8,26,65,16,20,36,33,23,4,35,17,25,42,16,52,45,23,25,41,40,31,26,32,29,37,42,0,25,23,7,40,28,39,34,27,34,24
999,31,29,26,40,8,46,24,18,41,28,34,13,34,13,22,29,12,25,27,14,21,46,29,13,50,27,8,36,29,34,30,24,46,37,25,8,43,31,22,14,44,43,33,21,13,23,8,33,32,22,44,39,41,46,24,19,13,11,29,8,26,65,16,20,36,34,23,4,34,18,26,42,16,52,45,24,25,41,39,31,26,32,29,37,42,0,25,23,7,40,28,39,34,27,34,24
1000,31,30,26,40,8,47,24,18,41,28,34,14,34,13,22,29,12,25,27,14,21,46,29,13,50,27,8,36,29,34,30,24,46,37,25,8,43,32,22,13,44,43,33,21,13,23,8,33,32,22,44,39,41,47,24,19,13,11,30,8,26,65,15,20,36,34,23,4,34,19,27,42,16,53,45,24,26,41,39,31,26,32,29,37,42,0,25,23,7,40,28,41,35,27,34,24
1001,31,30,25,40,8,47,25,19,42,28,34,14,34,13,22,29,12,25,27,14,21,46,29,13,50,27,8,37,31,34,29,24,46,37,25,8,43,32,22,13,44,43,34,22,14,25,8,34,32,22,44,40,41,47,24,20,13,11,30,8,26,65,15,20,37,34,23,4,34,19,27,42,16,53,45,24,27,41,39,31,26,32,30,38,41,0,25,23,7,40,28,41,35,28,34,24
1002,31,30,25,40,8,48,24,19,43,29,33,14,34,13,22,29,12,25,27,14,21,46,29,13,52,28,8,37,32,34,29,24,46,37,25,8,44,32,23,13,44,43,34,22,14,25,8,34,32,22,44,40,41,48,24,20,13,11,30,8,26,65,15,20,37,34,23,4,34,19,27,42,17,53,45,24,27,42,39,32,26,32,30,37,41,0,25,23,7,40,28,41,35,28,34,24
1003,31,30,25,40,8,49,24,19,43,29,33,14,34,13,22,29,13,25,27,14,21,46,28,14,53,29,8,37,32,34,29,24,46,37,25,8,45,32,23,13,44,43,34,22,14,26,8,34,32,22,44,40,40,48,25,20,13,11,30,8,26,65,15,21,37,34,23,4,34,19,27,42,17,54,45,24,27,42,39,33,26,31,31,37,41,0,25,23,7,40,28,41,35,28,34,25
1004,31,30,25,40,8,49,24,19,43,29,33,14,34,12,22,29,13,25,27,14,22,47,28,14,53,29,8,37,33,34,29,25,45,38,25,8,45,33,23,13,45,43,35,22,14,26,8,34,32,22,44,39,41,48,25,20,13,11,30,8,26,65,15,21,37,34,23,4,34,19,27,43,17,54,45,24,27,42,40,32,26,31,31,37,41,0,25,23,7,40,28,42,35,28,34,25
1005,32,30,25,40,8,49,24,19,43,29,33,14,34,12,22,30,13,26,27,14,22,47,28,14,53,29,8,37,34,34,29,26,45,38,26,8,45,33,22,13,45,43,35,22,14,26,8,35,33,22,44,39,41,48,25,20,13,11,30,8,27,65,15,21,37,34,23,4,34,19,27,43,17,54,45,24,27,42,40,32,28,31,31,38,41,0,26,22,7,40,28,42,35,28,34,26
1006,32,30,25,40,8,49,24,19,43,30,33,14,34,12,22,30,13,26,27,15,22,47,28,14,53,29,8,37,35,34,29,26,45,39,26,8,46,33,22,13,45,43,35,22,14,26,8,35,33,22,45,40,41,47,25,20,13,11,30,8,27,64,15,22,37,35,23,4,35,19,27,43,17,54,46,24,28,42,40,32,29,31,31,38,41,0,26,22,8,40,28,42,35,28,34,27
1007,32,31,25,40,8,49,24,19,43,30,33,14,34,12,22,30,13,26,28,15,22,47,29,14,54,29,8,38,35,34,29,26,46,40,26,8,46,33,22,13,45,43,35,22,14,25,8,35,33,22,45,41,41,47,25,20,13,11,30,8,27,65,15,22,37,35,23,4,35,18,27,43,17,54,46,24,28,42,40,32,29,32,31,39,41,0,26,22,9,40,28,42,35,28,35,27
1008,32,32,25,40,8,50,24,19,43,30,33,14,34,12,23,30,13,26,28,14,22,46,29,14,54,30,8,38,35,34,29,26,46,40,26,8,47,33,22,13,45,43,35,22,14,25,7,35,33,22,45,41,41,47,26,20,13,11,30,9,27,66,15,22,37,35,23,5,35,18,27,42,19,54,46,24,28,42,42,34,29,32,31,39,42,0,26,22,9,40,28,43,35,29,35,28
1009,32,32,25,40,8,50,24,19,43,30,33,14,34,13,23,30,13,26,27,14,23,46,29,14,54,30,8,38,36,34,29,26,46,41,25,8,47,33,22,13,45,43,35,22,14,25,7,35,34,22,46,41,41,47,26,20,13,11,29,9,27,66,15,22,37,36,23,5,36,18,27,42,19,55,46,24,28,42,42,34,30,33,31,38,43,0,26,22,9,41,28,43,34,30,35,29
1010,33,32,25,40,8,51,24,19,44,30,33,14,34,13,23,30,14,26,27,14,24,46,29,14,55,30,8,38,36,34,29,26,46,41,25,8,47,33,22,13,45,42,35,22,14,25,7,35,34,22,46,41,41,46,26,20,13,12,29,9,26,66,15,22,36,36,23,5,36,18,27,42,19,54,46,25,28,44,42,34,30,33,31,38,43,0,26,22,9,41,28,43,34,30,35,29
1011,33,32,25,40,8,50,25,19,44,30,33,15,34,13,23,30,14,26,27,14,24,48,29,14,56,30,8,38,36,34,29,26,46,41,25,8,47,33,22,13,45,42,35,23,14,25,7,36,34,22,46,41,41,46,26,19,13,12,29,9,27,66,15,22,36,36,23,5,36,18,27,41,19,55,46,24,28,44,42,34,30,33,32,38,43,0,26,22,10,42,27,43,34,30,36,29
1012,33,33,25,40,8,50,25,19,44,30,33,15,35,13,22,30,14,26,27,14,24,48,29,14,56,30,8,38,36,34,29,26,46,41,25,8,48,34,23,13,45,43,36,24,14,25,7,36,34,22,46,41,40,46,26,19,13,12,29,9,27,65,15,22,36,36,23,5,37,18,28,41,19,56,46,24,28,44,42,34,30,33,32,38,44,0,26,22,10,42,28,43,34,30,36,30
1013,33,33,25,40,8,50,25,19,44,30,35,15,35,13,22,30,14,26,27,14,25,47,29,14,56,30,8,38,36,34,30,26,46,41,25,8,48,34,23,13,44,43,36,24,14,26,7,36,36,22,46,42,40,46,26,19,13,12,29,10,27,65,15,22,36,37,23,5,37,18,28,41,19,56,47,24,28,44,42,34,30,33,32,38,44,0,26,23,10,42,28,43,34,31,36,30
1014,33,33,25,40,8,51,26,19,44,30,35,15,35,13,22,30,14,27,27,14,25,47,30,14,57,30,8,38,36,34,31,26,46,41,24,8,48,33,23,13,44,43,36,24,14,26,7,37,36,22,46,42,39,46,26,19,13,12,29,10,27,66,15,22,35,38,23,5,37,18,28,41,19,58,47,25,28,44,43,33,30,34,32,38,44,0,26,23,10,42,28,43,34,31,35,30
1015,33,33,25,40,8,52,27,19,45,30,35,16,36,13,22,30,14,27,27,14,25,46,30,14,59,30,8,38,36,34,31,26,46,42,24,8,49,33,23,13,44,43,36,24,14,26,7,37,36,22,46,42,39,46,26,19,13,12,29,10,27,67,15,22,35,38,23,5,37,18,28,42,19,59,47,25,28,45,43,33,30,34,32,39,44,0,26,23,11,43,28,43,34,32,35,31
1016,33,33,25,40,8,52,27,19,45,30,36,16,36,13,22,30,14,27,27,13,25,46,30,15,59,30,8,38,36,34,31,26,46,43,25,8,49,33,23,13,45,43,37,24,14,26,7,37,36,22,46,42,39,47,26,19,13,12,29,10,27,67,15,22,34,38,23,5,38,19,28,42,19,60,47,25,28,44,43,33,30,34,32,39,44,0,26,23,11,43,28,43,34,32,35,32
1017,33,33,25,40,8,52,27,19,46,30,36,16,36,13,22,30,14,27,27,13,25,46,31,15,59,30,8,38,36,34,31,26,46,42,25,8,49,33,24,13,45,43,37,25,14,26,7,37,36,22,46,42,39,47,26,19,13,12,29,10,28,68,15,22,34,38,23,5,39,19,28,43,19,60,48,26,30,44,43,33,30,34,32,39,44,0,26,23,11,43,28,43,34,32,35,32
1018,33,33,26,40,8,53,27,19,46,30,36,16,37,13,23,31,15,27,28,13,25,47,31,15,59,30,8,38,36,34,31,26,46,42,25,8,49,33,24,13,45,43,37,25,14,26,7,36,36,22,47,42,39,46,26,19,14,12,29,10,28,69,15,22,34,38,23,5,39,19,28,43,19,61,48,26,30,45,43,33,30,34,33,39,45,0,26,24,11,43,28,43,34,33,36,32
1019,33,33,26,40,8,53,27,19,46,30,36,16,37,13,23,31,15,27,28,13,25,47,32,16,61,30,8,38,36,34,31,25,46,43,25,8,49,33,24,13,46,44,37,25,14,26,7,35,36,22,47,43,39,46,26,20,14,12,29,10,28,69,15,22,34,38,23,5,39,19,29,43,19,61,48,26,30,47,44,33,30,34,33,39,45,0,26,24,12,43,28,43,34,33,34,32
1020,33,35,25,41,8,53,27,19,46,30,37,16,37,13,23,31,15,27,28,13,26,47,32,17,61,30,8,38,36,34,31,25,46,43,26,8,49,33,24,13,46,44,37,25,14,26,7,35,36,22,47,43,39,46,26,20,16,13,30,10,28,69,15,22,34,39,23,5,39,19,29,43,18,62,47,28,30,47,45,33,30,34,33,39,45,0,26,24,12,43,29,43,34,33,34,32
1021,33,35,25,41,8,54,27,19,46,30,37,16,37,14,23,31,15,27,27,13,26,47,33,17,61,30,8,38,36,34,31,25,47,42,26,8,50,34,24,13,46,44,37,26,14,25,7,35,36,22,47,44,39,46,26,20,16,13,30,10,28,70,15,23,34,39,24,5,38,19,29,43,18,62,47,28,30,48,45,33,30,33,34,39,45,0,26,25,12,43,29,43,34,33,35,32
1022,34,35,25,41,8,54,27,19,46,30,38,16,37,15,23,31,15,27,27,13,26,47,33,17,61,30,8,38,36,34,30,25,47,42,27,8,50,34,24,13,47,44,37,26,14,25,7,35,36,22,48,45,39,46,26,20,16,13,30,10,29,71,17,23,34,39,24,5,38,20,29,44,18,62,48,28,30,48,45,33,30,33,34,39,45,0,26,25,12,43,29,43,34,33,35,34
1023,34,35,26,41,8,56,27,19,46,30,38,16,37,15,23,31,15,27,27,13,26,47,33,17,61,30,8,38,36,34,30,25,48,43,27,9,50,35,24,13,47,44,37,26,14,25,7,36,36,22,48,45,39,46,26,20,16,13,30,10,30,71,17,23,34,40,24,5,37,20,29,44,18,62,48,28,30,48,46,33,30,34,34,39,45,0,26,25,12,43,29,43,36,33,35,34
1024,34,35,26,41,8,56,27,19,46,31,38,16,37,16,23,31,16,27,27,13,26,47,33,17,61,30,8,38,36,34,30,25,48,42,27,9,51,35,24,13,47,45,37,26,14,25,7,36,36,23,48,45,39,46,26,20,16,13,30,10,30,71,18,23,34,40,24,5,38,21,29,44,18,62,48,27,30,48,46,34,30,34,35,39,45,0,26,25,12,42,29,44,35,33,36,34
1025,34,35,26,41,8,56,27,19,46,31,38,16,37,16,23,31,16,27,27,13,26,47,34,17,61,30,8,38,35,34,30,25,48,42,28,9,51,35,24,13,47,45,37,26,14,26,7,36,37,23,48,44,39,46,26,20,16,13,30,10,31,71,18,23,34,40,24,5,38,21,29,44,18,62,48,27,30,49,48,34,31,34,35,39,45,0,26,25,12,42,29,44,35,33,37,34
1026,35,35,26,41,8,56,27,19,45,31,39,17,37,16,23,31,16,26,27,15,26,47,35,17,61,30,8,38,36,34,30,25,48,42,28,9,52,36,24,13,47,45,36,26,14,26,7,36,38,23,48,44,39,47,26,20,16,13,30,10,31,71,18,23,35,40,24,5,38,21,29,45,18,62,49,27,30,49,48,33,31,35,35,39,45,0,27,25,12,42,29,46,35,33,37,35
1027,35,36,26,41,8,56,27,19,45,31,39,17,37,16,23,31,16,25,28,16,26,48,35,17,61,30,8,38,37,35,30,25,48,42,28,9,52,37,24,13,48,46,36,26,15,27,7,36,38,23,49,44,39,47,26,20,16,13,30,10,31,72,18,23,35,40,24,5,38,21,29,45,19,62,49,27,30,49,48,32,31,35,35,39,46,0,27,25,12,43,29,46,35,33,37,36
1028,35,36,26,41,8,56,27,19,45,31,38,17,37,17,23,32,16,25,28,16,26,49,35,17,61,30,8,38,37,35,30,25,49,42,28,9,52,38,24,13,48,46,36,26,15,27,7,36,38,23,49,43,38,47,26,20,17,14,30,10,31,72,18,24,36,40,24,5,38,21,30,45,19,63,49,28,30,49,49,32,31,35,36,39,46,0,28,25,12,43,29,46,36,34,37,36
1029,35,36,27,41,8,56,27,19,45,32,38,17,37,17,23,32,17,27,28,17,26,48,35,17,61,30,8,38,37,35,30,25,50,42,28,9,53,38,24,13,48,46,36,26,15,27,7,36,38,23,49,42,38,47,25,20,17,14,30,10,31,72,18,24,36,40,25,5,38,22,30,45,19,63,49,28,30,49,49,32,31,35,36,39,46,0,28,26,12,43,29,46,36,34,37,36
1030,35,36,27,41,8,56,28,19,45,32,38,17,37,17,23,32,17,27,28,17,26,48,35,17,61,30,8,39,37,35,30,25,50,42,28,9,53,38,25,13,49,46,36,26,15,28,7,37,38,23,49,42,38,48,25,20,17,14,29,10,32,72,18,24,36,40,25,6,38,22,31,45,19,63,49,28,30,50,49,32,31,35,36,39,47,0,28,26,12,43,29,46,37,34,37,36
1031,35,36,28,41,8,57,28,19,45,32,39,18,37,17,22,32,17,28,28,17,26,48,35,17,61,30,7,39,37,35,30,25,50,42,28,9,53,38,25,13,49,46,36,26,15,29,7,37,38,23,51,42,38,48,25,19,17,14,29,11,32,73,18,24,36,40,25,6,38,22,31,45,19,63,49,28,30,50,49,32,32,35,36,39,47,0,28,26,12,43,28,46,37,34,37,36
1032,35,37,28,41,8,57,28,19,45,32,39,18,37,17,22,32,17,28,28,18,26,48,35,17,60,30,7,39,36,35,30,25,51,42,28,9,54,38,25,13,49,47,37,26,15,29,7,37,38,24,50,42,38,48,26,20,17,14,29,11,32,72,18,26,36,40,25,6,38,22,31,45,19,63,49,28,30,50,49,32,32,35,36,39,48,0,28,26,12,44,28,46,37,34,37,36
1033,35,38,28,41,8,57,28,18,46,32,39,18,37,17,22,31,17,28,28,18,26,48,36,17,60,30,7,39,36,35,29,25,51,42,28,9,54,38,25,13,49,47,37,26,15,29,7,37,38,24,51,42,38,48,26,20,17,14,29,11,32,72,18,27,36,40,25,6,38,23,31,45,19,62,49,28,30,51,49,32,32,35,36,39,48,0,28,26,12,45,28,46,37,35,37,36
1034,34,38,28,41,8,57,28,18,46,33,39,18,37,18,22,31,17,29,29,18,26,48,37,17,61,30,7,39,36,35,29,25,51,42,28,9,54,38,25,13,50,47,37,27,15,29,7,37,40,24,51,42,37,47,27,20,17,14,30,11,32,72,18,27,36,41,25,6,39,24,31,45,19,62,49,28,30,51,49,32,32,35,36,39,47,0,29,26,12,45,28,46,37,35,36,36
1035,33,38,28,41,8,57,28,18,46,33,39,18,37,18,22,32,16,29,29,18,26,48,37,18,61,30,7,39,36,36,29,25,51,42,28,9,54,38,25,13,50,47,38,27,16,29,8,36,40,24,51,42,38,47,28,20,17,14,30,11,33,72,18,28,36,41,25,6,39,24,32,45,19,62,49,28,30,51,49,32,32,35,36,39,47,0,29,26,12,45,29,46,38,36,36,36
1036,34,38,28,41,8,57,28,18,46,33,39,18,38,18,22,32,16,29,28,18,26,48,38,18,62,30,7,39,36,36,31,25,51,42,28,9,54,38,25,13,51,47,38,27,16,29,8,36,40,23,52,42,38,48,29,20,17,14,30,11,35,75,18,28,36,41,25,6,40,24,32,45,19,62,49,29,30,52,49,32,32,35,37,39,47,0,29,26,12,45,29,46,38,37,36,37
1037,35,38,28,40,8,57,28,18,46,33,40,18,38,18,22,32,16,29,28,18,26,49,37,19,61,30,7,39,36,36,31,25,51,42,28,9,54,38,25,13,51,47,38,27,16,29,9,36,41,23,52,42,38,49,29,20,17,14,30,11,35,75,19,29,36,41,25,6,40,24,32,44,19,62,49,30,30,52,49,32,32,35,37,39,47,0,29,25,12,44,29,46,38,37,36,37
1038,35,38,28,40,8,58,28,18,46,33,40,18,38,18,22,32,16,30,28,18,26,49,37,19,62,30,7,39,36,36,31,26,51,42,28,9,55,38,25,13,51,47,38,27,16,28,9,36,41,23,52,42,39,49,29,20,17,14,29,11,36,75,20,29,36,42,25,6,40,24,32,44,19,62,49,30,30,53,48,33,32,35,37,38,47,0,29,25,12,44,29,46,38,37,36,37
1039,35,38,28,40,8,58,28,18,46,33,40,18,38,18,22,32,16,30,28,18,26,49,37,19,62,30,7,39,36,37,31,26,51,42,28,10,55,38,25,13,53,47,39,28,16,28,9,37,41,23,52,44,39,49,29,20,17,15,30,11,37,76,20,30,36,42,25,6,40,24,32,45,19,62,49,30,30,53,48,33,32,36,36,38,48,0,29,25,12,44,29,46,37,38,36,37
1040,35,38,28,40,8,58,28,18,46,33,40,18,38,18,22,32,16,31,28,18,26,49,37,19,63,30,7,39,36,37,31,26,52,42,30,10,55,38,25,13,53,47,39,29,16,28,9,37,42,24,52,44,39,49,29,21,17,15,30,12,37,75,20,30,36,42,25,6,40,24,33,46,19,62,49,30,30,53,49,34,32,36,36,38,48,0,29,25,12,44,29,46,37,38,36,37
1041,35,39,28,42,8,58,28,18,46,33,40,18,38,18,22,32,16,31,28,18,26,49,38,19,63,31,7,39,36,37,33,26,53,42,29,10,55,38,25,13,53,47,39,29,16,28,9,37,42,24,52,44,38,49,30,21,17,16,30,12,37,76,20,30,36,42,25,6,40,24,33,47,20,64,50,30,30,53,49,35,32,37,36,38,48,0,29,25,12,44,29,46,37,37,37,38
1042,37,39,29,42,8,58,27,18,47,34,40,18,39,19,22,32,16,31,28,18,26,49,38,19,63,31,7,39,36,38,33,28,53,43,29,10,56,38,25,12,54,47,39,29,17,28,9,37,42,24,52,43,38,49,30,21,17,17,30,12,37,76,20,31,36,42,25,6,40,24,33,48,20,64,50,30,30,53,49,36,33,37,37,38,48,0,29,25,12,44,29,46,37,38,37,38
1043,37,39,29,42,8,58,27,18,47,34,40,19,39,19,22,32,16,31,28,19,27,49,39,19,63,31,7,41,36,38,32,28,53,43,29,10,55,38,25,12,54,47,39,29,17,29,9,37,42,23,52,43,38,49,30,21,17,17,31,12,36,76,20,31,36,42,25,6,40,24,33,48,20,64,50,30,30,53,49,36,33,37,37,39,48,0,30,25,12,43,29,46,37,38,37,38
1044,37,39,29,43,9,58,27,18,46,34,40,19,39,19,22,32,16,31,28,19,27,49,40,19,63,31,7,41,36,38,32,28,53,43,30,10,55,38,25,12,54,48,39,29,17,29,9,37,42,23,52,43,38,49,30,21,17,17,31,12,36,75,21,31,37,43,25,6,40,24,33,50,21,63,50,30,30,53,49,36,33,37,37,39,48,0,30,25,12,44,29,46,37,38,37,39
1045,37,39,30,43,9,58,27,18,46,34,40,19,40,19,22,32,16,31,28,19,27,49,40,20,63,32,7,41,36,38,32,28,53,43,30,10,55,38,26,13,54,48,39,29,17,31,9,37,42,22,52,44,37,49,30,21,17,17,31,12,38,75,21,31,37,43,25,6,40,24,33,50,21,64,51,30,30,53,50,36,33,37,37,39,49,0,30,25,12,44,30,47,37,38,37,39
1046,37,39,30,43,9,58,27,18,46,34,40,19,40,19,22,32,16,31,29,19,27,49,40,20,63,32,7,41,36,39,32,27,52,43,30,10,55,38,26,13,54,48,39,29,17,31,9,37,42,22,52,45,36,49,31,21,17,17,31,12,38,75,21,31,37,43,25,6,40,24,34,49,21,67,51,30,31,53,51,36,33,37,38,39,49,0,30,25,12,44,30,48,37,38,37,39
1047,37,39,31,44,9,58,27,17,47,34,40,19,40,19,22,32,16,31,29,19,27,49,40,20,62,32,7,42,37,40,32,27,52,43,30,10,55,39,27,13,54,47,39,29,17,30,9,37,42,22,51,45,36,51,31,20,17,17,31,12,38,76,22,32,37,43,25,6,40,24,34,49,21,67,51,30,31,54,51,36,33,37,38,39,49,0,30,25,12,45,30,48,37,39,37,39
1048,37,39,31,45,9,58,27,17,49,34,40,19,40,20,22,32,16,31,30,19,27,49,40,20,62,32,7,42,37,40,33,27,52,43,30,10,55,39,26,13,54,47,39,29,17,30,9,37,41,22,51,45,36,51,31,20,17,17,31,12,38,76,21,32,37,43,25,6,40,24,34,49,21,67,51,29,31,54,51,36,33,37,38,40,49,0,30,26,12,45,30,48,37,40,37,39
1049,37,39,31,45,9,58,27,17,49,34,39,19,40,20,22,32,16,31,30,19,27,49,41,20,62,33,7,42,37,40,33,27,52,43,30,10,55,39,26,13,54,48,39,29,17,30,9,37,41,22,51,45,36,51,31,20,17,17,31,12,38,76,21,32,37,43,25,6,40,24,34,49,22,67,51,29,31,54,51,35,33,37,38,40,49,0,30,26,13,45,31,48,37,40,37,41
1050,37,40,31,45,9,58,27,17,48,34,39,19,40,20,22,32,17,31,30,19,28,49,42,20,62,32,7,42,37,40,33,27,52,43,30,10,56,39,26,14,54,48,39,30,17,31,9,38,41,22,51,45,36,51,31,20,17,17,31,12,39,76,21,32,38,43,26,6,42,24,34,50,22,66,51,30,31,54,52,35,33,37,38,40,49,0,30,26,13,45,31,48,37,40,37,41
1051,37,40,31,45,9,58,27,17,48,34,39,20,40,20,21,32,17,31,30,19,28,49,43,21,62,32,7,42,37,40,33,27,53,43,30,10,56,39,25,14,54,48,40,31,17,31,9,38,41,22,51,46,36,51,31,20,17,17,31,12,39,76,21,31,39,43,26,6,42,24,34,49,22,66,52,30,31,54,52,35,33,37,38,40,49,0,30,26,13,46,31,48,37,40,37,42
1052,37,41,31,45,9,58,27,17,48,34,39,20,40,20,21,32,17,32,30,19,29,49,43,21,62,32,6,42,37,40,33,27,53,43,30,10,56,40,25,14,54,49,40,31,17,31,9,38,41,21,51,46,36,51,31,20,17,17,31,12,39,77,21,32,39,43,26,6,42,24,34,49,21,66,52,30,31,54,52,36,34,38,38,40,49,0,30,27,13,47,31,48,36,40,37,42
1053,37,41,31,44,9,58,28,17,48,34,39,20,41,20,21,31,17,34,30,19,29,48,43,21,61,31,6,42,37,40,33,27,53,43,31,10,56,40,25,14,53,49,40,31,17,31,9,38,42,21,52,46,36,52,31,20,17,17,31,12,39,77,21,32,39,43,26,6,42,24,34,49,21,66,53,30,31,54,52,36,34,38,38,41,48,0,30,27,13,47,31,48,36,40,37,42
1054,36,41,31,45,9,60,28,17,48,34,40,20,41,20,21,31,17,35,30,19,29,48,43,21,61,32,6,42,37,40,33,26,53,43,31,10,57,40,25,14,53,49,40,31,17,32,9,38,42,21,52,47,36,52,31,20,18,17,31,12,39,78,21,32,39,43,26,6,42,24,34,49,21,66,53,30,32,54,52,36,34,37,38,41,48,0,30,27,13,47,31,48,36,40,37,42
1055,36,41,32,44,9,60,28,17,48,35,40,20,40,20,21,31,18,34,30,19,29,49,43,21,61,32,6,42,36,40,33,26,53,43,33,10,57,40,25,14,53,49,41,31,17,32,9,38,42,20,53,47,36,52,31,21,18,16,31,13,39,78,21,32,40,43,26,6,42,25,34,49,21,66,52,30,32,54,51,36,34,36,38,41,48,0,30,27,13,47,31,48,35,41,37,43
1056,36,41,32,44,9,59,28,17,48,35,40,20,40,21,21,31,18,34,30,19,29,50,44,22,61,31,6,42,36,40,33,26,53,43,34,10,57,40,25,14,53,49,41,31,17,32,9,39,42,20,54,47,36,52,31,21,18,16,31,13,39,79,21,32,40,43,26,6,42,25,33,49,21,66,52,31,33,54,51,36,35,36,38,41,50,0,30,28,13,48,31,49,35,41,37,43
1057,37,41,32,44,9,59,28,17,48,36,40,20,40,21,22,31,18,34,30,19,29,51,44,22,61,31,6,41,36,39,34,26,53,42,34,10,59,40,25,14,54,49,43,32,17,32,9,40,41,21,55,47,36,52,31,21,18,16,31,12,39,79,21,32,40,43,26,6,42,25,33,49,21,66,52,31,33,54,51,36,36,36,38,41,50,0,30,28,13,48,31,49,35,41,39,43
1058,37,41,32,45,10,60,29,17,49,36,40,21,40,21,22,31,18,34,30,19,29,51,44,22,63,31,6,41,36,39,34,26,53,42,34,10,59,39,25,15,54,49,43,32,18,32,9,40,41,21,55,47,36,52,31,21,17,16,31,12,39,78,21,33,40,43,27,6,42,26,33,49,21,66,52,31,33,54,51,36,36,36,38,41,51,0,30,28,13,49,31,50,35,41,39,43
1059,37,41,32,45,10,60,29,17,49,37,40,21,40,21,22,31,18,34,30,19,29,51,44,22,65,31,6,41,36,41,34,26,53,42,34,10,59,39,25,15,54,51,43,32,18,32,9,40,41,21,55,47,36,52,31,21,17,16,32,12,39,79,21,33,40,44,27,6,43,26,33,49,21,67,52,31,33,54,51,36,36,36,38,41,51,0,31,28,13,49,31,50,35,42,39,43
1060,37,41,32,45,10,60,30,17,49,37,40,21,40,21,22,31,18,34,29,19,29,51,44,22,65,31,6,40,36,41,34,26,53,42,34,10,59,40,25,15,54,51,43,34,18,32,9,40,41,21,55,47,37,52,31,21,17,16,32,11,40,79,21,33,40,44,27,6,43,27,33,49,22,67,52,31,33,54,51,36,36,34,38,41,51,0,31,28,13,49,32,50,35,42,40,43
1061,37,41,33,45,10,60,31,17,49,37,40,21,42,22,22,31,18,34,29,20,29,51,44,22,65,31,6,40,36,41,34,26,54,42,35,10,62,40,25,15,54,51,42,34,19,32,10,41,42,21,55,47,38,52,33,21,17,16,32,11,40,80,21,33,41,44,27,6,43,26,33,49,21,67,52,31,33,55,51,36,37,34,38,41,50,0,31,28,13,49,32,50,35,42,41,43
1062,37,41,34,46,10,61,31,17,50,38,40,21,42,23,22,31,18,34,29,20,29,51,44,22,65,31,6,40,37,43,35,26,54,42,35,11,62,40,25,16,54,51,43,34,19,32,10,42,42,22,55,46,38,51,33,21,17,16,32,11,41,81,21,33,41,44,27,6,43,26,33,49,20,67,52,31,33,55,52,36,37,34,38,41,50,0,31,28,13,49,32,50,35,42,41,44
1063,37,41,34,46,9,61,31,17,51,38,40,22,42,23,22,31,18,34,29,20,29,51,44,22,65,32,6,40,37,43,35,26,55,43,36,11,62,40,25,16,54,51,43,34,19,32,10,42,42,22,55,46,38,51,33,21,17,16,33,11,41,82,21,33,41,45,27,6,43,26,33,49,20,66,51,33,33,54,52,36,38,33,38,41,50,0,31,28,13,49,32,52,35,42,41,44
1064,37,41,34,46,8,62,31,17,51,37,40,22,42,23,22,31,18,34,29,20,29,52,44,24,65,32,6,41,39,43,36,26,55,43,36,11,62,40,25,16,54,51,45,34,19,32,10,42,42,22,55,46,38,51,34,21,17,16,33,11,42,82,21,33,41,46,28,6,43,26,33,48,20,67,51,33,33,55,53,36,38,33,39,41,50,0,31,28,12,50,33,52,35,42,41,44
1065,37,41,34,45,8,62,31,18,50,37,41,22,42,23,22,31,18,33,29,22,28,52,44,24,65,32,6,42,39,43,36,26,56,43,37,12,61,40,25,17,55,51,45,34,19,32,10,42,42,22,55,46,39,51,34,21,17,16,33,12,42,82,21,33,41,46,28,6,43,26,34,48,20,68,52,33,33,55,53,36,39,34,40,41,51,0,31,28,12,50,33,52,35,42,41,44
1066,37,41,34,45,8,62,31,18,49,37,41,22,43,23,22,32,18,33,29,23,28,52,44,24,66,32,6,42,39,43,35,26,57,43,37,12,61,41,25,17,55,51,45,34,19,32,11,42,42,22,55,46,39,52,34,21,17,16,33,12,41,82,21,33,41,46,27,6,43,26,34,48,20,69,52,33,33,55,53,36,40,35,42,41,51,0,31,28,12,50,35,52,35,41,42,44
1067,37,41,34,45,8,61,31,18,49,37,41,22,44,23,22,32,18,34,29,23,28,53,44,25,66,32,6,42,39,43,35,26,57,44,37,12,61,41,25,17,54,51,45,34,19,32,11,42,42,22,55,46,39,52,34,21,17,16,33,12,42,82,21,33,42,47,27,6,43,26,34,49,21,69,52,33,33,55,53,36,40,35,42,41,51,0,31,28,12,50,35,52,35,41,42,44
1068,37,41,34,45,8,61,31,18,49,37,41,22,44,23,22,32,18,34,29,23,27,53,44,26,66,32,6,42,39,43,36,26,57,44,37,12,61,41,25,17,54,51,45,34,19,32,11,42,42,23,55,47,39,52,34,21,17,16,33,12,42,83,21,33,42,48,27,6,43,26,35,49,21,69,52,33,33,55,53,36,40,35,42,41,51,0,31,28,12,50,35,52,35,41,42,44
1069,37,41,34,45,8,60,31,18,49,36,41,22,43,23,22,32,18,34,29,23,27,53,44,26,66,33,6,42,39,43,37,27,57,45,37,12,61,41,25,17,54,50,44,35,19,32,11,43,41,23,55,47,39,52,34,21,17,16,33,12,42,83,21,33,42,48,26,6,43,27,35,49,22,69,52,33,33,55,53,36,40,35,42,41,51,0,33,28,12,50,35,52,36,42,42,44
1070,37,41,34,46,8,60,31,18,49,35,41,22,44,23,22,33,17,34,29,23,27,53,44,26,68,32,6,42,39,43,36,27,57,45,37,12,60,42,25,17,53,50,44,35,19,32,11,43,41,23,55,47,39,52,34,21,17,17,33,12,42,83,21,32,42,50,27,6,44,27,35,49,22,69,52,33,33,55,53,37,40,35,43,41,51,0,34,28,12,50,35,52,36,42,42,44
1071,37,41,34,46,8,60,31,18,49,35,40,22,44,23,22,32,17,34,29,23,27,53,45,26,68,32,6,43,39,43,36,27,57,45,37,12,60,42,25,17,53,50,44,36,19,32,11,43,41,23,55,48,39,52,33,21,17,17,33,12,43,83,22,32,41,50,27,6,44,27,35,49,22,69,52,33,33,55,53,37,41,35,43,41,49,0,35,28,12,50,36,53,36,42,42,45
1072,37,42,34,46,8,60,32,18,49,35,40,22,44,23,23,32,17,34,29,23,27,53,45,26,69,32,6,43,39,43,36,27,57,45,37,12,60,42,25,17,53,50,45,36,20,32,11,43,41,23,55,50,39,52,34,21,17,18,33,12,43,83,22,32,41,51,27,6,44,27,35,49,22,69,52,32,32,55,53,37,41,35,43,41,48,0,36,28,12,50,37,53,36,42,44,45
1073,38,42,34,46,8,59,33,19,49,35,40,22,44,23,23,32,17,34,29,23,27,53,46,26,69,32,6,43,39,44,37,27,57,45,37,12,59,43,25,17,54,50,45,36,20,32,11,43,41,23,55,50,39,52,34,21,17,18,33,12,43,83,22,32,41,52,27,6,44,27,35,49,22,69,54,31,32,55,53,37,41,35,43,41,47,0,36,29,12,50,37,54,38,42,44,45
1074,38,43,34,46,8,59,33,19,49,35,40,22,45,23,23,33,17,34,29,23,27,53,46,26,69,32,6,43,39,44,38,27,57,45,37,12,59,43,25,17,54,50,45,36,20,31,11,43,41,23,55,50,39,52,34,21,17,18,33,12,43,83,22,32,41,52,27,6,45,28,35,49,22,70,53,31,32,55,53,37,41,35,43,41,47,0,36,29,12,50,37,54,38,42,43,45
1075,38,43,34,46,8,59,32,19,49,35,40,23,45,23,23,33,17,34,29,23,27,53,46,26,69,31,6,44,39,43,38,28,57,45,37,13,59,43,25,17,53,51,45,36,20,31,11,43,41,23,56,50,39,52,34,21,17,18,33,12,43,83,22,32,42,52,27,6,45,28,35,49,22,70,53,31,32,53,53,37,41,34,43,40,48,0,36,29,12,50,38,54,38,42,44,45
1076,38,43,35,46,8,61,33,19,50,35,40,23,45,23,23,33,17,34,29,23,27,53,46,25,68,31,6,42,39,44,38,28,57,45,37,13,60,43,25,17,52,52,45,36,21,31,11,43,41,23,55,50,39,52,33,21,17,18,33,12,42,83,22,32,42,51,27,6,45,28,35,49,22,70,53,31,33,54,53,37,42,34,44,40,48,0,36,29,12,50,38,54,38,42,44,45
1077,38,43,35,46,8,60,33,19,50,34,40,23,45,23,24,33,17,34,29,23,28,54,46,25,68,31,6,42,39,44,38,28,58,45,37,12,60,43,25,17,52,52,45,35,21,31,11,43,42,24,55,49,39,52,34,21,17,18,33,12,42,83,22,32,42,51,27,6,45,28,34,49,21,70,53,31,33,55,53,37,42,34,44,40,48,0,36,30,12,50,38,54,38,42,44,45
1078,38,43,35,46,8,60,33,19,50,34,40,23,45,23,25,33,17,34,29,23,27,54,46,25,68,31,6,42,39,44,39,28,58,46,37,12,60,43,25,18,52,52,45,37,21,32,11,43,42,24,55,48,39,52,34,21,17,18,33,12,42,83,22,32,41,51,27,6,45,28,35,49,21,70,53,31,33,56,53,37,42,34,44,40,48,0,35,31,12,50,38,54,38,42,45,45
1079,38,44,35,46,8,60,33,18,50,34,40,24,44,23,25,33,17,34,30,23,27,54,46,25,68,31,6,43,39,45,39,28,58,46,37,13,60,43,25,18,53,52,45,37,22,32,11,43,42,24,55,48,39,52,34,21,17,17,33,12,42,83,22,32,41,51,27,6,45,28,35,49,21,70,53,31,33,56,53,37,42,35,44,40,48,0,35,31,12,50,38,54,38,42,45,45
1080,38,44,35,46,8,60,33,18,50,34,40,24,44,23,25,33,17,34,30,23,27,54,46,25,69,31,6,43,39,45,39,29,58,46,38,13,60,43,25,18,53,52,45,37,22,32,11,43,42,24,56,48,39,52,34,21,16,17,33,12,42,83,22,33,40,51,27,6,45,29,36,49,21,70,54,33,34,56,53,37,42,35,44,40,48,0,36,31,12,49,38,55,39,42,45,45
1081,38,44,35,46,8,61,33,18,50,34,40,24,44,24,25,33,17,34,30,23,27,52,46,25,70,32,6,43,40,45,39,29,58,46,40,13,60,43,25,18,53,51,46,37,22,32,11,43,42,25,56,48,40,52,34,21,15,18,33,13,42,82,22,33,40,51,27,6,45,29,36,49,23,70,55,33,35,56,53,37,42,35,46,40,48,0,36,31,12,48,39,55,39,42,46,45
1082,38,45,35,46,8,61,33,18,51,34,40,24,44,24,25,33,17,35,30,23,27,52,46,26,70,32,6,43,40,45,39,30,59,46,40,13,60,43,26,18,53,51,46,38,22,32,11,43,41,26,56,48,40,52,34,21,15,18,33,13,42,82,23,33,40,52,27,6,45,29,36,50,23,69,55,33,35,56,53,38,42,35,46,40,48,0,36,31,13,47,39,55,39,42,46,45
1083,38,45,35,46,8,62,33,18,50,35,39,24,44,24,26,33,17,35,30,23,27,52,47,26,71,32,6,44,40,45,39,30,59,46,40,13,60,43,26,18,53,52,48,38,22,34,11,43,42,27,56,48,41,53,35,21,15,18,33,13,42,83,23,33,42,52,27,6,45,29,36,50,24,69,55,33,35,57,53,38,42,36,46,39,48,0,37,31,13,47,39,56,39,41,45,46
1084,38,45,35,46,8,62,33,18,50,35,39,24,43,24,27,33,17,35,30,22,27,52,47,26,70,32,6,44,40,45,41,30,59,46,41,12,59,43,26,19,53,53,48,37,22,34,11,44,43,28,56,48,41,53,36,21,15,18,33,13,42,83,24,34,42,52,27,6,45,29,37,51,24,69,55,33,35,57,53,38,42,36,46,39,48,0,37,31,13,47,39,56,40,42,46,46
1085,38,46,36,46,8,62,33,18,50,35,40,24,43,24,27,33,17,35,30,22,28,52,47,26,69,32,6,44,40,46,43,30,59,46,41,12,59,43,26,19,53,53,48,37,22,34,11,44,43,28,56,47,41,53,36,21,15,18,33,14,42,84,24,34,43,51,27,6,45,29,37,52,24,69,55,33,36,57,53,38,42,36,46,39,48,0,37,31,13,47,39,56,40,41,46,46
1086,39,46,36,46,8,61,33,18,50,35,40,23,43,24,27,33,17,35,30,22,28,52,46,26,69,32,6,45,40,46,44,30,59,46,41,12,59,44,26,19,53,53,47,37,22,34,11,45,43,29,56,47,41,53,35,21,15,18,34,14,42,84,24,34,43,51,27,6,45,29,37,52,24,69,55,33,36,57,53,38,42,36,46,39,48,0,37,31,13,48,39,56,40,41,45,46
1087,39,46,36,46,8,61,33,18,49,35,41,23,43,24,27,33,17,35,31,22,28,52,46,27,70,31,7,43,40,46,44,31,60,46,41,12,59,45,26,19,53,51,48,37,23,33,11,45,43,29,56,47,41,56,35,21,15,18,34,14,42,84,24,34,43,52,27,6,45,29,38,52,24,69,54,33,35,57,53,38,42,36,46,39,49,0,37,31,13,50,39,56,40,42,45,46
1088,39,47,36,46,8,61,33,18,50,35,42,23,43,24,27,34,17,35,31,22,28,52,46,27,69,31,7,43,40,47,44,31,60,46,42,12,59,46,26,19,51,51,48,37,23,33,11,45,43,29,56,47,41,56,36,22,15,18,33,14,42,84,24,34,43,52,27,6,45,29,38,52,24,69,54,34,35,57,53,38,42,36,46,39,49,0,37,31,13,49,39,56,40,42,45,46
1089,39,48,36,46,8,61,33,18,49,36,42,23,43,24,27,34,17,35,32,22,28,52,46,27,69,31,7,43,40,47,44,31,60,47,42,12,60,46,28,18,52,51,48,37,23,33,11,45,43,29,56,47,41,56,36,22,15,18,33,14,42,85,24,34,43,52,27,7,46,30,39,53,24,69,54,34,35,57,53,38,42,36,46,39,49,0,37,31,13,49,39,56,40,42,46,46
1090,40,49,36,46,7,61,33,18,50,36,42,23,43,24,27,34,17,35,32,23,28,52,46,27,69,31,7,43,40,47,44,31,60,48,42,12,60,46,28,18,52,51,48,37,23,33,11,45,43,29,55,47,41,57,36,23,15,18,33,14,42,85,24,34,44,52,27,7,46,30,39,53,24,69,55,34,35,57,53,38,42,36,46,39,49,0,37,31,13,49,39,56,40,42,46,46
1091,40,49,37,47,7,61,33,18,50,36,42,23,43,24,27,34,19,36,32,23,28,51,46,28,68,31,7,43,40,47,44,31,62,48,42,12,60,46,28,18,53,51,48,37,23,34,11,45,43,29,55,47,41,56,36,23,15,18,34,14,41,85,24,34,44,53,27,7,46,30,39,53,24,69,55,34,35,57,52,38,42,36,46,39,50,0,37,31,13,49,39,56,40,43,46,46
1092,40,49,37,47,7,61,33,18,50,36,42,23,43,24,27,34,19,37,32,23,28,51,46,28,68,30,7,43,40,47,44,32,63,49,42,12,61,47,28,18,53,51,48,37,23,33,11,45,43,29,55,47,41,57,35,23,15,18,35,14,41,85,24,34,45,53,27,7,46,30,39,53,24,69,55,34,35,57,52,38,42,36,45,40,51,0,37,31,12,49,40,56,40,43,46,46
1093,41,49,37,47,8,60,33,18,50,37,42,23,43,24,27,34,19,37,32,23,28,51,46,28,68,30,7,43,41,47,44,32,63,49,42,12,62,48,28,18,53,51,48,37,23,33,11,45,43,29,55,46,41,57,35,23,15,18,36,14,41,85,25,34,45,53,27,7,46,30,39,53,24,69,55,34,36,57,52,39,43,36,45,40,51,0,37,31,11,49,40,57,41,44,46,46
1094,41,49,37,47,8,61,33,18,48,37,42,23,43,24,27,34,19,37,32,23,28,51,46,28,68,30,7,42,41,47,44,32,62,50,42,12,62,48,28,18,53,50,48,37,23,33,11,46,42,29,55,47,41,59,35,22,15,18,36,14,41,85,25,34,46,54,27,7,47,30,39,53,24,69,55,35,36,57,52,39,43,36,45,40,51,0,37,31,11,51,40,59,42,44,46,48
1095,41,49,36,47,9,61,33,18,49,37,42,23,43,24,27,35,19,37,32,23,30,51,45,28,67,31,7,42,41,47,44,32,62,51,42,13,62,49,28,18,53,49,48,37,23,34,11,46,42,29,55,47,41,58,35,22,15,18,36,14,41,85,25,34,46,55,27,7,47,30,39,55,25,68,55,35,36,59,52,40,43,36,45,40,51,0,37,31,11,51,40,58,42,44,46,48
1096,41,49,36,47,9,61,33,18,49,37,42,24,43,24,27,35,19,39,32,24,30,51,45,28,69,31,7,42,41,47,43,32,63,52,42,13,62,49,28,18,53,50,48,38,24,34,11,46,42,29,55,47,41,58,36,22,15,19,37,14,41,85,25,34,46,54,27,8,47,30,39,55,26,68,54,35,36,60,54,40,42,36,45,40,51,0,37,31,11,51,40,59,43,44,46,49
1097,42,49,37,47,9,61,33,18,49,37,42,24,43,25,27,35,19,39,32,24,30,51,44,27,69,31,7,44,41,47,43,32,63,52,42,13,62,49,28,18,53,49,48,39,24,34,11,46,42,29,55,47,42,58,36,22,15,19,37,14,40,86,26,34,46,53,27,8,46,30,40,55,26,68,54,35,36,60,54,41,43,36,45,40,52,0,37,31,11,51,40,59,43,43,46,49
1098,42,49,37,47,9,61,33,18,50,37,42,25,43,25,28,36,19,39,32,24,30,51,44,27,69,31,8,44,41,47,43,32,63,52,42,13,60,47,28,17,53,49,48,40,24,34,11,46,42,29,55,47,42,58,37,21,15,19,37,13,40,87,26,34,46,53,27,8,46,30,40,55,26,68,54,35,36,61,54,41,44,37,45,40,52,0,37,32,11,51,40,58,43,42,46,50
1099,42,49,36,47,9,61,33,18,50,37,43,25,42,25,28,36,19,39,32,24,30,51,45,27,69,32,8,44,41,48,43,32,63,53,43,13,60,47,28,17,53,49,48,40,24,36,11,47,42,30,55,47,42,58,37,21,15,19,37,13,40,87,26,34,46,53,27,8,46,30,40,55,25,68,54,35,36,61,53,41,44,37,45,41,53,0,37,32,11,51,40,58,43,42,46,50
1100,42,48,36,47,9,61,33,18,50,37,46,25,42,25,28,36,19,39,32,24,30,52,45,27,70,32,8,44,41,48,44,32,63,53,43,13,59,48,28,17,54,50,48,41,24,36,11,49,43,30,55,47,42,58,37,21,16,19,37,13,40,88,26,34,46,53,27,8,46,30,40,56,25,67,54,35,37,61,53,41,45,37,45,41,54,0,37,33,11,50,40,58,43,42,46,50
1101,43,48,37,47,10,61,33,18,50,37,46,25,42,25,28,36,19,39,31,24,30,52,45,27,70,32,8,44,41,48,44,32,63,53,44,13,60,48,28,17,54,50,48,41,24,36,11,49,45,30,55,47,42,58,37,22,16,19,37,13,40,88,26,34,45,53,27,8,46,30,40,56,25,67,55,35,37,62,53,41,45,36,45,41,54,0,37,33,11,50,40,58,43,42,47,50
1102,45,48,37,47,10,61,34,18,50,37,46,25,42,25,28,36,19,40,30,24,30,52,46,29,69,32,8,45,41,48,44,33,64,54,44,13,60,48,28,18,53,50,48,41,24,36,11,50,45,30,54,47,42,58,37,22,16,19,37,13,40,89,25,33,45,53,27,8,46,30,40,56,25,67,55,35,37,62,54,42,46,36,46,41,54,0,38,34,11,50,40,58,43,42,47,50
1103,45,48,37,47,10,61,34,18,50,37,45,25,42,25,29,36,19,40,30,24,30,52,46,29,69,32,8,45,41,48,44,33,65,54,43,13,60,48,27,19,53,50,48,42,24,36,10,51,45,30,54,47,42,58,37,22,16,19,37,13,40,89,25,32,45,53,27,8,46,30,40,56,26,67,55,35,37,62,54,42,46,36,46,41,54,0,38,34,11,50,40,58,43,42,47,50
1104,46,48,37,47,10,61,34,18,50,36,45,25,42,26,29,36,19,40,30,24,30,52,46,29,69,32,8,45,42,48,44,33,65,55,43,13,60,48,27,19,54,50,48,42,23,36,10,51,45,30,54,47,42,59,36,22,16,19,37,14,40,89,26,32,45,53,28,8,45,30,41,57,26,66,55,35,37,62,55,42,46,36,46,41,54,0,38,34,12,50,40,58,43,42,47,50
1105,46,48,37,48,10,61,34,18,50,36,45,25,42,26,29,36,19,41,30,25,31,52,47,29,69,32,8,45,41,48,44,34,66,55,43,13,61,49,27,19,54,50,48,42,23,36,10,51,45,30,55,47,42,58,38,24,16,19,37,14,40,89,26,32,45,53,28,8,44,30,41,57,26,66,56,36,37,62,56,42,47,36,47,41,53,0,38,34,12,50,41,58,43,42,47,49
1106,46,48,37,47,11,61,34,18,50,36,45,25,42,26,29,36,19,41,30,25,31,52,47,29,69,33,8,45,41,48,43,34,66,55,43,13,62,50,27,19,54,50,48,42,24,37,10,51,45,30,56,47,42,58,38,24,16,19,38,14,40,89,26,32,45,53,28,8,43,30,41,57,26,66,57,36,37,62,57,42,47,36,47,41,53,0,37,34,12,50,41,59,44,43,47,49
1107,46,49,37,47,11,61,34,18,50,36,45,26,42,26,29,37,19,41,30,25,31,53,47,28,68,33,9,46,42,48,43,34,66,55,43,13,62,50,27,20,54,50,48,42,24,37,10,51,45,30,57,46,42,58,38,24,16,19,38,14,41,89,26,32,45,53,28,8,43,30,41,57,26,66,57,37,37,62,57,43,46,36,47,41,52,0,37,34,12,50,41,59,43,44,47,49
1108,46,49,37,47,11,61,34,18,50,36,46,27,42,26,29,37,19,41,30,25,31,52,47,28,68,33,9,46,42,49,43,33,66,55,43,13,62,49,28,20,54,51,48,42,24,37,10,51,45,30,57,46,42,58,38,24,16,19,38,14,41,89,26,32,45,53,28,8,43,30,41,57,26,65,58,37,37,62,57,43,47,36,47,41,52,0,37,34,12,50,41,59,44,44,47,47
1109,46,50,37,47,11,61,34,18,50,37,47,27,42,26,29,37,19,41,30,25,31,52,47,28,68,33,9,46,42,49,43,33,66,54,44,14,62,49,28,20,54,51,49,42,24,37,10,51,44,30,57,46,42,59,38,24,16,19,40,14,42,89,26,32,45,53,28,8,43,30,41,57,26,65,58,37,37,62,58,43,48,36,47,41,52,0,37,35,13,50,41,59,44,44,47,47
1110,45,50,37,48,11,61,34,18,51,36,47,27,42,26,30,36,19,41,30,25,31,52,45,28,68,33,10,46,42,50,44,33,67,55,44,14,62,49,28,21,54,51,49,43,24,37,11,52,44,30,57,46,42,60,38,24,17,19,40,14,41,89,26,32,46,53,28,8,43,30,41,57,26,65,59,38,37,62,58,43,47,36,47,41,52,0,37,35,13,52,41,59,44,45,47,47
1111,45,50,37,48,11,60,34,18,51,36,47,27,44,26,30,36,19,41,30,25,31,52,45,28,68,34,10,46,42,50,45,33,67,55,44,15,62,49,28,21,55,50,49,43,24,37,11,53,44,30,57,45,42,59,38,24,18,20,41,14,41,89,26,32,46,53,28,8,43,30,41,57,26,66,58,38,37,62,58,43,47,37,48,40,52,0,37,36,13,52,41,59,44,45,46,47
1112,45,50,37,48,11,60,34,18,51,35,47,27,44,26,32,36,19,41,30,25,31,52,46,28,68,34,10,47,42,50,45,33,67,55,44,15,62,49,28,22,55,50,48,43,24,37,11,54,44,31,59,46,42,59,38,25,18,20,41,14,43,89,26,33,46,53,28,7,43,30,41,58,26,67,58,38,36,61,58,43,47,37,49,40,52,0,37,36,13,52,42,59,44,45,47,47
1113,44,50,37,48,11,60,34,17,51,35,47,26,44,26,32,36,19,41,30,25,31,52,46,27,68,34,10,47,43,50,45,33,66,54,44,15,62,49,28,23,55,50,48,43,24,37,11,54,44,31,59,46,43,59,38,26,18,20,42,14,43,89,27,33,46,53,28,7,43,30,41,58,26,67,59,38,36,61,58,43,47,38,49,40,52,0,37,36,13,53,43,59,44,45,47,48
1114,44,50,37,49,11,60,33,17,53,35,47,26,44,27,32,36,19,42,30,25,31,52,45,27,68,34,10,48,43,50,45,33,66,53,44,15,62,48,28,23,55,50,48,43,24,37,11,54,44,32,60,46,43,59,38,26,18,20,42,14,44,88,27,33,46,53,28,7,43,31,41,58,26,68,59,38,37,61,58,44,47,38,50,40,52,0,37,36,13,53,43,59,44,46,47,48
1115,44,50,36,49,11,59,34,17,53,35,47,26,45,27,32,36,20,43,30,25,33,53,45,27,68,34,10,49,43,50,45,33,67,52,44,16,62,48,28,24,55,51,48,43,24,37,11,54,44,32,60,45,43,59,38,26,18,20,42,12,44,88,28,34,47,53,28,7,42,31,41,58,26,68,60,38,37,61,57,44,47,38,50,40,52,0,37,36,13,53,43,60,44,47,47,47
1116,44,50,35,50,11,59,35,17,53,35,47,26,46,27,32,37,20,43,30,25,33,53,45,27,68,34,10,49,43,50,45,33,67,53,44,16,62,48,28,24,55,51,49,43,24,38,11,54,45,33,59,45,43,59,37,26,18,20,42,12,44,90,28,34,47,53,28,7,41,31,42,58,26,69,60,38,36,60,57,44,47,38,50,40,52,0,37,36,13,53,43,60,44,46,48,47
1117,44,51,35,51,11,59,35,17,53,35,48,26,47,27,32,37,21,43,30,25,33,52,45,26,68,34,10,49,43,50,45,33,69,53,44,16,63,49,30,24,54,51,49,43,24,38,11,55,45,33,59,45,44,59,37,26,18,20,42,13,45,91,28,34,47,53,28,7,41,31,42,58,26,69,61,38,36,60,57,44,47,38,50,40,52,0,38,36,13,53,43,60,44,46,48,47
1118,44,52,35,51,12,59,35,17,54,34,48,26,47,28,31,37,21,43,30,26,33,52,45,25,68,34,10,49,43,50,45,33,69,53,44,16,64,50,30,25,54,51,49,42,23,38,11,55,45,33,59,45,44,59,37,26,18,20,42,13,46,91,28,34,46,53,28,8,41,31,43,58,26,69,60,38,36,60,57,44,47,38,51,41,52,0,38,36,13,53,43,60,44,46,49,47
1119,44,52,35,51,12,59,35,17,54,33,48,26,48,28,31,37,21,43,31,26,33,52,44,26,67,35,10,49,43,50,45,33,69,54,44,16,64,50,30,25,54,51,50,42,23,38,11,55,45,33,59,46,44,59,37,26,18,21,42,13,46,91,28,35,47,53,28,8,40,31,43,58,27,69,60,38,36,60,57,44,46,38,51,42,51,0,37,36,13,54,43,60,44,46,49,47
1120,44,52,35,51,12,59,35,17,54,33,48,26,48,28,31,37,21,43,32,26,33,52,44,26,67,35,10,49,43,50,45,33,69,54,44,16,64,49,30,25,54,51,50,42,23,39,11,55,46,33,59,47,43,59,39,26,18,21,42,13,46,92,28,35,48,52,27,8,40,31,42,58,27,69,61,38,37,61,56,44,46,38,51,41,51,0,37,36,13,54,42,60,46,46,49,47
1121,44,52,35,51,12,59,35,17,54,33,48,26,48,28,31,37,21,43,32,26,33,53,44,26,67,35,10,49,43,50,45,34,70,53,44,16,63,49,31,25,54,52,50,42,23,39,11,55,46,33,59,47,44,58,39,26,18,21,43,13,47,92,28,35,48,53,27,8,40,31,42,58,28,69,61,38,37,61,57,44,46,38,51,41,51,0,38,35,13,54,43,59,46,46,49,47
1122,44,51,35,51,12,59,35,18,54,34,48,26,48,28,31,37,21,44,32,26,33,52,43,26,67,35,10,48,43,50,45,34,70,53,44,16,64,50,31,26,54,52,50,43,23,40,11,55,46,33,59,47,44,59,39,26,18,21,43,13,47,93,28,35,48,53,28,8,40,31,42,58,27,69,61,38,38,61,57,44,46,38,51,41,51,0,38,35,13,55,44,60,47,46,49,47
1123,44,51,34,52,12,59,35,18,54,34,48,26,48,28,32,38,21,44,32,26,33,52,43,26,67,35,10,49,44,51,45,34,71,53,44,16,64,50,32,26,54,53,50,42,23,40,11,55,46,32,60,47,44,58,39,26,19,21,43,13,46,93,28,35,48,53,28,8,40,33,42,58,27,69,61,38,38,61,57,44,46,38,51,41,51,0,38,35,13,56,45,60,47,46,49,48
1124,44,51,34,52,12,59,35,18,54,34,48,26,48,29,32,38,21,44,32,26,33,51,44,26,66,35,10,49,44,51,45,34,72,53,44,16,63,50,32,26,54,53,51,42,23,39,11,55,46,32,60,48,44,58,39,26,19,22,43,13,46,93,28,34,48,53,28,8,40,33,42,58,27,70,61,38,38,61,57,44,46,38,51,42,50,0,38,35,13,56,45,60,47,46,49,48
1125,44,51,34,52,12,58,35,18,53,34,47,26,47,29,32,40,21,45,32,26,33,51,44,26,66,35,11,50,45,52,45,34,73,52,45,16,63,50,33,27,54,53,50,42,23,39,12,55,47,32,60,49,44,59,39,26,19,23,43,14,46,93,28,34,48,53,28,8,41,33,42,57,28,70,61,38,38,61,57,44,45,37,51,43,50,0,38,35,13,56,45,60,47,46,49,48
1126,44,51,35,54,12,58,35,19,53,34,47,26,46,29,32,41,24,45,34,26,33,51,44,26,66,35,11,51,45,52,45,34,73,52,45,17,63,50,34,27,54,54,50,43,23,38,11,55,47,33,60,49,44,60,39,27,19,23,43,14,46,94,29,34,48,53,28,8,41,34,42,57,30,70,61,38,39,62,57,44,45,37,51,43,50,0,39,35,13,56,45,61,47,46,49,48
1127,44,51,35,54,12,57,35,19,53,35,47,28,46,30,32,41,24,45,35,27,33,50,44,27,67,35,11,50,45,53,45,34,73,52,46,17,65,50,34,27,54,54,50,43,23,39,11,55,48,33,60,49,45,60,39,27,19,23,43,14,46,94,29,33,48,53,28,8,41,34,42,56,30,70,61,38,39,62,57,45,45,37,51,44,50,0,39,35,13,57,45,61,47,46,49,48
1128,44,50,35,54,12,57,35,19,54,35,47,29,46,30,32,41,24,44,35,27,33,52,45,27,67,35,11,50,45,53,45,34,73,52,47,17,65,50,34,27,54,54,50,43,23,39,11,55,48,33,60,49,46,59,40,27,19,23,43,14,46,93,29,33,48,53,28,8,41,34,42,56,30,70,61,38,39,62,57,46,44,39,52,44,50,0,39,35,13,58,44,61,47,47,49,49
1129,45,50,35,55,12,58,35,19,55,35,47,29,46,30,32,41,24,45,35,27,34,53,45,27,67,35,11,51,44,53,45,34,72,52,47,17,65,50,33,27,54,54,50,43,23,39,11,55,48,33,60,49,46,59,40,27,19,23,43,14,46,92,29,33,48,54,28,8,41,34,42,56,30,70,61,38,39,62,58,46,43,39,52,44,50,0,39,35,13,58,44,59,47,47,49,49
1130,45,50,35,55,12,58,35,19,55,34,47,30,46,30,32,41,24,45,35,28,34,54,46,27,66,35,11,51,44,52,45,34,72,52,47,17,65,50,33,28,54,53,50,43,23,39,11,55,48,34,60,50,46,59,41,27,19,23,43,14,46,92,29,33,48,54,28,8,43,34,42,57,30,70,61,38,41,62,58,47,43,39,53,44,50,0,39,35,13,58,44,59,47,47,49,50
1131,46,49,35,56,12,59,35,19,55,34,48,30,46,30,32,41,24,45,35,28,34,55,46,27,65,35,11,51,44,52,45,34,72,52,47,17,65,50,33,28,54,53,50,43,23,39,11,55,49,34,60,49,46,59,41,27,19,23,45,15,46,93,29,33,48,54,28,8,43,34,44,57,30,70,62,38,41,62,58,47,44,39,53,44,50,0,39,35,13,58,44,59,47,47,49,50
1132,46,50,35,56,12,59,35,19,55,34,48,30,46,30,33,41,24,45,37,29,34,55,46,26,66,35,11,51,44,52,45,34,72,52,47,17,65,50,34,28,54,52,50,43,23,39,11,55,49,34,60,49,46,60,41,27,19,23,45,15,46,92,28,33,48,54,28,8,43,34,44,57,30,71,62,39,41,62,58,47,44,39,53,44,50,0,39,37,13,58,44,58,47,47,49,50
1133,46,50,35,57,12,59,35,19,55,34,48,30,46,30,34,41,24,45,37,29,34,56,46,26,66,35,11,51,44,52,45,34,72,52,47,17,66,51,34,28,54,52,50,43,23,39,11,55,49,34,60,49,47,60,41,27,19,23,45,15,47,92,28,33,48,54,28,8,43,33,44,58,30,71,63,39,42,62,58,47,44,39,53,44,50,0,39,37,13,58,44,58,47,48,49,51
1134,46,50,34,57,12,59,35,19,56,35,48,30,46,30,34,41,24,45,37,29,34,56,46,26,66,35,11,51,44,52,45,35,72,52,47,17,65,51,34,28,54,53,49,43,23,39,11,55,50,35,60,50,47,61,41,27,19,23,45,15,47,93,28,33,48,54,28,8,43,33,45,59,30,70,63,39,41,62,58,48,44,38,53,44,51,0,39,37,14,58,44,58,47,48,49,51
1135,46,52,34,57,12,59,35,19,56,35,48,30,47,30,34,41,24,45,37,29,34,56,46,27,66,35,11,51,44,52,45,35,72,52,47,18,64,51,34,28,55,53,49,43,23,39,11,54,50,36,60,50,47,61,41,27,19,24,44,16,47,93,28,33,48,54,28,8,44,33,46,59,30,70,63,39,41,62,58,48,44,38,54,44,51,0,39,37,14,58,44,58,47,48,51,51
1136,46,52,34,57,12,60,36,19,56,35,49,30,47,31,34,41,24,45,37,29,34,57,46,27,67,36,11,51,44,52,46,35,72,52,47,18,64,51,34,28,55,53,49,43,23,39,12,54,51,36,60,50,46,61,41,28,19,24,44,16,47,93,29,34,49,54,29,8,45,33,46,59,30,70,63,39,42,62,58,48,44,38,55,44,51,0,38,37,14,59,44,58,47,48,51,50
1137,47,52,34,57,12,60,37,19,57,35,48,31,47,31,34,41,24,45,38,29,34,58,47,27,67,37,11,51,45,52,46,35,73,52,47,18,65,51,35,28,55,53,50,43,23,39,12,54,51,36,60,51,47,61,41,28,20,24,43,16,47,93,29,34,49,54,29,8,45,33,46,59,30,71,65,40,42,62,58,48,44,38,54,44,50,0,38,37,14,59,45,58,47,48,51,50
1138,47,52,34,57,12,60,37,19,58,35,48,31,47,31,35,41,24,46,38,29,34,58,49,28,67,37,11,50,45,52,46,35,73,51,47,18,66,51,35,27,56,54,50,43,23,39,12,54,51,36,60,51,47,61,41,28,20,24,43,16,47,93,29,34,49,54,29,8,45,33,47,60,30,72,66,41,42,62,58,48,44,38,54,44,50,0,38,37,14,60,45,58,47,48,51,50
1139,47,52,34,57,11,60,37,19,58,35,48,31,47,31,35,41,24,46,37,29,34,58,49,28,67,37,11,51,45,52,46,36,73,50,47,18,66,50,35,27,56,54,50,43,24,39,12,54,51,36,60,51,47,61,41,28,20,24,43,16,48,93,29,34,49,54,29,8,45,33,47,60,30,72,66,41,42,62,58,48,44,38,54,44,51,0,38,37,14,60,45,59,47,48,51,50
1140,47,53,34,57,11,62,37,19,58,35,48,31,47,31,35,40,24,46,37,29,34,58,49,28,66,37,11,52,45,50,46,35,72,50,47,18,66,50,35,27,56,54,51,42,24,39,13,54,51,36,60,51,47,61,42,28,20,24,43,16,48,93,29,34,49,54,29,8,45,33,47,60,30,72,67,41,42,62,57,48,44,38,54,44,51,0,38,37,14,60,46,59,47,48,51,50
1141,47,54,34,57,11,62,37,19,58,35,48,32,47,33,35,40,24,46,37,29,35,59,49,28,66,37,11,52,45,50,46,35,72,49,47,18,66,50,34,27,56,54,51,43,25,38,13,54,51,37,60,51,47,61,43,28,20,24,43,16,48,93,29,34,49,56,29,8,45,33,47,61,30,70,67,41,42,62,58,48,45,38,54,44,51,0,38,37,14,60,46,59,46,48,51,50
1142,47,54,34,58,11,62,37,19,58,35,48,32,46,34,35,40,24,47,37,29,36,59,49,28,66,37,11,52,46,50,45,35,71,49,47,18,67,51,34,27,55,54,51,43,25,38,13,54,51,37,61,51,47,61,44,28,20,24,43,16,48,92,29,34,49,55,29,8,45,33,47,61,30,69,68,41,43,61,58,48,46,38,54,45,51,0,38,38,14,60,46,60,46,48,51,50
1143,47,54,34,58,11,62,37,20,58,35,48,32,46,34,35,40,24,47,38,30,35,59,49,28,65,37,11,52,46,49,45,35,71,49,47,18,67,51,34,27,55,54,51,43,26,38,13,54,51,37,61,51,47,60,44,28,20,25,43,17,48,92,30,34,49,56,29,8,44,33,47,61,30,71,68,41,43,60,58,48,46,38,54,46,51,0,39,39,14,60,46,60,46,48,51,50
1144,47,54,34,58,11,63,38,20,59,35,48,32,46,34,35,40,24,47,38,30,35,59,49,28,65,38,12,52,46,49,45,36,71,49,47,18,67,51,35,27,55,54,51,42,26,38,14,55,51,37,61,51,47,60,44,28,21,25,43,17,49,92,30,35,49,57,28,8,44,33,48,61,30,71,69,41,43,60,59,48,46,39,53,47,50,0,40,39,15,60,46,59,46,48,51,50
1145,47,54,34,58,12,63,38,20,59,35,48,32,46,34,35,40,24,47,38,30,35,60,49,28,66,38,12,52,46,49,46,36,72,49,47,18,67,51,35,27,56,54,51,42,26,38,14,55,51,38,61,52,47,61,43,28,21,25,43,17,50,91,30,35,49,57,28,8,44,33,48,61,30,71,69,41,43,61,59,48,46,39,53,48,50,0,40,39,15,60,46,61,46,48,50,50
1146,47,54,34,58,12,63,38,20,59,35,48,33,46,34,35,40,24,48,38,30,35,60,49,28,66,39,12,54,46,49,46,36,72,49,47,18,67,51,35,28,58,54,51,42,28,38,14,54,52,38,61,53,46,61,43,28,21,25,43,17,50,91,30,35,50,57,28,8,45,34,49,61,30,71,69,41,43,61,60,48,46,39,54,48,50,0,40,39,15,60,47,61,46,48,50,50
1147,47,54,34,58,12,64,38,20,59,35,48,33,46,34,35,40,24,49,38,30,36,60,49,28,67,39,12,54,46,49,46,36,72,48,48,18,65,51,35,28,58,54,51,42,28,38,14,54,52,38,61,55,46,62,43,28,21,25,43,19,50,91,30,35,50,57,28,8,45,34,49,61,30,71,69,41,43,61,60,48,47,40,54,49,51,0,40,40,15,61,47,61,46,48,50,50
1148,46,55,34,58,12,64,39,20,61,35,48,33,46,34,35,40,24,49,38,30,35,60,49,28,67,40,12,53,46,49,46,35,72,48,48,18,65,51,36,28,57,56,51,42,28,38,14,54,52,38,62,55,46,62,43,28,22,26,43,19,50,91,30,35,51,57,28,8,45,34,48,62,30,71,69,40,43,61,60,48,47,41,54,49,52,0,39,40,15,61,47,61,47,48,50,50
1149,46,55,34,58,12,64,39,20,62,35,48,33,46,34,35,40,25,50,39,30,35,60,50,28,66,40,12,53,46,49,46,36,72,48,48,18,65,52,35,28,57,56,51,42,28,38,14,54,52,39,62,55,46,63,43,28,23,26,43,19,51,91,30,35,50,58,28,8,46,34,47,62,30,71,69,40,43,61,60,48,48,41,54,49,52,0,40,40,15,61,47,61,47,48,51,50
1150,46,55,34,58,12,64,39,21,62,35,47,33,46,34,35,41,25,50,39,30,35,61,50,28,66,40,12,53,47,49,46,36,72,48,48,18,65,53,35,28,58,56,51,42,28,38,14,54,52,39,63,55,46,63,42,28,23,26,43,19,52,91,31,36,50,58,28,8,46,34,47,62,30,71,69,40,43,62,60,49,48,40,54,49,52,0,40,40,15,61,47,62,47,48,51,50
1151,46,55,34,58,12,65,39,21,63,35,47,33,45,34,36,41,25,51,39,30,35,62,49,28,66,40,12,53,48,50,47,36,72,48,48,18,63,53,36,28,58,56,51,42,29,37,14,54,52,39,63,55,46,64,42,27,24,25,43,19,52,91,31,36,51,58,28,8,46,33,47,63,30,72,69,40,44,61,60,49,51,41,55,49,52,0,40,40,17,61,47,62,49,48,52,50
1152,46,56,35,57,12,66,39,21,63,35,47,33,45,34,36,41,25,51,39,30,35,62,48,28,66,41,12,53,48,50,47,36,73,48,48,18,64,53,36,28,58,55,51,42,30,37,14,53,52,39,62,55,47,64,42,27,24,25,43,19,53,91,31,36,50,58,28,8,46,33,47,63,30,72,69,40,44,61,60,49,51,41,55,49,52,0,41,40,17,62,46,61,49,48,52,51
1153,46,56,35,57,12,66,39,21,63,35,46,33,45,35,36,41,25,51,39,30,34,62,47,28,66,41,12,53,48,51,48,36,73,48,49,18,65,53,36,28,59,56,51,42,31,37,14,53,53,39,61,55,47,64,42,27,24,25,43,20,53,91,32,36,50,59,28,8,46,33,48,62,30,72,69,39,44,61,60,49,51,41,55,49,51,0,41,40,18,62,46,61,49,48,52,51
1154,46,56,34,57,13,66,39,21,63,36,46,33,45,36,36,42,25,51,39,30,35,62,47,28,67,40,12,54,48,51,48,36,73,48,49,18,66,53,37,28,59,56,51,42,31,37,14,54,53,39,61,55,46,64,42,27,24,25,43,20,53,90,32,37,50,59,28,8,46,33,48,62,30,72,69,39,44,61,60,49,50,41,56,49,51,0,41,41,18,62,46,61,49,48,52,51
1155,46,56,34,57,13,66,39,21,62,36,47,33,44,36,36,43,26,52,39,30,35,64,47,28,67,40,12,54,48,50,48,36,73,48,48,18,67,53,37,28,58,56,50,42,31,37,14,55,53,39,61,55,46,64,44,27,25,25,43,20,55,89,32,37,50,59,28,9,46,33,48,62,30,72,69,40,45,61,61,49,51,40,56,49,51,0,40,41,18,62,46,61,49,49,52,51
1156,46,56,34,57,13,66,39,21,62,36,47,33,44,36,36,43,27,52,39,30,35,64,47,28,67,40,12,54,48,50,50,36,73,48,46,18,67,53,37,28,58,55,50,42,32,39,14,55,53,39,60,55,46,65,44,27,25,25,43,20,55,89,32,37,50,59,28,9,46,33,48,62,30,73,68,40,45,61,61,49,50,40,57,49,51,0,40,42,18,62,46,60,51,49,54,51
1157,46,55,34,57,13,67,40,21,62,36,47,33,44,36,37,43,28,52,40,30,35,64,47,29,67,40,12,54,48,50,50,36,73,48,46,18,67,53,37,28,58,55,50,42,32,39,14,55,54,39,60,55,46,64,44,27,25,25,43,21,56,89,32,37,51,61,28,9,46,34,47,63,30,73,68,41,45,61,61,49,51,41,56,49,51,0,39,42,18,62,46,61,51,49,54,51
1158,46,55,35,57,13,68,39,23,62,35,47,33,44,36,37,43,29,52,40,30,35,64,47,30,67,40,12,54,48,50,51,36,73,48,46,18,67,53,37,28,58,55,50,42,32,39,14,55,54,39,60,55,45,64,44,27,25,25,43,22,56,89,32,37,51,61,28,9,46,34,47,63,29,73,68,41,44,61,60,49,52,41,56,50,51,0,39,42,18,62,48,61,52,49,54,51
1159,46,55,35,57,13,68,40,22,62,35,47,33,45,36,37,43,29,52,40,30,35,64,47,30,67,40,12,54,48,50,52,36,73,48,46,17,67,54,37,28,58,55,50,42,32,39,14,55,54,39,60,55,45,64,44,27,25,25,43,22,56,89,33,37,51,62,28,9,46,34,47,64,29,73,67,41,44,60,60,49,51,41,56,50,51,0,39,42,18,62,48,61,52,51,54,52
1160,45,55,35,57,13,68,40,23,62,36,47,33,46,37,38,44,29,52,40,30,35,63,47,30,68,41,12,54,48,50,52,36,73,49,46,17,66,54,37,28,61,55,50,42,33,39,14,56,53,39,61,57,45,64,44,27,25,25,43,22,56,89,33,37,51,62,28,9,47,34,47,65,29,73,67,41,44,60,60,49,51,42,56,50,53,0,39,42,18,62,48,62,53,52,55,52
1161,45,55,35,57,13,68,40,23,62,36,47,33,46,37,38,44,30,52,40,30,35,64,47,30,68,41,13,54,49,50,52,36,74,49,46,17,65,54,37,28,61,55,50,42,33,39,14,56,53,39,60,57,45,64,44,27,25,25,43,21,57,89,34,36,50,62,28,9,48,34,47,65,29,73,68,41,44,60,60,49,51,40,56,50,53,0,39,44,18,62,48,61,53,52,55,53
1162,45,55,35,57,13,68,40,23,62,37,47,33,46,37,38,43,30,54,41,30,36,64,47,31,68,40,12,55,49,49,52,36,74,49,46,17,65,54,37,29,61,55,50,42,33,39,14,57,53,39,60,57,45,63,44,27,25,26,43,21,57,89,34,36,51,62,27,9,48,34,47,64,30,73,67,42,44,60,60,50,51,39,56,50,54,0,39,44,18,63,48,61,53,52,55,53
1163,45,55,36,57,13,67,41,23,62,37,47,33,45,38,38,43,30,54,41,29,36,64,47,31,68,40,12,55,50,49,52,36,74,49,46,17,66,54,38,29,61,55,50,42,34,39,14,57,53,41,60,57,45,64,43,27,25,26,43,23,58,89,33,36,51,62,27,9,48,34,47,63,30,72,67,43,43,60,60,50,51,39,56,50,54,0,39,44,18,62,48,61,54,52,55,53
1164,45,55,36,57,13,67,40,24,62,37,48,33,45,38,38,43,30,54,41,29,36,65,47,31,68,40,13,55,50,49,52,36,74,50,46,18,66,54,38,29,61,55,50,42,34,39,14,57,54,41,60,57,46,64,43,27,25,25,43,23,58,89,33,36,51,62,27,9,48,34,47,63,31,72,66,43,43,60,60,49,51,40,56,50,54,0,39,44,18,62,49,61,55,52,55,53
1165,45,55,36,58,13,67,40,24,62,36,48,33,45,38,38,43,30,54,41,29,36,65,47,32,68,40,13,55,50,50,52,36,75,51,46,18,65,54,39,30,61,55,50,42,34,39,14,57,54,41,60,57,46,65,42,27,25,25,43,22,58,89,33,36,51,62,27,9,48,34,47,63,31,72,66,43,43,61,61,49,51,40,56,52,54,0,39,44,18,62,49,61,56,52,55,53
1166,45,55,36,58,13,67,40,24,62,36,47,34,45,38,39,43,30,54,41,29,36,65,47,32,68,40,14,55,50,50,53,37,75,51,46,18,65,54,39,30,61,56,50,42,34,39,14,57,54,41,60,57,46,65,42,27,25,27,42,22,59,89,33,36,51,61,27,9,49,34,47,63,31,72,66,43,43,61,61,49,51,40,56,52,54,0,40,44,18,62,50,61,56,52,55,53
1167,46,55,36,58,12,66,40,24,62,36,47,34,45,38,40,43,30,54,41,29,35,66,47,32,68,40,14,55,50,50,53,39,75,51,46,18,66,54,38,30,62,57,50,42,34,39,14,57,54,40,61,56,46,65,42,27,26,27,42,22,59,89,33,36,51,61,27,10,49,34,47,63,31,72,66,46,43,61,61,49,51,40,56,53,54,0,40,44,18,62,50,61,56,52,55,54
1168,46,55,36,58,13,66,40,24,62,36,47,34,45,38,40,43,30,54,41,29,35,66,47,32,68,40,14,55,50,50,53,39,75,51,46,18,66,54,38,30,62,58,50,41,35,39,14,57,54,40,61,56,45,66,42,28,26,27,42,22,60,89,33,36,51,61,27,10,49,34,47,64,32,72,67,46,43,61,61,49,51,41,56,53,54,0,42,44,19,62,50,60,56,52,55,55
1169,45,55,36,58,13,66,40,23,62,36,47,34,46,38,40,45,30,54,41,29,36,66,47,32,68,40,14,55,50,50,53,40,75,51,45,18,66,54,37,30,62,57,48,41,35,39,14,57,56,41,61,56,45,65,42,28,26,27,42,22,60,89,33,37,51,61,27,10,49,34,45,65,33,72,67,46,43,61,61,49,51,42,56,52,54,0,43,44,20,62,50,60,56,52,55,55
1170,45,54,36,58,13,66,39,23,64,36,47,34,47,38,40,45,30,54,41,29,36,66,47,33,68,40,14,55,51,50,53,40,75,51,45,18,66,54,37,30,62,57,49,41,36,39,14,57,57,41,62,57,45,65,42,28,26,27,40,22,60,89,33,37,51,61,27,10,50,34,45,65,33,72,67,46,43,61,61,50,51,42,56,52,54,0,43,45,20,62,50,60,56,52,55,55
1171,45,54,36,58,13,66,40,24,63,36,47,34,47,38,40,46,31,54,41,29,36,67,48,33,68,40,14,55,51,50,53,40,75,51,45,18,66,54,37,30,62,57,49,40,37,39,14,57,57,41,62,57,45,65,42,28,26,27,40,22,61,88,33,36,51,60,27,10,49,33,46,65,33,71,67,46,43,62,61,50,50,42,56,52,54,0,43,44,20,62,50,60,56,52,55,54
1172,45,54,36,58,13,65,40,24,63,36,47,35,47,38,40,47,31,54,42,29,36,67,48,33,68,40,14,55,51,51,54,40,74,50,45,18,67,54,39,30,62,57,49,40,38,39,14,57,57,41,62,57,45,66,42,28,26,26,40,23,61,88,33,36,50,60,26,10,49,33,46,65,34,71,67,46,43,61,61,50,50,42,56,52,54,0,43,44,20,62,50,60,56,52,55,54
1173,45,54,36,58,13,66,40,24,65,36,47,35,48,38,40,47,31,53,42,29,38,68,48,34,68,40,14,55,52,51,54,39,74,49,45,19,67,53,39,30,62,58,49,40,38,39,14,57,57,41,62,57,45,66,42,28,26,26,40,23,60,89,33,35,50,60,26,10,49,33,44,65,34,71,67,46,43,61,61,50,50,42,56,52,54,0,43,44,20,62,50,60,56,52,55,55
1174,45,54,35,59,13,66,40,25,65,36,47,36,48,39,40,47,31,53,42,29,39,68,48,34,69,40,14,55,52,51,54,39,75,49,45,19,67,52,39,30,62,58,49,42,38,39,14,57,57,41,62,57,46,66,42,29,25,26,40,24,61,90,33,35,50,60,27,10,49,33,44,64,35,71,67,46,43,61,61,50,50,42,56,52,54,0,43,44,20,61,50,60,55,52,55,55
1175,45,54,35,59,13,66,40,25,65,36,47,36,49,38,40,48,31,53,43,29,40,67,49,34,69,41,14,55,51,51,53,39,75,49,45,19,68,52,39,29,62,58,49,42,38,39,14,57,57,41,62,56,46,66,42,29,26,27,41,24,61,90,33,35,50,61,27,10,50,34,44,64,35,71,67,47,43,62,62,50,50,42,56,52,54,0,43,44,20,60,50,60,54,52,55,54
1176,45,54,35,59,13,66,40,25,65,37,47,36,49,38,40,47,31,53,43,29,40,67,49,34,69,40,14,54,51,51,53,39,74,50,45,19,69,52,38,29,62,58,49,42,39,40,14,57,57,41,62,56,46,66,42,29,26,27,41,24,61,91,33,35,50,60,28,10,50,34,44,63,35,71,67,47,44,62,62,50,52,43,55,52,54,0,43,44,20,60,50,60,54,52,55,54
1177,45,54,35,59,13,66,41,25,65,37,47,36,49,38,40,48,31,54,43,29,40,67,50,34,69,40,14,54,50,51,53,39,74,50,45,19,69,52,39,29,63,59,48,42,39,40,14,58,57,41,62,56,46,66,42,29,25,27,40,24,61,91,33,35,50,60,28,11,50,34,44,63,35,71,67,47,45,62,62,50,53,43,54,52,54,0,44,44,20,60,50,60,54,51,55,54
1178,45,55,35,59,14,66,41,25,66,37,47,36,49,38,40,48,31,54,43,29,40,68,50,34,69,40,14,54,50,51,53,38,74,50,45,19,69,52,39,28,63,60,48,42,39,40,14,57,56,40,62,56,46,66,42,29,25,27,40,24,61,91,34,34,50,60,28,11,50,34,45,63,35,71,67,47,45,62,62,50,53,43,54,53,54,0,44,44,20,60,49,60,55,51,55,54
1179,45,54,35,59,14,65,40,25,66,37,48,36,49,38,40,49,30,54,44,29,40,68,50,34,69,40,14,54,50,51,53,38,74,50,45,19,68,52,39,28,65,62,48,43,39,40,14,57,56,41,61,56,46,66,41,29,25,27,41,24,61,91,34,35,51,62,28,11,50,33,45,64,35,71,67,47,45,62,63,50,53,43,55,53,54,0,44,44,20,60,48,60,55,52,55,54
1180,45,54,35,58,14,66,40,25,66,37,49,37,49,38,41,50,31,54,44,29,39,68,50,33,69,40,14,54,50,51,53,38,74,50,45,20,68,54,39,28,65,62,48,43,39,40,14,57,56,40,61,56,46,66,41,29,25,27,41,24,62,91,34,35,52,62,29,11,51,33,45,64,35,71,67,47,45,63,63,49,53,43,55,53,54,0,43,44,20,60,48,60,55,52,55,54
1181,45,54,35,58,14,66,40,25,66,37,49,37,49,38,42,50,31,55,45,29,39,68,49,34,69,40,14,54,50,51,53,38,74,49,44,20,68,54,39,28,64,62,48,43,39,41,14,57,56,40,61,56,46,66,41,30,25,27,41,23,62,91,34,35,52,62,29,11,51,33,45,64,35,70,67,46,45,63,63,49,53,43,55,53,55,0,43,45,20,60,48,60,55,52,55,54
1182,46,54,37,58,14,67,40,25,66,37,49,37,50,39,42,50,31,54,45,29,39,68,49,34,69,40,14,54,50,51,53,38,74,49,44,20,69,54,39,28,64,62,48,43,39,41,14,57,56,41,62,56,47,65,40,30,25,27,41,24,62,91,34,35,52,62,29,11,51,35,45,64,35,70,67,46,46,63,62,49,53,43,56,53,55,0,43,45,20,60,48,60,55,52,55,53
1183,47,54,37,58,15,67,40,25,66,37,48,37,50,39,42,50,31,54,46,29,39,68,49,34,69,40,14,54,50,52,54,39,74,49,44,20,69,54,39,29,64,62,50,43,40,41,14,57,56,41,62,56,48,65,40,30,25,27,41,24,62,93,33,36,52,61,29,11,52,35,45,64,35,70,67,46,46,63,62,49,53,43,56,54,55,0,43,45,20,61,48,60,55,52,56,53
1184,47,54,37,58,15,67,40,25,66,38,48,37,50,39,42,51,32,54,48,29,39,68,49,34,69,40,14,54,50,52,55,39,73,49,44,19,69,54,39,29,64,61,50,43,40,41,14,57,57,41,61,56,48,65,40,30,25,27,41,25,62,93,33,36,51,61,29,11,52,35,45,63,36,70,69,46,46,62,63,47,53,43,56,55,54,0,43,45,21,61,48,61,55,53,55,53
1185,47,54,37,58,15,67,40,24,66,37,48,37,51,39,42,51,32,54,48,29,40,68,49,35,70,40,14,54,51,52,55,39,73,49,45,19,68,54,39,29,64,61,50,43,40,41,14,57,57,41,61,56,48,67,40,30,25,27,41,25,62,93,33,36,51,59,30,11,52,35,45,63,37,69,70,46,46,62,63,47,53,43,56,55,53,0,43,45,21,62,48,61,55,53,55,53
1186,47,54,38,57,15,67,40,24,67,37,49,37,51,39,42,52,32,55,48,29,40,68,49,35,70,40,14,54,51,52,55,39,73,49,44,19,69,54,39,30,65,60,51,43,40,41,15,57,58,41,61,56,48,67,40,30,25,27,41,25,62,94,33,37,50,59,30,11,53,35,45,63,37,68,70,46,46,64,63,47,54,43,56,55,53,0,42,45,21,63,47,61,55,52,55,53
1187,47,55,40,58,15,67,40,24,67,37,49,37,51,40,42,52,31,55,48,29,40,68,49,35,70,40,14,54,51,52,55,39,73,49,44,19,69,54,39,30,65,60,51,43,40,41,15,57,58,41,62,57,48,67,40,30,25,27,41,25,63,94,33,37,50,59,30,11,53,35,45,63,37,68,69,46,46,64,63,47,54,43,57,56,54,0,42,45,21,62,48,62,55,52,56,55
1188,48,55,40,57,15,68,40,24,67,37,49,37,51,40,42,53,31,55,48,29,40,68,49,35,70,40,14,53,51,52,55,39,73,48,45,19,69,54,39,30,65,60,52,43,40,42,15,57,58,41,62,57,49,67,40,30,25,28,44,25,63,94,33,37,50,59,30,11,53,35,45,63,37,68,69,46,46,64,61,47,55,43,57,56,54,0,43,45,21,63,48,62,56,52,56,57
1189,49,54,41,57,15,68,40,24,67,36,49,37,52,40,42,53,32,55,48,29,40,68,49,35,70,40,14,53,51,53,55,39,73,48,47,19,69,54,38,30,65,60,52,43,40,44,15,57,58,41,62,57,49,67,40,30,25,28,44,25,63,94,33,37,51,60,30,11,53,36,45,63,37,68,69,47,46,64,61,47,55,43,58,56,55,0,43,45,21,63,49,62,56,51,56,57
1190,48,54,41,57,15,68,40,24,68,36,49,37,52,40,42,54,32,55,48,29,39,68,50,35,70,40,14,53,51,53,55,39,73,48,47,19,69,55,38,30,63,60,53,43,40,45,15,57,58,41,62,58,49,67,40,30,25,28,44,25,63,94,33,37,51,60,30,10,54,36,46,63,37,68,69,47,46,64,61,47,56,43,58,56,55,0,43,45,21,63,48,63,57,51,56,57
1191,47,54,40,57,14,68,40,24,68,36,48,38,53,40,42,54,32,55,48,29,39,69,50,35,70,41,14,53,51,53,55,39,73,48,47,18,69,55,38,30,63,61,53,43,40,45,15,58,58,41,63,58,48,67,41,30,25,28,44,25,63,93,33,37,51,60,30,10,54,37,46,63,37,68,69,47,46,64,61,47,56,43,58,56,55,0,44,45,21,63,48,63,57,51,56,57
1192,47,54,39,57,14,68,40,25,68,36,48,38,54,40,42,54,32,55,48,29,39,69,50,35,70,41,14,53,51,54,55,39,73,48,47,18,70,55,38,30,63,62,52,43,40,45,15,59,58,41,63,58,48,67,41,30,25,29,45,25,63,93,33,37,51,60,30,10,54,37,46,63,37,68,68,47,47,64,61,47,56,43,58,56,55,0,44,45,21,64,48,63,57,51,56,57
1193,48,54,39,57,14,69,40,25,68,36,48,38,54,40,42,54,32,56,48,29,39,69,51,35,71,41,14,53,51,54,54,39,74,48,47,18,69,55,38,30,63,62,52,44,40,45,15,59,59,41,63,58,47,67,41,30,25,29,45,26,63,92,33,37,52,60,30,10,54,37,46,63,38,68,69,47,47,63,61,47,56,43,57,55,56,0,44,45,21,64,47,63,57,52,56,57
1194,48,54,39,57,15,69,41,25,68,35,48,39,53,40,42,53,32,56,48,29,39,69,51,35,71,41,14,53,51,54,54,39,74,48,46,18,69,56,38,30,63,63,52,44,40,45,15,59,59,41,64,58,47,67,42,30,25,28,45,26,63,92,33,37,52,60,30,10,54,37,46,63,38,69,69,47,47,63,62,46,57,43,57,55,56,0,44,45,21,65,47,63,57,52,55,57
1195,48,54,39,57,16,69,41,25,68,35,49,39,52,40,42,53,32,56,47,29,39,69,50,36,72,41,14,54,51,53,54,39,73,49,47,18,68,56,39,30,63,63,52,44,41,45,15,59,60,41,64,58,47,67,43,30,25,28,45,26,65,92,33,37,52,61,30,10,55,37,46,63,38,69,69,46,47,64,62,46,57,43,57,55,55,0,44,44,21,65,47,63,57,52,55,57
1196,48,54,39,57,16,69,41,25,68,35,51,39,52,40,42,53,33,56,47,29,39,70,50,36,72,41,14,54,51,53,54,39,73,48,47,18,69,57,39,30,63,63,52,44,42,45,15,58,61,41,64,58,47,67,43,30,25,28,45,26,65,91,33,37,52,60,30,10,55,37,46,63,39,70,70,46,47,64,62,46,57,44,57,55,55,0,43,44,21,65,47,63,57,52,56,57
1197,49,55,39,57,16,70,41,26,68,35,51,40,52,40,42,53,33,56,47,29,39,70,50,36,73,41,14,55,51,53,54,39,74,48,47,18,69,57,39,30,62,63,52,44,42,45,15,58,62,41,63,58,47,67,43,30,25,28,45,27,66,90,33,37,51,60,30,10,55,38,47,62,39,70,70,46,47,64,62,46,58,44,58,55,55,0,44,44,22,65,47,62,57,52,56,57
1198,49,55,39,56,16,70,41,26,68,35,51,40,53,40,42,53,34,56,47,29,39,70,50,36,73,40,14,55,51,53,54,39,74,48,47,18,69,57,39,30,63,63,52,44,42,45,15,57,62,41,63,58,47,68,43,30,25,28,45,27,66,90,34,37,51,60,30,10,55,38,47,63,39,70,69,46,47,64,62,46,58,44,58,55,54,0,44,44,22,64,47,62,57,53,56,58
1199,48,56,38,56,16,70,41,26,68,35,51,41,53,40,42,53,34,56,47,29,39,69,50,37,73,40,14,55,51,53,53,39,74,48,47,17,70,56,38,30,63,63,52,45,42,45,15,57,62,42,63,58,47,68,43,30,25,29,45,27,66,90,34,40,51,60,30,10,55,38,50,63,39,70,68,46,47,64,62,45,58,44,58,55,55,0,44,44,22,65,47,63,57,53,57,57
1200,48,56,38,56,16,70,41,25,68,35,51,41,53,40,42,53,34,56,46,29,39,69,51,37,74,40,14,56,51,53,53,39,73,49,47,17,70,56,39,30,64,63,52,46,42,45,14,57,61,42,64,58,47,69,43,30,25,29,45,27,66,91,34,40,51,59,29,10,55,38,51,64,40,70,68,46,48,64,61,45,57,44,58,55,54,0,44,45,22,64,47,63,57,53,57,57
1201,48,56,38,56,16,72,41,25,68,35,52,41,52,40,42,53,34,57,46,28,39,69,52,37,75,41,14,56,51,53,53,39,73,49,47,17,70,56,39,30,64,63,52,46,42,45,14,57,61,43,64,58,47,69,43,30,25,29,45,26,67,90,34,40,51,59,29,10,55,38,51,64,39,70,68,46,47,64,60,45,56,46,58,56,54,0,44,45,22,64,47,63,57,53,57,57
1202,48,57,38,56,16,72,41,25,67,35,51,41,51,40,42,53,34,58,46,28,38,71,52,37,75,42,14,56,51,53,52,39,73,49,47,17,70,56,39,30,64,63,52,45,42,45,14,59,61,44,64,57,47,69,43,30,25,29,45,26,67,90,34,40,51,59,29,10,55,38,51,63,39,70,68,46,46,63,61,45,56,46,58,55,54,0,44,46,22,64,47,63,56,54,58,57
1203,48,57,38,55,16,72,41,25,67,35,51,41,51,40,42,53,34,58,45,28,38,71,53,37,75,42,14,56,51,53,52,39,73,49,47,17,70,56,39,31,64,63,52,44,42,46,14,59,62,44,64,57,47,70,43,30,25,29,45,26,67,90,35,40,52,59,29,10,54,38,52,63,39,70,68,46,44,63,61,45,57,46,58,54,53,0,44,46,22,63,47,62,56,54,59,57
1204,48,58,38,55,16,73,41,25,67,35,51,41,51,41,42,53,34,58,45,28,38,71,53,38,76,42,13,56,52,54,52,40,74,49,47,18,70,56,39,31,64,62,52,44,42,47,14,59,62,45,64,57,47,70,43,30,24,30,45,26,67,90,35,39,54,60,29,10,54,38,51,63,39,70,68,45,45,63,62,45,58,46,58,54,53,0,44,46,22,63,47,64,56,55,58,57
1205,48,57,38,55,16,74,41,25,67,35,51,40,51,41,40,53,34,58,45,28,38,71,53,38,76,42,13,56,52,54,52,40,74,49,47,18,71,56,39,31,64,62,52,45,42,47,13,59,62,46,64,57,47,69,43,30,24,30,46,26,67,90,35,39,54,60,29,10,54,38,51,63,39,70,68,45,45,63,62,45,58,46,58,55,53,0,44,46,22,63,47,64,56,55,57,57
1206,48,57,38,55,16,74,41,25,67,35,51,40,51,42,41,53,34,57,45,28,39,71,53,38,77,42,13,56,52,54,51,40,73,49,47,18,70,56,39,31,64,62,52,44,44,45,13,57,63,46,64,58,47,69,42,30,24,31,46,27,67,90,35,39,53,61,27,10,54,38,51,63,39,70,67,45,45,64,62,46,58,46,58,55,53,0,43,46,23,63,46,65,56,55,57,58
1207,48,57,37,55,16,74,41,25,67,35,52,40,51,42,41,53,34,57,45,28,40,71,53,38,77,42,13,57,52,54,51,40,74,49,47,18,70,56,39,31,64,62,52,44,44,45,12,57,64,46,64,58,46,69,43,30,24,31,46,27,66,90,34,39,53,61,27,10,54,38,51,63,39,70,67,45,44,65,62,46,58,46,58,55,53,0,43,47,24,63,46,65,56,55,57,58
1208,48,58,37,56,16,74,41,25,67,34,52,40,51,42,40,52,34,57,44,28,40,72,53,38,76,42,13,57,52,54,51,40,74,50,47,19,70,58,38,31,65,62,52,44,45,45,12,57,64,46,64,57,46,70,43,31,24,31,46,27,66,90,34,39,53,61,27,10,54,38,51,63,40,69,68,44,44,65,62,46,58,46,59,55,53,0,43,47,24,63,46,65,55,55,57,58
1209,48,58,38,55,16,75,41,25,67,34,52,40,51,42,40,52,34,57,44,28,40,72,53,38,75,42,14,59,52,54,52,40,74,51,47,18,70,58,38,31,65,62,52,44,45,46,12,57,63,46,64,57,47,70,43,32,24,31,46,27,67,89,34,39,54,61,27,10,54,39,51,63,40,68,69,44,45,64,62,46,59,47,60,55,53,0,43,47,24,63,46,64,56,55,56,59
1210,48,58,38,55,16,74,40,25,66,35,52,40,51,42,40,53,34,57,44,28,40,72,53,38,75,42,14,60,53,54,52,40,74,51,48,18,70,58,38,31,65,62,53,45,45,46,12,57,63,46,64,58,47,70,43,32,25,31,46,27,67,88,34,38,54,61,28,10,53,39,51,63,40,68,69,44,44,64,61,46,59,47,60,55,52,0,43,47,24,63,46,64,56,55,57,59
1211,48,58,38,55,16,74,40,25,66,35,52,41,51,42,40,53,34,57,44,29,40,72,54,38,75,42,14,60,54,53,52,40,74,52,47,18,70,58,38,31,65,62,53,45,45,46,12,57,63,46,64,58,47,70,43,33,25,31,46,27,66,88,33,39,54,61,28,10,53,39,51,63,42,68,68,44,44,64,61,45,59,46,60,55,52,0,43,47,24,63,46,64,55,55,57,59
1212,48,57,38,55,16,74,40,25,66,36,52,41,50,43,40,54,36,55,44,29,40,72,54,38,75,42,14,60,54,54,52,40,74,52,47,19,70,57,37,32,65,61,53,45,45,46,12,58,63,47,64,58,47,70,43,33,25,31,46,27,66,89,33,39,54,62,28,10,52,39,51,62,43,69,67,44,44,64,61,45,59,46,60,55,52,0,43,47,24,63,46,63,55,55,58,59
1213,48,57,38,54,16,74,39,25,66,36,52,41,51,43,40,54,36,55,43,31,40,72,54,38,75,41,15,60,54,54,52,40,74,52,48,19,69,57,37,32,64,61,53,45,45,47,12,58,62,46,63,58,47,70,44,33,25,32,46,28,65,89,33,39,54,62,28,10,52,39,51,62,43,69,67,43,44,64,61,45,59,46,59,55,52,0,43,46,24,63,46,63,55,54,58,59
1214,48,57,37,54,16,74,39,25,66,36,52,41,52,44,40,54,37,57,43,31,40,72,54,38,76,41,15,60,54,55,52,40,73,52,48,19,68,57,37,32,64,61,53,45,45,48,12,58,61,46,63,58,48,71,44,33,25,31,46,28,66,89,33,39,54,63,28,10,52,39,52,62,43,69,66,44,44,64,61,46,59,46,59,55,52,0,43,46,24,63,46,63,54,54,58,60
1215,48,57,37,54,16,74,38,25,66,36,53,42,52,44,40,54,39,57,44,31,40,72,54,38,76,41,15,61,55,56,52,40,73,52,47,19,68,56,37,32,64,61,53,45,45,49,12,59,61,46,63,59,48,71,44,33,25,32,46,28,66,89,33,39,54,65,29,10,52,39,52,62,43,68,66,44,44,64,61,46,59,47,59,56,52,0,43,46,24,63,46,63,55,54,58,61
1216,48,57,37,54,16,74,38,25,66,36,53,41,52,44,40,53,39,57,44,31,40,72,54,38,76,41,15,61,55,56,52,40,74,53,48,19,68,56,37,32,64,61,53,45,45,49,12,60,61,46,63,59,48,71,44,33,25,32,46,28,66,89,33,39,55,65,29,10,52,39,52,62,43,68,67,44,44,64,61,46,59,47,60,56,52,0,43,47,24,63,46,63,55,54,58,61
1217,48,57,37,54,16,75,38,25,66,36,52,41,52,44,40,53,39,57,44,31,40,72,54,38,76,42,15,61,55,56,52,40,74,53,47,19,68,55,37,32,64,61,54,45,46,49,12,60,61,46,63,59,48,71,44,33,25,32,46,29,68,89,33,39,55,65,29,10,52,39,52,62,43,68,67,44,44,64,61,46,59,47,60,56,52,0,43,48,24,64,47,63,55,55,58,61
1218,47,57,37,54,16,75,38,25,66,36,53,41,52,45,40,53,39,57,44,31,40,72,54,40,75,42,15,60,55,56,52,40,75,53,46,19,69,55,37,32,65,61,54,45,46,49,12,60,61,46,63,59,47,71,44,34,25,33,46,29,67,89,33,38,55,65,29,10,52,40,52,63,44,68,66,44,44,64,61,46,59,48,60,56,52,0,43,48,24,65,47,63,55,55,59,61
1219,47,57,37,54,16,75,37,25,66,36,53,41,51,45,40,54,39,57,44,31,40,72,55,41,75,42,15,60,55,55,51,41,75,53,46,20,69,55,38,32,65,61,54,45,46,49,14,60,60,46,63,60,47,72,44,33,25,34,46,29,67,89,33,38,55,65,29,10,52,41,52,63,44,68,65,44,44,64,61,46,59,48,60,56,52,0,44,48,25,65,47,63,55,55,59,61
1220,47,57,37,54,17,76,37,25,66,36,53,41,51,45,40,54,39,56,44,32,40,72,55,42,75,43,15,60,55,55,51,41,75,53,46,20,69,54,39,33,65,61,54,46,46,50,14,60,60,48,63,60,46,72,44,33,25,34,47,29,67,91,33,38,55,65,29,10,52,41,52,64,44,68,65,44,44,64,61,46,59,48,60,55,52,0,46,49,26,64,47,63,56,55,59,61
1221,47,57,38,54,17,76,37,26,66,37,53,41,52,45,40,54,39,56,44,31,40,74,57,42,75,44,15,60,55,55,51,41,75,53,46,21,70,54,39,33,65,61,53,46,46,50,15,60,61,48,63,60,46,71,44,33,25,34,47,29,67,91,33,39,56,65,29,10,52,41,52,64,44,68,65,44,44,65,61,46,59,48,60,55,52,0,46,49,26,64,47,63,56,55,60,61
1222,48,57,38,54,17,76,37,26,66,37,53,42,52,45,40,54,39,56,44,31,39,74,57,42,76,45,15,61,55,55,51,41,75,53,46,21,70,54,40,33,64,61,53,46,47,50,15,60,61,48,63,60,46,71,44,34,25,34,47,29,67,92,33,39,56,65,28,10,52,42,53,65,44,68,66,44,44,65,63,46,59,48,60,55,53,0,46,49,26,62,48,65,56,55,60,61
1223,48,57,38,55,17,78,37,26,66,37,53,42,52,46,40,55,39,55,45,31,38,76,57,42,76,45,15,61,55,55,51,41,75,53,46,21,70,54,40,33,64,61,54,47,47,50,15,60,61,47,63,60,46,71,44,34,26,34,47,31,67,92,34,39,56,66,28,10,52,42,53,65,44,69,66,44,45,66,63,47,59,49,60,55,53,0,46,50,26,62,48,65,56,55,60,61
1224,48,57,38,56,17,78,37,26,66,37,53,42,52,46,41,55,39,55,45,31,38,76,58,42,76,45,15,61,56,56,51,41,75,53,46,21,70,54,40,33,64,61,54,47,47,51,15,61,63,46,63,60,45,71,44,34,26,34,47,31,67,92,34,41,56,66,29,10,52,43,53,67,45,69,67,44,45,66,64,47,59,49,60,55,53,0,46,51,26,62,48,65,55,55,60,61
1225,48,57,38,56,17,78,37,26,66,37,54,42,52,46,43,55,39,55,45,31,38,75,58,42,76,46,16,61,57,55,52,41,73,54,46,21,71,54,40,33,63,61,54,47,47,51,15,61,63,46,63,60,45,71,45,34,26,34,47,31,67,92,34,41,56,68,29,10,52,43,53,67,44,69,69,43,45,66,64,47,59,49,60,55,53,0,46,51,27,62,48,65,55,55,60,61
1226,48,57,38,57,17,78,37,26,66,37,55,42,52,46,43,55,40,55,45,31,38,75,58,42,76,46,16,61,57,55,52,41,73,54,46,21,72,54,40,34,63,61,54,47,48,51,16,60,63,46,63,61,45,71,44,33,26,34,47,31,67,92,34,41,56,70,29,10,52,43,53,67,45,69,69,44,44,66,64,47,59,49,60,55,53,0,46,51,27,62,49,65,55,56,60,61
1227,48,57,38,57,17,78,38,27,66,38,55,42,52,46,43,55,40,55,46,31,38,76,58,43,76,46,16,61,57,55,52,41,73,54,46,21,72,54,40,34,63,61,54,48,48,51,16,60,63,46,64,60,45,71,46,33,26,34,47,31,67,91,34,41,55,70,28,10,52,43,53,68,45,69,69,44,44,66,64,48,61,49,60,55,53,0,46,51,27,62,49,65,55,56,58,61
1228,48,57,38,59,17,79,38,26,67,38,55,42,52,45,42,55,40,55,46,31,38,76,58,43,76,46,16,61,57,55,52,41,75,54,46,21,70,54,40,34,63,61,54,48,48,51,16,60,63,46,64,60,45,70,46,33,26,34,47,31,68,91,34,41,56,70,29,10,52,43,53,68,45,69,69,44,43,65,64,48,61,51,60,55,54,0,46,51,27,62,48,64,54,56,58,61
1229,48,57,39,59,17,79,38,26,67,38,55,42,52,45,42,55,40,55,46,31,38,76,58,43,77,46,16,61,58,55,52,40,74,54,46,21,70,54,40,34,64,60,54,48,50,51,16,60,64,46,64,60,45,70,46,33,26,34,47,31,68,91,34,41,56,70,29,10,53,43,53,66,45,69,69,44,45,65,65,48,61,51,61,55,54,0,46,51,27,62,47,63,53,56,58,62
1230,48,58,39,60,17,79,38,26,67,39,55,42,52,45,42,55,40,55,46,31,39,76,59,44,77,46,16,61,59,55,52,40,74,54,46,21,70,54,40,34,64,60,54,48,50,51,16,60,64,47,64,60,45,70,46,33,26,34,47,31,68,92,34,41,56,70,29,10,54,43,53,66,45,69,69,43,45,65,65,48,61,51,61,55,55,0,46,51,27,62,47,63,53,56,58,62
1231,48,58,39,61,17,79,38,26,67,39,55,42,52,45,41,55,40,56,46,32,39,76,59,44,77,46,16,61,59,55,52,40,74,54,47,21,70,54,40,34,65,60,54,48,50,51,16,60,64,47,64,60,45,70,46,33,26,34,47,31,68,92,34,41,55,71,29,10,53,43,53,66,45,70,70,43,45,64,65,48,61,51,61,55,56,0,46,50,27,63,47,63,53,57,58,62
1232,48,58,39,61,17,79,38,26,67,39,55,42,52,45,41,55,40,55,47,32,40,76,59,44,77,46,16,61,59,55,53,40,74,53,47,21,70,54,40,33,65,60,54,49,50,50,16,60,64,48,64,60,45,70,46,33,25,34,47,32,69,92,34,41,55,71,29,10,53,43,53,66,45,69,70,43,45,64,65,48,61,51,61,55,56,0,46,51,27,63,46,64,53,56,58,62
1233,48,58,39,61,18,80,38,26,67,39,56,43,54,45,42,56,40,55,47,32,41,76,59,44,77,46,16,61,59,55,53,40,75,53,47,20,70,54,40,33,65,60,55,50,50,51,16,60,65,48,64,60,45,70,46,33,25,34,47,32,69,92,34,41,54,71,29,10,53,43,53,67,45,70,70,43,46,63,66,48,61,51,61,55,56,0,46,52,27,64,46,64,52,56,58,62
1234,48,59,39,60,18,80,38,26,67,39,56,43,54,45,42,56,42,56,47,32,41,76,59,44,77,46,16,62,59,55,53,40,75,53,47,20,70,54,40,34,65,60,55,50,51,51,16,60,65,48,64,60,45,71,46,33,25,34,47,32,69,93,34,41,54,71,29,10,53,43,54,67,45,70,70,43,46,63,67,47,61,51,62,55,56,0,46,52,27,65,46,64,52,56,57,62
1235,48,59,39,60,18,80,38,27,67,39,56,43,54,45,43,56,42,56,47,32,43,76,59,44,77,46,16,63,59,55,53,40,75,53,48,20,70,55,40,34,63,60,55,51,52,51,16,60,65,49,64,60,45,71,45,34,25,34,47,32,69,93,34,42,53,71,29,10,53,43,54,66,45,70,70,42,46,63,67,47,61,51,62,55,55,0,46,53,27,65,46,64,52,56,57,62
1236,48,59,38,60,18,80,39,27,66,39,57,42,54,45,44,55,43,56,47,31,43,77,60,44,76,46,16,63,59,55,53,40,75,53,48,20,70,54,41,34,63,60,54,51,52,51,16,60,65,49,64,61,45,71,45,34,25,34,47,32,69,93,34,42,53,71,29,11,53,43,55,66,45,70,70,42,46,64,66,47,61,51,62,55,55,0,46,53,27,65,47,64,53,56,57,62
1237,48,59,38,60,18,80,39,27,64,39,56,43,54,45,44,55,43,56,47,31,43,77,61,45,76,47,16,63,59,55,53,40,75,53,49,20,70,54,41,34,63,60,54,51,53,52,16,60,64,49,63,61,45,71,45,34,25,34,47,34,69,92,34,42,53,71,29,11,53,44,55,67,45,70,70,42,46,68,68,47,61,51,61,55,56,0,46,53,27,65,48,64,53,56,57,62
1238,48,58,38,60,18,81,39,27,64,39,56,44,54,45,44,55,42,56,47,30,43,77,61,45,76,47,16,64,58,55,53,40,75,52,49,20,69,54,41,34,63,59,55,51,53,52,16,61,64,49,63,62,45,71,45,34,25,34,47,34,69,92,34,42,53,71,29,12,53,44,54,67,45,70,70,42,46,70,68,48,60,51,62,54,56,0,46,55,27,65,48,64,53,56,57,62
1239,48,58,38,60,18,81,39,27,64,39,56,44,53,45,44,55,43,56,47,30,43,77,60,45,76,47,16,65,58,55,53,40,75,51,49,20,69,56,41,34,62,59,55,51,53,52,16,61,63,49,63,61,45,71,45,35,25,34,47,34,67,92,34,42,53,71,29,12,53,44,55,67,45,71,71,42,46,70,68,48,60,51,62,54,56,0,46,56,27,65,48,63,53,56,57,62
1240,47,59,38,60,18,81,39,27,65,38,56,44,53,45,44,55,44,56,46,29,43,77,61,45,76,47,16,65,58,55,53,40,75,51,49,21,68,56,41,34,62,59,55,51,53,52,16,61,63,49,63,62,45,71,46,35,25,34,47,35,67,90,34,42,53,71,29,12,53,43,55,66,45,71,72,42,46,69,68,48,60,51,62,54,56,0,46,56,27,65,48,63,53,57,57,62
1241,48,59,38,60,18,80,39,27,65,38,56,44,53,45,44,55,44,56,47,29,43,77,61,45,76,48,16,65,57,55,53,40,75,51,49,21,68,56,41,35,62,60,56,52,53,52,16,62,63,50,62,63,45,71,47,35,26,34,47,35,67,90,34,42,54,71,29,12,53,43,55,66,45,71,72,41,46,69,68,48,60,51,63,54,55,0,46,56,26,65,49,63,53,57,57,62
1242,48,59,39,60,18,79,39,27,65,38,56,43,53,45,44,55,44,57,47,29,43,76,61,45,76,47,16,65,57,55,53,40,75,51,49,21,68,56,41,35,63,60,56,52,53,52,16,62,63,50,62,63,46,71,47,35,26,34,48,35,67,91,33,42,55,71,29,12,53,43,54,66,46,71,71,41,46,69,68,48,60,51,63,54,55,0,47,57,26,65,49,64,53,57,58,62
1243,48,59,39,60,18,79,39,27,65,37,57,43,53,45,45,55,44,57,47,29,43,76,61,45,75,46,16,65,57,55,53,41,75,51,49,21,68,56,41,35,63,60,57,52,54,52,16,61,63,50,62,62,46,72,47,35,25,33,48,35,68,91,33,43,55,72,29,12,53,43,54,67,46,72,71,41,46,68,68,48,60,50,63,54,54,0,48,57,26,65,49,64,53,57,57,62
1244,48,59,39,60,18,79,39,27,65,37,57,42,53,45,46,55,44,57,47,29,43,76,61,45,75,46,16,65,57,56,53,41,75,51,49,21,68,57,41,35,63,60,57,53,53,52,16,61,62,50,62,62,46,73,47,35,25,33,48,36,68,91,33,43,55,72,29,12,53,43,54,67,46,72,72,42,46,69,68,48,60,50,63,54,54,0,48,58,26,65,49,64,53,57,57,62
1245,49,59,39,60,18,79,39,27,65,38,58,42,53,45,46,56,44,57,47,29,43,76,60,45,75,46,16,66,57,56,52,41,75,51,49,21,68,57,41,35,62,60,56,53,53,52,16,61,62,50,60,62,46,74,47,35,25,33,49,36,68,90,35,43,55,71,29,12,53,43,54,67,47,72,72,42,46,69,68,49,60,52,64,55,55,0,48,58,26,65,47,64,51,57,57,63
1246,49,59,40,60,18,79,39,27,64,39,58,42,53,45,45,56,42,57,47,29,43,76,60,45,74,46,16,67,57,56,51,41,75,51,49,22,68,57,41,35,63,61,59,53,53,52,16,61,61,50,59,62,46,74,47,35,25,33,49,36,68,91,35,43,55,71,28,12,54,43,55,67,47,74,73,42,46,69,68,49,60,52,64,55,54,0,47,58,26,65,47,64,51,56,57,63
1247,49,59,40,60,19,79,39,27,64,38,58,42,53,45,45,56,42,57,48,29,43,76,59,45,74,46,16,67,57,56,51,41,75,51,50,22,68,57,41,35,63,60,59,53,53,52,16,61,61,50,59,62,46,74,47,35,25,33,49,37,67,91,36,43,56,71,28,12,53,43,55,66,47,74,73,42,47,69,69,49,60,52,64,54,53,0,47,58,26,65,47,64,51,56,57,63
1248,51,59,42,59,19,79,39,26,65,38,58,42,53,44,45,56,42,57,48,29,43,75,59,45,74,45,16,67,57,56,52,42,75,51,50,22,69,57,41,35,61,60,58,53,53,52,16,62,62,50,59,62,46,74,48,35,25,33,49,37,67,91,36,44,55,71,28,12,53,44,55,65,46,73,73,42,47,69,69,49,60,52,63,54,53,0,46,58,26,65,47,64,51,55,57,64
1249,52,59,42,59,19,79,40,26,65,38,58,42,55,44,45,57,42,57,49,28,43,75,59,45,74,45,16,66,57,56,53,42,74,51,50,22,70,57,42,35,62,59,58,53,53,52,17,62,63,50,57,62,46,73,49,35,26,33,50,37,67,91,36,44,55,71,28,12,53,44,55,64,46,73,73,42,47,67,69,49,60,53,63,54,53,0,46,58,26,65,47,65,51,55,57,64
1250,52,59,42,58,19,79,40,26,65,38,58,42,55,44,45,57,42,57,49,28,43,76,59,45,74,45,16,66,57,56,53,42,74,52,50,22,70,57,41,36,62,59,58,53,53,52,18,62,63,50,57,62,46,73,49,35,26,33,49,37,67,91,36,44,55,72,28,12,53,43,56,64,46,73,73,42,47,67,69,49,60,53,63,55,53,0,46,59,26,65,48,65,51,55,57,64
1251,51,59,42,59,19,78,39,26,65,38,58,42,53,44,45,57,42,57,49,28,43,76,59,45,74,45,16,66,57,57,54,42,75,52,50,22,70,57,42,36,62,59,58,53,53,53,17,62,63,50,57,62,46,73,50,35,26,33,49,37,66,92,36,44,55,73,28,12,53,43,57,64,46,73,74,42,48,66,69,48,60,53,63,55,53,0,46,59,26,66,48,65,51,55,57,64
1252,51,60,42,59,19,78,39,26,65,39,58,42,54,44,43,57,43,57,49,28,43,76,60,45,74,45,16,66,57,57,55,43,74,52,50,22,70,57,42,36,62,59,59,54,53,53,17,62,63,50,57,62,46,73,50,35,26,33,49,38,66,92,37,43,55,73,28,12,53,43,55,64,46,74,74,42,49,66,70,48,60,53,63,56,53,0,46,59,26,66,47,64,51,55,57,64
1253,51,60,42,58,18,77,39,25,65,40,59,42,54,44,43,57,43,57,49,29,43,76,60,46,74,45,16,66,57,58,55,44,73,51,51,22,70,57,42,37,62,58,59,54,54,53,17,62,62,50,57,62,46,73,50,34,26,34,49,38,66,92,38,43,55,73,29,12,52,43,54,64,46,75,75,43,49,66,68,48,60,53,63,56,53,0,46,59,26,67,47,64,51,55,56,63
1254,51,60,42,58,18,77,39,25,64,40,59,42,54,44,43,58,43,57,48,29,44,76,60,46,74,45,16,66,56,58,55,44,74,51,51,22,71,57,42,37,62,59,59,55,53,53,17,63,62,50,58,62,46,73,50,34,27,34,50,38,66,92,39,43,55,73,29,12,52,43,54,64,46,75,75,43,51,66,68,48,60,53,63,56,53,0,46,59,26,67,47,64,50,55,56,63
1255,52,60,42,58,19,77,39,25,64,40,60,42,54,44,44,57,43,57,48,29,44,76,59,46,74,45,16,66,58,58,55,44,74,51,51,22,71,58,42,37,62,59,59,55,53,53,17,63,62,50,58,61,47,73,49,34,27,34,50,38,66,92,39,43,56,73,29,12,52,43,54,64,46,75,75,43,51,66,67,49,59,53,63,56,53,0,46,59,26,68,47,64,50,55,56,62
1256,52,59,42,58,19,76,40,25,64,40,60,42,54,45,43,57,43,57,48,29,44,76,59,46,73,45,16,66,58,59,55,45,74,51,51,22,70,58,42,37,62,59,59,55,53,53,17,63,61,50,58,60,47,72,49,34,27,34,50,38,66,92,39,43,56,73,29,12,52,43,54,64,46,74,74,42,51,67,67,50,58,52,63,56,52,0,46,59,26,68,47,63,51,54,56,61
1257,52,59,42,58,19,76,40,25,65,40,60,42,54,45,43,56,43,58,48,29,44,76,59,44,73,45,16,66,58,58,55,45,75,51,52,22,70,58,43,37,62,59,59,55,53,54,17,63,61,50,58,60,47,71,49,34,27,34,49,38,66,92,39,43,56,73,30,12,53,44,54,64,46,73,74,43,51,66,67,50,59,52,63,56,52,0,47,59,25,68,47,63,51,54,56,61
1258,53,59,42,58,19,76,40,25,65,40,60,42,54,46,43,56,43,58,48,29,44,76,59,44,74,45,16,66,58,58,55,45,75,51,52,22,70,58,45,37,62,59,59,55,53,54,17,63,61,50,58,60,47,71,49,34,27,34,49,38,66,92,40,43,56,73,30,12,53,44,54,64,46,72,74,43,51,66,67,50,59,52,63,56,52,0,47,59,25,68,47,63,51,54,58,62
1259,53,59,41,58,18,76,41,25,65,40,60,42,54,46,43,55,43,57,48,29,44,76,58,44,74,46,16,66,57,58,55,45,75,51,52,22,70,58,45,37,62,59,60,55,53,54,17,63,61,50,57,60,47,71,49,34,27,34,50,38,67,92,40,43,56,73,30,12,53,44,54,65,46,72,74,43,51,66,66,50,59,53,62,56,52,0,47,59,25,69,47,63,51,53,58,63
1260,53,59,41,58,18,76,41,25,65,39,60,41,55,46,43,55,43,57,48,29,44,76,58,44,74,46,16,66,57,58,55,45,75,51,52,22,70,58,45,38,62,59,60,55,54,54,17,63,60,50,57,60,47,71,49,34,27,34,50,38,67,92,40,43,56,73,30,12,53,44,54,65,46,72,73,43,51,66,65,50,60,53,62,56,52,0,48,59,25,69,48,63,51,53,58,64
1261,53,60,41,58,18,76,41,25,65,39,59,41,56,47,43,55,43,57,48,29,44,76,58,44,74,46,16,66,57,58,55,46,75,51,52,23,70,57,45,38,61,59,60,55,54,54,17,63,60,50,57,60,47,71,49,36,27,34,50,39,68,92,42,43,57,73,30,12,53,44,54,65,45,72,73,43,51,66,65,50,60,53,62,57,52,0,49,59,25,69,48,63,51,54,58,64
1262,53,60,41,58,18,76,41,26,65,40,59,41,56,48,43,55,43,58,48,29,44,76,59,44,74,46,16,66,56,58,55,46,75,51,52,23,70,57,44,38,61,59,60,55,54,54,17,63,60,50,57,60,47,71,50,37,27,34,50,39,68,92,42,43,57,73,30,13,53,44,52,66,46,72,73,43,52,66,65,50,59,53,61,57,52,0,49,60,25,69,48,63,52,54,58,63
1263,53,60,41,58,18,75,40,26,65,40,59,41,56,49,42,55,43,58,48,29,44,76,59,44,74,46,16,65,56,58,56,46,75,51,52,23,70,57,45,38,61,59,62,55,54,54,18,63,60,50,57,60,47,71,50,37,27,34,49,40,68,92,42,43,57,72,29,13,53,44,52,66,46,72,73,43,52,66,65,50,59,53,61,57,52,0,49,60,25,69,48,63,52,54,58,63
1264,53,60,41,58,18,75,40,27,65,40,59,41,56,48,42,55,43,58,48,29,44,75,60,44,74,46,16,66,55,57,57,46,75,51,53,23,70,57,45,38,61,59,62,55,54,53,18,63,61,50,57,60,47,71,50,38,27,34,49,40,68,91,42,44,57,73,30,13,53,44,52,65,46,72,73,43,52,66,65,51,59,53,61,56,52,0,49,60,25,68,49,63,51,54,58,64
1265,53,60,41,58,18,75,40,27,66,40,59,41,56,48,42,56,43,58,48,29,44,76,60,44,74,47,16,66,54,57,57,46,76,51,54,23,72,57,45,39,63,59,62,54,53,52,18,63,61,50,57,60,47,71,49,38,27,34,49,40,68,91,42,44,57,72,30,13,53,45,53,65,48,71,73,44,54,66,65,51,59,53,61,55,52,0,49,60,25,70,49,64,51,54,58,65
1266,53,60,41,58,18,76,40,26,66,40,59,41,56,48,42,56,44,58,49,29,45,76,60,44,74,47,16,66,54,57,57,46,76,51,52,23,72,57,45,39,63,59,62,54,54,52,18,62,61,51,57,60,47,71,49,38,27,34,50,40,70,91,42,44,57,72,31,13,53,44,53,66,48,71,73,44,54,66,65,51,59,55,61,55,52,0,48,60,25,70,49,64,52,54,58,66
1267,53,61,41,58,18,76,40,27,66,40,59,41,55,48,41,56,44,58,49,29,45,76,60,45,73,46,16,66,53,57,57,46,76,51,53,24,73,57,47,39,63,59,62,54,54,53,19,60,61,51,56,60,47,71,49,38,27,35,51,40,70,91,42,44,57,72,31,13,54,44,53,66,48,72,73,44,54,66,65,50,59,55,61,55,52,0,48,60,25,70,49,65,51,54,58,67
1268,53,61,41,58,18,75,41,27,66,39,59,41,55,49,41,56,44,58,49,29,45,77,60,44,73,46,16,66,52,58,57,46,76,50,53,24,74,57,47,39,63,59,62,54,54,53,19,60,62,51,56,60,47,72,50,39,27,36,50,40,70,91,42,44,57,72,32,13,55,44,53,66,48,72,72,44,53,66,65,49,59,56,62,55,53,0,48,60,25,70,49,65,51,53,58,68
1269,53,61,41,58,18,75,41,27,66,39,60,42,55,49,41,56,44,59,49,31,45,76,60,44,72,47,16,66,52,59,58,46,76,51,53,24,74,57,47,39,63,59,62,54,54,52,19,60,62,51,56,59,47,72,50,39,28,35,50,40,70,91,41,44,57,73,33,13,55,44,53,66,48,73,72,44,53,66,64,50,59,57,62,55,53,0,50,60,25,70,49,65,51,53,58,68
1270,53,61,41,58,18,74,41,27,67,39,60,42,55,50,41,57,44,59,49,31,45,76,60,44,72,48,16,66,53,59,58,46,76,52,53,24,74,58,48,39,63,59,63,54,54,52,21,60,62,52,56,59,47,72,51,39,29,35,50,40,71,92,41,44,57,73,33,13,55,44,53,67,48,73,72,44,53,66,64,50,59,57,61,56,52,0,50,61,25,71,49,65,51,54,58,67
1271,53,60,41,58,18,74,41,27,67,39,60,42,55,50,41,58,44,59,49,31,45,76,60,44,72,48,16,66,53,59,57,46,75,52,53,23,74,58,48,39,63,60,63,54,54,52,21,60,62,52,56,60,48,72,51,39,29,35,49,40,70,92,41,45,57,73,33,13,55,44,53,68,48,73,72,44,54,66,64,50,60,57,61,56,52,0,50,61,25,71,49,65,51,54,59,67
1272,53,61,41,58,18,74,41,27,66,39,60,42,55,50,41,58,43,59,49,31,45,76,60,44,73,48,16,65,53,59,57,46,75,52,53,23,75,57,49,39,63,61,64,54,54,52,21,60,62,52,54,60,48,72,51,39,29,35,50,40,71,92,41,45,57,73,33,13,55,44,54,68,48,73,72,44,55,66,64,50,60,58,61,56,52,0,50,61,25,71,49,65,50,54,59,68
1273,53,61,41,58,18,74,41,27,66,39,60,42,55,50,41,58,42,60,49,30,45,76,60,45,73,48,16,64,53,59,57,46,75,52,53,23,75,58,49,39,63,62,64,54,54,52,21,60,63,53,54,60,48,72,51,39,29,35,50,41,71,92,41,45,58,73,33,13,55,45,54,68,48,73,72,44,55,66,64,50,60,57,62,56,54,0,49,61,25,71,49,66,50,54,59,69
1274,53,62,40,58,18,74,41,27,66,39,60,43,55,50,41,58,43,60,49,30,44,75,60,45,73,49,16,64,53,59,57,46,75,53,54,24,75,57,49,39,63,62,64,54,54,52,21,60,63,53,54,60,48,72,51,39,29,35,50,41,71,92,41,44,58,73,33,13,55,45,54,67,48,73,72,44,55,66,64,51,60,58,62,56,54,0,50,61,25,71,49,66,50,56,59,69
1275,53,62,40,57,18,74,41,27,66,39,61,42,56,50,41,57,43,60,49,30,44,75,60,45,72,49,16,64,54,58,58,46,75,54,54,24,75,56,49,39,63,62,64,54,54,52,20,60,63,53,54,60,49,72,51,39,29,35,50,41,71,91,41,43,58,73,34,14,55,46,54,67,48,73,72,44,56,67,64,52,60,58,61,56,54,0,49,61,26,71,50,66,50,56,59,69
1276,52,62,40,57,18,74,41,27,66,39,61,43,56,51,42,57,43,60,49,30,45,75,60,46,72,48,16,64,54,58,57,46,75,54,53,24,75,56,49,39,63,62,64,54,54,52,20,61,64,54,54,61,49,72,51,39,28,35,50,41,71,91,41,43,58,73,34,14,56,46,54,66,49,73,72,44,56,67,64,52,60,58,60,56,54,0,50,61,26,71,49,66,51,57,59,69
1277,53,62,40,56,18,74,41,27,65,39,61,43,57,50,42,57,43,60,49,30,45,75,59,47,72,49,16,66,55,58,57,47,75,53,53,24,75,55,49,39,62,63,65,54,54,52,20,61,64,53,54,61,49,72,51,39,28,34,50,42,71,92,42,43,59,73,34,14,56,47,54,67,49,73,72,44,56,67,64,52,60,58,60,56,54,0,50,62,26,71,50,66,52,57,58,69
1278,54,62,40,56,18,74,41,27,66,39,62,43,57,50,42,57,43,59,49,30,45,75,59,47,72,48,16,66,57,58,57,48,76,53,53,24,75,55,48,39,62,63,65,53,54,52,20,61,64,53,54,61,49,73,51,39,28,36,50,42,71,93,42,43,58,73,34,14,57,47,54,67,48,73,72,44,56,67,64,52,59,58,60,56,55,0,49,62,26,71,50,66,52,57,57,69
1279,54,62,40,55,19,74,41,27,66,39,62,43,56,50,43,58,43,58,49,31,44,75,60,47,72,49,18,65,57,58,56,48,76,53,54,24,75,55,49,39,62,63,65,54,54,52,20,61,65,53,54,61,49,73,51,39,29,36,50,42,71,93,42,43,58,73,34,14,57,48,52,67,48,73,72,45,56,67,64,53,59,58,60,56,55,0,50,62,25,70,52,66,52,56,56,69
1280,54,63,40,55,19,74,41,27,66,39,62,43,56,50,43,58,43,58,49,31,44,75,59,47,72,50,19,64,57,58,56,48,77,53,54,24,75,54,50,39,62,62,64,54,55,52,20,60,65,53,55,61,49,73,51,39,30,36,49,42,72,94,43,43,59,73,34,15,57,47,52,67,48,72,72,45,56,67,64,53,59,58,60,56,55,0,50,62,25,70,52,66,52,56,56,68
1281,54,63,40,55,19,73,41,27,66,39,62,44,56,50,43,58,43,57,49,31,45,75,59,48,72,51,19,64,57,58,56,48,76,53,53,24,75,54,49,39,62,62,64,54,55,51,20,60,65,53,55,61,49,73,52,39,29,36,49,43,72,92,43,43,59,72,34,15,57,47,52,67,48,73,72,45,56,67,65,53,59,58,59,56,55,0,50,62,25,70,52,66,52,56,56,68
1282,54,63,40,55,19,73,42,28,66,39,62,44,56,50,43,59,44,58,49,32,45,75,59,48,71,51,19,65,57,59,56,48,77,53,53,24,76,54,49,39,62,62,64,53,56,52,19,60,65,53,55,61,49,73,52,39,29,36,49,43,72,92,43,43,59,73,34,15,56,47,52,67,48,72,73,44,57,67,65,53,59,57,59,57,55,0,49,64,25,70,52,66,53,56,56,69
1283,54,63,40,55,18,73,41,28,66,39,62,44,56,50,43,59,44,58,49,32,45,75,59,48,71,52,19,65,57,59,56,48,77,53,53,24,76,54,49,39,62,62,64,53,56,52,20,60,65,53,55,60,49,73,52,39,29,36,49,43,72,92,43,42,59,72,34,15,56,47,53,67,48,72,73,44,58,67,65,53,58,57,59,58,55,0,49,64,25,70,52,67,52,56,56,70
1284,54,63,40,55,18,73,41,28,66,39,62,44,56,50,44,59,44,58,49,34,45,75,59,49,71,52,20,65,56,59,56,46,77,53,53,24,76,54,48,39,62,62,63,53,56,53,20,60,65,51,55,60,48,71,53,41,29,36,49,43,71,93,42,42,60,71,34,15,56,47,53,67,49,72,73,44,59,67,65,53,55,58,59,58,56,0,49,65,25,70,51,68,52,56,57,70
1285,54,63,40,55,18,73,41,28,67,39,64,44,56,50,45,59,44,58,49,33,45,75,59,49,71,53,20,65,55,59,57,46,77,53,54,24,75,54,48,38,62,62,63,53,56,53,20,60,65,51,55,60,48,71,52,41,29,37,49,43,70,93,42,42,60,71,34,15,56,47,53,66,49,72,73,44,59,66,65,54,55,59,59,58,56,0,48,65,25,70,51,68,52,56,57,70
1286,54,63,40,55,18,74,41,28,67,39,64,44,56,50,45,59,44,58,49,33,45,75,59,49,71,53,20,65,55,58,58,46,76,53,53,24,75,55,48,39,62,62,63,53,56,53,20,60,65,52,55,60,48,70,52,42,29,37,49,43,70,93,42,42,61,72,34,15,56,47,53,66,49,72,73,44,59,66,66,55,55,59,60,58,56,0,48,64,25,70,51,68,52,56,57,70
1287,54,62,40,55,19,74,41,28,67,40,64,44,56,51,45,60,44,58,49,34,46,75,59,49,70,54,20,65,56,58,58,47,76,54,53,24,75,55,48,39,61,62,63,53,57,53,20,60,65,52,56,60,48,71,53,42,29,37,49,43,70,93,42,42,61,72,34,16,56,47,53,66,49,71,73,44,59,66,66,56,55,59,60,58,56,0,48,64,25,70,51,69,52,56,56,71
1288,56,62,40,55,19,74,41,27,67,40,64,44,56,50,45,61,45,58,49,34,46,75,59,49,69,54,20,65,56,59,57,47,76,53,54,24,74,55,48,40,61,62,63,53,57,53,20,60,65,52,56,60,49,71,53,41,29,37,49,43,70,92,42,42,61,72,34,16,57,46,53,66,49,71,73,44,59,67,66,56,55,59,60,59,56,0,48,64,24,70,51,69,52,56,56,71
1289,57,62,40,55,19,74,41,28,66,40,64,44,56,50,45,61,44,58,49,34,47,74,59,50,69,54,20,65,56,60,58,47,77,53,54,24,74,55,48,40,61,63,64,53,57,53,20,60,65,52,56,60,49,72,53,41,29,37,49,43,70,91,42,42,61,72,34,16,57,47,53,66,49,71,73,44,59,67,66,56,55,60,60,59,56,0,48,64,24,70,52,69,51,57,56,71
1290,57,62,40,54,19,73,41,28,66,40,64,44,56,50,46,62,44,58,50,34,47,74,58,50,69,54,20,64,56,61,58,47,77,53,54,24,74,56,47,40,60,63,64,53,57,52,20,62,65,53,57,60,49,72,53,41,29,37,49,44,70,91,42,42,61,71,34,16,57,47,53,66,49,71,73,44,61,67,66,57,55,60,60,59,55,0,48,66,24,70,52,69,52,57,57,71
1291,57,62,39,53,19,73,42,28,66,40,64,44,56,50,46,62,45,58,50,35,47,74,58,51,69,54,20,64,56,61,58,47,76,53,54,24,74,56,47,40,60,62,64,53,57,52,20,62,65,53,55,60,49,71,53,41,29,37,49,44,70,91,42,42,61,71,34,17,56,47,53,66,49,70,74,44,61,67,66,57,55,61,60,59,55,0,48,65,24,71,52,70,52,57,57,71
1292,57,62,39,53,19,73,41,28,66,41,64,44,55,50,46,62,45,58,50,34,47,74,58,51,69,54,20,64,56,61,58,47,77,53,54,24,74,56,48,40,59,62,64,54,57,52,20,62,65,53,55,60,49,71,53,41,29,37,49,44,71,91,42,43,60,71,34,17,56,47,53,68,49,71,74,44,61,67,66,58,55,62,60,59,55,0,47,64,24,71,53,70,53,57,56,71
1293,57,61,39,53,19,73,41,28,66,41,64,44,55,50,46,61,45,58,50,34,48,74,58,51,69,53,20,63,56,61,58,47,76,53,54,24,74,56,48,40,59,62,63,55,57,53,21,63,65,53,56,60,50,71,53,41,29,37,50,44,72,91,42,43,60,73,34,17,56,47,53,68,48,72,74,44,61,67,66,59,54,62,60,60,55,0,47,64,24,71,53,71,53,55,57,71
1294,57,61,39,53,18,74,41,27,65,41,64,44,55,50,46,61,45,58,50,34,48,74,58,51,69,54,20,62,56,62,58,47,76,53,54,24,74,56,48,40,59,62,63,56,57,53,21,64,65,53,56,60,49,71,53,41,30,37,50,44,72,91,42,43,60,72,34,17,56,47,53,68,48,72,74,44,61,67,66,59,54,62,60,60,55,0,47,64,24,71,53,71,53,55,57,71
1295,57,61,39,53,19,74,41,27,65,41,63,44,55,51,46,60,45,58,49,34,48,75,57,51,69,54,20,61,56,62,59,47,76,53,55,24,75,56,48,40,59,62,63,56,57,53,21,66,65,53,56,60,49,71,53,41,30,38,50,44,72,91,42,43,60,72,34,17,56,47,53,68,48,72,74,44,61,67,67,59,54,63,60,60,55,0,47,64,24,71,53,71,53,55,57,70
1296,56,61,39,53,20,74,42,27,66,42,63,45,56,51,47,60,45,56,49,33,48,75,57,51,70,54,20,61,56,62,59,47,76,53,55,24,75,56,48,40,59,62,63,57,57,53,21,66,65,53,57,60,49,70,53,41,30,38,50,44,72,91,42,43,60,73,34,17,57,47,53,68,48,73,74,44,61,66,67,59,52,64,61,60,55,0,47,64,21,70,55,72,53,55,58,71
1297,56,62,38,53,20,74,42,28,66,42,65,45,57,51,47,60,45,56,48,33,48,75,57,53,70,54,20,61,56,62,58,47,76,53,55,24,75,56,48,40,59,62,63,57,57,53,21,66,65,54,57,60,49,70,53,41,30,38,50,44,72,91,42,43,60,74,35,17,57,47,54,68,48,73,74,44,61,66,67,59,51,63,61,60,55,0,47,64,21,71,55,72,53,55,58,71
1298,56,61,38,53,20,74,42,28,67,42,65,45,57,51,47,60,45,56,48,33,47,75,57,53,70,54,20,61,58,62,59,46,76,53,55,25,75,56,48,40,59,62,63,57,56,53,22,67,65,53,57,60,49,70,53,41,30,38,50,44,72,91,42,45,59,74,35,17,58,47,54,68,49,73,74,44,61,66,67,59,51,63,61,60,55,0,47,64,21,72,55,72,53,55,58,72
1299,56,62,37,54,21,74,42,28,67,42,65,48,57,51,47,60,45,56,48,33,47,75,58,54,70,55,20,60,58,62,58,46,76,53,55,26,75,56,48,40,59,62,63,57,56,53,22,67,65,52,57,60,49,70,53,41,30,38,50,44,72,91,43,45,59,74,35,17,59,47,55,68,49,73,73,44,61,66,67,59,51,63,61,60,56,0,47,64,21,72,55,73,55,55,57,73
1300,57,63,37,54,21,74,42,28,67,41,65,48,57,51,47,60,45,56,48,33,48,75,58,54,70,55,20,60,59,62,58,46,76,53,56,26,75,56,48,40,59,62,64,57,56,53,22,68,65,53,57,59,49,70,53,41,30,38,50,44,72,90,43,47,59,75,35,17,59,47,55,68,49,73,73,44,61,65,66,59,51,63,61,60,56,0,47,64,20,72,55,73,55,55,57,73
1301,58,61,37,54,22,74,42,28,67,41,65,47,57,51,47,60,45,56,48,34,48,76,57,53,70,55,20,60,58,62,59,47,74,53,57,26,75,56,47,41,59,63,64,57,57,52,22,67,64,54,57,59,49,70,53,41,30,38,50,44,72,90,44,47,58,75,34,17,59,47,55,68,49,73,72,45,61,65,66,59,51,63,61,60,56,0,47,65,22,72,55,73,56,54,57,73
1302,59,60,37,54,22,74,42,28,67,41,65,47,57,51,47,60,45,56,48,34,48,77,57,53,71,54,20,60,58,62,59,47,74,53,57,26,74,56,46,42,59,63,64,57,57,52,22,66,64,53,58,59,49,70,54,41,28,38,50,44,73,90,44,47,58,76,34,17,59,46,55,68,48,73,72,45,61,65,66,60,51,63,61,60,56,0,47,65,21,72,55,73,56,54,57,72
1303,58,60,37,54,22,74,42,27,67,41,65,47,57,51,48,60,45,56,48,34,48,77,57,53,71,54,20,60,57,61,59,47,74,53,57,26,74,56,46,42,59,63,64,57,58,53,23,66,64,53,58,59,49,70,55,42,28,38,50,44,74,89,44,47,58,76,34,18,59,46,55,69,48,73,72,45,62,65,66,60,51,63,62,60,56,0,47,65,21,72,54,73,56,54,57,72
1304,58,60,37,55,22,74,42,27,68,42,65,48,56,51,48,60,45,56,48,34,47,76,57,53,71,54,20,60,57,61,59,47,74,53,58,26,75,56,47,42,59,63,64,57,58,53,23,66,63,53,58,59,49,70,56,42,28,38,50,44,74,88,44,47,58,76,34,18,59,47,54,69,49,73,72,45,62,65,66,60,51,63,62,59,57,0,47,65,21,73,54,73,56,54,57,72
1305,58,60,39,55,22,74,42,28,69,41,65,48,57,51,48,60,46,56,47,34,49,76,57,53,71,54,20,60,57,61,59,47,74,53,58,26,74,56,47,42,59,63,65,56,58,53,23,65,63,53,58,59,49,70,57,42,28,38,50,44,75,87,44,47,58,76,34,18,59,48,54,69,49,73,72,46,62,65,66,59,51,63,61,59,57,0,48,65,21,73,54,73,56,53,58,72
1306,58,59,39,55,22,74,42,28,69,41,65,49,57,51,47,60,46,56,47,34,49,76,57,54,70,54,20,60,57,61,59,47,74,53,58,26,74,56,47,42,58,63,65,56,58,52,23,65,63,53,58,59,49,70,56,42,29,38,50,45,76,87,44,47,58,76,32,18,59,48,54,70,49,73,72,46,62,66,66,60,51,63,61,59,57,0,48,65,21,73,54,73,55,54,57,73
1307,58,59,39,56,22,74,42,28,68,41,64,49,57,51,47,60,46,56,47,34,49,76,56,54,70,55,20,61,57,61,59,47,74,53,57,26,74,55,47,42,58,63,66,57,58,52,23,65,63,53,57,59,49,69,55,41,29,38,49,45,77,87,45,48,59,76,32,18,60,48,54,70,49,73,72,46,62,67,66,60,51,62,61,60,56,0,48,65,21,73,54,73,55,54,58,73
1308,58,59,39,57,23,74,42,28,68,41,65,49,57,51,47,60,46,56,46,34,48,76,56,54,71,55,19,61,57,60,59,47,74,53,58,26,74,55,47,42,57,63,66,57,58,53,23,65,62,53,57,60,49,69,55,41,29,39,49,45,76,87,45,48,59,77,33,18,60,47,54,70,49,73,72,46,62,67,67,60,51,62,60,60,56,0,48,65,21,73,54,73,55,54,57,73
1309,58,59,39,57,23,74,42,28,68,41,66,49,57,51,47,59,46,56,46,34,48,76,55,54,71,55,19,61,57,61,59,47,75,53,58,26,74,56,47,42,57,61,66,58,58,53,23,65,62,53,57,60,50,69,55,41,29,39,49,45,75,87,45,48,59,77,33,18,60,47,54,70,49,73,71,46,62,67,67,60,51,62,60,60,57,0,48,65,21,73,54,73,55,54,57,73
1310,58,57,39,57,23,74,40,28,68,41,67,50,57,51,47,59,46,56,45,35,48,75,55,54,71,55,20,61,57,61,60,47,75,53,59,26,74,56,47,42,57,61,66,58,58,53,23,65,62,52,56,60,52,69,55,41,29,39,49,46,75,87,45,48,59,77,33,18,60,48,54,70,48,73,71,46,62,68,67,60,51,62,61,61,57,0,48,65,21,72,54,73,55,54,57,73
1311,58,56,40,57,23,74,40,28,68,41,67,50,57,51,47,59,46,56,45,35,48,75,54,54,71,55,20,61,56,61,59,47,75,53,59,27,74,56,47,43,57,61,66,58,57,53,23,64,62,52,56,59,52,69,54,41,28,40,49,46,75,87,45,49,59,77,33,18,61,49,54,70,48,73,71,46,62,68,67,60,51,62,61,60,57,0,48,65,21,72,54,73,55,53,57,73
1312,57,57,40,57,23,74,40,28,68,41,67,50,57,51,47,58,46,56,45,34,48,74,54,54,71,55,19,60,56,61,59,47,75,53,59,27,75,56,47,43,57,61,67,59,57,53,23,64,59,53,56,59,52,69,54,41,28,40,49,46,77,87,45,48,59,77,33,18,61,50,55,71,48,73,71,46,61,68,67,60,51,62,61,60,58,0,48,65,21,72,55,73,55,53,57,73
1313,56,59,41,57,23,74,41,28,68,41,67,50,57,50,47,58,46,56,45,34,48,74,53,53,71,55,19,60,56,61,59,47,75,52,59,27,75,55,48,43,57,61,67,59,57,53,23,65,59,53,56,59,52,69,54,40,28,40,49,46,78,87,46,48,59,78,33,18,62,50,54,71,48,73,71,46,61,68,67,60,51,62,61,60,58,0,48,65,22,72,55,73,55,53,57,73
1314,56,59,42,57,23,74,42,28,68,42,67,50,58,50,47,58,47,56,44,34,50,73,53,53,71,55,19,59,56,61,58,47,75,52,59,27,75,55,48,43,57,61,67,60,57,53,23,65,59,53,57,59,52,70,54,41,28,40,50,47,78,87,46,48,59,78,33,18,61,50,54,71,49,74,71,46,61,68,67,60,51,62,61,61,58,0,48,64,22,71,55,74,55,53,57,73
1315,57,59,41,57,23,74,41,28,69,42,66,51,58,50,46,58,47,56,44,34,50,73,53,53,71,55,19,58,56,61,58,47,75,52,59,27,76,55,48,43,57,60,67,60,57,53,23,66,59,53,57,59,52,69,54,41,28,40,50,47,77,87,46,48,59,77,34,18,61,50,53,71,50,74,72,47,60,68,67,60,50,63,61,61,57,0,47,64,23,70,55,74,55,53,57,73
1316,56,60,41,57,23,74,42,28,69,42,66,51,58,50,46,58,47,56,44,34,51,72,53,53,72,55,19,57,55,61,59,47,75,53,60,27,76,56,48,43,57,59,67,60,57,53,23,66,59,54,57,60,52,68,54,43,28,40,50,47,77,87,46,49,59,78,34,18,60,49,53,71,51,74,72,47,60,68,67,60,51,62,60,62,57,0,48,64,23,70,55,74,56,53,57,73
1317,55,60,40,57,23,74,42,28,69,42,66,51,58,50,46,58,47,56,44,35,51,72,53,53,72,54,19,57,55,61,59,47,75,53,60,28,76,56,48,44,57,59,67,61,58,53,23,66,59,53,58,60,53,68,54,43,28,40,50,47,77,87,46,49,59,78,34,18,60,50,53,72,51,74,72,47,60,69,67,60,51,61,60,63,58,0,48,64,24,70,55,75,56,53,58,73
1318,56,60,40,57,23,74,42,28,70,42,66,51,57,50,46,58,47,56,44,35,51,72,53,53,72,54,19,57,56,61,59,47,75,53,60,28,76,56,48,44,58,59,67,61,58,53,23,66,59,53,58,60,54,68,54,43,29,40,51,48,77,87,46,49,59,78,34,18,60,50,54,72,51,74,72,47,60,68,67,60,51,61,59,63,58,0,48,65,24,70,56,75,57,53,58,74
1319,56,61,40,57,23,74,42,27,70,42,66,51,57,50,46,58,47,56,44,35,51,71,54,53,72,55,19,57,56,61,59,47,75,53,60,29,75,56,48,44,57,58,67,61,59,53,23,66,60,53,57,61,54,68,55,43,29,40,51,48,77,87,46,48,59,78,34,18,60,50,54,72,51,73,72,47,60,67,67,60,51,61,59,64,57,0,48,65,25,70,56,75,57,53,57,74
1320,57,61,40,57,23,74,42,27,70,43,66,51,57,50,46,56,47,56,43,35,51,71,55,53,72,55,19,58,56,59,59,47,75,53,60,29,75,55,47,46,57,58,67,61,58,54,23,66,60,53,57,61,54,67,55,43,29,40,53,48,77,87,45,48,59,78,33,18,61,50,54,73,52,73,72,47,60,67,67,60,51,61,59,64,56,0,49,65,25,71,55,74,57,53,57,74
1321,57,61,41,57,23,73,42,26,69,42,66,51,57,50,46,56,47,56,43,34,51,71,55,53,72,56,20,58,56,59,59,48,75,53,60,29,75,55,46,46,57,58,67,61,57,54,23,66,60,52,58,61,54,66,56,43,29,40,53,48,77,87,45,48,60,78,33,18,61,52,54,73,52,73,71,46,60,67,67,60,51,61,59,64,57,0,50,65,25,71,55,74,57,53,57,74
1322,57,62,42,56,23,73,42,26,69,42,66,51,58,50,46,56,47,56,43,34,51,70,55,53,72,57,20,58,56,59,59,48,75,53,60,29,75,55,47,46,57,58,67,61,57,54,22,66,60,52,59,61,54,66,55,42,29,41,53,48,77,87,45,49,59,78,32,18,61,52,54,73,52,73,71,46,60,68,67,60,51,61,59,64,58,0,50,65,25,71,55,74,57,53,57,74
1323,58,62,42,56,23,73,43,26,69,42,67,51,58,51,47,56,46,55,42,34,51,70,55,54,72,57,21,58,56,59,59,48,75,53,60,29,73,55,47,44,57,58,67,61,57,54,23,66,60,53,59,61,54,66,55,42,29,41,53,48,77,87,45,49,59,78,33,18,61,53,54,73,52,74,71,47,60,68,68,60,51,63,59,64,58,0,50,66,25,72,55,75,57,53,57,75
1324,58,62,43,55,23,73,43,26,69,42,67,51,58,50,47,56,46,56,44,34,51,70,55,54,72,58,21,58,56,59,60,48,75,53,59,29,74,55,47,44,56,58,66,61,57,54,23,66,60,53,59,61,54,66,55,42,29,41,54,48,77,87,45,49,59,78,36,19,61,53,54,73,52,75,71,47,60,68,68,60,51,63,60,64,58,0,50,66,27,72,55,75,57,53,59,75
1325,58,62,43,56,24,74,43,26,69,42,67,51,58,50,47,56,46,56,44,37,52,70,55,54,72,58,21,58,56,59,60,48,75,53,59,29,73,55,47,44,56,58,66,61,58,54,24,67,60,53,59,61,54,66,54,42,29,41,54,48,78,87,44,50,59,78,37,19,60,53,54,73,52,75,71,47,59,68,68,60,51,62,60,64,58,0,50,66,27,72,55,75,57,53,59,75
1326,58,62,43,56,24,74,43,25,69,42,67,51,58,50,47,56,46,56,46,37,52,70,55,54,72,59,21,58,56,60,60,48,75,53,59,29,73,55,47,44,57,58,66,61,58,54,24,67,60,53,59,61,54,66,55,42,29,41,54,48,78,87,44,51,59,78,37,19,60,53,52,73,52,75,71,47,58,68,67,60,51,63,60,62,57,0,51,66,27,72,55,74,56,53,59,76
1327,58,62,43,56,25,74,44,25,69,42,67,51,58,50,47,56,46,56,46,38,52,68,55,53,72,59,21,59,56,60,61,48,75,53,59,29,73,55,47,44,57,58,66,61,58,55,24,67,59,52,59,60,54,66,56,42,29,41,54,48,78,87,44,51,59,78,37,19,60,53,52,73,53,75,71,47,58,70,67,60,51,63,60,63,57,0,51,66,27,72,55,73,56,53,59,76
1328,58,62,43,56,25,74,44,26,69,42,68,51,58,50,47,56,46,56,46,38,52,68,55,52,72,59,21,59,56,60,61,48,75,53,59,29,73,55,47,45,57,58,66,62,58,56,24,68,59,53,59,60,54,66,56,42,29,41,54,47,78,86,44,51,59,78,37,19,60,53,54,72,53,74,72,47,59,70,68,60,50,63,60,63,58,0,51,66,27,72,55,73,56,53,58,76
1329,59,61,43,56,24,74,44,26,69,42,68,51,58,50,47,56,47,56,46,38,52,68,56,51,72,59,22,59,56,61,60,48,75,53,59,29,73,55,47,45,56,59,66,62,58,56,24,68,59,53,59,60,53,66,56,42,30,41,54,47,78,86,44,51,59,78,37,19,60,53,55,72,54,74,72,48,59,70,68,60,50,62,60,63,58,0,51,67,27,72,55,73,56,53,58,76
1330,59,61,43,56,24,73,43,26,69,42,69,51,58,50,47,55,48,56,46,39,53,68,56,51,72,59,23,60,56,61,60,49,75,53,59,30,73,55,47,45,56,60,65,62,58,56,24,68,59,53,59,60,53,66,56,42,30,41,54,47,78,86,44,50,59,78,37,19,60,52,55,72,54,74,73,50,59,70,68,60,50,62,60,63,58,0,51,67,27,72,55,74,56,53,58,76
1331,59,61,43,57,24,73,43,26,69,42,71,51,58,50,47,54,48,54,46,37,53,68,56,51,72,60,23,61,56,61,60,49,75,53,60,30,73,54,47,46,56,60,65,63,59,56,24,68,59,54,59,60,53,66,56,42,31,41,54,47,79,85,44,50,60,79,37,19,60,52,55,72,53,74,73,50,59,70,69,61,50,62,60,63,58,0,51,67,27,71,55,74,56,53,58,76
1332,59,61,43,57,24,73,43,26,69,42,71,51,58,50,47,55,48,54,46,37,53,68,56,51,73,60,24,61,56,60,60,49,74,52,60,30,74,54,48,46,56,60,64,63,58,56,24,68,59,54,58,60,54,66,56,42,30,41,54,47,79,85,45,50,59,79,37,19,60,52,55,73,53,74,73,50,59,70,69,60,50,61,60,63,58,0,51,67,27,71,55,74,56,53,57,76
1333,59,61,43,57,24,73,42,26,69,42,71,51,58,50,47,56,48,53,47,37,53,68,56,51,73,59,24,60,56,61,60,49,74,52,60,30,74,54,48,46,56,60,64,63,57,56,24,68,59,53,58,60,55,66,56,42,29,41,54,47,79,86,45,50,60,79,38,19,60,52,55,72,53,74,74,50,59,70,69,60,50,61,60,63,58,0,50,67,27,71,55,74,56,54,57,76
1334,60,60,43,58,24,73,42,26,69,42,71,51,58,50,46,57,48,53,47,38,53,68,56,51,73,59,23,60,56,61,60,49,74,52,61,30,74,54,48,46,56,60,64,63,57,56,24,68,59,53,57,61,55,66,56,42,29,41,54,47,79,86,44,50,60,79,39,19,60,52,56,73,53,74,74,50,59,70,67,60,50,61,60,62,58,0,50,66,27,71,55,74,56,54,57,76
1335,60,60,43,57,24,73,42,26,69,42,71,50,59,50,46,57,49,53,47,38,53,68,56,51,73,60,23,60,55,61,60,49,74,52,61,30,74,53,48,46,57,59,64,63,58,56,24,67,59,53,57,61,55,66,57,43,29,41,52,47,79,86,44,50,60,79,40,19,60,52,56,73,53,74,74,50,59,70,68,60,50,61,60,62,58,0,52,66,26,71,55,74,56,54,56,76
1336,60,60,43,57,24,73,42,26,69,42,72,50,59,50,46,57,48,53,48,37,52,68,56,51,73,60,23,60,55,61,59,49,75,52,62,30,74,53,48,46,57,59,64,63,58,56,24,67,60,53,58,61,55,66,58,43,29,41,52,47,79,86,44,50,60,79,40,20,60,52,56,73,53,74,75,50,59,70,68,60,50,61,61,62,58,0,52,66,27,71,55,74,56,55,55,75
1337,60,60,43,56,24,73,42,26,68,42,73,50,59,50,45,57,48,52,48,37,52,68,56,51,73,60,23,60,55,62,59,50,75,52,61,30,74,53,48,46,57,59,63,64,59,57,24,66,59,53,58,61,55,66,59,43,29,41,52,47,79,85,44,50,60,79,40,20,60,52,55,73,52,74,75,51,59,70,68,61,51,61,62,62,58,0,52,66,27,71,55,75,56,55,55,75
1338,60,60,44,56,24,73,41,26,68,42,73,50,59,50,46,57,48,52,47,38,53,68,56,52,74,60,23,61,55,62,59,50,75,51,61,30,74,53,49,46,58,59,65,64,59,58,24,66,59,53,58,61,55,66,59,43,29,41,52,48,79,85,44,50,60,79,40,20,60,52,55,73,52,73,75,51,58,70,68,61,51,61,63,61,58,0,52,66,27,70,55,75,56,55,55,76
1339,59,60,44,55,24,73,40,26,68,42,73,50,59,50,46,57,48,52,48,38,53,68,56,52,74,60,23,61,55,62,59,50,75,51,61,30,74,53,49,46,58,59,65,64,59,58,24,66,59,54,58,61,55,66,59,43,29,41,51,48,79,85,44,50,60,78,40,20,60,51,55,74,53,73,75,51,58,70,68,61,51,61,63,61,58,0,52,66,27,71,55,75,56,55,55,75
1340,59,60,44,55,25,73,40,26,68,42,72,51,59,50,46,57,48,52,48,39,53,69,56,52,74,60,23,60,54,62,59,50,75,51,62,30,74,54,49,47,58,59,65,64,59,57,24,66,59,54,58,61,55,66,58,45,29,41,51,48,79,84,44,51,60,78,40,20,60,51,55,74,53,72,75,52,58,70,68,61,52,61,62,60,58,0,52,66,27,71,55,74,56,55,55,75
1341,60,60,44,55,26,74,40,26,69,42,72,51,59,50,46,56,48,53,47,39,54,68,56,52,74,60,23,60,54,62,59,50,75,52,62,30,74,54,50,47,59,59,65,64,59,57,24,67,59,53,58,61,56,66,58,45,29,41,51,48,79,84,44,51,60,77,40,20,60,51,54,74,53,72,75,51,58,69,69,62,52,61,62,60,58,0,53,66,27,71,55,74,56,54,55,76
1342,60,60,44,56,25,74,40,26,69,42,72,51,59,50,46,57,48,53,47,39,55,68,57,52,74,59,23,60,54,62,59,50,75,52,62,30,75,54,50,47,58,59,65,64,59,57,24,67,59,53,59,61,56,66,58,45,29,41,51,48,78,84,44,51,60,77,40,20,60,50,54,74,53,72,75,51,58,70,69,62,52,61,62,59,58,0,53,66,27,71,55,74,56,55,54,76
1343,60,60,45,56,25,73,41,26,69,42,72,51,58,50,46,56,48,53,47,39,56,68,57,52,74,59,22,60,55,63,59,50,75,52,62,30,75,54,49,47,58,59,65,64,59,57,24,67,60,53,59,63,56,67,58,43,29,40,51,49,79,83,44,51,60,78,41,20,60,50,54,76,52,72,75,51,57,71,69,62,52,61,63,60,58,0,53,66,27,71,55,74,56,55,54,76
1344,60,60,45,56,25,74,42,28,69,42,72,50,58,50,46,56,48,53,47,39,56,68,57,52,74,59,22,60,55,64,58,50,76,54,62,30,75,54,49,47,58,58,65,64,59,57,24,67,59,53,59,63,56,67,58,44,29,40,51,49,79,83,44,52,58,79,41,20,60,50,55,76,52,72,74,51,57,71,69,62,52,61,64,59,58,0,53,66,28,71,55,74,55,56,54,76
1345,60,60,46,56,26,73,42,28,69,42,72,50,58,51,47,56,48,53,47,39,56,68,57,52,74,60,22,61,55,64,59,50,76,54,62,30,75,53,49,47,57,58,65,65,59,57,24,67,59,53,59,64,56,67,59,44,29,41,53,49,78,83,44,52,58,79,42,20,60,50,55,76,52,72,73,51,59,71,69,62,52,61,64,59,59,0,53,66,28,71,55,73,55,56,54,76
1346,61,60,46,58,26,73,42,28,69,42,71,51,58,51,48,57,47,53,47,39,56,68,57,52,73,60,22,61,55,64,59,51,76,54,62,30,75,53,49,47,56,58,64,65,59,57,24,66,58,53,59,64,54,67,59,44,29,42,53,49,77,83,44,53,58,79,42,20,61,50,55,76,52,72,73,51,59,71,69,61,52,61,64,59,59,0,53,67,28,71,55,73,54,56,54,76
1347,62,60,47,58,26,73,42,28,69,43,71,51,58,51,48,57,47,53,47,41,56,69,57,53,73,59,22,61,55,64,60,50,76,54,62,30,75,53,50,47,56,59,64,66,60,58,24,66,57,53,59,63,54,67,59,45,29,42,53,49,77,83,44,52,58,80,42,20,61,50,55,76,53,72,73,51,59,71,69,61,52,61,64,59,59,0,53,67,28,71,55,73,55,56,54,76
1348,62,60,47,58,27,72,42,28,70,43,71,51,58,51,48,57,46,53,47,41,56,69,57,53,73,59,22,61,54,64,59,49,77,54,63,30,75,53,50,47,56,59,64,67,60,58,24,66,57,53,59,63,53,70,59,45,29,42,53,50,78,83,43,52,58,80,42,20,60,50,55,77,54,72,73,51,59,71,69,60,52,61,64,59,60,0,53,67,28,71,54,73,55,55,54,76
1349,61,60,49,58,27,72,42,28,69,43,72,51,58,51,49,57,46,53,47,41,57,69,57,52,73,59,22,61,54,64,59,49,77,55,64,31,73,53,50,47,55,60,65,67,60,58,24,66,57,53,59,64,53,70,59,46,29,42,54,50,78,83,43,54,58,80,43,20,60,50,55,77,54,72,73,51,59,71,69,60,52,61,64,59,60,0,53,67,28,71,54,73,55,55,53,76
1350,61,60,49,58,27,72,42,28,70,43,71,51,58,50,49,57,46,53,47,41,57,69,57,54,73,60,22,60,54,64,60,50,77,55,64,32,73,53,50,47,55,60,65,67,59,58,24,66,56,53,58,64,53,69,59,46,29,40,54,49,78,83,43,54,58,80,43,20,60,50,55,77,54,72,73,51,59,71,69,61,52,61,64,59,59,0,53,67,28,71,54,73,56,55,53,76
1351,61,60,49,58,27,72,42,28,70,43,71,51,57,50,49,57,46,53,47,41,57,69,57,54,73,61,22,60,55,64,60,50,78,55,64,33,73,53,50,47,55,60,64,67,59,58,24,65,56,52,58,64,52,69,59,46,29,40,54,49,77,83,43,54,59,80,43,18,60,50,55,77,54,72,73,51,59,71,69,61,51,61,64,59,59,0,53,66,28,73,53,73,57,55,53,76
1352,61,60,49,58,28,72,42,28,70,43,71,51,57,51,48,58,46,52,47,41,57,69,57,54,73,62,22,60,55,64,59,50,78,55,65,33,73,53,51,46,56,60,64,67,59,57,24,65,56,52,58,64,50,69,59,46,29,40,54,50,76,82,43,54,59,80,43,18,62,51,54,77,53,71,73,50,59,71,69,61,51,61,64,59,59,0,53,66,28,73,53,73,57,55,53,76
1353,61,60,49,58,28,72,42,28,70,43,72,50,57,50,49,58,46,52,47,41,57,69,57,54,73,62,22,60,55,64,60,50,78,55,65,33,73,53,51,46,56,60,64,67,59,57,25,65,56,53,58,64,50,69,59,46,29,40,54,50,75,82,43,54,59,79,43,19,62,52,54,79,53,71,73,50,59,72,69,61,51,61,64,59,59,0,53,66,28,73,54,73,57,55,54,77
1354,61,60,49,57,28,72,43,28,70,43,72,50,57,51,50,58,46,51,47,41,57,67,57,54,73,63,22,60,55,64,60,50,78,55,65,33,73,53,51,46,56,60,64,67,59,58,25,64,56,54,59,64,50,69,59,46,30,40,54,49,76,82,43,56,59,79,43,19,62,52,54,79,53,72,73,50,59,72,69,61,50,60,64,60,59,0,52,66,28,72,54,73,55,55,54,76
1355,61,60,49,57,28,71,43,28,70,43,72,50,57,51,49,59,46,51,47,41,58,67,57,55,73,64,22,60,55,64,59,50,77,56,65,33,73,53,51,46,56,60,64,68,59,58,25,64,56,54,59,64,50,69,59,46,31,40,54,49,76,82,43,56,59,77,43,20,62,52,54,79,53,72,72,50,60,72,69,62,50,60,64,59,59,0,51,66,28,72,54,73,55,55,54,76
1356,61,60,49,57,28,71,43,28,70,43,72,50,57,51,49,59,48,51,47,41,58,67,57,55,73,65,22,60,55,64,59,51,76,56,65,33,74,53,51,45,56,60,66,68,59,59,25,65,56,54,59,64,50,69,59,46,31,40,54,49,76,82,43,57,59,77,44,20,62,52,54,79,54,72,72,51,60,72,69,62,50,60,64,59,59,0,51,66,28,72,54,73,54,55,55,77
1357,63,60,49,58,28,71,43,28,70,43,72,50,57,51,49,58,47,51,46,42,58,67,57,55,73,65,22,60,55,63,59,51,75,56,65,33,74,53,51,44,56,60,66,68,59,59,25,65,56,55,59,64,50,69,58,46,31,40,54,49,75,82,44,57,58,77,43,20,63,52,54,78,54,72,72,51,59,71,69,62,50,60,63,59,59,0,51,66,28,72,54,73,54,55,55,78
1358,63,60,51,58,28,71,43,28,68,44,72,50,57,51,48,58,47,50,46,42,58,67,57,55,73,65,22,60,55,63,59,51,75,56,65,33,74,53,51,44,56,60,66,69,60,59,25,66,56,55,59,63,50,68,58,46,31,40,54,49,75,80,44,57,58,78,42,20,63,52,54,78,56,72,72,51,59,71,69,62,50,60,63,59,59,0,51,66,28,72,54,73,54,54,56,78
1359,63,60,51,58,28,71,43,27,68,44,72,50,57,51,48,58,47,50,46,42,59,66,57,55,73,65,22,60,55,63,59,51,75,56,65,33,74,53,51,44,56,61,66,70,60,60,25,66,56,55,58,63,50,68,58,46,31,41,54,48,75,80,44,57,58,78,43,20,62,52,54,78,56,72,72,52,60,71,69,62,50,60,63,59,59,0,51,66,28,73,53,73,54,54,56,78
1360,63,60,51,58,28,71,43,27,68,44,72,50,57,51,47,58,47,50,48,42,59,66,57,55,73,65,22,59,55,63,60,53,75,56,65,33,73,53,51,45,56,61,65,69,60,60,25,66,56,54,58,63,50,69,58,46,32,43,54,48,75,80,44,57,58,78,43,20,62,52,54,78,55,72,72,52,60,71,69,62,51,60,64,59,60,0,51,66,28,73,53,74,55,54,56,78
1361,64,60,51,57,28,71,42,27,69,45,72,49,57,51,47,58,47,50,48,42,59,66,57,55,73,65,22,59,55,63,60,53,75,56,65,33,73,53,51,45,56,61,65,69,61,60,25,66,56,54,58,63,50,69,58,46,32,43,55,48,75,80,44,57,58,78,43,21,61,52,54,78,55,72,72,52,60,71,69,62,51,60,64,59,60,0,51,66,28,73,53,74,55,54,56,78
1362,64,61,51,57,28,71,42,27,69,45,71,49,57,51,47,58,47,50,48,42,60,67,56,55,73,65,22,60,55,63,60,53,75,56,66,33,73,53,51,45,56,62,66,69,61,60,25,66,55,54,58,63,50,69,58,46,32,43,55,48,76,79,44,57,58,78,43,21,61,53,54,78,55,71,71,52,61,71,68,62,52,59,66,58,60,0,51,65,28,73,53,72,55,55,56,78
1363,65,61,51,57,28,71,42,27,70,45,72,49,57,52,47,58,47,51,48,44,60,68,56,55,72,65,22,60,55,63,60,53,75,57,66,33,73,53,52,45,56,62,66,69,61,60,25,65,55,54,58,64,50,69,58,46,32,43,56,49,76,79,44,57,58,78,43,21,62,53,53,78,55,72,72,52,61,71,68,61,51,59,66,58,59,0,51,65,28,73,54,71,55,55,55,78
1364,64,61,52,57,28,71,42,27,70,45,72,49,57,52,47,58,48,51,48,44,60,68,55,55,71,65,22,60,55,63,59,52,74,57,66,33,72,53,52,46,56,62,65,70,61,60,26,65,56,55,58,64,50,69,58,46,32,43,56,49,76,79,44,57,58,78,43,21,62,53,53,79,55,72,72,52,61,70,68,61,51,59,66,58,59,0,51,65,28,73,54,71,55,54,55,79
1365,64,61,51,57,28,70,42,27,70,45,72,49,57,52,47,58,48,50,47,44,60,68,55,55,72,65,23,60,54,63,59,52,74,58,66,33,72,53,52,47,56,62,65,70,61,60,26,65,56,55,58,64,50,69,58,46,32,42,56,50,76,79,44,58,58,78,44,21,62,52,54,79,56,72,73,52,61,70,67,61,51,59,66,58,59,0,51,65,29,73,54,71,55,54,55,79
1366,63,61,52,57,28,70,42,26,70,45,73,49,57,52,47,58,48,50,47,44,60,67,55,55,73,65,23,60,54,64,59,53,73,58,66,33,72,53,53,47,56,62,65,70,61,60,26,65,56,55,58,65,50,68,58,46,32,42,56,50,74,79,44,58,58,78,44,21,62,51,54,80,56,73,73,52,61,70,67,61,51,58,66,58,59,0,51,65,29,72,53,71,55,54,55,80
1367,63,61,52,57,28,70,42,26,70,45,73,49,57,53,47,59,48,50,47,44,60,67,55,55,73,65,23,60,53,64,59,53,73,59,65,33,72,53,52,47,56,62,65,70,61,60,26,65,56,55,58,64,50,69,58,46,32,42,56,50,74,79,44,58,58,78,44,21,62,51,54,80,56,73,73,51,61,70,67,61,51,58,66,58,58,0,51,65,29,72,53,70,55,54,55,80
1368,63,61,54,57,28,71,43,27,70,44,73,48,57,53,47,58,48,49,48,44,60,67,55,55,72,65,23,60,53,64,59,52,73,59,65,33,72,53,52,47,56,62,65,70,61,58,26,65,54,55,58,64,50,69,58,46,33,42,56,50,74,77,45,58,58,79,45,21,62,51,54,80,56,73,73,51,60,70,67,61,51,57,66,58,58,0,51,65,28,72,53,69,55,54,54,80
1369,63,61,54,57,28,71,44,28,70,45,73,48,57,53,47,58,47,48,49,44,60,68,55,55,72,65,23,60,53,64,59,53,73,59,65,33,72,54,53,48,55,62,65,69,61,58,26,64,54,55,59,64,50,68,58,46,33,42,56,50,74,77,45,58,58,80,45,21,63,51,54,80,56,72,72,51,60,69,67,61,51,57,66,58,58,0,51,65,29,72,53,69,55,54,53,81
1370,63,61,55,58,28,72,44,28,70,45,73,48,57,53,48,58,47,48,50,44,60,68,55,55,71,65,23,60,53,64,59,53,73,60,65,34,72,54,53,47,55,62,65,68,61,58,26,64,55,56,59,64,50,68,58,46,33,43,56,50,74,76,45,58,58,80,45,21,63,51,54,80,56,72,72,52,61,69,68,61,51,57,66,58,58,0,51,65,30,72,54,69,55,54,53,83
1371,63,61,55,58,28,71,45,28,70,45,73,48,57,53,48,58,48,48,50,44,60,69,55,55,71,65,23,60,53,64,59,53,72,59,65,36,72,54,53,47,55,62,65,68,61,58,27,64,55,56,59,65,50,68,57,47,33,43,56,50,75,75,45,58,57,80,45,21,63,52,54,80,56,72,72,51,61,68,68,61,51,57,65,58,58,0,51,65,30,72,54,69,55,54,53,83
1372,63,62,55,57,28,72,45,28,70,45,72,48,57,53,48,58,48,49,51,44,60,69,55,55,71,65,23,60,53,64,59,53,72,59,65,36,72,54,53,47,55,63,66,67,61,58,27,64,54,56,59,64,50,68,57,46,33,43,56,50,75,75,45,58,56,80,45,21,63,52,53,79,54,72,72,51,60,68,68,60,52,57,66,58,58,0,51,65,30,72,54,69,55,54,52,82
1373,63,62,54,57,28,72,45,28,70,45,72,48,57,53,48,57,48,49,51,44,60,69,55,56,70,65,23,60,53,65,59,53,72,59,64,36,72,54,53,46,54,63,66,67,61,57,26,64,54,57,58,64,50,69,57,46,33,43,56,50,75,75,45,58,56,80,45,21,61,53,53,79,54,72,71,50,60,67,68,60,53,58,67,58,58,0,51,65,30,72,54,70,55,54,52,82
1374,62,62,54,57,28,73,45,28,70,45,71,48,57,54,48,57,48,49,52,44,60,67,54,55,70,65,24,61,53,65,59,52,72,59,64,36,72,54,53,46,55,63,65,68,61,57,27,64,54,57,59,64,50,69,58,46,33,43,56,50,75,75,46,58,56,80,45,22,61,53,53,79,55,72,71,50,60,67,66,60,53,58,67,58,58,0,51,66,30,72,54,70,55,55,52,82
1375,62,62,54,57,28,73,45,28,70,45,72,49,57,52,47,57,48,49,53,44,59,67,54,55,70,64,24,61,54,65,59,53,71,59,64,36,72,54,53,46,55,63,65,68,61,57,26,64,54,57,60,64,50,69,58,46,33,43,56,50,75,75,46,58,56,80,45,21,61,53,53,79,56,72,71,50,60,67,66,60,53,58,67,57,58,0,51,65,30,73,54,70,55,55,52,82
1376,62,62,54,57,28,73,45,28,70,45,71,49,56,52,47,57,48,49,53,44,59,67,54,55,70,65,24,61,54,65,59,52,71,59,64,36,72,54,53,46,55,63,65,68,61,57,26,64,54,57,60,64,50,69,58,46,33,43,56,51,75,75,46,58,56,80,44,21,61,53,53,79,56,72,70,50,60,66,66,60,52,58,66,57,57,0,51,66,30,73,54,70,55,55,53,82
1377,62,62,55,57,28,74,45,28,70,45,71,49,56,51,47,57,48,48,53,45,59,68,54,55,69,64,24,60,54,65,59,53,71,58,64,36,72,54,53,46,55,63,65,68,61,57,26,64,54,57,60,64,50,69,57,46,34,43,56,50,75,74,46,58,56,80,44,21,61,53,54,79,56,72,70,50,61,66,66,60,51,58,67,57,57,0,51,66,30,73,54,70,55,55,54,83
1378,62,62,55,57,28,74,45,28,70,46,71,49,56,52,47,56,48,48,53,45,59,68,54,55,69,63,24,60,54,65,59,53,71,58,64,36,72,54,53,45,55,64,66,68,61,57,26,65,54,57,60,64,51,69,57,46,34,43,57,50,75,74,46,58,56,80,44,21,61,54,54,79,56,72,69,49,61,67,66,60,51,58,68,57,57,0,51,66,31,73,54,69,56,54,54,83
1379,61,62,55,57,28,73,44,28,70,46,71,49,56,52,47,56,47,47,53,45,60,68,54,54,68,63,24,60,54,65,59,53,71,57,64,36,72,54,52,44,55,64,64,68,61,57,26,65,55,57,60,64,50,69,57,47,34,42,56,50,75,74,46,58,57,80,44,21,61,54,53,79,56,72,68,49,61,67,66,60,51,57,67,57,57,0,52,67,31,73,54,69,57,54,54,82
1380,62,61,54,56,28,73,45,27,70,46,71,49,55,52,46,57,47,47,53,45,60,68,53,54,68,63,24,59,55,65,59,53,71,57,65,36,72,55,51,44,55,63,65,68,62,57,25,65,55,57,60,64,49,69,57,47,34,42,56,50,75,74,46,58,57,80,45,21,61,54,53,79,57,72,68,49,62,68,66,60,51,57,67,57,57,0,52,67,31,73,54,69,57,54,54,82
1381,62,61,54,56,28,73,45,27,70,46,71,49,55,52,46,57,47,47,54,45,59,68,53,55,68,64,24,59,55,65,59,53,71,57,65,36,72,55,52,44,55,64,66,68,62,56,25,66,55,55,60,64,49,69,57,47,34,42,56,50,75,74,46,58,58,80,45,21,60,54,54,79,57,72,68,49,63,68,67,60,51,57,67,58,57,0,52,68,31,73,54,69,57,54,54,81
1382,62,61,54,56,28,73,45,27,71,46,71,49,55,52,45,57,47,46,53,46,59,68,53,54,68,65,24,59,55,65,59,54,71,57,66,36,72,55,52,44,55,64,65,67,62,56,25,66,55,55,60,64,48,68,57,47,34,42,56,50,75,74,46,59,58,80,46,21,59,54,54,80,57,71,68,49,63,68,67,60,51,57,68,58,57,0,53,68,31,73,54,68,57,54,54,81
1383,61,61,53,57,28,73,44,27,71,45,71,49,55,52,45,57,48,46,53,47,59,68,53,54,68,65,24,59,55,65,59,54,71,57,66,36,72,55,52,44,55,63,65,66,62,58,26,66,55,54,60,64,47,68,57,47,34,42,56,50,75,74,46,59,58,80,46,21,59,54,54,79,57,70,68,49,63,68,67,60,51,57,68,58,57,0,53,68,31,73,54,68,56,54,54,80
1384,61,61,52,56,28,73,45,28,71,45,71,49,55,52,44,57,48,47,54,46,59,68,53,54,68,65,24,59,55,65,59,54,71,57,66,37,72,55,52,44,54,63,65,66,62,58,27,66,54,54,60,64,47,68,57,47,34,42,56,50,75,74,46,59,58,80,46,21,59,54,54,80,57,70,68,49,63,68,67,60,50,57,68,57,57,0,53,69,31,73,55,69,56,54,54,80
1385,62,61,52,56,28,73,44,28,71,45,71,49,56,52,44,57,48,47,54,46,59,69,53,54,68,65,24,58,55,65,59,54,71,57,66,37,72,55,52,44,55,63,66,66,61,58,27,67,54,54,59,64,47,67,57,47,34,42,56,51,75,72,46,60,58,80,46,22,59,54,54,80,56,71,67,49,63,68,67,60,50,57,68,57,57,0,52,69,31,73,55,69,56,53,55,79
1386,62,61,52,56,28,72,44,28,71,46,72,49,55,52,44,57,48,48,55,45,60,69,53,54,68,65,24,58,55,65,58,54,71,56,66,37,72,55,53,44,56,63,65,66,61,58,27,66,54,54,59,64,47,67,57,47,34,42,56,51,74,72,47,60,58,79,46,22,60,54,54,79,56,70,66,49,63,68,67,60,50,57,70,57,57,0,52,69,31,73,55,69,56,53,56,80
1387,62,60,52,56,29,72,43,29,70,46,72,49,55,52,44,57,48,48,55,44,60,69,53,54,70,65,24,58,54,65,58,54,71,55,66,37,72,55,53,45,56,64,65,66,61,58,27,66,54,54,59,64,47,67,58,47,34,42,56,52,74,72,47,60,58,80,46,22,60,54,54,79,56,70,66,48,64,68,67,60,51,57,70,57,57,0,52,69,31,73,55,69,56,52,56,79
1388,62,60,51,56,29,72,43,29,70,46,72,48,55,52,44,57,48,48,55,44,60,69,52,54,70,65,24,58,53,65,59,54,72,54,66,37,72,55,53,45,56,63,65,66,61,58,27,66,53,54,59,64,47,67,58,47,36,42,56,52,74,72,48,60,58,80,46,23,60,54,54,79,56,70,67,48,64,68,67,60,51,58,70,56,57,0,51,70,31,73,55,69,56,52,56,79
1389,63,61,50,57,29,72,43,29,70,45,72,48,54,52,44,57,49,48,55,44,60,69,52,55,70,66,25,58,53,65,59,54,72,54,66,39,73,55,53,46,56,63,65,66,61,58,27,65,53,54,58,64,47,67,58,47,36,44,56,52,73,72,48,59,58,80,46,23,60,54,54,78,57,70,67,48,65,68,67,60,51,58,70,56,57,0,51,69,31,73,55,69,56,52,56,79
1390,63,61,50,57,30,71,43,30,70,42,72,48,54,52,44,57,49,48,55,43,60,69,53,55,69,66,25,58,54,65,59,54,72,54,66,39,72,56,53,47,56,63,65,66,61,58,28,65,53,54,58,65,47,67,58,47,36,43,57,53,73,70,48,59,58,80,46,23,60,54,54,78,57,70,66,48,65,68,67,60,51,57,70,56,57,0,52,69,31,73,54,69,56,52,57,79
1391,63,61,50,55,30,72,43,31,70,42,72,48,54,52,44,57,49,48,55,43,60,69,53,55,69,67,25,58,54,66,60,54,72,53,66,39,72,56,53,46,55,63,64,67,61,58,28,65,53,54,58,65,47,67,58,47,36,43,57,53,71,69,49,59,58,80,46,23,61,54,53,78,57,69,66,48,65,67,67,60,51,57,70,56,56,0,52,69,31,73,54,70,56,52,59,80
1392,63,61,49,55,30,72,44,31,70,42,72,48,54,53,44,57,49,48,54,44,60,69,53,55,69,67,26,58,53,68,60,53,72,53,66,39,72,56,53,46,55,63,65,67,61,58,28,65,53,54,58,65,47,67,57,47,35,43,57,54,72,69,49,59,58,80,46,23,61,54,53,79,57,69,66,48,65,67,67,60,51,57,71,55,57,0,52,70,31,73,54,70,56,51,59,80
1393,63,61,49,56,30,72,44,32,70,42,72,48,54,52,44,57,49,47,54,44,59,69,53,55,69,67,26,58,53,68,59,53,72,53,66,39,72,57,53,46,55,63,65,67,61,58,28,65,53,54,58,65,47,67,57,47,35,43,57,54,73,69,49,58,58,80,46,23,60,54,53,79,57,70,66,48,65,68,67,60,51,57,71,55,56,0,53,70,31,73,54,69,56,51,59,80
1394,63,60,48,56,30,71,43,32,70,42,71,48,53,52,43,58,49,47,54,44,59,69,53,55,69,67,26,58,53,68,58,53,72,53,66,39,72,57,53,46,56,63,65,67,61,58,28,65,53,53,58,65,47,67,57,47,35,44,57,55,73,69,49,58,58,80,46,23,60,54,53,79,57,70,66,48,65,68,67,60,52,57,72,55,55,0,53,71,31,73,54,69,56,52,59,80
1395,62,61,48,55,30,71,43,32,70,42,72,48,53,52,43,58,49,47,54,44,59,69,53,56,69,67,27,58,53,68,58,53,73,52,66,39,72,57,53,46,56,63,66,67,61,58,28,65,53,53,58,65,47,66,57,47,35,43,57,55,74,69,50,59,57,80,47,23,59,54,54,79,57,70,66,48,65,67,67,60,52,57,72,54,55,0,53,71,32,72,54,69,56,52,59,80
1396,62,61,48,55,30,71,43,32,70,42,72,48,53,52,43,58,49,47,54,44,59,69,53,56,69,67,27,57,53,68,58,53,72,52,65,39,72,57,53,46,56,63,66,67,62,58,28,65,55,53,58,65,47,65,57,47,35,43,56,56,74,69,50,59,57,79,47,23,59,54,54,79,57,70,68,48,65,66,67,60,52,58,72,54,55,0,53,71,32,72,54,69,56,53,58,80
1397,62,62,48,54,30,71,43,34,70,42,71,48,53,52,43,58,49,47,54,44,59,69,53,56,68,67,27,57,53,68,58,53,72,52,65,39,71,57,53,46,56,63,66,67,62,58,29,65,55,53,59,65,47,65,57,47,35,43,56,55,74,69,50,59,57,79,47,23,59,55,54,77,57,69,68,48,65,65,67,60,52,59,72,54,55,0,53,72,33,71,55,68,56,52,58,80
1398,62,62,49,54,30,71,43,34,70,42,70,48,53,52,43,58,50,47,54,44,59,69,53,57,68,67,27,57,53,68,58,53,72,52,65,39,71,57,54,46,56,63,65,67,62,58,29,65,55,53,59,64,47,65,57,47,35,43,56,55,74,69,50,59,57,79,47,24,59,55,54,77,57,69,68,48,65,65,67,60,52,60,73,54,55,0,53,72,33,70,55,68,57,52,58,80
1399,61,62,50,54,30,71,43,34,70,42,70,49,52,52,43,57,50,47,54,44,59,69,53,57,68,67,27,58,53,69,58,53,72,52,65,39,70,57,54,46,57,63,65,67,62,58,29,65,55,53,59,64,47,66,56,47,36,44,56,54,74,69,50,59,57,80,47,24,59,55,53,76,57,69,68,48,65,65,67,60,52,60,73,54,55,0,53,73,33,70,55,68,57,52,58,80
1400,61,62,50,54,30,71,43,34,70,42,70,49,52,52,43,57,50,48,54,44,59,69,53,58,68,67,27,58,53,68,58,53,72,52,65,39,70,57,54,47,57,63,65,67,62,58,29,64,55,53,59,64,47,66,56,47,36,45,57,54,74,69,50,59,57,79,47,24,59,55,53,77,58,69,68,48,65,63,67,60,52,60,73,54,56,0,54,72,33,72,54,68,57,52,58,80
1401,61,62,49,53,30,71,43,34,69,42,70,49,53,53,43,57,51,48,53,44,60,68,53,58,68,67,27,58,53,67,58,53,72,52,65,39,70,57,54,47,57,63,65,66,64,58,30,65,55,54,59,63,47,66,56,47,36,46,57,54,74,69,50,59,57,79,46,24,60,55,53,77,59,69,68,48,64,63,67,60,53,59,72,55,57,0,54,72,33,72,54,68,57,52,58,80
1402,61,62,49,53,30,70,41,34,69,43,70,50,53,52,43,57,51,48,53,44,60,68,53,59,68,67,27,58,53,67,58,53,72,53,64,39,70,57,54,47,57,63,65,67,64,58,30,65,55,55,59,65,47,66,56,47,36,46,57,54,74,69,50,58,57,78,46,24,60,55,53,77,60,70,68,48,64,63,67,60,52,60,72,56,57,0,54,72,33,71,54,68,57,53,58,80
1403,61,62,50,53,30,70,42,34,69,43,70,51,53,53,43,56,51,48,53,44,60,68,53,60,68,67,27,59,54,67,58,52,72,53,64,38,70,57,54,47,57,62,65,67,64,59,30,65,54,55,60,65,47,65,56,47,36,46,57,54,74,69,50,58,57,79,46,24,60,56,53,77,60,70,68,48,64,63,67,60,52,60,72,56,57,0,54,72,33,71,54,68,57,53,58,80
1404,60,62,51,53,29,70,42,34,69,43,69,51,53,54,43,56,51,48,53,45,60,68,52,60,68,67,27,59,54,68,59,52,72,53,64,38,70,57,54,47,57,62,65,66,64,59,30,66,54,54,60,65,46,65,56,47,36,46,57,54,73,69,50,58,57,79,46,24,60,56,53,77,59,70,68,48,66,64,68,59,52,60,72,56,57,0,54,72,33,71,54,67,55,52,58,81
1405,60,61,51,53,29,70,42,34,69,43,69,51,52,54,43,55,50,47,55,45,59,68,52,60,68,67,27,59,54,68,59,52,72,53,64,38,70,57,54,48,57,62,65,66,64,59,30,66,54,54,60,65,46,64,56,47,36,46,58,54,73,69,50,58,57,79,46,24,60,56,53,76,59,70,68,48,66,63,68,60,52,59,72,56,57,0,54,71,33,71,54,67,55,52,58,81
1406,60,61,51,53,29,70,42,34,69,43,69,51,52,54,43,55,50,47,55,45,59,69,52,61,68,68,27,59,54,67,59,52,71,53,64,39,69,58,54,48,57,62,65,67,64,60,30,65,53,54,60,65,46,64,55,48,37,46,58,53,73,68,50,58,57,80,46,24,60,56,53,76,60,70,69,48,66,63,68,60,52,59,72,56,57,0,53,71,33,72,54,67,56,52,59,80
1407,62,61,50,53,29,70,41,34,69,44,69,51,52,54,42,55,52,47,55,45,60,69,52,61,67,68,27,59,54,67,59,51,71,53,64,38,69,58,54,48,57,62,65,67,65,60,30,65,53,54,61,65,46,64,55,48,37,46,58,53,72,67,50,58,57,80,46,24,60,56,53,75,59,70,69,48,66,63,68,60,52,59,72,56,57,0,53,71,33,71,54,66,56,53,59,80
1408,62,61,50,53,29,70,41,34,69,44,69,51,52,54,42,54,52,47,55,45,59,69,52,61,67,68,27,59,55,66,60,51,71,53,64,39,69,58,54,48,57,62,65,67,65,60,31,65,53,55,61,65,46,62,55,48,37,47,58,53,72,67,49,58,58,80,46,24,60,55,53,77,59,70,69,48,66,63,68,60,52,58,72,56,57,0,54,71,33,71,54,65,56,53,59,80
1409,64,61,50,53,29,69,41,34,69,44,69,51,52,54,43,55,52,47,55,45,59,69,52,62,66,68,27,59,55,67,60,52,71,52,63,39,69,58,55,48,57,61,65,67,65,60,31,65,53,55,60,64,46,63,55,48,37,47,58,53,71,67,49,59,58,80,46,25,60,55,53,77,59,70,68,48,68,64,68,60,51,58,72,56,57,0,53,71,34,71,54,65,56,53,59,80
1410,64,61,50,53,29,69,41,34,71,44,69,51,52,55,43,55,52,48,55,46,59,69,52,62,66,68,26,59,55,67,60,52,70,52,63,39,69,58,56,49,57,61,65,67,65,61,30,64,53,55,59,64,46,63,55,49,37,47,57,53,71,65,49,59,58,80,46,25,60,55,53,77,59,70,68,48,68,64,68,60,51,59,72,56,56,0,53,71,34,71,53,65,56,52,59,80
1411,65,61,50,53,29,69,41,34,71,44,69,51,51,55,42,55,52,48,55,46,58,69,53,62,66,68,26,59,55,68,61,52,70,52,63,39,69,58,56,49,57,62,64,68,66,62,29,64,53,55,59,64,46,64,54,50,37,47,57,53,71,63,49,60,58,80,45,25,60,55,53,77,59,70,66,49,68,64,68,60,51,59,73,56,56,0,54,72,34,70,53,65,55,53,59,80
1412,64,61,50,53,29,69,41,34,70,47,69,51,51,55,42,55,52,48,55,44,60,70,53,63,66,69,26,59,55,68,62,52,72,52,63,40,69,57,56,49,57,62,64,68,66,62,29,64,53,55,59,64,46,64,54,50,37,47,57,53,71,63,49,60,58,80,45,25,60,55,53,77,59,70,66,49,68,64,68,60,51,59,73,56,56,0,53,73,34,70,53,65,55,53,59,80
1413,64,61,50,53,29,69,41,34,69,45,68,52,51,55,42,55,52,48,55,44,61,70,53,63,65,69,26,59,55,67,62,52,72,52,64,39,69,58,56,49,57,61,64,68,66,62,29,64,53,55,59,64,46,64,53,51,37,47,56,54,71,63,49,60,58,79,47,25,60,55,53,77,59,70,66,49,68,64,68,60,51,59,73,56,56,0,53,73,34,70,54,65,55,53,59,80
1414,64,61,50,53,29,69,41,34,69,46,68,53,51,55,44,55,52,48,55,44,61,70,53,63,65,69,26,59,55,67,62,52,72,52,64,39,69,57,56,50,57,61,64,68,65,62,29,64,53,55,59,64,46,64,53,51,37,47,56,54,71,63,49,60,58,79,47,25,60,55,53,77,59,69,66,49,68,63,68,60,51,59,73,56,56,0,53,73,34,70,54,65,55,55,58,80
1415,64,61,51,53,29,69,41,35,69,46,68,53,51,55,44,56,52,48,55,45,60,70,53,63,64,69,26,59,55,67,61,52,72,52,64,39,69,57,56,49,57,61,64,67,65,61,29,64,53,56,60,64,46,64,53,51,37,48,56,54,70,63,49,60,58,80,47,25,60,56,53,77,59,69,66,50,68,63,68,60,51,59,74,56,56,0,53,73,35,70,56,65,55,56,58,80
1416,64,61,51,53,29,69,41,35,68,46,69,53,51,56,43,56,53,48,55,45,60,70,53,63,64,69,26,58,55,67,61,51,72,52,63,39,68,56,57,49,57,61,64,67,65,61,29,64,53,56,60,64,46,64,53,51,37,48,56,54,68,63,50,59,59,78,47,25,59,56,53,77,59,69,66,49,68,63,68,60,51,59,74,56,56,0,53,73,35,70,57,65,55,56,58,80
1417,64,61,51,51,29,69,41,35,68,47,68,53,50,56,43,56,53,47,55,45,60,70,53,63,62,69,26,58,55,68,59,51,72,52,63,39,67,58,58,50,57,61,63,67,65,62,29,64,53,56,58,63,46,64,53,51,37,49,55,54,68,63,50,59,59,78,47,25,59,56,53,78,59,69,66,49,68,63,68,60,51,60,73,56,56,0,53,73,35,70,57,66,55,57,58,79
1418,64,61,51,51,29,69,41,35,68,46,68,53,50,56,43,57,53,47,55,45,60,70,53,63,62,69,26,58,55,67,59,51,72,53,63,39,68,57,58,49,57,61,63,67,65,62,30,63,54,56,58,62,46,65,53,51,37,49,55,54,68,63,49,59,59,79,47,26,59,56,53,78,59,69,66,49,68,63,68,60,51,60,73,56,56,0,53,73,35,69,57,66,55,57,59,79
1419,64,61,51,51,29,68,40,35,68,46,68,53,50,56,43,57,53,47,55,45,60,70,53,63,62,70,26,58,55,66,59,51,72,53,63,39,68,56,60,49,58,61,63,67,65,61,30,62,55,56,58,62,46,66,53,51,38,49,55,54,68,63,49,59,59,80,47,26,59,56,53,78,59,69,65,49,68,63,68,59,51,60,73,55,56,0,53,74,35,69,57,67,55,56,59,78
1420,64,61,51,51,28,68,40,35,68,46,67,53,49,56,43,57,53,47,55,45,60,69,53,63,62,70,26,58,56,67,60,51,72,53,64,39,67,55,60,49,58,61,63,67,66,60,30,61,55,56,58,62,46,65,54,52,38,49,56,54,68,63,49,59,59,80,47,26,59,56,52,77,59,69,65,48,69,63,68,59,51,60,72,55,56,0,53,74,35,69,57,67,55,57,58,78
1421,64,61,51,51,28,68,41,35,68,46,67,52,49,56,43,57,54,47,55,45,60,69,52,63,62,70,27,58,56,67,60,51,72,53,64,40,67,55,60,49,58,61,63,67,66,61,30,60,56,56,57,62,47,65,54,52,38,49,55,55,68,63,49,59,59,80,47,26,59,56,52,77,59,69,65,48,68,63,68,60,51,61,71,55,56,0,53,74,35,68,57,67,55,57,58,78
1422,64,61,51,51,28,68,41,36,68,46,67,52,49,56,43,57,54,47,55,45,60,70,52,62,61,70,27,58,56,67,60,51,72,52,64,40,67,54,60,49,58,61,63,67,66,61,30,60,56,56,57,62,47,65,55,52,38,49,55,55,68,63,50,60,59,80,47,26,59,56,51,77,59,69,65,48,67,63,68,60,51,61,71,55,56,0,53,74,35,68,56,66,54,57,58,77
1423,63,61,51,49,28,67,41,36,68,46,68,52,49,57,43,57,54,47,55,45,60,70,51,62,61,70,27,58,56,66,60,51,72,52,64,40,67,54,60,49,58,61,63,67,67,61,30,60,56,56,57,61,47,65,55,52,39,49,55,55,68,62,51,61,59,80,47,26,59,56,51,77,59,69,65,48,67,63,67,60,51,61,71,55,56,0,53,74,36,68,55,66,54,58,58,78
1424,63,60,51,49,28,67,42,36,69,45,67,52,49,57,43,57,54,47,55,45,60,70,51,63,60,70,27,58,57,66,60,51,72,52,64,40,67,54,61,49,58,61,63,67,67,61,30,60,56,57,57,60,47,65,55,52,39,49,55,55,67,61,50,61,59,80,47,26,60,55,51,76,59,69,65,48,67,63,66,60,51,61,70,55,57,0,53,74,36,68,55,65,54,59,58,78
1425,63,61,51,49,28,67,41,36,69,44,67,52,49,57,43,57,54,46,55,45,60,70,51,63,60,70,27,58,57,66,60,50,70,52,64,41,67,54,62,49,57,61,63,68,67,61,30,60,56,57,57,60,47,65,55,52,39,49,55,55,67,61,48,61,60,79,47,26,60,55,51,76,59,69,65,48,67,62,67,60,51,62,71,55,57,0,53,75,36,68,55,65,54,58,58,77
1426,63,61,51,49,28,67,41,37,69,44,68,52,49,58,44,57,54,46,55,45,60,70,51,63,60,70,27,58,57,66,60,50,70,52,64,41,68,55,62,49,56,61,63,68,67,61,30,60,56,57,57,60,47,65,56,52,39,49,55,55,67,60,47,61,60,79,47,26,60,55,51,76,59,69,65,48,67,62,66,60,51,62,71,55,57,0,52,76,36,68,55,63,54,58,57,77
1427,62,62,51,49,28,67,41,37,68,44,67,52,49,58,44,57,53,46,55,45,60,70,51,63,60,70,27,59,57,66,60,50,69,52,64,41,68,55,62,49,56,61,63,69,67,61,30,60,55,57,57,60,47,65,55,51,39,49,55,55,67,60,47,61,60,79,47,26,60,55,51,76,60,69,65,48,67,62,66,60,51,62,72,55,57,0,52,76,36,67,55,63,54,58,57,77
1428,62,63,52,49,28,67,41,37,68,44,67,52,48,58,44,56,54,47,55,45,61,70,51,63,60,70,27,59,57,66,60,50,69,52,63,41,67,55,62,49,56,61,63,69,67,61,30,60,55,56,57,60,47,65,55,51,39,49,55,55,67,60,47,61,60,79,47,26,60,55,50,76,60,69,65,48,66,61,66,59,51,63,72,55,57,0,52,76,36,67,55,63,54,58,57,76
1429,62,63,52,49,28,67,41,37,68,44,67,52,48,58,44,56,54,47,55,45,61,70,51,63,60,71,27,59,58,66,60,50,69,52,63,41,67,55,63,49,56,61,63,69,68,61,30,60,54,56,57,60,47,62,54,51,39,48,55,55,67,60,47,61,60,78,46,27,61,55,51,76,60,69,65,47,67,61,66,59,51,63,72,56,57,0,53,76,36,67,55,63,54,58,57,77
1430,62,64,52,50,28,67,41,37,68,43,68,52,48,59,44,56,54,47,55,45,61,69,51,63,60,71,27,59,58,66,60,50,69,52,63,41,67,55,62,48,56,61,62,68,68,61,30,60,55,56,57,61,47,62,54,51,39,48,55,55,67,60,47,61,60,78,46,27,61,55,51,76,60,69,65,47,66,61,66,59,50,63,71,56,57,0,53,76,36,68,55,64,53,58,58,77
1431,62,64,52,50,28,67,41,37,67,43,68,52,48,59,44,56,52,47,55,45,61,69,51,63,60,72,27,59,59,66,60,51,69,52,63,41,67,54,62,48,56,61,62,68,68,61,30,60,54,56,57,61,47,61,54,51,39,48,55,55,67,60,47,61,60,78,46,27,61,56,51,76,60,69,65,47,66,61,66,59,51,63,71,56,57,0,53,76,36,68,55,63,53,58,58,78
1432,62,64,51,50,28,67,41,38,67,43,68,52,49,58,44,56,52,47,54,46,61,69,51,63,60,73,27,59,58,65,61,51,69,52,63,41,67,54,62,48,56,60,63,68,68,61,30,60,53,57,57,61,47,61,53,51,38,48,55,55,67,60,47,63,60,78,46,27,62,56,51,77,61,69,65,46,66,61,65,59,51,63,71,56,57,0,53,75,36,68,55,63,53,58,58,78
1433,62,64,51,50,28,67,41,38,67,42,68,53,49,58,44,57,52,47,54,46,61,68,52,62,60,72,27,60,58,65,61,51,70,52,63,41,67,54,62,48,56,62,63,67,68,61,30,60,53,57,57,62,46,61,53,51,38,48,54,55,67,60,47,63,60,78,45,27,62,56,51,77,61,70,65,46,66,61,65,59,51,63,71,56,57,0,54,75,36,68,55,63,53,58,58,78
1434,62,64,51,51,28,67,41,38,66,42,68,54,49,57,45,57,53,46,54,46,62,68,52,62,60,72,27,60,60,65,62,50,70,52,63,41,67,54,62,48,56,62,63,67,68,61,30,60,52,57,57,62,46,61,53,51,38,48,54,55,68,61,47,63,59,78,45,27,62,56,51,77,61,70,65,46,66,61,65,59,51,62,71,56,56,0,54,75,36,68,54,62,54,58,58,79
1435,62,64,51,51,28,67,41,38,66,42,68,54,48,57,45,57,52,45,54,46,61,67,52,62,60,72,27,61,60,65,62,50,71,52,62,42,66,54,62,49,56,62,63,67,68,61,31,60,52,57,57,63,46,60,53,50,38,48,54,55,68,61,47,63,58,78,45,27,63,56,51,77,62,70,64,46,66,61,65,59,52,62,71,56,56,0,54,75,36,67,54,62,54,58,56,79
1436,62,63,51,51,28,67,41,38,66,42,69,55,49,57,45,56,52,45,53,46,61,67,52,62,60,74,27,62,60,64,62,50,72,52,62,42,66,54,62,49,56,62,63,67,68,61,31,60,52,57,57,63,46,60,53,50,38,49,54,55,68,61,48,62,58,78,45,27,63,56,52,77,63,70,65,47,65,62,63,59,52,62,71,56,56,0,54,75,36,66,54,62,54,58,56,79
1437,62,63,51,51,28,67,40,38,66,42,69,56,49,57,45,56,53,45,52,47,61,67,52,62,60,74,27,62,60,64,63,50,72,52,62,42,66,54,62,50,56,62,63,67,66,60,31,59,51,57,57,61,46,60,53,50,38,50,54,55,68,61,48,62,58,76,45,27,63,56,52,77,63,69,65,46,65,62,63,59,52,62,71,56,56,0,53,74,36,66,54,62,54,58,56,80
1438,62,63,51,50,28,67,41,38,66,42,69,56,49,57,45,56,53,45,52,47,61,67,52,62,59,74,27,61,60,64,63,50,72,52,62,43,66,54,62,50,56,62,63,67,66,60,32,58,51,57,57,61,44,60,53,50,38,50,54,56,68,61,48,63,58,76,45,27,63,56,52,78,63,68,65,46,65,61,63,59,50,62,71,56,58,0,53,74,36,66,55,62,54,58,57,79
1439,62,63,51,50,28,67,41,38,66,41,69,55,49,56,45,56,53,45,53,47,61,68,52,62,59,75,27,61,60,64,62,50,71,52,62,43,66,54,63,51,56,62,64,67,66,60,33,58,51,57,57,61,44,60,53,50,38,50,53,56,67,61,47,61,58,76,45,28,63,56,52,78,64,67,66,46,64,61,63,59,50,62,71,56,58,0,53,74,36,66,55,62,54,57,57,78
1440,62,63,51,50,28,67,41,38,66,41,67,55,49,56,45,56,53,45,53,48,61,68,52,64,59,75,27,61,60,64,61,50,71,54,61,43,67,54,63,51,56,62,65,68,67,60,32,58,51,57,57,61,44,60,54,50,38,50,53,56,67,61,48,62,58,76,44,27,64,56,52,78,64,67,66,46,64,61,63,59,50,62,71,57,58,0,53,74,36,66,55,62,53,57,57,78
1441,62,64,51,50,28,67,41,38,65,41,66,55,49,55,45,56,53,45,53,48,61,68,52,64,59,75,27,61,60,64,61,50,71,54,60,43,66,54,63,51,56,62,65,68,67,60,32,58,51,57,57,61,45,60,54,50,38,50,54,56,67,61,48,61,58,76,43,27,64,56,52,77,64,67,66,46,64,61,64,59,49,62,71,57,58,0,53,74,36,66,55,62,53,57,57,78
1442,62,63,51,50,29,67,41,39,65,41,66,55,49,55,46,57,53,45,53,49,60,68,52,64,58,75,27,61,60,62,61,50,71,54,61,43,66,54,63,51,56,63,65,68,67,60,32,58,51,57,58,61,45,60,54,50,38,50,53,56,67,61,48,60,58,77,43,29,64,56,52,77,64,67,66,46,64,61,64,59,49,62,71,56,60,0,53,74,36,66,55,62,53,57,57,78
1443,62,62,51,49,29,67,41,39,65,40,66,55,48,55,46,57,53,45,53,49,60,68,52,64,58,75,27,61,59,61,61,51,71,54,61,43,65,54,63,52,55,63,65,68,67,60,32,58,51,57,58,60,45,60,53,50,37,50,53,55,66,61,48,60,58,77,43,29,64,56,54,77,64,66,66,46,64,61,64,59,49,62,71,56,60,0,53,74,36,67,54,62,53,57,57,80
1444,62,62,50,49,29,67,42,39,65,40,66,55,47,55,46,58,53,45,53,49,61,68,52,64,58,73,27,61,59,61,59,52,71,54,61,43,64,54,63,52,55,63,64,68,67,59,32,58,51,57,58,60,45,60,53,50,37,50,53,55,66,61,48,60,58,76,43,29,64,56,54,77,64,66,66,46,64,61,64,58,49,62,71,56,59,0,53,74,36,67,54,63,53,57,56,80
1445,62,62,51,50,29,66,42,39,65,40,66,56,46,55,46,58,52,46,53,49,61,68,52,64,58,73,27,61,60,61,59,52,71,54,61,43,63,54,63,52,55,62,64,68,67,59,34,58,51,57,57,60,45,61,53,50,36,50,52,55,66,61,48,60,58,76,43,29,64,56,54,76,64,66,65,46,64,61,64,58,49,62,71,56,59,0,53,74,36,66,54,62,53,57,56,80
1446,62,62,51,50,29,66,42,39,65,40,66,56,47,55,46,57,51,45,53,49,61,68,53,64,58,73,27,61,60,60,59,52,71,55,61,44,63,53,63,51,54,62,62,69,67,59,34,57,51,57,57,60,45,61,53,50,36,49,51,56,66,59,48,59,58,76,44,29,63,57,54,76,65,66,65,46,64,61,64,58,50,62,70,55,59,0,52,75,36,66,54,61,53,56,56,79
1447,62,62,52,50,29,66,42,39,65,40,66,59,47,55,46,57,50,45,53,49,61,68,52,64,58,73,27,60,60,59,59,52,70,55,60,44,62,53,64,51,54,62,62,69,67,59,34,57,51,57,57,60,45,61,53,50,36,49,51,56,66,59,48,59,58,76,44,29,63,57,54,76,65,66,66,46,64,61,63,58,50,62,70,55,59,0,53,75,36,66,54,61,53,56,55,78
1448,63,62,52,50,29,66,42,39,65,40,66,59,47,54,46,57,50,45,53,49,61,68,52,64,58,74,27,60,60,59,59,52,70,55,60,44,62,53,64,51,54,62,62,69,68,59,34,57,51,58,57,61,45,59,53,51,36,49,51,56,67,59,48,60,57,76,44,29,63,55,54,76,65,66,66,46,64,61,63,58,50,62,70,55,59,0,52,74,35,67,54,61,53,56,55,77
1449,63,62,52,50,29,66,41,40,65,40,64,59,46,55,46,57,49,45,53,48,60,67,51,65,58,74,27,59,60,58,59,53,70,55,60,44,62,53,65,51,54,60,62,69,68,59,34,57,51,58,57,60,45,59,53,51,36,49,51,57,66,59,49,60,58,76,44,29,63,56,53,76,65,66,67,46,64,61,63,58,50,61,70,54,59,0,52,74,35,67,53,61,53,56,55,77
1450,63,62,52,50,29,66,41,40,64,40,63,59,45,55,47,57,49,45,53,48,60,67,51,65,58,74,27,59,60,59,60,53,70,55,60,44,62,52,66,50,54,60,62,69,68,58,34,57,50,59,57,60,45,59,53,51,36,49,51,57,65,59,49,61,58,76,43,29,63,56,53,75,65,65,67,47,64,61,63,57,50,61,70,54,59,0,52,74,35,67,53,60,52,56,55,77
1451,62,62,52,49,29,66,41,40,64,40,63,59,45,55,47,57,49,45,54,48,60,67,51,65,58,74,27,59,59,59,60,53,70,55,60,45,62,52,65,50,54,59,62,69,68,58,34,57,50,59,57,60,45,59,53,51,36,49,51,57,64,59,49,61,58,76,43,29,63,56,53,76,65,65,67,46,64,61,63,58,50,61,70,55,59,0,52,74,35,67,53,60,52,57,55,76
1452,62,63,52,50,29,67,41,40,63,40,62,59,45,55,46,58,49,45,54,48,60,67,51,65,58,74,27,59,59,59,60,53,70,55,60,46,62,52,65,50,54,59,62,69,68,58,34,57,50,59,57,61,45,60,53,51,37,49,51,57,64,59,49,61,58,76,43,29,63,57,53,77,65,65,66,46,64,62,63,58,49,61,70,55,59,0,52,74,35,67,53,60,52,57,55,76
1453,62,63,53,50,29,67,41,40,63,40,62,59,45,55,45,58,49,45,54,48,60,68,51,66,58,74,27,59,59,59,61,53,68,55,60,46,62,52,64,50,54,59,62,69,68,58,34,57,50,59,57,61,45,60,53,51,36,49,50,57,64,59,49,61,58,76,43,30,63,57,53,77,65,65,66,46,64,62,62,58,49,61,70,55,59,0,52,74,35,68,53,60,52,57,55,76
1454,61,62,53,50,30,67,41,41,63,41,62,59,45,55,45,58,50,45,54,48,60,68,51,66,58,74,27,59,59,59,61,53,68,56,60,46,61,51,64,50,54,59,62,70,68,58,35,56,49,58,58,61,44,59,53,50,36,49,50,57,64,59,49,61,58,76,43,30,63,57,53,77,65,64,65,48,63,62,62,58,50,61,70,56,58,0,52,74,35,68,53,61,51,57,55,75
1455,62,62,53,50,30,67,41,41,63,41,62,59,45,55,45,58,50,45,54,48,60,68,51,66,58,74,27,59,59,59,61,53,68,56,60,47,61,51,64,50,54,59,62,70,69,58,36,56,49,58,58,61,44,59,53,50,36,49,50,58,63,59,49,61,58,76,42,30,63,57,53,77,66,64,65,48,64,61,63,58,50,61,70,56,58,0,52,73,35,68,53,61,51,57,55,75
1456,61,62,53,50,31,67,41,41,63,41,63,59,44,55,45,58,50,45,55,48,60,67,51,67,58,74,27,59,59,59,61,53,67,56,61,47,61,51,64,50,54,59,62,70,69,58,36,56,50,58,57,61,44,60,53,50,36,49,49,58,63,59,49,61,58,76,42,30,62,57,53,78,66,64,65,48,63,61,63,58,49,61,69,56,58,0,52,73,35,67,52,61,51,56,55,74
1457,61,62,53,50,31,67,41,41,63,41,63,59,44,55,45,58,50,46,56,48,60,67,50,67,58,75,27,60,59,59,61,53,67,56,60,47,61,51,63,50,53,59,62,70,69,58,36,56,50,58,57,61,44,59,53,49,35,49,49,58,63,59,48,61,58,76,43,30,62,57,53,78,66,63,65,47,64,62,63,58,50,61,70,56,58,0,52,73,35,67,52,61,51,56,55,73
1458,61,62,53,50,31,66,41,40,63,41,63,59,44,55,45,58,51,46,56,48,60,66,50,67,58,75,27,60,59,59,61,53,67,56,60,48,61,52,63,50,53,59,62,70,70,58,36,56,50,58,57,62,44,58,53,47,35,49,49,57,63,59,48,61,58,76,42,30,62,57,53,78,67,63,64,47,64,62,63,58,51,60,70,56,58,0,52,73,35,67,52,60,51,56,56,73
1459,61,63,53,50,31,67,41,40,63,41,63,59,44,55,45,59,51,45,57,48,60,65,50,67,58,75,27,60,59,60,61,53,67,55,60,48,61,52,64,50,52,60,62,70,71,58,36,56,50,57,56,63,44,58,54,47,35,50,49,57,63,59,47,61,58,75,42,30,62,57,53,78,67,63,64,47,64,62,63,58,51,61,70,56,58,0,52,73,35,67,52,57,51,56,57,73
1460,61,63,53,50,31,67,41,40,63,41,63,59,44,55,45,59,51,44,57,48,60,65,50,66,58,75,27,60,59,60,60,53,66,55,60,47,61,52,63,50,52,60,62,70,71,56,36,56,50,57,55,63,45,58,54,47,36,50,49,57,63,59,47,61,58,75,42,30,62,57,53,77,68,63,64,47,64,62,62,60,51,61,70,55,58,0,54,73,35,67,53,57,51,56,57,73
1461,60,63,54,50,31,67,41,40,63,40,63,60,44,55,45,59,52,44,57,48,60,66,50,66,58,76,27,60,59,60,60,53,65,55,60,47,61,52,63,50,52,60,62,70,72,56,37,56,50,57,55,63,45,58,54,47,36,50,48,57,63,59,47,61,58,75,41,30,63,57,53,77,68,63,64,46,64,62,62,60,51,61,70,55,59,0,54,73,35,66,53,57,51,56,57,73
1462,60,63,54,49,32,67,41,40,63,40,63,60,44,54,44,59,51,44,57,48,60,66,50,66,58,75,27,60,59,60,59,53,65,55,60,48,60,52,63,50,52,60,62,70,72,56,37,56,50,57,55,62,45,57,54,47,36,50,48,57,63,59,46,62,58,75,41,30,63,57,53,77,68,62,64,46,64,63,62,60,51,61,69,56,59,0,53,74,35,66,53,57,50,55,56,72
1463,60,63,54,48,31,67,41,40,63,39,63,61,44,54,44,59,51,44,57,48,60,66,49,66,58,74,27,61,58,60,58,53,65,55,60,48,60,53,64,50,52,60,62,70,72,56,37,57,50,56,55,62,45,57,54,47,36,50,47,57,63,59,46,62,58,75,40,30,63,57,53,77,67,62,64,46,64,63,62,60,51,61,69,57,59,0,53,73,35,67,53,57,50,55,55,73
1464,60,63,54,48,31,67,41,40,63,40,63,61,45,54,44,59,52,44,57,48,61,66,49,66,58,75,27,61,58,60,58,53,65,55,60,48,60,53,63,50,52,61,62,70,72,56,37,58,50,56,55,63,45,57,53,47,36,50,47,57,61,59,46,62,58,74,40,30,63,57,53,77,68,63,64,46,64,63,62,60,52,61,69,57,59,0,52,72,36,67,53,57,50,55,55,73
1465,60,63,54,48,31,67,41,41,62,41,63,61,45,54,44,59,52,44,57,49,61,65,49,66,58,75,27,61,58,60,59,53,65,55,59,49,60,53,63,50,53,61,62,69,72,56,37,59,50,56,55,63,45,57,52,47,36,50,47,57,61,59,47,63,58,73,40,30,63,57,53,77,68,63,64,46,64,63,62,60,52,61,69,57,59,0,53,72,36,68,53,57,50,55,55,73
1466,60,63,54,48,31,67,41,41,62,41,62,61,45,54,45,59,52,44,56,49,60,65,49,66,58,75,27,60,59,60,59,53,65,55,59,49,60,53,62,49,53,61,62,69,73,56,37,59,49,56,55,63,45,57,51,47,36,50,47,57,62,59,47,63,58,73,40,30,64,57,53,77,68,63,65,46,65,62,62,60,52,62,69,57,59,0,53,72,36,68,52,58,50,54,55,72
1467,59,62,54,48,31,67,41,41,62,41,62,61,45,54,45,59,52,44,56,48,60,64,49,66,58,76,28,60,58,60,59,53,64,55,58,49,60,53,62,49,53,61,61,69,73,56,37,59,49,55,55,63,45,57,52,47,36,50,47,57,62,59,46,63,58,73,40,30,64,57,53,77,68,63,64,46,66,62,62,60,51,62,69,57,59,0,53,72,36,67,51,58,50,54,55,72
1468,58,62,54,48,31,66,41,41,62,41,63,61,44,54,45,58,52,44,56,48,60,64,49,66,57,76,28,61,58,60,59,53,64,54,58,49,60,53,62,49,53,61,61,70,73,56,37,59,49,56,54,63,45,57,51,47,36,50,46,56,62,59,45,63,58,73,41,30,63,57,53,77,68,63,64,46,66,61,62,60,50,62,69,57,59,0,53,72,36,66,51,58,50,55,55,72
1469,59,62,54,48,33,66,41,41,62,39,63,61,44,54,45,57,52,44,57,48,60,64,49,66,57,76,28,61,59,60,59,53,64,55,58,49,60,53,61,49,53,61,61,70,73,56,37,59,48,56,54,62,45,57,51,47,36,50,46,56,61,59,45,63,58,72,41,30,63,57,52,77,68,63,64,46,66,61,62,60,50,62,69,57,59,0,53,72,36,67,52,58,50,55,55,72
1470,59,62,54,48,33,64,40,42,61,39,63,61,44,54,45,57,52,44,57,48,60,63,49,66,58,76,28,60,60,60,59,53,64,55,58,49,60,53,61,49,52,60,61,69,73,57,37,60,48,56,54,62,45,57,51,47,36,50,46,56,61,59,45,62,58,72,41,30,63,57,52,77,68,63,64,46,67,61,62,60,50,62,69,57,59,0,53,73,36,67,52,58,50,55,55,70
1471,60,61,53,48,33,64,40,42,61,39,62,61,44,54,45,57,52,44,58,48,61,63,49,66,58,76,28,60,61,60,59,52,64,55,58,50,60,53,61,49,52,60,61,69,73,57,38,60,48,56,54,62,45,57,51,47,36,50,46,56,61,59,45,62,58,71,41,30,63,55,52,77,68,63,64,46,67,61,62,60,50,62,69,58,59,0,53,73,36,67,52,58,50,55,55,69
1472,60,60,53,48,33,64,40,42,60,39,62,61,44,54,45,56,52,44,58,48,60,63,50,67,58,76,27,60,61,59,59,52,64,55,58,50,60,53,61,49,52,60,61,69,73,57,38,59,48,56,53,61,47,57,51,47,36,51,45,56,62,59,45,62,57,71,41,31,63,55,51,77,68,63,66,46,67,60,62,60,50,62,69,56,58,0,53,73,36,67,52,58,50,55,54,69
1473,60,60,53,48,34,64,40,42,61,39,62,61,44,52,46,56,52,44,58,48,60,63,50,67,58,77,27,60,61,59,59,52,64,54,58,50,60,54,61,49,52,60,61,69,73,57,38,59,48,56,53,61,47,57,51,47,36,51,44,56,62,59,45,62,57,71,41,31,63,55,51,77,68,63,66,46,67,60,62,59,50,63,69,56,58,0,53,73,37,67,52,57,50,55,54,70
1474,60,61,53,47,35,64,40,42,61,39,62,62,44,52,46,56,52,44,59,48,60,63,50,67,58,77,28,59,60,60,59,52,65,54,58,50,60,55,62,49,52,60,61,70,73,58,38,59,48,56,53,61,47,57,51,47,36,51,44,56,62,59,45,62,57,70,41,31,63,54,51,77,68,63,67,46,67,59,62,59,50,63,67,56,59,0,54,72,36,67,52,57,50,55,54,70
1475,59,61,54,47,35,64,40,42,61,39,61,62,43,52,45,56,52,44,60,47,60,63,49,67,58,77,29,59,60,60,59,52,65,54,57,50,59,55,62,49,52,60,62,70,74,58,38,59,48,56,51,61,48,57,51,47,36,51,44,56,63,59,45,63,58,70,42,31,63,54,51,77,68,63,65,47,67,57,62,59,50,63,67,57,59,0,54,71,36,68,52,57,50,56,54,70
1476,59,61,54,47,35,64,40,42,61,39,61,62,43,53,45,56,50,44,61,47,60,63,49,68,58,77,29,59,60,61,59,52,65,54,58,51,59,56,62,49,52,60,62,70,74,58,38,59,49,56,51,61,49,57,51,47,35,51,44,55,63,59,45,63,58,70,42,31,63,54,51,76,68,63,65,47,66,57,62,59,51,63,67,57,59,0,54,71,36,68,52,57,50,57,54,70
1477,59,62,54,47,35,64,40,42,61,39,63,62,43,52,45,56,51,44,62,47,61,63,49,69,58,77,31,60,61,61,59,52,65,53,58,51,60,56,62,49,52,60,62,70,73,58,38,59,49,56,51,61,49,57,51,47,35,51,44,56,63,59,45,63,58,70,42,31,63,55,51,76,68,63,64,47,67,57,61,58,51,63,67,57,59,0,54,72,36,68,52,57,50,59,54,70
1478,59,62,54,47,35,64,40,42,61,39,64,62,43,53,45,56,51,44,62,48,61,63,48,71,58,78,32,60,61,61,59,52,65,53,58,51,60,55,62,50,51,60,62,70,72,57,39,59,49,56,51,61,49,57,51,47,35,51,44,56,63,59,45,63,58,70,42,31,63,55,51,76,68,62,64,47,67,57,60,58,51,63,66,56,59,0,53,72,36,68,53,57,50,59,54,70
1479,59,62,53,48,35,63,40,41,61,39,64,62,43,53,45,56,51,44,63,48,61,62,48,70,58,78,32,60,61,61,59,54,65,54,58,51,59,54,62,50,51,60,62,70,72,57,39,59,49,56,51,62,49,57,51,47,35,51,44,56,63,59,45,63,58,70,42,33,63,55,52,76,69,62,64,47,66,57,60,56,51,63,66,56,59,0,53,71,35,68,53,57,50,59,54,70
1480,59,61,53,48,34,63,40,41,61,39,63,62,43,53,46,56,51,45,63,49,60,62,48,70,58,78,32,60,61,61,58,54,65,54,58,51,59,53,62,50,51,61,62,70,73,56,39,59,49,56,51,62,49,57,51,48,35,51,44,56,62,59,44,63,58,70,42,33,63,55,52,75,68,62,65,47,66,56,60,57,51,63,66,56,59,0,53,71,35,68,53,57,50,59,54,70
1481,58,61,53,48,34,63,40,41,61,39,63,62,43,53,46,56,51,45,62,49,60,62,48,70,57,78,32,61,61,60,58,53,65,52,58,51,59,53,62,50,51,60,61,70,73,56,39,59,50,56,51,62,49,56,51,48,35,51,44,56,61,59,43,63,58,70,42,34,62,56,52,75,68,61,65,47,67,57,60,56,51,63,66,56,59,0,53,71,34,68,53,57,50,59,54,70
1482,58,60,53,48,34,63,40,41,61,39,63,63,43,53,47,57,51,44,62,49,60,62,48,70,57,78,32,61,61,60,58,53,65,51,58,51,59,53,62,50,51,60,61,70,73,56,39,59,49,56,50,62,49,56,51,48,35,51,43,56,61,59,42,64,58,70,42,35,62,57,52,75,68,61,65,47,67,57,60,56,52,63,66,56,59,0,53,71,34,68,53,57,50,59,54,70
1483,57,60,54,48,34,63,40,41,61,39,63,63,43,55,47,58,51,45,63,49,60,61,47,70,57,78,32,60,61,60,58,53,65,52,58,51,59,53,62,50,52,60,61,70,74,56,39,60,48,57,50,62,49,56,52,48,35,51,43,56,61,59,42,64,58,70,42,36,62,57,52,75,68,61,65,47,66,57,58,55,52,63,66,55,59,0,53,71,36,66,53,57,50,59,54,70
1484,57,60,54,47,34,62,39,41,60,39,62,63,43,55,47,58,51,44,63,49,60,61,47,70,56,78,32,60,61,60,58,53,65,52,58,51,59,53,62,50,51,61,62,70,74,56,39,60,48,57,51,61,49,56,52,47,35,51,43,56,61,58,42,64,58,69,42,36,62,57,52,75,68,61,65,47,67,57,58,54,53,63,66,55,59,0,53,71,36,65,53,57,50,59,54,70
1485,57,59,53,47,34,62,39,42,60,39,62,63,43,56,47,58,51,42,63,49,60,61,47,70,56,78,32,60,61,60,58,53,65,52,57,52,58,53,62,50,51,61,62,70,74,56,40,61,48,57,52,61,48,56,52,47,35,50,43,56,61,58,42,63,58,69,42,36,62,57,52,75,67,60,65,47,67,57,58,53,53,63,66,54,59,0,53,71,36,65,53,57,50,60,54,70
1486,57,60,53,47,34,62,39,42,60,39,62,63,43,56,47,58,52,42,63,50,60,61,46,70,56,78,32,61,61,60,58,53,65,52,57,52,59,53,62,49,51,60,62,70,74,54,40,61,48,57,52,60,48,56,52,47,35,50,43,56,61,58,42,63,57,68,42,37,61,57,51,75,68,59,65,47,66,57,59,53,53,64,66,54,59,0,53,72,37,65,53,57,50,60,55,70
1487,57,60,53,47,34,62,39,42,60,39,62,63,43,57,47,58,52,41,63,50,60,61,45,70,56,78,33,61,61,59,58,54,66,52,57,53,59,53,62,49,51,60,62,71,74,54,40,61,48,56,53,60,47,56,52,47,35,50,43,57,61,59,42,63,57,68,42,37,61,58,51,74,68,59,66,46,66,57,59,53,53,63,66,54,59,0,53,72,37,65,53,57,50,59,55,70
1488,58,60,53,47,34,62,39,42,60,39,62,63,43,57,48,59,52,40,63,50,60,61,44,71,56,78,33,61,61,59,58,54,67,52,57,53,59,53,61,49,51,60,62,71,74,53,39,61,48,56,53,60,47,56,51,47,35,50,43,57,61,59,42,63,57,68,42,37,61,58,49,74,68,59,66,46,67,55,59,53,53,63,66,54,60,0,53,72,37,65,53,57,50,60,55,71
1489,58,60,53,47,35,62,39,42,60,39,62,64,42,57,48,59,52,40,63,51,60,61,44,70,56,78,33,61,61,59,59,54,67,51,57,54,59,53,61,49,50,60,62,71,74,53,39,61,48,57,53,60,47,56,51,47,35,50,43,57,61,58,42,63,57,69,42,37,61,59,49,73,68,59,66,46,67,55,59,53,53,63,66,53,60,0,53,72,37,64,53,57,51,60,55,71
1490,58,60,53,47,35,62,39,42,59,39,62,64,42,57,48,59,52,40,61,51,60,61,43,70,56,78,33,61,61,58,59,54,67,51,57,54,58,53,61,48,50,60,62,71,74,53,39,61,48,57,54,60,47,56,51,47,35,50,43,57,61,58,42,63,56,69,42,37,59,59,49,73,68,59,66,46,67,55,59,53,52,63,66,53,60,0,53,71,37,64,53,57,51,60,55,71
1491,58,58,53,47,35,62,39,42,58,38,62,64,42,57,48,59,52,40,61,50,60,61,43,70,56,78,34,60,61,58,59,54,67,51,57,54,57,53,60,48,50,59,62,70,75,53,39,61,48,57,54,61,47,56,51,48,35,50,43,56,62,58,42,63,56,69,42,37,59,59,49,72,68,59,66,45,66,56,59,53,51,63,66,53,59,0,52,70,37,64,53,58,51,60,55,71
1492,58,58,53,47,36,62,40,42,58,38,62,64,42,57,48,59,52,40,61,50,60,61,43,70,56,78,34,60,61,58,59,54,67,51,57,54,57,53,60,48,50,59,62,70,75,53,39,61,49,57,55,61,48,55,51,49,36,50,43,56,61,58,41,64,56,69,42,37,58,58,49,72,68,58,66,45,66,56,59,53,51,63,66,53,59,0,52,70,39,64,53,58,51,60,56,71
1493,59,58,53,47,36,62,40,42,58,38,62,64,42,57,48,59,52,40,61,49,60,61,43,69,55,78,34,60,60,58,57,54,67,51,59,54,56,53,60,47,50,59,61,70,75,53,39,61,49,57,55,61,49,55,52,49,36,50,43,56,61,58,41,64,56,69,41,37,57,58,49,72,69,58,66,45,66,56,59,53,51,63,66,53,59,0,52,70,39,63,53,59,51,60,55,70
1494,58,58,53,46,36,62,40,43,58,38,62,64,42,58,48,59,52,40,61,49,60,61,43,68,55,78,34,60,60,57,57,53,67,51,59,54,56,52,60,47,50,59,61,71,76,53,39,61,49,57,55,61,50,55,52,49,37,50,43,56,61,58,40,63,55,69,40,37,57,58,49,72,70,58,66,45,66,55,58,53,51,63,64,53,59,0,52,70,39,63,53,59,50,60,54,70
1495,58,58,53,46,36,62,41,42,58,38,62,64,42,58,48,60,52,40,61,49,60,61,43,68,55,78,34,60,60,57,57,53,67,51,59,54,56,52,60,47,50,58,61,71,76,53,39,61,49,57,55,61,50,55,52,49,37,50,43,57,61,58,40,63,55,69,41,37,57,56,49,72,70,58,66,45,66,55,58,53,51,63,64,52,59,0,52,69,39,63,53,59,50,60,54,70
1496,58,58,54,45,36,61,41,42,58,38,62,64,43,58,47,60,52,40,61,49,61,61,43,68,55,78,34,60,60,57,57,53,67,51,59,55,56,52,60,47,50,58,61,71,76,53,39,61,49,57,55,61,50,55,52,49,37,50,43,57,61,58,40,60,55,69,41,38,57,56,49,72,70,59,66,45,66,55,57,53,51,63,63,52,59,0,53,69,39,63,53,59,51,59,53,69
1497,58,57,54,46,36,61,41,42,58,38,63,64,43,59,47,60,52,40,63,49,59,61,43,68,55,78,34,60,60,57,58,53,67,51,59,55,56,51,59,47,49,58,61,71,76,54,40,61,49,57,55,61,50,55,52,49,37,50,43,57,61,58,40,60,55,69,41,38,57,56,50,72,70,58,66,45,66,55,58,53,51,63,63,52,59,0,53,69,39,64,52,59,51,59,53,69
1498,58,57,53,46,36,61,42,42,58,38,64,64,43,58,47,60,52,40,63,49,59,61,42,68,55,78,34,60,60,57,58,53,67,50,59,55,56,51,59,47,49,58,60,71,76,53,40,61,49,57,55,61,50,55,52,49,37,50,43,57,61,58,41,60,55,69,41,38,57,55,50,72,70,58,65,45,66,55,58,53,51,63,63,53,59,0,53,69,39,64,51,58,51,59,53,69
1499,58,57,53,46,37,61,42,42,58,38,64,64,42,58,47,60,52,40,63,49,59,61,42,68,55,78,33,59,59,57,58,53,67,50,59,55,57,51,59,47,49,58,60,71,76,53,40,61,49,57,55,61,49,54,52,49,37,50,43,57,61,58,41,60,55,69,41,39,57,55,50,71,70,59,65,44,66,55,58,52,51,63,62,53,59,0,54,69,39,63,50,58,51,59,53,69
1500,58,57,53,46,38,61,42,42,58,37,64,64,42,58,47,60,52,40,63,49,60,61,43,68,55,79,33,59,59,57,58,53,67,49,59,55,57,51,60,47,49,58,60,71,76,53,40,61,49,58,55,60,49,53,52,49,38,50,43,57,61,57,41,60,55,69,41,39,57,55,50,70,70,59,65,44,66,54,58,52,51,63,62,54,59,0,54,68,39,63,50,58,51,60,53,68
1501,58,57,53,46,38,61,42,42,58,37,64,64,41,58,47,60,52,39,63,49,60,61,44,68,55,79,33,59,59,56,58,52,67,49,59,55,57,51,60,47,49,58,59,71,76,53,40,61,49,59,55,60,49,53,52,48,38,50,43,57,61,57,41,60,55,68,41,39,57,55,50,70,70,59,65,44,66,54,58,52,51,63,61,54,59,0,54,68,39,63,50,58,52,60,53,68
1502,58,56,53,46,38,61,43,42,58,37,64,64,41,58,47,60,52,39,63,50,59,61,44,68,55,80,34,59,59,56,58,52,67,48,59,56,57,51,60,47,49,58,59,71,75,53,40,61,49,59,55,60,49,53,52,48,38,50,43,57,61,57,40,60,55,68,41,39,57,55,49,70,70,59,65,44,65,54,57,52,51,63,61,54,59,0,55,68,39,63,50,59,52,60,53,68
1503,58,56,52,46,39,61,43,43,58,37,63,64,41,58,47,60,52,38,63,50,58,61,44,68,55,81,34,59,59,56,59,52,67,47,60,56,57,50,60,47,49,58,59,70,75,53,40,61,48,59,55,60,49,53,52,48,38,50,43,57,61,57,40,61,55,68,41,39,57,55,49,70,70,59,65,44,64,55,57,52,51,63,61,54,59,0,54,67,37,63,50,59,52,60,53,67
1504,58,57,51,46,39,60,43,43,58,37,63,64,41,58,47,60,52,38,63,50,58,60,44,68,54,81,34,60,60,56,59,52,67,47,60,56,57,50,60,48,49,58,59,70,75,52,40,61,46,59,55,60,49,53,51,48,38,50,43,57,61,57,40,61,55,67,42,39,57,56,49,70,70,57,65,44,64,56,56,51,51,63,61,54,57,0,54,67,37,63,50,59,52,60,53,66
1505,58,58,51,46,39,59,44,44,59,37,63,64,41,58,47,60,52,38,63,50,60,60,44,68,54,80,34,60,59,56,59,52,67,47,60,56,57,50,60,48,49,58,59,70,75,52,40,61,46,59,55,60,49,53,51,48,38,50,43,57,60,57,39,61,55,67,42,39,57,56,49,70,70,57,65,44,64,56,56,51,51,63,61,54,57,0,54,67,37,63,50,59,52,60,53,66
1506,58,58,51,46,40,60,45,44,59,37,63,64,41,58,48,60,52,38,63,50,60,60,44,68,53,80,34,59,59,56,59,52,67,47,61,56,57,51,61,49,49,57,59,71,75,52,40,61,46,59,54,60,49,53,51,48,38,50,43,57,60,56,39,61,55,67,43,39,57,56,49,70,70,57,65,44,64,56,56,52,51,63,61,54,56,0,54,67,36,63,50,59,52,60,53,66
1507,58,58,51,46,40,59,45,44,59,36,62,64,41,58,48,60,52,38,63,50,60,60,44,68,53,80,34,59,59,56,59,52,67,47,61,56,56,51,63,49,49,57,58,71,75,52,40,61,45,59,54,60,49,53,53,48,38,50,43,57,60,56,39,62,55,67,43,39,57,56,49,70,70,57,65,44,64,56,56,52,51,63,61,54,56,0,54,67,36,63,49,59,52,60,53,66
1508,59,57,52,46,40,59,45,44,59,35,62,64,42,58,48,59,52,38,62,50,60,60,44,68,52,79,34,59,59,56,59,52,67,47,61,56,56,51,63,50,49,57,58,71,75,52,40,61,45,59,54,60,49,53,53,48,38,50,43,57,60,55,39,62,55,67,43,39,57,56,49,70,70,57,65,44,64,56,56,52,51,63,60,53,56,0,54,67,37,63,49,58,52,60,53,66
1509,59,57,52,46,40,59,45,44,59,34,62,64,42,58,48,59,52,39,63,50,60,60,44,68,52,79,34,59,59,55,59,53,67,47,59,56,56,51,64,50,49,57,58,71,75,53,40,61,45,59,54,60,49,53,53,48,38,50,43,57,60,55,39,62,55,67,43,39,57,55,49,70,70,57,65,43,64,56,55,52,51,63,60,52,56,0,54,67,37,63,49,58,52,60,53,66
1510,59,57,52,46,40,59,45,44,59,34,62,64,42,58,49,59,52,40,63,50,59,60,44,68,52,79,34,59,59,55,59,53,67,47,60,55,56,51,64,50,49,57,58,71,75,53,40,60,45,58,54,60,48,53,53,48,38,50,44,57,60,56,38,62,55,67,44,39,57,55,49,70,72,57,65,43,64,56,55,53,51,63,59,52,56,0,54,65,37,63,49,58,52,60,53,66
1511,59,57,52,46,40,60,45,44,59,34,62,64,43,60,49,59,52,40,63,50,59,60,44,68,53,79,35,59,60,54,59,53,66,47,60,55,56,51,64,50,49,56,58,71,74,53,40,59,45,58,54,60,48,53,52,48,38,50,44,57,60,56,39,62,55,67,44,39,57,55,49,70,72,57,64,44,64,54,54,53,51,63,59,52,56,0,54,65,37,63,49,58,52,60,53,66
1512,58,56,52,46,40,61,45,44,59,34,62,64,43,60,49,59,52,40,63,50,60,60,44,68,53,79,35,59,60,54,59,53,66,47,59,55,56,51,65,50,48,56,58,71,74,53,41,59,45,59,55,59,48,53,52,48,38,49,44,57,60,55,40,62,55,67,44,39,57,55,49,71,72,56,64,43,64,54,54,53,52,63,58,52,56,0,54,65,37,63,49,58,52,60,53,66
1513,58,55,53,46,40,62,45,44,59,34,63,64,43,60,49,59,52,40,63,50,60,59,44,68,53,78,35,59,60,54,58,53,67,47,58,55,56,51,65,50,48,56,57,71,74,54,41,59,45,59,55,59,48,53,52,47,38,48,44,57,60,55,40,62,55,67,44,39,57,55,50,71,72,56,64,42,64,54,54,54,52,63,59,52,56,0,54,65,37,63,49,58,52,60,53,66
1514,58,55,53,47,41,62,45,43,59,34,63,64,43,60,49,59,52,40,63,50,60,60,44,68,53,78,35,59,59,54,58,53,67,47,57,54,56,51,65,49,48,56,57,71,74,54,41,59,45,59,54,59,48,53,52,47,38,48,44,57,60,55,40,62,55,67,44,40,57,55,50,71,72,56,63,42,64,54,53,55,52,63,59,52,56,0,55,65,38,63,50,58,52,59,52,67
1515,57,55,53,47,41,63,45,43,59,34,64,64,44,60,49,59,52,39,63,50,59,60,44,68,52,78,35,59,59,54,57,53,67,47,57,54,56,51,65,49,48,56,57,71,74,54,41,59,45,59,55,59,48,53,52,47,38,47,44,56,61,55,40,63,55,67,44,40,57,55,50,71,72,56,63,41,64,54,52,55,52,63,59,52,56,0,55,65,37,63,50,58,51,59,52,68
1516,57,55,53,47,41,62,45,43,59,34,64,64,44,60,49,59,52,39,63,50,58,58,43,69,52,78,36,59,59,53,57,53,68,47,57,54,56,51,65,49,48,56,57,71,73,54,41,59,45,60,55,59,48,53,52,46,38,48,43,56,61,54,40,63,55,67,44,40,56,56,50,71,72,56,63,42,64,54,52,55,52,63,59,52,56,0,55,65,37,63,50,58,51,59,52,68
1517,55,55,55,47,41,62,45,43,58,34,64,64,44,60,49,59,52,39,63,50,58,58,43,69,52,78,36,58,59,53,57,53,67,47,57,54,56,51,65,50,48,56,57,70,73,54,41,59,45,60,55,59,47,53,52,46,38,48,43,56,61,54,40,63,55,67,44,40,55,56,50,71,72,56,63,42,64,54,52,55,52,63,59,52,55,0,55,65,37,64,50,57,51,59,52,68
1518,55,55,55,47,41,61,45,43,58,34,63,64,44,60,49,59,52,40,63,50,58,58,43,69,52,78,36,59,59,53,57,53,68,47,57,54,57,51,66,50,48,56,57,70,73,55,41,59,45,61,55,58,47,53,51,46,39,48,43,56,61,53,39,62,55,66,43,40,55,56,50,71,72,56,63,42,64,54,52,55,52,62,59,52,55,0,55,65,37,64,51,57,51,58,50,68
1519,55,55,55,47,41,61,45,43,58,34,63,64,44,61,49,59,52,41,63,50,58,58,43,69,52,78,36,59,59,53,57,53,68,47,57,54,57,51,65,50,48,56,57,70,73,55,41,59,45,61,55,58,47,53,51,46,39,48,43,57,61,53,39,62,55,66,43,40,55,56,49,70,72,56,63,42,64,53,51,55,52,62,58,52,55,0,55,65,37,64,51,57,51,58,50,68
1520,55,55,55,47,40,61,46,42,57,34,64,64,45,61,49,59,51,41,64,50,58,58,43,70,52,78,36,59,59,53,57,53,68,47,58,54,57,51,65,50,48,56,57,70,73,54,41,59,45,61,55,58,47,53,51,46,39,48,44,57,61,53,39,62,55,65,43,40,54,56,48,70,70,56,63,42,64,53,51,56,52,62,58,52,55,0,56,65,37,64,51,57,51,58,50,68
1521,55,55,55,47,40,60,46,42,58,34,64,64,45,61,49,59,51,41,64,50,58,57,43,69,52,78,36,59,59,53,56,53,68,47,58,54,56,49,65,50,46,56,56,70,73,54,41,59,45,61,55,58,47,53,51,46,39,48,44,57,61,52,39,63,55,65,43,40,54,56,48,69,70,55,63,42,64,53,51,56,53,62,58,52,55,0,56,65,37,64,51,57,51,58,50,68
1522,55,55,55,47,39,61,46,42,58,34,64,64,45,61,49,59,51,41,64,49,59,57,43,68,52,78,36,59,59,53,56,53,67,47,58,54,56,49,65,50,45,55,56,70,72,54,41,58,45,61,55,58,47,53,51,46,40,48,44,57,61,52,39,63,55,64,43,40,54,56,48,69,70,55,63,41,64,53,51,56,53,62,57,52,55,0,56,65,37,64,51,57,51,58,50,68
1523,56,55,55,47,39,61,46,41,58,34,64,65,46,62,49,59,52,41,64,49,59,57,43,68,52,79,37,60,59,53,56,53,67,47,58,55,56,49,66,50,45,55,56,70,72,54,41,58,45,62,55,58,47,53,52,46,39,48,44,57,61,52,39,62,55,64,43,40,54,56,48,69,70,54,62,42,64,53,51,55,53,62,57,52,56,0,56,65,38,64,51,56,51,59,50,67
1524,56,55,55,47,39,60,46,41,57,33,64,65,46,62,48,59,52,40,64,49,59,56,42,68,52,78,37,60,59,53,56,53,66,47,58,54,56,49,66,50,45,55,56,70,71,54,42,58,45,62,55,58,47,53,52,46,39,48,44,56,61,52,39,62,55,64,43,40,54,56,48,69,69,53,63,42,64,53,51,55,53,62,57,52,56,0,55,64,38,64,51,55,51,59,50,67
1525,55,55,56,47,39,59,46,41,57,33,64,65,46,62,48,59,52,40,64,49,59,56,42,68,52,78,37,59,59,53,57,52,65,47,58,54,56,48,66,50,45,55,56,69,71,54,42,59,45,61,55,58,47,53,52,46,39,48,44,56,62,52,39,63,55,64,43,40,54,56,48,69,69,53,63,42,63,53,51,55,53,62,57,53,55,0,55,64,38,64,51,55,51,59,49,65
1526,55,55,56,47,38,58,47,41,57,33,64,65,46,62,48,60,52,40,64,49,59,56,42,68,52,78,37,59,59,53,57,52,65,47,58,54,56,48,65,50,45,55,56,68,71,54,43,59,45,61,56,58,47,52,52,46,39,48,44,56,62,52,40,63,55,64,43,40,54,56,48,69,70,53,63,42,63,54,51,55,53,62,57,53,55,0,55,64,39,64,51,55,51,59,48,66
1527,55,55,56,47,38,58,47,41,56,33,64,65,45,62,48,60,51,40,64,49,59,55,42,68,52,77,37,59,59,53,57,52,65,47,58,54,56,48,65,50,45,55,55,68,71,53,43,59,46,61,56,58,47,51,52,46,39,47,44,56,63,52,40,63,55,64,44,40,54,56,48,69,71,53,63,42,63,54,51,55,53,62,57,54,54,0,55,65,40,64,51,55,52,59,48,65
1528,55,55,57,47,38,57,47,39,56,33,65,65,46,62,47,60,51,40,64,49,59,53,42,68,52,77,37,59,59,53,56,52,64,47,58,55,56,48,65,50,45,55,55,68,71,53,42,59,46,61,56,58,47,51,51,46,39,47,44,56,63,53,40,63,55,64,45,40,55,56,48,69,70,53,64,42,63,54,51,55,53,61,57,53,54,0,54,65,40,64,51,54,52,59,49,65
1529,56,54,57,47,38,57,47,39,56,33,65,65,46,62,46,60,51,40,64,50,59,54,43,68,52,77,37,60,59,53,55,52,64,46,58,55,57,48,65,50,45,54,55,68,71,53,41,59,46,61,56,58,47,51,51,46,40,47,44,56,62,53,40,63,55,63,45,40,55,56,48,69,70,52,64,42,63,55,51,54,53,61,57,54,54,0,54,64,40,64,52,54,52,59,48,65
1530,56,54,56,47,38,57,47,39,56,33,65,64,46,62,46,61,51,40,63,50,59,55,43,66,51,76,37,59,59,53,55,52,64,46,58,56,57,47,65,50,45,54,55,69,71,53,41,59,46,61,56,57,47,51,51,46,40,47,44,56,63,52,40,63,55,63,46,40,55,56,48,69,70,52,65,42,65,55,51,54,53,60,57,54,54,0,54,64,40,64,52,55,51,60,48,65
1531,56,54,56,47,39,57,47,40,56,33,64,64,46,62,46,63,51,40,63,50,59,54,43,65,51,76,37,59,59,53,55,52,63,46,58,57,58,47,65,50,45,55,55,69,72,53,41,59,46,61,57,57,47,51,51,47,40,47,44,55,63,52,40,63,55,63,46,40,55,57,48,69,69,52,65,42,65,55,51,54,53,60,57,54,54,0,54,64,41,64,52,56,51,60,48,65
1532,56,55,56,47,39,57,47,40,55,33,64,64,46,62,46,63,51,40,63,50,59,54,43,65,51,76,37,59,59,53,56,53,62,46,57,57,58,47,65,50,45,52,55,69,72,53,41,59,46,61,57,57,47,51,52,47,40,47,44,55,64,52,40,63,55,63,46,40,55,58,49,69,69,52,65,42,65,55,51,54,53,60,58,54,55,0,54,64,41,64,52,56,51,60,48,65
1533,56,55,56,47,39,56,47,40,55,33,64,64,46,62,47,63,51,41,63,50,59,54,43,65,52,76,37,59,58,52,56,53,62,46,56,56,59,47,65,50,45,52,55,69,72,53,42,59,46,62,58,57,46,51,52,47,40,47,44,55,65,52,40,63,56,64,46,41,55,58,49,69,69,52,65,42,65,56,51,54,53,59,59,52,55,0,53,64,41,64,51,56,51,60,48,65
1534,56,55,56,48,39,55,47,40,55,33,64,64,46,62,48,63,51,41,63,50,59,53,43,65,52,76,37,58,58,52,56,53,62,46,56,56,59,47,65,50,46,51,55,69,71,53,42,59,46,62,58,57,46,51,52,48,40,47,44,55,65,52,40,63,56,64,46,41,55,58,49,69,69,52,64,41,65,56,51,54,53,59,59,52,55,0,53,64,42,64,51,55,51,60,48,66
1535,56,55,56,48,39,55,47,40,55,33,64,64,47,63,48,63,51,41,64,50,59,53,43,65,51,76,37,58,58,52,56,53,61,46,56,55,59,47,66,50,46,51,55,69,73,53,42,59,46,62,58,57,46,51,53,49,40,46,44,55,65,52,40,63,55,63,46,41,55,58,49,69,69,52,64,41,64,56,51,54,54,59,59,51,54,0,54,63,42,64,51,55,51,60,48,65
1536,56,55,56,47,39,55,47,39,54,33,64,65,47,63,48,62,51,41,64,50,60,53,43,66,50,75,36,58,58,53,56,54,60,47,56,55,59,46,66,50,46,52,55,69,73,53,42,59,46,62,58,57,46,51,52,49,41,46,44,55,64,52,39,63,55,64,47,41,55,59,49,69,69,52,64,41,64,55,51,54,54,59,59,51,53,0,54,62,42,64,52,55,51,60,48,65
1537,56,55,56,47,39,55,47,39,54,33,64,65,47,63,48,62,51,41,64,50,60,53,43,67,50,75,37,58,58,53,56,54,60,47,56,55,59,46,65,50,46,52,55,69,73,53,42,59,46,62,58,57,46,49,51,49,41,46,44,55,64,52,39,62,55,64,47,40,55,59,49,69,69,51,64,41,64,55,51,54,54,59,59,51,53,0,54,62,42,64,52,55,51,60,48,63
1538,56,55,56,47,39,54,46,39,54,33,64,64,45,63,48,61,51,41,64,50,60,53,42,67,50,76,37,58,58,53,56,54,60,47,56,55,59,47,65,49,46,52,55,69,73,53,42,59,46,63,58,57,46,49,51,49,41,46,43,55,64,52,39,62,56,64,46,40,54,59,47,69,68,52,64,41,64,55,50,54,53,59,58,52,53,0,54,62,42,64,52,55,51,60,48,63
1539,56,55,56,47,39,54,46,39,54,33,64,65,45,63,48,61,50,41,64,50,59,53,42,67,50,76,38,58,58,53,56,54,60,47,56,55,59,47,65,49,46,52,55,69,73,53,42,59,46,62,58,57,46,49,52,49,41,46,43,55,65,52,39,62,56,64,46,40,54,59,47,69,68,52,65,41,64,55,51,54,53,58,58,51,53,0,53,62,42,63,52,55,52,60,48,63
1540,56,56,56,47,39,54,46,38,53,33,64,64,45,63,48,61,50,41,64,50,59,53,42,67,50,76,39,58,58,53,56,54,60,47,56,56,59,47,65,49,46,51,55,70,74,53,42,59,46,62,58,57,46,49,52,49,41,46,42,55,65,52,39,63,55,64,46,40,54,59,46,69,68,52,65,41,64,54,50,54,54,58,58,51,53,0,53,62,42,64,52,55,51,60,48,63
1541,56,56,56,47,39,54,46,36,52,33,64,64,45,63,48,61,50,41,64,50,59,53,42,67,50,76,39,58,58,53,56,55,60,47,56,56,59,47,64,49,46,50,56,71,74,53,43,59,46,62,58,57,46,49,52,49,41,46,42,55,65,52,39,63,55,64,45,41,54,58,46,69,67,51,65,41,64,54,50,54,54,58,58,51,53,0,52,62,42,63,51,55,51,60,47,63
1542,56,56,56,47,39,54,46,36,52,33,64,64,45,63,48,61,50,41,64,51,59,53,41,67,50,76,39,58,58,53,56,54,60,47,56,56,59,47,64,49,46,48,56,71,74,53,43,59,46,62,58,57,46,49,52,49,41,46,42,55,65,51,39,63,55,64,45,41,54,58,46,69,67,51,65,41,63,54,50,54,54,58,57,51,52,0,52,62,42,62,51,55,51,60,47,62
1543,56,56,56,47,39,53,46,36,52,33,64,65,45,63,48,61,50,41,62,52,59,53,41,67,50,75,39,58,58,54,56,54,60,47,56,56,59,48,63,49,46,49,56,71,74,53,46,59,48,63,58,57,46,49,52,49,41,46,42,54,65,50,39,63,55,64,45,41,54,58,46,69,66,51,65,41,63,54,50,54,54,59,56,51,52,0,52,62,42,61,51,55,50,61,48,62
1544,56,56,56,47,39,53,46,36,52,33,64,64,45,63,48,61,50,41,63,52,59,53,41,67,50,74,40,58,58,54,55,54,60,47,56,57,59,47,63,49,46,49,56,72,74,53,46,59,48,63,58,58,46,50,52,49,41,46,42,54,65,50,39,63,55,64,45,41,54,58,46,69,66,51,66,40,63,54,50,54,54,60,56,51,54,0,52,62,42,61,51,55,50,61,48,63
1545,56,56,56,47,39,52,46,36,52,33,64,64,45,63,48,61,50,41,63,52,58,53,41,67,50,74,40,58,58,54,53,54,60,47,56,58,59,47,63,49,46,49,56,72,74,53,46,59,48,63,59,58,46,50,52,49,41,46,42,54,65,50,39,64,54,64,45,41,54,57,46,69,66,51,66,40,63,54,50,54,54,60,56,51,54,0,52,62,42,61,50,55,50,61,49,63
1546,56,56,56,47,39,52,46,36,52,33,65,65,45,62,49,61,50,41,63,53,58,53,41,66,51,74,39,58,58,54,53,54,60,46,56,58,59,47,63,48,46,49,56,72,73,53,46,59,47,63,59,58,46,50,52,49,41,46,42,54,65,50,39,64,54,64,45,42,54,57,46,69,66,51,66,40,63,54,50,54,54,60,56,51,54,0,52,62,42,60,50,56,50,61,48,63
1547,56,56,56,47,39,50,47,36,52,32,66,65,44,62,49,61,50,40,63,53,58,52,41,67,50,74,39,58,57,54,53,54,60,46,56,58,59,47,63,48,45,48,56,73,73,53,46,60,47,63,59,58,46,50,52,49,42,46,42,54,65,50,39,63,55,64,45,43,54,57,46,69,66,50,66,40,63,54,50,54,54,60,56,51,54,0,51,62,42,60,50,56,50,61,48,63
1548,56,56,56,47,39,50,47,36,52,32,66,64,44,62,49,61,50,40,62,53,58,52,41,67,50,74,39,58,57,54,53,55,60,46,56,58,58,47,63,48,45,48,55,73,72,53,46,60,47,63,59,58,46,49,51,50,42,46,40,54,64,50,38,64,55,64,45,43,54,57,47,69,65,48,66,40,63,52,50,54,54,60,56,51,54,0,51,63,42,60,50,56,49,60,48,64
1549,56,56,56,47,39,50,48,36,52,32,66,64,44,62,49,61,50,39,62,54,58,52,41,67,50,74,39,58,56,54,53,55,59,46,56,59,58,47,63,48,45,47,54,73,72,53,46,60,47,63,59,58,46,48,51,50,42,46,40,54,64,50,38,64,55,63,45,43,54,57,48,69,64,48,66,40,63,52,50,54,54,59,56,51,54,0,52,63,42,59,51,55,49,60,48,64
1550,56,55,56,45,39,50,48,36,52,32,66,64,43,62,49,61,50,39,62,54,58,52,41,66,49,75,39,58,56,54,52,55,59,46,56,59,58,47,63,48,45,48,54,74,71,54,46,61,47,63,59,58,46,47,51,50,42,46,40,54,65,50,38,64,55,62,45,43,54,57,48,69,64,48,66,40,63,51,48,54,54,59,56,51,54,0,52,63,41,59,51,55,49,60,48,64
1551,56,55,56,45,40,49,48,35,52,32,66,64,43,62,49,61,50,39,62,54,58,52,41,66,49,75,39,58,56,53,52,55,59,46,56,59,58,47,63,48,45,48,54,74,71,54,46,61,47,62,59,58,46,47,51,49,42,46,40,54,65,50,39,64,54,61,45,43,54,58,48,69,64,47,66,40,63,51,48,54,54,59,56,51,54,0,52,63,41,59,50,55,49,60,48,64
1552,56,55,55,45,40,49,48,35,52,34,66,65,42,62,49,61,50,39,61,54,58,52,41,65,49,75,39,58,56,53,52,54,59,46,55,59,58,47,63,48,44,48,54,74,71,54,46,61,47,61,58,57,46,47,51,49,42,45,40,54,65,50,39,64,55,61,45,43,54,58,47,68,64,47,66,40,63,51,48,54,54,59,56,51,55,0,52,63,41,59,49,55,49,61,48,64
1553,56,55,55,45,40,49,48,35,52,34,65,65,41,62,49,61,50,39,61,54,58,52,41,66,49,74,39,57,56,53,52,53,59,46,54,59,58,47,63,47,44,48,55,74,71,54,45,61,47,60,58,56,46,47,51,48,42,45,41,54,65,50,39,64,55,61,44,42,54,57,47,68,64,47,66,40,63,52,47,54,53,59,56,51,55,0,52,64,40,58,49,55,50,61,49,64
1554,56,53,55,45,41,49,48,34,52,34,65,65,41,62,49,61,50,39,61,54,58,52,41,65,49,74,39,57,55,53,52,54,59,46,54,59,58,48,63,47,45,48,54,73,71,53,45,61,47,60,58,56,46,47,51,47,41,45,41,54,66,50,40,65,55,61,44,41,54,56,47,68,64,47,66,40,62,52,46,54,53,59,56,51,55,0,52,64,40,58,49,55,50,61,49,64
1555,56,52,55,45,41,49,48,35,52,34,65,65,41,62,49,61,50,39,61,54,58,52,41,65,49,74,39,57,55,53,52,54,59,46,54,59,58,48,63,47,45,48,54,73,71,53,45,60,48,60,58,57,46,47,51,47,41,46,41,55,66,49,41,65,55,60,43,41,54,56,47,67,64,47,66,40,61,52,46,55,53,59,56,51,55,0,52,64,41,58,48,55,50,61,49,64
1556,56,52,55,45,41,48,48,35,52,34,65,63,41,62,49,60,50,39,61,54,58,52,41,65,49,75,39,57,55,53,52,55,59,46,54,59,58,47,63,47,45,48,53,73,70,53,45,60,48,60,58,57,45,47,51,48,41,46,41,55,66,49,41,65,55,60,43,41,54,57,47,65,64,47,66,40,61,52,46,54,53,59,57,51,55,0,53,64,42,59,48,55,50,61,49,64
1557,56,51,55,45,41,48,48,35,52,34,65,63,41,62,49,60,50,39,61,53,60,52,41,65,49,73,39,57,54,52,52,56,59,46,54,59,58,47,63,47,45,48,53,72,70,52,45,59,48,60,57,57,45,46,51,48,41,48,41,55,66,49,41,66,54,60,43,42,54,57,47,65,64,47,66,40,61,52,46,54,53,59,58,51,54,0,53,64,44,59,48,54,49,61,49,64
1558,56,51,55,45,41,47,48,35,52,34,65,63,41,62,49,60,50,39,61,53,59,52,41,65,49,73,39,57,54,52,52,56,59,45,54,59,57,47,63,47,45,47,53,71,69,52,44,59,48,59,57,57,45,46,51,48,41,48,41,55,66,49,41,67,54,60,44,42,53,57,48,65,64,47,66,40,60,52,46,54,53,58,58,51,54,0,53,64,44,59,48,54,49,61,49,64
1559,56,51,55,45,41,47,48,35,52,33,65,62,41,61,49,60,50,40,60,53,59,52,41,65,49,73,39,57,54,52,52,56,59,45,54,59,57,46,63,47,45,47,53,72,69,52,44,59,48,59,57,57,45,46,51,49,42,48,41,55,65,49,42,67,54,60,44,42,53,57,47,65,64,47,66,40,60,52,46,54,53,58,58,51,54,0,53,64,45,59,48,54,49,61,49,64
1560,56,51,55,45,41,46,48,35,52,33,66,60,41,61,48,60,50,40,60,53,59,52,41,65,49,73,40,57,54,52,52,56,59,45,54,59,57,46,64,47,45,47,53,72,69,52,44,59,48,59,57,57,45,45,51,49,41,48,41,55,65,49,42,67,54,60,45,42,53,56,46,65,64,47,65,40,60,52,46,54,53,57,58,51,54,0,53,64,45,59,48,54,49,61,49,64
1561,56,51,55,45,41,45,48,35,52,33,65,60,41,61,48,60,50,40,60,53,59,52,42,64,49,73,40,57,54,52,53,56,59,43,54,59,57,46,65,47,45,47,52,72,68,52,44,59,48,59,57,57,45,45,51,49,41,48,42,55,65,49,42,67,54,60,45,42,53,56,45,66,63,46,65,40,60,52,46,54,53,57,56,51,54,0,53,65,45,58,48,54,49,61,49,64
1562,56,51,55,45,41,45,48,35,52,33,65,59,41,60,48,60,50,40,61,53,59,52,42,64,48,73,40,57,54,52,53,56,59,43,54,59,57,46,65,47,45,47,52,72,67,51,44,59,48,59,56,56,45,45,51,49,41,48,42,55,65,49,42,67,53,59,45,42,53,55,45,66,63,46,65,41,60,52,45,54,53,57,56,51,54,0,54,66,45,58,48,53,50,61,49,64
1563,56,51,55,45,41,45,48,35,52,33,66,59,40,60,48,60,50,40,61,53,59,52,42,64,48,73,40,57,54,52,53,56,59,43,53,59,57,46,65,47,45,47,52,72,66,51,44,58,48,59,56,56,45,45,50,49,41,48,42,55,65,49,42,67,52,59,45,42,53,55,45,66,63,46,65,41,61,52,45,54,53,57,57,51,54,0,54,66,45,58,48,52,49,61,49,64
1564,56,50,55,45,41,45,48,35,52,33,67,59,40,59,48,60,50,40,61,53,59,52,42,64,48,73,41,57,54,52,53,56,59,43,53,59,57,46,65,47,45,47,52,73,66,52,44,58,48,59,56,56,44,45,50,49,42,48,42,55,65,49,42,68,52,59,46,42,53,55,45,66,63,46,64,42,61,52,45,53,53,57,57,51,54,0,54,66,45,59,48,52,49,62,49,64
1565,56,50,55,45,41,45,48,35,52,33,67,59,40,59,48,60,51,39,60,52,59,52,42,63,48,72,41,57,54,52,53,57,59,43,53,59,56,46,63,47,45,47,52,72,67,52,44,58,48,59,56,56,44,45,50,50,42,50,42,55,65,49,42,68,52,59,46,42,53,53,46,66,64,45,64,42,60,52,45,53,53,54,57,51,54,0,54,66,45,58,48,52,49,62,49,65
1566,56,49,55,45,41,45,48,35,51,33,67,59,40,59,49,60,51,39,59,52,59,52,41,63,48,72,41,57,54,52,53,57,59,43,54,60,55,46,62,47,46,47,52,72,67,51,44,57,48,59,56,57,43,45,50,50,42,50,42,55,65,49,42,68,52,59,46,42,53,52,46,66,62,45,64,42,60,52,44,53,53,54,57,51,54,0,54,65,45,58,48,52,49,61,49,64
1567,56,49,54,45,41,44,48,35,51,33,67,59,40,60,49,60,52,39,59,52,59,52,41,63,48,72,41,57,53,52,52,57,59,43,54,59,55,46,62,47,46,47,52,72,67,50,44,57,48,59,56,57,43,45,50,50,43,50,42,55,65,49,42,69,53,59,47,42,53,52,46,65,62,46,64,42,60,52,44,53,53,53,57,51,54,0,54,65,45,59,48,52,49,61,49,64
1568,56,49,52,45,41,44,48,35,51,34,67,59,40,60,49,59,52,39,59,52,59,52,41,63,49,72,41,57,53,51,52,57,59,43,54,59,56,46,62,47,46,47,52,72,67,49,44,57,47,59,56,57,43,44,50,50,44,50,42,55,65,49,41,69,53,58,47,42,53,52,46,64,62,46,64,42,60,52,43,52,53,53,57,50,54,0,54,65,45,59,49,52,49,59,50,64
1569,56,49,52,45,41,42,50,35,51,34,67,59,40,61,49,59,52,39,59,52,59,52,41,63,49,72,41,57,53,51,52,57,58,43,54,59,56,45,62,47,46,47,53,72,68,49,43,57,47,59,56,57,43,44,50,49,44,50,42,56,65,50,42,69,53,58,47,43,53,52,46,63,62,46,63,42,59,53,43,52,53,54,57,51,54,0,53,65,45,60,49,52,49,59,49,64
1570,56,49,53,45,42,42,50,35,51,34,67,59,40,61,49,59,52,39,59,52,59,52,41,64,48,73,41,57,53,51,52,58,58,42,54,59,56,45,62,47,46,47,53,72,69,49,42,56,47,60,56,57,43,43,50,49,44,50,43,56,65,50,42,69,53,58,48,43,53,52,45,63,62,46,62,41,59,53,43,51,53,52,57,51,54,0,53,65,45,60,49,52,49,59,49,64
1571,56,49,53,45,42,42,50,35,51,34,66,59,40,61,49,58,51,38,59,52,59,52,41,64,48,73,40,56,53,51,52,58,58,42,54,59,57,44,61,47,46,46,53,72,68,49,42,56,48,60,56,57,43,43,50,49,45,50,43,56,65,50,42,69,53,58,48,43,53,52,45,63,62,46,62,41,59,53,43,51,53,52,57,51,54,0,53,65,45,60,49,52,49,59,49,64
1572,56,49,53,45,41,41,49,35,50,34,66,59,40,61,49,58,51,38,59,52,58,51,41,64,48,73,40,55,53,51,52,59,58,42,54,60,57,44,62,48,45,46,52,72,68,49,42,56,48,59,56,57,42,43,50,49,45,50,43,55,65,49,42,69,53,58,48,43,52,52,45,63,62,44,62,41,60,53,42,51,53,52,56,51,54,0,52,65,45,60,49,52,50,59,49,64
1573,55,49,53,45,41,41,49,35,50,34,66,59,40,61,49,58,51,38,59,52,58,51,41,64,48,73,40,55,54,51,52,59,58,42,54,60,57,44,62,48,45,45,52,72,68,49,42,56,47,59,55,56,42,43,50,49,45,49,43,55,65,49,42,69,52,58,48,43,52,52,45,62,62,44,61,41,60,53,42,51,53,53,56,51,55,0,51,65,45,60,49,52,50,59,49,64
1574,55,49,53,45,41,41,49,35,50,34,66,59,40,61,48,58,51,38,59,52,58,51,41,64,48,73,40,54,54,51,52,59,57,42,54,59,56,44,62,46,45,45,52,72,68,49,42,56,47,59,55,56,41,43,50,49,46,49,43,55,64,49,41,69,52,57,48,42,52,52,45,61,62,44,61,41,60,53,42,51,53,53,54,52,55,0,52,65,45,60,49,52,50,59,49,64
1575,55,49,53,44,41,41,49,36,50,34,66,59,40,61,48,58,51,38,59,52,59,51,41,63,47,73,40,53,55,51,51,59,57,42,54,60,56,44,62,46,45,45,52,72,68,49,42,56,47,59,55,56,41,43,50,49,46,49,43,55,64,49,40,69,52,57,48,42,52,53,44,61,62,44,61,41,60,53,42,53,53,54,54,52,54,0,51,65,46,61,49,52,50,59,49,64
1576,54,49,52,44,41,41,49,36,50,34,66,59,39,61,48,58,51,38,59,52,59,51,40,63,47,73,41,53,55,51,51,59,57,42,54,60,56,43,62,46,44,44,52,72,68,49,41,56,47,58,55,56,41,44,50,49,46,49,43,55,65,49,40,69,52,57,48,42,52,54,44,61,62,44,60,41,59,53,42,53,53,54,54,52,54,0,51,65,46,60,47,52,50,58,49,64
1577,54,49,52,44,41,41,49,36,50,34,66,58,39,61,48,58,51,38,59,52,58,51,40,63,47,71,41,53,55,52,51,59,56,42,54,61,56,43,62,46,44,44,51,71,68,49,41,56,47,58,55,56,41,44,50,49,46,49,41,55,65,47,40,68,52,57,48,42,52,54,44,61,61,44,60,41,59,53,42,53,53,54,54,52,54,0,51,65,46,59,47,52,50,58,49,64
1578,54,49,52,44,41,41,49,36,50,34,66,58,39,63,48,58,51,38,58,52,58,51,40,63,47,71,41,53,55,52,51,59,56,42,54,61,56,43,62,46,44,44,51,71,68,49,41,56,47,58,55,56,41,44,49,49,46,49,41,54,65,48,40,68,52,57,48,42,52,54,44,61,61,44,60,41,59,53,42,53,54,54,53,52,54,0,51,64,46,59,47,52,50,58,49,64
1579,54,49,50,44,41,41,49,36,50,33,66,58,39,63,48,58,50,38,58,53,58,51,39,63,47,71,41,53,55,51,51,60,56,42,54,61,56,43,62,46,44,44,52,71,68,49,41,56,47,59,55,56,41,44,49,47,46,49,41,54,66,49,40,68,52,57,48,43,52,54,44,61,61,44,60,41,60,52,42,53,54,54,53,52,54,0,51,64,49,59,47,52,50,58,49,65
1580,54,49,50,44,41,41,49,36,50,33,66,58,39,63,49,58,50,38,58,53,57,51,39,63,47,71,40,54,55,51,51,60,56,42,54,61,56,43,62,46,44,44,52,72,69,49,41,56,47,59,54,55,41,44,48,47,46,48,41,55,66,49,40,67,52,56,48,43,52,54,44,61,61,45,60,41,59,52,41,52,54,54,53,52,53,0,51,64,49,59,47,52,50,58,48,65
1581,52,49,50,44,42,41,49,36,50,33,66,59,39,63,49,58,50,38,58,53,57,51,39,62,47,71,41,54,55,51,51,60,56,42,54,61,56,42,62,46,44,44,52,72,69,49,41,55,47,59,54,55,41,44,48,47,47,49,41,55,66,48,40,67,52,54,48,43,52,53,43,60,61,45,60,41,59,51,41,52,53,54,53,52,53,0,50,63,49,58,46,52,50,58,48,65
1582,52,49,50,44,42,41,48,36,50,33,66,59,39,63,48,58,50,38,58,53,57,50,39,62,47,71,41,54,55,50,51,59,55,41,54,61,55,42,62,46,44,44,52,73,69,49,41,55,47,59,54,55,41,44,48,47,49,49,41,55,66,48,41,67,51,55,48,43,52,53,43,60,62,44,60,41,59,51,41,52,53,54,53,52,53,0,50,63,49,58,47,52,49,59,47,65
1583,53,49,50,44,43,41,48,37,49,33,66,59,39,64,48,58,50,37,58,53,57,49,38,62,46,71,41,53,56,50,51,59,55,41,54,61,55,41,62,46,44,44,52,72,69,49,41,55,47,59,54,55,41,43,48,47,49,50,41,55,66,48,41,66,51,55,48,43,52,53,43,60,61,43,60,41,59,51,41,52,53,54,53,52,53,0,50,64,49,58,47,52,49,59,47,65
1584,53,49,50,44,43,41,48,37,49,33,66,59,39,64,48,58,50,37,58,53,57,49,38,62,46,71,41,53,55,50,51,59,55,41,54,60,55,40,62,47,43,44,52,72,69,49,41,55,48,59,54,55,41,43,48,47,49,50,41,56,66,48,41,68,49,55,48,43,52,53,43,60,60,42,60,41,59,51,41,52,53,55,53,52,53,0,50,64,49,57,47,52,49,59,47,65
1585,53,49,50,43,43,41,48,36,49,33,66,59,39,64,48,58,50,37,57,53,57,49,38,62,46,71,41,53,55,50,51,59,55,41,54,59,55,39,63,47,43,44,52,72,68,48,41,55,48,59,54,54,41,43,49,47,49,50,41,56,66,46,41,68,49,54,48,43,52,53,43,60,60,42,59,41,59,51,41,51,53,54,53,52,52,0,50,64,49,57,47,52,49,59,47,65
1586,53,49,49,43,43,41,48,36,49,33,66,59,39,64,48,58,50,38,57,53,56,48,38,62,46,70,41,53,55,50,51,59,55,40,54,60,55,38,63,47,43,44,52,72,68,48,40,55,48,59,54,54,41,43,49,47,49,50,40,56,66,46,41,68,49,54,49,43,52,54,43,60,60,42,59,41,59,51,41,52,53,54,55,53,52,0,50,63,49,57,46,52,49,59,47,65
1587,53,49,49,43,41,41,49,36,49,33,65,59,39,64,47,58,50,38,57,54,57,48,38,61,46,70,41,52,55,50,51,59,55,40,54,60,55,38,63,47,43,44,51,71,68,47,40,55,48,59,53,54,41,43,49,47,49,51,40,55,65,46,41,68,49,54,47,43,52,55,43,60,60,42,58,41,59,50,41,52,52,54,55,53,52,0,50,63,49,56,46,51,49,59,47,64
1588,53,49,49,43,41,41,48,36,49,33,65,59,39,64,47,58,50,38,57,54,57,47,38,62,46,70,41,52,55,50,51,59,54,40,54,60,55,38,63,47,43,44,51,71,69,47,40,54,48,59,52,54,41,43,49,47,49,52,40,55,64,46,41,68,48,54,47,43,52,55,43,60,61,42,58,41,59,50,41,52,52,54,55,53,51,0,50,64,49,56,46,51,48,59,47,62
1589,53,49,49,43,41,41,48,37,49,34,66,60,39,64,47,58,50,38,57,54,56,47,38,61,46,70,43,52,55,50,51,59,53,41,54,60,55,38,63,47,43,44,51,71,68,46,40,53,48,59,52,54,41,43,49,47,49,52,40,55,63,46,41,68,47,54,47,43,52,55,43,60,61,42,58,41,58,50,41,52,52,55,55,53,50,0,50,64,49,56,46,51,48,59,47,61
1590,53,49,49,43,42,41,48,37,49,34,66,60,39,64,47,58,50,38,57,54,55,47,38,61,46,70,43,52,55,50,51,59,53,41,54,61,55,38,63,48,43,43,50,71,68,46,40,52,48,59,52,55,40,43,49,47,48,53,40,55,62,46,41,68,47,53,47,43,52,55,43,60,61,42,58,41,58,49,41,52,52,55,55,53,51,0,50,64,49,56,46,51,48,59,47,61
1591,53,49,49,43,42,41,47,38,49,34,66,60,39,64,47,58,50,38,57,54,54,47,38,60,46,71,43,52,56,50,51,59,53,40,54,61,55,38,63,48,43,42,50,71,68,46,41,52,48,59,52,55,40,43,49,47,48,52,40,55,62,46,41,68,47,53,47,43,52,55,43,59,61,42,58,41,57,49,41,52,51,55,55,53,51,0,50,65,50,56,46,51,48,59,48,61
1592,52,49,49,43,42,40,47,38,49,34,66,60,39,64,47,58,50,37,57,53,54,46,38,60,46,70,43,52,56,50,50,59,53,40,54,61,55,38,63,48,43,42,50,71,67,46,42,53,48,59,52,56,40,43,49,47,49,52,40,55,62,46,41,68,47,53,47,43,52,55,43,58,61,42,58,41,56,49,41,52,51,55,55,53,50,0,50,64,50,56,46,51,49,58,48,61
1593,52,48,49,43,42,40,47,38,49,34,66,61,38,64,47,58,50,37,57,53,55,46,38,57,46,70,44,52,56,50,50,58,52,40,54,61,55,38,63,48,43,42,50,71,67,46,42,53,48,59,52,56,40,43,49,47,49,51,40,55,62,46,41,68,47,53,47,43,52,55,43,57,61,42,58,41,56,49,41,53,50,55,55,53,50,0,49,64,50,56,46,51,49,58,48,61
1594,52,48,49,42,42,40,47,37,49,34,66,61,37,64,47,58,50,36,57,52,55,46,38,57,46,70,44,53,56,50,50,58,54,40,54,61,55,39,63,48,43,41,50,71,67,46,42,53,48,59,52,56,40,43,49,47,48,51,40,55,62,46,41,68,47,53,46,43,52,55,42,57,61,41,57,41,56,49,40,53,50,54,55,52,49,0,49,64,50,56,46,51,49,58,49,61
1595,52,48,49,41,42,40,47,37,49,34,66,61,37,64,48,58,50,37,56,52,55,46,38,57,46,69,45,54,56,50,50,58,54,40,54,62,55,38,63,48,43,41,50,72,67,46,42,53,48,59,52,55,40,43,49,47,48,51,40,55,62,46,41,68,47,53,45,43,52,55,41,57,61,41,57,41,56,48,40,52,51,54,54,52,49,0,49,64,50,56,46,51,50,58,49,61
1596,52,48,49,41,42,40,47,37,49,34,66,60,37,64,48,57,50,37,56,52,55,46,38,58,46,69,45,54,55,51,50,58,54,40,54,62,55,38,63,48,43,41,50,72,66,46,42,53,48,59,53,55,40,42,49,47,48,51,40,55,62,46,41,68,46,53,45,42,52,54,41,56,61,41,57,40,56,48,40,52,51,54,55,52,49,0,49,64,50,55,46,50,49,58,49,61
1597,52,48,49,42,42,40,47,37,49,34,66,59,37,64,48,57,50,38,56,52,55,46,38,57,45,69,45,53,55,50,50,58,54,40,54,62,55,38,63,48,43,41,50,73,66,46,41,53,48,58,53,54,40,42,49,47,48,52,40,55,62,46,40,67,46,53,45,42,51,54,41,56,61,41,56,40,56,48,38,52,51,54,55,52,49,0,49,64,51,54,46,50,49,58,48,61
1598,52,48,49,42,42,40,47,37,49,34,66,59,37,64,48,56,50,38,56,52,55,45,38,57,45,68,46,53,55,50,50,57,54,40,54,62,55,38,63,48,44,41,50,73,66,46,41,53,48,58,53,52,40,42,49,47,49,51,40,55,62,44,40,67,45,53,45,42,51,55,41,56,61,41,56,40,56,48,38,52,51,54,55,52,49,0,49,65,51,54,46,50,49,58,48,61
1599,52,48,49,42,43,40,47,37,49,34,66,58,36,64,48,56,51,37,56,52,55,45,38,57,45,68,46,53,55,49,50,57,54,40,54,61,55,38,63,48,44,41,50,73,66,46,41,53,48,58,53,52,40,42,48,46,49,51,40,55,62,43,40,67,45,53,45,41,51,55,41,56,61,41,56,40,56,48,38,52,51,54,55,52,49,0,48,64,51,54,46,50,49,58,48,61
1600,51,47,49,42,43,42,47,38,49,34,66,59,36,63,48,56,51,37,56,52,55,45,38,58,44,67,46,53,55,49,50,58,53,40,54,61,55,39,62,48,44,41,50,72,67,46,41,53,48,58,53,51,40,42,48,46,49,51,40,55,62,43,40,67,45,53,45,41,51,55,41,56,62,41,56,40,56,47,38,52,51,54,55,52,47,0,48,64,51,54,46,50,49,57,48,61
1601,51,47,50,42,43,42,48,38,49,35,65,60,36,63,48,56,51,37,56,52,53,45,38,58,44,66,46,53,54,49,50,58,53,40,53,61,54,39,63,48,44,41,50,72,67,46,42,53,48,58,53,51,40,42,48,46,49,51,40,55,62,43,40,67,45,53,45,42,51,56,41,56,60,40,56,40,57,47,38,52,50,54,55,52,47,0,48,64,51,53,45,50,49,57,47,61
1602,51,47,50,42,43,42,48,38,49,35,65,60,36,62,48,55,51,37,55,52,53,44,38,58,44,66,46,53,54,49,50,58,53,40,53,61,54,39,63,48,44,41,50,73,67,45,42,52,48,58,52,51,40,42,48,46,49,51,41,54,62,43,41,67,45,53,45,42,50,56,41,57,60,39,55,40,57,48,38,51,51,54,55,51,47,0,48,64,52,52,45,50,49,57,48,60
1603,51,47,50,42,43,42,48,38,49,35,65,60,36,62,48,55,51,37,55,52,53,44,39,58,44,66,46,53,52,49,50,58,52,39,53,61,54,38,63,48,44,41,50,73,67,45,42,52,47,58,52,51,41,42,48,46,49,51,41,54,62,42,41,67,45,53,45,43,50,56,41,57,61,39,55,41,56,47,37,51,51,54,55,51,47,0,48,64,52,52,45,50,49,57,48,60
1604,51,47,50,42,43,43,48,37,49,35,65,60,37,62,48,55,51,37,55,52,53,44,39,57,44,66,46,54,52,49,50,58,52,39,52,61,54,38,63,49,44,41,50,72,68,45,42,52,47,57,52,51,40,42,47,46,49,50,41,54,62,42,40,67,45,53,44,43,49,56,41,57,61,39,55,41,56,47,37,51,51,55,55,51,47,0,48,64,52,52,43,50,48,57,48,60
1605,49,47,50,42,43,43,48,37,49,35,65,60,37,62,48,55,51,36,55,52,53,45,39,57,44,66,46,54,52,49,50,58,52,39,53,61,54,37,64,48,44,41,49,72,69,45,42,51,46,57,52,51,40,42,47,46,49,50,41,54,62,42,40,66,45,53,44,43,49,56,41,57,61,38,55,41,55,47,37,51,51,55,55,51,47,0,48,63,52,52,43,51,48,57,48,60
1606,49,46,50,42,44,43,49,37,49,35,65,60,37,62,46,55,50,36,55,52,52,45,39,57,44,66,46,54,52,49,50,59,52,39,53,61,54,37,64,48,44,41,49,72,68,46,42,50,46,57,52,50,40,42,47,46,49,51,41,54,62,42,40,66,45,54,44,43,49,56,41,57,61,38,55,41,55,47,37,51,51,55,55,51,47,0,47,63,52,52,42,51,48,55,48,60
1607,49,46,49,42,44,43,49,37,49,35,65,60,37,62,46,55,50,36,55,52,52,44,40,57,44,66,46,54,51,49,50,59,52,39,53,61,53,37,64,48,44,41,49,72,67,46,42,50,46,57,52,50,40,41,47,46,49,51,41,54,62,42,40,66,45,54,44,43,49,56,41,57,61,38,56,41,55,47,37,51,51,54,55,51,47,0,47,63,52,52,42,51,48,55,48,60
1608,49,46,49,43,44,43,49,37,48,35,65,60,37,62,46,55,50,36,55,52,52,44,40,57,44,65,46,55,50,52,50,59,52,38,53,61,53,37,64,48,44,41,49,72,67,46,42,50,46,57,52,50,40,41,47,47,49,51,41,54,62,42,40,66,45,54,44,43,48,56,40,57,61,38,56,41,55,47,37,51,51,54,55,51,47,0,47,63,52,52,42,51,48,55,47,59
1609,49,46,49,43,45,42,49,37,48,34,65,60,37,62,47,55,50,36,55,52,52,44,40,57,44,65,46,55,50,52,50,59,52,38,52,60,53,37,64,48,44,40,49,72,67,46,42,50,46,56,52,50,40,40,45,47,50,51,41,54,62,42,40,65,45,54,44,43,48,56,40,58,60,37,56,41,55,47,36,50,51,54,55,51,47,0,47,63,52,52,42,51,48,54,47,59
1610,49,46,50,43,45,42,49,37,48,34,65,59,38,62,47,55,50,36,55,52,52,44,40,57,44,65,46,55,50,52,50,59,52,38,52,60,53,37,64,47,44,39,48,72,67,46,42,50,46,56,52,50,40,40,45,48,50,51,41,54,62,42,40,64,45,54,44,43,48,56,40,58,59,37,56,41,55,47,36,50,50,54,54,51,46,0,47,64,52,51,42,51,49,54,47,59
1611,49,45,50,43,45,42,49,37,48,34,65,59,38,61,47,54,50,36,55,52,52,45,40,58,44,65,45,55,50,52,50,58,52,38,52,59,53,37,64,47,44,39,48,72,67,46,42,49,46,56,52,50,40,40,44,48,50,51,41,54,62,41,40,64,44,54,44,44,48,56,40,58,60,37,54,41,55,47,36,51,50,53,54,51,46,0,46,65,52,51,42,51,49,54,47,59
1612,49,45,50,43,45,42,49,37,48,34,65,59,38,61,47,55,50,37,55,52,52,45,40,58,44,65,46,55,50,52,50,58,52,38,52,59,53,38,64,47,44,39,48,73,67,46,42,49,46,56,52,50,40,40,43,48,50,51,41,54,62,41,39,64,44,54,44,44,48,56,40,58,59,37,54,41,55,47,35,51,50,53,54,50,46,0,46,65,52,51,42,51,50,54,47,58
1613,49,45,50,43,45,42,49,37,48,34,64,59,38,61,47,55,50,36,55,52,51,45,40,58,44,65,46,55,50,52,50,58,52,38,52,59,53,38,63,47,43,39,47,72,68,46,42,49,46,56,52,50,40,40,43,47,50,50,41,54,62,40,40,64,44,54,43,43,48,56,39,57,59,37,54,41,55,47,35,50,50,53,54,51,46,0,47,65,51,50,42,51,50,53,47,58
1614,49,45,50,43,45,42,49,37,47,34,64,59,38,61,47,55,50,36,55,52,50,45,40,58,44,65,46,56,49,53,49,58,51,38,52,58,53,38,62,47,43,39,47,72,68,46,42,50,46,56,52,50,40,40,44,47,50,50,40,54,61,40,39,65,44,53,42,44,47,56,39,56,59,37,54,41,54,47,35,50,50,53,55,50,46,0,47,64,51,50,42,51,49,53,47,58
1615,49,45,49,43,45,41,49,38,46,34,64,59,38,62,47,54,50,36,55,52,50,44,39,58,44,65,45,56,49,53,49,58,51,38,52,57,53,38,62,47,43,40,47,72,68,46,42,50,46,56,52,50,40,40,44,47,49,50,40,54,61,40,40,64,44,53,42,45,47,56,38,56,59,37,54,41,54,47,35,50,51,53,55,49,46,0,47,64,51,50,42,51,49,53,47,58
1616,49,45,49,43,45,41,49,38,46,34,64,59,38,62,46,54,50,36,55,52,50,44,39,58,44,65,45,56,49,53,48,57,51,38,52,55,53,38,62,47,43,40,46,72,68,46,42,49,46,55,52,50,40,39,45,46,49,51,40,54,61,40,40,64,45,52,42,45,47,56,38,56,59,37,54,41,54,47,34,49,51,53,55,49,46,0,47,64,51,50,42,51,49,53,47,59
1617,48,45,49,43,44,41,49,38,46,34,64,58,38,63,46,54,50,36,55,51,50,43,40,57,44,65,44,55,49,53,48,57,50,38,52,55,53,38,61,47,43,40,46,72,68,46,41,48,45,55,52,50,40,39,45,46,49,51,41,54,61,41,40,64,45,52,42,45,47,56,38,56,59,37,54,41,54,46,34,49,51,53,55,50,46,0,47,64,51,50,41,51,47,52,47,59
1618,48,45,49,43,44,41,48,39,46,34,64,58,38,62,46,54,50,36,54,51,50,43,40,57,44,65,44,55,49,53,48,56,50,38,52,55,53,38,60,47,43,40,46,72,68,46,41,48,45,55,52,50,40,39,45,46,49,51,41,55,61,41,40,64,44,52,42,44,47,56,38,55,59,37,53,41,53,46,34,49,51,53,55,50,46,0,47,65,51,49,41,51,47,52,47,59
1619,48,45,49,42,44,41,48,39,46,34,64,59,38,62,46,54,50,36,54,50,49,43,40,57,43,65,45,54,49,53,48,56,50,38,52,55,53,38,61,47,43,40,46,72,68,46,41,47,45,55,52,49,40,39,45,46,49,52,41,55,60,41,40,64,44,52,42,43,47,56,38,55,59,37,53,41,53,46,34,49,51,53,54,50,47,0,47,65,51,49,41,51,47,52,47,59
1620,48,45,48,41,45,41,48,38,46,34,64,58,37,63,45,54,50,35,54,50,49,43,39,57,43,64,45,54,49,53,48,57,50,37,52,55,53,38,61,47,43,40,46,72,68,47,41,47,45,55,52,49,40,39,45,46,48,52,41,55,61,41,40,64,44,52,42,43,47,55,38,55,59,37,53,41,53,46,34,49,51,53,54,50,47,0,47,65,51,49,41,50,47,52,47,58
1621,48,45,48,41,45,41,48,38,46,34,64,58,37,63,46,54,51,35,53,50,49,43,39,57,42,64,45,53,49,53,48,57,50,37,53,55,52,38,61,45,43,40,46,71,67,47,41,47,44,55,52,49,40,39,45,46,47,52,41,55,61,41,40,64,44,52,42,43,47,54,38,55,59,37,53,41,53,46,34,49,51,53,53,50,46,0,47,65,51,49,40,50,47,52,47,58
1622,48,45,48,41,43,41,48,38,46,34,64,58,37,61,46,54,52,35,53,49,49,43,39,56,42,64,46,53,49,52,48,57,49,37,53,55,52,38,62,45,43,40,46,71,66,47,41,46,44,55,52,49,40,39,45,46,47,52,40,55,61,41,40,64,44,52,42,43,47,54,38,55,59,36,53,41,53,45,34,49,51,53,53,50,46,0,47,65,51,49,40,50,47,52,47,58
1623,49,45,48,41,43,40,48,38,46,34,64,58,37,61,46,54,51,35,53,50,49,43,39,56,42,64,46,53,49,52,48,57,49,37,53,54,52,38,62,45,43,40,46,71,66,47,41,46,44,54,52,49,40,39,46,46,47,51,40,54,61,41,40,64,44,52,42,43,47,54,37,54,59,36,53,41,54,45,32,49,51,53,53,50,46,0,47,65,51,49,40,50,47,52,47,58
1624,49,45,48,41,43,40,48,38,46,34,64,58,37,61,46,54,50,35,53,50,48,43,39,55,42,64,46,52,49,52,48,57,49,37,54,54,52,38,62,45,41,40,46,71,67,47,42,46,44,54,52,49,40,39,46,46,47,51,40,54,61,40,40,63,44,52,42,43,47,53,38,54,59,36,53,41,54,45,32,49,51,53,52,50,46,0,47,65,51,49,40,50,48,52,47,58
1625,49,44,49,41,43,40,48,38,46,34,64,59,37,61,46,54,50,35,53,50,48,43,39,55,42,64,46,52,49,52,48,57,49,37,54,54,52,37,62,45,41,39,46,71,66,46,42,46,44,54,52,49,40,39,46,46,47,51,40,54,60,39,40,63,44,52,42,43,47,53,38,54,59,36,53,41,54,45,32,49,51,53,52,50,46,0,47,65,49,49,40,50,48,53,46,58
1626,49,43,49,41,43,40,47,38,46,34,64,59,38,61,46,54,50,35,53,50,48,43,38,55,42,64,45,52,50,52,48,57,49,37,54,54,51,38,62,45,41,39,46,71,67,45,42,46,44,54,52,49,40,40,46,46,48,51,40,54,60,39,40,63,44,52,42,43,46,52,38,54,59,36,53,41,54,45,32,49,51,53,52,50,46,0,47,65,49,49,40,50,48,53,46,57
1627,48,43,49,41,43,40,47,39,46,35,63,59,38,61,46,53,50,35,53,50,48,43,37,56,42,64,45,52,50,52,48,57,49,37,54,54,51,38,62,45,41,39,46,71,67,45,42,46,44,54,52,49,40,40,46,46,49,50,40,54,60,38,40,63,44,52,43,43,46,52,38,54,59,36,53,41,54,45,33,49,50,53,52,50,46,0,47,66,49,49,40,50,48,53,46,57
1628,48,43,49,41,43,39,47,39,46,35,63,60,37,62,46,54,50,35,53,50,48,43,37,55,42,63,45,52,50,52,48,57,49,37,54,53,51,38,61,45,41,39,46,70,67,45,42,44,44,54,52,49,40,40,46,46,49,50,40,54,60,38,40,63,44,52,43,43,46,52,38,54,59,36,53,41,54,43,33,49,50,53,52,49,45,0,47,66,49,49,40,50,48,52,46,57
1629,48,43,49,41,44,40,47,39,45,35,62,60,38,62,46,54,50,35,53,49,48,42,37,55,42,62,46,52,50,52,48,57,49,37,54,53,50,38,61,44,41,39,46,70,67,45,43,44,44,53,52,48,40,39,46,46,49,51,40,54,60,37,40,62,44,51,43,43,46,53,38,54,59,36,52,41,54,43,33,49,50,53,52,49,45,0,47,66,49,49,40,50,48,52,46,57
1630,48,43,49,41,44,39,47,39,45,35,62,60,38,62,46,54,50,35,52,49,48,43,38,55,42,62,46,52,50,52,48,57,49,37,55,53,50,38,61,44,41,39,46,70,67,46,43,44,44,53,51,48,40,39,46,46,49,51,40,54,60,37,40,62,44,51,43,43,46,52,38,54,59,35,52,41,54,43,33,49,51,53,51,49,45,0,47,65,49,49,40,50,48,52,46,56
1631,48,44,49,41,45,39,47,39,45,35,62,60,38,62,47,54,50,35,52,49,48,43,39,55,42,62,46,52,49,52,48,56,49,37,55,53,50,38,60,44,41,38,46,70,66,46,44,44,44,53,51,48,40,39,46,46,49,51,40,53,60,37,41,63,44,51,43,43,46,52,37,54,59,35,52,41,54,43,33,49,51,52,51,49,45,0,47,65,48,49,40,50,48,52,46,56
1632,48,44,49,41,45,39,48,38,45,35,62,60,38,62,47,52,50,35,52,49,46,42,40,55,42,61,46,51,49,50,48,56,49,37,55,53,49,38,59,44,41,38,45,71,66,46,44,44,44,53,51,48,40,38,46,47,48,51,40,53,60,37,41,63,44,51,44,43,46,51,36,54,58,35,52,41,53,43,33,49,51,52,51,49,45,0,47,65,48,49,40,50,47,52,45,56
1633,47,44,49,41,45,39,46,39,45,35,62,60,38,62,47,52,50,35,52,49,46,42,39,55,41,61,47,50,49,50,47,56,49,37,55,53,49,38,59,44,41,38,45,71,66,46,43,44,44,52,51,48,40,38,46,47,49,52,40,53,60,37,41,63,44,51,44,43,46,51,36,54,56,35,52,41,53,43,33,49,51,51,51,49,45,0,47,64,48,49,39,50,47,52,45,56
1634,47,45,49,41,45,39,46,39,45,35,61,60,38,62,47,52,50,35,52,49,45,42,39,55,41,61,47,49,49,50,47,56,49,36,55,53,49,38,59,44,40,38,46,71,66,46,43,44,44,52,51,48,40,38,47,47,49,52,39,53,60,37,41,63,44,51,45,43,46,51,36,54,56,35,52,41,53,44,33,50,51,51,51,49,46,0,47,63,48,49,39,50,47,52,45,56
1635,47,45,50,41,45,39,46,39,45,35,61,60,38,61,47,52,50,35,53,48,45,42,39,55,41,61,47,48,48,50,47,55,49,36,55,53,49,38,59,44,40,38,46,70,66,46,43,44,44,52,51,48,40,37,46,47,49,52,39,53,60,37,41,63,44,51,45,43,46,51,36,55,56,35,52,41,53,45,33,50,51,51,51,49,46,0,47,63,48,49,39,50,47,52,45,55
1636,46,45,50,42,45,39,45,39,45,35,61,60,38,61,47,52,49,35,53,48,45,41,39,55,41,60,47,48,48,50,47,55,49,36,55,53,49,37,60,44,40,38,46,70,67,46,43,44,44,52,51,48,40,37,46,48,49,53,39,53,60,37,41,62,44,50,45,44,46,51,35,55,56,35,52,41,53,45,33,50,51,51,50,49,46,0,47,63,48,49,38,50,47,52,45,55
1637,46,45,50,42,45,39,44,39,45,35,61,59,38,61,47,52,49,35,53,48,45,41,39,55,41,59,45,48,48,50,47,54,48,36,54,53,50,37,60,44,40,38,46,70,67,46,43,44,44,52,51,48,39,37,46,49,49,53,39,53,60,37,41,62,44,50,45,43,46,51,35,54,57,35,52,41,53,45,33,50,51,51,51,49,46,0,47,63,48,49,38,50,47,53,46,54
1638,46,44,50,42,45,39,44,39,45,35,61,59,38,61,47,52,49,35,53,48,45,40,39,55,41,59,45,48,48,49,47,52,48,36,54,53,50,37,60,44,40,38,46,69,67,47,43,44,44,52,51,48,39,37,46,49,49,53,39,53,60,37,41,62,43,50,45,43,46,51,35,54,56,35,52,41,53,45,33,49,52,51,51,49,46,0,47,62,47,49,38,50,47,53,46,53
1639,46,44,50,42,45,39,44,39,45,35,61,59,38,61,47,52,49,35,53,48,45,40,39,55,41,59,45,46,48,48,46,52,48,36,54,53,50,37,60,44,40,39,46,69,67,47,43,44,43,52,51,47,39,37,46,49,48,53,39,53,60,37,41,62,43,49,45,44,46,51,35,54,56,35,52,41,53,45,33,49,52,51,51,49,46,0,47,62,47,49,38,50,46,53,46,52
1640,45,44,50,42,45,39,43,39,45,35,61,59,38,61,47,52,47,34,53,47,45,40,39,55,41,59,45,46,48,48,46,52,48,36,54,53,50,37,60,44,40,39,46,69,67,46,43,44,43,52,51,47,39,36,46,49,48,53,39,53,60,37,42,62,43,49,45,44,45,51,35,54,56,35,52,42,53,45,34,49,52,51,51,49,46,0,46,61,47,49,38,49,46,53,45,51
1641,45,44,50,42,45,39,43,40,46,35,61,58,38,61,47,51,46,34,53,47,45,40,39,54,41,60,45,46,48,48,46,50,48,36,54,54,50,37,61,44,40,39,46,69,66,45,43,44,43,52,51,47,39,36,46,49,48,52,38,54,60,37,42,62,42,49,45,44,45,51,35,54,56,35,52,42,53,44,34,49,52,50,52,49,46,0,46,61,47,49,38,49,46,53,45,51
1642,45,44,50,42,45,39,43,41,46,35,61,58,38,61,46,51,45,34,53,47,45,40,39,54,41,58,45,46,48,48,46,50,48,36,54,54,50,37,61,44,40,39,46,69,65,45,43,44,43,52,51,47,39,36,46,48,48,51,38,53,60,37,42,62,42,49,45,44,45,51,35,54,56,35,52,42,53,44,34,49,52,50,52,48,46,0,46,60,47,48,38,49,46,53,45,51
1643,45,44,49,42,46,39,43,41,46,34,61,58,38,62,46,51,45,33,53,47,45,40,39,54,41,58,45,46,48,48,46,50,48,36,54,54,50,37,61,44,40,38,46,69,66,44,43,44,43,52,51,47,39,35,46,48,48,51,38,53,60,37,42,62,42,48,44,44,45,51,35,53,56,35,52,42,53,44,34,49,52,49,51,48,45,0,46,59,47,49,38,49,46,53,45,51
1644,45,44,49,42,46,39,43,41,46,34,61,58,38,62,46,51,44,33,53,47,45,39,39,54,41,59,45,46,48,48,46,49,48,36,54,54,50,37,61,44,40,38,46,69,66,44,43,43,43,52,51,47,39,35,46,48,48,51,37,53,60,37,42,62,43,48,45,43,44,52,35,52,56,34,52,42,53,44,34,49,52,49,51,48,45,0,46,59,46,49,38,49,46,53,45,50
1645,45,44,49,41,46,39,43,43,46,34,60,58,38,63,46,51,44,33,53,47,44,39,38,53,41,59,45,46,48,48,46,49,48,37,54,55,49,37,61,44,40,38,46,69,65,44,43,43,43,52,51,47,38,36,46,48,48,52,37,53,61,37,43,62,43,48,45,43,44,52,35,52,56,34,52,41,53,44,34,48,52,49,51,48,45,0,46,59,46,49,39,49,45,53,45,50
1646,44,44,49,41,46,39,41,44,46,34,60,58,38,63,46,51,45,33,53,46,44,39,38,53,41,59,45,46,48,48,46,49,48,37,54,55,49,37,61,44,40,38,46,69,66,44,43,44,43,52,51,47,38,36,46,48,48,52,37,53,61,37,43,60,43,48,45,43,44,52,35,52,57,34,52,41,53,44,34,48,52,49,52,48,45,0,46,59,46,49,39,48,45,53,45,50
1647,44,44,49,41,47,39,41,44,46,33,59,58,38,63,46,50,44,33,53,46,45,39,38,53,40,59,44,45,48,48,46,49,48,37,54,55,49,37,61,44,40,38,46,67,66,44,43,44,41,52,52,47,38,36,46,48,48,52,37,53,62,37,43,59,43,48,45,43,44,52,35,52,57,34,53,41,53,44,34,49,52,49,52,48,46,0,47,59,46,49,39,48,45,53,45,50
1648,44,44,49,41,47,39,41,44,46,33,59,58,38,63,46,49,44,33,53,46,45,39,38,53,40,59,44,45,48,48,45,49,48,37,54,55,49,36,61,44,40,38,46,68,66,43,43,44,41,52,52,47,37,36,46,48,48,52,37,53,62,37,43,59,42,48,45,43,44,52,35,52,56,34,53,41,53,44,34,49,52,49,52,48,46,0,47,59,46,48,39,48,46,53,45,50
1649,44,44,49,41,46,38,40,44,46,33,59,58,38,63,46,49,44,33,54,46,45,39,38,52,40,59,44,45,48,47,45,49,48,37,54,55,48,36,61,44,40,38,46,67,66,43,43,44,41,52,52,47,37,36,46,48,48,52,37,53,62,37,43,59,42,47,45,44,44,52,35,52,56,33,53,41,53,44,34,49,51,49,52,48,46,0,47,59,46,48,39,48,46,52,45,50
1650,44,44,49,41,47,38,40,44,46,34,59,58,38,62,45,49,44,33,54,46,45,39,37,52,40,59,44,45,48,47,45,49,48,36,54,55,48,36,61,44,39,38,46,67,66,43,43,44,41,52,52,47,37,36,46,48,48,52,37,53,62,37,43,59,42,47,46,44,44,52,35,52,56,33,53,41,53,43,34,48,51,49,52,48,46,0,47,58,46,48,39,48,46,52,45,50
1651,44,44,49,41,47,37,40,44,46,34,58,58,37,62,45,49,44,33,54,46,45,39,37,52,40,59,44,45,48,47,45,49,47,36,54,55,48,36,61,44,39,38,47,67,67,43,43,44,41,52,52,46,37,36,47,48,47,52,37,53,62,37,43,59,42,47,46,44,44,52,35,52,56,33,53,41,54,43,35,48,51,49,52,48,46,0,46,59,46,48,39,48,46,52,45,50
1652,44,44,49,41,48,37,40,44,46,34,58,58,37,62,45,48,44,33,53,46,45,39,37,52,40,59,44,45,48,47,45,49,47,36,53,55,48,36,61,44,39,38,47,69,68,43,43,45,41,52,52,46,37,36,47,48,48,52,37,53,62,37,42,58,41,47,46,44,43,52,35,52,55,33,53,41,55,43,35,49,51,49,52,48,45,0,46,59,46,48,39,48,45,51,44,51
1653,44,44,49,41,48,37,39,45,46,34,57,58,37,62,45,48,44,33,53,46,45,39,37,52,40,59,45,45,48,47,45,49,47,36,52,55,48,36,61,44,39,38,47,69,67,43,43,45,41,52,52,46,37,36,47,48,48,52,37,53,62,37,42,57,41,47,46,45,43,52,35,52,54,33,53,41,55,43,35,49,51,49,52,47,45,0,46,59,46,48,39,48,45,50,44,50
1654,44,44,49,41,48,36,40,45,46,34,57,58,37,62,45,48,44,33,53,48,46,39,37,53,40,59,45,45,48,47,45,49,47,36,52,55,47,36,61,44,39,38,47,69,67,42,43,45,41,52,52,46,36,36,47,47,48,52,37,53,62,37,41,57,41,47,46,45,43,52,35,51,54,33,53,41,55,43,35,49,51,49,52,47,45,0,46,58,46,48,39,48,45,49,44,50
1655,44,44,49,41,48,36,40,45,46,35,57,59,37,60,45,48,44,33,53,48,46,39,37,53,40,59,45,45,48,47,45,47,46,36,52,55,47,35,61,44,39,38,47,69,67,42,43,45,40,52,52,46,36,35,47,47,48,52,37,53,61,37,41,57,41,47,46,45,43,52,35,51,54,33,52,41,55,43,35,48,51,50,52,47,44,0,44,59,47,48,39,48,45,49,44,50
1656,44,44,49,41,48,36,40,45,46,35,55,59,37,60,45,48,44,33,53,47,46,38,37,54,40,59,45,45,48,47,45,46,45,36,52,55,47,35,61,44,39,38,47,69,67,42,44,45,40,52,52,46,36,35,47,47,48,52,38,53,61,37,41,57,41,47,46,45,43,52,35,51,54,33,51,41,54,43,35,48,51,49,52,47,44,0,44,59,47,48,39,48,45,50,44,50
1657,44,44,48,41,48,36,40,45,45,35,55,59,37,60,45,48,44,33,53,47,46,38,36,54,40,60,45,44,48,47,45,46,44,36,51,55,47,35,61,44,40,38,47,69,67,42,44,45,40,52,52,46,36,35,47,47,48,52,38,52,61,37,41,57,41,47,46,46,43,51,35,51,54,33,51,41,54,43,35,48,50,49,52,47,44,0,44,59,47,48,39,48,45,50,44,50
1658,44,44,48,41,48,36,40,45,45,35,55,59,37,60,45,48,44,33,53,47,46,39,36,54,41,60,45,44,48,47,45,46,44,36,51,54,47,35,61,44,40,38,47,70,66,41,44,45,40,52,52,46,36,35,47,47,48,52,38,52,60,37,41,58,41,47,46,46,43,51,35,49,54,33,52,41,54,42,35,47,50,49,52,47,44,0,43,58,48,48,39,48,45,50,44,50
1659,44,44,48,41,48,36,39,45,45,35,55,59,37,60,45,48,45,33,53,47,46,39,36,54,41,60,45,44,48,47,45,46,43,36,51,53,47,35,61,44,40,38,47,70,66,41,43,45,40,52,52,46,36,35,47,47,48,52,38,51,60,36,41,58,41,47,46,46,43,51,35,49,54,33,51,41,55,42,35,47,50,49,51,47,44,0,43,58,48,46,39,48,45,49,44,50
1660,43,44,48,40,48,36,39,45,45,35,55,59,37,60,45,49,45,33,53,47,46,39,37,53,41,60,45,44,49,47,45,45,43,36,51,54,47,35,61,44,40,38,46,70,66,41,43,45,40,52,52,46,36,35,47,47,48,52,38,51,60,36,41,58,41,47,45,46,43,51,35,49,54,33,51,40,55,42,35,47,50,49,51,47,44,0,43,58,48,46,39,48,45,49,44,50
1661,42,44,48,40,48,36,40,45,45,35,55,59,37,60,45,49,45,33,52,48,46,38,37,53,41,60,45,44,49,47,45,45,43,36,51,54,47,35,61,44,40,37,46,70,65,40,43,45,40,53,52,46,36,35,47,47,49,52,38,51,60,36,41,58,41,47,45,46,43,51,35,49,54,33,51,39,54,41,34,48,51,49,51,47,44,0,43,58,48,46,39,48,45,48,43,50
1662,42,43,48,40,47,36,40,45,45,35,55,60,37,60,45,48,45,32,52,48,46,38,37,53,41,60,45,44,49,47,45,45,43,36,52,54,47,35,61,44,39,37,46,71,65,39,43,45,40,53,52,46,36,35,47,47,49,53,38,51,59,36,41,58,41,47,46,45,43,51,34,49,54,33,50,39,54,41,34,46,51,49,51,47,43,0,42,58,49,46,39,48,45,47,43,50
1663,42,43,48,40,48,36,39,45,45,35,56,59,37,60,45,48,44,32,52,47,46,38,37,53,40,59,45,44,49,47,45,45,43,36,53,54,47,35,60,44,39,36,46,71,65,39,43,45,41,53,52,45,36,35,47,47,48,53,38,51,59,36,41,58,40,47,48,45,43,51,34,49,54,33,50,39,54,41,34,46,52,49,51,46,43,0,42,58,49,46,39,48,45,46,43,50
1664,41,43,48,40,48,36,39,45,45,35,56,59,38,60,45,48,43,32,52,47,46,38,37,54,40,59,47,43,49,47,45,45,43,36,53,54,47,35,60,44,39,36,46,71,65,39,43,45,41,53,52,45,36,35,47,47,48,53,37,51,59,35,41,58,40,47,48,45,43,51,33,49,53,33,50,39,54,41,34,45,52,49,52,46,43,0,43,58,49,45,39,48,45,45,43,50
1665,41,43,48,40,48,36,39,45,45,35,56,59,39,60,45,48,43,32,51,47,46,38,37,53,40,58,47,42,49,47,45,46,43,36,53,54,47,35,58,44,39,36,46,70,65,39,43,45,41,53,52,45,35,35,47,47,48,53,37,51,59,35,41,58,40,47,47,45,43,52,33,49,53,33,50,39,54,41,34,45,52,50,52,46,43,0,42,58,49,45,39,48,45,45,43,50
1666,41,43,47,40,48,36,39,45,44,35,56,59,39,60,44,48,43,31,51,47,46,38,37,54,40,58,47,42,49,47,45,46,43,36,52,54,47,35,58,44,39,35,46,70,65,39,43,45,41,52,52,45,35,35,47,48,48,53,37,51,59,35,41,58,40,47,46,45,43,52,33,48,53,33,50,39,54,41,34,45,51,50,52,46,43,0,42,58,49,45,38,48,45,45,43,49
1667,41,43,47,40,48,36,39,45,44,35,55,59,39,61,44,47,43,31,51,47,47,38,37,54,40,58,47,42,49,47,45,46,43,36,53,54,47,36,58,44,40,35,46,70,65,39,43,46,39,51,52,44,35,35,47,48,48,54,36,51,60,35,41,58,40,46,46,45,43,51,33,46,52,33,50,39,56,41,34,45,50,49,52,46,43,0,42,58,49,45,38,48,44,44,43,48
1668,41,42,47,40,47,36,38,43,44,35,55,58,39,61,44,47,43,31,51,47,47,38,37,54,40,58,47,42,49,46,45,46,43,35,53,54,47,36,58,44,40,35,45,69,65,39,43,46,39,51,52,43,35,35,47,48,48,53,36,51,60,35,41,58,40,46,46,45,43,51,33,46,52,33,50,39,56,41,33,45,50,49,52,46,43,0,42,58,49,45,38,49,43,44,43,48
1669,41,42,47,40,47,36,38,43,44,35,55,58,39,61,44,47,42,31,51,47,47,38,37,54,40,58,46,42,49,46,45,46,43,35,53,54,46,36,57,46,40,35,44,69,65,39,43,46,39,51,52,43,35,35,47,48,49,54,36,51,60,35,41,57,40,46,46,45,43,51,33,46,52,33,50,39,56,41,33,45,50,49,52,46,43,0,42,56,49,45,38,49,43,44,43,48
1670,41,42,46,40,48,36,38,43,43,35,55,57,39,61,44,47,42,31,51,47,47,38,37,54,40,58,46,41,49,45,45,47,43,35,52,54,46,36,57,46,40,35,43,69,64,38,44,46,39,51,52,42,35,35,47,48,49,54,36,51,59,35,41,57,40,46,46,45,43,51,33,46,52,33,50,39,55,40,33,44,50,49,50,46,44,0,42,56,49,44,38,49,44,44,43,48
1671,41,42,46,40,47,36,39,43,43,35,55,56,39,60,44,47,43,30,50,46,47,38,37,54,40,58,46,41,49,43,44,47,43,35,52,53,46,36,58,47,40,35,43,69,64,38,44,46,39,51,52,42,35,35,47,48,50,53,36,51,59,35,41,58,41,46,46,45,43,51,33,46,52,33,49,39,55,40,33,44,50,49,50,46,44,0,42,56,49,44,38,49,44,43,43,47
1672,41,42,45,39,47,36,39,43,43,35,53,56,39,60,44,47,43,30,50,46,47,38,35,54,40,58,46,42,49,43,44,47,43,35,52,53,46,36,58,47,40,35,43,69,64,38,44,46,39,50,52,42,35,35,47,48,49,53,36,51,59,35,41,58,41,45,46,46,43,51,33,46,52,33,49,39,55,39,33,44,50,48,50,46,43,0,43,56,49,44,38,49,44,43,43,47
1673,41,42,45,39,47,36,39,43,43,36,53,56,39,60,44,46,43,29,50,46,47,38,34,54,40,58,47,42,49,43,44,47,43,35,52,52,46,36,58,47,40,36,43,69,64,38,43,46,39,50,52,42,35,35,47,48,49,53,36,51,59,35,41,58,41,45,46,46,43,51,33,46,52,33,49,39,53,39,33,44,50,48,51,46,43,0,44,56,49,44,38,49,44,42,43,47
1674,41,42,46,38,47,35,39,43,43,36,53,56,39,60,44,46,43,29,49,46,46,38,34,54,40,58,47,42,49,43,44,47,43,35,52,51,46,36,58,47,41,36,41,69,64,38,43,47,39,50,52,42,35,34,47,48,48,54,36,51,59,35,41,58,41,45,46,46,44,51,34,46,52,32,49,39,52,39,32,44,50,47,51,46,43,0,44,56,49,44,38,49,44,42,43,47
1675,41,42,46,38,47,34,39,42,43,36,53,56,39,60,45,46,43,29,49,46,46,38,34,54,40,58,47,42,49,43,43,46,43,35,52,51,46,37,58,47,41,36,41,69,65,38,43,47,39,50,51,42,35,34,46,48,48,54,36,51,59,35,40,58,41,45,47,46,44,51,34,45,52,32,49,39,52,38,32,44,50,47,51,46,43,0,44,56,49,44,38,49,45,42,43,47
1676,41,42,46,38,47,34,39,42,43,36,53,56,39,60,45,46,42,29,50,46,46,38,34,54,39,58,47,42,48,43,43,46,43,35,52,51,46,37,58,46,40,36,41,70,65,38,43,47,39,50,51,42,35,34,46,47,49,54,36,50,60,35,40,58,41,45,47,47,44,51,34,45,52,32,49,39,52,37,32,44,50,47,52,46,43,0,44,56,49,44,38,49,44,42,43,47
1677,41,43,46,38,47,34,39,42,43,35,53,56,39,60,46,46,42,29,50,46,46,38,34,54,39,58,47,42,48,43,43,45,43,36,52,51,46,38,58,46,40,36,41,70,64,38,43,47,39,49,51,42,35,34,46,47,49,54,35,49,60,35,40,58,41,45,47,47,44,51,35,43,52,31,49,39,52,37,32,44,49,47,52,46,43,0,44,55,49,44,39,49,44,42,43,46
1678,41,43,46,39,47,34,39,42,43,35,53,55,39,60,47,46,42,29,50,45,46,38,33,54,39,58,47,41,48,42,43,44,43,35,52,51,46,38,58,46,40,36,41,70,64,38,44,47,39,48,51,42,35,33,46,47,49,55,35,49,60,35,40,58,41,45,47,47,44,51,35,43,52,31,49,38,52,37,32,44,49,47,52,46,43,0,44,55,50,44,39,49,44,42,42,46
1679,41,43,46,39,47,34,39,42,43,35,53,55,39,60,47,45,42,29,50,45,46,38,33,54,39,58,47,41,48,42,43,45,42,35,52,51,46,39,57,46,40,36,41,70,64,37,44,46,39,48,51,42,35,32,47,47,49,55,35,49,60,35,40,58,41,45,47,46,44,51,35,43,52,31,49,38,51,37,33,44,49,46,52,46,43,0,42,55,50,44,41,49,44,42,42,46
1680,41,43,46,39,47,34,39,42,42,35,53,55,39,59,47,45,42,29,50,45,46,38,33,54,39,58,47,41,48,42,43,45,42,35,52,50,46,39,57,46,40,36,41,70,64,36,44,46,39,48,51,43,35,32,47,47,49,55,35,49,60,35,40,58,41,45,47,47,43,51,35,44,52,31,49,38,51,37,33,45,49,46,52,45,43,0,42,55,50,44,41,49,44,42,42,46
1681,40,44,46,39,46,34,39,42,42,35,53,55,39,59,47,45,41,29,50,45,45,38,33,54,39,58,48,41,48,42,43,45,41,35,52,50,46,39,57,46,40,36,41,71,64,36,44,46,39,48,51,43,35,32,46,47,50,55,35,48,60,35,40,57,42,45,47,48,43,51,35,44,52,31,49,38,50,37,33,45,49,46,52,45,42,0,42,55,50,44,41,49,44,43,42,46
1682,40,44,46,39,46,34,39,43,42,35,53,55,38,59,47,43,41,29,50,45,45,38,33,54,39,58,47,41,48,42,43,44,41,35,52,50,46,39,57,46,39,36,41,71,64,36,44,46,38,48,51,42,35,32,46,47,50,54,35,48,60,35,40,57,42,44,47,48,43,50,35,44,51,31,49,38,49,37,31,45,49,46,52,45,42,0,42,55,50,44,41,49,44,43,42,46
1683,40,44,45,39,46,33,39,43,42,35,53,56,37,59,47,43,41,29,50,45,45,38,33,54,39,58,47,41,48,42,43,44,41,35,52,50,46,39,57,46,39,36,41,72,64,36,44,46,38,48,51,43,35,32,46,47,50,54,35,48,59,35,40,56,42,44,46,49,43,49,35,44,51,31,49,37,48,37,30,45,49,46,52,45,42,0,42,55,50,44,41,48,44,43,42,46
1684,40,44,45,39,46,33,39,43,42,35,53,55,37,59,47,43,40,29,50,45,45,38,32,54,39,58,47,41,48,42,42,44,41,35,52,50,45,39,57,46,39,36,41,72,64,36,44,46,38,48,51,43,35,32,46,47,51,54,35,48,59,35,40,56,41,44,46,49,43,49,35,44,51,31,49,37,48,37,30,45,49,46,52,45,42,0,42,54,50,42,41,48,43,43,42,46
1685,40,44,45,38,46,33,39,43,42,34,52,55,37,59,47,43,40,29,50,44,45,37,32,55,39,58,46,41,48,42,41,44,41,35,52,50,45,39,57,46,39,36,40,72,64,36,44,46,38,48,51,42,34,32,46,47,51,54,35,48,59,35,40,55,41,44,46,49,43,49,35,44,51,31,48,37,49,37,30,45,49,46,51,44,42,0,41,54,49,43,41,48,41,43,42,46
1686,40,44,45,38,46,33,39,43,42,34,52,55,37,59,47,43,40,29,50,43,44,37,32,55,39,58,46,41,47,42,41,44,41,35,52,50,45,39,57,46,39,36,40,73,64,36,44,46,38,48,51,42,34,32,46,46,51,53,35,48,59,34,40,55,41,44,46,49,43,49,35,43,51,31,48,36,48,37,30,45,49,46,52,44,42,0,41,54,49,42,41,47,41,43,41,46
1687,40,43,45,38,46,33,39,43,42,34,52,55,37,58,48,43,40,29,50,43,44,37,32,55,39,59,46,41,47,42,41,44,41,33,52,50,45,39,57,46,39,36,40,73,64,37,44,46,38,49,51,41,34,32,47,46,52,53,35,48,59,34,40,55,41,44,46,48,43,49,35,43,51,30,48,36,48,36,30,44,49,46,52,44,41,0,41,54,49,42,41,47,41,43,40,46
1688,40,44,46,37,46,33,39,44,42,34,51,55,36,58,48,44,40,29,50,43,44,37,32,55,39,58,46,41,47,42,40,43,41,32,52,50,45,39,57,46,38,36,40,73,64,37,44,46,38,49,51,41,34,32,47,46,52,52,35,48,59,34,40,55,40,44,46,48,43,49,35,43,51,30,48,36,48,35,30,44,48,46,52,43,41,0,41,54,49,42,41,47,41,43,40,45
1689,40,44,46,37,46,33,39,44,42,34,51,55,36,57,48,44,40,29,49,43,44,37,32,55,39,57,46,41,47,42,40,43,41,32,53,50,45,38,57,47,38,36,39,73,64,37,46,46,38,49,51,41,34,32,47,45,51,52,35,48,59,34,40,55,40,44,46,47,43,49,35,43,51,30,48,36,48,35,30,45,47,46,51,43,41,0,41,54,49,41,41,47,41,43,40,45
1690,40,44,46,37,47,33,39,44,42,34,49,55,36,57,47,44,40,29,49,43,44,37,32,55,39,57,46,41,47,42,40,43,41,31,53,50,45,38,58,47,38,36,39,73,64,37,46,46,38,49,51,41,33,31,48,45,51,52,35,48,58,34,41,55,40,43,46,47,43,49,35,43,51,30,48,36,48,35,30,45,47,46,51,43,41,0,41,53,49,42,42,47,41,43,40,45
1691,40,44,46,37,47,33,39,44,42,34,49,55,36,57,47,44,40,29,49,43,44,37,32,55,39,57,46,41,47,42,40,43,41,31,53,50,45,38,58,47,38,36,39,73,64,37,47,45,38,49,50,41,34,30,48,45,51,52,35,48,58,34,40,55,41,43,45,47,42,49,35,43,51,30,48,36,48,35,30,45,46,46,51,43,40,0,41,53,49,42,42,47,41,43,40,45
1692,40,44,46,37,47,33,39,44,42,33,50,55,35,57,47,44,40,29,49,43,44,35,31,55,39,57,47,41,47,41,40,43,41,31,53,50,45,38,58,47,38,36,39,73,64,37,47,45,38,49,50,40,33,30,48,45,51,52,35,48,58,34,40,55,41,43,45,47,42,49,35,43,51,30,48,36,48,35,30,45,47,45,51,43,40,0,41,53,49,41,42,47,41,43,40,45
1693,41,44,46,37,46,33,39,44,42,33,50,55,35,57,47,44,40,29,49,43,44,35,31,55,39,56,47,41,46,41,39,42,41,31,53,50,45,38,58,47,38,36,38,73,64,37,47,44,37,49,50,41,33,30,48,45,52,52,35,48,57,34,40,54,41,44,45,47,42,49,35,43,51,31,48,36,48,35,30,45,47,44,51,42,38,0,41,53,49,42,41,47,41,43,40,45
1694,41,44,46,37,46,33,38,44,42,33,50,55,35,58,47,44,38,28,49,43,44,35,31,55,39,56,48,41,46,41,39,42,41,31,52,50,45,38,58,48,37,36,38,75,64,37,47,43,37,49,50,41,33,30,48,45,51,52,35,48,57,35,40,54,40,44,45,47,42,49,35,42,51,31,48,36,48,35,29,44,47,44,51,42,37,0,41,53,49,42,41,47,42,43,40,44
1695,41,44,46,37,46,32,38,43,42,33,49,56,35,57,48,44,38,28,49,43,43,35,31,54,39,56,48,41,46,41,39,42,41,31,52,50,45,38,58,48,37,35,37,75,64,37,47,42,37,49,50,41,33,30,48,45,51,51,34,48,57,35,40,54,40,44,44,47,42,48,35,42,51,31,48,36,48,35,29,44,47,44,51,42,37,0,41,53,49,42,41,47,42,43,40,42
1696,41,44,46,37,46,32,38,43,40,32,49,56,35,56,48,44,38,28,50,43,43,35,30,54,39,56,48,41,46,41,39,42,41,30,51,50,45,38,58,48,37,35,36,74,65,37,46,42,37,49,50,41,33,31,48,45,51,51,34,48,57,35,40,54,39,44,44,47,41,48,35,42,50,31,47,36,47,35,29,44,47,44,51,42,37,0,41,53,48,42,40,47,41,43,40,42
1697,41,44,46,37,46,32,38,42,40,32,49,56,35,56,48,44,37,28,50,43,43,35,29,54,39,56,48,41,46,41,39,42,41,30,50,50,45,36,58,48,37,35,36,74,64,37,46,42,37,49,50,41,33,31,48,45,51,51,34,48,57,35,39,54,38,44,44,46,41,48,35,42,50,31,47,36,47,35,28,44,47,44,50,42,37,0,41,53,48,42,38,47,41,43,41,41
1698,40,44,46,37,46,31,37,42,41,32,48,56,35,56,48,44,37,28,50,43,43,34,29,53,39,56,48,41,46,41,39,42,41,30,50,49,45,36,58,48,37,35,36,74,64,37,46,42,37,49,49,41,33,31,48,45,51,52,34,48,57,35,39,53,38,44,44,46,41,48,34,42,50,31,47,36,46,35,28,44,47,44,50,41,37,0,40,51,48,42,38,48,41,43,41,41
1699,40,44,45,37,47,31,37,42,41,32,48,56,35,56,48,44,37,28,49,43,43,34,29,53,39,56,48,41,46,41,39,42,41,30,50,49,44,36,58,48,36,35,36,74,64,37,46,41,37,49,49,41,33,31,48,44,51,52,34,48,57,35,39,53,38,44,44,45,41,48,34,41,50,31,47,36,46,35,28,44,47,44,50,41,37,0,40,51,47,42,38,48,41,43,41,41
1700,40,44,45,37,47,31,37,43,41,32,48,56,35,56,48,44,37,28,48,42,43,34,29,53,39,56,48,41,46,41,39,42,41,29,49,49,44,36,58,48,36,35,36,74,64,37,46,41,37,49,48,41,33,31,47,44,51,52,34,48,57,35,39,53,38,44,43,45,41,48,34,41,50,31,46,36,46,35,28,44,47,43,50,41,37,0,40,51,47,42,38,48,41,43,41,41
1701,40,44,45,37,47,31,37,43,40,32,48,56,35,56,48,44,37,28,48,42,43,34,29,53,39,56,48,41,46,41,38,42,41,28,49,49,44,36,58,48,35,35,36,75,64,36,46,41,37,49,48,41,33,31,47,43,51,52,33,48,57,35,39,53,38,44,43,46,41,48,34,41,49,31,46,36,45,35,28,44,48,43,50,41,37,0,40,51,47,42,38,48,41,44,41,41
1702,40,44,45,36,47,30,37,43,40,32,48,56,35,56,48,43,37,28,48,41,43,34,29,53,39,57,48,41,46,41,39,42,41,28,49,48,45,36,58,48,35,35,37,75,63,36,46,41,36,49,48,41,33,31,47,43,50,52,33,48,57,35,39,53,37,45,43,46,40,48,34,41,49,31,46,36,45,35,28,44,47,43,50,41,37,0,40,51,48,42,38,48,41,44,41,41
1703,40,44,45,36,47,29,37,43,40,32,48,56,35,56,48,43,37,28,49,41,43,34,29,52,39,57,49,40,46,41,39,42,41,28,49,48,45,36,58,48,35,35,37,75,63,36,46,41,36,49,48,41,33,31,47,43,49,52,33,48,57,35,39,52,37,44,43,46,39,48,34,41,49,31,45,36,47,35,28,44,47,43,50,41,37,0,39,51,48,42,37,48,41,44,41,41
1704,39,44,45,37,47,28,37,43,40,32,48,55,35,56,48,43,37,28,48,41,43,34,29,52,39,57,50,40,46,41,39,42,41,28,49,47,45,36,56,48,35,35,37,76,63,36,46,41,36,49,47,41,33,31,46,43,49,51,33,48,56,35,39,52,37,44,43,47,39,48,33,41,49,31,44,36,47,34,29,44,47,43,50,41,37,0,39,51,49,42,37,48,41,44,41,41
1705,39,44,45,37,47,28,37,43,40,32,48,55,35,56,48,44,37,28,48,41,43,34,29,52,39,57,50,40,45,41,38,42,41,28,49,47,45,37,56,48,35,35,38,77,63,36,46,41,36,49,47,41,33,31,46,44,50,51,33,47,56,34,40,52,37,43,43,47,39,48,33,41,47,31,44,36,46,34,29,44,47,43,50,41,37,0,39,51,50,42,37,48,41,43,40,41
1706,39,43,44,37,47,28,37,43,40,32,48,55,36,56,48,44,37,28,48,41,43,34,29,52,39,57,50,40,44,41,38,42,41,28,49,47,44,37,56,48,35,35,38,77,63,36,46,40,36,49,47,41,33,31,47,44,50,51,33,47,56,34,40,52,37,43,44,47,39,48,33,41,47,31,43,36,46,34,29,44,47,42,50,41,37,0,39,50,50,42,37,48,41,43,40,41
1707,39,43,44,36,47,28,37,44,40,32,48,54,36,56,47,44,37,28,48,42,43,34,29,52,39,56,50,40,44,41,38,42,40,28,49,47,44,37,56,48,35,35,38,77,63,36,46,40,36,49,47,41,33,31,46,44,50,51,34,47,56,34,40,51,36,43,44,47,39,48,33,41,47,31,43,35,46,33,29,44,47,42,50,41,37,0,39,50,50,42,38,48,41,44,40,41
1708,39,43,45,36,48,28,37,44,40,32,48,54,36,56,47,44,37,28,48,42,43,34,29,52,39,56,51,40,44,41,38,42,38,28,49,47,44,37,56,48,35,34,38,76,63,36,46,41,36,49,47,41,33,31,46,44,50,51,34,47,56,33,40,51,35,43,44,47,39,48,33,41,47,30,43,35,46,33,29,44,47,42,50,41,36,0,39,50,50,42,38,48,41,43,40,40
1709,39,43,44,35,48,27,36,44,40,32,48,55,35,56,47,44,36,28,48,42,43,34,29,52,39,57,51,40,44,41,38,42,38,28,48,47,44,38,57,48,35,34,38,76,63,36,46,41,36,49,47,41,33,31,46,44,50,51,33,47,56,33,40,51,35,43,43,47,39,48,33,41,47,30,42,35,46,33,29,44,47,41,50,41,35,0,40,50,50,42,38,48,41,43,40,40
1710,39,43,44,35,48,27,36,44,40,32,48,55,34,56,47,44,36,28,48,42,43,34,29,51,39,57,50,39,45,42,38,42,39,28,48,47,44,38,57,48,35,34,38,76,63,36,46,41,36,49,47,41,33,31,46,44,50,51,33,47,55,33,38,51,35,44,43,47,39,48,32,40,47,30,42,36,45,32,29,44,47,41,50,41,35,0,40,50,48,42,38,48,41,43,40,39
1711,39,43,44,34,48,26,35,44,40,32,48,55,34,56,48,43,36,28,48,42,43,34,29,51,38,57,50,39,44,42,38,42,39,28,48,47,44,38,57,48,35,34,38,76,62,36,46,41,36,49,47,41,33,31,46,44,49,51,33,47,55,33,38,51,35,44,43,47,39,48,32,40,47,30,42,36,45,32,29,44,46,41,50,42,35,0,40,50,48,42,38,48,41,42,40,39
1712,39,43,44,34,47,26,34,44,39,32,48,55,34,56,48,43,36,28,48,42,43,35,29,51,38,57,50,39,44,42,38,42,38,28,48,47,44,38,57,48,34,34,38,76,62,36,46,41,36,49,47,41,33,31,46,44,49,51,33,47,55,33,38,50,35,44,43,48,39,48,32,40,47,30,42,36,45,32,29,44,46,41,50,41,36,0,40,50,48,42,38,48,41,42,40,39
1713,39,43,44,35,47,26,34,44,39,32,47,54,34,56,48,42,37,28,47,42,43,35,30,51,38,57,50,39,43,42,39,42,38,28,48,47,44,38,57,49,34,33,38,75,62,36,46,41,36,49,45,41,33,31,46,44,49,51,33,47,55,33,38,50,35,44,43,48,39,48,32,40,48,30,42,36,45,32,30,44,46,41,50,41,36,0,40,50,49,41,38,48,41,42,40,38
1714,39,42,44,36,47,26,34,44,38,32,47,52,35,56,48,42,37,28,47,42,43,35,30,51,38,57,50,39,43,39,39,42,38,27,48,47,43,38,57,49,34,33,38,75,62,36,46,41,35,49,45,42,33,31,46,44,49,51,33,47,54,33,38,50,34,44,43,48,39,48,32,40,48,30,41,36,45,32,30,44,46,41,50,41,36,0,40,50,48,41,38,47,41,42,40,38
1715,39,42,44,36,46,26,34,43,38,32,47,52,35,55,47,41,37,28,47,42,43,35,30,50,38,57,50,39,43,39,39,42,38,27,47,47,43,38,57,49,34,33,38,75,62,36,46,41,34,49,45,42,33,31,46,44,49,51,33,47,54,33,38,50,34,44,43,48,39,48,32,40,48,31,41,36,45,32,31,44,46,41,50,40,36,0,40,50,48,41,38,47,41,42,40,38
1716,39,42,44,36,46,25,33,43,38,32,46,52,35,55,47,41,37,28,47,42,43,35,30,50,38,57,50,39,43,39,39,41,38,27,47,47,43,38,57,50,35,33,38,75,62,36,46,40,34,49,45,42,33,31,46,44,48,51,33,47,54,33,38,50,34,44,43,48,39,48,32,39,48,31,41,36,45,32,31,44,46,41,50,40,36,0,40,50,48,41,38,47,41,42,40,38
1717,39,42,44,36,46,25,33,43,38,32,46,53,35,55,47,41,37,28,47,42,43,35,30,51,38,57,51,39,43,39,39,41,38,27,47,47,43,37,57,50,35,32,38,74,60,36,46,39,33,49,45,42,33,31,45,44,48,52,33,47,53,33,38,49,34,44,43,48,39,48,32,39,48,31,41,36,44,32,31,44,46,41,51,40,36,0,40,50,49,40,38,47,41,42,41,38
1718,39,42,44,36,47,25,33,43,38,32,46,53,35,55,47,41,37,28,47,42,42,35,30,51,38,57,51,39,41,39,38,41,38,27,48,47,43,37,57,50,35,32,38,74,60,36,47,39,33,49,45,42,33,31,45,44,48,52,33,47,53,33,38,49,33,44,43,48,39,48,30,39,48,31,41,35,44,31,31,43,46,41,51,40,36,0,40,49,49,40,38,47,41,42,41,38
1719,38,42,44,36,47,25,33,43,38,32,46,53,35,54,47,41,37,28,47,42,42,35,30,51,38,57,51,39,41,39,38,41,38,27,48,47,43,36,57,50,35,32,38,74,60,36,46,37,33,49,45,42,33,31,45,44,48,52,33,47,53,33,39,49,33,44,43,48,39,48,30,39,48,31,40,35,44,31,30,43,46,41,50,40,36,0,40,49,49,40,38,47,41,41,41,38
1720,38,42,44,35,47,25,33,43,38,32,45,53,36,54,47,40,37,28,47,42,41,34,29,51,38,57,51,39,41,39,37,41,38,25,48,47,43,36,57,49,35,32,38,74,60,36,46,37,33,49,45,42,33,31,45,43,47,53,32,47,53,33,40,49,33,43,43,48,39,48,29,39,47,31,40,35,44,31,30,43,46,41,48,40,36,0,40,48,48,40,38,47,41,41,41,38
1721,38,41,44,35,47,25,33,43,38,32,45,53,35,54,47,40,37,28,47,42,41,34,29,51,38,57,51,39,41,39,36,41,38,25,48,47,43,36,57,49,35,32,38,74,60,36,46,37,32,49,45,43,33,31,45,42,47,53,32,46,54,33,40,49,33,43,43,48,39,48,29,39,47,31,40,35,45,31,30,43,46,41,48,40,36,0,40,48,48,40,38,47,40,41,41,37
1722,38,41,44,35,47,25,33,43,38,32,45,53,35,54,47,40,37,28,47,42,41,34,29,50,38,57,51,39,40,39,36,41,38,25,48,46,43,36,56,49,35,32,38,74,60,36,46,37,32,49,45,43,33,31,45,42,47,52,32,46,54,32,40,49,33,43,42,48,39,48,29,38,47,31,40,35,45,30,30,43,46,41,48,40,36,0,40,48,48,40,38,47,40,41,41,37
1723,38,41,44,35,47,25,33,43,38,32,45,53,35,54,47,40,37,28,46,43,41,34,29,50,38,57,51,39,40,39,36,41,38,25,48,46,43,36,56,48,35,32,38,74,60,36,46,37,32,49,44,43,33,31,46,42,47,50,32,46,54,32,40,49,33,43,42,48,38,48,29,38,47,31,40,35,45,30,30,43,45,41,48,40,36,0,40,48,48,40,37,47,40,41,41,37
1724,38,41,44,35,47,25,33,43,38,32,45,52,35,53,48,40,36,28,45,42,41,34,28,50,38,57,51,39,40,39,36,41,38,25,47,46,43,35,55,47,35,32,38,74,61,36,45,37,32,49,44,43,33,31,45,42,47,50,32,46,54,32,40,49,33,43,42,49,38,48,29,38,47,31,40,35,44,30,30,43,45,41,48,40,36,0,40,48,48,40,37,47,39,41,41,37
1725,38,41,44,35,47,25,33,43,38,32,45,52,35,53,48,40,36,28,45,42,41,34,28,50,38,57,51,39,40,39,36,40,38,25,47,46,42,35,55,46,35,32,38,74,61,36,45,37,31,49,44,43,33,30,45,42,47,50,32,46,54,32,40,49,33,42,42,49,38,48,29,38,46,31,39,35,44,30,30,43,45,40,48,40,36,0,40,48,48,40,37,47,39,41,41,37
1726,38,41,44,35,47,25,33,42,38,32,44,52,35,53,48,39,36,28,45,42,41,34,27,50,38,57,51,38,40,39,36,39,38,25,47,46,42,35,55,46,35,32,38,73,61,36,46,37,31,49,44,43,32,30,45,42,47,50,32,46,53,32,40,49,32,42,42,48,38,47,29,38,46,31,39,35,44,30,30,43,45,40,48,41,36,0,38,48,48,40,37,47,39,42,41,37
1727,38,41,45,35,47,25,33,43,37,32,44,51,35,53,48,39,36,28,45,42,42,34,27,50,38,57,51,38,40,38,36,39,37,25,47,46,42,35,55,46,35,32,38,73,62,36,47,37,31,49,44,43,32,30,45,42,47,50,32,46,52,32,40,49,32,42,42,48,37,47,29,38,46,31,39,34,44,30,30,43,45,40,47,41,36,0,38,47,48,41,37,47,39,42,41,37
1728,38,41,45,35,48,25,32,43,37,32,43,50,35,53,48,39,35,28,45,42,42,33,27,50,38,57,52,38,40,38,36,39,37,25,47,46,42,35,55,46,35,32,38,73,62,36,47,37,31,49,44,43,32,30,45,42,47,50,32,46,52,32,40,49,31,42,42,48,37,46,29,38,45,31,39,34,44,30,30,43,45,40,46,41,36,0,37,46,48,41,37,46,39,42,41,37
1729,38,40,45,35,48,25,32,44,37,32,42,50,35,53,48,39,35,27,45,42,42,33,27,49,38,57,52,38,40,38,36,39,37,25,47,46,42,35,55,46,35,32,38,73,62,36,46,37,30,49,44,43,32,30,45,42,47,50,32,46,52,32,40,49,31,42,42,48,37,46,29,38,45,31,39,34,44,30,30,43,44,40,46,41,37,0,37,45,47,41,37,45,38,42,41,37
1730,38,40,45,35,48,25,32,44,37,32,42,50,35,52,47,39,35,27,45,42,42,33,27,49,38,56,51,38,40,38,36,39,36,25,46,46,42,35,55,46,35,32,38,74,62,36,46,36,30,49,44,43,32,30,45,42,47,50,31,46,52,32,40,49,31,42,42,48,36,46,29,38,45,31,39,34,44,30,30,43,44,40,46,41,37,0,37,46,47,41,37,45,38,42,41,37
1731,38,39,45,35,48,25,31,44,37,32,42,50,35,51,47,39,35,28,45,42,42,33,27,49,38,56,52,38,40,38,36,39,36,25,46,46,42,34,54,45,35,32,38,74,61,36,46,36,30,50,44,44,32,30,45,42,47,50,31,46,52,32,40,49,31,42,42,47,36,45,29,38,45,31,38,33,44,30,30,43,44,40,46,40,37,0,37,47,47,40,37,45,37,42,41,37
1732,38,39,45,35,48,25,31,44,36,32,42,50,36,51,47,39,36,28,45,42,42,33,27,49,38,56,52,38,40,38,36,39,36,25,46,45,42,34,54,45,35,32,38,74,61,36,47,36,30,50,44,43,32,30,45,42,47,50,30,47,52,32,40,49,32,42,42,47,36,45,29,37,45,31,38,33,44,30,30,43,44,40,46,40,37,0,37,47,47,40,37,45,37,42,41,37
1733,38,39,45,35,48,25,31,44,36,32,42,50,36,51,47,39,36,28,45,42,42,33,27,49,38,56,52,38,40,37,36,39,36,25,46,45,42,34,54,45,35,32,38,74,61,36,46,36,30,49,44,41,31,29,45,42,47,50,30,45,52,32,40,49,32,42,42,46,36,45,28,37,45,31,38,34,44,30,30,42,44,40,46,40,37,0,37,47,47,40,37,45,36,42,41,37
1734,38,39,45,34,48,25,31,42,36,32,42,51,36,51,46,38,36,28,45,42,42,33,27,49,38,57,52,37,40,37,37,39,36,25,45,45,42,34,54,44,35,32,38,74,61,36,46,36,30,49,44,41,31,29,45,40,47,50,29,45,51,32,40,49,32,42,42,46,36,45,28,37,45,31,38,34,44,30,30,42,44,40,46,40,37,0,37,47,47,40,36,45,36,41,41,37
1735,38,39,45,34,48,25,31,42,36,32,42,51,36,51,44,38,36,28,44,40,42,33,27,49,38,57,52,37,40,37,37,39,36,25,45,44,42,34,54,44,35,32,38,72,61,36,47,36,30,49,44,41,31,29,45,40,47,50,29,45,51,32,40,49,31,41,42,46,36,45,28,37,45,31,38,34,43,29,30,42,44,40,45,40,36,0,37,47,47,39,36,45,36,41,41,37
1736,38,39,45,34,48,25,31,42,36,32,42,51,36,51,44,38,36,28,44,40,42,33,27,49,38,57,53,37,40,37,37,39,36,25,46,44,42,34,53,43,36,32,38,72,61,36,47,36,30,49,44,41,31,29,45,40,47,50,29,45,51,30,39,49,31,41,42,46,35,45,28,37,45,31,38,34,43,29,30,41,44,40,45,40,36,0,37,47,47,39,35,45,36,41,41,36
1737,38,39,45,34,48,25,31,42,36,31,41,51,36,51,44,38,36,28,44,40,42,33,27,48,38,57,53,36,41,37,37,39,36,25,46,45,42,35,52,43,35,32,38,72,62,35,46,36,30,48,44,41,30,29,45,40,46,51,29,45,50,30,39,48,31,41,42,46,35,45,28,37,45,31,38,34,43,29,30,41,44,40,45,40,36,0,37,47,46,39,35,45,36,41,40,36
1738,38,39,45,34,48,25,31,42,36,30,41,51,36,51,44,38,36,28,44,40,42,33,27,48,38,58,53,36,41,37,37,39,36,25,46,46,42,35,51,43,34,32,38,72,62,35,46,36,30,48,44,41,30,28,45,40,45,51,29,45,50,30,39,48,31,41,42,46,35,45,28,37,45,31,38,34,43,29,30,41,44,39,45,40,36,0,37,47,46,39,35,45,36,41,40,36
1739,37,39,45,34,48,25,31,42,36,30,41,50,36,51,44,37,36,28,44,40,41,33,27,48,38,58,53,35,42,36,37,39,36,25,46,46,42,35,51,43,34,32,38,72,62,35,46,36,30,48,44,41,30,28,45,40,46,51,30,45,49,30,39,48,31,41,41,46,35,45,28,37,44,31,38,34,43,29,30,41,43,37,45,40,36,0,37,47,46,39,35,45,36,42,40,36
1740,37,39,45,34,48,25,31,43,36,29,41,50,36,51,44,37,35,28,44,40,42,33,27,47,38,59,53,35,42,36,37,39,36,25,46,46,41,35,50,43,34,32,38,72,62,35,46,36,30,48,44,41,30,28,45,40,46,51,29,45,49,30,39,48,31,39,41,46,35,45,28,37,44,31,39,34,43,29,30,41,42,36,45,40,36,0,37,47,46,39,35,44,36,42,40,36
1741,37,39,44,33,48,25,31,42,36,29,41,50,36,51,44,37,35,28,43,40,41,33,27,47,38,59,53,35,40,36,37,38,36,25,46,46,41,35,50,43,34,32,38,72,62,35,46,36,30,48,43,41,30,28,45,40,46,51,29,45,49,29,40,48,31,39,40,46,35,45,28,37,44,31,39,34,43,29,30,41,42,36,45,39,36,0,36,47,46,39,35,43,36,41,40,35
1742,37,39,44,33,48,25,31,42,36,29,41,50,36,51,44,37,35,28,43,40,41,33,27,47,38,59,54,36,39,35,37,38,36,25,46,46,41,35,50,43,34,32,38,72,62,35,46,36,30,47,43,40,30,28,45,40,46,51,29,45,49,29,40,48,31,39,40,47,35,45,28,37,43,31,39,34,43,29,30,40,42,36,45,40,36,0,36,47,47,39,35,42,36,41,40,35
1743,37,39,44,33,48,25,31,42,35,29,41,50,36,51,44,37,35,28,43,40,40,33,27,47,38,59,54,36,39,34,36,38,36,25,45,46,41,35,50,43,34,32,38,72,62,35,46,36,30,47,43,40,30,27,45,40,46,51,29,45,49,29,40,48,30,39,40,47,35,45,28,37,43,30,39,33,43,29,30,39,42,36,44,40,36,0,36,47,47,39,35,42,36,41,40,35
1744,37,39,44,33,48,25,31,41,34,29,41,50,36,51,44,37,35,28,43,39,40,33,27,47,38,59,54,36,38,34,36,38,36,25,45,46,41,35,50,43,34,31,38,72,62,35,46,36,29,47,43,40,30,27,45,40,46,51,29,44,49,29,40,48,30,39,40,47,34,45,27,37,42,31,39,33,43,29,30,39,42,35,44,40,36,0,36,48,47,39,35,42,36,41,40,35
1745,37,39,44,33,48,25,31,41,34,29,41,50,36,51,44,37,35,28,43,39,40,33,27,47,38,59,55,36,38,34,36,38,35,25,45,46,41,35,51,43,34,31,38,72,62,35,46,36,29,47,43,41,29,27,45,40,46,51,28,44,49,29,39,48,30,38,40,49,34,45,27,37,42,31,39,33,43,29,29,39,40,34,44,40,36,0,35,48,47,39,34,42,36,41,40,35
1746,37,39,44,33,48,25,31,41,34,29,41,50,36,51,44,37,35,28,43,38,40,33,27,47,38,59,55,36,38,34,36,38,35,25,45,46,41,35,51,43,34,31,38,72,61,35,46,36,29,47,42,40,29,27,45,40,46,51,28,43,49,29,39,48,30,37,40,49,34,45,27,37,42,31,38,33,43,29,29,38,40,34,44,40,35,0,35,48,47,39,35,42,36,41,40,35
1747,37,39,43,33,49,25,31,41,34,29,41,50,36,51,44,37,34,28,43,38,40,33,27,47,37,59,56,36,38,34,36,38,35,25,44,46,41,35,51,43,34,31,38,72,61,35,45,36,29,47,42,39,28,27,45,40,46,50,27,43,49,29,39,48,30,37,40,49,34,44,27,37,42,31,38,33,43,29,29,38,40,34,44,40,35,0,35,48,47,39,34,42,36,41,40,35
1748,37,39,43,33,49,25,31,41,34,29,41,50,36,50,44,37,34,28,43,38,40,33,27,46,37,59,56,36,37,34,36,38,34,25,44,46,41,35,51,43,34,31,38,72,61,36,43,36,29,47,42,39,28,26,45,40,47,49,27,43,49,29,39,48,30,37,40,49,34,44,27,37,42,31,38,33,43,29,29,38,40,34,44,40,35,0,35,48,47,39,34,42,36,40,40,35
1749,37,39,43,33,49,25,30,41,34,29,41,50,36,50,43,37,33,27,43,38,40,33,27,46,37,59,56,36,37,34,36,38,34,25,44,47,41,35,51,42,34,31,38,72,61,36,43,36,29,47,42,39,28,26,45,39,47,49,27,43,49,29,39,48,30,37,40,49,34,44,27,37,42,31,38,33,43,29,28,38,40,35,43,40,35,0,35,48,47,39,34,43,36,40,40,36
1750,37,39,43,33,49,25,30,41,35,29,41,50,36,50,43,37,33,27,42,38,40,33,27,46,36,59,56,36,37,34,36,38,34,25,44,47,41,35,51,41,34,31,38,72,61,36,43,36,29,47,41,39,28,26,45,39,47,49,27,43,49,29,39,48,30,37,40,49,34,44,27,37,42,30,38,33,43,29,28,37,40,35,43,40,35,0,35,48,47,39,34,43,36,40,40,36
1751,37,39,43,32,49,25,30,41,35,29,41,50,36,50,43,37,33,27,42,38,40,32,27,46,35,59,56,36,37,34,36,38,34,25,44,47,41,34,50,41,34,31,38,72,60,36,43,35,29,47,41,38,28,26,45,39,47,49,27,43,49,29,39,48,29,37,40,49,34,43,27,37,42,30,38,33,43,29,28,37,40,35,43,40,35,0,35,48,47,39,34,43,36,39,40,36
1752,37,39,42,31,49,25,30,41,35,29,41,50,36,50,43,37,33,27,42,38,40,32,27,46,34,59,56,36,37,34,36,38,34,25,44,47,38,33,50,42,34,31,38,72,60,35,43,34,29,47,41,38,28,25,45,39,47,50,27,42,49,29,39,48,29,37,40,48,34,43,27,37,41,29,38,33,43,29,29,37,40,35,43,40,35,0,35,48,47,39,34,43,36,39,40,36
1753,37,39,42,31,49,25,30,41,35,29,41,50,36,51,43,37,33,26,42,38,40,32,27,46,33,59,56,36,37,34,36,37,34,25,44,47,38,33,49,42,34,31,38,72,60,35,43,34,29,47,41,38,28,25,45,39,47,50,27,42,49,29,39,48,29,37,40,48,34,42,27,37,41,29,37,33,42,29,29,37,40,35,43,40,35,0,35,48,47,39,34,43,36,39,40,35
1754,37,39,42,31,49,25,30,41,35,29,41,49,36,51,43,35,33,26,42,38,39,32,27,46,33,59,57,36,37,34,36,37,34,25,44,47,38,33,49,42,34,31,38,71,60,35,43,34,29,47,41,38,28,25,45,40,47,50,27,42,49,29,39,49,28,37,40,49,34,42,27,37,41,29,37,34,42,29,29,37,40,35,43,40,35,0,35,48,46,39,34,43,36,39,39,35
1755,36,39,42,31,49,25,30,41,34,29,41,49,36,51,44,35,33,26,42,38,39,32,27,46,33,59,57,36,37,34,36,38,34,25,44,47,37,33,49,41,34,31,38,71,60,35,42,34,29,48,41,38,28,25,45,40,47,51,27,42,49,29,39,49,28,37,40,49,34,43,27,37,41,28,37,34,42,29,29,37,40,35,43,38,35,0,35,48,46,39,34,43,36,39,39,35
1756,36,39,42,31,49,25,29,41,34,28,41,49,36,51,44,35,33,26,42,38,39,32,27,46,33,59,57,36,37,34,36,38,34,25,44,47,37,33,49,41,34,31,38,71,60,35,43,34,29,48,41,38,28,25,45,40,47,51,27,42,49,29,39,49,28,38,40,49,34,44,27,37,41,28,37,33,42,29,29,37,40,35,43,38,35,0,36,48,46,39,33,43,36,39,39,35
1757,36,39,42,31,50,25,29,41,33,28,41,49,36,51,43,35,33,26,42,38,39,32,27,46,33,59,57,36,37,34,36,37,34,25,44,47,37,33,49,41,34,31,38,71,60,35,43,34,29,48,41,38,28,25,45,40,46,51,27,42,49,29,40,49,28,38,40,48,35,44,27,37,41,28,37,33,42,29,29,37,39,35,43,38,35,0,36,48,47,39,33,43,36,39,39,35
1758,36,39,42,31,50,25,29,42,33,28,41,49,36,51,43,35,33,26,42,37,39,32,26,46,33,59,57,36,37,34,36,38,34,25,44,48,37,33,49,41,34,31,38,70,60,35,43,34,29,48,41,38,28,25,45,40,46,51,27,42,49,29,40,49,28,38,40,48,35,44,27,37,42,28,37,33,42,29,29,37,39,35,43,38,35,0,36,48,47,39,33,43,36,39,39,36
1759,36,39,42,31,50,25,29,42,33,28,41,49,36,51,42,35,31,26,41,37,39,32,26,47,33,57,55,36,37,34,36,38,34,24,44,48,37,33,47,41,34,31,38,70,59,34,43,34,29,48,41,38,28,25,45,40,46,51,27,42,49,29,41,49,28,38,40,48,35,44,26,36,42,28,37,33,42,29,29,37,39,35,43,38,35,0,36,48,47,39,33,43,36,39,39,36
1760,36,39,43,31,50,25,29,42,33,28,41,50,36,51,42,35,31,26,41,37,40,32,26,47,33,57,56,36,37,34,36,38,34,24,44,48,37,33,46,41,34,31,38,70,59,34,43,34,30,48,41,38,28,25,45,40,47,51,27,42,49,29,41,49,26,38,40,48,35,44,25,36,42,28,37,33,42,29,29,37,39,35,43,38,35,0,36,48,47,39,33,43,36,39,39,36
1761,36,39,43,31,50,25,29,41,33,28,41,50,36,51,42,35,31,26,41,37,40,32,25,46,33,57,55,36,37,34,34,38,34,24,44,48,37,33,46,41,34,31,38,69,59,34,43,34,30,48,40,37,28,25,45,40,47,51,27,42,49,29,41,49,26,37,40,48,35,44,25,36,42,28,37,33,42,29,29,37,39,35,43,38,35,0,35,48,47,39,33,43,35,40,39,35
1762,35,39,43,31,51,25,29,41,33,28,41,50,36,51,42,35,31,26,41,37,40,32,26,46,33,57,55,35,36,34,34,38,34,24,44,48,37,34,46,41,34,31,38,69,59,34,43,33,30,48,39,37,28,25,45,40,47,51,27,42,49,29,40,49,27,37,40,48,35,44,25,36,42,28,37,33,42,29,29,37,39,35,42,38,35,0,35,49,48,39,33,43,35,40,39,35
1763,35,39,42,31,51,25,29,41,32,28,41,50,36,51,42,34,31,26,41,37,40,32,26,46,33,57,55,35,36,34,34,38,33,24,44,48,37,34,46,41,34,31,38,69,59,34,43,32,30,48,39,37,28,25,45,40,47,52,26,42,49,29,40,49,27,37,40,48,35,44,25,36,41,28,37,33,42,29,29,37,39,35,42,38,34,0,35,49,47,39,33,43,35,40,39,35
1764,35,39,42,31,51,25,29,41,32,28,41,50,36,51,42,34,31,26,42,37,40,32,26,47,33,57,54,35,36,34,34,38,33,24,44,48,37,34,46,41,34,31,38,69,58,34,43,32,30,48,39,37,28,25,45,40,47,52,26,42,49,28,40,49,27,37,39,48,34,44,25,36,41,28,37,33,42,28,29,37,38,35,42,37,34,0,35,49,46,39,33,43,35,40,39,35
1765,33,39,42,30,51,25,29,41,32,28,41,50,36,51,42,34,31,26,42,37,40,32,26,47,32,57,54,35,36,34,34,38,33,24,44,48,37,34,46,41,34,31,38,69,58,34,43,32,30,48,39,37,28,25,45,39,46,53,26,42,48,28,41,49,27,37,39,48,33,44,25,36,41,28,37,32,42,28,29,37,38,34,41,37,34,0,35,49,46,39,33,43,35,40,39,34
1766,32,39,42,30,51,24,29,41,32,28,41,49,36,50,42,34,30,26,43,37,40,30,26,48,32,57,54,35,36,34,34,38,33,24,44,48,37,34,46,41,34,31,38,69,58,34,43,32,30,48,37,37,28,25,45,39,46,53,26,42,48,28,40,48,27,37,39,48,33,44,25,36,41,28,37,32,42,28,28,37,38,35,40,37,34,0,35,49,45,39,33,43,35,40,39,34
1767,32,39,42,30,50,24,29,41,32,28,41,49,36,50,42,34,30,26,43,37,41,29,26,48,32,56,54,35,36,34,34,38,33,24,44,47,37,33,46,41,34,31,38,70,57,34,43,32,30,48,37,36,28,25,45,39,46,53,26,42,48,28,40,48,27,37,39,48,33,43,25,36,41,28,37,33,42,28,28,37,38,35,40,37,34,0,34,49,45,39,33,44,35,41,39,34
1768,32,39,42,30,49,24,29,41,32,28,41,49,36,50,42,34,30,26,43,38,41,29,26,48,32,56,53,35,36,34,34,39,33,24,43,46,37,33,46,41,34,31,38,70,57,34,43,32,30,48,37,36,28,24,45,39,45,53,24,42,48,28,39,48,27,37,40,48,32,43,25,36,41,28,37,33,41,28,28,37,38,35,40,37,33,0,34,49,44,39,33,44,35,40,39,34
1769,32,39,42,30,49,24,29,41,32,28,41,49,36,50,42,34,30,26,43,38,41,29,26,48,32,55,53,35,36,34,34,39,33,24,43,46,37,33,46,41,34,31,38,70,56,34,44,32,29,48,37,36,28,24,44,39,45,53,24,41,48,27,39,48,27,37,40,48,32,43,25,36,41,28,37,33,41,28,28,37,38,35,40,36,33,0,34,49,44,39,33,44,35,40,39,34
1770,32,39,42,30,49,24,29,41,32,28,41,48,36,50,42,34,30,26,43,38,41,29,26,48,32,55,53,35,36,34,34,39,33,23,43,46,37,33,46,41,34,31,38,70,56,34,44,32,29,48,37,36,28,24,43,38,44,53,23,41,48,27,39,48,27,37,41,48,32,43,25,35,41,28,37,33,41,28,28,37,38,35,39,35,33,0,34,49,44,39,33,44,35,40,39,34
1771,32,39,42,30,49,24,29,41,32,28,41,48,36,50,42,34,30,26,43,38,41,29,25,47,32,55,53,35,36,33,33,39,33,23,43,46,37,33,46,41,34,31,38,70,57,34,44,32,29,48,37,36,28,24,43,38,44,52,23,41,48,27,40,48,27,37,42,48,32,43,25,35,41,28,37,33,41,28,28,37,38,34,38,35,33,0,34,49,44,39,34,44,35,40,39,34
1772,32,39,42,30,49,23,29,41,32,28,41,48,36,50,42,33,30,26,43,38,41,29,25,47,32,55,53,36,36,33,33,39,33,23,43,46,37,33,46,41,34,31,37,70,57,34,44,31,29,48,37,35,28,23,43,37,44,52,23,41,48,27,39,48,27,38,42,47,32,43,25,35,41,28,37,32,41,28,28,37,38,33,38,35,33,0,33,49,45,39,34,44,35,40,39,34
1773,32,39,42,30,49,23,29,41,32,28,41,48,36,50,42,33,30,26,43,38,40,29,25,47,32,54,52,36,36,32,33,38,33,23,43,46,37,33,46,41,34,31,37,70,57,34,44,31,29,48,37,35,27,23,43,37,44,52,23,41,48,27,39,48,26,38,41,47,32,43,24,35,41,28,37,31,41,28,28,37,38,33,38,35,33,0,33,49,45,39,34,44,35,40,39,34
1774,32,39,42,30,49,23,29,41,32,28,41,48,36,50,41,33,30,26,42,38,40,29,25,46,32,54,52,36,36,32,33,37,33,23,43,46,36,33,46,41,34,31,37,70,57,34,44,31,29,48,37,35,27,23,43,37,44,52,23,40,48,27,38,48,26,38,41,47,32,43,24,34,41,28,37,31,41,28,28,37,38,33,38,35,32,0,33,49,45,39,34,44,35,40,39,34
1775,31,39,42,30,49,24,29,41,31,28,41,48,36,50,41,33,30,26,42,38,40,29,25,46,32,54,52,36,36,32,33,36,33,23,43,46,35,33,45,41,33,31,37,69,57,34,44,31,29,48,37,35,27,23,43,37,44,51,23,40,48,27,38,48,26,38,41,47,32,43,24,34,41,28,37,31,41,28,28,36,38,33,38,35,32,0,33,49,45,39,34,44,35,40,39,34
1776,31,39,42,30,50,24,28,41,31,28,40,48,36,50,41,33,30,26,42,38,40,29,25,46,31,54,51,35,36,32,33,35,33,23,43,46,35,33,45,42,33,31,36,69,57,34,44,31,29,48,37,35,27,22,43,37,44,51,23,40,48,27,38,48,25,38,41,47,32,43,24,34,41,28,36,31,41,28,28,36,38,33,38,34,32,0,33,49,45,38,34,43,35,40,39,34
1777,31,39,42,29,50,24,28,42,31,27,40,48,36,50,41,33,30,26,42,38,40,28,25,46,31,54,51,35,36,32,33,35,33,23,43,46,35,33,45,41,33,31,36,69,57,34,44,31,29,48,37,35,27,22,42,37,43,51,23,40,48,27,38,48,25,38,41,47,32,43,24,33,41,27,36,30,41,28,28,36,38,33,38,34,31,0,33,49,45,38,34,43,35,40,39,34
1778,31,38,42,29,50,24,28,42,31,26,40,48,36,50,41,33,30,26,42,38,41,28,25,46,31,54,51,35,36,32,33,35,33,23,43,47,35,33,45,40,33,31,35,69,57,33,44,31,29,48,37,34,27,22,42,37,43,50,23,39,47,27,38,48,25,38,41,47,32,43,24,33,41,27,36,30,41,28,28,35,38,33,38,33,31,0,33,49,45,38,34,43,35,40,38,34
1779,31,38,42,29,50,24,28,40,31,26,40,48,36,50,41,33,30,27,42,38,41,27,24,46,31,54,51,35,36,32,33,35,33,23,43,47,34,34,45,39,33,31,35,69,57,32,44,31,29,48,37,34,27,22,42,38,43,50,23,39,47,26,38,48,25,38,41,48,32,43,24,33,42,26,36,30,41,28,28,35,38,33,38,33,31,0,33,49,45,38,34,43,34,40,38,34
1780,31,38,42,29,50,24,28,40,31,26,41,48,36,50,41,33,29,27,42,38,41,27,24,46,30,54,51,35,36,32,33,35,33,23,43,47,34,34,45,39,33,31,35,69,57,31,44,31,29,47,37,34,27,22,42,39,43,50,23,38,47,26,38,48,24,38,41,48,32,44,24,33,42,26,36,30,41,28,28,35,38,33,38,33,31,0,33,49,45,38,34,43,34,40,38,34
1781,31,38,42,29,50,24,28,41,31,26,41,48,35,50,41,33,29,27,42,38,41,27,24,46,30,54,51,35,36,32,32,35,33,23,43,47,34,33,45,39,32,31,35,69,57,30,42,31,29,47,37,34,27,22,42,39,43,50,23,38,47,26,38,48,24,38,41,48,32,44,24,33,42,26,36,30,41,28,28,35,38,33,38,33,31,0,33,48,46,38,34,43,34,40,38,34
1782,31,37,42,29,50,24,28,40,31,26,41,48,35,50,41,33,29,27,42,38,41,27,24,46,30,54,51,35,36,32,32,34,33,23,42,48,34,33,45,39,32,31,35,69,57,29,42,31,29,47,37,34,27,22,42,39,43,50,23,38,47,26,38,48,24,37,41,48,31,45,24,33,42,26,36,30,39,28,28,34,38,33,38,32,31,0,33,48,46,38,34,43,34,40,37,34
1783,31,37,42,28,50,24,27,39,31,26,40,48,35,50,41,33,29,27,42,38,41,27,24,46,30,54,51,35,36,32,31,34,33,23,42,48,34,33,45,39,31,31,34,69,57,29,40,31,29,47,36,34,27,22,42,39,43,50,23,38,47,26,38,48,23,37,42,48,30,45,24,33,42,26,36,30,39,28,28,34,38,33,37,32,31,0,32,48,46,39,34,43,34,40,37,34
1784,31,37,42,28,50,24,27,39,30,26,40,48,35,50,41,33,29,27,42,38,41,27,24,47,30,54,51,35,36,32,31,33,33,23,42,48,33,33,44,39,31,31,34,69,57,29,40,31,29,47,35,33,27,22,42,39,44,50,23,38,47,26,38,47,23,37,42,48,30,45,24,32,42,26,36,30,39,28,27,34,38,32,37,32,31,0,32,47,46,39,34,43,33,40,37,34
1785,30,37,42,27,51,24,27,39,30,26,40,48,35,48,41,34,29,27,42,38,41,27,24,47,30,54,51,35,36,32,31,33,33,23,42,48,33,33,44,38,31,30,34,69,57,29,40,31,28,46,35,33,27,22,42,39,44,50,23,38,47,26,38,46,23,37,42,48,30,45,24,32,44,26,36,30,39,28,27,34,38,32,37,32,31,0,32,47,46,39,34,43,33,40,37,34
1786,30,37,42,27,51,23,27,39,30,26,40,48,34,48,41,34,29,27,41,38,41,27,24,47,30,54,51,35,35,32,31,33,33,23,42,47,33,33,44,38,31,30,34,69,56,29,40,31,28,46,35,32,27,22,42,38,44,50,23,38,48,26,38,46,23,37,41,48,30,45,24,32,44,26,36,30,39,28,27,34,38,32,37,32,31,0,32,47,46,39,34,43,33,39,37,34
1787,30,37,42,27,51,22,27,39,30,26,40,47,34,48,41,34,29,27,41,38,41,27,24,47,30,54,51,35,35,32,31,33,33,23,42,47,33,33,44,37,31,30,34,69,55,29,39,30,29,46,35,32,27,22,42,39,44,50,23,38,48,26,38,46,23,37,41,48,30,44,24,32,43,26,36,30,39,28,27,33,39,32,37,32,31,0,32,47,46,39,34,43,33,39,37,33
1788,29,37,41,27,51,22,27,38,30,26,40,47,34,48,41,34,29,27,40,38,40,27,24,47,30,54,51,35,35,32,31,33,33,23,42,48,33,33,44,37,31,30,34,68,53,29,39,30,29,46,35,32,27,22,42,39,44,51,23,38,48,26,38,46,23,37,41,48,30,44,24,31,43,26,36,30,39,28,27,32,39,32,37,32,31,0,32,47,47,39,35,43,33,39,37,33
1789,28,37,41,27,52,22,27,38,30,26,39,47,34,47,41,34,29,27,40,38,40,27,24,47,30,54,50,35,34,32,31,33,33,23,42,48,32,33,43,37,31,30,34,68,53,29,40,30,29,45,35,32,27,22,42,39,44,51,23,38,48,26,38,46,23,37,42,49,30,44,24,31,44,25,36,30,39,28,27,32,39,31,36,32,31,0,32,47,46,39,35,43,33,39,36,33
1790,28,37,40,27,51,22,27,37,29,26,39,47,35,47,41,35,29,28,39,38,40,27,24,47,30,54,50,35,34,32,31,33,33,23,42,49,32,32,43,36,31,30,34,68,52,29,39,30,28,45,35,32,27,21,42,39,44,51,23,37,48,26,38,46,23,37,42,49,30,44,24,31,43,25,36,30,39,28,27,31,39,31,36,32,31,0,31,47,46,39,35,43,33,39,36,33
1791,28,37,40,27,51,21,26,37,29,26,39,47,35,47,40,35,29,28,39,38,40,27,24,47,30,54,50,35,34,32,31,33,33,22,42,49,32,32,43,35,31,30,34,67,52,29,40,30,27,45,34,32,27,21,42,39,44,50,23,37,47,26,38,46,23,37,42,49,30,44,24,31,43,25,34,30,39,28,27,31,39,31,36,32,31,0,31,46,46,39,35,43,33,39,36,33
1792,27,36,40,27,51,21,26,38,29,26,39,47,35,47,40,35,29,28,39,38,40,27,24,47,29,54,49,35,34,32,30,33,33,22,42,49,32,32,43,34,31,30,34,67,52,29,40,29,27,45,34,32,27,21,41,39,44,50,23,37,47,26,38,46,23,37,42,49,30,44,24,32,43,25,33,30,39,28,27,31,39,31,36,32,31,0,31,46,46,39,35,44,33,39,36,33
1793,27,36,40,27,51,21,26,38,29,26,39,47,35,47,40,35,29,28,39,38,40,27,24,46,29,54,48,35,34,32,30,34,33,22,42,49,32,32,43,34,31,30,34,67,52,29,40,29,27,45,35,31,27,21,41,39,44,51,24,37,47,26,38,46,23,37,42,49,30,44,24,31,43,25,33,30,39,28,27,31,39,31,36,31,31,0,31,46,46,39,35,44,33,39,36,33
1794,27,36,40,27,50,21,26,38,29,26,39,47,36,47,40,35,29,28,39,38,40,26,24,46,29,53,48,35,34,32,30,34,33,20,42,50,32,32,43,34,31,29,34,67,52,29,40,29,27,45,35,31,27,21,42,39,44,51,24,37,47,26,38,46,23,37,42,49,30,44,24,31,43,25,33,30,38,28,27,31,39,31,36,31,30,0,31,46,46,39,35,44,33,38,36,32
1795,27,36,40,27,49,21,26,38,29,26,39,47,36,47,40,35,29,28,39,38,40,25,24,46,29,53,48,35,34,31,30,33,33,20,42,51,31,32,43,34,31,29,34,67,52,29,40,29,27,45,35,31,27,21,42,39,44,51,24,37,47,26,38,46,23,37,42,49,30,46,24,31,43,25,33,30,36,28,27,31,39,31,36,31,31,0,31,46,46,39,35,44,33,38,36,32
1796,27,36,40,26,51,21,26,38,29,26,39,47,36,47,38,35,29,28,39,38,40,26,24,47,29,54,48,35,34,31,29,33,33,20,42,51,31,32,43,34,31,29,34,67,52,29,40,29,27,45,34,31,27,21,42,39,44,51,24,37,47,25,38,46,23,37,42,49,30,46,24,31,43,25,33,30,36,28,26,31,39,31,36,31,31,0,31,46,46,39,35,44,33,38,36,32
1797,27,36,40,26,51,21,25,38,29,26,39,47,36,47,38,35,29,28,39,38,41,26,24,47,29,53,49,35,34,31,29,33,33,20,42,49,31,32,43,34,31,29,33,66,52,29,40,29,27,45,34,31,27,21,42,39,44,51,24,37,46,24,37,45,23,37,42,49,30,45,24,31,43,25,33,30,36,28,26,31,39,30,36,31,31,0,31,46,46,39,35,44,33,38,36,32
1798,27,36,40,26,51,21,25,38,29,25,38,47,34,47,37,35,29,28,39,38,41,26,23,47,29,53,49,35,34,31,29,33,33,20,42,48,31,32,43,34,31,29,33,66,52,29,40,29,27,45,34,31,27,21,42,38,44,51,24,36,46,24,37,45,23,37,42,49,30,45,24,31,43,25,33,30,36,28,26,31,38,30,36,31,31,0,31,45,46,39,35,43,33,38,36,32
1799,27,36,40,26,52,21,25,38,29,25,38,47,34,47,36,35,29,28,39,38,40,26,23,47,28,53,49,34,34,31,29,33,33,20,42,47,31,32,43,34,31,29,33,66,52,29,40,29,27,45,34,31,27,21,41,38,44,51,24,36,44,24,37,45,23,37,42,49,30,45,24,31,43,25,33,30,36,28,26,31,38,30,36,31,31,0,31,45,46,39,36,43,33,38,36,32
1800,27,36,40,26,52,21,25,38,29,24,38,47,33,47,36,35,29,28,39,38,40,26,22,47,28,53,48,34,34,30,28,32,33,20,42,47,31,31,43,34,31,29,33,66,52,29,40,28,27,45,34,30,27,21,40,38,44,51,24,36,44,24,37,44,23,37,42,49,30,45,24,31,43,25,33,30,36,28,26,30,38,29,36,31,31,0,31,45,46,39,36,43,33,38,36,32
1801,27,36,39,26,52,21,25,38,29,24,38,47,33,46,36,34,29,26,39,38,39,26,22,47,28,53,48,34,34,30,28,32,33,20,42,47,31,31,43,34,31,29,32,66,52,29,40,28,27,45,34,29,27,21,40,38,44,51,24,36,42,24,37,44,22,37,42,50,30,45,24,31,43,25,33,30,36,28,26,30,38,29,36,30,31,0,31,46,46,39,36,43,33,38,36,32
1802,27,35,39,26,52,21,25,38,29,23,38,47,33,46,36,34,29,26,39,39,39,26,22,47,28,54,48,34,34,30,27,32,33,20,41,47,31,31,42,34,31,29,32,65,52,29,40,28,27,45,34,29,27,21,40,38,44,51,24,35,42,24,37,44,22,37,42,50,30,45,24,31,43,25,33,30,36,28,26,30,38,29,36,30,31,0,31,46,46,39,36,43,33,38,36,32
1803,26,35,39,26,52,21,24,38,29,22,38,47,33,46,36,34,29,26,40,38,39,26,22,47,28,53,48,34,34,30,27,32,32,21,41,47,31,31,42,34,31,29,32,63,51,29,39,28,27,45,34,29,27,21,40,37,44,51,24,35,42,24,37,44,22,37,42,50,30,46,24,30,43,25,33,30,36,28,26,30,37,29,36,30,31,0,31,46,46,38,36,43,32,38,36,32
1804,26,35,39,26,52,21,24,38,29,22,38,47,33,46,36,35,29,26,40,38,39,26,22,47,27,52,48,34,34,30,27,32,32,21,41,48,31,31,42,34,31,29,32,63,51,29,38,28,27,45,34,29,27,21,40,37,44,51,24,35,42,24,37,44,22,37,42,50,29,46,23,30,43,25,33,30,35,28,25,29,37,29,36,30,31,0,31,45,46,37,36,43,32,38,36,32
1805,26,35,39,26,52,21,24,38,29,22,38,47,33,45,36,35,30,26,40,38,39,26,22,47,27,52,48,34,34,30,27,32,32,20,39,48,31,31,42,34,31,29,32,63,51,29,38,28,27,45,33,29,27,21,40,37,44,50,24,35,42,24,38,44,22,37,42,50,29,46,23,30,43,25,32,30,35,28,25,29,37,29,35,30,31,0,31,44,45,37,35,42,32,38,36,32
1806,26,35,38,26,52,21,24,38,28,22,38,47,33,45,36,35,30,26,39,37,39,26,22,47,27,52,48,34,34,30,27,32,32,20,39,48,31,31,42,34,30,29,32,62,51,29,39,28,27,45,33,29,27,21,40,37,43,50,24,35,42,24,37,44,22,37,42,50,29,46,23,30,43,25,32,30,34,28,25,29,37,29,35,30,30,0,31,44,45,37,35,42,32,37,36,32
1807,26,35,38,26,52,21,24,37,28,22,38,47,33,45,36,35,30,26,39,37,39,26,22,47,27,52,48,34,33,30,26,32,32,20,39,48,31,31,42,34,30,27,32,61,51,29,39,28,27,45,33,29,25,21,40,37,43,50,24,34,42,24,37,44,22,37,42,50,29,46,23,30,43,25,32,30,34,28,25,29,37,29,34,30,30,0,31,44,45,37,35,42,31,37,36,32
1808,26,35,38,26,52,21,24,37,28,21,37,46,33,46,36,35,31,26,39,37,39,26,22,47,26,52,48,34,33,30,26,32,31,20,39,48,30,31,40,34,30,27,32,61,51,29,38,28,27,45,33,29,25,21,40,37,43,50,24,34,42,24,36,44,22,37,42,50,29,46,23,30,43,25,32,30,33,28,25,29,37,29,34,30,30,0,30,44,44,37,35,42,31,37,36,32
1809,26,35,39,26,51,21,24,37,27,21,37,46,32,46,36,33,32,26,39,37,40,26,22,47,26,52,48,34,33,30,26,32,31,20,39,48,30,31,40,33,30,26,32,61,51,29,38,28,27,44,33,29,25,21,39,37,43,50,24,34,42,24,36,44,22,37,42,51,29,46,23,30,43,25,32,30,32,28,25,29,37,28,34,30,30,0,30,44,44,37,35,42,31,37,35,32
1810,26,34,40,26,51,19,24,37,27,21,37,46,32,45,36,33,32,26,39,37,40,26,22,47,26,53,48,32,33,30,26,32,31,20,39,48,30,31,40,33,30,26,32,62,51,29,38,28,27,44,32,29,25,21,39,38,43,50,24,34,42,23,36,44,22,37,43,51,30,46,23,29,43,25,32,30,32,28,25,29,37,28,34,30,30,0,30,44,44,37,35,42,31,37,35,32
1811,26,34,40,25,51,19,24,37,26,21,37,46,32,45,36,33,32,26,39,37,40,26,22,47,26,53,49,32,33,30,26,32,31,20,39,48,30,31,40,33,30,26,32,62,51,29,38,28,28,44,32,29,25,21,39,38,44,50,24,33,42,23,35,44,22,37,43,51,30,46,23,29,42,25,32,30,32,28,25,29,37,27,34,30,29,0,30,44,43,37,34,41,31,37,35,32
1812,26,34,40,25,51,19,24,37,26,22,37,45,32,45,36,33,32,26,39,37,40,26,22,47,25,53,49,32,33,30,25,32,31,19,39,48,30,31,39,33,30,26,32,62,51,29,38,28,28,44,32,29,25,21,39,38,44,50,23,33,42,23,35,44,22,37,43,51,30,46,23,29,42,25,31,30,32,28,25,29,36,26,34,30,29,0,30,44,43,37,34,41,30,37,35,32
1813,26,34,40,25,51,19,24,37,26,22,36,45,32,45,35,32,32,26,39,37,39,26,22,47,25,53,48,32,32,30,26,32,31,19,39,48,30,30,39,35,30,26,32,62,51,29,39,28,28,43,32,29,25,21,39,38,44,50,23,33,42,23,35,44,22,37,43,51,30,46,23,29,41,25,31,30,32,28,25,29,36,26,34,30,29,0,30,44,43,37,34,41,30,37,35,32
1814,26,34,40,25,51,19,24,38,26,22,36,45,32,45,35,32,32,26,39,37,39,26,22,47,25,54,47,32,33,30,26,31,31,19,38,48,30,29,39,35,30,26,32,62,51,27,39,28,28,43,32,29,25,21,39,37,44,50,23,33,42,23,35,44,22,36,43,51,30,44,23,29,40,25,31,30,32,28,25,29,36,26,34,29,29,0,30,43,43,37,34,41,30,36,35,32
1815,26,34,40,25,51,19,24,38,26,21,36,45,32,45,35,32,32,26,39,36,39,26,22,46,25,54,47,32,33,30,25,32,30,19,38,48,30,29,39,35,30,26,32,62,51,27,39,28,27,42,31,29,25,20,39,37,44,50,23,33,42,23,36,44,22,36,42,51,30,43,22,28,40,25,31,30,32,28,25,29,36,26,34,29,29,0,30,44,43,37,34,41,30,36,35,32
1816,26,34,40,25,51,19,24,38,26,21,36,45,32,45,35,31,32,26,38,36,39,26,22,46,25,54,47,32,33,30,25,32,29,19,38,47,30,29,39,35,30,26,32,62,51,26,39,28,27,42,31,29,24,20,39,37,44,50,23,33,41,22,36,44,22,36,42,51,30,43,22,28,40,25,31,29,32,28,25,29,36,26,34,29,29,0,30,45,43,36,34,41,30,36,35,32
1817,26,33,40,25,50,19,24,38,26,21,35,46,32,45,35,31,32,26,38,36,39,26,22,46,25,53,47,32,33,30,25,32,29,19,38,48,30,29,39,35,30,26,32,62,50,26,39,28,27,42,31,29,24,20,39,37,45,50,23,33,40,22,36,44,22,35,41,51,30,42,22,28,40,25,31,29,32,28,25,29,36,26,34,29,29,0,30,45,43,36,34,41,30,36,35,32
1818,26,33,39,25,50,19,24,38,26,21,35,46,32,45,35,31,32,26,38,36,39,26,22,45,25,53,47,32,33,30,25,32,29,19,38,48,29,29,38,35,30,26,32,62,49,26,39,28,27,41,31,29,24,20,39,37,45,50,23,33,40,22,36,44,22,35,41,51,30,42,22,28,40,24,31,29,32,28,25,29,36,25,34,29,29,0,30,44,44,36,34,41,30,36,35,32
1819,26,33,39,25,50,19,24,38,26,21,35,46,32,45,34,31,32,26,38,36,39,26,22,45,25,53,47,32,33,29,25,32,29,19,38,48,29,29,39,35,30,26,32,63,49,26,39,28,27,41,31,29,24,20,39,37,45,50,23,33,40,22,36,44,22,34,41,51,30,42,22,28,40,24,31,29,32,28,25,29,36,25,34,29,29,0,30,43,45,35,34,41,30,36,35,32
1820,26,33,39,25,50,19,24,38,26,21,35,46,32,45,34,31,32,27,37,35,39,26,22,45,25,54,47,32,32,29,25,32,29,19,38,48,29,29,39,35,30,26,31,63,49,26,39,28,27,41,31,29,24,20,39,37,45,50,23,33,40,21,36,43,22,34,41,51,29,42,22,28,40,24,31,29,32,28,25,29,36,25,34,29,29,0,29,43,45,35,34,41,30,36,35,31
1821,26,33,39,24,51,19,24,38,26,21,34,46,32,45,34,31,32,28,37,35,39,26,22,45,25,54,47,32,30,29,25,32,29,19,38,48,29,29,38,35,29,26,31,62,49,26,39,28,26,41,31,29,24,20,39,37,45,50,23,33,40,21,35,43,22,34,41,51,28,42,22,28,40,24,31,29,32,28,25,29,36,25,34,28,29,0,29,43,45,35,34,41,29,36,35,31
1822,26,33,38,23,51,19,24,38,26,21,33,46,32,45,34,31,32,28,37,35,39,26,22,43,25,54,48,31,30,29,25,32,29,19,38,48,29,29,38,34,29,26,31,62,49,26,39,28,25,41,31,29,24,20,39,37,45,49,23,33,40,21,35,43,22,34,41,51,27,43,22,28,40,23,31,29,32,28,25,29,36,25,34,28,29,0,29,43,45,34,33,41,28,36,35,31
1823,26,32,38,23,52,19,24,38,26,21,33,46,32,45,34,31,32,28,37,35,37,26,22,43,25,54,48,31,30,29,25,32,29,19,38,48,29,29,38,34,29,26,30,60,49,26,39,28,25,41,31,29,24,20,39,37,45,49,23,33,40,21,34,43,22,34,41,51,27,43,22,28,41,23,30,29,32,28,25,28,36,26,34,28,29,0,29,43,45,34,33,40,28,37,35,31
1824,26,32,39,23,52,19,24,37,26,21,33,46,32,45,34,31,31,28,37,35,37,26,22,43,24,54,48,31,30,29,25,32,29,19,37,49,28,29,38,34,29,26,30,60,49,26,39,28,25,41,31,29,24,20,39,37,46,49,24,33,40,21,32,43,22,34,41,51,27,43,22,28,41,23,30,29,32,28,25,28,36,26,34,27,29,0,29,43,45,33,33,40,28,37,35,31
1825,26,32,39,23,51,19,24,37,26,21,33,46,32,45,33,30,31,28,35,35,37,25,22,43,24,54,47,31,30,29,25,32,29,19,37,48,28,29,38,33,29,26,30,60,49,26,39,28,25,41,31,29,24,20,39,37,47,49,24,33,40,21,32,43,22,33,41,51,27,43,22,28,41,23,30,29,31,28,25,28,36,26,34,27,29,0,29,42,45,33,33,41,28,37,35,31
1826,26,32,38,23,51,19,24,37,25,21,33,46,33,45,32,30,31,28,35,35,37,24,22,43,24,54,47,31,30,29,25,32,29,19,37,48,28,29,38,33,29,26,30,60,49,25,39,28,25,41,31,29,24,20,39,36,47,49,24,33,40,21,32,42,22,33,41,51,27,43,22,28,41,23,30,29,31,28,25,28,36,26,32,27,29,0,28,42,45,33,33,41,28,36,35,31
1827,26,31,38,23,51,19,24,38,25,21,33,46,33,45,32,30,31,28,35,35,37,24,22,43,24,54,47,31,30,28,25,31,29,19,37,47,28,29,38,32,29,26,30,60,49,25,39,28,25,41,31,29,24,20,39,36,47,48,24,33,39,21,32,42,21,33,41,51,27,43,22,28,41,23,30,29,31,28,25,28,36,26,32,27,28,0,28,41,45,33,33,41,27,36,35,31
1828,26,31,38,23,51,18,24,38,25,21,33,46,32,45,32,30,31,28,35,35,37,24,22,42,24,54,47,31,30,28,25,31,29,19,37,47,28,29,38,31,29,26,30,60,49,25,38,28,25,40,31,28,24,20,39,36,47,48,24,33,39,21,33,42,21,33,41,51,26,43,22,28,41,23,30,29,31,28,25,28,36,26,32,27,28,0,28,41,45,33,33,41,27,35,35,31
1829,26,31,38,23,51,18,24,38,25,21,33,46,32,46,32,30,31,28,35,35,37,24,22,42,24,53,47,31,30,28,25,31,29,19,37,47,28,29,38,30,29,26,30,60,49,24,38,28,25,40,31,28,24,20,39,36,47,48,24,33,39,21,33,42,21,32,41,51,26,42,22,28,41,23,30,28,31,28,25,28,36,26,32,27,28,0,28,41,45,33,33,41,27,35,35,30
1830,26,31,38,23,51,18,24,37,25,21,32,46,32,45,32,30,31,28,35,35,37,24,22,42,24,53,47,30,30,27,25,31,29,19,37,47,27,29,37,30,29,26,29,60,49,24,38,27,25,40,31,28,24,20,39,36,46,48,24,32,39,21,33,42,21,32,40,50,26,43,22,28,41,23,30,28,31,28,25,28,36,26,32,27,28,0,28,41,45,33,34,41,27,35,35,30
1831,26,31,38,23,51,18,24,37,25,21,32,46,32,45,32,30,30,27,35,35,37,24,22,42,24,53,47,30,30,26,25,31,29,19,37,47,27,29,37,30,29,26,29,60,49,24,38,27,25,39,31,28,24,20,39,36,46,47,24,32,39,21,33,42,21,32,40,51,25,43,22,28,41,23,30,28,30,28,25,28,36,26,32,27,28,0,28,41,45,33,34,40,27,35,35,28
1832,26,31,38,23,51,18,24,37,24,21,32,45,32,44,32,30,30,28,35,35,37,24,21,42,24,53,46,30,30,26,25,31,29,19,37,47,27,29,37,30,29,26,29,60,49,24,38,27,25,39,31,28,24,20,39,36,46,48,24,32,39,21,33,43,21,32,40,51,25,43,22,28,40,23,30,28,30,28,25,28,35,26,32,26,28,0,28,40,46,33,34,40,27,35,35,28
1833,26,30,38,23,51,18,24,37,24,21,32,45,32,43,32,30,30,28,35,35,37,24,21,42,24,53,46,30,30,26,25,31,28,19,37,48,27,29,37,30,29,25,29,60,49,24,38,27,25,39,32,28,24,20,39,36,46,48,24,32,39,20,33,43,21,32,40,51,25,43,22,28,40,23,30,28,30,28,25,28,35,26,32,26,28,0,27,40,46,33,34,40,27,35,33,27
1834,26,30,37,23,51,18,24,37,24,21,32,45,32,43,32,30,29,28,35,35,37,24,21,42,24,53,47,30,29,26,25,29,28,19,37,48,27,29,36,30,29,25,29,60,49,24,38,27,25,39,31,28,24,20,39,36,46,48,24,32,39,20,34,43,21,32,40,52,25,42,21,28,40,23,30,28,30,28,25,28,35,25,32,26,27,0,26,40,46,33,34,39,26,34,33,27
1835,26,30,37,23,51,18,24,37,24,21,32,45,32,43,32,30,29,28,35,35,37,24,21,42,24,53,47,31,29,26,25,29,28,19,37,48,27,29,36,30,29,25,29,60,49,24,38,27,25,39,31,28,24,20,39,36,46,48,24,32,39,20,34,43,21,32,39,52,25,42,21,28,40,23,30,28,30,28,25,28,35,25,33,26,27,0,26,40,47,32,34,39,26,34,33,27
1836,26,30,36,23,51,18,24,37,24,21,32,45,32,43,32,30,29,27,35,35,37,24,21,42,24,53,47,31,29,26,25,29,28,19,37,48,27,29,36,30,29,24,29,60,49,24,38,27,25,38,31,28,24,20,39,36,46,49,24,32,38,20,34,43,21,32,39,52,25,42,21,28,40,23,30,28,31,28,25,28,35,25,33,26,27,0,26,40,47,32,34,39,26,34,33,27
1837,26,30,37,23,51,18,23,37,24,20,32,45,32,43,32,30,29,27,35,35,37,24,21,42,24,53,47,31,28,26,25,29,28,19,37,48,27,29,36,30,29,24,29,60,49,24,38,27,25,38,30,28,24,20,39,36,45,48,24,32,38,20,34,43,21,32,39,52,25,42,21,28,37,23,30,27,30,28,25,28,35,25,33,26,27,0,26,40,47,32,34,39,26,34,33,27
1838,25,30,38,23,51,18,23,37,24,20,32,45,30,43,32,30,29,27,35,35,37,24,21,42,24,53,47,31,28,25,25,29,28,19,37,48,27,29,36,29,29,24,29,60,49,24,38,27,25,38,30,28,24,20,39,36,45,48,24,32,38,19,34,43,21,32,39,52,25,42,21,28,37,23,30,27,30,28,25,28,35,24,33,26,27,0,26,40,47,32,34,39,26,34,33,27
1839,24,30,38,23,51,18,23,37,24,20,32,44,30,43,32,30,29,27,35,35,36,24,21,42,24,53,47,31,28,25,25,29,28,19,37,48,27,29,36,29,29,24,29,58,48,24,38,27,25,38,30,28,24,19,39,36,45,48,24,31,38,19,34,43,21,32,39,52,25,42,21,27,37,23,30,27,30,28,25,28,35,24,33,26,27,0,27,40,47,32,34,39,26,33,33,27
1840,24,30,38,23,51,18,22,37,23,20,31,44,30,43,32,29,29,27,35,35,37,24,21,42,23,53,47,31,28,25,25,29,28,19,37,48,27,29,36,29,29,24,29,58,48,24,38,27,25,38,30,28,23,19,39,35,45,47,24,31,38,19,34,43,21,32,39,52,25,42,20,27,37,23,30,27,30,28,25,28,35,24,32,26,27,0,27,40,46,32,34,39,26,33,33,27
1841,24,30,38,23,51,18,22,37,23,20,30,44,30,43,32,29,28,27,35,35,37,24,21,42,22,53,47,31,28,25,25,28,28,19,36,48,27,29,36,29,29,24,28,58,47,24,38,27,25,38,30,28,22,19,39,35,45,47,24,31,38,18,34,44,21,32,39,52,25,42,19,27,37,23,29,27,30,28,25,28,35,24,32,26,26,0,26,40,46,32,34,39,26,33,33,27
1842,24,30,38,23,51,18,22,37,23,20,30,44,29,44,32,29,28,27,35,35,37,24,21,42,22,53,48,31,28,25,25,27,28,19,36,48,27,29,35,29,29,24,28,58,47,24,38,27,25,38,30,28,22,19,39,35,45,47,24,32,38,18,34,44,21,32,39,52,25,42,19,27,37,23,29,27,30,28,25,28,35,24,32,26,26,0,26,40,46,32,34,39,26,33,33,27
1843,24,30,38,23,51,18,22,37,23,20,30,43,29,43,32,29,28,25,35,35,36,24,21,42,22,53,48,31,28,25,25,26,28,19,36,48,27,29,35,29,29,24,28,58,46,24,38,27,25,38,30,28,22,19,39,34,45,47,24,32,38,18,34,44,21,32,40,52,25,41,19,27,37,23,28,27,30,28,25,28,35,24,31,26,26,0,26,40,46,31,34,39,26,33,33,27
1844,24,30,38,21,51,18,22,37,23,20,30,43,29,43,32,29,28,25,35,35,36,24,21,42,22,53,47,31,28,25,25,26,28,19,36,48,27,29,35,29,29,24,28,58,46,23,38,27,25,37,30,28,22,19,40,34,45,47,24,31,38,18,34,44,21,32,39,52,25,41,19,26,37,23,28,26,30,28,25,28,35,24,31,24,26,0,26,40,46,31,34,39,26,33,33,27
1845,24,30,38,21,51,18,22,37,23,20,30,43,29,43,32,29,28,25,35,35,36,24,21,42,22,53,47,31,27,25,25,26,28,19,36,48,27,29,35,29,29,24,28,57,45,23,38,27,24,36,30,28,22,18,40,34,45,47,24,31,38,18,34,44,21,31,39,51,25,42,19,26,37,23,28,26,29,28,25,28,35,24,31,23,26,0,26,40,47,31,34,39,26,33,33,27
1846,24,30,38,21,52,18,22,37,23,20,30,43,28,43,32,29,28,25,35,35,36,24,21,42,22,53,47,31,26,25,25,26,27,19,36,48,27,29,35,29,29,24,28,57,45,23,40,27,23,35,30,28,21,18,40,34,45,47,23,31,38,18,34,44,21,31,38,51,25,42,19,26,37,23,28,26,29,28,25,28,35,24,31,23,27,0,26,40,46,31,34,39,26,32,33,26
1847,24,30,38,21,52,18,22,37,22,19,30,44,28,43,32,29,28,25,35,35,36,24,21,42,22,53,47,31,26,25,25,26,27,19,36,48,27,29,35,29,29,24,28,57,45,23,40,27,23,35,30,28,21,17,40,33,45,47,23,31,38,18,34,44,21,31,38,52,25,42,19,25,36,23,28,26,29,28,25,28,35,24,31,23,27,0,26,40,47,31,34,39,26,32,33,26
1848,24,30,38,21,52,18,21,37,22,19,30,43,28,43,32,29,28,25,35,34,36,24,21,42,22,53,47,31,26,25,25,26,27,19,36,48,27,29,34,29,29,24,28,57,45,23,40,27,23,35,30,28,21,17,40,33,45,47,23,31,38,18,34,44,21,30,38,52,25,42,19,25,36,23,28,26,29,28,25,28,35,24,31,23,27,0,26,40,47,31,34,39,26,32,33,26
1849,24,30,38,21,52,18,21,37,20,19,30,43,28,43,32,29,28,25,35,34,36,24,21,42,22,53,48,31,26,25,25,26,26,19,36,48,27,29,34,29,29,23,28,57,45,23,40,27,23,35,30,28,21,17,40,33,45,47,23,31,38,18,34,43,21,30,38,52,25,42,19,25,36,23,28,26,29,27,25,28,35,24,31,23,27,0,26,40,47,31,34,38,26,32,33,26
1850,24,30,38,21,52,18,21,37,20,19,30,43,28,43,32,28,28,25,35,33,36,24,21,42,21,53,48,31,26,25,25,26,26,19,36,48,27,29,34,29,28,23,28,57,45,23,40,27,23,34,30,28,21,17,40,33,45,47,23,31,38,18,34,42,21,30,38,52,25,42,18,25,36,23,28,26,29,27,25,28,35,24,31,23,27,0,26,40,47,31,34,38,26,32,33,26
1851,24,30,38,21,52,18,21,38,20,19,30,43,28,43,32,28,28,25,35,33,36,24,21,42,21,53,48,31,26,25,25,26,26,19,36,48,27,29,34,29,28,23,28,57,45,23,40,26,23,34,30,28,21,17,40,33,45,47,23,31,38,18,34,42,21,29,38,52,25,42,19,25,36,23,28,26,29,26,25,28,35,23,31,23,27,0,26,40,47,31,34,37,26,32,33,26
1852,24,30,37,21,52,18,21,38,20,19,30,43,28,43,31,27,28,25,35,33,36,24,21,42,21,53,48,31,26,24,25,26,26,19,36,48,27,29,34,29,28,23,28,57,45,23,40,26,23,34,30,28,20,17,40,33,44,47,23,30,38,18,34,42,21,28,38,53,25,42,19,25,36,23,28,26,29,26,25,27,35,22,31,23,27,0,26,39,47,31,34,37,26,32,33,26
1853,24,29,37,21,52,18,21,38,20,19,30,43,27,42,31,27,28,24,36,33,36,24,21,42,21,53,48,31,26,24,25,26,26,19,36,47,27,29,33,29,28,23,28,57,45,23,40,26,23,34,30,28,20,17,40,33,44,47,23,30,38,18,34,42,21,28,37,53,24,42,19,25,35,23,28,26,29,26,25,27,35,21,31,23,27,0,26,39,45,31,34,37,26,32,33,26
1854,24,29,37,21,52,18,21,38,20,19,30,43,27,42,31,27,27,24,36,33,36,24,21,42,21,53,48,31,26,24,25,26,26,19,36,47,27,29,33,29,28,23,28,57,45,23,40,26,23,34,30,28,19,17,40,33,44,47,23,30,38,18,34,42,21,28,37,53,24,42,19,25,35,23,28,26,29,26,25,27,35,21,31,23,27,0,26,39,45,31,34,36,26,33,33,26
1855,24,29,37,21,51,18,21,38,20,19,30,43,27,42,31,26,27,24,36,33,36,24,21,42,21,53,48,31,26,23,24,26,26,19,36,48,27,29,32,29,28,23,28,56,46,23,40,26,23,34,30,28,19,17,40,33,44,47,23,30,38,18,34,42,21,28,37,52,24,42,19,25,35,23,28,26,29,26,24,27,34,21,31,23,27,0,27,38,45,31,34,36,26,33,33,26
1856,24,29,37,21,51,18,21,39,20,19,30,43,27,41,31,25,27,24,36,33,36,24,21,42,21,53,48,31,26,23,24,26,26,19,36,48,27,29,32,29,28,23,27,56,46,23,40,26,23,34,30,28,19,17,40,33,43,47,23,30,38,18,34,42,21,28,37,52,24,42,19,24,35,23,28,25,29,26,24,27,34,21,31,23,27,0,27,38,44,31,34,36,26,33,33,26
1857,24,29,37,21,51,18,21,39,20,19,30,43,27,41,31,25,27,24,36,33,36,24,21,42,21,53,48,31,26,23,24,26,26,19,35,48,27,29,32,29,28,23,27,56,46,23,40,26,22,34,30,28,19,17,39,33,43,46,23,30,38,18,34,42,21,28,37,52,24,42,19,24,35,23,27,25,29,26,24,27,34,21,31,23,27,0,27,38,44,31,34,36,26,34,33,26
1858,23,29,37,21,50,18,21,39,20,19,30,43,26,41,31,25,27,23,36,33,36,24,21,42,21,52,48,31,26,23,24,26,26,19,35,48,27,29,32,29,28,23,27,56,47,23,40,27,22,34,30,28,19,17,38,33,43,46,23,30,38,18,34,42,21,28,37,52,23,42,19,24,35,23,27,25,29,26,23,26,33,20,31,23,27,0,26,38,44,31,34,36,26,33,32,26
1859,23,28,37,21,50,18,21,39,20,19,30,43,26,41,31,25,27,23,36,33,36,24,21,42,21,52,48,31,26,23,24,27,26,18,35,46,25,29,32,29,28,23,27,56,47,23,40,26,22,34,30,28,19,16,38,33,43,46,23,30,38,18,33,42,21,28,37,53,23,43,19,24,35,22,27,25,29,26,23,26,33,20,31,23,27,0,26,37,44,31,34,36,26,33,32,26
1860,23,28,37,21,49,18,21,39,20,19,30,43,26,41,30,25,27,23,36,34,36,24,21,42,21,52,48,30,26,23,24,27,26,18,35,46,25,29,32,29,28,23,27,55,47,23,40,26,22,34,29,27,18,16,38,33,43,45,23,30,38,18,33,42,21,28,37,53,23,43,19,23,35,22,27,25,28,26,23,25,32,20,30,22,27,0,26,37,44,31,34,36,25,33,32,25
1861,23,28,37,21,48,18,21,39,19,19,30,43,26,40,30,25,27,23,36,34,36,24,21,42,21,52,48,30,26,22,24,27,26,18,35,46,25,29,32,29,28,22,27,55,47,23,40,26,22,34,29,27,18,16,38,33,43,45,23,29,38,18,33,42,21,28,38,53,23,43,19,23,35,22,26,25,28,26,23,25,32,20,30,22,27,0,26,37,44,31,34,36,25,33,32,25
1862,23,28,37,21,48,18,21,38,19,19,30,43,26,40,30,25,27,23,36,34,36,24,21,42,21,52,48,30,26,22,24,27,24,18,35,45,25,29,32,29,27,22,27,56,46,22,40,26,22,34,29,27,18,16,38,33,42,45,23,29,38,18,34,42,21,28,38,53,23,42,19,23,35,22,26,25,27,26,23,25,32,20,30,22,27,0,26,37,44,31,34,36,25,33,32,25
1863,23,28,37,21,48,18,21,38,19,19,30,43,26,40,30,25,27,23,36,34,36,24,21,42,21,52,48,30,26,22,23,27,24,18,36,46,25,29,32,29,27,22,27,55,46,22,40,26,22,34,28,27,17,15,38,33,43,45,23,29,38,18,34,42,21,28,38,53,23,42,19,23,35,22,26,24,27,26,23,25,32,20,30,22,27,0,26,37,44,31,34,36,25,33,31,25
1864,22,28,38,21,48,18,21,38,19,19,30,43,26,40,30,25,27,22,36,34,36,24,21,42,21,52,49,30,26,22,23,27,24,18,36,46,25,29,32,29,27,22,27,55,46,22,40,26,22,33,28,27,17,15,37,33,44,45,23,29,38,18,34,42,21,28,37,53,23,41,19,25,34,22,26,24,27,26,23,25,32,20,30,22,27,0,26,37,44,30,34,35,24,33,31,25
1865,22,28,38,21,48,18,21,38,19,19,30,43,26,40,29,25,27,22,36,34,36,24,21,42,21,52,49,29,25,22,23,28,24,18,36,46,25,29,32,29,27,22,27,54,46,22,39,25,22,33,28,27,17,15,37,33,44,45,23,29,38,18,34,42,21,28,37,53,23,41,19,25,34,22,26,24,27,26,23,25,32,20,30,22,28,0,26,37,44,30,34,35,24,33,31,24
1866,22,27,38,21,48,18,21,38,19,19,30,43,26,41,29,24,27,22,36,33,36,24,21,42,21,51,49,29,25,22,23,27,24,18,36,46,25,29,32,29,27,22,28,54,46,22,39,25,21,33,28,27,18,15,37,33,44,45,23,29,38,17,34,42,20,28,36,53,23,41,19,25,33,22,26,24,27,26,23,25,31,20,30,22,28,0,27,37,43,30,34,35,24,33,31,24
1867,22,27,38,21,49,18,21,38,19,19,30,43,26,41,29,24,27,22,36,32,36,24,21,41,21,51,49,29,25,22,23,27,24,17,36,47,25,29,32,29,27,22,28,54,46,22,39,25,21,33,27,27,18,15,37,33,44,45,22,29,38,16,34,42,20,28,36,53,23,41,19,25,33,22,26,24,27,26,23,25,31,20,30,22,28,0,27,37,43,30,34,35,24,33,31,23
1868,22,26,38,21,48,17,21,38,18,19,30,43,27,41,29,24,27,22,36,32,36,24,21,41,21,51,49,29,25,22,23,27,24,16,36,47,25,29,32,29,27,22,28,54,46,22,39,25,21,33,27,27,17,15,37,33,44,45,22,29,38,16,34,41,20,28,35,53,23,41,19,25,32,22,26,24,26,26,23,25,31,20,29,22,27,0,27,37,43,30,34,35,24,33,31,23
1869,22,26,38,21,48,17,21,38,18,18,30,43,27,42,29,23,27,22,36,32,36,24,21,41,21,51,49,29,25,22,23,27,24,16,36,47,25,29,32,29,27,22,27,54,46,22,40,25,21,32,27,27,17,15,37,33,44,45,22,29,38,15,34,40,20,28,35,53,23,40,19,25,32,22,26,24,26,26,22,25,31,20,28,22,27,0,27,37,44,30,33,35,24,33,31,23
1870,22,26,38,21,48,17,21,38,18,18,30,43,27,41,29,23,27,21,36,32,36,24,21,41,21,51,49,29,25,22,23,27,24,16,36,48,25,29,32,29,27,22,27,54,45,22,40,24,21,32,27,27,18,15,37,33,44,45,22,28,38,15,34,40,20,28,35,53,23,40,19,25,32,22,26,24,25,26,22,25,31,20,28,22,27,0,27,37,44,30,33,35,24,33,31,23
1871,22,26,37,21,48,17,21,38,18,18,30,44,27,41,28,23,27,21,36,32,36,24,21,41,21,50,49,29,25,22,23,27,24,16,36,49,25,29,32,29,27,22,27,54,44,22,40,24,21,32,27,27,18,15,37,33,44,45,22,28,38,15,34,40,20,28,35,53,23,40,19,25,32,22,26,24,25,25,22,25,31,19,28,22,26,0,27,36,44,30,33,34,24,33,31,23
1872,22,26,37,21,47,17,21,37,18,18,30,44,27,41,28,24,27,21,36,32,36,24,21,41,21,50,49,29,25,22,23,27,24,16,36,48,24,28,32,29,27,22,27,53,44,22,40,24,21,32,27,27,17,15,36,33,44,45,22,28,38,15,34,40,20,28,34,53,22,40,19,25,31,22,26,24,25,25,22,25,30,19,27,22,26,0,27,36,44,30,33,34,23,33,31,23
1873,22,26,37,20,47,17,21,37,18,18,30,44,27,41,28,24,27,21,36,32,36,24,21,41,21,50,49,29,25,22,23,27,24,16,36,48,24,28,33,29,27,22,27,52,44,22,41,24,20,32,27,27,17,15,36,32,44,45,22,28,38,15,34,40,20,28,34,52,22,40,19,25,32,22,26,24,25,25,22,25,30,19,27,22,26,0,27,35,44,30,32,34,23,33,31,23
1874,22,26,37,20,46,17,21,37,17,18,30,44,26,41,28,24,27,21,36,32,36,24,21,41,21,50,50,29,25,21,23,27,24,16,36,48,24,28,33,29,27,22,27,52,44,23,41,24,20,32,27,27,17,15,35,32,44,45,22,28,37,15,34,39,20,27,34,52,22,40,19,25,32,22,26,24,25,25,22,25,30,19,27,22,26,0,27,34,43,30,32,34,23,33,31,23
1875,22,26,37,20,46,16,21,37,17,18,30,44,26,41,28,24,26,21,36,32,36,24,21,39,21,50,50,29,25,21,23,27,24,16,36,47,24,28,32,29,27,22,27,51,44,23,41,24,20,32,27,27,17,15,35,32,44,45,22,28,37,15,35,39,20,27,34,52,22,40,19,24,32,22,26,24,25,25,22,25,30,19,27,21,26,0,27,34,42,30,31,34,23,33,31,23
1876,22,26,37,20,46,16,21,37,17,18,30,44,26,41,28,24,26,21,36,32,36,24,21,39,21,50,50,29,25,21,23,27,24,16,36,46,23,28,32,28,27,22,27,51,44,23,41,24,20,32,27,27,17,15,35,32,44,45,22,28,37,15,35,39,20,27,34,52,22,40,19,24,31,22,26,24,25,25,22,25,30,19,27,21,26,0,27,34,42,30,30,34,23,33,31,23
1877,22,26,37,20,46,16,21,37,17,18,30,43,26,41,28,24,26,21,36,32,36,24,21,39,21,50,50,29,25,21,23,27,23,16,36,47,23,28,32,28,27,22,27,51,44,23,41,23,20,31,27,27,17,15,35,32,44,45,22,28,37,15,35,39,20,26,34,52,21,40,19,24,31,22,26,24,25,25,22,25,30,19,27,21,26,0,27,34,42,30,30,34,23,33,31,23
1878,22,26,37,19,46,16,21,37,16,18,30,43,26,41,28,24,26,21,36,32,36,24,21,38,21,50,50,28,25,21,23,27,22,16,36,47,23,27,32,28,27,22,27,50,44,23,41,22,20,31,27,27,17,15,35,32,44,45,21,28,37,15,34,39,20,26,34,52,21,40,19,24,31,22,26,24,25,25,22,25,30,19,27,21,26,0,27,34,42,30,30,34,23,33,30,23
1879,22,26,37,19,46,16,21,37,16,18,30,43,26,41,28,24,26,21,36,32,36,24,21,38,21,49,50,28,25,21,23,26,22,16,36,47,23,27,32,28,27,22,27,50,44,23,41,22,20,31,27,27,17,15,35,31,44,45,21,28,37,15,34,39,19,25,34,52,21,40,19,24,31,22,26,24,24,24,22,25,30,19,27,21,26,0,26,34,42,30,30,34,23,33,30,23
1880,22,26,37,19,46,16,20,37,16,18,30,43,27,40,28,24,26,21,36,32,36,24,21,37,21,49,49,28,25,21,23,26,22,16,36,47,23,27,32,28,27,22,27,50,44,23,42,22,20,31,27,27,17,15,35,31,44,45,21,28,35,15,34,38,18,25,34,53,21,40,19,24,31,22,26,24,24,24,22,25,30,19,27,21,26,0,26,34,42,30,30,34,22,33,30,23
1881,22,25,37,19,46,16,20,37,16,18,30,43,27,40,28,24,25,20,36,32,35,24,21,37,21,49,48,28,25,21,23,26,22,16,36,47,23,27,32,28,27,22,27,50,44,23,42,22,19,30,27,27,17,15,35,31,43,46,21,28,35,15,34,38,18,25,34,53,21,40,19,24,31,22,27,24,24,24,22,25,30,19,27,21,26,0,26,34,42,30,30,33,21,33,29,23
1882,22,25,37,19,46,16,20,37,16,18,30,43,27,40,28,24,25,20,36,32,35,24,21,37,21,49,48,28,25,21,23,26,22,16,36,47,23,27,31,28,27,22,27,50,44,23,41,22,19,30,27,27,17,15,35,30,44,45,21,28,35,15,34,38,18,25,33,53,21,40,19,24,32,22,27,24,24,24,21,25,30,19,27,20,26,0,26,34,42,30,30,33,21,33,29,23
1883,22,24,36,19,46,16,20,37,16,18,30,43,27,40,28,24,25,20,36,31,35,24,21,37,21,49,48,28,25,21,23,26,22,16,36,47,23,27,31,28,27,22,27,50,44,23,41,22,19,30,27,27,17,15,35,30,44,45,21,28,35,15,34,38,18,25,32,53,21,40,19,24,32,22,27,24,24,24,21,25,29,19,27,20,26,0,26,34,42,30,31,33,21,33,29,23
1884,22,24,36,18,46,16,20,37,16,18,30,43,27,40,28,24,25,20,36,31,35,24,20,37,21,49,47,28,25,21,23,26,22,16,36,47,23,27,31,28,27,22,27,50,44,23,42,22,19,30,27,27,17,15,35,30,44,45,21,28,35,15,34,38,18,25,32,53,21,40,19,24,32,22,26,24,24,24,21,25,29,19,27,20,26,0,26,34,42,30,30,33,21,33,29,23
1885,22,24,35,18,46,16,20,37,16,18,30,43,27,40,28,24,25,20,36,31,35,24,19,36,21,49,47,28,25,21,23,26,22,16,36,47,22,27,31,28,27,22,27,50,44,23,42,22,19,30,27,27,17,15,35,29,44,45,21,28,35,15,34,38,18,25,32,53,21,39,19,24,32,22,26,24,24,24,21,25,29,17,27,20,26,0,26,34,43,30,30,33,21,33,29,23
1886,22,24,35,18,46,16,20,37,16,18,30,43,27,40,28,24,25,20,36,30,35,23,19,36,21,49,48,27,25,21,23,26,22,16,35,47,22,27,31,28,27,22,27,49,44,22,41,22,18,30,27,27,17,15,35,28,44,45,21,28,35,15,34,37,18,25,31,53,21,39,19,24,32,22,26,24,24,24,21,25,29,17,26,20,26,0,26,34,43,30,30,33,21,33,29,23
1887,22,24,35,18,46,16,20,37,16,18,30,43,27,40,28,24,25,20,36,30,35,23,19,36,20,49,48,27,25,21,23,26,22,16,35,47,22,27,31,28,27,22,27,48,44,22,40,22,18,30,27,27,17,14,35,28,45,45,21,28,35,15,34,37,18,25,31,53,21,39,19,24,32,22,26,24,24,24,21,25,29,17,26,20,26,0,26,34,43,30,30,33,21,33,29,23
1888,22,24,35,18,46,16,20,37,16,18,30,43,27,40,28,24,25,20,36,30,34,23,19,36,20,48,48,27,25,21,23,26,22,16,36,47,22,27,30,27,26,22,27,48,44,22,40,22,18,29,27,27,17,14,35,29,45,45,21,28,35,15,34,37,18,25,31,53,21,39,19,24,32,22,26,24,24,24,21,25,29,17,26,20,26,0,26,34,43,29,30,33,21,33,29,23
1889,22,24,35,17,46,16,20,37,16,18,30,43,27,40,29,24,25,20,36,30,35,23,19,36,20,48,48,27,25,21,23,26,21,16,36,48,22,27,30,27,26,22,27,48,44,22,40,22,18,29,27,26,17,14,35,29,45,45,21,28,35,15,34,37,18,25,31,53,21,39,19,23,32,22,26,24,24,24,21,25,29,17,26,20,26,0,26,34,44,29,30,33,21,33,29,23
1890,21,24,35,16,46,15,20,36,15,18,30,43,27,40,28,24,25,20,36,29,35,23,19,36,20,48,48,27,25,21,23,26,21,16,36,48,22,27,30,27,25,22,27,48,44,23,40,22,18,29,27,26,17,14,35,28,45,45,21,28,35,15,33,37,18,25,31,53,21,39,19,23,32,23,26,24,23,24,21,25,29,17,26,20,26,0,26,34,44,29,30,33,21,33,29,22
1891,20,24,35,15,45,15,20,36,15,18,30,43,27,40,28,24,25,20,36,29,35,23,19,36,20,48,48,27,25,21,23,26,21,16,36,48,22,27,30,27,25,22,27,48,44,23,40,22,18,29,26,26,17,14,35,28,45,45,21,28,35,15,33,37,17,25,31,53,21,38,19,23,32,23,26,24,23,24,21,25,28,17,26,20,26,0,26,34,44,28,30,33,21,33,29,22
1892,20,24,35,15,45,15,20,36,15,18,30,43,27,40,28,24,25,20,36,29,35,23,19,35,20,48,47,27,25,21,23,27,21,16,36,48,22,27,30,27,25,21,27,47,44,23,40,21,18,29,26,26,17,13,35,28,45,45,21,28,35,15,32,37,17,25,31,53,21,38,19,23,32,23,26,23,23,24,20,24,28,17,26,20,26,0,26,34,44,28,30,33,21,33,29,22
1893,19,24,35,15,45,15,20,36,15,18,30,43,27,40,28,24,25,20,36,29,35,23,19,35,20,48,47,26,25,21,23,27,21,16,36,48,22,27,30,27,25,20,27,47,44,23,40,21,18,29,26,26,17,13,35,28,45,45,21,28,34,15,32,37,17,25,31,53,21,38,19,23,32,23,26,23,23,24,20,24,28,16,26,19,25,0,26,34,44,28,30,32,21,33,29,22
1894,19,24,35,15,44,15,20,35,15,18,30,43,27,40,28,24,25,20,36,29,34,23,19,35,20,48,47,26,25,21,23,28,21,15,36,48,22,27,30,27,25,20,27,47,44,23,40,21,18,29,26,26,17,13,35,28,45,45,21,28,34,15,32,37,17,25,31,53,21,38,19,23,32,23,26,23,23,24,20,24,28,16,26,19,25,0,26,34,44,28,30,31,21,33,29,22
1895,19,24,35,15,44,15,20,36,15,18,30,43,27,40,28,24,25,20,36,29,34,23,19,35,20,48,47,26,25,21,23,28,21,15,36,47,22,27,30,27,25,20,27,47,44,23,40,21,18,29,26,26,17,13,35,27,45,45,21,28,34,15,32,36,15,25,31,53,21,38,19,23,32,23,26,23,22,24,20,24,28,17,26,19,25,0,26,34,44,28,30,31,20,33,29,22
1896,19,24,35,15,44,15,20,36,15,17,30,43,27,40,28,24,25,20,35,29,34,23,19,35,20,48,47,26,25,21,23,28,21,15,35,46,22,26,30,27,25,20,26,47,44,23,40,21,18,29,26,26,17,13,35,27,46,45,21,28,34,15,32,36,15,25,31,52,21,38,19,22,32,23,26,23,22,24,20,24,28,17,26,19,25,0,26,34,44,28,30,31,20,33,29,22
1897,19,24,35,15,44,15,20,35,15,17,29,43,26,40,28,24,25,20,35,29,34,23,19,35,20,47,47,26,25,21,23,28,21,15,35,47,22,25,30,27,25,20,26,48,44,23,39,21,18,29,26,26,17,13,35,27,46,45,21,28,34,15,31,36,15,25,31,52,21,38,19,22,32,22,26,23,22,24,20,23,28,17,26,19,24,0,26,34,43,27,30,31,20,33,29,22
1898,19,24,34,15,44,15,20,35,15,17,29,43,26,40,29,24,25,20,35,29,34,23,19,34,20,47,47,26,24,21,23,28,21,15,35,47,22,25,30,27,24,20,26,48,44,23,40,21,18,29,26,26,17,13,35,27,46,45,20,28,34,15,31,36,15,25,30,52,19,38,19,22,32,22,26,23,22,24,20,23,28,17,26,19,24,0,26,34,43,27,29,31,20,33,29,22
1899,19,24,34,15,43,15,20,35,15,17,29,43,26,40,29,23,25,20,35,28,34,23,19,34,20,47,47,26,24,21,23,28,21,15,35,47,22,24,30,27,24,20,26,47,44,23,40,21,18,29,26,26,17,13,35,27,46,45,20,28,34,15,31,36,15,24,30,52,19,38,19,22,32,22,26,23,22,24,20,23,28,17,26,19,24,0,26,34,43,27,29,31,20,33,28,22
1900,19,24,34,15,43,15,19,35,15,17,29,43,26,40,29,23,25,20,35,27,34,23,19,34,19,47,47,26,24,21,23,28,21,15,35,47,22,24,29,26,24,20,26,47,44,23,40,21,18,29,26,26,17,13,34,27,46,46,19,28,34,15,30,36,15,24,30,52,19,38,19,22,32,22,25,23,22,24,20,23,28,17,26,19,24,0,26,34,43,27,29,31,20,33,28,22
1901,19,24,34,14,43,15,19,35,15,17,29,42,26,40,29,23,25,20,35,27,35,23,19,31,18,47,48,26,24,21,23,28,21,15,35,47,22,24,29,26,24,20,26,46,43,22,40,21,18,29,26,26,17,13,34,27,45,46,18,28,34,15,30,35,15,24,30,52,19,38,20,22,32,22,24,23,22,24,20,23,28,17,25,19,24,0,26,34,42,27,29,31,20,33,28,22
1902,19,24,34,14,43,15,19,36,15,17,29,42,26,40,30,23,25,20,35,27,35,22,18,31,18,48,48,26,24,21,23,28,21,15,35,47,22,24,29,25,24,20,26,46,43,22,40,21,18,29,26,26,17,13,34,27,45,47,18,28,34,15,30,34,15,24,30,52,19,38,20,23,32,21,24,23,22,24,20,23,28,17,25,19,23,0,26,34,42,27,29,31,20,33,28,22
1903,19,24,34,14,43,15,19,35,15,17,29,42,26,40,30,22,25,20,35,27,35,22,18,31,18,48,48,26,23,21,23,27,21,15,35,47,22,24,29,25,24,20,26,46,43,22,40,21,18,29,26,26,17,13,33,27,45,47,18,28,34,15,30,34,15,24,30,52,19,37,20,23,32,20,24,23,22,23,20,23,28,17,25,19,23,0,26,34,42,27,29,31,20,33,28,22
1904,19,24,35,14,43,15,19,35,15,17,29,43,25,40,30,22,25,20,34,27,35,22,17,31,18,48,48,26,23,20,23,27,21,15,35,47,22,24,30,25,24,20,26,46,43,22,40,21,18,29,26,26,17,13,33,27,45,47,18,28,34,15,30,34,15,24,30,52,19,37,20,23,32,20,24,23,22,23,20,23,27,17,25,19,23,0,26,34,40,27,29,31,20,33,28,22
1905,19,24,35,14,43,15,18,35,15,17,29,43,25,40,29,22,24,20,34,27,35,22,17,31,18,48,48,26,23,20,23,27,21,15,35,47,22,24,30,25,23,20,26,46,43,22,40,21,18,29,26,26,17,13,33,27,45,47,18,28,34,15,30,34,15,24,30,52,18,37,20,23,32,20,24,23,22,23,20,22,27,17,25,19,23,0,26,34,40,26,29,31,20,33,28,22
1906,20,24,35,14,44,15,18,35,15,17,29,42,25,39,29,22,24,20,34,27,35,22,17,31,18,48,48,26,23,20,23,27,21,15,35,47,22,24,30,25,23,19,26,46,43,22,40,21,18,29,26,26,17,13,32,27,45,47,18,28,34,15,30,34,15,24,30,52,18,37,20,23,32,20,24,23,22,23,20,22,27,17,25,19,23,0,26,34,40,26,29,31,20,33,28,21
1907,20,24,35,14,44,15,18,35,15,17,29,42,25,39,29,22,24,20,34,27,35,22,17,31,18,48,48,26,23,20,23,27,21,15,35,47,22,24,30,25,22,19,26,45,42,22,40,21,18,29,26,26,17,13,32,27,45,47,18,28,34,15,30,34,15,24,30,52,18,37,20,23,32,20,24,23,22,23,20,22,27,17,25,19,23,0,26,34,40,26,29,31,20,33,28,21
1908,20,22,35,14,44,15,18,35,15,17,29,42,25,39,29,22,24,20,34,27,35,22,17,31,17,48,49,26,23,20,23,27,21,15,35,48,22,24,30,25,22,19,26,45,42,22,40,21,18,29,26,26,17,13,32,27,45,47,18,28,33,15,30,34,15,24,30,52,18,37,20,22,31,20,24,23,22,23,20,22,27,17,25,19,23,0,26,34,40,26,29,31,20,33,28,21
1909,20,22,35,14,44,15,18,35,15,17,29,42,25,39,29,22,24,20,34,27,34,22,17,31,17,48,49,26,23,20,23,27,21,15,35,48,22,24,30,25,22,19,25,45,41,22,40,21,17,29,26,25,16,13,32,27,45,47,18,26,33,15,30,33,15,24,30,52,18,37,20,22,31,20,23,23,22,23,20,22,27,17,25,19,23,0,26,34,40,26,29,31,19,33,28,21
1910,20,21,35,14,44,15,18,35,15,17,29,42,25,39,30,22,24,20,34,26,34,22,17,31,17,48,49,26,23,20,23,28,21,14,35,48,21,24,30,25,22,19,25,45,41,22,39,21,17,29,26,25,16,13,32,27,44,47,18,26,33,15,30,33,15,23,30,52,18,37,20,22,31,19,23,22,22,23,20,22,27,17,25,18,23,0,26,33,40,26,29,31,19,33,28,21
1911,20,21,35,14,44,15,18,35,15,17,29,42,25,39,30,22,24,20,34,26,34,22,17,31,17,48,49,26,23,20,23,28,21,14,35,48,21,24,30,25,22,19,25,45,41,22,39,21,17,29,26,24,16,13,32,27,44,47,18,26,33,15,30,33,15,23,29,52,18,37,20,22,31,18,23,22,22,23,20,22,27,17,25,18,23,0,26,33,39,26,29,31,19,33,28,21
1912,20,20,35,14,44,15,17,35,15,17,29,42,25,39,30,22,25,20,34,26,34,22,17,31,17,48,49,26,23,20,23,28,21,14,35,48,21,24,30,25,22,19,25,45,41,22,39,21,17,28,26,24,16,13,32,27,44,47,18,26,33,15,29,33,15,23,29,52,18,37,20,21,31,18,23,22,22,23,20,22,27,17,25,18,23,0,26,33,39,25,29,30,19,33,28,21
1913,20,20,35,14,44,15,17,35,15,17,29,42,25,40,30,22,24,20,34,26,34,22,17,31,17,48,49,26,23,20,23,28,21,14,35,48,21,24,30,25,22,19,25,45,42,22,39,21,17,28,26,24,16,13,31,27,44,46,19,26,33,15,29,33,15,23,29,52,18,37,20,21,31,18,22,22,22,23,20,22,27,17,24,18,23,0,26,32,39,25,29,30,19,33,27,21
1914,20,20,34,14,44,15,17,35,15,17,29,41,25,40,30,22,24,20,34,26,34,22,17,31,17,48,49,26,23,20,23,28,21,14,35,47,21,24,30,25,21,19,25,45,42,21,38,21,17,28,26,23,16,13,31,26,44,46,19,26,33,15,29,32,15,23,29,52,18,38,20,20,31,17,22,22,22,23,20,22,27,17,24,18,23,0,25,32,39,25,29,30,19,33,26,21
1915,20,20,33,14,44,15,17,35,15,17,29,41,25,40,30,22,24,20,34,26,34,22,17,31,17,48,49,26,22,20,23,28,21,14,34,47,21,24,30,25,21,19,25,45,42,21,38,20,17,28,26,23,16,13,31,26,43,46,19,26,33,15,29,32,15,23,29,52,18,38,20,20,31,17,22,22,22,23,20,22,27,17,24,18,23,0,25,32,39,25,29,30,19,33,26,21
1916,20,20,33,14,44,15,17,35,15,17,29,41,25,40,30,22,24,20,34,26,34,22,17,31,17,48,49,26,21,20,23,28,21,14,34,47,21,24,30,25,21,19,25,45,42,21,38,20,17,28,25,23,16,13,31,26,43,45,19,26,33,15,29,32,15,23,29,52,17,38,19,19,31,16,22,22,22,23,20,22,27,16,24,18,23,0,24,32,39,25,29,30,19,32,26,21
1917,20,19,33,14,44,15,17,35,15,17,29,41,25,40,29,22,24,20,34,26,35,22,17,30,17,48,49,26,21,20,23,29,21,14,34,47,21,24,30,25,21,19,25,45,42,21,38,20,17,28,25,23,16,13,31,26,43,45,19,26,33,15,29,32,15,22,29,51,17,38,19,19,31,16,22,22,21,23,20,22,26,16,24,18,22,0,23,32,39,25,29,30,19,32,26,21
1918,19,19,33,14,43,15,17,35,15,17,29,41,24,40,29,22,25,19,34,26,35,22,17,30,17,47,49,26,21,20,23,29,21,13,34,47,21,24,30,25,21,19,25,45,42,21,38,20,17,28,24,22,15,13,31,26,43,46,19,26,33,15,29,32,15,22,29,51,17,38,19,19,31,16,22,22,21,23,20,22,26,16,24,17,22,0,23,32,39,25,29,30,19,32,26,21
1919,19,19,33,13,43,15,17,35,15,17,29,41,24,40,28,22,25,19,34,26,34,22,17,30,17,46,49,25,21,19,23,29,21,13,34,47,21,23,29,25,21,19,25,45,42,21,38,20,17,28,24,22,15,12,31,26,43,45,19,26,33,15,29,31,15,22,29,51,17,38,19,19,31,16,22,21,21,23,20,22,26,16,24,17,22,0,23,32,39,25,28,30,19,32,26,21
1920,18,19,33,13,43,15,17,35,15,17,29,41,24,40,29,22,25,19,34,26,34,22,17,30,17,46,49,25,21,19,23,29,21,13,34,47,21,23,29,25,21,19,25,44,42,21,38,21,17,28,24,21,15,11,31,26,42,45,19,26,33,15,29,31,15,22,29,51,17,37,19,19,31,16,22,21,21,23,20,21,26,16,24,17,22,0,23,32,38,25,28,30,20,32,26,21
1921,18,19,33,13,43,15,17,35,15,16,29,41,23,40,29,22,25,19,34,26,34,22,17,30,17,46,49,25,21,19,23,29,21,13,34,47,21,23,29,25,21,19,25,44,42,21,38,21,17,28,24,21,15,11,31,25,42,45,19,26,32,15,29,31,15,22,29,51,16,37,19,19,30,16,22,21,21,23,20,21,26,16,24,17,22,0,23,32,38,25,28,30,20,32,26,21
1922,17,19,33,12,41,15,17,35,15,16,29,40,23,40,29,22,25,19,34,26,34,22,17,30,17,46,49,25,21,19,23,29,21,13,34,47,21,22,29,25,21,19,25,44,42,21,38,21,17,28,24,21,15,10,31,25,42,45,19,26,32,15,30,31,15,22,29,51,16,37,19,19,30,16,22,21,20,23,20,21,26,16,24,17,22,0,23,32,38,25,27,30,20,32,26,21
1923,17,19,33,12,41,14,17,35,15,16,29,40,23,41,27,22,24,18,34,26,34,22,17,30,17,46,48,25,21,18,23,29,21,13,33,46,21,21,29,25,21,19,24,44,42,21,38,21,16,28,23,21,14,10,31,25,42,45,19,26,32,15,30,30,15,22,29,52,16,37,19,19,30,16,22,21,20,23,20,21,25,16,24,17,22,0,23,32,38,25,27,30,20,32,26,21
1924,17,18,33,12,41,14,17,35,15,16,29,39,23,41,27,22,24,18,34,26,35,22,17,31,17,46,48,25,21,18,23,29,21,13,33,46,21,21,29,25,21,19,23,44,42,21,37,21,16,28,23,21,14,10,31,25,42,45,19,26,32,15,30,30,15,22,29,52,16,37,19,19,30,17,22,21,20,23,20,21,25,16,24,17,22,0,23,32,37,24,27,30,20,32,26,21
1925,17,18,33,12,41,14,17,35,15,16,29,39,23,40,27,22,24,18,34,26,35,22,17,31,17,46,48,25,21,18,23,29,20,13,32,46,21,21,29,25,21,19,23,43,42,21,37,21,16,28,23,21,14,10,31,25,43,45,19,26,32,15,30,30,15,22,29,52,16,37,19,19,30,17,22,22,20,23,20,21,25,16,24,17,22,0,23,32,37,24,27,30,20,32,26,21
1926,17,18,33,12,41,14,17,35,15,16,29,39,23,40,27,22,24,18,34,26,35,22,17,31,17,46,48,25,21,18,23,29,20,12,31,46,21,21,29,25,21,19,23,43,40,21,37,21,16,28,23,21,14,9,31,25,43,45,19,25,32,15,31,30,15,22,29,52,16,37,19,18,30,17,22,23,19,23,20,21,24,16,24,17,22,0,23,32,37,24,27,30,19,32,27,21
1927,17,18,33,12,41,14,17,35,15,16,28,39,23,39,27,22,24,18,34,26,35,22,17,31,17,46,48,25,21,18,23,29,20,12,31,46,21,21,28,25,21,19,23,43,40,21,37,21,16,28,23,21,14,9,30,25,43,45,19,25,32,15,31,30,15,22,29,52,16,36,19,18,30,17,22,23,19,23,20,21,24,16,24,17,22,0,23,32,37,24,27,30,19,32,26,21
1928,17,18,33,12,41,14,17,34,16,16,28,39,23,38,27,22,24,18,34,25,35,22,17,31,17,46,48,25,21,18,23,29,20,12,31,46,21,21,28,25,21,19,23,44,40,21,37,20,16,28,23,21,13,8,30,25,43,45,19,25,32,15,31,30,15,22,29,52,16,36,19,18,30,17,22,23,19,23,20,21,24,16,24,17,22,0,23,32,37,24,27,30,19,32,26,21
1929,17,18,33,12,41,14,17,34,16,16,28,39,23,38,27,22,24,18,34,25,35,22,17,31,17,45,47,25,21,18,23,29,20,12,31,46,21,21,28,26,21,19,23,44,40,21,38,20,16,28,23,21,13,8,30,25,43,45,19,25,32,15,30,30,15,22,28,53,16,36,19,18,30,17,22,23,19,23,20,21,24,16,24,17,22,0,23,31,37,24,27,30,18,32,26,21
1930,17,18,33,12,41,14,17,34,16,16,28,39,23,38,27,21,24,18,34,25,34,22,16,31,17,45,47,25,21,19,23,29,20,12,30,46,21,21,28,25,21,19,22,44,40,21,38,20,16,28,23,21,13,8,30,25,43,45,19,25,32,15,30,30,15,22,28,53,16,37,19,18,30,17,22,23,19,23,20,21,24,16,24,17,22,0,23,31,37,24,27,30,18,33,26,21
1931,17,18,33,12,40,15,17,34,16,16,28,39,23,37,27,21,24,18,34,25,34,22,16,30,17,45,47,25,21,19,23,29,20,12,30,46,21,21,28,25,21,19,22,44,40,21,37,20,16,28,23,21,13,7,30,25,42,45,19,24,32,15,30,30,15,22,28,53,16,37,18,18,30,17,22,23,19,23,20,21,23,16,25,17,22,0,23,31,38,24,27,30,18,33,26,21
1932,16,17,33,12,40,14,17,34,16,16,27,39,23,37,27,20,24,18,34,25,34,22,16,30,17,45,47,25,21,19,23,29,20,12,30,46,21,21,28,25,21,19,22,44,40,21,37,20,16,28,23,21,13,6,30,25,42,45,19,24,32,15,30,31,15,22,28,52,16,37,18,18,30,17,22,23,19,23,20,21,23,16,25,17,21,0,23,30,38,23,27,30,18,33,26,21
1933,16,17,33,12,40,14,17,34,16,17,27,39,23,37,27,20,24,18,34,24,33,22,16,29,17,45,46,25,21,19,23,29,20,12,30,46,21,21,28,25,21,19,22,44,40,20,37,20,16,28,23,21,13,6,30,25,42,46,19,24,32,15,30,31,15,22,28,52,16,37,17,18,30,17,22,23,19,23,20,21,23,16,25,17,21,0,23,30,38,22,27,30,18,33,26,21
1934,16,17,33,12,42,14,17,34,16,17,26,39,23,37,27,20,24,18,33,24,33,22,16,28,17,45,46,25,21,19,23,29,20,12,30,46,21,21,28,25,21,19,22,44,40,20,37,20,16,28,23,21,13,6,30,25,41,47,19,24,31,15,30,31,15,22,28,53,16,37,17,18,30,17,22,23,19,23,20,21,23,16,25,17,21,0,23,30,38,22,27,30,18,33,26,21
1935,16,17,33,12,42,14,17,34,16,17,26,39,23,36,27,20,24,18,33,23,33,22,16,27,17,45,46,25,21,19,23,29,20,12,30,46,21,21,28,25,21,18,22,44,40,20,37,20,16,28,23,21,13,6,30,25,41,47,19,24,31,15,29,31,15,22,28,53,16,37,17,18,30,17,22,23,19,23,20,21,23,16,25,17,21,0,22,29,38,21,27,30,18,33,26,21
1936,16,17,33,12,42,14,17,34,16,17,26,39,23,35,27,20,24,18,33,23,33,22,16,27,16,45,46,25,21,19,23,29,20,12,30,46,21,21,28,25,21,18,22,44,41,20,36,20,16,27,23,21,13,6,30,25,40,46,19,24,31,15,29,30,15,22,28,54,16,37,17,18,30,17,22,23,19,23,20,21,23,16,24,17,21,0,22,29,38,20,27,30,18,33,27,20
1937,16,16,34,12,42,14,17,34,16,17,26,39,23,35,27,20,24,18,32,23,33,22,15,27,16,44,46,25,21,18,23,29,20,12,30,46,20,21,28,25,21,18,22,44,40,20,36,20,16,27,23,21,13,6,30,25,40,46,19,24,31,15,29,30,14,22,29,54,16,37,17,18,30,17,22,23,19,23,20,21,22,16,24,17,21,0,22,29,38,20,27,30,18,33,27,20
1938,16,15,34,11,42,14,17,34,16,17,26,39,23,36,27,19,24,17,30,24,32,22,14,27,16,44,46,25,21,18,23,29,20,12,30,46,19,21,28,25,21,18,22,44,40,20,36,20,16,27,23,21,13,6,30,25,40,46,19,24,31,16,29,30,14,22,29,54,16,37,17,18,30,17,22,23,19,23,21,21,22,16,24,17,21,0,22,29,38,20,27,30,18,33,27,20
1939,16,15,34,11,41,14,16,34,16,17,26,39,23,35,27,19,24,16,29,24,32,22,14,27,16,44,46,25,21,17,22,29,20,12,30,46,19,21,28,24,21,18,22,44,40,20,36,20,16,27,23,21,13,6,30,25,40,46,19,23,31,16,29,30,14,23,29,54,16,37,17,18,29,17,22,23,19,22,20,21,22,16,24,17,21,0,22,29,38,20,27,30,18,33,27,20
1940,16,15,34,11,41,14,16,34,16,17,26,39,23,35,27,18,24,16,29,24,31,22,14,27,16,44,45,25,21,17,22,29,20,12,30,46,19,21,28,24,21,18,22,44,40,20,36,20,16,27,23,21,13,6,30,25,40,46,19,23,31,16,30,30,14,23,29,54,16,37,17,18,29,17,22,23,19,22,20,21,22,16,24,17,21,0,22,29,38,20,27,30,18,33,26,19
1941,16,15,34,11,41,14,16,33,16,17,26,39,23,35,27,18,24,16,29,24,31,22,14,27,16,44,45,25,21,17,22,28,20,12,30,45,19,21,28,24,21,18,22,44,40,19,36,20,16,27,23,21,13,6,30,25,40,46,19,23,31,16,30,30,14,23,29,54,16,37,17,18,29,17,22,23,19,22,20,21,22,16,24,17,21,0,22,28,38,20,27,30,18,33,26,19
1942,16,15,34,11,41,14,16,33,16,17,26,39,23,33,27,18,24,16,29,24,31,22,14,26,16,44,44,25,21,17,22,28,20,12,30,45,19,21,28,24,21,18,22,44,40,19,36,20,16,27,23,21,13,6,30,25,40,46,19,23,31,16,30,30,14,23,29,55,16,37,17,18,29,17,22,23,19,22,20,21,22,16,24,17,21,0,22,28,38,20,27,30,18,33,26,19
1943,16,15,34,11,41,14,16,33,16,17,26,39,23,33,27,18,24,16,29,24,31,22,13,26,16,44,44,24,21,17,22,28,20,12,30,45,19,21,28,24,21,18,22,44,39,19,36,20,16,27,23,21,13,6,30,25,40,47,19,23,31,16,30,31,14,23,30,55,16,37,17,18,29,17,22,23,19,22,20,21,22,16,24,17,21,0,22,28,38,20,27,30,18,33,26,19
1944,16,15,34,11,41,14,16,33,16,17,26,39,23,33,27,18,24,16,29,24,31,22,13,26,16,43,44,24,21,17,22,28,20,12,30,45,19,21,28,24,21,18,22,43,39,19,35,20,16,27,23,21,13,6,30,25,40,47,19,23,31,16,30,31,14,23,30,55,16,37,17,18,28,17,22,23,19,22,20,21,22,16,24,17,21,0,22,28,39,20,27,30,17,33,26,18
1945,16,15,34,11,41,13,16,33,16,17,26,39,23,33,27,18,24,16,29,24,31,22,13,26,16,43,44,24,21,17,22,28,20,12,30,45,19,21,28,24,21,18,22,43,38,19,35,20,16,26,23,21,13,6,30,25,40,47,19,23,31,16,30,31,14,23,30,55,16,37,17,18,28,17,20,23,19,22,20,21,22,15,24,17,21,0,22,28,39,18,27,30,17,32,26,18
1946,16,15,34,11,41,13,16,33,16,16,26,38,23,33,26,18,24,16,29,24,30,22,13,26,16,42,43,24,21,17,22,28,20,12,30,45,19,21,28,24,21,18,22,44,38,19,33,20,16,26,23,21,13,6,30,25,41,47,19,23,30,16,28,31,14,23,30,55,16,37,17,18,28,17,20,23,19,22,20,21,22,15,24,17,21,0,22,28,39,18,27,30,17,32,26,18
1947,16,15,34,11,40,13,15,32,16,16,26,38,23,33,26,18,24,16,29,24,30,22,13,26,16,41,43,24,21,17,22,28,20,12,29,45,19,21,28,24,21,18,22,44,38,19,34,20,16,26,23,20,12,6,28,25,41,47,19,23,30,16,28,31,14,22,30,55,16,37,17,18,28,16,20,23,19,22,20,21,22,15,24,17,21,0,22,28,39,18,27,30,17,32,26,18
1948,15,15,34,11,40,13,15,32,16,16,26,38,23,33,26,18,24,15,29,23,29,22,13,26,16,41,43,24,21,17,22,28,20,12,29,45,19,21,28,24,20,18,22,44,37,19,34,20,16,26,23,20,12,6,27,25,40,47,19,23,30,15,28,31,14,22,30,55,14,37,17,18,28,16,20,23,19,22,20,21,22,15,24,17,21,0,22,28,39,18,27,30,17,32,26,18
1949,15,15,34,10,40,13,15,32,16,15,26,38,23,33,26,18,24,15,29,23,29,22,13,26,16,41,43,24,21,17,21,28,19,12,29,45,19,21,28,24,20,18,22,44,37,19,34,20,16,26,23,20,12,6,28,25,40,47,19,23,30,14,28,31,14,22,30,56,14,37,17,18,28,16,20,23,19,21,20,21,22,15,24,17,21,0,22,28,39,18,27,30,17,32,26,18
1950,15,15,34,10,40,13,15,32,16,15,26,37,23,33,26,18,24,15,29,23,29,22,13,26,16,41,43,24,21,17,21,28,19,12,29,45,19,21,28,24,20,18,22,44,37,18,35,20,16,26,23,20,12,6,28,25,40,47,19,23,30,14,28,30,14,22,30,56,14,37,17,18,29,16,19,23,19,21,20,21,22,15,23,17,21,0,22,28,39,18,27,30,17,31,26,18
1951,15,15,34,10,39,13,15,32,16,15,27,37,23,33,26,18,24,14,29,23,29,22,13,26,15,39,43,24,21,17,21,28,19,12,29,45,19,21,28,24,20,18,22,44,37,18,34,20,16,26,23,20,12,6,28,25,40,47,19,23,30,14,27,30,14,22,30,56,14,37,17,18,29,16,19,23,19,21,20,21,22,15,23,17,21,0,22,28,39,18,27,30,16,31,26,18
1952,15,15,34,10,40,13,15,32,16,15,27,37,23,33,26,18,24,14,29,23,29,22,13,26,15,39,43,24,21,17,21,28,19,12,29,44,19,21,28,24,20,18,22,44,37,18,34,20,16,26,23,20,12,6,28,25,39,46,19,23,30,14,27,30,14,22,30,55,14,36,17,18,29,16,19,23,19,21,20,21,22,15,23,17,21,0,22,28,39,18,27,30,16,31,26,18
1953,15,15,34,10,40,13,15,32,16,15,27,37,23,33,26,17,25,14,29,22,29,21,13,26,15,39,43,24,21,17,21,28,19,12,29,44,18,20,28,24,20,18,22,44,37,18,33,20,16,26,23,20,12,6,28,25,39,46,19,23,30,14,28,29,14,22,30,55,14,36,17,17,29,16,19,23,19,20,20,21,22,15,23,17,21,0,22,28,40,18,27,30,16,30,26,18
1954,15,15,34,10,40,13,15,31,16,15,27,37,23,33,25,17,25,14,29,22,29,21,13,26,15,39,42,24,21,17,21,28,19,12,29,43,18,20,28,24,20,18,22,43,37,18,33,20,15,26,23,19,12,6,28,25,39,45,19,23,30,14,28,29,14,22,30,54,14,35,17,17,29,16,19,23,19,20,20,21,22,15,23,17,21,0,22,28,40,18,27,30,16,30,26,18
1955,15,15,34,10,40,12,14,31,15,15,27,37,24,33,25,17,25,14,29,22,29,21,13,26,15,39,43,24,21,17,20,28,19,12,29,43,18,20,27,24,20,18,22,43,37,18,33,20,15,26,23,19,12,6,28,25,40,45,19,23,30,14,28,28,14,22,30,54,14,35,17,17,29,16,19,23,19,20,20,21,22,15,23,17,21,0,22,28,40,18,27,30,16,30,26,18
1956,15,15,34,10,39,12,14,31,15,15,27,37,24,33,25,17,25,14,29,22,29,21,13,26,15,39,43,24,21,17,20,28,19,12,29,43,18,20,27,24,20,18,22,43,37,18,33,20,15,26,23,19,12,6,28,25,40,44,18,23,30,13,28,28,14,22,30,54,13,35,17,17,29,16,18,23,19,20,20,20,22,15,23,17,21,0,22,28,40,18,27,30,16,30,26,18
1957,15,15,35,10,39,12,14,31,15,15,27,37,24,33,25,17,25,14,29,22,29,21,13,25,15,39,43,24,21,17,20,28,18,12,29,43,18,20,27,24,20,18,22,43,37,18,33,19,15,26,23,19,12,6,28,25,40,44,18,23,30,13,28,28,14,22,30,54,13,35,17,17,29,16,18,23,19,20,20,20,22,15,23,17,21,0,22,28,40,18,27,30,16,30,26,18
1958,15,15,35,10,39,12,14,31,15,15,27,37,24,33,25,17,25,14,29,22,29,21,13,24,15,38,43,24,20,17,20,29,17,12,29,43,18,20,27,24,20,18,22,43,37,18,33,19,15,26,23,18,12,6,28,25,40,44,18,23,30,13,28,28,14,22,31,53,13,35,17,17,29,16,18,23,19,20,20,20,22,15,23,17,20,0,22,28,40,18,29,30,16,30,26,18
1959,14,15,35,10,39,12,14,31,15,15,27,37,24,33,25,17,25,14,29,22,29,21,13,24,15,37,43,24,20,17,20,29,17,12,29,44,18,20,27,24,20,18,22,43,37,18,33,19,15,26,23,18,12,6,28,25,40,44,18,23,30,13,28,28,14,22,31,53,13,35,17,17,29,16,18,22,19,20,20,20,21,15,22,17,20,0,22,28,40,18,29,30,16,29,26,18
1960,14,15,35,10,39,12,14,30,15,15,27,37,24,33,25,17,25,14,29,22,29,21,13,24,14,37,43,24,20,17,20,29,17,12,29,44,18,20,27,24,20,18,21,42,37,18,33,19,15,26,23,18,12,6,28,25,39,44,18,23,30,13,28,28,14,22,31,53,13,35,17,17,29,16,18,22,19,19,20,20,21,15,22,17,20,0,22,28,39,18,29,30,16,29,26,17
1961,14,15,35,10,39,12,14,29,15,15,27,37,24,33,25,17,25,14,29,22,28,21,13,24,13,37,43,23,20,17,20,28,17,12,29,44,18,20,27,23,20,18,21,42,37,18,33,19,15,26,23,18,12,6,28,24,39,44,18,23,30,13,28,27,14,22,30,53,13,34,17,17,29,16,18,23,19,19,20,20,21,15,22,17,20,0,22,28,39,18,29,30,16,29,26,17
1962,14,15,35,10,39,12,14,29,15,15,27,37,24,32,26,17,25,14,29,22,28,21,13,24,13,36,43,23,20,17,20,27,17,12,29,43,18,20,27,23,20,18,21,41,37,18,33,19,15,26,23,18,12,6,28,24,40,45,18,23,30,13,28,27,14,21,30,53,13,34,17,17,29,16,18,23,19,19,20,20,21,15,22,17,20,0,22,27,39,18,29,30,16,29,26,17
1963,14,15,35,10,39,12,14,29,15,15,27,37,24,32,26,17,25,14,29,22,27,21,12,24,13,36,43,23,20,17,20,27,17,12,29,43,17,20,27,23,20,18,21,41,37,18,33,19,15,26,23,18,12,6,28,24,40,45,18,23,30,13,28,27,14,21,30,53,13,34,17,17,29,16,18,23,19,19,20,20,21,15,22,17,20,0,22,27,39,18,29,30,16,29,26,16
1964,14,15,35,10,40,12,14,29,14,15,27,37,24,31,26,17,25,14,29,22,27,21,12,24,13,36,44,23,20,17,20,27,17,12,29,43,17,20,27,23,20,18,21,41,37,18,32,19,15,26,23,18,12,6,28,24,39,45,18,23,30,13,28,27,14,21,30,53,13,34,17,17,29,16,18,23,19,19,20,20,21,15,22,17,20,0,22,27,39,18,29,30,16,29,26,16
1965,14,15,35,10,40,12,15,29,14,15,27,37,24,31,26,17,24,14,29,22,27,21,12,24,13,36,44,23,20,17,19,27,17,12,29,43,16,20,27,23,20,18,21,40,37,17,32,19,15,26,23,18,12,6,28,24,39,45,18,23,30,13,28,27,14,21,30,53,13,32,17,17,29,16,18,23,19,19,20,20,21,15,22,17,20,0,22,27,39,18,29,30,16,29,26,14
1966,14,15,35,10,40,12,15,29,14,15,27,37,24,31,26,17,24,14,29,22,27,21,12,24,12,36,44,23,20,17,19,27,17,12,29,43,16,20,27,23,20,18,21,40,36,17,32,19,15,26,23,18,12,6,28,24,39,45,18,23,30,13,28,27,14,22,30,54,13,32,17,16,29,16,18,22,19,19,20,20,21,15,22,17,20,0,22,27,39,18,29,30,15,29,26,14
1967,14,15,35,10,40,12,14,29,14,15,27,37,24,32,26,17,24,14,29,22,26,21,12,24,12,36,44,23,20,17,19,27,17,12,29,43,16,19,27,23,20,18,21,40,36,17,32,19,15,26,23,18,12,6,28,24,39,45,18,23,30,13,28,27,14,21,30,54,13,32,17,16,29,16,18,22,19,19,20,19,21,15,22,17,20,0,22,27,40,18,29,30,15,29,26,14
1968,14,15,35,10,39,12,14,29,13,15,27,36,24,32,27,18,23,14,29,22,26,21,12,25,12,36,45,23,20,17,19,27,17,12,29,43,16,19,27,23,20,18,21,40,36,17,32,20,15,26,22,18,12,6,28,24,39,45,18,23,30,13,28,27,14,21,30,54,13,32,17,16,29,16,18,22,19,19,20,19,21,15,23,17,19,0,22,27,40,18,29,30,15,29,26,14
1969,14,15,35,10,39,12,13,29,13,15,27,36,24,32,27,18,23,14,28,22,26,21,12,25,12,36,45,23,20,16,19,27,17,12,29,43,16,19,27,23,20,18,21,40,36,17,32,20,15,26,21,18,12,6,28,24,39,45,18,23,30,13,28,27,14,21,30,54,13,31,17,16,29,16,18,22,19,19,20,19,21,15,23,17,19,0,21,27,40,17,29,30,15,30,26,14
1970,14,15,35,10,39,12,13,29,13,15,27,36,24,32,27,18,23,14,28,22,26,21,12,25,12,36,45,23,20,16,19,27,17,12,29,43,16,18,27,23,20,18,21,41,35,17,32,20,15,26,21,18,12,6,28,24,39,44,18,23,30,13,27,27,14,21,29,54,13,31,17,16,28,16,18,22,19,19,20,19,21,15,23,17,19,0,21,26,40,16,29,30,15,30,26,14
1971,14,15,35,10,39,12,13,29,13,14,27,36,24,32,27,18,23,14,28,22,26,21,12,25,12,36,45,23,20,16,20,27,17,12,29,43,16,18,27,23,20,18,20,41,35,17,32,20,15,25,21,18,11,6,27,24,39,44,18,23,29,12,27,27,14,21,29,54,13,31,17,16,28,16,18,22,19,18,20,19,21,15,23,17,19,0,21,26,40,16,29,30,15,30,26,14
1972,14,15,35,10,39,12,13,29,13,14,27,36,24,32,27,18,23,14,28,22,26,21,12,25,12,36,45,23,20,16,20,27,17,12,29,43,16,18,27,23,20,18,20,41,34,17,32,20,15,25,21,18,11,6,27,24,39,44,18,23,29,12,27,27,14,20,29,53,13,31,17,16,28,15,18,22,19,17,20,19,21,15,23,17,19,0,21,26,40,15,29,30,15,30,26,14
1973,14,15,35,9,39,12,13,29,13,14,27,36,23,32,27,18,23,14,28,22,26,20,12,25,12,36,45,23,20,16,20,27,17,12,29,42,16,18,27,23,20,18,20,42,34,17,32,20,15,25,21,18,11,6,27,24,39,44,18,23,29,12,27,27,13,20,29,53,13,31,16,16,28,15,18,22,19,17,19,19,21,15,23,17,19,0,21,26,40,14,29,29,15,31,26,14
1974,14,15,32,9,39,12,13,29,13,14,27,35,23,32,27,18,23,14,28,22,26,20,12,25,12,35,46,21,19,16,20,27,17,12,29,42,16,18,27,22,20,18,20,42,34,17,32,20,15,25,21,18,11,6,27,24,39,44,18,23,29,12,27,27,13,20,29,53,13,31,16,16,28,15,18,22,19,17,19,19,21,15,23,17,19,0,21,26,40,14,29,29,15,31,26,14
1975,14,15,32,9,39,12,13,29,13,14,27,35,23,32,26,18,23,14,28,22,26,20,12,25,12,35,46,21,19,16,20,27,16,12,29,42,15,18,27,22,20,18,20,42,34,17,32,20,15,25,21,18,10,6,27,24,39,43,18,23,29,12,27,27,13,20,29,54,13,31,16,16,28,15,18,21,19,17,19,20,21,15,23,17,19,0,21,25,40,14,29,29,15,31,26,14
1976,14,15,32,10,40,12,13,29,13,14,27,35,23,31,26,18,23,14,28,22,26,20,12,25,12,35,47,21,19,16,20,27,16,12,29,42,15,18,27,22,20,18,20,42,34,17,31,20,15,25,21,18,10,6,27,24,39,43,18,23,29,12,27,27,12,20,29,54,13,31,16,16,28,15,18,21,19,17,19,20,21,15,22,17,18,0,20,25,40,14,29,29,15,31,26,14
1977,14,15,32,10,40,12,13,29,13,14,27,35,23,31,26,18,23,14,28,22,26,20,12,25,11,35,47,21,19,16,20,27,16,12,29,42,15,18,27,22,20,18,20,43,33,17,31,20,15,25,21,18,10,6,27,24,39,44,18,22,29,12,28,27,11,20,29,54,13,31,16,16,28,15,18,21,19,17,19,20,21,15,22,16,18,0,20,25,40,14,28,29,15,31,26,14
1978,14,15,32,10,40,12,13,28,13,14,27,35,23,31,26,18,23,14,28,21,25,20,12,25,11,34,48,21,19,16,20,27,16,12,29,42,15,18,27,22,20,17,20,43,33,17,31,20,15,24,21,18,10,6,27,24,39,44,18,22,30,12,28,27,11,20,29,54,13,31,16,16,28,15,18,21,19,16,19,20,21,15,22,16,18,0,20,25,40,14,28,29,15,31,26,14
1979,14,15,32,10,40,12,13,28,13,14,27,35,22,31,26,18,23,14,27,21,25,20,12,24,11,33,48,21,19,15,20,26,16,12,29,41,15,18,26,22,20,17,20,43,33,17,31,20,15,24,21,18,10,6,27,24,38,44,18,22,30,12,28,27,11,20,29,54,13,31,16,16,28,15,18,21,19,16,19,20,21,15,22,16,18,0,19,25,40,14,28,29,15,31,26,14
1980,14,15,32,10,40,12,13,28,13,14,27,35,22,31,26,18,23,14,27,21,25,20,12,24,11,33,49,21,19,15,20,26,16,12,29,41,15,18,26,22,20,17,20,43,32,17,31,20,15,24,21,18,10,6,27,24,38,44,18,21,30,11,28,26,11,20,30,54,13,31,16,16,28,15,18,21,19,16,19,20,21,15,22,16,18,0,19,25,40,14,28,29,15,31,26,14
1981,14,15,32,10,40,12,13,28,13,14,27,35,22,31,26,18,23,14,27,20,25,20,12,24,11,33,49,21,19,15,20,26,16,12,29,41,15,18,26,21,20,16,20,43,32,17,31,20,15,24,21,18,10,6,27,24,38,44,18,21,30,11,28,26,11,20,30,54,13,31,16,16,28,15,18,21,19,16,19,20,21,15,22,16,18,0,19,25,40,14,27,29,15,31,26,14
1982,14,15,32,10,39,12,13,28,13,14,27,35,22,31,26,18,23,14,27,20,25,20,12,24,11,32,50,21,19,15,20,26,16,12,29,41,15,18,26,21,20,16,20,43,32,17,32,20,14,24,21,18,10,6,27,24,38,44,18,21,30,11,28,26,11,20,30,54,12,31,16,16,28,15,18,21,18,16,19,20,21,15,22,16,18,0,19,25,40,14,27,29,15,31,26,14
1983,14,15,32,10,39,12,12,28,13,14,27,35,22,31,26,18,23,14,27,20,25,20,12,23,11,31,51,21,19,15,20,26,16,12,29,40,15,18,26,21,20,16,20,43,32,17,32,20,14,24,20,17,10,6,27,24,38,43,18,21,30,11,28,26,11,19,30,54,12,31,16,16,28,15,18,21,17,16,19,20,21,15,23,16,18,0,19,24,40,14,27,29,15,31,26,14
1984,15,15,32,10,39,12,12,28,13,14,27,35,22,31,26,18,23,15,27,20,25,20,11,23,11,30,52,21,19,15,20,26,16,12,29,40,15,18,26,21,20,16,20,43,32,17,32,20,14,24,20,17,10,6,26,24,38,43,18,21,30,11,28,25,11,19,30,55,12,31,16,16,28,15,18,22,17,16,19,19,21,15,23,16,17,0,19,24,40,14,28,29,15,31,26,14
1985,15,15,33,10,39,11,12,28,13,14,27,35,21,31,27,18,23,15,27,20,25,20,11,23,10,30,52,21,19,15,20,26,16,12,29,41,15,18,26,20,20,16,20,43,32,17,32,20,14,24,20,17,10,6,26,24,38,42,18,21,30,11,29,25,11,19,30,55,12,31,16,16,26,15,18,22,17,16,19,19,21,15,23,16,17,0,18,24,39,14,28,28,15,31,26,14
1986,14,15,33,10,39,12,12,28,13,14,27,35,21,31,27,18,23,15,27,20,25,20,11,23,10,30,52,21,19,15,20,26,15,12,28,40,15,18,26,19,20,16,20,43,31,17,32,19,14,23,20,17,10,6,26,24,38,42,18,21,30,11,29,25,11,19,32,55,12,31,16,16,26,15,18,22,17,16,19,19,21,15,23,16,17,0,18,24,39,14,29,28,15,31,25,14
1987,14,15,33,10,39,12,12,28,13,14,27,35,21,31,27,18,23,15,27,20,25,20,11,23,10,30,52,21,19,15,20,26,15,12,28,40,15,18,26,19,20,16,20,43,31,17,32,19,14,23,20,16,9,6,26,24,38,42,18,21,30,11,29,25,11,19,32,55,12,31,16,16,26,15,18,22,17,15,19,19,21,15,23,16,17,0,18,24,39,14,29,28,15,31,25,14
1988,14,15,33,10,39,12,12,28,13,14,27,35,21,31,27,18,23,15,27,20,25,20,11,23,10,30,52,20,19,15,20,26,15,12,28,40,15,18,26,19,20,16,20,43,31,17,32,19,13,23,20,16,9,6,26,24,38,42,18,21,30,11,29,25,11,18,32,55,13,31,16,16,26,15,18,22,17,15,19,19,20,15,23,16,17,0,18,24,39,14,29,28,15,31,25,13
1989,14,15,33,10,39,12,11,28,13,13,27,35,21,29,27,18,23,15,27,20,25,20,11,23,10,30,52,20,19,14,20,26,14,12,28,40,15,18,26,19,20,16,19,43,31,17,32,19,13,23,20,16,9,5,26,24,38,42,18,21,30,11,29,25,11,19,31,55,12,31,16,17,26,15,18,22,17,14,19,19,20,14,23,16,17,0,18,24,40,14,29,27,14,31,25,13
1990,14,15,33,10,40,12,11,28,13,13,26,34,21,29,26,18,23,15,27,20,25,20,11,22,10,30,53,20,19,13,20,26,14,12,28,40,15,18,26,19,20,16,19,43,31,17,31,19,12,23,20,16,9,5,26,24,38,42,18,21,30,11,28,25,11,19,31,55,12,31,16,17,26,15,18,22,17,14,19,19,19,14,23,16,16,0,18,24,39,14,29,27,14,30,25,13
1991,14,15,33,10,40,12,11,28,13,13,26,33,21,29,26,18,23,15,27,20,25,20,11,22,10,30,53,20,19,13,20,26,14,12,28,41,15,18,26,19,20,16,19,43,31,17,31,19,12,23,20,16,9,5,26,24,38,42,18,21,30,11,28,25,11,19,31,54,12,31,16,17,26,15,18,22,17,14,19,19,18,14,23,16,16,0,18,24,39,14,29,27,14,30,25,13
1992,14,15,33,10,40,12,11,28,13,13,26,33,21,29,26,18,23,15,27,20,25,20,11,22,10,30,53,19,19,13,20,26,14,12,28,40,15,17,26,18,20,16,19,43,31,16,31,19,12,23,20,16,9,5,26,24,38,42,18,21,30,11,28,25,11,19,31,54,12,31,16,17,26,15,18,22,16,14,19,19,18,14,23,16,16,0,18,24,39,14,29,27,14,30,25,13
1993,14,15,33,10,40,12,11,28,13,13,25,33,21,29,26,18,23,15,27,20,25,20,11,22,10,30,53,19,19,13,20,26,14,12,28,39,15,17,26,17,20,16,19,43,31,16,32,19,12,23,20,16,9,5,26,24,38,42,18,21,30,10,28,25,11,18,30,54,12,31,16,17,26,15,18,22,16,14,19,19,18,13,23,16,16,0,18,24,40,14,29,26,14,30,25,13
1994,14,15,33,10,40,12,11,28,13,13,25,33,21,29,26,18,23,15,27,20,25,20,11,22,10,30,53,19,19,13,20,26,14,12,28,39,15,17,25,17,20,16,18,43,31,16,32,19,12,23,20,16,9,5,26,24,38,42,18,21,30,10,27,25,11,18,30,53,12,31,16,17,26,15,18,22,16,14,19,19,17,13,23,16,16,0,18,24,40,14,29,26,14,29,25,13
1995,14,15,33,10,40,12,11,28,13,13,25,33,21,29,26,18,23,15,27,20,25,20,11,22,10,30,53,19,19,13,20,26,14,12,27,39,15,17,25,17,20,16,17,43,31,15,32,19,12,23,18,16,9,5,25,23,39,42,18,21,30,10,27,25,11,18,30,53,12,31,16,17,26,13,18,22,16,14,19,19,17,14,23,15,16,0,18,24,39,14,29,26,14,29,25,13
1996,13,15,33,10,40,12,11,28,13,13,24,33,21,28,26,18,23,15,26,19,25,20,11,22,10,30,53,19,19,13,20,26,13,12,26,39,15,18,25,17,20,16,17,43,30,15,32,19,12,23,17,16,9,5,25,23,39,41,18,21,30,10,27,25,11,18,29,53,12,31,16,17,26,13,18,22,15,14,19,19,17,14,23,15,15,0,18,24,39,14,29,26,14,29,25,13
1997,13,15,33,10,40,12,11,28,13,13,24,33,21,28,25,18,23,15,27,19,25,20,11,22,10,30,53,19,19,13,20,26,13,12,26,38,15,18,25,16,20,16,17,42,30,15,32,19,12,22,17,16,9,5,25,23,40,41,18,21,30,10,27,25,11,18,29,53,12,31,16,17,26,13,18,22,15,14,19,19,17,14,23,15,15,0,18,24,38,14,29,26,14,29,25,13
1998,13,15,33,10,39,12,10,27,13,13,23,33,21,28,25,17,23,15,27,19,25,20,11,22,10,30,53,19,19,13,20,26,14,12,26,37,15,18,25,16,20,16,17,42,30,15,32,19,12,21,17,16,9,5,25,22,40,40,18,21,30,10,27,25,11,18,29,53,12,31,16,17,26,13,17,22,15,14,19,19,17,14,23,14,15,0,18,24,38,14,29,26,14,29,25,13
1999,13,15,33,10,39,12,10,27,13,13,23,34,21,28,23,17,23,15,27,19,25,20,11,21,10,30,53,19,19,13,20,26,14,12,26,37,15,18,25,16,20,16,17,42,30,15,32,19,12,21,17,16,9,5,24,22,40,39,18,21,29,10,27,25,11,18,29,53,12,31,16,17,26,13,17,22,15,14,19,19,17,14,23,14,15,0,18,24,38,14,29,26,14,29,25,13
2000,13,15,33,10,39,12,10,27,13,13,23,34,21,29,23,17,22,15,27,19,25,20,11,21,10,30,53,19,19,13,20,26,14,11,26,37,15,18,25,16,20,16,17,42,30,15,32,19,12,21,17,16,9,5,23,22,40,39,18,21,29,10,27,25,11,18,29,53,12,31,16,17,26,13,17,22,14,14,19,19,17,14,23,14,15,0,18,24,38,14,29,26,14,28,25,12
2001,13,15,33,10,39,12,10,26,13,13,23,35,21,29,23,17,22,15,27,19,25,19,11,20,10,30,53,19,19,13,20,26,14,11,26,37,15,18,25,15,20,16,17,41,29,15,32,19,12,22,16,16,9,5,23,22,40,39,17,21,29,10,27,25,11,18,29,53,12,31,16,17,26,13,17,22,14,14,19,19,16,14,23,14,15,0,18,24,38,14,29,26,14,28,25,12
2002,13,15,33,10,39,13,10,26,13,13,23,35,21,30,23,17,22,15,27,19,25,18,11,20,10,30,53,19,19,13,20,26,14,11,26,37,15,18,25,15,20,16,17,41,29,15,32,19,12,22,16,16,9,5,23,22,40,39,17,21,29,10,27,25,11,18,29,52,12,31,16,17,26,13,17,22,14,14,19,19,16,14,23,14,15,0,18,24,38,14,30,25,14,28,25,12
2003,13,15,33,10,39,13,10,25,13,13,23,35,21,30,23,17,22,15,27,19,25,18,11,20,10,30,53,19,19,13,20,26,14,11,26,37,15,18,25,15,20,16,17,41,29,15,32,19,12,22,16,16,9,5,23,22,40,39,17,21,29,10,26,24,11,17,29,52,12,31,16,17,26,13,17,22,14,14,19,19,16,15,23,14,15,0,18,24,38,14,30,25,13,28,24,12
2004,13,15,33,10,39,13,10,25,13,12,23,35,21,30,23,17,22,15,27,19,24,18,11,19,10,30,53,18,19,12,20,26,14,11,26,37,15,18,25,15,20,16,17,41,29,15,32,19,12,22,16,16,9,5,22,22,40,39,16,21,29,10,26,24,11,17,29,52,12,31,16,17,26,13,17,22,14,14,19,19,16,15,23,14,15,0,18,24,38,14,30,25,13,28,24,12
2005,13,15,33,10,39,13,10,25,13,12,22,35,21,30,23,17,22,15,27,19,23,18,11,19,10,30,53,18,19,12,20,26,14,11,26,37,15,18,25,15,20,16,16,41,29,15,32,19,12,22,16,16,9,5,22,22,39,38,16,21,29,10,26,24,11,16,29,52,12,31,16,16,26,13,17,22,14,14,19,19,16,15,23,14,15,0,18,24,38,14,30,25,13,28,24,12
2006,12,15,32,10,39,13,10,25,13,12,22,35,21,30,23,17,22,15,27,20,23,18,11,19,10,30,53,18,18,12,20,26,14,11,26,37,14,18,24,15,20,16,16,41,29,15,32,19,12,22,15,16,9,5,22,22,38,38,16,21,29,10,26,24,11,16,29,51,12,30,16,16,25,13,17,22,14,14,19,19,16,15,23,14,15,0,18,24,38,14,30,25,13,28,24,12
2007,12,15,32,10,40,13,10,25,13,12,22,35,21,30,23,17,22,15,27,20,23,18,11,19,10,30,53,18,18,12,20,26,14,11,26,37,13,18,24,15,20,16,16,41,29,15,33,19,13,22,15,16,9,5,22,22,38,38,16,21,29,10,26,24,11,15,30,51,12,29,16,16,25,13,17,22,14,14,19,19,16,15,23,14,15,0,18,24,38,14,31,25,13,28,24,12
2008,12,15,32,10,40,13,10,25,13,12,22,35,21,30,23,17,22,15,27,20,23,18,11,19,10,30,53,17,18,11,20,26,14,11,26,37,13,18,23,15,20,16,16,41,28,15,33,19,13,22,15,16,9,5,22,22,38,38,16,21,29,10,26,23,11,15,30,51,12,29,16,16,25,13,17,22,14,14,19,19,16,15,23,14,15,0,18,24,37,14,31,25,13,28,24,12
2009,12,15,32,10,40,13,10,25,13,12,22,34,21,30,23,17,22,15,27,20,22,18,11,19,10,30,53,17,18,11,20,26,14,11,27,37,13,18,23,15,20,16,16,41,28,15,33,19,13,22,15,16,9,5,22,22,38,38,16,20,29,10,26,23,11,15,30,51,12,28,16,16,25,12,17,22,14,13,19,19,16,15,23,14,15,0,18,24,37,14,31,25,12,27,24,12
2010,12,15,32,10,40,13,10,26,13,12,22,34,20,30,23,17,22,15,27,20,22,18,11,19,10,30,53,17,18,11,20,26,14,11,27,37,13,18,23,15,20,16,16,41,28,15,33,19,13,22,15,16,9,5,22,22,38,38,16,20,28,10,27,23,10,15,30,50,12,28,16,16,25,12,17,22,13,13,19,19,16,15,23,14,15,0,18,24,37,14,31,25,12,27,24,12
2011,12,15,32,10,40,13,10,26,13,12,22,34,20,30,23,17,21,15,27,21,22,18,12,19,10,30,53,17,18,11,20,25,14,11,27,37,13,18,23,15,20,16,16,41,28,15,33,19,13,22,15,16,9,5,22,22,38,38,16,20,28,10,27,23,10,15,31,50,12,28,16,16,24,12,17,22,13,13,19,19,16,15,23,14,15,0,18,23,38,14,31,25,12,27,24,12
2012,10,15,32,10,40,13,10,25,13,12,22,34,20,30,23,17,22,15,27,21,22,18,12,19,10,30,54,17,18,11,20,25,14,11,27,37,13,18,23,16,20,16,16,41,28,16,33,19,13,22,15,16,9,5,22,22,38,38,16,20,27,10,27,23,10,15,31,50,12,28,16,16,24,12,17,22,13,13,19,19,16,15,23,14,15,0,18,23,38,13,31,25,12,27,24,12
2013,10,15,32,10,40,13,9,25,13,12,22,33,21,29,23,17,22,15,27,21,22,18,12,19,10,30,54,17,18,11,20,25,14,11,27,37,13,18,23,16,20,16,16,40,27,16,33,19,13,22,15,16,9,5,22,23,38,38,16,20,27,10,27,23,10,15,31,51,12,28,17,16,24,12,17,22,12,13,19,18,16,15,23,14,15,0,18,23,38,13,31,25,11,27,24,12
2014,10,15,32,10,40,13,9,25,13,12,22,33,21,29,23,17,22,15,27,21,22,18,12,19,10,30,54,17,18,11,20,25,14,11,27,37,13,18,23,16,20,16,16,40,27,16,33,19,13,23,15,16,9,5,22,23,38,38,16,20,27,10,27,23,10,15,31,50,12,28,17,16,24,11,17,22,12,13,19,18,16,15,23,14,15,0,18,23,39,13,31,25,11,27,24,12
2015,10,15,32,10,40,13,9,25,13,12,22,33,21,29,23,17,22,15,27,21,22,18,12,19,10,30,54,17,18,11,20,25,14,11,27,37,13,18,23,16,20,16,16,40,27,16,33,19,13,23,15,16,9,5,22,23,39,38,16,20,27,10,27,23,10,15,31,50,12,27,17,16,24,11,17,22,12,11,19,18,16,15,23,14,15,0,18,23,40,13,31,25,11,27,24,12
2016,10,15,32,10,40,13,9,25,13,12,22,33,21,29,23,17,23,15,27,22,22,18,12,19,10,30,54,17,18,11,20,23,14,11,27,37,13,18,23,16,20,16,16,40,27,16,33,19,13,23,15,16,9,5,22,23,39,38,17,20,27,10,27,23,10,15,30,49,12,27,17,16,24,11,17,22,12,11,19,18,16,16,23,14,15,0,17,23,40,13,31,25,11,27,24,12
2017,10,15,32,10,40,13,9,25,13,12,22,33,21,28,23,17,23,15,27,22,22,18,12,19,10,30,54,17,18,11,20,23,14,11,27,37,13,18,23,16,20,16,16,40,26,16,33,19,13,23,15,15,9,5,22,23,39,38,17,20,27,10,27,23,10,15,30,48,12,26,17,16,24,11,17,22,12,11,19,18,16,16,23,14,15,0,17,23,40,13,31,23,11,27,24,12
2018,10,15,32,10,40,13,9,25,13,10,22,33,21,27,23,17,23,15,27,22,22,18,12,19,10,30,54,17,18,11,21,23,14,11,27,37,13,18,23,16,20,16,15,40,26,16,33,19,13,22,15,15,9,5,22,23,39,38,17,20,27,10,27,23,10,15,30,48,12,26,17,16,25,11,17,22,12,11,19,18,16,16,23,14,15,0,17,23,40,13,31,22,11,27,24,12
2019,10,15,31,10,40,13,9,25,13,10,22,33,21,27,23,17,23,15,27,22,22,18,12,19,10,29,54,17,18,11,21,23,14,11,27,37,13,18,23,16,20,16,15,40,26,16,33,19,13,22,15,15,9,5,22,23,39,37,17,20,27,10,27,23,10,15,30,48,12,26,17,16,25,11,17,22,12,11,19,18,16,16,23,14,14,0,17,23,39,13,31,22,11,27,24,12
2020,10,15,31,10,40,13,9,25,13,9,21,33,21,27,24,17,23,15,27,22,22,18,12,18,10,29,54,17,18,11,20,23,14,10,27,37,13,18,22,16,20,16,15,40,26,16,33,19,13,22,15,15,9,5,22,23,39,37,17,20,26,10,27,23,10,15,30,48,12,26,17,16,25,11,17,22,12,11,19,18,16,16,23,14,14,0,16,23,39,13,31,22,11,27,24,12
2021,10,15,30,10,40,13,9,25,13,9,21,33,21,27,24,17,23,15,27,22,22,18,12,18,10,29,55,17,18,11,20,23,14,10,27,37,13,18,21,16,20,16,15,40,26,16,33,19,13,22,15,14,9,5,21,23,39,36,17,20,26,10,27,23,10,15,30,48,12,26,17,16,25,11,17,22,12,11,19,18,16,16,23,14,14,0,16,23,39,13,31,22,11,27,24,12
2022,10,15,29,10,40,13,9,24,13,9,22,33,21,26,24,17,23,15,27,22,22,18,12,18,10,29,55,17,18,11,19,23,14,10,27,37,13,18,21,16,19,16,15,40,26,16,33,18,13,21,15,14,9,5,21,23,40,37,16,20,26,10,27,23,10,15,31,49,11,26,17,16,25,11,17,22,12,11,19,18,16,16,23,14,14,0,16,23,39,13,31,22,11,27,24,11
2023,10,15,29,10,40,13,9,24,12,9,22,32,21,26,23,17,23,15,28,22,22,18,12,18,10,29,55,17,18,11,19,23,14,10,27,36,13,18,21,16,19,16,15,40,26,16,33,18,13,20,15,14,9,5,21,23,40,37,16,20,26,10,27,23,10,15,32,49,11,26,17,16,25,11,17,22,12,11,19,18,16,16,23,14,14,0,16,23,39,13,31,22,11,27,24,11
2024,10,15,29,10,40,13,9,24,12,9,22,32,21,26,23,17,24,15,28,22,22,18,12,18,10,29,54,17,18,11,19,23,14,10,27,36,13,18,21,16,19,16,15,40,26,15,33,18,13,20,15,14,9,5,21,23,40,37,16,20,25,10,27,23,10,15,32,49,11,26,16,16,24,11,17,22,12,11,19,17,16,16,23,13,14,0,16,23,39,13,31,22,11,27,23,11
2025,9,15,29,10,40,13,10,24,12,8,21,32,21,26,23,17,24,15,28,22,22,18,12,18,10,28,54,17,18,11,18,23,14,10,27,37,13,18,21,16,19,16,15,40,26,15,33,18,14,20,15,14,9,5,21,23,40,36,16,20,25,10,27,23,10,15,32,49,11,26,16,16,24,11,17,22,12,10,19,18,16,16,23,13,14,0,16,22,38,13,31,22,11,27,23,11
2026,9,15,29,10,41,13,10,24,12,8,21,32,21,26,23,17,24,15,28,22,22,18,12,18,10,28,54,17,18,11,18,23,14,10,27,37,13,18,21,16,19,16,15,40,26,15,33,18,14,20,15,14,9,5,21,23,40,37,16,20,25,9,27,23,10,15,32,50,11,26,16,16,24,11,17,23,12,10,19,18,16,16,23,13,14,0,16,22,38,13,31,21,10,27,23,11
2027,9,15,29,10,41,13,10,24,12,8,20,32,20,26,23,17,24,15,28,22,22,18,12,18,10,28,55,17,18,11,18,23,14,10,27,37,13,18,21,16,19,16,15,40,26,15,33,18,14,20,15,14,9,5,21,22,40,36,16,20,25,9,27,23,10,15,32,50,11,26,16,16,24,11,16,23,12,11,19,18,16,15,23,13,14,0,16,22,38,13,31,21,10,27,22,11
2028,9,15,28,10,41,13,9,24,12,8,20,32,20,26,23,17,24,15,28,22,22,18,12,17,10,28,55,17,18,11,18,23,14,10,27,37,13,18,21,16,19,16,15,40,26,15,33,18,14,20,15,14,9,5,21,22,40,36,16,20,25,9,27,23,10,15,32,50,11,25,16,16,24,11,16,22,12,11,19,18,16,15,23,13,14,0,16,22,38,13,30,21,10,27,22,11
2029,9,15,28,10,41,13,9,24,12,8,20,32,20,25,23,17,24,15,28,22,22,18,12,17,10,28,55,17,18,11,18,23,14,10,27,37,12,18,21,16,19,16,15,41,26,15,33,18,14,20,15,14,9,5,21,22,41,36,16,20,25,9,27,23,10,15,32,50,11,25,16,15,24,11,16,21,12,11,19,18,16,15,23,13,14,0,16,22,37,13,30,20,10,27,22,11
2030,9,15,28,10,42,13,9,24,12,8,20,32,20,25,23,17,24,15,28,22,21,18,12,17,10,28,54,17,18,11,18,23,14,10,27,37,12,18,21,16,19,16,15,41,26,14,33,18,14,20,15,14,9,5,21,22,41,36,15,20,25,9,27,22,10,15,32,50,11,24,16,15,25,11,16,21,12,11,19,18,16,15,23,13,14,0,16,22,37,13,30,20,10,27,22,11
2031,9,15,28,10,42,13,9,24,12,8,20,32,20,25,23,17,24,14,26,22,20,18,12,17,10,28,55,17,18,10,18,23,14,10,27,38,12,18,21,16,19,16,15,41,26,14,33,18,14,21,14,14,9,5,21,22,42,36,15,20,25,9,27,21,10,15,32,50,11,24,16,15,25,11,16,21,12,11,19,18,16,15,23,13,14,0,16,22,37,13,30,20,10,27,22,11
2032,9,15,28,10,42,13,9,24,12,8,20,32,20,25,23,17,24,14,26,22,20,18,12,17,10,28,55,17,18,9,18,23,14,10,27,38,12,17,21,16,19,16,15,41,26,13,33,18,14,21,14,14,9,5,20,22,41,36,15,20,25,9,27,21,10,15,32,51,11,24,16,15,25,11,16,21,12,11,19,18,16,15,23,13,14,0,16,22,37,12,30,20,10,27,22,11
2033,9,15,28,10,41,13,9,24,12,8,20,32,20,25,23,17,24,14,26,22,20,18,12,17,10,28,55,17,18,9,18,23,14,10,27,38,12,17,21,16,19,16,15,41,26,13,33,18,14,21,14,14,9,5,20,22,41,37,15,20,25,9,28,21,10,15,31,50,11,24,16,15,25,11,16,21,12,11,19,18,16,15,23,13,14,0,16,22,37,12,30,20,10,27,22,11
2034,9,15,28,10,41,13,9,24,12,8,20,32,20,25,23,17,23,14,26,22,20,18,12,17,10,28,55,17,18,9,18,23,14,10,27,38,12,17,21,16,19,17,15,41,26,13,33,18,14,21,14,14,9,5,20,22,39,37,15,20,25,9,27,21,10,15,30,50,11,24,16,15,25,10,16,21,12,11,19,17,16,15,23,13,14,0,16,22,37,12,30,20,10,27,22,11
2035,9,15,28,10,41,13,9,24,12,8,20,32,20,25,23,17,23,14,26,22,20,18,12,17,10,29,55,17,18,9,18,23,14,10,27,38,12,17,21,16,19,17,15,41,26,13,33,18,14,21,14,14,9,5,20,22,39,37,15,20,25,9,27,21,10,15,30,50,11,24,16,15,25,10,16,21,12,11,19,17,15,15,23,13,14,0,16,22,37,12,30,20,10,27,22,11
2036,9,15,28,10,41,13,9,24,12,8,20,32,20,25,23,17,23,14,26,22,20,18,12,17,10,29,55,17,18,9,18,23,14,10,28,38,12,17,21,16,19,17,15,40,26,12,32,18,14,21,14,14,9,5,20,22,39,36,15,20,25,9,27,21,10,15,30,50,11,24,16,15,25,10,16,21,12,11,19,18,15,15,23,12,14,0,16,22,37,12,30,20,10,27,22,11
2037,9,15,28,10,41,13,9,24,12,8,20,32,20,25,23,17,23,14,26,22,20,18,12,17,10,29,55,17,18,9,17,23,14,10,28,38,12,17,21,16,19,17,15,40,26,12,32,18,14,21,14,14,9,5,20,22,39,36,15,20,25,9,27,21,10,15,30,51,11,24,16,15,25,10,16,20,12,11,19,17,15,15,23,12,14,0,16,21,37,12,30,20,10,27,19,11
2038,9,15,28,10,41,13,9,24,12,8,20,31,20,25,23,16,23,14,26,22,20,18,12,17,10,29,55,17,17,9,17,23,14,10,28,38,12,17,21,16,19,17,15,40,26,12,31,18,14,21,14,14,8,5,19,22,40,38,15,19,25,9,27,21,10,15,30,51,11,23,16,15,25,10,16,20,12,11,19,17,15,15,23,11,14,0,16,21,37,12,30,19,10,27,19,11
2039,9,15,28,10,42,13,9,24,12,8,20,31,20,25,23,16,23,14,26,22,20,17,12,17,10,29,56,17,17,9,17,23,14,10,28,38,12,17,20,16,19,17,15,40,25,12,31,18,14,21,14,14,8,5,19,22,39,38,15,19,25,9,27,21,10,15,30,51,11,22,16,15,25,10,16,20,12,11,19,17,15,15,23,11,14,0,16,21,37,12,30,19,10,27,19,11
2040,9,15,28,10,42,12,9,24,12,8,20,30,20,25,22,16,23,14,26,21,20,17,12,17,10,29,56,16,17,9,17,23,14,10,28,38,12,17,20,16,19,17,15,39,25,12,31,18,14,20,14,14,8,5,19,21,39,37,15,19,25,9,27,21,10,15,30,51,11,22,16,15,25,9,16,20,12,11,19,17,15,15,23,11,14,0,16,21,37,12,30,19,10,27,19,11
2041,9,15,28,10,42,12,9,24,12,8,20,30,20,25,22,16,23,14,26,21,20,17,12,18,10,29,56,16,17,9,17,23,14,10,28,38,12,16,20,16,19,17,14,39,25,12,29,18,13,20,14,14,8,5,19,21,39,36,15,19,25,9,27,21,10,15,31,49,11,22,16,14,25,9,16,20,12,11,19,17,15,15,23,11,14,0,16,20,37,12,30,19,10,27,19,11
2042,9,15,28,10,42,12,9,23,12,8,20,30,20,26,22,16,23,14,26,21,21,17,12,18,10,29,56,16,17,9,17,23,14,10,28,38,12,16,20,16,19,17,14,39,25,12,29,18,13,20,14,14,8,5,19,21,39,36,15,19,25,9,27,21,10,15,31,49,11,22,16,14,25,9,16,20,12,11,19,17,15,15,23,11,14,0,16,20,37,12,30,19,10,27,18,11
2043,9,15,28,10,42,12,9,23,12,8,20,30,20,25,22,16,24,14,26,21,21,17,12,18,10,29,55,16,17,9,17,23,14,10,28,38,12,16,20,16,19,17,14,39,25,11,29,18,13,20,13,14,8,5,19,21,39,36,15,19,25,9,27,21,10,15,31,49,11,22,16,14,25,9,16,20,12,11,19,17,15,15,23,10,14,0,16,20,37,12,30,19,10,27,18,11
2044,9,15,28,10,42,12,9,23,12,8,20,30,19,25,22,16,24,14,26,21,21,17,12,18,10,29,55,16,17,9,17,23,14,10,28,38,12,16,20,16,19,17,15,39,24,11,29,18,13,20,13,14,7,5,19,21,39,36,15,19,25,9,27,21,10,15,31,49,11,22,16,14,25,9,16,20,12,11,19,16,15,15,23,10,14,0,16,20,38,12,30,19,10,27,18,11
2045,9,15,28,10,42,12,9,23,12,8,20,30,19,25,22,16,24,13,26,21,21,17,12,18,10,29,55,16,17,9,17,23,14,10,28,38,12,16,20,16,19,17,15,39,23,11,29,18,13,20,13,14,7,5,19,21,38,36,15,19,25,9,27,21,10,15,31,49,11,21,16,14,25,9,16,20,12,11,19,16,15,15,23,10,14,0,16,20,38,12,30,19,9,27,16,11
2046,9,15,28,10,42,12,9,23,12,8,20,29,19,26,22,16,24,13,26,21,21,17,12,18,10,28,55,16,17,9,17,23,14,10,28,38,12,16,20,16,19,17,15,39,22,10,29,18,13,20,13,14,7,5,19,21,38,37,15,18,25,9,27,21,10,15,31,49,11,21,16,14,25,9,15,20,11,10,19,16,15,15,23,10,14,0,16,20,38,12,30,19,9,26,16,11
2047,9,15,28,10,43,12,9,23,12,8,20,30,18,25,22,16,24,13,25,21,21,17,12,18,10,28,57,16,17,9,17,23,14,10,28,37,12,16,20,16,19,17,14,39,22,10,29,17,13,20,13,14,7,5,19,21,38,37,15,18,25,9,27,21,10,15,31,49,11,21,16,14,25,9,15,20,11,10,19,16,15,15,22,10,14,0,16,20,38,12,30,19,9,26,16,11
2048,9,15,27,10,43,12,9,23,12,8,20,29,18,25,21,16,24,13,25,21,21,17,12,18,10,28,57,16,17,9,16,23,14,10,28,37,11,16,19,16,19,17,14,38,22,10,29,17,13,20,13,14,7,5,19,21,38,37,15,18,24,9,27,21,10,15,31,49,11,21,16,14,25,9,15,20,11,10,19,16,15,14,22,10,14,0,16,20,38,12,30,19,9,26,16,11
2049,9,15,27,10,43,12,9,23,12,8,20,29,18,26,21,16,24,14,25,21,21,17,12,18,10,28,57,16,17,9,16,23,14,10,28,37,11,15,19,16,19,17,14,38,22,10,29,17,13,19,13,14,7,5,19,20,38,37,15,18,24,9,27,21,10,15,30,49,11,21,16,14,25,9,15,20,11,10,19,16,15,14,22,10,14,0,15,20,38,12,29,19,9,25,17,11
2050,9,15,27,10,43,12,9,23,12,8,20,29,19,27,21,16,24,14,25,21,21,17,12,18,10,28,57,16,17,9,16,23,14,10,27,38,11,15,19,16,18,17,14,38,22,10,29,17,13,19,13,14,7,5,19,20,38,37,15,18,24,9,27,21,10,14,30,50,11,21,16,14,25,9,15,20,11,10,19,16,15,14,22,10,14,0,15,18,38,12,28,19,9,25,17,10
2051,9,15,27,10,43,12,9,23,12,8,20,29,19,27,21,16,24,14,25,21,21,17,12,18,10,28,57,16,17,8,16,23,14,10,27,38,11,15,19,16,18,17,14,38,21,10,30,17,13,20,13,14,7,5,19,20,38,37,15,18,24,9,27,21,10,14,30,50,11,21,16,14,25,9,15,20,11,10,19,16,15,14,22,10,14,0,15,17,38,12,28,19,9,25,17,10
2052,9,16,27,10,43,12,9,23,12,8,19,29,19,27,22,16,24,14,25,21,22,17,12,18,10,28,57,16,17,8,16,23,14,10,27,38,11,15,19,16,18,17,14,38,21,10,30,17,13,20,13,14,7,5,18,20,38,37,14,17,24,9,27,21,10,14,30,50,11,21,16,14,25,9,15,20,11,10,19,16,14,13,22,10,14,0,15,17,38,12,28,19,9,25,17,10
2053,9,16,27,10,43,12,10,23,12,8,19,29,20,27,22,16,25,14,25,21,22,17,12,18,10,28,57,14,17,8,16,23,14,10,27,38,10,15,19,16,18,17,14,38,21,10,30,17,13,20,13,14,7,5,18,20,38,37,14,17,24,9,27,21,10,14,30,50,11,20,16,14,25,9,15,20,11,10,19,16,14,12,22,10,14,0,15,17,37,12,28,19,9,25,16,10
2054,9,17,27,10,42,12,10,23,12,8,19,29,20,27,22,16,25,14,25,21,21,17,12,18,10,28,57,14,17,8,16,23,14,10,27,38,10,15,19,16,18,17,14,38,21,10,30,17,13,20,13,14,7,5,18,19,38,37,14,17,24,9,27,21,10,14,30,49,11,20,16,14,25,9,15,20,11,10,19,16,14,12,22,10,14,0,15,17,36,12,28,19,9,25,16,10
2055,9,17,27,10,42,12,10,23,11,8,19,29,20,27,22,16,25,14,25,21,21,17,12,18,10,28,57,14,17,8,17,23,14,10,27,38,10,15,19,16,18,17,14,37,21,10,30,16,13,20,13,14,7,5,18,19,39,37,14,16,24,9,27,21,10,14,30,49,11,20,16,14,25,9,15,20,11,10,19,16,14,12,22,10,13,0,15,17,36,12,28,19,9,25,16,10
2056,9,17,27,10,42,12,10,23,11,8,19,29,20,26,22,16,25,14,25,21,20,17,12,18,10,28,57,14,17,8,16,23,14,10,27,38,10,15,20,16,18,17,14,37,21,10,30,16,13,20,13,14,7,4,18,19,39,37,14,16,24,9,27,21,10,14,30,49,11,20,16,14,25,9,15,21,11,10,19,16,14,12,22,10,13,0,15,17,37,12,28,19,9,25,16,10
2057,9,17,27,10,42,12,10,23,11,8,19,29,20,26,22,15,25,14,25,21,20,17,12,18,10,28,57,14,17,7,16,23,14,10,27,39,10,15,20,16,18,17,14,37,21,10,30,16,13,20,13,14,7,4,18,19,39,37,14,16,24,9,27,21,10,14,31,50,11,20,16,14,25,9,15,21,11,10,19,16,14,12,22,10,13,0,15,17,37,12,28,19,9,25,16,9
2058,9,17,27,10,42,12,10,23,11,8,18,29,20,26,22,15,25,14,25,21,20,17,12,18,10,28,57,14,17,7,15,23,14,10,27,39,10,15,20,16,18,17,14,37,21,10,30,16,13,20,12,14,7,4,18,19,39,37,14,16,24,9,27,21,10,14,31,50,11,20,16,14,25,9,15,21,11,10,19,16,14,12,22,10,13,0,15,17,37,12,28,19,9,25,16,9
2059,9,17,27,10,42,12,10,23,11,8,18,28,20,26,22,15,25,14,24,21,20,17,12,17,10,28,57,14,16,7,15,23,14,10,27,39,9,15,20,16,18,16,14,37,21,10,30,16,13,20,12,14,6,4,18,19,39,37,14,16,24,9,27,21,10,14,31,50,11,20,16,14,25,9,15,21,11,10,19,16,14,12,22,10,13,0,15,17,38,12,28,19,9,25,16,9
2060,9,17,27,10,42,12,10,23,11,8,18,28,20,26,22,15,25,14,24,21,20,17,11,17,10,28,58,14,16,7,15,23,14,10,27,39,9,15,20,16,18,15,14,37,20,10,30,16,13,20,11,14,6,4,18,20,38,37,14,16,24,9,27,21,10,14,31,50,11,20,16,14,25,9,15,21,11,10,19,16,14,12,22,10,13,0,15,17,38,12,29,19,9,25,16,9
2061,9,17,27,10,42,12,10,23,11,8,18,28,20,26,22,15,25,14,24,20,20,17,11,17,9,28,59,14,16,7,15,23,14,10,27,39,9,15,19,15,17,15,14,37,20,10,30,16,13,20,11,14,6,4,17,20,38,37,14,16,24,9,27,21,10,14,31,49,11,20,16,14,24,9,15,20,11,10,19,16,14,12,22,10,13,0,15,17,38,12,28,19,9,25,16,9
2062,9,16,27,10,41,11,10,23,10,8,18,28,20,26,22,15,25,14,24,20,20,17,11,17,9,28,58,14,16,7,15,23,14,10,27,38,9,15,19,15,17,15,14,37,20,10,30,16,13,20,11,14,6,4,17,20,38,37,14,16,24,9,26,21,10,13,31,49,11,20,16,14,24,9,15,20,10,10,19,16,13,12,22,10,13,0,15,17,38,12,28,19,9,25,16,9
2063,9,16,27,10,41,11,10,23,10,8,18,28,20,27,22,15,25,14,24,20,20,17,11,17,9,28,58,14,16,7,15,23,14,10,28,38,9,15,19,15,17,15,14,37,20,10,30,16,13,20,11,14,6,4,17,20,38,37,14,16,24,9,26,21,10,13,31,49,11,19,16,14,22,9,15,20,10,10,19,16,13,12,22,10,13,0,15,17,37,12,28,19,9,25,16,9
2064,9,16,27,10,41,11,10,22,10,8,19,28,20,27,22,15,25,15,24,20,20,17,11,17,9,28,58,14,16,7,15,23,14,10,27,38,9,15,19,15,17,14,14,37,20,10,30,16,13,20,11,14,6,3,17,20,38,37,14,16,24,9,26,21,10,13,31,49,11,19,16,14,22,9,15,19,9,10,19,16,13,12,22,10,13,0,15,17,38,12,28,19,8,25,16,9
2065,8,16,27,10,41,11,10,22,10,8,19,27,20,27,22,15,25,15,24,20,20,17,11,17,9,28,58,14,16,7,15,23,14,10,27,38,9,15,19,15,17,14,14,37,20,10,30,16,13,20,11,14,6,3,17,20,38,37,14,16,24,9,26,21,10,13,31,49,11,19,16,14,22,9,15,19,9,10,19,16,13,12,22,10,13,0,15,17,38,12,28,19,8,25,16,9
2066,8,16,27,10,41,11,10,22,10,8,19,27,20,28,22,15,25,15,24,20,20,17,10,17,9,26,58,13,16,7,15,23,14,10,27,39,9,15,19,15,17,14,14,37,20,10,30,16,12,20,11,14,6,3,17,20,38,37,14,16,24,9,26,21,10,13,31,49,11,19,16,14,22,9,15,20,9,10,19,16,13,12,22,10,13,0,15,17,38,12,28,19,8,25,16,9
2067,8,16,27,10,41,11,10,22,10,8,19,27,20,28,22,15,25,15,24,20,20,17,10,17,9,26,58,13,16,7,15,23,14,10,27,39,9,15,19,15,17,13,14,37,20,10,30,16,12,19,11,14,6,3,17,20,37,37,14,16,24,9,26,21,10,13,31,49,11,19,16,14,23,9,15,20,9,10,19,16,13,12,22,10,13,0,15,17,38,11,28,19,8,25,16,9
2068,8,16,27,10,41,11,10,22,10,7,19,27,20,28,22,15,25,15,24,20,20,17,10,17,9,26,59,13,16,7,15,23,14,10,27,39,9,15,19,15,17,13,14,37,20,10,30,16,12,19,11,14,6,3,17,20,37,37,14,14,24,9,26,21,10,13,31,49,11,19,16,14,23,9,15,20,9,10,19,16,13,12,22,10,13,0,15,17,38,11,28,19,8,24,16,9
2069,8,16,27,10,41,11,10,22,10,7,20,27,20,28,22,15,25,15,24,20,20,17,10,17,9,26,59,13,16,7,15,22,14,10,27,39,9,15,19,15,17,13,14,37,20,11,29,16,12,19,11,14,6,3,17,20,37,37,14,14,24,9,26,21,10,13,31,49,10,18,16,14,23,9,15,21,9,9,19,16,13,12,22,10,13,0,15,17,38,10,28,19,8,24,16,9
2070,8,16,27,10,41,10,10,22,10,7,20,27,20,28,22,15,25,15,24,20,20,17,10,17,9,26,59,13,15,7,15,22,14,10,26,39,9,15,19,15,17,13,14,37,20,11,29,16,12,19,11,14,5,3,17,20,37,37,14,14,24,8,26,21,10,13,31,50,10,18,16,14,22,9,15,21,9,9,19,16,13,12,21,10,13,0,15,17,38,9,28,19,8,24,16,9
2071,8,16,27,10,41,10,10,22,10,7,20,27,20,28,22,15,25,15,24,19,20,17,10,17,9,26,59,13,15,7,15,22,14,10,25,39,9,15,19,15,17,13,14,37,20,11,29,16,12,19,10,14,5,3,17,20,37,37,14,14,24,8,26,21,10,13,31,50,10,18,15,14,22,9,15,21,9,9,18,16,13,12,21,10,13,0,15,17,38,9,28,19,8,24,16,9
2072,8,16,27,10,41,10,10,22,10,7,20,26,20,28,22,15,25,15,24,19,20,17,10,17,9,25,59,13,15,7,15,22,14,10,25,40,9,15,19,15,17,13,14,37,20,11,29,16,12,18,10,14,5,3,17,20,37,37,14,14,24,8,26,21,10,13,31,50,10,18,15,14,22,9,15,21,8,9,18,16,13,12,21,10,13,0,15,17,37,9,27,19,7,24,16,9
2073,8,15,27,10,41,10,10,22,10,7,19,25,20,28,22,15,25,15,24,19,20,15,10,17,9,24,59,13,15,7,15,22,14,10,25,40,9,15,19,15,17,13,13,37,19,10,29,16,12,18,10,14,5,3,17,20,37,37,14,14,24,8,26,22,10,13,31,50,10,18,15,14,21,9,15,20,8,9,17,16,13,12,21,10,13,0,15,17,37,9,27,18,7,24,16,9
2074,8,15,26,10,41,10,10,22,10,7,18,25,20,28,22,15,25,15,24,19,20,15,10,17,9,23,60,13,15,7,15,22,14,10,25,40,9,15,19,15,17,13,13,37,19,10,30,16,12,18,10,14,5,3,17,20,37,37,14,14,24,8,26,21,10,13,31,50,10,18,14,14,21,9,15,20,8,9,16,16,13,12,21,10,13,0,15,17,37,9,27,18,7,24,16,9
2075,8,15,26,10,41,10,10,22,10,7,18,25,20,28,22,16,25,15,24,19,20,15,10,17,9,23,60,13,15,7,15,22,14,10,25,40,9,15,19,15,17,13,13,37,19,10,29,16,12,19,10,14,5,3,17,20,37,37,14,14,24,8,26,21,10,13,31,50,10,18,14,13,21,9,15,20,8,9,16,16,13,12,21,10,13,0,14,17,37,9,27,18,7,24,16,9
2076,8,15,26,10,41,10,10,22,10,7,18,25,19,28,22,16,25,15,24,19,20,15,10,17,9,23,60,12,15,7,15,22,14,10,25,40,9,15,19,15,17,13,13,37,19,10,27,16,12,19,10,14,5,3,17,20,38,37,14,14,24,8,26,21,10,13,31,50,10,18,14,13,21,9,15,20,8,8,16,16,13,12,21,10,13,0,14,17,35,9,27,18,7,24,16,9
2077,8,15,26,10,40,10,10,22,10,7,18,25,19,28,22,16,25,15,24,19,20,15,10,17,9,23,59,12,15,7,15,22,14,10,25,40,9,14,19,15,17,13,13,37,19,10,28,16,12,19,10,14,4,3,17,19,39,37,14,14,24,8,26,21,10,13,31,50,10,18,14,13,21,9,15,20,7,8,16,16,13,12,21,10,13,0,14,17,35,9,27,18,7,24,16,9
2078,8,15,25,10,40,10,10,22,10,7,18,25,19,28,22,16,25,15,24,19,20,15,10,17,9,23,59,12,15,7,15,22,14,10,26,40,9,14,19,15,17,13,13,37,19,10,28,16,12,19,10,13,4,3,17,19,39,37,14,13,24,8,26,21,10,13,31,50,10,18,14,13,21,9,15,20,7,8,16,16,13,12,21,10,12,0,14,17,35,9,27,18,7,24,16,9
2079,8,15,25,10,40,10,10,22,10,7,18,25,19,28,22,16,25,15,24,19,20,15,10,17,9,23,59,12,15,6,15,22,13,10,26,41,9,15,19,15,17,13,13,37,19,10,28,16,13,19,10,12,4,3,17,19,39,37,14,13,24,8,26,21,10,13,31,50,10,18,14,13,21,9,15,20,7,8,16,16,13,12,21,9,12,0,14,16,35,9,27,18,7,24,16,8
2080,8,15,25,10,40,10,10,22,10,7,18,25,19,28,22,16,25,15,24,18,20,15,10,16,9,23,60,12,15,6,15,22,13,10,26,41,9,15,19,15,17,13,13,36,19,10,28,16,13,19,10,12,4,3,17,19,39,37,14,13,24,8,26,21,10,13,31,50,10,18,14,13,21,9,15,20,7,8,16,16,13,12,21,9,12,0,14,16,35,9,26,18,7,24,16,8
2081,8,15,25,10,40,10,10,22,10,7,18,25,19,28,22,16,25,15,24,18,20,15,10,16,9,23,59,11,15,6,15,22,13,10,26,41,7,15,18,14,17,13,13,36,19,9,28,16,13,19,10,12,4,3,17,19,39,37,14,13,24,8,27,21,10,13,31,50,10,18,14,13,21,9,15,20,7,8,16,16,13,12,21,9,12,0,14,16,35,9,26,18,7,24,16,8
2082,8,15,25,10,40,10,10,22,10,7,18,25,19,28,22,16,25,15,24,18,20,15,10,16,9,23,59,11,15,6,15,22,13,10,25,41,7,15,18,14,17,13,13,36,19,9,28,16,13,19,10,11,4,3,17,19,39,37,14,13,24,8,27,21,10,13,31,50,10,18,14,13,21,9,15,20,7,8,16,16,13,12,20,9,12,0,14,17,35,9,26,17,7,24,16,8
2083,8,15,25,10,38,10,10,22,10,7,18,24,19,28,21,16,25,15,24,18,20,15,10,16,9,23,59,11,14,6,15,22,13,10,25,40,7,15,18,14,17,13,13,36,19,9,28,16,13,19,10,11,4,3,17,19,39,37,14,13,24,8,27,21,10,13,32,50,10,18,14,13,21,9,15,20,7,8,16,16,13,12,20,9,12,0,14,17,35,9,26,17,7,24,17,8
2084,7,15,25,10,38,10,10,22,10,7,18,24,19,28,21,16,25,15,24,18,20,15,10,16,9,23,60,11,14,6,15,22,13,10,25,40,7,15,18,14,17,13,13,36,19,9,28,16,13,19,9,11,4,3,17,19,39,36,13,13,24,8,27,21,9,13,32,50,10,18,14,13,21,9,15,20,7,8,16,16,13,12,20,8,12,0,14,17,36,9,27,17,7,24,17,8
2085,7,15,25,10,38,10,10,22,10,7,18,24,19,28,21,16,25,15,24,18,20,15,9,16,9,23,60,11,14,6,15,22,13,10,25,40,7,15,18,14,17,13,13,36,19,9,29,16,13,19,9,11,4,3,17,19,39,36,13,13,24,8,27,21,9,13,32,51,10,18,14,13,21,9,14,20,7,8,16,16,13,12,20,8,12,0,14,17,36,8,27,17,8,23,17,8
2086,7,15,25,10,37,10,10,22,10,7,18,24,19,28,21,15,25,15,23,18,20,15,9,16,8,23,59,11,14,6,15,22,13,10,25,40,7,15,18,14,17,13,13,36,19,9,29,16,13,19,9,11,4,3,17,19,39,37,13,13,24,8,27,21,9,13,32,50,10,18,14,12,22,9,14,20,7,8,16,16,13,12,20,8,12,0,14,17,36,8,27,17,8,23,17,8
2087,7,15,25,9,37,10,10,22,10,7,18,24,19,28,21,15,25,15,23,17,20,15,9,16,8,23,60,11,14,6,15,22,13,10,25,40,7,15,18,14,17,13,13,36,19,9,29,16,13,19,9,11,4,3,17,19,39,37,13,13,24,8,27,21,9,13,32,50,10,18,14,12,22,9,14,20,7,8,16,17,13,12,20,8,12,0,14,17,36,8,27,17,8,23,17,8
2088,7,15,25,9,37,10,10,22,10,7,18,24,19,28,21,15,25,15,23,17,20,15,9,16,8,23,60,11,14,6,15,22,13,10,25,40,7,15,18,14,17,12,13,36,19,9,29,15,13,19,8,11,4,3,17,19,39,37,13,13,24,8,27,21,9,13,32,51,9,18,14,12,22,9,14,20,7,8,16,17,13,12,20,8,11,0,14,17,35,8,27,17,8,22,17,8
2089,7,15,25,9,37,10,10,22,10,7,18,24,19,28,21,15,25,15,23,17,20,15,9,16,8,23,60,11,15,6,15,22,13,10,25,40,7,15,18,14,17,12,13,36,19,9,29,15,13,19,8,11,4,3,16,19,39,37,12,13,23,8,27,20,9,13,32,51,9,18,14,12,22,9,14,19,7,8,16,17,13,12,20,8,11,0,14,17,35,8,27,17,8,22,17,8
2090,7,15,25,9,37,10,10,22,10,7,17,24,19,28,21,15,25,15,23,17,19,15,9,16,8,23,60,11,15,6,15,22,13,10,25,40,7,14,18,14,17,12,13,36,19,9,29,16,13,19,8,11,4,3,16,19,39,37,12,13,22,8,27,20,9,13,32,51,9,18,14,12,22,9,14,19,7,8,16,17,13,12,20,8,11,0,14,17,36,8,27,17,8,21,17,8
2091,7,15,25,8,36,10,10,22,10,7,17,24,19,29,21,15,25,15,23,16,19,15,9,16,8,23,59,11,15,6,15,22,13,10,24,40,7,14,18,14,17,12,13,36,19,10,29,16,13,19,8,11,4,3,16,19,39,37,12,13,22,8,28,20,9,13,32,51,9,18,14,11,22,9,13,20,6,8,16,17,13,12,20,8,11,0,14,16,36,8,27,17,8,21,17,8
2092,7,15,25,8,36,10,10,22,10,7,17,24,19,29,21,15,25,15,23,16,19,15,9,16,8,24,60,11,15,6,15,22,13,10,24,40,7,15,18,14,17,12,13,36,18,11,28,15,13,19,8,11,4,3,16,19,39,37,12,13,22,8,28,20,9,13,32,51,8,18,14,11,22,9,13,20,6,7,16,17,13,11,19,8,11,0,14,16,36,8,27,17,8,21,17,8
2093,7,15,25,8,36,10,10,22,10,7,17,24,19,29,21,14,25,15,23,16,19,15,9,16,8,24,61,11,15,6,14,22,13,10,24,39,7,15,18,14,17,12,12,36,18,11,28,15,13,19,8,11,4,3,16,19,38,37,12,13,22,8,28,20,9,13,32,52,8,18,14,11,22,9,13,20,6,7,16,17,13,11,19,8,11,0,14,16,36,8,26,17,8,21,16,8
2094,7,15,25,8,35,10,10,22,10,7,17,24,19,28,21,14,25,15,23,16,19,15,9,15,8,24,61,11,15,6,14,22,13,10,24,39,7,15,18,14,17,12,12,36,18,11,28,15,13,19,8,11,4,3,16,19,38,37,11,13,22,8,28,20,9,13,32,52,8,18,14,11,22,9,13,20,6,7,16,17,13,11,19,8,11,0,14,16,36,8,26,17,8,21,16,8
2095,7,15,26,8,35,10,10,22,10,7,17,25,19,28,21,14,26,15,23,16,19,15,9,15,8,24,62,10,15,6,14,22,13,10,24,39,7,15,18,14,17,12,13,36,19,11,28,15,13,18,8,11,4,3,16,19,37,37,11,13,22,8,28,20,8,13,32,52,8,18,14,11,22,9,13,21,6,7,16,17,13,11,19,8,11,0,14,16,36,8,26,17,8,21,16,8
2096,8,15,26,8,35,10,10,22,10,7,17,25,19,28,21,14,26,15,23,16,19,15,9,15,8,24,61,10,15,6,14,22,12,10,24,38,7,15,18,14,16,12,13,35,19,11,28,15,12,18,8,11,4,3,16,19,37,37,11,13,22,8,28,19,8,13,32,52,8,18,14,11,22,9,13,21,6,7,16,17,13,11,19,8,11,0,14,16,37,8,26,17,8,21,16,8
2097,8,14,27,8,34,10,10,22,10,7,17,25,19,28,21,14,25,15,23,16,19,15,9,15,8,24,61,10,15,6,14,22,12,10,24,38,7,15,18,14,16,12,13,35,19,11,28,14,12,18,8,11,4,3,16,19,37,37,11,13,22,8,28,18,8,13,32,52,8,18,14,11,22,9,13,20,6,7,16,17,13,11,19,8,11,0,13,16,37,8,26,17,8,23,16,8
2098,8,14,28,8,34,10,10,22,10,7,17,25,19,28,21,14,25,15,23,16,19,15,9,14,8,23,61,10,15,6,14,22,12,10,23,38,7,15,18,14,16,12,13,35,19,11,27,14,12,18,8,11,4,3,16,19,37,37,11,13,22,8,28,18,8,13,32,52,8,18,14,11,22,9,13,20,6,7,16,17,13,11,19,8,11,0,13,16,37,7,25,17,8,23,16,8
2099,8,13,28,8,34,10,10,22,10,7,17,25,19,28,21,14,25,15,23,16,19,15,9,14,8,23,61,10,15,6,13,22,11,10,23,38,7,15,18,14,16,12,13,35,19,11,27,14,12,18,8,11,4,3,16,19,37,37,11,13,21,8,28,18,8,13,32,52,8,18,14,11,22,9,13,20,6,7,17,17,12,11,18,8,11,0,13,16,36,7,25,16,8,23,16,8
2100,8,13,27,8,35,10,10,22,9,7,17,25,19,28,22,14,25,15,23,16,19,14,9,14,8,23,61,10,15,6,13,22,11,10,23,38,7,15,18,14,15,12,13,35,18,10,27,14,12,18,8,11,4,3,14,19,37,37,11,13,21,8,28,18,8,13,32,52,8,19,14,11,22,9,13,20,6,7,17,17,12,11,18,8,11,0,13,16,36,7,25,16,8,23,16,8
2101,8,13,27,8,35,10,10,22,9,7,17,25,19,28,22,14,25,15,23,16,19,14,9,14,8,24,62,10,14,6,13,22,11,9,23,38,7,15,18,14,15,12,13,34,18,9,27,14,12,18,8,11,4,3,14,19,37,37,11,13,21,8,28,18,8,13,32,51,8,19,14,11,22,9,13,20,6,7,17,17,12,11,18,8,11,0,12,16,36,7,25,16,8,23,16,8
2102,8,13,27,8,35,10,10,22,9,7,17,25,18,28,22,14,25,15,23,16,19,14,9,14,8,24,63,10,14,6,13,22,11,9,23,38,7,15,18,14,15,12,13,34,18,9,27,14,12,18,7,11,4,3,14,19,37,37,10,13,21,8,28,18,8,13,33,51,8,19,14,11,22,9,13,20,6,7,17,17,12,11,18,8,11,0,12,16,36,7,25,16,8,23,16,8
2103,8,13,26,8,35,10,10,22,9,7,17,25,18,28,22,14,25,15,23,16,19,14,9,14,8,24,63,10,14,6,13,22,11,9,23,39,7,15,18,14,15,12,13,34,18,9,27,14,12,19,7,11,4,3,13,19,37,37,10,13,21,8,27,18,8,13,33,52,8,20,14,11,22,9,13,20,6,7,17,17,12,11,18,8,11,0,12,16,36,7,25,16,8,23,16,8
2104,8,13,26,8,35,10,10,22,9,7,17,25,18,28,21,14,25,15,23,16,19,13,9,14,8,24,63,10,14,6,13,23,11,9,23,40,7,15,18,14,15,12,12,33,18,9,28,14,12,19,7,11,4,3,13,19,37,37,10,13,21,8,28,18,8,13,33,52,8,20,14,11,23,9,13,20,6,7,17,17,12,11,18,8,11,0,12,16,36,7,25,16,8,23,16,7
2105,8,13,26,8,35,10,10,22,9,7,17,25,18,28,21,14,25,15,23,16,19,13,9,13,8,23,63,10,14,6,13,23,11,9,23,40,7,15,18,14,15,12,12,33,18,9,29,14,12,19,7,11,4,3,13,19,37,37,10,13,21,8,28,18,8,13,33,52,8,20,14,11,23,9,13,20,6,7,17,16,12,11,18,8,11,0,12,16,36,7,25,16,8,23,16,7
2106,8,13,26,8,34,9,10,22,9,7,17,25,18,28,21,14,25,15,23,16,19,13,9,13,8,23,63,10,14,6,13,23,11,9,23,40,7,15,18,14,15,12,12,33,18,9,28,13,12,19,7,11,4,3,13,19,37,37,10,13,21,8,28,18,8,13,33,52,8,20,14,11,23,9,13,20,6,7,17,16,12,11,18,8,11,0,12,16,36,7,25,16,8,23,16,7
2107,8,13,26,8,34,9,10,22,9,6,17,25,18,28,21,14,25,15,23,16,19,13,9,13,8,23,63,10,14,6,13,23,11,9,23,40,7,15,18,14,15,12,12,33,18,9,28,13,12,19,7,11,4,3,13,20,38,37,10,13,21,8,28,18,8,13,33,52,8,20,14,11,23,9,13,20,6,7,17,16,12,11,18,7,11,0,12,16,36,7,25,16,8,22,16,7
2108,8,13,26,8,34,9,10,22,9,6,17,25,18,28,21,15,25,15,23,16,19,13,9,13,8,23,62,10,14,6,13,23,11,9,22,40,7,15,18,14,15,12,12,32,18,9,28,13,12,19,7,11,4,3,13,20,38,37,10,13,20,8,28,18,8,13,32,52,8,20,13,10,23,9,13,20,6,7,16,16,12,11,18,7,11,0,12,16,36,7,25,16,8,22,16,7
2109,8,13,27,8,34,9,10,22,9,6,17,24,18,28,21,14,26,15,23,16,19,13,9,13,8,23,62,10,14,6,13,22,11,8,22,40,7,15,18,14,15,12,12,32,18,9,28,13,12,19,7,11,4,3,13,20,38,37,9,13,20,8,28,18,8,13,32,52,8,20,13,10,23,9,13,20,6,7,16,16,12,11,18,7,11,0,12,15,36,7,25,15,8,22,16,7
2110,7,13,27,8,34,9,10,22,9,6,17,24,18,28,21,14,26,15,23,16,19,12,9,13,8,23,62,10,14,6,13,22,11,8,21,40,7,15,18,14,14,12,12,32,18,9,28,13,12,19,7,10,4,3,13,21,38,37,9,13,20,8,28,18,8,13,32,52,8,20,13,10,22,9,13,19,6,7,16,16,12,11,18,7,11,0,12,15,36,7,25,15,8,22,15,7
2111,7,13,27,8,34,9,10,22,9,6,17,24,18,28,21,14,26,15,24,16,19,12,9,13,7,23,62,10,13,6,13,22,11,8,21,40,7,15,18,14,14,12,12,32,18,9,28,13,12,19,7,10,4,3,13,21,38,37,9,13,20,8,28,18,8,13,32,52,8,20,13,10,22,9,13,19,6,7,16,16,12,11,17,7,11,0,12,15,36,7,25,15,8,22,15,7
2112,7,13,27,8,33,9,10,22,9,6,17,24,18,28,21,14,26,15,24,16,20,12,9,13,7,23,62,10,13,6,13,22,11,8,21,40,7,15,18,14,14,12,12,32,18,9,28,13,12,19,7,10,4,3,13,21,38,37,9,13,20,8,28,18,8,13,32,52,8,20,13,10,22,9,13,19,6,7,16,16,12,11,17,7,11,0,12,15,36,7,25,15,8,22,15,7
2113,7,13,27,8,33,10,10,22,9,6,17,24,18,28,21,14,26,15,24,16,20,12,9,13,7,23,62,10,13,6,13,22,11,8,21,40,7,15,18,14,14,12,12,32,18,9,28,13,12,20,7,10,4,3,13,21,37,37,9,12,20,8,28,18,8,13,33,52,8,20,13,10,22,9,13,19,5,7,16,16,12,11,17,7,11,0,12,15,36,7,26,15,8,22,15,7
2114,7,13,27,8,33,10,10,22,9,6,17,24,18,29,21,14,26,15,24,16,20,12,9,13,7,23,62,10,13,6,12,22,11,8,21,40,7,15,18,14,14,12,12,32,18,9,27,13,12,20,7,10,4,3,13,21,37,37,8,12,20,8,28,18,8,13,33,52,8,20,13,10,22,9,13,19,5,7,16,15,12,11,17,7,11,0,12,14,36,7,26,15,8,23,15,7
2115,7,13,27,8,33,10,10,22,9,6,17,24,18,29,21,14,26,15,24,16,20,12,9,13,7,23,63,10,13,6,12,22,11,8,21,40,7,15,18,14,14,11,12,32,17,9,27,14,12,20,7,10,4,3,13,21,37,37,8,12,20,8,28,18,9,13,33,53,8,20,13,10,20,9,13,19,4,6,16,14,11,11,17,7,11,0,12,13,36,7,26,15,8,23,15,7
2116,7,13,26,8,33,10,10,22,9,6,16,24,18,29,21,14,26,15,24,16,20,12,9,13,6,23,63,10,13,6,12,22,11,8,22,41,7,15,18,14,13,11,12,31,17,9,27,14,12,20,7,10,4,3,13,21,38,37,8,12,20,8,28,17,9,13,32,53,8,20,13,10,19,9,13,19,4,6,16,14,11,11,17,7,11,0,12,13,36,7,26,15,8,23,15,7
2117,7,11,26,8,33,10,10,22,9,6,16,24,19,29,21,14,26,15,23,16,20,12,9,13,6,23,63,10,13,6,12,22,11,8,22,41,7,15,18,14,13,11,12,31,17,9,27,14,12,20,7,10,4,3,13,21,37,37,8,12,20,8,28,17,9,13,32,53,8,20,13,10,19,9,13,19,4,6,16,14,11,11,17,7,11,0,12,13,36,7,26,15,8,23,15,7
2118,7,11,26,8,32,10,10,22,9,5,16,24,19,28,21,13,26,15,22,16,21,12,9,13,6,23,63,10,13,6,11,22,11,8,22,41,7,15,18,14,13,11,12,31,17,9,27,14,12,20,7,10,4,3,13,21,37,37,8,12,20,8,28,17,9,13,32,53,8,20,13,10,19,9,13,19,4,6,16,14,11,11,17,7,11,0,12,13,36,7,26,15,8,22,15,7
2119,7,11,26,8,32,10,10,22,9,5,16,24,19,28,20,13,26,15,22,16,21,12,9,13,6,23,63,10,13,6,11,22,11,8,22,41,7,15,18,14,13,11,12,31,17,9,27,14,12,20,7,10,4,3,13,21,35,37,8,12,20,8,29,17,9,13,32,54,8,19,13,9,19,9,13,19,3,6,16,14,11,11,17,7,10,0,11,13,37,7,26,15,8,22,15,7
2120,7,11,26,7,32,10,10,23,9,5,15,24,19,28,20,13,26,15,22,16,21,12,9,13,6,23,64,10,13,6,11,22,11,8,23,42,7,14,18,14,13,11,12,31,17,8,27,14,12,20,7,10,4,3,13,21,35,37,8,12,20,8,29,17,9,13,32,54,8,19,13,8,19,9,13,18,4,6,15,13,11,11,17,7,10,0,11,13,37,7,25,15,8,22,15,7
2121,7,11,26,7,32,10,10,23,9,5,15,24,19,28,20,13,26,15,22,16,21,12,9,13,6,23,65,10,13,6,11,22,11,8,23,42,7,14,18,14,13,11,12,31,17,8,27,14,12,20,7,10,4,3,13,21,35,36,8,12,20,8,29,17,9,13,32,54,8,19,13,8,19,8,13,18,4,6,15,13,11,11,17,7,10,0,11,13,38,7,25,15,8,22,15,7
2122,7,11,26,7,31,10,10,22,9,5,15,24,19,28,20,13,26,15,22,16,21,12,9,12,6,23,66,10,13,6,11,22,11,8,23,42,7,14,18,14,13,11,12,31,17,8,27,14,12,20,7,10,4,3,13,20,35,36,8,12,20,8,29,17,9,13,32,54,8,19,13,8,18,8,13,18,4,6,15,13,11,11,17,7,10,0,11,13,38,7,25,15,8,22,14,7
2123,7,11,25,7,31,10,10,22,9,5,15,23,19,28,20,13,26,15,21,16,21,12,9,12,6,23,66,10,13,6,11,22,11,8,23,42,7,14,18,14,13,11,12,30,17,8,27,14,12,20,7,10,4,3,14,20,35,36,8,12,20,8,29,17,9,13,32,55,8,19,13,8,18,8,13,18,4,6,15,13,11,11,17,7,10,0,11,13,38,7,25,15,8,22,14,7
2124,7,11,25,7,31,10,10,22,10,5,15,23,19,28,19,13,26,15,21,16,21,12,8,12,6,23,66,10,13,6,11,22,11,8,23,42,7,14,18,14,12,11,12,30,17,8,28,14,12,20,7,10,4,3,14,20,35,36,7,12,20,8,29,17,9,13,32,55,8,19,13,8,18,8,13,18,4,6,14,13,10,11,17,7,10,0,10,12,38,7,25,15,8,22,14,7
2125,7,11,25,7,31,10,10,22,10,5,15,23,19,28,19,13,26,15,21,16,21,12,8,12,6,23,65,10,13,6,11,22,11,8,23,41,7,14,18,14,12,11,12,30,17,8,28,14,12,20,7,10,4,3,14,20,35,36,7,12,20,8,29,17,9,13,32,55,8,19,13,8,18,8,13,18,4,6,14,13,10,11,17,7,10,0,10,12,38,7,25,15,8,22,14,7
2126,6,11,25,7,31,10,10,22,10,5,15,23,18,27,19,13,26,15,21,16,20,12,8,12,6,23,65,10,12,6,11,22,11,8,23,41,7,14,18,14,12,11,12,30,17,8,28,13,12,20,7,10,4,3,14,20,35,36,7,12,20,8,29,17,9,13,32,55,8,19,13,8,18,8,13,18,4,6,14,13,10,11,17,7,10,0,10,12,38,7,25,15,8,22,14,7
2127,6,11,25,7,31,10,10,22,10,5,15,23,18,26,19,13,26,15,21,16,20,12,8,12,6,23,65,10,11,6,11,22,11,8,23,41,7,14,18,13,12,11,12,30,17,8,28,13,12,20,7,10,4,3,14,20,35,36,7,12,19,8,30,17,9,12,32,55,8,19,13,8,18,8,13,18,4,6,13,13,10,11,17,7,10,0,10,12,38,7,25,15,8,22,13,7
2128,6,11,25,7,31,10,10,22,10,5,15,23,18,26,19,13,26,14,21,15,20,12,8,12,6,23,65,10,11,6,11,22,11,8,23,41,7,14,18,13,12,11,12,30,17,8,28,13,12,20,7,10,4,3,14,19,35,36,7,12,19,8,30,17,9,12,32,55,8,19,13,8,18,8,13,18,4,6,13,13,9,11,17,7,10,0,10,12,38,7,25,15,8,22,13,7
2129,6,11,25,7,31,10,10,22,9,5,15,23,18,26,19,13,26,14,21,15,19,12,8,12,6,23,65,10,11,6,11,22,10,8,23,41,7,14,18,13,12,11,12,29,17,8,28,13,12,20,6,10,4,3,14,19,35,36,7,12,19,8,30,16,9,12,32,55,8,19,13,8,18,8,13,18,4,6,13,12,9,12,18,7,10,0,10,12,37,7,25,15,8,22,13,7
2130,6,11,25,7,31,10,10,22,9,5,14,23,18,26,19,13,26,14,21,15,20,12,8,12,6,23,65,10,11,6,11,22,10,8,22,42,7,14,18,13,12,11,12,29,17,8,28,13,12,20,6,10,5,3,14,19,35,36,7,12,17,8,30,16,9,12,32,55,8,20,13,8,18,8,13,18,4,6,13,12,9,12,18,7,10,0,10,12,37,7,25,15,8,22,13,7
2131,6,10,25,7,32,10,10,22,8,5,14,23,18,26,19,13,26,14,21,15,20,12,8,12,6,23,65,10,11,6,11,22,10,8,22,42,7,14,18,13,12,11,12,28,17,8,28,13,12,20,6,10,5,3,14,18,35,35,7,12,17,8,30,16,9,12,32,55,8,20,13,8,18,8,12,18,4,6,13,11,9,12,18,6,10,0,10,12,37,7,25,15,8,22,13,7
2132,6,10,25,7,32,10,10,22,8,5,14,21,18,26,18,13,25,14,21,15,20,12,8,12,6,23,64,10,11,6,11,22,10,8,22,42,7,14,18,13,12,11,12,27,17,8,28,13,12,20,6,10,5,3,14,18,35,35,7,12,17,8,30,16,9,12,32,55,8,20,13,8,18,8,12,18,4,6,13,11,9,12,18,7,10,0,10,12,37,7,25,15,8,22,13,7
2133,6,10,25,7,32,10,10,21,8,5,14,22,18,26,18,13,26,14,21,15,20,12,8,12,6,23,64,10,11,6,11,22,10,7,22,42,7,14,18,13,12,11,12,27,17,8,28,13,12,20,6,10,5,3,14,18,36,35,7,12,15,8,30,16,9,12,32,54,8,20,13,8,18,8,12,18,4,6,13,11,9,12,18,7,10,0,10,12,37,7,25,15,8,22,13,7
2134,6,10,25,7,32,10,10,21,8,5,15,22,18,26,18,13,25,14,21,15,20,12,8,12,6,23,66,10,11,6,11,22,10,7,22,42,7,14,18,13,12,11,12,26,17,8,28,13,12,20,6,10,5,3,14,18,36,36,7,12,15,8,30,16,9,12,32,54,7,20,13,8,18,8,12,18,4,6,13,11,9,12,18,7,10,0,10,12,37,7,25,14,8,22,13,7
2135,6,10,25,7,32,10,10,20,8,5,14,22,18,26,18,13,25,14,21,15,20,12,8,12,6,22,66,10,11,5,11,22,10,7,22,43,7,14,18,13,12,11,10,26,17,8,28,13,12,20,6,10,5,3,14,18,36,36,7,12,15,8,30,16,9,11,32,54,7,20,13,8,18,8,12,18,4,6,12,11,9,12,17,7,10,0,10,12,37,7,25,14,8,22,13,7
2136,6,10,25,7,31,10,10,20,8,5,14,22,18,26,18,13,25,14,21,15,20,12,8,12,6,22,66,10,11,5,11,22,10,7,22,43,7,14,18,13,11,11,10,26,17,8,28,13,12,20,6,10,5,3,14,18,36,37,7,12,15,8,30,16,9,11,32,53,7,21,13,8,18,8,12,18,4,5,12,11,9,12,16,7,10,0,10,12,37,7,25,14,8,22,13,7
2137,6,10,25,7,31,10,10,20,8,5,14,22,18,26,18,13,25,14,21,15,20,12,8,12,6,22,65,10,11,5,11,22,10,7,22,43,7,14,18,13,11,11,10,26,17,8,28,12,12,20,6,10,5,3,14,18,35,38,7,12,15,8,30,16,9,11,33,52,7,22,13,8,18,8,12,18,4,5,11,11,9,12,16,7,10,0,10,13,37,7,25,14,8,22,13,7
2138,6,10,25,7,31,10,8,20,8,5,14,22,18,26,18,13,25,14,21,15,20,12,8,12,6,22,65,10,11,5,11,22,10,7,21,43,7,14,18,13,11,11,10,26,17,8,28,12,11,20,6,10,5,3,14,18,36,38,7,12,15,8,30,16,9,11,33,52,6,22,13,8,18,8,12,18,4,5,11,11,9,11,16,7,10,0,10,13,37,7,25,14,8,22,13,7
2139,5,10,25,7,31,10,8,20,8,5,14,22,18,26,18,13,24,14,20,15,20,12,8,12,6,22,65,10,11,5,11,22,10,6,21,43,7,14,18,13,11,11,10,26,17,8,28,12,11,20,6,10,5,3,14,19,37,38,7,11,15,8,30,16,9,10,33,52,6,22,12,8,18,8,12,18,4,5,11,11,9,10,16,6,10,0,10,13,37,7,25,14,8,22,13,7
2140,5,10,25,7,31,10,8,20,8,5,14,22,18,26,18,13,24,14,20,15,20,12,8,12,6,22,65,10,11,5,11,22,10,6,21,43,7,14,17,13,11,11,10,25,17,8,28,12,11,20,6,10,5,3,14,19,36,38,7,11,15,8,30,16,9,9,33,52,6,22,12,7,18,8,12,18,4,5,11,11,9,10,16,6,10,0,10,13,37,7,25,14,8,22,13,7
2141,5,10,25,7,31,10,8,20,8,5,14,22,18,26,18,13,24,14,19,15,20,12,8,12,6,22,65,10,11,5,11,21,9,6,21,43,7,14,17,13,11,11,10,25,17,8,28,12,11,20,6,10,5,3,14,19,36,38,7,11,14,7,30,16,8,9,33,51,6,23,12,7,18,8,12,18,4,5,11,11,9,10,16,6,10,0,9,13,37,7,25,14,8,22,13,6
2142,5,10,25,7,31,10,8,21,8,5,14,21,18,26,18,14,24,14,18,15,20,12,8,12,6,22,66,10,11,5,11,21,9,6,21,43,7,14,17,14,11,11,10,25,17,8,28,13,11,20,6,10,5,3,14,19,36,38,7,11,14,7,30,16,8,9,33,51,6,23,12,7,18,8,12,19,4,5,11,11,9,10,16,6,10,0,9,13,37,7,25,14,8,22,13,6
2143,5,10,25,7,33,10,8,21,8,5,13,21,18,26,18,14,24,14,18,15,20,12,8,12,6,22,66,10,11,5,11,21,9,6,21,43,7,14,17,14,11,11,10,25,17,8,28,13,11,20,6,9,5,3,14,19,36,38,7,11,13,7,30,16,8,9,33,51,6,23,12,7,18,7,12,19,4,5,11,11,9,10,16,6,10,0,9,13,37,7,25,14,8,22,13,6
2144,5,10,25,7,33,10,8,21,8,5,12,21,18,26,18,14,24,14,18,15,20,12,8,12,6,22,66,10,11,5,11,21,9,6,21,43,7,14,17,14,11,11,10,25,17,8,27,13,11,20,6,9,5,3,14,19,36,38,7,11,13,7,30,16,8,9,33,51,6,23,12,7,18,7,12,19,4,5,11,11,9,10,16,6,10,0,9,13,37,7,24,14,8,22,13,6
2145,5,10,24,7,33,10,8,21,8,5,12,21,18,26,18,14,24,14,18,15,20,12,8,12,6,21,66,10,11,5,11,21,9,6,21,42,7,14,17,14,11,11,10,25,17,8,27,13,11,20,6,9,5,3,14,19,36,38,7,11,13,7,30,16,8,9,33,51,6,23,12,7,18,7,12,19,4,5,11,11,9,10,16,6,10,0,9,13,37,7,24,14,8,22,13,6
2146,5,10,23,7,33,10,8,21,8,5,12,20,18,26,18,14,24,14,17,15,20,12,8,12,6,21,67,10,11,5,11,21,9,6,21,42,7,13,17,14,11,11,10,25,17,8,28,13,11,20,6,9,5,3,14,19,36,38,7,11,13,7,30,16,8,9,33,51,6,23,12,6,18,7,12,19,4,5,11,11,8,10,16,6,10,0,9,13,37,7,24,14,8,23,13,5
2147,5,10,23,6,33,10,8,21,8,5,12,20,18,27,18,14,24,14,18,15,20,12,8,12,6,21,67,10,11,5,11,21,7,6,21,43,7,13,17,14,11,11,10,25,17,8,28,13,11,20,6,8,5,3,14,19,36,38,7,11,12,7,30,16,8,9,33,51,6,22,12,6,18,7,12,19,4,5,11,11,8,10,16,6,10,0,9,13,37,7,24,14,8,23,13,5
2148,5,10,23,6,34,10,8,21,7,5,12,20,18,27,18,14,24,14,18,15,20,12,8,12,6,21,67,10,11,5,11,21,7,6,20,43,7,13,17,15,11,11,10,25,17,8,28,12,11,20,6,8,5,3,14,19,36,38,7,11,12,7,30,16,8,9,33,51,6,22,12,6,17,7,12,19,4,5,11,11,8,10,16,6,10,0,8,13,37,7,24,14,8,22,13,5
2149,5,10,23,6,34,10,8,21,7,5,12,20,18,27,18,14,24,14,18,15,20,12,8,12,6,20,67,10,11,5,11,21,7,6,20,43,7,13,17,15,10,11,10,25,17,8,28,12,11,20,6,8,4,3,14,19,36,38,7,11,11,7,30,16,8,9,33,51,6,21,12,6,17,7,12,19,4,5,11,12,7,9,16,6,10,0,8,13,37,7,24,13,8,22,13,5
2150,5,10,23,6,34,10,8,21,7,5,12,20,18,27,18,14,24,14,18,15,20,12,8,12,6,20,68,10,11,5,11,21,7,6,20,43,7,13,17,14,10,11,10,25,17,7,28,12,11,20,6,8,4,3,14,19,36,38,7,11,10,7,31,16,8,9,33,51,6,21,12,6,17,7,12,19,4,5,11,12,7,9,16,6,10,0,8,13,37,7,24,13,8,22,13,5
2151,5,10,23,6,34,10,8,21,7,5,12,20,18,27,18,14,24,14,18,15,21,12,8,12,6,20,68,10,11,5,11,21,7,6,20,43,7,13,17,14,10,11,10,25,17,7,28,12,11,20,6,8,4,3,14,19,36,38,7,11,10,7,31,17,8,9,33,51,6,20,12,6,17,7,12,19,4,5,11,11,7,9,16,6,10,0,8,13,37,7,24,13,8,22,13,5
2152,5,10,22,6,34,10,8,21,7,5,12,20,18,27,18,14,24,14,18,15,21,12,8,12,6,20,69,10,11,5,11,20,7,6,20,43,7,13,17,14,10,11,10,25,17,7,28,12,11,20,6,8,4,3,14,19,37,37,7,11,10,7,31,17,8,9,33,52,6,20,12,6,17,7,12,19,4,5,11,11,7,9,15,6,10,0,8,13,37,7,24,13,8,22,13,5
2153,5,10,22,6,34,10,8,21,7,5,12,20,18,26,18,13,24,14,18,15,21,12,8,12,6,20,69,10,11,5,12,20,7,6,20,44,7,13,17,14,10,11,10,25,17,7,28,12,11,20,6,8,4,3,14,19,38,37,7,11,10,6,31,17,8,9,33,52,6,20,12,6,17,7,12,19,4,5,11,11,7,9,15,6,10,0,8,13,37,7,22,13,8,22,13,5
2154,5,10,22,6,34,10,8,21,7,5,12,21,18,26,18,13,24,14,18,15,21,12,8,12,6,20,69,10,11,5,12,20,6,6,20,44,7,13,17,14,10,10,10,25,17,7,28,12,11,20,6,8,4,3,14,19,38,37,7,11,10,6,31,17,8,9,33,52,6,20,12,6,17,7,12,19,4,5,11,11,7,9,15,6,10,0,8,14,37,7,22,13,8,22,13,5
2155,5,10,22,6,34,10,8,21,7,5,12,21,18,26,18,13,24,14,18,15,21,12,8,12,6,20,70,10,11,5,12,20,6,6,19,44,7,13,17,14,10,10,10,25,17,7,28,12,11,20,6,8,4,3,14,19,38,37,7,11,10,6,31,16,8,9,33,52,6,20,12,6,17,7,11,19,4,5,11,11,7,9,15,6,10,0,8,14,37,7,22,13,8,22,13,5
2156,5,10,22,6,34,10,8,21,7,5,12,21,18,26,18,13,24,14,18,15,21,12,8,12,6,20,70,10,11,5,12,19,6,6,19,44,7,13,17,14,10,10,10,25,17,7,28,12,11,19,6,8,4,3,14,19,38,37,7,11,10,6,31,16,8,9,32,52,6,20,12,6,17,7,11,19,4,5,11,11,7,9,15,6,10,0,8,13,37,7,21,13,8,22,13,5
2157,5,10,21,6,34,10,8,21,7,5,12,21,18,25,18,13,24,14,18,15,21,12,8,12,6,20,70,10,11,5,12,19,6,6,19,44,7,13,17,14,10,10,10,25,17,7,28,12,11,19,6,7,4,3,14,19,38,37,7,11,10,6,31,16,8,9,32,53,6,20,12,6,17,7,11,19,4,5,11,11,7,9,15,6,10,0,8,14,37,7,21,13,8,22,13,5
2158,5,10,21,6,35,10,9,21,7,5,12,21,18,25,19,13,24,14,19,15,21,12,8,12,6,20,70,10,11,5,12,19,6,6,19,44,7,12,17,14,10,10,10,25,17,7,28,11,11,19,6,7,4,3,14,19,37,37,7,11,10,6,31,16,8,8,32,53,6,20,12,6,17,7,11,19,4,5,11,11,7,9,15,6,10,0,8,14,37,7,21,13,8,22,13,5
2159,5,10,21,6,35,10,9,21,7,5,12,21,19,25,19,13,24,14,19,15,21,12,8,12,6,20,70,10,11,5,12,19,6,6,19,44,7,12,17,14,10,10,10,25,17,7,29,11,11,19,6,7,4,3,14,19,37,35,7,11,10,6,31,16,8,8,31,55,6,20,12,6,16,7,11,19,4,5,11,11,7,9,15,6,10,0,8,14,37,7,21,13,8,22,14,5
2160,4,10,20,6,35,10,9,21,7,5,12,21,19,25,20,13,24,14,19,15,21,12,8,12,6,20,70,10,11,5,12,19,6,6,19,44,7,12,17,14,10,10,10,25,17,7,29,11,11,18,6,6,4,3,14,19,36,36,7,11,10,6,31,16,8,8,30,55,6,20,12,6,16,7,11,19,4,5,11,11,7,9,15,6,10,0,8,14,37,7,20,13,8,22,14,5
2161,4,10,20,6,35,9,9,21,7,5,12,21,19,25,20,13,24,14,19,15,21,12,8,12,6,20,71,10,11,5,12,19,6,6,19,44,7,12,16,14,9,10,9,25,16,7,29,11,11,18,6,5,4,3,14,19,35,36,7,11,10,6,30,16,8,8,30,55,6,20,12,6,16,7,11,19,4,5,11,11,7,9,15,6,10,0,8,14,37,7,20,13,8,22,14,5
2162,4,10,19,6,36,9,9,21,7,5,12,21,19,25,20,12,24,14,19,15,21,12,8,12,6,20,72,10,11,5,12,19,6,6,19,44,7,12,16,14,9,10,8,25,16,7,29,11,11,18,6,5,4,3,14,19,35,36,7,11,10,6,30,15,8,7,30,55,6,20,12,6,16,7,11,19,4,4,11,11,7,9,15,6,10,0,8,14,37,7,20,13,8,22,14,5
2163,4,10,19,6,37,9,9,21,7,5,12,22,19,25,19,12,23,14,19,15,20,12,8,12,6,20,73,10,11,5,11,19,6,6,19,44,7,12,16,14,9,10,8,25,16,7,29,11,11,18,6,5,4,3,14,19,35,36,7,11,10,6,30,15,8,7,29,55,6,20,11,6,16,7,10,19,4,4,11,11,6,9,15,6,10,0,8,14,37,7,21,13,8,22,14,5
2164,4,10,19,6,37,9,9,21,7,5,12,22,19,25,19,12,23,14,19,16,20,12,8,12,6,20,73,10,11,5,11,19,6,6,19,44,7,12,16,14,9,10,8,25,16,7,29,11,11,18,6,5,4,3,14,19,35,36,7,11,10,6,30,15,8,7,29,56,6,20,11,6,16,7,10,19,4,4,11,11,6,9,15,6,10,0,8,14,37,7,21,13,8,22,14,5
2165,4,10,19,6,38,9,9,21,7,5,12,22,19,25,20,12,23,13,19,16,20,11,8,12,6,20,74,10,11,5,11,19,6,6,19,44,7,12,16,14,9,10,8,25,16,7,29,11,11,18,6,5,5,3,14,19,35,36,7,11,10,6,30,15,8,7,29,57,6,20,11,6,16,7,10,19,4,4,11,11,6,9,15,6,10,0,8,14,37,7,21,13,8,22,14,5
2166,4,10,18,6,38,9,9,21,7,5,13,22,19,25,20,12,23,13,19,16,20,11,8,12,6,20,75,10,11,5,11,19,6,6,19,44,7,12,16,14,9,10,8,25,16,7,30,10,11,18,6,5,5,3,14,19,35,36,7,11,10,6,30,15,7,7,29,57,6,21,11,6,16,7,10,19,4,4,11,11,6,9,15,6,10,0,8,14,37,7,21,13,8,22,14,5
2167,4,10,18,6,38,9,9,21,7,5,13,22,19,25,20,12,23,13,18,16,19,11,8,12,6,20,75,10,11,5,11,19,6,6,19,43,7,12,16,14,9,10,8,25,16,7,30,10,11,18,6,5,5,3,14,19,35,36,7,10,10,6,30,15,7,6,29,57,6,21,11,6,16,7,10,19,5,4,11,11,6,9,15,6,10,0,8,14,38,7,21,13,8,22,14,5
2168,4,10,17,5,38,9,9,21,7,5,13,22,19,25,20,12,23,13,18,16,19,11,8,12,6,20,75,10,11,5,11,19,5,6,19,43,7,12,15,14,9,10,8,25,16,7,30,10,11,18,6,5,5,3,14,19,35,36,7,10,10,6,30,15,7,6,29,57,6,21,11,6,16,7,10,19,5,4,11,11,6,9,15,6,10,0,8,14,38,7,21,13,8,22,14,5
2169,4,10,17,5,38,9,9,21,7,6,13,22,19,25,20,11,23,13,18,15,19,11,8,12,6,20,75,10,11,6,11,19,5,6,18,43,7,12,15,14,9,9,8,25,16,7,30,10,11,18,6,5,5,3,13,19,35,36,7,10,10,6,30,15,7,6,29,57,6,21,11,6,16,7,10,19,5,4,11,11,6,9,15,6,10,0,8,14,38,7,21,13,8,23,13,5
2170,4,10,17,5,38,9,9,21,7,6,13,21,19,25,20,11,23,13,18,15,19,11,8,12,6,20,75,10,11,6,11,19,5,6,18,43,7,12,15,14,9,8,8,25,16,7,30,10,11,18,6,5,5,3,13,19,35,36,7,10,10,6,30,15,7,6,29,57,6,21,11,6,16,6,10,19,5,4,11,11,6,9,15,6,10,0,8,14,38,7,21,13,8,22,13,5
2171,4,9,17,5,38,9,9,21,7,6,13,21,18,25,20,12,23,13,18,15,19,11,8,12,6,20,75,10,11,6,11,19,5,6,18,43,7,12,15,14,9,8,8,23,16,7,31,10,11,19,6,5,5,3,13,19,35,35,7,10,10,6,30,15,7,6,29,57,6,21,11,6,18,6,10,19,5,4,10,11,6,9,15,6,10,0,8,14,38,7,21,13,8,22,13,5
2172,4,9,17,4,38,9,9,21,7,6,13,21,18,25,20,12,23,13,18,15,19,10,8,12,6,20,75,10,11,6,11,19,4,6,18,43,7,12,15,14,9,8,8,23,16,7,30,10,11,19,6,5,5,3,14,19,35,35,7,10,10,6,30,14,7,6,29,57,6,21,11,6,18,6,10,18,5,4,9,11,6,9,15,6,10,0,8,14,38,7,21,12,8,22,13,5
2173,4,9,17,4,39,9,9,21,7,6,13,21,18,25,20,12,23,13,18,15,19,10,8,12,6,20,75,10,11,6,11,19,4,5,18,44,7,12,15,14,9,8,8,23,16,7,30,11,11,19,6,5,5,3,14,19,35,35,7,10,10,6,29,14,7,6,29,55,6,21,11,6,18,6,10,18,5,4,9,11,6,9,15,6,10,0,8,14,38,7,21,12,8,22,14,5
2174,4,9,17,4,39,8,9,21,7,6,13,21,18,25,20,12,23,13,18,14,19,10,8,12,6,20,75,10,11,6,11,19,4,5,18,44,7,12,15,13,9,8,8,23,16,7,30,11,11,19,6,5,5,3,14,19,35,35,7,10,10,6,29,14,7,6,29,55,6,21,11,6,18,6,10,18,5,4,9,11,6,9,15,6,10,0,8,14,37,7,21,12,7,22,14,5
2175,4,8,17,4,39,8,9,21,7,6,13,21,18,25,20,12,23,13,18,14,19,10,8,12,6,20,74,10,11,6,11,19,4,5,18,44,7,12,15,13,9,8,8,22,16,7,30,11,11,19,6,5,5,3,14,19,35,35,7,10,10,6,29,14,7,5,29,55,6,21,11,6,18,6,10,18,5,4,9,11,6,9,15,6,10,0,8,14,37,7,21,12,7,22,14,5
2176,4,8,17,4,39,8,9,21,7,6,13,21,18,25,20,11,23,13,18,15,19,10,8,12,6,21,74,10,11,6,11,19,4,5,18,44,7,12,14,13,9,8,8,22,16,7,30,11,10,19,6,5,5,3,14,19,36,35,7,10,10,6,29,13,7,5,29,55,6,20,11,6,18,6,10,18,5,4,9,11,5,9,15,6,10,0,8,14,37,7,21,12,7,22,14,5
2177,4,8,17,4,39,8,9,21,7,6,13,21,18,25,20,11,23,13,18,15,19,10,8,12,6,21,74,10,11,6,11,19,4,5,18,44,7,12,14,13,9,8,8,22,16,7,30,11,10,19,6,5,5,3,14,19,36,35,7,10,10,6,29,13,7,5,29,55,6,20,11,6,18,6,10,18,5,4,9,11,5,9,14,6,10,0,8,14,37,6,20,12,7,22,14,5
2178,4,8,17,4,39,8,9,21,7,6,14,21,18,25,20,11,23,13,18,15,19,10,8,12,6,21,74,10,11,5,11,19,4,5,18,43,7,12,14,12,9,8,8,22,16,7,30,11,10,19,6,5,5,3,14,19,36,35,7,9,10,6,28,13,7,5,29,55,6,20,10,6,18,6,10,18,5,4,9,11,5,9,13,7,10,0,8,14,37,6,20,12,7,22,14,5
2179,4,8,17,4,39,8,8,21,7,6,14,21,18,25,20,11,23,13,18,15,19,10,8,12,6,21,74,10,11,5,11,19,4,5,18,43,7,12,14,12,9,8,8,22,16,7,30,11,10,19,6,5,5,3,14,19,36,35,7,9,10,6,28,13,7,5,30,56,6,20,10,6,18,6,10,19,5,4,8,11,5,9,13,7,10,0,8,14,37,6,20,12,7,22,14,5
2180,4,8,17,4,39,8,8,21,6,6,14,21,17,25,20,11,23,13,18,15,19,10,8,12,6,21,74,10,11,5,11,19,4,5,18,43,7,12,14,12,9,8,8,21,16,7,30,11,10,19,6,5,5,3,14,19,35,35,7,9,10,6,28,13,7,5,30,56,6,20,10,6,17,6,10,19,5,4,8,11,5,9,13,7,10,0,8,14,37,6,20,12,7,22,14,5
2181,4,7,17,4,39,8,8,21,6,6,14,21,17,25,20,11,23,13,18,15,19,10,8,12,5,21,74,10,11,5,11,19,4,5,19,43,7,12,14,12,9,8,8,21,16,7,30,10,10,19,5,5,5,2,14,19,35,35,7,9,10,6,28,13,7,5,30,56,5,20,10,6,17,6,10,19,5,4,8,11,5,9,13,7,10,0,8,14,38,6,20,12,7,22,14,5
2182,4,7,17,4,39,8,8,21,6,6,14,21,17,25,20,11,23,13,18,15,19,10,8,12,5,21,73,10,11,5,11,19,4,5,19,43,7,12,14,12,9,8,8,21,16,7,30,10,10,19,5,5,5,2,14,19,35,35,7,8,10,6,28,13,7,5,30,55,5,20,10,6,17,6,10,19,5,4,8,11,5,9,13,7,10,0,8,15,38,6,20,12,7,22,13,5
2183,4,7,17,4,38,8,8,21,6,6,14,21,17,25,20,11,23,13,17,14,19,10,8,12,5,21,73,10,10,5,11,19,4,5,19,43,7,11,14,12,9,8,8,21,16,7,29,10,10,19,5,5,5,2,14,19,35,34,7,8,10,6,28,13,7,5,30,55,5,20,10,6,17,6,10,19,5,4,8,11,5,9,13,7,10,0,8,15,38,6,20,12,7,22,13,5
2184,4,7,17,4,38,8,8,21,6,6,14,21,18,25,20,12,23,13,17,14,19,8,8,12,5,21,73,10,10,5,11,19,4,5,19,43,7,11,14,12,9,8,8,21,15,7,29,10,10,19,6,5,5,2,14,19,35,34,7,8,10,6,28,13,7,5,30,55,5,19,10,6,17,6,10,19,5,4,8,11,5,9,13,7,10,0,8,15,38,6,20,12,7,22,13,5
2185,4,7,17,4,38,8,8,21,6,6,14,21,18,25,20,12,23,13,16,14,18,8,8,12,5,21,73,10,10,5,11,19,4,5,19,43,7,11,14,12,9,8,8,21,15,7,29,10,10,19,6,4,5,2,14,19,36,34,7,8,10,6,28,12,7,5,30,55,5,18,10,6,17,6,10,19,5,4,8,11,5,9,13,7,10,0,8,15,38,6,20,12,7,22,13,5
2186,4,7,17,4,38,8,8,21,5,6,14,21,18,25,20,12,23,13,16,14,18,7,8,12,5,21,74,10,10,5,11,19,4,5,19,43,7,11,14,12,9,8,8,21,15,7,29,10,10,19,6,4,5,2,14,19,36,33,7,8,10,6,28,12,7,5,30,55,5,17,10,6,17,6,10,19,5,4,8,11,4,9,13,7,10,0,8,15,37,6,20,12,7,22,13,5
2187,4,7,17,4,39,8,8,21,5,6,14,21,17,25,20,13,23,13,17,14,18,7,8,12,5,22,75,10,10,5,11,19,4,5,19,43,7,11,14,12,9,8,8,21,15,7,29,10,10,19,6,4,5,2,14,19,36,33,7,8,10,6,28,12,7,5,30,55,5,17,10,5,17,6,10,19,5,4,8,11,4,9,13,7,10,0,8,15,37,6,19,12,7,22,13,5
2188,4,6,17,4,39,8,7,21,5,6,14,21,17,25,21,13,22,13,17,14,18,7,8,12,5,21,75,10,10,5,10,19,4,5,19,43,7,11,14,12,9,8,8,21,14,7,29,10,10,19,6,4,5,2,14,19,36,33,7,8,10,6,28,12,7,5,30,55,5,17,10,5,17,6,10,19,5,4,8,11,4,9,13,7,10,0,8,15,37,6,18,12,7,22,13,5
2189,4,6,17,4,39,8,7,21,4,6,14,21,17,25,21,13,22,13,17,14,18,7,8,12,5,21,74,10,10,5,10,19,4,5,19,43,7,11,14,12,9,8,8,21,14,7,29,10,10,19,6,4,5,2,14,18,36,33,7,8,10,5,28,12,7,5,30,55,5,17,10,5,17,6,10,19,5,4,8,11,4,9,13,7,10,0,8,15,37,6,18,12,7,22,13,5
2190,4,6,17,4,39,7,7,21,4,6,14,20,17,25,21,13,22,13,17,14,18,7,8,12,5,21,74,10,10,5,10,19,4,5,19,43,7,11,14,12,9,8,8,21,14,7,30,10,10,19,6,4,5,2,14,18,36,33,7,8,10,5,28,12,7,5,30,55,5,17,10,5,17,6,10,19,5,4,8,11,4,9,13,7,9,0,8,15,37,6,18,12,7,22,13,5
2191,4,6,17,4,39,7,7,21,4,6,14,20,17,26,21,12,22,13,18,14,18,7,8,12,5,21,74,10,10,5,10,19,4,5,19,43,7,11,14,12,9,8,8,21,14,7,30,10,10,19,6,4,5,2,14,18,36,33,7,8,10,5,28,12,7,5,30,55,4,17,10,5,17,6,10,19,5,4,8,11,4,9,13,7,9,0,8,15,37,6,18,12,7,22,13,5
2192,4,6,17,4,39,7,7,21,4,6,14,20,17,26,20,12,22,13,18,14,18,7,8,12,5,21,74,10,10,5,10,19,4,5,19,43,7,11,14,12,9,8,8,21,14,7,30,10,10,20,6,4,5,2,14,18,36,33,7,8,10,5,28,11,7,5,30,56,4,17,10,5,17,6,10,19,5,4,8,11,4,9,13,7,9,0,8,15,37,6,18,12,7,22,13,5
2193,4,6,17,4,38,7,7,22,4,6,14,20,17,26,20,12,22,13,17,14,18,7,8,11,5,21,74,10,10,5,10,19,3,5,19,43,7,12,14,12,9,8,8,21,14,7,30,10,10,20,6,4,5,2,14,18,36,33,7,8,10,5,28,11,7,5,30,56,4,17,10,5,17,6,10,19,5,4,8,11,4,9,12,7,9,0,8,15,37,6,18,12,7,22,13,4
2194,4,6,17,4,38,7,7,22,4,6,14,20,17,26,20,12,22,13,17,14,18,7,8,11,5,20,75,9,10,5,9,19,3,5,19,43,7,12,13,11,9,8,8,21,13,7,30,10,10,20,6,4,5,2,14,18,36,33,7,8,10,5,28,11,7,5,30,56,4,17,10,5,17,6,10,19,5,4,8,10,4,9,12,7,9,0,8,15,37,6,18,12,6,22,13,4
2195,4,6,17,4,38,7,7,22,4,6,14,20,17,26,19,12,22,13,17,14,18,7,8,12,5,20,75,9,10,5,9,19,3,5,19,43,7,12,13,11,9,8,8,21,13,7,30,10,10,20,6,3,5,2,14,18,36,33,7,9,10,5,28,11,7,5,30,56,4,17,10,5,17,6,10,19,5,4,8,10,4,9,12,7,9,0,8,15,37,6,18,12,6,22,13,4
2196,4,6,17,4,38,7,7,22,4,6,14,20,17,26,19,12,22,13,17,14,18,7,8,12,5,20,75,9,10,5,9,19,3,5,19,43,7,12,13,11,8,8,8,21,13,7,30,10,10,20,6,3,5,2,14,17,36,34,7,9,10,5,28,11,7,5,30,56,4,17,10,5,17,6,10,19,5,4,8,10,4,9,12,7,9,0,8,15,37,6,18,11,6,22,13,4
2197,4,6,17,4,38,7,7,22,4,6,14,20,17,25,19,12,22,13,17,14,18,7,8,12,5,20,75,9,10,4,9,19,3,5,19,43,7,12,13,11,8,8,8,21,13,7,30,10,9,20,6,3,5,2,14,17,36,34,7,9,10,5,28,11,7,5,30,57,4,17,10,5,17,6,10,19,5,4,7,10,4,9,12,7,9,0,8,15,37,6,18,11,6,21,12,4
2198,4,6,17,4,38,7,6,22,4,6,13,20,17,25,19,12,22,13,17,14,18,7,8,12,5,20,75,9,10,4,9,19,3,5,19,43,7,12,13,10,8,8,8,20,13,7,30,10,9,20,6,3,5,2,13,17,36,34,7,9,10,5,28,11,7,5,30,57,4,17,10,5,17,6,10,19,5,4,7,10,4,9,12,7,9,0,8,15,37,6,19,11,6,20,12,4
2199,4,6,17,4,38,7,6,22,4,6,13,20,17,25,19,12,22,13,17,13,18,7,8,12,5,20,75,9,10,4,8,19,3,5,19,41,7,12,13,10,8,8,8,20,13,7,31,9,9,20,6,3,5,2,13,17,36,34,7,9,10,5,28,11,7,5,30,57,4,17,10,5,16,6,10,19,5,4,7,10,4,9,12,7,9,0,8,15,37,6,19,11,6,20,12,4
2200,4,6,17,4,38,7,6,21,4,6,13,19,17,25,19,12,22,13,17,13,18,7,9,12,4,19,76,9,10,4,8,19,3,5,19,41,7,12,12,10,8,8,8,20,13,7,31,9,9,20,6,3,5,2,13,17,35,33,6,9,10,5,28,11,7,5,30,57,4,17,10,5,16,6,10,19,5,4,7,10,4,9,12,7,9,0,8,15,37,6,19,11,6,20,12,4
2201,4,6,17,4,37,7,6,21,4,6,12,19,17,25,19,12,22,13,17,13,18,6,9,12,4,19,76,9,10,4,8,19,3,5,18,41,7,12,12,10,8,8,8,20,13,7,31,9,9,20,6,3,5,2,13,17,35,32,6,9,10,5,28,11,7,5,30,57,4,17,10,5,16,6,10,19,5,4,7,10,4,9,13,7,9,0,8,15,37,6,19,11,6,20,12,4
2202,4,6,17,4,37,7,6,21,4,6,12,19,17,25,19,12,22,13,17,13,18,6,9,12,4,19,77,9,10,4,8,19,3,5,18,42,7,12,12,10,8,8,8,20,13,7,31,9,9,20,6,3,5,2,13,17,35,32,7,9,10,5,28,11,7,5,30,56,4,17,10,5,16,6,10,19,5,4,7,10,4,9,13,7,9,0,8,15,37,6,19,11,5,20,12,4
2203,4,6,17,4,37,7,6,21,4,6,12,19,17,25,19,12,22,13,16,13,18,6,9,12,4,19,77,9,10,4,8,19,3,5,18,42,7,12,12,10,8,8,8,20,13,7,31,9,9,20,6,3,5,2,13,17,35,32,7,9,10,5,28,11,7,5,29,56,4,16,10,5,16,6,10,19,5,4,7,10,4,9,13,7,9,0,8,15,37,6,19,11,5,20,12,4
2204,4,6,17,4,37,7,6,22,4,6,12,19,17,25,19,12,22,13,16,13,18,6,9,12,4,19,77,9,10,4,7,19,3,5,18,42,7,12,12,10,8,8,8,20,13,7,31,9,9,20,6,3,5,2,13,17,35,32,7,9,10,5,27,11,7,5,29,56,4,16,10,5,16,6,10,19,5,4,7,10,4,9,13,7,9,0,8,15,37,6,19,11,5,19,12,4
2205,4,6,17,4,36,7,6,22,4,6,11,19,17,25,19,12,22,13,16,13,18,6,9,12,4,19,76,8,10,4,7,19,3,5,18,42,7,12,12,10,8,7,8,20,13,7,30,9,9,20,5,2,5,2,13,17,35,32,7,9,10,5,27,11,7,5,29,55,4,16,10,5,16,6,10,19,5,4,7,10,3,9,13,7,9,0,8,15,37,6,19,11,5,19,12,4
2206,4,6,17,4,36,7,6,22,4,6,11,19,17,25,19,12,22,13,16,13,18,6,9,12,4,19,76,8,9,4,7,19,3,4,18,42,7,12,12,10,8,7,8,20,14,7,30,9,9,20,5,2,5,2,13,16,35,32,7,9,10,5,27,10,7,5,29,54,4,16,10,5,16,6,10,19,5,4,7,10,3,9,13,7,9,0,8,15,37,6,19,11,4,19,12,4
2207,4,6,17,4,35,7,6,22,4,6,11,19,17,25,19,11,22,12,16,13,18,6,9,12,4,19,76,8,9,4,7,19,3,4,18,42,7,12,12,10,7,7,8,20,14,7,30,9,9,20,5,2,5,2,13,16,35,32,7,9,10,5,26,10,7,4,29,54,4,16,10,5,16,6,10,19,5,4,7,10,3,9,13,7,9,0,8,15,37,6,19,11,4,19,12,4
2208,4,6,17,4,35,7,6,22,4,6,11,19,17,26,19,11,23,12,16,13,18,5,9,12,4,20,76,8,9,4,7,19,3,4,18,42,7,12,12,10,7,7,7,20,14,7,30,9,9,20,5,2,5,2,13,16,35,32,7,9,10,5,26,10,7,4,29,54,4,16,10,5,16,6,10,19,5,4,7,10,3,9,13,7,9,0,8,15,37,6,19,11,4,19,12,3
2209,4,6,17,4,35,7,6,22,4,6,11,19,17,27,19,11,24,12,16,13,18,5,9,12,4,20,76,8,9,4,7,19,3,4,18,41,7,12,12,10,7,7,7,20,14,7,32,9,9,20,5,2,5,2,13,16,35,32,7,9,10,5,26,10,7,4,29,54,4,16,9,5,16,6,10,19,5,4,7,10,3,9,13,7,9,0,8,15,37,6,19,11,4,19,12,3
2210,4,6,17,4,35,7,6,22,4,6,11,19,17,27,19,11,24,12,16,13,18,5,9,11,4,20,76,8,9,4,7,19,3,4,18,41,7,12,12,10,7,7,7,20,14,7,32,9,9,20,5,2,5,2,13,16,35,32,7,9,10,5,26,10,7,4,29,54,3,16,9,5,17,6,10,19,5,4,7,10,3,9,13,7,9,0,8,15,36,6,19,11,4,18,12,3
2211,4,6,17,4,35,7,6,22,4,6,11,19,16,27,18,11,24,12,16,13,18,5,9,11,4,20,77,8,9,4,7,19,3,4,18,41,7,12,12,10,7,7,7,20,14,7,31,9,9,20,5,2,5,2,13,16,35,32,7,9,10,5,26,10,6,4,30,54,3,16,9,5,17,6,10,19,5,4,7,10,3,9,13,7,9,0,8,15,36,6,19,11,4,18,12,3
2212,4,6,17,4,35,7,6,22,4,6,11,19,16,25,18,11,24,12,16,13,18,5,9,11,4,20,76,8,9,4,7,19,3,4,18,41,7,12,12,10,7,7,7,20,14,7,31,9,9,20,5,2,5,2,13,16,35,32,7,9,10,5,26,10,6,4,30,54,3,16,9,5,17,6,10,19,5,4,7,10,3,9,13,7,9,0,8,15,36,6,20,11,4,18,12,2
2213,4,6,17,4,35,6,6,22,4,6,11,19,16,25,17,11,24,12,16,13,18,5,9,11,4,20,76,8,9,4,7,19,3,4,18,42,7,12,12,10,7,8,7,20,14,7,31,9,9,19,5,2,5,2,13,16,35,32,7,9,10,5,26,10,6,4,30,55,3,16,8,5,17,6,10,19,5,4,7,10,3,9,13,6,9,0,8,15,36,6,20,11,4,18,11,2
2214,4,6,18,4,35,6,6,22,4,6,10,19,16,25,17,11,24,12,16,13,18,5,9,11,4,20,77,8,9,4,7,19,3,4,18,42,7,12,12,10,7,8,7,20,14,7,31,9,9,19,5,2,5,2,13,16,35,32,7,9,10,4,26,10,6,4,30,55,3,16,8,5,17,6,10,19,5,4,7,10,3,9,13,6,9,0,8,15,36,6,19,11,4,18,11,2
2215,4,6,18,4,35,6,6,22,4,6,9,19,16,25,17,11,24,12,16,13,18,5,9,11,4,20,77,8,9,4,7,19,3,4,18,42,7,12,11,10,7,8,6,20,13,7,31,9,10,19,5,2,5,2,13,16,35,31,7,9,9,4,25,10,6,4,31,54,3,16,8,5,17,6,9,18,5,4,7,10,3,9,13,6,9,0,7,15,36,6,19,11,4,18,11,2
2216,4,6,18,4,35,6,6,22,4,6,9,19,16,25,17,11,24,12,16,13,18,5,9,11,4,20,77,7,9,4,7,19,3,4,18,42,7,12,11,10,7,8,6,20,13,7,31,9,10,19,5,2,5,2,13,15,35,30,7,9,9,4,25,10,6,4,30,54,3,16,8,5,17,6,9,18,5,4,7,10,3,9,13,6,9,0,6,15,34,6,19,11,4,19,11,2
2217,4,6,18,4,35,6,6,22,4,6,9,19,16,25,17,11,24,12,16,13,18,5,9,11,4,20,77,7,9,4,7,18,3,4,18,42,7,12,11,10,7,8,6,20,13,7,31,9,10,19,5,2,5,2,13,15,35,30,7,9,9,4,25,10,6,4,30,54,3,16,8,5,18,6,9,18,5,4,7,10,3,9,13,6,9,0,6,15,34,6,19,11,4,19,11,2
2218,4,6,18,4,35,6,6,22,4,6,9,19,16,25,17,11,24,12,16,13,18,5,9,11,4,19,77,7,9,4,7,19,3,4,18,42,7,12,11,10,7,8,6,20,13,7,31,9,10,19,5,1,5,2,13,15,35,29,7,9,9,4,25,10,5,4,30,54,3,16,8,5,18,6,9,18,5,4,7,10,3,9,12,6,9,0,6,15,34,6,19,11,4,19,11,2
2219,4,5,18,4,35,6,6,22,4,6,9,19,16,25,17,11,24,12,16,13,18,5,9,11,4,19,76,7,9,4,7,19,3,4,18,42,7,12,11,10,7,8,6,20,13,7,31,9,10,19,5,1,6,2,13,15,35,29,7,9,9,4,25,10,5,3,30,54,3,16,8,5,18,6,8,18,5,4,7,10,3,9,12,6,9,0,6,14,33,6,19,11,4,19,11,2
2220,4,5,18,4,35,6,6,22,4,6,9,19,16,24,17,11,24,12,16,13,19,5,9,11,4,18,76,7,9,4,7,19,3,4,18,42,7,12,11,10,7,8,6,20,14,7,31,9,10,19,5,1,6,2,13,15,35,29,7,9,9,4,25,10,5,3,29,54,3,16,8,5,18,6,8,17,5,4,7,10,3,9,12,6,9,0,6,14,33,6,19,11,4,19,11,2
2221,4,5,18,4,35,6,6,22,4,6,9,19,16,23,17,11,24,12,16,12,19,5,9,11,4,17,76,7,9,4,7,19,3,4,18,42,7,12,11,10,7,8,6,19,14,7,30,9,10,20,5,1,6,2,13,15,35,29,7,9,9,4,25,10,5,3,29,52,3,16,7,5,18,5,8,17,5,4,6,10,3,9,12,6,9,0,6,14,33,6,19,11,4,19,11,2
2222,4,5,18,4,35,6,7,22,4,6,9,19,15,24,17,11,24,12,16,12,18,5,9,11,4,17,75,7,9,4,7,19,3,4,18,42,6,12,11,10,7,8,6,18,14,7,30,9,10,20,5,1,6,2,13,15,36,29,7,9,9,4,25,10,5,3,28,51,3,15,7,5,18,5,8,17,5,4,6,9,3,9,12,6,9,0,6,14,33,6,19,11,4,19,11,2
2223,4,5,19,4,35,6,6,22,4,6,9,19,15,24,17,11,24,12,16,12,18,5,9,11,4,17,75,7,9,4,6,19,3,4,18,42,6,12,11,10,7,8,6,18,14,7,30,9,10,20,5,1,6,2,13,15,36,29,7,9,9,4,25,10,5,3,28,51,3,15,7,5,18,5,8,17,5,4,6,9,3,9,12,6,9,0,6,14,33,6,19,11,4,19,11,2
2224,4,5,20,4,35,6,6,22,4,6,9,19,14,24,18,11,24,12,16,12,18,5,9,11,4,17,76,7,9,4,6,19,3,4,18,42,6,12,11,10,7,8,6,18,14,7,30,9,10,20,5,1,6,2,13,15,36,29,7,9,8,4,25,10,5,3,28,51,3,15,7,5,18,5,8,17,5,4,6,9,3,9,12,6,9,0,6,14,33,6,19,11,4,19,11,2
2225,4,5,20,4,35,6,5,22,4,6,9,19,14,24,18,11,24,12,16,13,18,5,9,12,4,17,76,7,9,4,6,19,3,4,18,42,6,12,11,10,7,8,6,18,14,7,30,9,10,20,5,1,6,2,13,15,36,29,7,9,8,4,25,10,5,3,28,51,3,15,7,5,19,5,8,17,5,4,6,9,3,9,12,6,9,0,6,14,34,6,20,11,4,19,11,2
2226,4,5,20,4,35,6,5,22,4,6,9,19,14,24,18,11,24,12,15,13,18,5,9,12,4,16,75,7,9,4,6,19,3,4,17,42,6,12,11,10,7,7,5,19,14,7,30,9,10,20,5,1,6,2,13,15,36,29,7,9,8,4,25,10,5,3,28,51,3,15,7,5,19,5,8,17,5,4,6,9,3,9,12,6,9,0,6,14,34,6,19,11,4,19,11,2
2227,4,5,20,4,35,6,5,22,4,6,9,19,13,24,18,11,24,12,15,13,18,5,9,12,4,16,74,7,9,4,6,19,3,4,17,42,6,12,11,10,7,7,5,19,14,7,30,9,10,21,5,1,6,2,13,15,36,28,7,9,8,4,25,10,5,3,27,51,3,14,6,5,19,5,8,17,5,4,6,9,3,9,12,6,9,0,6,14,34,6,19,11,4,19,11,2
2228,4,5,20,4,35,6,5,22,4,6,9,19,13,24,18,11,24,12,15,13,18,5,9,12,4,16,74,7,9,4,6,19,3,4,17,42,6,12,11,10,7,7,4,19,14,7,30,9,10,21,5,1,6,2,13,15,36,28,7,9,8,4,25,10,5,3,28,51,3,14,6,5,19,5,8,17,5,4,6,9,3,10,12,6,9,0,6,14,34,6,19,11,4,20,11,2
2229,4,5,20,4,35,6,5,22,4,6,9,19,13,24,18,11,24,12,15,13,18,5,9,12,4,16,76,7,9,4,6,19,3,4,17,42,6,12,10,10,7,7,4,19,14,7,30,9,10,21,5,1,6,2,13,15,36,28,7,9,8,4,25,10,5,3,27,51,3,13,6,5,19,5,8,17,5,4,6,9,3,10,12,6,8,0,6,14,35,6,19,11,4,20,11,2
2230,4,5,20,4,36,6,5,22,4,6,9,19,13,24,18,11,24,11,15,13,17,5,9,12,4,16,76,6,9,4,6,19,3,4,17,42,6,12,10,10,7,7,4,19,14,6,29,9,10,21,5,1,6,2,13,15,35,28,7,9,8,4,25,10,5,3,27,51,3,13,6,5,18,5,8,17,5,4,6,9,2,10,11,6,8,0,5,14,35,6,19,11,4,20,11,2
2231,4,5,20,4,35,6,5,22,4,6,9,19,13,24,18,11,24,11,15,13,17,5,9,12,4,17,76,6,9,4,6,19,3,4,17,41,6,12,10,10,7,7,4,19,14,6,29,9,10,21,5,1,6,2,13,15,35,28,7,9,8,4,25,10,5,3,27,51,3,13,6,5,18,5,8,18,5,4,6,9,2,10,11,6,8,0,5,14,35,6,19,11,4,20,11,2
2232,4,5,20,4,35,6,5,22,4,6,9,19,13,24,19,11,24,11,15,13,17,5,9,12,4,17,76,6,9,4,7,19,3,4,17,41,6,12,10,10,7,7,4,19,14,5,30,9,10,21,6,1,6,2,13,15,35,28,7,9,8,4,25,10,5,3,28,53,3,13,6,4,18,5,8,18,5,4,6,9,2,10,11,6,8,0,5,14,35,6,19,11,4,20,11,2
2233,4,5,20,3,35,6,5,22,4,6,10,19,13,24,19,11,24,11,15,13,17,5,9,13,4,17,76,6,9,4,7,19,3,4,17,41,6,12,10,10,7,7,4,19,14,5,29,9,10,21,6,1,6,2,12,15,35,28,7,9,8,4,25,10,5,3,28,53,3,13,6,4,18,5,7,18,5,4,6,9,2,10,11,6,8,0,4,14,35,6,19,11,4,20,11,2
2234,4,5,20,3,35,6,5,23,4,6,10,19,13,24,19,10,24,11,15,13,17,5,9,13,4,17,76,6,9,4,7,19,3,4,17,42,6,12,10,10,7,7,4,19,14,5,29,9,10,20,6,1,6,2,12,14,35,28,7,9,8,4,25,10,5,3,28,53,3,13,6,4,18,5,7,18,5,4,6,9,2,10,11,6,8,0,4,14,35,6,19,11,4,20,10,2
2235,4,5,20,3,35,6,5,23,4,6,10,19,13,24,20,10,24,11,15,13,17,5,9,13,4,17,76,6,9,4,7,19,3,4,17,42,6,11,10,10,6,7,4,19,14,5,29,9,10,20,6,1,6,2,12,14,36,28,7,9,8,4,25,10,5,3,28,53,3,13,6,4,18,5,7,19,5,4,6,8,2,10,11,6,8,0,4,14,35,6,19,10,4,20,10,2
2236,4,5,20,3,35,6,5,23,4,6,10,19,13,24,20,10,23,11,15,13,17,5,9,13,4,17,76,6,9,4,7,19,3,4,17,42,6,12,10,10,6,7,3,19,14,5,29,9,10,20,6,1,6,2,12,14,36,28,7,9,8,4,25,10,5,3,28,53,3,13,6,4,18,5,6,19,5,4,6,8,2,10,11,6,8,0,4,14,35,6,19,9,4,20,10,2
2237,4,5,20,3,36,6,5,23,4,6,10,19,14,24,20,10,23,11,15,12,16,5,9,13,4,16,77,6,9,4,7,19,3,4,17,42,6,12,10,10,6,6,3,19,14,5,29,9,10,20,6,1,6,2,12,14,36,28,7,9,8,4,25,10,5,3,28,53,3,12,6,4,18,5,6,19,5,4,6,7,2,10,11,6,8,0,4,14,36,6,19,9,4,20,10,2
2238,4,5,20,3,36,5,5,23,3,6,10,19,14,24,20,10,23,11,15,12,17,5,9,13,4,16,77,6,9,4,7,19,3,4,17,42,6,12,10,10,6,6,3,19,14,5,29,9,10,21,6,1,6,2,12,14,35,28,7,9,8,4,25,10,5,3,28,53,3,12,6,4,18,5,6,19,6,4,6,7,2,10,11,5,8,0,4,14,36,5,19,9,4,20,10,2
2239,4,5,20,3,36,5,5,23,3,6,10,19,14,24,20,10,23,11,15,12,17,5,9,13,4,16,77,6,9,4,7,19,3,4,17,42,6,12,10,10,6,6,3,19,14,5,29,9,10,21,6,1,6,2,12,14,35,28,7,9,8,4,25,10,5,3,28,53,3,12,6,4,18,5,6,19,6,4,6,7,2,10,11,5,8,0,4,14,36,4,19,9,4,20,10,2
2240,4,5,20,3,35,5,5,23,3,6,10,19,14,24,20,10,23,11,15,12,18,5,9,13,4,16,77,6,9,4,7,19,2,4,17,42,6,12,10,10,6,6,3,19,14,5,29,8,10,21,6,1,6,2,12,14,35,28,7,9,8,4,25,10,5,3,28,53,3,12,6,4,18,5,6,19,6,4,6,7,2,10,11,5,8,0,4,14,38,4,19,9,4,20,10,2
2241,4,5,20,3,35,5,5,22,3,6,10,19,14,24,20,10,23,11,15,12,18,5,9,13,4,16,77,6,9,4,7,19,2,4,17,42,6,11,10,10,6,6,3,19,14,5,29,8,10,21,6,1,6,2,12,14,35,28,7,9,8,4,25,10,5,3,28,52,3,12,5,4,18,5,6,19,6,4,6,7,2,10,11,5,8,0,4,14,38,4,19,9,4,20,10,2
2242,4,5,20,3,35,5,5,22,3,6,10,19,14,24,20,10,23,11,15,12,18,5,9,13,4,16,76,6,9,4,7,19,2,4,16,41,6,11,10,9,6,6,3,19,14,5,29,8,10,21,6,1,6,2,12,14,36,28,7,9,8,4,25,10,5,3,27,52,3,12,4,4,18,5,6,19,6,4,6,7,2,10,11,5,8,0,4,14,38,4,19,9,4,20,10,2
2243,4,5,20,3,35,5,5,22,3,6,10,19,14,24,20,10,23,11,15,12,18,5,8,13,4,16,76,6,9,4,7,19,2,4,16,41,6,11,10,9,6,6,3,19,14,5,29,8,10,21,6,1,6,2,12,14,36,28,7,10,8,4,25,10,5,3,27,52,3,12,4,4,18,5,6,19,6,4,6,7,2,10,12,5,8,0,4,14,38,4,19,9,4,20,10,2
2244,4,5,20,3,35,5,5,22,3,6,10,19,14,23,20,10,23,11,15,12,18,5,8,13,4,15,76,6,9,4,8,19,2,4,16,42,6,11,10,9,6,6,3,19,14,5,29,8,10,21,6,1,6,2,12,14,36,28,7,10,9,4,25,10,5,3,27,52,3,11,4,4,18,5,6,19,6,4,5,7,2,10,12,5,8,0,4,14,38,4,19,9,4,19,10,2
2245,4,5,20,3,35,5,5,22,3,6,10,19,14,23,20,10,23,11,15,13,18,5,8,13,4,15,76,5,9,4,8,19,2,4,16,42,6,11,10,9,6,6,3,19,14,5,29,8,10,21,6,1,6,2,12,14,35,28,7,10,9,4,25,10,5,3,28,52,3,11,4,4,18,5,6,19,6,4,5,7,2,10,12,5,8,0,4,14,38,4,19,9,4,19,10,2
2246,4,5,20,3,35,5,5,23,3,6,10,19,14,23,20,10,23,11,15,13,18,5,8,13,4,15,76,5,9,4,8,19,2,4,16,42,6,11,10,9,6,6,3,19,14,5,30,8,10,21,6,1,7,2,12,14,35,28,7,9,9,4,25,10,5,3,28,53,3,11,4,4,18,4,6,19,6,4,5,6,2,10,12,5,8,0,4,14,39,4,19,9,4,19,10,2
2247,4,5,20,3,35,5,5,23,3,6,10,19,14,23,20,10,23,11,15,13,18,5,7,13,4,15,77,5,9,4,8,19,2,4,16,41,6,11,10,9,6,6,3,19,14,5,31,8,10,21,6,1,7,2,13,14,35,28,7,9,9,4,25,10,5,3,28,53,3,11,4,4,18,4,6,19,6,4,5,6,2,10,12,5,8,0,4,14,39,4,18,9,5,19,10,2
2248,4,5,20,2,35,5,5,23,3,6,10,18,14,23,20,10,23,11,15,12,18,5,7,13,4,15,76,5,9,4,8,19,2,4,17,41,7,11,10,9,6,6,3,19,14,5,32,8,10,21,6,1,7,2,13,14,36,28,7,9,9,4,25,10,5,3,28,53,3,11,4,4,18,4,6,19,6,4,5,6,2,10,12,5,8,0,4,14,39,4,19,9,5,19,10,2
2249,4,5,20,2,34,5,5,23,3,6,10,18,14,23,20,10,23,11,15,11,18,5,7,13,4,15,76,5,9,4,8,19,2,4,17,41,7,11,10,9,6,6,3,19,14,5,32,8,10,21,6,1,7,2,13,14,36,28,7,9,9,4,25,10,5,3,28,53,3,11,4,4,18,4,6,19,6,4,5,6,2,10,12,5,8,0,4,14,39,4,19,9,6,19,10,2
2250,4,5,20,2,34,5,5,23,3,5,10,18,14,23,19,10,23,11,15,11,18,5,7,13,4,15,76,5,9,4,8,19,2,4,17,41,7,11,10,9,6,6,3,19,14,5,32,8,10,21,6,1,7,2,13,14,36,28,7,9,9,4,25,10,5,3,28,53,3,11,4,6,18,4,6,19,6,4,5,5,2,10,12,5,8,0,4,14,38,4,19,8,6,19,10,2
2251,4,5,20,2,34,5,5,23,3,4,10,18,14,22,19,9,23,11,15,11,18,5,7,13,4,15,76,5,9,4,8,19,2,4,17,41,7,11,10,9,6,6,3,19,14,5,31,8,10,22,6,1,7,2,12,14,36,28,7,9,9,4,25,10,5,3,28,54,3,11,4,6,18,4,6,19,6,4,5,5,2,10,11,5,8,0,4,14,38,4,19,8,6,19,10,2
2252,4,5,20,2,34,5,5,23,3,4,10,18,14,22,19,9,22,11,15,11,18,5,9,14,4,15,76,5,9,4,8,18,2,4,17,41,7,11,10,9,5,6,3,19,14,5,31,8,10,22,6,1,7,2,12,14,36,28,7,9,9,4,25,10,5,3,28,55,3,11,4,6,18,4,6,19,6,4,5,5,2,10,11,5,8,0,4,14,38,4,19,8,6,19,10,2
2253,4,5,20,2,34,5,5,23,3,4,10,17,13,22,19,10,22,11,15,11,18,5,9,14,4,15,76,4,8,4,8,18,2,4,17,41,7,11,10,9,5,6,3,19,14,5,31,8,10,22,6,1,7,2,12,14,36,27,7,9,9,4,25,10,5,3,28,55,3,11,4,6,18,4,6,19,6,4,5,5,2,10,11,5,8,0,4,14,38,4,19,8,6,19,10,2
2254,3,5,20,2,34,5,5,23,3,4,10,17,14,22,19,10,22,11,15,10,18,5,9,14,4,15,76,4,8,4,8,18,2,4,17,41,7,11,10,9,5,6,3,19,14,5,31,8,10,22,6,1,7,2,12,14,37,27,7,9,9,4,25,10,5,3,28,56,3,11,4,6,18,4,6,19,6,4,5,5,2,10,11,5,8,0,4,14,39,4,19,8,6,19,10,2
2255,3,5,20,2,34,5,4,23,3,4,10,17,14,22,19,10,22,11,15,10,18,5,9,14,4,15,77,4,8,4,8,18,2,4,17,40,7,11,10,9,5,6,3,19,14,5,31,8,10,22,6,1,7,2,11,14,37,27,7,9,9,4,25,10,5,3,28,56,3,11,4,6,18,4,6,19,6,4,5,5,2,9,11,5,8,0,4,14,39,4,19,7,6,19,10,2
2256,3,5,20,2,35,5,4,23,3,4,10,17,14,22,19,10,20,11,15,10,18,5,9,14,4,15,77,4,8,4,8,18,2,4,17,40,7,11,9,9,5,6,3,19,14,5,32,8,10,22,6,1,7,2,11,14,37,27,7,8,9,4,25,10,5,3,27,56,3,11,4,6,18,4,6,19,6,4,5,5,2,9,11,5,8,0,4,14,39,4,19,7,6,19,9,2
2257,3,5,20,2,36,5,4,23,3,4,10,17,14,22,19,10,20,11,15,10,18,5,8,14,4,15,77,4,8,4,8,18,2,4,16,39,7,11,9,9,5,6,3,19,14,5,32,8,10,22,6,1,7,2,11,14,36,27,7,8,9,5,25,10,5,3,27,55,3,11,4,6,18,4,6,19,6,4,5,5,2,9,11,5,8,0,4,14,39,4,19,7,6,19,9,2
2258,3,5,20,2,36,5,4,23,3,3,10,18,13,22,20,10,20,11,14,10,18,5,8,14,4,15,76,4,8,4,8,18,2,4,16,39,7,11,9,9,5,6,3,19,14,5,32,8,10,22,6,1,7,2,11,14,36,27,7,8,9,5,25,10,5,3,26,55,3,10,4,6,18,4,6,19,6,4,5,5,2,9,11,5,8,0,4,14,39,4,19,7,6,19,9,2
2259,3,5,20,2,36,5,4,23,3,3,10,19,13,22,20,10,20,11,14,10,18,5,8,14,4,15,76,4,8,4,8,18,2,4,16,39,7,11,9,9,5,6,3,19,13,5,32,8,10,22,6,1,7,2,11,14,36,27,7,8,9,5,25,10,5,3,26,55,3,10,4,6,18,4,6,19,6,4,5,5,2,9,11,5,8,0,4,14,39,4,19,7,6,19,9,3
2260,3,5,20,2,36,5,4,22,3,3,10,19,13,22,20,10,21,10,14,10,18,5,8,14,4,15,76,4,8,4,8,18,2,4,16,39,7,11,9,9,5,6,3,19,14,5,32,8,10,22,6,1,7,2,11,13,36,27,6,8,9,5,25,10,5,3,26,55,3,10,4,6,18,4,6,19,6,4,5,5,2,9,12,5,8,0,4,14,39,4,19,7,6,19,9,3
2261,3,5,20,1,36,5,4,22,3,3,10,19,13,21,20,10,21,10,13,10,18,5,8,14,4,15,74,4,8,4,8,18,2,4,16,38,7,11,9,9,5,6,3,18,15,5,32,8,10,22,5,1,7,2,11,13,36,27,6,8,9,5,25,10,5,3,27,55,3,10,4,6,18,4,5,20,6,4,5,5,2,9,12,5,8,0,4,14,39,4,19,7,6,19,9,3
2262,3,5,20,1,36,5,4,22,3,3,10,19,13,21,20,10,21,10,12,10,18,5,8,14,4,15,74,4,8,4,8,18,2,4,16,38,7,11,8,9,5,6,3,18,15,5,32,8,10,22,5,1,7,2,11,13,36,27,6,8,9,5,25,10,5,3,27,55,3,10,4,6,18,4,5,20,6,4,5,5,2,9,12,5,8,0,4,14,39,4,19,7,6,19,9,3
2263,3,5,20,1,36,5,4,22,3,3,10,19,13,21,20,10,21,10,12,10,19,5,8,14,4,15,74,4,8,4,8,18,2,4,16,38,7,11,8,9,5,6,3,17,15,5,32,8,10,22,5,1,8,2,11,13,36,29,6,8,9,5,25,10,5,3,27,55,3,10,4,6,17,4,5,20,6,4,5,5,2,9,12,5,8,0,4,14,39,4,19,7,6,19,9,3
2264,3,5,20,1,36,5,4,22,3,3,10,19,13,21,20,10,21,10,12,10,19,5,8,14,4,15,75,4,8,4,8,18,2,4,16,38,7,11,8,9,4,6,3,17,15,5,32,8,9,22,5,1,8,2,11,13,36,29,6,8,9,5,26,10,5,3,27,55,3,10,4,6,17,4,5,19,6,4,5,5,2,9,12,5,8,0,4,14,39,4,19,7,6,19,9,3
2265,3,5,20,1,36,5,4,22,3,3,10,19,13,21,20,10,21,10,12,10,18,5,8,14,4,15,75,4,8,5,8,19,2,4,15,38,7,11,8,9,4,6,3,17,15,5,32,8,9,22,5,1,8,2,11,13,36,29,6,8,9,5,26,10,5,3,27,55,2,10,4,6,17,4,5,19,6,4,5,5,2,9,12,5,8,0,4,14,38,4,19,7,6,19,9,3
2266,3,5,20,1,36,5,4,22,3,3,10,19,13,21,20,10,21,10,12,10,18,4,8,14,4,15,75,4,8,5,8,19,2,4,15,38,7,11,8,9,4,6,3,17,15,5,32,8,9,22,5,1,8,2,11,13,36,30,6,8,9,5,26,10,5,3,27,55,2,10,4,6,17,4,5,19,6,4,5,5,2,9,12,5,8,0,4,14,39,4,19,7,6,19,9,3
2267,3,5,21,1,36,5,4,23,3,3,10,19,13,22,20,10,21,10,12,10,18,4,8,14,4,15,75,4,8,5,8,19,2,4,15,38,7,11,8,9,4,6,3,17,15,5,32,8,9,22,5,1,8,2,10,13,35,29,6,8,9,5,26,10,5,3,27,55,2,10,4,6,16,4,5,19,6,4,5,5,2,9,12,5,8,0,4,14,39,4,19,7,6,19,9,3
2268,3,5,21,1,36,5,4,23,3,3,10,19,13,22,20,9,22,10,12,10,18,4,8,14,4,15,76,4,8,5,8,19,2,4,15,38,7,11,8,9,4,6,3,17,16,5,31,8,9,22,5,1,8,2,10,13,35,29,6,8,9,5,26,10,5,3,28,55,2,10,4,6,16,4,5,19,6,4,5,5,2,9,11,5,8,0,4,14,39,4,19,7,6,19,9,3
2269,3,4,21,1,36,5,4,23,3,3,10,19,13,22,20,9,22,10,12,10,18,4,8,14,4,15,77,4,8,5,8,19,2,4,15,38,7,11,8,9,4,6,3,17,16,5,31,8,9,21,5,1,8,2,10,13,35,29,6,8,9,5,26,10,5,3,28,55,2,10,4,6,16,4,5,19,6,4,5,5,2,9,11,5,8,0,4,14,40,4,19,7,6,19,9,3
2270,3,4,21,1,36,5,4,23,3,3,10,19,13,22,20,9,23,10,12,10,17,4,8,13,4,15,77,4,8,5,8,19,2,4,14,38,7,11,8,9,4,6,3,17,16,5,31,9,9,21,5,1,8,2,10,13,35,29,6,8,9,5,26,10,5,3,28,55,2,10,4,6,16,4,5,19,5,4,5,5,2,9,11,6,8,0,4,14,40,5,19,7,6,19,9,3
2271,3,4,21,1,36,5,4,23,3,3,10,19,13,22,20,9,23,10,12,10,17,4,8,14,4,15,77,4,8,5,8,19,2,4,14,38,7,11,8,8,4,6,3,17,16,5,31,8,9,21,5,1,8,2,9,13,35,29,6,8,8,5,26,11,5,3,28,55,2,10,4,6,16,4,5,19,5,4,5,5,2,9,11,6,8,0,4,14,40,5,19,7,6,19,9,3
2272,3,4,21,1,36,5,4,23,3,3,9,19,13,22,20,9,23,10,12,10,17,4,8,14,4,15,77,4,8,5,8,19,2,4,14,39,7,11,8,8,4,6,2,17,16,5,31,8,9,21,5,1,8,2,9,13,34,29,6,8,8,6,26,11,5,3,28,55,2,10,4,5,16,4,5,18,5,4,5,5,2,9,11,6,8,0,4,14,40,5,18,6,6,20,9,3
2273,3,4,21,1,36,5,4,23,3,3,9,19,12,22,20,9,23,10,12,10,17,4,7,14,4,15,78,4,7,5,8,19,2,4,14,39,7,11,8,8,4,6,2,17,16,5,31,7,9,21,5,1,8,2,9,13,34,29,6,8,8,6,26,11,5,3,29,55,2,10,4,5,16,4,5,18,5,4,5,5,2,9,11,6,8,0,4,14,40,5,18,6,6,20,9,3
2274,3,4,21,1,36,5,4,23,3,3,9,19,12,22,20,9,23,10,12,10,17,4,7,14,4,15,78,4,7,5,8,19,2,4,14,39,7,11,8,8,4,6,2,16,16,5,31,7,9,21,5,1,8,2,9,13,34,29,6,8,8,6,26,11,5,3,29,55,2,10,4,5,16,4,5,18,5,3,5,5,2,9,11,5,8,0,4,13,40,5,18,6,6,20,9,3
2275,3,4,21,1,36,5,4,23,3,3,9,18,12,22,20,9,23,10,12,10,17,4,7,14,4,15,77,4,7,5,8,19,2,4,14,39,7,11,8,8,4,6,2,16,16,5,31,7,9,20,5,1,8,2,9,13,34,30,6,8,8,6,26,11,5,3,29,55,2,10,4,5,16,4,5,18,5,3,5,5,2,9,11,5,8,0,4,13,40,5,18,6,6,20,9,3
2276,3,4,21,1,37,5,4,24,3,3,9,18,12,22,20,9,23,10,12,10,17,4,7,14,4,15,77,4,7,5,8,18,2,4,13,39,7,10,8,8,4,6,2,16,16,5,31,7,9,21,5,1,8,2,8,13,33,30,6,8,8,6,26,11,5,3,29,55,2,10,4,5,16,4,5,18,4,3,5,5,2,9,11,5,8,0,4,13,40,5,18,6,6,20,9,3
2277,3,4,21,1,37,5,4,24,3,3,9,18,12,22,20,9,23,10,12,11,18,4,7,14,4,15,77,4,7,5,8,18,2,4,13,40,7,10,8,7,4,6,2,16,16,5,31,7,9,21,5,1,8,2,8,13,33,30,7,8,8,6,26,11,5,3,29,55,2,10,4,5,16,4,5,18,4,3,5,5,2,9,11,5,8,0,4,13,40,5,18,6,6,20,9,3
2278,3,4,22,1,36,5,4,24,3,3,9,18,12,22,20,9,23,10,12,11,18,4,7,14,4,15,77,4,7,5,8,18,2,4,13,40,7,10,8,7,4,6,2,16,17,5,31,7,9,21,5,1,8,2,8,13,33,30,7,8,7,6,26,11,5,3,29,55,2,10,4,5,15,4,5,18,4,3,5,5,2,9,11,5,8,0,4,13,41,5,18,6,6,19,9,3
2279,3,4,22,1,35,5,4,24,3,3,9,18,12,22,20,9,23,10,12,11,18,4,6,14,4,15,77,4,7,5,8,18,2,4,13,40,7,10,8,7,4,6,2,16,17,5,31,7,9,21,5,1,8,2,8,13,33,31,7,8,7,6,26,11,5,3,29,56,2,10,4,5,15,4,5,18,4,3,5,5,2,9,11,5,8,0,4,13,41,5,17,6,6,19,8,3
2280,3,4,22,1,35,5,3,23,3,3,9,18,12,22,20,9,23,10,12,11,18,4,6,14,4,15,77,4,7,5,8,18,2,4,13,39,7,10,8,7,4,6,2,16,17,5,31,7,9,21,5,1,8,2,8,13,33,31,7,8,7,6,26,11,5,3,29,57,2,10,4,5,15,4,4,18,4,3,5,5,2,9,11,5,8,0,4,13,42,5,17,6,6,19,8,3
2281,3,4,22,1,35,5,3,24,3,3,9,19,12,22,20,9,23,10,12,11,18,4,6,14,4,15,78,4,7,5,8,18,2,4,13,39,7,10,8,7,4,6,2,16,17,5,31,7,9,21,5,1,8,2,8,13,32,30,7,8,7,6,26,11,5,3,29,56,2,10,4,5,15,4,4,17,4,3,5,5,2,9,11,5,9,0,4,12,42,5,17,6,6,19,8,3
2282,3,4,22,1,35,5,3,24,3,3,9,19,12,22,20,9,23,10,13,11,18,4,6,14,4,15,78,4,7,5,8,18,2,4,13,39,7,10,8,8,4,6,2,16,17,5,31,7,9,20,5,1,8,2,8,13,32,30,7,8,8,6,26,11,5,3,29,56,2,9,4,5,15,4,4,17,3,3,5,5,2,9,10,5,9,0,4,12,42,5,16,6,6,19,8,3
2283,3,4,22,1,36,5,3,24,3,3,9,19,12,22,20,9,23,11,13,11,18,4,6,14,4,15,78,4,7,5,8,19,2,4,13,40,7,10,8,8,4,6,2,16,17,5,31,7,9,20,5,1,8,2,8,13,32,29,7,8,8,6,26,11,5,3,29,57,2,9,4,5,15,4,4,17,3,3,4,5,2,9,10,5,9,0,4,12,41,5,16,6,6,19,8,3
2284,3,4,22,1,36,5,3,26,3,3,9,19,12,22,21,9,23,11,13,11,18,4,6,14,3,15,77,4,7,5,8,19,2,4,13,40,7,10,8,8,4,6,2,17,17,5,30,7,9,20,5,1,8,2,8,13,32,29,7,8,8,6,26,11,5,3,29,57,2,9,4,5,15,4,4,17,3,3,4,5,2,9,10,5,9,0,4,11,41,5,15,6,6,19,8,3
2285,3,4,22,1,36,5,3,28,3,3,9,18,12,22,21,9,23,11,13,11,18,4,6,14,3,15,77,4,7,5,8,19,2,4,13,40,7,10,8,8,4,6,2,17,17,5,30,7,9,20,5,1,8,2,8,13,32,29,7,8,8,6,26,11,5,3,29,57,2,9,4,5,15,4,4,17,3,3,4,5,2,9,10,5,9,0,4,11,41,5,15,6,6,20,8,3
2286,3,4,22,1,36,5,3,27,3,3,9,18,12,22,21,9,23,11,13,11,18,4,6,14,3,15,77,4,7,5,8,19,2,4,13,40,7,10,8,8,4,6,2,17,17,5,30,7,9,20,5,1,8,2,8,13,32,29,7,8,8,6,26,11,5,3,30,57,2,9,4,5,15,4,4,17,3,3,4,5,2,9,10,5,9,0,4,11,41,5,15,6,6,20,8,3
2287,3,4,22,1,36,5,3,27,3,3,9,18,12,22,21,9,23,11,13,11,18,4,6,14,3,16,77,4,7,5,8,19,2,4,13,40,7,9,8,8,4,6,2,17,17,5,30,7,9,20,5,1,8,2,8,13,32,29,7,8,8,6,26,11,5,3,30,57,2,9,4,5,15,4,4,17,3,3,4,5,2,9,10,5,9,0,4,11,41,5,15,6,6,20,8,3
2288,3,4,22,1,36,5,3,27,3,3,9,18,12,22,21,9,23,11,13,11,18,4,6,14,3,16,76,4,7,4,8,19,2,4,13,40,7,9,8,8,4,6,2,17,17,5,30,7,9,20,5,1,8,2,8,13,32,29,7,7,8,6,26,11,5,3,30,57,2,9,4,5,15,4,3,17,3,3,4,5,2,9,11,5,8,0,4,11,41,5,15,6,6,20,8,3
2289,2,4,22,1,36,5,3,27,3,3,9,18,12,22,21,9,23,11,13,11,18,4,6,14,3,16,76,4,7,5,8,19,2,4,13,40,6,9,8,9,4,6,2,17,17,5,30,7,9,20,5,1,8,2,8,13,33,30,7,7,8,6,26,11,5,3,30,57,2,9,4,5,15,4,3,17,3,3,4,5,2,9,11,5,8,0,4,11,41,5,15,6,6,20,8,3
2290,2,4,22,1,36,5,3,27,3,3,9,18,12,22,21,9,23,11,13,11,18,4,6,14,3,17,75,4,7,5,8,19,2,4,13,39,6,9,8,9,4,6,2,17,17,5,30,7,9,19,5,1,8,2,8,13,33,30,7,7,8,6,26,11,5,3,30,57,2,9,4,5,15,4,3,17,3,3,4,5,2,9,11,5,8,0,4,11,40,5,15,6,6,20,7,3
2291,2,4,22,1,36,5,3,27,3,3,9,18,12,23,21,9,23,11,13,11,18,4,6,14,3,17,75,4,7,5,8,19,2,4,13,39,6,9,8,9,4,6,2,17,17,5,30,7,9,19,5,1,8,2,8,13,33,30,7,7,8,6,26,11,5,3,30,57,2,9,4,5,15,4,3,17,3,3,4,5,2,9,11,5,8,0,4,11,40,5,14,6,6,20,7,3
2292,2,4,22,1,36,5,3,27,3,4,9,18,12,23,21,9,23,11,13,11,18,4,6,14,3,17,75,4,7,5,8,19,2,5,13,40,6,9,8,9,4,6,2,17,17,5,30,7,9,19,5,1,8,2,8,13,33,30,7,7,8,6,26,11,5,3,30,57,2,9,4,5,15,4,3,16,3,3,4,5,2,9,11,5,8,0,4,11,40,5,13,6,6,20,7,3
2293,2,4,22,1,36,5,3,27,3,4,9,18,12,23,21,9,24,11,13,11,19,4,6,14,3,17,76,4,7,5,8,19,2,5,13,40,5,9,8,9,4,6,2,17,17,5,30,7,10,19,5,1,8,2,8,12,34,30,7,7,8,6,26,11,5,3,30,57,2,9,4,5,15,4,3,16,3,3,4,5,2,9,11,5,8,0,4,11,40,5,13,6,5,19,7,3
2294,2,4,22,1,36,5,3,27,3,4,9,18,12,23,21,9,24,11,13,11,19,4,6,13,3,17,76,4,7,5,8,19,2,5,13,40,5,9,8,9,4,6,2,16,16,5,29,7,10,19,5,1,8,2,8,12,34,30,7,7,8,6,26,11,5,3,30,57,2,9,4,5,15,4,3,16,3,3,4,5,2,9,11,5,7,0,4,11,41,4,13,6,5,19,7,3
2295,2,4,22,1,36,5,3,27,3,4,9,18,12,23,21,9,25,11,13,11,19,4,6,13,3,17,76,4,7,5,8,19,2,5,13,40,5,9,8,9,4,6,2,16,16,5,29,7,10,19,5,1,8,2,8,13,34,30,7,7,7,6,26,11,5,3,30,57,2,9,4,5,15,4,3,15,3,3,4,5,2,9,11,5,7,0,4,11,42,4,13,6,5,19,7,3
2296,2,4,22,1,36,5,3,27,3,4,9,18,12,23,21,9,25,11,13,11,19,4,6,13,3,17,76,4,7,5,8,19,2,5,13,41,5,9,8,9,4,6,2,16,16,5,28,7,10,20,5,1,8,2,8,13,34,30,7,7,7,6,26,11,4,3,30,58,2,9,4,5,15,4,3,15,3,3,4,5,2,9,11,5,7,0,4,11,42,4,13,6,5,19,7,3
2297,2,4,23,1,36,5,3,27,3,4,9,18,12,23,21,9,25,11,13,11,19,4,6,13,3,17,76,4,7,5,7,19,2,5,13,40,5,9,8,9,4,6,2,16,15,5,28,7,10,20,5,1,8,2,8,13,34,29,7,7,7,6,26,11,4,3,30,58,2,9,4,5,15,4,3,15,3,3,4,5,2,9,11,5,7,0,4,11,42,4,13,6,5,19,7,3
2298,2,4,23,1,36,5,3,27,3,4,9,18,12,23,21,9,25,11,13,11,19,4,6,13,3,18,77,4,7,5,7,19,2,5,13,40,5,9,8,9,4,6,2,16,15,5,28,7,10,20,5,1,8,2,8,13,34,28,6,7,7,6,26,11,4,3,30,58,2,9,4,5,15,4,3,15,3,3,4,5,2,9,11,4,7,0,3,11,42,4,13,6,5,19,7,3
2299,2,4,23,1,36,5,3,27,3,4,9,18,12,23,21,9,25,11,13,11,19,4,6,13,3,18,77,4,7,5,7,19,2,5,14,40,5,9,8,9,4,6,2,16,15,5,28,7,10,20,5,1,8,2,8,13,34,28,6,7,7,6,26,11,4,3,30,57,2,9,4,5,15,4,3,15,3,3,4,5,2,9,11,4,7,0,3,11,42,4,14,6,5,19,7,3
2300,2,4,23,1,36,5,3,27,3,4,9,18,12,23,22,8,25,11,13,11,19,4,6,13,3,18,77,4,7,5,6,19,2,5,14,39,5,9,8,9,4,6,2,16,15,5,28,7,10,20,5,1,8,2,8,13,34,28,7,7,7,6,26,11,4,3,30,58,2,9,4,5,15,4,3,15,3,3,4,5,2,9,12,4,7,0,3,11,42,3,14,6,5,19,6,3
2301,2,4,23,1,36,5,3,27,3,4,9,18,12,23,22,7,25,11,13,11,19,4,6,13,3,18,77,4,7,5,5,19,2,5,14,39,4,9,8,9,4,6,2,16,15,5,28,7,10,20,5,1,8,2,8,13,34,28,7,7,7,6,26,11,4,3,30,58,2,9,4,5,15,4,3,15,3,3,4,5,2,9,12,4,7,0,3,11,42,3,14,6,5,19,6,3
2302,2,4,22,1,36,5,3,27,3,4,9,18,12,23,22,7,25,11,13,11,19,4,6,13,3,17,77,4,7,5,5,19,2,5,14,39,4,9,8,9,4,6,2,16,15,5,28,7,10,20,5,1,8,2,8,13,34,28,7,7,7,6,26,11,4,3,30,59,2,9,4,5,15,4,3,15,3,3,4,5,2,9,12,4,7,0,3,11,42,3,14,6,5,19,7,3
2303,2,4,22,1,36,5,3,28,3,4,9,18,12,23,22,7,25,11,13,11,19,4,6,12,3,17,77,4,7,5,5,19,2,5,14,39,4,9,8,9,4,6,2,16,14,5,28,7,10,20,5,1,8,1,8,13,34,28,7,7,7,6,26,11,4,3,30,59,2,9,4,5,15,4,3,15,3,3,4,5,2,9,12,4,7,0,3,11,42,3,14,6,5,19,7,3
2304,2,4,22,1,35,5,3,29,3,4,9,19,12,23,22,7,25,11,13,11,19,4,6,12,3,17,78,4,7,5,5,19,2,5,14,40,4,9,8,9,4,6,2,16,14,5,28,7,10,21,5,1,8,1,8,13,34,28,7,7,7,6,25,11,4,3,30,59,2,9,4,5,14,4,3,15,3,3,4,5,2,9,13,4,7,0,3,11,42,3,13,6,5,18,7,3
2305,2,4,22,1,34,5,3,29,3,4,9,19,12,23,21,7,26,11,13,11,19,4,6,12,3,17,78,4,7,5,5,19,2,5,14,40,4,9,8,9,4,6,2,16,14,5,28,7,10,21,5,1,8,1,8,13,34,28,7,6,7,6,25,11,4,3,30,58,2,9,4,5,14,4,3,15,3,3,4,5,2,9,13,4,7,0,3,11,41,3,13,6,5,18,7,3
2306,2,4,22,1,34,5,3,29,3,4,9,19,12,23,21,7,26,11,13,11,19,4,6,12,3,16,78,4,7,5,5,18,2,5,14,41,4,9,8,9,4,6,2,15,14,6,28,7,10,21,5,1,8,1,8,13,34,28,7,6,7,6,25,11,4,3,30,58,2,9,4,5,14,4,3,14,3,3,4,5,2,9,13,4,7,0,3,11,41,3,13,6,5,18,7,3
2307,2,4,22,1,34,5,3,29,3,4,9,19,12,23,21,7,26,11,13,11,19,4,6,12,3,16,78,4,7,5,5,18,2,5,14,41,4,9,8,9,4,6,2,15,13,6,28,7,10,21,5,1,8,1,8,13,34,28,7,6,7,6,25,11,4,3,30,58,2,9,4,5,14,4,3,14,3,3,4,5,2,9,13,4,7,0,3,11,40,3,13,6,5,18,7,3
2308,2,3,22,1,34,5,3,29,3,4,9,19,12,23,21,7,26,11,13,11,20,4,6,12,3,15,77,4,7,5,5,18,2,5,14,41,4,9,8,9,5,6,2,15,13,6,28,7,10,21,5,1,8,1,8,13,34,28,7,6,7,6,25,11,4,3,30,58,2,8,4,5,13,4,3,14,3,3,4,5,2,9,13,4,8,0,3,11,39,3,13,6,5,18,7,3
2309,2,3,22,1,34,5,3,29,3,4,9,19,12,22,21,7,26,11,13,11,20,4,6,12,3,15,76,4,7,5,5,17,2,5,14,41,4,9,8,9,5,6,2,15,13,6,28,7,10,21,5,1,8,1,8,13,34,27,7,6,7,6,25,11,4,3,30,58,2,8,4,5,13,4,3,14,3,3,4,5,2,9,13,4,8,0,3,9,39,3,13,6,5,18,7,3
2310,2,3,22,1,34,5,3,29,3,4,9,19,12,22,20,7,26,11,14,11,20,4,6,12,3,15,76,4,7,5,5,17,2,5,14,41,4,9,8,9,5,6,2,15,13,6,28,7,10,21,5,1,8,1,8,13,34,27,7,6,7,6,25,11,4,3,30,58,2,8,4,5,13,4,3,14,3,3,4,4,2,9,13,4,8,0,3,9,38,3,13,6,5,17,7,3
2311,2,3,22,1,34,5,3,30,3,4,9,19,12,22,20,7,26,11,13,11,20,4,6,12,3,15,76,4,7,5,5,17,2,5,14,40,4,9,8,9,5,6,2,15,13,6,28,7,10,21,5,1,8,1,7,13,34,27,7,6,7,6,25,10,4,3,30,57,2,8,4,5,13,4,3,14,4,3,4,4,2,9,13,4,8,0,3,9,38,3,13,6,5,17,6,3
2312,2,3,22,1,34,5,3,30,3,4,9,19,11,23,20,7,26,11,13,11,20,4,6,12,3,15,76,4,7,5,5,17,2,5,14,40,4,9,8,9,5,6,2,15,13,6,29,7,10,21,5,1,8,1,7,13,36,27,8,6,7,6,25,10,4,3,30,57,2,9,4,5,13,4,3,15,4,3,4,4,2,9,13,4,8,0,3,9,38,3,13,6,5,18,6,3
2313,2,3,22,1,33,4,3,30,3,4,9,19,11,23,20,7,26,11,13,11,20,4,6,12,3,15,76,4,7,5,5,17,2,5,14,41,4,9,8,9,5,6,2,15,13,6,29,7,10,21,5,1,8,1,7,13,36,27,8,6,7,6,25,10,4,3,30,57,2,9,4,5,13,4,3,15,4,3,4,4,2,9,13,4,8,0,3,9,38,3,13,6,5,18,6,3
2314,2,3,22,1,33,4,3,30,3,4,10,19,11,23,20,7,26,11,13,11,21,4,6,12,3,15,76,4,7,5,5,17,2,5,14,41,4,9,8,9,5,6,2,15,13,6,30,7,10,21,4,1,8,1,7,14,36,27,8,6,7,6,25,10,4,3,30,57,2,9,4,5,13,4,3,15,4,3,4,4,2,9,13,4,8,0,3,9,37,3,13,6,5,18,6,3
2315,2,3,23,1,33,4,3,30,3,4,10,19,11,24,20,7,26,11,13,11,21,3,6,13,3,15,76,4,7,5,5,17,2,5,14,41,4,9,8,9,5,6,2,15,13,6,30,7,10,21,4,1,8,1,7,14,36,27,8,6,7,6,25,10,4,3,30,58,2,9,4,5,13,4,3,15,4,3,4,5,2,9,13,4,8,0,3,9,37,3,13,6,5,18,6,3
2316,2,3,23,1,34,4,3,30,3,4,9,19,11,24,20,7,26,11,13,11,21,3,6,14,3,15,76,4,7,5,5,17,2,5,14,41,4,9,8,9,5,6,2,15,12,6,30,7,10,21,3,1,8,1,7,14,36,28,8,6,7,6,25,10,4,3,31,58,2,9,4,5,13,4,3,15,4,3,4,5,2,9,13,4,8,0,3,9,37,3,13,6,5,18,6,3
2317,2,3,23,1,34,4,3,30,3,4,9,18,11,24,20,7,25,11,13,11,21,3,6,14,3,15,78,4,7,5,5,17,1,5,14,41,4,9,8,9,5,6,2,15,12,6,30,7,10,21,3,1,8,1,7,14,36,28,8,6,7,6,25,10,4,3,31,59,2,9,4,5,13,4,3,15,4,4,4,5,2,9,13,4,8,0,3,9,37,3,13,6,5,18,6,3
2318,2,3,22,1,34,4,3,30,3,4,9,18,11,24,21,7,25,11,13,11,21,3,6,14,3,14,79,4,7,5,5,17,1,5,14,41,4,9,8,9,5,6,2,15,12,6,30,7,9,21,3,1,8,1,7,14,36,28,8,6,7,6,24,10,4,3,31,59,2,9,4,5,13,4,3,15,3,4,4,5,2,9,13,5,8,0,3,9,37,3,12,6,5,18,6,3
2319,2,3,22,1,33,4,3,30,3,4,9,18,11,24,21,7,25,11,13,11,21,3,6,14,3,14,79,4,7,5,5,17,1,5,14,41,4,9,8,9,5,5,2,14,12,6,30,7,9,21,3,1,8,1,7,14,36,28,8,6,7,6,24,10,4,3,31,59,2,9,4,5,13,4,3,15,3,4,4,5,2,9,13,5,8,0,3,9,37,3,12,5,5,18,6,3
2320,2,3,22,1,33,4,3,30,3,4,9,18,11,24,21,7,24,11,13,11,21,3,6,14,3,14,79,4,7,5,5,17,1,5,14,41,4,9,8,9,5,5,2,14,12,6,30,7,9,20,3,1,8,1,7,14,36,28,8,6,7,6,24,10,4,3,31,58,2,9,4,5,13,4,3,15,3,4,4,5,2,9,12,5,8,0,3,9,36,3,12,5,5,18,6,3
2321,2,3,23,1,34,4,3,30,3,4,9,19,11,24,20,7,24,11,13,11,21,3,6,14,3,14,79,4,7,5,5,16,1,5,14,40,4,10,8,9,5,4,2,14,12,6,30,7,9,20,3,1,8,1,7,14,36,28,8,6,7,6,24,10,4,3,31,58,2,9,4,5,13,4,3,15,3,4,4,4,2,9,12,5,8,0,3,9,36,3,12,5,5,18,6,3
2322,2,3,23,1,34,4,3,30,3,4,9,19,11,24,20,7,24,11,13,11,21,2,6,14,3,15,79,4,7,5,5,15,1,5,14,40,4,10,8,9,5,4,2,14,12,6,30,7,9,20,3,1,8,1,7,14,36,28,8,6,7,6,24,10,4,3,31,58,2,9,4,5,13,4,3,15,3,4,4,4,3,9,12,5,8,0,3,9,36,3,12,5,5,18,6,3
2323,2,3,23,1,34,4,3,30,3,4,9,19,11,24,20,7,23,11,13,11,21,2,6,13,3,15,79,4,7,5,5,15,1,5,14,40,4,10,8,9,5,3,2,15,12,6,30,7,10,20,3,1,8,1,7,14,36,28,8,6,7,6,24,10,4,3,32,58,2,10,4,5,13,4,3,15,3,4,4,4,3,9,12,5,8,0,3,9,36,3,12,5,5,18,6,3
2324,2,3,23,1,34,4,3,30,3,5,9,19,11,24,20,7,23,11,14,11,21,2,6,13,3,15,78,4,7,5,5,15,1,5,14,40,4,10,8,9,5,3,2,15,12,6,30,7,9,20,3,1,8,1,7,14,36,28,8,6,7,6,24,10,4,3,32,59,2,10,4,5,13,4,3,15,3,4,4,4,3,9,12,6,8,0,3,9,37,3,12,4,5,18,6,3
2325,2,3,23,1,34,4,3,29,3,5,9,19,11,25,20,7,23,10,14,11,21,2,6,13,3,15,78,4,7,5,5,15,1,5,14,40,4,10,8,9,5,3,3,15,12,6,29,7,9,20,3,1,8,1,7,13,36,28,8,6,7,6,24,10,4,3,32,60,2,10,4,5,13,4,3,15,3,4,4,4,3,9,12,6,8,0,2,9,37,3,12,4,5,18,6,3
2326,2,3,23,1,33,4,3,29,3,5,9,19,11,25,20,7,23,9,14,11,21,2,6,13,3,15,77,4,7,5,5,15,1,5,14,40,4,10,8,9,5,3,3,15,12,6,29,7,9,20,3,1,8,1,7,12,36,28,8,6,7,6,24,10,4,3,32,61,2,10,4,5,13,4,3,15,3,4,4,4,3,9,12,6,8,0,2,9,37,3,12,4,5,18,6,3
2327,2,3,23,1,33,4,3,28,3,5,9,19,11,25,20,7,23,9,14,11,21,2,7,13,3,15,77,4,7,5,5,15,1,5,14,40,4,10,8,9,5,3,3,15,12,6,29,7,9,19,3,1,8,1,7,12,36,28,8,6,7,6,24,10,4,3,31,61,2,10,4,5,13,4,3,15,3,4,4,4,3,9,12,6,8,0,2,9,37,3,12,4,5,18,6,3
2328,2,3,23,1,33,4,3,28,3,5,9,19,11,25,20,7,23,9,14,11,21,2,7,13,3,15,77,4,7,5,5,15,1,5,14,40,4,10,8,9,5,3,3,15,12,7,29,7,9,19,3,1,8,1,7,12,36,28,8,6,7,6,24,10,4,3,32,61,2,10,4,5,13,4,3,15,3,4,4,4,3,9,12,6,8,0,1,10,37,3,12,4,5,18,6,3
2329,2,3,23,1,32,4,3,28,3,5,9,19,11,25,20,7,23,8,14,11,20,2,7,13,3,15,77,4,7,5,5,15,1,5,14,40,4,10,8,9,5,3,3,15,12,7,29,7,9,19,3,1,8,1,7,12,36,28,8,6,7,6,24,10,4,3,32,60,2,10,4,5,13,4,3,15,3,4,4,4,3,9,12,6,8,0,1,10,36,3,12,4,5,18,6,3
2330,2,3,23,1,32,4,3,28,3,5,9,19,11,25,20,7,22,8,13,11,19,2,7,13,3,15,77,4,7,5,5,15,1,5,14,40,4,10,7,9,5,3,3,15,12,7,29,7,9,19,3,1,8,1,7,12,36,28,8,6,7,6,24,10,4,3,32,60,2,10,4,5,13,4,3,14,3,4,4,4,3,9,12,6,8,0,1,10,36,3,12,4,5,18,6,3
2331,2,3,23,1,32,4,3,28,3,5,9,18,11,25,20,7,21,8,13,11,19,2,7,13,3,15,78,4,7,5,5,15,1,4,14,40,4,10,7,10,5,3,3,15,12,7,29,7,9,19,3,1,8,1,7,12,36,29,8,6,7,6,24,10,4,3,32,60,2,10,4,5,13,4,3,14,3,4,4,4,3,9,12,6,8,0,0,10,36,3,11,4,5,18,6,3
2332,2,3,23,1,32,4,3,29,3,5,9,18,11,25,20,7,21,8,13,11,19,2,7,13,3,15,78,4,7,5,5,15,1,4,14,40,4,9,7,10,5,3,3,15,12,7,29,7,10,19,3,2,8,1,7,12,36,29,8,6,7,6,24,10,4,3,32,60,1,10,3,5,13,4,3,14,3,4,4,4,3,9,12,6,8,0,0,10,36,3,11,4,5,18,6,3
2333,2,3,23,1,32,4,3,29,3,5,9,18,11,25,20,7,21,8,13,11,19,2,7,13,3,15,78,4,7,5,4,14,1,4,14,40,4,9,7,10,5,3,3,15,12,7,29,7,10,19,3,2,8,1,7,12,36,29,8,6,7,6,24,10,4,3,32,60,1,11,3,5,13,4,3,14,3,4,4,4,3,9,12,6,7,0,0,10,36,3,11,4,5,18,6,3
2334,2,3,23,1,32,4,3,29,3,5,9,18,11,25,20,7,21,8,13,11,19,2,7,13,3,15,78,4,7,5,4,13,1,4,14,40,4,9,7,10,4,3,3,15,12,7,29,7,10,19,3,2,8,1,7,12,37,30,8,6,7,6,24,10,4,3,32,59,1,11,3,5,13,4,3,14,3,4,4,4,3,9,12,6,7,0,0,10,36,3,11,4,5,18,6,3
2335,2,3,24,1,32,4,3,28,3,4,9,18,11,25,20,7,21,8,13,11,19,2,7,13,3,15,78,4,7,5,4,13,1,4,14,40,4,10,7,10,4,3,3,14,12,7,29,7,10,19,3,2,8,1,7,12,37,30,8,6,7,6,24,10,4,3,32,59,1,11,3,5,13,4,3,14,3,4,4,4,3,9,12,6,7,0,0,10,36,3,11,4,5,18,6,3
2336,2,3,24,1,32,4,3,28,3,4,9,18,11,25,20,7,21,8,13,11,19,2,7,13,3,15,79,4,6,5,4,13,1,4,14,40,4,10,7,10,4,3,3,14,12,7,29,7,10,19,3,2,8,1,7,12,37,29,8,6,7,6,24,10,4,3,32,61,1,11,3,5,13,4,3,14,3,4,4,4,3,9,12,6,7,0,0,10,36,3,11,4,5,18,6,3
2337,2,3,23,1,32,4,3,27,3,4,9,18,11,25,19,7,21,8,13,11,19,2,7,13,3,15,79,4,6,5,4,13,1,4,14,40,4,10,7,11,4,3,3,14,12,7,29,7,10,19,3,2,8,1,7,12,37,30,8,6,6,6,24,10,4,3,32,61,1,11,3,5,13,4,3,14,3,4,4,4,3,9,12,6,7,0,0,10,36,3,11,4,5,18,6,3
2338,2,3,23,1,32,4,3,27,3,4,9,18,11,25,20,7,21,8,13,10,19,2,7,13,3,15,78,4,6,5,4,13,0,4,14,40,4,10,7,11,4,2,3,14,12,7,29,7,10,19,3,2,8,1,6,12,37,30,8,6,6,6,24,10,4,3,32,62,1,11,3,5,13,4,3,14,3,4,4,4,3,9,12,6,7,0,0,10,36,3,11,4,5,18,6,3
2339,2,3,23,1,32,4,3,27,3,4,10,18,11,25,20,7,21,8,13,10,19,2,7,13,3,15,78,4,6,5,4,13,0,4,14,40,3,10,7,11,3,2,3,14,12,7,29,7,10,19,3,2,8,1,6,12,37,30,8,6,6,6,24,10,4,3,33,63,1,11,3,5,13,4,3,14,3,4,4,4,3,9,12,6,6,0,0,10,36,3,11,4,5,18,6,3
2340,2,3,23,1,32,4,3,27,3,4,10,18,11,25,20,7,21,8,13,10,19,2,7,13,3,15,79,4,6,5,3,13,0,4,14,40,3,10,7,11,3,2,3,14,13,6,29,7,10,19,3,2,8,1,6,12,38,30,8,6,6,6,24,10,4,3,32,63,1,11,3,5,13,4,3,14,3,4,4,4,3,9,12,6,6,0,0,10,36,3,11,4,5,18,6,3
2341,2,3,23,1,32,4,3,27,3,4,10,17,11,25,20,7,21,8,13,10,20,2,7,13,3,15,79,4,6,5,3,13,0,4,14,41,3,10,7,11,3,2,3,14,13,6,29,7,10,19,3,2,8,1,6,12,40,30,9,6,6,6,24,10,4,3,32,63,1,11,3,5,13,4,3,14,3,4,4,4,3,9,12,6,6,0,0,10,37,3,11,4,5,18,6,3
2342,2,3,23,1,32,4,3,28,3,4,10,18,11,25,20,7,21,8,13,10,20,2,7,13,3,16,78,4,6,5,3,13,0,4,14,41,3,10,7,11,3,2,3,13,13,6,29,7,10,19,3,2,8,1,6,12,40,30,9,6,6,6,25,10,4,3,32,63,1,11,3,5,13,4,3,14,3,4,4,4,3,9,12,6,6,0,0,10,37,3,11,4,5,18,6,3
2343,2,3,23,1,32,4,3,28,3,4,10,18,11,25,20,7,21,8,13,10,20,2,7,13,3,16,79,4,6,5,3,13,0,4,14,41,3,10,6,11,3,2,3,13,13,6,29,7,10,19,3,2,8,1,6,12,40,30,9,6,6,6,24,10,4,3,32,63,1,11,3,4,13,4,3,14,3,4,4,4,3,9,12,6,6,0,0,10,37,3,11,4,5,18,6,3
2344,2,3,23,1,31,4,3,28,3,4,10,18,11,25,20,7,21,8,13,10,20,2,7,13,3,16,79,3,6,5,3,13,0,4,14,41,3,10,6,11,3,2,3,13,13,6,29,7,10,19,3,2,7,1,6,12,40,30,9,6,6,6,24,10,3,3,32,63,1,11,3,4,13,4,3,14,3,4,4,4,3,9,12,6,6,0,0,10,38,3,11,4,5,18,6,3
2345,2,3,23,1,31,4,3,28,3,4,10,18,11,25,20,7,21,8,13,10,20,2,7,13,3,16,79,3,6,5,3,13,0,4,14,41,3,10,6,11,3,2,3,13,13,6,29,7,10,19,3,2,7,1,6,12,40,30,9,6,6,6,24,10,3,3,32,62,1,11,3,4,13,4,3,14,3,4,4,4,3,8,12,6,6,0,0,10,38,3,11,4,5,18,6,3
2346,2,3,23,1,31,4,3,28,3,4,10,18,11,25,20,7,21,8,13,10,19,2,7,13,3,16,79,3,6,5,4,13,0,4,14,41,3,10,6,12,3,2,3,13,13,6,29,7,10,19,3,2,7,1,6,12,40,30,9,6,6,6,24,10,3,3,31,62,1,10,3,4,13,4,3,14,3,4,4,4,3,8,12,6,6,0,0,10,38,3,11,4,5,18,6,3
2347,2,3,23,1,31,4,3,28,3,4,10,18,11,25,20,7,21,8,13,10,19,2,7,13,3,16,79,3,6,5,4,13,0,4,14,41,3,10,6,12,3,2,3,13,13,6,29,7,10,19,3,2,7,1,6,12,40,30,9,6,6,6,24,10,3,3,31,62,1,10,3,4,13,4,3,14,3,4,4,4,3,8,12,6,5,0,0,10,38,3,11,4,5,18,6,3
2348,2,3,23,1,31,4,3,28,3,4,10,18,11,25,20,7,21,8,13,10,19,2,7,13,3,16,79,3,6,5,4,13,0,4,14,42,3,10,6,12,3,2,3,13,13,6,29,7,10,19,3,2,7,1,6,12,40,30,9,6,6,6,24,10,3,3,31,62,1,10,3,4,13,4,3,14,3,4,4,4,3,8,12,6,5,0,0,10,38,3,11,4,5,18,6,3
2349,2,3,23,1,31,4,3,28,3,4,10,18,11,25,20,7,21,8,13,10,19,2,7,13,3,16,78,3,6,5,4,13,0,4,14,42,3,10,6,12,3,2,3,13,12,6,29,7,10,20,3,2,7,1,6,12,40,30,9,6,6,6,24,10,3,3,31,63,1,10,3,4,13,4,3,14,3,4,4,4,3,8,12,6,5,0,0,10,38,3,11,4,5,18,6,3
2350,2,3,24,1,30,4,3,28,3,4,10,18,11,25,20,7,21,8,13,10,19,2,7,13,3,16,78,3,6,5,4,13,0,4,14,42,3,9,6,13,3,2,3,13,12,6,29,7,10,20,3,2,7,1,6,12,40,30,9,6,6,6,24,10,3,3,31,63,1,10,3,4,13,4,3,14,3,4,4,4,4,8,11,6,5,0,0,10,38,3,11,4,5,18,6,3
2351,2,3,24,1,30,4,3,28,3,4,10,18,12,25,20,7,21,8,13,10,19,2,7,13,3,16,77,3,6,5,4,12,0,4,14,41,3,9,6,13,3,2,3,13,11,6,29,7,10,20,3,2,7,1,6,12,41,30,9,6,6,6,24,10,3,3,31,63,1,9,3,4,13,4,3,14,3,4,4,4,4,8,11,6,5,0,0,10,38,3,11,4,5,18,6,3
2352,2,3,24,1,30,4,3,29,3,4,10,18,12,25,20,7,20,8,13,10,19,2,7,13,3,16,77,3,6,5,4,12,0,4,14,41,3,9,4,13,3,2,3,13,11,6,29,8,9,20,3,2,7,1,6,12,41,32,9,6,6,6,24,10,3,3,31,64,1,9,3,4,13,4,3,13,3,4,4,4,4,8,11,6,5,0,0,10,38,3,11,4,5,18,6,3
2353,2,3,24,1,30,4,3,29,3,4,10,18,12,25,20,7,20,8,13,10,19,2,7,13,3,16,77,3,6,5,4,12,0,4,14,41,3,8,4,13,3,2,3,13,11,6,29,8,9,20,3,2,7,1,6,12,41,31,9,6,6,6,24,10,3,2,31,64,1,9,3,4,13,4,3,13,3,4,4,4,4,8,11,6,5,0,0,10,38,3,11,4,5,18,6,3
2354,2,3,24,1,30,4,3,29,3,4,10,17,12,25,20,7,20,8,13,10,19,2,7,13,3,16,77,3,6,5,4,12,0,4,14,41,3,8,4,13,3,2,3,12,11,6,29,8,9,20,3,2,6,1,6,12,41,32,9,6,6,6,24,10,3,2,31,64,1,9,3,4,13,4,3,13,3,4,4,4,4,8,11,6,5,0,0,10,38,3,11,4,5,18,6,3
2355,2,3,24,1,30,4,3,29,3,4,10,17,12,25,20,7,20,8,13,10,19,2,7,13,3,16,77,3,6,5,4,12,0,4,14,41,3,8,4,13,3,2,3,12,11,6,29,8,9,20,3,2,6,1,6,11,42,32,9,6,6,6,24,10,3,2,31,66,1,9,3,4,13,4,3,13,3,4,4,4,4,8,12,6,5,0,0,10,38,3,11,4,5,18,6,3
2356,2,3,24,1,30,4,3,29,3,4,10,17,12,25,20,7,20,8,13,10,19,2,7,13,3,16,77,3,6,5,4,12,0,4,14,41,3,8,4,13,3,2,3,13,11,6,29,8,9,19,3,2,6,1,6,11,42,32,9,6,6,6,25,9,3,2,30,65,1,9,2,4,13,4,3,13,3,4,4,4,4,8,12,6,5,0,0,10,38,3,11,4,5,18,6,3
2357,2,3,24,1,30,4,4,29,3,4,10,17,12,25,20,7,20,8,13,10,19,2,7,13,3,16,77,3,6,5,4,12,0,4,14,41,3,8,4,13,3,2,3,13,11,6,29,8,9,19,3,2,6,1,6,11,42,32,9,6,6,6,25,9,3,2,30,64,1,10,2,4,13,4,3,13,3,4,4,4,4,8,12,6,5,0,0,10,38,3,11,4,5,18,7,3
2358,2,3,24,1,30,4,4,29,3,4,10,17,12,25,20,7,20,8,13,11,19,2,7,13,3,16,77,3,6,5,4,12,0,4,14,41,3,8,4,13,3,2,3,13,11,6,28,8,9,19,3,2,6,1,6,11,42,32,9,6,6,6,25,9,3,2,30,64,1,10,2,4,13,4,3,13,3,4,4,4,4,8,12,6,5,0,0,10,37,3,11,4,5,18,7,3
2359,2,3,24,1,30,4,4,29,3,4,10,16,12,25,20,7,20,8,13,11,19,2,7,13,3,16,77,3,6,5,4,12,0,4,14,41,3,8,4,14,3,2,3,13,11,6,27,8,9,19,3,2,6,1,6,11,42,32,9,6,6,6,26,9,3,2,31,65,1,10,2,4,13,4,3,13,3,4,4,4,4,8,12,5,5,0,0,10,37,3,11,4,5,19,7,3
2360,2,3,24,1,30,4,4,29,3,4,10,16,12,26,20,7,20,8,13,11,19,2,7,13,3,16,77,3,6,5,4,12,0,4,14,41,3,8,4,14,3,2,3,13,11,6,28,8,9,19,3,2,6,1,6,11,43,32,9,6,6,6,26,8,3,2,31,65,1,10,2,4,13,4,3,13,3,4,4,4,4,8,12,5,5,0,0,10,37,3,11,4,5,19,6,3
2361,2,3,24,1,30,4,4,29,3,4,10,16,12,26,20,7,20,8,13,11,19,2,7,13,3,16,77,3,6,5,4,12,0,4,14,41,3,8,4,14,3,2,3,13,11,6,28,8,9,19,3,2,6,1,6,11,43,33,9,6,6,6,26,8,3,2,31,65,1,10,2,4,13,4,3,13,3,4,4,4,4,8,12,5,5,0,0,10,37,3,11,4,5,18,6,3
2362,2,3,24,1,29,4,4,29,3,4,10,16,12,26,20,7,20,8,13,11,18,2,7,13,3,16,79,3,6,5,4,12,0,4,14,41,3,8,4,14,3,2,3,13,11,6,28,8,9,19,3,2,6,1,6,11,43,33,9,6,6,6,26,8,3,2,32,63,1,10,2,4,14,4,3,13,3,4,4,4,4,8,12,5,5,0,0,9,37,3,11,4,5,18,6,3
2363,2,3,23,1,29,4,4,29,3,4,10,16,12,26,20,7,20,8,13,11,18,2,7,13,3,16,80,3,6,5,4,12,0,4,14,41,3,8,4,14,3,2,3,13,11,6,28,8,9,19,3,2,6,1,6,11,43,33,9,6,6,6,26,8,3,2,32,63,1,10,2,4,14,4,3,13,3,4,4,4,4,8,12,5,5,0,0,9,37,3,11,4,5,18,6,3
2364,2,3,23,1,29,4,4,29,2,4,10,16,12,26,20,7,20,8,13,11,18,2,7,13,3,16,80,3,6,5,4,12,0,4,14,42,3,8,4,14,3,2,3,13,11,6,28,8,9,19,3,2,6,1,6,11,43,33,9,6,6,6,26,8,3,2,32,62,1,10,2,4,14,4,3,12,3,4,4,4,4,8,12,5,5,0,0,9,37,2,11,4,5,18,6,3
2365,2,3,23,1,29,4,4,29,2,4,10,16,12,26,20,7,20,8,13,11,18,2,7,13,3,16,79,3,6,5,4,12,0,4,14,42,3,8,4,14,3,2,3,13,11,6,28,8,9,19,3,2,6,1,6,11,44,33,9,6,6,6,26,8,3,2,32,61,1,10,2,4,13,4,3,12,3,4,4,4,4,8,12,5,5,0,0,9,38,2,11,4,5,18,6,3
2366,2,3,23,1,29,4,4,28,2,4,10,16,12,25,20,7,20,8,13,11,18,2,7,14,3,16,80,3,6,5,4,12,0,4,14,41,3,8,4,14,3,2,3,13,11,6,28,8,9,19,3,2,6,1,6,11,44,33,9,6,6,6,26,8,3,2,32,61,1,10,2,4,13,4,3,12,3,4,4,4,4,8,12,5,5,0,0,9,38,2,12,4,5,18,7,3
2367,2,3,23,1,29,3,4,28,2,4,10,16,12,25,20,7,20,8,13,11,18,2,7,14,3,16,80,3,6,5,4,12,0,4,14,41,3,8,4,14,3,2,3,13,10,6,28,8,9,19,3,2,6,1,5,11,44,33,9,6,6,6,26,8,3,2,32,61,1,10,2,4,13,4,3,12,4,4,4,4,4,8,12,5,5,0,0,9,38,2,12,4,5,19,7,3
2368,2,3,23,1,30,3,4,28,2,4,10,17,12,25,20,7,20,8,13,11,18,2,7,14,3,16,80,3,6,5,4,12,0,4,14,42,3,8,3,14,3,2,3,13,10,6,28,8,9,19,3,2,6,1,5,11,44,33,9,6,7,6,26,8,3,2,32,61,1,11,2,4,13,4,3,12,4,4,4,4,4,8,12,5,5,0,0,9,38,2,12,3,5,19,7,3
2369,2,3,23,1,30,3,4,28,2,4,10,17,12,25,20,7,20,8,13,11,18,2,7,14,3,16,80,3,6,5,4,12,0,4,14,42,3,8,3,14,3,2,3,13,10,6,28,8,9,19,3,2,6,1,5,11,45,33,9,6,7,6,26,8,3,2,32,60,1,11,2,4,14,5,3,12,4,4,4,4,4,8,12,5,5,0,0,9,38,2,12,3,5,19,7,3
2370,2,3,23,1,30,3,4,28,2,4,10,17,12,25,20,7,20,8,13,11,18,2,7,14,3,16,81,3,6,5,4,12,0,4,14,42,3,8,3,14,3,2,3,13,10,6,28,8,9,19,3,2,6,1,5,11,45,33,9,6,7,6,26,8,3,2,32,60,1,11,2,4,14,5,3,12,4,3,4,4,4,8,12,5,5,0,0,9,38,2,12,3,5,19,7,3
2371,2,3,23,1,30,3,4,28,2,4,10,17,12,25,20,7,20,8,14,11,18,2,7,14,4,16,82,3,6,5,4,12,0,4,14,41,3,8,3,14,3,2,3,13,10,6,28,8,9,19,3,2,6,1,5,11,44,33,9,6,7,6,26,8,3,2,33,60,1,11,2,4,14,5,3,12,4,3,4,4,4,8,12,5,5,0,0,9,38,2,11,3,5,17,7,3
2372,2,3,23,1,30,3,4,28,2,4,10,17,12,25,20,7,20,8,14,11,18,2,7,14,4,17,82,3,6,5,4,13,0,4,14,41,3,8,3,14,3,2,3,13,10,6,29,8,9,19,3,2,6,1,5,11,44,33,9,6,7,6,26,8,3,2,33,60,1,11,2,4,14,5,3,11,4,3,4,4,4,8,12,5,5,0,0,9,38,2,11,3,5,17,7,3
2373,2,3,23,1,30,3,4,28,2,4,10,17,11,25,20,7,20,8,14,11,18,2,7,14,4,17,82,3,6,5,4,13,0,4,14,42,3,8,3,14,3,2,3,13,10,6,29,8,9,19,3,2,6,1,5,11,44,33,9,6,7,6,26,8,3,2,32,62,1,11,2,4,14,5,3,11,4,3,4,4,4,8,12,5,5,0,0,9,38,2,11,3,5,17,7,3
2374,2,3,23,1,30,3,4,28,2,4,10,17,11,25,20,7,20,8,14,11,17,2,7,14,4,17,83,3,6,5,4,13,0,4,14,42,3,8,3,13,3,2,3,13,10,5,28,8,9,19,3,2,6,1,5,11,44,33,9,6,7,6,26,8,3,2,32,62,1,11,2,4,14,4,3,11,4,3,4,4,4,9,12,5,5,0,0,9,38,2,11,3,5,17,7,3
2375,2,3,23,1,29,3,4,28,2,4,10,17,11,25,20,7,20,8,15,11,17,2,7,14,4,17,82,3,6,5,5,13,0,4,14,42,3,8,3,13,3,2,3,13,10,5,28,8,9,19,3,2,6,1,5,11,44,33,9,6,7,6,26,8,3,2,32,63,1,12,2,4,14,4,3,11,4,3,4,4,4,9,11,5,5,0,0,9,38,2,11,3,5,17,7,3
2376,2,3,22,1,28,3,4,28,2,4,10,17,11,25,20,7,20,8,15,11,17,2,7,13,4,17,83,3,6,5,5,13,0,4,14,42,3,8,3,13,3,2,3,13,10,5,28,8,9,19,3,2,6,1,5,11,44,33,9,6,7,6,26,8,3,2,32,63,1,12,3,4,14,4,3,11,4,3,4,4,4,9,10,5,5,0,0,9,38,2,11,2,5,17,7,3
2377,2,3,22,1,28,2,4,28,2,4,10,17,11,25,20,7,20,8,15,11,17,2,7,13,4,18,83,3,6,5,5,13,0,4,14,41,3,8,3,13,3,2,3,13,10,5,28,8,9,19,3,2,6,1,5,11,44,32,9,6,7,6,26,8,3,2,32,63,1,12,3,4,14,4,3,11,4,3,4,4,4,9,11,5,5,0,0,9,38,2,11,2,5,17,7,3
2378,2,3,22,1,28,2,4,28,2,4,10,17,11,25,20,7,21,8,15,11,17,2,7,13,4,18,83,3,6,5,5,13,0,4,14,41,3,8,3,13,4,2,2,13,10,5,28,8,9,19,3,2,6,1,5,11,44,32,9,6,7,6,26,8,3,2,32,63,1,11,3,4,14,4,3,11,4,3,4,4,4,9,11,5,5,0,0,9,38,2,11,2,5,16,7,3
2379,2,3,22,1,28,2,4,27,2,4,10,17,11,25,20,7,21,8,15,11,17,2,7,13,4,18,83,3,6,5,5,13,0,4,14,41,3,8,3,13,4,2,2,13,10,5,29,8,9,19,3,2,6,1,5,11,44,32,8,6,7,6,26,8,3,2,33,63,1,11,3,4,14,4,3,11,4,3,4,4,4,9,11,5,5,0,0,9,39,2,11,2,5,16,7,3
2380,2,3,22,1,29,2,4,27,2,4,10,17,11,25,20,8,21,8,15,11,17,2,7,13,4,18,83,3,6,5,5,13,0,4,14,41,3,7,3,13,4,2,2,13,10,5,28,8,9,19,3,2,6,1,5,11,44,32,8,6,7,5,26,8,3,2,33,63,1,11,3,4,14,4,3,11,4,3,4,4,4,8,11,5,5,0,0,9,39,2,11,2,5,16,7,3
2381,2,3,22,1,29,2,4,27,2,4,10,18,11,25,20,8,21,8,15,11,17,2,6,13,4,18,84,3,6,5,6,13,0,4,14,41,3,7,3,13,4,2,2,13,10,5,28,8,9,19,3,2,6,1,5,11,44,32,8,6,7,5,26,8,3,2,33,64,1,11,3,4,14,4,3,11,4,3,4,4,4,8,11,5,5,0,0,9,39,2,11,2,5,16,7,3
2382,2,3,22,1,29,2,5,27,2,4,10,18,11,25,20,8,21,8,15,11,17,2,6,13,4,18,84,3,6,5,6,13,0,4,14,41,3,7,3,13,4,2,2,13,10,5,28,8,9,19,3,2,6,1,5,12,44,33,8,6,7,5,26,8,3,2,33,64,1,11,3,4,14,4,3,10,4,3,4,4,4,8,11,5,5,0,0,9,39,2,11,2,5,16,7,3
2383,2,3,22,1,29,2,5,27,2,4,10,18,11,26,20,8,20,8,15,11,17,2,6,13,4,19,84,3,6,5,6,13,0,4,14,41,3,7,3,13,4,2,2,13,10,5,28,8,9,19,3,2,6,1,5,12,44,33,8,6,7,5,26,8,3,2,33,65,1,11,3,4,14,4,3,10,4,3,4,4,4,8,11,5,5,0,0,9,38,2,11,2,5,16,7,3
2384,2,3,22,1,29,2,5,27,2,4,10,18,11,26,20,8,20,8,15,11,17,2,6,12,4,19,84,3,6,5,6,13,0,4,14,41,3,7,3,13,4,2,2,13,10,5,28,8,9,19,3,2,6,1,5,12,44,33,8,6,7,5,25,8,3,2,33,65,1,11,3,4,14,4,3,10,4,3,4,4,4,9,11,5,5,0,0,9,37,2,11,2,5,16,7,3
2385,2,3,22,1,29,2,5,27,2,4,10,18,11,27,20,8,20,8,15,11,17,2,6,12,4,19,85,3,6,5,6,13,0,4,15,41,3,7,3,13,4,2,2,13,10,5,28,8,9,19,3,2,6,1,5,12,44,33,8,6,7,5,25,8,3,2,33,65,1,11,3,4,14,4,3,10,4,3,4,4,4,9,11,5,5,0,0,9,37,2,11,2,5,16,7,3
2386,2,3,22,1,30,2,5,27,2,4,10,18,11,27,20,8,20,8,15,11,17,2,6,12,4,19,85,3,6,5,6,13,0,4,14,41,3,7,3,13,4,2,2,13,10,5,28,8,9,19,3,2,7,1,5,12,45,33,8,6,7,5,25,8,3,2,33,65,1,11,2,4,14,4,3,10,4,3,4,4,4,9,11,5,5,0,0,9,37,2,11,2,5,16,7,3
2387,2,3,22,1,30,2,5,27,2,4,10,17,11,27,20,8,20,8,15,11,18,2,6,12,4,18,86,3,6,5,6,13,0,4,13,41,3,7,3,13,4,2,2,13,10,5,28,8,9,19,3,2,7,1,5,13,46,33,8,6,7,5,25,8,3,2,33,64,1,11,2,4,14,4,3,10,4,3,4,4,4,9,11,5,5,0,0,9,37,2,11,2,5,16,7,3
2388,2,3,23,1,30,2,5,27,2,4,10,17,11,27,21,8,20,8,15,11,18,2,6,12,4,18,86,3,6,5,6,13,0,4,13,41,3,7,4,13,4,2,2,13,10,5,28,8,9,19,3,2,7,1,5,13,46,33,8,6,7,5,25,8,3,2,33,64,1,11,2,4,15,4,3,10,4,3,4,4,4,9,11,4,5,0,0,9,37,2,11,2,5,16,7,3
2389,2,3,23,1,31,2,5,27,2,4,10,17,11,27,21,8,20,8,15,11,18,2,6,12,4,18,86,3,6,5,6,13,0,4,13,41,3,7,4,13,4,2,2,13,10,5,28,8,9,19,3,2,7,1,5,13,46,33,8,6,7,5,25,8,3,2,33,64,1,11,2,4,15,4,3,9,4,3,4,5,4,9,11,4,5,0,0,9,36,2,11,2,5,16,7,3
2390,2,3,22,1,31,2,5,27,2,4,10,17,11,27,21,8,21,8,15,11,19,2,6,12,4,18,85,3,6,5,6,13,0,4,13,41,3,7,4,13,4,2,2,13,10,5,28,8,9,19,3,2,7,1,5,14,46,33,8,6,7,5,25,8,3,2,33,63,1,11,2,4,15,4,3,9,4,3,4,5,4,8,11,4,5,0,0,9,36,2,11,2,5,16,7,3
2391,2,3,22,1,31,2,5,27,2,4,10,17,11,27,21,8,21,8,15,10,19,2,6,12,4,18,85,3,6,5,6,13,0,4,13,41,3,7,4,13,4,2,2,13,10,5,28,8,9,19,3,2,7,1,5,14,46,33,8,6,7,5,25,8,3,2,32,64,1,11,2,4,15,4,3,9,4,3,4,5,4,8,11,4,5,0,0,9,35,2,11,2,5,16,7,3
2392,2,3,22,1,31,2,5,27,2,4,10,17,11,27,21,8,21,8,15,10,19,2,6,12,4,18,85,3,6,5,6,13,0,4,13,41,3,7,4,13,4,2,2,13,10,5,28,8,9,19,3,2,7,1,5,14,46,33,8,6,7,5,25,8,3,2,32,65,1,11,2,4,15,4,3,9,4,3,4,5,4,8,11,4,5,0,0,9,36,2,11,2,5,16,7,3
2393,2,3,22,1,31,2,5,27,2,4,10,17,11,27,21,8,19,8,15,10,19,2,6,12,4,18,86,3,6,5,6,13,0,4,13,42,3,7,4,13,4,2,2,13,10,5,27,8,9,21,3,1,7,1,5,14,46,33,8,6,7,5,25,8,3,2,32,65,1,11,2,4,15,4,3,9,4,3,4,5,4,8,11,4,5,0,0,9,36,2,11,2,5,16,7,3
2394,2,3,22,1,31,2,5,27,2,4,10,17,11,27,21,8,19,8,15,10,19,2,6,12,4,18,85,3,6,5,6,13,0,4,13,42,3,7,4,13,4,2,2,13,10,5,27,8,9,21,3,1,7,1,5,15,46,33,8,6,7,5,25,8,3,2,33,65,1,11,2,4,15,4,3,9,4,3,4,5,4,8,11,4,5,0,0,9,36,2,11,2,5,16,7,3
2395,2,3,22,1,31,2,5,26,1,4,10,17,11,27,21,8,19,8,16,11,19,2,6,12,4,18,85,3,5,5,6,12,0,4,13,42,3,7,4,13,4,2,2,13,10,5,27,8,9,21,3,1,7,1,5,15,46,33,8,6,7,5,25,7,3,2,32,65,1,11,2,4,15,4,3,9,4,3,4,5,4,8,11,4,4,0,0,9,36,2,11,2,5,16,8,3
2396,2,3,22,1,31,2,5,26,1,4,10,17,11,27,21,8,19,8,15,11,19,2,6,12,4,18,85,3,5,5,6,12,0,4,13,42,3,7,4,13,4,2,2,13,10,5,27,8,9,21,3,1,7,1,5,15,46,32,8,6,7,5,24,7,3,2,32,65,1,11,2,4,15,4,3,9,4,3,4,5,4,8,11,4,4,0,0,9,36,2,11,2,5,16,8,3
2397,2,3,21,1,32,2,4,26,1,4,10,17,11,27,21,8,19,8,15,11,19,2,6,12,3,17,85,3,5,5,6,12,0,4,13,43,3,7,4,13,4,2,2,13,10,5,27,8,9,21,3,1,7,1,5,15,46,32,8,6,7,5,24,7,3,2,32,64,1,11,2,4,14,4,3,9,4,3,3,5,4,8,11,4,4,0,0,9,36,2,11,2,5,16,8,4
2398,2,3,20,1,32,2,3,26,1,4,10,17,11,27,21,8,19,8,15,10,19,1,6,12,3,17,85,3,5,5,6,12,0,4,13,43,3,7,4,13,4,2,2,13,10,5,27,8,9,21,3,1,7,1,5,15,46,32,8,6,7,5,24,7,3,2,32,64,1,11,2,4,14,4,3,9,4,3,3,5,4,8,11,4,4,0,0,9,37,2,11,2,5,16,8,4
2399,2,3,20,1,32,2,3,26,1,4,10,17,11,28,21,8,19,8,15,9,19,1,6,12,3,17,85,3,5,5,6,12,0,4,13,43,3,7,4,13,4,2,2,13,11,5,27,8,9,21,3,1,7,1,5,15,46,33,9,6,7,5,24,7,3,2,32,64,1,11,2,4,14,4,3,9,4,3,3,5,4,8,11,4,4,0,0,9,37,2,11,2,5,16,8,4
2400,2,3,20,1,33,2,3,27,1,4,9,17,11,27,21,8,19,8,15,9,19,1,6,12,3,17,84,3,5,5,6,11,0,4,12,44,3,7,4,13,4,2,2,13,11,5,27,7,9,21,3,1,7,1,5,15,46,33,9,6,7,5,24,7,3,2,32,65,1,11,2,4,14,4,3,9,4,3,3,5,4,8,11,4,4,0,0,9,37,2,12,2,5,16,8,4
2401,2,3,20,1,33,2,3,27,1,4,9,17,11,28,21,8,19,8,15,9,19,1,6,12,3,17,84,3,5,5,7,11,0,4,12,44,3,7,4,13,4,2,2,13,12,5,27,7,9,21,3,1,7,1,5,15,46,32,9,6,7,5,23,6,3,2,32,65,1,11,2,4,14,4,3,10,4,3,3,5,4,8,11,4,4,0,0,9,38,2,12,2,5,16,8,4
2402,2,3,20,1,34,2,3,27,1,4,9,17,11,28,21,9,19,8,15,8,20,1,6,12,3,17,84,3,5,5,7,11,0,4,12,44,3,7,4,13,4,2,2,13,12,5,27,7,9,22,3,1,7,1,5,15,46,32,9,6,7,5,23,6,3,2,32,64,1,11,2,4,14,4,3,10,4,3,3,5,4,8,11,4,4,0,0,9,38,2,12,2,5,16,8,4
2403,2,3,20,1,35,2,3,27,1,4,9,17,11,28,21,9,18,8,15,8,20,0,6,12,3,17,84,3,5,5,7,11,0,4,12,44,3,7,4,13,4,2,2,13,12,5,27,7,9,22,3,1,6,1,5,15,46,32,9,6,7,5,23,6,3,2,32,64,1,11,2,4,15,4,3,10,4,3,3,5,4,8,11,4,4,0,0,9,39,2,12,2,5,16,7,4
2404,2,3,20,1,35,2,3,27,1,4,9,18,11,28,21,9,18,8,15,8,20,0,6,12,3,17,84,3,5,5,7,10,0,4,12,44,3,7,4,13,4,2,2,13,12,5,27,8,9,22,3,1,6,1,5,15,46,33,9,6,7,5,22,6,3,2,32,63,1,11,2,4,15,4,3,10,4,3,3,5,4,8,11,4,4,0,0,9,39,2,12,2,5,16,7,4
2405,2,3,20,1,35,2,3,27,1,4,9,18,11,28,21,9,17,8,15,8,20,0,6,12,3,17,84,3,5,4,7,10,0,4,12,44,3,8,4,13,4,2,2,13,12,5,27,8,9,22,3,1,6,1,5,15,46,33,9,6,7,5,22,6,3,2,32,63,1,11,2,4,15,4,3,10,4,3,3,5,3,8,11,4,4,0,0,9,38,2,12,2,4,16,7,4
2406,2,3,20,1,35,2,3,28,1,4,9,18,11,28,21,9,17,8,15,8,20,0,6,12,3,17,84,3,5,4,7,10,0,4,12,44,3,7,4,13,4,2,2,13,12,5,27,8,9,22,3,1,6,1,5,15,46,33,9,6,7,5,22,6,3,2,33,64,1,11,2,4,15,4,3,10,4,3,3,5,2,8,11,4,4,0,0,9,39,2,12,2,4,17,7,4
2407,2,3,20,1,35,2,3,28,1,4,9,19,11,28,21,9,17,8,15,8,20,0,6,12,3,17,83,3,5,4,7,10,0,4,10,44,3,7,4,13,4,2,2,13,12,5,26,8,9,22,3,1,6,1,6,15,46,33,9,6,7,5,22,6,3,2,33,64,1,11,2,4,15,4,3,11,4,3,3,5,2,8,11,4,4,0,0,9,39,2,12,2,4,17,7,4
2408,2,3,20,1,35,2,3,28,1,4,9,19,11,28,21,9,17,8,15,7,20,0,6,12,3,17,83,3,5,4,7,10,0,4,10,44,3,7,4,13,4,2,2,13,12,5,26,8,9,22,3,1,6,1,6,15,45,33,9,6,7,5,22,6,3,2,33,64,1,11,2,4,15,4,3,11,4,3,3,5,2,8,11,4,4,0,0,9,39,2,12,1,4,17,7,4
2409,2,3,20,1,35,2,3,28,1,4,8,19,11,27,21,9,17,8,15,7,20,0,6,12,3,16,83,3,5,4,7,11,0,4,10,45,3,7,4,13,4,2,2,13,12,5,26,8,9,22,3,1,6,1,6,15,45,33,9,6,7,5,21,6,3,2,33,64,1,11,2,4,14,4,3,11,4,3,3,5,2,8,11,4,4,0,0,9,39,2,12,1,4,17,7,4
2410,2,3,20,1,35,2,3,28,1,4,8,19,11,28,20,9,17,8,15,7,20,0,6,12,3,16,83,3,5,4,7,11,0,4,9,45,3,7,4,13,4,2,2,13,12,5,26,8,9,22,3,1,6,1,6,15,45,33,9,6,7,5,21,6,3,2,33,64,1,11,2,4,14,4,3,11,4,3,3,5,2,8,10,4,4,0,0,9,39,2,12,1,4,17,7,4
2411,2,3,20,1,35,2,3,28,1,4,8,19,11,28,20,9,17,8,15,7,20,0,6,12,3,16,83,3,5,4,7,11,0,4,8,45,3,7,4,13,4,2,2,13,12,5,26,8,9,22,3,1,6,1,6,15,44,33,9,6,7,5,21,6,3,2,33,64,1,11,2,4,14,4,3,11,4,3,3,5,2,8,10,4,4,0,0,10,39,2,12,1,4,17,7,4
2412,2,3,20,1,35,2,3,28,1,4,8,18,11,29,20,9,17,8,15,7,20,0,6,12,3,17,83,3,5,4,7,11,0,4,8,45,3,7,4,13,4,2,2,12,12,5,27,8,9,22,3,1,6,1,6,15,44,33,9,6,7,5,21,6,3,2,33,64,1,11,2,4,14,4,3,11,4,3,3,5,2,8,10,4,4,0,0,10,39,2,12,1,4,17,7,4
2413,2,3,20,1,35,2,3,28,1,4,7,18,11,29,20,9,17,8,15,7,20,0,6,12,3,17,83,3,5,4,7,11,0,4,8,46,3,7,4,13,4,2,2,12,11,5,26,8,9,22,3,1,6,1,6,15,44,33,9,6,7,5,21,6,3,2,33,64,1,11,2,4,14,4,3,11,4,3,3,5,2,8,10,4,4,0,0,10,38,2,12,1,4,17,7,4
2414,2,3,20,1,35,2,3,28,1,4,7,18,11,29,20,9,17,7,15,7,20,0,6,12,3,17,83,3,5,4,7,11,0,4,8,46,3,7,4,13,4,2,2,12,11,5,26,8,9,22,3,1,6,1,6,15,44,33,9,6,7,5,21,5,3,2,33,64,1,11,2,4,14,4,3,11,4,3,3,5,2,8,11,4,4,0,0,10,38,2,12,1,4,17,7,4
2415,2,3,20,1,34,2,3,28,1,4,7,18,11,29,20,9,17,7,14,7,20,0,6,12,3,17,82,3,5,4,7,11,0,4,8,46,3,7,4,13,4,2,2,12,11,5,26,8,9,22,3,1,6,1,6,15,44,33,10,6,7,5,21,5,3,2,33,63,1,12,2,4,15,4,3,11,4,3,3,5,2,8,11,4,4,0,0,10,36,2,12,1,4,17,7,4
2416,2,3,20,1,33,2,3,28,1,4,7,18,11,29,20,9,17,7,14,7,20,0,6,11,3,17,82,3,5,4,7,11,0,4,8,46,3,7,4,13,4,2,2,12,11,5,26,8,9,22,3,1,6,1,6,15,44,33,10,6,7,5,21,5,3,2,35,63,1,12,2,4,15,4,3,11,4,3,3,5,2,8,11,4,4,0,0,10,36,2,12,1,4,17,7,4
2417,2,3,20,1,33,2,3,28,1,4,7,18,11,29,20,9,17,7,14,7,19,0,5,11,3,17,82,3,5,4,7,11,0,4,8,46,3,7,4,13,4,2,2,12,11,5,26,8,8,22,3,1,6,1,6,15,44,33,10,6,7,5,21,5,3,2,34,63,1,12,2,4,15,4,3,11,4,3,3,5,2,8,11,4,4,0,0,10,36,2,11,1,4,17,7,4
2418,2,3,21,1,33,2,3,28,1,4,7,18,11,29,19,9,17,7,14,7,19,0,5,11,3,18,82,3,5,4,7,12,0,4,8,46,3,7,4,13,4,2,2,12,11,5,26,8,8,22,3,1,6,1,6,15,44,33,10,6,7,5,21,5,3,2,34,63,1,12,2,4,15,4,3,11,4,3,3,5,2,8,11,4,4,0,0,10,37,2,11,1,4,17,7,4
2419,3,3,21,1,33,2,3,28,1,5,7,18,11,30,19,9,16,7,14,7,19,0,5,11,3,18,82,3,5,4,7,12,0,4,8,46,3,7,4,13,4,2,2,12,11,5,26,8,8,22,3,1,6,1,6,15,44,33,10,6,7,5,21,5,3,2,34,63,1,12,2,4,15,4,3,11,4,3,3,5,2,8,11,4,4,0,0,10,37,2,11,1,4,17,7,4
2420,3,3,21,1,33,2,3,28,1,5,8,18,11,31,20,9,16,7,14,7,18,0,5,11,3,18,82,3,5,4,7,12,0,4,8,46,3,7,4,13,4,2,2,12,11,5,26,8,8,22,3,1,6,1,6,15,44,33,10,6,7,5,20,5,3,2,34,63,1,12,2,4,15,4,3,11,4,3,3,5,2,8,11,4,4,0,0,10,36,2,11,1,4,17,7,4
2421,3,3,21,1,33,2,3,28,1,5,8,18,11,31,20,9,16,7,14,7,18,0,5,11,3,18,81,3,5,4,7,12,0,4,8,47,3,7,4,13,4,1,2,12,11,5,26,8,8,21,3,1,6,1,6,15,43,33,10,6,7,5,20,5,3,2,34,64,1,12,2,4,15,4,3,11,4,3,3,5,2,8,11,4,4,0,0,10,36,2,11,1,4,17,7,4
2422,3,3,21,1,34,2,3,28,1,5,8,18,11,31,20,9,16,7,15,7,18,0,5,11,3,18,81,3,5,4,7,12,0,4,8,47,3,7,4,13,4,1,2,11,12,5,26,8,8,21,3,1,6,1,6,15,43,33,10,6,7,5,19,5,3,2,34,63,1,12,2,4,15,4,3,11,4,3,3,5,2,8,11,4,4,0,0,10,36,2,11,1,4,17,7,4
2423,3,3,21,1,34,2,3,27,1,5,8,18,11,31,20,9,16,7,15,7,18,0,5,11,3,18,81,3,5,4,7,12,0,4,8,47,3,7,4,13,4,1,2,11,12,5,26,8,8,21,3,1,6,1,6,15,43,33,10,6,7,5,19,5,3,2,34,63,1,12,2,4,15,4,3,11,4,3,3,5,2,8,11,4,4,0,1,10,35,2,12,1,4,17,7,4
2424,3,3,21,1,34,2,3,27,1,5,8,18,11,31,20,9,16,7,15,7,17,0,5,11,3,18,81,3,5,4,7,12,0,4,8,47,3,7,4,13,4,1,2,11,12,5,26,8,8,21,3,1,6,1,6,15,43,33,10,5,7,5,19,5,3,2,34,63,1,12,2,4,15,4,3,11,4,3,3,5,2,8,11,4,3,0,1,10,35,2,12,1,4,17,7,4
2425,3,3,22,1,34,2,3,27,1,5,8,18,11,31,20,9,16,7,15,7,17,0,5,11,3,18,81,3,5,4,7,12,0,4,8,47,3,7,4,13,4,1,2,11,12,5,26,8,8,21,3,1,6,1,6,15,43,33,10,5,7,5,19,5,3,2,34,63,1,12,2,4,15,4,3,11,4,3,3,5,2,7,11,4,3,0,1,10,35,2,12,1,4,17,7,4
2426,3,3,22,1,34,2,3,27,1,5,8,18,11,31,20,8,16,7,15,7,17,0,5,11,3,18,81,3,5,4,7,12,0,4,8,47,3,7,4,13,4,1,3,12,12,5,26,8,8,21,3,1,6,1,6,15,43,33,10,5,7,5,19,5,3,2,34,64,1,12,2,4,14,4,3,11,4,3,3,5,2,7,10,4,3,0,1,11,35,2,12,1,4,17,7,4
2427,3,3,22,1,34,2,3,27,1,5,8,18,11,31,20,7,16,7,15,7,17,0,5,11,3,18,81,3,5,4,7,12,0,4,8,46,3,7,4,13,4,1,3,12,12,5,26,8,8,21,3,1,6,1,6,15,42,33,10,5,7,5,19,5,3,2,33,63,1,12,2,4,14,4,3,11,4,3,3,5,2,7,10,4,3,0,1,11,35,1,12,1,4,17,7,4
2428,3,3,22,1,34,2,3,27,1,5,8,18,11,31,20,7,16,7,15,7,18,0,5,11,3,18,80,3,5,4,7,12,0,4,7,46,3,7,4,13,4,1,4,12,12,5,26,8,8,21,3,1,6,1,6,15,42,33,10,5,7,5,19,6,3,2,33,63,1,12,2,4,14,4,3,11,4,3,3,5,2,7,10,4,3,0,1,11,35,1,12,1,4,17,7,4
2429,3,3,22,1,34,2,3,27,1,5,8,18,11,31,20,7,16,7,15,7,18,0,5,11,3,18,80,2,5,4,7,12,0,4,7,46,3,7,4,13,3,1,4,12,12,5,26,8,8,21,3,1,5,1,6,15,42,33,10,5,7,5,19,6,3,2,33,63,1,12,2,4,14,4,3,11,4,3,3,5,2,7,10,4,3,0,1,11,35,1,12,1,4,17,7,4
2430,3,3,22,1,34,2,3,27,1,5,8,18,11,31,20,7,15,7,14,7,18,0,5,11,3,18,80,2,5,4,7,12,0,4,7,46,3,7,4,13,3,1,4,12,12,5,27,8,8,21,3,1,5,1,6,15,42,33,10,5,7,5,19,6,3,2,33,64,1,12,2,4,14,4,3,11,4,3,3,5,2,7,10,4,3,0,1,11,35,1,12,1,4,17,7,4
2431,3,3,22,1,34,2,3,27,1,5,8,19,11,32,20,7,15,7,14,7,18,0,5,11,3,18,80,2,5,4,7,11,0,4,8,46,3,7,4,13,3,1,4,12,12,5,27,8,8,21,3,1,5,1,6,15,42,33,11,5,7,5,19,6,3,2,33,64,1,12,2,4,14,4,3,11,4,3,3,5,2,7,10,4,3,0,1,11,35,1,12,1,4,17,7,4
2432,3,3,22,1,34,2,3,27,1,5,8,19,11,32,20,7,15,7,14,7,18,0,5,11,3,18,79,2,5,4,7,11,0,4,8,46,3,7,4,13,3,1,4,12,12,5,27,8,8,21,3,1,5,1,6,15,42,33,11,5,7,5,19,6,3,2,33,64,1,12,2,4,14,4,3,11,4,3,3,5,2,7,10,4,3,0,1,11,35,1,12,1,4,17,7,4
2433,3,3,22,1,35,2,3,27,1,5,8,21,11,32,20,7,15,7,14,7,18,0,5,11,3,19,79,2,5,4,7,11,0,4,8,46,3,7,4,13,3,1,4,13,12,5,27,8,8,21,3,1,5,1,6,15,42,33,11,5,7,5,18,6,3,2,33,64,1,13,2,4,14,4,3,11,4,3,3,5,2,7,10,4,3,0,1,11,34,1,12,1,4,17,7,4
2434,3,3,22,1,36,2,3,27,1,5,8,21,11,32,20,7,15,7,14,7,18,0,5,10,3,19,80,2,5,4,7,10,0,4,8,46,3,6,4,13,3,1,4,13,12,5,28,8,9,21,3,1,5,1,6,15,41,33,11,5,7,5,18,6,3,2,34,64,1,13,2,4,14,4,3,11,4,3,3,5,2,7,10,4,3,0,1,11,34,1,12,1,4,17,7,4
2435,3,3,22,1,36,2,3,28,1,5,8,21,11,32,20,7,15,7,14,7,18,0,5,10,3,19,80,2,5,4,7,10,0,4,8,47,3,6,4,13,3,1,4,13,12,5,28,8,9,21,3,1,5,1,6,15,43,33,11,5,7,5,18,6,3,2,34,64,1,13,2,4,14,4,3,11,4,3,3,5,2,7,10,4,3,0,1,11,34,1,12,1,4,17,7,4
2436,3,3,22,1,35,2,3,28,1,5,8,21,11,32,20,7,15,7,13,7,18,0,5,10,3,19,80,2,5,4,7,10,0,4,8,48,3,6,4,13,3,1,4,13,12,5,28,8,9,21,3,1,5,1,6,15,43,33,10,5,7,5,18,6,3,2,34,64,1,13,2,4,14,4,3,11,4,3,3,5,2,7,10,4,3,0,1,11,34,1,12,1,4,17,7,4
2437,3,3,23,1,35,2,3,28,1,5,8,20,11,32,20,7,15,7,13,7,18,0,5,10,3,19,80,2,5,4,7,10,0,4,9,47,3,6,4,13,3,1,4,13,12,5,28,8,9,22,3,1,5,1,6,15,43,33,10,5,7,5,18,6,3,2,34,62,1,13,2,4,14,4,3,11,4,3,3,5,2,7,10,4,3,0,1,11,34,1,12,1,4,17,7,4
2438,3,3,23,1,34,2,3,29,1,5,8,20,11,32,20,7,15,7,13,7,18,0,5,10,3,19,80,2,5,4,7,10,0,4,9,47,3,6,4,13,3,1,4,13,12,5,28,8,9,22,3,1,5,1,6,14,43,33,10,5,7,5,18,6,3,2,35,63,1,13,2,4,14,4,3,11,4,3,3,5,2,7,10,4,3,0,1,11,34,1,12,1,4,17,7,4
2439,3,3,23,1,34,2,3,29,1,5,8,20,11,32,20,7,15,7,13,7,19,0,5,10,3,19,80,2,5,4,7,11,0,4,9,47,3,6,4,14,3,1,4,13,12,5,28,8,9,22,3,1,5,1,6,16,43,33,10,5,7,5,18,6,3,2,34,63,1,13,2,4,14,4,3,11,4,3,3,5,2,7,10,4,3,0,1,11,34,1,12,1,4,17,7,4
2440,3,3,23,1,34,2,3,29,1,5,8,21,11,32,20,7,15,7,13,7,20,0,5,11,3,19,80,2,5,4,7,11,0,4,9,47,3,6,4,14,3,1,4,13,12,5,28,7,9,22,3,1,6,1,6,16,44,33,11,5,7,5,18,6,3,2,34,62,1,14,2,3,14,4,3,11,4,3,3,5,2,7,10,4,3,0,1,11,34,1,12,1,4,17,7,4
2441,3,3,23,1,34,2,3,28,1,5,8,21,11,32,20,7,15,7,13,7,20,0,5,11,3,19,79,2,5,4,8,11,0,4,9,48,3,6,4,14,3,1,4,13,12,5,27,7,8,22,3,1,6,1,6,16,44,33,11,5,7,5,17,6,3,2,34,62,1,14,2,3,14,4,3,11,4,3,3,5,2,7,10,4,3,0,1,11,34,1,12,1,4,17,8,4
2442,3,3,23,1,34,2,3,27,1,5,8,21,11,32,20,7,15,6,13,7,20,0,5,12,3,20,79,2,5,4,8,11,0,4,9,48,3,6,4,14,3,1,4,13,12,5,28,7,8,22,3,1,6,1,6,16,44,34,11,5,7,5,17,6,3,2,34,63,1,14,2,3,14,4,3,11,4,3,3,5,2,7,11,4,3,0,1,11,34,1,12,1,4,17,8,4
2443,3,3,23,1,34,2,3,27,1,5,8,21,10,33,20,7,15,6,13,7,20,0,5,12,3,20,79,2,5,4,8,11,0,4,9,48,3,6,4,14,3,1,4,13,12,5,28,7,8,22,3,1,6,1,6,16,44,34,11,5,7,5,17,6,3,2,35,63,1,14,2,3,14,4,3,11,4,3,3,5,2,7,11,4,3,0,1,11,34,1,12,1,4,17,8,4
2444,3,3,23,1,34,2,3,27,1,5,8,21,10,33,20,7,15,6,13,7,20,0,5,12,3,20,79,2,5,4,8,11,0,4,9,48,3,6,4,14,3,1,4,13,12,5,28,7,8,22,3,1,6,1,6,16,44,34,11,5,7,5,17,6,3,2,35,63,1,14,2,3,14,4,3,11,4,3,3,5,2,7,11,4,3,0,1,11,34,1,12,1,4,18,8,4
2445,3,3,23,1,34,2,3,27,1,5,9,21,10,33,20,7,15,6,13,7,19,0,5,13,3,20,80,2,5,4,8,11,0,4,9,48,3,6,4,14,3,1,4,14,12,5,28,7,8,21,3,1,6,1,6,16,44,34,11,5,6,5,17,6,3,2,35,63,1,14,2,3,14,4,3,11,4,3,3,5,2,7,11,4,3,0,1,11,34,1,12,1,4,18,8,4
2446,3,3,23,1,34,2,3,27,1,5,9,21,10,33,20,7,15,6,13,7,19,0,5,13,3,20,80,2,5,4,8,11,0,3,9,47,3,6,4,14,3,1,4,14,12,5,28,7,8,21,2,1,6,1,6,16,43,34,11,5,6,5,17,6,3,2,35,64,1,14,2,3,14,4,3,11,4,2,3,5,2,8,12,4,3,0,1,10,34,1,12,1,4,18,8,4
2447,3,3,23,1,34,2,3,27,1,5,9,21,10,33,20,7,15,6,13,7,19,0,5,13,3,20,80,2,4,4,8,11,0,3,9,46,3,6,4,14,3,1,4,14,12,5,28,7,8,21,2,1,6,1,6,15,43,34,11,5,6,5,17,6,3,2,34,64,1,14,2,3,14,4,3,11,4,2,3,5,2,8,12,4,3,0,1,11,34,1,12,1,3,18,8,4
2448,3,3,23,1,35,2,3,27,1,5,9,21,10,33,20,7,14,6,13,7,19,0,5,13,3,20,80,2,4,4,8,11,0,3,9,46,3,6,4,14,3,1,4,14,12,5,28,7,8,21,2,1,6,1,6,15,43,35,11,5,6,5,17,6,3,2,33,64,1,14,2,3,14,4,3,11,4,2,3,5,2,8,12,4,3,0,1,11,34,1,12,1,3,18,8,4
2449,3,3,23,2,35,2,3,27,1,5,9,21,10,33,20,7,14,6,13,7,19,0,5,13,3,20,80,2,4,4,8,11,0,3,9,45,3,6,4,14,3,1,4,14,12,5,28,7,8,21,2,1,6,1,6,16,43,35,11,4,6,5,17,6,3,1,32,64,1,14,2,3,14,4,3,11,4,2,3,5,2,8,12,4,3,0,1,11,34,1,12,1,3,18,8,4
2450,3,3,23,2,35,2,3,27,1,5,9,21,10,33,20,7,14,6,13,7,19,0,5,13,3,20,79,2,4,4,8,11,0,3,9,45,3,6,4,14,3,1,4,14,12,5,28,7,8,20,2,1,6,1,6,16,43,35,11,4,6,5,17,6,3,0,33,64,1,14,2,3,14,4,3,11,4,2,3,5,2,8,12,4,3,0,1,11,33,1,13,1,3,18,8,4
2451,3,3,23,2,35,2,3,27,1,5,9,21,10,31,20,7,14,6,13,7,19,0,5,13,3,21,80,2,4,4,8,11,0,3,9,46,3,6,4,14,3,1,4,14,12,5,28,7,7,20,2,1,6,1,6,16,43,35,11,5,6,5,17,6,3,0,33,65,1,14,2,3,14,4,3,11,4,2,3,5,2,8,12,4,3,0,1,11,34,1,13,1,3,18,8,4
2452,3,3,23,2,36,2,3,27,1,5,9,21,10,31,19,7,14,6,13,7,19,0,5,12,3,21,78,2,4,4,8,11,0,3,9,47,3,6,4,14,3,1,4,14,12,5,28,7,7,20,2,1,6,1,7,16,43,35,11,5,6,5,17,6,3,0,33,64,1,14,2,3,14,4,3,11,4,2,3,4,2,8,12,4,3,0,1,11,34,1,13,1,3,18,8,4
2453,3,3,22,2,36,2,3,27,1,5,9,21,10,31,19,7,14,5,13,7,19,0,5,12,3,21,78,2,4,4,8,11,0,3,9,47,3,5,4,14,3,1,4,14,12,5,29,7,7,20,2,1,6,1,7,17,43,35,11,4,6,5,17,6,3,0,33,64,1,14,2,3,14,4,3,11,4,2,3,4,2,7,12,4,3,0,1,11,34,1,13,1,3,18,8,4
2454,3,3,22,2,35,2,3,27,1,5,8,21,11,31,19,7,14,5,13,7,19,0,5,12,3,21,78,2,4,4,8,11,0,3,9,47,3,5,4,15,3,1,4,14,12,5,29,7,7,20,2,1,6,1,7,17,43,35,11,4,7,5,17,6,3,0,33,66,1,15,2,3,14,4,3,11,4,2,3,4,2,7,12,4,3,0,1,11,34,1,13,1,3,18,8,4
2455,3,4,22,2,35,2,3,27,1,5,8,21,11,31,19,7,14,5,13,8,19,0,5,12,3,21,77,2,4,4,8,11,0,3,9,47,3,5,4,15,3,1,4,14,12,5,29,7,7,20,2,1,6,1,7,17,43,35,11,4,7,5,17,6,3,0,34,66,1,15,2,3,14,4,3,11,4,2,3,4,2,7,12,4,3,0,1,11,34,1,13,1,3,18,8,4
2456,3,4,22,2,34,2,3,27,1,5,8,21,11,31,19,7,15,5,13,8,19,0,5,12,3,21,77,2,4,4,8,11,0,3,9,47,3,4,4,15,3,1,4,14,12,5,29,7,7,20,2,1,6,1,7,17,43,36,11,4,7,5,17,6,3,0,34,66,1,15,2,3,14,4,3,11,4,2,3,4,2,7,12,4,3,0,1,11,34,1,13,1,3,18,8,4
2457,3,4,22,2,34,2,3,27,1,5,8,21,11,31,19,7,15,5,13,8,19,0,5,12,3,21,77,2,4,4,8,11,0,3,9,47,3,4,4,16,3,1,4,14,12,5,29,7,7,19,2,1,6,1,7,17,43,36,11,4,7,5,17,6,3,0,33,66,1,15,2,3,14,4,4,11,4,2,3,4,2,8,12,4,3,0,1,11,33,1,13,1,3,18,8,4
2458,3,4,22,2,34,2,3,27,1,5,8,21,11,31,19,7,15,5,13,8,19,0,5,12,3,21,77,1,4,4,8,11,0,3,9,47,3,4,4,16,3,1,4,14,12,6,29,7,7,19,2,1,6,1,7,16,43,36,11,4,7,5,17,6,3,0,33,66,1,15,2,3,14,4,4,11,4,2,3,4,2,8,12,4,3,0,1,11,33,1,13,1,3,18,8,4
2459,3,4,22,2,34,2,3,27,1,5,8,21,12,31,19,7,15,5,13,8,19,0,5,13,3,21,77,1,4,4,9,11,0,2,9,47,3,4,4,16,3,1,4,14,12,6,29,7,7,19,2,1,6,1,7,16,43,36,11,4,7,5,17,6,3,0,33,66,1,15,2,3,14,4,3,11,4,2,3,4,2,8,12,4,3,0,1,11,33,1,13,1,3,18,8,4
2460,3,4,22,2,33,2,3,27,1,5,8,21,12,31,19,7,15,5,13,8,19,0,5,13,3,21,77,1,4,4,9,11,0,2,9,47,3,4,4,17,3,1,4,14,12,6,29,7,7,19,2,1,6,1,7,16,45,36,11,4,7,5,17,6,3,0,33,64,1,16,2,3,14,4,3,11,4,2,3,4,2,8,12,4,3,0,2,11,33,1,13,1,3,18,8,3
2461,3,4,22,2,33,2,3,27,1,5,7,21,12,31,19,7,15,5,13,8,19,0,5,13,3,21,77,1,4,3,9,14,0,2,9,47,3,4,4,17,3,1,4,14,12,6,30,7,7,19,2,1,6,1,7,16,46,36,11,4,7,5,17,6,3,0,33,64,1,16,2,3,14,4,3,11,4,2,3,4,2,8,12,4,3,0,2,11,33,1,13,1,3,18,8,3
2462,3,4,22,2,33,2,3,27,1,5,7,21,12,31,19,7,15,5,13,8,19,0,5,14,3,22,77,1,4,3,9,14,0,2,9,47,3,4,4,17,3,1,4,14,12,6,30,7,7,19,2,1,6,1,7,16,46,36,11,4,7,5,17,6,3,0,33,65,1,16,2,3,14,4,3,11,4,2,3,4,2,8,12,4,3,0,2,11,34,1,13,1,3,18,8,3
2463,3,4,22,2,33,2,3,27,1,5,7,21,12,31,19,7,15,5,13,8,19,0,5,15,3,22,77,1,4,3,9,14,0,2,9,47,3,4,4,17,3,1,4,14,12,6,30,7,7,19,2,1,6,1,7,16,46,36,11,4,7,5,17,6,3,0,33,65,1,16,2,3,14,4,3,11,4,2,3,4,2,8,12,4,3,0,2,11,34,1,13,1,3,18,8,3
2464,3,4,22,2,32,2,3,28,1,5,7,21,12,31,19,7,15,5,13,8,19,0,5,15,3,22,77,1,4,3,8,14,0,2,9,45,3,4,4,17,3,1,4,14,12,6,31,7,7,19,2,1,6,1,7,16,46,36,11,4,7,5,17,6,3,0,32,65,1,16,2,3,14,4,3,11,4,2,3,4,2,8,12,4,3,0,2,11,34,1,13,1,3,18,8,3
2465,3,4,22,2,32,2,3,28,1,5,7,21,12,31,19,7,15,5,13,8,19,0,5,15,3,22,77,1,4,3,8,14,0,1,9,45,3,4,4,17,3,1,4,14,12,6,31,7,7,19,2,1,6,1,7,16,46,36,11,4,7,5,17,7,3,0,32,65,1,16,2,3,14,4,3,11,4,2,3,4,2,8,12,4,3,0,2,11,34,1,13,1,3,18,8,3
2466,3,4,22,2,32,2,3,27,1,5,7,21,12,31,19,7,15,5,13,8,19,0,5,15,3,22,77,1,4,3,8,14,0,1,9,45,3,4,4,17,3,1,4,14,12,6,31,7,7,18,2,1,6,1,7,16,46,36,11,4,7,5,17,7,3,0,32,65,1,16,2,3,15,4,3,11,4,2,3,4,2,8,12,4,3,0,2,11,34,1,13,1,3,18,8,3
2467,3,4,22,2,32,2,3,27,1,5,7,21,12,31,19,7,16,5,13,8,19,0,5,15,3,22,77,1,4,3,8,14,0,1,9,45,3,4,4,17,3,1,4,14,12,6,31,7,7,19,2,1,6,1,7,16,46,36,11,4,7,5,17,7,3,0,32,65,1,16,2,3,15,4,3,11,4,2,3,4,2,9,12,4,3,0,2,11,34,1,13,1,3,18,8,2
2468,3,4,22,2,32,2,3,27,1,5,7,21,12,31,19,7,16,5,13,8,19,0,5,15,3,22,77,1,4,3,8,14,0,1,9,45,3,4,4,17,3,1,4,14,12,6,31,7,7,19,2,1,6,1,7,16,47,36,11,4,7,5,17,7,3,0,32,65,1,16,2,3,15,4,3,11,4,2,3,4,2,9,12,4,3,0,2,11,35,1,13,1,3,18,8,2
2469,3,4,22,2,32,2,3,27,1,5,7,21,12,32,20,7,16,5,13,7,19,0,5,15,3,22,78,1,4,3,8,14,0,1,9,46,3,4,4,17,3,1,4,14,12,6,31,7,7,19,2,1,6,1,7,16,47,36,11,4,7,5,17,7,3,0,32,65,1,16,2,3,15,4,3,11,4,2,3,4,2,9,12,4,3,0,2,11,35,1,13,1,3,18,8,2
2470,3,4,22,2,32,2,3,26,1,5,7,21,12,32,20,7,16,5,12,7,19,0,5,15,3,22,78,1,4,3,8,14,0,1,9,45,3,4,4,17,3,1,4,13,12,6,32,7,8,19,2,1,6,1,7,16,46,36,11,4,7,5,17,8,3,0,32,65,1,16,2,3,15,4,3,11,4,2,3,4,2,9,12,4,3,0,2,11,35,1,13,1,3,18,8,2
2471,3,4,22,2,32,2,3,26,1,5,7,21,12,32,20,7,16,5,12,7,19,0,5,15,3,22,78,1,4,3,8,14,0,1,9,45,2,4,4,17,3,1,4,13,12,6,32,7,8,19,2,1,6,1,7,16,46,36,11,4,7,5,17,8,3,0,32,65,1,16,2,3,15,4,3,11,4,2,3,4,2,9,12,4,3,0,2,11,35,1,13,1,3,18,8,2
2472,3,4,22,2,32,2,3,26,1,5,7,21,12,32,20,7,16,5,12,7,19,0,5,15,3,22,77,1,4,3,8,14,0,1,9,46,2,4,4,17,3,1,4,13,12,6,33,7,8,19,2,1,6,1,7,15,46,36,11,4,7,5,17,8,3,0,32,64,1,15,2,3,15,4,3,11,4,2,3,5,2,9,12,4,3,0,2,11,35,1,13,1,3,18,8,2
2473,3,4,22,2,32,2,3,26,1,5,7,21,12,32,20,7,16,5,12,7,19,0,5,15,3,22,77,1,4,3,8,15,0,1,9,46,2,4,4,17,3,1,4,14,12,6,33,7,8,19,2,1,6,1,7,15,46,36,11,4,7,5,17,8,3,0,32,64,1,15,2,3,15,4,3,11,4,2,3,5,2,9,12,4,3,0,2,11,35,1,13,1,3,18,8,2
2474,3,4,21,2,32,2,4,26,1,4,7,21,11,32,20,7,16,5,12,7,19,0,5,15,3,22,77,1,4,3,8,15,0,1,9,47,2,4,4,17,3,1,4,13,12,6,33,7,8,19,2,1,6,1,7,15,46,36,11,4,7,5,17,8,3,0,33,64,1,15,2,3,15,4,3,11,5,2,3,5,2,9,12,4,3,0,2,11,35,1,13,1,3,17,8,2
2475,3,4,21,2,32,2,4,28,1,4,7,21,11,32,20,7,16,5,11,7,19,0,5,15,3,22,76,1,4,2,8,15,0,1,9,47,2,4,4,17,3,1,4,13,12,6,33,7,8,19,2,1,6,1,7,15,46,37,11,4,7,5,17,8,3,0,34,64,0,15,2,3,15,4,3,11,5,2,3,6,2,9,12,4,3,0,2,11,35,1,13,1,3,17,8,2
2476,3,4,21,2,32,2,4,28,1,4,7,21,11,33,20,7,16,5,11,7,19,0,5,15,3,22,77,1,4,2,8,15,0,1,9,47,2,4,4,17,3,1,4,13,12,6,32,7,8,19,2,1,6,1,7,15,46,37,11,4,7,5,17,8,3,0,35,64,0,15,2,3,15,4,3,11,5,2,3,6,2,9,12,4,3,0,2,11,35,1,13,1,3,17,8,2
2477,3,4,21,2,32,2,4,28,1,4,7,22,11,33,20,7,16,5,11,7,19,0,5,15,3,22,77,1,4,2,8,15,0,1,9,47,2,4,4,17,3,1,4,13,12,6,32,7,8,19,2,1,6,1,7,15,46,38,11,4,7,5,16,8,3,0,35,64,0,15,2,3,15,4,3,11,5,2,3,6,2,9,12,4,3,0,2,11,35,1,13,1,3,17,8,2
2478,3,4,21,2,32,2,4,28,1,5,7,21,11,33,20,7,16,5,11,7,19,0,5,15,3,23,77,1,4,2,8,14,0,1,9,46,2,4,4,17,4,1,4,13,12,6,32,7,8,19,2,1,6,1,7,15,46,38,11,4,7,5,16,8,3,0,35,65,0,16,2,3,15,4,3,11,5,2,3,6,2,9,12,4,3,0,2,11,35,1,13,1,3,17,8,2
2479,3,4,21,2,32,2,4,28,1,5,7,21,11,33,20,7,16,5,11,7,19,0,5,15,3,23,77,1,4,2,8,14,0,1,9,46,2,4,4,17,4,1,4,13,12,6,32,7,8,19,2,1,6,1,7,15,46,39,10,4,7,5,16,8,3,0,35,65,0,16,2,3,15,4,3,11,5,2,2,6,2,9,12,4,3,0,2,11,35,1,13,1,3,18,8,2
2480,3,4,21,2,32,2,3,28,1,5,7,21,11,33,20,7,16,5,11,7,19,0,5,14,3,23,77,1,4,2,8,14,0,1,9,46,2,4,4,17,4,1,4,13,12,6,32,7,8,19,2,1,6,1,7,15,46,39,10,4,7,5,16,8,3,0,35,65,0,16,2,3,15,4,3,11,5,2,2,6,2,9,12,4,3,0,2,11,35,1,13,1,3,18,8,2
2481,3,4,21,2,31,2,3,28,1,5,7,21,10,33,20,7,16,5,11,7,19,0,5,14,3,23,77,1,4,2,8,14,0,1,9,46,2,4,4,17,4,1,5,13,12,6,32,7,8,19,2,1,6,1,7,15,46,39,10,4,7,5,16,8,3,0,35,65,0,16,2,3,15,4,3,11,5,2,2,6,2,9,12,4,3,0,2,11,35,1,13,1,3,18,8,2
2482,3,4,21,2,31,2,3,28,1,5,7,21,10,32,20,7,16,5,11,7,19,0,5,14,3,23,77,1,4,2,9,14,0,1,9,45,2,4,4,17,4,1,5,13,12,6,32,7,8,19,2,1,6,1,7,15,46,39,10,4,7,5,16,8,3,0,35,65,0,16,2,3,15,4,3,11,5,2,2,6,2,9,12,4,3,0,3,11,35,1,13,1,3,18,8,2
2483,3,4,21,2,31,2,3,28,1,5,7,21,10,32,20,7,16,5,11,7,19,0,5,13,3,23,77,1,4,2,9,14,0,1,9,45,2,4,4,17,4,1,5,13,12,6,33,7,8,19,2,1,6,1,7,15,46,39,10,4,7,5,16,8,3,0,35,65,0,16,2,3,15,4,3,11,5,2,2,6,2,10,12,4,3,0,3,11,35,1,13,1,3,17,8,2
2484,2,4,21,2,31,2,3,27,1,5,7,21,10,31,19,7,16,5,11,7,19,0,5,13,3,23,77,1,4,2,9,14,0,1,9,45,2,4,4,17,4,1,5,13,12,6,33,7,8,19,2,1,6,1,7,15,46,39,10,4,7,5,16,8,3,0,35,65,0,16,2,3,15,4,3,11,5,2,2,6,2,10,12,4,3,0,3,11,35,1,13,1,3,17,8,2
2485,2,4,21,2,30,2,3,27,1,5,7,21,10,31,19,7,16,5,11,7,20,0,5,13,3,23,77,1,4,2,9,14,0,1,9,45,2,4,4,17,4,1,5,13,12,6,33,7,8,19,2,1,6,1,7,15,46,39,10,4,7,5,16,8,3,0,35,64,0,16,2,3,15,4,3,11,5,2,2,6,2,10,12,4,3,0,3,11,35,1,13,1,3,17,8,2
2486,2,4,21,2,30,2,3,27,1,5,7,21,10,31,19,7,16,5,11,7,20,0,5,12,3,23,77,1,4,2,9,14,0,1,9,45,2,4,4,17,4,1,5,13,12,6,33,7,8,19,2,1,6,1,7,15,46,40,10,4,7,5,16,8,3,0,35,64,0,17,2,3,15,4,3,11,5,2,2,6,2,10,12,4,3,0,3,11,35,1,13,1,3,17,8,2
2487,2,3,21,2,30,2,3,27,1,5,7,21,10,31,19,6,16,5,11,7,20,0,5,12,3,23,77,1,4,2,9,14,0,1,9,45,2,4,4,17,4,1,5,13,12,6,33,7,8,20,2,1,6,1,7,15,46,40,10,4,7,5,16,8,3,0,35,64,0,17,2,3,17,4,3,11,5,2,2,6,2,10,12,4,3,0,3,11,34,1,13,1,3,17,8,2
2488,2,3,21,2,30,2,3,27,1,5,7,21,10,31,19,6,16,5,11,7,20,0,5,12,3,23,77,1,4,2,9,14,0,1,9,44,2,4,4,17,4,1,5,13,12,6,33,7,8,20,2,1,6,1,7,15,46,40,10,4,7,5,16,8,3,0,35,64,0,17,2,3,17,4,3,11,5,2,2,6,2,10,12,4,3,0,3,11,34,1,13,1,3,17,8,2
2489,2,3,21,2,30,2,3,27,1,5,7,21,10,31,19,6,16,5,11,7,20,0,5,12,2,23,77,1,4,2,9,14,0,1,9,44,2,4,4,17,4,1,5,13,12,6,33,8,8,20,2,1,6,1,7,15,46,39,10,4,7,5,16,8,3,0,35,65,0,18,2,3,17,4,3,11,5,2,2,6,2,10,12,4,3,0,3,11,34,1,12,1,3,17,8,2
2490,2,3,21,2,30,2,3,27,1,5,7,21,10,31,19,6,16,5,11,7,20,0,5,12,2,23,77,1,4,2,9,14,0,1,9,44,2,4,4,17,4,1,5,13,12,6,33,8,8,20,2,1,6,1,7,14,46,38,10,4,7,5,16,8,3,0,36,65,0,18,2,3,17,4,3,11,5,2,2,6,2,10,12,4,3,0,3,11,34,1,12,1,3,17,8,3
2491,2,3,21,2,30,2,4,27,1,5,7,21,10,31,19,6,16,5,10,8,19,0,5,12,2,23,77,1,4,2,9,14,0,1,9,44,2,4,4,17,4,1,5,13,12,6,33,8,8,20,2,1,6,1,7,14,46,38,10,4,7,5,16,8,3,0,36,65,0,18,2,3,17,4,3,11,5,2,2,6,2,10,12,4,3,0,3,12,34,1,12,1,3,17,8,3
2492,2,3,21,2,30,2,4,27,1,5,7,21,10,31,19,6,16,5,10,8,20,0,5,12,2,24,76,1,4,2,9,14,0,1,9,45,2,4,4,17,4,1,5,13,12,6,33,8,8,20,2,1,6,1,7,14,46,38,10,4,7,5,16,8,3,0,36,65,0,18,2,3,17,4,3,11,5,2,2,6,2,10,12,4,3,0,3,12,34,1,11,1,3,17,8,3
2493,2,3,21,2,30,2,4,27,1,5,7,21,10,31,19,6,16,5,10,8,20,0,5,12,2,24,76,1,4,2,9,15,0,1,9,45,2,4,4,17,4,1,5,13,11,6,34,8,8,20,2,1,6,1,7,14,46,37,10,4,7,5,16,8,3,0,36,65,0,18,2,3,17,4,3,11,5,2,2,6,2,10,12,4,3,0,3,11,34,1,11,1,2,17,8,3
2494,2,3,21,2,30,2,4,27,1,5,7,21,10,31,19,6,16,5,10,9,20,0,5,12,2,24,76,1,4,2,9,15,0,1,9,46,2,4,4,17,4,1,5,13,11,6,34,8,8,20,2,1,6,1,7,13,46,37,10,4,7,5,16,8,3,0,36,65,0,18,2,3,17,4,3,11,5,2,2,6,2,10,13,4,3,0,3,11,34,1,11,1,2,17,9,3
2495,2,3,21,2,30,2,4,27,1,5,7,21,10,31,19,6,16,5,10,9,20,0,5,12,2,24,76,1,4,2,9,15,0,1,9,46,2,4,4,17,4,1,5,13,11,6,34,8,8,20,2,1,6,1,7,13,46,37,10,4,7,4,16,8,3,0,36,65,0,18,2,3,17,4,3,11,5,2,2,6,2,10,13,4,3,0,3,11,34,1,11,1,2,17,9,3
2496,2,3,21,2,30,2,4,27,1,5,7,21,10,31,19,6,16,6,10,9,21,0,5,12,2,25,76,1,4,2,9,15,0,1,9,46,2,4,4,17,4,1,6,13,11,6,34,8,8,20,2,1,6,1,7,13,46,37,10,4,7,4,16,8,3,0,35,64,0,18,2,3,17,4,3,11,4,2,2,6,2,10,13,4,3,0,3,11,34,1,11,1,2,17,9,3
2497,2,3,21,2,30,2,4,27,1,5,7,21,10,31,18,6,16,6,10,9,21,0,5,12,2,25,77,1,4,2,9,15,0,1,9,46,2,4,4,17,4,1,6,13,11,6,34,8,8,20,2,1,6,1,7,13,46,37,10,3,7,4,16,8,3,0,36,64,0,18,2,3,17,4,3,11,4,2,2,6,2,10,13,4,3,0,3,11,34,1,11,1,1,17,9,3
2498,2,3,21,2,30,2,4,28,1,5,7,21,10,31,18,6,17,6,10,9,21,0,5,12,2,25,77,1,4,2,9,15,0,1,9,47,2,4,4,17,4,1,6,13,11,6,34,8,8,20,2,1,6,1,7,13,46,37,10,3,7,4,16,8,3,0,36,64,0,18,2,3,17,3,3,11,4,2,2,6,2,10,13,4,3,0,3,11,34,1,11,1,1,17,9,3
2499,2,3,21,2,30,2,4,28,1,5,7,21,9,31,18,6,17,6,10,9,21,0,5,12,2,25,77,1,3,2,9,15,0,1,9,47,2,4,4,17,4,1,6,13,11,6,35,8,8,20,2,1,6,1,7,14,46,36,10,3,7,4,16,8,3,0,37,64,0,18,2,3,17,3,3,11,4,2,2,6,2,10,13,4,3,0,3,11,34,1,11,1,1,17,9,3
2500,2,3,21,2,30,2,4,29,1,5,7,21,9,31,18,6,17,6,10,10,21,0,5,12,2,25,77,1,3,2,9,15,0,1,9,46,2,4,4,17,4,1,6,13,11,6,35,8,8,21,2,1,6,1,7,14,46,36,10,3,7,4,16,8,3,0,37,64,0,18,2,3,18,3,3,11,4,2,2,6,2,10,13,4,3,0,3,11,34,1,11,1,1,17,9,3
2501,2,3,21,2,30,2,4,29,1,5,7,22,9,31,18,6,18,6,10,10,22,0,5,12,2,25,77,1,3,2,9,15,0,1,9,46,2,4,4,17,4,1,6,13,11,6,35,8,8,21,2,1,6,1,7,14,46,36,10,3,7,4,16,8,3,0,37,64,0,18,2,3,18,3,3,11,4,2,2,6,2,10,13,4,3,0,3,11,34,1,11,1,1,17,9,3
2502,2,3,21,2,29,2,4,29,0,5,7,22,9,31,18,6,18,6,10,10,22,0,5,12,2,25,76,1,3,2,9,15,0,1,9,46,2,4,4,17,4,1,6,13,11,6,35,8,8,21,2,1,6,1,7,15,46,36,10,4,7,4,16,8,3,0,37,63,0,18,2,3,18,3,3,11,4,2,2,6,2,10,13,4,3,0,3,11,34,1,11,1,1,17,9,3
2503,2,3,21,2,29,2,4,29,0,5,7,22,9,31,18,6,18,6,11,10,22,0,5,12,2,25,76,1,3,2,9,15,0,1,9,46,2,4,4,16,4,1,6,13,11,6,35,8,8,21,2,1,6,1,7,15,46,36,10,4,8,4,16,8,3,0,37,63,0,18,2,3,18,3,3,11,4,2,2,6,2,10,13,4,3,0,3,11,34,1,11,1,1,17,9,3
2504,2,3,21,2,29,2,4,29,0,5,7,22,9,31,18,6,17,6,11,10,21,0,5,12,2,26,76,1,3,2,9,15,0,1,9,46,2,4,4,16,4,1,6,13,11,6,35,8,8,21,2,1,6,1,7,15,46,36,10,4,8,4,16,8,3,0,37,63,0,18,2,3,18,3,3,10,4,2,2,6,2,10,13,3,3,0,3,11,34,1,11,1,1,17,9,3
2505,2,3,21,2,29,2,4,29,0,5,7,22,9,31,18,6,17,6,11,11,21,0,5,12,2,26,76,1,3,2,9,15,0,1,9,46,2,4,4,16,4,1,6,13,11,6,35,8,8,21,2,1,6,1,7,15,47,36,10,4,8,4,16,8,3,0,37,63,0,18,2,4,18,3,3,10,4,2,2,6,2,10,13,3,3,0,3,11,34,1,11,1,1,16,10,3
2506,2,3,21,2,29,2,4,29,0,5,7,22,9,31,18,6,17,6,11,11,21,0,5,12,2,26,76,1,3,2,9,15,0,1,9,46,2,4,4,16,4,1,5,13,11,6,35,8,8,21,2,1,6,1,7,15,45,36,10,4,8,4,16,8,3,0,37,62,0,18,2,4,18,3,3,10,4,2,2,6,2,10,13,3,3,0,3,11,32,1,11,1,1,16,10,3
2507,2,3,21,2,29,2,4,29,0,5,7,22,9,30,17,6,17,6,11,11,21,0,5,12,2,26,76,1,3,2,9,15,0,1,9,46,2,4,4,16,4,1,5,13,11,6,35,8,8,21,2,1,6,1,7,15,45,36,10,4,8,3,16,8,3,0,37,62,0,18,2,4,18,3,3,10,5,2,2,6,2,10,13,3,3,0,3,11,32,1,11,1,1,16,10,3
2508,2,3,21,2,29,2,4,29,0,5,7,22,9,30,17,6,17,6,11,11,21,0,4,12,2,26,76,1,3,2,10,15,0,1,9,46,2,4,4,16,4,1,5,13,11,6,35,8,8,21,2,1,6,1,7,15,47,36,10,4,8,3,16,9,3,0,37,62,0,18,2,4,18,3,3,10,5,2,2,6,2,10,13,3,3,0,3,11,32,1,11,1,1,16,10,3
2509,2,3,21,2,29,2,4,29,0,5,7,23,9,30,16,6,17,6,11,11,21,0,4,12,2,26,75,1,3,2,10,15,0,1,9,46,2,4,4,16,4,1,5,13,11,6,35,8,8,21,2,1,6,1,7,15,47,36,10,4,8,3,16,9,3,0,37,62,0,18,2,4,18,3,3,10,5,2,2,6,2,10,13,3,3,0,3,11,32,1,11,1,1,17,10,3
2510,2,3,21,2,29,2,4,29,0,5,7,23,9,30,16,6,17,6,11,11,21,1,4,12,2,26,75,1,3,2,10,15,0,1,9,46,2,4,4,16,4,1,5,13,11,6,35,8,8,21,2,1,6,1,7,15,47,36,10,4,8,3,15,9,3,0,37,62,0,18,2,4,18,3,3,10,5,2,2,6,2,10,13,3,3,0,3,11,32,1,11,1,1,17,10,3
2511,2,4,21,2,30,2,4,29,0,5,7,23,9,30,16,6,17,6,11,11,21,1,4,12,2,26,75,1,3,2,10,15,0,1,9,45,2,4,4,16,4,1,5,13,11,6,35,8,8,21,2,1,6,1,7,15,47,36,10,4,8,3,15,8,3,0,37,62,0,18,2,4,18,3,3,10,5,2,2,6,2,10,13,3,3,0,3,11,32,1,11,1,1,17,10,3
2512,2,4,21,2,30,2,4,28,0,5,7,23,8,30,16,6,18,6,11,11,21,1,4,12,2,26,76,1,3,2,10,15,0,1,9,44,2,4,4,16,4,1,5,13,11,6,35,8,8,21,2,1,6,1,7,15,47,36,10,4,8,3,15,8,3,0,37,62,0,17,2,4,18,3,3,10,5,2,2,6,2,10,13,3,3,0,3,11,32,1,11,1,1,17,10,3
2513,2,4,21,2,31,2,4,28,0,5,7,23,8,30,16,6,18,6,11,11,21,1,4,12,2,26,75,1,3,2,10,15,0,1,9,44,2,4,3,16,4,1,5,13,11,6,35,8,8,21,2,1,6,1,7,15,47,36,10,4,8,3,15,8,3,0,37,63,0,17,2,4,18,3,3,10,5,2,2,6,2,10,13,3,3,0,3,11,32,1,11,1,1,17,10,3
2514,2,4,21,2,31,2,4,28,0,5,7,23,8,30,17,6,17,6,11,11,21,1,4,12,2,26,75,1,3,2,10,15,0,1,9,43,2,4,3,16,4,1,5,13,11,6,35,8,8,21,2,1,6,1,7,15,47,36,10,4,8,3,15,9,3,0,37,64,0,17,2,4,18,3,3,10,5,2,2,6,2,10,13,3,3,0,3,11,32,1,11,1,1,17,10,3
2515,2,4,21,2,31,2,4,28,0,5,7,23,8,30,17,6,17,6,11,11,21,1,4,12,2,26,75,1,3,2,10,15,0,1,9,42,2,4,4,16,4,1,5,13,10,6,35,9,8,21,2,1,6,1,7,15,48,36,10,4,8,3,15,9,3,0,37,64,0,17,2,4,17,3,3,10,5,2,2,6,2,10,13,3,3,0,3,11,31,1,11,1,1,17,10,3
2516,2,4,21,2,31,2,4,28,0,5,7,23,9,30,17,6,17,6,11,11,21,1,4,11,2,25,75,1,3,2,10,15,0,1,9,42,2,4,4,16,4,1,5,13,10,6,35,9,8,22,2,1,6,1,7,15,48,36,10,4,8,3,15,9,3,0,37,64,0,17,2,4,17,3,3,10,5,2,2,6,2,9,13,3,3,0,3,11,31,1,11,1,1,17,10,3
2517,2,4,21,2,31,2,4,28,0,5,7,23,9,30,17,6,16,6,11,11,21,1,4,11,2,25,76,1,3,2,10,15,0,1,9,43,2,4,4,16,4,1,5,13,10,6,35,9,8,22,2,1,6,1,7,15,48,36,10,4,8,3,15,9,3,0,37,64,0,17,2,4,17,3,3,10,5,2,2,6,2,9,14,3,3,0,3,11,31,1,11,1,1,17,10,3
2518,2,4,21,2,31,2,4,28,0,5,7,24,9,30,17,6,17,6,11,11,21,1,4,11,2,25,77,1,3,3,10,15,0,1,8,43,2,4,4,16,4,1,5,13,10,6,35,10,8,22,2,1,6,1,7,15,48,36,10,4,8,3,15,9,3,0,37,65,0,17,2,4,17,3,3,10,5,2,2,6,2,9,14,3,3,0,3,11,31,1,11,1,1,18,10,3
2519,2,4,21,2,31,2,4,28,0,5,7,24,9,31,17,6,17,6,10,11,21,1,4,11,2,25,77,1,3,3,10,15,0,1,9,44,2,4,4,16,4,1,5,12,10,6,35,10,8,22,2,1,7,1,7,16,48,36,10,4,8,3,14,9,3,0,37,64,0,17,2,4,17,3,3,10,5,2,2,6,2,9,14,3,3,0,3,11,31,1,11,1,1,18,10,3
2520,2,4,21,2,31,2,4,28,0,5,7,24,9,31,17,6,17,6,10,11,21,1,4,11,2,25,77,1,3,3,10,15,0,1,9,43,2,4,4,16,4,1,5,12,10,6,35,10,8,22,2,1,7,1,7,16,48,36,11,4,8,3,14,9,3,0,38,64,0,17,2,4,18,3,3,10,5,2,2,6,2,9,14,3,3,0,3,11,31,1,11,1,1,18,10,3
2521,2,4,21,2,31,2,4,28,0,5,8,25,9,31,17,6,17,6,10,11,21,1,4,11,2,25,77,1,3,3,10,14,0,1,9,43,2,4,4,16,4,1,5,12,10,6,35,10,8,22,2,1,7,1,7,16,48,37,11,3,8,3,14,9,3,0,38,64,0,17,2,4,18,3,3,10,5,2,2,6,3,9,14,3,3,0,3,11,31,1,11,1,1,18,10,3
2522,2,4,21,2,31,2,5,28,0,5,8,26,9,31,17,6,17,6,10,11,21,1,4,11,2,25,77,1,3,3,10,14,0,1,9,43,2,4,4,16,4,1,5,12,10,6,35,10,8,22,2,1,7,1,7,16,48,37,11,3,8,3,14,9,3,0,37,64,0,17,2,4,18,3,3,10,5,2,2,6,3,9,14,3,3,0,3,11,31,1,11,1,1,18,10,3
2523,2,4,21,2,31,2,5,28,0,5,8,26,9,31,17,6,17,6,10,11,21,1,4,11,2,25,77,1,3,3,10,14,0,1,9,43,2,4,4,15,4,1,5,12,10,6,35,10,8,21,2,1,7,1,7,16,48,37,11,3,8,3,14,9,3,0,37,64,0,17,3,4,18,3,3,10,5,2,2,6,3,9,14,3,3,0,3,11,31,1,11,1,1,18,10,3
2524,2,4,21,2,31,2,5,28,0,5,8,26,9,30,17,6,17,6,10,11,21,1,4,11,2,24,77,1,3,3,10,14,0,1,9,43,2,4,4,15,4,1,5,12,10,6,35,10,8,21,2,1,7,1,7,16,48,37,11,3,8,3,14,9,3,0,37,64,0,18,3,4,18,3,3,10,5,2,2,6,3,8,14,3,3,0,3,11,31,1,11,1,1,18,10,3
2525,2,4,21,2,31,2,5,27,0,5,8,25,9,29,17,6,17,6,10,11,21,1,4,11,2,24,78,1,3,3,10,15,0,1,9,42,2,4,4,15,4,1,5,12,10,7,35,10,8,21,2,1,7,1,7,16,48,37,11,3,8,3,14,9,3,0,37,64,0,18,3,4,18,3,3,10,5,2,2,6,3,8,14,3,3,0,3,11,31,1,11,1,1,18,10,3
2526,2,4,21,2,32,2,5,27,0,5,8,25,9,29,17,6,17,6,10,11,21,1,4,11,2,24,78,1,3,3,10,14,0,1,9,43,2,4,4,15,4,1,5,12,10,7,35,10,8,21,2,1,7,1,7,16,48,38,11,3,8,3,14,9,3,0,37,65,0,18,3,4,18,3,3,10,5,2,2,6,3,8,14,3,3,0,3,11,31,1,12,1,1,18,10,3
2527,2,4,21,2,33,2,5,27,0,5,8,25,9,29,17,6,17,6,10,11,21,1,4,11,2,24,79,1,3,3,10,14,0,1,9,43,2,4,4,15,4,1,5,12,10,7,35,10,8,21,2,1,7,1,7,16,48,38,11,3,8,3,14,9,3,0,37,64,0,18,3,4,18,3,3,10,5,2,2,6,3,8,14,3,3,0,3,11,31,1,12,1,1,18,10,3
2528,2,4,21,2,33,2,5,27,0,5,8,25,9,29,17,6,17,6,10,11,22,1,4,11,2,24,79,1,3,3,10,14,0,1,9,44,2,4,4,15,4,1,5,12,10,7,34,10,8,21,2,1,7,1,7,16,48,38,11,3,8,3,14,9,3,0,37,64,0,18,3,4,18,3,3,10,5,2,2,6,3,8,14,3,3,0,3,11,31,1,12,1,1,18,10,3
2529,2,4,21,2,33,2,5,27,0,5,8,25,8,29,17,6,17,6,10,11,22,1,4,11,2,24,78,1,3,3,10,14,0,1,9,44,2,4,4,15,4,1,4,12,10,7,34,10,8,21,2,1,7,1,7,16,48,38,11,3,7,3,14,9,3,0,37,64,0,18,3,4,18,3,3,10,5,2,2,6,3,8,15,3,3,0,3,10,31,1,11,1,1,18,10,3
2530,2,4,21,2,33,2,5,27,0,5,8,25,8,29,17,6,17,6,10,11,23,1,4,11,2,24,78,1,3,3,10,14,0,1,10,45,2,4,4,15,4,1,4,12,10,7,34,10,8,21,2,1,7,1,7,16,48,39,11,3,7,3,14,9,3,0,37,64,0,18,3,4,18,3,3,10,5,2,2,6,3,8,15,3,3,0,3,10,31,1,11,1,1,18,10,3
2531,2,4,21,2,33,2,5,27,0,5,8,25,8,29,17,6,18,6,10,11,24,1,4,11,2,24,78,1,3,3,10,14,0,1,10,45,2,4,4,15,4,1,4,12,10,7,35,10,7,21,2,1,8,1,7,16,48,39,11,3,7,3,14,9,3,0,37,64,0,19,3,4,18,3,3,10,5,2,2,6,3,8,15,3,3,0,3,10,31,1,11,1,1,18,10,3
2532,2,4,21,2,33,2,5,27,0,5,8,25,8,29,17,6,18,6,10,11,24,1,4,11,2,24,78,1,3,3,10,13,0,1,10,46,2,4,4,15,4,1,4,12,10,7,35,10,7,21,2,1,8,1,7,15,49,39,11,3,7,3,14,9,3,0,37,64,0,19,3,4,18,3,3,10,5,2,2,6,3,8,15,3,3,0,3,10,31,1,11,1,1,18,10,3
2533,2,4,21,2,33,2,5,27,0,5,8,25,8,29,17,6,18,6,10,11,24,1,4,11,2,23,78,1,3,3,10,13,0,1,10,46,2,4,4,15,4,1,4,12,10,7,35,10,7,21,2,1,8,1,7,15,48,40,12,3,7,3,14,9,3,0,37,64,0,19,3,4,18,3,3,10,5,2,2,6,3,8,15,3,3,0,3,10,31,1,10,1,1,18,10,3
2534,2,4,21,2,33,2,5,27,0,5,8,25,8,29,16,6,19,6,10,11,24,1,4,11,2,23,78,1,3,3,10,13,0,1,10,46,2,4,4,15,4,1,4,11,10,7,35,10,6,21,2,2,8,1,7,15,48,40,12,3,7,3,14,9,3,0,37,64,0,19,3,4,18,3,3,10,5,2,2,6,3,8,15,3,3,0,3,10,30,1,9,1,1,18,10,3
2535,2,4,21,2,33,2,5,27,0,5,8,25,8,30,16,6,19,6,10,11,24,1,4,11,2,23,78,1,3,3,10,13,0,1,10,46,2,4,4,15,4,1,4,11,10,7,35,9,6,21,2,2,8,1,7,16,49,39,12,3,7,3,14,9,3,0,37,64,0,19,3,5,18,3,3,10,5,2,2,6,3,8,15,3,3,0,3,10,30,1,9,1,1,18,10,3
2536,2,4,21,2,32,2,5,28,0,5,8,25,8,30,16,6,19,6,10,11,24,1,4,11,2,23,78,1,3,3,10,13,0,1,10,46,2,4,4,15,4,1,4,10,10,7,35,9,6,21,2,2,8,1,7,16,50,38,12,3,7,3,14,9,3,0,38,64,0,19,3,5,18,3,3,10,5,2,2,6,3,8,15,3,3,0,3,10,30,1,9,1,1,18,10,3
2537,2,4,21,2,32,2,5,28,0,5,8,25,8,30,16,6,19,6,10,11,24,1,4,11,2,23,77,1,3,3,10,13,0,1,10,46,2,4,4,15,4,1,4,10,10,7,35,9,6,21,2,2,8,1,7,16,50,38,12,3,7,3,14,9,3,0,38,64,0,19,3,5,18,3,3,10,5,2,2,6,3,8,15,3,3,0,3,10,30,1,9,1,1,18,10,3
2538,2,4,21,2,32,2,5,28,0,5,8,25,8,30,16,6,19,6,10,11,24,1,4,11,2,23,77,1,3,3,10,13,0,1,10,46,2,4,4,15,4,1,4,10,10,7,35,9,6,21,2,2,8,1,7,16,49,38,12,3,7,3,13,9,3,0,38,64,0,19,3,5,18,3,3,10,5,2,2,6,3,8,15,3,2,0,3,10,30,1,9,1,1,18,10,3
2539,2,4,21,2,34,2,5,28,0,5,9,25,8,29,16,6,19,6,10,12,24,1,4,11,2,23,77,1,3,3,10,13,0,1,10,46,2,4,4,15,4,1,4,10,10,7,35,8,6,21,2,2,8,1,7,16,49,38,12,3,7,3,13,9,3,0,38,65,0,19,3,5,18,3,3,10,5,2,2,6,3,8,14,3,2,0,3,10,30,1,9,1,1,19,10,3
2540,2,4,21,2,34,2,5,28,0,6,9,25,8,29,16,6,19,6,10,12,25,1,4,11,2,23,78,1,3,3,10,13,0,1,10,46,2,4,4,15,4,1,4,10,10,7,36,8,6,21,2,2,8,1,7,16,49,38,12,3,7,3,13,10,3,0,38,65,0,19,3,5,18,3,3,10,5,2,2,6,3,8,14,3,2,0,3,10,30,1,9,1,1,19,10,3
2541,2,4,21,2,34,2,5,28,0,6,9,25,8,29,15,6,19,6,11,12,25,1,4,11,2,23,78,1,3,3,11,13,0,1,10,46,2,4,4,15,4,1,4,10,10,7,36,8,6,22,2,2,8,1,7,16,49,38,12,3,7,3,13,10,3,0,38,65,0,20,3,5,18,3,4,10,5,2,2,6,3,8,14,3,2,0,3,11,30,1,9,1,1,19,11,3
2542,2,4,20,2,34,2,5,28,0,6,9,25,8,29,15,6,19,6,11,12,25,1,4,11,2,23,78,1,3,3,11,13,0,1,10,46,2,4,4,15,4,1,4,10,10,7,36,8,6,22,2,2,8,1,7,16,49,39,12,3,7,3,13,10,3,0,38,65,0,20,3,5,18,3,4,10,5,2,2,6,3,8,14,3,2,0,3,11,30,1,9,1,1,19,11,3
2543,2,4,20,2,34,2,5,28,0,6,9,25,8,29,15,6,19,6,11,12,26,1,4,11,2,24,78,1,3,3,11,13,0,1,10,46,2,4,4,15,4,1,4,10,10,7,36,8,6,22,2,2,8,1,7,16,49,39,12,3,7,3,13,9,3,0,38,65,0,20,3,5,18,3,4,10,5,2,2,6,3,8,13,3,2,0,3,10,30,1,9,1,1,19,11,3
2544,2,4,19,2,34,2,5,28,0,6,9,25,8,29,15,6,19,6,11,12,26,1,4,11,2,24,78,1,3,3,11,13,0,1,10,46,2,4,4,15,4,1,4,10,10,7,36,8,6,22,2,2,8,1,7,16,49,39,12,3,7,3,13,9,3,0,39,65,0,20,3,5,18,3,4,10,5,2,2,6,3,8,13,3,2,0,3,10,30,1,9,1,1,19,11,3
2545,2,4,19,2,34,2,5,29,0,6,10,25,8,29,15,6,19,6,11,12,26,1,4,11,2,24,78,1,3,3,11,13,0,1,10,47,2,4,4,15,4,1,4,10,10,6,36,8,6,22,2,3,8,1,7,16,50,39,12,3,7,3,14,8,3,0,39,65,0,20,3,5,18,3,4,10,5,2,2,6,3,8,13,3,2,0,3,10,30,1,9,1,1,19,11,3
2546,2,4,19,2,34,2,5,29,0,6,10,25,8,29,15,6,20,6,11,12,27,1,4,11,2,24,78,1,3,3,11,13,0,1,10,47,2,4,4,15,4,1,4,10,10,6,36,8,6,22,2,3,8,1,7,16,50,39,11,3,7,3,14,8,3,0,40,65,0,20,3,5,18,3,4,10,5,2,2,6,3,8,13,3,2,0,3,11,30,1,9,1,1,19,11,3
2547,2,4,19,2,34,2,5,29,0,6,10,25,8,29,15,6,20,6,11,12,27,1,4,11,2,24,78,1,3,3,11,13,0,1,10,47,2,4,3,15,4,1,4,10,10,6,36,8,6,23,2,3,8,1,7,16,49,39,11,3,7,3,14,8,3,0,40,65,0,21,3,5,18,3,4,10,5,2,2,6,3,8,13,3,2,0,3,11,30,1,9,1,1,19,11,3
2548,2,4,19,2,34,2,5,29,0,6,10,25,8,29,15,6,21,6,11,12,27,1,4,11,2,24,78,1,3,3,11,13,0,1,10,47,2,4,3,15,4,1,5,10,10,6,36,8,6,23,2,3,8,1,7,16,50,40,11,3,7,3,14,8,3,0,40,65,0,20,3,5,18,3,4,10,5,2,2,6,3,8,13,3,2,0,3,11,30,1,9,1,1,19,11,3
2549,2,4,19,2,34,2,5,29,0,6,10,25,9,29,15,6,21,6,11,12,27,1,4,11,2,24,78,1,3,3,11,13,0,1,10,48,2,4,3,15,4,1,5,10,10,6,36,8,6,23,2,3,8,1,7,16,50,40,12,3,7,3,14,9,3,0,40,63,0,20,3,5,19,3,4,9,5,2,2,6,3,9,13,3,2,0,3,11,30,1,9,1,1,19,11,3
2550,2,4,19,2,34,2,5,29,0,6,10,25,9,29,15,6,21,6,11,12,27,1,4,11,2,24,79,1,3,3,11,13,0,1,10,48,2,4,3,15,4,1,5,10,10,6,36,8,6,23,2,3,8,1,7,16,50,40,12,3,7,3,15,9,3,0,40,62,0,20,3,6,19,3,4,10,5,2,2,6,3,9,13,3,2,0,3,11,30,1,9,1,1,19,11,3
2551,2,4,18,2,34,2,5,29,0,6,10,25,9,29,15,6,23,6,11,12,27,1,4,11,2,24,79,1,3,3,11,14,0,1,10,48,2,4,3,15,4,1,5,10,10,6,37,8,6,23,2,3,8,1,7,16,49,40,12,3,7,3,15,10,3,0,40,62,0,20,3,6,20,3,4,10,5,2,2,6,3,9,13,3,2,0,3,11,28,1,9,1,1,19,11,3
2552,2,4,18,2,34,2,5,29,0,6,10,25,9,29,15,6,23,6,11,12,27,1,4,11,2,23,79,1,3,3,11,14,0,1,10,48,2,4,3,15,4,1,5,10,10,6,37,8,6,24,2,3,8,1,7,16,49,40,12,3,7,3,16,10,3,0,40,63,0,20,3,6,20,3,4,10,5,2,2,6,3,9,13,3,2,0,3,12,28,1,9,1,1,19,11,3
2553,2,4,18,2,34,2,5,29,0,6,10,25,9,29,15,6,23,6,11,12,27,1,4,11,2,23,79,1,3,3,11,14,0,1,10,48,2,4,3,15,4,1,5,10,10,6,37,8,6,24,2,3,8,1,7,16,49,39,11,3,7,3,16,10,3,0,40,63,0,20,3,6,20,3,4,10,5,2,2,6,3,9,13,3,2,0,3,12,28,1,9,1,1,19,11,3
2554,2,4,18,2,34,2,5,29,0,6,10,25,9,29,15,6,22,6,11,12,27,1,4,11,2,23,79,1,3,3,11,14,0,1,10,48,2,4,3,15,4,1,5,9,10,6,37,8,6,24,2,3,8,1,7,16,49,40,12,3,7,3,16,10,3,0,40,63,0,20,3,6,20,3,4,11,5,2,2,6,3,9,13,3,2,0,3,12,28,1,9,1,1,19,11,3
2555,2,4,18,2,34,2,5,29,0,6,10,25,9,29,15,6,22,6,11,12,27,1,4,11,2,23,79,1,3,3,11,14,0,1,10,48,2,4,3,15,4,1,5,9,10,6,38,8,6,24,2,3,8,1,7,16,49,40,12,3,7,3,16,10,3,0,40,64,0,20,3,6,20,3,4,11,5,2,2,6,3,9,12,3,2,0,3,12,28,1,9,1,1,19,11,3
2556,2,4,18,2,33,2,5,29,0,6,10,25,9,29,15,6,22,6,11,12,27,1,4,11,2,23,79,1,3,3,11,14,0,1,10,48,2,4,3,15,4,1,5,8,10,6,38,8,6,24,2,3,8,1,7,16,49,40,12,3,7,3,16,10,3,0,40,64,0,20,3,6,20,3,4,11,5,2,2,6,3,9,12,3,2,0,3,12,28,1,9,1,1,19,11,3
2557,2,4,17,2,33,2,5,29,0,6,10,25,9,28,15,6,22,6,11,12,27,1,4,11,2,24,79,1,3,3,11,14,0,1,10,48,2,4,3,15,4,1,5,8,10,6,38,8,6,25,2,3,8,1,8,16,49,40,12,3,7,3,15,10,3,0,40,62,0,20,3,6,21,3,4,11,5,2,2,6,3,8,12,3,2,0,3,12,28,1,8,1,1,19,11,3
2558,2,4,17,2,33,2,5,29,0,5,10,25,10,28,15,6,22,6,11,11,27,1,4,11,2,24,78,1,3,3,11,14,0,1,10,49,2,4,3,15,4,1,5,8,9,6,37,8,6,25,2,3,8,1,8,16,49,40,12,3,7,3,15,11,3,0,40,62,0,20,3,6,21,3,4,11,5,2,2,6,3,8,12,3,2,0,3,12,28,1,9,1,1,19,11,3
2559,2,4,17,3,33,2,5,28,0,5,10,25,10,28,15,6,22,6,11,11,27,1,4,11,2,24,78,1,3,3,11,14,0,1,10,49,2,4,3,15,4,1,5,8,9,6,37,8,6,25,2,3,8,1,8,16,49,40,12,3,7,2,15,11,3,0,40,62,0,21,3,6,21,3,4,11,5,2,2,6,3,8,12,3,2,0,3,12,28,1,9,1,2,19,11,3
2560,2,4,17,3,33,2,5,28,0,5,10,25,10,27,15,6,22,6,11,11,26,1,4,11,2,24,78,1,3,3,11,14,0,1,10,49,2,4,3,15,4,1,5,8,9,6,37,8,6,25,2,3,8,1,8,16,49,40,12,3,7,2,15,11,3,0,40,62,0,21,3,6,21,3,4,11,5,2,2,6,3,8,12,3,2,0,3,12,28,1,9,1,2,19,11,3
2561,2,4,17,3,33,2,5,28,0,5,10,25,10,27,15,6,22,6,11,11,26,1,4,11,2,24,78,1,3,3,11,13,0,1,10,48,1,4,3,15,4,1,5,8,9,6,37,8,6,25,2,3,8,1,8,16,49,40,12,3,7,2,15,11,3,0,40,62,0,21,3,6,21,3,4,11,5,2,2,6,3,8,12,3,2,0,3,12,28,1,10,1,2,19,11,3
2562,2,4,17,3,33,2,5,28,0,5,10,25,10,27,15,6,23,6,11,11,26,1,4,11,2,24,78,1,3,3,11,13,0,1,10,48,1,4,3,15,4,1,5,8,9,6,37,8,6,25,2,3,8,1,8,16,49,40,12,3,7,2,15,11,3,0,40,62,0,21,3,6,21,3,4,11,5,2,2,5,3,8,12,3,2,0,3,12,28,1,10,1,2,19,11,3
2563,2,4,17,3,33,2,5,28,0,5,10,25,10,27,15,6,22,6,11,11,26,1,4,11,2,24,78,1,2,3,12,13,0,1,10,48,1,4,3,15,4,1,5,6,9,6,37,8,6,25,2,3,8,1,7,16,49,40,12,3,7,2,15,11,3,0,40,62,0,22,3,6,21,3,4,11,5,2,2,5,3,8,12,3,2,0,3,12,28,1,10,1,2,19,11,3
2564,2,4,17,3,33,2,5,28,0,5,10,25,10,27,15,6,22,6,11,11,26,1,4,11,2,24,78,1,2,3,12,13,0,1,10,49,1,4,3,15,4,1,5,6,9,6,37,8,6,25,2,3,8,1,7,16,49,40,12,3,7,2,15,11,3,0,40,61,0,22,3,6,21,3,4,11,5,2,2,5,3,8,12,3,2,0,3,12,28,1,10,1,2,19,11,3
2565,2,4,17,3,33,2,5,28,0,5,10,25,10,27,14,6,22,6,11,10,26,1,4,11,2,24,78,1,2,3,12,13,0,0,10,49,1,4,3,15,4,1,5,6,9,6,36,8,6,25,2,3,8,1,7,16,49,40,12,3,7,2,15,11,3,0,40,61,0,22,3,6,19,3,4,11,5,2,2,5,3,8,12,3,2,0,3,12,29,1,10,1,2,18,11,3
2566,2,4,17,3,33,2,5,28,0,5,10,25,10,27,14,6,22,6,11,10,26,1,4,10,2,24,78,1,2,3,11,13,0,0,10,49,1,4,3,15,4,1,5,6,9,6,36,8,5,25,2,3,8,1,7,16,49,40,12,3,7,2,15,11,3,0,40,61,0,22,3,6,19,3,4,11,5,2,2,5,3,8,12,3,2,0,3,12,29,1,10,1,2,18,11,3
2567,2,4,17,3,33,2,5,27,0,5,10,25,10,27,14,6,22,6,11,10,26,1,4,10,2,24,76,1,2,3,11,13,0,0,10,49,1,4,3,15,4,1,5,7,10,6,36,8,5,25,2,3,8,1,7,16,49,40,12,2,7,2,15,11,3,0,40,61,0,22,3,6,19,3,4,11,5,2,2,5,3,8,11,3,2,0,3,12,29,1,10,1,2,19,11,3
2568,2,4,17,3,32,2,5,27,0,5,9,25,10,27,14,6,22,6,11,10,26,1,4,10,2,24,76,1,2,3,11,13,0,0,10,49,1,4,3,15,4,1,5,7,10,6,36,8,5,25,2,3,8,1,7,16,49,40,12,2,7,2,15,11,3,0,40,61,0,22,3,6,20,3,4,11,5,2,2,5,3,8,11,3,2,0,3,12,29,1,10,1,2,18,11,3
2569,2,4,17,3,32,2,5,27,0,5,9,25,10,27,14,6,22,6,11,10,26,1,4,10,2,24,76,1,2,3,11,13,0,0,10,49,1,4,3,15,4,1,5,7,10,6,36,8,5,25,2,3,8,1,7,16,48,40,12,2,7,2,15,11,3,0,39,62,0,22,3,6,20,3,4,11,5,2,2,5,3,8,10,3,2,0,3,12,30,1,10,1,2,19,11,3
2570,2,4,17,3,32,2,5,27,0,5,9,25,10,27,14,6,22,6,11,10,26,1,4,10,2,24,76,1,2,3,11,13,0,0,10,50,1,4,3,15,4,1,5,7,10,6,35,8,5,25,2,3,8,1,7,16,48,39,12,2,8,2,15,11,3,0,39,61,0,22,3,6,20,3,3,11,5,2,2,5,3,8,10,3,2,0,3,12,30,1,10,1,2,19,11,3
2571,2,4,17,4,33,2,5,27,0,5,9,25,10,27,14,6,22,6,11,10,26,1,4,10,2,24,76,1,2,3,11,13,0,0,10,50,1,4,3,15,4,1,5,7,10,7,35,8,4,25,2,3,8,1,7,16,48,39,12,2,8,2,15,11,3,0,39,61,0,22,3,6,20,3,3,11,5,2,2,5,3,8,10,3,2,0,3,12,30,1,10,1,2,19,10,3
2572,2,4,17,4,33,2,5,27,0,5,9,25,10,27,14,6,22,6,11,10,26,1,4,10,2,24,76,1,2,3,11,13,0,0,10,50,1,4,3,15,4,1,5,7,10,7,35,7,4,25,2,3,8,1,7,16,48,39,12,2,8,2,15,11,3,0,38,61,0,22,3,6,20,3,4,11,5,2,2,5,3,8,10,3,2,0,3,12,30,1,10,1,2,18,10,3
2573,2,4,17,4,33,2,5,27,0,5,9,25,10,27,15,6,22,6,11,10,26,1,4,10,2,24,76,1,2,3,11,13,0,0,10,50,1,4,3,15,4,1,5,7,10,7,35,7,4,24,2,3,8,1,7,17,48,39,12,2,8,2,15,11,3,0,38,61,0,22,3,6,20,3,4,11,5,2,2,5,3,9,9,3,2,0,3,12,30,1,10,1,2,17,10,3
2574,2,4,17,4,33,2,5,27,0,5,9,25,10,26,15,6,22,6,11,10,26,1,4,10,2,24,76,1,2,3,11,13,0,0,10,50,1,4,3,15,4,1,5,7,10,7,35,7,4,24,2,3,8,1,7,17,48,38,12,2,8,2,15,11,3,0,37,61,0,22,3,6,21,3,4,11,5,2,2,5,3,9,9,3,2,0,3,12,30,1,10,1,2,17,10,3
2575,2,4,17,4,33,2,5,27,0,5,9,25,10,26,15,6,22,6,11,10,25,1,4,10,2,24,76,1,2,3,11,13,0,0,10,52,1,4,3,14,4,1,5,7,10,7,35,7,4,23,2,3,8,1,7,17,48,38,12,2,8,2,15,11,3,0,37,61,0,22,3,6,21,3,4,11,5,2,2,5,3,9,9,3,2,0,3,12,30,1,10,1,2,17,10,3
2576,2,4,17,4,33,2,5,27,0,5,9,25,10,26,15,6,22,6,11,10,25,1,4,10,2,24,76,1,2,3,11,13,0,0,10,52,1,4,3,14,4,1,5,7,10,7,35,7,4,23,2,3,8,1,7,17,47,38,12,2,8,2,15,11,3,0,37,61,0,22,3,6,21,3,4,11,5,2,2,5,3,9,10,3,2,0,3,12,30,1,10,1,2,17,11,3
2577,2,4,17,4,33,2,5,27,0,5,9,25,9,26,15,6,22,6,11,10,24,1,4,10,2,24,74,1,2,3,11,13,0,0,10,51,1,4,3,14,4,1,5,7,10,7,35,8,4,23,2,3,8,1,7,17,47,37,12,2,8,2,15,11,3,0,37,61,0,22,3,6,21,3,4,11,6,2,2,5,3,9,10,3,2,0,3,12,30,1,10,1,2,17,11,3
2578,2,4,16,4,33,2,5,27,0,5,9,25,9,26,16,6,22,6,11,11,24,1,4,10,2,24,73,1,2,3,11,13,0,0,11,51,1,5,3,14,4,1,5,7,10,7,35,8,4,23,2,3,8,1,7,17,47,37,12,2,8,2,15,11,3,0,37,61,0,22,3,6,21,3,4,11,6,2,2,5,3,9,10,3,2,0,3,12,30,1,10,1,2,16,11,3
2579,2,4,16,4,33,2,5,27,0,5,9,25,9,26,16,6,23,6,11,11,24,1,4,10,2,24,73,1,2,3,11,13,0,0,11,51,1,5,3,14,4,1,5,7,10,7,35,8,4,23,2,3,8,1,7,17,47,37,11,2,8,2,15,11,3,0,37,60,0,22,3,6,21,3,4,11,6,2,2,4,3,9,10,3,2,0,3,12,30,1,10,1,2,16,11,3
2580,2,4,16,4,33,2,5,27,0,5,9,25,9,25,15,6,23,6,11,11,24,1,4,10,2,24,73,1,2,3,11,13,0,0,11,51,1,5,3,14,4,1,5,7,10,7,35,8,4,22,2,3,8,1,7,17,48,37,11,2,8,2,15,11,3,0,38,60,0,22,3,6,21,3,4,11,6,2,2,4,3,9,10,3,2,0,3,12,30,1,10,1,2,16,11,3
2581,2,4,16,4,33,2,5,27,0,5,9,25,9,25,15,6,23,6,11,11,25,1,4,10,2,24,73,1,2,3,11,13,0,0,11,51,1,5,3,14,4,1,5,7,10,7,34,8,4,22,2,3,8,1,7,17,48,37,11,2,8,2,15,12,3,0,38,60,0,22,3,6,21,3,4,11,6,2,2,4,3,10,10,3,2,0,3,12,30,1,10,1,2,16,11,3
2582,2,4,16,4,34,2,5,27,0,5,9,25,9,25,15,6,23,6,11,12,25,1,4,10,2,24,73,1,2,3,11,13,0,0,11,51,1,5,3,14,4,1,5,7,10,7,36,8,4,22,2,3,9,1,7,17,48,37,11,2,8,2,15,12,3,0,38,61,0,22,3,6,21,3,4,11,6,2,2,4,3,9,10,3,2,0,3,12,30,1,10,1,2,16,11,3
2583,2,4,16,4,34,2,6,26,0,5,9,25,9,25,15,6,23,6,11,12,25,1,4,10,2,24,73,1,2,3,11,13,0,0,11,52,1,5,3,14,4,1,5,7,10,7,36,8,4,22,2,3,9,1,7,17,48,37,11,2,8,2,15,12,3,0,38,61,0,22,3,6,22,3,4,11,6,2,2,4,3,9,10,3,2,0,3,12,30,1,10,1,2,16,11,3
2584,2,4,16,4,33,2,6,26,0,5,9,25,8,25,15,6,23,6,11,12,25,1,4,10,2,24,73,1,2,3,11,13,0,0,11,52,1,5,3,14,4,1,5,7,10,7,35,7,4,22,2,3,9,1,7,17,48,37,11,2,8,2,16,13,3,0,38,61,0,22,3,6,22,3,4,11,6,2,2,4,3,9,10,3,2,0,3,12,30,1,9,1,2,16,11,3
2585,2,4,16,4,33,2,6,26,0,5,8,25,8,25,16,6,23,6,11,12,25,1,4,10,2,24,73,1,2,3,11,13,0,0,11,52,1,5,3,14,4,1,5,7,10,7,35,8,4,22,2,3,9,1,7,17,48,37,11,2,8,2,16,13,3,0,38,61,0,22,3,6,22,3,4,11,6,2,2,4,3,9,10,3,2,0,3,13,30,1,9,1,2,16,11,3
2586,2,4,16,4,34,2,6,26,0,5,8,25,8,25,16,6,23,6,11,12,25,1,4,10,2,24,73,1,2,3,11,13,0,0,11,52,1,5,3,14,4,1,5,7,10,7,34,8,4,22,2,3,9,1,7,17,48,37,11,2,8,2,16,13,3,0,38,60,0,22,3,6,22,3,4,11,6,2,2,4,3,9,10,3,2,0,3,13,30,1,9,1,2,16,11,3
2587,2,4,16,4,34,2,6,26,0,5,8,25,8,25,16,6,23,6,11,12,25,1,4,10,2,24,73,1,2,3,11,13,0,0,11,52,1,5,3,14,4,1,5,7,10,7,34,8,4,22,2,3,9,1,7,17,48,37,11,2,8,2,16,13,3,0,38,59,0,22,3,6,22,3,4,10,6,2,2,4,3,9,10,3,2,0,3,13,30,1,9,1,2,16,11,3
2588,2,4,16,4,34,2,6,26,0,5,8,25,8,25,16,6,23,6,11,12,25,1,4,10,2,24,73,1,2,3,11,13,0,0,10,52,1,5,3,14,5,1,5,7,10,7,34,8,4,22,2,3,8,1,7,17,48,37,11,2,8,2,16,13,3,0,37,59,0,22,3,7,22,3,4,10,6,2,2,4,3,9,10,3,2,0,3,13,30,1,9,1,2,16,11,3
2589,2,4,16,4,34,2,6,26,0,5,8,25,8,25,16,6,23,6,11,12,25,1,4,10,2,24,73,1,2,3,11,13,0,0,10,52,1,5,3,14,5,1,5,7,10,7,34,8,4,22,2,3,8,1,6,17,49,37,11,2,8,2,16,13,3,0,37,59,0,22,3,7,21,3,4,10,6,2,2,4,3,9,10,3,2,0,3,13,30,1,9,1,2,16,11,3
2590,2,4,16,4,34,2,6,26,0,5,8,25,8,25,16,6,23,6,11,12,25,1,4,10,2,24,73,1,2,3,11,13,0,0,10,53,1,5,3,14,5,1,5,7,10,7,34,8,4,22,2,3,8,1,6,17,49,37,11,2,8,2,16,13,3,0,37,59,0,23,3,7,21,3,4,10,6,2,2,4,3,9,10,3,2,0,3,13,30,1,9,1,2,16,11,3
2591,2,4,16,4,34,2,6,26,0,5,8,25,8,25,16,6,23,6,11,12,25,1,4,10,2,24,73,1,2,3,11,13,0,0,10,53,1,5,3,14,5,1,5,7,10,7,34,8,4,22,2,3,8,1,6,17,49,37,11,2,8,2,16,13,3,0,37,59,0,23,3,7,21,3,4,9,6,2,2,4,3,9,10,3,2,0,3,14,30,1,9,1,2,16,11,3
2592,2,4,16,4,35,2,6,26,0,5,8,25,8,25,16,6,23,7,11,12,25,1,4,10,2,24,73,1,2,3,12,13,0,0,10,53,1,5,3,14,5,1,5,7,11,7,34,8,4,22,2,3,8,1,6,17,49,37,11,2,8,2,16,13,3,0,37,58,0,23,3,7,21,3,4,9,6,2,2,4,3,8,10,3,2,0,3,14,29,1,9,1,2,16,11,3
2593,2,4,16,4,35,2,6,26,0,5,8,25,8,25,16,6,23,7,11,12,25,1,4,10,2,24,73,1,2,3,12,13,0,0,10,53,1,5,3,14,5,1,5,7,11,7,34,8,4,22,2,3,8,1,6,17,49,37,11,2,8,2,16,13,3,0,37,58,0,23,3,7,21,3,4,9,6,2,2,4,3,8,10,3,2,0,3,14,29,1,9,1,2,16,11,3
2594,2,4,16,4,36,2,6,26,0,5,8,25,8,25,16,6,23,7,11,12,25,1,4,10,2,24,72,1,2,3,12,12,0,0,10,54,1,5,3,14,5,1,5,7,11,7,34,8,4,22,2,3,8,1,6,17,49,37,11,2,8,2,16,13,3,0,37,58,0,23,3,7,21,3,4,9,6,2,2,4,3,8,10,3,2,0,3,14,29,1,9,1,2,16,12,3
2595,2,4,16,4,34,2,6,26,0,5,8,25,8,24,16,6,23,7,11,12,25,1,4,10,2,24,72,1,2,3,12,12,0,0,10,54,1,5,3,14,5,1,5,7,11,7,34,8,4,22,2,3,7,1,6,17,49,37,11,2,8,2,16,13,3,0,37,58,0,23,3,7,21,3,4,9,6,2,2,4,3,8,11,3,2,0,3,14,29,1,9,1,2,16,12,3
2596,2,4,16,4,34,2,6,26,0,5,8,25,8,24,16,6,23,7,11,12,25,1,4,10,2,24,72,1,2,3,12,12,0,0,10,54,1,5,3,14,5,1,5,7,10,7,35,8,4,22,2,3,8,1,6,17,49,38,11,2,8,2,16,13,3,0,36,59,0,23,3,7,20,3,4,9,6,2,2,5,3,8,11,3,2,0,3,14,29,1,9,1,2,16,12,3
2597,2,4,17,4,35,2,6,25,0,5,8,25,8,24,16,6,23,7,11,12,25,1,4,10,2,24,72,1,2,3,12,12,0,0,11,54,1,5,3,13,5,0,5,7,10,7,34,8,4,22,2,3,8,1,6,17,48,38,11,2,8,2,16,13,3,0,36,59,0,23,3,7,20,3,4,9,6,2,2,5,3,8,11,3,2,0,3,15,29,1,9,1,2,16,12,3
2598,2,4,17,4,35,2,6,25,0,5,8,25,8,24,16,6,23,7,11,12,25,1,4,10,2,24,72,1,2,3,12,12,0,0,11,54,1,5,3,13,5,0,5,7,10,7,34,8,4,23,2,3,8,1,6,17,49,38,11,2,8,2,16,13,3,0,36,59,0,23,3,7,19,3,4,9,6,2,2,5,3,8,11,3,2,0,3,15,29,1,9,1,2,16,12,3
2599,2,4,17,4,35,2,6,26,0,5,8,25,8,24,16,6,23,7,11,12,25,1,4,9,2,24,72,1,2,3,12,12,0,0,11,54,1,5,3,13,5,0,5,7,10,7,34,8,4,23,2,3,8,1,6,17,49,38,11,2,8,2,16,13,3,0,36,59,0,23,3,7,19,2,4,9,6,2,2,5,3,8,11,3,2,0,3,15,29,1,10,1,2,16,13,3
2600,2,4,17,4,35,2,6,26,0,5,8,25,8,24,16,6,23,7,11,12,25,1,4,9,2,24,72,1,2,3,12,12,0,0,11,54,1,5,3,13,5,0,5,7,10,7,34,8,4,23,2,3,8,1,6,16,49,36,11,3,8,2,16,13,3,0,36,59,0,23,3,7,19,2,4,9,6,2,2,5,3,8,11,3,2,0,3,15,29,1,10,1,2,16,13,3
2601,2,3,17,4,34,2,6,26,0,5,8,25,8,24,16,6,23,7,11,12,25,1,4,9,2,25,72,1,2,3,12,12,0,0,11,53,1,5,3,13,5,0,5,7,10,7,34,8,4,23,2,2,8,1,6,16,49,36,10,3,8,2,16,13,3,0,36,59,0,23,3,7,19,2,4,9,6,2,2,5,3,8,11,3,2,0,3,15,29,1,10,1,2,17,13,3
2602,2,3,17,4,34,2,6,26,0,5,8,25,9,24,16,6,23,7,11,12,25,1,4,9,2,25,72,1,2,3,12,12,0,0,11,52,1,5,3,13,5,0,5,7,10,7,34,8,4,23,2,2,8,1,6,16,49,36,10,3,8,2,16,13,3,0,36,59,0,23,3,7,19,2,4,9,6,2,2,5,3,9,11,3,2,0,3,15,29,1,10,1,2,17,13,3
2603,2,3,17,4,33,2,6,26,0,5,8,25,9,24,16,6,23,7,11,12,26,1,4,9,2,25,72,1,2,3,11,11,0,0,11,52,1,5,3,13,5,0,5,6,10,7,35,8,4,23,2,2,8,1,6,16,49,35,10,3,8,2,16,13,3,1,36,59,0,23,3,7,19,2,4,9,6,2,2,5,3,9,11,3,2,0,3,15,29,1,10,1,2,17,13,3
2604,2,3,17,4,33,2,6,26,0,5,9,25,9,24,16,6,23,7,11,12,26,1,4,9,2,25,72,1,2,3,11,12,0,0,11,52,1,5,3,12,5,0,5,6,10,7,35,8,4,23,2,2,8,1,6,16,50,35,10,3,8,2,16,13,3,1,36,59,0,23,3,7,19,2,4,9,6,2,2,5,3,9,11,3,2,0,3,15,29,1,10,1,2,18,13,3
2605,2,3,17,4,33,2,6,26,0,5,9,25,9,23,16,6,23,7,11,12,26,1,4,9,2,25,71,1,2,3,11,12,0,0,11,52,1,5,3,12,6,0,5,6,10,7,35,8,4,23,2,2,8,1,6,16,50,35,10,3,8,2,15,12,3,1,36,59,0,23,3,7,19,2,4,9,6,2,2,5,3,9,11,3,2,0,3,15,29,1,10,1,2,18,13,3
2606,2,3,17,4,33,2,6,26,0,5,9,25,9,23,16,6,24,7,11,13,26,1,4,9,2,25,70,1,2,3,11,12,0,0,11,52,1,5,3,12,6,0,5,6,10,7,35,8,4,23,2,2,8,1,6,16,50,35,10,3,8,2,14,12,3,1,35,58,0,23,3,7,19,2,4,9,6,2,2,5,3,9,12,3,2,0,3,15,29,1,10,1,2,18,13,3
2607,2,3,17,4,33,2,6,26,0,5,9,25,10,23,16,6,24,7,11,13,26,1,4,9,2,25,70,1,2,3,11,13,0,0,11,51,1,5,3,12,6,0,5,7,10,7,35,8,4,23,2,2,8,1,6,16,50,35,10,3,8,2,13,12,3,1,35,58,0,23,3,7,19,2,4,9,6,2,2,5,3,9,12,3,3,0,3,15,29,1,10,1,2,18,13,3
2608,2,3,17,4,33,2,6,26,0,5,9,25,10,23,16,6,24,7,11,13,26,1,4,10,2,25,70,1,2,3,11,13,0,0,11,51,1,5,3,12,5,0,5,7,10,7,35,8,4,23,2,2,8,1,6,16,50,35,10,3,8,2,13,12,3,1,35,58,0,23,3,7,19,2,4,9,6,2,2,5,3,8,12,3,3,0,3,15,29,1,10,1,2,18,13,3
2609,2,4,17,4,33,2,6,26,0,5,9,25,10,23,16,6,24,7,11,13,26,1,4,10,2,25,71,1,2,3,11,13,0,0,11,51,1,5,3,12,5,0,5,7,10,7,36,8,4,23,2,2,8,1,6,16,49,35,10,3,8,2,13,11,3,1,35,58,0,23,3,7,19,2,4,9,6,2,2,5,3,8,12,3,3,0,3,15,29,1,10,1,2,18,13,3
2610,2,4,17,4,33,2,6,27,0,5,9,25,10,23,16,6,25,7,11,13,26,1,4,9,2,25,71,1,2,3,12,13,0,0,11,51,1,5,3,12,5,0,5,7,10,7,36,8,4,23,2,2,8,1,6,17,49,35,10,3,8,2,13,11,3,1,35,58,0,23,3,7,19,2,4,9,6,2,2,5,3,8,12,3,3,0,3,15,29,1,10,1,2,18,13,3
2611,2,4,17,4,34,2,6,27,0,5,9,25,10,23,17,6,25,7,11,13,26,1,4,9,2,24,71,1,2,3,12,13,0,0,11,51,1,5,3,12,5,0,5,7,10,7,36,8,4,23,2,2,8,1,6,17,49,35,10,3,8,2,13,11,3,1,35,58,0,23,3,7,19,2,4,9,6,2,2,5,3,8,12,3,3,0,3,15,29,1,10,1,2,18,13,3
2612,2,4,17,4,34,2,6,27,0,5,9,25,10,23,17,7,25,7,11,12,26,1,4,9,2,24,71,1,2,3,13,13,0,0,11,51,1,5,3,12,5,0,5,8,10,7,36,8,4,23,2,2,8,1,6,17,49,35,10,3,8,2,13,11,3,1,35,57,0,23,3,7,19,2,4,9,6,2,2,5,3,8,12,3,3,0,3,15,29,1,10,1,2,18,13,3
2613,2,4,17,4,34,2,6,27,0,5,9,24,10,22,17,7,25,6,11,12,26,1,4,9,2,24,70,1,2,3,13,13,0,0,11,50,1,5,3,12,5,0,5,8,10,7,36,8,5,23,2,2,8,1,6,17,49,35,10,3,8,2,13,11,3,1,35,58,0,23,3,7,19,2,4,9,6,2,2,5,3,8,12,3,3,0,3,15,29,1,10,1,2,17,13,3
2614,2,4,17,4,34,2,6,27,0,5,8,24,10,22,17,7,25,6,11,12,26,1,4,9,2,24,70,1,2,3,13,13,0,0,11,50,1,5,3,12,5,0,5,8,10,7,36,8,5,23,2,2,8,1,6,17,49,35,10,3,8,2,13,11,3,1,35,58,0,23,3,7,19,2,4,9,6,2,2,5,3,8,12,3,3,0,3,15,29,1,10,1,2,17,13,3
2615,2,4,17,4,34,2,6,27,0,5,8,24,10,22,17,7,25,6,11,12,26,1,4,9,2,24,72,1,2,3,14,13,0,0,11,50,1,5,3,12,5,0,4,9,10,7,36,8,5,23,2,2,8,1,6,17,49,34,10,3,8,2,13,12,3,1,34,58,0,23,3,7,19,2,4,9,6,2,2,5,3,8,12,3,3,0,3,15,29,1,10,1,2,17,13,3
2616,2,4,17,4,34,2,6,27,0,5,8,24,10,22,17,7,25,6,11,12,25,1,4,9,2,24,72,1,1,3,14,13,0,0,11,49,1,5,4,12,5,0,4,9,10,7,36,8,5,24,2,2,8,1,6,17,48,34,10,3,8,2,13,12,3,1,34,58,0,23,3,7,18,2,4,9,6,2,2,5,3,8,12,3,3,0,3,15,29,1,10,1,2,17,13,3
2617,2,4,17,4,34,2,6,27,0,5,8,24,10,22,17,7,25,6,11,12,25,1,4,9,2,24,71,1,1,3,14,12,0,0,11,49,1,5,4,12,5,0,4,9,10,7,36,8,5,24,2,2,8,1,6,17,48,34,10,3,8,2,13,12,3,1,34,58,0,23,3,7,18,2,4,9,6,1,2,5,3,8,12,3,4,0,3,15,29,1,10,1,2,18,13,3
2618,2,4,17,4,35,2,6,27,0,5,7,24,10,22,17,7,26,6,11,12,25,1,4,9,2,24,71,1,1,3,14,12,0,0,11,48,1,5,4,12,5,0,4,9,10,7,36,8,5,23,2,2,8,1,7,17,48,33,10,3,8,2,13,12,3,1,35,58,0,22,3,7,18,2,4,9,6,1,2,5,3,8,12,3,4,0,3,15,29,1,10,1,2,18,13,3
2619,2,4,17,4,35,2,6,27,0,5,7,24,10,22,18,7,26,6,11,12,25,1,4,9,2,24,71,1,1,3,14,12,0,0,11,48,1,5,4,12,5,0,4,9,10,7,36,8,5,23,2,2,8,1,7,17,48,33,10,3,8,2,13,12,3,1,35,57,0,22,3,7,18,2,4,9,6,1,2,5,3,8,12,3,4,0,3,16,29,1,10,1,2,18,13,3
2620,2,4,17,4,35,2,6,27,0,5,7,24,10,22,18,8,26,6,11,12,25,1,4,9,2,24,71,1,1,3,15,12,0,0,11,48,1,5,4,12,5,0,5,9,10,7,36,8,5,23,2,2,8,1,7,17,48,33,10,3,8,2,13,12,3,1,35,57,0,23,3,7,18,2,5,9,6,1,2,5,3,8,12,3,4,0,3,16,29,1,10,1,2,18,13,3
2621,2,4,17,4,34,2,6,27,0,5,7,24,9,22,18,8,26,6,11,12,25,0,4,9,2,24,71,1,1,3,15,12,0,0,11,47,1,5,4,12,5,0,5,9,10,7,36,8,5,23,2,2,8,1,7,17,48,33,10,3,8,2,13,12,3,1,35,57,0,23,3,7,18,2,5,9,6,1,2,5,3,8,12,3,4,0,3,16,29,1,10,1,2,18,13,3
2622,2,4,17,4,34,2,6,27,0,5,7,24,10,22,18,8,26,6,11,12,25,0,3,9,2,24,70,1,1,3,15,12,0,0,11,47,1,5,4,12,5,0,5,9,10,7,35,8,5,23,2,2,8,1,7,17,48,33,10,3,8,2,13,12,3,1,35,57,0,23,3,7,18,2,5,9,6,1,2,5,3,8,12,3,4,0,3,16,29,1,10,1,2,18,13,3
2623,2,4,17,4,34,2,6,27,0,5,7,24,10,21,18,8,27,6,11,12,25,0,3,9,2,24,70,1,1,3,15,12,0,0,11,47,1,5,4,13,5,0,5,9,10,7,35,9,5,23,2,2,8,1,7,17,48,33,10,3,8,2,13,12,3,1,35,56,0,23,4,7,18,2,5,9,6,1,2,5,3,8,12,3,4,0,3,16,29,1,10,1,2,18,13,3
2624,2,4,17,4,34,2,6,27,0,5,7,24,11,22,18,8,28,6,11,12,25,0,3,10,2,24,69,1,1,3,15,13,0,0,11,47,1,5,4,13,5,0,5,9,10,7,34,9,5,23,2,2,8,1,7,17,48,33,10,3,8,2,13,12,3,1,34,55,0,23,4,7,18,2,5,9,6,1,2,5,3,8,12,3,4,0,3,16,29,1,10,1,2,18,13,3
2625,2,4,17,4,34,2,6,28,0,5,7,23,11,22,18,8,28,6,11,12,25,0,3,10,2,24,69,1,1,3,15,13,0,0,11,47,1,5,4,13,5,0,5,9,10,7,34,9,5,23,2,2,8,1,7,18,48,34,10,4,8,2,13,12,3,1,34,55,0,23,5,7,18,2,5,9,6,1,2,5,3,8,12,2,4,0,3,16,29,1,10,1,2,18,13,3
2626,2,4,17,4,34,2,6,28,0,5,7,23,11,22,18,8,28,6,11,12,25,0,3,10,2,24,69,1,1,3,15,13,0,0,11,47,1,5,4,13,5,0,5,9,10,7,34,9,5,23,2,2,8,1,7,18,48,34,10,4,9,2,13,12,3,1,34,55,0,24,5,6,18,2,5,9,6,1,2,5,3,8,12,2,4,0,3,16,29,1,10,1,2,18,14,3
2627,2,4,17,4,34,2,6,28,0,5,7,23,11,22,18,8,28,6,11,13,25,0,3,10,2,24,69,1,1,3,15,13,0,0,11,47,1,5,4,14,5,0,5,9,10,7,34,9,5,23,2,2,8,1,7,19,48,34,10,4,9,2,13,12,3,1,34,55,0,24,5,6,18,2,5,9,6,1,2,5,3,7,12,2,4,0,3,16,29,1,10,1,2,19,14,3
2628,2,4,17,4,34,2,6,28,0,5,7,23,11,22,18,8,28,6,11,13,25,0,3,10,2,24,69,1,1,3,15,13,0,0,11,47,1,5,4,15,5,0,5,9,10,7,34,9,5,23,2,2,8,1,7,19,48,34,10,4,9,2,13,13,3,1,34,55,0,24,5,6,18,2,5,9,6,1,2,5,3,7,12,2,4,0,3,16,29,1,10,1,2,19,14,3
2629,2,5,17,4,34,2,6,28,0,6,7,23,11,22,18,8,28,6,11,13,25,0,3,10,2,24,69,1,1,3,15,13,0,0,11,48,1,5,4,15,5,0,5,9,10,7,34,9,5,23,2,2,8,1,7,19,48,34,10,4,9,2,13,14,3,2,34,55,0,24,5,6,18,2,5,9,6,1,2,5,3,7,12,2,4,0,3,16,28,1,10,1,2,19,14,3
2630,2,5,17,4,34,2,6,28,0,6,7,23,12,22,18,8,28,6,11,13,25,0,3,10,2,25,69,1,1,3,15,13,0,0,11,48,1,5,4,15,5,0,5,9,10,7,34,9,5,23,2,2,8,1,7,19,49,34,11,4,9,2,13,14,3,2,33,55,0,24,5,6,18,2,5,9,6,1,2,5,3,7,12,2,4,0,3,16,28,1,10,0,2,19,14,3
2631,2,5,17,4,35,2,6,28,0,6,7,23,12,22,18,8,28,6,11,13,25,0,3,10,2,25,68,1,1,3,15,13,0,0,11,48,1,5,4,15,5,0,5,9,10,7,33,9,5,23,2,2,8,1,7,19,49,34,11,4,9,2,13,14,3,2,33,55,0,24,5,6,18,2,5,9,6,1,2,5,3,7,12,2,4,0,3,16,28,1,11,0,2,19,14,3
2632,2,5,17,4,35,2,6,28,0,6,7,23,12,22,18,8,28,6,10,13,25,0,3,10,2,25,68,1,1,3,15,13,0,0,11,48,1,5,5,15,5,0,5,9,10,7,33,9,5,23,2,2,8,0,7,19,49,33,11,4,9,2,13,15,3,2,33,56,0,23,4,6,18,2,5,9,6,1,2,5,3,7,12,2,4,0,3,16,28,1,11,0,2,19,15,3
2633,2,5,17,4,35,2,6,28,0,6,7,23,12,22,18,8,28,6,10,13,25,0,3,10,2,25,68,1,1,3,16,13,0,0,11,48,1,5,5,15,5,0,5,9,10,7,33,9,5,23,2,2,8,0,7,19,49,32,11,4,9,2,13,15,3,2,33,56,0,23,4,6,18,2,5,9,6,1,2,5,3,7,12,2,4,0,3,16,28,1,11,0,2,17,15,3
2634,2,5,17,4,34,2,6,28,0,6,7,23,12,22,18,8,28,6,10,13,25,0,3,10,2,25,68,1,1,3,16,13,0,0,11,48,1,5,5,15,5,0,5,9,10,7,33,9,5,23,2,2,8,0,7,19,49,32,11,3,9,2,13,15,3,2,33,56,0,23,4,6,18,2,5,9,6,1,2,5,3,7,12,2,4,0,3,16,28,1,11,0,2,17,15,3
2635,2,5,17,4,34,2,6,28,0,6,7,23,12,22,18,8,28,6,10,13,25,0,3,10,2,24,68,1,1,3,16,13,0,0,11,48,1,5,5,15,5,0,5,9,10,7,33,9,5,23,2,2,8,0,7,19,49,32,11,3,9,2,12,15,3,2,33,56,0,23,4,5,18,2,5,9,6,1,2,5,3,7,12,2,4,0,3,16,28,1,11,0,2,17,15,3
2636,2,5,17,4,34,2,6,28,0,6,7,23,12,22,18,8,28,6,10,13,25,0,3,9,2,23,69,1,1,3,16,13,0,0,12,48,1,5,5,15,5,0,5,9,10,7,33,9,5,23,2,2,8,0,7,19,49,33,11,3,9,2,12,15,3,2,34,56,0,23,4,5,18,2,5,9,6,1,2,5,3,7,12,2,4,0,3,16,28,1,11,0,2,17,15,3
2637,2,5,17,4,34,2,6,27,0,6,7,23,12,22,20,8,27,6,10,13,25,0,3,9,2,23,68,1,1,3,16,13,0,0,12,48,1,5,5,15,5,0,5,8,10,7,33,9,5,23,2,2,8,0,7,19,49,33,11,3,9,2,12,15,2,2,34,57,0,23,4,5,18,2,5,9,6,1,2,5,3,7,12,2,4,0,3,16,28,1,11,0,2,17,15,3
2638,2,5,17,4,34,2,6,27,0,6,7,23,12,21,20,8,27,7,10,13,25,0,3,9,2,23,68,1,1,3,16,13,0,0,12,48,1,5,5,15,5,0,5,8,10,7,33,9,5,23,2,2,8,0,7,19,49,33,11,3,10,2,12,15,2,2,34,57,0,22,4,5,18,2,5,9,6,1,2,5,3,7,12,2,4,0,3,16,28,1,12,0,2,16,15,3
2639,2,5,17,4,34,2,6,27,0,6,7,23,12,21,21,8,27,7,10,13,26,0,3,9,2,23,68,1,1,3,16,13,0,0,12,48,1,5,5,15,5,0,5,8,10,7,33,9,5,23,2,2,8,0,7,19,49,33,11,3,10,2,12,15,2,2,34,58,0,22,4,5,18,2,6,9,6,1,2,5,3,7,13,2,4,0,3,16,28,1,13,0,2,16,15,3
2640,2,5,19,4,34,2,6,27,0,6,6,23,12,21,21,8,27,7,10,13,26,0,3,9,2,23,69,1,1,3,16,14,0,0,12,48,1,5,5,15,5,0,5,8,10,6,33,9,5,23,2,2,8,0,7,19,49,33,11,3,10,2,12,15,2,2,34,58,0,22,4,5,18,2,6,10,6,1,2,5,3,7,12,2,4,0,3,16,26,1,13,0,2,16,15,3
2641,2,5,20,4,34,2,6,27,0,6,6,23,12,21,21,8,27,7,10,13,27,0,3,9,2,23,69,1,1,3,16,15,0,0,12,48,1,5,5,15,5,0,5,8,10,6,33,9,5,23,2,2,8,0,7,20,49,32,11,3,10,2,12,15,2,2,34,58,0,22,4,5,18,2,6,10,6,1,2,5,3,7,11,2,4,0,3,16,26,1,13,0,2,16,15,3
2642,2,5,20,4,34,2,6,27,0,6,6,21,12,21,21,8,27,7,10,13,28,0,3,9,2,23,69,1,1,3,16,15,0,0,12,48,1,5,5,15,5,0,5,8,10,6,33,9,5,23,2,2,8,0,8,20,49,33,11,3,10,2,12,15,2,2,34,58,0,22,4,5,18,2,6,10,6,1,1,5,3,7,11,2,4,0,3,16,26,1,13,0,2,16,15,3
2643,2,5,20,4,33,2,7,28,0,6,6,21,12,21,21,8,27,7,10,13,28,0,3,9,2,23,69,1,1,3,16,15,0,0,12,48,1,5,5,15,5,0,5,8,10,6,33,9,5,23,2,2,8,0,8,20,49,33,11,3,10,2,12,15,2,2,34,58,0,22,4,5,18,2,6,10,6,1,1,5,3,7,11,2,4,0,3,16,26,1,13,0,2,16,15,3
2644,2,5,20,4,33,2,7,28,0,6,6,20,12,20,21,8,27,7,10,13,28,0,3,9,2,23,69,1,1,3,16,15,0,0,12,48,1,5,5,15,5,0,5,8,10,6,33,9,5,23,2,2,8,0,8,20,50,33,11,3,10,2,12,15,2,2,33,58,0,22,4,5,18,2,6,10,6,1,1,5,3,7,11,2,4,0,3,16,26,1,13,0,3,17,15,3
2645,2,5,20,4,33,2,7,28,0,6,6,20,12,20,21,8,27,6,10,13,28,0,3,9,2,23,70,1,1,3,16,15,0,0,12,47,1,5,5,14,5,0,5,8,10,6,33,9,5,23,2,2,8,0,8,20,50,33,11,3,10,2,12,15,2,2,33,58,0,22,4,5,18,2,6,10,6,1,1,5,3,7,11,2,4,0,3,16,26,1,14,0,3,17,15,3
2646,2,5,20,4,33,2,7,28,0,6,5,20,12,20,21,8,27,6,10,13,28,0,3,9,2,23,70,1,1,3,16,15,0,0,12,47,1,5,5,14,5,0,5,8,10,6,32,9,5,22,2,2,8,0,8,20,50,33,11,3,10,2,12,15,2,2,33,57,0,22,4,5,18,2,6,10,6,1,1,5,3,7,11,2,4,0,3,16,26,1,14,0,3,17,15,3
2647,2,5,20,4,34,2,7,28,0,6,5,20,12,20,21,8,27,6,10,13,27,0,3,9,2,23,70,1,1,3,15,15,0,0,12,47,1,5,5,14,5,0,5,8,10,6,32,9,5,23,2,2,8,0,8,21,50,34,11,3,10,2,12,15,2,2,33,57,0,21,4,5,18,2,6,10,6,1,1,5,3,7,11,2,4,0,3,16,26,1,14,0,3,17,15,3
2648,2,5,20,4,34,2,7,28,0,6,5,20,12,19,21,8,28,6,10,13,27,0,3,9,2,23,70,1,1,3,15,15,0,0,12,47,1,5,5,15,5,0,5,8,10,6,32,9,5,23,2,2,8,0,8,21,50,34,11,3,10,2,12,15,2,2,32,57,0,21,4,5,18,2,6,10,6,1,1,5,3,7,11,2,4,0,3,16,26,1,14,0,3,17,15,3
2649,2,5,20,4,34,2,7,28,0,6,5,20,12,19,21,8,28,6,10,13,28,0,3,9,2,23,70,1,1,3,15,15,0,0,12,47,1,5,5,15,5,0,5,8,10,6,32,9,5,23,2,2,8,0,8,21,50,34,11,3,10,2,12,15,2,2,32,57,0,21,4,5,18,2,6,10,6,1,1,6,3,7,11,2,4,0,3,16,26,1,14,0,3,17,15,3
2650,2,5,20,4,33,2,7,29,0,6,5,20,12,19,21,8,28,6,10,13,28,0,3,9,2,23,70,1,1,3,15,15,0,0,12,47,1,5,5,16,5,0,5,8,10,6,31,9,5,22,2,2,8,0,8,21,50,34,11,3,10,2,12,15,1,2,32,57,0,21,4,5,18,2,6,10,6,1,1,6,3,7,11,2,4,0,3,17,26,1,14,0,2,16,16,3
2651,2,5,20,4,34,2,7,29,0,6,5,20,12,19,21,8,28,6,10,13,28,0,3,9,2,23,71,1,1,3,15,15,0,0,12,47,1,5,5,16,5,0,5,8,10,6,31,9,5,22,2,2,8,0,8,21,51,35,11,3,10,2,12,15,1,2,32,57,0,21,4,5,18,2,6,10,6,1,1,6,3,7,11,2,4,0,3,17,26,1,14,0,2,16,17,3
2652,2,5,20,4,34,2,7,29,0,6,5,20,12,19,19,8,28,6,10,13,28,0,3,9,2,23,70,1,1,3,15,15,0,0,12,46,1,5,5,16,5,0,5,8,10,6,31,9,5,22,2,2,8,0,8,21,51,35,11,3,10,2,12,15,1,2,32,57,0,21,4,5,18,2,6,10,6,1,1,6,3,7,12,2,3,0,3,17,26,1,14,0,2,16,17,3
2653,2,5,20,4,33,1,7,29,0,6,5,20,12,19,19,8,28,6,10,13,28,0,3,9,2,23,70,1,1,3,15,16,0,0,13,46,1,5,5,16,5,0,5,8,10,6,32,9,5,23,2,2,8,0,8,21,51,35,11,3,10,2,12,15,1,2,32,57,0,21,4,5,18,2,6,10,7,1,1,6,3,7,12,2,3,0,3,17,26,1,14,0,2,16,17,3
2654,1,5,19,4,33,1,7,29,0,6,6,20,12,19,19,8,27,5,10,13,26,0,3,9,2,23,70,1,1,3,15,16,0,0,13,46,1,5,5,16,5,0,5,8,10,6,32,9,5,23,2,2,8,0,8,21,51,35,11,3,10,2,12,15,0,2,32,57,0,20,4,5,18,2,6,10,7,1,1,6,3,7,12,2,3,0,3,17,25,1,14,0,2,16,17,3
2655,1,5,19,4,33,1,7,30,0,6,7,20,12,19,19,8,27,5,10,13,26,0,3,9,2,23,70,1,1,3,15,16,0,0,12,46,1,5,5,16,5,0,5,8,10,6,32,8,5,23,2,2,8,0,8,21,51,35,11,3,11,2,12,15,0,2,34,56,0,21,4,5,18,2,6,9,7,1,1,6,3,7,12,2,3,0,3,17,25,1,14,0,2,16,18,3
2656,1,5,18,3,33,1,7,30,0,6,7,20,12,18,19,8,27,5,10,13,26,0,3,9,2,23,70,1,1,3,15,16,0,0,12,46,1,5,5,16,5,0,6,8,10,6,32,8,5,23,2,2,8,0,8,21,50,35,11,3,11,2,12,14,0,2,34,57,0,21,4,5,17,2,6,9,7,1,1,6,3,7,12,2,3,0,3,17,25,1,14,0,2,16,18,3
2657,1,5,18,3,33,1,7,30,0,6,7,20,12,18,19,8,27,5,10,13,25,0,3,9,2,23,69,1,1,3,15,17,0,0,12,46,1,5,5,16,5,0,6,8,10,6,33,8,5,23,2,2,8,0,8,21,50,35,11,3,11,2,12,14,0,2,34,56,0,21,4,5,17,2,6,9,7,1,1,6,3,7,12,2,3,0,3,17,25,1,14,0,2,16,17,3
2658,2,5,18,3,33,1,7,30,0,6,7,20,12,18,19,8,27,5,10,13,25,0,3,9,2,23,69,1,1,3,16,17,0,0,12,46,1,5,5,15,5,0,6,9,10,6,33,8,5,23,2,2,8,0,8,21,51,36,11,4,11,2,12,14,0,2,34,55,0,21,4,5,17,2,6,9,7,1,1,6,3,7,12,2,3,0,3,17,25,1,14,0,2,17,17,3
2659,2,5,18,3,33,1,7,30,0,6,7,19,12,18,20,8,27,5,10,13,25,0,3,9,2,23,69,1,1,3,16,18,0,0,12,46,1,5,4,15,5,0,6,9,10,6,33,8,5,23,2,2,8,0,8,21,52,36,11,4,11,2,12,14,0,2,34,55,0,21,4,5,17,2,6,9,7,1,1,6,3,7,12,2,3,0,3,17,25,1,14,0,2,17,17,3
2660,2,5,18,3,33,1,7,30,0,6,7,19,12,18,20,8,27,5,9,13,25,0,3,9,2,24,69,1,1,3,16,18,0,0,13,46,1,5,4,15,5,0,6,9,9,7,33,8,5,23,2,2,8,0,8,21,52,36,11,4,11,2,12,14,0,2,34,54,0,21,4,5,17,2,6,9,7,1,1,6,3,7,12,2,3,0,3,17,25,1,14,0,2,17,17,3
2661,2,5,18,3,33,1,7,30,0,6,7,19,12,18,20,8,27,5,9,13,25,0,3,9,2,24,69,1,2,3,16,19,0,0,13,46,1,5,4,15,5,0,6,9,9,7,33,8,5,23,2,2,8,0,8,21,52,36,11,4,10,2,12,14,0,2,34,54,0,21,4,5,16,2,5,9,7,1,1,6,3,7,11,2,3,0,3,17,25,1,14,0,2,17,17,3
2662,2,5,18,3,33,1,7,30,0,6,7,19,12,18,21,9,27,5,9,13,25,0,3,9,2,23,69,1,2,3,16,19,0,0,13,46,1,5,4,15,5,0,6,9,9,7,33,8,5,23,2,2,8,0,8,21,52,36,11,4,10,2,12,14,0,2,34,55,0,21,4,4,16,2,5,9,7,1,1,6,3,7,12,2,3,0,3,17,26,0,14,0,2,17,17,3
2663,2,5,18,3,33,1,7,30,0,6,7,19,12,18,21,9,27,5,9,13,25,0,2,9,2,23,69,1,2,3,16,19,0,0,13,46,1,5,4,15,5,0,6,9,9,7,33,8,5,23,2,2,8,0,7,20,51,36,11,4,10,2,11,14,0,2,34,55,0,21,4,4,16,2,5,9,7,1,1,6,3,7,12,2,3,0,3,17,26,0,14,0,2,17,17,3
2664,2,5,18,3,33,1,6,30,0,6,7,19,12,18,21,9,27,5,9,14,25,0,2,9,2,23,69,1,2,3,16,19,0,0,13,46,1,5,4,15,5,0,6,9,9,7,32,8,5,23,2,2,8,0,7,20,51,36,11,4,10,2,11,14,0,2,34,55,0,21,4,4,16,2,5,9,7,1,1,6,3,7,12,2,3,0,3,17,26,0,14,0,2,17,17,3
2665,2,5,18,3,33,1,6,30,0,6,7,19,12,18,21,9,27,5,9,14,25,0,2,9,2,23,69,1,2,3,16,19,0,0,14,46,1,5,4,15,5,0,6,9,9,7,31,8,5,23,2,2,8,0,7,20,51,36,11,4,10,2,11,14,0,2,35,55,0,21,4,4,16,2,5,10,7,1,1,6,3,8,12,2,3,0,3,18,26,0,14,0,2,17,17,3
2666,2,5,18,3,33,1,6,30,0,6,7,19,12,18,21,10,27,5,9,14,25,0,2,9,2,23,68,1,2,3,16,19,0,0,15,46,1,5,4,15,5,0,6,9,9,7,31,8,5,23,2,2,8,0,7,21,51,36,11,4,10,2,11,14,0,2,36,55,0,21,4,4,16,2,5,10,7,1,1,7,3,8,12,2,3,0,3,18,26,0,15,0,2,17,17,3
2667,2,5,18,3,33,1,6,30,0,6,7,19,12,18,21,10,27,5,9,14,25,0,2,9,2,23,68,1,2,3,16,19,0,0,15,46,1,5,4,15,5,0,6,9,10,7,31,8,5,23,2,2,9,0,7,21,51,36,11,4,10,2,11,14,0,2,36,54,0,21,4,4,16,2,5,10,6,1,1,7,3,8,12,2,3,0,3,18,26,0,15,0,2,17,17,3
2668,2,5,18,3,33,1,6,30,0,6,7,19,11,18,20,10,27,5,9,14,25,0,2,9,2,23,68,1,2,3,15,19,0,0,15,46,1,5,4,15,5,0,6,9,10,7,31,8,5,23,2,2,9,0,7,21,51,36,11,4,10,2,12,14,0,2,37,54,0,21,4,4,16,2,5,10,6,1,1,7,3,8,12,2,3,0,3,18,25,0,14,0,2,17,17,3
2669,2,5,18,3,33,1,6,30,0,6,7,19,11,18,20,10,27,5,9,14,25,0,2,9,2,23,68,1,2,3,15,19,0,0,15,46,1,5,4,15,5,0,6,9,10,7,31,8,5,23,2,2,9,0,7,21,51,36,11,4,10,2,12,14,0,2,37,54,0,21,4,4,16,2,5,10,6,1,1,7,3,8,12,2,3,0,3,18,25,0,14,0,2,17,17,3
2670,2,5,18,3,33,1,6,30,0,6,7,19,11,18,20,10,27,5,9,14,25,0,2,9,2,23,68,1,2,3,15,19,0,0,15,47,1,5,4,15,5,0,6,9,10,7,31,8,5,23,2,2,9,0,7,22,51,36,11,4,11,2,12,14,0,2,36,54,0,21,4,4,16,2,5,10,6,1,1,7,3,8,12,2,3,0,3,17,25,0,14,0,2,17,17,3
2671,2,5,18,3,32,1,6,30,0,6,7,19,10,18,20,10,27,5,9,14,25,0,2,9,2,23,68,1,2,3,15,19,0,0,15,47,1,5,4,15,5,0,6,8,10,7,31,7,5,23,2,2,9,0,7,22,51,36,10,4,11,2,12,14,0,2,35,54,0,21,4,4,16,2,5,10,6,1,1,7,3,8,12,2,3,0,3,17,25,0,14,0,2,17,17,3
2672,2,5,18,3,32,1,6,30,0,6,7,19,10,18,20,10,27,6,9,14,25,0,2,9,2,23,68,1,2,3,15,19,0,0,15,47,1,5,4,15,5,0,6,8,10,7,31,7,5,23,2,2,9,0,8,22,51,35,10,4,11,2,12,14,0,2,35,54,0,21,4,4,16,2,5,10,6,1,1,7,3,8,12,2,3,0,3,17,24,0,14,0,2,17,18,3
2673,2,5,18,3,32,1,6,30,0,6,7,19,10,18,21,10,27,6,9,14,25,0,2,9,2,23,68,1,2,3,15,19,0,0,15,47,1,5,5,15,5,0,6,8,10,7,31,7,5,23,2,2,9,0,8,22,51,35,10,4,11,2,12,14,0,2,35,54,0,21,4,4,16,2,5,10,6,1,1,7,3,8,12,2,3,0,3,17,24,0,14,0,2,18,18,3
2674,2,5,18,3,32,1,6,30,0,6,7,19,10,18,21,10,27,7,9,14,25,0,2,9,2,23,67,1,2,3,15,19,0,0,15,47,1,5,5,15,5,0,6,8,10,7,31,7,5,23,2,2,9,0,8,22,51,35,10,4,11,2,12,14,0,2,35,54,0,22,4,4,16,2,5,10,6,1,1,7,3,8,12,2,3,0,3,17,24,0,14,0,2,18,18,3
2675,2,5,18,3,32,1,6,30,0,6,7,19,10,18,21,10,27,7,9,14,25,0,2,9,2,25,65,1,2,3,15,19,0,0,16,46,1,5,5,15,5,0,6,8,10,7,32,7,5,23,2,2,9,0,8,22,50,35,10,4,11,2,12,14,0,2,35,54,0,22,4,4,16,2,5,10,6,1,1,7,3,8,12,2,3,0,3,17,24,0,14,0,2,18,18,3
2676,2,5,18,3,32,1,6,30,0,6,7,19,10,19,22,10,27,7,8,14,25,0,2,9,2,25,65,1,2,3,15,19,0,0,16,46,1,5,5,15,5,0,6,8,10,7,31,7,5,23,2,2,9,0,8,22,50,35,10,4,11,2,12,14,0,2,35,54,0,22,4,4,16,2,5,10,6,1,1,7,3,8,12,2,3,0,3,17,24,0,14,0,2,18,18,3
2677,2,5,18,3,32,1,6,31,0,6,7,19,10,19,22,10,27,7,8,14,25,0,2,9,2,25,65,1,2,3,16,20,0,0,16,46,1,5,5,15,5,0,6,8,10,7,31,7,5,24,2,2,9,0,8,22,50,35,10,4,11,2,12,14,0,2,35,54,0,22,4,4,16,2,5,10,6,1,1,7,3,8,12,2,3,0,3,17,24,0,14,0,2,18,18,3
2678,2,5,19,3,32,1,6,30,0,6,7,19,10,19,22,10,27,7,8,14,25,0,2,9,2,25,65,1,2,3,16,20,0,0,16,46,1,5,6,15,5,0,6,8,10,7,31,7,5,24,2,2,9,0,8,22,50,35,10,4,12,2,12,14,0,2,35,54,0,22,4,4,16,2,5,10,6,1,1,7,3,7,12,2,3,0,3,17,24,0,14,0,2,18,18,3
2679,2,5,19,3,32,1,6,30,0,6,7,19,10,19,22,10,27,7,8,14,25,0,2,9,2,25,65,1,2,3,16,20,0,0,16,47,1,5,6,15,5,0,6,8,10,7,31,7,5,24,2,2,9,0,8,22,50,35,10,4,12,2,12,14,0,2,35,54,0,22,4,4,16,2,5,10,6,1,1,7,3,7,12,2,3,0,3,17,24,0,14,0,2,18,18,3
2680,2,5,19,3,32,1,6,30,0,6,7,19,10,19,22,10,27,7,7,14,25,0,2,9,2,25,65,1,2,3,16,20,0,0,16,48,1,5,6,15,5,0,6,8,10,7,31,7,5,24,2,2,9,0,8,22,50,34,10,4,12,2,12,14,0,2,36,54,0,22,4,4,16,2,5,10,6,1,1,7,3,7,12,2,3,0,3,17,24,0,14,0,2,18,19,3
2681,2,5,19,3,32,1,6,30,0,6,7,19,9,19,22,10,27,7,7,14,24,0,2,9,2,25,65,1,2,3,15,20,0,0,16,48,1,5,6,15,5,0,6,8,10,7,31,7,5,24,2,2,9,0,8,22,49,34,10,4,12,2,12,14,0,2,36,54,0,23,4,4,16,2,5,11,6,1,1,7,3,7,12,2,3,0,3,17,24,0,14,0,2,18,19,3
2682,2,5,18,3,32,1,6,30,0,6,7,19,9,19,23,10,27,7,7,14,24,0,2,9,2,25,64,1,2,3,15,20,0,0,16,48,1,5,6,15,5,0,6,8,10,7,31,7,5,24,2,2,9,0,8,22,49,34,10,4,12,2,12,14,0,2,36,54,0,23,4,4,16,2,5,11,6,1,1,7,3,7,12,2,3,0,3,17,24,0,14,0,2,18,19,3
2683,2,5,18,3,32,1,6,30,0,6,7,19,9,19,23,10,27,7,7,14,24,0,2,9,2,25,64,1,2,3,15,20,0,0,16,48,1,5,6,15,5,0,6,7,10,7,31,7,5,25,2,2,9,0,8,22,49,34,10,4,12,2,12,14,0,2,36,53,0,23,4,4,16,2,5,11,6,1,1,7,3,7,10,2,3,0,3,17,24,0,14,0,2,18,19,3
2684,2,5,18,3,32,1,6,30,0,6,7,19,9,19,23,10,27,7,7,13,24,0,2,9,2,25,64,1,2,3,15,20,0,0,16,48,1,5,6,15,5,0,5,8,10,7,32,7,5,25,2,2,9,0,8,22,49,35,10,4,12,2,12,14,0,2,36,53,0,23,4,4,16,2,5,11,6,1,1,7,3,6,10,2,3,0,3,17,24,0,14,0,2,18,19,3
2685,2,5,18,3,32,1,6,29,0,6,7,19,9,19,23,10,27,7,7,13,24,0,2,9,2,25,64,1,2,3,15,20,0,0,16,49,1,5,6,15,5,0,5,8,10,7,32,7,5,24,2,2,9,0,8,22,49,35,10,4,12,2,12,14,0,2,36,53,0,23,4,4,16,2,5,11,6,1,1,7,3,6,10,2,3,0,3,17,24,0,14,0,2,18,19,3
2686,2,5,19,3,32,1,6,29,0,6,7,18,9,19,24,10,27,7,7,13,25,0,2,9,2,25,64,1,2,3,15,20,0,0,16,49,1,5,6,15,5,0,5,8,10,7,32,6,5,24,2,2,9,0,8,22,49,35,10,4,12,2,12,15,0,2,36,53,0,24,4,4,16,2,6,11,6,1,1,7,3,6,10,2,3,0,3,17,24,0,14,0,2,18,19,3
2687,2,5,20,3,32,1,6,29,0,6,7,18,9,19,24,10,27,7,7,13,24,0,2,9,1,25,64,1,2,3,15,20,0,0,16,49,1,5,6,15,5,0,5,8,10,7,32,6,5,25,2,2,9,0,8,21,49,35,10,4,12,2,12,15,0,2,36,53,0,24,4,4,16,2,6,11,6,1,1,7,3,6,10,2,3,0,3,17,24,0,14,0,2,18,19,3
2688,2,5,20,3,32,1,6,29,0,6,7,19,9,19,24,10,27,7,7,13,24,0,2,9,1,25,64,1,2,3,14,20,0,0,16,49,1,4,6,15,5,0,5,8,10,7,32,6,5,25,2,2,9,0,8,21,49,35,10,4,12,2,12,15,0,2,36,53,0,24,4,4,16,2,6,11,6,1,1,7,3,6,10,2,3,0,3,17,24,0,14,0,2,18,19,3
2689,2,5,20,3,32,1,7,29,0,6,7,19,9,19,24,10,27,7,7,13,24,0,2,9,1,25,64,1,2,3,14,20,0,0,16,49,1,4,6,15,5,0,5,8,10,7,32,6,5,25,2,2,9,0,8,21,49,35,10,4,12,2,12,15,0,2,36,53,0,24,4,4,16,2,6,11,6,1,1,7,3,6,10,2,3,0,3,18,24,0,14,0,2,18,18,3
2690,2,5,20,3,32,1,7,28,0,6,7,19,9,19,24,10,27,7,7,13,24,0,2,9,1,25,64,1,2,3,14,20,0,0,16,50,1,4,6,15,5,0,5,8,10,7,32,6,5,25,2,2,9,0,8,21,49,35,10,4,12,1,12,15,0,2,36,53,0,24,4,4,16,2,6,11,6,1,1,7,3,6,10,2,3,0,3,18,24,0,14,0,2,18,18,3
2691,2,5,20,3,32,1,7,27,0,6,7,20,9,19,24,10,27,7,7,12,24,0,2,9,1,25,64,1,2,3,14,20,0,0,16,50,1,4,6,15,5,0,5,8,10,7,32,6,5,25,2,2,9,0,8,21,49,35,10,4,12,1,12,15,0,2,35,53,0,24,3,4,16,2,6,11,6,1,1,7,3,6,10,2,3,0,3,18,24,0,14,0,2,18,18,3
2692,2,5,20,3,31,1,7,27,0,7,7,20,9,19,24,10,27,7,7,12,25,0,2,9,1,25,63,1,2,3,14,20,0,0,16,50,1,4,6,15,5,0,5,8,10,7,32,6,5,25,2,2,9,0,8,21,49,33,10,4,12,1,12,15,0,2,35,53,0,24,3,3,16,2,7,11,6,1,0,7,3,6,10,2,3,0,3,18,25,0,14,0,2,18,18,3
2693,2,5,20,3,32,1,7,27,0,7,7,20,9,19,24,10,27,7,7,12,25,0,2,8,1,25,62,1,2,3,14,20,0,0,16,49,1,4,6,15,5,0,5,8,10,7,32,6,5,25,2,2,9,0,8,21,50,33,10,4,12,1,12,15,0,2,35,53,0,24,3,3,16,2,7,11,6,1,0,7,3,6,10,2,3,0,3,18,25,0,14,0,2,18,18,3
2694,2,5,20,3,32,1,7,27,0,7,7,20,9,19,24,10,27,7,7,12,25,0,2,8,1,25,62,1,2,3,14,20,0,0,16,49,1,4,6,16,5,0,5,8,10,7,32,6,5,25,2,2,9,0,8,21,50,33,10,4,12,1,12,15,0,2,35,53,0,24,3,3,16,2,7,11,5,1,0,7,3,6,10,2,3,0,3,19,25,0,14,0,2,18,18,3
2695,2,5,20,3,32,1,7,28,0,7,7,20,9,20,24,10,27,7,7,12,25,0,2,8,1,25,62,1,2,3,14,19,0,0,16,50,1,4,6,16,5,0,5,8,10,7,32,6,5,25,2,2,9,0,8,21,50,33,10,4,12,1,12,15,0,2,35,53,0,23,3,3,16,2,7,11,5,1,0,7,3,6,10,2,3,0,3,18,25,0,14,0,2,18,18,3
2696,2,5,20,3,32,1,7,28,0,7,7,19,9,20,24,10,27,8,7,12,25,0,2,8,1,25,62,1,2,3,14,19,0,0,16,50,1,4,6,16,5,0,5,8,10,6,32,6,5,25,2,2,9,0,8,21,50,34,10,4,12,1,12,15,0,2,35,52,0,23,3,3,16,2,7,11,5,1,0,7,3,6,10,2,3,0,3,18,25,0,14,0,2,18,18,3
2697,2,5,20,3,32,1,7,28,0,7,7,19,9,20,24,10,27,8,7,12,25,0,2,8,1,26,61,1,2,3,14,19,0,0,16,50,1,4,6,16,5,0,5,8,10,6,32,6,5,25,2,2,9,0,8,21,50,34,10,4,12,1,13,15,0,2,35,52,0,23,3,3,15,2,7,11,5,1,0,7,3,6,10,2,3,0,3,18,25,0,14,0,2,18,18,3
2698,2,5,20,3,32,1,7,28,0,7,7,19,9,20,24,10,27,8,7,12,25,0,2,8,1,26,61,1,2,3,14,19,0,0,16,50,1,4,6,16,5,0,5,8,10,6,32,6,5,25,2,2,9,0,8,21,49,34,10,4,12,1,13,15,0,2,35,52,0,23,3,3,15,2,7,11,5,1,0,7,3,6,10,2,3,0,3,18,25,0,14,0,2,18,18,3
2699,2,5,20,3,32,1,7,28,0,7,7,19,9,20,24,10,27,8,7,12,26,0,2,8,1,26,61,1,2,3,14,18,0,0,17,50,1,4,6,16,5,0,5,8,10,6,32,6,5,25,2,2,9,0,8,22,49,34,10,4,12,1,13,15,0,2,35,52,0,23,3,3,15,2,7,11,5,1,0,7,3,6,10,2,3,0,3,17,25,0,14,0,2,18,18,3
2700,2,5,20,3,32,1,7,28,0,6,7,19,9,20,24,10,27,8,7,12,26,0,2,8,1,27,60,1,2,3,14,18,0,0,17,49,1,4,6,16,5,0,5,8,10,6,32,6,5,25,2,2,9,0,8,22,49,34,10,4,12,1,11,15,0,2,35,52,0,23,3,3,15,2,7,11,5,1,0,7,3,6,10,2,3,0,3,17,24,0,14,0,2,18,18,3
2701,2,5,20,3,31,1,7,28,0,6,7,19,9,20,24,10,27,8,7,12,26,0,2,8,1,27,60,1,2,3,14,18,0,0,17,48,1,4,6,15,5,0,5,8,10,6,32,6,5,26,2,2,9,0,8,22,49,34,10,4,12,1,11,15,0,2,35,52,0,23,3,3,15,2,7,11,5,1,0,7,2,6,10,2,3,0,3,16,24,0,14,0,2,18,18,3
2702,2,5,20,3,31,1,7,27,0,6,7,19,9,20,24,10,27,8,7,12,27,0,2,8,1,27,60,1,2,3,14,18,0,0,17,48,1,4,6,14,5,0,5,8,10,6,32,6,5,26,2,2,9,0,8,21,49,34,10,4,12,1,11,15,0,2,35,52,0,23,3,3,15,2,7,11,5,1,0,7,2,5,10,2,3,0,3,16,24,0,14,0,2,18,17,3
2703,2,5,20,3,31,1,7,27,0,6,7,19,9,20,25,10,27,8,7,12,27,0,2,8,1,27,60,1,2,3,14,18,0,0,17,48,0,4,6,14,5,0,5,8,10,6,32,6,5,26,2,2,9,0,8,21,48,33,10,3,12,1,10,15,0,2,35,52,0,23,3,3,15,2,7,11,5,1,0,7,2,5,11,2,3,0,3,17,24,0,14,0,2,18,17,3
2704,2,5,20,3,31,1,7,27,0,6,7,19,9,20,25,10,26,8,7,12,28,0,2,8,1,27,60,1,2,3,15,18,0,0,17,48,0,4,6,14,5,0,5,8,10,6,32,6,5,26,3,2,10,0,8,21,48,33,10,3,12,1,10,15,0,2,34,52,0,23,3,4,15,2,7,11,5,1,0,7,2,5,11,2,3,0,3,17,25,0,14,0,2,18,17,3
2705,2,5,20,3,31,1,7,27,0,6,7,19,9,20,25,10,26,8,7,12,28,0,2,8,1,27,60,0,2,2,16,18,0,0,17,48,0,4,6,14,5,0,5,8,10,6,32,6,5,26,3,2,10,0,8,21,48,33,10,3,12,1,10,15,0,2,34,52,0,23,3,4,15,2,7,11,5,1,0,7,2,5,11,2,3,0,3,17,25,0,14,0,2,18,17,3
2706,2,5,20,3,31,1,7,28,0,6,7,19,9,20,25,10,26,8,8,12,28,0,2,8,1,27,60,0,2,2,16,18,0,0,17,49,0,4,6,14,5,0,4,8,10,6,32,6,5,26,3,2,10,0,8,21,48,33,10,3,12,1,10,15,0,2,34,52,0,23,3,4,15,2,7,11,5,1,0,6,2,5,11,2,3,0,3,17,25,0,13,0,2,18,17,3
2707,2,5,20,3,31,1,7,28,0,6,7,19,9,20,25,10,26,8,8,12,28,0,2,8,1,27,61,0,2,2,16,18,0,0,17,49,0,4,6,14,5,0,4,8,10,6,32,6,5,27,3,2,10,0,8,21,48,33,10,3,11,1,10,14,0,2,34,52,0,23,3,4,15,2,7,11,5,1,0,6,2,5,11,2,3,0,4,17,25,0,13,0,2,18,17,3
2708,2,5,20,3,31,1,7,28,0,6,7,19,9,20,25,10,26,8,8,12,28,0,2,8,1,28,61,0,2,2,16,18,0,0,17,49,0,4,6,14,5,0,4,9,10,6,32,6,5,27,3,2,10,0,8,21,48,33,10,3,11,1,10,14,0,2,34,52,0,23,3,4,15,2,7,11,5,1,0,6,2,5,11,2,3,0,4,17,25,0,13,0,2,18,17,3
2709,2,5,20,3,31,1,7,28,0,6,7,19,9,20,25,10,26,8,8,12,29,0,2,8,1,28,61,0,2,2,15,18,0,0,17,49,0,4,6,14,5,0,4,9,10,6,32,6,5,27,3,2,10,0,7,21,48,33,10,3,11,1,10,14,0,2,35,52,0,23,3,4,15,2,7,11,5,1,0,6,2,5,11,2,3,0,4,17,25,0,14,0,2,18,17,3
2710,2,5,20,3,30,1,7,28,0,5,7,19,9,20,25,10,27,8,8,12,29,0,2,8,1,28,60,0,2,2,15,18,0,0,17,49,0,4,6,14,5,1,4,9,9,6,32,6,5,27,3,2,10,0,7,21,48,33,10,3,11,1,10,14,0,2,35,52,0,23,3,4,15,2,7,11,5,1,0,6,2,5,11,2,3,0,4,17,25,0,14,0,2,19,17,3
2711,2,5,20,3,30,1,7,28,0,5,6,19,9,20,25,10,27,8,8,12,29,0,2,7,1,28,60,0,2,2,15,18,0,0,17,50,0,4,6,14,5,1,4,8,9,6,32,6,5,27,3,2,10,0,7,21,48,34,10,3,11,1,10,14,0,2,35,52,0,23,3,4,15,2,7,11,5,1,0,6,2,5,11,2,3,0,4,17,25,0,14,0,2,19,17,3
2712,2,5,20,3,30,1,7,28,0,5,6,19,9,20,25,10,27,7,8,12,29,0,2,7,1,28,60,0,2,2,15,18,0,0,17,50,0,4,6,14,5,1,4,8,9,6,32,6,5,27,3,2,10,0,7,21,47,34,10,3,11,1,10,14,0,2,35,52,0,23,3,4,15,2,7,11,5,1,0,6,2,5,11,2,3,0,4,17,25,0,14,0,2,19,17,3
2713,2,5,20,3,30,1,7,28,0,5,6,19,9,20,25,10,27,7,8,12,29,0,2,7,1,28,60,0,2,2,15,18,0,0,17,50,0,4,6,14,5,1,4,8,9,6,31,6,5,27,3,2,10,0,7,20,47,34,10,3,11,1,10,14,0,2,35,52,0,23,3,4,15,2,7,11,5,1,0,6,2,5,11,2,3,0,4,17,25,0,14,0,2,19,17,3
2714,2,5,20,3,30,1,7,28,0,5,6,19,9,20,25,11,27,7,8,12,29,0,2,8,1,28,60,0,2,2,15,18,0,0,17,50,0,4,6,14,5,1,4,8,9,6,31,6,5,27,3,2,10,0,7,20,47,34,10,3,11,1,10,14,0,2,35,52,0,23,3,4,15,2,7,11,5,1,0,6,2,5,11,2,3,0,4,17,25,0,14,0,2,19,17,3
2715,2,5,20,3,30,1,7,28,0,5,6,19,9,20,25,11,27,7,8,12,29,0,2,8,1,28,60,0,2,3,15,18,0,0,17,50,0,5,6,14,5,1,4,8,9,6,31,6,5,27,3,2,10,0,7,20,47,34,10,3,11,1,10,14,0,1,35,52,0,23,3,4,15,2,7,11,5,1,0,6,2,5,11,2,3,0,4,17,25,0,14,0,2,18,17,3
2716,2,5,20,3,29,1,7,28,0,5,6,19,9,20,25,11,27,7,8,11,29,0,2,7,1,28,60,0,2,3,15,18,0,0,17,50,0,5,6,14,5,1,4,8,9,6,31,6,5,27,3,3,12,0,8,20,47,34,10,3,11,1,10,14,0,1,35,52,0,23,3,4,15,2,8,11,5,1,0,6,2,5,11,2,3,0,4,17,25,0,14,0,2,18,17,3
2717,2,5,20,3,29,1,7,27,0,5,7,19,9,20,25,11,27,7,8,11,29,0,2,7,1,28,60,0,2,3,16,18,0,0,17,50,0,5,6,14,5,1,4,8,9,6,31,6,6,27,3,3,12,0,8,20,47,35,10,3,11,1,10,14,0,1,36,52,0,23,3,4,15,2,8,11,5,1,0,6,2,5,11,2,3,0,4,18,25,0,14,0,2,18,17,3
2718,2,5,20,3,29,1,7,28,0,5,7,19,9,20,25,11,27,7,8,11,29,0,1,7,1,28,60,0,2,3,16,18,0,0,17,50,0,5,6,14,5,1,4,8,9,6,31,6,6,27,3,3,12,0,8,20,47,35,10,3,11,1,10,14,0,1,36,52,0,23,3,4,14,2,8,12,5,1,0,6,2,5,11,2,3,0,4,18,25,0,14,0,2,18,17,3
2719,2,5,20,3,29,1,7,29,0,5,7,19,9,19,25,11,27,7,8,11,28,0,1,6,1,28,60,0,2,3,16,18,0,0,17,50,0,5,6,14,5,1,4,7,9,6,32,6,6,27,3,3,12,0,8,20,48,35,10,3,11,1,10,14,0,1,36,53,0,23,3,4,14,2,8,12,5,1,0,6,2,5,11,2,3,0,4,18,25,0,14,0,2,18,17,3
2720,2,5,20,3,29,1,7,29,0,5,7,19,10,19,25,11,26,7,8,11,27,0,1,6,1,28,60,1,3,3,16,18,0,0,17,50,0,5,6,14,5,1,4,7,9,6,32,6,6,27,3,3,12,0,8,20,47,37,10,3,11,1,10,14,0,1,36,53,0,23,3,5,14,2,8,12,5,1,0,6,2,5,11,2,3,0,4,18,25,0,14,0,2,18,17,3
2721,2,5,20,3,29,1,7,29,0,5,7,19,11,19,25,11,26,7,8,11,28,0,1,6,1,28,60,1,3,3,16,18,0,0,16,50,0,5,6,14,5,1,4,7,9,6,32,6,6,27,3,3,12,0,8,20,47,37,10,3,10,1,10,15,0,1,36,53,0,23,4,5,15,2,8,12,5,1,0,6,2,5,11,2,3,0,4,18,25,0,14,0,2,18,17,3
2722,1,5,20,3,29,1,7,29,0,5,7,19,11,19,25,11,26,7,8,11,28,0,1,6,1,28,59,1,3,3,16,18,0,0,16,50,0,5,6,14,5,1,4,7,9,6,32,5,6,27,3,3,12,0,8,20,47,36,10,3,10,1,10,15,0,1,36,54,0,22,4,5,15,2,8,11,5,1,0,6,2,6,11,2,3,0,4,18,25,0,14,0,2,18,17,3
2723,1,5,19,3,29,1,7,29,0,5,7,19,11,19,25,11,26,7,8,11,28,0,1,6,1,28,59,1,3,3,16,18,0,0,16,51,0,5,6,14,5,1,4,7,9,6,32,5,6,27,3,3,12,0,8,20,47,36,10,3,10,1,10,15,0,1,36,54,0,22,4,5,15,2,8,11,5,1,0,6,2,6,11,2,3,0,4,18,25,0,14,0,2,18,17,3
2724,1,5,19,3,29,1,7,28,0,5,7,19,11,20,25,11,26,7,8,11,28,0,1,6,1,28,59,1,3,3,16,18,0,0,16,52,0,5,6,14,5,1,4,7,9,6,32,5,6,27,3,3,12,0,8,20,47,36,10,3,10,1,10,15,0,1,36,54,0,22,4,5,15,2,8,11,5,1,0,6,2,6,11,2,3,0,4,18,26,0,14,0,2,17,17,3
2725,1,5,19,3,29,1,7,28,0,5,7,19,11,20,25,11,26,7,8,11,28,0,1,6,1,28,58,1,3,3,16,19,0,0,16,53,0,5,6,14,5,1,4,7,9,6,32,5,6,27,3,3,12,0,8,20,47,36,10,3,10,1,10,16,0,1,37,54,0,22,4,4,15,2,8,11,5,1,0,8,3,6,11,2,3,0,4,18,26,0,14,0,2,17,16,3
2726,1,5,19,3,29,1,7,28,0,5,7,19,11,20,25,11,26,7,8,11,28,0,1,6,1,28,57,1,3,3,16,19,0,0,16,52,0,6,6,14,5,1,4,7,9,6,32,5,6,27,3,3,12,0,8,19,47,36,10,3,10,1,10,16,0,1,37,54,0,22,4,4,15,2,8,11,5,1,0,8,3,6,11,2,3,0,4,18,26,0,14,0,2,17,16,3
2727,1,5,19,3,29,1,7,28,0,5,7,19,11,20,25,11,26,7,8,11,28,0,1,6,1,28,57,1,3,3,16,19,0,0,16,52,0,7,6,14,5,1,4,7,9,6,32,5,6,26,3,3,12,0,8,19,47,36,10,3,10,1,10,16,0,1,37,54,0,22,4,4,15,2,8,11,5,1,0,8,3,6,11,2,3,0,4,18,26,0,14,0,2,17,16,3
2728,1,5,19,3,29,1,7,28,0,5,7,19,11,21,25,11,26,7,8,11,28,0,1,6,1,27,56,1,3,3,16,19,0,0,17,52,0,7,6,14,5,1,4,7,10,6,32,5,6,26,3,3,12,0,8,19,47,36,10,3,10,1,10,17,0,1,36,54,0,22,4,4,15,2,8,11,5,1,0,8,3,6,11,2,3,0,4,18,26,0,14,0,2,17,16,3
2729,1,5,20,3,29,1,7,28,0,5,7,19,11,21,25,11,26,7,8,11,28,0,1,6,1,27,57,1,2,3,16,19,0,0,17,52,0,7,6,14,5,1,4,7,10,6,32,5,6,26,3,3,12,0,8,19,46,36,10,3,10,1,10,17,0,1,35,54,0,22,4,4,15,2,8,11,5,1,0,8,3,6,11,2,3,0,4,18,26,0,14,0,2,17,16,3
2730,1,5,20,3,29,1,7,28,0,5,7,19,11,21,25,10,26,7,8,11,28,0,1,6,1,27,57,1,2,3,18,19,0,0,17,51,0,7,6,14,5,1,4,6,10,6,32,5,6,26,3,3,12,0,8,19,46,36,10,2,10,1,10,17,0,1,35,54,0,21,4,4,15,2,8,11,5,1,0,8,3,6,11,2,3,0,4,18,26,0,14,0,2,17,16,3
2731,1,5,20,3,29,1,7,29,0,5,7,19,11,21,24,10,26,7,7,11,28,0,1,6,1,27,56,1,2,3,18,19,0,0,17,50,0,7,6,14,5,1,4,6,10,6,32,5,6,26,3,3,12,0,8,19,46,37,10,2,10,1,10,17,0,1,35,53,0,21,4,4,15,2,8,11,5,1,0,8,3,6,11,2,3,0,4,18,26,0,14,0,2,17,16,3
2732,1,5,20,3,29,1,7,29,0,5,9,19,11,22,24,10,26,7,7,11,28,0,1,6,1,27,56,1,2,3,18,19,0,0,17,50,0,6,6,14,5,1,4,6,10,6,32,5,6,26,3,3,12,0,8,19,46,37,10,2,10,1,10,17,0,1,35,53,0,21,4,4,15,2,8,11,5,1,0,8,3,6,11,2,3,0,4,18,25,0,14,0,2,17,16,3
2733,1,5,19,3,29,1,7,28,0,5,9,19,11,22,24,10,26,7,7,11,28,0,1,6,1,27,57,1,2,3,18,19,0,0,17,50,0,6,6,14,5,1,4,6,10,6,32,5,6,26,3,3,12,0,8,19,46,37,11,2,10,1,10,17,0,1,35,54,0,21,4,4,15,2,8,11,5,1,0,8,3,6,11,2,3,0,4,18,25,0,14,0,2,17,16,3
2734,1,5,19,3,29,1,7,28,0,5,9,19,11,22,24,10,26,7,7,11,28,0,1,6,1,27,57,1,2,3,18,19,0,0,17,50,0,6,6,14,5,1,4,6,10,6,32,5,6,26,3,3,12,0,8,19,46,37,11,2,10,1,10,17,0,1,35,54,0,21,4,5,15,2,8,11,5,1,0,8,3,6,11,2,3,0,4,18,26,0,14,0,2,17,16,3
2735,1,5,19,3,29,1,7,28,0,5,9,19,11,22,24,9,26,7,6,11,28,0,1,7,1,27,57,1,2,3,18,19,0,0,17,50,0,6,6,14,5,1,4,6,10,6,32,5,6,26,3,2,12,0,8,19,46,37,11,2,10,1,9,17,0,1,34,55,0,21,4,5,16,2,8,12,5,1,0,8,3,6,11,2,3,0,4,19,26,0,14,0,2,17,16,3
2736,1,5,19,3,29,1,7,28,0,5,9,19,11,22,24,9,26,7,6,11,28,0,1,7,1,27,57,1,2,3,18,19,0,0,17,50,0,6,6,14,5,1,4,6,10,6,32,5,6,26,3,2,12,0,8,19,46,37,11,2,10,1,9,17,0,1,33,55,0,21,4,5,16,2,8,12,5,1,0,8,3,6,11,2,3,0,4,19,26,0,14,0,2,17,16,3
2737,1,5,19,3,29,1,7,28,0,5,9,19,11,22,24,9,26,7,6,11,28,0,1,7,1,26,57,1,2,3,18,19,0,0,17,50,0,6,6,14,5,1,4,6,10,6,33,5,6,27,3,2,12,0,8,19,46,36,11,2,10,1,9,17,0,1,33,55,0,22,4,5,16,2,8,12,5,1,0,8,3,6,11,2,3,0,4,19,26,0,14,0,2,17,16,3
2738,1,5,19,3,29,1,7,28,0,5,9,20,11,22,24,9,26,7,6,11,28,0,1,7,1,26,57,1,2,3,18,19,0,0,17,50,0,6,6,14,5,1,4,6,10,6,33,5,6,27,3,2,12,0,8,19,46,36,11,2,10,1,9,17,0,1,33,55,0,22,4,5,16,2,8,12,5,1,0,8,3,6,11,2,3,0,4,19,26,0,14,0,2,17,16,3
2739,1,5,19,3,29,1,7,28,0,5,9,20,11,22,25,9,26,7,6,11,28,0,1,7,1,27,57,1,2,3,18,19,0,0,17,50,0,6,6,14,6,1,4,6,10,6,33,5,6,27,3,2,12,0,8,17,46,36,11,2,10,1,9,17,0,1,33,55,0,22,4,5,16,2,8,12,5,1,0,8,3,6,11,2,3,0,4,19,26,0,14,0,2,17,16,3
2740,1,5,18,3,29,1,7,28,0,5,9,20,11,22,25,9,26,7,6,10,28,0,1,7,1,27,57,1,2,3,18,20,0,0,17,50,0,6,6,14,6,1,4,6,10,6,33,5,6,27,3,2,12,0,8,17,46,36,11,2,10,1,9,17,0,1,33,55,0,22,4,5,16,2,8,13,5,1,0,8,3,6,11,2,3,0,4,18,26,0,14,0,2,17,16,3
2741,1,5,18,3,29,1,7,28,0,5,9,20,11,21,25,9,26,7,6,11,28,0,1,7,1,27,57,1,2,3,18,20,0,0,17,49,0,6,6,14,6,1,4,6,9,6,33,5,7,27,3,2,12,0,8,17,45,36,11,2,10,1,9,17,0,1,33,55,0,22,4,5,16,2,8,13,5,1,0,8,3,6,11,2,3,0,4,18,26,0,14,0,2,17,16,3
2742,1,5,18,3,29,1,7,28,0,5,9,20,11,20,25,9,26,7,6,11,28,0,1,7,1,27,57,1,2,3,18,20,0,0,17,49,0,6,7,14,6,1,4,6,9,6,33,5,7,27,3,2,12,0,8,17,45,36,11,2,10,1,9,17,0,1,33,54,0,22,4,5,16,2,8,12,5,1,0,8,3,6,11,2,3,0,4,18,26,0,14,0,2,17,16,3
2743,1,5,18,3,30,1,7,28,0,5,9,20,11,20,25,9,26,7,6,11,28,0,1,7,1,27,57,1,2,3,18,20,0,0,17,49,0,6,7,14,6,1,4,6,9,6,33,5,7,27,3,2,12,0,8,17,46,36,11,2,10,1,9,17,0,1,32,54,0,22,4,5,17,2,8,12,5,1,0,8,3,6,11,2,3,0,4,18,26,0,14,0,2,17,15,3
2744,1,5,18,3,30,1,7,28,0,5,9,20,11,20,25,9,26,7,6,11,28,0,1,7,1,27,57,1,2,3,18,21,0,0,17,50,0,6,7,14,6,1,4,6,9,6,33,5,7,27,3,2,12,0,8,17,46,35,11,2,10,1,9,17,0,1,32,54,0,22,5,5,17,2,8,12,5,1,0,7,3,6,11,2,3,0,4,18,26,0,14,0,2,17,15,3
2745,1,5,18,3,30,1,7,28,0,5,9,20,10,20,25,9,26,7,6,11,28,0,1,7,1,27,57,1,2,3,18,21,0,0,17,50,0,6,7,14,6,1,4,6,9,6,33,5,7,27,3,2,12,0,8,17,46,37,11,2,10,1,9,17,0,2,32,53,0,22,5,5,17,2,8,12,5,2,0,7,3,6,11,2,3,0,4,18,26,0,14,0,2,17,15,3
2746,1,5,18,3,30,1,7,28,0,5,9,20,10,20,25,9,26,7,6,11,28,0,1,7,1,27,57,1,2,3,18,21,0,0,17,50,0,6,7,14,5,1,4,6,9,6,33,5,7,27,3,2,12,0,8,17,46,37,11,2,10,1,9,17,0,2,31,53,0,22,5,5,17,2,8,12,5,2,0,7,3,6,11,2,3,0,4,18,26,0,13,0,2,17,15,3
2747,1,5,18,3,29,1,8,28,0,4,9,20,10,20,25,9,26,7,6,11,28,0,1,7,1,27,57,1,2,3,18,21,0,0,17,51,0,6,7,14,5,1,4,6,9,6,33,5,7,27,3,2,12,0,8,17,46,38,11,2,10,1,9,17,0,2,31,53,0,22,5,5,17,2,8,12,5,2,0,7,3,6,11,2,3,0,4,18,26,0,13,0,2,17,15,3
2748,1,5,18,3,29,1,8,28,0,4,9,21,10,20,25,9,26,7,6,11,28,0,1,7,1,27,57,1,2,3,18,21,0,0,17,52,0,6,7,14,5,1,4,6,9,6,33,5,7,27,3,2,12,0,8,17,46,38,10,2,10,1,9,17,0,2,31,53,0,22,5,5,17,2,8,12,5,2,0,7,3,6,11,2,3,0,4,19,26,0,14,0,2,17,15,3
2749,1,5,18,3,29,1,8,28,0,4,9,21,10,20,25,9,26,7,6,11,28,0,1,7,1,27,57,1,2,3,18,21,0,0,17,51,0,6,7,14,5,1,4,6,9,6,34,5,7,27,3,2,12,0,8,17,46,38,10,2,10,1,9,17,0,2,31,53,0,22,5,5,17,2,8,12,5,2,0,7,3,6,11,2,3,0,4,19,26,0,14,0,2,17,15,3
2750,1,5,18,3,28,1,9,28,0,4,9,21,10,20,25,9,26,7,6,11,28,0,1,7,1,27,57,1,2,3,18,21,0,0,17,51,0,6,7,14,5,1,4,6,9,6,34,5,6,27,3,2,12,0,8,17,46,37,10,2,10,1,8,17,0,2,31,54,0,23,5,5,17,2,8,12,5,2,0,7,3,6,11,2,3,0,4,19,26,0,14,0,2,17,15,3
2751,1,5,18,3,28,1,9,28,0,4,9,21,10,20,25,9,26,7,6,11,29,0,1,7,1,27,57,1,2,3,18,21,0,0,17,50,0,6,7,14,5,1,4,6,9,6,35,5,6,26,3,2,12,0,8,18,46,37,10,2,10,1,8,17,0,2,31,54,0,23,5,5,17,2,8,12,5,2,0,7,3,6,11,2,3,0,4,19,26,0,14,0,2,17,15,3
2752,0,5,18,3,28,1,9,27,0,4,9,21,10,20,25,9,26,7,6,11,29,0,1,7,1,27,57,1,2,3,18,21,0,0,17,50,0,6,7,14,5,1,4,6,9,6,36,5,6,26,3,2,12,0,8,18,45,37,10,2,10,1,8,17,0,2,31,53,0,23,5,5,16,2,8,12,5,2,0,7,3,6,11,2,3,0,4,19,26,0,14,0,2,17,15,3
2753,0,5,18,3,28,1,9,27,0,4,9,21,10,20,25,9,27,7,6,11,28,0,1,7,1,27,57,1,2,3,18,21,0,0,17,50,0,5,7,14,5,1,4,6,9,6,35,5,6,26,3,2,12,0,8,18,45,37,10,2,10,1,8,17,0,2,32,53,0,23,5,5,16,2,8,12,5,2,0,7,3,7,11,2,3,0,4,19,26,0,14,0,2,17,15,3
2754,0,5,18,3,27,1,9,27,0,4,9,21,10,19,25,9,27,7,6,11,28,0,1,7,1,27,57,1,2,3,18,21,0,0,17,50,0,5,7,14,5,1,4,6,9,6,35,5,6,26,3,2,12,0,8,18,45,37,10,2,10,1,8,17,0,2,32,53,0,23,5,5,16,2,8,12,5,2,0,7,3,7,11,2,3,0,4,19,26,0,15,0,2,17,15,3
2755,0,5,18,3,25,1,9,27,0,4,9,21,10,19,25,9,27,7,6,11,28,0,1,7,1,26,57,1,2,3,18,21,0,0,17,50,0,5,7,14,5,1,4,6,9,6,35,5,6,26,3,2,12,0,8,18,45,36,10,2,11,1,8,17,0,2,32,54,0,23,5,5,16,2,8,12,5,2,0,7,3,7,11,2,3,0,4,19,26,0,15,0,2,18,15,3
2756,0,5,18,3,25,2,9,27,0,4,8,21,10,19,25,9,27,8,6,11,28,0,1,7,1,26,57,1,2,3,18,20,0,0,16,50,0,5,7,14,5,1,4,6,9,6,35,5,6,27,3,2,12,0,8,18,45,35,10,2,11,1,8,17,0,2,32,53,0,23,5,5,16,2,8,12,5,2,0,7,3,7,11,2,3,0,4,19,26,0,15,0,2,18,15,3
2757,0,5,18,3,25,2,9,27,0,4,8,21,10,19,25,9,27,8,6,11,28,0,1,7,1,26,57,1,2,3,17,21,0,0,16,50,0,5,7,14,5,1,4,6,9,6,35,5,6,27,3,2,12,0,8,18,46,36,10,2,11,1,8,17,0,2,32,52,0,23,5,5,16,2,8,12,5,2,0,7,3,7,11,2,3,0,4,18,26,0,15,0,2,18,15,3
2758,0,5,18,3,25,2,9,27,0,4,8,21,10,19,25,9,27,8,6,11,28,0,1,7,1,26,57,1,2,3,17,21,0,0,16,50,0,5,7,14,5,1,3,6,9,6,35,5,6,27,3,2,12,0,8,18,46,36,10,2,11,1,9,17,0,2,33,52,0,23,5,5,16,2,8,12,5,2,0,7,3,7,11,2,3,0,4,18,26,0,15,0,2,18,15,3
2759,0,5,18,3,25,2,9,27,0,4,9,21,10,19,25,9,27,8,6,11,28,0,1,7,1,26,57,1,2,3,17,21,0,0,16,50,0,5,7,14,5,1,3,6,9,6,35,5,6,27,3,2,12,0,8,18,46,35,9,2,11,1,9,17,0,2,33,52,0,23,5,5,16,2,8,12,5,2,0,7,3,7,11,2,3,0,4,18,26,0,15,0,2,18,15,3
2760,0,5,18,3,25,2,9,27,0,4,9,21,10,19,24,9,27,8,6,11,28,0,1,7,1,26,57,1,2,3,17,21,0,0,16,50,0,5,7,14,5,1,3,6,9,6,35,5,6,27,3,2,13,0,8,18,46,35,9,2,11,1,9,17,0,2,33,52,0,23,5,5,16,2,8,12,5,2,0,7,3,7,10,2,3,0,5,18,26,0,14,0,2,18,15,3
2761,0,5,19,3,25,2,9,27,0,4,9,21,10,19,24,9,27,8,6,11,28,0,0,7,1,26,57,1,2,3,17,21,0,1,16,49,0,5,7,14,5,1,3,6,9,6,34,5,6,26,3,2,13,0,8,18,46,35,9,2,11,1,10,17,0,2,33,52,0,23,5,5,16,2,8,12,5,2,0,7,3,7,10,2,3,0,5,18,26,0,14,0,2,19,15,3
2762,0,5,19,3,25,2,9,26,0,4,9,21,10,19,24,9,27,8,6,11,28,0,0,7,1,26,57,1,3,3,18,21,0,1,16,49,0,5,7,14,4,1,3,6,9,6,34,5,6,26,3,2,13,0,8,18,46,35,9,2,11,1,10,16,0,2,33,52,0,23,5,5,16,2,8,13,5,2,0,7,3,7,10,2,3,0,5,19,26,0,14,0,2,19,15,3
2763,0,5,19,3,25,1,9,26,0,5,9,21,10,19,24,9,28,8,6,11,28,0,0,7,1,26,57,1,3,3,18,21,0,1,16,49,0,5,7,14,4,1,3,6,9,6,34,5,6,27,3,2,13,0,9,18,46,35,9,2,11,1,10,16,0,2,33,52,0,23,5,4,16,2,8,13,5,2,0,7,3,7,10,2,3,0,5,19,27,0,14,0,2,20,15,4
2764,0,5,19,3,25,1,9,27,0,5,9,21,10,19,24,8,28,8,6,11,28,0,0,7,1,27,56,1,3,3,18,21,0,1,16,49,0,5,7,14,4,1,3,6,9,6,34,5,6,27,3,2,13,0,9,18,46,35,9,2,11,1,10,16,0,2,33,52,0,23,5,4,16,2,8,13,5,2,0,7,3,7,10,2,2,0,5,19,27,0,15,0,2,20,15,4
2765,0,5,18,3,25,1,9,27,0,5,9,21,10,19,24,8,28,8,6,11,29,0,0,7,1,27,57,1,3,3,18,22,0,1,16,48,0,5,7,13,4,1,3,6,9,6,34,5,5,27,3,2,13,0,9,18,46,35,9,2,11,1,10,16,0,2,33,52,0,23,5,4,16,2,8,13,5,2,0,7,3,7,10,2,2,0,5,19,27,0,15,0,2,21,15,4
2766,0,5,18,3,25,1,9,27,0,5,9,21,10,19,24,8,28,8,6,11,29,0,0,7,1,27,57,1,3,3,18,22,0,1,16,48,0,5,8,13,4,1,3,6,10,6,34,5,5,27,3,2,13,0,9,18,46,35,9,2,11,1,10,16,0,2,33,51,0,23,5,4,16,2,8,13,4,2,0,7,3,7,11,2,2,0,5,19,27,0,15,0,2,21,15,4
2767,0,5,18,3,25,1,9,27,0,5,9,21,10,19,23,8,28,8,6,11,29,0,0,7,1,27,57,1,3,3,17,22,0,1,16,48,0,5,9,13,4,1,3,6,10,6,34,5,5,27,3,2,12,0,9,18,46,35,9,2,11,1,10,16,0,2,33,51,0,23,5,4,16,2,8,13,4,2,0,6,3,7,11,2,2,0,5,19,27,0,15,0,2,21,15,4
2768,0,5,18,3,25,1,9,27,0,5,9,21,10,19,23,8,28,8,6,11,29,0,0,7,1,27,57,1,3,3,17,22,0,1,16,47,0,5,9,13,4,1,3,6,10,6,34,5,5,27,3,2,12,0,9,18,46,35,9,2,12,1,10,16,0,2,33,51,0,23,5,4,16,2,8,13,4,2,0,6,3,7,11,2,2,0,5,19,27,0,15,0,2,21,15,4
2769,0,4,18,3,25,1,9,27,0,5,10,21,10,19,23,8,28,8,6,11,29,0,0,7,1,27,57,1,3,3,17,22,0,1,16,47,0,5,9,13,4,1,3,6,10,6,34,5,5,27,3,2,12,0,9,18,46,35,9,1,13,1,10,15,0,2,33,51,0,22,5,4,16,2,8,13,4,2,0,6,3,7,11,2,2,0,5,19,28,0,15,0,2,21,15,4
2770,0,4,18,3,25,1,9,27,0,5,10,20,10,19,23,8,29,8,6,11,29,0,0,7,1,27,57,1,3,3,17,23,0,1,16,46,0,5,9,13,4,1,3,6,10,6,34,5,5,27,3,2,12,0,9,18,46,35,9,1,14,1,9,15,0,2,33,51,0,22,5,4,16,2,8,13,4,2,0,6,3,7,11,2,2,0,5,19,28,0,15,0,2,21,15,4
2771,0,4,18,3,24,1,9,27,0,5,10,20,10,19,22,8,29,8,6,11,29,0,0,7,1,27,57,1,3,3,17,23,0,1,16,47,0,5,9,12,4,1,3,6,11,6,34,5,5,28,3,2,12,0,9,18,46,35,9,1,14,1,9,15,0,2,33,51,0,22,5,4,16,2,8,13,4,2,0,6,3,7,11,2,2,0,7,19,28,0,15,0,2,21,15,4
2772,0,4,18,3,24,1,9,27,0,5,10,20,10,18,22,8,29,8,6,10,30,0,0,8,1,27,57,1,3,3,17,23,0,1,16,47,0,5,9,12,4,1,3,6,11,6,33,5,5,28,3,2,12,0,9,18,46,35,9,1,13,1,9,15,0,2,33,51,0,22,5,4,16,2,8,13,4,2,0,6,3,7,11,2,2,0,7,19,28,0,15,0,2,20,15,4
2773,0,4,18,3,24,1,9,27,0,6,10,20,10,18,22,8,29,9,6,10,30,0,0,8,1,27,56,1,3,3,17,23,0,1,16,47,0,5,9,12,4,1,3,6,11,6,33,5,5,28,3,2,12,0,9,18,46,35,9,1,13,1,9,15,0,2,35,51,0,22,5,4,16,2,8,13,4,2,0,6,3,7,11,2,2,0,7,19,28,0,15,0,2,20,16,4
2774,0,4,18,3,24,1,9,27,0,6,10,20,10,18,22,9,29,9,6,10,30,0,0,8,1,28,56,1,3,3,17,23,0,1,16,47,0,5,9,12,4,1,3,6,11,6,33,5,5,28,3,2,12,0,9,18,46,35,9,1,13,1,9,15,0,2,35,51,0,22,5,4,15,2,8,13,4,2,0,6,3,7,11,2,2,0,7,19,28,0,15,0,2,20,16,4
2775,0,4,17,3,24,1,9,27,0,6,10,20,10,18,22,9,29,9,6,10,30,0,0,8,1,28,56,1,3,3,17,23,0,1,16,47,0,5,9,12,4,1,3,6,11,6,33,5,5,28,3,2,12,0,9,18,46,34,9,1,13,1,9,15,0,2,35,51,0,22,5,4,15,2,8,13,4,2,0,6,3,7,11,2,2,0,7,19,27,0,15,0,2,20,16,4
2776,0,4,17,3,24,1,9,28,0,6,10,20,11,18,22,9,29,9,6,10,30,0,1,8,1,28,56,1,3,3,17,23,0,1,16,47,0,5,9,12,4,1,3,6,11,6,33,5,5,28,3,2,12,0,9,18,46,34,9,1,13,1,10,15,0,2,35,51,0,22,5,4,15,2,8,13,4,2,0,6,3,7,11,2,2,0,7,19,27,0,15,0,2,20,17,4
2777,0,4,17,3,24,1,9,28,0,6,10,20,11,18,22,9,29,9,6,10,29,0,1,8,1,28,56,1,3,3,17,23,0,1,16,47,0,5,9,12,4,1,3,6,11,6,33,5,5,28,3,2,12,0,9,18,46,34,9,0,13,1,10,15,0,2,35,51,0,22,5,3,15,2,8,13,4,2,0,6,3,7,11,2,2,0,7,19,27,0,15,0,2,20,17,4
2778,0,4,17,3,24,1,9,27,0,6,10,20,11,18,22,9,29,9,6,10,29,0,1,8,1,28,56,1,3,3,17,23,0,1,16,46,0,5,9,12,4,1,3,7,11,6,33,5,5,28,3,2,12,0,9,18,45,34,9,0,13,1,10,15,0,2,35,51,0,22,6,3,15,2,8,13,4,2,0,6,3,7,11,2,2,0,7,19,27,0,15,0,2,20,17,4
2779,0,4,17,3,24,1,9,27,0,6,10,20,11,18,22,9,29,9,6,10,29,0,1,8,1,28,55,1,3,3,17,23,0,1,16,46,0,5,9,12,4,1,3,7,11,6,33,6,5,28,3,2,12,0,9,18,45,34,9,0,13,1,10,15,0,2,35,50,0,22,6,3,15,2,8,13,4,2,0,6,3,7,11,2,2,0,7,19,27,0,15,0,2,20,17,4
2780,0,4,17,3,24,1,9,27,0,6,10,20,11,18,22,9,27,9,6,10,30,0,1,8,1,28,55,1,3,3,17,23,0,1,16,46,0,5,9,12,4,1,4,7,11,6,33,6,5,28,3,2,12,0,9,19,45,34,9,0,13,1,10,15,0,2,34,48,0,22,6,3,15,2,8,13,4,2,0,6,3,7,11,2,2,0,7,19,27,0,16,0,2,20,17,4
2781,0,4,17,3,24,1,9,27,0,6,10,20,11,19,22,9,27,9,6,11,30,0,1,9,1,28,55,1,3,3,17,24,0,1,16,46,0,5,9,12,4,1,4,7,11,6,33,6,5,28,3,2,12,0,9,19,45,34,9,0,13,1,10,15,0,2,34,48,0,22,6,3,15,2,8,13,4,2,0,6,3,7,11,2,2,0,7,19,27,0,16,0,2,20,16,4
2782,0,4,17,4,24,1,9,26,0,6,11,20,11,18,22,9,26,9,6,11,30,0,1,9,1,28,55,1,3,3,17,24,0,1,16,46,0,5,9,13,4,1,4,7,11,6,33,6,5,28,3,2,12,0,9,19,45,34,9,0,13,1,10,15,0,2,34,47,0,22,6,3,15,2,8,13,4,2,0,6,3,7,11,2,2,0,7,19,27,0,16,0,2,21,16,4
2783,0,4,18,4,24,1,9,26,0,6,11,20,11,17,22,9,25,9,6,11,30,0,1,9,1,28,56,1,3,3,17,24,0,1,16,46,0,4,9,13,4,1,4,7,12,6,33,6,5,28,3,2,12,0,9,19,45,33,9,0,13,1,10,15,0,2,35,47,0,22,6,3,15,2,8,13,4,2,0,6,3,7,11,2,2,0,7,19,26,0,16,0,2,21,16,4
2784,0,4,18,4,24,1,9,26,0,6,11,20,11,18,22,9,25,9,7,11,30,0,1,9,1,28,55,1,3,3,17,24,0,1,16,45,0,4,9,13,4,1,4,6,12,6,33,6,5,28,3,2,12,0,9,19,45,33,9,0,13,1,9,15,0,2,35,47,0,22,6,3,15,2,8,13,4,2,0,6,3,7,11,2,2,0,7,19,26,0,16,0,2,21,16,4
2785,0,4,18,4,24,1,10,26,0,6,11,20,11,20,22,9,25,9,7,11,30,0,1,9,1,28,55,1,3,3,17,24,0,1,16,46,0,4,10,13,4,1,4,6,12,6,33,6,5,28,3,2,12,0,9,19,45,33,9,0,13,1,9,15,0,2,35,46,0,22,6,3,15,2,8,13,4,2,0,6,3,7,11,2,2,0,7,19,26,0,16,0,2,21,16,4
2786,0,4,19,4,24,1,10,27,0,6,11,19,11,20,22,9,25,9,7,12,29,0,1,9,0,28,56,1,3,3,17,24,0,1,16,47,0,4,10,13,4,1,4,6,12,6,32,6,5,28,3,2,12,0,9,19,45,34,9,0,13,1,9,15,0,2,35,46,0,22,6,3,15,2,8,13,4,2,0,6,3,7,11,2,2,0,7,19,26,0,15,0,2,21,16,4
2787,0,4,19,4,24,1,10,27,0,6,11,19,11,20,22,9,25,9,7,12,29,0,1,9,0,28,56,1,3,3,17,25,0,1,16,47,0,4,11,13,4,1,4,6,12,6,32,6,5,28,3,2,12,0,9,18,45,34,9,0,13,1,9,15,0,2,35,47,0,22,6,3,15,2,8,13,4,2,0,6,3,7,11,2,2,0,7,19,26,0,15,0,2,21,16,4
2788,0,4,19,4,24,1,10,27,0,6,11,19,11,19,22,9,25,9,7,12,29,0,1,9,0,28,56,1,3,3,17,26,0,1,16,47,0,4,11,12,4,1,4,6,13,6,32,6,5,28,3,2,12,0,9,18,45,33,9,0,13,1,9,15,0,2,35,47,0,22,6,3,15,2,8,13,4,2,0,6,3,7,11,2,2,0,7,19,26,0,15,0,2,22,16,4
2789,0,4,18,4,24,1,10,27,0,6,11,19,11,19,22,9,25,9,7,12,28,0,1,9,0,28,57,1,3,3,17,26,0,1,16,47,0,4,11,12,4,1,4,6,13,6,32,6,5,28,3,2,11,0,9,18,45,33,9,0,13,1,9,15,0,2,35,47,0,22,6,3,15,2,8,13,4,2,0,6,3,7,11,2,2,0,7,19,26,0,15,0,2,22,16,4
2790,0,4,18,4,24,1,10,27,0,6,11,18,11,19,22,9,25,9,7,12,28,0,1,9,0,28,56,1,3,3,17,25,0,1,16,48,0,4,11,12,4,1,4,6,13,6,32,6,5,28,3,2,11,0,9,18,44,33,9,0,13,1,9,15,0,2,36,47,0,22,6,3,15,2,8,13,4,2,0,6,3,7,11,2,2,0,7,19,26,0,15,0,2,22,16,4
2791,0,4,18,4,24,1,10,28,0,6,11,18,11,19,22,9,24,10,7,12,28,0,1,9,0,28,56,1,3,3,17,25,0,1,16,49,0,4,11,12,4,1,4,6,13,6,32,6,5,28,3,2,11,0,8,18,44,33,9,0,13,1,9,15,0,2,37,47,0,22,6,3,15,2,8,13,4,2,0,6,3,7,10,2,2,0,7,19,26,0,15,0,2,21,16,4
2792,0,4,18,4,24,1,10,28,0,6,11,18,11,18,22,9,24,10,7,12,28,0,1,9,0,28,56,1,3,3,17,25,0,1,16,51,0,4,11,12,4,1,4,6,13,6,32,6,5,28,3,2,11,0,8,18,44,33,9,0,13,1,9,15,0,2,37,47,0,23,6,3,15,2,8,13,4,2,0,6,3,7,10,2,2,0,7,19,25,0,15,0,2,20,16,4
2793,0,4,18,4,24,1,10,28,0,6,11,18,11,18,22,9,24,10,7,12,28,0,1,9,0,28,56,1,3,3,17,25,0,1,16,51,0,4,11,12,4,1,4,6,13,6,32,6,5,28,3,2,11,0,8,18,44,33,9,0,13,1,9,15,0,2,37,47,0,23,6,3,15,2,8,13,4,2,0,6,3,7,10,2,2,0,7,19,25,0,15,0,2,20,16,4
2794,0,4,18,4,24,1,10,28,0,6,11,19,11,18,22,9,24,10,7,12,28,0,1,9,0,28,55,1,3,2,17,25,0,1,15,51,0,4,11,13,4,1,4,6,13,6,32,6,5,28,2,2,11,0,8,17,44,33,9,0,13,1,9,15,0,2,37,48,0,22,6,3,15,2,8,13,4,2,0,6,3,7,10,2,2,0,7,19,25,0,15,0,2,20,16,4
2795,0,4,18,4,23,1,10,28,0,6,11,18,11,18,22,9,25,10,7,12,28,0,1,9,0,28,55,1,3,2,17,25,0,1,15,51,0,4,11,13,5,1,4,6,13,6,33,6,5,28,2,2,11,0,8,17,44,33,9,0,13,1,9,15,0,2,37,48,0,22,6,3,15,2,8,13,4,2,0,6,4,7,10,2,2,0,7,19,25,0,15,0,2,20,16,4
2796,0,4,18,4,23,1,10,27,0,6,11,17,11,18,22,9,25,10,7,12,28,0,1,9,0,29,55,1,3,2,17,25,0,1,15,51,0,4,11,13,5,1,4,6,13,6,33,6,5,28,2,2,11,0,8,17,44,33,9,0,13,1,9,15,0,2,37,48,0,22,6,3,15,2,8,13,4,2,0,6,4,7,10,2,2,0,7,19,25,0,15,0,2,21,16,4
2797,0,4,18,4,23,1,10,27,0,6,11,17,11,18,21,9,25,10,7,12,28,0,1,9,0,29,54,1,3,2,16,25,0,1,15,51,0,4,11,13,5,1,4,6,13,6,33,6,5,28,2,2,11,0,8,17,44,33,9,0,13,1,9,15,0,2,38,47,0,22,6,3,15,2,8,13,4,2,0,6,4,7,10,2,2,0,7,19,24,0,15,0,2,21,16,4
2798,0,4,18,4,23,1,10,27,0,6,11,17,11,18,21,9,25,10,7,12,28,0,1,9,0,29,54,1,3,2,16,25,0,1,15,51,0,4,11,13,5,1,4,6,13,6,33,6,5,28,2,2,11,0,8,17,44,33,9,0,13,1,9,14,0,2,38,46,0,22,6,3,15,2,8,13,4,2,0,6,4,7,10,2,2,0,7,20,24,0,15,0,2,21,15,4
2799,0,4,18,4,23,1,10,27,0,6,10,17,11,18,21,9,25,10,7,12,27,0,1,9,0,29,54,1,3,2,16,25,0,1,15,51,0,4,11,13,5,1,4,6,14,6,33,6,5,27,2,2,11,0,8,17,44,33,9,0,13,1,9,14,0,2,38,46,0,22,6,3,15,2,8,13,4,2,0,6,4,8,10,2,2,0,7,20,24,0,15,0,2,21,15,4
2800,0,4,18,4,23,1,10,27,0,6,10,17,11,18,21,9,25,10,8,12,27,0,1,9,0,29,54,1,3,2,16,25,0,1,15,51,0,4,11,13,5,1,4,7,14,6,33,6,5,27,2,2,11,0,8,17,44,34,9,0,13,1,9,14,0,2,38,46,0,22,6,3,15,2,8,13,4,2,0,6,4,8,10,2,2,0,7,21,24,0,15,0,2,21,15,4
2801,0,4,19,4,23,1,10,27,0,6,10,17,11,18,21,9,25,10,8,12,27,0,1,9,0,29,54,1,3,2,16,25,0,1,16,52,0,4,11,13,4,1,4,7,14,5,32,6,5,27,2,2,11,0,8,17,44,34,9,0,13,1,9,14,0,2,38,46,0,22,6,3,15,2,8,13,4,2,0,6,4,8,10,2,2,0,7,21,24,0,15,0,2,21,15,4
2802,0,4,19,4,23,1,10,27,0,6,10,17,11,18,21,9,25,10,7,12,27,0,1,9,0,29,54,1,3,2,16,25,0,1,16,52,0,4,11,13,4,1,4,7,14,5,32,6,5,27,2,2,11,0,8,17,44,34,9,0,13,1,9,14,0,2,38,46,0,22,6,3,16,2,8,13,4,2,0,6,4,8,10,2,2,0,7,21,24,0,15,0,2,21,15,4
2803,0,4,19,4,23,1,11,27,0,6,10,17,11,18,21,9,25,10,7,12,27,0,1,9,0,29,54,1,3,2,16,26,0,1,16,52,0,4,11,13,4,1,4,7,14,5,32,6,5,27,2,2,11,0,8,17,44,34,9,0,13,1,9,14,0,2,37,45,0,22,6,3,16,2,8,13,4,2,0,6,4,8,10,2,2,0,7,21,24,0,15,0,2,21,15,4
2804,0,4,19,4,23,1,11,27,0,6,10,17,11,18,21,9,25,10,7,11,27,0,1,9,0,29,55,1,3,2,16,26,0,1,16,52,0,4,11,13,4,1,4,7,14,5,32,6,5,27,2,2,11,0,8,18,44,34,9,0,13,1,9,14,0,2,37,45,0,22,6,3,16,2,8,13,4,2,0,6,4,8,10,2,2,0,7,21,24,0,15,0,2,21,15,4
2805,0,4,19,4,23,1,11,27,0,6,10,17,11,18,21,10,25,10,7,11,26,0,1,9,0,31,54,1,3,2,16,25,0,1,16,52,0,4,11,13,4,1,4,7,14,5,32,6,5,27,2,2,11,0,8,18,44,34,9,0,13,1,9,14,0,2,37,45,0,22,6,3,15,2,8,13,4,2,0,6,4,8,10,2,2,0,6,21,24,0,15,0,2,21,15,4
2806,0,4,19,4,23,1,11,27,0,6,10,17,12,18,21,11,25,10,7,11,25,0,1,9,0,30,54,1,3,2,16,25,0,1,16,52,0,4,11,13,4,1,4,7,14,5,32,6,5,27,2,2,11,0,8,18,44,34,9,0,13,1,9,14,0,2,37,45,0,22,6,3,15,2,8,13,4,2,0,6,4,9,10,2,2,0,6,21,24,0,15,0,2,21,15,4
2807,0,4,19,4,23,1,11,27,0,6,10,17,12,18,21,11,25,10,7,11,25,0,1,9,0,30,54,1,3,2,16,24,0,1,16,52,0,4,11,13,4,1,4,7,14,5,31,6,5,27,2,2,11,0,8,18,44,34,9,0,13,1,9,14,0,2,37,45,0,22,6,3,15,2,9,13,4,2,0,6,4,9,10,2,2,0,6,21,24,0,16,0,2,21,15,4
2808,0,4,19,4,23,1,11,27,0,6,11,17,12,18,21,11,25,10,7,11,25,0,1,9,0,30,53,1,3,2,16,24,0,1,18,52,0,4,11,13,4,1,4,7,14,5,31,6,5,27,2,2,11,0,7,18,45,34,9,0,13,1,10,14,0,2,37,46,0,22,6,4,14,2,9,13,4,2,0,6,4,9,11,2,2,0,6,21,24,0,16,0,2,21,15,4
2809,0,4,19,4,23,1,11,28,0,6,11,17,12,18,21,11,25,10,7,11,25,0,1,9,0,30,53,1,3,2,16,24,0,1,18,52,0,4,11,13,4,1,4,7,14,5,31,6,5,26,2,2,11,0,7,18,45,34,9,0,13,1,10,14,0,2,36,46,0,22,6,4,14,2,9,13,4,2,0,6,4,9,10,3,2,0,6,21,23,0,16,0,2,21,15,4
2810,0,4,20,4,23,1,11,28,0,6,11,17,12,18,21,11,25,10,7,11,25,0,1,9,0,30,53,1,3,2,16,24,0,1,18,52,0,4,11,14,4,1,4,7,14,5,31,6,5,26,3,2,11,0,7,18,45,34,9,0,13,1,10,14,0,2,36,46,0,22,6,4,14,2,9,13,4,2,0,6,4,9,10,3,2,0,6,21,23,0,16,0,2,21,15,4
2811,0,4,20,4,23,1,11,28,0,6,11,17,12,18,21,11,25,10,7,11,25,0,1,9,0,30,54,1,3,2,17,24,0,1,18,52,0,4,11,14,4,1,4,7,14,5,31,6,5,26,3,2,11,0,7,18,45,35,9,0,13,1,10,14,0,2,36,46,0,22,6,4,14,2,9,13,4,2,0,6,4,9,10,3,2,0,6,21,24,0,16,0,2,21,15,4
2812,0,4,20,4,24,1,11,28,0,6,11,17,13,18,20,11,25,10,7,11,25,0,1,9,0,30,54,1,3,2,17,24,0,1,18,52,0,4,11,14,4,1,4,7,14,5,31,6,5,26,3,2,11,0,7,18,45,35,9,0,13,1,10,14,0,2,36,46,0,22,6,4,14,2,9,13,4,3,0,6,4,9,10,3,2,0,6,21,24,0,16,0,2,21,15,4
2813,0,4,20,4,24,1,11,28,0,6,11,17,13,18,20,11,25,10,7,11,25,0,1,9,0,30,54,1,3,2,17,24,0,1,18,52,0,4,11,15,4,1,4,7,14,5,32,6,5,25,3,2,11,0,7,17,45,35,9,0,13,1,10,14,0,2,37,46,0,22,6,4,14,2,9,13,4,3,0,6,4,9,10,3,2,0,6,21,24,0,14,0,2,21,15,4
2814,0,4,20,4,24,1,11,28,0,6,11,17,13,18,20,11,25,10,7,11,25,0,1,9,0,30,54,1,3,2,18,24,0,1,18,52,0,4,11,15,4,1,4,7,14,5,32,6,5,25,3,2,11,0,7,17,46,35,9,0,13,1,10,13,0,2,37,47,0,22,6,4,14,2,8,13,4,3,0,6,4,9,10,3,2,0,6,21,24,0,14,0,2,21,15,4
2815,0,4,20,4,25,1,11,28,0,6,11,17,13,18,19,11,25,10,7,11,25,0,1,9,0,30,53,1,3,2,18,24,0,1,18,52,0,4,11,15,4,1,4,7,14,5,32,6,5,25,3,2,11,0,7,17,46,35,9,0,13,1,10,13,0,2,37,47,0,22,6,4,14,2,8,13,4,3,0,6,4,9,10,3,2,0,6,21,24,0,14,0,2,21,15,4
2816,0,4,20,4,25,1,11,28,0,6,11,17,13,18,19,11,24,10,7,11,25,0,1,9,0,30,52,1,3,2,18,24,0,1,18,52,0,4,11,15,4,1,4,7,14,5,32,6,5,25,3,2,12,0,7,16,46,35,9,0,13,1,10,13,0,2,37,47,0,22,6,4,14,2,8,14,4,3,0,6,4,9,10,3,2,0,6,21,24,0,14,0,2,21,15,4
2817,0,4,20,4,24,1,11,28,0,6,12,17,13,18,19,11,24,10,7,11,25,0,1,9,0,30,51,1,3,2,18,23,0,1,18,52,0,4,11,15,4,1,4,7,14,5,33,6,5,25,3,2,12,0,7,16,46,35,9,0,13,1,10,13,0,2,37,47,0,22,6,4,14,2,8,14,4,3,0,6,4,10,10,3,2,0,6,21,24,0,14,0,2,21,15,4
2818,0,4,20,4,24,1,11,28,0,6,12,17,13,18,19,11,24,10,7,11,25,0,1,10,0,30,51,1,3,2,18,23,0,1,18,52,0,4,11,15,4,1,4,7,14,5,33,6,5,25,3,2,12,0,7,16,46,35,9,0,13,1,10,13,0,2,38,46,0,22,6,4,14,2,8,14,4,3,0,6,4,10,10,3,2,0,6,21,24,0,14,0,2,21,14,4
2819,0,4,20,4,23,1,11,28,0,6,12,17,13,18,19,12,24,10,7,11,25,0,1,10,0,30,51,1,3,2,18,23,0,1,19,52,0,4,11,15,4,1,4,7,14,5,33,6,5,25,3,2,12,0,7,16,47,36,9,0,13,1,10,13,0,2,38,45,0,22,6,4,13,2,8,13,4,3,0,6,4,10,10,3,2,0,6,21,24,0,14,0,2,21,13,4
2820,0,4,20,4,23,1,11,28,0,6,12,16,13,18,19,12,23,10,7,11,25,0,1,11,0,30,51,1,3,2,18,23,0,1,19,52,0,4,11,15,4,1,4,7,14,5,33,6,5,25,3,2,12,0,7,16,46,36,9,0,13,1,10,13,0,2,38,45,0,22,6,4,13,2,8,13,4,3,0,6,4,10,10,3,2,0,6,21,24,0,14,0,2,21,13,4
2821,0,4,20,4,23,1,11,28,0,6,12,16,13,18,19,12,23,10,6,11,25,0,1,11,0,30,51,1,3,2,18,23,0,1,19,53,0,4,11,16,4,1,4,7,14,5,33,6,5,25,3,2,12,0,7,15,45,36,9,0,13,1,10,13,0,2,38,45,0,22,6,4,13,2,8,13,4,3,0,6,4,10,10,3,2,0,6,21,24,0,14,0,2,21,13,4
2822,0,4,20,4,23,1,11,27,0,6,12,16,13,18,19,12,23,10,6,11,26,0,1,11,0,30,50,1,3,2,18,23,0,1,19,53,0,4,11,16,4,1,4,8,14,5,33,5,5,25,3,2,12,0,7,16,45,36,9,0,13,1,10,13,0,3,38,44,0,22,6,4,13,2,8,13,4,3,0,6,4,9,10,3,2,0,6,21,24,0,14,0,2,21,13,4
2823,0,4,20,4,23,1,11,26,0,6,12,16,13,18,19,12,23,10,6,12,26,0,1,11,0,30,50,1,3,2,18,23,0,1,19,53,0,4,11,16,4,1,4,8,15,5,33,4,5,25,3,2,12,0,7,17,45,36,9,0,13,1,10,13,0,3,38,44,0,22,6,4,13,2,8,13,4,3,0,6,4,9,10,3,2,0,6,21,24,0,14,0,2,21,13,4
2824,0,4,20,4,23,1,11,27,0,6,12,16,13,18,19,12,23,10,6,12,26,0,1,11,0,30,50,1,3,2,18,23,0,1,19,53,0,4,11,16,4,1,4,8,15,5,33,4,5,25,3,2,12,0,7,17,45,35,10,0,13,1,10,13,0,3,38,44,0,22,5,4,13,2,8,13,4,3,0,6,4,9,10,3,2,0,6,21,24,0,14,0,2,21,13,4
2825,0,4,19,4,23,1,11,27,0,6,12,16,13,18,19,12,23,9,6,12,26,0,1,11,0,30,50,1,3,2,18,23,0,1,19,53,0,4,11,16,5,1,4,8,15,5,33,4,5,25,3,2,12,0,7,17,45,35,10,0,13,1,10,13,0,3,39,44,0,23,5,4,13,2,8,13,4,3,0,6,4,9,10,3,2,0,6,21,24,0,14,0,2,21,13,4
2826,0,4,19,4,23,1,11,27,0,6,13,16,13,18,18,12,23,9,6,12,26,0,1,11,0,30,50,1,3,2,18,23,0,1,18,53,0,4,11,16,5,1,4,8,15,5,33,4,5,25,3,2,12,0,7,17,45,36,10,0,13,1,10,12,0,3,39,44,0,23,5,4,13,2,8,13,4,3,0,6,4,9,10,3,2,0,6,21,24,0,14,0,2,21,13,4
2827,0,4,19,4,23,1,11,28,0,6,13,16,13,18,18,12,23,9,6,12,26,0,1,11,0,30,50,1,3,2,18,23,0,1,18,54,0,4,11,16,5,1,4,8,15,5,33,4,5,25,3,2,12,0,7,17,45,37,10,0,13,1,10,12,0,3,39,44,0,23,6,4,13,2,8,13,4,3,0,6,4,9,10,3,2,0,5,21,24,0,14,0,2,21,13,4
2828,0,4,19,4,23,1,11,28,0,6,13,16,13,18,18,12,23,9,6,12,26,0,1,11,0,30,50,1,3,2,18,23,0,1,18,53,0,4,11,16,5,1,4,8,15,5,33,4,5,25,3,2,12,0,7,17,46,37,10,0,13,1,10,12,0,3,39,44,0,23,6,4,13,2,8,13,4,3,0,7,4,9,10,3,2,0,6,21,24,0,14,0,2,21,13,4
2829,0,5,19,4,23,1,11,29,0,6,13,16,13,18,18,12,23,9,6,12,26,0,1,11,0,30,50,1,3,2,18,23,0,1,18,54,0,4,11,16,5,1,4,8,15,5,33,4,5,25,3,2,12,0,7,17,46,37,10,0,13,1,10,12,0,3,39,45,0,23,6,4,13,2,8,13,4,3,0,7,4,9,10,3,2,0,6,21,24,0,14,0,2,21,13,4
2830,0,5,19,4,23,1,11,29,0,6,13,16,13,18,18,12,23,9,6,12,26,0,1,11,0,30,50,1,3,2,18,23,0,1,18,54,0,4,11,16,5,1,4,8,16,5,33,4,5,25,3,2,12,0,7,17,46,37,10,0,13,1,10,12,0,3,38,45,0,23,6,4,13,2,8,13,4,3,0,7,5,9,10,3,2,0,6,21,24,0,14,0,2,21,13,4
2831,0,5,19,4,23,1,11,29,0,6,13,15,13,18,18,12,23,9,6,12,25,0,1,11,0,30,50,1,3,2,18,23,0,1,18,54,0,4,11,16,5,1,4,8,16,5,32,4,5,25,3,2,12,0,7,17,46,37,10,0,13,1,10,12,0,3,38,45,0,23,6,3,13,2,8,13,4,3,0,7,5,9,10,3,2,0,6,21,23,0,14,0,2,22,13,4
2832,0,5,19,4,23,1,11,29,0,6,13,15,13,18,19,12,23,9,6,12,25,0,1,11,0,30,50,1,3,2,18,23,0,1,18,54,0,4,11,15,5,1,4,8,16,5,32,5,5,25,3,2,12,0,7,17,46,37,10,0,13,1,11,12,0,3,38,45,0,23,6,3,13,2,9,13,4,3,0,7,5,9,10,3,2,0,6,21,23,0,14,0,2,22,13,4
2833,0,5,18,4,23,1,11,29,0,6,13,15,13,19,18,12,23,9,6,12,25,0,1,11,0,30,50,1,3,2,18,23,0,1,18,54,0,4,11,15,6,1,4,8,16,5,32,5,5,25,3,2,12,0,7,17,46,37,10,0,13,1,11,12,0,3,38,45,0,23,6,3,13,2,9,13,4,3,0,7,5,9,10,3,2,0,6,21,23,0,14,0,2,22,13,4
2834,0,5,18,4,23,1,11,29,0,6,13,15,13,19,18,12,24,8,6,12,25,0,1,11,0,30,49,1,3,2,18,23,0,1,18,54,0,4,11,15,6,1,4,8,16,5,32,5,5,25,3,2,12,0,7,17,46,37,10,0,13,1,11,12,0,3,38,45,0,23,6,3,13,2,9,13,4,3,0,7,5,9,10,3,2,0,6,20,22,0,14,0,2,23,13,4
2835,0,5,18,4,23,1,9,29,0,6,13,15,13,19,18,12,24,8,6,12,26,0,1,11,0,30,49,1,3,2,18,23,0,1,19,54,0,4,11,14,6,1,4,8,16,5,32,5,5,25,3,2,12,0,7,17,46,36,10,0,13,1,11,12,0,3,38,45,0,23,6,3,13,2,9,13,4,3,0,7,5,9,10,3,2,0,6,20,22,0,14,0,2,23,13,4
2836,0,5,18,4,23,1,9,29,0,6,13,15,13,19,18,12,25,8,6,12,26,0,1,11,0,29,48,1,3,2,18,23,0,1,19,54,0,4,11,14,6,1,4,8,16,5,31,5,5,26,3,2,12,0,7,17,47,37,10,0,13,1,11,12,0,3,38,45,0,23,6,3,13,2,9,13,4,3,0,7,5,9,10,3,2,0,6,20,22,0,14,0,2,23,13,4
2837,0,5,18,4,23,1,9,29,0,6,13,15,13,19,18,12,25,8,6,12,26,0,1,11,0,29,48,1,3,2,18,23,0,1,19,54,0,4,11,14,6,1,4,8,16,5,31,5,6,26,3,2,12,0,7,17,47,37,10,0,13,1,11,12,0,3,38,46,0,24,6,4,13,2,9,13,4,3,0,7,5,9,10,3,2,0,6,20,22,0,15,0,2,23,13,4
2838,0,5,18,4,23,1,9,29,0,6,13,15,13,19,17,12,25,8,6,12,26,0,1,11,0,29,47,1,3,2,18,23,0,1,18,54,0,4,12,13,6,1,4,8,16,5,31,5,6,25,3,2,12,0,7,17,47,37,10,0,13,1,11,12,0,3,38,46,0,24,6,4,13,2,9,13,4,3,0,7,5,9,10,3,2,0,6,20,22,0,15,0,2,23,13,4
2839,0,5,18,4,23,1,9,29,0,6,13,15,14,19,17,12,25,8,6,12,26,0,1,11,0,29,47,1,3,2,17,24,0,1,19,54,0,4,12,13,6,1,4,8,16,5,31,5,6,25,3,2,12,0,7,17,47,37,10,0,13,1,11,12,0,3,38,46,0,23,6,4,13,2,9,13,4,3,0,7,5,9,10,3,2,0,6,20,23,0,15,0,2,23,13,4
2840,0,5,18,5,23,1,9,29,0,6,13,15,14,19,17,12,25,8,6,12,26,0,1,11,0,29,47,1,3,2,17,24,0,1,19,54,0,4,12,13,6,1,4,8,16,5,31,5,6,25,3,2,12,0,7,17,47,37,9,0,13,1,11,12,0,3,38,46,0,23,6,4,13,2,9,13,4,3,0,7,5,9,10,3,2,0,6,20,23,0,15,0,2,23,13,4
2841,0,5,18,5,23,1,9,29,0,6,13,15,14,19,17,12,25,8,6,12,26,0,1,11,0,29,48,1,3,2,17,24,0,1,19,54,0,4,12,13,6,1,4,8,16,5,31,5,6,26,3,2,12,0,7,17,47,37,9,0,13,1,11,12,0,3,37,46,0,23,6,4,13,2,9,12,4,3,0,7,5,9,10,3,2,0,6,19,24,0,15,0,2,23,13,4
2842,0,5,18,5,23,1,9,29,0,6,13,15,14,19,17,12,25,9,6,11,26,0,1,11,0,29,48,1,3,2,17,24,0,1,19,54,0,4,12,13,6,1,4,8,16,5,31,5,6,26,3,2,12,0,7,17,47,37,9,0,13,1,11,12,0,3,37,46,0,23,6,4,13,2,9,12,4,3,0,7,5,9,10,3,2,0,6,19,24,0,15,0,2,23,13,4
2843,0,5,18,5,23,1,8,29,0,6,13,15,14,19,17,12,25,9,6,11,26,0,1,11,0,29,48,1,3,2,17,24,0,1,19,54,0,4,12,13,6,1,4,9,16,5,31,5,6,26,3,2,12,0,7,17,47,37,9,0,13,1,11,12,0,3,37,46,0,23,6,4,13,2,9,13,4,3,0,7,5,9,10,3,2,0,6,19,24,0,15,0,2,23,13,4
2844,0,5,18,5,23,1,8,29,0,6,13,15,14,19,17,12,25,9,6,11,26,0,1,11,0,29,48,1,3,2,17,24,0,1,19,54,0,4,12,13,6,1,4,9,16,5,31,5,6,26,3,2,12,0,7,16,47,37,9,0,13,1,11,12,0,3,37,46,0,23,6,4,13,2,9,13,4,3,0,7,5,9,10,3,2,0,6,19,24,0,15,0,2,23,13,4
2845,0,5,18,5,22,1,8,29,0,6,13,15,14,19,16,12,26,9,6,11,26,0,1,11,0,29,48,1,3,2,17,24,0,1,19,54,0,4,12,13,6,1,4,9,17,5,31,5,6,26,3,2,12,0,6,16,47,37,9,0,13,1,11,12,0,3,37,46,0,23,6,4,13,2,9,13,4,3,0,7,5,9,9,3,2,0,6,19,24,0,15,0,2,23,13,4
2846,0,5,18,5,22,1,8,29,0,6,13,15,14,19,16,12,25,9,6,11,26,0,1,12,0,29,48,1,3,2,18,24,0,1,19,54,0,4,12,13,6,1,4,9,17,5,31,5,6,26,3,2,11,0,6,16,47,37,9,0,13,1,11,12,0,3,37,46,0,23,6,4,13,2,9,13,4,3,0,7,5,9,9,3,2,0,6,19,25,0,15,0,2,23,13,3
2847,0,5,18,5,22,1,8,29,0,6,13,15,14,19,16,12,25,9,6,11,26,0,1,12,0,29,48,1,3,2,18,24,0,1,19,54,0,4,12,13,6,1,4,9,17,5,31,5,6,26,3,2,11,0,6,16,47,37,9,0,13,1,11,12,0,3,37,46,0,23,6,4,13,2,10,13,4,4,0,7,5,9,9,3,2,0,6,19,25,0,15,0,2,23,13,3
2848,0,5,18,5,22,1,8,30,0,6,13,15,14,19,16,11,25,9,6,11,26,0,1,12,0,29,47,1,3,2,18,24,0,1,20,54,0,4,12,13,6,1,3,9,17,5,31,5,6,26,3,2,11,0,5,16,47,37,9,0,13,1,11,12,0,3,37,46,0,23,6,4,13,2,10,13,4,4,0,7,5,9,8,3,2,0,6,19,25,0,15,0,2,23,13,3
2849,0,5,18,5,22,1,8,30,0,6,13,15,14,19,16,11,25,9,7,11,26,0,1,12,0,29,47,1,3,2,18,24,0,1,20,54,0,4,12,13,6,1,3,9,18,5,31,5,6,26,3,2,11,0,5,17,47,37,9,0,13,1,11,12,0,3,37,45,0,23,7,4,13,2,10,13,4,4,0,6,5,9,8,3,2,0,6,19,25,0,15,0,1,23,13,3
2850,0,5,18,5,22,1,8,30,0,6,13,15,14,19,16,11,25,9,7,11,26,0,1,12,0,29,47,1,3,2,18,24,0,1,21,54,0,4,12,13,5,1,3,9,18,5,31,5,6,26,3,2,11,0,5,17,47,37,9,0,13,1,11,12,0,3,37,44,0,23,7,4,13,2,10,13,4,4,0,6,5,9,8,3,2,0,6,19,25,0,15,0,1,23,13,3
2851,0,5,18,5,22,1,8,30,0,6,13,15,14,19,16,11,25,9,7,11,26,0,1,12,0,29,47,1,3,2,18,24,0,1,21,54,0,4,12,13,5,1,3,9,18,5,31,5,6,26,3,2,11,0,5,17,47,37,9,0,13,1,11,12,0,3,37,44,0,23,7,4,13,2,10,13,4,4,0,6,5,9,8,3,2,0,6,19,25,0,15,0,1,23,13,3
2852,0,5,18,5,22,1,8,30,0,6,13,15,14,19,16,11,25,9,7,11,26,0,1,11,0,29,46,1,3,2,18,24,0,1,21,54,0,4,12,13,5,1,3,9,18,5,31,5,6,26,4,2,11,0,5,17,47,37,8,0,12,1,11,12,0,3,36,44,0,23,7,4,13,2,10,13,4,4,0,6,5,9,8,3,2,0,6,19,25,0,15,0,1,23,13,3
2853,0,5,18,5,22,1,8,30,0,6,13,15,14,18,16,11,25,9,7,11,26,0,1,11,0,29,47,1,3,2,18,24,0,1,21,54,0,4,12,13,5,1,3,9,18,5,31,5,6,26,4,2,11,0,5,17,46,37,8,0,12,1,12,11,0,3,36,44,0,22,7,4,13,2,10,13,4,4,0,6,5,9,8,3,2,0,6,19,25,0,15,0,1,23,13,3
2854,0,5,18,5,22,1,8,30,0,6,13,16,14,18,16,11,26,9,7,11,26,0,1,11,0,29,47,1,3,2,18,24,0,1,21,53,0,4,12,13,5,1,3,9,18,5,31,5,6,26,4,2,11,0,5,16,48,37,8,0,12,1,12,11,0,3,36,43,0,22,7,4,13,2,10,12,4,4,0,6,5,9,8,3,2,0,6,19,25,0,15,0,1,23,13,3
2855,0,5,18,5,22,1,8,30,0,6,13,16,14,18,16,11,26,9,7,11,26,0,1,11,0,29,47,1,3,2,18,24,0,1,21,53,0,4,12,13,5,1,3,9,18,5,31,5,6,26,4,2,11,0,5,16,48,37,8,0,12,1,12,11,0,3,36,43,0,22,7,4,13,2,10,12,4,4,0,6,5,9,8,3,2,0,6,19,25,0,15,0,1,23,13,3
2856,0,5,18,5,23,1,8,30,0,6,13,16,14,18,16,11,26,9,7,11,27,0,1,11,0,29,47,1,3,2,18,24,0,1,21,54,0,4,13,13,5,1,3,9,18,5,31,5,6,26,4,2,11,0,5,16,48,37,8,0,12,1,12,11,0,3,35,43,0,22,7,4,13,1,10,12,4,4,0,6,5,9,8,3,2,0,6,19,25,0,15,0,1,23,13,3
2857,0,5,18,5,23,1,8,30,0,6,13,16,14,18,16,11,26,9,7,11,27,0,1,11,0,28,47,1,3,2,18,24,0,1,21,53,0,4,13,13,5,1,3,9,18,5,31,5,6,26,4,2,11,0,5,16,48,37,8,0,12,1,12,11,0,3,35,43,0,23,7,4,13,1,10,12,4,4,0,6,5,9,8,3,2,0,6,19,25,0,15,0,1,23,13,3
2858,0,5,18,5,23,1,8,30,0,6,13,16,14,18,16,11,26,9,7,11,27,0,1,11,0,28,47,1,3,2,18,24,0,1,21,53,0,4,13,13,5,1,3,9,18,5,31,5,6,26,4,2,11,0,5,16,47,37,8,0,12,1,12,11,0,3,35,42,0,23,7,4,13,1,10,13,4,4,0,6,5,9,8,3,2,0,6,19,25,0,15,0,1,23,13,3
2859,0,5,18,6,23,1,8,30,0,6,13,16,14,18,16,11,26,9,7,11,27,0,1,11,0,27,47,1,3,2,18,24,0,1,21,53,0,4,13,13,5,1,3,9,18,5,32,5,6,26,4,2,11,0,5,16,47,38,8,0,12,1,12,11,0,3,35,42,0,23,7,4,13,1,10,13,4,4,0,6,5,9,8,3,2,0,6,19,25,0,15,0,1,23,13,3
2860,0,5,17,6,23,1,8,30,0,6,13,16,14,18,16,11,26,9,7,11,27,0,1,11,0,27,47,1,3,2,18,24,0,1,21,53,0,4,13,13,5,1,3,9,18,5,32,5,6,26,4,2,11,0,5,16,47,38,8,0,12,1,12,11,0,3,35,42,0,23,7,4,13,1,10,13,4,4,0,6,5,10,8,3,2,0,6,19,25,0,15,0,1,23,13,3
2861,0,5,17,6,23,1,8,30,0,6,13,16,14,18,17,11,26,9,7,11,27,0,1,11,0,27,46,1,3,2,18,24,0,1,22,54,0,4,14,13,5,1,3,9,18,5,32,5,7,26,4,2,11,0,5,16,47,37,8,0,12,1,12,11,0,3,36,42,0,23,7,4,13,1,10,13,4,4,0,6,5,10,8,3,2,0,6,19,25,0,15,0,1,23,13,3
2862,0,5,17,6,22,1,8,30,0,6,13,16,14,18,17,11,26,9,7,11,27,0,1,11,0,27,46,1,3,2,18,24,0,1,22,54,0,4,14,13,5,1,3,9,18,5,32,5,7,26,4,2,11,0,5,16,47,38,8,0,12,1,12,11,0,3,36,42,0,23,7,4,13,1,10,13,4,4,0,6,5,10,9,4,2,0,6,18,25,0,15,0,1,23,13,3
2863,0,5,17,6,22,1,8,30,0,6,13,16,14,18,17,11,26,9,7,11,27,0,1,11,0,27,46,1,3,2,18,24,0,1,22,55,0,4,14,13,5,1,3,9,18,5,32,4,7,26,4,2,11,0,5,16,47,38,8,0,12,1,12,11,0,3,36,42,0,23,7,4,13,1,10,13,2,4,0,6,5,10,9,4,2,0,6,18,25,0,15,0,1,23,13,3
2864,0,5,17,6,22,1,8,31,0,6,13,16,14,18,17,11,26,9,7,11,27,0,1,11,0,27,46,1,3,2,18,24,0,1,22,55,0,4,14,13,5,1,3,9,17,5,32,4,7,26,4,2,11,0,5,16,47,37,8,0,12,1,12,11,0,3,36,42,0,23,7,4,13,1,10,13,2,4,0,6,4,10,9,4,2,0,6,18,25,0,15,0,1,22,13,3
2865,0,5,17,6,22,1,8,31,0,6,13,16,14,18,17,11,26,9,7,11,27,0,1,11,0,27,46,1,3,2,18,24,0,1,22,54,0,4,14,13,5,1,3,10,18,5,32,4,7,26,4,2,11,0,5,16,47,37,8,0,12,1,12,11,0,3,36,42,0,23,7,4,13,1,10,13,2,4,0,6,4,10,9,4,2,0,6,18,25,0,15,0,1,22,13,3
2866,0,5,17,6,21,1,8,31,0,6,13,16,14,18,17,11,26,9,7,11,27,0,1,11,0,27,46,1,3,2,18,24,0,1,22,54,0,4,14,13,5,1,3,10,18,5,32,4,7,26,4,2,11,0,5,16,46,37,8,0,12,1,13,11,0,3,36,42,0,23,7,4,13,1,10,13,2,4,0,6,4,10,9,4,2,0,6,18,25,0,15,0,1,22,13,3
2867,0,5,17,6,21,1,8,31,0,6,13,16,15,18,17,11,26,9,7,11,27,0,1,11,0,27,46,1,3,2,18,24,0,1,22,53,0,4,14,13,5,1,3,10,18,5,31,4,7,26,4,2,11,0,5,16,46,37,8,0,12,1,13,11,0,3,37,42,0,23,7,4,14,1,10,13,2,4,0,6,4,10,9,4,2,0,6,18,25,0,15,0,1,22,13,3
2868,0,5,17,6,21,1,8,31,0,6,13,16,15,18,17,11,26,9,7,11,27,0,1,11,0,27,46,1,3,2,18,24,0,1,21,53,0,4,14,13,5,1,3,10,18,5,31,4,7,26,4,2,11,0,5,16,46,38,8,0,12,1,12,11,0,3,37,42,0,23,7,4,14,1,10,13,2,4,0,6,4,10,9,4,2,0,6,18,25,0,15,0,1,22,13,3
2869,0,5,17,6,21,1,8,32,0,6,13,16,16,18,17,11,26,9,7,11,27,0,1,11,0,27,45,1,3,2,18,24,0,1,21,53,0,4,14,13,5,1,3,10,18,5,31,4,7,25,4,2,11,0,5,16,46,38,8,0,12,1,12,11,0,3,37,42,0,23,7,4,14,1,10,13,2,4,0,6,4,10,9,4,2,0,6,17,25,0,15,0,1,22,13,3
2870,0,5,17,6,21,1,8,32,0,6,13,16,16,18,17,11,26,9,7,11,27,0,1,11,0,27,45,1,3,2,19,24,0,1,21,53,0,4,14,13,5,1,3,10,18,5,31,4,7,25,4,2,11,0,5,16,46,38,8,0,12,1,12,11,0,3,37,41,0,23,7,4,14,1,10,13,2,4,0,6,4,10,9,4,2,0,6,17,25,0,15,0,1,22,13,3
2871,0,5,17,6,21,1,8,32,0,6,13,16,16,18,17,11,26,9,7,11,27,0,1,11,0,26,44,1,3,2,19,24,0,1,21,53,0,4,15,13,5,1,3,10,18,5,31,4,7,25,4,2,11,0,6,16,46,38,8,0,12,1,13,11,0,3,37,40,0,23,7,4,14,1,10,13,2,4,0,6,3,10,9,4,2,0,6,17,25,0,15,0,1,22,13,3
2872,0,5,17,6,21,1,8,32,0,6,13,16,16,18,17,11,26,9,7,11,27,0,1,11,0,26,43,1,3,2,19,24,0,1,21,53,0,4,15,13,5,1,3,10,18,5,31,4,7,26,4,2,11,0,6,16,46,38,8,0,12,1,13,11,0,3,37,40,0,23,7,4,14,1,10,13,2,4,0,6,3,9,9,4,2,0,7,17,25,0,15,0,1,22,13,3
2873,0,5,17,6,21,1,8,32,0,6,13,16,16,18,18,11,26,9,7,11,27,0,1,11,0,26,43,1,3,2,19,24,0,1,21,53,0,4,15,14,5,1,3,10,18,5,31,4,7,26,4,2,11,0,6,16,46,38,8,0,12,1,13,11,0,3,37,40,0,23,7,4,14,1,9,13,2,4,0,6,3,9,10,4,2,0,7,17,25,0,15,0,1,22,13,3
2874,0,5,17,6,21,1,8,32,0,6,13,16,16,18,18,11,26,9,7,10,27,0,1,11,0,27,43,1,3,2,20,24,0,1,21,54,0,4,15,14,5,1,3,10,18,5,31,4,7,26,4,2,11,0,6,17,46,38,8,0,12,1,13,11,0,3,37,40,0,23,7,4,14,1,9,13,2,4,0,6,3,9,10,4,2,0,7,17,25,0,15,0,1,22,13,3
2875,0,5,17,6,21,1,8,32,0,6,13,16,16,18,17,11,26,9,7,10,27,0,1,11,0,27,43,1,3,2,20,24,0,1,20,54,0,4,15,14,5,1,3,10,18,5,31,4,7,26,4,2,11,0,6,17,46,38,8,0,12,1,13,11,0,3,36,39,0,23,7,4,14,1,9,13,2,4,0,6,3,9,10,4,2,0,7,17,25,0,15,0,1,22,13,3
2876,0,5,17,6,21,1,8,32,0,6,13,16,16,18,17,11,26,9,7,10,26,0,1,11,0,27,43,1,3,2,20,25,0,1,20,54,0,4,15,14,5,1,3,10,18,5,31,4,7,26,4,2,11,0,6,17,45,38,8,0,12,1,13,11,0,3,36,39,0,23,7,4,14,1,9,13,2,4,0,6,3,9,10,4,2,0,7,17,26,0,15,0,1,22,13,3
2877,0,5,17,6,21,1,8,32,0,6,13,16,16,18,17,11,27,9,7,10,26,0,1,11,0,27,43,1,3,2,20,25,0,1,20,54,0,4,15,14,5,1,3,11,18,5,31,4,7,25,4,2,11,0,6,17,45,38,8,0,12,2,13,11,0,3,36,39,0,23,7,4,14,1,9,13,2,4,0,6,3,9,10,4,2,0,7,17,26,1,15,0,1,22,13,3
2878,0,5,17,6,21,1,8,32,0,6,13,16,16,19,17,11,27,9,7,10,26,0,1,11,0,27,43,1,3,2,20,25,0,1,20,54,0,4,15,14,5,1,3,11,19,5,31,4,7,25,4,2,11,0,6,17,45,37,8,0,12,2,13,11,0,3,36,39,0,24,7,4,14,1,9,13,2,4,0,6,3,9,10,4,2,0,7,17,26,1,15,0,1,22,13,3
2879,0,5,17,6,21,1,8,32,0,6,13,16,16,19,18,11,27,9,7,10,26,0,1,11,0,26,43,1,3,2,20,25,0,1,20,54,0,4,15,14,5,1,3,11,19,5,32,4,7,24,4,2,12,0,6,17,45,37,8,0,12,2,12,11,0,3,36,39,0,24,7,4,14,1,9,13,2,4,0,6,3,9,10,4,2,0,7,17,26,2,15,0,1,22,13,3
2880,0,5,17,6,21,1,8,32,0,6,13,17,16,19,18,11,27,9,7,10,26,0,1,11,0,26,43,1,3,2,20,25,0,1,21,54,0,4,15,14,5,1,3,11,19,5,32,4,7,24,4,2,12,0,6,17,45,37,8,0,12,2,12,11,0,3,36,39,0,23,7,4,14,1,9,13,2,4,0,6,3,9,10,4,2,0,7,17,26,2,16,0,1,23,13,3
2881,0,5,17,6,22,1,8,32,0,6,13,17,16,19,18,11,27,9,7,10,26,0,1,11,0,26,43,1,3,2,20,25,0,1,21,54,0,4,15,14,5,1,3,11,19,5,32,4,7,25,4,2,12,0,6,17,44,37,8,0,13,2,12,12,0,3,36,39,0,23,7,4,14,1,9,12,2,4,0,6,3,9,10,4,2,0,7,17,26,2,16,0,1,23,13,3
2882,0,4,17,6,22,1,7,32,0,6,13,17,17,19,18,11,27,9,7,10,26,0,1,11,0,26,42,1,3,2,20,24,0,1,21,53,0,4,15,14,5,1,3,11,19,5,31,4,7,25,4,2,12,0,6,17,44,36,8,0,13,2,13,12,0,3,36,39,0,23,7,4,14,1,9,12,2,4,0,6,3,9,11,4,2,0,7,16,26,3,16,0,1,23,13,3
2883,0,4,17,6,22,1,7,32,0,6,13,17,17,20,18,11,27,9,7,10,27,0,1,11,0,26,42,1,3,2,20,23,0,1,20,53,0,4,15,14,5,1,3,11,19,5,31,4,7,25,4,2,12,0,6,17,44,36,8,0,13,2,13,12,0,3,36,39,0,24,7,4,14,1,9,12,2,4,0,6,3,9,11,4,2,0,7,16,27,3,17,0,1,23,13,3
2884,0,4,17,6,21,1,7,32,0,6,13,17,17,20,18,11,27,8,7,10,27,0,1,11,0,26,41,1,3,2,20,23,0,1,20,53,0,4,15,14,5,1,3,11,19,5,31,4,7,25,4,2,12,0,6,17,44,36,8,0,13,2,14,12,0,3,36,39,0,24,7,4,14,1,8,12,2,4,0,6,3,9,12,4,2,0,7,16,27,3,17,0,1,23,13,3
2885,0,4,17,6,21,1,7,32,0,6,13,17,17,20,18,11,27,8,7,10,27,0,1,11,0,26,41,1,3,2,20,23,0,1,20,53,0,4,15,14,5,1,3,11,19,5,31,4,7,25,4,2,12,0,6,17,44,36,8,0,13,2,14,12,0,3,35,39,0,24,7,4,14,1,8,12,2,4,0,6,3,9,12,4,2,0,7,16,27,3,17,0,1,23,13,3
2886,0,4,17,6,20,1,7,32,0,6,13,17,16,20,18,11,27,8,7,10,27,0,1,11,0,26,41,1,3,2,20,23,0,1,21,53,0,4,15,14,5,1,3,11,19,5,31,4,7,25,4,2,12,0,5,17,43,36,8,0,13,2,14,12,0,3,35,39,0,24,8,4,14,1,8,12,2,4,0,6,3,10,12,4,2,0,7,16,27,3,17,0,1,23,12,3
2887,0,4,18,6,20,1,7,32,0,6,13,17,17,20,18,11,27,8,7,10,27,0,1,11,0,26,41,1,3,2,20,24,0,1,21,53,0,4,15,14,5,1,3,11,19,5,31,4,7,25,4,2,12,0,5,17,43,36,9,0,13,2,14,12,0,3,35,39,0,24,8,4,14,1,8,12,2,4,0,6,3,10,12,4,1,0,7,16,27,3,17,0,1,23,12,3
2888,0,4,18,6,20,1,7,32,0,6,13,17,17,20,18,11,27,9,7,10,27,0,1,11,0,26,41,1,3,2,20,24,0,1,21,53,0,4,15,14,5,1,3,11,19,5,31,4,7,25,4,2,12,0,5,17,44,36,9,0,13,2,14,12,0,3,35,39,0,24,8,4,14,1,8,12,2,4,0,6,3,10,12,4,1,0,7,16,27,3,17,0,1,23,12,3
2889,0,4,18,6,20,1,7,32,0,6,13,17,17,20,18,11,27,9,7,11,27,0,1,11,0,27,41,1,3,2,20,24,0,1,21,53,0,4,15,14,5,1,3,11,19,5,31,4,7,24,4,2,12,0,5,17,44,36,9,0,13,2,14,12,0,3,35,39,0,24,8,4,14,1,8,12,2,4,0,6,3,10,12,4,1,0,7,16,27,3,17,0,1,23,12,3
2890,0,4,18,6,20,1,7,31,0,6,13,17,17,20,18,11,28,9,7,11,27,0,1,11,0,27,41,1,3,2,20,24,0,1,21,53,0,4,15,14,5,1,3,11,19,5,31,4,7,24,4,2,12,0,5,17,44,36,9,0,13,2,14,12,0,3,35,39,0,24,8,4,14,1,7,12,2,4,0,6,3,10,13,4,1,0,7,16,27,3,17,0,1,23,12,3
2891,0,4,18,6,20,1,7,31,0,6,13,17,17,20,18,11,28,9,7,11,27,0,1,11,0,27,40,1,3,2,20,24,0,1,21,52,0,4,15,14,5,1,3,11,19,5,31,4,7,24,4,2,12,0,5,17,44,35,9,0,13,2,14,12,0,3,34,39,0,24,8,4,14,1,7,11,2,4,0,6,3,10,13,4,1,0,7,16,27,3,17,0,1,23,12,3
2892,0,4,18,6,20,1,7,31,0,6,13,17,17,20,18,11,28,9,7,11,27,0,1,11,0,27,40,1,3,2,20,24,0,1,21,52,0,4,15,14,5,1,3,11,18,5,31,4,7,24,4,2,12,0,5,17,44,36,9,0,13,2,14,12,0,3,34,39,0,24,8,4,15,1,7,11,2,4,0,6,3,9,14,4,1,0,7,16,27,3,17,0,1,23,12,3
2893,0,4,18,6,19,1,7,31,0,6,13,17,17,20,19,11,28,9,7,11,28,0,1,12,0,27,40,1,3,2,20,24,0,1,21,52,0,4,15,14,5,1,2,11,18,5,31,4,7,24,4,2,12,0,5,17,44,37,9,0,13,2,14,12,0,3,34,39,0,24,8,4,15,1,7,11,2,4,0,6,3,9,14,4,1,0,7,16,27,3,17,0,1,23,12,3
2894,0,4,18,6,19,1,7,31,0,6,13,17,17,19,19,11,28,9,7,11,28,0,1,12,0,27,40,1,3,2,20,25,0,1,21,52,0,4,15,14,5,1,2,11,18,5,31,4,7,24,4,2,12,0,5,17,44,37,9,0,13,2,14,13,0,3,34,39,0,24,8,5,15,1,7,11,2,4,0,6,3,9,14,4,1,0,7,16,27,3,17,0,1,23,12,3
2895,0,4,18,6,19,1,7,31,0,6,13,17,17,19,19,11,28,9,7,11,28,0,1,12,0,27,40,1,4,2,20,25,0,1,21,52,0,4,15,14,5,1,2,11,18,5,30,4,7,24,4,2,12,0,5,17,44,37,9,0,13,2,13,13,0,3,34,39,0,24,8,5,15,1,7,11,2,4,0,6,3,9,14,4,1,0,7,16,27,4,17,0,1,23,12,3
2896,0,4,18,7,19,1,7,31,0,6,13,17,17,19,20,11,28,9,7,11,28,0,1,11,0,27,40,1,4,2,20,25,0,1,21,52,0,4,15,14,5,1,2,11,19,5,30,4,7,25,4,2,12,0,5,17,44,37,9,0,13,1,13,13,0,3,33,39,0,24,8,5,15,1,7,11,2,4,0,6,3,9,14,4,1,0,7,16,26,4,17,0,1,23,12,3
2897,0,4,17,7,19,1,7,31,0,6,13,17,17,19,20,11,28,9,7,11,28,0,1,11,0,26,40,1,4,2,21,26,0,1,21,52,0,4,15,14,5,1,2,11,18,5,30,4,7,26,4,2,12,0,5,17,44,37,9,0,13,1,13,13,0,3,32,39,0,25,8,5,15,1,7,11,2,4,0,6,3,9,15,4,1,0,7,16,26,4,17,0,1,23,12,3
2898,0,4,17,7,19,1,7,31,0,6,13,17,17,19,20,11,28,9,7,11,28,0,1,11,0,26,39,1,4,2,21,26,0,1,20,52,0,4,15,14,5,1,2,11,19,5,29,4,7,25,4,2,12,0,5,17,44,37,9,0,13,1,13,13,0,3,33,39,0,25,8,6,15,1,7,11,2,4,0,6,3,9,15,4,1,0,7,16,26,4,17,0,1,23,12,3
2899,0,3,17,7,19,1,7,30,0,6,13,17,17,19,21,11,28,9,7,11,29,0,1,11,0,26,38,1,4,2,21,26,0,1,20,52,0,4,15,14,5,1,2,11,19,5,29,4,7,25,4,2,12,0,5,17,44,37,9,0,13,1,13,13,0,3,33,39,0,25,8,6,15,1,7,11,2,4,0,6,3,9,15,4,1,0,7,16,26,5,17,0,1,23,12,3
2900,0,3,17,7,19,1,7,30,0,6,13,17,17,19,21,11,28,9,7,11,29,0,1,11,0,26,38,1,4,2,21,26,0,1,20,52,0,4,15,14,5,1,2,11,19,5,29,4,7,25,4,2,12,0,5,17,44,37,9,0,13,1,13,13,0,3,33,39,0,25,8,6,15,1,7,11,2,4,0,6,3,9,16,4,1,0,7,16,26,5,17,0,1,23,12,3
2901,0,3,17,7,20,1,7,30,0,6,13,17,17,19,21,11,28,9,7,11,29,0,1,12,0,26,38,1,4,2,21,26,0,1,20,52,0,4,15,14,5,1,2,11,19,5,29,4,7,25,4,2,12,0,5,17,44,37,9,0,13,1,14,13,0,3,33,39,0,25,8,6,15,1,7,11,2,4,0,6,3,9,16,4,1,0,7,16,26,5,17,0,1,23,12,3
2902,0,3,17,7,20,1,7,30,0,6,13,17,17,19,21,11,28,9,7,11,29,0,1,12,0,26,38,1,4,2,21,26,0,1,20,51,0,4,15,14,5,1,2,11,19,5,29,4,7,25,4,2,12,0,5,17,44,37,9,0,14,1,14,13,0,3,33,39,0,25,8,6,15,1,7,11,2,4,0,6,3,9,16,4,1,0,7,15,26,5,17,0,1,23,12,3
2903,0,3,17,7,20,1,7,30,0,6,13,17,17,19,21,11,28,9,7,11,29,0,1,12,0,26,38,1,4,2,20,26,0,1,20,51,0,4,15,14,5,1,2,11,19,5,29,4,7,24,4,2,12,0,5,17,44,36,9,0,14,1,13,13,0,3,33,39,0,25,8,6,15,1,7,11,2,4,0,6,3,9,15,4,1,0,7,15,26,5,17,0,1,23,12,3
2904,0,3,17,7,19,1,7,30,0,6,13,17,17,20,21,11,28,10,7,11,29,0,1,12,0,26,38,1,4,2,20,26,0,1,20,51,0,4,15,14,5,1,2,11,19,5,29,4,7,24,4,2,12,0,5,17,44,36,9,0,14,1,13,13,0,3,33,38,0,25,9,6,15,1,7,11,2,4,0,6,3,9,15,4,1,0,7,15,26,5,17,0,1,23,13,3
2905,0,3,17,7,19,1,7,30,0,6,13,17,17,19,21,11,29,10,7,11,29,0,1,12,0,26,38,1,4,2,20,26,0,1,20,51,0,4,15,14,5,1,2,11,19,5,29,4,7,24,4,2,12,0,5,16,43,36,9,0,14,1,13,13,0,3,33,38,0,25,9,6,15,1,7,11,2,4,0,6,3,9,15,4,1,0,7,15,26,5,17,0,1,23,13,3
2906,0,3,17,7,19,1,7,30,0,6,13,17,17,19,21,11,29,10,7,11,29,0,1,12,0,26,38,1,4,2,20,26,0,1,20,51,0,4,15,14,5,1,2,11,19,5,29,4,7,24,4,2,12,0,5,16,43,36,9,0,14,1,13,13,0,3,32,38,0,25,9,6,15,1,7,11,2,4,0,6,3,10,15,4,1,0,7,15,26,5,17,0,1,23,12,3
2907,0,3,17,7,19,1,7,30,0,6,13,17,17,19,20,11,29,10,5,11,29,0,1,12,0,26,38,1,4,2,20,26,0,1,20,51,0,4,15,14,5,1,2,11,20,5,29,4,7,24,4,2,12,0,5,16,43,36,9,0,14,1,13,13,0,3,32,38,0,26,9,6,15,1,7,11,2,4,0,6,3,10,15,4,1,0,7,15,26,5,17,0,1,22,12,3
2908,0,3,17,7,19,1,7,29,0,6,13,17,17,18,20,11,29,10,5,11,30,0,1,12,0,26,37,1,4,2,20,26,0,1,20,51,0,4,15,14,5,1,2,11,20,5,29,4,7,24,4,2,12,0,5,16,43,36,9,0,14,1,13,13,0,3,32,38,0,25,9,6,15,1,7,11,2,4,0,6,3,10,15,4,1,0,7,15,26,5,17,0,1,22,12,3
2909,0,3,17,7,19,1,7,29,0,6,13,17,17,18,20,11,29,10,5,11,30,0,1,12,0,26,37,1,4,2,21,26,0,1,19,51,0,4,15,14,5,1,2,11,20,5,30,4,7,24,4,2,12,0,5,16,43,36,9,0,14,1,13,13,0,3,32,38,0,25,9,6,15,1,7,11,2,4,0,6,3,10,15,4,1,0,7,15,25,5,17,0,1,22,12,3
2910,0,3,17,7,18,1,7,29,0,6,13,17,17,18,20,11,29,10,6,11,30,0,1,12,0,26,37,1,4,2,21,26,0,1,19,51,0,4,15,14,5,1,2,11,20,5,30,4,7,25,4,2,12,0,5,16,43,36,9,0,13,1,13,13,0,3,32,38,0,25,9,6,15,1,7,10,2,4,0,6,3,10,15,4,1,0,7,15,26,5,17,0,1,22,12,3
2911,0,3,17,7,17,1,7,29,0,6,13,17,17,18,20,11,29,10,6,11,30,0,1,12,0,26,37,1,4,2,21,26,0,1,19,51,0,4,15,14,5,1,2,11,20,5,30,4,7,25,4,2,12,0,5,16,43,37,9,0,13,1,13,13,0,3,32,38,0,25,9,6,15,1,7,11,2,4,0,6,3,10,15,4,1,0,7,15,26,5,17,0,1,22,12,3
2912,0,3,17,7,17,1,7,29,0,6,13,17,17,19,20,11,28,10,6,11,30,0,1,12,0,26,37,1,4,2,21,26,0,1,19,51,0,4,15,14,5,1,2,11,20,5,30,4,7,25,4,2,12,0,5,16,43,37,9,0,13,1,13,13,0,3,31,38,0,25,9,6,14,1,7,11,2,4,0,6,3,10,15,4,1,0,7,15,26,5,17,0,1,21,12,3
2913,0,3,17,7,17,1,7,29,0,6,13,17,17,20,20,11,28,10,6,11,30,0,1,12,0,26,36,1,4,2,21,26,0,1,19,50,0,4,15,14,5,1,2,11,20,5,30,4,7,25,4,2,12,0,5,17,44,37,9,0,12,1,13,13,0,3,31,38,0,25,9,6,14,1,7,11,2,4,0,6,3,10,15,4,1,0,7,15,26,5,16,0,1,21,12,3
2914,0,3,17,7,19,1,7,29,0,6,13,17,17,20,20,11,28,10,6,11,30,0,1,12,0,26,36,1,4,2,21,26,0,1,19,50,0,4,15,14,5,1,2,11,21,5,30,4,7,25,4,2,12,0,5,17,45,37,9,0,12,1,13,13,0,3,31,38,0,26,9,6,14,1,7,11,2,3,0,6,3,10,15,4,1,0,7,15,26,5,16,0,1,21,12,3
2915,0,3,17,7,19,1,7,29,0,6,13,17,17,20,20,11,28,10,6,11,30,0,1,12,0,26,36,1,4,2,21,26,0,1,19,50,0,4,15,14,5,1,2,11,21,5,30,4,7,25,4,2,12,0,5,17,45,37,9,0,12,1,13,13,0,3,31,38,0,26,10,6,14,1,7,11,2,3,0,5,3,11,15,4,1,0,7,15,26,5,16,0,1,21,12,3
2916,0,3,17,7,19,1,7,29,0,6,13,17,17,19,20,11,28,10,6,11,30,0,1,12,0,26,36,1,4,2,21,26,0,1,18,50,0,4,15,14,5,1,2,11,21,5,31,4,7,25,4,2,12,0,5,17,45,37,9,0,12,1,13,13,0,3,31,37,0,26,10,6,14,1,7,11,2,3,0,5,3,11,15,4,1,0,7,15,26,5,16,0,1,20,12,3
2917,0,3,16,7,19,1,7,29,0,6,13,17,17,19,20,11,28,10,6,11,30,0,1,12,0,26,36,1,4,2,21,26,0,1,18,50,0,4,15,14,5,1,1,11,21,5,32,4,7,25,4,2,12,0,5,17,44,37,9,0,12,1,13,13,0,3,31,37,0,26,10,6,14,1,7,11,2,3,0,5,3,11,15,4,1,0,7,15,26,5,16,0,1,20,12,3
2918,0,3,16,7,19,1,7,29,0,6,13,17,17,19,20,11,28,10,6,11,30,0,1,12,0,26,36,1,4,2,21,26,0,1,18,50,0,4,15,14,5,1,1,11,21,5,32,4,7,25,4,2,12,0,5,17,44,37,9,0,12,1,13,13,0,3,31,38,0,26,10,6,14,1,7,11,2,3,0,5,3,11,15,4,1,0,7,15,25,5,16,0,1,20,12,3
2919,0,3,16,7,19,1,7,29,0,6,13,17,17,19,20,11,28,10,6,11,30,0,1,12,0,26,36,1,4,2,21,26,0,1,18,50,0,4,15,14,5,1,1,11,21,5,32,4,7,25,4,2,12,0,5,17,44,37,9,0,12,1,13,13,0,3,31,38,0,26,10,6,14,1,7,11,2,3,0,5,3,11,15,4,1,0,7,15,25,5,15,0,1,20,12,3
2920,0,3,15,7,19,1,7,29,0,6,13,17,17,19,20,11,28,10,6,11,30,0,1,12,0,26,35,1,4,2,21,26,0,1,18,50,0,4,15,14,5,1,1,11,21,5,32,4,7,25,4,2,12,0,5,17,43,37,9,0,12,1,13,13,0,3,31,38,0,26,10,6,14,1,7,11,2,3,0,5,3,11,15,4,1,0,7,16,25,5,15,0,1,20,13,3
2921,0,3,15,7,19,1,7,29,0,6,13,17,17,19,20,11,28,10,6,11,29,0,1,12,0,26,35,1,4,2,21,25,0,1,18,50,0,4,15,14,5,1,1,11,21,5,32,4,7,25,4,2,12,0,5,17,43,36,9,0,12,1,13,13,0,3,31,38,0,26,10,6,14,1,7,11,2,3,0,5,3,11,15,4,1,0,7,16,25,5,15,0,1,20,13,3
2922,0,3,14,7,19,1,7,29,0,7,13,17,17,19,20,11,28,10,6,11,29,0,1,12,0,25,35,1,4,2,21,25,0,1,18,50,0,3,15,14,5,1,1,11,21,5,33,4,7,25,4,2,12,0,5,17,43,36,9,0,12,1,13,13,0,3,31,38,0,26,10,6,14,1,6,11,2,3,0,5,3,11,15,4,1,0,7,16,25,5,15,0,1,20,13,3
2923,0,3,14,7,19,1,7,29,0,7,13,17,17,19,20,11,28,10,6,10,29,0,1,12,0,25,35,1,4,2,21,25,0,1,18,50,0,3,15,14,5,1,1,11,21,5,33,4,7,25,4,2,12,0,5,17,43,36,9,0,12,1,13,13,0,3,31,38,0,26,10,6,13,1,6,11,2,3,0,5,3,11,15,4,1,0,7,16,25,5,15,0,1,20,13,3
2924,0,3,14,7,19,1,7,29,0,7,13,16,17,19,20,11,28,10,6,10,29,0,2,12,0,25,35,1,4,2,21,25,0,1,18,50,0,3,15,13,5,1,1,11,20,5,33,4,7,25,4,2,12,0,5,17,43,36,9,0,12,1,14,13,0,3,30,38,0,25,10,6,13,1,6,11,2,3,0,5,3,11,15,4,1,0,7,16,24,5,15,0,1,20,13,3
2925,0,3,14,7,19,1,7,29,0,7,13,16,17,19,21,11,28,10,6,10,29,0,2,12,0,25,35,1,4,2,21,25,0,1,18,50,0,3,15,13,5,1,1,11,22,5,33,4,7,25,4,2,12,0,5,17,44,36,9,0,11,1,14,13,0,3,30,38,0,25,10,6,13,1,6,11,2,3,0,5,3,11,15,4,1,0,7,16,24,5,15,0,1,20,13,3
2926,0,3,14,7,19,1,7,29,0,7,13,15,17,19,21,11,28,10,6,10,29,0,2,12,0,25,36,1,4,2,21,25,0,1,18,49,0,3,15,13,5,1,1,11,22,5,33,4,7,25,4,2,12,0,5,17,44,36,9,0,11,1,14,13,0,3,30,38,0,25,10,6,13,1,6,11,2,3,0,5,3,11,15,4,1,0,7,17,24,5,15,0,1,20,13,3
2927,0,2,14,7,19,1,7,29,0,7,13,15,17,19,21,11,28,10,6,10,28,0,3,12,0,25,36,1,4,2,21,26,0,1,18,49,0,3,15,13,5,1,1,11,22,5,33,4,7,25,4,2,11,0,5,17,44,36,9,0,11,1,14,13,0,3,29,38,0,25,10,6,13,1,6,11,2,3,0,5,3,11,15,3,1,0,7,17,24,5,15,0,1,20,13,3
2928,0,2,14,7,19,1,7,29,0,7,13,15,17,19,21,11,27,10,6,10,28,0,3,12,0,26,36,1,4,2,21,26,0,1,18,49,0,3,15,13,5,1,1,11,22,5,33,4,7,25,4,2,11,0,5,17,44,36,9,0,11,1,14,13,0,3,29,38,0,26,10,6,13,1,6,11,2,3,0,6,3,11,15,3,1,0,7,17,24,5,15,0,1,20,13,3
2929,0,2,14,7,19,1,7,28,0,7,13,16,17,19,21,11,27,10,6,10,28,0,3,12,0,27,36,1,4,2,21,26,0,1,18,49,0,3,15,13,5,1,2,11,22,5,33,4,7,25,4,2,10,0,5,17,44,36,9,0,11,1,14,13,0,3,29,38,0,26,10,7,13,1,6,11,2,3,0,6,3,11,15,3,1,0,7,17,24,5,15,0,1,21,13,3
2930,0,2,14,7,19,1,7,28,0,7,13,16,17,19,21,11,27,10,6,10,28,0,3,12,0,27,35,1,4,2,21,26,0,1,18,49,0,3,15,13,5,1,2,11,22,5,33,4,7,25,4,2,10,0,6,17,44,36,9,0,11,1,14,13,0,3,29,38,0,26,10,7,13,1,6,11,2,3,0,6,3,11,15,3,1,0,7,17,24,5,15,0,1,21,13,3
2931,0,2,14,7,19,1,7,28,0,7,13,16,17,19,22,11,27,10,6,10,30,0,4,12,0,27,34,1,4,2,21,26,0,1,18,49,0,3,15,13,5,1,2,11,22,4,33,4,7,25,4,2,10,0,6,17,44,36,9,0,11,1,14,13,0,3,29,38,0,26,10,7,13,1,6,11,2,3,0,6,3,11,15,3,1,0,7,17,24,5,15,0,1,21,13,3
2932,0,2,14,7,19,1,7,28,0,7,13,16,17,19,22,11,27,10,6,10,29,0,4,13,0,27,34,1,4,2,21,26,0,1,18,49,0,3,15,13,5,1,2,11,22,3,33,4,7,25,4,2,10,0,6,17,44,36,9,0,11,1,15,13,0,3,29,38,0,26,10,7,13,1,6,11,2,3,0,6,3,11,15,3,1,0,7,17,24,5,15,0,1,21,14,3
2933,0,2,14,7,19,1,7,28,0,7,14,16,17,19,22,11,27,10,6,10,30,0,4,13,0,27,34,1,4,2,21,26,0,1,18,49,0,3,16,13,5,1,2,11,22,3,33,4,7,25,4,2,11,0,6,17,44,36,9,0,11,1,15,13,0,3,29,38,0,27,10,7,13,1,6,11,2,3,0,6,3,11,15,3,1,0,7,16,24,5,15,0,1,22,14,3
2934,0,2,14,7,19,1,8,28,0,7,14,16,17,19,22,11,27,10,5,10,30,0,4,13,0,26,34,1,4,2,21,25,0,1,18,49,0,3,16,13,5,1,2,11,22,3,33,4,7,25,4,2,11,0,6,17,44,36,9,0,11,1,15,13,0,3,29,38,0,26,10,7,13,1,6,11,2,3,0,6,4,11,15,3,1,0,7,17,24,6,15,0,1,22,14,3
2935,0,2,14,7,19,1,8,28,0,7,14,16,17,19,22,11,27,10,5,10,30,0,4,13,0,26,34,1,4,2,21,26,0,1,18,49,0,3,16,13,5,1,2,11,22,3,32,4,7,25,4,2,11,0,6,17,44,36,9,0,11,1,15,13,0,3,29,37,0,26,10,7,13,1,6,11,2,3,0,6,4,11,15,3,1,0,7,17,24,6,15,0,1,22,14,3
2936,0,2,13,7,19,1,8,28,0,7,14,16,17,19,22,11,27,10,5,10,29,0,4,13,0,25,34,1,4,2,21,26,0,1,18,49,0,3,16,13,5,1,2,11,22,3,33,4,7,25,4,2,11,0,6,17,44,36,9,0,11,1,15,12,0,3,29,37,0,26,10,7,13,1,6,11,2,3,0,6,4,11,15,3,1,0,7,17,24,6,15,0,1,22,14,3
2937,0,2,13,7,19,1,8,28,0,7,14,16,17,19,23,11,27,10,5,10,29,0,4,13,0,25,34,1,4,2,22,26,0,1,18,48,0,3,16,13,5,1,2,11,22,3,33,4,7,26,4,2,11,0,6,17,43,35,9,0,11,1,15,12,0,3,29,37,0,26,10,7,14,1,6,11,2,3,0,6,4,11,16,3,1,0,8,17,24,6,15,0,1,22,14,3
2938,0,2,13,7,20,1,8,28,0,7,14,16,17,19,23,11,27,10,5,10,28,0,4,13,0,25,34,1,4,2,22,26,0,1,17,48,0,3,16,14,5,1,2,11,22,3,33,4,7,27,4,2,11,0,6,17,43,35,9,0,11,1,15,12,0,3,29,37,0,26,10,7,14,1,6,11,2,4,0,6,5,11,16,3,1,0,8,17,25,6,15,0,1,22,14,3
2939,0,2,13,7,20,1,8,28,0,7,14,16,17,19,23,11,27,10,5,10,27,0,4,13,0,25,34,1,4,2,22,26,0,1,17,48,0,3,16,14,5,1,2,11,22,3,33,4,8,27,4,2,11,0,6,17,43,35,9,0,11,1,15,12,0,3,29,37,0,26,10,7,14,1,6,11,2,4,0,6,5,11,16,3,1,0,8,17,25,6,15,0,1,21,15,3
2940,0,2,13,7,20,1,7,28,0,7,14,15,17,19,23,11,27,10,5,10,27,0,4,13,0,25,34,1,4,2,21,26,0,1,17,48,0,3,16,13,5,1,2,11,22,3,33,4,7,27,4,2,11,0,6,16,43,35,9,0,11,1,15,12,0,3,29,36,0,26,10,7,14,1,6,11,2,4,0,6,5,11,16,3,1,0,8,17,25,6,15,0,1,21,15,3
2941,0,2,13,7,20,1,7,27,0,7,14,16,17,19,23,11,27,10,5,10,27,0,4,13,0,25,33,1,4,2,21,26,0,1,17,48,0,3,16,13,5,1,2,10,22,3,33,4,7,27,3,2,11,0,6,16,43,35,9,0,11,1,15,12,0,3,29,36,0,26,10,7,14,1,6,11,2,4,0,6,5,11,16,3,1,0,8,17,25,6,15,0,1,21,15,3
2942,0,2,13,7,20,1,7,27,0,7,14,16,17,20,23,11,27,10,5,10,27,0,4,13,0,25,33,1,4,2,21,26,0,1,17,49,0,3,16,13,5,1,2,10,22,3,33,4,6,27,3,2,11,0,6,16,44,35,9,0,11,1,15,12,0,3,30,36,0,26,10,7,15,1,6,11,2,4,0,6,5,11,16,3,1,0,8,17,25,6,15,0,1,21,15,3
2943,0,2,13,7,20,1,8,27,0,7,14,16,17,20,24,11,27,10,5,10,28,0,4,14,0,25,32,1,4,2,21,26,0,1,17,49,0,3,16,13,5,1,2,10,22,3,33,4,6,27,3,2,11,0,7,16,44,35,9,0,12,1,16,12,0,3,30,35,0,26,10,7,15,1,6,12,2,4,0,6,5,12,16,3,1,0,8,17,25,6,15,0,1,21,15,3
2944,0,2,13,7,20,1,8,27,0,7,14,16,17,20,24,11,27,10,5,10,28,0,4,14,0,25,32,1,4,2,21,26,0,2,17,49,0,3,16,13,5,1,2,10,22,3,33,4,6,27,3,2,11,0,7,16,44,35,9,0,12,1,16,12,0,3,30,35,0,26,10,7,15,1,6,12,2,4,0,6,5,12,16,3,1,0,8,17,25,6,15,0,1,20,15,3
2945,0,2,13,7,20,1,8,27,0,7,14,16,17,20,24,11,26,10,5,10,28,0,4,14,0,25,32,1,4,2,21,26,0,2,17,49,0,3,16,13,5,1,2,11,22,3,33,4,6,27,3,2,11,0,7,16,43,35,9,0,13,1,17,12,0,3,30,35,0,26,10,7,15,1,6,12,2,4,0,6,5,12,16,3,1,0,8,17,24,6,15,0,1,21,15,3
2946,0,2,14,7,20,1,8,26,0,7,14,16,17,20,24,11,25,10,5,11,28,0,4,14,0,25,32,1,4,2,21,26,0,2,17,49,0,3,16,13,5,1,2,11,22,3,33,4,6,27,3,3,11,0,7,16,43,35,9,0,13,1,16,12,0,3,30,35,0,26,10,8,15,1,6,12,2,4,0,6,5,12,16,3,1,0,8,17,24,6,15,0,1,22,15,3
2947,0,2,14,7,20,1,8,26,0,7,14,16,17,19,24,11,25,10,5,11,28,0,4,14,0,25,33,1,4,2,21,26,0,2,17,49,0,3,16,13,5,1,2,12,22,3,32,4,6,27,3,3,11,0,7,15,42,35,9,0,13,1,16,12,0,3,30,35,0,26,10,8,15,1,6,12,2,4,0,6,5,12,16,3,1,0,8,18,24,6,15,0,1,22,15,3
2948,0,2,14,7,20,1,8,26,0,7,13,16,16,19,24,11,24,10,5,11,28,0,4,14,0,26,33,1,4,2,21,25,0,2,16,49,0,3,17,13,5,1,2,12,23,3,32,4,6,27,3,3,11,0,7,15,42,35,9,0,13,1,16,12,0,3,30,35,0,26,10,8,15,1,6,12,2,4,0,6,5,12,16,3,1,0,8,18,24,6,15,0,1,22,15,3
2949,0,2,14,7,20,1,8,26,0,7,13,16,16,19,24,11,23,10,5,11,28,0,4,14,0,26,33,1,4,2,21,25,0,2,16,49,0,3,17,13,5,1,2,12,23,3,32,4,6,27,3,3,11,0,7,15,42,35,10,0,13,1,16,12,0,3,30,35,0,26,10,8,15,1,6,12,2,4,0,6,5,12,16,3,1,0,8,18,24,6,14,0,1,22,15,3
2950,0,2,14,7,20,1,8,26,0,7,13,16,16,19,24,11,23,10,5,11,28,0,4,14,0,26,33,1,4,2,21,24,0,2,16,49,0,3,17,13,5,1,2,12,23,3,32,4,6,26,3,3,11,0,7,15,42,35,10,0,13,1,16,12,0,3,30,35,0,26,10,8,16,1,6,12,2,4,0,6,5,12,15,3,1,0,8,18,24,6,14,0,1,22,15,3
2951,0,2,14,7,20,1,8,26,0,7,13,16,16,19,24,11,23,10,5,11,28,0,4,14,0,26,33,1,4,2,21,24,0,2,16,49,0,2,17,13,4,1,2,12,22,3,32,4,6,26,3,3,11,0,7,15,42,35,10,0,13,1,16,12,0,3,30,35,0,26,10,8,16,1,6,12,2,4,0,6,5,12,15,3,1,0,8,18,23,6,14,0,1,22,15,3
2952,0,2,14,6,20,1,8,26,0,7,13,16,16,20,24,11,23,10,5,12,29,0,4,14,0,26,32,1,4,2,22,24,0,2,16,49,0,2,17,13,4,1,2,12,22,3,32,4,6,26,3,3,11,0,7,14,42,35,10,0,13,1,16,12,0,3,30,35,0,26,10,8,17,1,6,12,2,4,0,6,5,12,15,3,1,0,8,18,23,6,14,0,1,22,16,3
2953,0,2,14,6,20,1,8,26,0,7,13,16,16,20,24,11,23,10,5,12,29,0,4,14,0,26,32,1,4,2,22,24,0,2,16,48,0,2,17,13,4,1,2,12,22,3,32,4,6,26,3,3,11,0,7,14,42,35,10,0,13,1,16,12,0,3,30,35,0,26,10,8,17,1,6,12,2,4,0,6,5,12,15,3,1,0,8,18,23,6,14,0,1,22,16,3
2954,0,2,14,6,20,1,8,26,0,7,13,16,16,20,24,11,23,10,5,12,29,0,4,14,0,26,32,1,4,2,21,24,0,2,17,48,0,2,17,13,4,1,2,12,22,3,32,4,6,26,3,3,11,0,7,14,42,35,10,0,13,1,16,12,0,3,30,32,0,26,10,8,17,1,6,12,2,4,0,6,5,12,15,3,1,0,8,18,23,6,14,0,1,22,16,3
2955,0,2,14,6,20,1,8,26,0,7,13,16,16,20,25,11,23,10,5,12,29,0,4,14,0,26,32,1,4,2,21,24,0,2,17,48,0,2,17,13,4,1,2,12,22,3,33,4,6,26,3,3,11,0,8,14,42,36,10,0,13,1,16,12,0,3,29,32,0,26,10,8,17,1,6,12,2,4,0,6,5,12,15,3,1,0,9,18,23,6,14,0,0,22,16,3
2956,0,2,14,6,20,1,8,26,0,7,13,16,17,20,25,11,23,10,5,12,27,0,4,14,0,26,31,1,4,2,21,24,0,2,17,47,0,2,17,13,4,1,2,11,22,3,33,4,6,25,3,3,11,0,8,14,42,36,10,0,13,1,16,12,0,3,29,31,0,25,10,8,17,1,6,12,2,4,0,6,5,12,15,3,1,0,9,18,23,6,14,0,0,22,16,3
2957,0,2,14,6,20,1,8,26,0,7,13,16,16,20,25,11,24,10,5,12,26,0,4,14,0,26,31,1,4,2,21,24,0,2,17,47,0,2,17,13,4,1,2,11,22,3,33,4,6,25,3,3,11,0,8,14,41,36,9,0,13,1,16,12,0,3,29,31,0,25,10,8,17,1,6,12,2,4,0,6,5,12,15,3,1,0,9,18,22,6,14,0,0,22,17,3
2958,0,2,14,6,20,1,8,26,0,7,13,15,16,20,25,11,24,10,5,12,26,0,4,14,0,26,31,1,4,2,21,24,0,2,17,47,0,2,17,13,4,1,2,11,22,3,33,4,6,25,3,3,11,0,8,14,41,36,9,0,13,1,16,11,0,3,29,31,0,25,10,8,17,1,6,12,2,4,0,6,5,12,16,3,1,0,9,18,22,6,13,0,0,22,17,3
2959,0,2,14,7,20,1,8,26,0,7,13,15,16,20,25,11,24,10,5,12,26,0,4,14,0,27,31,1,4,2,21,24,0,2,17,47,0,2,17,13,4,1,2,11,22,3,33,4,6,25,3,3,11,0,8,14,41,36,9,0,13,1,16,11,0,3,29,31,0,25,10,8,17,1,6,12,2,4,0,6,5,11,17,3,1,0,9,18,22,6,13,0,0,22,17,3
2960,0,2,14,7,20,1,8,26,0,7,13,15,16,20,25,11,24,10,5,12,26,0,4,14,0,27,31,1,4,2,21,24,0,2,17,47,0,2,17,13,4,1,2,11,22,3,32,4,6,25,3,3,11,0,8,14,41,36,9,0,13,1,17,11,0,3,29,31,0,25,10,8,17,1,6,13,2,4,0,6,5,11,17,3,1,0,9,18,22,6,13,0,0,22,17,3
2961,0,2,14,7,20,1,8,26,0,7,13,15,16,20,25,11,24,10,5,12,26,0,4,14,0,27,31,1,4,2,21,24,0,2,17,47,0,2,17,13,4,1,2,11,22,3,32,4,6,25,3,3,11,0,8,14,41,36,9,0,12,1,17,11,0,3,29,31,0,25,10,8,17,1,6,13,2,4,0,6,5,11,17,3,1,0,9,18,22,6,13,0,0,22,17,3
2962,0,2,14,7,20,1,8,26,1,7,13,16,16,20,25,11,24,10,5,12,26,0,4,14,0,27,30,1,4,2,21,24,0,2,17,47,0,2,17,13,4,1,2,11,22,3,32,4,6,25,3,3,11,0,8,14,41,36,9,0,12,1,17,11,0,3,29,31,0,25,10,8,17,1,6,13,2,4,0,5,5,11,17,3,1,0,9,18,22,6,13,0,0,21,17,3
2963,0,2,14,7,20,1,8,26,1,7,13,16,16,20,25,11,24,10,5,12,26,0,4,14,0,27,30,1,4,2,21,24,0,2,17,47,0,2,18,13,4,1,2,11,22,3,32,4,6,24,3,3,11,0,8,15,41,36,9,0,12,1,17,10,0,3,29,31,0,24,10,8,17,1,6,13,2,4,0,5,5,11,17,3,1,0,9,18,22,6,13,0,0,21,17,3
2964,0,2,14,7,20,1,8,26,1,7,13,16,16,20,25,12,24,11,5,12,26,0,4,14,0,27,30,1,4,2,21,24,0,2,17,47,0,2,18,15,4,1,2,11,22,3,32,4,6,24,3,3,11,0,8,15,41,36,9,0,12,1,17,10,0,3,29,31,0,23,10,8,17,1,6,14,2,4,0,5,5,11,17,3,1,0,9,18,22,6,13,0,0,21,17,3
2965,0,2,14,7,20,1,8,26,1,7,13,16,16,20,25,12,24,11,5,12,26,0,4,14,0,27,29,1,4,2,21,24,0,2,17,47,0,2,18,15,4,1,2,11,22,3,32,4,6,24,3,3,10,0,8,15,41,36,9,0,12,1,17,10,0,3,29,31,0,23,10,8,17,1,6,14,2,4,0,5,5,11,17,3,1,0,9,18,22,6,13,0,0,21,17,3
2966,0,2,14,7,19,1,8,26,1,7,13,16,16,19,25,12,24,11,5,12,26,0,4,14,0,27,29,1,4,2,21,24,0,2,17,47,0,2,18,15,4,1,2,12,22,3,32,4,6,24,3,3,10,0,7,15,41,36,9,0,12,1,17,10,0,3,29,31,0,23,10,8,17,1,6,14,2,4,0,5,5,11,17,3,1,0,10,18,22,6,13,0,0,21,17,3
2967,0,2,14,7,19,1,8,26,1,7,13,16,16,19,25,12,24,11,6,12,26,0,4,14,0,27,29,1,4,2,21,24,0,2,17,47,0,2,17,15,4,1,2,12,22,3,32,4,6,24,3,3,10,0,7,15,40,36,9,0,12,1,17,10,0,3,29,32,0,23,10,8,17,1,6,14,2,4,0,5,5,11,17,3,1,0,10,18,22,6,13,0,0,19,17,3
2968,0,2,14,7,19,1,8,26,1,7,14,16,16,19,25,13,24,11,6,12,25,0,4,14,0,27,29,2,4,2,21,24,0,2,17,47,0,2,17,15,4,1,2,12,22,3,32,4,6,24,3,3,10,0,7,15,40,36,9,0,12,1,17,10,0,3,29,32,0,23,10,9,17,1,6,14,2,4,0,5,5,11,17,3,1,0,11,18,22,6,13,0,0,19,17,3
2969,0,2,14,7,19,1,8,27,1,7,14,16,16,19,25,13,24,11,6,12,25,0,4,14,0,27,29,2,4,2,21,23,0,2,17,47,0,2,17,15,4,1,2,12,23,3,32,4,6,24,3,3,10,0,7,15,40,35,9,0,12,1,18,10,0,3,29,32,0,23,10,9,17,1,6,14,2,4,0,5,5,11,17,3,1,0,11,18,22,6,13,0,0,19,17,3
2970,0,2,14,7,19,1,8,26,1,7,14,16,16,19,25,13,24,11,6,12,25,0,4,14,0,27,29,2,4,2,21,23,0,2,17,46,0,2,17,15,4,1,2,12,23,3,32,3,6,25,3,3,10,0,7,15,40,36,9,0,12,1,18,10,0,3,29,32,0,23,10,9,17,1,6,14,2,4,0,5,5,11,17,3,1,0,11,18,22,6,13,0,0,19,18,3
2971,0,3,14,7,19,1,8,26,1,6,14,16,16,19,25,13,25,11,6,12,25,0,4,14,0,27,29,2,4,2,21,22,0,2,17,46,0,2,17,15,4,1,2,12,23,3,32,3,6,25,3,3,10,0,6,15,40,36,8,0,12,1,18,10,0,3,29,32,0,23,10,9,18,1,6,14,2,4,0,5,5,11,17,3,1,0,11,18,22,6,13,0,0,19,18,3
2972,0,3,14,7,19,1,8,26,1,6,14,16,16,19,25,13,25,11,6,12,25,0,4,14,0,27,29,2,4,2,21,22,0,2,17,46,0,2,17,15,4,1,2,12,23,3,32,3,6,25,3,3,10,0,6,15,40,36,8,0,12,1,18,11,0,3,29,32,0,23,10,9,18,1,6,14,2,4,0,5,4,11,17,3,1,0,11,18,22,6,13,0,0,19,18,3
2973,0,3,14,7,19,1,8,26,1,6,14,16,16,19,25,14,25,11,6,12,25,0,4,14,0,28,29,2,4,2,21,22,0,2,17,46,0,2,17,15,4,1,2,12,23,3,32,3,6,25,3,3,10,0,6,15,40,36,8,0,12,1,17,11,0,3,29,32,0,23,10,9,18,1,6,14,2,4,0,5,4,11,17,3,1,0,11,18,22,6,13,0,0,19,18,3
2974,0,3,14,7,19,1,8,26,1,6,14,15,16,19,25,14,25,11,6,12,24,0,4,14,0,28,29,2,3,2,21,22,0,2,17,46,0,2,17,14,4,1,2,12,23,3,31,3,6,25,3,3,10,0,6,15,40,36,8,0,12,1,18,11,0,3,29,32,0,23,10,9,18,1,6,12,2,4,0,5,4,11,17,3,1,0,11,18,22,6,13,0,0,19,18,3
2975,0,3,14,7,19,1,8,26,1,6,14,15,16,19,25,14,25,11,6,12,24,0,4,14,0,28,29,2,3,2,21,22,0,2,17,45,0,2,17,13,4,1,2,12,23,3,31,3,6,25,3,3,10,0,6,15,40,36,8,0,12,1,18,11,0,3,29,32,0,23,10,9,18,1,6,12,2,4,0,5,4,12,17,3,1,0,11,18,22,6,12,0,0,19,18,3
2976,0,3,13,6,19,1,8,26,1,6,14,15,16,19,25,14,25,11,6,12,24,0,4,14,0,28,29,2,3,2,21,22,0,2,17,45,0,2,18,13,4,1,2,12,23,3,31,3,6,25,3,3,10,0,6,15,40,35,8,0,12,1,18,12,0,3,29,32,0,23,10,9,18,1,6,12,2,4,0,5,4,12,17,3,1,0,11,18,22,6,12,0,0,19,18,3
2977,0,3,13,6,19,1,8,26,1,6,14,15,16,19,25,14,25,11,6,12,24,0,4,14,0,28,29,2,3,2,21,22,0,2,17,45,0,2,18,13,4,1,2,11,23,3,31,3,6,25,3,3,10,0,6,15,39,35,8,0,12,1,18,12,0,3,29,32,0,23,10,9,18,1,6,12,2,4,0,5,4,12,17,3,1,0,11,18,22,6,12,0,0,19,18,3
2978,0,3,13,6,19,1,8,26,1,6,14,15,16,19,24,14,25,11,6,12,25,0,4,14,0,28,29,2,3,2,21,22,0,2,17,45,0,2,19,13,4,1,2,11,23,3,31,3,6,25,3,3,10,0,6,15,39,35,8,0,12,1,18,12,0,3,29,32,0,23,11,9,19,1,6,12,2,4,0,5,4,12,17,3,1,0,11,18,22,6,12,0,0,19,18,3
2979,0,3,13,6,19,1,8,26,1,7,15,15,16,20,24,14,25,11,6,12,25,0,4,14,0,27,29,2,3,2,21,22,0,2,17,45,0,2,19,13,4,1,2,11,23,3,31,3,6,25,3,3,10,0,6,15,39,35,8,0,12,1,18,12,0,3,29,31,0,23,11,9,19,1,6,13,2,4,0,5,4,12,17,3,1,0,11,18,22,6,12,0,0,19,18,3
2980,0,2,12,6,19,1,8,26,1,6,15,15,16,20,24,14,25,11,6,12,25,0,4,14,0,27,29,2,3,2,22,22,0,2,16,45,0,2,19,13,4,1,2,11,23,3,32,3,6,25,3,3,10,0,6,15,38,35,8,0,12,1,18,12,0,3,29,30,0,23,11,9,19,1,6,13,2,4,0,5,4,12,17,3,1,0,11,18,22,6,12,0,0,18,18,3
2981,0,2,12,6,19,1,8,26,1,6,15,15,16,20,24,14,25,11,6,12,25,0,4,14,0,27,29,2,3,2,22,22,0,2,16,45,0,2,19,13,4,1,2,11,23,3,32,3,6,25,3,3,10,0,6,15,38,34,8,0,12,1,18,12,0,3,30,30,0,23,11,9,19,1,6,13,2,4,0,5,4,12,17,3,1,0,11,18,23,6,12,0,0,17,18,3
2982,0,2,13,6,19,1,8,25,1,6,15,15,16,20,24,14,25,11,6,12,25,0,4,14,0,28,29,2,3,2,22,22,0,2,16,45,0,2,19,13,4,1,2,11,23,3,31,3,6,25,4,3,10,0,6,15,38,34,8,0,12,1,18,12,0,3,30,30,0,23,11,9,19,1,6,13,2,4,0,5,4,12,17,3,1,0,11,18,23,6,12,0,0,17,18,3
2983,0,2,13,6,19,1,8,25,1,6,15,15,16,20,24,14,25,11,6,12,24,0,4,14,0,28,29,2,3,2,22,23,0,2,15,45,0,2,19,13,4,1,2,11,23,3,31,3,6,25,4,3,10,0,6,15,38,34,8,0,12,1,18,12,0,3,30,30,0,23,11,9,19,1,6,13,2,4,0,5,4,12,17,3,1,0,11,18,23,6,12,0,0,17,18,3
2984,0,2,13,6,19,1,8,25,1,6,15,15,16,20,24,14,25,11,6,12,24,0,4,14,0,28,27,2,3,2,22,23,0,2,15,46,0,2,18,13,4,1,2,11,23,3,30,3,6,25,4,3,10,0,6,15,38,34,8,0,12,1,18,12,0,4,31,30,0,23,11,9,20,1,6,13,2,4,0,5,3,12,17,3,1,0,11,18,23,6,12,0,0,17,18,3
2985,0,2,13,6,19,1,8,24,1,6,15,15,16,20,24,14,25,11,6,12,23,0,4,14,0,28,27,2,3,2,22,23,0,2,15,46,0,2,18,13,4,1,2,11,23,3,30,3,6,25,4,3,10,0,6,15,38,33,8,0,12,1,18,12,0,4,31,30,0,23,11,9,20,1,5,12,2,4,0,5,3,12,17,3,1,0,11,18,23,6,11,0,0,17,18,3
2986,0,2,12,6,19,1,8,24,1,6,15,15,16,20,24,14,25,11,6,12,23,0,4,14,0,28,27,2,3,2,23,23,0,2,15,46,0,2,18,13,4,1,2,11,22,3,30,3,6,26,4,3,10,0,6,15,37,33,8,0,12,1,18,12,0,4,31,29,0,23,11,9,20,1,5,12,2,4,0,5,3,12,17,2,1,0,11,18,23,6,11,0,0,17,18,3
2987,0,2,12,6,19,1,8,24,1,6,15,15,17,20,24,14,24,11,6,12,23,0,4,14,0,28,27,2,3,2,23,23,0,2,15,46,0,2,18,14,4,1,2,11,22,3,30,3,6,26,4,3,10,0,6,15,37,33,8,0,12,1,19,12,0,4,32,29,0,23,11,9,19,1,4,12,2,4,0,5,3,12,17,2,1,0,11,18,23,6,11,0,0,17,18,3
2988,0,2,12,6,19,1,8,24,1,6,15,15,17,20,24,14,24,11,6,12,23,0,4,14,0,28,27,2,3,2,23,23,0,2,14,46,0,2,18,14,4,1,2,11,22,3,30,3,6,26,4,3,10,0,6,15,37,33,8,0,12,1,19,12,0,4,32,29,0,23,11,9,19,1,4,12,2,4,0,5,3,12,17,2,1,0,11,18,23,6,11,0,0,17,18,3
2989,0,2,12,6,19,1,8,24,2,6,15,15,16,20,24,14,24,11,6,12,23,0,3,14,0,28,27,2,3,2,23,23,0,2,14,46,0,2,18,14,4,1,2,11,22,3,30,3,6,26,4,3,10,0,6,15,37,32,8,0,12,1,19,12,0,4,32,29,0,23,11,9,19,1,4,12,2,4,0,5,3,12,17,2,1,0,11,18,23,6,11,0,0,17,18,3
2990,0,2,12,5,19,1,8,24,2,6,15,15,16,20,24,14,24,11,6,12,23,0,3,13,0,28,27,2,3,3,23,23,0,2,14,46,0,2,18,15,4,1,2,11,22,3,30,3,6,26,4,3,10,0,6,15,37,32,8,0,12,1,18,12,0,4,32,29,0,22,11,9,19,1,4,12,2,4,0,5,3,12,17,2,1,0,11,18,23,6,11,0,0,17,18,3
2991,0,2,13,5,19,1,8,24,2,6,15,15,17,20,24,14,24,11,6,11,23,0,3,13,0,28,26,2,3,3,23,23,0,2,14,45,0,2,18,15,4,1,2,11,22,3,30,3,6,26,4,3,10,0,5,15,37,32,8,1,12,1,18,12,0,4,32,29,0,22,11,9,20,1,4,12,2,5,0,5,3,12,17,2,0,0,11,18,23,6,11,0,0,16,18,3
2992,0,2,12,5,19,1,8,24,2,6,15,15,16,20,24,14,24,11,6,11,23,0,3,13,0,28,25,2,3,3,24,23,0,2,14,45,0,2,18,15,4,1,2,11,22,3,30,3,6,26,4,3,10,0,5,15,37,32,8,1,12,1,18,12,0,4,32,29,0,22,11,9,20,1,4,12,2,5,0,7,3,12,17,2,0,0,11,18,23,6,11,0,0,16,18,3
2993,0,2,12,5,19,1,8,24,2,6,15,15,16,20,23,14,24,11,6,10,23,0,3,13,0,28,25,2,3,3,24,23,0,2,14,44,0,2,19,15,4,1,2,11,22,3,31,3,6,26,4,4,10,0,5,15,37,32,8,1,12,1,18,12,0,4,32,29,0,22,11,9,20,1,4,12,2,5,0,7,3,13,17,2,0,0,11,18,23,6,11,1,0,16,18,3
2994,0,2,12,5,19,1,8,24,2,6,15,15,16,20,24,14,24,11,6,10,23,0,3,13,0,28,25,2,3,3,24,24,0,2,14,44,0,2,19,15,4,1,2,11,22,3,31,3,6,26,4,4,10,0,5,15,35,32,8,1,13,1,18,12,0,4,32,30,0,22,11,9,20,1,4,12,2,5,0,7,3,13,17,3,0,0,11,18,23,6,11,1,0,16,17,3
2995,0,2,12,5,19,1,8,24,2,6,15,15,16,20,24,14,24,11,6,10,23,0,3,13,0,28,25,2,3,3,24,24,0,2,14,44,0,2,19,16,4,1,2,11,22,3,31,3,6,26,4,4,10,0,5,15,35,32,8,1,13,1,19,12,0,4,32,30,0,22,10,9,21,1,4,12,2,5,0,7,3,13,17,3,0,0,11,18,23,6,11,1,0,16,17,3
2996,0,2,12,5,19,1,8,24,2,6,15,15,16,20,24,14,24,11,6,10,23,0,3,13,0,28,25,2,3,3,24,23,0,2,14,44,0,2,19,16,4,1,2,11,22,3,31,3,6,26,4,4,10,0,5,15,35,32,8,1,13,1,19,12,0,4,32,30,0,22,10,9,21,1,5,12,2,5,0,7,3,13,17,3,0,0,12,18,23,6,11,1,0,16,17,3
2997,0,2,12,5,19,1,8,24,2,6,15,15,16,20,24,14,24,11,6,10,21,0,3,13,0,28,25,2,3,3,23,23,0,2,14,44,0,2,19,16,4,1,2,11,22,3,31,3,6,25,4,4,10,0,5,15,35,32,8,1,13,1,19,12,0,4,32,30,0,22,10,9,21,1,5,13,2,5,0,7,3,13,18,3,0,0,12,18,23,6,11,1,0,16,17,3
2998,0,2,12,5,19,1,8,24,2,6,15,15,16,21,24,14,24,11,7,10,21,0,3,13,0,28,25,2,3,3,23,22,0,2,14,44,0,2,19,16,4,1,2,11,22,3,31,3,6,25,4,4,10,0,5,15,36,32,8,1,13,1,19,12,0,4,32,30,0,23,10,9,21,1,5,13,2,5,0,7,2,13,18,3,0,0,12,18,23,6,11,1,0,16,17,3
2999,0,2,12,5,18,1,8,24,2,6,15,15,16,21,24,14,24,10,7,10,21,0,3,13,0,28,25,2,3,3,23,22,0,2,14,44,0,2,19,15,4,1,2,11,21,3,31,3,6,25,4,4,10,0,5,16,36,32,8,1,13,1,19,12,0,4,32,30,0,23,10,9,21,1,5,13,2,5,0,7,2,13,17,3,0,0,12,18,23,6,11,1,0,16,17,3
3000,0,2,12,5,18,1,8,24,2,6,15,15,16,20,24,14,24,10,7,10,21,0,3,13,0,28,25,2,3,3,23,21,0,2,14,44,0,2,19,15,4,1,2,10,21,3,31,3,6,25,3,4,10,0,5,16,34,32,8,1,13,1,19,12,0,4,32,30,0,23,10,9,21,1,5,13,2,5,0,7,2,13,17,3,0,0,12,18,23,6,12,1,0,16,17,3
3001,0,2,12,5,18,1,8,24,2,6,15,14,16,20,24,14,24,10,7,10,21,0,3,13,0,27,25,2,3,2,23,21,0,2,14,43,0,2,19,15,4,1,2,10,21,3,31,3,6,25,3,4,11,0,5,16,34,32,8,1,13,1,19,12,0,4,32,30,0,23,10,9,21,1,5,13,2,5,0,7,2,13,17,3,0,0,12,18,23,6,12,1,0,16,18,3
3002,0,2,12,5,18,1,8,24,2,6,15,14,16,20,24,14,24,10,7,10,21,0,3,13,0,27,25,2,3,2,23,21,0,2,14,43,0,2,19,15,4,1,2,10,21,3,31,3,6,25,3,4,11,0,5,16,34,32,8,1,13,1,19,13,0,4,32,30,0,23,10,9,21,1,5,13,2,5,0,7,2,13,17,3,0,0,12,18,23,6,12,1,0,16,18,3
3003,0,2,12,5,18,1,8,24,2,6,15,14,16,20,24,14,24,10,7,10,21,0,3,13,0,27,25,2,3,2,23,21,0,2,13,43,0,2,19,16,4,1,2,10,21,3,31,3,6,25,3,4,11,0,5,16,34,31,8,1,13,1,19,13,0,4,31,30,0,23,10,9,21,1,5,13,2,5,0,7,2,13,17,3,0,0,12,18,23,6,12,1,0,16,18,3
3004,0,2,12,5,18,1,8,24,2,6,15,13,17,20,24,14,24,10,7,10,21,0,3,13,0,27,25,2,3,2,23,21,0,2,13,43,0,2,19,16,4,1,2,10,21,4,31,3,6,25,3,4,11,0,5,16,34,31,8,1,13,1,19,14,0,4,31,30,0,23,10,9,21,1,5,13,2,5,0,7,2,13,17,3,0,0,12,18,23,6,11,1,0,16,18,3
3005,0,2,12,5,17,1,8,24,2,6,15,13,17,20,24,14,24,10,7,10,21,0,3,13,0,27,25,2,3,2,23,21,0,2,13,43,0,2,19,16,4,1,2,10,21,4,31,3,6,25,3,4,11,0,5,16,34,31,8,1,13,1,18,14,0,4,31,30,0,23,10,9,20,1,5,13,2,5,0,7,2,13,17,3,0,0,12,18,23,6,11,1,0,16,18,3
3006,0,2,12,5,17,1,8,24,2,6,15,13,17,20,24,14,24,10,7,10,21,0,3,13,0,27,25,2,3,2,23,21,0,2,13,42,0,2,19,16,4,1,2,10,21,4,31,3,6,25,3,4,11,0,5,16,33,31,8,1,13,1,18,14,0,4,31,30,0,23,10,9,20,1,5,13,2,5,0,7,2,13,17,3,0,0,13,18,23,6,11,1,0,16,18,3
3007,0,2,12,5,17,1,8,24,2,6,15,13,17,20,24,14,24,10,7,11,21,0,3,13,0,27,25,2,3,2,23,21,0,2,14,42,0,2,19,16,4,1,2,10,22,4,31,3,6,25,3,4,11,0,5,16,33,31,8,1,13,1,18,14,0,4,31,30,0,23,10,9,20,1,5,13,2,5,0,7,2,13,17,3,0,0,13,19,23,6,11,1,0,16,18,3
3008,0,2,12,5,17,1,8,24,2,6,15,13,17,21,24,14,25,10,7,11,21,0,3,13,0,27,25,2,3,2,23,21,0,2,14,42,0,2,19,16,4,1,2,10,22,4,31,3,6,24,3,4,11,0,5,16,33,31,8,1,13,1,18,14,0,4,31,30,0,23,10,9,20,1,5,14,2,5,0,7,2,13,17,3,0,0,13,19,23,6,11,1,0,16,18,3
3009,0,2,12,5,17,1,8,25,2,6,15,13,17,21,24,14,23,10,7,11,21,0,3,14,0,27,25,2,3,2,22,21,0,2,14,42,0,2,19,16,4,1,2,10,22,4,31,3,6,24,3,4,11,0,5,16,33,31,8,1,13,1,18,14,0,4,32,30,0,23,10,9,20,1,5,14,2,5,0,7,2,13,17,3,0,0,13,19,23,6,11,1,0,16,18,3
3010,0,2,11,5,17,1,8,25,2,6,15,13,17,21,24,14,23,10,7,11,21,0,3,14,0,27,25,2,3,2,22,21,0,2,14,42,0,2,19,16,4,1,3,10,22,4,31,3,6,24,3,4,11,0,5,16,33,30,8,1,13,1,18,14,0,4,32,30,0,23,10,9,20,1,5,14,2,5,0,7,2,13,17,3,0,0,13,19,23,6,11,1,0,16,18,3
3011,0,2,11,5,17,1,8,25,2,6,15,13,17,21,25,13,23,10,7,11,21,0,3,14,0,27,25,2,3,2,22,21,0,2,14,42,0,2,19,16,4,1,3,10,22,4,31,3,6,24,3,4,11,0,5,16,33,30,8,1,13,1,18,14,0,4,31,30,0,23,10,9,20,1,5,14,2,5,0,7,2,13,17,3,0,0,13,19,23,6,11,1,0,16,18,3
3012,0,2,11,5,17,1,8,24,2,6,15,13,17,21,25,14,23,10,7,11,21,0,3,14,0,27,25,2,3,2,22,21,0,2,14,42,0,2,19,16,4,1,3,10,22,4,31,3,6,24,3,4,10,0,5,16,33,30,8,1,13,1,18,14,0,4,31,31,0,23,10,9,20,1,5,15,2,5,0,7,2,13,16,3,0,0,13,19,23,6,11,1,0,16,18,3
3013,0,2,11,5,17,1,9,23,2,6,15,13,17,21,25,14,23,10,7,11,21,0,3,14,0,27,25,2,3,2,22,21,0,2,14,42,0,2,19,16,4,1,3,10,24,4,31,3,6,24,3,4,10,0,5,16,33,30,8,1,13,1,18,14,0,4,31,31,0,23,11,8,20,1,5,15,2,5,0,7,2,13,16,3,0,0,13,19,23,6,11,1,0,16,17,3
3014,0,2,11,5,17,1,9,23,2,6,15,13,17,21,25,14,22,10,7,11,21,0,3,14,0,27,25,2,3,2,22,21,0,2,14,42,0,2,19,16,4,1,3,10,24,4,31,3,6,24,3,4,10,0,5,16,33,30,8,1,13,1,18,14,0,4,31,31,0,23,11,8,20,1,4,16,2,5,0,7,2,13,16,4,0,0,13,19,23,6,11,1,0,16,17,3
3015,0,2,11,5,17,1,9,23,2,6,15,13,17,21,25,14,22,10,7,11,21,0,3,14,0,27,25,2,3,2,22,21,0,2,14,42,0,2,19,16,4,1,3,10,24,4,32,3,6,24,3,4,10,0,5,16,33,29,8,1,14,1,18,14,0,4,31,30,0,23,11,8,21,1,4,16,2,5,0,7,2,13,16,4,0,0,13,19,23,6,11,1,0,17,17,3
3016,0,2,11,5,17,1,9,23,2,6,15,13,17,21,25,14,22,9,7,11,21,0,3,15,0,27,25,2,3,2,21,21,0,2,14,42,0,2,19,16,4,1,3,10,24,4,32,3,6,24,3,4,10,0,5,16,33,29,8,1,14,1,18,14,1,5,31,30,0,23,11,8,21,1,4,16,2,5,0,7,2,12,16,4,0,0,13,19,23,6,11,1,0,17,17,3
3017,0,2,12,5,17,1,9,23,2,6,15,13,17,21,25,14,22,9,7,12,21,0,3,15,0,27,25,2,3,2,21,21,0,2,14,42,0,2,19,15,4,1,3,10,24,4,32,3,6,24,3,4,10,0,5,17,33,29,8,1,14,1,18,14,1,5,31,29,0,23,11,8,21,1,4,16,2,5,0,7,2,12,16,4,0,0,12,19,23,6,11,1,0,17,17,3
3018,0,2,12,6,17,1,9,23,2,6,15,13,17,21,25,14,22,9,7,13,21,0,3,16,0,27,25,2,3,2,21,22,0,2,14,41,0,2,19,15,4,1,3,10,24,4,32,3,6,24,3,4,10,0,5,17,33,29,8,1,14,1,18,14,1,5,30,29,0,23,11,8,21,1,4,16,2,5,0,7,2,12,16,4,0,0,12,19,23,6,11,1,0,17,17,3
3019,0,2,12,6,17,1,9,23,2,6,15,13,17,21,25,14,21,9,7,13,21,0,3,16,0,27,25,2,3,2,21,22,0,2,14,40,0,2,19,15,4,1,3,10,24,4,32,3,6,24,3,4,10,0,5,17,33,30,7,1,14,1,18,14,1,5,30,29,0,23,11,8,21,1,4,16,2,5,0,7,2,12,16,4,0,0,12,19,23,6,11,1,0,17,16,3
3020,0,2,12,6,17,1,9,23,2,6,15,13,17,21,25,14,21,9,7,13,22,0,3,16,0,27,25,2,3,2,21,22,0,2,14,40,0,2,19,15,4,1,3,10,24,4,32,3,6,24,2,4,10,0,5,17,33,30,7,1,14,1,18,14,1,5,30,29,0,23,11,8,21,1,4,16,2,5,0,7,2,12,16,4,0,0,12,19,23,6,11,1,0,17,16,3
3021,0,2,12,6,17,1,9,23,2,6,15,14,17,21,25,14,21,9,7,13,22,0,3,16,0,27,25,2,3,2,22,23,0,2,14,40,0,2,19,15,4,1,3,10,24,4,32,3,6,24,2,4,10,0,5,17,32,30,7,1,14,1,18,14,1,5,30,29,0,23,11,8,21,1,4,16,2,6,0,7,2,12,16,4,0,0,12,19,23,6,11,1,0,17,16,3
3022,0,2,12,6,17,1,9,22,2,6,15,14,17,21,25,14,21,9,7,13,22,0,3,16,0,27,25,2,3,2,21,23,0,2,14,39,0,2,19,15,4,1,3,10,24,4,32,3,6,23,2,4,10,0,5,17,32,30,7,1,14,1,18,14,1,5,30,29,0,23,11,8,21,1,4,16,2,6,0,7,2,12,16,4,0,0,12,19,22,6,11,1,0,18,16,3
3023,0,2,12,6,17,1,9,22,2,6,15,14,18,21,25,14,21,9,7,13,22,0,3,16,0,27,25,2,3,2,21,23,0,2,14,39,0,2,19,15,4,1,4,10,24,4,32,3,6,23,2,4,10,0,5,17,32,30,7,1,15,1,18,14,1,5,30,29,0,23,11,8,21,1,4,16,2,6,0,7,2,13,16,4,0,0,12,18,22,6,11,1,0,18,16,3
3024,0,2,12,6,17,1,9,22,2,6,15,14,18,21,25,14,21,9,7,13,22,0,3,16,0,27,25,2,3,2,21,23,0,2,14,39,0,2,19,15,4,1,4,10,24,4,32,3,6,23,2,4,10,0,5,17,32,30,7,1,15,1,18,14,1,5,30,29,0,23,11,8,21,1,4,16,2,6,0,7,2,13,16,4,0,0,12,18,22,6,11,1,0,18,16,3
